trial_id,model_name,params,avg_f1,std_f1,avg_kappa,std_kappa,avg_accuracy,std_accuracy,f1_overall,kappa_overall,accuracy_overall,balanced_accuracy,roc_auc_overall,weighted_roc,roc_avg,confusion_matrix,y_pred,y_actual
980,AdaBoost,"{'algorithm': 'SAMME', 'learning_rate': 0.3448979591836735, 'n_estimators': 96}",0.5799439067812977,0.09962631542915236,0.19226918276154673,0.18686157871762465,0.5961345913807734,0.09343078935881233,0.5762607441337536,0.1718266253869969,0.5859133126934984,0.5859133126934984,"{0: 0.5947830900324933, 1: 0.5947830900324933}","{0: 0.5947830900324933, 1: 0.5947830900324933}",0.5947830900324933,"[[476 170]
 [365 281]]",[0. 0. 1. ... 0. 0. 0.],[1. 1. 1. ... 0. 1. 0.]
982,AdaBoost,"{'algorithm': 'SAMME', 'learning_rate': 0.3448979591836735, 'n_estimators': 96}",0.5799439067812977,0.09962631542915236,0.19226918276154673,0.18686157871762465,0.5961345913807734,0.09343078935881233,0.5762607441337536,0.1718266253869969,0.5859133126934984,0.5859133126934984,"{0: 0.5947830900324933, 1: 0.5947830900324933}","{0: 0.5947830900324933, 1: 0.5947830900324933}",0.5947830900324933,"[[476 170]
 [365 281]]",[0. 0. 1. ... 0. 0. 0.],[1. 1. 1. ... 0. 1. 0.]
976,AdaBoost,"{'algorithm': 'SAMME', 'learning_rate': 0.3448979591836735, 'n_estimators': 96}",0.5799439067812977,0.09962631542915236,0.19226918276154673,0.18686157871762465,0.5961345913807734,0.09343078935881233,0.5762607441337536,0.1718266253869969,0.5859133126934984,0.5859133126934984,"{0: 0.5947830900324933, 1: 0.5947830900324933}","{0: 0.5947830900324933, 1: 0.5947830900324933}",0.5947830900324933,"[[476 170]
 [365 281]]",[0. 0. 1. ... 0. 0. 0.],[1. 1. 1. ... 0. 1. 0.]
973,AdaBoost,"{'algorithm': 'SAMME', 'learning_rate': 0.3448979591836735, 'n_estimators': 96}",0.5799439067812977,0.09962631542915236,0.19226918276154673,0.18686157871762465,0.5961345913807734,0.09343078935881233,0.5762607441337536,0.1718266253869969,0.5859133126934984,0.5859133126934984,"{0: 0.5947830900324933, 1: 0.5947830900324933}","{0: 0.5947830900324933, 1: 0.5947830900324933}",0.5947830900324933,"[[476 170]
 [365 281]]",[0. 0. 1. ... 0. 0. 0.],[1. 1. 1. ... 0. 1. 0.]
972,AdaBoost,"{'algorithm': 'SAMME', 'learning_rate': 0.3448979591836735, 'n_estimators': 96}",0.5799439067812977,0.09962631542915236,0.19226918276154673,0.18686157871762465,0.5961345913807734,0.09343078935881233,0.5762607441337536,0.1718266253869969,0.5859133126934984,0.5859133126934984,"{0: 0.5947830900324933, 1: 0.5947830900324933}","{0: 0.5947830900324933, 1: 0.5947830900324933}",0.5947830900324933,"[[476 170]
 [365 281]]",[0. 0. 1. ... 0. 0. 0.],[1. 1. 1. ... 0. 1. 0.]
977,AdaBoost,"{'algorithm': 'SAMME', 'learning_rate': 0.3448979591836735, 'n_estimators': 96}",0.5799439067812977,0.09962631542915236,0.19226918276154673,0.18686157871762465,0.5961345913807734,0.09343078935881233,0.5762607441337536,0.1718266253869969,0.5859133126934984,0.5859133126934984,"{0: 0.5947830900324933, 1: 0.5947830900324933}","{0: 0.5947830900324933, 1: 0.5947830900324933}",0.5947830900324933,"[[476 170]
 [365 281]]",[0. 0. 1. ... 0. 0. 0.],[1. 1. 1. ... 0. 1. 0.]
978,AdaBoost,"{'algorithm': 'SAMME', 'learning_rate': 0.3448979591836735, 'n_estimators': 96}",0.5799439067812977,0.09962631542915236,0.19226918276154673,0.18686157871762465,0.5961345913807734,0.09343078935881233,0.5762607441337536,0.1718266253869969,0.5859133126934984,0.5859133126934984,"{0: 0.5947830900324933, 1: 0.5947830900324933}","{0: 0.5947830900324933, 1: 0.5947830900324933}",0.5947830900324933,"[[476 170]
 [365 281]]",[0. 0. 1. ... 0. 0. 0.],[1. 1. 1. ... 0. 1. 0.]
979,AdaBoost,"{'algorithm': 'SAMME', 'learning_rate': 0.3448979591836735, 'n_estimators': 96}",0.5799439067812977,0.09962631542915236,0.19226918276154673,0.18686157871762465,0.5961345913807734,0.09343078935881233,0.5762607441337536,0.1718266253869969,0.5859133126934984,0.5859133126934984,"{0: 0.5947830900324933, 1: 0.5947830900324933}","{0: 0.5947830900324933, 1: 0.5947830900324933}",0.5947830900324933,"[[476 170]
 [365 281]]",[0. 0. 1. ... 0. 0. 0.],[1. 1. 1. ... 0. 1. 0.]
971,AdaBoost,"{'algorithm': 'SAMME', 'learning_rate': 0.3448979591836735, 'n_estimators': 96}",0.5799439067812977,0.09962631542915236,0.19226918276154673,0.18686157871762465,0.5961345913807734,0.09343078935881233,0.5762607441337536,0.1718266253869969,0.5859133126934984,0.5859133126934984,"{0: 0.5947830900324933, 1: 0.5947830900324933}","{0: 0.5947830900324933, 1: 0.5947830900324933}",0.5947830900324933,"[[476 170]
 [365 281]]",[0. 0. 1. ... 0. 0. 0.],[1. 1. 1. ... 0. 1. 0.]
974,AdaBoost,"{'algorithm': 'SAMME', 'learning_rate': 0.3448979591836735, 'n_estimators': 96}",0.5799439067812977,0.09962631542915236,0.19226918276154673,0.18686157871762465,0.5961345913807734,0.09343078935881233,0.5762607441337536,0.1718266253869969,0.5859133126934984,0.5859133126934984,"{0: 0.5947830900324933, 1: 0.5947830900324933}","{0: 0.5947830900324933, 1: 0.5947830900324933}",0.5947830900324933,"[[476 170]
 [365 281]]",[0. 0. 1. ... 0. 0. 0.],[1. 1. 1. ... 0. 1. 0.]
981,AdaBoost,"{'algorithm': 'SAMME', 'learning_rate': 0.3448979591836735, 'n_estimators': 96}",0.5799439067812977,0.09962631542915236,0.19226918276154673,0.18686157871762465,0.5961345913807734,0.09343078935881233,0.5762607441337536,0.1718266253869969,0.5859133126934984,0.5859133126934984,"{0: 0.5947830900324933, 1: 0.5947830900324933}","{0: 0.5947830900324933, 1: 0.5947830900324933}",0.5947830900324933,"[[476 170]
 [365 281]]",[0. 0. 1. ... 0. 0. 0.],[1. 1. 1. ... 0. 1. 0.]
975,AdaBoost,"{'algorithm': 'SAMME', 'learning_rate': 0.3448979591836735, 'n_estimators': 96}",0.5799439067812977,0.09962631542915236,0.19226918276154673,0.18686157871762465,0.5961345913807734,0.09343078935881233,0.5762607441337536,0.1718266253869969,0.5859133126934984,0.5859133126934984,"{0: 0.5947830900324933, 1: 0.5947830900324933}","{0: 0.5947830900324933, 1: 0.5947830900324933}",0.5947830900324933,"[[476 170]
 [365 281]]",[0. 0. 1. ... 0. 0. 0.],[1. 1. 1. ... 0. 1. 0.]
984,AdaBoost,"{'algorithm': 'SAMME', 'learning_rate': 0.3448979591836735, 'n_estimators': 96}",0.5799439067812977,0.09962631542915236,0.19226918276154673,0.18686157871762465,0.5961345913807734,0.09343078935881233,0.5762607441337536,0.1718266253869969,0.5859133126934984,0.5859133126934984,"{0: 0.5947830900324933, 1: 0.5947830900324933}","{0: 0.5947830900324933, 1: 0.5947830900324933}",0.5947830900324933,"[[476 170]
 [365 281]]",[0. 0. 1. ... 0. 0. 0.],[1. 1. 1. ... 0. 1. 0.]
970,AdaBoost,"{'algorithm': 'SAMME', 'learning_rate': 0.3448979591836735, 'n_estimators': 96}",0.5799439067812977,0.09962631542915236,0.19226918276154673,0.18686157871762465,0.5961345913807734,0.09343078935881233,0.5762607441337536,0.1718266253869969,0.5859133126934984,0.5859133126934984,"{0: 0.5947830900324933, 1: 0.5947830900324933}","{0: 0.5947830900324933, 1: 0.5947830900324933}",0.5947830900324933,"[[476 170]
 [365 281]]",[0. 0. 1. ... 0. 0. 0.],[1. 1. 1. ... 0. 1. 0.]
985,AdaBoost,"{'algorithm': 'SAMME', 'learning_rate': 0.3448979591836735, 'n_estimators': 96}",0.5799439067812977,0.09962631542915236,0.19226918276154673,0.18686157871762465,0.5961345913807734,0.09343078935881233,0.5762607441337536,0.1718266253869969,0.5859133126934984,0.5859133126934984,"{0: 0.5947830900324933, 1: 0.5947830900324933}","{0: 0.5947830900324933, 1: 0.5947830900324933}",0.5947830900324933,"[[476 170]
 [365 281]]",[0. 0. 1. ... 0. 0. 0.],[1. 1. 1. ... 0. 1. 0.]
986,AdaBoost,"{'algorithm': 'SAMME', 'learning_rate': 0.3448979591836735, 'n_estimators': 96}",0.5799439067812977,0.09962631542915236,0.19226918276154673,0.18686157871762465,0.5961345913807734,0.09343078935881233,0.5762607441337536,0.1718266253869969,0.5859133126934984,0.5859133126934984,"{0: 0.5947830900324933, 1: 0.5947830900324933}","{0: 0.5947830900324933, 1: 0.5947830900324933}",0.5947830900324933,"[[476 170]
 [365 281]]",[0. 0. 1. ... 0. 0. 0.],[1. 1. 1. ... 0. 1. 0.]
987,AdaBoost,"{'algorithm': 'SAMME', 'learning_rate': 0.3448979591836735, 'n_estimators': 96}",0.5799439067812977,0.09962631542915236,0.19226918276154673,0.18686157871762465,0.5961345913807734,0.09343078935881233,0.5762607441337536,0.1718266253869969,0.5859133126934984,0.5859133126934984,"{0: 0.5947830900324933, 1: 0.5947830900324933}","{0: 0.5947830900324933, 1: 0.5947830900324933}",0.5947830900324933,"[[476 170]
 [365 281]]",[0. 0. 1. ... 0. 0. 0.],[1. 1. 1. ... 0. 1. 0.]
967,AdaBoost,"{'algorithm': 'SAMME', 'learning_rate': 0.3448979591836735, 'n_estimators': 96}",0.5799439067812977,0.09962631542915236,0.19226918276154673,0.18686157871762465,0.5961345913807734,0.09343078935881233,0.5762607441337536,0.1718266253869969,0.5859133126934984,0.5859133126934984,"{0: 0.5947830900324933, 1: 0.5947830900324933}","{0: 0.5947830900324933, 1: 0.5947830900324933}",0.5947830900324933,"[[476 170]
 [365 281]]",[0. 0. 1. ... 0. 0. 0.],[1. 1. 1. ... 0. 1. 0.]
989,AdaBoost,"{'algorithm': 'SAMME', 'learning_rate': 0.3448979591836735, 'n_estimators': 96}",0.5799439067812977,0.09962631542915236,0.19226918276154673,0.18686157871762465,0.5961345913807734,0.09343078935881233,0.5762607441337536,0.1718266253869969,0.5859133126934984,0.5859133126934984,"{0: 0.5947830900324933, 1: 0.5947830900324933}","{0: 0.5947830900324933, 1: 0.5947830900324933}",0.5947830900324933,"[[476 170]
 [365 281]]",[0. 0. 1. ... 0. 0. 0.],[1. 1. 1. ... 0. 1. 0.]
983,AdaBoost,"{'algorithm': 'SAMME', 'learning_rate': 0.3448979591836735, 'n_estimators': 96}",0.5799439067812977,0.09962631542915236,0.19226918276154673,0.18686157871762465,0.5961345913807734,0.09343078935881233,0.5762607441337536,0.1718266253869969,0.5859133126934984,0.5859133126934984,"{0: 0.5947830900324933, 1: 0.5947830900324933}","{0: 0.5947830900324933, 1: 0.5947830900324933}",0.5947830900324933,"[[476 170]
 [365 281]]",[0. 0. 1. ... 0. 0. 0.],[1. 1. 1. ... 0. 1. 0.]
997,AdaBoost,"{'algorithm': 'SAMME', 'learning_rate': 0.3448979591836735, 'n_estimators': 96}",0.5799439067812977,0.09962631542915236,0.19226918276154673,0.18686157871762465,0.5961345913807734,0.09343078935881233,0.5762607441337536,0.1718266253869969,0.5859133126934984,0.5859133126934984,"{0: 0.5947830900324933, 1: 0.5947830900324933}","{0: 0.5947830900324933, 1: 0.5947830900324933}",0.5947830900324933,"[[476 170]
 [365 281]]",[0. 0. 1. ... 0. 0. 0.],[1. 1. 1. ... 0. 1. 0.]
961,AdaBoost,"{'algorithm': 'SAMME', 'learning_rate': 0.26326530612244897, 'n_estimators': 96}",0.5790183600971406,0.09728767157820288,0.19110994135233506,0.18350853883519602,0.5955549706761676,0.09175426941759801,0.575161650491393,0.1702786377708978,0.5851393188854489,0.5851393188854489,"{0: 0.5927103202369428, 1: 0.5927103202369427}","{0: 0.5927103202369428, 1: 0.5927103202369427}",0.5927103202369427,"[[477 169]
 [367 279]]",[0. 0. 1. ... 0. 0. 0.],[1. 1. 1. ... 0. 1. 0.]
945,AdaBoost,"{'algorithm': 'SAMME', 'learning_rate': 0.26326530612244897, 'n_estimators': 96}",0.5790183600971406,0.09728767157820288,0.19110994135233506,0.18350853883519602,0.5955549706761676,0.09175426941759801,0.575161650491393,0.1702786377708978,0.5851393188854489,0.5851393188854489,"{0: 0.5927103202369428, 1: 0.5927103202369427}","{0: 0.5927103202369428, 1: 0.5927103202369427}",0.5927103202369427,"[[477 169]
 [367 279]]",[0. 0. 1. ... 0. 0. 0.],[1. 1. 1. ... 0. 1. 0.]
958,AdaBoost,"{'algorithm': 'SAMME', 'learning_rate': 0.26326530612244897, 'n_estimators': 96}",0.5790183600971406,0.09728767157820288,0.19110994135233506,0.18350853883519602,0.5955549706761676,0.09175426941759801,0.575161650491393,0.1702786377708978,0.5851393188854489,0.5851393188854489,"{0: 0.5927103202369428, 1: 0.5927103202369427}","{0: 0.5927103202369428, 1: 0.5927103202369427}",0.5927103202369427,"[[477 169]
 [367 279]]",[0. 0. 1. ... 0. 0. 0.],[1. 1. 1. ... 0. 1. 0.]
959,AdaBoost,"{'algorithm': 'SAMME', 'learning_rate': 0.26326530612244897, 'n_estimators': 96}",0.5790183600971406,0.09728767157820288,0.19110994135233506,0.18350853883519602,0.5955549706761676,0.09175426941759801,0.575161650491393,0.1702786377708978,0.5851393188854489,0.5851393188854489,"{0: 0.5927103202369428, 1: 0.5927103202369427}","{0: 0.5927103202369428, 1: 0.5927103202369427}",0.5927103202369427,"[[477 169]
 [367 279]]",[0. 0. 1. ... 0. 0. 0.],[1. 1. 1. ... 0. 1. 0.]
960,AdaBoost,"{'algorithm': 'SAMME', 'learning_rate': 0.26326530612244897, 'n_estimators': 96}",0.5790183600971406,0.09728767157820288,0.19110994135233506,0.18350853883519602,0.5955549706761676,0.09175426941759801,0.575161650491393,0.1702786377708978,0.5851393188854489,0.5851393188854489,"{0: 0.5927103202369428, 1: 0.5927103202369427}","{0: 0.5927103202369428, 1: 0.5927103202369427}",0.5927103202369427,"[[477 169]
 [367 279]]",[0. 0. 1. ... 0. 0. 0.],[1. 1. 1. ... 0. 1. 0.]
946,AdaBoost,"{'algorithm': 'SAMME', 'learning_rate': 0.26326530612244897, 'n_estimators': 96}",0.5790183600971406,0.09728767157820288,0.19110994135233506,0.18350853883519602,0.5955549706761676,0.09175426941759801,0.575161650491393,0.1702786377708978,0.5851393188854489,0.5851393188854489,"{0: 0.5927103202369428, 1: 0.5927103202369427}","{0: 0.5927103202369428, 1: 0.5927103202369427}",0.5927103202369427,"[[477 169]
 [367 279]]",[0. 0. 1. ... 0. 0. 0.],[1. 1. 1. ... 0. 1. 0.]
947,AdaBoost,"{'algorithm': 'SAMME', 'learning_rate': 0.26326530612244897, 'n_estimators': 96}",0.5790183600971406,0.09728767157820288,0.19110994135233506,0.18350853883519602,0.5955549706761676,0.09175426941759801,0.575161650491393,0.1702786377708978,0.5851393188854489,0.5851393188854489,"{0: 0.5927103202369428, 1: 0.5927103202369427}","{0: 0.5927103202369428, 1: 0.5927103202369427}",0.5927103202369427,"[[477 169]
 [367 279]]",[0. 0. 1. ... 0. 0. 0.],[1. 1. 1. ... 0. 1. 0.]
948,AdaBoost,"{'algorithm': 'SAMME', 'learning_rate': 0.26326530612244897, 'n_estimators': 96}",0.5790183600971406,0.09728767157820288,0.19110994135233506,0.18350853883519602,0.5955549706761676,0.09175426941759801,0.575161650491393,0.1702786377708978,0.5851393188854489,0.5851393188854489,"{0: 0.5927103202369428, 1: 0.5927103202369427}","{0: 0.5927103202369428, 1: 0.5927103202369427}",0.5927103202369427,"[[477 169]
 [367 279]]",[0. 0. 1. ... 0. 0. 0.],[1. 1. 1. ... 0. 1. 0.]
951,AdaBoost,"{'algorithm': 'SAMME', 'learning_rate': 0.26326530612244897, 'n_estimators': 96}",0.5790183600971406,0.09728767157820288,0.19110994135233506,0.18350853883519602,0.5955549706761676,0.09175426941759801,0.575161650491393,0.1702786377708978,0.5851393188854489,0.5851393188854489,"{0: 0.5927103202369428, 1: 0.5927103202369427}","{0: 0.5927103202369428, 1: 0.5927103202369427}",0.5927103202369427,"[[477 169]
 [367 279]]",[0. 0. 1. ... 0. 0. 0.],[1. 1. 1. ... 0. 1. 0.]
941,AdaBoost,"{'algorithm': 'SAMME', 'learning_rate': 0.26326530612244897, 'n_estimators': 96}",0.5790183600971406,0.09728767157820288,0.19110994135233506,0.18350853883519602,0.5955549706761676,0.09175426941759801,0.575161650491393,0.1702786377708978,0.5851393188854489,0.5851393188854489,"{0: 0.5927103202369428, 1: 0.5927103202369427}","{0: 0.5927103202369428, 1: 0.5927103202369427}",0.5927103202369427,"[[477 169]
 [367 279]]",[0. 0. 1. ... 0. 0. 0.],[1. 1. 1. ... 0. 1. 0.]
943,AdaBoost,"{'algorithm': 'SAMME', 'learning_rate': 0.26326530612244897, 'n_estimators': 96}",0.5790183600971406,0.09728767157820288,0.19110994135233506,0.18350853883519602,0.5955549706761676,0.09175426941759801,0.575161650491393,0.1702786377708978,0.5851393188854489,0.5851393188854489,"{0: 0.5927103202369428, 1: 0.5927103202369427}","{0: 0.5927103202369428, 1: 0.5927103202369427}",0.5927103202369427,"[[477 169]
 [367 279]]",[0. 0. 1. ... 0. 0. 0.],[1. 1. 1. ... 0. 1. 0.]
950,AdaBoost,"{'algorithm': 'SAMME', 'learning_rate': 0.26326530612244897, 'n_estimators': 96}",0.5790183600971406,0.09728767157820288,0.19110994135233506,0.18350853883519602,0.5955549706761676,0.09175426941759801,0.575161650491393,0.1702786377708978,0.5851393188854489,0.5851393188854489,"{0: 0.5927103202369428, 1: 0.5927103202369427}","{0: 0.5927103202369428, 1: 0.5927103202369427}",0.5927103202369427,"[[477 169]
 [367 279]]",[0. 0. 1. ... 0. 0. 0.],[1. 1. 1. ... 0. 1. 0.]
942,AdaBoost,"{'algorithm': 'SAMME', 'learning_rate': 0.26326530612244897, 'n_estimators': 96}",0.5790183600971406,0.09728767157820288,0.19110994135233506,0.18350853883519602,0.5955549706761676,0.09175426941759801,0.575161650491393,0.1702786377708978,0.5851393188854489,0.5851393188854489,"{0: 0.5927103202369428, 1: 0.5927103202369427}","{0: 0.5927103202369428, 1: 0.5927103202369427}",0.5927103202369427,"[[477 169]
 [367 279]]",[0. 0. 1. ... 0. 0. 0.],[1. 1. 1. ... 0. 1. 0.]
963,AdaBoost,"{'algorithm': 'SAMME', 'learning_rate': 0.26326530612244897, 'n_estimators': 96}",0.5790183600971406,0.09728767157820288,0.19110994135233506,0.18350853883519602,0.5955549706761676,0.09175426941759801,0.575161650491393,0.1702786377708978,0.5851393188854489,0.5851393188854489,"{0: 0.5927103202369428, 1: 0.5927103202369427}","{0: 0.5927103202369428, 1: 0.5927103202369427}",0.5927103202369427,"[[477 169]
 [367 279]]",[0. 0. 1. ... 0. 0. 0.],[1. 1. 1. ... 0. 1. 0.]
957,AdaBoost,"{'algorithm': 'SAMME', 'learning_rate': 0.26326530612244897, 'n_estimators': 96}",0.5790183600971406,0.09728767157820288,0.19110994135233506,0.18350853883519602,0.5955549706761676,0.09175426941759801,0.575161650491393,0.1702786377708978,0.5851393188854489,0.5851393188854489,"{0: 0.5927103202369428, 1: 0.5927103202369427}","{0: 0.5927103202369428, 1: 0.5927103202369427}",0.5927103202369427,"[[477 169]
 [367 279]]",[0. 0. 1. ... 0. 0. 0.],[1. 1. 1. ... 0. 1. 0.]
956,AdaBoost,"{'algorithm': 'SAMME', 'learning_rate': 0.26326530612244897, 'n_estimators': 96}",0.5790183600971406,0.09728767157820288,0.19110994135233506,0.18350853883519602,0.5955549706761676,0.09175426941759801,0.575161650491393,0.1702786377708978,0.5851393188854489,0.5851393188854489,"{0: 0.5927103202369428, 1: 0.5927103202369427}","{0: 0.5927103202369428, 1: 0.5927103202369427}",0.5927103202369427,"[[477 169]
 [367 279]]",[0. 0. 1. ... 0. 0. 0.],[1. 1. 1. ... 0. 1. 0.]
955,AdaBoost,"{'algorithm': 'SAMME', 'learning_rate': 0.26326530612244897, 'n_estimators': 96}",0.5790183600971406,0.09728767157820288,0.19110994135233506,0.18350853883519602,0.5955549706761676,0.09175426941759801,0.575161650491393,0.1702786377708978,0.5851393188854489,0.5851393188854489,"{0: 0.5927103202369428, 1: 0.5927103202369427}","{0: 0.5927103202369428, 1: 0.5927103202369427}",0.5927103202369427,"[[477 169]
 [367 279]]",[0. 0. 1. ... 0. 0. 0.],[1. 1. 1. ... 0. 1. 0.]
954,AdaBoost,"{'algorithm': 'SAMME', 'learning_rate': 0.26326530612244897, 'n_estimators': 96}",0.5790183600971406,0.09728767157820288,0.19110994135233506,0.18350853883519602,0.5955549706761676,0.09175426941759801,0.575161650491393,0.1702786377708978,0.5851393188854489,0.5851393188854489,"{0: 0.5927103202369428, 1: 0.5927103202369427}","{0: 0.5927103202369428, 1: 0.5927103202369427}",0.5927103202369427,"[[477 169]
 [367 279]]",[0. 0. 1. ... 0. 0. 0.],[1. 1. 1. ... 0. 1. 0.]
953,AdaBoost,"{'algorithm': 'SAMME', 'learning_rate': 0.26326530612244897, 'n_estimators': 96}",0.5790183600971406,0.09728767157820288,0.19110994135233506,0.18350853883519602,0.5955549706761676,0.09175426941759801,0.575161650491393,0.1702786377708978,0.5851393188854489,0.5851393188854489,"{0: 0.5927103202369428, 1: 0.5927103202369427}","{0: 0.5927103202369428, 1: 0.5927103202369427}",0.5927103202369427,"[[477 169]
 [367 279]]",[0. 0. 1. ... 0. 0. 0.],[1. 1. 1. ... 0. 1. 0.]
952,AdaBoost,"{'algorithm': 'SAMME', 'learning_rate': 0.26326530612244897, 'n_estimators': 96}",0.5790183600971406,0.09728767157820288,0.19110994135233506,0.18350853883519602,0.5955549706761676,0.09175426941759801,0.575161650491393,0.1702786377708978,0.5851393188854489,0.5851393188854489,"{0: 0.5927103202369428, 1: 0.5927103202369427}","{0: 0.5927103202369428, 1: 0.5927103202369427}",0.5927103202369427,"[[477 169]
 [367 279]]",[0. 0. 1. ... 0. 0. 0.],[1. 1. 1. ... 0. 1. 0.]
949,AdaBoost,"{'algorithm': 'SAMME', 'learning_rate': 0.26326530612244897, 'n_estimators': 96}",0.5790183600971406,0.09728767157820288,0.19110994135233506,0.18350853883519602,0.5955549706761676,0.09175426941759801,0.575161650491393,0.1702786377708978,0.5851393188854489,0.5851393188854489,"{0: 0.5927103202369428, 1: 0.5927103202369427}","{0: 0.5927103202369428, 1: 0.5927103202369427}",0.5927103202369427,"[[477 169]
 [367 279]]",[0. 0. 1. ... 0. 0. 0.],[1. 1. 1. ... 0. 1. 0.]
825,knn,{'n_neighbors': 33},0.5884874735936021,0.11420780907852364,0.19058886582670964,0.2185299942796726,0.5952944329133548,0.10926499713983628,0.5841132488467479,0.1718266253869969,0.5859133126934984,0.5859133126934984,"{0: 0.6103372504289316, 1: 0.6103372504289316}","{0: 0.6103372504289316, 1: 0.6103372504289316}",0.6103372504289316,"[[421 225]
 [310 336]]",[0. 0. 0. ... 0. 0. 1.],[1. 1. 1. ... 0. 1. 0.]
668,knn,{'n_neighbors': 33},0.5884874735936021,0.11420780907852364,0.19058886582670964,0.2185299942796726,0.5952944329133548,0.10926499713983628,0.5841132488467479,0.1718266253869969,0.5859133126934984,0.5859133126934984,"{0: 0.6103372504289316, 1: 0.6103372504289316}","{0: 0.6103372504289316, 1: 0.6103372504289316}",0.6103372504289316,"[[421 225]
 [310 336]]",[0. 0. 0. ... 0. 0. 1.],[1. 1. 1. ... 0. 1. 0.]
671,knn,{'n_neighbors': 33},0.5884874735936021,0.11420780907852364,0.19058886582670964,0.2185299942796726,0.5952944329133548,0.10926499713983628,0.5841132488467479,0.1718266253869969,0.5859133126934984,0.5859133126934984,"{0: 0.6103372504289316, 1: 0.6103372504289316}","{0: 0.6103372504289316, 1: 0.6103372504289316}",0.6103372504289316,"[[421 225]
 [310 336]]",[0. 0. 0. ... 0. 0. 1.],[1. 1. 1. ... 0. 1. 0.]
829,knn,{'n_neighbors': 33},0.5884874735936021,0.11420780907852364,0.19058886582670964,0.2185299942796726,0.5952944329133548,0.10926499713983628,0.5841132488467479,0.1718266253869969,0.5859133126934984,0.5859133126934984,"{0: 0.6103372504289316, 1: 0.6103372504289316}","{0: 0.6103372504289316, 1: 0.6103372504289316}",0.6103372504289316,"[[421 225]
 [310 336]]",[0. 0. 0. ... 0. 0. 1.],[1. 1. 1. ... 0. 1. 0.]
788,knn,{'n_neighbors': 33},0.5884874735936021,0.11420780907852364,0.19058886582670964,0.2185299942796726,0.5952944329133548,0.10926499713983628,0.5841132488467479,0.1718266253869969,0.5859133126934984,0.5859133126934984,"{0: 0.6103372504289316, 1: 0.6103372504289316}","{0: 0.6103372504289316, 1: 0.6103372504289316}",0.6103372504289316,"[[421 225]
 [310 336]]",[0. 0. 0. ... 0. 0. 1.],[1. 1. 1. ... 0. 1. 0.]
820,knn,{'n_neighbors': 33},0.5884874735936021,0.11420780907852364,0.19058886582670964,0.2185299942796726,0.5952944329133548,0.10926499713983628,0.5841132488467479,0.1718266253869969,0.5859133126934984,0.5859133126934984,"{0: 0.6103372504289316, 1: 0.6103372504289316}","{0: 0.6103372504289316, 1: 0.6103372504289316}",0.6103372504289316,"[[421 225]
 [310 336]]",[0. 0. 0. ... 0. 0. 1.],[1. 1. 1. ... 0. 1. 0.]
809,knn,{'n_neighbors': 33},0.5884874735936021,0.11420780907852364,0.19058886582670964,0.2185299942796726,0.5952944329133548,0.10926499713983628,0.5841132488467479,0.1718266253869969,0.5859133126934984,0.5859133126934984,"{0: 0.6103372504289316, 1: 0.6103372504289316}","{0: 0.6103372504289316, 1: 0.6103372504289316}",0.6103372504289316,"[[421 225]
 [310 336]]",[0. 0. 0. ... 0. 0. 1.],[1. 1. 1. ... 0. 1. 0.]
688,knn,{'n_neighbors': 33},0.5884874735936021,0.11420780907852364,0.19058886582670964,0.2185299942796726,0.5952944329133548,0.10926499713983628,0.5841132488467479,0.1718266253869969,0.5859133126934984,0.5859133126934984,"{0: 0.6103372504289316, 1: 0.6103372504289316}","{0: 0.6103372504289316, 1: 0.6103372504289316}",0.6103372504289316,"[[421 225]
 [310 336]]",[0. 0. 0. ... 0. 0. 1.],[1. 1. 1. ... 0. 1. 0.]
263,knn,{'n_neighbors': 33},0.5884874735936021,0.11420780907852364,0.19058886582670964,0.2185299942796726,0.5952944329133548,0.10926499713983628,0.5841132488467479,0.1718266253869969,0.5859133126934984,0.5859133126934984,"{0: 0.6103372504289316, 1: 0.6103372504289316}","{0: 0.6103372504289316, 1: 0.6103372504289316}",0.6103372504289316,"[[421 225]
 [310 336]]",[0. 0. 0. ... 0. 0. 1.],[1. 1. 1. ... 0. 1. 0.]
262,knn,{'n_neighbors': 33},0.5884874735936021,0.11420780907852364,0.19058886582670964,0.2185299942796726,0.5952944329133548,0.10926499713983628,0.5841132488467479,0.1718266253869969,0.5859133126934984,0.5859133126934984,"{0: 0.6103372504289316, 1: 0.6103372504289316}","{0: 0.6103372504289316, 1: 0.6103372504289316}",0.6103372504289316,"[[421 225]
 [310 336]]",[0. 0. 0. ... 0. 0. 1.],[1. 1. 1. ... 0. 1. 0.]
259,knn,{'n_neighbors': 33},0.5884874735936021,0.11420780907852364,0.19058886582670964,0.2185299942796726,0.5952944329133548,0.10926499713983628,0.5841132488467479,0.1718266253869969,0.5859133126934984,0.5859133126934984,"{0: 0.6103372504289316, 1: 0.6103372504289316}","{0: 0.6103372504289316, 1: 0.6103372504289316}",0.6103372504289316,"[[421 225]
 [310 336]]",[0. 0. 0. ... 0. 0. 1.],[1. 1. 1. ... 0. 1. 0.]
258,knn,{'n_neighbors': 33},0.5884874735936021,0.11420780907852364,0.19058886582670964,0.2185299942796726,0.5952944329133548,0.10926499713983628,0.5841132488467479,0.1718266253869969,0.5859133126934984,0.5859133126934984,"{0: 0.6103372504289316, 1: 0.6103372504289316}","{0: 0.6103372504289316, 1: 0.6103372504289316}",0.6103372504289316,"[[421 225]
 [310 336]]",[0. 0. 0. ... 0. 0. 1.],[1. 1. 1. ... 0. 1. 0.]
257,knn,{'n_neighbors': 33},0.5884874735936021,0.11420780907852364,0.19058886582670964,0.2185299942796726,0.5952944329133548,0.10926499713983628,0.5841132488467479,0.1718266253869969,0.5859133126934984,0.5859133126934984,"{0: 0.6103372504289316, 1: 0.6103372504289316}","{0: 0.6103372504289316, 1: 0.6103372504289316}",0.6103372504289316,"[[421 225]
 [310 336]]",[0. 0. 0. ... 0. 0. 1.],[1. 1. 1. ... 0. 1. 0.]
681,knn,{'n_neighbors': 33},0.5884874735936021,0.11420780907852364,0.19058886582670964,0.2185299942796726,0.5952944329133548,0.10926499713983628,0.5841132488467479,0.1718266253869969,0.5859133126934984,0.5859133126934984,"{0: 0.6103372504289316, 1: 0.6103372504289316}","{0: 0.6103372504289316, 1: 0.6103372504289316}",0.6103372504289316,"[[421 225]
 [310 336]]",[0. 0. 0. ... 0. 0. 1.],[1. 1. 1. ... 0. 1. 0.]
453,knn,{'n_neighbors': 33},0.5884874735936021,0.11420780907852364,0.19058886582670964,0.2185299942796726,0.5952944329133548,0.10926499713983628,0.5841132488467479,0.1718266253869969,0.5859133126934984,0.5859133126934984,"{0: 0.6103372504289316, 1: 0.6103372504289316}","{0: 0.6103372504289316, 1: 0.6103372504289316}",0.6103372504289316,"[[421 225]
 [310 336]]",[0. 0. 0. ... 0. 0. 1.],[1. 1. 1. ... 0. 1. 0.]
247,knn,{'n_neighbors': 33},0.5884874735936021,0.11420780907852364,0.19058886582670964,0.2185299942796726,0.5952944329133548,0.10926499713983628,0.5841132488467479,0.1718266253869969,0.5859133126934984,0.5859133126934984,"{0: 0.6103372504289316, 1: 0.6103372504289316}","{0: 0.6103372504289316, 1: 0.6103372504289316}",0.6103372504289316,"[[421 225]
 [310 336]]",[0. 0. 0. ... 0. 0. 1.],[1. 1. 1. ... 0. 1. 0.]
812,knn,{'n_neighbors': 33},0.5884874735936021,0.11420780907852364,0.19058886582670964,0.2185299942796726,0.5952944329133548,0.10926499713983628,0.5841132488467479,0.1718266253869969,0.5859133126934984,0.5859133126934984,"{0: 0.6103372504289316, 1: 0.6103372504289316}","{0: 0.6103372504289316, 1: 0.6103372504289316}",0.6103372504289316,"[[421 225]
 [310 336]]",[0. 0. 0. ... 0. 0. 1.],[1. 1. 1. ... 0. 1. 0.]
679,knn,{'n_neighbors': 33},0.5884874735936021,0.11420780907852364,0.19058886582670964,0.2185299942796726,0.5952944329133548,0.10926499713983628,0.5841132488467479,0.1718266253869969,0.5859133126934984,0.5859133126934984,"{0: 0.6103372504289316, 1: 0.6103372504289316}","{0: 0.6103372504289316, 1: 0.6103372504289316}",0.6103372504289316,"[[421 225]
 [310 336]]",[0. 0. 0. ... 0. 0. 1.],[1. 1. 1. ... 0. 1. 0.]
466,knn,{'n_neighbors': 33},0.5884874735936021,0.11420780907852364,0.19058886582670964,0.2185299942796726,0.5952944329133548,0.10926499713983628,0.5841132488467479,0.1718266253869969,0.5859133126934984,0.5859133126934984,"{0: 0.6103372504289316, 1: 0.6103372504289316}","{0: 0.6103372504289316, 1: 0.6103372504289316}",0.6103372504289316,"[[421 225]
 [310 336]]",[0. 0. 0. ... 0. 0. 1.],[1. 1. 1. ... 0. 1. 0.]
242,knn,{'n_neighbors': 33},0.5884874735936021,0.11420780907852364,0.19058886582670964,0.2185299942796726,0.5952944329133548,0.10926499713983628,0.5841132488467479,0.1718266253869969,0.5859133126934984,0.5859133126934984,"{0: 0.6103372504289316, 1: 0.6103372504289316}","{0: 0.6103372504289316, 1: 0.6103372504289316}",0.6103372504289316,"[[421 225]
 [310 336]]",[0. 0. 0. ... 0. 0. 1.],[1. 1. 1. ... 0. 1. 0.]
815,knn,{'n_neighbors': 33},0.5884874735936021,0.11420780907852364,0.19058886582670964,0.2185299942796726,0.5952944329133548,0.10926499713983628,0.5841132488467479,0.1718266253869969,0.5859133126934984,0.5859133126934984,"{0: 0.6103372504289316, 1: 0.6103372504289316}","{0: 0.6103372504289316, 1: 0.6103372504289316}",0.6103372504289316,"[[421 225]
 [310 336]]",[0. 0. 0. ... 0. 0. 1.],[1. 1. 1. ... 0. 1. 0.]
451,knn,{'n_neighbors': 33},0.5884874735936021,0.11420780907852364,0.19058886582670964,0.2185299942796726,0.5952944329133548,0.10926499713983628,0.5841132488467479,0.1718266253869969,0.5859133126934984,0.5859133126934984,"{0: 0.6103372504289316, 1: 0.6103372504289316}","{0: 0.6103372504289316, 1: 0.6103372504289316}",0.6103372504289316,"[[421 225]
 [310 336]]",[0. 0. 0. ... 0. 0. 1.],[1. 1. 1. ... 0. 1. 0.]
842,knn,{'n_neighbors': 33},0.5884874735936021,0.11420780907852364,0.19058886582670964,0.2185299942796726,0.5952944329133548,0.10926499713983628,0.5841132488467479,0.1718266253869969,0.5859133126934984,0.5859133126934984,"{0: 0.6103372504289316, 1: 0.6103372504289316}","{0: 0.6103372504289316, 1: 0.6103372504289316}",0.6103372504289316,"[[421 225]
 [310 336]]",[0. 0. 0. ... 0. 0. 1.],[1. 1. 1. ... 0. 1. 0.]
217,knn,{'n_neighbors': 33},0.5884874735936021,0.11420780907852364,0.19058886582670964,0.2185299942796726,0.5952944329133548,0.10926499713983628,0.5841132488467479,0.1718266253869969,0.5859133126934984,0.5859133126934984,"{0: 0.6103372504289316, 1: 0.6103372504289316}","{0: 0.6103372504289316, 1: 0.6103372504289316}",0.6103372504289316,"[[421 225]
 [310 336]]",[0. 0. 0. ... 0. 0. 1.],[1. 1. 1. ... 0. 1. 0.]
835,knn,{'n_neighbors': 33},0.5884874735936021,0.11420780907852364,0.19058886582670964,0.2185299942796726,0.5952944329133548,0.10926499713983628,0.5841132488467479,0.1718266253869969,0.5859133126934984,0.5859133126934984,"{0: 0.6103372504289316, 1: 0.6103372504289316}","{0: 0.6103372504289316, 1: 0.6103372504289316}",0.6103372504289316,"[[421 225]
 [310 336]]",[0. 0. 0. ... 0. 0. 1.],[1. 1. 1. ... 0. 1. 0.]
887,knn,{'n_neighbors': 33},0.5884874735936021,0.11420780907852364,0.19058886582670964,0.2185299942796726,0.5952944329133548,0.10926499713983628,0.5841132488467479,0.1718266253869969,0.5859133126934984,0.5859133126934984,"{0: 0.6103372504289316, 1: 0.6103372504289316}","{0: 0.6103372504289316, 1: 0.6103372504289316}",0.6103372504289316,"[[421 225]
 [310 336]]",[0. 0. 0. ... 0. 0. 1.],[1. 1. 1. ... 0. 1. 0.]
641,knn,{'n_neighbors': 33},0.5884874735936021,0.11420780907852364,0.19058886582670964,0.2185299942796726,0.5952944329133548,0.10926499713983628,0.5841132488467479,0.1718266253869969,0.5859133126934984,0.5859133126934984,"{0: 0.6103372504289316, 1: 0.6103372504289316}","{0: 0.6103372504289316, 1: 0.6103372504289316}",0.6103372504289316,"[[421 225]
 [310 336]]",[0. 0. 0. ... 0. 0. 1.],[1. 1. 1. ... 0. 1. 0.]
883,knn,{'n_neighbors': 33},0.5884874735936021,0.11420780907852364,0.19058886582670964,0.2185299942796726,0.5952944329133548,0.10926499713983628,0.5841132488467479,0.1718266253869969,0.5859133126934984,0.5859133126934984,"{0: 0.6103372504289316, 1: 0.6103372504289316}","{0: 0.6103372504289316, 1: 0.6103372504289316}",0.6103372504289316,"[[421 225]
 [310 336]]",[0. 0. 0. ... 0. 0. 1.],[1. 1. 1. ... 0. 1. 0.]
157,knn,{'n_neighbors': 33},0.5884874735936021,0.11420780907852364,0.19058886582670964,0.2185299942796726,0.5952944329133548,0.10926499713983628,0.5841132488467479,0.1718266253869969,0.5859133126934984,0.5859133126934984,"{0: 0.6103372504289316, 1: 0.6103372504289316}","{0: 0.6103372504289316, 1: 0.6103372504289316}",0.6103372504289316,"[[421 225]
 [310 336]]",[0. 0. 0. ... 0. 0. 1.],[1. 1. 1. ... 0. 1. 0.]
882,knn,{'n_neighbors': 33},0.5884874735936021,0.11420780907852364,0.19058886582670964,0.2185299942796726,0.5952944329133548,0.10926499713983628,0.5841132488467479,0.1718266253869969,0.5859133126934984,0.5859133126934984,"{0: 0.6103372504289316, 1: 0.6103372504289316}","{0: 0.6103372504289316, 1: 0.6103372504289316}",0.6103372504289316,"[[421 225]
 [310 336]]",[0. 0. 0. ... 0. 0. 1.],[1. 1. 1. ... 0. 1. 0.]
503,knn,{'n_neighbors': 33},0.5884874735936021,0.11420780907852364,0.19058886582670964,0.2185299942796726,0.5952944329133548,0.10926499713983628,0.5841132488467479,0.1718266253869969,0.5859133126934984,0.5859133126934984,"{0: 0.6103372504289316, 1: 0.6103372504289316}","{0: 0.6103372504289316, 1: 0.6103372504289316}",0.6103372504289316,"[[421 225]
 [310 336]]",[0. 0. 0. ... 0. 0. 1.],[1. 1. 1. ... 0. 1. 0.]
170,knn,{'n_neighbors': 33},0.5884874735936021,0.11420780907852364,0.19058886582670964,0.2185299942796726,0.5952944329133548,0.10926499713983628,0.5841132488467479,0.1718266253869969,0.5859133126934984,0.5859133126934984,"{0: 0.6103372504289316, 1: 0.6103372504289316}","{0: 0.6103372504289316, 1: 0.6103372504289316}",0.6103372504289316,"[[421 225]
 [310 336]]",[0. 0. 0. ... 0. 0. 1.],[1. 1. 1. ... 0. 1. 0.]
870,knn,{'n_neighbors': 33},0.5884874735936021,0.11420780907852364,0.19058886582670964,0.2185299942796726,0.5952944329133548,0.10926499713983628,0.5841132488467479,0.1718266253869969,0.5859133126934984,0.5859133126934984,"{0: 0.6103372504289316, 1: 0.6103372504289316}","{0: 0.6103372504289316, 1: 0.6103372504289316}",0.6103372504289316,"[[421 225]
 [310 336]]",[0. 0. 0. ... 0. 0. 1.],[1. 1. 1. ... 0. 1. 0.]
868,knn,{'n_neighbors': 33},0.5884874735936021,0.11420780907852364,0.19058886582670964,0.2185299942796726,0.5952944329133548,0.10926499713983628,0.5841132488467479,0.1718266253869969,0.5859133126934984,0.5859133126934984,"{0: 0.6103372504289316, 1: 0.6103372504289316}","{0: 0.6103372504289316, 1: 0.6103372504289316}",0.6103372504289316,"[[421 225]
 [310 336]]",[0. 0. 0. ... 0. 0. 1.],[1. 1. 1. ... 0. 1. 0.]
648,knn,{'n_neighbors': 33},0.5884874735936021,0.11420780907852364,0.19058886582670964,0.2185299942796726,0.5952944329133548,0.10926499713983628,0.5841132488467479,0.1718266253869969,0.5859133126934984,0.5859133126934984,"{0: 0.6103372504289316, 1: 0.6103372504289316}","{0: 0.6103372504289316, 1: 0.6103372504289316}",0.6103372504289316,"[[421 225]
 [310 336]]",[0. 0. 0. ... 0. 0. 1.],[1. 1. 1. ... 0. 1. 0.]
497,knn,{'n_neighbors': 33},0.5884874735936021,0.11420780907852364,0.19058886582670964,0.2185299942796726,0.5952944329133548,0.10926499713983628,0.5841132488467479,0.1718266253869969,0.5859133126934984,0.5859133126934984,"{0: 0.6103372504289316, 1: 0.6103372504289316}","{0: 0.6103372504289316, 1: 0.6103372504289316}",0.6103372504289316,"[[421 225]
 [310 336]]",[0. 0. 0. ... 0. 0. 1.],[1. 1. 1. ... 0. 1. 0.]
862,knn,{'n_neighbors': 33},0.5884874735936021,0.11420780907852364,0.19058886582670964,0.2185299942796726,0.5952944329133548,0.10926499713983628,0.5841132488467479,0.1718266253869969,0.5859133126934984,0.5859133126934984,"{0: 0.6103372504289316, 1: 0.6103372504289316}","{0: 0.6103372504289316, 1: 0.6103372504289316}",0.6103372504289316,"[[421 225]
 [310 336]]",[0. 0. 0. ... 0. 0. 1.],[1. 1. 1. ... 0. 1. 0.]
649,knn,{'n_neighbors': 33},0.5884874735936021,0.11420780907852364,0.19058886582670964,0.2185299942796726,0.5952944329133548,0.10926499713983628,0.5841132488467479,0.1718266253869969,0.5859133126934984,0.5859133126934984,"{0: 0.6103372504289316, 1: 0.6103372504289316}","{0: 0.6103372504289316, 1: 0.6103372504289316}",0.6103372504289316,"[[421 225]
 [310 336]]",[0. 0. 0. ... 0. 0. 1.],[1. 1. 1. ... 0. 1. 0.]
733,knn,{'n_neighbors': 33},0.5884874735936021,0.11420780907852364,0.19058886582670964,0.2185299942796726,0.5952944329133548,0.10926499713983628,0.5841132488467479,0.1718266253869969,0.5859133126934984,0.5859133126934984,"{0: 0.6103372504289316, 1: 0.6103372504289316}","{0: 0.6103372504289316, 1: 0.6103372504289316}",0.6103372504289316,"[[421 225]
 [310 336]]",[0. 0. 0. ... 0. 0. 1.],[1. 1. 1. ... 0. 1. 0.]
187,knn,{'n_neighbors': 33},0.5884874735936021,0.11420780907852364,0.19058886582670964,0.2185299942796726,0.5952944329133548,0.10926499713983628,0.5841132488467479,0.1718266253869969,0.5859133126934984,0.5859133126934984,"{0: 0.6103372504289316, 1: 0.6103372504289316}","{0: 0.6103372504289316, 1: 0.6103372504289316}",0.6103372504289316,"[[421 225]
 [310 336]]",[0. 0. 0. ... 0. 0. 1.],[1. 1. 1. ... 0. 1. 0.]
488,knn,{'n_neighbors': 33},0.5884874735936021,0.11420780907852364,0.19058886582670964,0.2185299942796726,0.5952944329133548,0.10926499713983628,0.5841132488467479,0.1718266253869969,0.5859133126934984,0.5859133126934984,"{0: 0.6103372504289316, 1: 0.6103372504289316}","{0: 0.6103372504289316, 1: 0.6103372504289316}",0.6103372504289316,"[[421 225]
 [310 336]]",[0. 0. 0. ... 0. 0. 1.],[1. 1. 1. ... 0. 1. 0.]
195,knn,{'n_neighbors': 33},0.5884874735936021,0.11420780907852364,0.19058886582670964,0.2185299942796726,0.5952944329133548,0.10926499713983628,0.5841132488467479,0.1718266253869969,0.5859133126934984,0.5859133126934984,"{0: 0.6103372504289316, 1: 0.6103372504289316}","{0: 0.6103372504289316, 1: 0.6103372504289316}",0.6103372504289316,"[[421 225]
 [310 336]]",[0. 0. 0. ... 0. 0. 1.],[1. 1. 1. ... 0. 1. 0.]
853,knn,{'n_neighbors': 33},0.5884874735936021,0.11420780907852364,0.19058886582670964,0.2185299942796726,0.5952944329133548,0.10926499713983628,0.5841132488467479,0.1718266253869969,0.5859133126934984,0.5859133126934984,"{0: 0.6103372504289316, 1: 0.6103372504289316}","{0: 0.6103372504289316, 1: 0.6103372504289316}",0.6103372504289316,"[[421 225]
 [310 336]]",[0. 0. 0. ... 0. 0. 1.],[1. 1. 1. ... 0. 1. 0.]
481,knn,{'n_neighbors': 33},0.5884874735936021,0.11420780907852364,0.19058886582670964,0.2185299942796726,0.5952944329133548,0.10926499713983628,0.5841132488467479,0.1718266253869969,0.5859133126934984,0.5859133126934984,"{0: 0.6103372504289316, 1: 0.6103372504289316}","{0: 0.6103372504289316, 1: 0.6103372504289316}",0.6103372504289316,"[[421 225]
 [310 336]]",[0. 0. 0. ... 0. 0. 1.],[1. 1. 1. ... 0. 1. 0.]
480,knn,{'n_neighbors': 33},0.5884874735936021,0.11420780907852364,0.19058886582670964,0.2185299942796726,0.5952944329133548,0.10926499713983628,0.5841132488467479,0.1718266253869969,0.5859133126934984,0.5859133126934984,"{0: 0.6103372504289316, 1: 0.6103372504289316}","{0: 0.6103372504289316, 1: 0.6103372504289316}",0.6103372504289316,"[[421 225]
 [310 336]]",[0. 0. 0. ... 0. 0. 1.],[1. 1. 1. ... 0. 1. 0.]
204,knn,{'n_neighbors': 33},0.5884874735936021,0.11420780907852364,0.19058886582670964,0.2185299942796726,0.5952944329133548,0.10926499713983628,0.5841132488467479,0.1718266253869969,0.5859133126934984,0.5859133126934984,"{0: 0.6103372504289316, 1: 0.6103372504289316}","{0: 0.6103372504289316, 1: 0.6103372504289316}",0.6103372504289316,"[[421 225]
 [310 336]]",[0. 0. 0. ... 0. 0. 1.],[1. 1. 1. ... 0. 1. 0.]
474,knn,{'n_neighbors': 33},0.5884874735936021,0.11420780907852364,0.19058886582670964,0.2185299942796726,0.5952944329133548,0.10926499713983628,0.5841132488467479,0.1718266253869969,0.5859133126934984,0.5859133126934984,"{0: 0.6103372504289316, 1: 0.6103372504289316}","{0: 0.6103372504289316, 1: 0.6103372504289316}",0.6103372504289316,"[[421 225]
 [310 336]]",[0. 0. 0. ... 0. 0. 1.],[1. 1. 1. ... 0. 1. 0.]
662,knn,{'n_neighbors': 33},0.5884874735936021,0.11420780907852364,0.19058886582670964,0.2185299942796726,0.5952944329133548,0.10926499713983628,0.5841132488467479,0.1718266253869969,0.5859133126934984,0.5859133126934984,"{0: 0.6103372504289316, 1: 0.6103372504289316}","{0: 0.6103372504289316, 1: 0.6103372504289316}",0.6103372504289316,"[[421 225]
 [310 336]]",[0. 0. 0. ... 0. 0. 1.],[1. 1. 1. ... 0. 1. 0.]
438,knn,{'n_neighbors': 33},0.5884874735936021,0.11420780907852364,0.19058886582670964,0.2185299942796726,0.5952944329133548,0.10926499713983628,0.5841132488467479,0.1718266253869969,0.5859133126934984,0.5859133126934984,"{0: 0.6103372504289316, 1: 0.6103372504289316}","{0: 0.6103372504289316, 1: 0.6103372504289316}",0.6103372504289316,"[[421 225]
 [310 336]]",[0. 0. 0. ... 0. 0. 1.],[1. 1. 1. ... 0. 1. 0.]
839,knn,{'n_neighbors': 33},0.5884874735936021,0.11420780907852364,0.19058886582670964,0.2185299942796726,0.5952944329133548,0.10926499713983628,0.5841132488467479,0.1718266253869969,0.5859133126934984,0.5859133126934984,"{0: 0.6103372504289316, 1: 0.6103372504289316}","{0: 0.6103372504289316, 1: 0.6103372504289316}",0.6103372504289316,"[[421 225]
 [310 336]]",[0. 0. 0. ... 0. 0. 1.],[1. 1. 1. ... 0. 1. 0.]
471,knn,{'n_neighbors': 33},0.5884874735936021,0.11420780907852364,0.19058886582670964,0.2185299942796726,0.5952944329133548,0.10926499713983628,0.5841132488467479,0.1718266253869969,0.5859133126934984,0.5859133126934984,"{0: 0.6103372504289316, 1: 0.6103372504289316}","{0: 0.6103372504289316, 1: 0.6103372504289316}",0.6103372504289316,"[[421 225]
 [310 336]]",[0. 0. 0. ... 0. 0. 1.],[1. 1. 1. ... 0. 1. 0.]
213,knn,{'n_neighbors': 33},0.5884874735936021,0.11420780907852364,0.19058886582670964,0.2185299942796726,0.5952944329133548,0.10926499713983628,0.5841132488467479,0.1718266253869969,0.5859133126934984,0.5859133126934984,"{0: 0.6103372504289316, 1: 0.6103372504289316}","{0: 0.6103372504289316, 1: 0.6103372504289316}",0.6103372504289316,"[[421 225]
 [310 336]]",[0. 0. 0. ... 0. 0. 1.],[1. 1. 1. ... 0. 1. 0.]
267,knn,{'n_neighbors': 33},0.5884874735936021,0.11420780907852364,0.19058886582670964,0.2185299942796726,0.5952944329133548,0.10926499713983628,0.5841132488467479,0.1718266253869969,0.5859133126934984,0.5859133126934984,"{0: 0.6103372504289316, 1: 0.6103372504289316}","{0: 0.6103372504289316, 1: 0.6103372504289316}",0.6103372504289316,"[[421 225]
 [310 336]]",[0. 0. 0. ... 0. 0. 1.],[1. 1. 1. ... 0. 1. 0.]
789,knn,{'n_neighbors': 33},0.5884874735936021,0.11420780907852364,0.19058886582670964,0.2185299942796726,0.5952944329133548,0.10926499713983628,0.5841132488467479,0.1718266253869969,0.5859133126934984,0.5859133126934984,"{0: 0.6103372504289316, 1: 0.6103372504289316}","{0: 0.6103372504289316, 1: 0.6103372504289316}",0.6103372504289316,"[[421 225]
 [310 336]]",[0. 0. 0. ... 0. 0. 1.],[1. 1. 1. ... 0. 1. 0.]
804,knn,{'n_neighbors': 33},0.5884874735936021,0.11420780907852364,0.19058886582670964,0.2185299942796726,0.5952944329133548,0.10926499713983628,0.5841132488467479,0.1718266253869969,0.5859133126934984,0.5859133126934984,"{0: 0.6103372504289316, 1: 0.6103372504289316}","{0: 0.6103372504289316, 1: 0.6103372504289316}",0.6103372504289316,"[[421 225]
 [310 336]]",[0. 0. 0. ... 0. 0. 1.],[1. 1. 1. ... 0. 1. 0.]
322,knn,{'n_neighbors': 33},0.5884874735936021,0.11420780907852364,0.19058886582670964,0.2185299942796726,0.5952944329133548,0.10926499713983628,0.5841132488467479,0.1718266253869969,0.5859133126934984,0.5859133126934984,"{0: 0.6103372504289316, 1: 0.6103372504289316}","{0: 0.6103372504289316, 1: 0.6103372504289316}",0.6103372504289316,"[[421 225]
 [310 336]]",[0. 0. 0. ... 0. 0. 1.],[1. 1. 1. ... 0. 1. 0.]
766,knn,{'n_neighbors': 33},0.5884874735936021,0.11420780907852364,0.19058886582670964,0.2185299942796726,0.5952944329133548,0.10926499713983628,0.5841132488467479,0.1718266253869969,0.5859133126934984,0.5859133126934984,"{0: 0.6103372504289316, 1: 0.6103372504289316}","{0: 0.6103372504289316, 1: 0.6103372504289316}",0.6103372504289316,"[[421 225]
 [310 336]]",[0. 0. 0. ... 0. 0. 1.],[1. 1. 1. ... 0. 1. 0.]
403,knn,{'n_neighbors': 33},0.5884874735936021,0.11420780907852364,0.19058886582670964,0.2185299942796726,0.5952944329133548,0.10926499713983628,0.5841132488467479,0.1718266253869969,0.5859133126934984,0.5859133126934984,"{0: 0.6103372504289316, 1: 0.6103372504289316}","{0: 0.6103372504289316, 1: 0.6103372504289316}",0.6103372504289316,"[[421 225]
 [310 336]]",[0. 0. 0. ... 0. 0. 1.],[1. 1. 1. ... 0. 1. 0.]
327,knn,{'n_neighbors': 33},0.5884874735936021,0.11420780907852364,0.19058886582670964,0.2185299942796726,0.5952944329133548,0.10926499713983628,0.5841132488467479,0.1718266253869969,0.5859133126934984,0.5859133126934984,"{0: 0.6103372504289316, 1: 0.6103372504289316}","{0: 0.6103372504289316, 1: 0.6103372504289316}",0.6103372504289316,"[[421 225]
 [310 336]]",[0. 0. 0. ... 0. 0. 1.],[1. 1. 1. ... 0. 1. 0.]
402,knn,{'n_neighbors': 33},0.5884874735936021,0.11420780907852364,0.19058886582670964,0.2185299942796726,0.5952944329133548,0.10926499713983628,0.5841132488467479,0.1718266253869969,0.5859133126934984,0.5859133126934984,"{0: 0.6103372504289316, 1: 0.6103372504289316}","{0: 0.6103372504289316, 1: 0.6103372504289316}",0.6103372504289316,"[[421 225]
 [310 336]]",[0. 0. 0. ... 0. 0. 1.],[1. 1. 1. ... 0. 1. 0.]
329,knn,{'n_neighbors': 33},0.5884874735936021,0.11420780907852364,0.19058886582670964,0.2185299942796726,0.5952944329133548,0.10926499713983628,0.5841132488467479,0.1718266253869969,0.5859133126934984,0.5859133126934984,"{0: 0.6103372504289316, 1: 0.6103372504289316}","{0: 0.6103372504289316, 1: 0.6103372504289316}",0.6103372504289316,"[[421 225]
 [310 336]]",[0. 0. 0. ... 0. 0. 1.],[1. 1. 1. ... 0. 1. 0.]
763,knn,{'n_neighbors': 33},0.5884874735936021,0.11420780907852364,0.19058886582670964,0.2185299942796726,0.5952944329133548,0.10926499713983628,0.5841132488467479,0.1718266253869969,0.5859133126934984,0.5859133126934984,"{0: 0.6103372504289316, 1: 0.6103372504289316}","{0: 0.6103372504289316, 1: 0.6103372504289316}",0.6103372504289316,"[[421 225]
 [310 336]]",[0. 0. 0. ... 0. 0. 1.],[1. 1. 1. ... 0. 1. 0.]
401,knn,{'n_neighbors': 33},0.5884874735936021,0.11420780907852364,0.19058886582670964,0.2185299942796726,0.5952944329133548,0.10926499713983628,0.5841132488467479,0.1718266253869969,0.5859133126934984,0.5859133126934984,"{0: 0.6103372504289316, 1: 0.6103372504289316}","{0: 0.6103372504289316, 1: 0.6103372504289316}",0.6103372504289316,"[[421 225]
 [310 336]]",[0. 0. 0. ... 0. 0. 1.],[1. 1. 1. ... 0. 1. 0.]
710,knn,{'n_neighbors': 33},0.5884874735936021,0.11420780907852364,0.19058886582670964,0.2185299942796726,0.5952944329133548,0.10926499713983628,0.5841132488467479,0.1718266253869969,0.5859133126934984,0.5859133126934984,"{0: 0.6103372504289316, 1: 0.6103372504289316}","{0: 0.6103372504289316, 1: 0.6103372504289316}",0.6103372504289316,"[[421 225]
 [310 336]]",[0. 0. 0. ... 0. 0. 1.],[1. 1. 1. ... 0. 1. 0.]
341,knn,{'n_neighbors': 33},0.5884874735936021,0.11420780907852364,0.19058886582670964,0.2185299942796726,0.5952944329133548,0.10926499713983628,0.5841132488467479,0.1718266253869969,0.5859133126934984,0.5859133126934984,"{0: 0.6103372504289316, 1: 0.6103372504289316}","{0: 0.6103372504289316, 1: 0.6103372504289316}",0.6103372504289316,"[[421 225]
 [310 336]]",[0. 0. 0. ... 0. 0. 1.],[1. 1. 1. ... 0. 1. 0.]
396,knn,{'n_neighbors': 33},0.5884874735936021,0.11420780907852364,0.19058886582670964,0.2185299942796726,0.5952944329133548,0.10926499713983628,0.5841132488467479,0.1718266253869969,0.5859133126934984,0.5859133126934984,"{0: 0.6103372504289316, 1: 0.6103372504289316}","{0: 0.6103372504289316, 1: 0.6103372504289316}",0.6103372504289316,"[[421 225]
 [310 336]]",[0. 0. 0. ... 0. 0. 1.],[1. 1. 1. ... 0. 1. 0.]
756,knn,{'n_neighbors': 33},0.5884874735936021,0.11420780907852364,0.19058886582670964,0.2185299942796726,0.5952944329133548,0.10926499713983628,0.5841132488467479,0.1718266253869969,0.5859133126934984,0.5859133126934984,"{0: 0.6103372504289316, 1: 0.6103372504289316}","{0: 0.6103372504289316, 1: 0.6103372504289316}",0.6103372504289316,"[[421 225]
 [310 336]]",[0. 0. 0. ... 0. 0. 1.],[1. 1. 1. ... 0. 1. 0.]
716,knn,{'n_neighbors': 33},0.5884874735936021,0.11420780907852364,0.19058886582670964,0.2185299942796726,0.5952944329133548,0.10926499713983628,0.5841132488467479,0.1718266253869969,0.5859133126934984,0.5859133126934984,"{0: 0.6103372504289316, 1: 0.6103372504289316}","{0: 0.6103372504289316, 1: 0.6103372504289316}",0.6103372504289316,"[[421 225]
 [310 336]]",[0. 0. 0. ... 0. 0. 1.],[1. 1. 1. ... 0. 1. 0.]
391,knn,{'n_neighbors': 33},0.5884874735936021,0.11420780907852364,0.19058886582670964,0.2185299942796726,0.5952944329133548,0.10926499713983628,0.5841132488467479,0.1718266253869969,0.5859133126934984,0.5859133126934984,"{0: 0.6103372504289316, 1: 0.6103372504289316}","{0: 0.6103372504289316, 1: 0.6103372504289316}",0.6103372504289316,"[[421 225]
 [310 336]]",[0. 0. 0. ... 0. 0. 1.],[1. 1. 1. ... 0. 1. 0.]
749,knn,{'n_neighbors': 33},0.5884874735936021,0.11420780907852364,0.19058886582670964,0.2185299942796726,0.5952944329133548,0.10926499713983628,0.5841132488467479,0.1718266253869969,0.5859133126934984,0.5859133126934984,"{0: 0.6103372504289316, 1: 0.6103372504289316}","{0: 0.6103372504289316, 1: 0.6103372504289316}",0.6103372504289316,"[[421 225]
 [310 336]]",[0. 0. 0. ... 0. 0. 1.],[1. 1. 1. ... 0. 1. 0.]
390,knn,{'n_neighbors': 33},0.5884874735936021,0.11420780907852364,0.19058886582670964,0.2185299942796726,0.5952944329133548,0.10926499713983628,0.5841132488467479,0.1718266253869969,0.5859133126934984,0.5859133126934984,"{0: 0.6103372504289316, 1: 0.6103372504289316}","{0: 0.6103372504289316, 1: 0.6103372504289316}",0.6103372504289316,"[[421 225]
 [310 336]]",[0. 0. 0. ... 0. 0. 1.],[1. 1. 1. ... 0. 1. 0.]
353,knn,{'n_neighbors': 33},0.5884874735936021,0.11420780907852364,0.19058886582670964,0.2185299942796726,0.5952944329133548,0.10926499713983628,0.5841132488467479,0.1718266253869969,0.5859133126934984,0.5859133126934984,"{0: 0.6103372504289316, 1: 0.6103372504289316}","{0: 0.6103372504289316, 1: 0.6103372504289316}",0.6103372504289316,"[[421 225]
 [310 336]]",[0. 0. 0. ... 0. 0. 1.],[1. 1. 1. ... 0. 1. 0.]
719,knn,{'n_neighbors': 33},0.5884874735936021,0.11420780907852364,0.19058886582670964,0.2185299942796726,0.5952944329133548,0.10926499713983628,0.5841132488467479,0.1718266253869969,0.5859133126934984,0.5859133126934984,"{0: 0.6103372504289316, 1: 0.6103372504289316}","{0: 0.6103372504289316, 1: 0.6103372504289316}",0.6103372504289316,"[[421 225]
 [310 336]]",[0. 0. 0. ... 0. 0. 1.],[1. 1. 1. ... 0. 1. 0.]
383,knn,{'n_neighbors': 33},0.5884874735936021,0.11420780907852364,0.19058886582670964,0.2185299942796726,0.5952944329133548,0.10926499713983628,0.5841132488467479,0.1718266253869969,0.5859133126934984,0.5859133126934984,"{0: 0.6103372504289316, 1: 0.6103372504289316}","{0: 0.6103372504289316, 1: 0.6103372504289316}",0.6103372504289316,"[[421 225]
 [310 336]]",[0. 0. 0. ... 0. 0. 1.],[1. 1. 1. ... 0. 1. 0.]
739,knn,{'n_neighbors': 33},0.5884874735936021,0.11420780907852364,0.19058886582670964,0.2185299942796726,0.5952944329133548,0.10926499713983628,0.5841132488467479,0.1718266253869969,0.5859133126934984,0.5859133126934984,"{0: 0.6103372504289316, 1: 0.6103372504289316}","{0: 0.6103372504289316, 1: 0.6103372504289316}",0.6103372504289316,"[[421 225]
 [310 336]]",[0. 0. 0. ... 0. 0. 1.],[1. 1. 1. ... 0. 1. 0.]
361,knn,{'n_neighbors': 33},0.5884874735936021,0.11420780907852364,0.19058886582670964,0.2185299942796726,0.5952944329133548,0.10926499713983628,0.5841132488467479,0.1718266253869969,0.5859133126934984,0.5859133126934984,"{0: 0.6103372504289316, 1: 0.6103372504289316}","{0: 0.6103372504289316, 1: 0.6103372504289316}",0.6103372504289316,"[[421 225]
 [310 336]]",[0. 0. 0. ... 0. 0. 1.],[1. 1. 1. ... 0. 1. 0.]
725,knn,{'n_neighbors': 33},0.5884874735936021,0.11420780907852364,0.19058886582670964,0.2185299942796726,0.5952944329133548,0.10926499713983628,0.5841132488467479,0.1718266253869969,0.5859133126934984,0.5859133126934984,"{0: 0.6103372504289316, 1: 0.6103372504289316}","{0: 0.6103372504289316, 1: 0.6103372504289316}",0.6103372504289316,"[[421 225]
 [310 336]]",[0. 0. 0. ... 0. 0. 1.],[1. 1. 1. ... 0. 1. 0.]
734,knn,{'n_neighbors': 33},0.5884874735936021,0.11420780907852364,0.19058886582670964,0.2185299942796726,0.5952944329133548,0.10926499713983628,0.5841132488467479,0.1718266253869969,0.5859133126934984,0.5859133126934984,"{0: 0.6103372504289316, 1: 0.6103372504289316}","{0: 0.6103372504289316, 1: 0.6103372504289316}",0.6103372504289316,"[[421 225]
 [310 336]]",[0. 0. 0. ... 0. 0. 1.],[1. 1. 1. ... 0. 1. 0.]
368,knn,{'n_neighbors': 33},0.5884874735936021,0.11420780907852364,0.19058886582670964,0.2185299942796726,0.5952944329133548,0.10926499713983628,0.5841132488467479,0.1718266253869969,0.5859133126934984,0.5859133126934984,"{0: 0.6103372504289316, 1: 0.6103372504289316}","{0: 0.6103372504289316, 1: 0.6103372504289316}",0.6103372504289316,"[[421 225]
 [310 336]]",[0. 0. 0. ... 0. 0. 1.],[1. 1. 1. ... 0. 1. 0.]
404,knn,{'n_neighbors': 33},0.5884874735936021,0.11420780907852364,0.19058886582670964,0.2185299942796726,0.5952944329133548,0.10926499713983628,0.5841132488467479,0.1718266253869969,0.5859133126934984,0.5859133126934984,"{0: 0.6103372504289316, 1: 0.6103372504289316}","{0: 0.6103372504289316, 1: 0.6103372504289316}",0.6103372504289316,"[[421 225]
 [310 336]]",[0. 0. 0. ... 0. 0. 1.],[1. 1. 1. ... 0. 1. 0.]
774,knn,{'n_neighbors': 33},0.5884874735936021,0.11420780907852364,0.19058886582670964,0.2185299942796726,0.5952944329133548,0.10926499713983628,0.5841132488467479,0.1718266253869969,0.5859133126934984,0.5859133126934984,"{0: 0.6103372504289316, 1: 0.6103372504289316}","{0: 0.6103372504289316, 1: 0.6103372504289316}",0.6103372504289316,"[[421 225]
 [310 336]]",[0. 0. 0. ... 0. 0. 1.],[1. 1. 1. ... 0. 1. 0.]
271,knn,{'n_neighbors': 33},0.5884874735936021,0.11420780907852364,0.19058886582670964,0.2185299942796726,0.5952944329133548,0.10926499713983628,0.5841132488467479,0.1718266253869969,0.5859133126934984,0.5859133126934984,"{0: 0.6103372504289316, 1: 0.6103372504289316}","{0: 0.6103372504289316, 1: 0.6103372504289316}",0.6103372504289316,"[[421 225]
 [310 336]]",[0. 0. 0. ... 0. 0. 1.],[1. 1. 1. ... 0. 1. 0.]
412,knn,{'n_neighbors': 33},0.5884874735936021,0.11420780907852364,0.19058886582670964,0.2185299942796726,0.5952944329133548,0.10926499713983628,0.5841132488467479,0.1718266253869969,0.5859133126934984,0.5859133126934984,"{0: 0.6103372504289316, 1: 0.6103372504289316}","{0: 0.6103372504289316, 1: 0.6103372504289316}",0.6103372504289316,"[[421 225]
 [310 336]]",[0. 0. 0. ... 0. 0. 1.],[1. 1. 1. ... 0. 1. 0.]
272,knn,{'n_neighbors': 33},0.5884874735936021,0.11420780907852364,0.19058886582670964,0.2185299942796726,0.5952944329133548,0.10926499713983628,0.5841132488467479,0.1718266253869969,0.5859133126934984,0.5859133126934984,"{0: 0.6103372504289316, 1: 0.6103372504289316}","{0: 0.6103372504289316, 1: 0.6103372504289316}",0.6103372504289316,"[[421 225]
 [310 336]]",[0. 0. 0. ... 0. 0. 1.],[1. 1. 1. ... 0. 1. 0.]
691,knn,{'n_neighbors': 33},0.5884874735936021,0.11420780907852364,0.19058886582670964,0.2185299942796726,0.5952944329133548,0.10926499713983628,0.5841132488467479,0.1718266253869969,0.5859133126934984,0.5859133126934984,"{0: 0.6103372504289316, 1: 0.6103372504289316}","{0: 0.6103372504289316, 1: 0.6103372504289316}",0.6103372504289316,"[[421 225]
 [310 336]]",[0. 0. 0. ... 0. 0. 1.],[1. 1. 1. ... 0. 1. 0.]
800,knn,{'n_neighbors': 33},0.5884874735936021,0.11420780907852364,0.19058886582670964,0.2185299942796726,0.5952944329133548,0.10926499713983628,0.5841132488467479,0.1718266253869969,0.5859133126934984,0.5859133126934984,"{0: 0.6103372504289316, 1: 0.6103372504289316}","{0: 0.6103372504289316, 1: 0.6103372504289316}",0.6103372504289316,"[[421 225]
 [310 336]]",[0. 0. 0. ... 0. 0. 1.],[1. 1. 1. ... 0. 1. 0.]
434,knn,{'n_neighbors': 33},0.5884874735936021,0.11420780907852364,0.19058886582670964,0.2185299942796726,0.5952944329133548,0.10926499713983628,0.5841132488467479,0.1718266253869969,0.5859133126934984,0.5859133126934984,"{0: 0.6103372504289316, 1: 0.6103372504289316}","{0: 0.6103372504289316, 1: 0.6103372504289316}",0.6103372504289316,"[[421 225]
 [310 336]]",[0. 0. 0. ... 0. 0. 1.],[1. 1. 1. ... 0. 1. 0.]
433,knn,{'n_neighbors': 33},0.5884874735936021,0.11420780907852364,0.19058886582670964,0.2185299942796726,0.5952944329133548,0.10926499713983628,0.5841132488467479,0.1718266253869969,0.5859133126934984,0.5859133126934984,"{0: 0.6103372504289316, 1: 0.6103372504289316}","{0: 0.6103372504289316, 1: 0.6103372504289316}",0.6103372504289316,"[[421 225]
 [310 336]]",[0. 0. 0. ... 0. 0. 1.],[1. 1. 1. ... 0. 1. 0.]
796,knn,{'n_neighbors': 33},0.5884874735936021,0.11420780907852364,0.19058886582670964,0.2185299942796726,0.5952944329133548,0.10926499713983628,0.5841132488467479,0.1718266253869969,0.5859133126934984,0.5859133126934984,"{0: 0.6103372504289316, 1: 0.6103372504289316}","{0: 0.6103372504289316, 1: 0.6103372504289316}",0.6103372504289316,"[[421 225]
 [310 336]]",[0. 0. 0. ... 0. 0. 1.],[1. 1. 1. ... 0. 1. 0.]
283,knn,{'n_neighbors': 33},0.5884874735936021,0.11420780907852364,0.19058886582670964,0.2185299942796726,0.5952944329133548,0.10926499713983628,0.5841132488467479,0.1718266253869969,0.5859133126934984,0.5859133126934984,"{0: 0.6103372504289316, 1: 0.6103372504289316}","{0: 0.6103372504289316, 1: 0.6103372504289316}",0.6103372504289316,"[[421 225]
 [310 336]]",[0. 0. 0. ... 0. 0. 1.],[1. 1. 1. ... 0. 1. 0.]
795,knn,{'n_neighbors': 33},0.5884874735936021,0.11420780907852364,0.19058886582670964,0.2185299942796726,0.5952944329133548,0.10926499713983628,0.5841132488467479,0.1718266253869969,0.5859133126934984,0.5859133126934984,"{0: 0.6103372504289316, 1: 0.6103372504289316}","{0: 0.6103372504289316, 1: 0.6103372504289316}",0.6103372504289316,"[[421 225]
 [310 336]]",[0. 0. 0. ... 0. 0. 1.],[1. 1. 1. ... 0. 1. 0.]
793,knn,{'n_neighbors': 33},0.5884874735936021,0.11420780907852364,0.19058886582670964,0.2185299942796726,0.5952944329133548,0.10926499713983628,0.5841132488467479,0.1718266253869969,0.5859133126934984,0.5859133126934984,"{0: 0.6103372504289316, 1: 0.6103372504289316}","{0: 0.6103372504289316, 1: 0.6103372504289316}",0.6103372504289316,"[[421 225]
 [310 336]]",[0. 0. 0. ... 0. 0. 1.],[1. 1. 1. ... 0. 1. 0.]
701,knn,{'n_neighbors': 33},0.5884874735936021,0.11420780907852364,0.19058886582670964,0.2185299942796726,0.5952944329133548,0.10926499713983628,0.5841132488467479,0.1718266253869969,0.5859133126934984,0.5859133126934984,"{0: 0.6103372504289316, 1: 0.6103372504289316}","{0: 0.6103372504289316, 1: 0.6103372504289316}",0.6103372504289316,"[[421 225]
 [310 336]]",[0. 0. 0. ... 0. 0. 1.],[1. 1. 1. ... 0. 1. 0.]
791,knn,{'n_neighbors': 33},0.5884874735936021,0.11420780907852364,0.19058886582670964,0.2185299942796726,0.5952944329133548,0.10926499713983628,0.5841132488467479,0.1718266253869969,0.5859133126934984,0.5859133126934984,"{0: 0.6103372504289316, 1: 0.6103372504289316}","{0: 0.6103372504289316, 1: 0.6103372504289316}",0.6103372504289316,"[[421 225]
 [310 336]]",[0. 0. 0. ... 0. 0. 1.],[1. 1. 1. ... 0. 1. 0.]
790,knn,{'n_neighbors': 33},0.5884874735936021,0.11420780907852364,0.19058886582670964,0.2185299942796726,0.5952944329133548,0.10926499713983628,0.5841132488467479,0.1718266253869969,0.5859133126934984,0.5859133126934984,"{0: 0.6103372504289316, 1: 0.6103372504289316}","{0: 0.6103372504289316, 1: 0.6103372504289316}",0.6103372504289316,"[[421 225]
 [310 336]]",[0. 0. 0. ... 0. 0. 1.],[1. 1. 1. ... 0. 1. 0.]
295,knn,{'n_neighbors': 33},0.5884874735936021,0.11420780907852364,0.19058886582670964,0.2185299942796726,0.5952944329133548,0.10926499713983628,0.5841132488467479,0.1718266253869969,0.5859133126934984,0.5859133126934984,"{0: 0.6103372504289316, 1: 0.6103372504289316}","{0: 0.6103372504289316, 1: 0.6103372504289316}",0.6103372504289316,"[[421 225]
 [310 336]]",[0. 0. 0. ... 0. 0. 1.],[1. 1. 1. ... 0. 1. 0.]
150,knn,{'n_neighbors': 33},0.5884874735936021,0.11420780907852364,0.19058886582670964,0.2185299942796726,0.5952944329133548,0.10926499713983628,0.5841132488467479,0.1718266253869969,0.5859133126934984,0.5859133126934984,"{0: 0.6103372504289316, 1: 0.6103372504289316}","{0: 0.6103372504289316, 1: 0.6103372504289316}",0.6103372504289316,"[[421 225]
 [310 336]]",[0. 0. 0. ... 0. 0. 1.],[1. 1. 1. ... 0. 1. 0.]
787,knn,{'n_neighbors': 33},0.5884874735936021,0.11420780907852364,0.19058886582670964,0.2185299942796726,0.5952944329133548,0.10926499713983628,0.5841132488467479,0.1718266253869969,0.5859133126934984,0.5859133126934984,"{0: 0.6103372504289316, 1: 0.6103372504289316}","{0: 0.6103372504289316, 1: 0.6103372504289316}",0.6103372504289316,"[[421 225]
 [310 336]]",[0. 0. 0. ... 0. 0. 1.],[1. 1. 1. ... 0. 1. 0.]
419,knn,{'n_neighbors': 33},0.5884874735936021,0.11420780907852364,0.19058886582670964,0.2185299942796726,0.5952944329133548,0.10926499713983628,0.5841132488467479,0.1718266253869969,0.5859133126934984,0.5859133126934984,"{0: 0.6103372504289316, 1: 0.6103372504289316}","{0: 0.6103372504289316, 1: 0.6103372504289316}",0.6103372504289316,"[[421 225]
 [310 336]]",[0. 0. 0. ... 0. 0. 1.],[1. 1. 1. ... 0. 1. 0.]
303,knn,{'n_neighbors': 33},0.5884874735936021,0.11420780907852364,0.19058886582670964,0.2185299942796726,0.5952944329133548,0.10926499713983628,0.5841132488467479,0.1718266253869969,0.5859133126934984,0.5859133126934984,"{0: 0.6103372504289316, 1: 0.6103372504289316}","{0: 0.6103372504289316, 1: 0.6103372504289316}",0.6103372504289316,"[[421 225]
 [310 336]]",[0. 0. 0. ... 0. 0. 1.],[1. 1. 1. ... 0. 1. 0.]
786,knn,{'n_neighbors': 33},0.5884874735936021,0.11420780907852364,0.19058886582670964,0.2185299942796726,0.5952944329133548,0.10926499713983628,0.5841132488467479,0.1718266253869969,0.5859133126934984,0.5859133126934984,"{0: 0.6103372504289316, 1: 0.6103372504289316}","{0: 0.6103372504289316, 1: 0.6103372504289316}",0.6103372504289316,"[[421 225]
 [310 336]]",[0. 0. 0. ... 0. 0. 1.],[1. 1. 1. ... 0. 1. 0.]
785,knn,{'n_neighbors': 33},0.5884874735936021,0.11420780907852364,0.19058886582670964,0.2185299942796726,0.5952944329133548,0.10926499713983628,0.5841132488467479,0.1718266253869969,0.5859133126934984,0.5859133126934984,"{0: 0.6103372504289316, 1: 0.6103372504289316}","{0: 0.6103372504289316, 1: 0.6103372504289316}",0.6103372504289316,"[[421 225]
 [310 336]]",[0. 0. 0. ... 0. 0. 1.],[1. 1. 1. ... 0. 1. 0.]
311,knn,{'n_neighbors': 33},0.5884874735936021,0.11420780907852364,0.19058886582670964,0.2185299942796726,0.5952944329133548,0.10926499713983628,0.5841132488467479,0.1718266253869969,0.5859133126934984,0.5859133126934984,"{0: 0.6103372504289316, 1: 0.6103372504289316}","{0: 0.6103372504289316, 1: 0.6103372504289316}",0.6103372504289316,"[[421 225]
 [310 336]]",[0. 0. 0. ... 0. 0. 1.],[1. 1. 1. ... 0. 1. 0.]
414,knn,{'n_neighbors': 33},0.5884874735936021,0.11420780907852364,0.19058886582670964,0.2185299942796726,0.5952944329133548,0.10926499713983628,0.5841132488467479,0.1718266253869969,0.5859133126934984,0.5859133126934984,"{0: 0.6103372504289316, 1: 0.6103372504289316}","{0: 0.6103372504289316, 1: 0.6103372504289316}",0.6103372504289316,"[[421 225]
 [310 336]]",[0. 0. 0. ... 0. 0. 1.],[1. 1. 1. ... 0. 1. 0.]
778,knn,{'n_neighbors': 33},0.5884874735936021,0.11420780907852364,0.19058886582670964,0.2185299942796726,0.5952944329133548,0.10926499713983628,0.5841132488467479,0.1718266253869969,0.5859133126934984,0.5859133126934984,"{0: 0.6103372504289316, 1: 0.6103372504289316}","{0: 0.6103372504289316, 1: 0.6103372504289316}",0.6103372504289316,"[[421 225]
 [310 336]]",[0. 0. 0. ... 0. 0. 1.],[1. 1. 1. ... 0. 1. 0.]
413,knn,{'n_neighbors': 33},0.5884874735936021,0.11420780907852364,0.19058886582670964,0.2185299942796726,0.5952944329133548,0.10926499713983628,0.5841132488467479,0.1718266253869969,0.5859133126934984,0.5859133126934984,"{0: 0.6103372504289316, 1: 0.6103372504289316}","{0: 0.6103372504289316, 1: 0.6103372504289316}",0.6103372504289316,"[[421 225]
 [310 336]]",[0. 0. 0. ... 0. 0. 1.],[1. 1. 1. ... 0. 1. 0.]
152,knn,{'n_neighbors': 33},0.5884874735936021,0.11420780907852364,0.19058886582670964,0.2185299942796726,0.5952944329133548,0.10926499713983628,0.5841132488467479,0.1718266253869969,0.5859133126934984,0.5859133126934984,"{0: 0.6103372504289316, 1: 0.6103372504289316}","{0: 0.6103372504289316, 1: 0.6103372504289316}",0.6103372504289316,"[[421 225]
 [310 336]]",[0. 0. 0. ... 0. 0. 1.],[1. 1. 1. ... 0. 1. 0.]
859,knn,{'n_neighbors': 33},0.5884874735936021,0.11420780907852364,0.19058886582670964,0.2185299942796726,0.5952944329133548,0.10926499713983628,0.5841132488467479,0.1718266253869969,0.5859133126934984,0.5859133126934984,"{0: 0.6103372504289316, 1: 0.6103372504289316}","{0: 0.6103372504289316, 1: 0.6103372504289316}",0.6103372504289316,"[[421 225]
 [310 336]]",[0. 0. 0. ... 0. 0. 1.],[1. 1. 1. ... 0. 1. 0.]
580,knn,{'n_neighbors': 33},0.5884874735936021,0.11420780907852364,0.19058886582670964,0.2185299942796726,0.5952944329133548,0.10926499713983628,0.5841132488467479,0.1718266253869969,0.5859133126934984,0.5859133126934984,"{0: 0.6103372504289316, 1: 0.6103372504289316}","{0: 0.6103372504289316, 1: 0.6103372504289316}",0.6103372504289316,"[[421 225]
 [310 336]]",[0. 0. 0. ... 0. 0. 1.],[1. 1. 1. ... 0. 1. 0.]
629,knn,{'n_neighbors': 33},0.5884874735936021,0.11420780907852364,0.19058886582670964,0.2185299942796726,0.5952944329133548,0.10926499713983628,0.5841132488467479,0.1718266253869969,0.5859133126934984,0.5859133126934984,"{0: 0.6103372504289316, 1: 0.6103372504289316}","{0: 0.6103372504289316, 1: 0.6103372504289316}",0.6103372504289316,"[[421 225]
 [310 336]]",[0. 0. 0. ... 0. 0. 1.],[1. 1. 1. ... 0. 1. 0.]
114,knn,{'n_neighbors': 33},0.5884874735936021,0.11420780907852364,0.19058886582670964,0.2185299942796726,0.5952944329133548,0.10926499713983628,0.5841132488467479,0.1718266253869969,0.5859133126934984,0.5859133126934984,"{0: 0.6103372504289316, 1: 0.6103372504289316}","{0: 0.6103372504289316, 1: 0.6103372504289316}",0.6103372504289316,"[[421 225]
 [310 336]]",[0. 0. 0. ... 0. 0. 1.],[1. 1. 1. ... 0. 1. 0.]
620,knn,{'n_neighbors': 33},0.5884874735936021,0.11420780907852364,0.19058886582670964,0.2185299942796726,0.5952944329133548,0.10926499713983628,0.5841132488467479,0.1718266253869969,0.5859133126934984,0.5859133126934984,"{0: 0.6103372504289316, 1: 0.6103372504289316}","{0: 0.6103372504289316, 1: 0.6103372504289316}",0.6103372504289316,"[[421 225]
 [310 336]]",[0. 0. 0. ... 0. 0. 1.],[1. 1. 1. ... 0. 1. 0.]
591,knn,{'n_neighbors': 33},0.5884874735936021,0.11420780907852364,0.19058886582670964,0.2185299942796726,0.5952944329133548,0.10926499713983628,0.5841132488467479,0.1718266253869969,0.5859133126934984,0.5859133126934984,"{0: 0.6103372504289316, 1: 0.6103372504289316}","{0: 0.6103372504289316, 1: 0.6103372504289316}",0.6103372504289316,"[[421 225]
 [310 336]]",[0. 0. 0. ... 0. 0. 1.],[1. 1. 1. ... 0. 1. 0.]
66,knn,{'n_neighbors': 33},0.5884874735936021,0.11420780907852364,0.19058886582670964,0.2185299942796726,0.5952944329133548,0.10926499713983628,0.5841132488467479,0.1718266253869969,0.5859133126934984,0.5859133126934984,"{0: 0.6103372504289316, 1: 0.6103372504289316}","{0: 0.6103372504289316, 1: 0.6103372504289316}",0.6103372504289316,"[[421 225]
 [310 336]]",[0. 0. 0. ... 0. 0. 1.],[1. 1. 1. ... 0. 1. 0.]
911,knn,{'n_neighbors': 33},0.5884874735936021,0.11420780907852364,0.19058886582670964,0.2185299942796726,0.5952944329133548,0.10926499713983628,0.5841132488467479,0.1718266253869969,0.5859133126934984,0.5859133126934984,"{0: 0.6103372504289316, 1: 0.6103372504289316}","{0: 0.6103372504289316, 1: 0.6103372504289316}",0.6103372504289316,"[[421 225]
 [310 336]]",[0. 0. 0. ... 0. 0. 1.],[1. 1. 1. ... 0. 1. 0.]
582,knn,{'n_neighbors': 33},0.5884874735936021,0.11420780907852364,0.19058886582670964,0.2185299942796726,0.5952944329133548,0.10926499713983628,0.5841132488467479,0.1718266253869969,0.5859133126934984,0.5859133126934984,"{0: 0.6103372504289316, 1: 0.6103372504289316}","{0: 0.6103372504289316, 1: 0.6103372504289316}",0.6103372504289316,"[[421 225]
 [310 336]]",[0. 0. 0. ... 0. 0. 1.],[1. 1. 1. ... 0. 1. 0.]
65,knn,{'n_neighbors': 33},0.5884874735936021,0.11420780907852364,0.19058886582670964,0.2185299942796726,0.5952944329133548,0.10926499713983628,0.5841132488467479,0.1718266253869969,0.5859133126934984,0.5859133126934984,"{0: 0.6103372504289316, 1: 0.6103372504289316}","{0: 0.6103372504289316, 1: 0.6103372504289316}",0.6103372504289316,"[[421 225]
 [310 336]]",[0. 0. 0. ... 0. 0. 1.],[1. 1. 1. ... 0. 1. 0.]
534,knn,{'n_neighbors': 33},0.5884874735936021,0.11420780907852364,0.19058886582670964,0.2185299942796726,0.5952944329133548,0.10926499713983628,0.5841132488467479,0.1718266253869969,0.5859133126934984,0.5859133126934984,"{0: 0.6103372504289316, 1: 0.6103372504289316}","{0: 0.6103372504289316, 1: 0.6103372504289316}",0.6103372504289316,"[[421 225]
 [310 336]]",[0. 0. 0. ... 0. 0. 1.],[1. 1. 1. ... 0. 1. 0.]
533,knn,{'n_neighbors': 33},0.5884874735936021,0.11420780907852364,0.19058886582670964,0.2185299942796726,0.5952944329133548,0.10926499713983628,0.5841132488467479,0.1718266253869969,0.5859133126934984,0.5859133126934984,"{0: 0.6103372504289316, 1: 0.6103372504289316}","{0: 0.6103372504289316, 1: 0.6103372504289316}",0.6103372504289316,"[[421 225]
 [310 336]]",[0. 0. 0. ... 0. 0. 1.],[1. 1. 1. ... 0. 1. 0.]
125,knn,{'n_neighbors': 33},0.5884874735936021,0.11420780907852364,0.19058886582670964,0.2185299942796726,0.5952944329133548,0.10926499713983628,0.5841132488467479,0.1718266253869969,0.5859133126934984,0.5859133126934984,"{0: 0.6103372504289316, 1: 0.6103372504289316}","{0: 0.6103372504289316, 1: 0.6103372504289316}",0.6103372504289316,"[[421 225]
 [310 336]]",[0. 0. 0. ... 0. 0. 1.],[1. 1. 1. ... 0. 1. 0.]
572,knn,{'n_neighbors': 33},0.5884874735936021,0.11420780907852364,0.19058886582670964,0.2185299942796726,0.5952944329133548,0.10926499713983628,0.5841132488467479,0.1718266253869969,0.5859133126934984,0.5859133126934984,"{0: 0.6103372504289316, 1: 0.6103372504289316}","{0: 0.6103372504289316, 1: 0.6103372504289316}",0.6103372504289316,"[[421 225]
 [310 336]]",[0. 0. 0. ... 0. 0. 1.],[1. 1. 1. ... 0. 1. 0.]
904,knn,{'n_neighbors': 33},0.5884874735936021,0.11420780907852364,0.19058886582670964,0.2185299942796726,0.5952944329133548,0.10926499713983628,0.5841132488467479,0.1718266253869969,0.5859133126934984,0.5859133126934984,"{0: 0.6103372504289316, 1: 0.6103372504289316}","{0: 0.6103372504289316, 1: 0.6103372504289316}",0.6103372504289316,"[[421 225]
 [310 336]]",[0. 0. 0. ... 0. 0. 1.],[1. 1. 1. ... 0. 1. 0.]
45,knn,{'n_neighbors': 33},0.5884874735936021,0.11420780907852364,0.19058886582670964,0.2185299942796726,0.5952944329133548,0.10926499713983628,0.5841132488467479,0.1718266253869969,0.5859133126934984,0.5859133126934984,"{0: 0.6103372504289316, 1: 0.6103372504289316}","{0: 0.6103372504289316, 1: 0.6103372504289316}",0.6103372504289316,"[[421 225]
 [310 336]]",[0. 0. 0. ... 0. 0. 1.],[1. 1. 1. ... 0. 1. 0.]
592,knn,{'n_neighbors': 33},0.5884874735936021,0.11420780907852364,0.19058886582670964,0.2185299942796726,0.5952944329133548,0.10926499713983628,0.5841132488467479,0.1718266253869969,0.5859133126934984,0.5859133126934984,"{0: 0.6103372504289316, 1: 0.6103372504289316}","{0: 0.6103372504289316, 1: 0.6103372504289316}",0.6103372504289316,"[[421 225]
 [310 336]]",[0. 0. 0. ... 0. 0. 1.],[1. 1. 1. ... 0. 1. 0.]
901,knn,{'n_neighbors': 33},0.5884874735936021,0.11420780907852364,0.19058886582670964,0.2185299942796726,0.5952944329133548,0.10926499713983628,0.5841132488467479,0.1718266253869969,0.5859133126934984,0.5859133126934984,"{0: 0.6103372504289316, 1: 0.6103372504289316}","{0: 0.6103372504289316, 1: 0.6103372504289316}",0.6103372504289316,"[[421 225]
 [310 336]]",[0. 0. 0. ... 0. 0. 1.],[1. 1. 1. ... 0. 1. 0.]
918,knn,{'n_neighbors': 33},0.5884874735936021,0.11420780907852364,0.19058886582670964,0.2185299942796726,0.5952944329133548,0.10926499713983628,0.5841132488467479,0.1718266253869969,0.5859133126934984,0.5859133126934984,"{0: 0.6103372504289316, 1: 0.6103372504289316}","{0: 0.6103372504289316, 1: 0.6103372504289316}",0.6103372504289316,"[[421 225]
 [310 336]]",[0. 0. 0. ... 0. 0. 1.],[1. 1. 1. ... 0. 1. 0.]
617,knn,{'n_neighbors': 33},0.5884874735936021,0.11420780907852364,0.19058886582670964,0.2185299942796726,0.5952944329133548,0.10926499713983628,0.5841132488467479,0.1718266253869969,0.5859133126934984,0.5859133126934984,"{0: 0.6103372504289316, 1: 0.6103372504289316}","{0: 0.6103372504289316, 1: 0.6103372504289316}",0.6103372504289316,"[[421 225]
 [310 336]]",[0. 0. 0. ... 0. 0. 1.],[1. 1. 1. ... 0. 1. 0.]
566,knn,{'n_neighbors': 33},0.5884874735936021,0.11420780907852364,0.19058886582670964,0.2185299942796726,0.5952944329133548,0.10926499713983628,0.5841132488467479,0.1718266253869969,0.5859133126934984,0.5859133126934984,"{0: 0.6103372504289316, 1: 0.6103372504289316}","{0: 0.6103372504289316, 1: 0.6103372504289316}",0.6103372504289316,"[[421 225]
 [310 336]]",[0. 0. 0. ... 0. 0. 1.],[1. 1. 1. ... 0. 1. 0.]
560,knn,{'n_neighbors': 33},0.5884874735936021,0.11420780907852364,0.19058886582670964,0.2185299942796726,0.5952944329133548,0.10926499713983628,0.5841132488467479,0.1718266253869969,0.5859133126934984,0.5859133126934984,"{0: 0.6103372504289316, 1: 0.6103372504289316}","{0: 0.6103372504289316, 1: 0.6103372504289316}",0.6103372504289316,"[[421 225]
 [310 336]]",[0. 0. 0. ... 0. 0. 1.],[1. 1. 1. ... 0. 1. 0.]
90,knn,{'n_neighbors': 33},0.5884874735936021,0.11420780907852364,0.19058886582670964,0.2185299942796726,0.5952944329133548,0.10926499713983628,0.5841132488467479,0.1718266253869969,0.5859133126934984,0.5859133126934984,"{0: 0.6103372504289316, 1: 0.6103372504289316}","{0: 0.6103372504289316, 1: 0.6103372504289316}",0.6103372504289316,"[[421 225]
 [310 336]]",[0. 0. 0. ... 0. 0. 1.],[1. 1. 1. ... 0. 1. 0.]
606,knn,{'n_neighbors': 33},0.5884874735936021,0.11420780907852364,0.19058886582670964,0.2185299942796726,0.5952944329133548,0.10926499713983628,0.5841132488467479,0.1718266253869969,0.5859133126934984,0.5859133126934984,"{0: 0.6103372504289316, 1: 0.6103372504289316}","{0: 0.6103372504289316, 1: 0.6103372504289316}",0.6103372504289316,"[[421 225]
 [310 336]]",[0. 0. 0. ... 0. 0. 1.],[1. 1. 1. ... 0. 1. 0.]
583,knn,{'n_neighbors': 33},0.5884874735936021,0.11420780907852364,0.19058886582670964,0.2185299942796726,0.5952944329133548,0.10926499713983628,0.5841132488467479,0.1718266253869969,0.5859133126934984,0.5859133126934984,"{0: 0.6103372504289316, 1: 0.6103372504289316}","{0: 0.6103372504289316, 1: 0.6103372504289316}",0.6103372504289316,"[[421 225]
 [310 336]]",[0. 0. 0. ... 0. 0. 1.],[1. 1. 1. ... 0. 1. 0.]
940,knn,{'n_neighbors': 33},0.5884874735936021,0.11420780907852364,0.19058886582670964,0.2185299942796726,0.5952944329133548,0.10926499713983628,0.5841132488467479,0.1718266253869969,0.5859133126934984,0.5859133126934984,"{0: 0.6103372504289316, 1: 0.6103372504289316}","{0: 0.6103372504289316, 1: 0.6103372504289316}",0.6103372504289316,"[[421 225]
 [310 336]]",[0. 0. 0. ... 0. 0. 1.],[1. 1. 1. ... 0. 1. 0.]
93,knn,{'n_neighbors': 33},0.5884874735936021,0.11420780907852364,0.19058886582670964,0.2185299942796726,0.5952944329133548,0.10926499713983628,0.5841132488467479,0.1718266253869969,0.5859133126934984,0.5859133126934984,"{0: 0.6103372504289316, 1: 0.6103372504289316}","{0: 0.6103372504289316, 1: 0.6103372504289316}",0.6103372504289316,"[[421 225]
 [310 336]]",[0. 0. 0. ... 0. 0. 1.],[1. 1. 1. ... 0. 1. 0.]
97,knn,{'n_neighbors': 33},0.5884874735936021,0.11420780907852364,0.19058886582670964,0.2185299942796726,0.5952944329133548,0.10926499713983628,0.5841132488467479,0.1718266253869969,0.5859133126934984,0.5859133126934984,"{0: 0.6103372504289316, 1: 0.6103372504289316}","{0: 0.6103372504289316, 1: 0.6103372504289316}",0.6103372504289316,"[[421 225]
 [310 336]]",[0. 0. 0. ... 0. 0. 1.],[1. 1. 1. ... 0. 1. 0.]
929,knn,{'n_neighbors': 33},0.5884874735936021,0.11420780907852364,0.19058886582670964,0.2185299942796726,0.5952944329133548,0.10926499713983628,0.5841132488467479,0.1718266253869969,0.5859133126934984,0.5859133126934984,"{0: 0.6103372504289316, 1: 0.6103372504289316}","{0: 0.6103372504289316, 1: 0.6103372504289316}",0.6103372504289316,"[[421 225]
 [310 336]]",[0. 0. 0. ... 0. 0. 1.],[1. 1. 1. ... 0. 1. 0.]
922,knn,{'n_neighbors': 33},0.5884874735936021,0.11420780907852364,0.19058886582670964,0.2185299942796726,0.5952944329133548,0.10926499713983628,0.5841132488467479,0.1718266253869969,0.5859133126934984,0.5859133126934984,"{0: 0.6103372504289316, 1: 0.6103372504289316}","{0: 0.6103372504289316, 1: 0.6103372504289316}",0.6103372504289316,"[[421 225]
 [310 336]]",[0. 0. 0. ... 0. 0. 1.],[1. 1. 1. ... 0. 1. 0.]
82,knn,{'n_neighbors': 33},0.5884874735936021,0.11420780907852364,0.19058886582670964,0.2185299942796726,0.5952944329133548,0.10926499713983628,0.5841132488467479,0.1718266253869969,0.5859133126934984,0.5859133126934984,"{0: 0.6103372504289316, 1: 0.6103372504289316}","{0: 0.6103372504289316, 1: 0.6103372504289316}",0.6103372504289316,"[[421 225]
 [310 336]]",[0. 0. 0. ... 0. 0. 1.],[1. 1. 1. ... 0. 1. 0.]
925,knn,{'n_neighbors': 33},0.5884874735936021,0.11420780907852364,0.19058886582670964,0.2185299942796726,0.5952944329133548,0.10926499713983628,0.5841132488467479,0.1718266253869969,0.5859133126934984,0.5859133126934984,"{0: 0.6103372504289316, 1: 0.6103372504289316}","{0: 0.6103372504289316, 1: 0.6103372504289316}",0.6103372504289316,"[[421 225]
 [310 336]]",[0. 0. 0. ... 0. 0. 1.],[1. 1. 1. ... 0. 1. 0.]
604,knn,{'n_neighbors': 33},0.5884874735936021,0.11420780907852364,0.19058886582670964,0.2185299942796726,0.5952944329133548,0.10926499713983628,0.5841132488467479,0.1718266253869969,0.5859133126934984,0.5859133126934984,"{0: 0.6103372504289316, 1: 0.6103372504289316}","{0: 0.6103372504289316, 1: 0.6103372504289316}",0.6103372504289316,"[[421 225]
 [310 336]]",[0. 0. 0. ... 0. 0. 1.],[1. 1. 1. ... 0. 1. 0.]
548,knn,{'n_neighbors': 33},0.5884874735936021,0.11420780907852364,0.19058886582670964,0.2185299942796726,0.5952944329133548,0.10926499713983628,0.5841132488467479,0.1718266253869969,0.5859133126934984,0.5859133126934984,"{0: 0.6103372504289316, 1: 0.6103372504289316}","{0: 0.6103372504289316, 1: 0.6103372504289316}",0.6103372504289316,"[[421 225]
 [310 336]]",[0. 0. 0. ... 0. 0. 1.],[1. 1. 1. ... 0. 1. 0.]
547,knn,{'n_neighbors': 33},0.5884874735936021,0.11420780907852364,0.19058886582670964,0.2185299942796726,0.5952944329133548,0.10926499713983628,0.5841132488467479,0.1718266253869969,0.5859133126934984,0.5859133126934984,"{0: 0.6103372504289316, 1: 0.6103372504289316}","{0: 0.6103372504289316, 1: 0.6103372504289316}",0.6103372504289316,"[[421 225]
 [310 336]]",[0. 0. 0. ... 0. 0. 1.],[1. 1. 1. ... 0. 1. 0.]
588,knn,{'n_neighbors': 33},0.5884874735936021,0.11420780907852364,0.19058886582670964,0.2185299942796726,0.5952944329133548,0.10926499713983628,0.5841132488467479,0.1718266253869969,0.5859133126934984,0.5859133126934984,"{0: 0.6103372504289316, 1: 0.6103372504289316}","{0: 0.6103372504289316, 1: 0.6103372504289316}",0.6103372504289316,"[[421 225]
 [310 336]]",[0. 0. 0. ... 0. 0. 1.],[1. 1. 1. ... 0. 1. 0.]
600,knn,{'n_neighbors': 33},0.5884874735936021,0.11420780907852364,0.19058886582670964,0.2185299942796726,0.5952944329133548,0.10926499713983628,0.5841132488467479,0.1718266253869969,0.5859133126934984,0.5859133126934984,"{0: 0.6103372504289316, 1: 0.6103372504289316}","{0: 0.6103372504289316, 1: 0.6103372504289316}",0.6103372504289316,"[[421 225]
 [310 336]]",[0. 0. 0. ... 0. 0. 1.],[1. 1. 1. ... 0. 1. 0.]
88,knn,{'n_neighbors': 33},0.5884874735936021,0.11420780907852364,0.19058886582670964,0.2185299942796726,0.5952944329133548,0.10926499713983628,0.5841132488467479,0.1718266253869969,0.5859133126934984,0.5859133126934984,"{0: 0.6103372504289316, 1: 0.6103372504289316}","{0: 0.6103372504289316, 1: 0.6103372504289316}",0.6103372504289316,"[[421 225]
 [310 336]]",[0. 0. 0. ... 0. 0. 1.],[1. 1. 1. ... 0. 1. 0.]
522,knn,{'n_neighbors': 33},0.5884874735936021,0.11420780907852364,0.19058886582670964,0.2185299942796726,0.5952944329133548,0.10926499713983628,0.5841132488467479,0.1718266253869969,0.5859133126934984,0.5859133126934984,"{0: 0.6103372504289316, 1: 0.6103372504289316}","{0: 0.6103372504289316, 1: 0.6103372504289316}",0.6103372504289316,"[[421 225]
 [310 336]]",[0. 0. 0. ... 0. 0. 1.],[1. 1. 1. ... 0. 1. 0.]
579,knn,{'n_neighbors': 33},0.5884874735936021,0.11420780907852364,0.19058886582670964,0.2185299942796726,0.5952944329133548,0.10926499713983628,0.5841132488467479,0.1718266253869969,0.5859133126934984,0.5859133126934984,"{0: 0.6103372504289316, 1: 0.6103372504289316}","{0: 0.6103372504289316, 1: 0.6103372504289316}",0.6103372504289316,"[[421 225]
 [310 336]]",[0. 0. 0. ... 0. 0. 1.],[1. 1. 1. ... 0. 1. 0.]
32,knn,{'n_neighbors': 33},0.5884874735936021,0.11420780907852364,0.19058886582670964,0.2185299942796726,0.5952944329133548,0.10926499713983628,0.5841132488467479,0.1718266253869969,0.5859133126934984,0.5859133126934984,"{0: 0.6103372504289316, 1: 0.6103372504289316}","{0: 0.6103372504289316, 1: 0.6103372504289316}",0.6103372504289316,"[[421 225]
 [310 336]]",[0. 0. 0. ... 0. 0. 1.],[1. 1. 1. ... 0. 1. 0.]
33,knn,{'n_neighbors': 33},0.5884874735936021,0.11420780907852364,0.19058886582670964,0.2185299942796726,0.5952944329133548,0.10926499713983628,0.5841132488467479,0.1718266253869969,0.5859133126934984,0.5859133126934984,"{0: 0.6103372504289316, 1: 0.6103372504289316}","{0: 0.6103372504289316, 1: 0.6103372504289316}",0.6103372504289316,"[[421 225]
 [310 336]]",[0. 0. 0. ... 0. 0. 1.],[1. 1. 1. ... 0. 1. 0.]
34,knn,{'n_neighbors': 33},0.5884874735936021,0.11420780907852364,0.19058886582670964,0.2185299942796726,0.5952944329133548,0.10926499713983628,0.5841132488467479,0.1718266253869969,0.5859133126934984,0.5859133126934984,"{0: 0.6103372504289316, 1: 0.6103372504289316}","{0: 0.6103372504289316, 1: 0.6103372504289316}",0.6103372504289316,"[[421 225]
 [310 336]]",[0. 0. 0. ... 0. 0. 1.],[1. 1. 1. ... 0. 1. 0.]
632,knn,{'n_neighbors': 33},0.5884874735936021,0.11420780907852364,0.19058886582670964,0.2185299942796726,0.5952944329133548,0.10926499713983628,0.5841132488467479,0.1718266253869969,0.5859133126934984,0.5859133126934984,"{0: 0.6103372504289316, 1: 0.6103372504289316}","{0: 0.6103372504289316, 1: 0.6103372504289316}",0.6103372504289316,"[[421 225]
 [310 336]]",[0. 0. 0. ... 0. 0. 1.],[1. 1. 1. ... 0. 1. 0.]
578,knn,{'n_neighbors': 33},0.5884874735936021,0.11420780907852364,0.19058886582670964,0.2185299942796726,0.5952944329133548,0.10926499713983628,0.5841132488467479,0.1718266253869969,0.5859133126934984,0.5859133126934984,"{0: 0.6103372504289316, 1: 0.6103372504289316}","{0: 0.6103372504289316, 1: 0.6103372504289316}",0.6103372504289316,"[[421 225]
 [310 336]]",[0. 0. 0. ... 0. 0. 1.],[1. 1. 1. ... 0. 1. 0.]
581,knn,{'n_neighbors': 33},0.5884874735936021,0.11420780907852364,0.19058886582670964,0.2185299942796726,0.5952944329133548,0.10926499713983628,0.5841132488467479,0.1718266253869969,0.5859133126934984,0.5859133126934984,"{0: 0.6103372504289316, 1: 0.6103372504289316}","{0: 0.6103372504289316, 1: 0.6103372504289316}",0.6103372504289316,"[[421 225]
 [310 336]]",[0. 0. 0. ... 0. 0. 1.],[1. 1. 1. ... 0. 1. 0.]
31,knn,{'n_neighbors': 33},0.5884874735936021,0.11420780907852364,0.19058886582670964,0.2185299942796726,0.5952944329133548,0.10926499713983628,0.5841132488467479,0.1718266253869969,0.5859133126934984,0.5859133126934984,"{0: 0.6103372504289316, 1: 0.6103372504289316}","{0: 0.6103372504289316, 1: 0.6103372504289316}",0.6103372504289316,"[[421 225]
 [310 336]]",[0. 0. 0. ... 0. 0. 1.],[1. 1. 1. ... 0. 1. 0.]
891,knn,{'n_neighbors': 33},0.5884874735936021,0.11420780907852364,0.19058886582670964,0.2185299942796726,0.5952944329133548,0.10926499713983628,0.5841132488467479,0.1718266253869969,0.5859133126934984,0.5859133126934984,"{0: 0.6103372504289316, 1: 0.6103372504289316}","{0: 0.6103372504289316, 1: 0.6103372504289316}",0.6103372504289316,"[[421 225]
 [310 336]]",[0. 0. 0. ... 0. 0. 1.],[1. 1. 1. ... 0. 1. 0.]
516,knn,{'n_neighbors': 33},0.5884874735936021,0.11420780907852364,0.19058886582670964,0.2185299942796726,0.5952944329133548,0.10926499713983628,0.5841132488467479,0.1718266253869969,0.5859133126934984,0.5859133126934984,"{0: 0.6103372504289316, 1: 0.6103372504289316}","{0: 0.6103372504289316, 1: 0.6103372504289316}",0.6103372504289316,"[[421 225]
 [310 336]]",[0. 0. 0. ... 0. 0. 1.],[1. 1. 1. ... 0. 1. 0.]
141,knn,{'n_neighbors': 33},0.5884874735936021,0.11420780907852364,0.19058886582670964,0.2185299942796726,0.5952944329133548,0.10926499713983628,0.5841132488467479,0.1718266253869969,0.5859133126934984,0.5859133126934984,"{0: 0.6103372504289316, 1: 0.6103372504289316}","{0: 0.6103372504289316, 1: 0.6103372504289316}",0.6103372504289316,"[[421 225]
 [310 336]]",[0. 0. 0. ... 0. 0. 1.],[1. 1. 1. ... 0. 1. 0.]
577,knn,{'n_neighbors': 33},0.5884874735936021,0.11420780907852364,0.19058886582670964,0.2185299942796726,0.5952944329133548,0.10926499713983628,0.5841132488467479,0.1718266253869969,0.5859133126934984,0.5859133126934984,"{0: 0.6103372504289316, 1: 0.6103372504289316}","{0: 0.6103372504289316, 1: 0.6103372504289316}",0.6103372504289316,"[[421 225]
 [310 336]]",[0. 0. 0. ... 0. 0. 1.],[1. 1. 1. ... 0. 1. 0.]
148,knn,{'n_neighbors': 33},0.5884874735936021,0.11420780907852364,0.19058886582670964,0.2185299942796726,0.5952944329133548,0.10926499713983628,0.5841132488467479,0.1718266253869969,0.5859133126934984,0.5859133126934984,"{0: 0.6103372504289316, 1: 0.6103372504289316}","{0: 0.6103372504289316, 1: 0.6103372504289316}",0.6103372504289316,"[[421 225]
 [310 336]]",[0. 0. 0. ... 0. 0. 1.],[1. 1. 1. ... 0. 1. 0.]
146,knn,{'n_neighbors': 33},0.5884874735936021,0.11420780907852364,0.19058886582670964,0.2185299942796726,0.5952944329133548,0.10926499713983628,0.5841132488467479,0.1718266253869969,0.5859133126934984,0.5859133126934984,"{0: 0.6103372504289316, 1: 0.6103372504289316}","{0: 0.6103372504289316, 1: 0.6103372504289316}",0.6103372504289316,"[[421 225]
 [310 336]]",[0. 0. 0. ... 0. 0. 1.],[1. 1. 1. ... 0. 1. 0.]
849,knn,{'n_neighbors': 49},0.5863681313691878,0.10568270216427142,0.18620072548295563,0.20558394729745877,0.5931003627414778,0.10279197364872938,0.5765961774182938,0.1594427244582043,0.5797213622291022,0.5797213622291022,"{0: 0.6104151290628685, 1: 0.6104151290628684}","{0: 0.6104151290628685, 1: 0.6104151290628684}",0.6104151290628684,"[[430 216]
 [327 319]]",[0. 0. 0. ... 0. 0. 1.],[1. 1. 1. ... 0. 1. 0.]
102,knn,{'n_neighbors': 49},0.5863681313691878,0.10568270216427142,0.18620072548295563,0.20558394729745877,0.5931003627414778,0.10279197364872938,0.5765961774182938,0.1594427244582043,0.5797213622291022,0.5797213622291022,"{0: 0.6104151290628685, 1: 0.6104151290628684}","{0: 0.6104151290628685, 1: 0.6104151290628684}",0.6104151290628684,"[[430 216]
 [327 319]]",[0. 0. 0. ... 0. 0. 1.],[1. 1. 1. ... 0. 1. 0.]
545,knn,{'n_neighbors': 49},0.5863681313691878,0.10568270216427142,0.18620072548295563,0.20558394729745877,0.5931003627414778,0.10279197364872938,0.5765961774182938,0.1594427244582043,0.5797213622291022,0.5797213622291022,"{0: 0.6104151290628685, 1: 0.6104151290628684}","{0: 0.6104151290628685, 1: 0.6104151290628684}",0.6104151290628684,"[[430 216]
 [327 319]]",[0. 0. 0. ... 0. 0. 1.],[1. 1. 1. ... 0. 1. 0.]
223,knn,{'n_neighbors': 49},0.5863681313691878,0.10568270216427142,0.18620072548295563,0.20558394729745877,0.5931003627414778,0.10279197364872938,0.5765961774182938,0.1594427244582043,0.5797213622291022,0.5797213622291022,"{0: 0.6104151290628685, 1: 0.6104151290628684}","{0: 0.6104151290628685, 1: 0.6104151290628684}",0.6104151290628684,"[[430 216]
 [327 319]]",[0. 0. 0. ... 0. 0. 1.],[1. 1. 1. ... 0. 1. 0.]
900,knn,{'n_neighbors': 49},0.5863681313691878,0.10568270216427142,0.18620072548295563,0.20558394729745877,0.5931003627414778,0.10279197364872938,0.5765961774182938,0.1594427244582043,0.5797213622291022,0.5797213622291022,"{0: 0.6104151290628685, 1: 0.6104151290628684}","{0: 0.6104151290628685, 1: 0.6104151290628684}",0.6104151290628684,"[[430 216]
 [327 319]]",[0. 0. 0. ... 0. 0. 1.],[1. 1. 1. ... 0. 1. 0.]
596,knn,{'n_neighbors': 49},0.5863681313691878,0.10568270216427142,0.18620072548295563,0.20558394729745877,0.5931003627414778,0.10279197364872938,0.5765961774182938,0.1594427244582043,0.5797213622291022,0.5797213622291022,"{0: 0.6104151290628685, 1: 0.6104151290628684}","{0: 0.6104151290628685, 1: 0.6104151290628684}",0.6104151290628684,"[[430 216]
 [327 319]]",[0. 0. 0. ... 0. 0. 1.],[1. 1. 1. ... 0. 1. 0.]
751,knn,{'n_neighbors': 49},0.5863681313691878,0.10568270216427142,0.18620072548295563,0.20558394729745877,0.5931003627414778,0.10279197364872938,0.5765961774182938,0.1594427244582043,0.5797213622291022,0.5797213622291022,"{0: 0.6104151290628685, 1: 0.6104151290628684}","{0: 0.6104151290628685, 1: 0.6104151290628684}",0.6104151290628684,"[[430 216]
 [327 319]]",[0. 0. 0. ... 0. 0. 1.],[1. 1. 1. ... 0. 1. 0.]
163,knn,{'n_neighbors': 49},0.5863681313691878,0.10568270216427142,0.18620072548295563,0.20558394729745877,0.5931003627414778,0.10279197364872938,0.5765961774182938,0.1594427244582043,0.5797213622291022,0.5797213622291022,"{0: 0.6104151290628685, 1: 0.6104151290628684}","{0: 0.6104151290628685, 1: 0.6104151290628684}",0.6104151290628684,"[[430 216]
 [327 319]]",[0. 0. 0. ... 0. 0. 1.],[1. 1. 1. ... 0. 1. 0.]
332,knn,{'n_neighbors': 49},0.5863681313691878,0.10568270216427142,0.18620072548295563,0.20558394729745877,0.5931003627414778,0.10279197364872938,0.5765961774182938,0.1594427244582043,0.5797213622291022,0.5797213622291022,"{0: 0.6104151290628685, 1: 0.6104151290628684}","{0: 0.6104151290628685, 1: 0.6104151290628684}",0.6104151290628684,"[[430 216]
 [327 319]]",[0. 0. 0. ... 0. 0. 1.],[1. 1. 1. ... 0. 1. 0.]
430,knn,{'n_neighbors': 49},0.5863681313691878,0.10568270216427142,0.18620072548295563,0.20558394729745877,0.5931003627414778,0.10279197364872938,0.5765961774182938,0.1594427244582043,0.5797213622291022,0.5797213622291022,"{0: 0.6104151290628685, 1: 0.6104151290628684}","{0: 0.6104151290628685, 1: 0.6104151290628684}",0.6104151290628684,"[[430 216]
 [327 319]]",[0. 0. 0. ... 0. 0. 1.],[1. 1. 1. ... 0. 1. 0.]
276,knn,{'n_neighbors': 49},0.5863681313691878,0.10568270216427142,0.18620072548295563,0.20558394729745877,0.5931003627414778,0.10279197364872938,0.5765961774182938,0.1594427244582043,0.5797213622291022,0.5797213622291022,"{0: 0.6104151290628685, 1: 0.6104151290628684}","{0: 0.6104151290628685, 1: 0.6104151290628684}",0.6104151290628684,"[[430 216]
 [327 319]]",[0. 0. 0. ... 0. 0. 1.],[1. 1. 1. ... 0. 1. 0.]
645,knn,{'n_neighbors': 49},0.5863681313691878,0.10568270216427142,0.18620072548295563,0.20558394729745877,0.5931003627414778,0.10279197364872938,0.5765961774182938,0.1594427244582043,0.5797213622291022,0.5797213622291022,"{0: 0.6104151290628685, 1: 0.6104151290628684}","{0: 0.6104151290628685, 1: 0.6104151290628684}",0.6104151290628684,"[[430 216]
 [327 319]]",[0. 0. 0. ... 0. 0. 1.],[1. 1. 1. ... 0. 1. 0.]
807,knn,{'n_neighbors': 49},0.5863681313691878,0.10568270216427142,0.18620072548295563,0.20558394729745877,0.5931003627414778,0.10279197364872938,0.5765961774182938,0.1594427244582043,0.5797213622291022,0.5797213622291022,"{0: 0.6104151290628685, 1: 0.6104151290628684}","{0: 0.6104151290628685, 1: 0.6104151290628684}",0.6104151290628684,"[[430 216]
 [327 319]]",[0. 0. 0. ... 0. 0. 1.],[1. 1. 1. ... 0. 1. 0.]
492,knn,{'n_neighbors': 49},0.5863681313691878,0.10568270216427142,0.18620072548295563,0.20558394729745877,0.5931003627414778,0.10279197364872938,0.5765961774182938,0.1594427244582043,0.5797213622291022,0.5797213622291022,"{0: 0.6104151290628685, 1: 0.6104151290628684}","{0: 0.6104151290628685, 1: 0.6104151290628684}",0.6104151290628684,"[[430 216]
 [327 319]]",[0. 0. 0. ... 0. 0. 1.],[1. 1. 1. ... 0. 1. 0.]
698,knn,{'n_neighbors': 49},0.5863681313691878,0.10568270216427142,0.18620072548295563,0.20558394729745877,0.5931003627414778,0.10279197364872938,0.5765961774182938,0.1594427244582043,0.5797213622291022,0.5797213622291022,"{0: 0.6104151290628685, 1: 0.6104151290628684}","{0: 0.6104151290628685, 1: 0.6104151290628684}",0.6104151290628684,"[[430 216]
 [327 319]]",[0. 0. 0. ... 0. 0. 1.],[1. 1. 1. ... 0. 1. 0.]
387,knn,{'n_neighbors': 49},0.5863681313691878,0.10568270216427142,0.18620072548295563,0.20558394729745877,0.5931003627414778,0.10279197364872938,0.5765961774182938,0.1594427244582043,0.5797213622291022,0.5797213622291022,"{0: 0.6104151290628685, 1: 0.6104151290628684}","{0: 0.6104151290628685, 1: 0.6104151290628684}",0.6104151290628684,"[[430 216]
 [327 319]]",[0. 0. 0. ... 0. 0. 1.],[1. 1. 1. ... 0. 1. 0.]
41,knn,{'n_neighbors': 49},0.5863681313691878,0.10568270216427142,0.18620072548295563,0.20558394729745877,0.5931003627414778,0.10279197364872938,0.5765961774182938,0.1594427244582043,0.5797213622291022,0.5797213622291022,"{0: 0.6104151290628685, 1: 0.6104151290628684}","{0: 0.6104151290628685, 1: 0.6104151290628684}",0.6104151290628684,"[[430 216]
 [327 319]]",[0. 0. 0. ... 0. 0. 1.],[1. 1. 1. ... 0. 1. 0.]
255,knn,{'n_neighbors': 27},0.587342368882237,0.11623010780886471,0.1850855953412281,0.22662172963153665,0.592542797670614,0.11331086481576831,0.5817587455909442,0.16563467492260064,0.5828173374613003,0.5828173374613004,"{0: 0.6034324109308055, 1: 0.6034324109308054}","{0: 0.6034324109308055, 1: 0.6034324109308054}",0.6034324109308054,"[[409 237]
 [302 344]]",[0. 0. 0. ... 0. 0. 1.],[1. 1. 1. ... 0. 1. 0.]
878,knn,{'n_neighbors': 27},0.587342368882237,0.11623010780886471,0.1850855953412281,0.22662172963153665,0.592542797670614,0.11331086481576831,0.5817587455909442,0.16563467492260064,0.5828173374613003,0.5828173374613004,"{0: 0.6034324109308055, 1: 0.6034324109308054}","{0: 0.6034324109308055, 1: 0.6034324109308054}",0.6034324109308054,"[[409 237]
 [302 344]]",[0. 0. 0. ... 0. 0. 1.],[1. 1. 1. ... 0. 1. 0.]
147,knn,{'n_neighbors': 27},0.587342368882237,0.11623010780886471,0.1850855953412281,0.22662172963153665,0.592542797670614,0.11331086481576831,0.5817587455909442,0.16563467492260064,0.5828173374613003,0.5828173374613004,"{0: 0.6034324109308055, 1: 0.6034324109308054}","{0: 0.6034324109308055, 1: 0.6034324109308054}",0.6034324109308054,"[[409 237]
 [302 344]]",[0. 0. 0. ... 0. 0. 1.],[1. 1. 1. ... 0. 1. 0.]
75,knn,{'n_neighbors': 27},0.587342368882237,0.11623010780886471,0.1850855953412281,0.22662172963153665,0.592542797670614,0.11331086481576831,0.5817587455909442,0.16563467492260064,0.5828173374613003,0.5828173374613004,"{0: 0.6034324109308055, 1: 0.6034324109308054}","{0: 0.6034324109308055, 1: 0.6034324109308054}",0.6034324109308054,"[[409 237]
 [302 344]]",[0. 0. 0. ... 0. 0. 1.],[1. 1. 1. ... 0. 1. 0.]
459,knn,{'n_neighbors': 27},0.587342368882237,0.11623010780886471,0.1850855953412281,0.22662172963153665,0.592542797670614,0.11331086481576831,0.5817587455909442,0.16563467492260064,0.5828173374613003,0.5828173374613004,"{0: 0.6034324109308055, 1: 0.6034324109308054}","{0: 0.6034324109308055, 1: 0.6034324109308054}",0.6034324109308054,"[[409 237]
 [302 344]]",[0. 0. 0. ... 0. 0. 1.],[1. 1. 1. ... 0. 1. 0.]
587,knn,{'n_neighbors': 27},0.587342368882237,0.11623010780886471,0.1850855953412281,0.22662172963153665,0.592542797670614,0.11331086481576831,0.5817587455909442,0.16563467492260064,0.5828173374613003,0.5828173374613004,"{0: 0.6034324109308055, 1: 0.6034324109308054}","{0: 0.6034324109308055, 1: 0.6034324109308054}",0.6034324109308054,"[[409 237]
 [302 344]]",[0. 0. 0. ... 0. 0. 1.],[1. 1. 1. ... 0. 1. 0.]
934,knn,{'n_neighbors': 27},0.587342368882237,0.11623010780886471,0.1850855953412281,0.22662172963153665,0.592542797670614,0.11331086481576831,0.5817587455909442,0.16563467492260064,0.5828173374613003,0.5828173374613004,"{0: 0.6034324109308055, 1: 0.6034324109308054}","{0: 0.6034324109308055, 1: 0.6034324109308054}",0.6034324109308054,"[[409 237]
 [302 344]]",[0. 0. 0. ... 0. 0. 1.],[1. 1. 1. ... 0. 1. 0.]
517,knn,{'n_neighbors': 27},0.587342368882237,0.11623010780886471,0.1850855953412281,0.22662172963153665,0.592542797670614,0.11331086481576831,0.5817587455909442,0.16563467492260064,0.5828173374613003,0.5828173374613004,"{0: 0.6034324109308055, 1: 0.6034324109308054}","{0: 0.6034324109308055, 1: 0.6034324109308054}",0.6034324109308054,"[[409 237]
 [302 344]]",[0. 0. 0. ... 0. 0. 1.],[1. 1. 1. ... 0. 1. 0.]
418,knn,{'n_neighbors': 27},0.587342368882237,0.11623010780886471,0.1850855953412281,0.22662172963153665,0.592542797670614,0.11331086481576831,0.5817587455909442,0.16563467492260064,0.5828173374613003,0.5828173374613004,"{0: 0.6034324109308055, 1: 0.6034324109308054}","{0: 0.6034324109308055, 1: 0.6034324109308054}",0.6034324109308054,"[[409 237]
 [302 344]]",[0. 0. 0. ... 0. 0. 1.],[1. 1. 1. ... 0. 1. 0.]
727,knn,{'n_neighbors': 27},0.587342368882237,0.11623010780886471,0.1850855953412281,0.22662172963153665,0.592542797670614,0.11331086481576831,0.5817587455909442,0.16563467492260064,0.5828173374613003,0.5828173374613004,"{0: 0.6034324109308055, 1: 0.6034324109308054}","{0: 0.6034324109308055, 1: 0.6034324109308054}",0.6034324109308054,"[[409 237]
 [302 344]]",[0. 0. 0. ... 0. 0. 1.],[1. 1. 1. ... 0. 1. 0.]
782,knn,{'n_neighbors': 27},0.587342368882237,0.11623010780886471,0.1850855953412281,0.22662172963153665,0.592542797670614,0.11331086481576831,0.5817587455909442,0.16563467492260064,0.5828173374613003,0.5828173374613004,"{0: 0.6034324109308055, 1: 0.6034324109308054}","{0: 0.6034324109308055, 1: 0.6034324109308054}",0.6034324109308054,"[[409 237]
 [302 344]]",[0. 0. 0. ... 0. 0. 1.],[1. 1. 1. ... 0. 1. 0.]
192,knn,{'n_neighbors': 27},0.587342368882237,0.11623010780886471,0.1850855953412281,0.22662172963153665,0.592542797670614,0.11331086481576831,0.5817587455909442,0.16563467492260064,0.5828173374613003,0.5828173374613004,"{0: 0.6034324109308055, 1: 0.6034324109308054}","{0: 0.6034324109308055, 1: 0.6034324109308054}",0.6034324109308054,"[[409 237]
 [302 344]]",[0. 0. 0. ... 0. 0. 1.],[1. 1. 1. ... 0. 1. 0.]
619,knn,{'n_neighbors': 27},0.587342368882237,0.11623010780886471,0.1850855953412281,0.22662172963153665,0.592542797670614,0.11331086481576831,0.5817587455909442,0.16563467492260064,0.5828173374613003,0.5828173374613004,"{0: 0.6034324109308055, 1: 0.6034324109308054}","{0: 0.6034324109308055, 1: 0.6034324109308054}",0.6034324109308054,"[[409 237]
 [302 344]]",[0. 0. 0. ... 0. 0. 1.],[1. 1. 1. ... 0. 1. 0.]
827,knn,{'n_neighbors': 27},0.587342368882237,0.11623010780886471,0.1850855953412281,0.22662172963153665,0.592542797670614,0.11331086481576831,0.5817587455909442,0.16563467492260064,0.5828173374613003,0.5828173374613004,"{0: 0.6034324109308055, 1: 0.6034324109308054}","{0: 0.6034324109308055, 1: 0.6034324109308054}",0.6034324109308054,"[[409 237]
 [302 344]]",[0. 0. 0. ... 0. 0. 1.],[1. 1. 1. ... 0. 1. 0.]
364,knn,{'n_neighbors': 27},0.587342368882237,0.11623010780886471,0.1850855953412281,0.22662172963153665,0.592542797670614,0.11331086481576831,0.5817587455909442,0.16563467492260064,0.5828173374613003,0.5828173374613004,"{0: 0.6034324109308055, 1: 0.6034324109308054}","{0: 0.6034324109308055, 1: 0.6034324109308054}",0.6034324109308054,"[[409 237]
 [302 344]]",[0. 0. 0. ... 0. 0. 1.],[1. 1. 1. ... 0. 1. 0.]
306,knn,{'n_neighbors': 27},0.587342368882237,0.11623010780886471,0.1850855953412281,0.22662172963153665,0.592542797670614,0.11331086481576831,0.5817587455909442,0.16563467492260064,0.5828173374613003,0.5828173374613004,"{0: 0.6034324109308055, 1: 0.6034324109308054}","{0: 0.6034324109308055, 1: 0.6034324109308054}",0.6034324109308054,"[[409 237]
 [302 344]]",[0. 0. 0. ... 0. 0. 1.],[1. 1. 1. ... 0. 1. 0.]
667,knn,{'n_neighbors': 27},0.587342368882237,0.11623010780886471,0.1850855953412281,0.22662172963153665,0.592542797670614,0.11331086481576831,0.5817587455909442,0.16563467492260064,0.5828173374613003,0.5828173374613004,"{0: 0.6034324109308055, 1: 0.6034324109308054}","{0: 0.6034324109308055, 1: 0.6034324109308054}",0.6034324109308054,"[[409 237]
 [302 344]]",[0. 0. 0. ... 0. 0. 1.],[1. 1. 1. ... 0. 1. 0.]
99,SVC,"{'C': 1, 'gamma': 0.01, 'kernel': 'rbf'}",0.5761510498382156,0.10027336260666199,0.18350148280422462,0.18383420526295585,0.5917507414021123,0.09191710263147791,0.5873287743879637,0.1842105263157895,0.5921052631578947,0.5921052631578947,"{0: 0.6114347401010266, 1: 0.6114347401010265}","{0: 0.6114347401010266, 1: 0.6114347401010265}",0.6114347401010265,"[[452 194]
 [333 313]]",[0. 0. 1. ... 0. 0. 0.],[1. 1. 1. ... 0. 1. 0.]
370,SVC,"{'C': 1, 'gamma': 0.01, 'kernel': 'rbf'}",0.5767190730677505,0.09922971299415746,0.18317298527835868,0.18300826051004035,0.5915864926391792,0.09150413025502016,0.5869021422257331,0.1842105263157895,0.5921052631578947,0.5921052631578947,"{0: 0.6111663583471518, 1: 0.6111663583471518}","{0: 0.6111663583471518, 1: 0.6111663583471518}",0.6111663583471518,"[[455 191]
 [336 310]]",[0. 0. 1. ... 0. 0. 0.],[1. 1. 1. ... 0. 1. 0.]
678,AdaBoost,"{'algorithm': 'SAMME.R', 'learning_rate': 0.1, 'n_estimators': 52}",0.5794775349074539,0.10172091430866134,0.1830389189996776,0.18994192834676107,0.5915194594998388,0.09497096417338051,0.5784997877630222,0.16718266253869973,0.5835913312693498,0.5835913312693498,"{0: 0.6014231421752342, 1: 0.6014231421752342}","{0: 0.6014231421752342, 1: 0.6014231421752342}",0.6014231421752342,"[[448 198]
 [340 306]]",[0. 1. 1. ... 0. 0. 0.],[1. 1. 1. ... 0. 1. 0.]
121,knn,{'n_neighbors': 47},0.5842005287739296,0.10935418416111779,0.18290286837336253,0.2114442723528774,0.5914514341866812,0.10572213617643869,0.5746855322169034,0.15634674922600622,0.5781733746130031,0.5781733746130031,"{0: 0.6120170326563082, 1: 0.6120170326563084}","{0: 0.6120170326563082, 1: 0.6120170326563084}",0.6120170326563084,"[[432 214]
 [331 315]]",[0. 0. 0. ... 0. 0. 1.],[1. 1. 1. ... 0. 1. 0.]
508,knn,{'n_neighbors': 47},0.5842005287739296,0.10935418416111779,0.18290286837336253,0.2114442723528774,0.5914514341866812,0.10572213617643869,0.5746855322169034,0.15634674922600622,0.5781733746130031,0.5781733746130031,"{0: 0.6120170326563082, 1: 0.6120170326563084}","{0: 0.6120170326563082, 1: 0.6120170326563084}",0.6120170326563084,"[[432 214]
 [331 315]]",[0. 0. 0. ... 0. 0. 1.],[1. 1. 1. ... 0. 1. 0.]
60,knn,{'n_neighbors': 47},0.5842005287739296,0.10935418416111779,0.18290286837336253,0.2114442723528774,0.5914514341866812,0.10572213617643869,0.5746855322169034,0.15634674922600622,0.5781733746130031,0.5781733746130031,"{0: 0.6120170326563082, 1: 0.6120170326563084}","{0: 0.6120170326563082, 1: 0.6120170326563084}",0.6120170326563084,"[[432 214]
 [331 315]]",[0. 0. 0. ... 0. 0. 1.],[1. 1. 1. ... 0. 1. 0.]
866,knn,{'n_neighbors': 47},0.5842005287739296,0.10935418416111779,0.18290286837336253,0.2114442723528774,0.5914514341866812,0.10572213617643869,0.5746855322169034,0.15634674922600622,0.5781733746130031,0.5781733746130031,"{0: 0.6120170326563082, 1: 0.6120170326563084}","{0: 0.6120170326563082, 1: 0.6120170326563084}",0.6120170326563084,"[[432 214]
 [331 315]]",[0. 0. 0. ... 0. 0. 1.],[1. 1. 1. ... 0. 1. 0.]
349,knn,{'n_neighbors': 47},0.5842005287739296,0.10935418416111779,0.18290286837336253,0.2114442723528774,0.5914514341866812,0.10572213617643869,0.5746855322169034,0.15634674922600622,0.5781733746130031,0.5781733746130031,"{0: 0.6120170326563082, 1: 0.6120170326563084}","{0: 0.6120170326563082, 1: 0.6120170326563084}",0.6120170326563084,"[[432 214]
 [331 315]]",[0. 0. 0. ... 0. 0. 1.],[1. 1. 1. ... 0. 1. 0.]
661,knn,{'n_neighbors': 47},0.5842005287739296,0.10935418416111779,0.18290286837336253,0.2114442723528774,0.5914514341866812,0.10572213617643869,0.5746855322169034,0.15634674922600622,0.5781733746130031,0.5781733746130031,"{0: 0.6120170326563082, 1: 0.6120170326563084}","{0: 0.6120170326563082, 1: 0.6120170326563084}",0.6120170326563084,"[[432 214]
 [331 315]]",[0. 0. 0. ... 0. 0. 1.],[1. 1. 1. ... 0. 1. 0.]
407,knn,{'n_neighbors': 47},0.5842005287739296,0.10935418416111779,0.18290286837336253,0.2114442723528774,0.5914514341866812,0.10572213617643869,0.5746855322169034,0.15634674922600622,0.5781733746130031,0.5781733746130031,"{0: 0.6120170326563082, 1: 0.6120170326563084}","{0: 0.6120170326563082, 1: 0.6120170326563084}",0.6120170326563084,"[[432 214]
 [331 315]]",[0. 0. 0. ... 0. 0. 1.],[1. 1. 1. ... 0. 1. 0.]
608,knn,{'n_neighbors': 47},0.5842005287739296,0.10935418416111779,0.18290286837336253,0.2114442723528774,0.5914514341866812,0.10572213617643869,0.5746855322169034,0.15634674922600622,0.5781733746130031,0.5781733746130031,"{0: 0.6120170326563082, 1: 0.6120170326563084}","{0: 0.6120170326563082, 1: 0.6120170326563084}",0.6120170326563084,"[[432 214]
 [331 315]]",[0. 0. 0. ... 0. 0. 1.],[1. 1. 1. ... 0. 1. 0.]
769,knn,{'n_neighbors': 47},0.5842005287739296,0.10935418416111779,0.18290286837336253,0.2114442723528774,0.5914514341866812,0.10572213617643869,0.5746855322169034,0.15634674922600622,0.5781733746130031,0.5781733746130031,"{0: 0.6120170326563082, 1: 0.6120170326563084}","{0: 0.6120170326563082, 1: 0.6120170326563084}",0.6120170326563084,"[[432 214]
 [331 315]]",[0. 0. 0. ... 0. 0. 1.],[1. 1. 1. ... 0. 1. 0.]
713,knn,{'n_neighbors': 47},0.5842005287739296,0.10935418416111779,0.18290286837336253,0.2114442723528774,0.5914514341866812,0.10572213617643869,0.5746855322169034,0.15634674922600622,0.5781733746130031,0.5781733746130031,"{0: 0.6120170326563082, 1: 0.6120170326563084}","{0: 0.6120170326563082, 1: 0.6120170326563084}",0.6120170326563084,"[[432 214]
 [331 315]]",[0. 0. 0. ... 0. 0. 1.],[1. 1. 1. ... 0. 1. 0.]
193,knn,{'n_neighbors': 47},0.5842005287739296,0.10935418416111779,0.18290286837336253,0.2114442723528774,0.5914514341866812,0.10572213617643869,0.5746855322169034,0.15634674922600622,0.5781733746130031,0.5781733746130031,"{0: 0.6120170326563082, 1: 0.6120170326563084}","{0: 0.6120170326563082, 1: 0.6120170326563084}",0.6120170326563084,"[[432 214]
 [331 315]]",[0. 0. 0. ... 0. 0. 1.],[1. 1. 1. ... 0. 1. 0.]
294,knn,{'n_neighbors': 47},0.5842005287739296,0.10935418416111779,0.18290286837336253,0.2114442723528774,0.5914514341866812,0.10572213617643869,0.5746855322169034,0.15634674922600622,0.5781733746130031,0.5781733746130031,"{0: 0.6120170326563082, 1: 0.6120170326563084}","{0: 0.6120170326563082, 1: 0.6120170326563084}",0.6120170326563084,"[[432 214]
 [331 315]]",[0. 0. 0. ... 0. 0. 1.],[1. 1. 1. ... 0. 1. 0.]
455,knn,{'n_neighbors': 47},0.5842005287739296,0.10935418416111779,0.18290286837336253,0.2114442723528774,0.5914514341866812,0.10572213617643869,0.5746855322169034,0.15634674922600622,0.5781733746130031,0.5781733746130031,"{0: 0.6120170326563082, 1: 0.6120170326563084}","{0: 0.6120170326563082, 1: 0.6120170326563084}",0.6120170326563084,"[[432 214]
 [331 315]]",[0. 0. 0. ... 0. 0. 1.],[1. 1. 1. ... 0. 1. 0.]
562,knn,{'n_neighbors': 47},0.5842005287739296,0.10935418416111779,0.18290286837336253,0.2114442723528774,0.5914514341866812,0.10572213617643869,0.5746855322169034,0.15634674922600622,0.5781733746130031,0.5781733746130031,"{0: 0.6120170326563082, 1: 0.6120170326563084}","{0: 0.6120170326563082, 1: 0.6120170326563084}",0.6120170326563084,"[[432 214]
 [331 315]]",[0. 0. 0. ... 0. 0. 1.],[1. 1. 1. ... 0. 1. 0.]
234,knn,{'n_neighbors': 47},0.5842005287739296,0.10935418416111779,0.18290286837336253,0.2114442723528774,0.5914514341866812,0.10572213617643869,0.5746855322169034,0.15634674922600622,0.5781733746130031,0.5781733746130031,"{0: 0.6120170326563082, 1: 0.6120170326563084}","{0: 0.6120170326563082, 1: 0.6120170326563084}",0.6120170326563084,"[[432 214]
 [331 315]]",[0. 0. 0. ... 0. 0. 1.],[1. 1. 1. ... 0. 1. 0.]
817,knn,{'n_neighbors': 47},0.5842005287739296,0.10935418416111779,0.18290286837336253,0.2114442723528774,0.5914514341866812,0.10572213617643869,0.5746855322169034,0.15634674922600622,0.5781733746130031,0.5781733746130031,"{0: 0.6120170326563082, 1: 0.6120170326563084}","{0: 0.6120170326563082, 1: 0.6120170326563084}",0.6120170326563084,"[[432 214]
 [331 315]]",[0. 0. 0. ... 0. 0. 1.],[1. 1. 1. ... 0. 1. 0.]
920,knn,{'n_neighbors': 47},0.5842005287739296,0.10935418416111779,0.18290286837336253,0.2114442723528774,0.5914514341866812,0.10572213617643869,0.5746855322169034,0.15634674922600622,0.5781733746130031,0.5781733746130031,"{0: 0.6120170326563082, 1: 0.6120170326563084}","{0: 0.6120170326563082, 1: 0.6120170326563084}",0.6120170326563084,"[[432 214]
 [331 315]]",[0. 0. 0. ... 0. 0. 1.],[1. 1. 1. ... 0. 1. 0.]
252,knn,{'n_neighbors': 39},0.5830443620350855,0.10538380154386323,0.1825218441467568,0.19908942642516264,0.5912609220733784,0.09954471321258132,0.5808756138269032,0.16718266253869973,0.5835913312693498,0.5835913312693499,"{0: 0.6108871933978088, 1: 0.6108871933978087}","{0: 0.6108871933978088, 1: 0.6108871933978087}",0.6108871933978087,"[[429 217]
 [321 325]]",[0. 0. 0. ... 0. 0. 1.],[1. 1. 1. ... 0. 1. 0.]
467,knn,{'n_neighbors': 39},0.5830443620350855,0.10538380154386323,0.1825218441467568,0.19908942642516264,0.5912609220733784,0.09954471321258132,0.5808756138269032,0.16718266253869973,0.5835913312693498,0.5835913312693499,"{0: 0.6108871933978088, 1: 0.6108871933978087}","{0: 0.6108871933978088, 1: 0.6108871933978087}",0.6108871933978087,"[[429 217]
 [321 325]]",[0. 0. 0. ... 0. 0. 1.],[1. 1. 1. ... 0. 1. 0.]
191,knn,{'n_neighbors': 39},0.5830443620350855,0.10538380154386323,0.1825218441467568,0.19908942642516264,0.5912609220733784,0.09954471321258132,0.5808756138269032,0.16718266253869973,0.5835913312693498,0.5835913312693499,"{0: 0.6108871933978088, 1: 0.6108871933978087}","{0: 0.6108871933978088, 1: 0.6108871933978087}",0.6108871933978087,"[[429 217]
 [321 325]]",[0. 0. 0. ... 0. 0. 1.],[1. 1. 1. ... 0. 1. 0.]
822,knn,{'n_neighbors': 39},0.5830443620350855,0.10538380154386323,0.1825218441467568,0.19908942642516264,0.5912609220733784,0.09954471321258132,0.5808756138269032,0.16718266253869973,0.5835913312693498,0.5835913312693499,"{0: 0.6108871933978088, 1: 0.6108871933978087}","{0: 0.6108871933978088, 1: 0.6108871933978087}",0.6108871933978087,"[[429 217]
 [321 325]]",[0. 0. 0. ... 0. 0. 1.],[1. 1. 1. ... 0. 1. 0.]
366,knn,{'n_neighbors': 39},0.5830443620350855,0.10538380154386323,0.1825218441467568,0.19908942642516264,0.5912609220733784,0.09954471321258132,0.5808756138269032,0.16718266253869973,0.5835913312693498,0.5835913312693499,"{0: 0.6108871933978088, 1: 0.6108871933978087}","{0: 0.6108871933978088, 1: 0.6108871933978087}",0.6108871933978087,"[[429 217]
 [321 325]]",[0. 0. 0. ... 0. 0. 1.],[1. 1. 1. ... 0. 1. 0.]
135,knn,{'n_neighbors': 39},0.5830443620350855,0.10538380154386323,0.1825218441467568,0.19908942642516264,0.5912609220733784,0.09954471321258132,0.5808756138269032,0.16718266253869973,0.5835913312693498,0.5835913312693499,"{0: 0.6108871933978088, 1: 0.6108871933978087}","{0: 0.6108871933978088, 1: 0.6108871933978087}",0.6108871933978087,"[[429 217]
 [321 325]]",[0. 0. 0. ... 0. 0. 1.],[1. 1. 1. ... 0. 1. 0.]
675,knn,{'n_neighbors': 39},0.5830443620350855,0.10538380154386323,0.1825218441467568,0.19908942642516264,0.5912609220733784,0.09954471321258132,0.5808756138269032,0.16718266253869973,0.5835913312693498,0.5835913312693499,"{0: 0.6108871933978088, 1: 0.6108871933978087}","{0: 0.6108871933978088, 1: 0.6108871933978087}",0.6108871933978087,"[[429 217]
 [321 325]]",[0. 0. 0. ... 0. 0. 1.],[1. 1. 1. ... 0. 1. 0.]
724,knn,{'n_neighbors': 39},0.5830443620350855,0.10538380154386323,0.1825218441467568,0.19908942642516264,0.5912609220733784,0.09954471321258132,0.5808756138269032,0.16718266253869973,0.5835913312693498,0.5835913312693499,"{0: 0.6108871933978088, 1: 0.6108871933978087}","{0: 0.6108871933978088, 1: 0.6108871933978087}",0.6108871933978087,"[[429 217]
 [321 325]]",[0. 0. 0. ... 0. 0. 1.],[1. 1. 1. ... 0. 1. 0.]
411,knn,{'n_neighbors': 39},0.5830443620350855,0.10538380154386323,0.1825218441467568,0.19908942642516264,0.5912609220733784,0.09954471321258132,0.5808756138269032,0.16718266253869973,0.5835913312693498,0.5835913312693499,"{0: 0.6108871933978088, 1: 0.6108871933978087}","{0: 0.6108871933978088, 1: 0.6108871933978087}",0.6108871933978087,"[[429 217]
 [321 325]]",[0. 0. 0. ... 0. 0. 1.],[1. 1. 1. ... 0. 1. 0.]
875,knn,{'n_neighbors': 39},0.5830443620350855,0.10538380154386323,0.1825218441467568,0.19908942642516264,0.5912609220733784,0.09954471321258132,0.5808756138269032,0.16718266253869973,0.5835913312693498,0.5835913312693499,"{0: 0.6108871933978088, 1: 0.6108871933978087}","{0: 0.6108871933978088, 1: 0.6108871933978087}",0.6108871933978087,"[[429 217]
 [321 325]]",[0. 0. 0. ... 0. 0. 1.],[1. 1. 1. ... 0. 1. 0.]
615,knn,{'n_neighbors': 39},0.5830443620350855,0.10538380154386323,0.1825218441467568,0.19908942642516264,0.5912609220733784,0.09954471321258132,0.5808756138269032,0.16718266253869973,0.5835913312693498,0.5835913312693499,"{0: 0.6108871933978088, 1: 0.6108871933978087}","{0: 0.6108871933978088, 1: 0.6108871933978087}",0.6108871933978087,"[[429 217]
 [321 325]]",[0. 0. 0. ... 0. 0. 1.],[1. 1. 1. ... 0. 1. 0.]
777,knn,{'n_neighbors': 39},0.5830443620350855,0.10538380154386323,0.1825218441467568,0.19908942642516264,0.5912609220733784,0.09954471321258132,0.5808756138269032,0.16718266253869973,0.5835913312693498,0.5835913312693499,"{0: 0.6108871933978088, 1: 0.6108871933978087}","{0: 0.6108871933978088, 1: 0.6108871933978087}",0.6108871933978087,"[[429 217]
 [321 325]]",[0. 0. 0. ... 0. 0. 1.],[1. 1. 1. ... 0. 1. 0.]
927,knn,{'n_neighbors': 39},0.5830443620350855,0.10538380154386323,0.1825218441467568,0.19908942642516264,0.5912609220733784,0.09954471321258132,0.5808756138269032,0.16718266253869973,0.5835913312693498,0.5835913312693499,"{0: 0.6108871933978088, 1: 0.6108871933978087}","{0: 0.6108871933978088, 1: 0.6108871933978087}",0.6108871933978087,"[[429 217]
 [321 325]]",[0. 0. 0. ... 0. 0. 1.],[1. 1. 1. ... 0. 1. 0.]
509,knn,{'n_neighbors': 39},0.5830443620350855,0.10538380154386323,0.1825218441467568,0.19908942642516264,0.5912609220733784,0.09954471321258132,0.5808756138269032,0.16718266253869973,0.5835913312693498,0.5835913312693499,"{0: 0.6108871933978088, 1: 0.6108871933978087}","{0: 0.6108871933978088, 1: 0.6108871933978087}",0.6108871933978087,"[[429 217]
 [321 325]]",[0. 0. 0. ... 0. 0. 1.],[1. 1. 1. ... 0. 1. 0.]
302,knn,{'n_neighbors': 39},0.5830443620350855,0.10538380154386323,0.1825218441467568,0.19908942642516264,0.5912609220733784,0.09954471321258132,0.5808756138269032,0.16718266253869973,0.5835913312693498,0.5835913312693499,"{0: 0.6108871933978088, 1: 0.6108871933978087}","{0: 0.6108871933978088, 1: 0.6108871933978087}",0.6108871933978087,"[[429 217]
 [321 325]]",[0. 0. 0. ... 0. 0. 1.],[1. 1. 1. ... 0. 1. 0.]
68,knn,{'n_neighbors': 39},0.5830443620350855,0.10538380154386323,0.1825218441467568,0.19908942642516264,0.5912609220733784,0.09954471321258132,0.5808756138269032,0.16718266253869973,0.5835913312693498,0.5835913312693499,"{0: 0.6108871933978088, 1: 0.6108871933978087}","{0: 0.6108871933978088, 1: 0.6108871933978087}",0.6108871933978087,"[[429 217]
 [321 325]]",[0. 0. 0. ... 0. 0. 1.],[1. 1. 1. ... 0. 1. 0.]
570,knn,{'n_neighbors': 39},0.5830443620350855,0.10538380154386323,0.1825218441467568,0.19908942642516264,0.5912609220733784,0.09954471321258132,0.5808756138269032,0.16718266253869973,0.5835913312693498,0.5835913312693499,"{0: 0.6108871933978088, 1: 0.6108871933978087}","{0: 0.6108871933978088, 1: 0.6108871933978087}",0.6108871933978087,"[[429 217]
 [321 325]]",[0. 0. 0. ... 0. 0. 1.],[1. 1. 1. ... 0. 1. 0.]
137,SVC,"{'C': 1000, 'gamma': 0.001, 'kernel': 'rbf'}",0.5754102682389478,0.09463668136173682,0.18111584102527903,0.17316869687882264,0.5905579205126394,0.08658434843941132,0.5863343641986538,0.1826625386996904,0.5913312693498453,0.5913312693498451,"{0: 0.6113376913418129, 1: 0.6113376913418129}","{0: 0.6113376913418129, 1: 0.6113376913418129}",0.6113376913418129,"[[453 193]
 [335 311]]",[0. 0. 1. ... 0. 0. 0.],[1. 1. 1. ... 0. 1. 0.]
53,knn,{'n_neighbors': 45},0.5829897765076839,0.11059448877821347,0.1805793221770739,0.2141417344550853,0.590289661088537,0.10707086722754265,0.57526020695916,0.15634674922600622,0.5781733746130031,0.5781733746130031,"{0: 0.6118984175061585, 1: 0.6118984175061584}","{0: 0.6118984175061585, 1: 0.6118984175061584}",0.6118984175061584,"[[427 219]
 [326 320]]",[0. 0. 0. ... 0. 0. 1.],[1. 1. 1. ... 0. 1. 0.]
338,knn,{'n_neighbors': 45},0.5829897765076839,0.11059448877821347,0.1805793221770739,0.2141417344550853,0.590289661088537,0.10707086722754265,0.57526020695916,0.15634674922600622,0.5781733746130031,0.5781733746130031,"{0: 0.6118984175061585, 1: 0.6118984175061584}","{0: 0.6118984175061585, 1: 0.6118984175061584}",0.6118984175061584,"[[427 219]
 [326 320]]",[0. 0. 0. ... 0. 0. 1.],[1. 1. 1. ... 0. 1. 0.]
759,knn,{'n_neighbors': 45},0.5829897765076839,0.11059448877821347,0.1805793221770739,0.2141417344550853,0.590289661088537,0.10707086722754265,0.57526020695916,0.15634674922600622,0.5781733746130031,0.5781733746130031,"{0: 0.6118984175061585, 1: 0.6118984175061584}","{0: 0.6118984175061585, 1: 0.6118984175061584}",0.6118984175061584,"[[427 219]
 [326 320]]",[0. 0. 0. ... 0. 0. 1.],[1. 1. 1. ... 0. 1. 0.]
397,knn,{'n_neighbors': 45},0.5829897765076839,0.11059448877821347,0.1805793221770739,0.2141417344550853,0.590289661088537,0.10707086722754265,0.57526020695916,0.15634674922600622,0.5781733746130031,0.5781733746130031,"{0: 0.6118984175061585, 1: 0.6118984175061584}","{0: 0.6118984175061585, 1: 0.6118984175061584}",0.6118984175061584,"[[427 219]
 [326 320]]",[0. 0. 0. ... 0. 0. 1.],[1. 1. 1. ... 0. 1. 0.]
704,knn,{'n_neighbors': 45},0.5829897765076839,0.11059448877821347,0.1805793221770739,0.2141417344550853,0.590289661088537,0.10707086722754265,0.57526020695916,0.15634674922600622,0.5781733746130031,0.5781733746130031,"{0: 0.6118984175061585, 1: 0.6118984175061584}","{0: 0.6118984175061585, 1: 0.6118984175061584}",0.6118984175061584,"[[427 219]
 [326 320]]",[0. 0. 0. ... 0. 0. 1.],[1. 1. 1. ... 0. 1. 0.]
602,knn,{'n_neighbors': 45},0.5829897765076839,0.11059448877821347,0.1805793221770739,0.2141417344550853,0.590289661088537,0.10707086722754265,0.57526020695916,0.15634674922600622,0.5781733746130031,0.5781733746130031,"{0: 0.6118984175061585, 1: 0.6118984175061584}","{0: 0.6118984175061585, 1: 0.6118984175061584}",0.6118984175061584,"[[427 219]
 [326 320]]",[0. 0. 0. ... 0. 0. 1.],[1. 1. 1. ... 0. 1. 0.]
811,knn,{'n_neighbors': 45},0.5829897765076839,0.11059448877821347,0.1805793221770739,0.2141417344550853,0.590289661088537,0.10707086722754265,0.57526020695916,0.15634674922600622,0.5781733746130031,0.5781733746130031,"{0: 0.6118984175061585, 1: 0.6118984175061584}","{0: 0.6118984175061585, 1: 0.6118984175061584}",0.6118984175061584,"[[427 219]
 [326 320]]",[0. 0. 0. ... 0. 0. 1.],[1. 1. 1. ... 0. 1. 0.]
280,knn,{'n_neighbors': 45},0.5829897765076839,0.11059448877821347,0.1805793221770739,0.2141417344550853,0.590289661088537,0.10707086722754265,0.57526020695916,0.15634674922600622,0.5781733746130031,0.5781733746130031,"{0: 0.6118984175061585, 1: 0.6118984175061584}","{0: 0.6118984175061585, 1: 0.6118984175061584}",0.6118984175061584,"[[427 219]
 [326 320]]",[0. 0. 0. ... 0. 0. 1.],[1. 1. 1. ... 0. 1. 0.]
444,knn,{'n_neighbors': 45},0.5829897765076839,0.11059448877821347,0.1805793221770739,0.2141417344550853,0.590289661088537,0.10707086722754265,0.57526020695916,0.15634674922600622,0.5781733746130031,0.5781733746130031,"{0: 0.6118984175061585, 1: 0.6118984175061584}","{0: 0.6118984175061585, 1: 0.6118984175061584}",0.6118984175061584,"[[427 219]
 [326 320]]",[0. 0. 0. ... 0. 0. 1.],[1. 1. 1. ... 0. 1. 0.]
172,knn,{'n_neighbors': 45},0.5829897765076839,0.11059448877821347,0.1805793221770739,0.2141417344550853,0.590289661088537,0.10707086722754265,0.57526020695916,0.15634674922600622,0.5781733746130031,0.5781733746130031,"{0: 0.6118984175061585, 1: 0.6118984175061584}","{0: 0.6118984175061585, 1: 0.6118984175061584}",0.6118984175061584,"[[427 219]
 [326 320]]",[0. 0. 0. ... 0. 0. 1.],[1. 1. 1. ... 0. 1. 0.]
502,knn,{'n_neighbors': 45},0.5829897765076839,0.11059448877821347,0.1805793221770739,0.2141417344550853,0.590289661088537,0.10707086722754265,0.57526020695916,0.15634674922600622,0.5781733746130031,0.5781733746130031,"{0: 0.6118984175061585, 1: 0.6118984175061584}","{0: 0.6118984175061585, 1: 0.6118984175061584}",0.6118984175061584,"[[427 219]
 [326 320]]",[0. 0. 0. ... 0. 0. 1.],[1. 1. 1. ... 0. 1. 0.]
652,knn,{'n_neighbors': 45},0.5829897765076839,0.11059448877821347,0.1805793221770739,0.2141417344550853,0.590289661088537,0.10707086722754265,0.57526020695916,0.15634674922600622,0.5781733746130031,0.5781733746130031,"{0: 0.6118984175061585, 1: 0.6118984175061584}","{0: 0.6118984175061585, 1: 0.6118984175061584}",0.6118984175061584,"[[427 219]
 [326 320]]",[0. 0. 0. ... 0. 0. 1.],[1. 1. 1. ... 0. 1. 0.]
857,knn,{'n_neighbors': 45},0.5829897765076839,0.11059448877821347,0.1805793221770739,0.2141417344550853,0.590289661088537,0.10707086722754265,0.57526020695916,0.15634674922600622,0.5781733746130031,0.5781733746130031,"{0: 0.6118984175061585, 1: 0.6118984175061584}","{0: 0.6118984175061585, 1: 0.6118984175061584}",0.6118984175061584,"[[427 219]
 [326 320]]",[0. 0. 0. ... 0. 0. 1.],[1. 1. 1. ... 0. 1. 0.]
120,knn,{'n_neighbors': 45},0.5829897765076839,0.11059448877821347,0.1805793221770739,0.2141417344550853,0.590289661088537,0.10707086722754265,0.57526020695916,0.15634674922600622,0.5781733746130031,0.5781733746130031,"{0: 0.6118984175061585, 1: 0.6118984175061584}","{0: 0.6118984175061585, 1: 0.6118984175061584}",0.6118984175061584,"[[427 219]
 [326 320]]",[0. 0. 0. ... 0. 0. 1.],[1. 1. 1. ... 0. 1. 0.]
230,knn,{'n_neighbors': 45},0.5829897765076839,0.11059448877821347,0.1805793221770739,0.2141417344550853,0.590289661088537,0.10707086722754265,0.57526020695916,0.15634674922600622,0.5781733746130031,0.5781733746130031,"{0: 0.6118984175061585, 1: 0.6118984175061584}","{0: 0.6118984175061585, 1: 0.6118984175061584}",0.6118984175061584,"[[427 219]
 [326 320]]",[0. 0. 0. ... 0. 0. 1.],[1. 1. 1. ... 0. 1. 0.]
910,knn,{'n_neighbors': 45},0.5829897765076839,0.11059448877821347,0.1805793221770739,0.2141417344550853,0.590289661088537,0.10707086722754265,0.57526020695916,0.15634674922600622,0.5781733746130031,0.5781733746130031,"{0: 0.6118984175061585, 1: 0.6118984175061584}","{0: 0.6118984175061585, 1: 0.6118984175061584}",0.6118984175061584,"[[427 219]
 [326 320]]",[0. 0. 0. ... 0. 0. 1.],[1. 1. 1. ... 0. 1. 0.]
553,knn,{'n_neighbors': 45},0.5829897765076839,0.11059448877821347,0.1805793221770739,0.2141417344550853,0.590289661088537,0.10707086722754265,0.57526020695916,0.15634674922600622,0.5781733746130031,0.5781733746130031,"{0: 0.6118984175061585, 1: 0.6118984175061584}","{0: 0.6118984175061585, 1: 0.6118984175061584}",0.6118984175061584,"[[427 219]
 [326 320]]",[0. 0. 0. ... 0. 0. 1.],[1. 1. 1. ... 0. 1. 0.]
995,AdaBoost,"{'algorithm': 'SAMME', 'learning_rate': 0.5081632653061224, 'n_estimators': 96}",0.5756898535765455,0.09850764249246247,0.1803551043807308,0.1865724453936723,0.5901775521903654,0.09328622269683616,0.5715292459478506,0.1578947368421053,0.5789473684210527,0.5789473684210527,"{0: 0.5925809218913246, 1: 0.5925809218913245}","{0: 0.5925809218913246, 1: 0.5925809218913245}",0.5925809218913245,"[[459 187]
 [357 289]]",[0. 0. 1. ... 0. 0. 0.],[1. 1. 1. ... 0. 1. 0.]
962,AdaBoost,"{'algorithm': 'SAMME', 'learning_rate': 0.6714285714285714, 'n_estimators': 96}",0.5780188798086249,0.09990529085825654,0.18009974340184043,0.19097525424115372,0.5900498717009202,0.09548762712057685,0.5766471900421491,0.16253869969040247,0.5812693498452013,0.5812693498452013,"{0: 0.5966629604424465, 1: 0.5966629604424465}","{0: 0.5966629604424465, 1: 0.5966629604424465}",0.5966629604424465,"[[443 203]
 [338 308]]",[0. 1. 1. ... 0. 0. 0.],[1. 1. 1. ... 0. 1. 0.]
173,SVC,"{'C': 1000, 'gamma': 0.001, 'kernel': 'rbf'}",0.5735044073751623,0.10946261830386605,0.18000855576749783,0.19948540673151724,0.5900042778837489,0.09974270336575862,0.5804910199373867,0.1702786377708978,0.5851393188854489,0.5851393188854489,"{0: 0.6064924421781097, 1: 0.6064924421781096}","{0: 0.6064924421781097, 1: 0.6064924421781096}",0.6064924421781096,"[[446 200]
 [336 310]]",[0. 0. 1. ... 0. 0. 0.],[1. 1. 1. ... 0. 1. 0.]
472,knn,{'n_neighbors': 41},0.581383558478313,0.11276438448580485,0.17986932670247652,0.21358069747200864,0.5899346633512382,0.10679034873600432,0.57670858214426,0.1594427244582043,0.5797213622291022,0.5797213622291022,"{0: 0.6103192784364846, 1: 0.6103192784364846}","{0: 0.6103192784364846, 1: 0.6103192784364846}",0.6103192784364846,"[[429 217]
 [326 320]]",[0. 0. 0. ... 0. 0. 1.],[1. 1. 1. ... 0. 1. 0.]
628,knn,{'n_neighbors': 41},0.581383558478313,0.11276438448580485,0.17986932670247652,0.21358069747200864,0.5899346633512382,0.10679034873600432,0.57670858214426,0.1594427244582043,0.5797213622291022,0.5797213622291022,"{0: 0.6103192784364846, 1: 0.6103192784364846}","{0: 0.6103192784364846, 1: 0.6103192784364846}",0.6103192784364846,"[[429 217]
 [326 320]]",[0. 0. 0. ... 0. 0. 1.],[1. 1. 1. ... 0. 1. 0.]
312,knn,{'n_neighbors': 41},0.581383558478313,0.11276438448580485,0.17986932670247652,0.21358069747200864,0.5899346633512382,0.10679034873600432,0.57670858214426,0.1594427244582043,0.5797213622291022,0.5797213622291022,"{0: 0.6103192784364846, 1: 0.6103192784364846}","{0: 0.6103192784364846, 1: 0.6103192784364846}",0.6103192784364846,"[[429 217]
 [326 320]]",[0. 0. 0. ... 0. 0. 1.],[1. 1. 1. ... 0. 1. 0.]
524,knn,{'n_neighbors': 41},0.581383558478313,0.11276438448580485,0.17986932670247652,0.21358069747200864,0.5899346633512382,0.10679034873600432,0.57670858214426,0.1594427244582043,0.5797213622291022,0.5797213622291022,"{0: 0.6103192784364846, 1: 0.6103192784364846}","{0: 0.6103192784364846, 1: 0.6103192784364846}",0.6103192784364846,"[[429 217]
 [326 320]]",[0. 0. 0. ... 0. 0. 1.],[1. 1. 1. ... 0. 1. 0.]
139,knn,{'n_neighbors': 41},0.581383558478313,0.11276438448580485,0.17986932670247652,0.21358069747200864,0.5899346633512382,0.10679034873600432,0.57670858214426,0.1594427244582043,0.5797213622291022,0.5797213622291022,"{0: 0.6103192784364846, 1: 0.6103192784364846}","{0: 0.6103192784364846, 1: 0.6103192784364846}",0.6103192784364846,"[[429 217]
 [326 320]]",[0. 0. 0. ... 0. 0. 1.],[1. 1. 1. ... 0. 1. 0.]
584,knn,{'n_neighbors': 41},0.581383558478313,0.11276438448580485,0.17986932670247652,0.21358069747200864,0.5899346633512382,0.10679034873600432,0.57670858214426,0.1594427244582043,0.5797213622291022,0.5797213622291022,"{0: 0.6103192784364846, 1: 0.6103192784364846}","{0: 0.6103192784364846, 1: 0.6103192784364846}",0.6103192784364846,"[[429 217]
 [326 320]]",[0. 0. 0. ... 0. 0. 1.],[1. 1. 1. ... 0. 1. 0.]
831,knn,{'n_neighbors': 41},0.581383558478313,0.11276438448580485,0.17986932670247652,0.21358069747200864,0.5899346633512382,0.10679034873600432,0.57670858214426,0.1594427244582043,0.5797213622291022,0.5797213622291022,"{0: 0.6103192784364846, 1: 0.6103192784364846}","{0: 0.6103192784364846, 1: 0.6103192784364846}",0.6103192784364846,"[[429 217]
 [326 320]]",[0. 0. 0. ... 0. 0. 1.],[1. 1. 1. ... 0. 1. 0.]
792,knn,{'n_neighbors': 41},0.581383558478313,0.11276438448580485,0.17986932670247652,0.21358069747200864,0.5899346633512382,0.10679034873600432,0.57670858214426,0.1594427244582043,0.5797213622291022,0.5797213622291022,"{0: 0.6103192784364846, 1: 0.6103192784364846}","{0: 0.6103192784364846, 1: 0.6103192784364846}",0.6103192784364846,"[[429 217]
 [326 320]]",[0. 0. 0. ... 0. 0. 1.],[1. 1. 1. ... 0. 1. 0.]
726,knn,{'n_neighbors': 41},0.581383558478313,0.11276438448580485,0.17986932670247652,0.21358069747200864,0.5899346633512382,0.10679034873600432,0.57670858214426,0.1594427244582043,0.5797213622291022,0.5797213622291022,"{0: 0.6103192784364846, 1: 0.6103192784364846}","{0: 0.6103192784364846, 1: 0.6103192784364846}",0.6103192784364846,"[[429 217]
 [326 320]]",[0. 0. 0. ... 0. 0. 1.],[1. 1. 1. ... 0. 1. 0.]
938,knn,{'n_neighbors': 41},0.581383558478313,0.11276438448580485,0.17986932670247652,0.21358069747200864,0.5899346633512382,0.10679034873600432,0.57670858214426,0.1594427244582043,0.5797213622291022,0.5797213622291022,"{0: 0.6103192784364846, 1: 0.6103192784364846}","{0: 0.6103192784364846, 1: 0.6103192784364846}",0.6103192784364846,"[[429 217]
 [326 320]]",[0. 0. 0. ... 0. 0. 1.],[1. 1. 1. ... 0. 1. 0.]
417,knn,{'n_neighbors': 41},0.581383558478313,0.11276438448580485,0.17986932670247652,0.21358069747200864,0.5899346633512382,0.10679034873600432,0.57670858214426,0.1594427244582043,0.5797213622291022,0.5797213622291022,"{0: 0.6103192784364846, 1: 0.6103192784364846}","{0: 0.6103192784364846, 1: 0.6103192784364846}",0.6103192784364846,"[[429 217]
 [326 320]]",[0. 0. 0. ... 0. 0. 1.],[1. 1. 1. ... 0. 1. 0.]
886,knn,{'n_neighbors': 41},0.581383558478313,0.11276438448580485,0.17986932670247652,0.21358069747200864,0.5899346633512382,0.10679034873600432,0.57670858214426,0.1594427244582043,0.5797213622291022,0.5797213622291022,"{0: 0.6103192784364846, 1: 0.6103192784364846}","{0: 0.6103192784364846, 1: 0.6103192784364846}",0.6103192784364846,"[[429 217]
 [326 320]]",[0. 0. 0. ... 0. 0. 1.],[1. 1. 1. ... 0. 1. 0.]
265,knn,{'n_neighbors': 41},0.581383558478313,0.11276438448580485,0.17986932670247652,0.21358069747200864,0.5899346633512382,0.10679034873600432,0.57670858214426,0.1594427244582043,0.5797213622291022,0.5797213622291022,"{0: 0.6103192784364846, 1: 0.6103192784364846}","{0: 0.6103192784364846, 1: 0.6103192784364846}",0.6103192784364846,"[[429 217]
 [326 320]]",[0. 0. 0. ... 0. 0. 1.],[1. 1. 1. ... 0. 1. 0.]
685,knn,{'n_neighbors': 41},0.581383558478313,0.11276438448580485,0.17986932670247652,0.21358069747200864,0.5899346633512382,0.10679034873600432,0.57670858214426,0.1594427244582043,0.5797213622291022,0.5797213622291022,"{0: 0.6103192784364846, 1: 0.6103192784364846}","{0: 0.6103192784364846, 1: 0.6103192784364846}",0.6103192784364846,"[[429 217]
 [326 320]]",[0. 0. 0. ... 0. 0. 1.],[1. 1. 1. ... 0. 1. 0.]
79,knn,{'n_neighbors': 41},0.581383558478313,0.11276438448580485,0.17986932670247652,0.21358069747200864,0.5899346633512382,0.10679034873600432,0.57670858214426,0.1594427244582043,0.5797213622291022,0.5797213622291022,"{0: 0.6103192784364846, 1: 0.6103192784364846}","{0: 0.6103192784364846, 1: 0.6103192784364846}",0.6103192784364846,"[[429 217]
 [326 320]]",[0. 0. 0. ... 0. 0. 1.],[1. 1. 1. ... 0. 1. 0.]
357,knn,{'n_neighbors': 41},0.581383558478313,0.11276438448580485,0.17986932670247652,0.21358069747200864,0.5899346633512382,0.10679034873600432,0.57670858214426,0.1594427244582043,0.5797213622291022,0.5797213622291022,"{0: 0.6103192784364846, 1: 0.6103192784364846}","{0: 0.6103192784364846, 1: 0.6103192784364846}",0.6103192784364846,"[[429 217]
 [326 320]]",[0. 0. 0. ... 0. 0. 1.],[1. 1. 1. ... 0. 1. 0.]
206,knn,{'n_neighbors': 41},0.581383558478313,0.11276438448580485,0.17986932670247652,0.21358069747200864,0.5899346633512382,0.10679034873600432,0.57670858214426,0.1594427244582043,0.5797213622291022,0.5797213622291022,"{0: 0.6103192784364846, 1: 0.6103192784364846}","{0: 0.6103192784364846, 1: 0.6103192784364846}",0.6103192784364846,"[[429 217]
 [326 320]]",[0. 0. 0. ... 0. 0. 1.],[1. 1. 1. ... 0. 1. 0.]
369,knn,{'n_neighbors': 25},0.5839522978011902,0.11395188413626492,0.17919144136478957,0.22251268485988973,0.5895957206823949,0.11125634242994488,0.5756163322414347,0.15325077399380804,0.576625386996904,0.576625386996904,"{0: 0.599519309108685, 1: 0.599519309108685}","{0: 0.599519309108685, 1: 0.599519309108685}",0.599519309108685,"[[404 242]
 [305 341]]",[0. 0. 0. ... 0. 0. 1.],[1. 1. 1. ... 0. 1. 0.]
880,knn,{'n_neighbors': 25},0.5839522978011902,0.11395188413626492,0.17919144136478957,0.22251268485988973,0.5895957206823949,0.11125634242994488,0.5756163322414347,0.15325077399380804,0.576625386996904,0.576625386996904,"{0: 0.599519309108685, 1: 0.599519309108685}","{0: 0.599519309108685, 1: 0.599519309108685}",0.599519309108685,"[[404 242]
 [305 341]]",[0. 0. 0. ... 0. 0. 1.],[1. 1. 1. ... 0. 1. 0.]
145,knn,{'n_neighbors': 25},0.5839522978011902,0.11395188413626492,0.17919144136478957,0.22251268485988973,0.5895957206823949,0.11125634242994488,0.5756163322414347,0.15325077399380804,0.576625386996904,0.576625386996904,"{0: 0.599519309108685, 1: 0.599519309108685}","{0: 0.599519309108685, 1: 0.599519309108685}",0.599519309108685,"[[404 242]
 [305 341]]",[0. 0. 0. ... 0. 0. 1.],[1. 1. 1. ... 0. 1. 0.]
526,knn,{'n_neighbors': 25},0.5839522978011902,0.11395188413626492,0.17919144136478957,0.22251268485988973,0.5895957206823949,0.11125634242994488,0.5756163322414347,0.15325077399380804,0.576625386996904,0.576625386996904,"{0: 0.599519309108685, 1: 0.599519309108685}","{0: 0.599519309108685, 1: 0.599519309108685}",0.599519309108685,"[[404 242]
 [305 341]]",[0. 0. 0. ... 0. 0. 1.],[1. 1. 1. ... 0. 1. 0.]
930,knn,{'n_neighbors': 25},0.5839522978011902,0.11395188413626492,0.17919144136478957,0.22251268485988973,0.5895957206823949,0.11125634242994488,0.5756163322414347,0.15325077399380804,0.576625386996904,0.576625386996904,"{0: 0.599519309108685, 1: 0.599519309108685}","{0: 0.599519309108685, 1: 0.599519309108685}",0.599519309108685,"[[404 242]
 [305 341]]",[0. 0. 0. ... 0. 0. 1.],[1. 1. 1. ... 0. 1. 0.]
573,knn,{'n_neighbors': 25},0.5839522978011902,0.11395188413626492,0.17919144136478957,0.22251268485988973,0.5895957206823949,0.11125634242994488,0.5756163322414347,0.15325077399380804,0.576625386996904,0.576625386996904,"{0: 0.599519309108685, 1: 0.599519309108685}","{0: 0.599519309108685, 1: 0.599519309108685}",0.599519309108685,"[[404 242]
 [305 341]]",[0. 0. 0. ... 0. 0. 1.],[1. 1. 1. ... 0. 1. 0.]
201,knn,{'n_neighbors': 25},0.5839522978011902,0.11395188413626492,0.17919144136478957,0.22251268485988973,0.5895957206823949,0.11125634242994488,0.5756163322414347,0.15325077399380804,0.576625386996904,0.576625386996904,"{0: 0.599519309108685, 1: 0.599519309108685}","{0: 0.599519309108685, 1: 0.599519309108685}",0.599519309108685,"[[404 242]
 [305 341]]",[0. 0. 0. ... 0. 0. 1.],[1. 1. 1. ... 0. 1. 0.]
260,knn,{'n_neighbors': 25},0.5839522978011902,0.11395188413626492,0.17919144136478957,0.22251268485988973,0.5895957206823949,0.11125634242994488,0.5756163322414347,0.15325077399380804,0.576625386996904,0.576625386996904,"{0: 0.599519309108685, 1: 0.599519309108685}","{0: 0.599519309108685, 1: 0.599519309108685}",0.599519309108685,"[[404 242]
 [305 341]]",[0. 0. 0. ... 0. 0. 1.],[1. 1. 1. ... 0. 1. 0.]
834,knn,{'n_neighbors': 25},0.5839522978011902,0.11395188413626492,0.17919144136478957,0.22251268485988973,0.5895957206823949,0.11125634242994488,0.5756163322414347,0.15325077399380804,0.576625386996904,0.576625386996904,"{0: 0.599519309108685, 1: 0.599519309108685}","{0: 0.599519309108685, 1: 0.599519309108685}",0.599519309108685,"[[404 242]
 [305 341]]",[0. 0. 0. ... 0. 0. 1.],[1. 1. 1. ... 0. 1. 0.]
415,knn,{'n_neighbors': 25},0.5839522978011902,0.11395188413626492,0.17919144136478957,0.22251268485988973,0.5895957206823949,0.11125634242994488,0.5756163322414347,0.15325077399380804,0.576625386996904,0.576625386996904,"{0: 0.599519309108685, 1: 0.599519309108685}","{0: 0.599519309108685, 1: 0.599519309108685}",0.599519309108685,"[[404 242]
 [305 341]]",[0. 0. 0. ... 0. 0. 1.],[1. 1. 1. ... 0. 1. 0.]
71,knn,{'n_neighbors': 25},0.5839522978011902,0.11395188413626492,0.17919144136478957,0.22251268485988973,0.5895957206823949,0.11125634242994488,0.5756163322414347,0.15325077399380804,0.576625386996904,0.576625386996904,"{0: 0.599519309108685, 1: 0.599519309108685}","{0: 0.599519309108685, 1: 0.599519309108685}",0.599519309108685,"[[404 242]
 [305 341]]",[0. 0. 0. ... 0. 0. 1.],[1. 1. 1. ... 0. 1. 0.]
672,knn,{'n_neighbors': 25},0.5839522978011902,0.11395188413626492,0.17919144136478957,0.22251268485988973,0.5895957206823949,0.11125634242994488,0.5756163322414347,0.15325077399380804,0.576625386996904,0.576625386996904,"{0: 0.599519309108685, 1: 0.599519309108685}","{0: 0.599519309108685, 1: 0.599519309108685}",0.599519309108685,"[[404 242]
 [305 341]]",[0. 0. 0. ... 0. 0. 1.],[1. 1. 1. ... 0. 1. 0.]
307,knn,{'n_neighbors': 25},0.5839522978011902,0.11395188413626492,0.17919144136478957,0.22251268485988973,0.5895957206823949,0.11125634242994488,0.5756163322414347,0.15325077399380804,0.576625386996904,0.576625386996904,"{0: 0.599519309108685, 1: 0.599519309108685}","{0: 0.599519309108685, 1: 0.599519309108685}",0.599519309108685,"[[404 242]
 [305 341]]",[0. 0. 0. ... 0. 0. 1.],[1. 1. 1. ... 0. 1. 0.]
780,knn,{'n_neighbors': 25},0.5839522978011902,0.11395188413626492,0.17919144136478957,0.22251268485988973,0.5895957206823949,0.11125634242994488,0.5756163322414347,0.15325077399380804,0.576625386996904,0.576625386996904,"{0: 0.599519309108685, 1: 0.599519309108685}","{0: 0.599519309108685, 1: 0.599519309108685}",0.599519309108685,"[[404 242]
 [305 341]]",[0. 0. 0. ... 0. 0. 1.],[1. 1. 1. ... 0. 1. 0.]
731,knn,{'n_neighbors': 25},0.5839522978011902,0.11395188413626492,0.17919144136478957,0.22251268485988973,0.5895957206823949,0.11125634242994488,0.5756163322414347,0.15325077399380804,0.576625386996904,0.576625386996904,"{0: 0.599519309108685, 1: 0.599519309108685}","{0: 0.599519309108685, 1: 0.599519309108685}",0.599519309108685,"[[404 242]
 [305 341]]",[0. 0. 0. ... 0. 0. 1.],[1. 1. 1. ... 0. 1. 0.]
624,knn,{'n_neighbors': 25},0.5839522978011902,0.11395188413626492,0.17919144136478957,0.22251268485988973,0.5895957206823949,0.11125634242994488,0.5756163322414347,0.15325077399380804,0.576625386996904,0.576625386996904,"{0: 0.599519309108685, 1: 0.599519309108685}","{0: 0.599519309108685, 1: 0.599519309108685}",0.599519309108685,"[[404 242]
 [305 341]]",[0. 0. 0. ... 0. 0. 1.],[1. 1. 1. ... 0. 1. 0.]
468,knn,{'n_neighbors': 25},0.5839522978011902,0.11395188413626492,0.17919144136478957,0.22251268485988973,0.5895957206823949,0.11125634242994488,0.5756163322414347,0.15325077399380804,0.576625386996904,0.576625386996904,"{0: 0.599519309108685, 1: 0.599519309108685}","{0: 0.599519309108685, 1: 0.599519309108685}",0.599519309108685,"[[404 242]
 [305 341]]",[0. 0. 0. ... 0. 0. 1.],[1. 1. 1. ... 0. 1. 0.]
657,knn,{'n_neighbors': 37},0.5833531982318179,0.1065933465479619,0.17803098805093318,0.20921472834503899,0.5890154940254666,0.10460736417251949,0.5785401319273917,0.16099071207430338,0.5804953560371517,0.5804953560371517,"{0: 0.612076939297798, 1: 0.6120769392977984}","{0: 0.612076939297798, 1: 0.6120769392977984}",0.6120769392977984,"[[419 227]
 [315 331]]",[0. 0. 0. ... 0. 0. 1.],[1. 1. 1. ... 0. 1. 0.]
872,knn,{'n_neighbors': 37},0.5833531982318179,0.1065933465479619,0.17803098805093318,0.20921472834503899,0.5890154940254666,0.10460736417251949,0.5785401319273917,0.16099071207430338,0.5804953560371517,0.5804953560371517,"{0: 0.612076939297798, 1: 0.6120769392977984}","{0: 0.612076939297798, 1: 0.6120769392977984}",0.6120769392977984,"[[419 227]
 [315 331]]",[0. 0. 0. ... 0. 0. 1.],[1. 1. 1. ... 0. 1. 0.]
449,knn,{'n_neighbors': 37},0.5833531982318179,0.1065933465479619,0.17803098805093318,0.20921472834503899,0.5890154940254666,0.10460736417251949,0.5785401319273917,0.16099071207430338,0.5804953560371517,0.5804953560371517,"{0: 0.612076939297798, 1: 0.6120769392977984}","{0: 0.612076939297798, 1: 0.6120769392977984}",0.6120769392977984,"[[419 227]
 [315 331]]",[0. 0. 0. ... 0. 0. 1.],[1. 1. 1. ... 0. 1. 0.]
346,knn,{'n_neighbors': 37},0.5833531982318179,0.1065933465479619,0.17803098805093318,0.20921472834503899,0.5890154940254666,0.10460736417251949,0.5785401319273917,0.16099071207430338,0.5804953560371517,0.5804953560371517,"{0: 0.612076939297798, 1: 0.6120769392977984}","{0: 0.612076939297798, 1: 0.6120769392977984}",0.6120769392977984,"[[419 227]
 [315 331]]",[0. 0. 0. ... 0. 0. 1.],[1. 1. 1. ... 0. 1. 0.]
813,knn,{'n_neighbors': 37},0.5833531982318179,0.1065933465479619,0.17803098805093318,0.20921472834503899,0.5890154940254666,0.10460736417251949,0.5785401319273917,0.16099071207430338,0.5804953560371517,0.5804953560371517,"{0: 0.612076939297798, 1: 0.6120769392977984}","{0: 0.612076939297798, 1: 0.6120769392977984}",0.6120769392977984,"[[419 227]
 [315 331]]",[0. 0. 0. ... 0. 0. 1.],[1. 1. 1. ... 0. 1. 0.]
507,knn,{'n_neighbors': 37},0.5833531982318179,0.1065933465479619,0.17803098805093318,0.20921472834503899,0.5890154940254666,0.10460736417251949,0.5785401319273917,0.16099071207430338,0.5804953560371517,0.5804953560371517,"{0: 0.612076939297798, 1: 0.6120769392977984}","{0: 0.612076939297798, 1: 0.6120769392977984}",0.6120769392977984,"[[419 227]
 [315 331]]",[0. 0. 0. ... 0. 0. 1.],[1. 1. 1. ... 0. 1. 0.]
406,knn,{'n_neighbors': 37},0.5833531982318179,0.1065933465479619,0.17803098805093318,0.20921472834503899,0.5890154940254666,0.10460736417251949,0.5785401319273917,0.16099071207430338,0.5804953560371517,0.5804953560371517,"{0: 0.612076939297798, 1: 0.6120769392977984}","{0: 0.612076939297798, 1: 0.6120769392977984}",0.6120769392977984,"[[419 227]
 [315 331]]",[0. 0. 0. ... 0. 0. 1.],[1. 1. 1. ... 0. 1. 0.]
760,knn,{'n_neighbors': 37},0.5833531982318179,0.1065933465479619,0.17803098805093318,0.20921472834503899,0.5890154940254666,0.10460736417251949,0.5785401319273917,0.16099071207430338,0.5804953560371517,0.5804953560371517,"{0: 0.612076939297798, 1: 0.6120769392977984}","{0: 0.612076939297798, 1: 0.6120769392977984}",0.6120769392977984,"[[419 227]
 [315 331]]",[0. 0. 0. ... 0. 0. 1.],[1. 1. 1. ... 0. 1. 0.]
236,knn,{'n_neighbors': 37},0.5833531982318179,0.1065933465479619,0.17803098805093318,0.20921472834503899,0.5890154940254666,0.10460736417251949,0.5785401319273917,0.16099071207430338,0.5804953560371517,0.5804953560371517,"{0: 0.612076939297798, 1: 0.6120769392977984}","{0: 0.612076939297798, 1: 0.6120769392977984}",0.6120769392977984,"[[419 227]
 [315 331]]",[0. 0. 0. ... 0. 0. 1.],[1. 1. 1. ... 0. 1. 0.]
711,knn,{'n_neighbors': 37},0.5833531982318179,0.1065933465479619,0.17803098805093318,0.20921472834503899,0.5890154940254666,0.10460736417251949,0.5785401319273917,0.16099071207430338,0.5804953560371517,0.5804953560371517,"{0: 0.612076939297798, 1: 0.6120769392977984}","{0: 0.612076939297798, 1: 0.6120769392977984}",0.6120769392977984,"[[419 227]
 [315 331]]",[0. 0. 0. ... 0. 0. 1.],[1. 1. 1. ... 0. 1. 0.]
914,knn,{'n_neighbors': 37},0.5833531982318179,0.1065933465479619,0.17803098805093318,0.20921472834503899,0.5890154940254666,0.10460736417251949,0.5785401319273917,0.16099071207430338,0.5804953560371517,0.5804953560371517,"{0: 0.612076939297798, 1: 0.6120769392977984}","{0: 0.612076939297798, 1: 0.6120769392977984}",0.6120769392977984,"[[419 227]
 [315 331]]",[0. 0. 0. ... 0. 0. 1.],[1. 1. 1. ... 0. 1. 0.]
57,knn,{'n_neighbors': 37},0.5833531982318179,0.1065933465479619,0.17803098805093318,0.20921472834503899,0.5890154940254666,0.10460736417251949,0.5785401319273917,0.16099071207430338,0.5804953560371517,0.5804953560371517,"{0: 0.612076939297798, 1: 0.6120769392977984}","{0: 0.612076939297798, 1: 0.6120769392977984}",0.6120769392977984,"[[419 227]
 [315 331]]",[0. 0. 0. ... 0. 0. 1.],[1. 1. 1. ... 0. 1. 0.]
558,knn,{'n_neighbors': 37},0.5833531982318179,0.1065933465479619,0.17803098805093318,0.20921472834503899,0.5890154940254666,0.10460736417251949,0.5785401319273917,0.16099071207430338,0.5804953560371517,0.5804953560371517,"{0: 0.612076939297798, 1: 0.6120769392977984}","{0: 0.612076939297798, 1: 0.6120769392977984}",0.6120769392977984,"[[419 227]
 [315 331]]",[0. 0. 0. ... 0. 0. 1.],[1. 1. 1. ... 0. 1. 0.]
178,knn,{'n_neighbors': 37},0.5833531982318179,0.1065933465479619,0.17803098805093318,0.20921472834503899,0.5890154940254666,0.10460736417251949,0.5785401319273917,0.16099071207430338,0.5804953560371517,0.5804953560371517,"{0: 0.612076939297798, 1: 0.6120769392977984}","{0: 0.612076939297798, 1: 0.6120769392977984}",0.6120769392977984,"[[419 227]
 [315 331]]",[0. 0. 0. ... 0. 0. 1.],[1. 1. 1. ... 0. 1. 0.]
287,knn,{'n_neighbors': 37},0.5833531982318179,0.1065933465479619,0.17803098805093318,0.20921472834503899,0.5890154940254666,0.10460736417251949,0.5785401319273917,0.16099071207430338,0.5804953560371517,0.5804953560371517,"{0: 0.612076939297798, 1: 0.6120769392977984}","{0: 0.612076939297798, 1: 0.6120769392977984}",0.6120769392977984,"[[419 227]
 [315 331]]",[0. 0. 0. ... 0. 0. 1.],[1. 1. 1. ... 0. 1. 0.]
609,knn,{'n_neighbors': 37},0.5833531982318179,0.1065933465479619,0.17803098805093318,0.20921472834503899,0.5890154940254666,0.10460736417251949,0.5785401319273917,0.16099071207430338,0.5804953560371517,0.5804953560371517,"{0: 0.612076939297798, 1: 0.6120769392977984}","{0: 0.612076939297798, 1: 0.6120769392977984}",0.6120769392977984,"[[419 227]
 [315 331]]",[0. 0. 0. ... 0. 0. 1.],[1. 1. 1. ... 0. 1. 0.]
128,knn,{'n_neighbors': 37},0.5833531982318179,0.1065933465479619,0.17803098805093318,0.20921472834503899,0.5890154940254666,0.10460736417251949,0.5785401319273917,0.16099071207430338,0.5804953560371517,0.5804953560371517,"{0: 0.612076939297798, 1: 0.6120769392977984}","{0: 0.612076939297798, 1: 0.6120769392977984}",0.6120769392977984,"[[419 227]
 [315 331]]",[0. 0. 0. ... 0. 0. 1.],[1. 1. 1. ... 0. 1. 0.]
709,SVC,"{'C': 1, 'gamma': 0.01, 'kernel': 'rbf'}",0.573942157512524,0.09854701097568914,0.1773233388008052,0.18195762837629287,0.5886616694004025,0.09097881418814643,0.5840553710084316,0.17801857585139313,0.5890092879256966,0.5890092879256965,"{0: 0.6088000460083006, 1: 0.6088000460083006}","{0: 0.6088000460083006, 1: 0.6088000460083006}",0.6088000460083006,"[[451 195]
 [336 310]]",[0. 0. 1. ... 0. 0. 0.],[1. 1. 1. ... 0. 1. 0.]
515,AdaBoost,"{'algorithm': 'SAMME', 'learning_rate': 1.3244897959183672, 'n_estimators': 41}",0.5796505819256837,0.09885188829984609,0.17582841917691788,0.19788666771703242,0.5879142095884589,0.09894333385851621,0.569945036061823,0.14241486068111453,0.5712074303405573,0.5712074303405572,"{0: 0.5908819695386709, 1: 0.5908819695386709}","{0: 0.5908819695386709, 1: 0.5908819695386709}",0.5908819695386709,"[[404 242]
 [312 334]]",[0. 1. 0. ... 0. 1. 1.],[1. 1. 1. ... 0. 1. 0.]
330,knn,{'n_neighbors': 29},0.5815493829510804,0.11593195575649076,0.17516405104925212,0.22193567988682272,0.587582025524626,0.11096783994341136,0.5761552160464899,0.15479876160990713,0.5773993808049536,0.5773993808049536,"{0: 0.6036864150907226, 1: 0.6036864150907226}","{0: 0.6036864150907226, 1: 0.6036864150907226}",0.6036864150907226,"[[408 238]
 [308 338]]",[0. 0. 0. ... 0. 0. 1.],[1. 1. 1. ... 0. 1. 0.]
106,knn,{'n_neighbors': 29},0.5815493829510804,0.11593195575649076,0.17516405104925212,0.22193567988682272,0.587582025524626,0.11096783994341136,0.5761552160464899,0.15479876160990713,0.5773993808049536,0.5773993808049536,"{0: 0.6036864150907226, 1: 0.6036864150907226}","{0: 0.6036864150907226, 1: 0.6036864150907226}",0.6036864150907226,"[[408 238]
 [308 338]]",[0. 0. 0. ... 0. 0. 1.],[1. 1. 1. ... 0. 1. 0.]
166,knn,{'n_neighbors': 29},0.5815493829510804,0.11593195575649076,0.17516405104925212,0.22193567988682272,0.587582025524626,0.11096783994341136,0.5761552160464899,0.15479876160990713,0.5773993808049536,0.5773993808049536,"{0: 0.6036864150907226, 1: 0.6036864150907226}","{0: 0.6036864150907226, 1: 0.6036864150907226}",0.6036864150907226,"[[408 238]
 [308 338]]",[0. 0. 0. ... 0. 0. 1.],[1. 1. 1. ... 0. 1. 0.]
643,knn,{'n_neighbors': 29},0.5815493829510804,0.11593195575649076,0.17516405104925212,0.22193567988682272,0.587582025524626,0.11096783994341136,0.5761552160464899,0.15479876160990713,0.5773993808049536,0.5773993808049536,"{0: 0.6036864150907226, 1: 0.6036864150907226}","{0: 0.6036864150907226, 1: 0.6036864150907226}",0.6036864150907226,"[[408 238]
 [308 338]]",[0. 0. 0. ... 0. 0. 1.],[1. 1. 1. ... 0. 1. 0.]
489,knn,{'n_neighbors': 29},0.5815493829510804,0.11593195575649076,0.17516405104925212,0.22193567988682272,0.587582025524626,0.11096783994341136,0.5761552160464899,0.15479876160990713,0.5773993808049536,0.5773993808049536,"{0: 0.6036864150907226, 1: 0.6036864150907226}","{0: 0.6036864150907226, 1: 0.6036864150907226}",0.6036864150907226,"[[408 238]
 [308 338]]",[0. 0. 0. ... 0. 0. 1.],[1. 1. 1. ... 0. 1. 0.]
902,knn,{'n_neighbors': 29},0.5815493829510804,0.11593195575649076,0.17516405104925212,0.22193567988682272,0.587582025524626,0.11096783994341136,0.5761552160464899,0.15479876160990713,0.5773993808049536,0.5773993808049536,"{0: 0.6036864150907226, 1: 0.6036864150907226}","{0: 0.6036864150907226, 1: 0.6036864150907226}",0.6036864150907226,"[[408 238]
 [308 338]]",[0. 0. 0. ... 0. 0. 1.],[1. 1. 1. ... 0. 1. 0.]
847,knn,{'n_neighbors': 29},0.5815493829510804,0.11593195575649076,0.17516405104925212,0.22193567988682272,0.587582025524626,0.11096783994341136,0.5761552160464899,0.15479876160990713,0.5773993808049536,0.5773993808049536,"{0: 0.6036864150907226, 1: 0.6036864150907226}","{0: 0.6036864150907226, 1: 0.6036864150907226}",0.6036864150907226,"[[408 238]
 [308 338]]",[0. 0. 0. ... 0. 0. 1.],[1. 1. 1. ... 0. 1. 0.]
595,knn,{'n_neighbors': 29},0.5815493829510804,0.11593195575649076,0.17516405104925212,0.22193567988682272,0.587582025524626,0.11096783994341136,0.5761552160464899,0.15479876160990713,0.5773993808049536,0.5773993808049536,"{0: 0.6036864150907226, 1: 0.6036864150907226}","{0: 0.6036864150907226, 1: 0.6036864150907226}",0.6036864150907226,"[[408 238]
 [308 338]]",[0. 0. 0. ... 0. 0. 1.],[1. 1. 1. ... 0. 1. 0.]
221,knn,{'n_neighbors': 29},0.5815493829510804,0.11593195575649076,0.17516405104925212,0.22193567988682272,0.587582025524626,0.11096783994341136,0.5761552160464899,0.15479876160990713,0.5773993808049536,0.5773993808049536,"{0: 0.6036864150907226, 1: 0.6036864150907226}","{0: 0.6036864150907226, 1: 0.6036864150907226}",0.6036864150907226,"[[408 238]
 [308 338]]",[0. 0. 0. ... 0. 0. 1.],[1. 1. 1. ... 0. 1. 0.]
40,knn,{'n_neighbors': 29},0.5815493829510804,0.11593195575649076,0.17516405104925212,0.22193567988682272,0.587582025524626,0.11096783994341136,0.5761552160464899,0.15479876160990713,0.5773993808049536,0.5773993808049536,"{0: 0.6036864150907226, 1: 0.6036864150907226}","{0: 0.6036864150907226, 1: 0.6036864150907226}",0.6036864150907226,"[[408 238]
 [308 338]]",[0. 0. 0. ... 0. 0. 1.],[1. 1. 1. ... 0. 1. 0.]
539,knn,{'n_neighbors': 29},0.5815493829510804,0.11593195575649076,0.17516405104925212,0.22193567988682272,0.587582025524626,0.11096783994341136,0.5761552160464899,0.15479876160990713,0.5773993808049536,0.5773993808049536,"{0: 0.6036864150907226, 1: 0.6036864150907226}","{0: 0.6036864150907226, 1: 0.6036864150907226}",0.6036864150907226,"[[408 238]
 [308 338]]",[0. 0. 0. ... 0. 0. 1.],[1. 1. 1. ... 0. 1. 0.]
384,knn,{'n_neighbors': 29},0.5815493829510804,0.11593195575649076,0.17516405104925212,0.22193567988682272,0.587582025524626,0.11096783994341136,0.5761552160464899,0.15479876160990713,0.5773993808049536,0.5773993808049536,"{0: 0.6036864150907226, 1: 0.6036864150907226}","{0: 0.6036864150907226, 1: 0.6036864150907226}",0.6036864150907226,"[[408 238]
 [308 338]]",[0. 0. 0. ... 0. 0. 1.],[1. 1. 1. ... 0. 1. 0.]
268,knn,{'n_neighbors': 29},0.5815493829510804,0.11593195575649076,0.17516405104925212,0.22193567988682272,0.587582025524626,0.11096783994341136,0.5761552160464899,0.15479876160990713,0.5773993808049536,0.5773993808049536,"{0: 0.6036864150907226, 1: 0.6036864150907226}","{0: 0.6036864150907226, 1: 0.6036864150907226}",0.6036864150907226,"[[408 238]
 [308 338]]",[0. 0. 0. ... 0. 0. 1.],[1. 1. 1. ... 0. 1. 0.]
747,knn,{'n_neighbors': 29},0.5815493829510804,0.11593195575649076,0.17516405104925212,0.22193567988682272,0.587582025524626,0.11096783994341136,0.5761552160464899,0.15479876160990713,0.5773993808049536,0.5773993808049536,"{0: 0.6036864150907226, 1: 0.6036864150907226}","{0: 0.6036864150907226, 1: 0.6036864150907226}",0.6036864150907226,"[[408 238]
 [308 338]]",[0. 0. 0. ... 0. 0. 1.],[1. 1. 1. ... 0. 1. 0.]
801,knn,{'n_neighbors': 29},0.5815493829510804,0.11593195575649076,0.17516405104925212,0.22193567988682272,0.587582025524626,0.11096783994341136,0.5761552160464899,0.15479876160990713,0.5773993808049536,0.5773993808049536,"{0: 0.6036864150907226, 1: 0.6036864150907226}","{0: 0.6036864150907226, 1: 0.6036864150907226}",0.6036864150907226,"[[408 238]
 [308 338]]",[0. 0. 0. ... 0. 0. 1.],[1. 1. 1. ... 0. 1. 0.]
696,knn,{'n_neighbors': 29},0.5815493829510804,0.11593195575649076,0.17516405104925212,0.22193567988682272,0.587582025524626,0.11096783994341136,0.5761552160464899,0.15479876160990713,0.5773993808049536,0.5773993808049536,"{0: 0.6036864150907226, 1: 0.6036864150907226}","{0: 0.6036864150907226, 1: 0.6036864150907226}",0.6036864150907226,"[[408 238]
 [308 338]]",[0. 0. 0. ... 0. 0. 1.],[1. 1. 1. ... 0. 1. 0.]
440,knn,{'n_neighbors': 29},0.5815493829510804,0.11593195575649076,0.17516405104925212,0.22193567988682272,0.587582025524626,0.11096783994341136,0.5761552160464899,0.15479876160990713,0.5773993808049536,0.5773993808049536,"{0: 0.6036864150907226, 1: 0.6036864150907226}","{0: 0.6036864150907226, 1: 0.6036864150907226}",0.6036864150907226,"[[408 238]
 [308 338]]",[0. 0. 0. ... 0. 0. 1.],[1. 1. 1. ... 0. 1. 0.]
876,SVC,"{'C': 1, 'gamma': 0.01, 'kernel': 'rbf'}",0.5724509321076128,0.10055111406127662,0.17496944269690912,0.18493772103603012,0.5874847213484545,0.09246886051801506,0.5834834143326345,0.17647058823529416,0.5882352941176471,0.5882352941176471,"{0: 0.6139448283794535, 1: 0.6139448283794535}","{0: 0.6139448283794535, 1: 0.6139448283794535}",0.6139448283794535,"[[449 197]
 [335 311]]",[0. 0. 1. ... 0. 0. 0.],[1. 1. 1. ... 0. 1. 0.]
256,SVC,"{'C': 10, 'gamma': 0.01, 'kernel': 'rbf'}",0.5731828560977967,0.09438939519682163,0.17470134298211218,0.17107612163034328,0.587350671491056,0.08553806081517161,0.5801801136738385,0.1687306501547987,0.5843653250773994,0.5843653250773994,"{0: 0.6059377066779131, 1: 0.6059377066779132}","{0: 0.6059377066779131, 1: 0.6059377066779132}",0.6059377066779132,"[[442 204]
 [333 313]]",[0. 0. 1. ... 0. 0. 0.],[1. 1. 1. ... 0. 1. 0.]
478,AdaBoost,"{'algorithm': 'SAMME.R', 'learning_rate': 0.5081632653061224, 'n_estimators': 52}",0.578502713259947,0.09374544825423858,0.17467692960540798,0.18058787867159454,0.587338464802704,0.09029393933579724,0.5737015288195608,0.15325077399380804,0.576625386996904,0.576625386996904,"{0: 0.5915002060788467, 1: 0.5915002060788468}","{0: 0.5915002060788467, 1: 0.5915002060788468}",0.5915002060788468,"[[426 220]
 [327 319]]",[0. 1. 1. ... 0. 0. 0.],[1. 1. 1. ... 0. 1. 0.]
638,knn,{'n_neighbors': 21},0.5802899017475448,0.13143067494862545,0.17419079907446083,0.25307898186192135,0.5870953995372303,0.12653949093096065,0.5694096241206512,0.14086687306501544,0.5704334365325078,0.5704334365325078,"{0: 0.5902277890136012, 1: 0.5902277890136012}","{0: 0.5902277890136012, 1: 0.5902277890136012}",0.5902277890136012,"[[400 246]
 [309 337]]",[0. 0. 1. ... 0. 0. 1.],[1. 1. 1. ... 0. 1. 0.]
536,knn,{'n_neighbors': 21},0.5802899017475448,0.13143067494862545,0.17419079907446083,0.25307898186192135,0.5870953995372303,0.12653949093096065,0.5694096241206512,0.14086687306501544,0.5704334365325078,0.5704334365325078,"{0: 0.5902277890136012, 1: 0.5902277890136012}","{0: 0.5902277890136012, 1: 0.5902277890136012}",0.5902277890136012,"[[400 246]
 [309 337]]",[0. 0. 1. ... 0. 0. 1.],[1. 1. 1. ... 0. 1. 0.]
689,knn,{'n_neighbors': 21},0.5802899017475448,0.13143067494862545,0.17419079907446083,0.25307898186192135,0.5870953995372303,0.12653949093096065,0.5694096241206512,0.14086687306501544,0.5704334365325078,0.5704334365325078,"{0: 0.5902277890136012, 1: 0.5902277890136012}","{0: 0.5902277890136012, 1: 0.5902277890136012}",0.5902277890136012,"[[400 246]
 [309 337]]",[0. 0. 1. ... 0. 0. 1.],[1. 1. 1. ... 0. 1. 0.]
484,knn,{'n_neighbors': 21},0.5802899017475448,0.13143067494862545,0.17419079907446083,0.25307898186192135,0.5870953995372303,0.12653949093096065,0.5694096241206512,0.14086687306501544,0.5704334365325078,0.5704334365325078,"{0: 0.5902277890136012, 1: 0.5902277890136012}","{0: 0.5902277890136012, 1: 0.5902277890136012}",0.5902277890136012,"[[400 246]
 [309 337]]",[0. 0. 1. ... 0. 0. 1.],[1. 1. 1. ... 0. 1. 0.]
432,knn,{'n_neighbors': 21},0.5802899017475448,0.13143067494862545,0.17419079907446083,0.25307898186192135,0.5870953995372303,0.12653949093096065,0.5694096241206512,0.14086687306501544,0.5704334365325078,0.5704334365325078,"{0: 0.5902277890136012, 1: 0.5902277890136012}","{0: 0.5902277890136012, 1: 0.5902277890136012}",0.5902277890136012,"[[400 246]
 [309 337]]",[0. 0. 1. ... 0. 0. 1.],[1. 1. 1. ... 0. 1. 0.]
593,knn,{'n_neighbors': 21},0.5802899017475448,0.13143067494862545,0.17419079907446083,0.25307898186192135,0.5870953995372303,0.12653949093096065,0.5694096241206512,0.14086687306501544,0.5704334365325078,0.5704334365325078,"{0: 0.5902277890136012, 1: 0.5902277890136012}","{0: 0.5902277890136012, 1: 0.5902277890136012}",0.5902277890136012,"[[400 246]
 [309 337]]",[0. 0. 1. ... 0. 0. 1.],[1. 1. 1. ... 0. 1. 0.]
371,knn,{'n_neighbors': 21},0.5802899017475448,0.13143067494862545,0.17419079907446083,0.25307898186192135,0.5870953995372303,0.12653949093096065,0.5694096241206512,0.14086687306501544,0.5704334365325078,0.5704334365325078,"{0: 0.5902277890136012, 1: 0.5902277890136012}","{0: 0.5902277890136012, 1: 0.5902277890136012}",0.5902277890136012,"[[400 246]
 [309 337]]",[0. 0. 1. ... 0. 0. 1.],[1. 1. 1. ... 0. 1. 0.]
154,knn,{'n_neighbors': 21},0.5802899017475448,0.13143067494862545,0.17419079907446083,0.25307898186192135,0.5870953995372303,0.12653949093096065,0.5694096241206512,0.14086687306501544,0.5704334365325078,0.5704334365325078,"{0: 0.5902277890136012, 1: 0.5902277890136012}","{0: 0.5902277890136012, 1: 0.5902277890136012}",0.5902277890136012,"[[400 246]
 [309 337]]",[0. 0. 1. ... 0. 0. 1.],[1. 1. 1. ... 0. 1. 0.]
797,knn,{'n_neighbors': 21},0.5802899017475448,0.13143067494862545,0.17419079907446083,0.25307898186192135,0.5870953995372303,0.12653949093096065,0.5694096241206512,0.14086687306501544,0.5704334365325078,0.5704334365325078,"{0: 0.5902277890136012, 1: 0.5902277890136012}","{0: 0.5902277890136012, 1: 0.5902277890136012}",0.5902277890136012,"[[400 246]
 [309 337]]",[0. 0. 1. ... 0. 0. 1.],[1. 1. 1. ... 0. 1. 0.]
269,knn,{'n_neighbors': 21},0.5802899017475448,0.13143067494862545,0.17419079907446083,0.25307898186192135,0.5870953995372303,0.12653949093096065,0.5694096241206512,0.14086687306501544,0.5704334365325078,0.5704334365325078,"{0: 0.5902277890136012, 1: 0.5902277890136012}","{0: 0.5902277890136012, 1: 0.5902277890136012}",0.5902277890136012,"[[400 246]
 [309 337]]",[0. 0. 1. ... 0. 0. 1.],[1. 1. 1. ... 0. 1. 0.]
35,knn,{'n_neighbors': 21},0.5802899017475448,0.13143067494862545,0.17419079907446083,0.25307898186192135,0.5870953995372303,0.12653949093096065,0.5694096241206512,0.14086687306501544,0.5704334365325078,0.5704334365325078,"{0: 0.5902277890136012, 1: 0.5902277890136012}","{0: 0.5902277890136012, 1: 0.5902277890136012}",0.5902277890136012,"[[400 246]
 [309 337]]",[0. 0. 1. ... 0. 0. 1.],[1. 1. 1. ... 0. 1. 0.]
212,knn,{'n_neighbors': 21},0.5802899017475448,0.13143067494862545,0.17419079907446083,0.25307898186192135,0.5870953995372303,0.12653949093096065,0.5694096241206512,0.14086687306501544,0.5704334365325078,0.5704334365325078,"{0: 0.5902277890136012, 1: 0.5902277890136012}","{0: 0.5902277890136012, 1: 0.5902277890136012}",0.5902277890136012,"[[400 246]
 [309 337]]",[0. 0. 1. ... 0. 0. 1.],[1. 1. 1. ... 0. 1. 0.]
95,knn,{'n_neighbors': 21},0.5802899017475448,0.13143067494862545,0.17419079907446083,0.25307898186192135,0.5870953995372303,0.12653949093096065,0.5694096241206512,0.14086687306501544,0.5704334365325078,0.5704334365325078,"{0: 0.5902277890136012, 1: 0.5902277890136012}","{0: 0.5902277890136012, 1: 0.5902277890136012}",0.5902277890136012,"[[400 246]
 [309 337]]",[0. 0. 1. ... 0. 0. 1.],[1. 1. 1. ... 0. 1. 0.]
844,knn,{'n_neighbors': 21},0.5802899017475448,0.13143067494862545,0.17419079907446083,0.25307898186192135,0.5870953995372303,0.12653949093096065,0.5694096241206512,0.14086687306501544,0.5704334365325078,0.5704334365325078,"{0: 0.5902277890136012, 1: 0.5902277890136012}","{0: 0.5902277890136012, 1: 0.5902277890136012}",0.5902277890136012,"[[400 246]
 [309 337]]",[0. 0. 1. ... 0. 0. 1.],[1. 1. 1. ... 0. 1. 0.]
317,knn,{'n_neighbors': 21},0.5802899017475448,0.13143067494862545,0.17419079907446083,0.25307898186192135,0.5870953995372303,0.12653949093096065,0.5694096241206512,0.14086687306501544,0.5704334365325078,0.5704334365325078,"{0: 0.5902277890136012, 1: 0.5902277890136012}","{0: 0.5902277890136012, 1: 0.5902277890136012}",0.5902277890136012,"[[400 246]
 [309 337]]",[0. 0. 1. ... 0. 0. 1.],[1. 1. 1. ... 0. 1. 0.]
745,knn,{'n_neighbors': 21},0.5802899017475448,0.13143067494862545,0.17419079907446083,0.25307898186192135,0.5870953995372303,0.12653949093096065,0.5694096241206512,0.14086687306501544,0.5704334365325078,0.5704334365325078,"{0: 0.5902277890136012, 1: 0.5902277890136012}","{0: 0.5902277890136012, 1: 0.5902277890136012}",0.5902277890136012,"[[400 246]
 [309 337]]",[0. 0. 1. ... 0. 0. 1.],[1. 1. 1. ... 0. 1. 0.]
899,knn,{'n_neighbors': 21},0.5802899017475448,0.13143067494862545,0.17419079907446083,0.25307898186192135,0.5870953995372303,0.12653949093096065,0.5694096241206512,0.14086687306501544,0.5704334365325078,0.5704334365325078,"{0: 0.5902277890136012, 1: 0.5902277890136012}","{0: 0.5902277890136012, 1: 0.5902277890136012}",0.5902277890136012,"[[400 246]
 [309 337]]",[0. 0. 1. ... 0. 0. 1.],[1. 1. 1. ... 0. 1. 0.]
310,AdaBoost,"{'algorithm': 'SAMME', 'learning_rate': 0.1816326530612245, 'n_estimators': 96}",0.5670440481698089,0.10101885997713715,0.17405379103075522,0.19138793596260625,0.5870268955153776,0.09569396798130313,0.5619699523127217,0.15170278637770895,0.5758513931888545,0.5758513931888545,"{0: 0.5887768501567158, 1: 0.5887768501567157}","{0: 0.5887768501567158, 1: 0.5887768501567157}",0.5887768501567157,"[[487 159]
 [389 257]]",[0. 0. 1. ... 0. 0. 0.],[1. 1. 1. ... 0. 1. 0.]
988,AdaBoost,"{'algorithm': 'SAMME', 'learning_rate': 0.1816326530612245, 'n_estimators': 96}",0.5670440481698089,0.10101885997713715,0.17405379103075522,0.19138793596260625,0.5870268955153776,0.09569396798130313,0.5619699523127217,0.15170278637770895,0.5758513931888545,0.5758513931888545,"{0: 0.5887768501567158, 1: 0.5887768501567157}","{0: 0.5887768501567158, 1: 0.5887768501567157}",0.5887768501567157,"[[487 159]
 [389 257]]",[0. 0. 1. ... 0. 0. 0.],[1. 1. 1. ... 0. 1. 0.]
231,AdaBoost,"{'algorithm': 'SAMME', 'learning_rate': 0.26326530612244897, 'n_estimators': 63}",0.5661365684663047,0.10213072415247468,0.17344552940334176,0.19440186537259663,0.586722764701671,0.0972009326862983,0.5638991750141469,0.1578947368421053,0.5789473684210527,0.5789473684210527,"{0: 0.5898036499918526, 1: 0.5898036499918526}","{0: 0.5898036499918526, 1: 0.5898036499918526}",0.5898036499918526,"[[494 152]
 [392 254]]",[0. 0. 1. ... 0. 0. 0.],[1. 1. 1. ... 0. 1. 0.]
506,SVC,"{'C': 1000, 'gamma': 0.001, 'kernel': 'rbf'}",0.5716427947856509,0.09508443861200935,0.17299568818960892,0.17390037288977345,0.5864978440948044,0.08695018644488672,0.5817766527001863,0.17337461300309598,0.586687306501548,0.586687306501548,"{0: 0.6086874215222997, 1: 0.6086874215222996}","{0: 0.6086874215222997, 1: 0.6086874215222996}",0.6086874215222996,"[[449 197]
 [337 309]]",[0. 0. 1. ... 0. 0. 0.],[1. 1. 1. ... 0. 1. 0.]
909,knn,{'n_neighbors': 43},0.5780942288181521,0.11431471769482993,0.17270992843265057,0.2161708166800899,0.5863549642163253,0.10808540834004494,0.5725677523391604,0.15015479876160986,0.5750773993808049,0.5750773993808049,"{0: 0.611243038848259, 1: 0.6112430388482589}","{0: 0.611243038848259, 1: 0.6112430388482589}",0.6112430388482589,"[[421 225]
 [324 322]]",[0. 0. 0. ... 0. 0. 1.],[1. 1. 1. ... 0. 1. 0.]
108,knn,{'n_neighbors': 43},0.5780942288181521,0.11431471769482993,0.17270992843265057,0.2161708166800899,0.5863549642163253,0.10808540834004494,0.5725677523391604,0.15015479876160986,0.5750773993808049,0.5750773993808049,"{0: 0.611243038848259, 1: 0.6112430388482589}","{0: 0.611243038848259, 1: 0.6112430388482589}",0.6112430388482589,"[[421 225]
 [324 322]]",[0. 0. 0. ... 0. 0. 1.],[1. 1. 1. ... 0. 1. 0.]
646,knn,{'n_neighbors': 43},0.5780942288181521,0.11431471769482993,0.17270992843265057,0.2161708166800899,0.5863549642163253,0.10808540834004494,0.5725677523391604,0.15015479876160986,0.5750773993808049,0.5750773993808049,"{0: 0.611243038848259, 1: 0.6112430388482589}","{0: 0.611243038848259, 1: 0.6112430388482589}",0.6112430388482589,"[[421 225]
 [324 322]]",[0. 0. 0. ... 0. 0. 1.],[1. 1. 1. ... 0. 1. 0.]
496,knn,{'n_neighbors': 43},0.5780942288181521,0.11431471769482993,0.17270992843265057,0.2161708166800899,0.5863549642163253,0.10808540834004494,0.5725677523391604,0.15015479876160986,0.5750773993808049,0.5750773993808049,"{0: 0.611243038848259, 1: 0.6112430388482589}","{0: 0.611243038848259, 1: 0.6112430388482589}",0.6112430388482589,"[[421 225]
 [324 322]]",[0. 0. 0. ... 0. 0. 1.],[1. 1. 1. ... 0. 1. 0.]
549,knn,{'n_neighbors': 43},0.5780942288181521,0.11431471769482993,0.17270992843265057,0.2161708166800899,0.5863549642163253,0.10808540834004494,0.5725677523391604,0.15015479876160986,0.5750773993808049,0.5750773993808049,"{0: 0.611243038848259, 1: 0.6112430388482589}","{0: 0.611243038848259, 1: 0.6112430388482589}",0.6112430388482589,"[[421 225]
 [324 322]]",[0. 0. 0. ... 0. 0. 1.],[1. 1. 1. ... 0. 1. 0.]
47,knn,{'n_neighbors': 43},0.5780942288181521,0.11431471769482993,0.17270992843265057,0.2161708166800899,0.5863549642163253,0.10808540834004494,0.5725677523391604,0.15015479876160986,0.5750773993808049,0.5750773993808049,"{0: 0.611243038848259, 1: 0.6112430388482589}","{0: 0.611243038848259, 1: 0.6112430388482589}",0.6112430388482589,"[[421 225]
 [324 322]]",[0. 0. 0. ... 0. 0. 1.],[1. 1. 1. ... 0. 1. 0.]
232,knn,{'n_neighbors': 43},0.5780942288181521,0.11431471769482993,0.17270992843265057,0.2161708166800899,0.5863549642163253,0.10808540834004494,0.5725677523391604,0.15015479876160986,0.5750773993808049,0.5750773993808049,"{0: 0.611243038848259, 1: 0.6112430388482589}","{0: 0.611243038848259, 1: 0.6112430388482589}",0.6112430388482589,"[[421 225]
 [324 322]]",[0. 0. 0. ... 0. 0. 1.],[1. 1. 1. ... 0. 1. 0.]
805,knn,{'n_neighbors': 43},0.5780942288181521,0.11431471769482993,0.17270992843265057,0.2161708166800899,0.5863549642163253,0.10808540834004494,0.5725677523391604,0.15015479876160986,0.5750773993808049,0.5750773993808049,"{0: 0.611243038848259, 1: 0.6112430388482589}","{0: 0.611243038848259, 1: 0.6112430388482589}",0.6112430388482589,"[[421 225]
 [324 322]]",[0. 0. 0. ... 0. 0. 1.],[1. 1. 1. ... 0. 1. 0.]
597,knn,{'n_neighbors': 43},0.5780942288181521,0.11431471769482993,0.17270992843265057,0.2161708166800899,0.5863549642163253,0.10808540834004494,0.5725677523391604,0.15015479876160986,0.5750773993808049,0.5750773993808049,"{0: 0.611243038848259, 1: 0.6112430388482589}","{0: 0.611243038848259, 1: 0.6112430388482589}",0.6112430388482589,"[[421 225]
 [324 322]]",[0. 0. 0. ... 0. 0. 1.],[1. 1. 1. ... 0. 1. 0.]
436,knn,{'n_neighbors': 43},0.5780942288181521,0.11431471769482993,0.17270992843265057,0.2161708166800899,0.5863549642163253,0.10808540834004494,0.5725677523391604,0.15015479876160986,0.5750773993808049,0.5750773993808049,"{0: 0.611243038848259, 1: 0.6112430388482589}","{0: 0.611243038848259, 1: 0.6112430388482589}",0.6112430388482589,"[[421 225]
 [324 322]]",[0. 0. 0. ... 0. 0. 1.],[1. 1. 1. ... 0. 1. 0.]
286,knn,{'n_neighbors': 43},0.5780942288181521,0.11431471769482993,0.17270992843265057,0.2161708166800899,0.5863549642163253,0.10808540834004494,0.5725677523391604,0.15015479876160986,0.5750773993808049,0.5750773993808049,"{0: 0.611243038848259, 1: 0.6112430388482589}","{0: 0.611243038848259, 1: 0.6112430388482589}",0.6112430388482589,"[[421 225]
 [324 322]]",[0. 0. 0. ... 0. 0. 1.],[1. 1. 1. ... 0. 1. 0.]
703,knn,{'n_neighbors': 43},0.5780942288181521,0.11431471769482993,0.17270992843265057,0.2161708166800899,0.5863549642163253,0.10808540834004494,0.5725677523391604,0.15015479876160986,0.5750773993808049,0.5750773993808049,"{0: 0.611243038848259, 1: 0.6112430388482589}","{0: 0.611243038848259, 1: 0.6112430388482589}",0.6112430388482589,"[[421 225]
 [324 322]]",[0. 0. 0. ... 0. 0. 1.],[1. 1. 1. ... 0. 1. 0.]
168,knn,{'n_neighbors': 43},0.5780942288181521,0.11431471769482993,0.17270992843265057,0.2161708166800899,0.5863549642163253,0.10808540834004494,0.5725677523391604,0.15015479876160986,0.5750773993808049,0.5750773993808049,"{0: 0.611243038848259, 1: 0.6112430388482589}","{0: 0.611243038848259, 1: 0.6112430388482589}",0.6112430388482589,"[[421 225]
 [324 322]]",[0. 0. 0. ... 0. 0. 1.],[1. 1. 1. ... 0. 1. 0.]
852,knn,{'n_neighbors': 43},0.5780942288181521,0.11431471769482993,0.17270992843265057,0.2161708166800899,0.5863549642163253,0.10808540834004494,0.5725677523391604,0.15015479876160986,0.5750773993808049,0.5750773993808049,"{0: 0.611243038848259, 1: 0.6112430388482589}","{0: 0.611243038848259, 1: 0.6112430388482589}",0.6112430388482589,"[[421 225]
 [324 322]]",[0. 0. 0. ... 0. 0. 1.],[1. 1. 1. ... 0. 1. 0.]
345,knn,{'n_neighbors': 43},0.5780942288181521,0.11431471769482993,0.17270992843265057,0.2161708166800899,0.5863549642163253,0.10808540834004494,0.5725677523391604,0.15015479876160986,0.5750773993808049,0.5750773993808049,"{0: 0.611243038848259, 1: 0.6112430388482589}","{0: 0.611243038848259, 1: 0.6112430388482589}",0.6112430388482589,"[[421 225]
 [324 322]]",[0. 0. 0. ... 0. 0. 1.],[1. 1. 1. ... 0. 1. 0.]
757,knn,{'n_neighbors': 43},0.5780942288181521,0.11431471769482993,0.17270992843265057,0.2161708166800899,0.5863549642163253,0.10808540834004494,0.5725677523391604,0.15015479876160986,0.5750773993808049,0.5750773993808049,"{0: 0.611243038848259, 1: 0.6112430388482589}","{0: 0.611243038848259, 1: 0.6112430388482589}",0.6112430388482589,"[[421 225]
 [324 322]]",[0. 0. 0. ... 0. 0. 1.],[1. 1. 1. ... 0. 1. 0.]
395,knn,{'n_neighbors': 43},0.5780942288181521,0.11431471769482993,0.17270992843265057,0.2161708166800899,0.5863549642163253,0.10808540834004494,0.5725677523391604,0.15015479876160986,0.5750773993808049,0.5750773993808049,"{0: 0.611243038848259, 1: 0.6112430388482589}","{0: 0.611243038848259, 1: 0.6112430388482589}",0.6112430388482589,"[[421 225]
 [324 322]]",[0. 0. 0. ... 0. 0. 1.],[1. 1. 1. ... 0. 1. 0.]
73,SVC,"{'C': 10, 'gamma': 0.01, 'kernel': 'rbf'}",0.572054542481068,0.09666764415404726,0.17233917758087036,0.17599382189578291,0.5861695887904351,0.08799691094789144,0.5787470472768407,0.16563467492260064,0.5828173374613003,0.5828173374613003,"{0: 0.6082656787662107, 1: 0.6082656787662107}","{0: 0.6082656787662107, 1: 0.6082656787662107}",0.6082656787662107,"[[440 206]
 [333 313]]",[0. 0. 1. ... 0. 0. 0.],[1. 1. 1. ... 0. 1. 0.]
658,SVC,"{'C': 1000, 'gamma': 0.001, 'kernel': 'rbf'}",0.569743230676399,0.09584392133664424,0.1719654138217243,0.17321179888404786,0.5859827069108622,0.08660589944202393,0.5812044265508226,0.1718266253869969,0.5859133126934984,0.5859133126934984,"{0: 0.6079325978395269, 1: 0.6079325978395269}","{0: 0.6079325978395269, 1: 0.6079325978395269}",0.6079325978395269,"[[447 199]
 [336 310]]",[0. 0. 1. ... 0. 0. 0.],[1. 1. 1. ... 0. 1. 0.]
717,knn,{'n_neighbors': 35},0.5776551685668734,0.12007484750435876,0.17008527417722002,0.2311625909209727,0.5850426370886099,0.11558129546048634,0.5736897880539499,0.15170278637770895,0.5758513931888545,0.5758513931888545,"{0: 0.6096267576608613, 1: 0.6096267576608614}","{0: 0.6096267576608613, 1: 0.6096267576608614}",0.6096267576608614,"[[418 228]
 [320 326]]",[0. 0. 0. ... 0. 0. 1.],[1. 1. 1. ... 0. 1. 0.]
189,knn,{'n_neighbors': 35},0.5776551685668734,0.12007484750435876,0.17008527417722002,0.2311625909209727,0.5850426370886099,0.11558129546048634,0.5736897880539499,0.15170278637770895,0.5758513931888545,0.5758513931888545,"{0: 0.6096267576608613, 1: 0.6096267576608614}","{0: 0.6096267576608613, 1: 0.6096267576608614}",0.6096267576608614,"[[418 228]
 [320 326]]",[0. 0. 0. ... 0. 0. 1.],[1. 1. 1. ... 0. 1. 0.]
456,knn,{'n_neighbors': 35},0.5776551685668734,0.12007484750435876,0.17008527417722002,0.2311625909209727,0.5850426370886099,0.11558129546048634,0.5736897880539499,0.15170278637770895,0.5758513931888545,0.5758513931888545,"{0: 0.6096267576608613, 1: 0.6096267576608614}","{0: 0.6096267576608613, 1: 0.6096267576608614}",0.6096267576608614,"[[418 228]
 [320 326]]",[0. 0. 0. ... 0. 0. 1.],[1. 1. 1. ... 0. 1. 0.]
567,knn,{'n_neighbors': 35},0.5776551685668734,0.12007484750435876,0.17008527417722002,0.2311625909209727,0.5850426370886099,0.11558129546048634,0.5736897880539499,0.15170278637770895,0.5758513931888545,0.5758513931888545,"{0: 0.6096267576608613, 1: 0.6096267576608614}","{0: 0.6096267576608613, 1: 0.6096267576608614}",0.6096267576608614,"[[418 228]
 [320 326]]",[0. 0. 0. ... 0. 0. 1.],[1. 1. 1. ... 0. 1. 0.]
512,knn,{'n_neighbors': 35},0.5776551685668734,0.12007484750435876,0.17008527417722002,0.2311625909209727,0.5850426370886099,0.11558129546048634,0.5736897880539499,0.15170278637770895,0.5758513931888545,0.5758513931888545,"{0: 0.6096267576608613, 1: 0.6096267576608614}","{0: 0.6096267576608613, 1: 0.6096267576608614}",0.6096267576608614,"[[418 228]
 [320 326]]",[0. 0. 0. ... 0. 0. 1.],[1. 1. 1. ... 0. 1. 0.]
245,knn,{'n_neighbors': 35},0.5776551685668734,0.12007484750435876,0.17008527417722002,0.2311625909209727,0.5850426370886099,0.11558129546048634,0.5736897880539499,0.15170278637770895,0.5758513931888545,0.5758513931888545,"{0: 0.6096267576608613, 1: 0.6096267576608614}","{0: 0.6096267576608613, 1: 0.6096267576608614}",0.6096267576608614,"[[418 228]
 [320 326]]",[0. 0. 0. ... 0. 0. 1.],[1. 1. 1. ... 0. 1. 0.]
133,knn,{'n_neighbors': 35},0.5776551685668734,0.12007484750435876,0.17008527417722002,0.2311625909209727,0.5850426370886099,0.11558129546048634,0.5736897880539499,0.15170278637770895,0.5758513931888545,0.5758513931888545,"{0: 0.6096267576608613, 1: 0.6096267576608614}","{0: 0.6096267576608613, 1: 0.6096267576608614}",0.6096267576608614,"[[418 228]
 [320 326]]",[0. 0. 0. ... 0. 0. 1.],[1. 1. 1. ... 0. 1. 0.]
664,knn,{'n_neighbors': 35},0.5776551685668734,0.12007484750435876,0.17008527417722002,0.2311625909209727,0.5850426370886099,0.11558129546048634,0.5736897880539499,0.15170278637770895,0.5758513931888545,0.5758513931888545,"{0: 0.6096267576608613, 1: 0.6096267576608614}","{0: 0.6096267576608613, 1: 0.6096267576608614}",0.6096267576608614,"[[418 228]
 [320 326]]",[0. 0. 0. ... 0. 0. 1.],[1. 1. 1. ... 0. 1. 0.]
351,knn,{'n_neighbors': 35},0.5776551685668734,0.12007484750435876,0.17008527417722002,0.2311625909209727,0.5850426370886099,0.11558129546048634,0.5736897880539499,0.15170278637770895,0.5758513931888545,0.5758513931888545,"{0: 0.6096267576608613, 1: 0.6096267576608614}","{0: 0.6096267576608613, 1: 0.6096267576608614}",0.6096267576608614,"[[418 228]
 [320 326]]",[0. 0. 0. ... 0. 0. 1.],[1. 1. 1. ... 0. 1. 0.]
921,knn,{'n_neighbors': 35},0.5776551685668734,0.12007484750435876,0.17008527417722002,0.2311625909209727,0.5850426370886099,0.11558129546048634,0.5736897880539499,0.15170278637770895,0.5758513931888545,0.5758513931888545,"{0: 0.6096267576608613, 1: 0.6096267576608614}","{0: 0.6096267576608613, 1: 0.6096267576608614}",0.6096267576608614,"[[418 228]
 [320 326]]",[0. 0. 0. ... 0. 0. 1.],[1. 1. 1. ... 0. 1. 0.]
610,knn,{'n_neighbors': 35},0.5776551685668734,0.12007484750435876,0.17008527417722002,0.2311625909209727,0.5850426370886099,0.11558129546048634,0.5736897880539499,0.15170278637770895,0.5758513931888545,0.5758513931888545,"{0: 0.6096267576608613, 1: 0.6096267576608614}","{0: 0.6096267576608613, 1: 0.6096267576608614}",0.6096267576608614,"[[418 228]
 [320 326]]",[0. 0. 0. ... 0. 0. 1.],[1. 1. 1. ... 0. 1. 0.]
814,knn,{'n_neighbors': 35},0.5776551685668734,0.12007484750435876,0.17008527417722002,0.2311625909209727,0.5850426370886099,0.11558129546048634,0.5736897880539499,0.15170278637770895,0.5758513931888545,0.5758513931888545,"{0: 0.6096267576608613, 1: 0.6096267576608614}","{0: 0.6096267576608613, 1: 0.6096267576608614}",0.6096267576608614,"[[418 228]
 [320 326]]",[0. 0. 0. ... 0. 0. 1.],[1. 1. 1. ... 0. 1. 0.]
867,knn,{'n_neighbors': 35},0.5776551685668734,0.12007484750435876,0.17008527417722002,0.2311625909209727,0.5850426370886099,0.11558129546048634,0.5736897880539499,0.15170278637770895,0.5758513931888545,0.5758513931888545,"{0: 0.6096267576608613, 1: 0.6096267576608614}","{0: 0.6096267576608613, 1: 0.6096267576608614}",0.6096267576608614,"[[418 228]
 [320 326]]",[0. 0. 0. ... 0. 0. 1.],[1. 1. 1. ... 0. 1. 0.]
64,knn,{'n_neighbors': 35},0.5776551685668734,0.12007484750435876,0.17008527417722002,0.2311625909209727,0.5850426370886099,0.11558129546048634,0.5736897880539499,0.15170278637770895,0.5758513931888545,0.5758513931888545,"{0: 0.6096267576608613, 1: 0.6096267576608614}","{0: 0.6096267576608613, 1: 0.6096267576608614}",0.6096267576608614,"[[418 228]
 [320 326]]",[0. 0. 0. ... 0. 0. 1.],[1. 1. 1. ... 0. 1. 0.]
410,knn,{'n_neighbors': 35},0.5776551685668734,0.12007484750435876,0.17008527417722002,0.2311625909209727,0.5850426370886099,0.11558129546048634,0.5736897880539499,0.15170278637770895,0.5758513931888545,0.5758513931888545,"{0: 0.6096267576608613, 1: 0.6096267576608614}","{0: 0.6096267576608613, 1: 0.6096267576608614}",0.6096267576608614,"[[418 228]
 [320 326]]",[0. 0. 0. ... 0. 0. 1.],[1. 1. 1. ... 0. 1. 0.]
771,knn,{'n_neighbors': 35},0.5776551685668734,0.12007484750435876,0.17008527417722002,0.2311625909209727,0.5850426370886099,0.11558129546048634,0.5736897880539499,0.15170278637770895,0.5758513931888545,0.5758513931888545,"{0: 0.6096267576608613, 1: 0.6096267576608614}","{0: 0.6096267576608613, 1: 0.6096267576608614}",0.6096267576608614,"[[418 228]
 [320 326]]",[0. 0. 0. ... 0. 0. 1.],[1. 1. 1. ... 0. 1. 0.]
300,knn,{'n_neighbors': 35},0.5776551685668734,0.12007484750435876,0.17008527417722002,0.2311625909209727,0.5850426370886099,0.11558129546048634,0.5736897880539499,0.15170278637770895,0.5758513931888545,0.5758513931888545,"{0: 0.6096267576608613, 1: 0.6096267576608614}","{0: 0.6096267576608613, 1: 0.6096267576608614}",0.6096267576608614,"[[418 228]
 [320 326]]",[0. 0. 0. ... 0. 0. 1.],[1. 1. 1. ... 0. 1. 0.]
333,AdaBoost,"{'algorithm': 'SAMME.R', 'learning_rate': 0.3448979591836735, 'n_estimators': 74}",0.5775067774816443,0.09125418574571417,0.16953192010135354,0.1773646097061149,0.5847659600506767,0.08868230485305745,0.572668696964494,0.15015479876160986,0.5750773993808049,0.5750773993808049,"{0: 0.5973710569448571, 1: 0.5973710569448571}","{0: 0.5973710569448571, 1: 0.5973710569448571}",0.5973710569448571,"[[420 226]
 [323 323]]",[0. 1. 1. ... 0. 0. 0.],[1. 1. 1. ... 0. 1. 0.]
873,naive_bayes,{},0.5549008100888463,0.08443629524347297,0.16885390772022038,0.14385916003666857,0.5844269538601101,0.07192958001833429,0.5575742959990835,0.16253869969040247,0.5812693498452013,0.5812693498452012,"{0: 0.5974896720950071, 1: 0.5974932664934964}","{0: 0.5974896720950071, 1: 0.5974932664934964}",0.5974932664934964,"[[525 121]
 [420 226]]",[0. 0. 0. ... 1. 0. 0.],[1. 1. 1. ... 0. 1. 0.]
22,naive_bayes,{},0.5549008100888463,0.08443629524347297,0.16885390772022038,0.14385916003666857,0.5844269538601101,0.07192958001833429,0.5575742959990835,0.16253869969040247,0.5812693498452013,0.5812693498452012,"{0: 0.5974896720950071, 1: 0.5974932664934964}","{0: 0.5974896720950071, 1: 0.5974932664934964}",0.5974932664934964,"[[525 121]
 [420 226]]",[0. 0. 0. ... 1. 0. 0.],[1. 1. 1. ... 0. 1. 0.]
356,naive_bayes,{},0.5549008100888463,0.08443629524347297,0.16885390772022038,0.14385916003666857,0.5844269538601101,0.07192958001833429,0.5575742959990835,0.16253869969040247,0.5812693498452013,0.5812693498452012,"{0: 0.5974896720950071, 1: 0.5974932664934964}","{0: 0.5974896720950071, 1: 0.5974932664934964}",0.5974932664934964,"[[525 121]
 [420 226]]",[0. 0. 0. ... 1. 0. 0.],[1. 1. 1. ... 0. 1. 0.]
642,naive_bayes,{},0.5549008100888463,0.08443629524347297,0.16885390772022038,0.14385916003666857,0.5844269538601101,0.07192958001833429,0.5575742959990835,0.16253869969040247,0.5812693498452013,0.5812693498452012,"{0: 0.5974896720950071, 1: 0.5974932664934964}","{0: 0.5974896720950071, 1: 0.5974932664934964}",0.5974932664934964,"[[525 121]
 [420 226]]",[0. 0. 0. ... 1. 0. 0.],[1. 1. 1. ... 0. 1. 0.]
164,naive_bayes,{},0.5549008100888463,0.08443629524347297,0.16885390772022038,0.14385916003666857,0.5844269538601101,0.07192958001833429,0.5575742959990835,0.16253869969040247,0.5812693498452013,0.5812693498452012,"{0: 0.5974896720950071, 1: 0.5974932664934964}","{0: 0.5974896720950071, 1: 0.5974932664934964}",0.5974932664934964,"[[525 121]
 [420 226]]",[0. 0. 0. ... 1. 0. 0.],[1. 1. 1. ... 0. 1. 0.]
21,naive_bayes,{},0.5549008100888463,0.08443629524347297,0.16885390772022038,0.14385916003666857,0.5844269538601101,0.07192958001833429,0.5575742959990835,0.16253869969040247,0.5812693498452013,0.5812693498452012,"{0: 0.5974896720950071, 1: 0.5974932664934964}","{0: 0.5974896720950071, 1: 0.5974932664934964}",0.5974932664934964,"[[525 121]
 [420 226]]",[0. 0. 0. ... 1. 0. 0.],[1. 1. 1. ... 0. 1. 0.]
505,naive_bayes,{},0.5549008100888463,0.08443629524347297,0.16885390772022038,0.14385916003666857,0.5844269538601101,0.07192958001833429,0.5575742959990835,0.16253869969040247,0.5812693498452013,0.5812693498452012,"{0: 0.5974896720950071, 1: 0.5974932664934964}","{0: 0.5974896720950071, 1: 0.5974932664934964}",0.5974932664934964,"[[525 121]
 [420 226]]",[0. 0. 0. ... 1. 0. 0.],[1. 1. 1. ... 0. 1. 0.]
746,naive_bayes,{},0.5549008100888463,0.08443629524347297,0.16885390772022038,0.14385916003666857,0.5844269538601101,0.07192958001833429,0.5575742959990835,0.16253869969040247,0.5812693498452013,0.5812693498452012,"{0: 0.5974896720950071, 1: 0.5974932664934964}","{0: 0.5974896720950071, 1: 0.5974932664934964}",0.5974932664934964,"[[525 121]
 [420 226]]",[0. 0. 0. ... 1. 0. 0.],[1. 1. 1. ... 0. 1. 0.]
16,naive_bayes,{},0.5549008100888463,0.08443629524347297,0.16885390772022038,0.14385916003666857,0.5844269538601101,0.07192958001833429,0.5575742959990835,0.16253869969040247,0.5812693498452013,0.5812693498452012,"{0: 0.5974896720950071, 1: 0.5974932664934964}","{0: 0.5974896720950071, 1: 0.5974932664934964}",0.5974932664934964,"[[525 121]
 [420 226]]",[0. 0. 0. ... 1. 0. 0.],[1. 1. 1. ... 0. 1. 0.]
12,naive_bayes,{},0.5549008100888463,0.08443629524347297,0.16885390772022038,0.14385916003666857,0.5844269538601101,0.07192958001833429,0.5575742959990835,0.16253869969040247,0.5812693498452013,0.5812693498452012,"{0: 0.5974896720950071, 1: 0.5974932664934964}","{0: 0.5974896720950071, 1: 0.5974932664934964}",0.5974932664934964,"[[525 121]
 [420 226]]",[0. 0. 0. ... 1. 0. 0.],[1. 1. 1. ... 0. 1. 0.]
174,naive_bayes,{},0.5549008100888463,0.08443629524347297,0.16885390772022038,0.14385916003666857,0.5844269538601101,0.07192958001833429,0.5575742959990835,0.16253869969040247,0.5812693498452013,0.5812693498452012,"{0: 0.5974896720950071, 1: 0.5974932664934964}","{0: 0.5974896720950071, 1: 0.5974932664934964}",0.5974932664934964,"[[525 121]
 [420 226]]",[0. 0. 0. ... 1. 0. 0.],[1. 1. 1. ... 0. 1. 0.]
388,naive_bayes,{},0.5549008100888463,0.08443629524347297,0.16885390772022038,0.14385916003666857,0.5844269538601101,0.07192958001833429,0.5575742959990835,0.16253869969040247,0.5812693498452013,0.5812693498452012,"{0: 0.5974896720950071, 1: 0.5974932664934964}","{0: 0.5974896720950071, 1: 0.5974932664934964}",0.5974932664934964,"[[525 121]
 [420 226]]",[0. 0. 0. ... 1. 0. 0.],[1. 1. 1. ... 0. 1. 0.]
493,naive_bayes,{},0.5549008100888463,0.08443629524347297,0.16885390772022038,0.14385916003666857,0.5844269538601101,0.07192958001833429,0.5575742959990835,0.16253869969040247,0.5812693498452013,0.5812693498452012,"{0: 0.5974896720950071, 1: 0.5974932664934964}","{0: 0.5974896720950071, 1: 0.5974932664934964}",0.5974932664934964,"[[525 121]
 [420 226]]",[0. 0. 0. ... 1. 0. 0.],[1. 1. 1. ... 0. 1. 0.]
183,naive_bayes,{},0.5549008100888463,0.08443629524347297,0.16885390772022038,0.14385916003666857,0.5844269538601101,0.07192958001833429,0.5575742959990835,0.16253869969040247,0.5812693498452013,0.5812693498452012,"{0: 0.5974896720950071, 1: 0.5974932664934964}","{0: 0.5974896720950071, 1: 0.5974932664934964}",0.5974932664934964,"[[525 121]
 [420 226]]",[0. 0. 0. ... 1. 0. 0.],[1. 1. 1. ... 0. 1. 0.]
860,naive_bayes,{},0.5549008100888463,0.08443629524347297,0.16885390772022038,0.14385916003666857,0.5844269538601101,0.07192958001833429,0.5575742959990835,0.16253869969040247,0.5812693498452013,0.5812693498452012,"{0: 0.5974896720950071, 1: 0.5974932664934964}","{0: 0.5974896720950071, 1: 0.5974932664934964}",0.5974932664934964,"[[525 121]
 [420 226]]",[0. 0. 0. ... 1. 0. 0.],[1. 1. 1. ... 0. 1. 0.]
655,naive_bayes,{},0.5549008100888463,0.08443629524347297,0.16885390772022038,0.14385916003666857,0.5844269538601101,0.07192958001833429,0.5575742959990835,0.16253869969040247,0.5812693498452013,0.5812693498452012,"{0: 0.5974896720950071, 1: 0.5974932664934964}","{0: 0.5974896720950071, 1: 0.5974932664934964}",0.5974932664934964,"[[525 121]
 [420 226]]",[0. 0. 0. ... 1. 0. 0.],[1. 1. 1. ... 0. 1. 0.]
9,naive_bayes,{},0.5549008100888463,0.08443629524347297,0.16885390772022038,0.14385916003666857,0.5844269538601101,0.07192958001833429,0.5575742959990835,0.16253869969040247,0.5812693498452013,0.5812693498452012,"{0: 0.5974896720950071, 1: 0.5974932664934964}","{0: 0.5974896720950071, 1: 0.5974932664934964}",0.5974932664934964,"[[525 121]
 [420 226]]",[0. 0. 0. ... 1. 0. 0.],[1. 1. 1. ... 0. 1. 0.]
194,naive_bayes,{},0.5549008100888463,0.08443629524347297,0.16885390772022038,0.14385916003666857,0.5844269538601101,0.07192958001833429,0.5575742959990835,0.16253869969040247,0.5812693498452013,0.5812693498452012,"{0: 0.5974896720950071, 1: 0.5974932664934964}","{0: 0.5974896720950071, 1: 0.5974932664934964}",0.5974932664934964,"[[525 121]
 [420 226]]",[0. 0. 0. ... 1. 0. 0.],[1. 1. 1. ... 0. 1. 0.]
367,naive_bayes,{},0.5549008100888463,0.08443629524347297,0.16885390772022038,0.14385916003666857,0.5844269538601101,0.07192958001833429,0.5575742959990835,0.16253869969040247,0.5812693498452013,0.5812693498452012,"{0: 0.5974896720950071, 1: 0.5974932664934964}","{0: 0.5974896720950071, 1: 0.5974932664934964}",0.5974932664934964,"[[525 121]
 [420 226]]",[0. 0. 0. ... 1. 0. 0.],[1. 1. 1. ... 0. 1. 0.]
482,naive_bayes,{},0.5549008100888463,0.08443629524347297,0.16885390772022038,0.14385916003666857,0.5844269538601101,0.07192958001833429,0.5575742959990835,0.16253869969040247,0.5812693498452013,0.5812693498452012,"{0: 0.5974896720950071, 1: 0.5974932664934964}","{0: 0.5974896720950071, 1: 0.5974932664934964}",0.5974932664934964,"[[525 121]
 [420 226]]",[0. 0. 0. ... 1. 0. 0.],[1. 1. 1. ... 0. 1. 0.]
846,naive_bayes,{},0.5549008100888463,0.08443629524347297,0.16885390772022038,0.14385916003666857,0.5844269538601101,0.07192958001833429,0.5575742959990835,0.16253869969040247,0.5812693498452013,0.5812693498452012,"{0: 0.5974896720950071, 1: 0.5974932664934964}","{0: 0.5974896720950071, 1: 0.5974932664934964}",0.5974932664934964,"[[525 121]
 [420 226]]",[0. 0. 0. ... 1. 0. 0.],[1. 1. 1. ... 0. 1. 0.]
735,naive_bayes,{},0.5549008100888463,0.08443629524347297,0.16885390772022038,0.14385916003666857,0.5844269538601101,0.07192958001833429,0.5575742959990835,0.16253869969040247,0.5812693498452013,0.5812693498452012,"{0: 0.5974896720950071, 1: 0.5974932664934964}","{0: 0.5974896720950071, 1: 0.5974932664934964}",0.5974932664934964,"[[525 121]
 [420 226]]",[0. 0. 0. ... 1. 0. 0.],[1. 1. 1. ... 0. 1. 0.]
889,naive_bayes,{},0.5549008100888463,0.08443629524347297,0.16885390772022038,0.14385916003666857,0.5844269538601101,0.07192958001833429,0.5575742959990835,0.16253869969040247,0.5812693498452013,0.5812693498452012,"{0: 0.5974896720950071, 1: 0.5974932664934964}","{0: 0.5974896720950071, 1: 0.5974932664934964}",0.5974932664934964,"[[525 121]
 [420 226]]",[0. 0. 0. ... 1. 0. 0.],[1. 1. 1. ... 0. 1. 0.]
144,naive_bayes,{},0.5549008100888463,0.08443629524347297,0.16885390772022038,0.14385916003666857,0.5844269538601101,0.07192958001833429,0.5575742959990835,0.16253869969040247,0.5812693498452013,0.5812693498452012,"{0: 0.5974896720950071, 1: 0.5974932664934964}","{0: 0.5974896720950071, 1: 0.5974932664934964}",0.5974932664934964,"[[525 121]
 [420 226]]",[0. 0. 0. ... 1. 0. 0.],[1. 1. 1. ... 0. 1. 0.]
518,naive_bayes,{},0.5549008100888463,0.08443629524347297,0.16885390772022038,0.14385916003666857,0.5844269538601101,0.07192958001833429,0.5575742959990835,0.16253869969040247,0.5812693498452013,0.5812693498452012,"{0: 0.5974896720950071, 1: 0.5974932664934964}","{0: 0.5974896720950071, 1: 0.5974932664934964}",0.5974932664934964,"[[525 121]
 [420 226]]",[0. 0. 0. ... 1. 0. 0.],[1. 1. 1. ... 0. 1. 0.]
107,naive_bayes,{},0.5549008100888463,0.08443629524347297,0.16885390772022038,0.14385916003666857,0.5844269538601101,0.07192958001833429,0.5575742959990835,0.16253869969040247,0.5812693498452013,0.5812693498452012,"{0: 0.5974896720950071, 1: 0.5974932664934964}","{0: 0.5974896720950071, 1: 0.5974932664934964}",0.5974932664934964,"[[525 121]
 [420 226]]",[0. 0. 0. ... 1. 0. 0.],[1. 1. 1. ... 0. 1. 0.]
565,naive_bayes,{},0.5549008100888463,0.08443629524347297,0.16885390772022038,0.14385916003666857,0.5844269538601101,0.07192958001833429,0.5575742959990835,0.16253869969040247,0.5812693498452013,0.5812693498452012,"{0: 0.5974896720950071, 1: 0.5974932664934964}","{0: 0.5974896720950071, 1: 0.5974932664934964}",0.5974932664934964,"[[525 121]
 [420 226]]",[0. 0. 0. ... 1. 0. 0.],[1. 1. 1. ... 0. 1. 0.]
603,naive_bayes,{},0.5549008100888463,0.08443629524347297,0.16885390772022038,0.14385916003666857,0.5844269538601101,0.07192958001833429,0.5575742959990835,0.16253869969040247,0.5812693498452013,0.5812693498452012,"{0: 0.5974896720950071, 1: 0.5974932664934964}","{0: 0.5974896720950071, 1: 0.5974932664934964}",0.5974932664934964,"[[525 121]
 [420 226]]",[0. 0. 0. ... 1. 0. 0.],[1. 1. 1. ... 0. 1. 0.]
74,naive_bayes,{},0.5549008100888463,0.08443629524347297,0.16885390772022038,0.14385916003666857,0.5844269538601101,0.07192958001833429,0.5575742959990835,0.16253869969040247,0.5812693498452013,0.5812693498452012,"{0: 0.5974896720950071, 1: 0.5974932664934964}","{0: 0.5974896720950071, 1: 0.5974932664934964}",0.5974932664934964,"[[525 121]
 [420 226]]",[0. 0. 0. ... 1. 0. 0.],[1. 1. 1. ... 0. 1. 0.]
80,naive_bayes,{},0.5549008100888463,0.08443629524347297,0.16885390772022038,0.14385916003666857,0.5844269538601101,0.07192958001833429,0.5575742959990835,0.16253869969040247,0.5812693498452013,0.5812693498452012,"{0: 0.5974896720950071, 1: 0.5974932664934964}","{0: 0.5974896720950071, 1: 0.5974932664934964}",0.5974932664934964,"[[525 121]
 [420 226]]",[0. 0. 0. ... 1. 0. 0.],[1. 1. 1. ... 0. 1. 0.]
89,naive_bayes,{},0.5549008100888463,0.08443629524347297,0.16885390772022038,0.14385916003666857,0.5844269538601101,0.07192958001833429,0.5575742959990835,0.16253869969040247,0.5812693498452013,0.5812693498452012,"{0: 0.5974896720950071, 1: 0.5974932664934964}","{0: 0.5974896720950071, 1: 0.5974932664934964}",0.5974932664934964,"[[525 121]
 [420 226]]",[0. 0. 0. ... 1. 0. 0.],[1. 1. 1. ... 0. 1. 0.]
931,naive_bayes,{},0.5549008100888463,0.08443629524347297,0.16885390772022038,0.14385916003666857,0.5844269538601101,0.07192958001833429,0.5575742959990835,0.16253869969040247,0.5812693498452013,0.5812693498452012,"{0: 0.5974896720950071, 1: 0.5974932664934964}","{0: 0.5974896720950071, 1: 0.5974932664934964}",0.5974932664934964,"[[525 121]
 [420 226]]",[0. 0. 0. ... 1. 0. 0.],[1. 1. 1. ... 0. 1. 0.]
555,naive_bayes,{},0.5549008100888463,0.08443629524347297,0.16885390772022038,0.14385916003666857,0.5844269538601101,0.07192958001833429,0.5575742959990835,0.16253869969040247,0.5812693498452013,0.5812693498452012,"{0: 0.5974896720950071, 1: 0.5974932664934964}","{0: 0.5974896720950071, 1: 0.5974932664934964}",0.5974932664934964,"[[525 121]
 [420 226]]",[0. 0. 0. ... 1. 0. 0.],[1. 1. 1. ... 0. 1. 0.]
379,naive_bayes,{},0.5549008100888463,0.08443629524347297,0.16885390772022038,0.14385916003666857,0.5844269538601101,0.07192958001833429,0.5575742959990835,0.16253869969040247,0.5812693498452013,0.5812693498452012,"{0: 0.5974896720950071, 1: 0.5974932664934964}","{0: 0.5974896720950071, 1: 0.5974932664934964}",0.5974932664934964,"[[525 121]
 [420 226]]",[0. 0. 0. ... 1. 0. 0.],[1. 1. 1. ... 0. 1. 0.]
98,naive_bayes,{},0.5549008100888463,0.08443629524347297,0.16885390772022038,0.14385916003666857,0.5844269538601101,0.07192958001833429,0.5575742959990835,0.16253869969040247,0.5812693498452013,0.5812693498452012,"{0: 0.5974896720950071, 1: 0.5974932664934964}","{0: 0.5974896720950071, 1: 0.5974932664934964}",0.5974932664934964,"[[525 121]
 [420 226]]",[0. 0. 0. ... 1. 0. 0.],[1. 1. 1. ... 0. 1. 0.]
28,naive_bayes,{},0.5549008100888463,0.08443629524347297,0.16885390772022038,0.14385916003666857,0.5844269538601101,0.07192958001833429,0.5575742959990835,0.16253869969040247,0.5812693498452013,0.5812693498452012,"{0: 0.5974896720950071, 1: 0.5974932664934964}","{0: 0.5974896720950071, 1: 0.5974932664934964}",0.5974932664934964,"[[525 121]
 [420 226]]",[0. 0. 0. ... 1. 0. 0.],[1. 1. 1. ... 0. 1. 0.]
722,naive_bayes,{},0.5549008100888463,0.08443629524347297,0.16885390772022038,0.14385916003666857,0.5844269538601101,0.07192958001833429,0.5575742959990835,0.16253869969040247,0.5812693498452013,0.5812693498452012,"{0: 0.5974896720950071, 1: 0.5974932664934964}","{0: 0.5974896720950071, 1: 0.5974932664934964}",0.5974932664934964,"[[525 121]
 [420 226]]",[0. 0. 0. ... 1. 0. 0.],[1. 1. 1. ... 0. 1. 0.]
616,naive_bayes,{},0.5549008100888463,0.08443629524347297,0.16885390772022038,0.14385916003666857,0.5844269538601101,0.07192958001833429,0.5575742959990835,0.16253869969040247,0.5812693498452013,0.5812693498452012,"{0: 0.5974896720950071, 1: 0.5974932664934964}","{0: 0.5974896720950071, 1: 0.5974932664934964}",0.5974932664934964,"[[525 121]
 [420 226]]",[0. 0. 0. ... 1. 0. 0.],[1. 1. 1. ... 0. 1. 0.]
630,naive_bayes,{},0.5549008100888463,0.08443629524347297,0.16885390772022038,0.14385916003666857,0.5844269538601101,0.07192958001833429,0.5575742959990835,0.16253869969040247,0.5812693498452013,0.5812693498452012,"{0: 0.5974896720950071, 1: 0.5974932664934964}","{0: 0.5974896720950071, 1: 0.5974932664934964}",0.5974932664934964,"[[525 121]
 [420 226]]",[0. 0. 0. ... 1. 0. 0.],[1. 1. 1. ... 0. 1. 0.]
27,naive_bayes,{},0.5549008100888463,0.08443629524347297,0.16885390772022038,0.14385916003666857,0.5844269538601101,0.07192958001833429,0.5575742959990835,0.16253869969040247,0.5812693498452013,0.5812693498452012,"{0: 0.5974896720950071, 1: 0.5974932664934964}","{0: 0.5974896720950071, 1: 0.5974932664934964}",0.5974932664934964,"[[525 121]
 [420 226]]",[0. 0. 0. ... 1. 0. 0.],[1. 1. 1. ... 0. 1. 0.]
26,naive_bayes,{},0.5549008100888463,0.08443629524347297,0.16885390772022038,0.14385916003666857,0.5844269538601101,0.07192958001833429,0.5575742959990835,0.16253869969040247,0.5812693498452013,0.5812693498452012,"{0: 0.5974896720950071, 1: 0.5974932664934964}","{0: 0.5974896720950071, 1: 0.5974932664934964}",0.5974932664934964,"[[525 121]
 [420 226]]",[0. 0. 0. ... 1. 0. 0.],[1. 1. 1. ... 0. 1. 0.]
540,naive_bayes,{},0.5549008100888463,0.08443629524347297,0.16885390772022038,0.14385916003666857,0.5844269538601101,0.07192958001833429,0.5575742959990835,0.16253869969040247,0.5812693498452013,0.5812693498452012,"{0: 0.5974896720950071, 1: 0.5974932664934964}","{0: 0.5974896720950071, 1: 0.5974932664934964}",0.5974932664934964,"[[525 121]
 [420 226]]",[0. 0. 0. ... 1. 0. 0.],[1. 1. 1. ... 0. 1. 0.]
25,naive_bayes,{},0.5549008100888463,0.08443629524347297,0.16885390772022038,0.14385916003666857,0.5844269538601101,0.07192958001833429,0.5575742959990835,0.16253869969040247,0.5812693498452013,0.5812693498452012,"{0: 0.5974896720950071, 1: 0.5974932664934964}","{0: 0.5974896720950071, 1: 0.5974932664934964}",0.5974932664934964,"[[525 121]
 [420 226]]",[0. 0. 0. ... 1. 0. 0.],[1. 1. 1. ... 0. 1. 0.]
203,naive_bayes,{},0.5549008100888463,0.08443629524347297,0.16885390772022038,0.14385916003666857,0.5844269538601101,0.07192958001833429,0.5575742959990835,0.16253869969040247,0.5812693498452013,0.5812693498452012,"{0: 0.5974896720950071, 1: 0.5974932664934964}","{0: 0.5974896720950071, 1: 0.5974932664934964}",0.5974932664934964,"[[525 121]
 [420 226]]",[0. 0. 0. ... 1. 0. 0.],[1. 1. 1. ... 0. 1. 0.]
118,naive_bayes,{},0.5549008100888463,0.08443629524347297,0.16885390772022038,0.14385916003666857,0.5844269538601101,0.07192958001833429,0.5575742959990835,0.16253869969040247,0.5812693498452013,0.5812693498452012,"{0: 0.5974896720950071, 1: 0.5974932664934964}","{0: 0.5974896720950071, 1: 0.5974932664934964}",0.5974932664934964,"[[525 121]
 [420 226]]",[0. 0. 0. ... 1. 0. 0.],[1. 1. 1. ... 0. 1. 0.]
126,naive_bayes,{},0.5549008100888463,0.08443629524347297,0.16885390772022038,0.14385916003666857,0.5844269538601101,0.07192958001833429,0.5575742959990835,0.16253869969040247,0.5812693498452013,0.5812693498452012,"{0: 0.5974896720950071, 1: 0.5974932664934964}","{0: 0.5974896720950071, 1: 0.5974932664934964}",0.5974932664934964,"[[525 121]
 [420 226]]",[0. 0. 0. ... 1. 0. 0.],[1. 1. 1. ... 0. 1. 0.]
529,naive_bayes,{},0.5549008100888463,0.08443629524347297,0.16885390772022038,0.14385916003666857,0.5844269538601101,0.07192958001833429,0.5575742959990835,0.16253869969040247,0.5812693498452013,0.5812693498452012,"{0: 0.5974896720950071, 1: 0.5974932664934964}","{0: 0.5974896720950071, 1: 0.5974932664934964}",0.5974932664934964,"[[525 121]
 [420 226]]",[0. 0. 0. ... 1. 0. 0.],[1. 1. 1. ... 0. 1. 0.]
903,naive_bayes,{},0.5549008100888463,0.08443629524347297,0.16885390772022038,0.14385916003666857,0.5844269538601101,0.07192958001833429,0.5575742959990835,0.16253869969040247,0.5812693498452013,0.5812693498452012,"{0: 0.5974896720950071, 1: 0.5974932664934964}","{0: 0.5974896720950071, 1: 0.5974932664934964}",0.5974932664934964,"[[525 121]
 [420 226]]",[0. 0. 0. ... 1. 0. 0.],[1. 1. 1. ... 0. 1. 0.]
23,naive_bayes,{},0.5549008100888463,0.08443629524347297,0.16885390772022038,0.14385916003666857,0.5844269538601101,0.07192958001833429,0.5575742959990835,0.16253869969040247,0.5812693498452013,0.5812693498452012,"{0: 0.5974896720950071, 1: 0.5974932664934964}","{0: 0.5974896720950071, 1: 0.5974932664934964}",0.5974932664934964,"[[525 121]
 [420 226]]",[0. 0. 0. ... 1. 0. 0.],[1. 1. 1. ... 0. 1. 0.]
134,naive_bayes,{},0.5549008100888463,0.08443629524347297,0.16885390772022038,0.14385916003666857,0.5844269538601101,0.07192958001833429,0.5575742959990835,0.16253869969040247,0.5812693498452013,0.5812693498452012,"{0: 0.5974896720950071, 1: 0.5974932664934964}","{0: 0.5974896720950071, 1: 0.5974932664934964}",0.5974932664934964,"[[525 121]
 [420 226]]",[0. 0. 0. ... 1. 0. 0.],[1. 1. 1. ... 0. 1. 0.]
916,naive_bayes,{},0.5549008100888463,0.08443629524347297,0.16885390772022038,0.14385916003666857,0.5844269538601101,0.07192958001833429,0.5575742959990835,0.16253869969040247,0.5812693498452013,0.5812693498452012,"{0: 0.5974896720950071, 1: 0.5974932664934964}","{0: 0.5974896720950071, 1: 0.5974932664934964}",0.5974932664934964,"[[525 121]
 [420 226]]",[0. 0. 0. ... 1. 0. 0.],[1. 1. 1. ... 0. 1. 0.]
0,naive_bayes,{},0.5549008100888463,0.08443629524347297,0.16885390772022038,0.14385916003666857,0.5844269538601101,0.07192958001833429,0.5575742959990835,0.16253869969040247,0.5812693498452013,0.5812693498452012,"{0: 0.5974896720950071, 1: 0.5974932664934964}","{0: 0.5974896720950071, 1: 0.5974932664934964}",0.5974932664934964,"[[525 121]
 [420 226]]",[0. 0. 0. ... 1. 0. 0.],[1. 1. 1. ... 0. 1. 0.]
445,naive_bayes,{},0.5549008100888463,0.08443629524347297,0.16885390772022038,0.14385916003666857,0.5844269538601101,0.07192958001833429,0.5575742959990835,0.16253869969040247,0.5812693498452013,0.5812693498452012,"{0: 0.5974896720950071, 1: 0.5974932664934964}","{0: 0.5974896720950071, 1: 0.5974932664934964}",0.5974932664934964,"[[525 121]
 [420 226]]",[0. 0. 0. ... 1. 0. 0.],[1. 1. 1. ... 0. 1. 0.]
224,naive_bayes,{},0.5549008100888463,0.08443629524347297,0.16885390772022038,0.14385916003666857,0.5844269538601101,0.07192958001833429,0.5575742959990835,0.16253869969040247,0.5812693498452013,0.5812693498452012,"{0: 0.5974896720950071, 1: 0.5974932664934964}","{0: 0.5974896720950071, 1: 0.5974932664934964}",0.5974932664934964,"[[525 121]
 [420 226]]",[0. 0. 0. ... 1. 0. 0.],[1. 1. 1. ... 0. 1. 0.]
244,naive_bayes,{},0.5549008100888463,0.08443629524347297,0.16885390772022038,0.14385916003666857,0.5844269538601101,0.07192958001833429,0.5575742959990835,0.16253869969040247,0.5812693498452013,0.5812693498452012,"{0: 0.5974896720950071, 1: 0.5974932664934964}","{0: 0.5974896720950071, 1: 0.5974932664934964}",0.5974932664934964,"[[525 121]
 [420 226]]",[0. 0. 0. ... 1. 0. 0.],[1. 1. 1. ... 0. 1. 0.]
233,naive_bayes,{},0.5549008100888463,0.08443629524347297,0.16885390772022038,0.14385916003666857,0.5844269538601101,0.07192958001833429,0.5575742959990835,0.16253869969040247,0.5812693498452013,0.5812693498452012,"{0: 0.5974896720950071, 1: 0.5974932664934964}","{0: 0.5974896720950071, 1: 0.5974932664934964}",0.5974932664934964,"[[525 121]
 [420 226]]",[0. 0. 0. ... 1. 0. 0.],[1. 1. 1. ... 0. 1. 0.]
761,naive_bayes,{},0.5549008100888463,0.08443629524347297,0.16885390772022038,0.14385916003666857,0.5844269538601101,0.07192958001833429,0.5575742959990835,0.16253869969040247,0.5812693498452013,0.5812693498452012,"{0: 0.5974896720950071, 1: 0.5974932664934964}","{0: 0.5974896720950071, 1: 0.5974932664934964}",0.5974932664934964,"[[525 121]
 [420 226]]",[0. 0. 0. ... 1. 0. 0.],[1. 1. 1. ... 0. 1. 0.]
457,naive_bayes,{},0.5549008100888463,0.08443629524347297,0.16885390772022038,0.14385916003666857,0.5844269538601101,0.07192958001833429,0.5575742959990835,0.16253869969040247,0.5812693498452013,0.5812693498452012,"{0: 0.5974896720950071, 1: 0.5974932664934964}","{0: 0.5974896720950071, 1: 0.5974932664934964}",0.5974932664934964,"[[525 121]
 [420 226]]",[0. 0. 0. ... 1. 0. 0.],[1. 1. 1. ... 0. 1. 0.]
334,naive_bayes,{},0.5549008100888463,0.08443629524347297,0.16885390772022038,0.14385916003666857,0.5844269538601101,0.07192958001833429,0.5575742959990835,0.16253869969040247,0.5812693498452013,0.5812693498452012,"{0: 0.5974896720950071, 1: 0.5974932664934964}","{0: 0.5974896720950071, 1: 0.5974932664934964}",0.5974932664934964,"[[525 121]
 [420 226]]",[0. 0. 0. ... 1. 0. 0.],[1. 1. 1. ... 0. 1. 0.]
431,naive_bayes,{},0.5549008100888463,0.08443629524347297,0.16885390772022038,0.14385916003666857,0.5844269538601101,0.07192958001833429,0.5575742959990835,0.16253869969040247,0.5812693498452013,0.5812693498452012,"{0: 0.5974896720950071, 1: 0.5974932664934964}","{0: 0.5974896720950071, 1: 0.5974932664934964}",0.5974932664934964,"[[525 121]
 [420 226]]",[0. 0. 0. ... 1. 0. 0.],[1. 1. 1. ... 0. 1. 0.]
253,naive_bayes,{},0.5549008100888463,0.08443629524347297,0.16885390772022038,0.14385916003666857,0.5844269538601101,0.07192958001833429,0.5575742959990835,0.16253869969040247,0.5812693498452013,0.5812693498452012,"{0: 0.5974896720950071, 1: 0.5974932664934964}","{0: 0.5974896720950071, 1: 0.5974932664934964}",0.5974932664934964,"[[525 121]
 [420 226]]",[0. 0. 0. ... 1. 0. 0.],[1. 1. 1. ... 0. 1. 0.]
695,naive_bayes,{},0.5549008100888463,0.08443629524347297,0.16885390772022038,0.14385916003666857,0.5844269538601101,0.07192958001833429,0.5575742959990835,0.16253869969040247,0.5812693498452013,0.5812693498452012,"{0: 0.5974896720950071, 1: 0.5974932664934964}","{0: 0.5974896720950071, 1: 0.5974932664934964}",0.5974932664934964,"[[525 121]
 [420 226]]",[0. 0. 0. ... 1. 0. 0.],[1. 1. 1. ... 0. 1. 0.]
669,naive_bayes,{},0.5549008100888463,0.08443629524347297,0.16885390772022038,0.14385916003666857,0.5844269538601101,0.07192958001833429,0.5575742959990835,0.16253869969040247,0.5812693498452013,0.5812693498452012,"{0: 0.5974896720950071, 1: 0.5974932664934964}","{0: 0.5974896720950071, 1: 0.5974932664934964}",0.5974932664934964,"[[525 121]
 [420 226]]",[0. 0. 0. ... 1. 0. 0.],[1. 1. 1. ... 0. 1. 0.]
706,naive_bayes,{},0.5549008100888463,0.08443629524347297,0.16885390772022038,0.14385916003666857,0.5844269538601101,0.07192958001833429,0.5575742959990835,0.16253869969040247,0.5812693498452013,0.5812693498452012,"{0: 0.5974896720950071, 1: 0.5974932664934964}","{0: 0.5974896720950071, 1: 0.5974932664934964}",0.5974932664934964,"[[525 121]
 [420 226]]",[0. 0. 0. ... 1. 0. 0.],[1. 1. 1. ... 0. 1. 0.]
773,naive_bayes,{},0.5549008100888463,0.08443629524347297,0.16885390772022038,0.14385916003666857,0.5844269538601101,0.07192958001833429,0.5575742959990835,0.16253869969040247,0.5812693498452013,0.5812693498452012,"{0: 0.5974896720950071, 1: 0.5974932664934964}","{0: 0.5974896720950071, 1: 0.5974932664934964}",0.5974932664934964,"[[525 121]
 [420 226]]",[0. 0. 0. ... 1. 0. 0.],[1. 1. 1. ... 0. 1. 0.]
313,naive_bayes,{},0.5549008100888463,0.08443629524347297,0.16885390772022038,0.14385916003666857,0.5844269538601101,0.07192958001833429,0.5575742959990835,0.16253869969040247,0.5812693498452013,0.5812693498452012,"{0: 0.5974896720950071, 1: 0.5974932664934964}","{0: 0.5974896720950071, 1: 0.5974932664934964}",0.5974932664934964,"[[525 121]
 [420 226]]",[0. 0. 0. ... 1. 0. 0.],[1. 1. 1. ... 0. 1. 0.]
278,naive_bayes,{},0.5549008100888463,0.08443629524347297,0.16885390772022038,0.14385916003666857,0.5844269538601101,0.07192958001833429,0.5575742959990835,0.16253869969040247,0.5812693498452013,0.5812693498452012,"{0: 0.5974896720950071, 1: 0.5974932664934964}","{0: 0.5974896720950071, 1: 0.5974932664934964}",0.5974932664934964,"[[525 121]
 [420 226]]",[0. 0. 0. ... 1. 0. 0.],[1. 1. 1. ... 0. 1. 0.]
682,naive_bayes,{},0.5549008100888463,0.08443629524347297,0.16885390772022038,0.14385916003666857,0.5844269538601101,0.07192958001833429,0.5575742959990835,0.16253869969040247,0.5812693498452013,0.5812693498452012,"{0: 0.5974896720950071, 1: 0.5974932664934964}","{0: 0.5974896720950071, 1: 0.5974932664934964}",0.5974932664934964,"[[525 121]
 [420 226]]",[0. 0. 0. ... 1. 0. 0.],[1. 1. 1. ... 0. 1. 0.]
290,naive_bayes,{},0.5549008100888463,0.08443629524347297,0.16885390772022038,0.14385916003666857,0.5844269538601101,0.07192958001833429,0.5575742959990835,0.16253869969040247,0.5812693498452013,0.5812693498452012,"{0: 0.5974896720950071, 1: 0.5974932664934964}","{0: 0.5974896720950071, 1: 0.5974932664934964}",0.5974932664934964,"[[525 121]
 [420 226]]",[0. 0. 0. ... 1. 0. 0.],[1. 1. 1. ... 0. 1. 0.]
470,naive_bayes,{},0.5549008100888463,0.08443629524347297,0.16885390772022038,0.14385916003666857,0.5844269538601101,0.07192958001833429,0.5575742959990835,0.16253869969040247,0.5812693498452013,0.5812693498452012,"{0: 0.5974896720950071, 1: 0.5974932664934964}","{0: 0.5974896720950071, 1: 0.5974932664934964}",0.5974932664934964,"[[525 121]
 [420 226]]",[0. 0. 0. ... 1. 0. 0.],[1. 1. 1. ... 0. 1. 0.]
324,naive_bayes,{},0.5549008100888463,0.08443629524347297,0.16885390772022038,0.14385916003666857,0.5844269538601101,0.07192958001833429,0.5575742959990835,0.16253869969040247,0.5812693498452013,0.5812693498452012,"{0: 0.5974896720950071, 1: 0.5974932664934964}","{0: 0.5974896720950071, 1: 0.5974932664934964}",0.5974932664934964,"[[525 121]
 [420 226]]",[0. 0. 0. ... 1. 0. 0.],[1. 1. 1. ... 0. 1. 0.]
301,naive_bayes,{},0.5549008100888463,0.08443629524347297,0.16885390772022038,0.14385916003666857,0.5844269538601101,0.07192958001833429,0.5575742959990835,0.16253869969040247,0.5812693498452013,0.5812693498452012,"{0: 0.5974896720950071, 1: 0.5974932664934964}","{0: 0.5974896720950071, 1: 0.5974932664934964}",0.5974932664934964,"[[525 121]
 [420 226]]",[0. 0. 0. ... 1. 0. 0.],[1. 1. 1. ... 0. 1. 0.]
422,naive_bayes,{},0.5549008100888463,0.08443629524347297,0.16885390772022038,0.14385916003666857,0.5844269538601101,0.07192958001833429,0.5575742959990835,0.16253869969040247,0.5812693498452013,0.5812693498452012,"{0: 0.5974896720950071, 1: 0.5974932664934964}","{0: 0.5974896720950071, 1: 0.5974932664934964}",0.5974932664934964,"[[525 121]
 [420 226]]",[0. 0. 0. ... 1. 0. 0.],[1. 1. 1. ... 0. 1. 0.]
214,naive_bayes,{},0.5549008100888463,0.08443629524347297,0.16885390772022038,0.14385916003666857,0.5844269538601101,0.07192958001833429,0.5575742959990835,0.16253869969040247,0.5812693498452013,0.5812693498452012,"{0: 0.5974896720950071, 1: 0.5974932664934964}","{0: 0.5974896720950071, 1: 0.5974932664934964}",0.5974932664934964,"[[525 121]
 [420 226]]",[0. 0. 0. ... 1. 0. 0.],[1. 1. 1. ... 0. 1. 0.]
832,naive_bayes,{},0.5549008100888463,0.08443629524347297,0.16885390772022038,0.14385916003666857,0.5844269538601101,0.07192958001833429,0.5575742959990835,0.16253869969040247,0.5812693498452013,0.5812693498452012,"{0: 0.5974896720950071, 1: 0.5974932664934964}","{0: 0.5974896720950071, 1: 0.5974932664934964}",0.5974932664934964,"[[525 121]
 [420 226]]",[0. 0. 0. ... 1. 0. 0.],[1. 1. 1. ... 0. 1. 0.]
344,naive_bayes,{},0.5549008100888463,0.08443629524347297,0.16885390772022038,0.14385916003666857,0.5844269538601101,0.07192958001833429,0.5575742959990835,0.16253869969040247,0.5812693498452013,0.5812693498452012,"{0: 0.5974896720950071, 1: 0.5974932664934964}","{0: 0.5974896720950071, 1: 0.5974932664934964}",0.5974932664934964,"[[525 121]
 [420 226]]",[0. 0. 0. ... 1. 0. 0.],[1. 1. 1. ... 0. 1. 0.]
819,naive_bayes,{},0.5549008100888463,0.08443629524347297,0.16885390772022038,0.14385916003666857,0.5844269538601101,0.07192958001833429,0.5575742959990835,0.16253869969040247,0.5812693498452013,0.5812693498452012,"{0: 0.5974896720950071, 1: 0.5974932664934964}","{0: 0.5974896720950071, 1: 0.5974932664934964}",0.5974932664934964,"[[525 121]
 [420 226]]",[0. 0. 0. ... 1. 0. 0.],[1. 1. 1. ... 0. 1. 0.]
205,SVC,"{'C': 100, 'gamma': 0.0001, 'kernel': 'rbf'}",0.5721655706584293,0.09961795228896428,0.16723596531729132,0.1888485558421394,0.5836179826586456,0.0944242779210697,0.5699690312870829,0.1455108359133127,0.5727554179566563,0.5727554179566563,"{0: 0.5973087540377077, 1: 0.5973087540377077}","{0: 0.5973087540377077, 1: 0.5973087540377077}",0.5973087540377077,"[[422 224]
 [328 318]]",[0. 0. 1. ... 0. 0. 0.],[1. 1. 1. ... 0. 1. 0.]
897,knn,{'n_neighbors': 19},0.5761601286105366,0.10240124613308155,0.1649618221179805,0.1967346030470578,0.5824809110589902,0.0983673015235289,0.570757156941141,0.14396284829721362,0.5719814241486069,0.5719814241486068,"{0: 0.589599967410787, 1: 0.589599967410787}","{0: 0.589599967410787, 1: 0.589599967410787}",0.589599967410787,"[[404 242]
 [311 335]]",[0. 0. 1. ... 0. 0. 1.],[1. 1. 1. ... 0. 1. 0.]
742,knn,{'n_neighbors': 19},0.5761601286105366,0.10240124613308155,0.1649618221179805,0.1967346030470578,0.5824809110589902,0.0983673015235289,0.570757156941141,0.14396284829721362,0.5719814241486069,0.5719814241486068,"{0: 0.589599967410787, 1: 0.589599967410787}","{0: 0.589599967410787, 1: 0.589599967410787}",0.589599967410787,"[[404 242]
 [311 335]]",[0. 0. 1. ... 0. 0. 1.],[1. 1. 1. ... 0. 1. 0.]
273,knn,{'n_neighbors': 19},0.5761601286105366,0.10240124613308155,0.1649618221179805,0.1967346030470578,0.5824809110589902,0.0983673015235289,0.570757156941141,0.14396284829721362,0.5719814241486069,0.5719814241486068,"{0: 0.589599967410787, 1: 0.589599967410787}","{0: 0.589599967410787, 1: 0.589599967410787}",0.589599967410787,"[[404 242]
 [311 335]]",[0. 0. 1. ... 0. 0. 1.],[1. 1. 1. ... 0. 1. 0.]
803,knn,{'n_neighbors': 19},0.5761601286105366,0.10240124613308155,0.1649618221179805,0.1967346030470578,0.5824809110589902,0.0983673015235289,0.570757156941141,0.14396284829721362,0.5719814241486069,0.5719814241486068,"{0: 0.589599967410787, 1: 0.589599967410787}","{0: 0.589599967410787, 1: 0.589599967410787}",0.589599967410787,"[[404 242]
 [311 335]]",[0. 0. 1. ... 0. 0. 1.],[1. 1. 1. ... 0. 1. 0.]
37,knn,{'n_neighbors': 19},0.5761601286105366,0.10240124613308155,0.1649618221179805,0.1967346030470578,0.5824809110589902,0.0983673015235289,0.570757156941141,0.14396284829721362,0.5719814241486069,0.5719814241486068,"{0: 0.589599967410787, 1: 0.589599967410787}","{0: 0.589599967410787, 1: 0.589599967410787}",0.589599967410787,"[[404 242]
 [311 335]]",[0. 0. 1. ... 0. 0. 1.],[1. 1. 1. ... 0. 1. 0.]
637,knn,{'n_neighbors': 19},0.5761601286105366,0.10240124613308155,0.1649618221179805,0.1967346030470578,0.5824809110589902,0.0983673015235289,0.570757156941141,0.14396284829721362,0.5719814241486069,0.5719814241486068,"{0: 0.589599967410787, 1: 0.589599967410787}","{0: 0.589599967410787, 1: 0.589599967410787}",0.589599967410787,"[[404 242]
 [311 335]]",[0. 0. 1. ... 0. 0. 1.],[1. 1. 1. ... 0. 1. 0.]
541,knn,{'n_neighbors': 19},0.5761601286105366,0.10240124613308155,0.1649618221179805,0.1967346030470578,0.5824809110589902,0.0983673015235289,0.570757156941141,0.14396284829721362,0.5719814241486069,0.5719814241486068,"{0: 0.589599967410787, 1: 0.589599967410787}","{0: 0.589599967410787, 1: 0.589599967410787}",0.589599967410787,"[[404 242]
 [311 335]]",[0. 0. 1. ... 0. 0. 1.],[1. 1. 1. ... 0. 1. 0.]
693,knn,{'n_neighbors': 19},0.5761601286105366,0.10240124613308155,0.1649618221179805,0.1967346030470578,0.5824809110589902,0.0983673015235289,0.570757156941141,0.14396284829721362,0.5719814241486069,0.5719814241486068,"{0: 0.589599967410787, 1: 0.589599967410787}","{0: 0.589599967410787, 1: 0.589599967410787}",0.589599967410787,"[[404 242]
 [311 335]]",[0. 0. 1. ... 0. 0. 1.],[1. 1. 1. ... 0. 1. 0.]
161,knn,{'n_neighbors': 19},0.5761601286105366,0.10240124613308155,0.1649618221179805,0.1967346030470578,0.5824809110589902,0.0983673015235289,0.570757156941141,0.14396284829721362,0.5719814241486069,0.5719814241486068,"{0: 0.589599967410787, 1: 0.589599967410787}","{0: 0.589599967410787, 1: 0.589599967410787}",0.589599967410787,"[[404 242]
 [311 335]]",[0. 0. 1. ... 0. 0. 1.],[1. 1. 1. ... 0. 1. 0.]
381,knn,{'n_neighbors': 19},0.5761601286105366,0.10240124613308155,0.1649618221179805,0.1967346030470578,0.5824809110589902,0.0983673015235289,0.570757156941141,0.14396284829721362,0.5719814241486069,0.5719814241486068,"{0: 0.589599967410787, 1: 0.589599967410787}","{0: 0.589599967410787, 1: 0.589599967410787}",0.589599967410787,"[[404 242]
 [311 335]]",[0. 0. 1. ... 0. 0. 1.],[1. 1. 1. ... 0. 1. 0.]
105,knn,{'n_neighbors': 19},0.5761601286105366,0.10240124613308155,0.1649618221179805,0.1967346030470578,0.5824809110589902,0.0983673015235289,0.570757156941141,0.14396284829721362,0.5719814241486069,0.5719814241486068,"{0: 0.589599967410787, 1: 0.589599967410787}","{0: 0.589599967410787, 1: 0.589599967410787}",0.589599967410787,"[[404 242]
 [311 335]]",[0. 0. 1. ... 0. 0. 1.],[1. 1. 1. ... 0. 1. 0.]
326,knn,{'n_neighbors': 19},0.5761601286105366,0.10240124613308155,0.1649618221179805,0.1967346030470578,0.5824809110589902,0.0983673015235289,0.570757156941141,0.14396284829721362,0.5719814241486069,0.5719814241486068,"{0: 0.589599967410787, 1: 0.589599967410787}","{0: 0.589599967410787, 1: 0.589599967410787}",0.589599967410787,"[[404 242]
 [311 335]]",[0. 0. 1. ... 0. 0. 1.],[1. 1. 1. ... 0. 1. 0.]
426,knn,{'n_neighbors': 19},0.5761601286105366,0.10240124613308155,0.1649618221179805,0.1967346030470578,0.5824809110589902,0.0983673015235289,0.570757156941141,0.14396284829721362,0.5719814241486069,0.5719814241486068,"{0: 0.589599967410787, 1: 0.589599967410787}","{0: 0.589599967410787, 1: 0.589599967410787}",0.589599967410787,"[[404 242]
 [311 335]]",[0. 0. 1. ... 0. 0. 1.],[1. 1. 1. ... 0. 1. 0.]
220,knn,{'n_neighbors': 19},0.5761601286105366,0.10240124613308155,0.1649618221179805,0.1967346030470578,0.5824809110589902,0.0983673015235289,0.570757156941141,0.14396284829721362,0.5719814241486069,0.5719814241486068,"{0: 0.589599967410787, 1: 0.589599967410787}","{0: 0.589599967410787, 1: 0.589599967410787}",0.589599967410787,"[[404 242]
 [311 335]]",[0. 0. 1. ... 0. 0. 1.],[1. 1. 1. ... 0. 1. 0.]
487,knn,{'n_neighbors': 19},0.5761601286105366,0.10240124613308155,0.1649618221179805,0.1967346030470578,0.5824809110589902,0.0983673015235289,0.570757156941141,0.14396284829721362,0.5719814241486069,0.5719814241486068,"{0: 0.589599967410787, 1: 0.589599967410787}","{0: 0.589599967410787, 1: 0.589599967410787}",0.589599967410787,"[[404 242]
 [311 335]]",[0. 0. 1. ... 0. 0. 1.],[1. 1. 1. ... 0. 1. 0.]
594,knn,{'n_neighbors': 19},0.5761601286105366,0.10240124613308155,0.1649618221179805,0.1967346030470578,0.5824809110589902,0.0983673015235289,0.570757156941141,0.14396284829721362,0.5719814241486069,0.5719814241486068,"{0: 0.589599967410787, 1: 0.589599967410787}","{0: 0.589599967410787, 1: 0.589599967410787}",0.589599967410787,"[[404 242]
 [311 335]]",[0. 0. 1. ... 0. 0. 1.],[1. 1. 1. ... 0. 1. 0.]
850,knn,{'n_neighbors': 19},0.5761601286105366,0.10240124613308155,0.1649618221179805,0.1967346030470578,0.5824809110589902,0.0983673015235289,0.570757156941141,0.14396284829721362,0.5719814241486069,0.5719814241486068,"{0: 0.589599967410787, 1: 0.589599967410787}","{0: 0.589599967410787, 1: 0.589599967410787}",0.589599967410787,"[[404 242]
 [311 335]]",[0. 0. 1. ... 0. 0. 1.],[1. 1. 1. ... 0. 1. 0.]
563,AdaBoost,"{'algorithm': 'SAMME', 'learning_rate': 0.8346938775510203, 'n_estimators': 85}",0.5708174728043158,0.08314387557666952,0.16460648892241206,0.15962127944277554,0.582303244461206,0.07981063972138777,0.5687833758996982,0.1455108359133127,0.5727554179566563,0.5727554179566563,"{0: 0.5986985881202733, 1: 0.5986985881202733}","{0: 0.5986985881202733, 1: 0.5986985881202733}",0.5986985881202733,"[[432 214]
 [338 308]]",[0. 1. 1. ... 0. 0. 0.],[1. 1. 1. ... 0. 1. 0.]
964,AdaBoost,"{'algorithm': 'SAMME', 'learning_rate': 0.7530612244897958, 'n_estimators': 96}",0.5704497859630396,0.08625560172163332,0.1643033049743675,0.16648069884907887,0.5821516524871838,0.08324034942453942,0.5665045476941121,0.14086687306501544,0.5704334365325078,0.5704334365325078,"{0: 0.5958602114464818, 1: 0.5958602114464818}","{0: 0.5958602114464818, 1: 0.5958602114464818}",0.5958602114464818,"[[430 216]
 [339 307]]",[0. 1. 1. ... 0. 0. 0.],[1. 1. 1. ... 0. 1. 0.]
288,AdaBoost,"{'algorithm': 'SAMME', 'learning_rate': 0.7530612244897958, 'n_estimators': 52}",0.5684780361570398,0.10119356531620273,0.16395178355026485,0.19476692951754457,0.5819758917751324,0.0973834647587723,0.560250667530619,0.13157894736842102,0.5657894736842105,0.5657894736842105,"{0: 0.5866729289075904, 1: 0.5866729289075905}","{0: 0.5866729289075904, 1: 0.5866729289075905}",0.5866729289075905,"[[438 208]
 [353 293]]",[0. 1. 1. ... 0. 0. 0.],[1. 1. 1. ... 0. 1. 0.]
605,SVC,"{'C': 100, 'gamma': 0.0001, 'kernel': 'rbf'}",0.569621597224327,0.10179278946758558,0.16314478937388746,0.19225684877039226,0.5815723946869437,0.09612842438519613,0.5690254944007624,0.14396284829721362,0.5719814241486069,0.5719814241486068,"{0: 0.5961717259822292, 1: 0.5961717259822292}","{0: 0.5961717259822292, 1: 0.5961717259822292}",0.5961717259822292,"[[423 223]
 [330 316]]",[0. 0. 1. ... 0. 0. 0.],[1. 1. 1. ... 0. 1. 0.]
721,knn,{'n_neighbors': 23},0.5755315433189129,0.10466239818963587,0.16271150188489375,0.2028617310000536,0.5813557509424468,0.10143086550002679,0.5710251851798482,0.14396284829721362,0.5719814241486069,0.5719814241486068,"{0: 0.5950023483403465, 1: 0.5950023483403464}","{0: 0.5950023483403465, 1: 0.5950023483403464}",0.5950023483403464,"[[400 246]
 [307 339]]",[0. 0. 1. ... 0. 0. 1.],[1. 1. 1. ... 0. 1. 0.]
621,knn,{'n_neighbors': 23},0.5755315433189129,0.10466239818963587,0.16271150188489375,0.2028617310000536,0.5813557509424468,0.10143086550002679,0.5710251851798482,0.14396284829721362,0.5719814241486069,0.5719814241486068,"{0: 0.5950023483403465, 1: 0.5950023483403464}","{0: 0.5950023483403465, 1: 0.5950023483403464}",0.5950023483403464,"[[400 246]
 [307 339]]",[0. 0. 1. ... 0. 0. 1.],[1. 1. 1. ... 0. 1. 0.]
924,knn,{'n_neighbors': 23},0.5755315433189129,0.10466239818963587,0.16271150188489375,0.2028617310000536,0.5813557509424468,0.10143086550002679,0.5710251851798482,0.14396284829721362,0.5719814241486069,0.5719814241486068,"{0: 0.5950023483403465, 1: 0.5950023483403464}","{0: 0.5950023483403465, 1: 0.5950023483403464}",0.5950023483403464,"[[400 246]
 [307 339]]",[0. 0. 1. ... 0. 0. 1.],[1. 1. 1. ... 0. 1. 0.]
359,knn,{'n_neighbors': 23},0.5755315433189129,0.10466239818963587,0.16271150188489375,0.2028617310000536,0.5813557509424468,0.10143086550002679,0.5710251851798482,0.14396284829721362,0.5719814241486069,0.5719814241486068,"{0: 0.5950023483403465, 1: 0.5950023483403464}","{0: 0.5950023483403465, 1: 0.5950023483403464}",0.5950023483403464,"[[400 246]
 [307 339]]",[0. 0. 1. ... 0. 0. 1.],[1. 1. 1. ... 0. 1. 0.]
299,knn,{'n_neighbors': 23},0.5755315433189129,0.10466239818963587,0.16271150188489375,0.2028617310000536,0.5813557509424468,0.10143086550002679,0.5710251851798482,0.14396284829721362,0.5719814241486069,0.5719814241486068,"{0: 0.5950023483403465, 1: 0.5950023483403464}","{0: 0.5950023483403465, 1: 0.5950023483403464}",0.5950023483403464,"[[400 246]
 [307 339]]",[0. 0. 1. ... 0. 0. 1.],[1. 1. 1. ... 0. 1. 0.]
416,knn,{'n_neighbors': 23},0.5755315433189129,0.10466239818963587,0.16271150188489375,0.2028617310000536,0.5813557509424468,0.10143086550002679,0.5710251851798482,0.14396284829721362,0.5719814241486069,0.5719814241486068,"{0: 0.5950023483403465, 1: 0.5950023483403464}","{0: 0.5950023483403465, 1: 0.5950023483403464}",0.5950023483403464,"[[400 246]
 [307 339]]",[0. 0. 1. ... 0. 0. 1.],[1. 1. 1. ... 0. 1. 0.]
69,knn,{'n_neighbors': 23},0.5755315433189129,0.10466239818963587,0.16271150188489375,0.2028617310000536,0.5813557509424468,0.10143086550002679,0.5710251851798482,0.14396284829721362,0.5719814241486069,0.5719814241486068,"{0: 0.5950023483403465, 1: 0.5950023483403464}","{0: 0.5950023483403465, 1: 0.5950023483403464}",0.5950023483403464,"[[400 246]
 [307 339]]",[0. 0. 1. ... 0. 0. 1.],[1. 1. 1. ... 0. 1. 0.]
673,knn,{'n_neighbors': 23},0.5755315433189129,0.10466239818963587,0.16271150188489375,0.2028617310000536,0.5813557509424468,0.10143086550002679,0.5710251851798482,0.14396284829721362,0.5719814241486069,0.5719814241486068,"{0: 0.5950023483403465, 1: 0.5950023483403464}","{0: 0.5950023483403465, 1: 0.5950023483403464}",0.5950023483403464,"[[400 246]
 [307 339]]",[0. 0. 1. ... 0. 0. 1.],[1. 1. 1. ... 0. 1. 0.]
776,knn,{'n_neighbors': 23},0.5755315433189129,0.10466239818963587,0.16271150188489375,0.2028617310000536,0.5813557509424468,0.10143086550002679,0.5710251851798482,0.14396284829721362,0.5719814241486069,0.5719814241486068,"{0: 0.5950023483403465, 1: 0.5950023483403464}","{0: 0.5950023483403465, 1: 0.5950023483403464}",0.5950023483403464,"[[400 246]
 [307 339]]",[0. 0. 1. ... 0. 0. 1.],[1. 1. 1. ... 0. 1. 0.]
462,knn,{'n_neighbors': 23},0.5755315433189129,0.10466239818963587,0.16271150188489375,0.2028617310000536,0.5813557509424468,0.10143086550002679,0.5710251851798482,0.14396284829721362,0.5719814241486069,0.5719814241486068,"{0: 0.5950023483403465, 1: 0.5950023483403464}","{0: 0.5950023483403465, 1: 0.5950023483403464}",0.5950023483403464,"[[400 246]
 [307 339]]",[0. 0. 1. ... 0. 0. 1.],[1. 1. 1. ... 0. 1. 0.]
824,knn,{'n_neighbors': 23},0.5755315433189129,0.10466239818963587,0.16271150188489375,0.2028617310000536,0.5813557509424468,0.10143086550002679,0.5710251851798482,0.14396284829721362,0.5719814241486069,0.5719814241486068,"{0: 0.5950023483403465, 1: 0.5950023483403464}","{0: 0.5950023483403465, 1: 0.5950023483403464}",0.5950023483403464,"[[400 246]
 [307 339]]",[0. 0. 1. ... 0. 0. 1.],[1. 1. 1. ... 0. 1. 0.]
877,knn,{'n_neighbors': 23},0.5755315433189129,0.10466239818963587,0.16271150188489375,0.2028617310000536,0.5813557509424468,0.10143086550002679,0.5710251851798482,0.14396284829721362,0.5719814241486069,0.5719814241486068,"{0: 0.5950023483403465, 1: 0.5950023483403464}","{0: 0.5950023483403465, 1: 0.5950023483403464}",0.5950023483403464,"[[400 246]
 [307 339]]",[0. 0. 1. ... 0. 0. 1.],[1. 1. 1. ... 0. 1. 0.]
513,knn,{'n_neighbors': 23},0.5755315433189129,0.10466239818963587,0.16271150188489375,0.2028617310000536,0.5813557509424468,0.10143086550002679,0.5710251851798482,0.14396284829721362,0.5719814241486069,0.5719814241486068,"{0: 0.5950023483403465, 1: 0.5950023483403464}","{0: 0.5950023483403465, 1: 0.5950023483403464}",0.5950023483403464,"[[400 246]
 [307 339]]",[0. 0. 1. ... 0. 0. 1.],[1. 1. 1. ... 0. 1. 0.]
249,knn,{'n_neighbors': 23},0.5755315433189129,0.10466239818963587,0.16271150188489375,0.2028617310000536,0.5813557509424468,0.10143086550002679,0.5710251851798482,0.14396284829721362,0.5719814241486069,0.5719814241486068,"{0: 0.5950023483403465, 1: 0.5950023483403464}","{0: 0.5950023483403465, 1: 0.5950023483403464}",0.5950023483403464,"[[400 246]
 [307 339]]",[0. 0. 1. ... 0. 0. 1.],[1. 1. 1. ... 0. 1. 0.]
184,knn,{'n_neighbors': 23},0.5755315433189129,0.10466239818963587,0.16271150188489375,0.2028617310000536,0.5813557509424468,0.10143086550002679,0.5710251851798482,0.14396284829721362,0.5719814241486069,0.5719814241486068,"{0: 0.5950023483403465, 1: 0.5950023483403464}","{0: 0.5950023483403465, 1: 0.5950023483403464}",0.5950023483403464,"[[400 246]
 [307 339]]",[0. 0. 1. ... 0. 0. 1.],[1. 1. 1. ... 0. 1. 0.]
569,knn,{'n_neighbors': 23},0.5755315433189129,0.10466239818963587,0.16271150188489375,0.2028617310000536,0.5813557509424468,0.10143086550002679,0.5710251851798482,0.14396284829721362,0.5719814241486069,0.5719814241486068,"{0: 0.5950023483403465, 1: 0.5950023483403464}","{0: 0.5950023483403465, 1: 0.5950023483403464}",0.5950023483403464,"[[400 246]
 [307 339]]",[0. 0. 1. ... 0. 0. 1.],[1. 1. 1. ... 0. 1. 0.]
136,knn,{'n_neighbors': 23},0.5755315433189129,0.10466239818963587,0.16271150188489375,0.2028617310000536,0.5813557509424468,0.10143086550002679,0.5710251851798482,0.14396284829721362,0.5719814241486069,0.5719814241486068,"{0: 0.5950023483403465, 1: 0.5950023483403464}","{0: 0.5950023483403465, 1: 0.5950023483403464}",0.5950023483403464,"[[400 246]
 [307 339]]",[0. 0. 1. ... 0. 0. 1.],[1. 1. 1. ... 0. 1. 0.]
495,SVC,"{'C': 10, 'gamma': 0.01, 'kernel': 'sigmoid'}",0.5713231281661478,0.08880709903103896,0.1622343043740182,0.1698600772876656,0.5811171521870091,0.0849300386438328,0.5654027464644394,0.13622291021671828,0.5681114551083591,0.5681114551083591,"{0: 0.5956816896548419, 1: 0.5956816896548419}","{0: 0.5956816896548419, 1: 0.5956816896548419}",0.5956816896548419,"[[418 228]
 [330 316]]",[1. 1. 0. ... 0. 1. 0.],[1. 1. 1. ... 0. 1. 0.]
113,knn,{'n_neighbors': 31},0.5750619542117223,0.11643342443852484,0.16183770554091312,0.22735898315398517,0.5809188527704565,0.11367949157699257,0.5686008859166162,0.13931888544891646,0.5696594427244582,0.5696594427244582,"{0: 0.6064936403109393, 1: 0.6064936403109393}","{0: 0.6064936403109393, 1: 0.6064936403109393}",0.6064936403109393,"[[400 246]
 [310 336]]",[0. 0. 0. ... 0. 0. 1.],[1. 1. 1. ... 0. 1. 0.]
552,knn,{'n_neighbors': 31},0.5750619542117223,0.11643342443852484,0.16183770554091312,0.22735898315398517,0.5809188527704565,0.11367949157699257,0.5686008859166162,0.13931888544891646,0.5696594427244582,0.5696594427244582,"{0: 0.6064936403109393, 1: 0.6064936403109393}","{0: 0.6064936403109393, 1: 0.6064936403109393}",0.6064936403109393,"[[400 246]
 [310 336]]",[0. 0. 0. ... 0. 0. 1.],[1. 1. 1. ... 0. 1. 0.]
226,knn,{'n_neighbors': 31},0.5750619542117223,0.11643342443852484,0.16183770554091312,0.22735898315398517,0.5809188527704565,0.11367949157699257,0.5686008859166162,0.13931888544891646,0.5696594427244582,0.5696594427244582,"{0: 0.6064936403109393, 1: 0.6064936403109393}","{0: 0.6064936403109393, 1: 0.6064936403109393}",0.6064936403109393,"[[400 246]
 [310 336]]",[0. 0. 0. ... 0. 0. 1.],[1. 1. 1. ... 0. 1. 0.]
54,knn,{'n_neighbors': 31},0.5750619542117223,0.11643342443852484,0.16183770554091312,0.22735898315398517,0.5809188527704565,0.11367949157699257,0.5686008859166162,0.13931888544891646,0.5696594427244582,0.5696594427244582,"{0: 0.6064936403109393, 1: 0.6064936403109393}","{0: 0.6064936403109393, 1: 0.6064936403109393}",0.6064936403109393,"[[400 246]
 [310 336]]",[0. 0. 0. ... 0. 0. 1.],[1. 1. 1. ... 0. 1. 0.]
494,knn,{'n_neighbors': 31},0.5750619542117223,0.11643342443852484,0.16183770554091312,0.22735898315398517,0.5809188527704565,0.11367949157699257,0.5686008859166162,0.13931888544891646,0.5696594427244582,0.5696594427244582,"{0: 0.6064936403109393, 1: 0.6064936403109393}","{0: 0.6064936403109393, 1: 0.6064936403109393}",0.6064936403109393,"[[400 246]
 [310 336]]",[0. 0. 0. ... 0. 0. 1.],[1. 1. 1. ... 0. 1. 0.]
389,knn,{'n_neighbors': 31},0.5750619542117223,0.11643342443852484,0.16183770554091312,0.22735898315398517,0.5809188527704565,0.11367949157699257,0.5686008859166162,0.13931888544891646,0.5696594427244582,0.5696594427244582,"{0: 0.6064936403109393, 1: 0.6064936403109393}","{0: 0.6064936403109393, 1: 0.6064936403109393}",0.6064936403109393,"[[400 246]
 [310 336]]",[0. 0. 0. ... 0. 0. 1.],[1. 1. 1. ... 0. 1. 0.]
336,knn,{'n_neighbors': 31},0.5750619542117223,0.11643342443852484,0.16183770554091312,0.22735898315398517,0.5809188527704565,0.11367949157699257,0.5686008859166162,0.13931888544891646,0.5696594427244582,0.5696594427244582,"{0: 0.6064936403109393, 1: 0.6064936403109393}","{0: 0.6064936403109393, 1: 0.6064936403109393}",0.6064936403109393,"[[400 246]
 [310 336]]",[0. 0. 0. ... 0. 0. 1.],[1. 1. 1. ... 0. 1. 0.]
177,knn,{'n_neighbors': 31},0.5750619542117223,0.11643342443852484,0.16183770554091312,0.22735898315398517,0.5809188527704565,0.11367949157699257,0.5686008859166162,0.13931888544891646,0.5696594427244582,0.5696594427244582,"{0: 0.6064936403109393, 1: 0.6064936403109393}","{0: 0.6064936403109393, 1: 0.6064936403109393}",0.6064936403109393,"[[400 246]
 [310 336]]",[0. 0. 0. ... 0. 0. 1.],[1. 1. 1. ... 0. 1. 0.]
601,knn,{'n_neighbors': 31},0.5750619542117223,0.11643342443852484,0.16183770554091312,0.22735898315398517,0.5809188527704565,0.11367949157699257,0.5686008859166162,0.13931888544891646,0.5696594427244582,0.5696594427244582,"{0: 0.6064936403109393, 1: 0.6064936403109393}","{0: 0.6064936403109393, 1: 0.6064936403109393}",0.6064936403109393,"[[400 246]
 [310 336]]",[0. 0. 0. ... 0. 0. 1.],[1. 1. 1. ... 0. 1. 0.]
906,knn,{'n_neighbors': 31},0.5750619542117223,0.11643342443852484,0.16183770554091312,0.22735898315398517,0.5809188527704565,0.11367949157699257,0.5686008859166162,0.13931888544891646,0.5696594427244582,0.5696594427244582,"{0: 0.6064936403109393, 1: 0.6064936403109393}","{0: 0.6064936403109393, 1: 0.6064936403109393}",0.6064936403109393,"[[400 246]
 [310 336]]",[0. 0. 0. ... 0. 0. 1.],[1. 1. 1. ... 0. 1. 0.]
441,knn,{'n_neighbors': 31},0.5750619542117223,0.11643342443852484,0.16183770554091312,0.22735898315398517,0.5809188527704565,0.11367949157699257,0.5686008859166162,0.13931888544891646,0.5696594427244582,0.5696594427244582,"{0: 0.6064936403109393, 1: 0.6064936403109393}","{0: 0.6064936403109393, 1: 0.6064936403109393}",0.6064936403109393,"[[400 246]
 [310 336]]",[0. 0. 0. ... 0. 0. 1.],[1. 1. 1. ... 0. 1. 0.]
281,knn,{'n_neighbors': 31},0.5750619542117223,0.11643342443852484,0.16183770554091312,0.22735898315398517,0.5809188527704565,0.11367949157699257,0.5686008859166162,0.13931888544891646,0.5696594427244582,0.5696594427244582,"{0: 0.6064936403109393, 1: 0.6064936403109393}","{0: 0.6064936403109393, 1: 0.6064936403109393}",0.6064936403109393,"[[400 246]
 [310 336]]",[0. 0. 0. ... 0. 0. 1.],[1. 1. 1. ... 0. 1. 0.]
858,knn,{'n_neighbors': 31},0.5750619542117223,0.11643342443852484,0.16183770554091312,0.22735898315398517,0.5809188527704565,0.11367949157699257,0.5686008859166162,0.13931888544891646,0.5696594427244582,0.5696594427244582,"{0: 0.6064936403109393, 1: 0.6064936403109393}","{0: 0.6064936403109393, 1: 0.6064936403109393}",0.6064936403109393,"[[400 246]
 [310 336]]",[0. 0. 0. ... 0. 0. 1.],[1. 1. 1. ... 0. 1. 0.]
654,knn,{'n_neighbors': 31},0.5750619542117223,0.11643342443852484,0.16183770554091312,0.22735898315398517,0.5809188527704565,0.11367949157699257,0.5686008859166162,0.13931888544891646,0.5696594427244582,0.5696594427244582,"{0: 0.6064936403109393, 1: 0.6064936403109393}","{0: 0.6064936403109393, 1: 0.6064936403109393}",0.6064936403109393,"[[400 246]
 [310 336]]",[0. 0. 0. ... 0. 0. 1.],[1. 1. 1. ... 0. 1. 0.]
708,knn,{'n_neighbors': 31},0.5750619542117223,0.11643342443852484,0.16183770554091312,0.22735898315398517,0.5809188527704565,0.11367949157699257,0.5686008859166162,0.13931888544891646,0.5696594427244582,0.5696594427244582,"{0: 0.6064936403109393, 1: 0.6064936403109393}","{0: 0.6064936403109393, 1: 0.6064936403109393}",0.6064936403109393,"[[400 246]
 [310 336]]",[0. 0. 0. ... 0. 0. 1.],[1. 1. 1. ... 0. 1. 0.]
753,knn,{'n_neighbors': 31},0.5750619542117223,0.11643342443852484,0.16183770554091312,0.22735898315398517,0.5809188527704565,0.11367949157699257,0.5686008859166162,0.13931888544891646,0.5696594427244582,0.5696594427244582,"{0: 0.6064936403109393, 1: 0.6064936403109393}","{0: 0.6064936403109393, 1: 0.6064936403109393}",0.6064936403109393,"[[400 246]
 [310 336]]",[0. 0. 0. ... 0. 0. 1.],[1. 1. 1. ... 0. 1. 0.]
808,knn,{'n_neighbors': 31},0.5750619542117223,0.11643342443852484,0.16183770554091312,0.22735898315398517,0.5809188527704565,0.11367949157699257,0.5686008859166162,0.13931888544891646,0.5696594427244582,0.5696594427244582,"{0: 0.6064936403109393, 1: 0.6064936403109393}","{0: 0.6064936403109393, 1: 0.6064936403109393}",0.6064936403109393,"[[400 246]
 [310 336]]",[0. 0. 0. ... 0. 0. 1.],[1. 1. 1. ... 0. 1. 0.]
626,AdaBoost,"{'algorithm': 'SAMME.R', 'learning_rate': 0.5897959183673469, 'n_estimators': 30}",0.572079680188157,0.08767173086998156,0.1601352241281041,0.17068820874535387,0.5800676120640521,0.08534410437267693,0.5676858659576585,0.14086687306501544,0.5704334365325078,0.5704334365325077,"{0: 0.5862895264020551, 1: 0.586289526402055}","{0: 0.5862895264020551, 1: 0.586289526402055}",0.586289526402055,"[[420 226]
 [329 317]]",[0. 1. 1. ... 0. 0. 0.],[1. 1. 1. ... 0. 1. 0.]
718,AdaBoost,"{'algorithm': 'SAMME', 'learning_rate': 1.079591836734694, 'n_estimators': 96}",0.571935368238994,0.09725738910873226,0.15837873178597936,0.18953886182607507,0.5791893658929896,0.09476943091303752,0.5647821011977971,0.1346749226006192,0.5673374613003096,0.5673374613003096,"{0: 0.5898144331873209, 1: 0.5898144331873209}","{0: 0.5898144331873209, 1: 0.5898144331873209}",0.5898144331873209,"[[416 230]
 [329 317]]",[0. 1. 1. ... 0. 0. 1.],[1. 1. 1. ... 0. 1. 0.]
644,SVC,"{'C': 10, 'gamma': 0.01, 'kernel': 'sigmoid'}",0.5697721434403604,0.0864818752448508,0.1580435468111676,0.16347881509047682,0.5790217734055838,0.0817394075452384,0.564570088415011,0.1346749226006192,0.5673374613003096,0.5673374613003096,"{0: 0.5959920060577596, 1: 0.5959920060577595}","{0: 0.5959920060577596, 1: 0.5959920060577595}",0.5959920060577595,"[[418 228]
 [331 315]]",[1. 1. 0. ... 0. 1. 0.],[1. 1. 1. ... 0. 1. 0.]
762,SVC,"{'C': 1000, 'gamma': 0.0001, 'kernel': 'rbf'}",0.5661456386464128,0.09384222250883484,0.1579839234162336,0.17712680831575478,0.5789919617081167,0.08856340415787739,0.5703581837154326,0.1470588235294118,0.5735294117647058,0.5735294117647058,"{0: 0.6034336090636352, 1: 0.6034336090636352}","{0: 0.6034336090636352, 1: 0.6034336090636352}",0.6034336090636352,"[[426 220]
 [331 315]]",[0. 0. 1. ... 0. 0. 0.],[1. 1. 1. ... 0. 1. 0.]
612,AdaBoost,"{'algorithm': 'SAMME', 'learning_rate': 1.2428571428571429, 'n_estimators': 63}",0.5707594462887663,0.08966679307843259,0.15706932928720482,0.17720621256906266,0.5785346646436024,0.08860310628453132,0.5647545930300637,0.13157894736842102,0.5657894736842105,0.5657894736842105,"{0: 0.5900696354800679, 1: 0.5900696354800679}","{0: 0.5900696354800679, 1: 0.5900696354800679}",0.5900696354800679,"[[397 249]
 [312 334]]",[0. 0. 1. ... 0. 1. 1.],[1. 1. 1. ... 0. 1. 0.]
20,knn,{'n_neighbors': 17},0.5717225487136007,0.11984684440559722,0.1564115339057062,0.2321686687051639,0.5782057669528531,0.11608433435258193,0.5710274640008661,0.1455108359133127,0.5727554179566563,0.5727554179566563,"{0: 0.582114033490209, 1: 0.5821140334902088}","{0: 0.582114033490209, 1: 0.5821140334902088}",0.5821140334902088,"[[411 235]
 [317 329]]",[0. 0. 1. ... 0. 0. 1.],[1. 1. 1. ... 0. 1. 0.]
738,knn,{'n_neighbors': 17},0.5717225487136007,0.11984684440559722,0.1564115339057062,0.2321686687051639,0.5782057669528531,0.11608433435258193,0.5710274640008661,0.1455108359133127,0.5727554179566563,0.5727554179566563,"{0: 0.582114033490209, 1: 0.5821140334902088}","{0: 0.582114033490209, 1: 0.5821140334902088}",0.5821140334902088,"[[411 235]
 [317 329]]",[0. 0. 1. ... 0. 0. 1.],[1. 1. 1. ... 0. 1. 0.]
585,knn,{'n_neighbors': 17},0.5717225487136007,0.11984684440559722,0.1564115339057062,0.2321686687051639,0.5782057669528531,0.11608433435258193,0.5710274640008661,0.1455108359133127,0.5727554179566563,0.5727554179566563,"{0: 0.582114033490209, 1: 0.5821140334902088}","{0: 0.582114033490209, 1: 0.5821140334902088}",0.5821140334902088,"[[411 235]
 [317 329]]",[0. 0. 1. ... 0. 0. 1.],[1. 1. 1. ... 0. 1. 0.]
377,knn,{'n_neighbors': 17},0.5717225487136007,0.11984684440559722,0.1564115339057062,0.2321686687051639,0.5782057669528531,0.11608433435258193,0.5710274640008661,0.1455108359133127,0.5727554179566563,0.5727554179566563,"{0: 0.582114033490209, 1: 0.5821140334902088}","{0: 0.582114033490209, 1: 0.5821140334902088}",0.5821140334902088,"[[411 235]
 [317 329]]",[0. 0. 1. ... 0. 0. 1.],[1. 1. 1. ... 0. 1. 0.]
316,knn,{'n_neighbors': 17},0.5717225487136007,0.11984684440559722,0.1564115339057062,0.2321686687051639,0.5782057669528531,0.11608433435258193,0.5710274640008661,0.1455108359133127,0.5727554179566563,0.5727554179566563,"{0: 0.582114033490209, 1: 0.5821140334902088}","{0: 0.582114033490209, 1: 0.5821140334902088}",0.5821140334902088,"[[411 235]
 [317 329]]",[0. 0. 1. ... 0. 0. 1.],[1. 1. 1. ... 0. 1. 0.]
477,knn,{'n_neighbors': 17},0.5717225487136007,0.11984684440559722,0.1564115339057062,0.2321686687051639,0.5782057669528531,0.11608433435258193,0.5710274640008661,0.1455108359133127,0.5727554179566563,0.5727554179566563,"{0: 0.582114033490209, 1: 0.5821140334902088}","{0: 0.582114033490209, 1: 0.5821140334902088}",0.5821140334902088,"[[411 235]
 [317 329]]",[0. 0. 1. ... 0. 0. 1.],[1. 1. 1. ... 0. 1. 0.]
684,knn,{'n_neighbors': 17},0.5717225487136007,0.11984684440559722,0.1564115339057062,0.2321686687051639,0.5782057669528531,0.11608433435258193,0.5710274640008661,0.1455108359133127,0.5727554179566563,0.5727554179566563,"{0: 0.582114033490209, 1: 0.5821140334902088}","{0: 0.582114033490209, 1: 0.5821140334902088}",0.5821140334902088,"[[411 235]
 [317 329]]",[0. 0. 1. ... 0. 0. 1.],[1. 1. 1. ... 0. 1. 0.]
530,knn,{'n_neighbors': 17},0.5717225487136007,0.11984684440559722,0.1564115339057062,0.2321686687051639,0.5782057669528531,0.11608433435258193,0.5710274640008661,0.1455108359133127,0.5727554179566563,0.5727554179566563,"{0: 0.582114033490209, 1: 0.5821140334902088}","{0: 0.582114033490209, 1: 0.5821140334902088}",0.5821140334902088,"[[411 235]
 [317 329]]",[0. 0. 1. ... 0. 0. 1.],[1. 1. 1. ... 0. 1. 0.]
83,knn,{'n_neighbors': 17},0.5717225487136007,0.11984684440559722,0.1564115339057062,0.2321686687051639,0.5782057669528531,0.11608433435258193,0.5710274640008661,0.1455108359133127,0.5727554179566563,0.5727554179566563,"{0: 0.582114033490209, 1: 0.5821140334902088}","{0: 0.582114033490209, 1: 0.5821140334902088}",0.5821140334902088,"[[411 235]
 [317 329]]",[0. 0. 1. ... 0. 0. 1.],[1. 1. 1. ... 0. 1. 0.]
208,knn,{'n_neighbors': 17},0.5717225487136007,0.11984684440559722,0.1564115339057062,0.2321686687051639,0.5782057669528531,0.11608433435258193,0.5710274640008661,0.1455108359133127,0.5727554179566563,0.5727554179566563,"{0: 0.582114033490209, 1: 0.5821140334902088}","{0: 0.582114033490209, 1: 0.5821140334902088}",0.5821140334902088,"[[411 235]
 [317 329]]",[0. 0. 1. ... 0. 0. 1.],[1. 1. 1. ... 0. 1. 0.]
794,knn,{'n_neighbors': 17},0.5717225487136007,0.11984684440559722,0.1564115339057062,0.2321686687051639,0.5782057669528531,0.11608433435258193,0.5710274640008661,0.1455108359133127,0.5727554179566563,0.5727554179566563,"{0: 0.582114033490209, 1: 0.5821140334902088}","{0: 0.582114033490209, 1: 0.5821140334902088}",0.5821140334902088,"[[411 235]
 [317 329]]",[0. 0. 1. ... 0. 0. 1.],[1. 1. 1. ... 0. 1. 0.]
838,knn,{'n_neighbors': 17},0.5717225487136007,0.11984684440559722,0.1564115339057062,0.2321686687051639,0.5782057669528531,0.11608433435258193,0.5710274640008661,0.1455108359133127,0.5727554179566563,0.5727554179566563,"{0: 0.582114033490209, 1: 0.5821140334902088}","{0: 0.582114033490209, 1: 0.5821140334902088}",0.5821140334902088,"[[411 235]
 [317 329]]",[0. 0. 1. ... 0. 0. 1.],[1. 1. 1. ... 0. 1. 0.]
149,knn,{'n_neighbors': 17},0.5717225487136007,0.11984684440559722,0.1564115339057062,0.2321686687051639,0.5782057669528531,0.11608433435258193,0.5710274640008661,0.1455108359133127,0.5727554179566563,0.5727554179566563,"{0: 0.582114033490209, 1: 0.5821140334902088}","{0: 0.582114033490209, 1: 0.5821140334902088}",0.5821140334902088,"[[411 235]
 [317 329]]",[0. 0. 1. ... 0. 0. 1.],[1. 1. 1. ... 0. 1. 0.]
892,knn,{'n_neighbors': 17},0.5717225487136007,0.11984684440559722,0.1564115339057062,0.2321686687051639,0.5782057669528531,0.11608433435258193,0.5710274640008661,0.1455108359133127,0.5727554179566563,0.5727554179566563,"{0: 0.582114033490209, 1: 0.5821140334902088}","{0: 0.582114033490209, 1: 0.5821140334902088}",0.5821140334902088,"[[411 235]
 [317 329]]",[0. 0. 1. ... 0. 0. 1.],[1. 1. 1. ... 0. 1. 0.]
261,knn,{'n_neighbors': 17},0.5717225487136007,0.11984684440559722,0.1564115339057062,0.2321686687051639,0.5782057669528531,0.11608433435258193,0.5710274640008661,0.1455108359133127,0.5727554179566563,0.5727554179566563,"{0: 0.582114033490209, 1: 0.5821140334902088}","{0: 0.582114033490209, 1: 0.5821140334902088}",0.5821140334902088,"[[411 235]
 [317 329]]",[0. 0. 1. ... 0. 0. 1.],[1. 1. 1. ... 0. 1. 0.]
423,knn,{'n_neighbors': 17},0.5717225487136007,0.11984684440559722,0.1564115339057062,0.2321686687051639,0.5782057669528531,0.11608433435258193,0.5710274640008661,0.1455108359133127,0.5727554179566563,0.5727554179566563,"{0: 0.582114033490209, 1: 0.5821140334902088}","{0: 0.582114033490209, 1: 0.5821140334902088}",0.5821140334902088,"[[411 235]
 [317 329]]",[0. 0. 1. ... 0. 0. 1.],[1. 1. 1. ... 0. 1. 0.]
625,knn,{'n_neighbors': 17},0.5717225487136007,0.11984684440559722,0.1564115339057062,0.2321686687051639,0.5782057669528531,0.11608433435258193,0.5710274640008661,0.1455108359133127,0.5727554179566563,0.5727554179566563,"{0: 0.582114033490209, 1: 0.5821140334902088}","{0: 0.582114033490209, 1: 0.5821140334902088}",0.5821140334902088,"[[411 235]
 [317 329]]",[0. 0. 1. ... 0. 0. 1.],[1. 1. 1. ... 0. 1. 0.]
568,SVC,"{'C': 1000, 'gamma': 0.001, 'kernel': 'sigmoid'}",0.5647814262543083,0.10266908378001918,0.15509406827178482,0.19062652107966252,0.5775470341358924,0.09531326053983127,0.5655622262669069,0.13777089783281737,0.5688854489164087,0.5688854489164087,"{0: 0.6027374938895226, 1: 0.6027374938895226}","{0: 0.6027374938895226, 1: 0.6027374938895226}",0.6027374938895226,"[[424 222]
 [335 311]]",[0. 1. 1. ... 0. 0. 0.],[1. 1. 1. ... 0. 1. 0.]
235,SVC,"{'C': 1, 'gamma': 0.1, 'kernel': 'rbf'}",0.5706252269943154,0.09386161711451976,0.15456089679880317,0.18058293582939167,0.5772804483994015,0.09029146791469582,0.5695108971838954,0.13931888544891646,0.5696594427244582,0.5696594427244582,"{0: 0.5898623585005127, 1: 0.5898623585005128}","{0: 0.5898623585005127, 1: 0.5898623585005128}",0.5898623585005128,"[[380 266]
 [290 356]]",[0. 0. 1. ... 0. 0. 0.],[1. 1. 1. ... 0. 1. 0.]
446,SVC,"{'C': 1000, 'gamma': 0.001, 'kernel': 'sigmoid'}",0.5647336520061801,0.10196918057286837,0.15374047104096408,0.18946364166287163,0.576870235520482,0.0947318208314358,0.5631624833662185,0.1331269349845201,0.56656346749226,0.56656346749226,"{0: 0.6011200145692952, 1: 0.6011200145692952}","{0: 0.6011200145692952, 1: 0.6011200145692952}",0.6011200145692952,"[[423 223]
 [337 309]]",[0. 1. 1. ... 0. 0. 0.],[1. 1. 1. ... 0. 1. 0.]
542,AdaBoost,"{'algorithm': 'SAMME', 'learning_rate': 1.1612244897959183, 'n_estimators': 30}",0.5629380863303838,0.0868470081707089,0.15341693582865837,0.16468577253638134,0.5767084679143292,0.08234288626819067,0.5618503634694437,0.1331269349845201,0.56656346749226,0.56656346749226,"{0: 0.5870359631550192, 1: 0.587035963155019}","{0: 0.5870359631550192, 1: 0.587035963155019}",0.587035963155019,"[[433 213]
 [347 299]]",[0. 1. 1. ... 0. 0. 0.],[1. 1. 1. ... 0. 1. 0.]
633,SVC,"{'C': 1, 'gamma': 0.1, 'kernel': 'rbf'}",0.5699753359537215,0.09123967414023468,0.15331344281474657,0.17460192701499785,0.5766567214073732,0.08730096350749893,0.567148426613766,0.1346749226006192,0.5673374613003096,0.5673374613003096,"{0: 0.5893783128372744, 1: 0.5893783128372745}","{0: 0.5893783128372744, 1: 0.5893783128372745}",0.5893783128372745,"[[380 266]
 [293 353]]",[0. 0. 1. ... 0. 0. 0.],[1. 1. 1. ... 0. 1. 0.]
91,SVC,"{'C': 1000, 'gamma': 0.001, 'kernel': 'sigmoid'}",0.5641023821548083,0.10242431931086862,0.15316972092165038,0.19079039632760875,0.5765848604608251,0.09539519816380437,0.5630411255411256,0.1331269349845201,0.56656346749226,0.56656346749226,"{0: 0.603120896395058, 1: 0.603120896395058}","{0: 0.603120896395058, 1: 0.603120896395058}",0.603120896395058,"[[424 222]
 [338 308]]",[0. 1. 1. ... 0. 0. 0.],[1. 1. 1. ... 0. 1. 0.]
659,knn,{'n_neighbors': 13},0.5704901521069098,0.10958060977902832,0.15173109355393463,0.21183052724163098,0.5758655467769673,0.10591526362081546,0.5681027751721092,0.13777089783281737,0.5688854489164087,0.5688854489164086,"{0: 0.5801227367270846, 1: 0.5801227367270845}","{0: 0.5801227367270846, 1: 0.5801227367270845}",0.5801227367270845,"[[395 251]
 [306 340]]",[1. 0. 0. ... 0. 0. 1.],[1. 1. 1. ... 0. 1. 0.]
915,knn,{'n_neighbors': 13},0.5704901521069098,0.10958060977902832,0.15173109355393463,0.21183052724163098,0.5758655467769673,0.10591526362081546,0.5681027751721092,0.13777089783281737,0.5688854489164087,0.5688854489164086,"{0: 0.5801227367270846, 1: 0.5801227367270845}","{0: 0.5801227367270846, 1: 0.5801227367270845}",0.5801227367270845,"[[395 251]
 [306 340]]",[1. 0. 0. ... 0. 0. 1.],[1. 1. 1. ... 0. 1. 0.]
810,knn,{'n_neighbors': 13},0.5704901521069098,0.10958060977902832,0.15173109355393463,0.21183052724163098,0.5758655467769673,0.10591526362081546,0.5681027751721092,0.13777089783281737,0.5688854489164087,0.5688854489164086,"{0: 0.5801227367270846, 1: 0.5801227367270845}","{0: 0.5801227367270846, 1: 0.5801227367270845}",0.5801227367270845,"[[395 251]
 [306 340]]",[1. 0. 0. ... 0. 0. 1.],[1. 1. 1. ... 0. 1. 0.]
599,knn,{'n_neighbors': 13},0.5704901521069098,0.10958060977902832,0.15173109355393463,0.21183052724163098,0.5758655467769673,0.10591526362081546,0.5681027751721092,0.13777089783281737,0.5688854489164087,0.5688854489164086,"{0: 0.5801227367270846, 1: 0.5801227367270845}","{0: 0.5801227367270846, 1: 0.5801227367270845}",0.5801227367270845,"[[395 251]
 [306 340]]",[1. 0. 0. ... 0. 0. 1.],[1. 1. 1. ... 0. 1. 0.]
707,knn,{'n_neighbors': 13},0.5704901521069098,0.10958060977902832,0.15173109355393463,0.21183052724163098,0.5758655467769673,0.10591526362081546,0.5681027751721092,0.13777089783281737,0.5688854489164087,0.5688854489164086,"{0: 0.5801227367270846, 1: 0.5801227367270845}","{0: 0.5801227367270846, 1: 0.5801227367270845}",0.5801227367270845,"[[395 251]
 [306 340]]",[1. 0. 0. ... 0. 0. 1.],[1. 1. 1. ... 0. 1. 0.]
863,knn,{'n_neighbors': 13},0.5704901521069098,0.10958060977902832,0.15173109355393463,0.21183052724163098,0.5758655467769673,0.10591526362081546,0.5681027751721092,0.13777089783281737,0.5688854489164087,0.5688854489164086,"{0: 0.5801227367270846, 1: 0.5801227367270845}","{0: 0.5801227367270846, 1: 0.5801227367270845}",0.5801227367270845,"[[395 251]
 [306 340]]",[1. 0. 0. ... 0. 0. 1.],[1. 1. 1. ... 0. 1. 0.]
765,knn,{'n_neighbors': 13},0.5704901521069098,0.10958060977902832,0.15173109355393463,0.21183052724163098,0.5758655467769673,0.10591526362081546,0.5681027751721092,0.13777089783281737,0.5688854489164087,0.5688854489164086,"{0: 0.5801227367270846, 1: 0.5801227367270845}","{0: 0.5801227367270846, 1: 0.5801227367270845}",0.5801227367270845,"[[395 251]
 [306 340]]",[1. 0. 0. ... 0. 0. 1.],[1. 1. 1. ... 0. 1. 0.]
500,knn,{'n_neighbors': 13},0.5704901521069098,0.10958060977902832,0.15173109355393463,0.21183052724163098,0.5758655467769673,0.10591526362081546,0.5681027751721092,0.13777089783281737,0.5688854489164087,0.5688854489164086,"{0: 0.5801227367270846, 1: 0.5801227367270845}","{0: 0.5801227367270846, 1: 0.5801227367270845}",0.5801227367270845,"[[395 251]
 [306 340]]",[1. 0. 0. ... 0. 0. 1.],[1. 1. 1. ... 0. 1. 0.]
116,knn,{'n_neighbors': 13},0.5704901521069098,0.10958060977902832,0.15173109355393463,0.21183052724163098,0.5758655467769673,0.10591526362081546,0.5681027751721092,0.13777089783281737,0.5688854489164087,0.5688854489164086,"{0: 0.5801227367270846, 1: 0.5801227367270845}","{0: 0.5801227367270846, 1: 0.5801227367270845}",0.5801227367270845,"[[395 251]
 [306 340]]",[1. 0. 0. ... 0. 0. 1.],[1. 1. 1. ... 0. 1. 0.]
238,knn,{'n_neighbors': 13},0.5704901521069098,0.10958060977902832,0.15173109355393463,0.21183052724163098,0.5758655467769673,0.10591526362081546,0.5681027751721092,0.13777089783281737,0.5688854489164087,0.5688854489164086,"{0: 0.5801227367270846, 1: 0.5801227367270845}","{0: 0.5801227367270846, 1: 0.5801227367270845}",0.5801227367270845,"[[395 251]
 [306 340]]",[1. 0. 0. ... 0. 0. 1.],[1. 1. 1. ... 0. 1. 0.]
405,knn,{'n_neighbors': 13},0.5704901521069098,0.10958060977902832,0.15173109355393463,0.21183052724163098,0.5758655467769673,0.10591526362081546,0.5681027751721092,0.13777089783281737,0.5688854489164087,0.5688854489164086,"{0: 0.5801227367270846, 1: 0.5801227367270845}","{0: 0.5801227367270846, 1: 0.5801227367270845}",0.5801227367270845,"[[395 251]
 [306 340]]",[1. 0. 0. ... 0. 0. 1.],[1. 1. 1. ... 0. 1. 0.]
447,knn,{'n_neighbors': 13},0.5704901521069098,0.10958060977902832,0.15173109355393463,0.21183052724163098,0.5758655467769673,0.10591526362081546,0.5681027751721092,0.13777089783281737,0.5688854489164087,0.5688854489164086,"{0: 0.5801227367270846, 1: 0.5801227367270845}","{0: 0.5801227367270846, 1: 0.5801227367270845}",0.5801227367270845,"[[395 251]
 [306 340]]",[1. 0. 0. ... 0. 0. 1.],[1. 1. 1. ... 0. 1. 0.]
175,knn,{'n_neighbors': 13},0.5704901521069098,0.10958060977902832,0.15173109355393463,0.21183052724163098,0.5758655467769673,0.10591526362081546,0.5681027751721092,0.13777089783281737,0.5688854489164087,0.5688854489164086,"{0: 0.5801227367270846, 1: 0.5801227367270845}","{0: 0.5801227367270846, 1: 0.5801227367270845}",0.5801227367270845,"[[395 251]
 [306 340]]",[1. 0. 0. ... 0. 0. 1.],[1. 1. 1. ... 0. 1. 0.]
289,knn,{'n_neighbors': 13},0.5704901521069098,0.10958060977902832,0.15173109355393463,0.21183052724163098,0.5758655467769673,0.10591526362081546,0.5681027751721092,0.13777089783281737,0.5688854489164087,0.5688854489164086,"{0: 0.5801227367270846, 1: 0.5801227367270845}","{0: 0.5801227367270846, 1: 0.5801227367270845}",0.5801227367270845,"[[395 251]
 [306 340]]",[1. 0. 0. ... 0. 0. 1.],[1. 1. 1. ... 0. 1. 0.]
48,knn,{'n_neighbors': 13},0.5704901521069098,0.10958060977902832,0.15173109355393463,0.21183052724163098,0.5758655467769673,0.10591526362081546,0.5681027751721092,0.13777089783281737,0.5688854489164087,0.5688854489164086,"{0: 0.5801227367270846, 1: 0.5801227367270845}","{0: 0.5801227367270846, 1: 0.5801227367270845}",0.5801227367270845,"[[395 251]
 [306 340]]",[1. 0. 0. ... 0. 0. 1.],[1. 1. 1. ... 0. 1. 0.]
556,knn,{'n_neighbors': 13},0.5704901521069098,0.10958060977902832,0.15173109355393463,0.21183052724163098,0.5758655467769673,0.10591526362081546,0.5681027751721092,0.13777089783281737,0.5688854489164087,0.5688854489164086,"{0: 0.5801227367270846, 1: 0.5801227367270845}","{0: 0.5801227367270846, 1: 0.5801227367270845}",0.5801227367270845,"[[395 251]
 [306 340]]",[1. 0. 0. ... 0. 0. 1.],[1. 1. 1. ... 0. 1. 0.]
337,knn,{'n_neighbors': 13},0.5704901521069098,0.10958060977902832,0.15173109355393463,0.21183052724163098,0.5758655467769673,0.10591526362081546,0.5681027751721092,0.13777089783281737,0.5688854489164087,0.5688854489164086,"{0: 0.5801227367270846, 1: 0.5801227367270845}","{0: 0.5801227367270846, 1: 0.5801227367270845}",0.5801227367270845,"[[395 251]
 [306 340]]",[1. 0. 0. ... 0. 0. 1.],[1. 1. 1. ... 0. 1. 0.]
291,SVC,"{'C': 1000, 'gamma': 0.001, 'kernel': 'sigmoid'}",0.5621252631997988,0.1011477840888729,0.14896942420217207,0.18795072306882035,0.574484712101086,0.09397536153441016,0.5606384488772783,0.12848297213622295,0.5642414860681114,0.5642414860681114,"{0: 0.6015633237163205, 1: 0.6015633237163205}","{0: 0.6015633237163205, 1: 0.6015633237163205}",0.6015633237163205,"[[423 223]
 [340 306]]",[0. 1. 1. ... 0. 0. 0.],[1. 1. 1. ... 0. 1. 0.]
5,randomforest,"{'criterion': 'entropy', 'max_features': 'sqrt', 'n_estimators': 549}",0.5694325818658288,0.06760762599219737,0.1485785890332018,0.1331979522787012,0.5742892945166009,0.06659897613935059,0.5672003044222119,0.1346749226006192,0.5673374613003096,0.5673374613003096,"{0: 0.5880435928648794, 1: 0.5880435928648793}","{0: 0.5880435928648794, 1: 0.5880435928648793}",0.5880435928648793,"[[378 268]
 [291 355]]",[0. 0. 1. ... 0. 0. 1.],[1. 1. 1. ... 0. 1. 0.]
43,SVC,"{'C': 1, 'gamma': 0.01, 'kernel': 'sigmoid'}",0.561442569529177,0.10019273869267853,0.14642293806736242,0.1847120239048247,0.5732114690336811,0.09235601195241236,0.5644608527480055,0.1346749226006192,0.5673374613003096,0.5673374613003096,"{0: 0.5945075194816398, 1: 0.5945075194816398}","{0: 0.5945075194816398, 1: 0.5945075194816398}",0.5945075194816398,"[[419 227]
 [332 314]]",[0. 0. 0. ... 0. 0. 0.],[1. 1. 1. ... 0. 1. 0.]
78,AdaBoost,"{'algorithm': 'SAMME.R', 'learning_rate': 0.5897959183673469, 'n_estimators': 41}",0.5648744811928447,0.08962920146948183,0.14629678079928113,0.17227835911274278,0.5731483903996406,0.0861391795563714,0.5599199907235621,0.12693498452012386,0.5634674922600619,0.5634674922600619,"{0: 0.5871785409617652, 1: 0.5871785409617651}","{0: 0.5871785409617652, 1: 0.5871785409617651}",0.5871785409617651,"[[422 224]
 [340 306]]",[0. 1. 1. ... 0. 0. 0.],[1. 1. 1. ... 0. 1. 0.]
225,SVC,"{'C': 10, 'gamma': 0.001, 'kernel': 'sigmoid'}",0.5613550759195051,0.09779654315566433,0.1453543641073263,0.18187117398035363,0.5726771820536631,0.09093558699017683,0.5635090289449621,0.1346749226006192,0.5673374613003096,0.5673374613003096,"{0: 0.5886929808586299, 1: 0.5886929808586299}","{0: 0.5886929808586299, 1: 0.5886929808586299}",0.5886929808586299,"[[427 219]
 [340 306]]",[0. 0. 0. ... 0. 0. 0.],[1. 1. 1. ... 0. 1. 0.]
856,logistic_regression,"{'penalty': 'l2', 'solver': 'saga'}",0.5602183727879347,0.10752647885776878,0.1448205574031378,0.1996167418249886,0.5724102787015688,0.09980837091249432,0.5688213572512227,0.14086687306501544,0.5704334365325078,0.5704334365325077,"{0: 0.6067680127289632, 1: 0.6067680127289632}","{0: 0.6067680127289632, 1: 0.6067680127289632}",0.6067680127289632,"[[408 238]
 [317 329]]",[1. 0. 1. ... 0. 0. 0.],[1. 1. 1. ... 0. 1. 0.]
86,logistic_regression,"{'penalty': 'l2', 'solver': 'saga'}",0.5602183727879347,0.10752647885776878,0.1448205574031378,0.1996167418249886,0.5724102787015688,0.09980837091249432,0.5688213572512227,0.14086687306501544,0.5704334365325078,0.5704334365325077,"{0: 0.606775201525942, 1: 0.606775201525942}","{0: 0.606775201525942, 1: 0.606775201525942}",0.606775201525942,"[[408 238]
 [317 329]]",[1. 0. 1. ... 0. 0. 0.],[1. 1. 1. ... 0. 1. 0.]
514,logistic_regression,"{'penalty': 'l2', 'solver': 'saga'}",0.5602183727879347,0.10752647885776878,0.1448205574031378,0.1996167418249886,0.5724102787015688,0.09980837091249432,0.5688213572512227,0.14086687306501544,0.5704334365325078,0.5704334365325077,"{0: 0.6067847865885803, 1: 0.6067847865885804}","{0: 0.6067847865885803, 1: 0.6067847865885804}",0.6067847865885804,"[[408 238]
 [317 329]]",[1. 0. 1. ... 0. 0. 0.],[1. 1. 1. ... 0. 1. 0.]
660,randomforest,"{'criterion': 'gini', 'max_features': 'log2', 'n_estimators': 297}",0.5671838662527234,0.07075306712575508,0.14376929367585456,0.13966840398691724,0.5718846468379273,0.06983420199345862,0.5663598005370157,0.1331269349845201,0.56656346749226,0.56656346749226,"{0: 0.5859240958889667, 1: 0.5859240958889667}","{0: 0.5859240958889667, 1: 0.5859240958889667}",0.5859240958889667,"[[380 266]
 [294 352]]",[0. 0. 1. ... 0. 0. 1.],[1. 1. 1. ... 0. 1. 0.]
912,logistic_regression,"{'penalty': 'l2', 'solver': 'saga'}",0.5595758521697597,0.1077469346155122,0.1434412470583102,0.20025423548251198,0.571720623529155,0.10012711774125602,0.5680852343101769,0.13931888544891646,0.5696594427244582,0.5696594427244581,"{0: 0.6067823903229207, 1: 0.6067823903229207}","{0: 0.6067823903229207, 1: 0.6067823903229207}",0.6067823903229207,"[[407 239]
 [317 329]]",[1. 0. 1. ... 0. 0. 0.],[1. 1. 1. ... 0. 1. 0.]
772,logistic_regression,"{'penalty': 'l2', 'solver': 'saga'}",0.5595758521697597,0.1077469346155122,0.1434412470583102,0.20025423548251198,0.571720623529155,0.10012711774125602,0.5680852343101769,0.13931888544891646,0.5696594427244582,0.5696594427244581,"{0: 0.6067680127289632, 1: 0.6067680127289632}","{0: 0.6067680127289632, 1: 0.6067680127289632}",0.6067680127289632,"[[407 239]
 [317 329]]",[1. 0. 1. ... 0. 0. 0.],[1. 1. 1. ... 0. 1. 0.]
561,logistic_regression,"{'penalty': 'l2', 'solver': 'saga'}",0.5595758521697597,0.1077469346155122,0.1434412470583102,0.20025423548251198,0.571720623529155,0.10012711774125602,0.5680852343101769,0.13931888544891646,0.5696594427244582,0.5696594427244581,"{0: 0.6067656164633035, 1: 0.6067656164633036}","{0: 0.6067656164633035, 1: 0.6067656164633036}",0.6067656164633036,"[[407 239]
 [317 329]]",[1. 0. 1. ... 0. 0. 0.],[1. 1. 1. ... 0. 1. 0.]
4,logistic_regression,"{'penalty': 'l2', 'solver': 'saga'}",0.5595758521697597,0.1077469346155122,0.1434412470583102,0.20025423548251198,0.571720623529155,0.10012711774125602,0.5680852343101769,0.13931888544891646,0.5696594427244582,0.5696594427244581,"{0: 0.6067991641825379, 1: 0.6067991641825379}","{0: 0.6067991641825379, 1: 0.6067991641825379}",0.6067991641825379,"[[407 239]
 [317 329]]",[1. 0. 1. ... 0. 0. 0.],[1. 1. 1. ... 0. 1. 0.]
374,logistic_regression,"{'penalty': 'l2', 'solver': 'saga'}",0.5595758521697597,0.1077469346155122,0.1434412470583102,0.20025423548251198,0.571720623529155,0.10012711774125602,0.5680852343101769,0.13931888544891646,0.5696594427244582,0.5696594427244581,"{0: 0.6067680127289632, 1: 0.6067680127289632}","{0: 0.6067680127289632, 1: 0.6067680127289632}",0.6067680127289632,"[[407 239]
 [317 329]]",[1. 0. 1. ... 0. 0. 0.],[1. 1. 1. ... 0. 1. 0.]
275,logistic_regression,"{'penalty': 'l2', 'solver': 'saga'}",0.5595758521697597,0.1077469346155122,0.1434412470583102,0.20025423548251198,0.571720623529155,0.10012711774125602,0.5680852343101769,0.13931888544891646,0.5696594427244582,0.5696594427244581,"{0: 0.6067895791198995, 1: 0.6067895791198996}","{0: 0.6067895791198995, 1: 0.6067895791198996}",0.6067895791198996,"[[407 239]
 [317 329]]",[1. 0. 1. ... 0. 0. 0.],[1. 1. 1. ... 0. 1. 0.]
437,logistic_regression,"{'penalty': 'l2', 'solver': 'saga'}",0.5595758521697597,0.1077469346155122,0.1434412470583102,0.20025423548251198,0.571720623529155,0.10012711774125602,0.5680852343101769,0.13931888544891646,0.5696594427244582,0.5696594427244581,"{0: 0.6067775977916016, 1: 0.6067775977916016}","{0: 0.6067775977916016, 1: 0.6067775977916016}",0.6067775977916016,"[[407 239]
 [317 329]]",[1. 0. 1. ... 0. 0. 0.],[1. 1. 1. ... 0. 1. 0.]
131,logistic_regression,"{'penalty': 'l2', 'solver': 'saga'}",0.5595758521697597,0.1077469346155122,0.1434412470583102,0.20025423548251198,0.571720623529155,0.10012711774125602,0.5680852343101769,0.13931888544891646,0.5696594427244582,0.5696594427244581,"{0: 0.6067536351350056, 1: 0.6067536351350056}","{0: 0.6067536351350056, 1: 0.6067536351350056}",0.6067536351350056,"[[407 239]
 [317 329]]",[1. 0. 1. ... 0. 0. 0.],[1. 1. 1. ... 0. 1. 0.]
56,logistic_regression,"{'penalty': 'l2', 'solver': 'saga'}",0.5595758521697597,0.1077469346155122,0.1434412470583102,0.20025423548251198,0.571720623529155,0.10012711774125602,0.5680852343101769,0.13931888544891646,0.5696594427244582,0.5696594427244581,"{0: 0.6067823903229207, 1: 0.6067823903229208}","{0: 0.6067823903229207, 1: 0.6067823903229208}",0.6067823903229208,"[[407 239]
 [317 329]]",[1. 0. 1. ... 0. 0. 0.],[1. 1. 1. ... 0. 1. 0.]
475,randomforest,"{'criterion': 'entropy', 'max_features': 'sqrt', 'n_estimators': 101}",0.5671212988961484,0.06965694752934506,0.14321388935157245,0.1385600476036499,0.5716069446757862,0.06928002380182494,0.5735087165397682,0.1470588235294118,0.5735294117647058,0.5735294117647058,"{0: 0.5856533178694322, 1: 0.5856533178694322}","{0: 0.5856533178694322, 1: 0.5856533178694322}",0.5856533178694322,"[[375 271]
 [280 366]]",[0. 0. 1. ... 0. 0. 1.],[1. 1. 1. ... 0. 1. 0.]
101,knn,{'n_neighbors': 15},0.5644107467641732,0.1111696849785274,0.14294245479045437,0.21279700092832615,0.5714712273952273,0.10639850046416308,0.5646876739824112,0.13157894736842102,0.5657894736842105,0.5657894736842105,"{0: 0.5791486547364587, 1: 0.5791486547364587}","{0: 0.5791486547364587, 1: 0.5791486547364587}",0.5791486547364587,"[[398 248]
 [313 333]]",[1. 0. 1. ... 0. 0. 1.],[1. 1. 1. ... 0. 1. 0.]
486,knn,{'n_neighbors': 15},0.5644107467641732,0.1111696849785274,0.14294245479045437,0.21279700092832615,0.5714712273952273,0.10639850046416308,0.5646876739824112,0.13157894736842102,0.5657894736842105,0.5657894736842105,"{0: 0.5791486547364587, 1: 0.5791486547364587}","{0: 0.5791486547364587, 1: 0.5791486547364587}",0.5791486547364587,"[[398 248]
 [313 333]]",[1. 0. 1. ... 0. 0. 1.],[1. 1. 1. ... 0. 1. 0.]
590,knn,{'n_neighbors': 15},0.5644107467641732,0.1111696849785274,0.14294245479045437,0.21279700092832615,0.5714712273952273,0.10639850046416308,0.5646876739824112,0.13157894736842102,0.5657894736842105,0.5657894736842105,"{0: 0.5791486547364587, 1: 0.5791486547364587}","{0: 0.5791486547364587, 1: 0.5791486547364587}",0.5791486547364587,"[[398 248]
 [313 333]]",[1. 0. 1. ... 0. 0. 1.],[1. 1. 1. ... 0. 1. 0.]
425,knn,{'n_neighbors': 15},0.5644107467641732,0.1111696849785274,0.14294245479045437,0.21279700092832615,0.5714712273952273,0.10639850046416308,0.5646876739824112,0.13157894736842102,0.5657894736842105,0.5657894736842105,"{0: 0.5791486547364587, 1: 0.5791486547364587}","{0: 0.5791486547364587, 1: 0.5791486547364587}",0.5791486547364587,"[[398 248]
 [313 333]]",[1. 0. 1. ... 0. 0. 1.],[1. 1. 1. ... 0. 1. 0.]
700,knn,{'n_neighbors': 15},0.5644107467641732,0.1111696849785274,0.14294245479045437,0.21279700092832615,0.5714712273952273,0.10639850046416308,0.5646876739824112,0.13157894736842102,0.5657894736842105,0.5657894736842105,"{0: 0.5791486547364587, 1: 0.5791486547364587}","{0: 0.5791486547364587, 1: 0.5791486547364587}",0.5791486547364587,"[[398 248]
 [313 333]]",[1. 0. 1. ... 0. 0. 1.],[1. 1. 1. ... 0. 1. 0.]
36,knn,{'n_neighbors': 15},0.5644107467641732,0.1111696849785274,0.14294245479045437,0.21279700092832615,0.5714712273952273,0.10639850046416308,0.5646876739824112,0.13157894736842102,0.5657894736842105,0.5657894736842105,"{0: 0.5791486547364587, 1: 0.5791486547364587}","{0: 0.5791486547364587, 1: 0.5791486547364587}",0.5791486547364587,"[[398 248]
 [313 333]]",[1. 0. 1. ... 0. 0. 1.],[1. 1. 1. ... 0. 1. 0.]
538,knn,{'n_neighbors': 15},0.5644107467641732,0.1111696849785274,0.14294245479045437,0.21279700092832615,0.5714712273952273,0.10639850046416308,0.5646876739824112,0.13157894736842102,0.5657894736842105,0.5657894736842105,"{0: 0.5791486547364587, 1: 0.5791486547364587}","{0: 0.5791486547364587, 1: 0.5791486547364587}",0.5791486547364587,"[[398 248]
 [313 333]]",[1. 0. 1. ... 0. 0. 1.],[1. 1. 1. ... 0. 1. 0.]
895,knn,{'n_neighbors': 15},0.5644107467641732,0.1111696849785274,0.14294245479045437,0.21279700092832615,0.5714712273952273,0.10639850046416308,0.5646876739824112,0.13157894736842102,0.5657894736842105,0.5657894736842105,"{0: 0.5791486547364587, 1: 0.5791486547364587}","{0: 0.5791486547364587, 1: 0.5791486547364587}",0.5791486547364587,"[[398 248]
 [313 333]]",[1. 0. 1. ... 0. 0. 1.],[1. 1. 1. ... 0. 1. 0.]
640,knn,{'n_neighbors': 15},0.5644107467641732,0.1111696849785274,0.14294245479045437,0.21279700092832615,0.5714712273952273,0.10639850046416308,0.5646876739824112,0.13157894736842102,0.5657894736842105,0.5657894736842105,"{0: 0.5791486547364587, 1: 0.5791486547364587}","{0: 0.5791486547364587, 1: 0.5791486547364587}",0.5791486547364587,"[[398 248]
 [313 333]]",[1. 0. 1. ... 0. 0. 1.],[1. 1. 1. ... 0. 1. 0.]
158,knn,{'n_neighbors': 15},0.5644107467641732,0.1111696849785274,0.14294245479045437,0.21279700092832615,0.5714712273952273,0.10639850046416308,0.5646876739824112,0.13157894736842102,0.5657894736842105,0.5657894736842105,"{0: 0.5791486547364587, 1: 0.5791486547364587}","{0: 0.5791486547364587, 1: 0.5791486547364587}",0.5791486547364587,"[[398 248]
 [313 333]]",[1. 0. 1. ... 0. 0. 1.],[1. 1. 1. ... 0. 1. 0.]
748,knn,{'n_neighbors': 15},0.5644107467641732,0.1111696849785274,0.14294245479045437,0.21279700092832615,0.5714712273952273,0.10639850046416308,0.5646876739824112,0.13157894736842102,0.5657894736842105,0.5657894736842105,"{0: 0.5791486547364587, 1: 0.5791486547364587}","{0: 0.5791486547364587, 1: 0.5791486547364587}",0.5791486547364587,"[[398 248]
 [313 333]]",[1. 0. 1. ... 0. 0. 1.],[1. 1. 1. ... 0. 1. 0.]
323,knn,{'n_neighbors': 15},0.5644107467641732,0.1111696849785274,0.14294245479045437,0.21279700092832615,0.5714712273952273,0.10639850046416308,0.5646876739824112,0.13157894736842102,0.5657894736842105,0.5657894736842105,"{0: 0.5791486547364587, 1: 0.5791486547364587}","{0: 0.5791486547364587, 1: 0.5791486547364587}",0.5791486547364587,"[[398 248]
 [313 333]]",[1. 0. 1. ... 0. 0. 1.],[1. 1. 1. ... 0. 1. 0.]
845,knn,{'n_neighbors': 15},0.5644107467641732,0.1111696849785274,0.14294245479045437,0.21279700092832615,0.5714712273952273,0.10639850046416308,0.5646876739824112,0.13157894736842102,0.5657894736842105,0.5657894736842105,"{0: 0.5791486547364587, 1: 0.5791486547364587}","{0: 0.5791486547364587, 1: 0.5791486547364587}",0.5791486547364587,"[[398 248]
 [313 333]]",[1. 0. 1. ... 0. 0. 1.],[1. 1. 1. ... 0. 1. 0.]
216,knn,{'n_neighbors': 15},0.5644107467641732,0.1111696849785274,0.14294245479045437,0.21279700092832615,0.5714712273952273,0.10639850046416308,0.5646876739824112,0.13157894736842102,0.5657894736842105,0.5657894736842105,"{0: 0.5791486547364587, 1: 0.5791486547364587}","{0: 0.5791486547364587, 1: 0.5791486547364587}",0.5791486547364587,"[[398 248]
 [313 333]]",[1. 0. 1. ... 0. 0. 1.],[1. 1. 1. ... 0. 1. 0.]
802,knn,{'n_neighbors': 15},0.5644107467641732,0.1111696849785274,0.14294245479045437,0.21279700092832615,0.5714712273952273,0.10639850046416308,0.5646876739824112,0.13157894736842102,0.5657894736842105,0.5657894736842105,"{0: 0.5791486547364587, 1: 0.5791486547364587}","{0: 0.5791486547364587, 1: 0.5791486547364587}",0.5791486547364587,"[[398 248]
 [313 333]]",[1. 0. 1. ... 0. 0. 1.],[1. 1. 1. ... 0. 1. 0.]
270,knn,{'n_neighbors': 15},0.5644107467641732,0.1111696849785274,0.14294245479045437,0.21279700092832615,0.5714712273952273,0.10639850046416308,0.5646876739824112,0.13157894736842102,0.5657894736842105,0.5657894736842105,"{0: 0.5791486547364587, 1: 0.5791486547364587}","{0: 0.5791486547364587, 1: 0.5791486547364587}",0.5791486547364587,"[[398 248]
 [313 333]]",[1. 0. 1. ... 0. 0. 1.],[1. 1. 1. ... 0. 1. 0.]
378,knn,{'n_neighbors': 15},0.5644107467641732,0.1111696849785274,0.14294245479045437,0.21279700092832615,0.5714712273952273,0.10639850046416308,0.5646876739824112,0.13157894736842102,0.5657894736842105,0.5657894736842105,"{0: 0.5791486547364587, 1: 0.5791486547364587}","{0: 0.5791486547364587, 1: 0.5791486547364587}",0.5791486547364587,"[[398 248]
 [313 333]]",[1. 0. 1. ... 0. 0. 1.],[1. 1. 1. ... 0. 1. 0.]
132,AdaBoost,"{'algorithm': 'SAMME', 'learning_rate': 1.4061224489795918, 'n_estimators': 96}",0.5678495214747555,0.08819256615029086,0.1425701741866507,0.1774792378796546,0.5712850870933253,0.0887396189398273,0.5719791164321809,0.14396284829721362,0.5719814241486069,0.5719814241486068,"{0: 0.5874277525903632, 1: 0.5874277525903632}","{0: 0.5874277525903632, 1: 0.5874277525903632}",0.5874277525903632,"[[371 275]
 [278 368]]",[0. 1. 1. ... 0. 0. 0.],[1. 1. 1. ... 0. 1. 0.]
227,randomforest,"{'criterion': 'entropy', 'max_features': 'sqrt', 'n_estimators': 231}",0.5671244596425062,0.07160474422670952,0.14243556190625853,0.14169352094488288,0.5712177809531293,0.07084676047244144,0.5696089074860939,0.13931888544891646,0.5696594427244582,0.5696594427244582,"{0: 0.5877105119381956, 1: 0.5877105119381956}","{0: 0.5877105119381956, 1: 0.5877105119381956}",0.5877105119381956,"[[375 271]
 [285 361]]",[0. 0. 1. ... 0. 0. 1.],[1. 1. 1. ... 0. 1. 0.]
636,logistic_regression,"{'penalty': 'l2', 'solver': 'lbfgs'}",0.5589884977756793,0.10835920814921461,0.14222487278930435,0.2017382231393762,0.5711124363946521,0.10086911156968811,0.5680852343101769,0.13931888544891646,0.5696594427244582,0.5696594427244581,"{0: 0.6064588944588752, 1: 0.6064588944588754}","{0: 0.6064588944588752, 1: 0.6064588944588754}",0.6064588944588754,"[[407 239]
 [317 329]]",[1. 0. 1. ... 0. 0. 0.],[1. 1. 1. ... 0. 1. 0.]
112,logistic_regression,"{'penalty': 'l2', 'solver': 'lbfgs'}",0.5589884977756793,0.10835920814921461,0.14222487278930435,0.2017382231393762,0.5711124363946521,0.10086911156968811,0.5680852343101769,0.13931888544891646,0.5696594427244582,0.5696594427244581,"{0: 0.6064588944588752, 1: 0.6064588944588754}","{0: 0.6064588944588752, 1: 0.6064588944588754}",0.6064588944588754,"[[407 239]
 [317 329]]",[1. 0. 1. ... 0. 0. 0.],[1. 1. 1. ... 0. 1. 0.]
179,logistic_regression,"{'penalty': 'l2', 'solver': 'sag'}",0.5589884977756793,0.10835920814921461,0.14222487278930435,0.2017382231393762,0.5711124363946521,0.10086911156968811,0.5680852343101769,0.13931888544891646,0.5696594427244582,0.5696594427244581,"{0: 0.6065811040075147, 1: 0.6065811040075146}","{0: 0.6065811040075147, 1: 0.6065811040075146}",0.6065811040075146,"[[407 239]
 [317 329]]",[1. 0. 1. ... 0. 0. 0.],[1. 1. 1. ... 0. 1. 0.]
937,logistic_regression,"{'penalty': 'l2', 'solver': 'lbfgs'}",0.5589884977756793,0.10835920814921461,0.14222487278930435,0.2017382231393762,0.5711124363946521,0.10086911156968811,0.5680852343101769,0.13931888544891646,0.5696594427244582,0.5696594427244581,"{0: 0.6064588944588752, 1: 0.6064588944588754}","{0: 0.6064588944588752, 1: 0.6064588944588754}",0.6064588944588754,"[[407 239]
 [317 329]]",[1. 0. 1. ... 0. 0. 0.],[1. 1. 1. ... 0. 1. 0.]
741,logistic_regression,"{'penalty': 'l2', 'solver': 'lbfgs'}",0.5589884977756793,0.10835920814921461,0.14222487278930435,0.2017382231393762,0.5711124363946521,0.10086911156968811,0.5680852343101769,0.13931888544891646,0.5696594427244582,0.5696594427244581,"{0: 0.6064588944588752, 1: 0.6064588944588754}","{0: 0.6064588944588752, 1: 0.6064588944588754}",0.6064588944588754,"[[407 239]
 [317 329]]",[1. 0. 1. ... 0. 0. 0.],[1. 1. 1. ... 0. 1. 0.]
6,logistic_regression,"{'penalty': 'l2', 'solver': 'lbfgs'}",0.5589884977756793,0.10835920814921461,0.14222487278930435,0.2017382231393762,0.5711124363946521,0.10086911156968811,0.5680852343101769,0.13931888544891646,0.5696594427244582,0.5696594427244581,"{0: 0.6064588944588752, 1: 0.6064588944588754}","{0: 0.6064588944588752, 1: 0.6064588944588754}",0.6064588944588754,"[[407 239]
 [317 329]]",[1. 0. 1. ... 0. 0. 0.],[1. 1. 1. ... 0. 1. 0.]
881,logistic_regression,"{'penalty': 'l2', 'solver': 'lbfgs'}",0.5589884977756793,0.10835920814921461,0.14222487278930435,0.2017382231393762,0.5711124363946521,0.10086911156968811,0.5680852343101769,0.13931888544891646,0.5696594427244582,0.5696594427244581,"{0: 0.6064588944588752, 1: 0.6064588944588754}","{0: 0.6064588944588752, 1: 0.6064588944588754}",0.6064588944588754,"[[407 239]
 [317 329]]",[1. 0. 1. ... 0. 0. 0.],[1. 1. 1. ... 0. 1. 0.]
250,logistic_regression,"{'penalty': 'l2', 'solver': 'lbfgs'}",0.5589884977756793,0.10835920814921461,0.14222487278930435,0.2017382231393762,0.5711124363946521,0.10086911156968811,0.5680852343101769,0.13931888544891646,0.5696594427244582,0.5696594427244581,"{0: 0.6064588944588752, 1: 0.6064588944588754}","{0: 0.6064588944588752, 1: 0.6064588944588754}",0.6064588944588754,"[[407 239]
 [317 329]]",[1. 0. 1. ... 0. 0. 0.],[1. 1. 1. ... 0. 1. 0.]
690,logistic_regression,"{'penalty': 'l2', 'solver': 'lbfgs'}",0.5589884977756793,0.10835920814921461,0.14222487278930435,0.2017382231393762,0.5711124363946521,0.10086911156968811,0.5680852343101769,0.13931888544891646,0.5696594427244582,0.5696594427244581,"{0: 0.6064588944588752, 1: 0.6064588944588754}","{0: 0.6064588944588752, 1: 0.6064588944588754}",0.6064588944588754,"[[407 239]
 [317 329]]",[1. 0. 1. ... 0. 0. 0.],[1. 1. 1. ... 0. 1. 0.]
463,logistic_regression,"{'penalty': 'l2', 'solver': 'lbfgs'}",0.5589884977756793,0.10835920814921461,0.14222487278930435,0.2017382231393762,0.5711124363946521,0.10086911156968811,0.5680852343101769,0.13931888544891646,0.5696594427244582,0.5696594427244581,"{0: 0.6064588944588752, 1: 0.6064588944588754}","{0: 0.6064588944588752, 1: 0.6064588944588754}",0.6064588944588754,"[[407 239]
 [317 329]]",[1. 0. 1. ... 0. 0. 0.],[1. 1. 1. ... 0. 1. 0.]
19,logistic_regression,"{'penalty': 'l2', 'solver': 'sag'}",0.5589884977756793,0.10835920814921461,0.14222487278930435,0.2017382231393762,0.5711124363946521,0.10086911156968811,0.5680852343101769,0.13931888544891646,0.5696594427244582,0.5696594427244581,"{0: 0.6065835002731743, 1: 0.6065835002731743}","{0: 0.6065835002731743, 1: 0.6065835002731743}",0.6065835002731743,"[[407 239]
 [317 329]]",[1. 0. 1. ... 0. 0. 0.],[1. 1. 1. ... 0. 1. 0.]
398,logistic_regression,"{'penalty': 'l2', 'solver': 'sag'}",0.5589884977756793,0.10835920814921461,0.14222487278930435,0.2017382231393762,0.5711124363946521,0.10086911156968811,0.5680852343101769,0.13931888544891646,0.5696594427244582,0.5696594427244581,"{0: 0.6065954816014723, 1: 0.6065954816014723}","{0: 0.6065954816014723, 1: 0.6065954816014723}",0.6065954816014723,"[[407 239]
 [317 329]]",[1. 0. 1. ... 0. 0. 0.],[1. 1. 1. ... 0. 1. 0.]
61,logistic_regression,"{'penalty': 'l2', 'solver': 'lbfgs'}",0.5589884977756793,0.10835920814921461,0.14222487278930435,0.2017382231393762,0.5711124363946521,0.10086911156968811,0.5680852343101769,0.13931888544891646,0.5696594427244582,0.5696594427244581,"{0: 0.6064588944588752, 1: 0.6064588944588754}","{0: 0.6064588944588752, 1: 0.6064588944588754}",0.6064588944588754,"[[407 239]
 [317 329]]",[1. 0. 1. ... 0. 0. 0.],[1. 1. 1. ... 0. 1. 0.]
140,logistic_regression,"{'penalty': 'l2', 'solver': 'sag'}",0.5589884977756793,0.10835920814921461,0.14222487278930435,0.2017382231393762,0.5711124363946521,0.10086911156968811,0.5680852343101769,0.13931888544891646,0.5696594427244582,0.5696594427244581,"{0: 0.6065858965388339, 1: 0.6065858965388339}","{0: 0.6065858965388339, 1: 0.6065858965388339}",0.6065858965388339,"[[407 239]
 [317 329]]",[1. 0. 1. ... 0. 0. 0.],[1. 1. 1. ... 0. 1. 0.]
229,logistic_regression,"{'penalty': 'l2', 'solver': 'sag'}",0.5589884977756793,0.10835920814921461,0.14222487278930435,0.2017382231393762,0.5711124363946521,0.10086911156968811,0.5680852343101769,0.13931888544891646,0.5696594427244582,0.5696594427244581,"{0: 0.6065882928044936, 1: 0.6065882928044934}","{0: 0.6065882928044936, 1: 0.6065882928044934}",0.6065882928044934,"[[407 239]
 [317 329]]",[1. 0. 1. ... 0. 0. 0.],[1. 1. 1. ... 0. 1. 0.]
826,logistic_regression,"{'penalty': 'l2', 'solver': 'lbfgs'}",0.5589884977756793,0.10835920814921461,0.14222487278930435,0.2017382231393762,0.5711124363946521,0.10086911156968811,0.5680852343101769,0.13931888544891646,0.5696594427244582,0.5696594427244581,"{0: 0.6064588944588752, 1: 0.6064588944588754}","{0: 0.6064588944588752, 1: 0.6064588944588754}",0.6064588944588754,"[[407 239]
 [317 329]]",[1. 0. 1. ... 0. 0. 0.],[1. 1. 1. ... 0. 1. 0.]
1,logistic_regression,"{'penalty': 'l2', 'solver': 'lbfgs'}",0.5589884977756793,0.10835920814921461,0.14222487278930435,0.2017382231393762,0.5711124363946521,0.10086911156968811,0.5680852343101769,0.13931888544891646,0.5696594427244582,0.5696594427244581,"{0: 0.6064588944588752, 1: 0.6064588944588754}","{0: 0.6064588944588752, 1: 0.6064588944588754}",0.6064588944588754,"[[407 239]
 [317 329]]",[1. 0. 1. ... 0. 0. 0.],[1. 1. 1. ... 0. 1. 0.]
308,logistic_regression,"{'penalty': None, 'solver': 'sag'}",0.5588162238458517,0.10959929340691901,0.14156581319698233,0.2032335757705683,0.5707829065984912,0.10161678788528415,0.5650584795321637,0.1331269349845201,0.56656346749226,0.56656346749226,"{0: 0.605653749197251, 1: 0.605653749197251}","{0: 0.605653749197251, 1: 0.605653749197251}",0.605653749197251,"[[404 242]
 [318 328]]",[1. 0. 1. ... 0. 0. 0.],[1. 1. 1. ... 0. 1. 0.]
781,logistic_regression,"{'penalty': None, 'solver': 'sag'}",0.5588162238458517,0.10959929340691901,0.14156581319698233,0.2032335757705683,0.5707829065984912,0.10161678788528415,0.5650584795321637,0.1331269349845201,0.56656346749226,0.56656346749226,"{0: 0.6056106164153783, 1: 0.6056106164153783}","{0: 0.6056106164153783, 1: 0.6056106164153783}",0.6056106164153783,"[[404 242]
 [318 328]]",[1. 0. 1. ... 0. 0. 0.],[1. 1. 1. ... 0. 1. 0.]
363,logistic_regression,"{'penalty': None, 'solver': 'sag'}",0.5588162238458517,0.10959929340691901,0.14156581319698233,0.2032335757705683,0.5707829065984912,0.10161678788528415,0.5650584795321637,0.1331269349845201,0.56656346749226,0.56656346749226,"{0: 0.6056130126810378, 1: 0.6056130126810378}","{0: 0.6056130126810378, 1: 0.6056130126810378}",0.6056130126810378,"[[404 242]
 [318 328]]",[1. 0. 1. ... 0. 0. 0.],[1. 1. 1. ... 0. 1. 0.]
550,logistic_regression,"{'penalty': None, 'solver': 'sag'}",0.5588162238458517,0.10959929340691901,0.14156581319698233,0.2032335757705683,0.5707829065984912,0.10161678788528415,0.5650584795321637,0.1331269349845201,0.56656346749226,0.56656346749226,"{0: 0.605581861227463, 1: 0.605581861227463}","{0: 0.605581861227463, 1: 0.605581861227463}",0.605581861227463,"[[404 242]
 [318 328]]",[1. 0. 1. ... 0. 0. 0.],[1. 1. 1. ... 0. 1. 0.]
52,logistic_regression,"{'penalty': None, 'solver': 'sag'}",0.5588162238458517,0.10959929340691901,0.14156581319698233,0.2032335757705683,0.5707829065984912,0.10161678788528415,0.5650584795321637,0.1331269349845201,0.56656346749226,0.56656346749226,"{0: 0.6056106164153783, 1: 0.6056106164153783}","{0: 0.6056106164153783, 1: 0.6056106164153783}",0.6056106164153783,"[[404 242]
 [318 328]]",[1. 0. 1. ... 0. 0. 0.],[1. 1. 1. ... 0. 1. 0.]
869,logistic_regression,"{'penalty': None, 'solver': 'sag'}",0.5583828261751855,0.109678665874498,0.14067692430809345,0.20351043498771973,0.5703384621540466,0.10175521749385986,0.5643213461574296,0.13157894736842102,0.5657894736842105,0.5657894736842105,"{0: 0.605653749197251, 1: 0.605653749197251}","{0: 0.605653749197251, 1: 0.605653749197251}",0.605653749197251,"[[403 243]
 [318 328]]",[1. 0. 1. ... 0. 0. 0.],[1. 1. 1. ... 0. 1. 0.]
103,logistic_regression,"{'penalty': None, 'solver': 'sag'}",0.5583828261751855,0.109678665874498,0.14067692430809345,0.20351043498771973,0.5703384621540466,0.10175521749385986,0.5643213461574296,0.13157894736842102,0.5657894736842105,0.5657894736842105,"{0: 0.6055962388214207, 1: 0.6055962388214207}","{0: 0.6055962388214207, 1: 0.6055962388214207}",0.6055962388214207,"[[403 243]
 [318 328]]",[1. 0. 1. ... 0. 0. 0.],[1. 1. 1. ... 0. 1. 0.]
926,logistic_regression,"{'penalty': None, 'solver': 'sag'}",0.5583828261751855,0.109678665874498,0.14067692430809345,0.20351043498771973,0.5703384621540466,0.10175521749385986,0.5643213461574296,0.13157894736842102,0.5657894736842105,0.5657894736842105,"{0: 0.6056249940093359, 1: 0.6056249940093359}","{0: 0.6056249940093359, 1: 0.6056249940093359}",0.6056249940093359,"[[403 243]
 [318 328]]",[1. 0. 1. ... 0. 0. 0.],[1. 1. 1. ... 0. 1. 0.]
452,logistic_regression,"{'penalty': None, 'solver': 'sag'}",0.5583828261751855,0.109678665874498,0.14067692430809345,0.20351043498771973,0.5703384621540466,0.10175521749385986,0.5643213461574296,0.13157894736842102,0.5657894736842105,0.5657894736842105,"{0: 0.6055842574931227, 1: 0.6055842574931227}","{0: 0.6055842574931227, 1: 0.6055842574931227}",0.6055842574931227,"[[403 243]
 [318 328]]",[1. 0. 1. ... 0. 0. 0.],[1. 1. 1. ... 0. 1. 0.]
729,logistic_regression,"{'penalty': None, 'solver': 'sag'}",0.5583828261751855,0.109678665874498,0.14067692430809345,0.20351043498771973,0.5703384621540466,0.10175521749385986,0.5643213461574296,0.13157894736842102,0.5657894736842105,0.5657894736842105,"{0: 0.6056561454629106, 1: 0.6056561454629106}","{0: 0.6056561454629106, 1: 0.6056561454629106}",0.6056561454629106,"[[403 243]
 [318 328]]",[1. 0. 1. ... 0. 0. 0.],[1. 1. 1. ... 0. 1. 0.]
674,logistic_regression,"{'penalty': None, 'solver': 'sag'}",0.5583828261751855,0.109678665874498,0.14067692430809345,0.20351043498771973,0.5703384621540466,0.10175521749385986,0.5643213461574296,0.13157894736842102,0.5657894736842105,0.5657894736842105,"{0: 0.6056609379942297, 1: 0.6056609379942298}","{0: 0.6056609379942297, 1: 0.6056609379942298}",0.6056609379942298,"[[403 243]
 [318 328]]",[1. 0. 1. ... 0. 0. 0.],[1. 1. 1. ... 0. 1. 0.]
623,logistic_regression,"{'penalty': None, 'solver': 'sag'}",0.5583828261751855,0.109678665874498,0.14067692430809345,0.20351043498771973,0.5703384621540466,0.10175521749385986,0.5643213461574296,0.13157894736842102,0.5657894736842105,0.5657894736842105,"{0: 0.6055890500244419, 1: 0.6055890500244419}","{0: 0.6055890500244419, 1: 0.6055890500244419}",0.6055890500244419,"[[403 243]
 [318 328]]",[1. 0. 1. ... 0. 0. 0.],[1. 1. 1. ... 0. 1. 0.]
76,logistic_regression,"{'penalty': None, 'solver': 'sag'}",0.5583828261751855,0.109678665874498,0.14067692430809345,0.20351043498771973,0.5703384621540466,0.10175521749385986,0.5643213461574296,0.13157894736842102,0.5657894736842105,0.5657894736842105,"{0: 0.605629786540655, 1: 0.605629786540655}","{0: 0.605629786540655, 1: 0.605629786540655}",0.605629786540655,"[[403 243]
 [318 328]]",[1. 0. 1. ... 0. 0. 0.],[1. 1. 1. ... 0. 1. 0.]
501,logistic_regression,"{'penalty': None, 'solver': 'sag'}",0.5583828261751855,0.109678665874498,0.14067692430809345,0.20351043498771973,0.5703384621540466,0.10175521749385986,0.5643213461574296,0.13157894736842102,0.5657894736842105,0.5657894736842105,"{0: 0.6056729193225278, 1: 0.6056729193225279}","{0: 0.6056729193225278, 1: 0.6056729193225279}",0.6056729193225279,"[[403 243]
 [318 328]]",[1. 0. 1. ... 0. 0. 0.],[1. 1. 1. ... 0. 1. 0.]
663,logistic_regression,"{'penalty': 'l2', 'solver': 'newton-cg'}",0.5579558978588647,0.10875179367085593,0.13972487278930434,0.20251557974481685,0.5698624363946522,0.10125778987240844,0.5665315840738825,0.13622291021671828,0.5681114551083591,0.5681114551083591,"{0: 0.6065307824286632, 1: 0.6065307824286632}","{0: 0.6065307824286632, 1: 0.6065307824286632}",0.6065307824286632,"[[406 240]
 [318 328]]",[1. 0. 1. ... 0. 0. 0.],[1. 1. 1. ... 0. 1. 0.]
209,logistic_regression,"{'penalty': 'l2', 'solver': 'newton-cg'}",0.5579558978588647,0.10875179367085593,0.13972487278930434,0.20251557974481685,0.5698624363946522,0.10125778987240844,0.5665315840738825,0.13622291021671828,0.5681114551083591,0.5681114551083591,"{0: 0.6065307824286632, 1: 0.6065307824286632}","{0: 0.6065307824286632, 1: 0.6065307824286632}",0.6065307824286632,"[[406 240]
 [318 328]]",[1. 0. 1. ... 0. 0. 0.],[1. 1. 1. ... 0. 1. 0.]
715,logistic_regression,"{'penalty': 'l2', 'solver': 'newton-cg'}",0.5579558978588647,0.10875179367085593,0.13972487278930434,0.20251557974481685,0.5698624363946522,0.10125778987240844,0.5665315840738825,0.13622291021671828,0.5681114551083591,0.5681114551083591,"{0: 0.6065307824286632, 1: 0.6065307824286632}","{0: 0.6065307824286632, 1: 0.6065307824286632}",0.6065307824286632,"[[406 240]
 [318 328]]",[1. 0. 1. ... 0. 0. 0.],[1. 1. 1. ... 0. 1. 0.]
297,logistic_regression,"{'penalty': 'l2', 'solver': 'newton-cg'}",0.5579558978588647,0.10875179367085593,0.13972487278930434,0.20251557974481685,0.5698624363946522,0.10125778987240844,0.5665315840738825,0.13622291021671828,0.5681114551083591,0.5681114551083591,"{0: 0.6065307824286632, 1: 0.6065307824286632}","{0: 0.6065307824286632, 1: 0.6065307824286632}",0.6065307824286632,"[[406 240]
 [318 328]]",[1. 0. 1. ... 0. 0. 0.],[1. 1. 1. ... 0. 1. 0.]
611,logistic_regression,"{'penalty': 'l2', 'solver': 'newton-cg'}",0.5579558978588647,0.10875179367085593,0.13972487278930434,0.20251557974481685,0.5698624363946522,0.10125778987240844,0.5665315840738825,0.13622291021671828,0.5681114551083591,0.5681114551083591,"{0: 0.6065307824286632, 1: 0.6065307824286632}","{0: 0.6065307824286632, 1: 0.6065307824286632}",0.6065307824286632,"[[406 240]
 [318 328]]",[1. 0. 1. ... 0. 0. 0.],[1. 1. 1. ... 0. 1. 0.]
352,logistic_regression,"{'penalty': 'l2', 'solver': 'newton-cg'}",0.5579558978588647,0.10875179367085593,0.13972487278930434,0.20251557974481685,0.5698624363946522,0.10125778987240844,0.5665315840738825,0.13622291021671828,0.5681114551083591,0.5681114551083591,"{0: 0.6065307824286632, 1: 0.6065307824286632}","{0: 0.6065307824286632, 1: 0.6065307824286632}",0.6065307824286632,"[[406 240]
 [318 328]]",[1. 0. 1. ... 0. 0. 0.],[1. 1. 1. ... 0. 1. 0.]
490,logistic_regression,"{'penalty': 'l2', 'solver': 'newton-cg'}",0.5579558978588647,0.10875179367085593,0.13972487278930434,0.20251557974481685,0.5698624363946522,0.10125778987240844,0.5665315840738825,0.13622291021671828,0.5681114551083591,0.5681114551083591,"{0: 0.6065307824286632, 1: 0.6065307824286632}","{0: 0.6065307824286632, 1: 0.6065307824286632}",0.6065307824286632,"[[406 240]
 [318 328]]",[1. 0. 1. ... 0. 0. 0.],[1. 1. 1. ... 0. 1. 0.]
318,logistic_regression,"{'penalty': 'l2', 'solver': 'newton-cg'}",0.5579558978588647,0.10875179367085593,0.13972487278930434,0.20251557974481685,0.5698624363946522,0.10125778987240844,0.5665315840738825,0.13622291021671828,0.5681114551083591,0.5681114551083591,"{0: 0.6065307824286632, 1: 0.6065307824286632}","{0: 0.6065307824286632, 1: 0.6065307824286632}",0.6065307824286632,"[[406 240]
 [318 328]]",[1. 0. 1. ... 0. 0. 0.],[1. 1. 1. ... 0. 1. 0.]
537,logistic_regression,"{'penalty': 'l2', 'solver': 'newton-cg'}",0.5579558978588647,0.10875179367085593,0.13972487278930434,0.20251557974481685,0.5698624363946522,0.10125778987240844,0.5665315840738825,0.13622291021671828,0.5681114551083591,0.5681114551083591,"{0: 0.6065307824286632, 1: 0.6065307824286632}","{0: 0.6065307824286632, 1: 0.6065307824286632}",0.6065307824286632,"[[406 240]
 [318 328]]",[1. 0. 1. ... 0. 0. 0.],[1. 1. 1. ... 0. 1. 0.]
200,logistic_regression,"{'penalty': 'l2', 'solver': 'newton-cg'}",0.5579558978588647,0.10875179367085593,0.13972487278930434,0.20251557974481685,0.5698624363946522,0.10125778987240844,0.5665315840738825,0.13622291021671828,0.5681114551083591,0.5681114551083591,"{0: 0.6065307824286632, 1: 0.6065307824286632}","{0: 0.6065307824286632, 1: 0.6065307824286632}",0.6065307824286632,"[[406 240]
 [318 328]]",[1. 0. 1. ... 0. 0. 0.],[1. 1. 1. ... 0. 1. 0.]
651,logistic_regression,"{'penalty': None, 'solver': 'saga'}",0.5576556280396481,0.1088401664596313,0.1389538537005401,0.2026971675462317,0.56947692685027,0.10134858377311586,0.5657952246540835,0.1346749226006192,0.5673374613003096,0.5673374613003096,"{0: 0.6061545687201065, 1: 0.6061545687201065}","{0: 0.6061545687201065, 1: 0.6061545687201065}",0.6061545687201065,"[[405 241]
 [318 328]]",[1. 0. 1. ... 0. 0. 0.],[1. 1. 1. ... 0. 1. 0.]
240,logistic_regression,"{'penalty': None, 'solver': 'saga'}",0.5576556280396481,0.1088401664596313,0.1389538537005401,0.2026971675462317,0.56947692685027,0.10134858377311586,0.5657952246540835,0.1346749226006192,0.5673374613003096,0.5673374613003096,"{0: 0.606152172454447, 1: 0.606152172454447}","{0: 0.606152172454447, 1: 0.606152172454447}",0.606152172454447,"[[405 241]
 [318 328]]",[1. 0. 1. ... 0. 0. 0.],[1. 1. 1. ... 0. 1. 0.]
169,logistic_regression,"{'penalty': None, 'solver': 'saga'}",0.5576556280396481,0.1088401664596313,0.1389538537005401,0.2026971675462317,0.56947692685027,0.10134858377311586,0.5657952246540835,0.1346749226006192,0.5673374613003096,0.5673374613003096,"{0: 0.6061210210008723, 1: 0.6061210210008723}","{0: 0.6061210210008723, 1: 0.6061210210008723}",0.6061210210008723,"[[405 241]
 [318 328]]",[1. 0. 1. ... 0. 0. 0.],[1. 1. 1. ... 0. 1. 0.]
476,logistic_regression,"{'penalty': None, 'solver': 'saga'}",0.5576556280396481,0.1088401664596313,0.1389538537005401,0.2026971675462317,0.56947692685027,0.10134858377311586,0.5657952246540835,0.1346749226006192,0.5673374613003096,0.5673374613003096,"{0: 0.6061473799231278, 1: 0.6061473799231277}","{0: 0.6061473799231278, 1: 0.6061473799231277}",0.6061473799231277,"[[405 241]
 [318 328]]",[1. 0. 1. ... 0. 0. 0.],[1. 1. 1. ... 0. 1. 0.]
15,logistic_regression,"{'penalty': None, 'solver': 'saga'}",0.5576556280396481,0.1088401664596313,0.1389538537005401,0.2026971675462317,0.56947692685027,0.10134858377311586,0.5657952246540835,0.1346749226006192,0.5673374613003096,0.5673374613003096,"{0: 0.6061473799231278, 1: 0.6061473799231278}","{0: 0.6061473799231278, 1: 0.6061473799231278}",0.6061473799231278,"[[405 241]
 [318 328]]",[1. 0. 1. ... 0. 0. 0.],[1. 1. 1. ... 0. 1. 0.]
702,logistic_regression,"{'penalty': None, 'solver': 'saga'}",0.5576556280396481,0.1088401664596313,0.1389538537005401,0.2026971675462317,0.56947692685027,0.10134858377311586,0.5657952246540835,0.1346749226006192,0.5673374613003096,0.5673374613003096,"{0: 0.606116228469553, 1: 0.6061162284695532}","{0: 0.606116228469553, 1: 0.6061162284695532}",0.6061162284695532,"[[405 241]
 [318 328]]",[1. 0. 1. ... 0. 0. 0.],[1. 1. 1. ... 0. 1. 0.]
740,randomforest,"{'criterion': 'gini', 'max_features': 'log2', 'n_estimators': 45}",0.5645841813312079,0.07068122645088437,0.138805837750029,0.1445447968125287,0.5694029188750145,0.07227239840626436,0.5634633080285254,0.12693498452012386,0.5634674922600619,0.563467492260062,"{0: 0.5891866115845067, 1: 0.5891866115845068}","{0: 0.5891866115845067, 1: 0.5891866115845068}",0.5891866115845068,"[[366 280]
 [284 362]]",[0. 0. 0. ... 0. 0. 1.],[1. 1. 1. ... 0. 1. 0.]
251,AdaBoost,"{'algorithm': 'SAMME.R', 'learning_rate': 0.6714285714285714, 'n_estimators': 96}",0.5648203505291309,0.08656936852922566,0.1382449251500914,0.16963573253166933,0.5691224625750457,0.08481786626583468,0.5573045776813655,0.11609907120743035,0.5580495356037152,0.5580495356037152,"{0: 0.5798172128554859, 1: 0.579817212855486}","{0: 0.5798172128554859, 1: 0.579817212855486}",0.579817212855486,"[[387 259]
 [312 334]]",[0. 1. 1. ... 0. 0. 0.],[1. 1. 1. ... 0. 1. 0.]
331,logistic_regression,"{'penalty': None, 'solver': 'saga'}",0.5564821195557947,0.10763887667535778,0.13645385370054008,0.20013972868915314,0.56822692685027,0.10006986434457657,0.5649779338375883,0.1331269349845201,0.56656346749226,0.56656346749226,"{0: 0.606104247141255, 1: 0.6061042471412551}","{0: 0.606104247141255, 1: 0.6061042471412551}",0.6061042471412551,"[[405 241]
 [319 327]]",[1. 0. 1. ... 0. 0. 0.],[1. 1. 1. ... 0. 1. 0.]
429,AdaBoost,"{'algorithm': 'SAMME.R', 'learning_rate': 0.9163265306122448, 'n_estimators': 96}",0.5642875099537299,0.08183038742331589,0.13588804547667796,0.16021252653865392,0.567944022738339,0.08010626326932697,0.5607031254216431,0.1222910216718266,0.5611455108359134,0.5611455108359134,"{0: 0.5810105531539649, 1: 0.5810105531539649}","{0: 0.5810105531539649, 1: 0.5810105531539649}",0.5810105531539649,"[[383 263]
 [304 342]]",[1. 1. 1. ... 0. 0. 0.],[1. 1. 1. ... 0. 1. 0.]
84,randomforest,"{'criterion': 'gini', 'max_features': 'log2', 'n_estimators': 119}",0.5619881154876897,0.06484350836629564,0.1344316527505676,0.1281345843354535,0.5672158263752838,0.06406729216772673,0.5685688404168009,0.13777089783281737,0.5688854489164087,0.5688854489164087,"{0: 0.5886258854201613, 1: 0.5886258854201611}","{0: 0.5886258854201613, 1: 0.5886258854201611}",0.5886258854201611,"[[385 261]
 [296 350]]",[0. 1. 1. ... 0. 0. 1.],[1. 1. 1. ... 0. 1. 0.]
18,logistic_regression,"{'penalty': None, 'solver': 'newton-cg'}",0.5542080760532591,0.09751904176040663,0.13341089089665367,0.17908175094041223,0.5667054454483268,0.08954087547020613,0.5648952650367077,0.1331269349845201,0.56656346749226,0.5665634674922602,"{0: 0.6042639151146852, 1: 0.6042639151146854}","{0: 0.6042639151146852, 1: 0.6042639151146854}",0.6042639151146854,"[[406 240]
 [320 326]]",[1. 0. 1. ... 0. 0. 0.],[1. 1. 1. ... 0. 1. 0.]
896,logistic_regression,"{'penalty': None, 'solver': 'newton-cg'}",0.5542080760532591,0.09751904176040663,0.13341089089665367,0.17908175094041223,0.5667054454483268,0.08954087547020613,0.5648952650367077,0.1331269349845201,0.56656346749226,0.5665634674922602,"{0: 0.6042639151146852, 1: 0.6042639151146854}","{0: 0.6042639151146852, 1: 0.6042639151146854}",0.6042639151146854,"[[406 240]
 [320 326]]",[1. 0. 1. ... 0. 0. 0.],[1. 1. 1. ... 0. 1. 0.]
841,logistic_regression,"{'penalty': None, 'solver': 'newton-cg'}",0.5542080760532591,0.09751904176040663,0.13341089089665367,0.17908175094041223,0.5667054454483268,0.08954087547020613,0.5648952650367077,0.1331269349845201,0.56656346749226,0.5665634674922602,"{0: 0.6042639151146852, 1: 0.6042639151146854}","{0: 0.6042639151146852, 1: 0.6042639151146854}",0.6042639151146854,"[[406 240]
 [320 326]]",[1. 0. 1. ... 0. 0. 0.],[1. 1. 1. ... 0. 1. 0.]
8,logistic_regression,"{'penalty': None, 'solver': 'newton-cg'}",0.5542080760532591,0.09751904176040663,0.13341089089665367,0.17908175094041223,0.5667054454483268,0.08954087547020613,0.5648952650367077,0.1331269349845201,0.56656346749226,0.5665634674922602,"{0: 0.6042639151146852, 1: 0.6042639151146854}","{0: 0.6042639151146852, 1: 0.6042639151146854}",0.6042639151146854,"[[406 240]
 [320 326]]",[1. 0. 1. ... 0. 0. 0.],[1. 1. 1. ... 0. 1. 0.]
755,logistic_regression,"{'penalty': None, 'solver': 'newton-cg'}",0.5542080760532591,0.09751904176040663,0.13341089089665367,0.17908175094041223,0.5667054454483268,0.08954087547020613,0.5648952650367077,0.1331269349845201,0.56656346749226,0.5665634674922602,"{0: 0.6042639151146852, 1: 0.6042639151146854}","{0: 0.6042639151146852, 1: 0.6042639151146854}",0.6042639151146854,"[[406 240]
 [320 326]]",[1. 0. 1. ... 0. 0. 0.],[1. 1. 1. ... 0. 1. 0.]
13,logistic_regression,"{'penalty': None, 'solver': 'newton-cg'}",0.5542080760532591,0.09751904176040663,0.13341089089665367,0.17908175094041223,0.5667054454483268,0.08954087547020613,0.5648952650367077,0.1331269349845201,0.56656346749226,0.5665634674922602,"{0: 0.6042639151146852, 1: 0.6042639151146854}","{0: 0.6042639151146852, 1: 0.6042639151146854}",0.6042639151146854,"[[406 240]
 [320 326]]",[1. 0. 1. ... 0. 0. 0.],[1. 1. 1. ... 0. 1. 0.]
159,logistic_regression,"{'penalty': None, 'solver': 'newton-cg'}",0.5542080760532591,0.09751904176040663,0.13341089089665367,0.17908175094041223,0.5667054454483268,0.08954087547020613,0.5648952650367077,0.1331269349845201,0.56656346749226,0.5665634674922602,"{0: 0.6042639151146852, 1: 0.6042639151146854}","{0: 0.6042639151146852, 1: 0.6042639151146854}",0.6042639151146854,"[[406 240]
 [320 326]]",[1. 0. 1. ... 0. 0. 0.],[1. 1. 1. ... 0. 1. 0.]
94,logistic_regression,"{'penalty': None, 'solver': 'newton-cg'}",0.5542080760532591,0.09751904176040663,0.13341089089665367,0.17908175094041223,0.5667054454483268,0.08954087547020613,0.5648952650367077,0.1331269349845201,0.56656346749226,0.5665634674922602,"{0: 0.6042639151146852, 1: 0.6042639151146854}","{0: 0.6042639151146852, 1: 0.6042639151146854}",0.6042639151146854,"[[406 240]
 [320 326]]",[1. 0. 1. ... 0. 0. 0.],[1. 1. 1. ... 0. 1. 0.]
427,logistic_regression,"{'penalty': None, 'solver': 'newton-cg'}",0.5542080760532591,0.09751904176040663,0.13341089089665367,0.17908175094041223,0.5667054454483268,0.08954087547020613,0.5648952650367077,0.1331269349845201,0.56656346749226,0.5665634674922602,"{0: 0.6042639151146852, 1: 0.6042639151146854}","{0: 0.6042639151146852, 1: 0.6042639151146854}",0.6042639151146854,"[[406 240]
 [320 326]]",[1. 0. 1. ... 0. 0. 0.],[1. 1. 1. ... 0. 1. 0.]
728,randomforest,"{'criterion': 'entropy', 'max_features': 'sqrt', 'n_estimators': 415}",0.5615955628969389,0.07407318166592575,0.1327003461782723,0.14664736536201273,0.5663501730891362,0.07332368268100636,0.5649112210461728,0.13003095975232193,0.565015479876161,0.5650154798761611,"{0: 0.5855934112279424, 1: 0.5855934112279424}","{0: 0.5855934112279424, 1: 0.5855934112279424}",0.5855934112279424,"[[375 271]
 [291 355]]",[0. 0. 1. ... 0. 0. 1.],[1. 1. 1. ... 0. 1. 0.]
342,logistic_regression,"{'penalty': None, 'solver': 'lbfgs'}",0.5534975629958747,0.09790665424930732,0.13196783782569363,0.17980552042162218,0.5659839189128468,0.08990276021081109,0.5641599665188034,0.13157894736842102,0.5657894736842105,0.5657894736842106,"{0: 0.6045011454149853, 1: 0.6045011454149852}","{0: 0.6045011454149853, 1: 0.6045011454149852}",0.6045011454149852,"[[405 241]
 [320 326]]",[1. 0. 1. ... 0. 0. 0.],[1. 1. 1. ... 0. 1. 0.]
575,logistic_regression,"{'penalty': None, 'solver': 'lbfgs'}",0.5534975629958747,0.09790665424930732,0.13196783782569363,0.17980552042162218,0.5659839189128468,0.08990276021081109,0.5641599665188034,0.13157894736842102,0.5657894736842105,0.5657894736842106,"{0: 0.6045011454149853, 1: 0.6045011454149852}","{0: 0.6045011454149853, 1: 0.6045011454149852}",0.6045011454149852,"[[405 241]
 [320 326]]",[1. 0. 1. ... 0. 0. 0.],[1. 1. 1. ... 0. 1. 0.]
385,logistic_regression,"{'penalty': None, 'solver': 'lbfgs'}",0.5534975629958747,0.09790665424930732,0.13196783782569363,0.17980552042162218,0.5659839189128468,0.08990276021081109,0.5641599665188034,0.13157894736842102,0.5657894736842105,0.5657894736842106,"{0: 0.6045011454149853, 1: 0.6045011454149852}","{0: 0.6045011454149853, 1: 0.6045011454149852}",0.6045011454149852,"[[405 241]
 [320 326]]",[1. 0. 1. ... 0. 0. 0.],[1. 1. 1. ... 0. 1. 0.]
525,logistic_regression,"{'penalty': None, 'solver': 'lbfgs'}",0.5534975629958747,0.09790665424930732,0.13196783782569363,0.17980552042162218,0.5659839189128468,0.08990276021081109,0.5641599665188034,0.13157894736842102,0.5657894736842105,0.5657894736842106,"{0: 0.6045011454149853, 1: 0.6045011454149852}","{0: 0.6045011454149853, 1: 0.6045011454149852}",0.6045011454149852,"[[405 241]
 [320 326]]",[1. 0. 1. ... 0. 0. 0.],[1. 1. 1. ... 0. 1. 0.]
219,logistic_regression,"{'penalty': None, 'solver': 'lbfgs'}",0.5534975629958747,0.09790665424930732,0.13196783782569363,0.17980552042162218,0.5659839189128468,0.08990276021081109,0.5641599665188034,0.13157894736842102,0.5657894736842105,0.5657894736842106,"{0: 0.6045011454149853, 1: 0.6045011454149852}","{0: 0.6045011454149853, 1: 0.6045011454149852}",0.6045011454149852,"[[405 241]
 [320 326]]",[1. 0. 1. ... 0. 0. 0.],[1. 1. 1. ... 0. 1. 0.]
285,logistic_regression,"{'penalty': None, 'solver': 'lbfgs'}",0.5534975629958747,0.09790665424930732,0.13196783782569363,0.17980552042162218,0.5659839189128468,0.08990276021081109,0.5641599665188034,0.13157894736842102,0.5657894736842105,0.5657894736842106,"{0: 0.6045011454149853, 1: 0.6045011454149852}","{0: 0.6045011454149853, 1: 0.6045011454149852}",0.6045011454149852,"[[405 241]
 [320 326]]",[1. 0. 1. ... 0. 0. 0.],[1. 1. 1. ... 0. 1. 0.]
122,logistic_regression,"{'penalty': None, 'solver': 'lbfgs'}",0.5534975629958747,0.09790665424930732,0.13196783782569363,0.17980552042162218,0.5659839189128468,0.08990276021081109,0.5641599665188034,0.13157894736842102,0.5657894736842105,0.5657894736842106,"{0: 0.6045011454149853, 1: 0.6045011454149852}","{0: 0.6045011454149853, 1: 0.6045011454149852}",0.6045011454149852,"[[405 241]
 [320 326]]",[1. 0. 1. ... 0. 0. 0.],[1. 1. 1. ... 0. 1. 0.]
188,logistic_regression,"{'penalty': None, 'solver': 'lbfgs'}",0.5534975629958747,0.09790665424930732,0.13196783782569363,0.17980552042162218,0.5659839189128468,0.08990276021081109,0.5641599665188034,0.13157894736842102,0.5657894736842105,0.5657894736842106,"{0: 0.6045011454149853, 1: 0.6045011454149852}","{0: 0.6045011454149853, 1: 0.6045011454149852}",0.6045011454149852,"[[405 241]
 [320 326]]",[1. 0. 1. ... 0. 0. 0.],[1. 1. 1. ... 0. 1. 0.]
305,randomforest,"{'criterion': 'entropy', 'max_features': 'log2', 'n_estimators': 109}",0.5603887783234852,0.05542937385896884,0.13140668489274523,0.10895602917751634,0.5657033424463727,0.05447801458875817,0.5626911406585572,0.12538699690402477,0.5626934984520123,0.5626934984520124,"{0: 0.5892489144916561, 1: 0.5892489144916563}","{0: 0.5892489144916561, 1: 0.5892489144916563}",0.5892489144916563,"[[362 284]
 [281 365]]",[0. 0. 1. ... 0. 0. 1.],[1. 1. 1. ... 0. 1. 0.]
237,randomforest,"{'criterion': 'gini', 'max_features': 'sqrt', 'n_estimators': 375}",0.5605525090424418,0.06865694265338465,0.13077692193178053,0.1391346405010756,0.5653884609658902,0.0695673202505378,0.5703405170941631,0.14086687306501544,0.5704334365325078,0.5704334365325077,"{0: 0.5927067258384534, 1: 0.5927067258384533}","{0: 0.5927067258384534, 1: 0.5927067258384533}",0.5927067258384533,"[[378 268]
 [287 359]]",[0. 0. 1. ... 0. 0. 1.],[1. 1. 1. ... 0. 1. 0.]
44,AdaBoost,"{'algorithm': 'SAMME.R', 'learning_rate': 0.42653061224489797, 'n_estimators': 85}",0.5585375090686068,0.08424026288039708,0.1306960200528728,0.1593899815265528,0.5653480100264363,0.07969499076327641,0.5576830627921487,0.11919504643962853,0.5595975232198143,0.5595975232198143,"{0: 0.5875044330914703, 1: 0.5875044330914703}","{0: 0.5875044330914703, 1: 0.5875044330914703}",0.5875044330914703,"[[404 242]
 [327 319]]",[0. 1. 1. ... 0. 0. 0.],[1. 1. 1. ... 0. 1. 0.]
382,randomforest,"{'criterion': 'entropy', 'max_features': 'sqrt', 'n_estimators': 265}",0.5595107728900763,0.06667979794985568,0.13055629802849822,0.1329332017745849,0.565278149014249,0.06646660088729245,0.5648392533087857,0.13003095975232193,0.565015479876161,0.565015479876161,"{0: 0.593687996626058, 1: 0.593687996626058}","{0: 0.593687996626058, 1: 0.593687996626058}",0.593687996626058,"[[378 268]
 [294 352]]",[0. 0. 1. ... 0. 0. 1.],[1. 1. 1. ... 0. 1. 0.]
894,randomforest,"{'criterion': 'entropy', 'max_features': 'log2', 'n_estimators': 125}",0.5593647712866299,0.06958435386610515,0.12999646954281543,0.14031482211557772,0.5649982347714076,0.07015741105778885,0.572631503253874,0.1455108359133127,0.5727554179566563,0.5727554179566563,"{0: 0.5926887538460064, 1: 0.5926887538460064}","{0: 0.5926887538460064, 1: 0.5926887538460064}",0.5926887538460064,"[[381 265]
 [287 359]]",[0. 0. 1. ... 0. 0. 1.],[1. 1. 1. ... 0. 1. 0.]
705,AdaBoost,"{'algorithm': 'SAMME.R', 'learning_rate': 2.304081632653061, 'n_estimators': 63}",0.5125458841324884,0.09086416794247189,0.12988287733073153,0.13012060769319397,0.5649414386653657,0.065060303846597,0.5382966051220965,0.1594427244582043,0.5797213622291022,0.5797213622291022,"{0: 0.5684696968244688, 1: 0.5684696968244687}","{0: 0.5684696968244688, 1: 0.5684696968244687}",0.5684696968244687,"[[568  78]
 [465 181]]",[0. 0. 0. ... 0. 0. 0.],[1. 1. 1. ... 0. 1. 0.]
879,randomforest,"{'criterion': 'gini', 'max_features': 'sqrt', 'n_estimators': 411}",0.5592652750662164,0.055376452328525866,0.12934739543951554,0.10815255949791248,0.5646736977197577,0.054076279748956235,0.5610863496898515,0.1222910216718266,0.5611455108359134,0.5611455108359134,"{0: 0.584201180879717, 1: 0.5842011808797171}","{0: 0.584201180879717, 1: 0.5842011808797171}",0.5842011808797171,"[[370 276]
 [291 355]]",[0. 0. 1. ... 0. 0. 1.],[1. 1. 1. ... 0. 1. 0.]
181,AdaBoost,"{'algorithm': 'SAMME.R', 'learning_rate': 2.7122448979591836, 'n_estimators': 96}",0.5077064438983876,0.08800365925928703,0.12931658077247687,0.12445599993842744,0.5646582903862384,0.062227999969213736,0.5317019316779894,0.15634674922600622,0.5781733746130031,0.5781733746130031,"{0: 0.5588403032713818, 1: 0.5588403032713819}","{0: 0.5588403032713818, 1: 0.5588403032713819}",0.5588403032713819,"[[577  69]
 [476 170]]",[0. 0. 0. ... 0. 0. 0.],[1. 1. 1. ... 0. 1. 0.]
185,SVC,"{'C': 10, 'gamma': 0.1, 'kernel': 'rbf'}",0.5606070170049908,0.10807980066005378,0.1288583558020493,0.21341820835475928,0.5644291779010246,0.10670910417737964,0.5557009377149279,0.11145510835913308,0.5557275541795665,0.5557275541795665,"{0: 0.56223341544537, 1: 0.56223341544537}","{0: 0.56223341544537, 1: 0.56223341544537}",0.56223341544537,"[[354 292]
 [282 364]]",[1. 0. 1. ... 1. 0. 1.],[1. 1. 1. ... 0. 1. 0.]
557,randomforest,"{'criterion': 'gini', 'max_features': 'log2', 'n_estimators': 491}",0.5588734773616925,0.062370213769638624,0.128362067002416,0.11991967467218466,0.5641810335012081,0.05995983733609232,0.5696089074860939,0.13931888544891646,0.5696594427244582,0.5696594427244582,"{0: 0.5922634166914281, 1: 0.5922634166914281}","{0: 0.5922634166914281, 1: 0.5922634166914281}",0.5922634166914281,"[[375 271]
 [285 361]]",[0. 0. 1. ... 0. 0. 1.],[1. 1. 1. ... 0. 1. 0.]
551,AdaBoost,"{'algorithm': 'SAMME.R', 'learning_rate': 3.0387755102040814, 'n_estimators': 52}",0.5020800051553127,0.08455517331317437,0.12810296478572114,0.11004772269692735,0.5640514823928605,0.05502386134846369,0.5274639886821572,0.15479876160990713,0.5773993808049536,0.5773993808049536,"{0: 0.5662998782697044, 1: 0.5662998782697045}","{0: 0.5662998782697044, 1: 0.5662998782697045}",0.5662998782697045,"[[583  63]
 [483 163]]",[0. 0. 0. ... 0. 0. 0.],[1. 1. 1. ... 0. 1. 0.]
855,AdaBoost,"{'algorithm': 'SAMME', 'learning_rate': 3.936734693877551, 'n_estimators': 41}",0.5048101677770989,0.08490593171683235,0.12786263950301838,0.12092660169139166,0.5639313197515091,0.06046330084569583,0.5279938977879481,0.15479876160990713,0.5773993808049536,0.5773993808049536,"{0: 0.5452966097633447, 1: 0.5452966097633448}","{0: 0.5452966097633447, 1: 0.5452966097633448}",0.5452966097633448,"[[582  64]
 [482 164]]",[0. 0. 0. ... 0. 0. 0.],[1. 1. 1. ... 0. 1. 0.]
207,randomforest,"{'criterion': 'entropy', 'max_features': 'log2', 'n_estimators': 323}",0.5585080220486699,0.05312539918795392,0.12733831168713564,0.10535586428937774,0.5636691558435678,0.052677932144688855,0.5603040848216425,0.1207430340557275,0.5603715170278638,0.5603715170278638,"{0: 0.5892429238275072, 1: 0.5892429238275072}","{0: 0.5892429238275072, 1: 0.5892429238275072}",0.5892429238275072,"[[370 276]
 [292 354]]",[0. 0. 1. ... 0. 0. 1.],[1. 1. 1. ... 0. 1. 0.]
491,AdaBoost,"{'algorithm': 'SAMME', 'learning_rate': 4.1, 'n_estimators': 63}",0.5045518567009389,0.08533274567865977,0.12666605830643718,0.12154698223794375,0.5633330291532185,0.06077349111897189,0.5285200988097912,0.15479876160990713,0.5773993808049536,0.5773993808049536,"{0: 0.5446532124337432, 1: 0.5446532124337433}","{0: 0.5446532124337432, 1: 0.5446532124337433}",0.5446532124337433,"[[581  65]
 [481 165]]",[0. 0. 0. ... 0. 0. 0.],[1. 1. 1. ... 0. 1. 0.]
665,AdaBoost,"{'algorithm': 'SAMME', 'learning_rate': 3.8551020408163263, 'n_estimators': 85}",0.5042248590267331,0.08512597004291426,0.12626263950301836,0.12181068689995203,0.5631313197515091,0.06090534344997602,0.5273934631781325,0.15325077399380804,0.576625386996904,0.576625386996904,"{0: 0.5444411429228689, 1: 0.544441142922869}","{0: 0.5444411429228689, 1: 0.544441142922869}",0.544441142922869,"[[581  65]
 [482 164]]",[0. 0. 0. ... 0. 0. 0.],[1. 1. 1. ... 0. 1. 0.]
277,AdaBoost,"{'algorithm': 'SAMME', 'learning_rate': 3.7734693877551018, 'n_estimators': 85}",0.5042248590267331,0.08512597004291426,0.12626263950301836,0.12181068689995203,0.5631313197515091,0.06090534344997602,0.5273934631781325,0.15325077399380804,0.576625386996904,0.576625386996904,"{0: 0.5443620661561023, 1: 0.5443620661561024}","{0: 0.5443620661561023, 1: 0.5443620661561024}",0.5443620661561024,"[[581  65]
 [482 164]]",[0. 0. 0. ... 0. 0. 0.],[1. 1. 1. ... 0. 1. 0.]
527,AdaBoost,"{'algorithm': 'SAMME.R', 'learning_rate': 0.42653061224489797, 'n_estimators': 96}",0.5560229886707122,0.08109132901166548,0.12624739744136457,0.15161177425697192,0.5631236987206822,0.07580588712848597,0.5584149884347013,0.1207430340557275,0.5603715170278638,0.5603715170278638,"{0: 0.586058286765904, 1: 0.586058286765904}","{0: 0.586058286765904, 1: 0.586058286765904}",0.586058286765904,"[[405 241]
 [327 319]]",[0. 1. 1. ... 0. 0. 0.],[1. 1. 1. ... 0. 1. 0.]
354,AdaBoost,"{'algorithm': 'SAMME', 'learning_rate': 3.5285714285714285, 'n_estimators': 41}",0.503040964042764,0.0854774718071956,0.12576904344390505,0.12068607807047481,0.5628845217219525,0.060343039035237404,0.5257330875417989,0.15170278637770895,0.5758513931888545,0.5758513931888545,"{0: 0.5441296283871214, 1: 0.5441296283871215}","{0: 0.5441296283871214, 1: 0.5441296283871215}",0.5441296283871215,"[[582  64]
 [484 162]]",[0. 0. 0. ... 0. 0. 0.],[1. 1. 1. ... 0. 1. 0.]
758,AdaBoost,"{'algorithm': 'SAMME.R', 'learning_rate': 2.793877551020408, 'n_estimators': 85}",0.5049406949898961,0.08532926370069725,0.12487213632803243,0.12101121811739753,0.5624360681640161,0.060505609058698784,0.529472703752306,0.15325077399380804,0.576625386996904,0.576625386996904,"{0: 0.5476006191950465, 1: 0.5476006191950464}","{0: 0.5476006191950465, 1: 0.5476006191950464}",0.5476006191950464,"[[577  69]
 [478 168]]",[0. 0. 0. ... 0. 0. 0.],[1. 1. 1. ... 0. 1. 0.]
156,randomforest,"{'criterion': 'gini', 'max_features': 'sqrt', 'n_estimators': 227}",0.5574730443781867,0.06894610283556983,0.12358222288808453,0.13704608608757832,0.5617911114440423,0.06852304304378917,0.5696089074860939,0.13931888544891646,0.5696594427244582,0.5696594427244582,"{0: 0.5907681469198401, 1: 0.5907681469198401}","{0: 0.5907681469198401, 1: 0.5907681469198401}",0.5907681469198401,"[[375 271]
 [285 361]]",[0. 0. 1. ... 0. 0. 1.],[1. 1. 1. ... 0. 1. 0.]
837,randomforest,"{'criterion': 'entropy', 'max_features': 'sqrt', 'n_estimators': 397}",0.5565409684700873,0.06657784668281147,0.12289323732915557,0.1335117004544605,0.5614466186645778,0.06675585022723025,0.5648653313261676,0.13003095975232193,0.565015479876161,0.565015479876161,"{0: 0.5927606418157942, 1: 0.5927606418157942}","{0: 0.5927606418157942, 1: 0.5927606418157942}",0.5927606418157942,"[[377 269]
 [293 353]]",[0. 0. 1. ... 0. 0. 1.],[1. 1. 1. ... 0. 1. 0.]
293,randomforest,"{'criterion': 'entropy', 'max_features': 'sqrt', 'n_estimators': 183}",0.5566288101159753,0.05530911144434661,0.1228863523242527,0.10754309673474445,0.5614431761621264,0.05377154836737221,0.5610505823286315,0.1222910216718266,0.5611455108359134,0.5611455108359134,"{0: 0.5857587535584545, 1: 0.5857587535584545}","{0: 0.5857587535584545, 1: 0.5857587535584545}",0.5857587535584545,"[[372 274]
 [293 353]]",[0. 0. 1. ... 0. 0. 1.],[1. 1. 1. ... 0. 1. 0.]
913,AdaBoost,"{'algorithm': 'SAMME', 'learning_rate': 1.8959183673469386, 'n_estimators': 63}",0.5536274523097768,0.07430979387806944,0.12279859909828687,0.15213924208285864,0.5613992995491435,0.07606962104142932,0.5584800115793084,0.11919504643962853,0.5595975232198143,0.5595975232198143,"{0: 0.5707102052161911, 1: 0.5707102052161911}","{0: 0.5707102052161911, 1: 0.5707102052161911}",0.5707102052161911,"[[394 252]
 [317 329]]",[0. 0. 1. ... 0. 0. 0.],[1. 1. 1. ... 0. 1. 0.]
339,randomforest,"{'criterion': 'entropy', 'max_features': 'sqrt', 'n_estimators': 359}",0.5563084531955866,0.06423207756284202,0.12275743572446339,0.12816086335308782,0.5613787178622317,0.06408043167654391,0.5617682874210158,0.12383900928792568,0.5619195046439629,0.5619195046439629,"{0: 0.5878938262611546, 1: 0.5878938262611546}","{0: 0.5878938262611546, 1: 0.5878938262611546}",0.5878938262611546,"[[375 271]
 [295 351]]",[0. 0. 1. ... 0. 0. 1.],[1. 1. 1. ... 0. 1. 0.]
365,AdaBoost,"{'algorithm': 'SAMME.R', 'learning_rate': 2.4673469387755103, 'n_estimators': 52}",0.4994129596912101,0.08948670712495452,0.12213605574195183,0.12069903097106914,0.5610680278709759,0.06034951548553457,0.5200475064807519,0.14396284829721362,0.5719814241486069,0.5719814241486068,"{0: 0.5491186534904006, 1: 0.5491186534904006}","{0: 0.5491186534904006, 1: 0.5491186534904006}",0.5491186534904006,"[[582  64]
 [489 157]]",[0. 0. 0. ... 0. 0. 0.],[1. 1. 1. ... 0. 1. 0.]
898,AdaBoost,"{'algorithm': 'SAMME.R', 'learning_rate': 2.957142857142857, 'n_estimators': 52}",0.5019518000271076,0.084812971818754,0.12178717531203694,0.12118574464054846,0.5608935876560184,0.060592872320274244,0.5261927043984825,0.15015479876160986,0.5750773993808049,0.5750773993808049,"{0: 0.5814227108474154, 1: 0.5814227108474154}","{0: 0.5814227108474154, 1: 0.5814227108474154}",0.5814227108474154,"[[579  67]
 [482 164]]",[0. 0. 0. ... 0. 0. 0.],[1. 1. 1. ... 0. 1. 0.]
30,AdaBoost,"{'algorithm': 'SAMME.R', 'learning_rate': 3.2836734693877547, 'n_estimators': 74}",0.5019518000271076,0.084812971818754,0.12178717531203694,0.12118574464054846,0.5608935876560184,0.060592872320274244,0.5261927043984825,0.15015479876160986,0.5750773993808049,0.5750773993808049,"{0: 0.5466504998610167, 1: 0.5466504998610165}","{0: 0.5466504998610167, 1: 0.5466504998610165}",0.5466504998610165,"[[579  67]
 [482 164]]",[0. 0. 0. ... 0. 0. 0.],[1. 1. 1. ... 0. 1. 0.]
454,AdaBoost,"{'algorithm': 'SAMME.R', 'learning_rate': 3.691836734693877, 'n_estimators': 85}",0.5019518000271076,0.084812971818754,0.12178717531203694,0.12118574464054846,0.5608935876560184,0.060592872320274244,0.5261927043984825,0.15015479876160986,0.5750773993808049,0.5750773993808049,"{0: 0.5493894315099349, 1: 0.5493894315099349}","{0: 0.5493894315099349, 1: 0.5493894315099349}",0.5493894315099349,"[[579  67]
 [482 164]]",[0. 0. 0. ... 0. 0. 0.],[1. 1. 1. ... 0. 1. 0.]
574,AdaBoost,"{'algorithm': 'SAMME.R', 'learning_rate': 3.446938775510204, 'n_estimators': 74}",0.5019518000271076,0.084812971818754,0.12178717531203694,0.12118574464054846,0.5608935876560184,0.060592872320274244,0.5261927043984825,0.15015479876160986,0.5750773993808049,0.5750773993808049,"{0: 0.5434934198544987, 1: 0.5434934198544988}","{0: 0.5434934198544987, 1: 0.5434934198544988}",0.5434934198544988,"[[579  67]
 [482 164]]",[0. 0. 0. ... 0. 0. 0.],[1. 1. 1. ... 0. 1. 0.]
190,AdaBoost,"{'algorithm': 'SAMME.R', 'learning_rate': 3.120408163265306, 'n_estimators': 41}",0.5019518000271076,0.084812971818754,0.12178717531203694,0.12118574464054846,0.5608935876560184,0.060592872320274244,0.5261927043984825,0.15015479876160986,0.5750773993808049,0.5750773993808049,"{0: 0.578678986667178, 1: 0.5786789866671779}","{0: 0.578678986667178, 1: 0.5786789866671779}",0.5786789866671779,"[[579  67]
 [482 164]]",[0. 0. 0. ... 0. 0. 0.],[1. 1. 1. ... 0. 1. 0.]
241,AdaBoost,"{'algorithm': 'SAMME.R', 'learning_rate': 3.2020408163265306, 'n_estimators': 74}",0.5019518000271076,0.084812971818754,0.12178717531203694,0.12118574464054846,0.5608935876560184,0.060592872320274244,0.5261927043984825,0.15015479876160986,0.5750773993808049,0.5750773993808049,"{0: 0.5411151261873496, 1: 0.5411151261873496}","{0: 0.5411151261873496, 1: 0.5411151261873496}",0.5411151261873496,"[[579  67]
 [482 164]]",[0. 0. 0. ... 0. 0. 0.],[1. 1. 1. ... 0. 1. 0.]
779,randomforest,"{'criterion': 'entropy', 'max_features': 'log2', 'n_estimators': 153}",0.5551201598756325,0.05703065934297254,0.12109178223265228,0.11114149233468139,0.5605458911163261,0.055570746167340694,0.5657309385820224,0.13157894736842102,0.5657894736842105,0.5657894736842105,"{0: 0.5937467051347181, 1: 0.5937467051347181}","{0: 0.5937467051347181, 1: 0.5937467051347181}",0.5937467051347181,"[[373 273]
 [288 358]]",[0. 0. 1. ... 0. 0. 1.],[1. 1. 1. ... 0. 1. 0.]
274,randomforest,"{'criterion': 'entropy', 'max_features': 'log2', 'n_estimators': 591}",0.5551177427378972,0.060600585560043455,0.12076404511233224,0.11947816095448711,0.5603820225561661,0.05973908047724355,0.5610863496898515,0.1222910216718266,0.5611455108359134,0.5611455108359134,"{0: 0.589280065945231, 1: 0.589280065945231}","{0: 0.589280065945231, 1: 0.589280065945231}",0.589280065945231,"[[370 276]
 [291 355]]",[0. 0. 1. ... 0. 0. 1.],[1. 1. 1. ... 0. 1. 0.]
576,knn,{'n_neighbors': 7},0.556731624335643,0.11991317998896521,0.12033971564424988,0.2357884908365356,0.5601698578221249,0.11789424541826778,0.5484302225547485,0.0975232198142415,0.5487616099071208,0.5487616099071208,"{0: 0.577770801982191, 1: 0.577770801982191}","{0: 0.577770801982191, 1: 0.577770801982191}",0.577770801982191,"[[372 274]
 [309 337]]",[0. 0. 0. ... 1. 0. 1.],[1. 1. 1. ... 0. 1. 0.]
321,knn,{'n_neighbors': 7},0.556731624335643,0.11991317998896521,0.12033971564424988,0.2357884908365356,0.5601698578221249,0.11789424541826778,0.5484302225547485,0.0975232198142415,0.5487616099071208,0.5487616099071208,"{0: 0.577770801982191, 1: 0.577770801982191}","{0: 0.577770801982191, 1: 0.577770801982191}",0.577770801982191,"[[372 274]
 [309 337]]",[0. 0. 0. ... 1. 0. 1.],[1. 1. 1. ... 0. 1. 0.]
888,knn,{'n_neighbors': 7},0.556731624335643,0.11991317998896521,0.12033971564424988,0.2357884908365356,0.5601698578221249,0.11789424541826778,0.5484302225547485,0.0975232198142415,0.5487616099071208,0.5487616099071208,"{0: 0.577770801982191, 1: 0.577770801982191}","{0: 0.577770801982191, 1: 0.577770801982191}",0.577770801982191,"[[372 274]
 [309 337]]",[0. 0. 0. ... 1. 0. 1.],[1. 1. 1. ... 0. 1. 0.]
151,knn,{'n_neighbors': 7},0.556731624335643,0.11991317998896521,0.12033971564424988,0.2357884908365356,0.5601698578221249,0.11789424541826778,0.5484302225547485,0.0975232198142415,0.5487616099071208,0.5487616099071208,"{0: 0.577770801982191, 1: 0.577770801982191}","{0: 0.577770801982191, 1: 0.577770801982191}",0.577770801982191,"[[372 274]
 [309 337]]",[0. 0. 0. ... 1. 0. 1.],[1. 1. 1. ... 0. 1. 0.]
473,knn,{'n_neighbors': 7},0.556731624335643,0.11991317998896521,0.12033971564424988,0.2357884908365356,0.5601698578221249,0.11789424541826778,0.5484302225547485,0.0975232198142415,0.5487616099071208,0.5487616099071208,"{0: 0.577770801982191, 1: 0.577770801982191}","{0: 0.577770801982191, 1: 0.577770801982191}",0.577770801982191,"[[372 274]
 [309 337]]",[0. 0. 0. ... 1. 0. 1.],[1. 1. 1. ... 0. 1. 0.]
631,knn,{'n_neighbors': 7},0.556731624335643,0.11991317998896521,0.12033971564424988,0.2357884908365356,0.5601698578221249,0.11789424541826778,0.5484302225547485,0.0975232198142415,0.5487616099071208,0.5487616099071208,"{0: 0.577770801982191, 1: 0.577770801982191}","{0: 0.577770801982191, 1: 0.577770801982191}",0.577770801982191,"[[372 274]
 [309 337]]",[0. 0. 0. ... 1. 0. 1.],[1. 1. 1. ... 0. 1. 0.]
24,knn,{'n_neighbors': 7},0.556731624335643,0.11991317998896521,0.12033971564424988,0.2357884908365356,0.5601698578221249,0.11789424541826778,0.5484302225547485,0.0975232198142415,0.5487616099071208,0.5487616099071208,"{0: 0.577770801982191, 1: 0.577770801982191}","{0: 0.577770801982191, 1: 0.577770801982191}",0.577770801982191,"[[372 274]
 [309 337]]",[0. 0. 0. ... 1. 0. 1.],[1. 1. 1. ... 0. 1. 0.]
528,knn,{'n_neighbors': 7},0.556731624335643,0.11991317998896521,0.12033971564424988,0.2357884908365356,0.5601698578221249,0.11789424541826778,0.5484302225547485,0.0975232198142415,0.5487616099071208,0.5487616099071208,"{0: 0.577770801982191, 1: 0.577770801982191}","{0: 0.577770801982191, 1: 0.577770801982191}",0.577770801982191,"[[372 274]
 [309 337]]",[0. 0. 0. ... 1. 0. 1.],[1. 1. 1. ... 0. 1. 0.]
836,knn,{'n_neighbors': 7},0.556731624335643,0.11991317998896521,0.12033971564424988,0.2357884908365356,0.5601698578221249,0.11789424541826778,0.5484302225547485,0.0975232198142415,0.5487616099071208,0.5487616099071208,"{0: 0.577770801982191, 1: 0.577770801982191}","{0: 0.577770801982191, 1: 0.577770801982191}",0.577770801982191,"[[372 274]
 [309 337]]",[0. 0. 0. ... 1. 0. 1.],[1. 1. 1. ... 0. 1. 0.]
198,knn,{'n_neighbors': 7},0.556731624335643,0.11991317998896521,0.12033971564424988,0.2357884908365356,0.5601698578221249,0.11789424541826778,0.5484302225547485,0.0975232198142415,0.5487616099071208,0.5487616099071208,"{0: 0.577770801982191, 1: 0.577770801982191}","{0: 0.577770801982191, 1: 0.577770801982191}",0.577770801982191,"[[372 274]
 [309 337]]",[0. 0. 0. ... 1. 0. 1.],[1. 1. 1. ... 0. 1. 0.]
85,knn,{'n_neighbors': 7},0.556731624335643,0.11991317998896521,0.12033971564424988,0.2357884908365356,0.5601698578221249,0.11789424541826778,0.5484302225547485,0.0975232198142415,0.5487616099071208,0.5487616099071208,"{0: 0.577770801982191, 1: 0.577770801982191}","{0: 0.577770801982191, 1: 0.577770801982191}",0.577770801982191,"[[372 274]
 [309 337]]",[0. 0. 0. ... 1. 0. 1.],[1. 1. 1. ... 0. 1. 0.]
421,knn,{'n_neighbors': 7},0.556731624335643,0.11991317998896521,0.12033971564424988,0.2357884908365356,0.5601698578221249,0.11789424541826778,0.5484302225547485,0.0975232198142415,0.5487616099071208,0.5487616099071208,"{0: 0.577770801982191, 1: 0.577770801982191}","{0: 0.577770801982191, 1: 0.577770801982191}",0.577770801982191,"[[372 274]
 [309 337]]",[0. 0. 0. ... 1. 0. 1.],[1. 1. 1. ... 0. 1. 0.]
264,knn,{'n_neighbors': 7},0.556731624335643,0.11991317998896521,0.12033971564424988,0.2357884908365356,0.5601698578221249,0.11789424541826778,0.5484302225547485,0.0975232198142415,0.5487616099071208,0.5487616099071208,"{0: 0.577770801982191, 1: 0.577770801982191}","{0: 0.577770801982191, 1: 0.577770801982191}",0.577770801982191,"[[372 274]
 [309 337]]",[0. 0. 0. ... 1. 0. 1.],[1. 1. 1. ... 0. 1. 0.]
798,knn,{'n_neighbors': 7},0.556731624335643,0.11991317998896521,0.12033971564424988,0.2357884908365356,0.5601698578221249,0.11789424541826778,0.5484302225547485,0.0975232198142415,0.5487616099071208,0.5487616099071208,"{0: 0.577770801982191, 1: 0.577770801982191}","{0: 0.577770801982191, 1: 0.577770801982191}",0.577770801982191,"[[372 274]
 [309 337]]",[0. 0. 0. ... 1. 0. 1.],[1. 1. 1. ... 0. 1. 0.]
736,knn,{'n_neighbors': 7},0.556731624335643,0.11991317998896521,0.12033971564424988,0.2357884908365356,0.5601698578221249,0.11789424541826778,0.5484302225547485,0.0975232198142415,0.5487616099071208,0.5487616099071208,"{0: 0.577770801982191, 1: 0.577770801982191}","{0: 0.577770801982191, 1: 0.577770801982191}",0.577770801982191,"[[372 274]
 [309 337]]",[0. 0. 0. ... 1. 0. 1.],[1. 1. 1. ... 0. 1. 0.]
939,knn,{'n_neighbors': 7},0.556731624335643,0.11991317998896521,0.12033971564424988,0.2357884908365356,0.5601698578221249,0.11789424541826778,0.5484302225547485,0.0975232198142415,0.5487616099071208,0.5487616099071208,"{0: 0.577770801982191, 1: 0.577770801982191}","{0: 0.577770801982191, 1: 0.577770801982191}",0.577770801982191,"[[372 274]
 [309 337]]",[0. 0. 0. ... 1. 0. 1.],[1. 1. 1. ... 0. 1. 0.]
680,knn,{'n_neighbors': 7},0.556731624335643,0.11991317998896521,0.12033971564424988,0.2357884908365356,0.5601698578221249,0.11789424541826778,0.5484302225547485,0.0975232198142415,0.5487616099071208,0.5487616099071208,"{0: 0.577770801982191, 1: 0.577770801982191}","{0: 0.577770801982191, 1: 0.577770801982191}",0.577770801982191,"[[372 274]
 [309 337]]",[0. 0. 0. ... 1. 0. 1.],[1. 1. 1. ... 0. 1. 0.]
373,knn,{'n_neighbors': 7},0.556731624335643,0.11991317998896521,0.12033971564424988,0.2357884908365356,0.5601698578221249,0.11789424541826778,0.5484302225547485,0.0975232198142415,0.5487616099071208,0.5487616099071208,"{0: 0.577770801982191, 1: 0.577770801982191}","{0: 0.577770801982191, 1: 0.577770801982191}",0.577770801982191,"[[372 274]
 [309 337]]",[0. 0. 0. ... 1. 0. 1.],[1. 1. 1. ... 0. 1. 0.]
546,randomforest,"{'criterion': 'entropy', 'max_features': 'sqrt', 'n_estimators': 243}",0.5540003088993355,0.054633538925240484,0.12008145182940598,0.11014830598783203,0.560040725914703,0.055074152993916006,0.5618145037582452,0.12383900928792568,0.5619195046439629,0.5619195046439629,"{0: 0.586170911251905, 1: 0.586170911251905}","{0: 0.586170911251905, 1: 0.586170911251905}",0.586170911251905,"[[373 273]
 [293 353]]",[0. 0. 1. ... 0. 0. 1.],[1. 1. 1. ... 0. 1. 0.]
104,AdaBoost,"{'algorithm': 'SAMME.R', 'learning_rate': 3.3653061224489793, 'n_estimators': 74}",0.49014019284360366,0.09251736937654637,0.12000939753425915,0.11960756136140939,0.5600046987671294,0.059803780680704716,0.5207197971186531,0.1486068111455109,0.5743034055727554,0.5743034055727554,"{0: 0.5501921805058996, 1: 0.5501921805058997}","{0: 0.5501921805058996, 1: 0.5501921805058997}",0.5501921805058997,"[[587  59]
 [491 155]]",[0. 0. 0. ... 0. 0. 0.],[1. 1. 1. ... 0. 1. 0.]
653,AdaBoost,"{'algorithm': 'SAMME.R', 'learning_rate': 3.3653061224489793, 'n_estimators': 41}",0.5010282791035866,0.0843486881380941,0.1195649530898147,0.1208513087086034,0.5597824765449073,0.060425654354301715,0.5255923752960875,0.1486068111455109,0.5743034055727554,0.5743034055727554,"{0: 0.5587348675823597, 1: 0.5587348675823597}","{0: 0.5587348675823597, 1: 0.5587348675823597}",0.5587348675823597,"[[578  68]
 [482 164]]",[0. 0. 0. ... 0. 0. 0.],[1. 1. 1. ... 0. 1. 0.]
298,AdaBoost,"{'algorithm': 'SAMME.R', 'learning_rate': 1.7326530612244897, 'n_estimators': 41}",0.5534649434707674,0.08027146202890996,0.11809122532606534,0.1541409855557774,0.5590456126630327,0.0770704927778887,0.5686371120833565,0.13777089783281737,0.5688854489164087,0.5688854489164086,"{0: 0.5761964554438362, 1: 0.5761964554438364}","{0: 0.5761964554438362, 1: 0.5761964554438364}",0.5761964554438364,"[[383 263]
 [294 352]]",[0. 0. 1. ... 0. 0. 0.],[1. 1. 1. ... 0. 1. 0.]
197,randomforest,"{'criterion': 'gini', 'max_features': 'sqrt', 'n_estimators': 123}",0.5520267036370675,0.04912846198008997,0.11568514248200945,0.09805476281247402,0.5578425712410047,0.049027381406237004,0.5626932364762174,0.12538699690402477,0.5626934984520123,0.5626934984520124,"{0: 0.5920142050628301, 1: 0.5920142050628301}","{0: 0.5920142050628301, 1: 0.5920142050628301}",0.5920142050628301,"[[363 283]
 [282 364]]",[0. 1. 1. ... 0. 0. 1.],[1. 1. 1. ... 0. 1. 0.]
523,randomforest,"{'criterion': 'entropy', 'max_features': 'log2', 'n_estimators': 529}",0.5520990370415291,0.0619086852280011,0.11521952477288412,0.119549958615892,0.557609762386442,0.05977497930794599,0.5602861696645774,0.1207430340557275,0.5603715170278638,0.5603715170278638,"{0: 0.592341295325365, 1: 0.592341295325365}","{0: 0.592341295325365, 1: 0.592341295325365}",0.592341295325365,"[[371 275]
 [293 353]]",[0. 0. 1. ... 0. 0. 1.],[1. 1. 1. ... 0. 1. 0.]
129,randomforest,"{'criterion': 'entropy', 'max_features': 'log2', 'n_estimators': 535}",0.552491739764442,0.069328692372141,0.11498560446017461,0.13683206404441609,0.5574928022300873,0.06841603202220804,0.5541111846078629,0.10835913312693501,0.5541795665634675,0.5541795665634675,"{0: 0.590958650039778, 1: 0.590958650039778}","{0: 0.590958650039778, 1: 0.590958650039778}",0.590958650039778,"[[366 280]
 [296 350]]",[0. 0. 1. ... 0. 0. 1.],[1. 1. 1. ... 0. 1. 0.]
110,randomforest,"{'criterion': 'gini', 'max_features': 'sqrt', 'n_estimators': 465}",0.5525278522066901,0.06602849374166224,0.11483543660606259,0.12875960232130326,0.5574177183030313,0.06437980116065165,0.563450754852624,0.12693498452012386,0.5634674922600619,0.563467492260062,"{0: 0.5877692204468556, 1: 0.5877692204468556}","{0: 0.5877692204468556, 1: 0.5877692204468556}",0.5877692204468556,"[[368 278]
 [286 360]]",[0. 0. 1. ... 0. 0. 1.],[1. 1. 1. ... 0. 1. 0.]
17,AdaBoost,"{'algorithm': 'SAMME', 'learning_rate': 0.1, 'n_estimators': 63}",0.500424166308391,0.08147292202475089,0.11482816119063308,0.11499312003367865,0.5574140805953165,0.05749656001683933,0.5241347044008879,0.14086687306501544,0.5704334365325078,0.5704334365325077,"{0: 0.5547606609859195, 1: 0.5547606609859196}","{0: 0.5547606609859195, 1: 0.5547606609859196}",0.5547606609859196,"[[570  76]
 [479 167]]",[0. 0. 0. ... 0. 0. 0.],[1. 1. 1. ... 0. 1. 0.]
284,randomforest,"{'criterion': 'gini', 'max_features': 'sqrt', 'n_estimators': 519}",0.5517847907133911,0.06489052192852997,0.11480364070966477,0.12754542211142758,0.5574018203548323,0.0637727110557138,0.5618932591405038,0.12383900928792568,0.5619195046439629,0.5619195046439629,"{0: 0.5877344745947914, 1: 0.5877344745947916}","{0: 0.5877344745947914, 1: 0.5877344745947916}",0.5877344745947916,"[[368 278]
 [288 358]]",[0. 0. 1. ... 0. 0. 1.],[1. 1. 1. ... 0. 1. 0.]
928,AdaBoost,"{'algorithm': 'SAMME.R', 'learning_rate': 0.9979591836734693, 'n_estimators': 74}",0.5524845252399793,0.0766307361577609,0.11477725638545397,0.14839188357209632,0.5573886281927269,0.07419594178604814,0.5549212979355274,0.1099071207430341,0.554953560371517,0.554953560371517,"{0: 0.5788551121931581, 1: 0.5788551121931582}","{0: 0.5788551121931581, 1: 0.5788551121931582}",0.5788551121931582,"[[364 282]
 [293 353]]",[0. 1. 1. ... 0. 0. 0.],[1. 1. 1. ... 0. 1. 0.]
851,randomforest,"{'criterion': 'gini', 'max_features': 'log2', 'n_estimators': 115}",0.552901821489271,0.06591583843828383,0.11476233683159245,0.1308222268082224,0.5573811684157962,0.0654111134041112,0.5618817101226994,0.12383900928792568,0.5619195046439629,0.5619195046439629,"{0: 0.5824363312214245, 1: 0.5824363312214246}","{0: 0.5824363312214245, 1: 0.5824363312214246}",0.5824363312214246,"[[369 277]
 [289 357]]",[0. 1. 1. ... 0. 0. 1.],[1. 1. 1. ... 0. 1. 0.]
248,randomforest,"{'criterion': 'entropy', 'max_features': None, 'n_estimators': 57}",0.5524473669741741,0.0616939371937204,0.1140442541779102,0.12314880663596448,0.5570221270889552,0.061574403317982224,0.5595381533924612,0.11919504643962853,0.5595975232198143,0.5595975232198143,"{0: 0.5798495624418906, 1: 0.5798495624418907}","{0: 0.5798495624418906, 1: 0.5798495624418907}",0.5798495624418907,"[[369 277]
 [292 354]]",[0. 0. 1. ... 0. 1. 1.],[1. 1. 1. ... 0. 1. 0.]
92,randomforest,"{'criterion': 'gini', 'max_features': 'sqrt', 'n_estimators': 351}",0.5506411612009294,0.0658429488955411,0.112938227033174,0.129920479293271,0.5564691135165869,0.06496023964663551,0.5633628624022089,0.12693498452012386,0.5634674922600619,0.563467492260062,"{0: 0.5885420161220754, 1: 0.5885420161220754}","{0: 0.5885420161220754, 1: 0.5885420161220754}",0.5885420161220754,"[[374 272]
 [292 354]]",[0. 0. 1. ... 0. 0. 1.],[1. 1. 1. ... 0. 1. 0.]
42,randomforest,"{'criterion': 'entropy', 'max_features': None, 'n_estimators': 305}",0.5504865793330967,0.059341057554250655,0.1128807409426338,0.11619464161687874,0.5564403704713169,0.05809732080843937,0.5625548694070658,0.12538699690402477,0.5626934984520123,0.5626934984520124,"{0: 0.582777799077917, 1: 0.5827777990779169}","{0: 0.582777799077917, 1: 0.5827777990779169}",0.5827777990779169,"[[375 271]
 [294 352]]",[0. 0. 1. ... 0. 0. 1.],[1. 1. 1. ... 0. 1. 0.]
167,randomforest,"{'criterion': 'entropy', 'max_features': 'log2', 'n_estimators': 25}",0.5524839939870927,0.07654553078158655,0.11287379683928289,0.14619615983699935,0.5564368984196415,0.07309807991849969,0.5564949057624462,0.11300309597523217,0.5565015479876161,0.5565015479876161,"{0: 0.5822661963595932, 1: 0.5822661963595932}","{0: 0.5822661963595932, 1: 0.5822661963595932}",0.5822661963595932,"[[362 284]
 [289 357]]",[0. 0. 1. ... 0. 0. 0.],[1. 1. 1. ... 0. 1. 0.]
498,randomforest,"{'criterion': 'entropy', 'max_features': None, 'n_estimators': 105}",0.5524983313967866,0.06851119092246584,0.11285608091372946,0.13439850515325122,0.5564280404568647,0.0671992525766256,0.5610863496898515,0.1222910216718266,0.5611455108359134,0.5611455108359134,"{0: 0.5822781776878909, 1: 0.5822781776878913}","{0: 0.5822781776878909, 1: 0.5822781776878913}",0.5822781776878913,"[[370 276]
 [291 355]]",[0. 0. 1. ... 0. 0. 1.],[1. 1. 1. ... 0. 1. 0.]
783,AdaBoost,"{'algorithm': 'SAMME.R', 'learning_rate': 2.059183673469388, 'n_estimators': 63}",0.5212434481406863,0.09182523622342442,0.11258109398846514,0.13849662809253557,0.5562905469942325,0.06924831404626779,0.548132399008643,0.13931888544891646,0.5696594427244582,0.5696594427244582,"{0: 0.5519977666804052, 1: 0.5519977666804052}","{0: 0.5519977666804052, 1: 0.5519977666804052}",0.5519977666804052,"[[509 137]
 [419 227]]",[0. 0. 0. ... 1. 0. 0.],[1. 1. 1. ... 0. 1. 0.]
72,randomforest,"{'criterion': 'entropy', 'max_features': 'log2', 'n_estimators': 111}",0.5518970249010525,0.06195883244137207,0.11253039920236292,0.12303008595611555,0.5562651996011815,0.061515042978057766,0.5572744809077077,0.11455108359133126,0.5572755417956656,0.5572755417956656,"{0: 0.584082565729567, 1: 0.584082565729567}","{0: 0.584082565729567, 1: 0.584082565729567}",0.584082565729567,"[[361 285]
 [287 359]]",[0. 1. 1. ... 0. 0. 1.],[1. 1. 1. ... 0. 1. 0.]
830,knn,{'n_neighbors': 9},0.5521944618688069,0.1219468090207727,0.1122162039884347,0.23981968027176503,0.5561081019942173,0.11990984013588252,0.5529103432558781,0.10681114551083593,0.5534055727554179,0.5534055727554179,"{0: 0.5748377728148454, 1: 0.5748377728148453}","{0: 0.5748377728148454, 1: 0.5748377728148453}",0.5748377728148453,"[[379 267]
 [310 336]]",[0. 0. 0. ... 1. 0. 1.],[1. 1. 1. ... 0. 1. 0.]
420,knn,{'n_neighbors': 9},0.5521944618688069,0.1219468090207727,0.1122162039884347,0.23981968027176503,0.5561081019942173,0.11990984013588252,0.5529103432558781,0.10681114551083593,0.5534055727554179,0.5534055727554179,"{0: 0.5748377728148454, 1: 0.5748377728148453}","{0: 0.5748377728148454, 1: 0.5748377728148453}",0.5748377728148453,"[[379 267]
 [310 336]]",[0. 0. 0. ... 1. 0. 1.],[1. 1. 1. ... 0. 1. 0.]
936,knn,{'n_neighbors': 9},0.5521944618688069,0.1219468090207727,0.1122162039884347,0.23981968027176503,0.5561081019942173,0.11990984013588252,0.5529103432558781,0.10681114551083593,0.5534055727554179,0.5534055727554179,"{0: 0.5748377728148454, 1: 0.5748377728148453}","{0: 0.5748377728148454, 1: 0.5748377728148453}",0.5748377728148453,"[[379 267]
 [310 336]]",[0. 0. 0. ... 1. 0. 1.],[1. 1. 1. ... 0. 1. 0.]
586,knn,{'n_neighbors': 9},0.5521944618688069,0.1219468090207727,0.1122162039884347,0.23981968027176503,0.5561081019942173,0.11990984013588252,0.5529103432558781,0.10681114551083593,0.5534055727554179,0.5534055727554179,"{0: 0.5748377728148454, 1: 0.5748377728148453}","{0: 0.5748377728148454, 1: 0.5748377728148453}",0.5748377728148453,"[[379 267]
 [310 336]]",[0. 0. 0. ... 1. 0. 1.],[1. 1. 1. ... 0. 1. 0.]
677,knn,{'n_neighbors': 9},0.5521944618688069,0.1219468090207727,0.1122162039884347,0.23981968027176503,0.5561081019942173,0.11990984013588252,0.5529103432558781,0.10681114551083593,0.5534055727554179,0.5534055727554179,"{0: 0.5748377728148454, 1: 0.5748377728148453}","{0: 0.5748377728148454, 1: 0.5748377728148453}",0.5748377728148453,"[[379 267]
 [310 336]]",[0. 0. 0. ... 1. 0. 1.],[1. 1. 1. ... 0. 1. 0.]
627,knn,{'n_neighbors': 9},0.5521944618688069,0.1219468090207727,0.1122162039884347,0.23981968027176503,0.5561081019942173,0.11990984013588252,0.5529103432558781,0.10681114551083593,0.5534055727554179,0.5534055727554179,"{0: 0.5748377728148454, 1: 0.5748377728148453}","{0: 0.5748377728148454, 1: 0.5748377728148453}",0.5748377728148453,"[[379 267]
 [310 336]]",[0. 0. 0. ... 1. 0. 1.],[1. 1. 1. ... 0. 1. 0.]
254,knn,{'n_neighbors': 9},0.5521944618688069,0.1219468090207727,0.1122162039884347,0.23981968027176503,0.5561081019942173,0.11990984013588252,0.5529103432558781,0.10681114551083593,0.5534055727554179,0.5534055727554179,"{0: 0.5748377728148454, 1: 0.5748377728148453}","{0: 0.5748377728148454, 1: 0.5748377728148453}",0.5748377728148453,"[[379 267]
 [310 336]]",[0. 0. 0. ... 1. 0. 1.],[1. 1. 1. ... 0. 1. 0.]
362,knn,{'n_neighbors': 9},0.5521944618688069,0.1219468090207727,0.1122162039884347,0.23981968027176503,0.5561081019942173,0.11990984013588252,0.5529103432558781,0.10681114551083593,0.5534055727554179,0.5534055727554179,"{0: 0.5748377728148454, 1: 0.5748377728148453}","{0: 0.5748377728148454, 1: 0.5748377728148453}",0.5748377728148453,"[[379 267]
 [310 336]]",[0. 0. 0. ... 1. 0. 1.],[1. 1. 1. ... 0. 1. 0.]
70,knn,{'n_neighbors': 9},0.5521944618688069,0.1219468090207727,0.1122162039884347,0.23981968027176503,0.5561081019942173,0.11990984013588252,0.5529103432558781,0.10681114551083593,0.5534055727554179,0.5534055727554179,"{0: 0.5748377728148454, 1: 0.5748377728148453}","{0: 0.5748377728148454, 1: 0.5748377728148453}",0.5748377728148453,"[[379 267]
 [310 336]]",[0. 0. 0. ... 1. 0. 1.],[1. 1. 1. ... 0. 1. 0.]
884,knn,{'n_neighbors': 9},0.5521944618688069,0.1219468090207727,0.1122162039884347,0.23981968027176503,0.5561081019942173,0.11990984013588252,0.5529103432558781,0.10681114551083593,0.5534055727554179,0.5534055727554179,"{0: 0.5748377728148454, 1: 0.5748377728148453}","{0: 0.5748377728148454, 1: 0.5748377728148453}",0.5748377728148453,"[[379 267]
 [310 336]]",[0. 0. 0. ... 1. 0. 1.],[1. 1. 1. ... 0. 1. 0.]
732,knn,{'n_neighbors': 9},0.5521944618688069,0.1219468090207727,0.1122162039884347,0.23981968027176503,0.5561081019942173,0.11990984013588252,0.5529103432558781,0.10681114551083593,0.5534055727554179,0.5534055727554179,"{0: 0.5748377728148454, 1: 0.5748377728148453}","{0: 0.5748377728148454, 1: 0.5748377728148453}",0.5748377728148453,"[[379 267]
 [310 336]]",[0. 0. 0. ... 1. 0. 1.],[1. 1. 1. ... 0. 1. 0.]
199,knn,{'n_neighbors': 9},0.5521944618688069,0.1219468090207727,0.1122162039884347,0.23981968027176503,0.5561081019942173,0.11990984013588252,0.5529103432558781,0.10681114551083593,0.5534055727554179,0.5534055727554179,"{0: 0.5748377728148454, 1: 0.5748377728148453}","{0: 0.5748377728148454, 1: 0.5748377728148453}",0.5748377728148453,"[[379 267]
 [310 336]]",[0. 0. 0. ... 1. 0. 1.],[1. 1. 1. ... 0. 1. 0.]
464,knn,{'n_neighbors': 9},0.5521944618688069,0.1219468090207727,0.1122162039884347,0.23981968027176503,0.5561081019942173,0.11990984013588252,0.5529103432558781,0.10681114551083593,0.5534055727554179,0.5534055727554179,"{0: 0.5748377728148454, 1: 0.5748377728148453}","{0: 0.5748377728148454, 1: 0.5748377728148453}",0.5748377728148453,"[[379 267]
 [310 336]]",[0. 0. 0. ... 1. 0. 1.],[1. 1. 1. ... 0. 1. 0.]
309,knn,{'n_neighbors': 9},0.5521944618688069,0.1219468090207727,0.1122162039884347,0.23981968027176503,0.5561081019942173,0.11990984013588252,0.5529103432558781,0.10681114551083593,0.5534055727554179,0.5534055727554179,"{0: 0.5748377728148454, 1: 0.5748377728148453}","{0: 0.5748377728148454, 1: 0.5748377728148453}",0.5748377728148453,"[[379 267]
 [310 336]]",[0. 0. 0. ... 1. 0. 1.],[1. 1. 1. ... 0. 1. 0.]
521,knn,{'n_neighbors': 9},0.5521944618688069,0.1219468090207727,0.1122162039884347,0.23981968027176503,0.5561081019942173,0.11990984013588252,0.5529103432558781,0.10681114551083593,0.5534055727554179,0.5534055727554179,"{0: 0.5748377728148454, 1: 0.5748377728148453}","{0: 0.5748377728148454, 1: 0.5748377728148453}",0.5748377728148453,"[[379 267]
 [310 336]]",[0. 0. 0. ... 1. 0. 1.],[1. 1. 1. ... 0. 1. 0.]
143,knn,{'n_neighbors': 9},0.5521944618688069,0.1219468090207727,0.1122162039884347,0.23981968027176503,0.5561081019942173,0.11990984013588252,0.5529103432558781,0.10681114551083593,0.5534055727554179,0.5534055727554179,"{0: 0.5748377728148454, 1: 0.5748377728148453}","{0: 0.5748377728148454, 1: 0.5748377728148453}",0.5748377728148453,"[[379 267]
 [310 336]]",[0. 0. 0. ... 1. 0. 1.],[1. 1. 1. ... 0. 1. 0.]
784,knn,{'n_neighbors': 9},0.5521944618688069,0.1219468090207727,0.1122162039884347,0.23981968027176503,0.5561081019942173,0.11990984013588252,0.5529103432558781,0.10681114551083593,0.5534055727554179,0.5534055727554179,"{0: 0.5748377728148454, 1: 0.5748377728148453}","{0: 0.5748377728148454, 1: 0.5748377728148453}",0.5748377728148453,"[[379 267]
 [310 336]]",[0. 0. 0. ... 1. 0. 1.],[1. 1. 1. ... 0. 1. 0.]
439,randomforest,"{'criterion': 'gini', 'max_features': 'sqrt', 'n_estimators': 299}",0.5507573384119562,0.0651393759045233,0.1119255190201827,0.13047514662218854,0.5559627595100913,0.06523757331109427,0.561868060498434,0.12383900928792568,0.5619195046439629,0.5619195046439629,"{0: 0.5918764197874034, 1: 0.5918764197874035}","{0: 0.5918764197874034, 1: 0.5918764197874035}",0.5918764197874035,"[[370 276]
 [290 356]]",[0. 0. 1. ... 0. 0. 1.],[1. 1. 1. ... 0. 1. 0.]
211,AdaBoost,"{'algorithm': 'SAMME.R', 'learning_rate': 0.9979591836734693, 'n_estimators': 63}",0.5514853953706182,0.08751933237970423,0.11186726223552128,0.1698158772420753,0.5559336311177606,0.08490793862103765,0.5523215523215523,0.10526315789473684,0.5526315789473685,0.5526315789473684,"{0: 0.5801790489700851, 1: 0.5801790489700851}","{0: 0.5801790489700851, 1: 0.5801790489700851}",0.5801790489700851,"[[374 272]
 [306 340]]",[0. 1. 1. ... 0. 0. 0.],[1. 1. 1. ... 0. 1. 0.]
752,randomforest,"{'criterion': 'entropy', 'max_features': None, 'n_estimators': 357}",0.5505951658744312,0.06391946377621634,0.11144826939393643,0.12650868938361287,0.5557241346969682,0.06325434469180644,0.5642203401304711,0.12848297213622295,0.5642414860681114,0.5642414860681115,"{0: 0.5858689817787959, 1: 0.585868981778796}","{0: 0.5858689817787959, 1: 0.585868981778796}",0.585868981778796,"[[369 277]
 [286 360]]",[0. 0. 1. ... 0. 0. 1.],[1. 1. 1. ... 0. 1. 0.]
100,randomforest,"{'criterion': 'entropy', 'max_features': None, 'n_estimators': 303}",0.5503309227406556,0.05638876762503959,0.11067575326343757,0.11055853416341169,0.5553378766317187,0.05527926708170585,0.5594579127303017,0.11919504643962853,0.5595975232198143,0.5595975232198143,"{0: 0.5831360407940266, 1: 0.5831360407940265}","{0: 0.5831360407940266, 1: 0.5831360407940265}",0.5831360407940265,"[[373 273]
 [296 350]]",[0. 0. 1. ... 0. 0. 1.],[1. 1. 1. ... 0. 1. 0.]
343,AdaBoost,"{'algorithm': 'SAMME.R', 'learning_rate': 1.5693877551020408, 'n_estimators': 85}",0.552082551634426,0.078554775220792,0.1106245622347794,0.15528188282410885,0.5553122811173897,0.07764094141205442,0.5595212630506747,0.11919504643962853,0.5595975232198143,0.5595975232198143,"{0: 0.5790683798368622, 1: 0.5790683798368623}","{0: 0.5790683798368622, 1: 0.5790683798368623}",0.5790683798368623,"[[353 293]
 [276 370]]",[0. 1. 1. ... 0. 0. 1.],[1. 1. 1. ... 0. 1. 0.]
218,randomforest,"{'criterion': 'gini', 'max_features': None, 'n_estimators': 131}",0.5504768454762755,0.06853187813860126,0.10998326505323729,0.13514525085650597,0.5549916325266185,0.06757262542825297,0.5633628624022089,0.12693498452012386,0.5634674922600619,0.563467492260062,"{0: 0.5884629393553086, 1: 0.5884629393553087}","{0: 0.5884629393553086, 1: 0.5884629393553087}",0.5884629393553087,"[[374 272]
 [292 354]]",[0. 0. 1. ... 0. 0. 1.],[1. 1. 1. ... 0. 1. 0.]
186,randomforest,"{'criterion': 'entropy', 'max_features': 'log2', 'n_estimators': 29}",0.5506457497065504,0.05739671227730811,0.10992160314154685,0.11580233170193845,0.5549608015707733,0.05790116585096924,0.5564885290390992,0.11300309597523217,0.5565015479876161,0.5565015479876161,"{0: 0.5727685974177841, 1: 0.5727685974177841}","{0: 0.5727685974177841, 1: 0.5727685974177841}",0.5727685974177841,"[[356 290]
 [283 363]]",[0. 0. 1. ... 0. 0. 1.],[1. 1. 1. ... 0. 1. 0.]
3,randomforest,"{'criterion': 'entropy', 'max_features': 'sqrt', 'n_estimators': 429}",0.5485359854131003,0.059930957895930795,0.10963261733040856,0.11495420893133199,0.5548163086652043,0.057477104465665986,0.5555475647673362,0.11145510835913308,0.5557275541795665,0.5557275541795665,"{0: 0.5851740647375131, 1: 0.585174064737513}","{0: 0.5851740647375131, 1: 0.585174064737513}",0.585174064737513,"[[372 274]
 [300 346]]",[0. 0. 1. ... 0. 0. 1.],[1. 1. 1. ... 0. 1. 0.]
160,AdaBoost,"{'algorithm': 'SAMME.R', 'learning_rate': 1.079591836734694, 'n_estimators': 52}",0.5513973135940284,0.07520435805952508,0.10951051900987173,0.1507421689982601,0.5547552595049359,0.07537108449913005,0.5460872151024481,0.09287925696594423,0.5464396284829721,0.5464396284829721,"{0: 0.5812669535795417, 1: 0.5812669535795416}","{0: 0.5812669535795417, 1: 0.5812669535795416}",0.5812669535795416,"[[371 275]
 [311 335]]",[0. 1. 1. ... 0. 0. 0.],[1. 1. 1. ... 0. 1. 0.]
510,randomforest,"{'criterion': 'gini', 'max_features': 'sqrt', 'n_estimators': 539}",0.5489093457932228,0.06187643207568529,0.10904872534602063,0.12014699135332471,0.5545243626730103,0.06007349567666235,0.5587717217033699,0.11764705882352944,0.5588235294117647,0.5588235294117647,"{0: 0.5858893500369025, 1: 0.5858893500369025}","{0: 0.5858893500369025, 1: 0.5858893500369025}",0.5858893500369025,"[[368 278]
 [292 354]]",[0. 0. 1. ... 0. 0. 1.],[1. 1. 1. ... 0. 1. 0.]
686,randomforest,"{'criterion': 'gini', 'max_features': 'sqrt', 'n_estimators': 443}",0.5497314244255302,0.059550416390182874,0.10866162268594273,0.11794537807639002,0.5543308113429714,0.05897268903819501,0.5619100566249787,0.12383900928792568,0.5619195046439629,0.5619195046439629,"{0: 0.5871174361874455, 1: 0.5871174361874455}","{0: 0.5871174361874455, 1: 0.5871174361874455}",0.5871174361874455,"[[366 280]
 [286 360]]",[0. 0. 1. ... 0. 0. 1.],[1. 1. 1. ... 0. 1. 0.]
923,randomforest,"{'criterion': 'entropy', 'max_features': 'sqrt', 'n_estimators': 577}",0.5478257832208836,0.06256672312457005,0.10778588843352183,0.12475059115465678,0.5538929442167609,0.06237529557732839,0.5580047870253041,0.11609907120743035,0.5580495356037152,0.5580495356037152,"{0: 0.5883814663228825, 1: 0.5883814663228824}","{0: 0.5883814663228825, 1: 0.5883814663228824}",0.5883814663228824,"[[367 279]
 [292 354]]",[0. 0. 1. ... 0. 0. 1.],[1. 1. 1. ... 0. 1. 0.]
714,randomforest,"{'criterion': 'gini', 'max_features': None, 'n_estimators': 511}",0.5489165148551933,0.05784797729462023,0.10699311000148068,0.11408426942795974,0.5534965550007402,0.05704213471397986,0.5610505823286315,0.1222910216718266,0.5611455108359134,0.5611455108359134,"{0: 0.58080207804158, 1: 0.5808020780415799}","{0: 0.58080207804158, 1: 0.5808020780415799}",0.5808020780415799,"[[372 274]
 [293 353]]",[0. 0. 1. ... 0. 0. 1.],[1. 1. 1. ... 0. 1. 0.]
51,randomforest,"{'criterion': 'entropy', 'max_features': 'sqrt', 'n_estimators': 349}",0.5477300933244647,0.06248842908290155,0.10648653420565662,0.1217902216402788,0.5532432671028282,0.0608951108201394,0.5640782697755476,0.12848297213622295,0.5642414860681114,0.5642414860681114,"{0: 0.5944044800582773, 1: 0.5944044800582772}","{0: 0.5944044800582773, 1: 0.5944044800582772}",0.5944044800582772,"[[377 269]
 [294 352]]",[0. 0. 1. ... 0. 0. 1.],[1. 1. 1. ... 0. 1. 0.]
162,knn,{'n_neighbors': 11},0.5471931336972622,0.11698436293768052,0.10598576241891675,0.2254611309698079,0.5529928812094584,0.11273056548490396,0.5443140021161889,0.08978328173374617,0.544891640866873,0.5448916408668731,"{0: 0.5716615226830508, 1: 0.5716615226830507}","{0: 0.5716615226830508, 1: 0.5716615226830507}",0.5716615226830507,"[[375 271]
 [317 329]]",[0. 0. 1. ... 1. 0. 1.],[1. 1. 1. ... 0. 1. 0.]
38,knn,{'n_neighbors': 11},0.5471931336972622,0.11698436293768052,0.10598576241891675,0.2254611309698079,0.5529928812094584,0.11273056548490396,0.5443140021161889,0.08978328173374617,0.544891640866873,0.5448916408668731,"{0: 0.5716615226830508, 1: 0.5716615226830507}","{0: 0.5716615226830508, 1: 0.5716615226830507}",0.5716615226830507,"[[375 271]
 [317 329]]",[0. 0. 1. ... 1. 0. 1.],[1. 1. 1. ... 0. 1. 0.]
907,knn,{'n_neighbors': 11},0.5471931336972622,0.11698436293768052,0.10598576241891675,0.2254611309698079,0.5529928812094584,0.11273056548490396,0.5443140021161889,0.08978328173374617,0.544891640866873,0.5448916408668731,"{0: 0.5716615226830508, 1: 0.5716615226830507}","{0: 0.5716615226830508, 1: 0.5716615226830507}",0.5716615226830507,"[[375 271]
 [317 329]]",[0. 0. 1. ... 1. 0. 1.],[1. 1. 1. ... 0. 1. 0.]
228,knn,{'n_neighbors': 11},0.5471931336972622,0.11698436293768052,0.10598576241891675,0.2254611309698079,0.5529928812094584,0.11273056548490396,0.5443140021161889,0.08978328173374617,0.544891640866873,0.5448916408668731,"{0: 0.5716615226830508, 1: 0.5716615226830507}","{0: 0.5716615226830508, 1: 0.5716615226830507}",0.5716615226830507,"[[375 271]
 [317 329]]",[0. 0. 1. ... 1. 0. 1.],[1. 1. 1. ... 0. 1. 0.]
111,knn,{'n_neighbors': 11},0.5471931336972622,0.11698436293768052,0.10598576241891675,0.2254611309698079,0.5529928812094584,0.11273056548490396,0.5443140021161889,0.08978328173374617,0.544891640866873,0.5448916408668731,"{0: 0.5716615226830508, 1: 0.5716615226830507}","{0: 0.5716615226830508, 1: 0.5716615226830507}",0.5716615226830507,"[[375 271]
 [317 329]]",[0. 0. 1. ... 1. 0. 1.],[1. 1. 1. ... 0. 1. 0.]
854,knn,{'n_neighbors': 11},0.5471931336972622,0.11698436293768052,0.10598576241891675,0.2254611309698079,0.5529928812094584,0.11273056548490396,0.5443140021161889,0.08978328173374617,0.544891640866873,0.5448916408668731,"{0: 0.5716615226830508, 1: 0.5716615226830507}","{0: 0.5716615226830508, 1: 0.5716615226830507}",0.5716615226830507,"[[375 271]
 [317 329]]",[0. 0. 1. ... 1. 0. 1.],[1. 1. 1. ... 0. 1. 0.]
279,knn,{'n_neighbors': 11},0.5471931336972622,0.11698436293768052,0.10598576241891675,0.2254611309698079,0.5529928812094584,0.11273056548490396,0.5443140021161889,0.08978328173374617,0.544891640866873,0.5448916408668731,"{0: 0.5716615226830508, 1: 0.5716615226830507}","{0: 0.5716615226830508, 1: 0.5716615226830507}",0.5716615226830507,"[[375 271]
 [317 329]]",[0. 0. 1. ... 1. 0. 1.],[1. 1. 1. ... 0. 1. 0.]
694,knn,{'n_neighbors': 11},0.5471931336972622,0.11698436293768052,0.10598576241891675,0.2254611309698079,0.5529928812094584,0.11273056548490396,0.5443140021161889,0.08978328173374617,0.544891640866873,0.5448916408668731,"{0: 0.5716615226830508, 1: 0.5716615226830507}","{0: 0.5716615226830508, 1: 0.5716615226830507}",0.5716615226830507,"[[375 271]
 [317 329]]",[0. 0. 1. ... 1. 0. 1.],[1. 1. 1. ... 0. 1. 0.]
754,knn,{'n_neighbors': 11},0.5471931336972622,0.11698436293768052,0.10598576241891675,0.2254611309698079,0.5529928812094584,0.11273056548490396,0.5443140021161889,0.08978328173374617,0.544891640866873,0.5448916408668731,"{0: 0.5716615226830508, 1: 0.5716615226830507}","{0: 0.5716615226830508, 1: 0.5716615226830507}",0.5716615226830507,"[[375 271]
 [317 329]]",[0. 0. 1. ... 1. 0. 1.],[1. 1. 1. ... 0. 1. 0.]
598,knn,{'n_neighbors': 11},0.5471931336972622,0.11698436293768052,0.10598576241891675,0.2254611309698079,0.5529928812094584,0.11273056548490396,0.5443140021161889,0.08978328173374617,0.544891640866873,0.5448916408668731,"{0: 0.5716615226830508, 1: 0.5716615226830507}","{0: 0.5716615226830508, 1: 0.5716615226830507}",0.5716615226830507,"[[375 271]
 [317 329]]",[0. 0. 1. ... 1. 0. 1.],[1. 1. 1. ... 0. 1. 0.]
806,knn,{'n_neighbors': 11},0.5471931336972622,0.11698436293768052,0.10598576241891675,0.2254611309698079,0.5529928812094584,0.11273056548490396,0.5443140021161889,0.08978328173374617,0.544891640866873,0.5448916408668731,"{0: 0.5716615226830508, 1: 0.5716615226830507}","{0: 0.5716615226830508, 1: 0.5716615226830507}",0.5716615226830507,"[[375 271]
 [317 329]]",[0. 0. 1. ... 1. 0. 1.],[1. 1. 1. ... 0. 1. 0.]
650,knn,{'n_neighbors': 11},0.5471931336972622,0.11698436293768052,0.10598576241891675,0.2254611309698079,0.5529928812094584,0.11273056548490396,0.5443140021161889,0.08978328173374617,0.544891640866873,0.5448916408668731,"{0: 0.5716615226830508, 1: 0.5716615226830507}","{0: 0.5716615226830508, 1: 0.5716615226830507}",0.5716615226830507,"[[375 271]
 [317 329]]",[0. 0. 1. ... 1. 0. 1.],[1. 1. 1. ... 0. 1. 0.]
443,knn,{'n_neighbors': 11},0.5471931336972622,0.11698436293768052,0.10598576241891675,0.2254611309698079,0.5529928812094584,0.11273056548490396,0.5443140021161889,0.08978328173374617,0.544891640866873,0.5448916408668731,"{0: 0.5716615226830508, 1: 0.5716615226830507}","{0: 0.5716615226830508, 1: 0.5716615226830507}",0.5716615226830507,"[[375 271]
 [317 329]]",[0. 0. 1. ... 1. 0. 1.],[1. 1. 1. ... 0. 1. 0.]
499,knn,{'n_neighbors': 11},0.5471931336972622,0.11698436293768052,0.10598576241891675,0.2254611309698079,0.5529928812094584,0.11273056548490396,0.5443140021161889,0.08978328173374617,0.544891640866873,0.5448916408668731,"{0: 0.5716615226830508, 1: 0.5716615226830507}","{0: 0.5716615226830508, 1: 0.5716615226830507}",0.5716615226830507,"[[375 271]
 [317 329]]",[0. 0. 1. ... 1. 0. 1.],[1. 1. 1. ... 0. 1. 0.]
392,knn,{'n_neighbors': 11},0.5471931336972622,0.11698436293768052,0.10598576241891675,0.2254611309698079,0.5529928812094584,0.11273056548490396,0.5443140021161889,0.08978328173374617,0.544891640866873,0.5448916408668731,"{0: 0.5716615226830508, 1: 0.5716615226830507}","{0: 0.5716615226830508, 1: 0.5716615226830507}",0.5716615226830507,"[[375 271]
 [317 329]]",[0. 0. 1. ... 1. 0. 1.],[1. 1. 1. ... 0. 1. 0.]
340,knn,{'n_neighbors': 11},0.5471931336972622,0.11698436293768052,0.10598576241891675,0.2254611309698079,0.5529928812094584,0.11273056548490396,0.5443140021161889,0.08978328173374617,0.544891640866873,0.5448916408668731,"{0: 0.5716615226830508, 1: 0.5716615226830507}","{0: 0.5716615226830508, 1: 0.5716615226830507}",0.5716615226830507,"[[375 271]
 [317 329]]",[0. 0. 1. ... 1. 0. 1.],[1. 1. 1. ... 0. 1. 0.]
544,knn,{'n_neighbors': 11},0.5471931336972622,0.11698436293768052,0.10598576241891675,0.2254611309698079,0.5529928812094584,0.11273056548490396,0.5443140021161889,0.08978328173374617,0.544891640866873,0.5448916408668731,"{0: 0.5716615226830508, 1: 0.5716615226830507}","{0: 0.5716615226830508, 1: 0.5716615226830507}",0.5716615226830507,"[[375 271]
 [317 329]]",[0. 0. 1. ... 1. 0. 1.],[1. 1. 1. ... 0. 1. 0.]
965,AdaBoost,"{'algorithm': 'SAMME', 'learning_rate': 1.7326530612244897, 'n_estimators': 96}",0.5473482534614498,0.07048309652726523,0.1053918196779626,0.14280013980988274,0.5526959098389813,0.07140006990494138,0.5417682145073822,0.08359133126934981,0.541795665634675,0.541795665634675,"{0: 0.5674009623402889, 1: 0.5674009623402888}","{0: 0.5674009623402889, 1: 0.5674009623402888}",0.5674009623402888,"[[345 301]
 [291 355]]",[1. 0. 1. ... 0. 0. 0.],[1. 1. 1. ... 0. 1. 0.]
764,randomforest,"{'criterion': 'gini', 'max_features': 'sqrt', 'n_estimators': 403}",0.546401165033567,0.057421292713867915,0.10516622033700411,0.1118505833637721,0.552583110168502,0.05592529168188606,0.5564566426716275,0.11300309597523217,0.5565015479876161,0.5565015479876161,"{0: 0.5879010150581334, 1: 0.5879010150581334}","{0: 0.5879010150581334, 1: 0.5879010150581334}",0.5879010150581334,"[[366 280]
 [293 353]]",[0. 0. 1. ... 0. 0. 1.],[1. 1. 1. ... 0. 1. 0.]
328,randomforest,"{'criterion': 'gini', 'max_features': 'log2', 'n_estimators': 221}",0.5453196858280196,0.07887183806773622,0.10495063590715642,0.14969682125048678,0.5524753179535782,0.07484841062524336,0.563450754852624,0.12693498452012386,0.5634674922600619,0.563467492260062,"{0: 0.5888271717355672, 1: 0.5888271717355672}","{0: 0.5888271717355672, 1: 0.5888271717355672}",0.5888271717355672,"[[368 278]
 [286 360]]",[0. 0. 1. ... 0. 0. 1.],[1. 1. 1. ... 0. 1. 0.]
607,randomforest,"{'criterion': 'gini', 'max_features': 'sqrt', 'n_estimators': 595}",0.5473187473061292,0.06639919624983456,0.10409265162395108,0.13217529645127035,0.5520463258119755,0.06608764822563516,0.5619100566249787,0.12383900928792568,0.5619195046439629,0.5619195046439629,"{0: 0.5884437692300319, 1: 0.5884437692300319}","{0: 0.5884437692300319, 1: 0.5884437692300319}",0.5884437692300319,"[[366 280]
 [286 360]]",[0. 0. 1. ... 0. 0. 1.],[1. 1. 1. ... 0. 1. 0.]
485,randomforest,"{'criterion': 'gini', 'max_features': 'log2', 'n_estimators': 63}",0.5458338098819409,0.05628623309441178,0.1033641581957286,0.11386591017232635,0.5516820790978643,0.05693295508616318,0.557724969260311,0.11609907120743035,0.5580495356037152,0.5580495356037152,"{0: 0.5888103978759501, 1: 0.5888103978759502}","{0: 0.5888103978759501, 1: 0.5888103978759502}",0.5888103978759502,"[[378 268]
 [303 343]]",[0. 0. 1. ... 0. 1. 1.],[1. 1. 1. ... 0. 1. 0.]
138,randomforest,"{'criterion': 'gini', 'max_features': None, 'n_estimators': 417}",0.5463430839851248,0.058104453999969524,0.10300139056525442,0.1132016805800388,0.5515006952826272,0.0566008402900194,0.5603040848216425,0.1207430340557275,0.5603715170278638,0.5603715170278638,"{0: 0.5782105167307268, 1: 0.5782105167307269}","{0: 0.5782105167307268, 1: 0.5782105167307269}",0.5782105167307269,"[[370 276]
 [292 354]]",[0. 0. 1. ... 0. 0. 1.],[1. 1. 1. ... 0. 1. 0.]
14,randomforest,"{'criterion': 'gini', 'max_features': 'log2', 'n_estimators': 381}",0.5464037172145809,0.06914106703823907,0.10264719667824572,0.1347786071378075,0.5513235983391228,0.06738930356890373,0.5580365620965544,0.11609907120743035,0.5580495356037152,0.5580495356037152,"{0: 0.5851093655647039, 1: 0.585109365564704}","{0: 0.5851093655647039, 1: 0.585109365564704}",0.585109365564704,"[[364 282]
 [289 357]]",[0. 0. 1. ... 0. 0. 1.],[1. 1. 1. ... 0. 1. 0.]
622,randomforest,"{'criterion': 'entropy', 'max_features': 'log2', 'n_estimators': 541}",0.5462424416847305,0.05759017478731153,0.10244416879256402,0.115359793310558,0.5512220843962821,0.057679896655279,0.5564056149458656,0.11300309597523217,0.5565015479876161,0.5565015479876161,"{0: 0.5892980379376779, 1: 0.5892980379376779}","{0: 0.5892980379376779, 1: 0.5892980379376779}",0.5892980379376779,"[[369 277]
 [296 350]]",[0. 0. 1. ... 0. 0. 1.],[1. 1. 1. ... 0. 1. 0.]
571,randomforest,"{'criterion': 'entropy', 'max_features': None, 'n_estimators': 461}",0.5467103216876491,0.057398827976858274,0.10224494689091891,0.11382657376631147,0.5511224734454594,0.056913286883155736,0.5562460776010113,0.11300309597523217,0.5565015479876161,0.5565015479876161,"{0: 0.5804450344583002, 1: 0.5804450344583002}","{0: 0.5804450344583002, 1: 0.5804450344583002}",0.5804450344583002,"[[375 271]
 [302 344]]",[0. 0. 1. ... 0. 0. 1.],[1. 1. 1. ... 0. 1. 0.]
11,randomforest,"{'criterion': 'gini', 'max_features': 'log2', 'n_estimators': 127}",0.5435112865736113,0.08207188308451692,0.10207940526804739,0.15539064721870754,0.5510397026340237,0.07769532360935377,0.5657684028653539,0.13157894736842102,0.5657894736842105,0.5657894736842105,"{0: 0.5861816944473732, 1: 0.5861816944473732}","{0: 0.5861816944473732, 1: 0.5861816944473732}",0.5861816944473732,"[[361 285]
 [276 370]]",[0. 1. 1. ... 0. 0. 1.],[1. 1. 1. ... 0. 1. 0.]
935,randomforest,"{'criterion': 'gini', 'max_features': 'log2', 'n_estimators': 85}",0.5445365466549104,0.06778942958439291,0.10190549623599963,0.1351911878650682,0.5509527481179998,0.0675955939325341,0.5533453682029,0.10681114551083593,0.5534055727554179,0.5534055727554179,"{0: 0.5861876851115223, 1: 0.5861876851115221}","{0: 0.5861876851115223, 1: 0.5861876851115221}",0.5861876851115221,"[[365 281]
 [296 350]]",[0. 0. 1. ... 0. 0. 1.],[1. 1. 1. ... 0. 1. 0.]
676,randomforest,"{'criterion': 'entropy', 'max_features': None, 'n_estimators': 513}",0.5455381967683253,0.055056834337333105,0.10178305693180256,0.10911721044304246,0.5508915284659013,0.05455860522152123,0.5557105200095854,0.11145510835913308,0.5557275541795665,0.5557275541795665,"{0: 0.5813532191432871, 1: 0.5813532191432871}","{0: 0.5813532191432871, 1: 0.5813532191432871}",0.5813532191432871,"[[363 283]
 [291 355]]",[0. 0. 1. ... 0. 0. 1.],[1. 1. 1. ... 0. 1. 0.]
969,AdaBoost,"{'algorithm': 'SAMME', 'learning_rate': 1.5693877551020408, 'n_estimators': 96}",0.545395227471461,0.07060156583348005,0.10100531162753949,0.13790483879751703,0.5505026558137697,0.06895241939875851,0.5564566426716275,0.11300309597523217,0.5565015479876161,0.5565015479876161,"{0: 0.5775383642132101, 1: 0.5775383642132101}","{0: 0.5775383642132101, 1: 0.5775383642132101}",0.5775383642132101,"[[366 280]
 [293 353]]",[1. 0. 1. ... 0. 0. 0.],[1. 1. 1. ... 0. 1. 0.]
360,randomforest,"{'criterion': 'entropy', 'max_features': 'log2', 'n_estimators': 143}",0.5432994678778161,0.08075182107062484,0.10030207706027128,0.15671071047071397,0.5501510385301356,0.078355355235357,0.5518573166720881,0.10371517027863775,0.5518575851393189,0.5518575851393189,"{0: 0.5878902318626652, 1: 0.5878902318626653}","{0: 0.5878902318626652, 1: 0.5878902318626653}",0.5878902318626653,"[[357 289]
 [290 356]]",[0. 1. 1. ... 0. 0. 1.],[1. 1. 1. ... 0. 1. 0.]
119,randomforest,"{'criterion': 'entropy', 'max_features': None, 'n_estimators': 371}",0.5447434169281472,0.05974651328276725,0.09995700892327312,0.1193417235430268,0.5499785044616365,0.0596708617715134,0.5585855364896389,0.11764705882352944,0.5588235294117647,0.5588235294117647,"{0: 0.5795368497733132, 1: 0.5795368497733133}","{0: 0.5795368497733132, 1: 0.5795368497733133}",0.5795368497733133,"[[376 270]
 [300 346]]",[0. 0. 1. ... 0. 0. 1.],[1. 1. 1. ... 0. 1. 0.]
448,randomforest,"{'criterion': 'entropy', 'max_features': 'log2', 'n_estimators': 219}",0.544551182550267,0.054387511565776356,0.09881213535582888,0.1086163399340102,0.5494060676779144,0.0543081699670051,0.554093017124642,0.10835913312693501,0.5541795665634675,0.5541795665634675,"{0: 0.5815245521379482, 1: 0.5815245521379483}","{0: 0.5815245521379482, 1: 0.5815245521379483}",0.5815245521379483,"[[367 279]
 [297 349]]",[0. 0. 1. ... 0. 0. 1.],[1. 1. 1. ... 0. 1. 0.]
535,randomforest,"{'criterion': 'gini', 'max_features': None, 'n_estimators': 187}",0.5440197093817097,0.060989990033518425,0.09816244148625444,0.11585490444326917,0.5490812207431273,0.05792745222163457,0.5508726505561948,0.10216718266253866,0.5510835913312694,0.5510835913312693,"{0: 0.5749276327770803, 1: 0.5749276327770803}","{0: 0.5749276327770803, 1: 0.5749276327770803}",0.5749276327770803,"[[370 276]
 [304 342]]",[0. 1. 1. ... 0. 0. 1.],[1. 1. 1. ... 0. 1. 0.]
823,randomforest,"{'criterion': 'gini', 'max_features': None, 'n_estimators': 445}",0.5442211285241221,0.054479772762591534,0.09813997814808292,0.10681304026035458,0.5490699890740415,0.05340652013017728,0.5586955740121525,0.11764705882352944,0.5588235294117647,0.5588235294117647,"{0: 0.5778103403655743, 1: 0.5778103403655743}","{0: 0.5778103403655743, 1: 0.5778103403655743}",0.5778103403655743,"[[372 274]
 [296 350]]",[0. 0. 1. ... 0. 0. 1.],[1. 1. 1. ... 0. 1. 0.]
647,randomforest,"{'criterion': 'entropy', 'max_features': 'sqrt', 'n_estimators': 55}",0.5443390522772714,0.0738291918437879,0.09748434335609786,0.14900813684494252,0.548742171678049,0.07450406842247126,0.5540727105384262,0.10835913312693501,0.5541795665634675,0.5541795665634675,"{0: 0.5812537741184138, 1: 0.5812537741184138}","{0: 0.5812537741184138, 1: 0.5812537741184138}",0.5812537741184138,"[[368 278]
 [298 348]]",[0. 0. 1. ... 0. 0. 1.],[1. 1. 1. ... 0. 1. 0.]
908,randomforest,"{'criterion': 'gini', 'max_features': None, 'n_estimators': 129}",0.5450673736749849,0.05001843553127115,0.09736953525440503,0.10211167095397357,0.5486847676272025,0.05105583547698678,0.5533282403870639,0.10681114551083593,0.5534055727554179,0.5534055727554179,"{0: 0.5808715697457081, 1: 0.5808715697457083}","{0: 0.5808715697457081, 1: 0.5808715697457083}",0.5808715697457083,"[[366 280]
 [297 349]]",[0. 0. 1. ... 0. 0. 1.],[1. 1. 1. ... 0. 1. 0.]
639,AdaBoost,"{'algorithm': 'SAMME', 'learning_rate': 1.8142857142857143, 'n_estimators': 96}",0.5418687855267414,0.07296996874998231,0.09727038326441495,0.1411933380974605,0.5486351916322074,0.07059666904873027,0.5454366188910127,0.09133126934984526,0.5456656346749226,0.5456656346749227,"{0: 0.5683606667369572, 1: 0.5683606667369571}","{0: 0.5683606667369572, 1: 0.5683606667369571}",0.5683606667369571,"[[338 308]
 [279 367]]",[1. 1. 1. ... 0. 0. 1.],[1. 1. 1. ... 0. 1. 0.]
10,AdaBoost,"{'algorithm': 'SAMME', 'learning_rate': 1.8142857142857143, 'n_estimators': 96}",0.5418687855267414,0.07296996874998231,0.09727038326441495,0.1411933380974605,0.5486351916322074,0.07059666904873027,0.5454366188910127,0.09133126934984526,0.5456656346749226,0.5456656346749227,"{0: 0.5683486854086592, 1: 0.5683486854086591}","{0: 0.5683486854086592, 1: 0.5683486854086591}",0.5683486854086591,"[[338 308]
 [279 367]]",[1. 1. 1. ... 0. 0. 1.],[1. 1. 1. ... 0. 1. 0.]
55,AdaBoost,"{'algorithm': 'SAMME.R', 'learning_rate': 1.1612244897959183, 'n_estimators': 52}",0.5423340015825319,0.07056863662906007,0.09626554188278645,0.13711126192734782,0.5481327709413932,0.06855563096367391,0.543946893246532,0.08823529411764708,0.5441176470588235,0.5441176470588235,"{0: 0.5762982967343692, 1: 0.5762982967343692}","{0: 0.5762982967343692, 1: 0.5762982967343692}",0.5762982967343692,"[[364 282]
 [307 339]]",[0. 0. 1. ... 0. 0. 0.],[1. 1. 1. ... 0. 1. 0.]
46,randomforest,"{'criterion': 'gini', 'max_features': None, 'n_estimators': 489}",0.5440831089511806,0.05417953932881544,0.09601353860199438,0.10665707040350468,0.5480067693009972,0.05332853520175234,0.5547868652236944,0.1099071207430341,0.554953560371517,0.554953560371517,"{0: 0.5817845469620144, 1: 0.5817845469620144}","{0: 0.5817845469620144, 1: 0.5817845469620144}",0.5817845469620144,"[[371 275]
 [300 346]]",[0. 0. 1. ... 0. 0. 1.],[1. 1. 1. ... 0. 1. 0.]
613,knn,{'n_neighbors': 5},0.5429297376986529,0.11647690595670913,0.09449301234246206,0.22932326036805153,0.547246506171231,0.11466163018402577,0.5368675969884429,0.07430340557275539,0.5371517027863777,0.5371517027863777,"{0: 0.5632302619597619, 1: 0.563230261959762}","{0: 0.5632302619597619, 1: 0.563230261959762}",0.563230261959762,"[[363 283]
 [315 331]]",[0. 0. 0. ... 0. 0. 1.],[1. 1. 1. ... 0. 1. 0.]
767,knn,{'n_neighbors': 5},0.5429297376986529,0.11647690595670913,0.09449301234246206,0.22932326036805153,0.547246506171231,0.11466163018402577,0.5368675969884429,0.07430340557275539,0.5371517027863777,0.5371517027863777,"{0: 0.5632302619597619, 1: 0.563230261959762}","{0: 0.5632302619597619, 1: 0.563230261959762}",0.563230261959762,"[[363 283]
 [315 331]]",[0. 0. 0. ... 0. 0. 1.],[1. 1. 1. ... 0. 1. 0.]
239,knn,{'n_neighbors': 5},0.5429297376986529,0.11647690595670913,0.09449301234246206,0.22932326036805153,0.547246506171231,0.11466163018402577,0.5368675969884429,0.07430340557275539,0.5371517027863777,0.5371517027863777,"{0: 0.5632302619597619, 1: 0.563230261959762}","{0: 0.5632302619597619, 1: 0.563230261959762}",0.563230261959762,"[[363 283]
 [315 331]]",[0. 0. 0. ... 0. 0. 1.],[1. 1. 1. ... 0. 1. 0.]
450,knn,{'n_neighbors': 5},0.5429297376986529,0.11647690595670913,0.09449301234246206,0.22932326036805153,0.547246506171231,0.11466163018402577,0.5368675969884429,0.07430340557275539,0.5371517027863777,0.5371517027863777,"{0: 0.5632302619597619, 1: 0.563230261959762}","{0: 0.5632302619597619, 1: 0.563230261959762}",0.563230261959762,"[[363 283]
 [315 331]]",[0. 0. 0. ... 0. 0. 1.],[1. 1. 1. ... 0. 1. 0.]
180,knn,{'n_neighbors': 5},0.5429297376986529,0.11647690595670913,0.09449301234246206,0.22932326036805153,0.547246506171231,0.11466163018402577,0.5368675969884429,0.07430340557275539,0.5371517027863777,0.5371517027863777,"{0: 0.5632302619597619, 1: 0.563230261959762}","{0: 0.5632302619597619, 1: 0.563230261959762}",0.563230261959762,"[[363 283]
 [315 331]]",[0. 0. 0. ... 0. 0. 1.],[1. 1. 1. ... 0. 1. 0.]
511,knn,{'n_neighbors': 5},0.5429297376986529,0.11647690595670913,0.09449301234246206,0.22932326036805153,0.547246506171231,0.11466163018402577,0.5368675969884429,0.07430340557275539,0.5371517027863777,0.5371517027863777,"{0: 0.5632302619597619, 1: 0.563230261959762}","{0: 0.5632302619597619, 1: 0.563230261959762}",0.563230261959762,"[[363 283]
 [315 331]]",[0. 0. 0. ... 0. 0. 1.],[1. 1. 1. ... 0. 1. 0.]
864,knn,{'n_neighbors': 5},0.5429297376986529,0.11647690595670913,0.09449301234246206,0.22932326036805153,0.547246506171231,0.11466163018402577,0.5368675969884429,0.07430340557275539,0.5371517027863777,0.5371517027863777,"{0: 0.5632302619597619, 1: 0.563230261959762}","{0: 0.5632302619597619, 1: 0.563230261959762}",0.563230261959762,"[[363 283]
 [315 331]]",[0. 0. 0. ... 0. 0. 1.],[1. 1. 1. ... 0. 1. 0.]
919,knn,{'n_neighbors': 5},0.5429297376986529,0.11647690595670913,0.09449301234246206,0.22932326036805153,0.547246506171231,0.11466163018402577,0.5368675969884429,0.07430340557275539,0.5371517027863777,0.5371517027863777,"{0: 0.5632302619597619, 1: 0.563230261959762}","{0: 0.5632302619597619, 1: 0.563230261959762}",0.563230261959762,"[[363 283]
 [315 331]]",[0. 0. 0. ... 0. 0. 1.],[1. 1. 1. ... 0. 1. 0.]
818,knn,{'n_neighbors': 5},0.5429297376986529,0.11647690595670913,0.09449301234246206,0.22932326036805153,0.547246506171231,0.11466163018402577,0.5368675969884429,0.07430340557275539,0.5371517027863777,0.5371517027863777,"{0: 0.5632302619597619, 1: 0.563230261959762}","{0: 0.5632302619597619, 1: 0.563230261959762}",0.563230261959762,"[[363 283]
 [315 331]]",[0. 0. 0. ... 0. 0. 1.],[1. 1. 1. ... 0. 1. 0.]
63,knn,{'n_neighbors': 5},0.5429297376986529,0.11647690595670913,0.09449301234246206,0.22932326036805153,0.547246506171231,0.11466163018402577,0.5368675969884429,0.07430340557275539,0.5371517027863777,0.5371517027863777,"{0: 0.5632302619597619, 1: 0.563230261959762}","{0: 0.5632302619597619, 1: 0.563230261959762}",0.563230261959762,"[[363 283]
 [315 331]]",[0. 0. 0. ... 0. 0. 1.],[1. 1. 1. ... 0. 1. 0.]
348,knn,{'n_neighbors': 5},0.5429297376986529,0.11647690595670913,0.09449301234246206,0.22932326036805153,0.547246506171231,0.11466163018402577,0.5368675969884429,0.07430340557275539,0.5371517027863777,0.5371517027863777,"{0: 0.5632302619597619, 1: 0.563230261959762}","{0: 0.5632302619597619, 1: 0.563230261959762}",0.563230261959762,"[[363 283]
 [315 331]]",[0. 0. 0. ... 0. 0. 1.],[1. 1. 1. ... 0. 1. 0.]
656,knn,{'n_neighbors': 5},0.5429297376986529,0.11647690595670913,0.09449301234246206,0.22932326036805153,0.547246506171231,0.11466163018402577,0.5368675969884429,0.07430340557275539,0.5371517027863777,0.5371517027863777,"{0: 0.5632302619597619, 1: 0.563230261959762}","{0: 0.5632302619597619, 1: 0.563230261959762}",0.563230261959762,"[[363 283]
 [315 331]]",[0. 0. 0. ... 0. 0. 1.],[1. 1. 1. ... 0. 1. 0.]
292,knn,{'n_neighbors': 5},0.5429297376986529,0.11647690595670913,0.09449301234246206,0.22932326036805153,0.547246506171231,0.11466163018402577,0.5368675969884429,0.07430340557275539,0.5371517027863777,0.5371517027863777,"{0: 0.5632302619597619, 1: 0.563230261959762}","{0: 0.5632302619597619, 1: 0.563230261959762}",0.563230261959762,"[[363 283]
 [315 331]]",[0. 0. 0. ... 0. 0. 1.],[1. 1. 1. ... 0. 1. 0.]
559,knn,{'n_neighbors': 5},0.5429297376986529,0.11647690595670913,0.09449301234246206,0.22932326036805153,0.547246506171231,0.11466163018402577,0.5368675969884429,0.07430340557275539,0.5371517027863777,0.5371517027863777,"{0: 0.5632302619597619, 1: 0.563230261959762}","{0: 0.5632302619597619, 1: 0.563230261959762}",0.563230261959762,"[[363 283]
 [315 331]]",[0. 0. 0. ... 0. 0. 1.],[1. 1. 1. ... 0. 1. 0.]
124,knn,{'n_neighbors': 5},0.5429297376986529,0.11647690595670913,0.09449301234246206,0.22932326036805153,0.547246506171231,0.11466163018402577,0.5368675969884429,0.07430340557275539,0.5371517027863777,0.5371517027863777,"{0: 0.5632302619597619, 1: 0.563230261959762}","{0: 0.5632302619597619, 1: 0.563230261959762}",0.563230261959762,"[[363 283]
 [315 331]]",[0. 0. 0. ... 0. 0. 1.],[1. 1. 1. ... 0. 1. 0.]
408,knn,{'n_neighbors': 5},0.5429297376986529,0.11647690595670913,0.09449301234246206,0.22932326036805153,0.547246506171231,0.11466163018402577,0.5368675969884429,0.07430340557275539,0.5371517027863777,0.5371517027863777,"{0: 0.5632302619597619, 1: 0.563230261959762}","{0: 0.5632302619597619, 1: 0.563230261959762}",0.563230261959762,"[[363 283]
 [315 331]]",[0. 0. 0. ... 0. 0. 1.],[1. 1. 1. ... 0. 1. 0.]
712,knn,{'n_neighbors': 5},0.5429297376986529,0.11647690595670913,0.09449301234246206,0.22932326036805153,0.547246506171231,0.11466163018402577,0.5368675969884429,0.07430340557275539,0.5371517027863777,0.5371517027863777,"{0: 0.5632302619597619, 1: 0.563230261959762}","{0: 0.5632302619597619, 1: 0.563230261959762}",0.563230261959762,"[[363 283]
 [315 331]]",[0. 0. 0. ... 0. 0. 1.],[1. 1. 1. ... 0. 1. 0.]
435,SVC,"{'C': 0.1, 'gamma': 0.01, 'kernel': 'rbf'}",0.5156073971150228,0.09761856904705268,0.09395424989592518,0.16756496283103484,0.5469771249479625,0.08378248141551743,0.5421168550917448,0.11300309597523217,0.5565015479876161,0.5565015479876161,"{0: 0.5735509781556423, 1: 0.5735509781556423}","{0: 0.5735509781556423, 1: 0.5735509781556423}",0.5735509781556423,"[[474 172]
 [401 245]]",[0. 0. 0. ... 1. 0. 0.],[1. 1. 1. ... 0. 1. 0.]
634,randomforest,"{'criterion': 'gini', 'max_features': None, 'n_estimators': 355}",0.5419934862794168,0.05056058849186143,0.0929721655168887,0.0992677774232778,0.5464860827584443,0.0496338887116389,0.5556753829083056,0.11145510835913308,0.5557275541795665,0.5557275541795665,"{0: 0.5826819484515331, 1: 0.5826819484515331}","{0: 0.5826819484515331, 1: 0.5826819484515331}",0.5826819484515331,"[[366 280]
 [294 352]]",[0. 0. 1. ... 0. 0. 1.],[1. 1. 1. ... 0. 1. 0.]
400,AdaBoost,"{'algorithm': 'SAMME', 'learning_rate': 1.4877551020408164, 'n_estimators': 41}",0.5373970866280567,0.07888791345510993,0.09249227263242074,0.16074237799202915,0.5462461363162103,0.08037118899601457,0.5340155291411043,0.06811145510835914,0.5340557275541795,0.5340557275541795,"{0: 0.5673386594331394, 1: 0.5673386594331394}","{0: 0.5673386594331394, 1: 0.5673386594331394}",0.5673386594331394,"[[351 295]
 [307 339]]",[0. 0. 0. ... 0. 0. 1.],[1. 1. 1. ... 0. 1. 0.]
424,randomforest,"{'criterion': 'entropy', 'max_features': None, 'n_estimators': 177}",0.5406615926817424,0.05855721245267043,0.09207324907968623,0.11539473751891526,0.546036624539843,0.05769736875945763,0.5494665094475282,0.09907120743034059,0.5495356037151703,0.5495356037151703,"{0: 0.5731531980561493, 1: 0.5731531980561493}","{0: 0.5731531980561493, 1: 0.5731531980561493}",0.5731531980561493,"[[363 283]
 [299 347]]",[0. 0. 1. ... 0. 0. 1.],[1. 1. 1. ... 0. 1. 0.]
532,SVC,"{'C': 0.1, 'gamma': 0.01, 'kernel': 'rbf'}",0.5095163924237953,0.09720103349809686,0.09197196117234789,0.16253141027436147,0.5459859805861739,0.08126570513718073,0.5363201332182403,0.1099071207430341,0.554953560371517,0.554953560371517,"{0: 0.5610568490065083, 1: 0.5610568490065082}","{0: 0.5610568490065083, 1: 0.5610568490065082}",0.5610568490065082,"[[488 158]
 [417 229]]",[0. 0. 0. ... 1. 0. 0.],[1. 1. 1. ... 0. 1. 0.]
123,AdaBoost,"{'algorithm': 'SAMME.R', 'learning_rate': 1.2428571428571429, 'n_estimators': 52}",0.5408478797788745,0.08070686755357398,0.09144470456861262,0.1582562101551543,0.5457223522843063,0.07912810507757714,0.5401936889329852,0.08049535603715174,0.5402476780185759,0.5402476780185759,"{0: 0.5550230520756453, 1: 0.5550230520756453}","{0: 0.5550230520756453, 1: 0.5550230520756453}",0.5550230520756453,"[[356 290]
 [304 342]]",[0. 0. 1. ... 0. 0. 0.],[1. 1. 1. ... 0. 1. 0.]
315,randomforest,"{'criterion': 'gini', 'max_features': None, 'n_estimators': 167}",0.5390641558249998,0.07334295897059794,0.0901115413893692,0.13773573011923537,0.5450557706946847,0.06886786505961767,0.55562106918239,0.11145510835913308,0.5557275541795665,0.5557275541795665,"{0: 0.5799669794592108, 1: 0.5799669794592108}","{0: 0.5799669794592108, 1: 0.5799669794592108}",0.5799669794592108,"[[369 277]
 [297 349]]",[0. 1. 1. ... 0. 0. 1.],[1. 1. 1. ... 0. 1. 0.]
176,randomforest,"{'criterion': 'gini', 'max_features': None, 'n_estimators': 327}",0.5391589711109519,0.058895919528021284,0.08953600000281621,0.11281214819090907,0.5447680000014081,0.05640607409545452,0.5549319637211738,0.1099071207430341,0.554953560371517,0.554953560371517,"{0: 0.5794853300616319, 1: 0.5794853300616319}","{0: 0.5794853300616319, 1: 0.5794853300616319}",0.5794853300616319,"[[363 283]
 [292 354]]",[0. 0. 1. ... 0. 0. 1.],[1. 1. 1. ... 0. 1. 0.]
372,randomforest,"{'criterion': 'gini', 'max_features': None, 'n_estimators': 331}",0.5389701838482469,0.05183900803872872,0.08820487952754714,0.09929975238511235,0.5441024397637735,0.04964987619255618,0.5471525830133388,0.09442724458204332,0.5472136222910217,0.5472136222910217,"{0: 0.577053120417142, 1: 0.577053120417142}","{0: 0.577053120417142, 1: 0.577053120417142}",0.577053120417142,"[[361 285]
 [300 346]]",[0. 0. 1. ... 0. 0. 1.],[1. 1. 1. ... 0. 1. 0.]
994,AdaBoost,"{'algorithm': 'SAMME', 'learning_rate': 1.4877551020408164, 'n_estimators': 85}",0.5385092044090483,0.0900624908710649,0.087519719623135,0.17817271742410723,0.5437598598115675,0.08908635871205361,0.5440561904185582,0.08823529411764708,0.5441176470588235,0.5441176470588236,"{0: 0.5762455788898581, 1: 0.576245578889858}","{0: 0.5762455788898581, 1: 0.576245578889858}",0.576245578889858,"[[359 287]
 [302 344]]",[0. 0. 1. ... 0. 0. 0.],[1. 1. 1. ... 0. 1. 0.]
58,randomforest,"{'criterion': 'gini', 'max_features': None, 'n_estimators': 75}",0.5388172409673806,0.06685307286528135,0.08636979732800125,0.1303872084740715,0.5431848986640007,0.06519360423703575,0.5526272908519285,0.10526315789473684,0.5526315789473685,0.5526315789473684,"{0: 0.5796938051740168, 1: 0.5796938051740167}","{0: 0.5796938051740168, 1: 0.5796938051740167}",0.5796938051740167,"[[359 287]
 [291 355]]",[0. 0. 1. ... 0. 0. 1.],[1. 1. 1. ... 0. 1. 0.]
699,randomforest,"{'criterion': 'entropy', 'max_features': 'log2', 'n_estimators': 155}",0.5368735541623062,0.059515037349151735,0.08593323611678867,0.11289106162010318,0.5429666180583943,0.05644553081005158,0.5525243518944624,0.10526315789473684,0.5526315789473685,0.5526315789473684,"{0: 0.5874493189812996, 1: 0.5874493189812995}","{0: 0.5874493189812996, 1: 0.5874493189812995}",0.5874493189812995,"[[367 279]
 [299 347]]",[0. 0. 1. ... 0. 0. 1.],[1. 1. 1. ... 0. 1. 0.]
394,randomforest,"{'criterion': 'gini', 'max_features': 'log2', 'n_estimators': 147}",0.5384549975044804,0.06858543920081667,0.0856277331786519,0.1326200782918969,0.542813866589326,0.06631003914594844,0.552544728989658,0.10526315789473684,0.5526315789473685,0.5526315789473684,"{0: 0.5847103873323811, 1: 0.5847103873323812}","{0: 0.5847103873323811, 1: 0.5847103873323812}",0.5847103873323812,"[[366 280]
 [298 348]]",[0. 0. 1. ... 0. 0. 1.],[1. 1. 1. ... 0. 1. 0.]
865,randomforest,"{'criterion': 'entropy', 'max_features': None, 'n_estimators': 49}",0.536486088071092,0.062305494834829014,0.08411739695554314,0.12418233008526891,0.5420586984777716,0.06209116504263444,0.5470939698218444,0.09442724458204332,0.5472136222910217,0.5472136222910217,"{0: 0.5854963624687286, 1: 0.5854963624687287}","{0: 0.5854963624687286, 1: 0.5854963624687287}",0.5854963624687287,"[[364 282]
 [303 343]]",[0. 0. 1. ... 0. 0. 1.],[1. 1. 1. ... 0. 1. 0.]
775,SVC,"{'C': 0.1, 'gamma': 0.01, 'kernel': 'sigmoid'}",0.5066766624615551,0.09478765103217303,0.08101308984658569,0.1640268463785269,0.5405065449232929,0.08201342318926347,0.5354171555750697,0.11764705882352944,0.5588235294117647,0.5588235294117647,"{0: 0.5500304325738768, 1: 0.5500304325738768}","{0: 0.5500304325738768, 1: 0.5500304325738768}",0.5500304325738768,"[[506 140]
 [430 216]]",[0. 0. 0. ... 1. 0. 0.],[1. 1. 1. ... 0. 1. 0.]
821,SVC,"{'C': 1, 'gamma': 0.001, 'kernel': 'rbf'}",0.5120250640681857,0.10440972389086942,0.07985719155781291,0.17986407235172513,0.5399285957789064,0.08993203617586257,0.5407776922672749,0.1099071207430341,0.554953560371517,0.554953560371517,"{0: 0.5666185816024307, 1: 0.5666185816024308}","{0: 0.5666185816024307, 1: 0.5666185816024308}",0.5666185816024308,"[[472 174]
 [401 245]]",[0. 0. 0. ... 1. 0. 0.],[1. 1. 1. ... 0. 1. 0.]
347,SVC,"{'C': 10, 'gamma': 0.0001, 'kernel': 'rbf'}",0.5128261550179145,0.10110084004480935,0.07985285772817392,0.1749932436547596,0.5399264288640869,0.08749662182737981,0.5383501715292859,0.10371517027863775,0.5518575851393189,0.5518575851393189,"{0: 0.5682935712984885, 1: 0.5682935712984885}","{0: 0.5682935712984885, 1: 0.5682935712984885}",0.5682935712984885,"[[467 179]
 [400 246]]",[0. 0. 0. ... 1. 0. 0.],[1. 1. 1. ... 0. 1. 0.]
350,randomforest,"{'criterion': 'gini', 'max_features': None, 'n_estimators': 593}",0.5346676202411945,0.056445650297283476,0.07959529917724295,0.11044063066087301,0.5397976495886215,0.055220315330436504,0.5494967407975461,0.09907120743034059,0.5495356037151703,0.5495356037151703,"{0: 0.5782212999261951, 1: 0.5782212999261951}","{0: 0.5782212999261951, 1: 0.5782212999261951}",0.5782212999261951,"[[361 285]
 [297 349]]",[0. 0. 1. ... 0. 0. 1.],[1. 1. 1. ... 0. 1. 0.]
165,SVC,"{'C': 0.1, 'gamma': 0.01, 'kernel': 'sigmoid'}",0.5102675445735215,0.09454413078366787,0.07916584645738423,0.1584538346619518,0.5395829232286922,0.07922691733097588,0.5405186591234785,0.1099071207430341,0.554953560371517,0.554953560371517,"{0: 0.5614702048327885, 1: 0.5614702048327885}","{0: 0.5614702048327885, 1: 0.5614702048327885}",0.5614702048327885,"[[473 173]
 [402 244]]",[0. 0. 0. ... 1. 0. 0.],[1. 1. 1. ... 0. 1. 0.]
461,randomforest,"{'criterion': 'gini', 'max_features': None, 'n_estimators': 103}",0.534051671615705,0.06225876359018602,0.07888226062169552,0.12074180286354508,0.5394411303108478,0.06037090143177254,0.5440561904185582,0.08823529411764708,0.5441176470588235,0.5441176470588236,"{0: 0.5774640799777626, 1: 0.5774640799777626}","{0: 0.5774640799777626, 1: 0.5774640799777626}",0.5774640799777626,"[[359 287]
 [302 344]]",[0. 0. 1. ... 0. 0. 1.],[1. 1. 1. ... 0. 1. 0.]
49,AdaBoost,"{'algorithm': 'SAMME', 'learning_rate': 2.059183673469388, 'n_estimators': 41}",0.46236994054821356,0.1284277303411291,0.07669265033098334,0.18998223535177278,0.5383463251654916,0.09499111767588639,0.4472247510163018,0.03095975232198145,0.5154798761609907,0.5154798761609907,"{0: 0.571499774751028, 1: 0.571499774751028}","{0: 0.571499774751028, 1: 0.571499774751028}",0.571499774751028,"[[560  86]
 [540 106]]",[0. 0. 0. ... 0. 0. 0.],[1. 1. 1. ... 0. 1. 0.]
843,AdaBoost,"{'algorithm': 'SAMME.R', 'learning_rate': 1.4061224489795918, 'n_estimators': 96}",0.5345718594710784,0.08402155258488156,0.07653119207255273,0.16484609827426752,0.5382655960362763,0.08242304913713377,0.5362551930312561,0.0727554179566563,0.5363777089783281,0.5363777089783281,"{0: 0.5721395776821402, 1: 0.5721395776821402}","{0: 0.5721395776821402, 1: 0.5721395776821402}",0.5721395776821402,"[[336 310]
 [289 357]]",[0. 0. 1. ... 0. 0. 0.],[1. 1. 1. ... 0. 1. 0.]
848,SVC,"{'C': 10, 'gamma': 0.0001, 'kernel': 'rbf'}",0.5106398472085472,0.10670221316073858,0.07650491611958858,0.1847668175965653,0.5382524580597944,0.09238340879828266,0.5390214694008568,0.10526315789473684,0.5526315789473685,0.5526315789473685,"{0: 0.5657882755513808, 1: 0.5657882755513808}","{0: 0.5657882755513808, 1: 0.5657882755513808}",0.5657882755513808,"[[468 178]
 [400 246]]",[0. 0. 0. ... 1. 0. 0.],[1. 1. 1. ... 0. 1. 0.]
917,SVC,"{'C': 10, 'gamma': 0.0001, 'kernel': 'sigmoid'}",0.5078619467667072,0.09928762935054136,0.07524484852116008,0.17021286191184268,0.53762242426058,0.08510643095592134,0.5403634638759599,0.10835913312693501,0.5541795665634675,0.5541795665634675,"{0: 0.5653629383968024, 1: 0.5653629383968024}","{0: 0.5653629383968024, 1: 0.5653629383968024}",0.5653629383968024,"[[470 176]
 [400 246]]",[0. 0. 0. ... 1. 0. 0.],[1. 1. 1. ... 0. 1. 0.]
683,SVC,"{'C': 10, 'gamma': 0.0001, 'kernel': 'rbf'}",0.5093045423380442,0.10214487782228257,0.07293523526251353,0.17327190183092525,0.5364676176312567,0.08663595091546261,0.5363350475415295,0.09907120743034059,0.5495356037151703,0.5495356037151703,"{0: 0.5674872279040344, 1: 0.5674872279040344}","{0: 0.5674872279040344, 1: 0.5674872279040344}",0.5674872279040344,"[[464 182]
 [400 246]]",[0. 0. 0. ... 1. 0. 0.],[1. 1. 1. ... 0. 1. 0.]
246,SVC,"{'C': 0.1, 'gamma': 0.01, 'kernel': 'sigmoid'}",0.5071492889253453,0.09557867786388874,0.0727685545885702,0.1634089649735098,0.5363842772942851,0.0817044824867549,0.5367555261805097,0.10061919504643968,0.5503095975232198,0.5503095975232198,"{0: 0.5572527772718995, 1: 0.5572527772718995}","{0: 0.5572527772718995, 1: 0.5572527772718995}",0.5572527772718995,"[[466 180]
 [401 245]]",[0. 0. 0. ... 1. 0. 0.],[1. 1. 1. ... 0. 1. 0.]
222,AdaBoost,"{'algorithm': 'SAMME', 'learning_rate': 1.8959183673469386, 'n_estimators': 30}",0.5145987029607122,0.07760676223121407,0.06648844899024667,0.15020892631564445,0.5332442244951233,0.07510446315782222,0.5293711656441719,0.05882352941176472,0.5294117647058824,0.5294117647058824,"{0: 0.5661261490093837, 1: 0.5661261490093837}","{0: 0.5661261490093837, 1: 0.5661261490093837}",0.5661261490093837,"[[336 310]
 [298 348]]",[0. 0. 1. ... 0. 0. 0.],[1. 1. 1. ... 0. 1. 0.]
504,AdaBoost,"{'algorithm': 'SAMME.R', 'learning_rate': 1.9775510204081632, 'n_estimators': 74}",0.46708490587877555,0.08802811542201575,0.06470286510209271,0.09867667910341302,0.5323514325510463,0.04933833955170651,0.520567315186991,0.06037151702786381,0.5301857585139319,0.5301857585139319,"{0: 0.5307512772095966, 1: 0.5307512772095965}","{0: 0.5307512772095966, 1: 0.5307512772095965}",0.5307512772095965,"[[434 212]
 [395 251]]",[0. 0. 0. ... 0. 0. 0.],[1. 1. 1. ... 0. 1. 0.]
393,SVC,"{'C': 10, 'gamma': 0.0001, 'kernel': 'rbf'}",0.5058104057900469,0.10869430440412446,0.06379241543865921,0.19617833463078832,0.5318962077193296,0.09808916731539415,0.5363915553674792,0.10216718266253866,0.5510835913312694,0.5510835913312693,"{0: 0.5633836229619761, 1: 0.5633836229619761}","{0: 0.5633836229619761, 1: 0.5633836229619761}",0.5633836229619761,"[[471 175]
 [405 241]]",[0. 0. 0. ... 1. 0. 0.],[1. 1. 1. ... 0. 1. 0.]
386,AdaBoost,"{'algorithm': 'SAMME.R', 'learning_rate': 1.6510204081632653, 'n_estimators': 63}",0.5265375173385768,0.09777613022477957,0.0601258992692718,0.19522136244402946,0.5300629496346358,0.09761068122201474,0.5417418583305174,0.08359133126934981,0.541795665634675,0.541795665634675,"{0: 0.5602013821660325, 1: 0.5602013821660324}","{0: 0.5602013821660325, 1: 0.5602013821660324}",0.5602013821660324,"[[357 289]
 [303 343]]",[0. 1. 1. ... 0. 0. 1.],[1. 1. 1. ... 0. 1. 0.]
29,SVC,"{'C': 10, 'gamma': 0.0001, 'kernel': 'rbf'}",0.5045646851940491,0.10920841297154504,0.05969138031669652,0.19852750457530005,0.5298456901583483,0.09926375228765001,0.534563503182164,0.09442724458204332,0.5472136222910217,0.5472136222910217,"{0: 0.5658529747241898, 1: 0.5658529747241898}","{0: 0.5658529747241898, 1: 0.5658529747241898}",0.5658529747241898,"[[460 186]
 [399 247]]",[0. 0. 0. ... 1. 0. 0.],[1. 1. 1. ... 0. 1. 0.]
991,AdaBoost,"{'algorithm': 'SAMME', 'learning_rate': 1.6510204081632653, 'n_estimators': 41}",0.5202334343873727,0.07034133091815647,0.05738146264659513,0.13153715549867587,0.5286907313232976,0.06576857774933793,0.5270418999517702,0.05417956656346745,0.5270897832817337,0.5270897832817337,"{0: 0.5592105263157895, 1: 0.5592105263157894}","{0: 0.5592105263157895, 1: 0.5592105263157894}",0.5592105263157894,"[[347 299]
 [312 334]]",[0. 0. 1. ... 0. 0. 0.],[1. 1. 1. ... 0. 1. 0.]
304,SVC,"{'C': 1, 'gamma': 1, 'kernel': 'rbf'}",0.503500848545327,0.09107598709551046,0.05017719118239776,0.1744648673777394,0.5250885955911989,0.08723243368886971,0.5120624315995578,0.06037151702786381,0.5301857585139319,0.5301857585139319,"{0: 0.5242046794275801, 1: 0.5242046794275801}","{0: 0.5242046794275801, 1: 0.5242046794275801}",0.5242046794275801,"[[218 428]
 [179 467]]",[1. 0. 1. ... 1. 0. 1.],[1. 1. 1. ... 0. 1. 0.]
944,AdaBoost,"{'algorithm': 'SAMME', 'learning_rate': 3.2020408163265306, 'n_estimators': 96}",0.4151311411597993,0.08252029860829221,0.04561401461997914,0.0854674917141706,0.5228070073099895,0.04273374585708531,0.5221939688095215,0.052631578947368474,0.5263157894736842,0.5263157894736843,"{0: 0.5313096071082825, 1: 0.5313096071082823}","{0: 0.5313096071082825, 1: 0.5313096071082823}",0.5313096071082823,"[[280 366]
 [246 400]]",[0. 0. 0. ... 1. 1. 1.],[1. 1. 1. ... 0. 1. 0.]
932,SVC,"{'C': 1, 'gamma': 1, 'kernel': 'rbf'}",0.4988840794486794,0.0904690069280681,0.04481083645906363,0.1722212111451935,0.5224054182295318,0.08611060557259675,0.5079367457843842,0.05572755417956654,0.5278637770897833,0.5278637770897833,"{0: 0.522686645132226, 1: 0.522686645132226}","{0: 0.522686645132226, 1: 0.522686645132226}",0.522686645132226,"[[211 435]
 [175 471]]",[1. 0. 1. ... 1. 0. 1.],[1. 1. 1. ... 0. 1. 0.]
840,knn,{'n_neighbors': 3},0.5138623366517547,0.09531911056776655,0.03904619372523815,0.18869960825696502,0.5195230968626191,0.09434980412848251,0.51775303382971,0.035603715170278605,0.5178018575851393,0.5178018575851393,"{0: 0.5472735289325116, 1: 0.5472735289325115}","{0: 0.5472735289325116, 1: 0.5472735289325115}",0.5472735289325115,"[[341 305]
 [318 328]]",[0. 0. 0. ... 1. 0. 1.],[1. 1. 1. ... 0. 1. 0.]
589,knn,{'n_neighbors': 3},0.5138623366517547,0.09531911056776655,0.03904619372523815,0.18869960825696502,0.5195230968626191,0.09434980412848251,0.51775303382971,0.035603715170278605,0.5178018575851393,0.5178018575851393,"{0: 0.5472735289325116, 1: 0.5472735289325115}","{0: 0.5472735289325116, 1: 0.5472735289325115}",0.5472735289325115,"[[341 305]
 [318 328]]",[0. 0. 0. ... 1. 0. 1.],[1. 1. 1. ... 0. 1. 0.]
531,knn,{'n_neighbors': 3},0.5138623366517547,0.09531911056776655,0.03904619372523815,0.18869960825696502,0.5195230968626191,0.09434980412848251,0.51775303382971,0.035603715170278605,0.5178018575851393,0.5178018575851393,"{0: 0.5472735289325116, 1: 0.5472735289325115}","{0: 0.5472735289325116, 1: 0.5472735289325115}",0.5472735289325115,"[[341 305]
 [318 328]]",[0. 0. 0. ... 1. 0. 1.],[1. 1. 1. ... 0. 1. 0.]
635,knn,{'n_neighbors': 3},0.5138623366517547,0.09531911056776655,0.03904619372523815,0.18869960825696502,0.5195230968626191,0.09434980412848251,0.51775303382971,0.035603715170278605,0.5178018575851393,0.5178018575851393,"{0: 0.5472735289325116, 1: 0.5472735289325115}","{0: 0.5472735289325116, 1: 0.5472735289325115}",0.5472735289325115,"[[341 305]
 [318 328]]",[0. 0. 0. ... 1. 0. 1.],[1. 1. 1. ... 0. 1. 0.]
375,knn,{'n_neighbors': 3},0.5138623366517547,0.09531911056776655,0.03904619372523815,0.18869960825696502,0.5195230968626191,0.09434980412848251,0.51775303382971,0.035603715170278605,0.5178018575851393,0.5178018575851393,"{0: 0.5472735289325116, 1: 0.5472735289325115}","{0: 0.5472735289325116, 1: 0.5472735289325115}",0.5472735289325115,"[[341 305]
 [318 328]]",[0. 0. 0. ... 1. 0. 1.],[1. 1. 1. ... 0. 1. 0.]
153,knn,{'n_neighbors': 3},0.5138623366517547,0.09531911056776655,0.03904619372523815,0.18869960825696502,0.5195230968626191,0.09434980412848251,0.51775303382971,0.035603715170278605,0.5178018575851393,0.5178018575851393,"{0: 0.5472735289325116, 1: 0.5472735289325115}","{0: 0.5472735289325116, 1: 0.5472735289325115}",0.5472735289325115,"[[341 305]
 [318 328]]",[0. 0. 0. ... 1. 0. 1.],[1. 1. 1. ... 0. 1. 0.]
266,knn,{'n_neighbors': 3},0.5138623366517547,0.09531911056776655,0.03904619372523815,0.18869960825696502,0.5195230968626191,0.09434980412848251,0.51775303382971,0.035603715170278605,0.5178018575851393,0.5178018575851393,"{0: 0.5472735289325116, 1: 0.5472735289325115}","{0: 0.5472735289325116, 1: 0.5472735289325115}",0.5472735289325115,"[[341 305]
 [318 328]]",[0. 0. 0. ... 1. 0. 1.],[1. 1. 1. ... 0. 1. 0.]
479,knn,{'n_neighbors': 3},0.5138623366517547,0.09531911056776655,0.03904619372523815,0.18869960825696502,0.5195230968626191,0.09434980412848251,0.51775303382971,0.035603715170278605,0.5178018575851393,0.5178018575851393,"{0: 0.5472735289325116, 1: 0.5472735289325115}","{0: 0.5472735289325116, 1: 0.5472735289325115}",0.5472735289325115,"[[341 305]
 [318 328]]",[0. 0. 0. ... 1. 0. 1.],[1. 1. 1. ... 0. 1. 0.]
687,knn,{'n_neighbors': 3},0.5138623366517547,0.09531911056776655,0.03904619372523815,0.18869960825696502,0.5195230968626191,0.09434980412848251,0.51775303382971,0.035603715170278605,0.5178018575851393,0.5178018575851393,"{0: 0.5472735289325116, 1: 0.5472735289325115}","{0: 0.5472735289325116, 1: 0.5472735289325115}",0.5472735289325115,"[[341 305]
 [318 328]]",[0. 0. 0. ... 1. 0. 1.],[1. 1. 1. ... 0. 1. 0.]
799,knn,{'n_neighbors': 3},0.5138623366517547,0.09531911056776655,0.03904619372523815,0.18869960825696502,0.5195230968626191,0.09434980412848251,0.51775303382971,0.035603715170278605,0.5178018575851393,0.5178018575851393,"{0: 0.5472735289325116, 1: 0.5472735289325115}","{0: 0.5472735289325116, 1: 0.5472735289325115}",0.5472735289325115,"[[341 305]
 [318 328]]",[0. 0. 0. ... 1. 0. 1.],[1. 1. 1. ... 0. 1. 0.]
743,knn,{'n_neighbors': 3},0.5138623366517547,0.09531911056776655,0.03904619372523815,0.18869960825696502,0.5195230968626191,0.09434980412848251,0.51775303382971,0.035603715170278605,0.5178018575851393,0.5178018575851393,"{0: 0.5472735289325116, 1: 0.5472735289325115}","{0: 0.5472735289325116, 1: 0.5472735289325115}",0.5472735289325115,"[[341 305]
 [318 328]]",[0. 0. 0. ... 1. 0. 1.],[1. 1. 1. ... 0. 1. 0.]
893,knn,{'n_neighbors': 3},0.5138623366517547,0.09531911056776655,0.03904619372523815,0.18869960825696502,0.5195230968626191,0.09434980412848251,0.51775303382971,0.035603715170278605,0.5178018575851393,0.5178018575851393,"{0: 0.5472735289325116, 1: 0.5472735289325115}","{0: 0.5472735289325116, 1: 0.5472735289325115}",0.5472735289325115,"[[341 305]
 [318 328]]",[0. 0. 0. ... 1. 0. 1.],[1. 1. 1. ... 0. 1. 0.]
428,knn,{'n_neighbors': 3},0.5138623366517547,0.09531911056776655,0.03904619372523815,0.18869960825696502,0.5195230968626191,0.09434980412848251,0.51775303382971,0.035603715170278605,0.5178018575851393,0.5178018575851393,"{0: 0.5472735289325116, 1: 0.5472735289325115}","{0: 0.5472735289325116, 1: 0.5472735289325115}",0.5472735289325115,"[[341 305]
 [318 328]]",[0. 0. 0. ... 1. 0. 1.],[1. 1. 1. ... 0. 1. 0.]
319,knn,{'n_neighbors': 3},0.5138623366517547,0.09531911056776655,0.03904619372523815,0.18869960825696502,0.5195230968626191,0.09434980412848251,0.51775303382971,0.035603715170278605,0.5178018575851393,0.5178018575851393,"{0: 0.5472735289325116, 1: 0.5472735289325115}","{0: 0.5472735289325116, 1: 0.5472735289325115}",0.5472735289325115,"[[341 305]
 [318 328]]",[0. 0. 0. ... 1. 0. 1.],[1. 1. 1. ... 0. 1. 0.]
77,knn,{'n_neighbors': 3},0.5138623366517547,0.09531911056776655,0.03904619372523815,0.18869960825696502,0.5195230968626191,0.09434980412848251,0.51775303382971,0.035603715170278605,0.5178018575851393,0.5178018575851393,"{0: 0.5472735289325116, 1: 0.5472735289325115}","{0: 0.5472735289325116, 1: 0.5472735289325115}",0.5472735289325115,"[[341 305]
 [318 328]]",[0. 0. 0. ... 1. 0. 1.],[1. 1. 1. ... 0. 1. 0.]
210,knn,{'n_neighbors': 3},0.5138623366517547,0.09531911056776655,0.03904619372523815,0.18869960825696502,0.5195230968626191,0.09434980412848251,0.51775303382971,0.035603715170278605,0.5178018575851393,0.5178018575851393,"{0: 0.5472735289325116, 1: 0.5472735289325115}","{0: 0.5472735289325116, 1: 0.5472735289325115}",0.5472735289325115,"[[341 305]
 [318 328]]",[0. 0. 0. ... 1. 0. 1.],[1. 1. 1. ... 0. 1. 0.]
833,SVC,"{'C': 100, 'gamma': 0.1, 'kernel': 'sigmoid'}",0.434094582464312,0.07894608798492893,0.03831577039240854,0.09967787696846343,0.5191578851962043,0.049838938484231717,0.44938403562863993,0.037151702786377694,0.5185758513931888,0.5185758513931888,"{0: 0.50955151491915, 1: 0.5095515149191499}","{0: 0.50955151491915, 1: 0.5095515149191499}",0.5095515149191499,"[[564  82]
 [540 106]]",[1. 0. 0. ... 1. 0. 0.],[1. 1. 1. ... 0. 1. 0.]
483,SVC,"{'C': 100, 'gamma': 1, 'kernel': 'rbf'}",0.4967088077947036,0.08413007828009686,0.03574857953783722,0.16278519845317888,0.5178742897689186,0.08139259922658944,0.5117586596964507,0.06037151702786381,0.5301857585139319,0.5301857585139319,"{0: 0.5197548140977102, 1: 0.5197548140977102}","{0: 0.5197548140977102, 1: 0.5197548140977102}",0.5197548140977102,"[[217 429]
 [178 468]]",[1. 0. 1. ... 1. 0. 1.],[1. 1. 1. ... 0. 1. 0.]
127,SVC,"{'C': 10, 'gamma': 1, 'kernel': 'rbf'}",0.49649266859069824,0.08301292664181617,0.03462884481009033,0.16139734013670157,0.5173144224050452,0.08069867006835077,0.5111067960198261,0.05882352941176472,0.5294117647058824,0.5294117647058824,"{0: 0.5198003431452425, 1: 0.5198003431452424}","{0: 0.5198003431452425, 1: 0.5198003431452424}",0.5198003431452424,"[[217 429]
 [179 467]]",[1. 0. 1. ... 1. 0. 1.],[1. 1. 1. ... 0. 1. 0.]
215,SVC,"{'C': 1000, 'gamma': 1, 'kernel': 'sigmoid'}",0.48782062501048995,0.10549749649217734,0.03373034901914052,0.16613670510167322,0.5168651745095703,0.0830683525508366,0.5063613974632285,0.02786377708978327,0.5139318885448917,0.5139318885448917,"{0: 0.5156188595692472, 1: 0.5156188595692472}","{0: 0.5156188595692472, 1: 0.5156188595692472}",0.5156188595692472,"[[412 234]
 [394 252]]",[0. 0. 0. ... 0. 0. 0.],[1. 1. 1. ... 0. 1. 0.]
554,SVC,"{'C': 10, 'gamma': 1, 'kernel': 'rbf'}",0.4956654800952886,0.08212314572720679,0.033605722394980074,0.1585589504510988,0.5168028611974901,0.07927947522554941,0.5098024580783201,0.05572755417956654,0.5278637770897833,0.5278637770897833,"{0: 0.5202807944099915, 1: 0.5202807944099915}","{0: 0.5202807944099915, 1: 0.5202807944099915}",0.5202807944099915,"[[217 429]
 [181 465]]",[1. 0. 1. ... 1. 0. 1.],[1. 1. 1. ... 0. 1. 0.]
618,SVC,"{'C': 0.1, 'gamma': 1, 'kernel': 'sigmoid'}",0.4786120198946221,0.10618693264707497,0.032980459201455786,0.15149096549821675,0.5164902296007279,0.07574548274910838,0.5058893102908977,0.03095975232198145,0.5154798761609907,0.5154798761609907,"{0: 0.5030564368488147, 1: 0.5030564368488148}","{0: 0.5030564368488147, 1: 0.5030564368488148}",0.5030564368488148,"[[423 223]
 [403 243]]",[0. 0. 1. ... 0. 0. 0.],[1. 1. 1. ... 0. 1. 0.]
380,SVC,"{'C': 100, 'gamma': 0.1, 'kernel': 'sigmoid'}",0.4500923138957679,0.07117636704024877,0.032766355385472686,0.08827022262197882,0.5163831776927363,0.04413511131098941,0.46006746457310094,0.02941176470588236,0.5147058823529411,0.5147058823529411,"{0: 0.4918838482109481, 1: 0.4918838482109481}","{0: 0.4918838482109481, 1: 0.4918838482109481}",0.4918838482109481,"[[538 108]
 [519 127]]",[1. 0. 0. ... 1. 0. 0.],[1. 1. 1. ... 0. 1. 0.]
697,SVC,"{'C': 1000, 'gamma': 1, 'kernel': 'sigmoid'}",0.4911057463357272,0.09751808619929539,0.031372199220093405,0.1639998161402366,0.5156860996100467,0.0819999080701183,0.4976990201335738,0.012383900928792602,0.5061919504643962,0.5061919504643964,"{0: 0.492418215453038, 1: 0.492418215453038}","{0: 0.492418215453038, 1: 0.492418215453038}",0.492418215453038,"[[411 235]
 [403 243]]",[0. 0. 1. ... 1. 1. 0.],[1. 1. 1. ... 0. 1. 0.]
81,SVC,"{'C': 100, 'gamma': 1, 'kernel': 'rbf'}",0.49302403216144447,0.08568743629283067,0.027348665308579618,0.16796899108988772,0.5136743326542899,0.08398449554494387,0.5075432689467777,0.051083591331269385,0.5255417956656346,0.5255417956656346,"{0: 0.5177179882870535, 1: 0.5177179882870535}","{0: 0.5177179882870535, 1: 0.5177179882870535}",0.5177179882870535,"[[216 430]
 [183 463]]",[1. 0. 1. ... 1. 0. 1.],[1. 1. 1. ... 0. 1. 0.]
62,AdaBoost,"{'algorithm': 'SAMME', 'learning_rate': 2.304081632653061, 'n_estimators': 30}",0.3917729893556767,0.08717775558647956,0.027187859821865636,0.09055042191474084,0.5135939299109329,0.045275210957370436,0.41763722282806254,0.04024767801857587,0.5201238390092879,0.5201238390092879,"{0: 0.5360961477633256, 1: 0.5360961477633257}","{0: 0.5360961477633256, 1: 0.5360961477633257}",0.5360961477633257,"[[ 65 581]
 [ 39 607]]",[1. 1. 1. ... 1. 1. 1.],[1. 1. 1. ... 0. 1. 0.]
87,AdaBoost,"{'algorithm': 'SAMME', 'learning_rate': 2.630612244897959, 'n_estimators': 63}",0.36761143235176896,0.04583454255499358,0.020842487729386003,0.0579346654143002,0.510421243864693,0.028967332707150094,0.36613148356223324,0.018575851393188847,0.5092879256965944,0.5092879256965944,"{0: 0.544819752897085, 1: 0.5448197528970851}","{0: 0.544819752897085, 1: 0.5448197528970851}",0.5448197528970851,"[[636  10]
 [624  22]]",[0. 0. 0. ... 0. 0. 0.],[1. 1. 1. ... 0. 1. 0.]
744,AdaBoost,"{'algorithm': 'SAMME', 'learning_rate': 2.630612244897959, 'n_estimators': 41}",0.36761143235176896,0.04583454255499358,0.020842487729386003,0.0579346654143002,0.510421243864693,0.028967332707150094,0.36613148356223324,0.018575851393188847,0.5092879256965944,0.5092879256965944,"{0: 0.5490946908338045, 1: 0.5490946908338045}","{0: 0.5490946908338045, 1: 0.5490946908338045}",0.5490946908338045,"[[636  10]
 [624  22]]",[0. 0. 0. ... 0. 0. 0.],[1. 1. 1. ... 0. 1. 0.]
519,SVC,"{'C': 100, 'gamma': 0.1, 'kernel': 'sigmoid'}",0.43380589986662266,0.0713104348580952,0.02006523621651429,0.1179722829235933,0.5100326181082572,0.05898614146179666,0.44071150189361746,0.02631578947368418,0.5131578947368421,0.513157894736842,"{0: 0.49996165974944634, 1: 0.49996165974944645}","{0: 0.49996165974944634, 1: 0.49996165974944645}",0.49996165974944645,"[[564  82]
 [547  99]]",[1. 0. 0. ... 1. 0. 0.],[1. 1. 1. ... 0. 1. 0.]
243,knn,{'n_neighbors': 1},0.5056297717924501,0.07000616311638447,0.01976310242008182,0.14055973931003196,0.5098815512100409,0.07027986965501598,0.51775303382971,0.035603715170278605,0.5178018575851393,0.5178018575851393,"{0: 0.5178018575851393, 1: 0.5178018575851393}","{0: 0.5178018575851393, 1: 0.5178018575851393}",0.5178018575851393,"[[328 318]
 [305 341]]",[1. 0. 0. ... 1. 0. 0.],[1. 1. 1. ... 0. 1. 0.]
130,knn,{'n_neighbors': 1},0.5056297717924501,0.07000616311638447,0.01976310242008182,0.14055973931003196,0.5098815512100409,0.07027986965501598,0.51775303382971,0.035603715170278605,0.5178018575851393,0.5178018575851393,"{0: 0.5178018575851393, 1: 0.5178018575851393}","{0: 0.5178018575851393, 1: 0.5178018575851393}",0.5178018575851393,"[[328 318]
 [305 341]]",[1. 0. 0. ... 1. 0. 0.],[1. 1. 1. ... 0. 1. 0.]
770,knn,{'n_neighbors': 1},0.5056297717924501,0.07000616311638447,0.01976310242008182,0.14055973931003196,0.5098815512100409,0.07027986965501598,0.51775303382971,0.035603715170278605,0.5178018575851393,0.5178018575851393,"{0: 0.5178018575851393, 1: 0.5178018575851393}","{0: 0.5178018575851393, 1: 0.5178018575851393}",0.5178018575851393,"[[328 318]
 [305 341]]",[1. 0. 0. ... 1. 0. 0.],[1. 1. 1. ... 0. 1. 0.]
874,knn,{'n_neighbors': 1},0.5056297717924501,0.07000616311638447,0.01976310242008182,0.14055973931003196,0.5098815512100409,0.07027986965501598,0.51775303382971,0.035603715170278605,0.5178018575851393,0.5178018575851393,"{0: 0.5178018575851393, 1: 0.5178018575851393}","{0: 0.5178018575851393, 1: 0.5178018575851393}",0.5178018575851393,"[[328 318]
 [305 341]]",[1. 0. 0. ... 1. 0. 0.],[1. 1. 1. ... 0. 1. 0.]
720,knn,{'n_neighbors': 1},0.5056297717924501,0.07000616311638447,0.01976310242008182,0.14055973931003196,0.5098815512100409,0.07027986965501598,0.51775303382971,0.035603715170278605,0.5178018575851393,0.5178018575851393,"{0: 0.5178018575851393, 1: 0.5178018575851393}","{0: 0.5178018575851393, 1: 0.5178018575851393}",0.5178018575851393,"[[328 318]
 [305 341]]",[1. 0. 0. ... 1. 0. 0.],[1. 1. 1. ... 0. 1. 0.]
460,knn,{'n_neighbors': 1},0.5056297717924501,0.07000616311638447,0.01976310242008182,0.14055973931003196,0.5098815512100409,0.07027986965501598,0.51775303382971,0.035603715170278605,0.5178018575851393,0.5178018575851393,"{0: 0.5178018575851393, 1: 0.5178018575851393}","{0: 0.5178018575851393, 1: 0.5178018575851393}",0.5178018575851393,"[[328 318]
 [305 341]]",[1. 0. 0. ... 1. 0. 0.],[1. 1. 1. ... 0. 1. 0.]
67,knn,{'n_neighbors': 1},0.5056297717924501,0.07000616311638447,0.01976310242008182,0.14055973931003196,0.5098815512100409,0.07027986965501598,0.51775303382971,0.035603715170278605,0.5178018575851393,0.5178018575851393,"{0: 0.5178018575851393, 1: 0.5178018575851393}","{0: 0.5178018575851393, 1: 0.5178018575851393}",0.5178018575851393,"[[328 318]
 [305 341]]",[1. 0. 0. ... 1. 0. 0.],[1. 1. 1. ... 0. 1. 0.]
296,knn,{'n_neighbors': 1},0.5056297717924501,0.07000616311638447,0.01976310242008182,0.14055973931003196,0.5098815512100409,0.07027986965501598,0.51775303382971,0.035603715170278605,0.5178018575851393,0.5178018575851393,"{0: 0.5178018575851393, 1: 0.5178018575851393}","{0: 0.5178018575851393, 1: 0.5178018575851393}",0.5178018575851393,"[[328 318]
 [305 341]]",[1. 0. 0. ... 1. 0. 0.],[1. 1. 1. ... 0. 1. 0.]
564,knn,{'n_neighbors': 1},0.5056297717924501,0.07000616311638447,0.01976310242008182,0.14055973931003196,0.5098815512100409,0.07027986965501598,0.51775303382971,0.035603715170278605,0.5178018575851393,0.5178018575851393,"{0: 0.5178018575851393, 1: 0.5178018575851393}","{0: 0.5178018575851393, 1: 0.5178018575851393}",0.5178018575851393,"[[328 318]
 [305 341]]",[1. 0. 0. ... 1. 0. 0.],[1. 1. 1. ... 0. 1. 0.]
409,knn,{'n_neighbors': 1},0.5056297717924501,0.07000616311638447,0.01976310242008182,0.14055973931003196,0.5098815512100409,0.07027986965501598,0.51775303382971,0.035603715170278605,0.5178018575851393,0.5178018575851393,"{0: 0.5178018575851393, 1: 0.5178018575851393}","{0: 0.5178018575851393, 1: 0.5178018575851393}",0.5178018575851393,"[[328 318]
 [305 341]]",[1. 0. 0. ... 1. 0. 0.],[1. 1. 1. ... 0. 1. 0.]
816,knn,{'n_neighbors': 1},0.5056297717924501,0.07000616311638447,0.01976310242008182,0.14055973931003196,0.5098815512100409,0.07027986965501598,0.51775303382971,0.035603715170278605,0.5178018575851393,0.5178018575851393,"{0: 0.5178018575851393, 1: 0.5178018575851393}","{0: 0.5178018575851393, 1: 0.5178018575851393}",0.5178018575851393,"[[328 318]
 [305 341]]",[1. 0. 0. ... 1. 0. 0.],[1. 1. 1. ... 0. 1. 0.]
520,knn,{'n_neighbors': 1},0.5056297717924501,0.07000616311638447,0.01976310242008182,0.14055973931003196,0.5098815512100409,0.07027986965501598,0.51775303382971,0.035603715170278605,0.5178018575851393,0.5178018575851393,"{0: 0.5178018575851393, 1: 0.5178018575851393}","{0: 0.5178018575851393, 1: 0.5178018575851393}",0.5178018575851393,"[[328 318]
 [305 341]]",[1. 0. 0. ... 1. 0. 0.],[1. 1. 1. ... 0. 1. 0.]
355,knn,{'n_neighbors': 1},0.5056297717924501,0.07000616311638447,0.01976310242008182,0.14055973931003196,0.5098815512100409,0.07027986965501598,0.51775303382971,0.035603715170278605,0.5178018575851393,0.5178018575851393,"{0: 0.5178018575851393, 1: 0.5178018575851393}","{0: 0.5178018575851393, 1: 0.5178018575851393}",0.5178018575851393,"[[328 318]
 [305 341]]",[1. 0. 0. ... 1. 0. 0.],[1. 1. 1. ... 0. 1. 0.]
666,knn,{'n_neighbors': 1},0.5056297717924501,0.07000616311638447,0.01976310242008182,0.14055973931003196,0.5098815512100409,0.07027986965501598,0.51775303382971,0.035603715170278605,0.5178018575851393,0.5178018575851393,"{0: 0.5178018575851393, 1: 0.5178018575851393}","{0: 0.5178018575851393, 1: 0.5178018575851393}",0.5178018575851393,"[[328 318]
 [305 341]]",[1. 0. 0. ... 1. 0. 0.],[1. 1. 1. ... 0. 1. 0.]
182,knn,{'n_neighbors': 1},0.5056297717924501,0.07000616311638447,0.01976310242008182,0.14055973931003196,0.5098815512100409,0.07027986965501598,0.51775303382971,0.035603715170278605,0.5178018575851393,0.5178018575851393,"{0: 0.5178018575851393, 1: 0.5178018575851393}","{0: 0.5178018575851393, 1: 0.5178018575851393}",0.5178018575851393,"[[328 318]
 [305 341]]",[1. 0. 0. ... 1. 0. 0.],[1. 1. 1. ... 0. 1. 0.]
933,knn,{'n_neighbors': 1},0.5056297717924501,0.07000616311638447,0.01976310242008182,0.14055973931003196,0.5098815512100409,0.07027986965501598,0.51775303382971,0.035603715170278605,0.5178018575851393,0.5178018575851393,"{0: 0.5178018575851393, 1: 0.5178018575851393}","{0: 0.5178018575851393, 1: 0.5178018575851393}",0.5178018575851393,"[[328 318]
 [305 341]]",[1. 0. 0. ... 1. 0. 0.],[1. 1. 1. ... 0. 1. 0.]
614,knn,{'n_neighbors': 1},0.5056297717924501,0.07000616311638447,0.01976310242008182,0.14055973931003196,0.5098815512100409,0.07027986965501598,0.51775303382971,0.035603715170278605,0.5178018575851393,0.5178018575851393,"{0: 0.5178018575851393, 1: 0.5178018575851393}","{0: 0.5178018575851393, 1: 0.5178018575851393}",0.5178018575851393,"[[328 318]
 [305 341]]",[1. 0. 0. ... 1. 0. 0.],[1. 1. 1. ... 0. 1. 0.]
469,SVC,"{'C': 0.1, 'gamma': 0.1, 'kernel': 'sigmoid'}",0.4846136654551669,0.09691912245433332,0.013618070870597783,0.18010621077104996,0.506809035435299,0.090053105385525,0.5200322081819763,0.05727554179566563,0.5286377708978328,0.5286377708978328,"{0: 0.5456440682839863, 1: 0.5456440682839863}","{0: 0.5456440682839863, 1: 0.5456440682839863}",0.5456440682839863,"[[428 218]
 [391 255]]",[1. 0. 0. ... 1. 0. 0.],[1. 1. 1. ... 0. 1. 0.]
39,SVC,"{'C': 0.1, 'gamma': 0.001, 'kernel': 'sigmoid'}",0.3659570727835253,0.08062341309067138,0.012566002017438405,0.07271673031446493,0.5062830010087191,0.03635836515723247,0.41616298695374504,0.018575851393188847,0.5092879256965944,0.5092879256965944,"{0: 0.5018283506982718, 1: 0.5018283506982718}","{0: 0.5018283506982718, 1: 0.5018283506982718}",0.5018283506982718,"[[587  59]
 [575  71]]",[0. 0. 0. ... 0. 1. 1.],[1. 1. 1. ... 0. 1. 0.]
202,AdaBoost,"{'algorithm': 'SAMME', 'learning_rate': 2.957142857142857, 'n_estimators': 85}",0.3632583719474405,0.04727980175625581,0.011337305459329584,0.06664872237809659,0.5056686527296648,0.033324361189048295,0.36134453781512604,0.009287925696594423,0.5046439628482973,0.5046439628482972,"{0: 0.531223341544537, 1: 0.5312233415445371}","{0: 0.531223341544537, 1: 0.5312233415445371}",0.5312233415445371,"[[632  14]
 [626  20]]",[0. 0. 0. ... 0. 0. 0.],[1. 1. 1. ... 0. 1. 0.]
59,SVC,"{'C': 0.1, 'gamma': 0.1, 'kernel': 'sigmoid'}",0.4837284013401332,0.1045904506057283,0.008868069845630955,0.19322724665181434,0.5044340349228155,0.09661362332590717,0.5189368413856417,0.05572755417956654,0.5278637770897833,0.5278637770897833,"{0: 0.5429482694169407, 1: 0.5429482694169406}","{0: 0.5429482694169407, 1: 0.5429482694169406}",0.5429482694169406,"[[429 217]
 [393 253]]",[1. 0. 0. ... 1. 0. 0.],[1. 1. 1. ... 0. 1. 0.]
320,AdaBoost,"{'algorithm': 'SAMME', 'learning_rate': 2.5489795918367344, 'n_estimators': 63}",0.3518398165979618,0.03213227046039028,0.0075847074381557135,0.03601275636188503,0.5037923537190778,0.01800637818094251,0.3526790607082578,0.009287925696594423,0.5046439628482973,0.5046439628482972,"{0: 0.5371109662701645, 1: 0.5371109662701645}","{0: 0.5371109662701645, 1: 0.5371109662701645}",0.5371109662701645,"[[639   7]
 [633  13]]",[0. 0. 0. ... 0. 0. 0.],[1. 1. 1. ... 0. 1. 0.]
993,AdaBoost,"{'algorithm': 'SAMME', 'learning_rate': 2.4673469387755103, 'n_estimators': 96}",0.34968454104178953,0.03566742104712169,0.007109456691606803,0.047132814720695304,0.5035547283458035,0.02356640736034766,0.3504948064790973,0.010835913312693513,0.5054179566563467,0.5054179566563468,"{0: 0.5477408007361328, 1: 0.5477408007361327}","{0: 0.5477408007361328, 1: 0.5477408007361327}",0.5477408007361327,"[[ 11 635]
 [  4 642]]",[1. 1. 1. ... 1. 1. 1.],[1. 1. 1. ... 0. 1. 0.]
768,AdaBoost,"{'algorithm': 'SAMME', 'learning_rate': 2.8755102040816327, 'n_estimators': 52}",0.35199288331972617,0.04832952973339597,0.007066734944710822,0.041896110027669686,0.5035333674723553,0.020948055013834843,0.34863330483768434,0.003095975232198178,0.5015479876160991,0.5015479876160991,"{0: 0.5412217600092017, 1: 0.5412217600092015}","{0: 0.5412217600092017, 1: 0.5412217600092015}",0.5412217600092015,"[[ 11 635]
 [  9 637]]",[1. 1. 1. ... 1. 1. 1.],[1. 1. 1. ... 0. 1. 0.]
890,SVC,"{'C': 0.1, 'gamma': 0.001, 'kernel': 'sigmoid'}",0.387432441574172,0.11638273595540483,0.007049497603845425,0.17657455902316768,0.5035247488019228,0.08828727951158384,0.4276147217569702,-0.023219814241486114,0.48839009287925694,0.48839009287925694,"{0: 0.47108785668414344, 1: 0.4710878566841434}","{0: 0.47108785668414344, 1: 0.4710878566841434}",0.4710878566841434,"[[526 120]
 [541 105]]",[0. 0. 1. ... 0. 0. 0.],[1. 1. 1. ... 0. 1. 0.]
670,SVC,"{'C': 100, 'gamma': 0.1, 'kernel': 'sigmoid'}",0.43203712225780483,0.0824382085214762,0.006805455997847565,0.12134438742228225,0.5034027279989237,0.06067219371114113,0.44065234648264945,0.004643962848297267,0.5023219814241486,0.5023219814241486,"{0: 0.47670949592155587, 1: 0.4767094959215558}","{0: 0.47670949592155587, 1: 0.4767094959215558}",0.4767094959215558,"[[539 107]
 [536 110]]",[1. 0. 0. ... 1. 0. 0.],[1. 1. 1. ... 0. 1. 0.]
115,AdaBoost,"{'algorithm': 'SAMME', 'learning_rate': 2.8755102040816327, 'n_estimators': 85}",0.3570244769668327,0.03773834229011619,0.00584238371440784,0.05752398332927236,0.5029211918572039,0.028761991664636177,0.356908935283391,0.006191950464396245,0.5030959752321982,0.5030959752321982,"{0: 0.5343013447842881, 1: 0.534301344784288}","{0: 0.5343013447842881, 1: 0.534301344784288}",0.534301344784288,"[[633  13]
 [629  17]]",[0. 0. 0. ... 0. 0. 0.],[1. 1. 1. ... 0. 1. 0.]
117,SVC,"{'C': 100, 'gamma': 0.1, 'kernel': 'sigmoid'}",0.4521094325108205,0.06190432773436403,0.005428181974119139,0.11632692971834353,0.5027140909870595,0.058163464859171767,0.4568193883724088,-0.001547987616099089,0.49922600619195046,0.49922600619195046,"{0: 0.47419581324463955, 1: 0.47419581324463955}","{0: 0.47419581324463955, 1: 0.47419581324463955}",0.47419581324463955,"[[503 143]
 [504 142]]",[1. 0. 0. ... 1. 0. 0.],[1. 1. 1. ... 0. 1. 0.]
885,AdaBoost,"{'algorithm': 'SAMME', 'learning_rate': 2.7122448979591836, 'n_estimators': 85}",0.3488156110639968,0.020967679806401622,0.004232070368968643,0.03422869818306669,0.5021160351844843,0.01711434909153334,0.3506561827729711,0.006191950464396245,0.5030959752321982,0.5030959752321982,"{0: 0.5376609092390419, 1: 0.5376609092390419}","{0: 0.5376609092390419, 1: 0.5376609092390419}",0.5376609092390419,"[[638   8]
 [634  12]]",[0. 0. 0. ... 0. 0. 0.],[1. 1. 1. ... 0. 1. 0.]
996,AdaBoost,"{'algorithm': 'SAMME', 'learning_rate': 4.1, 'n_estimators': 52}",0.4371709886103834,0.09592903322623966,0.004145614585182096,0.17467097543546378,0.5020728072925911,0.08733548771773189,0.4775518343516483,-0.017027863777089758,0.4914860681114551,0.4914860681114551,"{0: 0.46671467185538057, 1: 0.46671467185538057}","{0: 0.46671467185538057, 1: 0.46671467185538057}",0.46671467185538057,"[[423 223]
 [434 212]]",[0. 0. 0. ... 1. 1. 1.],[1. 1. 1. ... 0. 1. 0.]
730,AdaBoost,"{'algorithm': 'SAMME.R', 'learning_rate': 2.3857142857142857, 'n_estimators': 30}",0.3437868841629038,0.02113304302178074,0.003197261717126785,0.02569168123951118,0.5015986308585635,0.012845840619755595,0.3464290462692638,0.004643962848297267,0.5023219814241486,0.5023219814241486,"{0: 0.40114206021336357, 1: 0.40114206021336346}","{0: 0.40114206021336357, 1: 0.40114206021336346}",0.40114206021336346,"[[640   6]
 [637   9]]",[0. 0. 0. ... 0. 0. 0.],[1. 1. 1. ... 0. 1. 0.]
196,SVC,"{'C': 1, 'gamma': 0.0001, 'kernel': 'sigmoid'}",0.35591400420645575,0.057215498448977685,0.0020413793103448217,0.02582552268355311,0.5010206896551724,0.012912761341776558,0.38979089277515755,0.001547987616099089,0.5007739938080495,0.5007739938080495,"{0: 0.48241620258988394, 1: 0.482416202589884}","{0: 0.48241620258988394, 1: 0.482416202589884}",0.482416202589884,"[[599  47]
 [598  48]]",[0. 0. 0. ... 0. 0. 0.],[1. 1. 1. ... 0. 1. 0.]
990,AdaBoost,"{'algorithm': 'SAMME', 'learning_rate': 2.5489795918367344, 'n_estimators': 96}",0.34417728629156,0.04002011010742643,0.0019332114808788337,0.052101035268405795,0.5009666057404394,0.0260505176342029,0.3464290462692638,0.004643962848297267,0.5023219814241486,0.5023219814241486,"{0: 0.5315061008923692, 1: 0.5315061008923693}","{0: 0.5315061008923692, 1: 0.5315061008923693}",0.5315061008923693,"[[  9 637]
 [  6 640]]",[1. 1. 1. ... 1. 1. 1.],[1. 1. 1. ... 0. 1. 0.]
358,SVC,"{'C': 0.1, 'gamma': 0.001, 'kernel': 'sigmoid'}",0.34261696209084325,0.04511636413135215,0.0017482517482517502,0.05796608065860286,0.5008741258741258,0.02898304032930144,0.37275706876172227,-0.007739938080495445,0.49613003095975233,0.4961300309597523,"{0: 0.4573632451188069, 1: 0.4573632451188069}","{0: 0.4573632451188069, 1: 0.4573632451188069}",0.4573632451188069,"[[607  39]
 [612  34]]",[0. 0. 0. ... 0. 0. 0.],[1. 1. 1. ... 0. 1. 0.]
335,SVC,"{'C': 1000, 'gamma': 1, 'kernel': 'sigmoid'}",0.4629605427094837,0.10099647789136847,0.0002726926954489306,0.16847951287231336,0.5001363463477244,0.0842397564361567,0.49228388090126696,0.017027863777089758,0.5085139318885449,0.5085139318885449,"{0: 0.4992667427081636, 1: 0.49926674270816357}","{0: 0.4992667427081636, 1: 0.49926674270816357}",0.49926674270816357,"[[444 202]
 [433 213]]",[0. 0. 1. ... 0. 0. 0.],[1. 1. 1. ... 0. 1. 0.]
314,SVC,"{'C': 0.1, 'gamma': 0.0001, 'kernel': 'sigmoid'}",0.3384487388824708,0.018072601570027665,-0.0021743589743589762,0.016660451701186692,0.4989128205128205,0.00833022585059333,0.4949414024383981,-0.001547987616099089,0.49922600619195046,0.49922600619195046,"{0: 0.49285912833440365, 1: 0.49285912833440376}","{0: 0.49285912833440365, 1: 0.49285912833440376}",0.49285912833440376,"[[263 383]
 [264 382]]",[1. 1. 1. ... 0. 0. 0.],[1. 1. 1. ... 0. 1. 0.]
325,SVC,"{'C': 100, 'gamma': 0.1, 'kernel': 'rbf'}",0.49540254557727453,0.07609344824873294,-0.002466696015962713,0.15094613478596064,0.49876665199201864,0.07547306739298032,0.5030912123303428,0.006191950464396245,0.5030959752321982,0.5030959752321982,"{0: 0.5210308255614451, 1: 0.5210308255614451}","{0: 0.5210308255614451, 1: 0.5210308255614451}",0.5210308255614451,"[[323 323]
 [319 327]]",[1. 0. 1. ... 1. 0. 1.],[1. 1. 1. ... 0. 1. 0.]
861,SVC,"{'C': 1000, 'gamma': 1, 'kernel': 'sigmoid'}",0.46428463310624174,0.09495078847977817,-0.004504219459515682,0.14531928893802135,0.49774789027024213,0.07265964446901067,0.48557062919239546,-0.010835913312693402,0.49458204334365324,0.4945820433436533,"{0: 0.4878988584190398, 1: 0.48789885841903974}","{0: 0.4878988584190398, 1: 0.48789885841903974}",0.48789885841903974,"[[405 241]
 [412 234]]",[0. 0. 1. ... 0. 0. 1.],[1. 1. 1. ... 0. 1. 0.]
458,SVC,"{'C': 1, 'gamma': 0.0001, 'kernel': 'rbf'}",0.3597957771609048,0.046632967371371715,-0.004683127741660429,0.0575235656923192,0.4976584361291698,0.028761782846159607,0.38535090949259887,0.0,0.5,0.5,"{0: 0.4677870007380498, 1: 0.4677870007380498}","{0: 0.4677870007380498, 1: 0.4677870007380498}",0.4677870007380498,"[[602  44]
 [602  44]]",[0. 0. 0. ... 0. 0. 0.],[1. 1. 1. ... 0. 1. 0.]
109,SVC,"{'C': 0.1, 'gamma': 0.0001, 'kernel': 'sigmoid'}",0.3358966944637387,0.014674365797369934,-0.004718111346018326,0.02571193665311889,0.4976409443269908,0.012855968326559445,0.4881349124732518,-0.010835913312693402,0.49458204334365324,0.49458204334365324,"{0: 0.4915507672842643, 1: 0.4915507672842642}","{0: 0.4915507672842643, 1: 0.4915507672842642}",0.4915507672842642,"[[392 254]
 [399 247]]",[1. 1. 1. ... 0. 0. 0.],[1. 1. 1. ... 0. 1. 0.]
7,SVC,"{'C': 1000, 'gamma': 1, 'kernel': 'sigmoid'}",0.47244950905784505,0.09884560816750075,-0.005738337388602299,0.16919936305245636,0.49713083130569885,0.08459968152622815,0.4810590338409816,-0.020123839009287936,0.48993808049535603,0.48993808049535603,"{0: 0.48822235428308525, 1: 0.4882223542830852}","{0: 0.48822235428308525, 1: 0.4882223542830852}",0.4882223542830852,"[[401 245]
 [414 232]]",[0. 1. 0. ... 0. 0. 1.],[1. 1. 1. ... 0. 1. 0.]
282,SVC,"{'C': 100, 'gamma': 0.1, 'kernel': 'rbf'}",0.49091040504201167,0.07415783784724887,-0.012179624497040012,0.14659018182893768,0.49391018775148,0.07329509091446886,0.49767771765144253,-0.004643962848297267,0.49767801857585137,0.49767801857585137,"{0: 0.5207732270030385, 1: 0.5207732270030385}","{0: 0.5207732270030385, 1: 0.5207732270030385}",0.5207732270030385,"[[322 324]
 [325 321]]",[1. 0. 1. ... 1. 0. 1.],[1. 1. 1. ... 0. 1. 0.]
2,SVC,"{'C': 100, 'gamma': 0.1, 'kernel': 'rbf'}",0.48969054730477674,0.07638499837730427,-0.013811909539968803,0.15123462780904348,0.4930940452300156,0.07561731390452174,0.49767771765144253,-0.004643962848297267,0.49767801857585137,0.49767801857585137,"{0: 0.5194912248751546, 1: 0.5194912248751546}","{0: 0.5194912248751546, 1: 0.5194912248751546}",0.5194912248751546,"[[321 325]
 [324 322]]",[1. 0. 1. ... 1. 0. 1.],[1. 1. 1. ... 0. 1. 0.]
750,SVC,"{'C': 10, 'gamma': 1, 'kernel': 'sigmoid'}",0.47090898468363285,0.1023822554045625,-0.01842655290054358,0.18648191863481187,0.49078672354972824,0.09324095931740593,0.4818927028623969,-0.020123839009287936,0.48993808049535603,0.48993808049535603,"{0: 0.4877167422289105, 1: 0.4877167422289105}","{0: 0.4877167422289105, 1: 0.4877167422289105}",0.4877167422289105,"[[397 249]
 [410 236]]",[0. 0. 1. ... 0. 0. 1.],[1. 1. 1. ... 0. 1. 0.]
871,AdaBoost,"{'algorithm': 'SAMME.R', 'learning_rate': 3.120408163265306, 'n_estimators': 30}",0.36146607826850463,0.04133878038179454,-0.018579302306888517,0.04690590319616091,0.49071034884655573,0.02345295159808046,0.44726214194781433,-0.020123839009287936,0.48993808049535603,0.48993808049535603,"{0: 0.430831791735759, 1: 0.43083179173575903}","{0: 0.430831791735759, 1: 0.43083179173575903}",0.43083179173575903,"[[496 150]
 [509 137]]",[0. 0. 0. ... 0. 0. 0.],[1. 1. 1. ... 0. 1. 0.]
50,SVC,"{'C': 1, 'gamma': 0.0001, 'kernel': 'rbf'}",0.3439931796174552,0.028346060175668326,-0.020102105130012114,0.05044354736183654,0.48994894743499395,0.025221773680918262,0.3466831486780245,-0.020123839009287936,0.48993808049535603,0.48993808049535603,"{0: 0.4624145731292354, 1: 0.46241457312923545}","{0: 0.4624145731292354, 1: 0.46241457312923545}",0.46241457312923545,"[[619  27]
 [632  14]]",[0. 0. 0. ... 0. 0. 0.],[1. 1. 1. ... 0. 1. 0.]
905,SVC,"{'C': 100, 'gamma': 0.1, 'kernel': 'rbf'}",0.486662070734041,0.07573876754553202,-0.02028582728378135,0.14941237939603863,0.4898570863581094,0.07470618969801932,0.49380683656230906,-0.01238390092879249,0.4938080495356037,0.49380804953560375,"{0: 0.5180965982612696, 1: 0.5180965982612696}","{0: 0.5180965982612696, 1: 0.5180965982612696}",0.5180965982612696,"[[318 328]
 [326 320]]",[1. 0. 1. ... 1. 0. 1.],[1. 1. 1. ... 0. 1. 0.]
737,SVC,"{'C': 100, 'gamma': 0.1, 'kernel': 'rbf'}",0.4859005767291729,0.07580191705025292,-0.021792824162871257,0.14964968606923532,0.4891035879185644,0.07482484303461767,0.4938080495356037,-0.01238390092879249,0.4938080495356037,0.4938080495356037,"{0: 0.5176461003172657, 1: 0.5176461003172655}","{0: 0.5176461003172657, 1: 0.5176461003172655}",0.5176461003172655,"[[319 327]
 [327 319]]",[1. 0. 1. ... 1. 0. 1.],[1. 1. 1. ... 0. 1. 0.]
96,AdaBoost,"{'algorithm': 'SAMME.R', 'learning_rate': 2.793877551020408, 'n_estimators': 30}",0.3393633487177042,0.03956304751287497,-0.03349598690694025,0.11505633426559868,0.48325200654652983,0.05752816713279934,0.4204318342281989,-0.05727554179566563,0.4713622291021672,0.4713622291021672,"{0: 0.4691588628281686, 1: 0.4691588628281686}","{0: 0.4691588628281686, 1: 0.4691588628281686}",0.4691588628281686,"[[496 150]
 [533 113]]",[0. 0. 0. ... 0. 0. 0.],[1. 1. 1. ... 0. 1. 0.]
723,SVC,"{'C': 0.1, 'gamma': 0.001, 'kernel': 'sigmoid'}",0.3727817975268542,0.0562504506614446,-0.03374050971566185,0.0832973490277821,0.4831297451421691,0.041648674513891044,0.45336840388222827,-0.02786377708978338,0.48606811145510836,0.48606811145510836,"{0: 0.47347573541393084, 1: 0.47347573541393095}","{0: 0.47347573541393084, 1: 0.47347573541393095}",0.47347573541393095,"[[472 174]
 [490 156]]",[0. 0. 0. ... 0. 1. 1.],[1. 1. 1. ... 0. 1. 0.]
543,SVC,"{'C': 1, 'gamma': 0.0001, 'kernel': 'sigmoid'}",0.3529664187923428,0.05116038671508887,-0.04147845487845489,0.08639497708582983,0.47926077256077254,0.0431974885429149,0.4328606442577031,-0.05572755417956654,0.47213622291021673,0.47213622291021673,"{0: 0.46793796547460437, 1: 0.4679379654746044}","{0: 0.46793796547460437, 1: 0.4679379654746044}",0.4679379654746044,"[[475 171]
 [511 135]]",[0. 0. 0. ... 0. 0. 0.],[1. 1. 1. ... 0. 1. 0.]
155,SVC,"{'C': 100, 'gamma': 1, 'kernel': 'sigmoid'}",0.4635155887897042,0.08071510848201162,-0.042385090765912986,0.1506737029436969,0.4788074546170435,0.07533685147184845,0.46769606244034456,-0.05572755417956654,0.47213622291021673,0.47213622291021673,"{0: 0.46495102032991786, 1: 0.46495102032991786}","{0: 0.46495102032991786, 1: 0.46495102032991786}",0.46495102032991786,"[[364 282]
 [400 246]]",[0. 0. 1. ... 1. 1. 0.],[1. 1. 1. ... 0. 1. 0.]
442,AdaBoost,"{'algorithm': 'SAMME', 'learning_rate': 2.2224489795918365, 'n_estimators': 74}",0.4033105973276315,0.11081672324886285,-0.04948333123190436,0.20172978505814554,0.4752583343840478,0.10086489252907278,0.43736945049267445,-0.004643962848297267,0.49767801857585137,0.49767801857585137,"{0: 0.5016749896960577, 1: 0.5016749896960577}","{0: 0.5016749896960577, 1: 0.5016749896960577}",0.5016749896960577,"[[110 536]
 [113 533]]",[1. 1. 1. ... 1. 1. 1.],[1. 1. 1. ... 0. 1. 0.]
998,AdaBoost,"{'algorithm': 'SAMME', 'learning_rate': 2.2224489795918365, 'n_estimators': 96}",0.4033105973276315,0.11081672324886285,-0.04948333123190436,0.20172978505814554,0.4752583343840478,0.10086489252907278,0.43736945049267445,-0.004643962848297267,0.49767801857585137,0.49767801857585137,"{0: 0.49749590238572206, 1: 0.49749590238572206}","{0: 0.49749590238572206, 1: 0.49749590238572206}",0.49749590238572206,"[[110 536]
 [113 533]]",[1. 1. 1. ... 1. 1. 1.],[1. 1. 1. ... 0. 1. 0.]
399,SVC,"{'C': 1, 'gamma': 1, 'kernel': 'sigmoid'}",0.4451736618282717,0.08084022413548582,-0.05312310196723969,0.14758673507853964,0.4734384490163801,0.07379336753926984,0.4594603825136612,-0.0619195046439629,0.46904024767801855,0.46904024767801855,"{0: 0.453565164048347, 1: 0.4535651640483471}","{0: 0.453565164048347, 1: 0.4535651640483471}",0.4535651640483471,"[[389 257]
 [429 217]]",[0. 1. 0. ... 0. 0. 1.],[1. 1. 1. ... 0. 1. 0.]
692,AdaBoost,"{'algorithm': 'SAMME', 'learning_rate': 3.2836734693877547, 'n_estimators': 74}",0.3642194667122982,0.0524484177754484,-0.080836139318506,0.10021428723827548,0.459581930340747,0.05010714361913774,0.36180877726230465,-0.08978328173374606,0.4551083591331269,0.4551083591331269,"{0: 0.48328245262582786, 1: 0.4832824526258279}","{0: 0.48328245262582786, 1: 0.4832824526258279}",0.4832824526258279,"[[ 47 599]
 [105 541]]",[1. 1. 1. ... 1. 1. 1.],[1. 1. 1. ... 0. 1. 0.]
142,AdaBoost,"{'algorithm': 'SAMME', 'learning_rate': 2.1408163265306124, 'n_estimators': 74}",0.37662035985996867,0.09679072604450328,-0.10425610868995687,0.19166209881235052,0.44787194565502164,0.09583104940617526,0.40359065460809646,-0.0619195046439629,0.46904024767801855,0.4690402476780186,"{0: 0.519796748746753, 1: 0.5197967487467531}","{0: 0.519796748746753, 1: 0.5197967487467531}",0.5197967487467531,"[[ 89 557]
 [129 517]]",[1. 0. 0. ... 1. 1. 1.],[1. 1. 1. ... 0. 1. 0.]
828,AdaBoost,"{'algorithm': 'SAMME', 'learning_rate': 2.1408163265306124, 'n_estimators': 74}",0.37662035985996867,0.09679072604450328,-0.10425610868995687,0.19166209881235052,0.44787194565502164,0.09583104940617526,0.40359065460809646,-0.0619195046439629,0.46904024767801855,0.4690402476780186,"{0: 0.519796748746753, 1: 0.5197967487467531}","{0: 0.519796748746753, 1: 0.5197967487467531}",0.5197967487467531,"[[ 89 557]
 [129 517]]",[1. 0. 0. ... 1. 1. 1.],[1. 1. 1. ... 0. 1. 0.]
992,AdaBoost,"{'algorithm': 'SAMME', 'learning_rate': 3.691836734693877, 'n_estimators': 30}",0.36624379117934475,0.05998968890292393,-0.12103790345475293,0.1157127595187696,0.4394810482726236,0.0578563797593848,0.356607773472661,-0.15015479876160986,0.42492260061919507,0.42492260061919507,"{0: 0.3943186937476636, 1: 0.3943186937476636}","{0: 0.3943186937476636, 1: 0.3943186937476636}",0.3943186937476636,"[[ 64 582]
 [161 485]]",[1. 1. 1. ... 1. 1. 1.],[1. 1. 1. ... 0. 1. 0.]
968,AdaBoost,"{'algorithm': 'SAMME', 'learning_rate': 3.5285714285714285, 'n_estimators': 96}",0.36438139001536685,0.059042631020676056,-0.12170292808529477,0.11368497169484987,0.43914853595735265,0.056842485847424934,0.35440621143493156,-0.15015479876160986,0.42492260061919507,0.424922600619195,"{0: 0.39778489202426937, 1: 0.3977848920242694}","{0: 0.39778489202426937, 1: 0.3977848920242694}",0.3977848920242694,"[[ 61 585]
 [158 488]]",[1. 1. 1. ... 1. 1. 1.],[1. 1. 1. ... 0. 1. 0.]
171,AdaBoost,"{'algorithm': 'SAMME', 'learning_rate': 3.936734693877551, 'n_estimators': 30}",0.36406492365899995,0.059728409890045076,-0.12365751129789018,0.11703513378203316,0.4381712443510549,0.05851756689101658,0.3546453546453547,-0.15170278637770895,0.4241486068111455,0.4241486068111455,"{0: 0.3938646014051702, 1: 0.39386460140517016}","{0: 0.3938646014051702, 1: 0.39386460140517016}",0.39386460140517016,"[[ 62 584]
 [160 486]]",[1. 1. 1. ... 1. 1. 1.],[1. 1. 1. ... 0. 1. 0.]
465,AdaBoost,"{'algorithm': 'SAMME', 'learning_rate': 4.018367346938775, 'n_estimators': 30}",0.36406492365899995,0.059728409890045076,-0.12365751129789018,0.11703513378203316,0.4381712443510549,0.05851756689101658,0.3546453546453547,-0.15170278637770895,0.4241486068111455,0.4241486068111455,"{0: 0.3938646014051702, 1: 0.39386460140517016}","{0: 0.3938646014051702, 1: 0.39386460140517016}",0.39386460140517016,"[[ 62 584]
 [160 486]]",[1. 1. 1. ... 1. 1. 1.],[1. 1. 1. ... 0. 1. 0.]
999,AdaBoost,"{'algorithm': 'SAMME', 'learning_rate': 3.610204081632653, 'n_estimators': 74}",0.364313313155925,0.05972921219024629,-0.12405586926176536,0.11658341020910933,0.43797206536911737,0.05829170510455466,0.3546453546453547,-0.15170278637770895,0.4241486068111455,0.4241486068111455,"{0: 0.3943282788103021, 1: 0.3943282788103021}","{0: 0.3943282788103021, 1: 0.3943282788103021}",0.3943282788103021,"[[ 62 584]
 [160 486]]",[1. 1. 1. ... 1. 1. 1.],[1. 1. 1. ... 0. 1. 0.]
376,AdaBoost,"{'algorithm': 'SAMME', 'learning_rate': 3.610204081632653, 'n_estimators': 30}",0.36353048339846383,0.05920406000719688,-0.12427655891693778,0.11655985527183638,0.43786172054153105,0.05827992763591819,0.35390794925083413,-0.15170278637770895,0.4241486068111455,0.4241486068111455,"{0: 0.39315650490275955, 1: 0.3931565049027596}","{0: 0.39315650490275955, 1: 0.3931565049027596}",0.3931565049027596,"[[ 61 585]
 [159 487]]",[1. 1. 1. ... 1. 1. 1.],[1. 1. 1. ... 0. 1. 0.]
966,AdaBoost,"{'algorithm': 'SAMME', 'learning_rate': 3.7734693877551018, 'n_estimators': 96}",0.36098065079054764,0.05508001777355379,-0.1272359084914023,0.1063681769326033,0.43638204575429895,0.05318408846630165,0.3941901434005035,-0.15015479876160986,0.42492260061919507,0.424922600619195,"{0: 0.3946865205264116, 1: 0.3946865205264116}","{0: 0.3946865205264116, 1: 0.3946865205264116}",0.3946865205264116,"[[129 517]
 [226 420]]",[1. 1. 1. ... 1. 1. 1.],[1. 1. 1. ... 0. 1. 0.]
