trial_id,model_name,params,avg_f1,std_f1,avg_kappa,std_kappa,avg_accuracy,std_accuracy,f1_overall,kappa_overall,accuracy_overall,balanced_accuracy,roc_auc_overall,weighted_roc,roc_avg,confusion_matrix,y_pred,y_actual
259,SVC,"{'C': 100, 'gamma': 0.01, 'kernel': 'rbf'}",0.5910271446070762,0.07190194715767151,0.20159913782837904,0.13125444027796154,0.6007995689141895,0.06562722013898076,0.5982616003361547,0.19814241486068107,0.5990712074303406,0.5990712074303406,"{0: 0.6313297357398231, 1: 0.6313297357398231}","{0: 0.6313297357398231, 1: 0.6313297357398231}",0.6313297357398231,"[[416 230]
 [288 358]]",[0. 1. 0. ... 0. 1. 0.],[1. 1. 1. ... 0. 1. 0.]
589,SVC,"{'C': 100, 'gamma': 0.01, 'kernel': 'rbf'}",0.5902515240942784,0.07045041294358326,0.19910803828464793,0.13100733834142475,0.599554019142324,0.06550366917071238,0.5959065496526258,0.19349845201238391,0.596749226006192,0.596749226006192,"{0: 0.630523392345369, 1: 0.6305233923453689}","{0: 0.630523392345369, 1: 0.6305233923453689}",0.6305233923453689,"[[415 231]
 [290 356]]",[0. 1. 0. ... 0. 1. 0.],[1. 1. 1. ... 0. 1. 0.]
472,SVC,"{'C': 100, 'gamma': 0.01, 'kernel': 'rbf'}",0.5902409190236717,0.07227706984663848,0.19893343511004477,0.1349859859794139,0.5994667175550223,0.06749299298970696,0.5975679359323602,0.1965944272445821,0.598297213622291,0.598297213622291,"{0: 0.6305150054155604, 1: 0.6305150054155604}","{0: 0.6305150054155604, 1: 0.6305150054155604}",0.6305150054155604,"[[414 232]
 [287 359]]",[0. 1. 0. ... 0. 1. 0.],[1. 1. 1. ... 0. 1. 0.]
536,SVC,"{'C': 100, 'gamma': 0.01, 'kernel': 'rbf'}",0.5889676615294055,0.07179217719434917,0.19845847202532352,0.13090292076170454,0.5992292360126618,0.06545146038085226,0.5959628214631922,0.19349845201238391,0.596749226006192,0.596749226006192,"{0: 0.6294822149162744, 1: 0.6294822149162744}","{0: 0.6294822149162744, 1: 0.6294822149162744}",0.6294822149162744,"[[414 232]
 [289 357]]",[0. 1. 0. ... 0. 1. 0.],[1. 1. 1. ... 0. 1. 0.]
574,SVC,"{'C': 100, 'gamma': 0.01, 'kernel': 'rbf'}",0.5899867382863029,0.07089892569644238,0.1984198182920801,0.13213691837270808,0.59920990914604,0.06606845918635404,0.5968189117759315,0.195046439628483,0.5975232198142415,0.5975232198142415,"{0: 0.631401623709611, 1: 0.631401623709611}","{0: 0.631401623709611, 1: 0.631401623709611}",0.631401623709611,"[[413 233]
 [287 359]]",[0. 1. 0. ... 0. 1. 0.],[1. 1. 1. ... 0. 1. 0.]
405,SVC,"{'C': 100, 'gamma': 0.01, 'kernel': 'rbf'}",0.589408676976677,0.07254010143079852,0.1983830314906756,0.13338654983011825,0.5991915157453378,0.06669327491505912,0.596710486823939,0.195046439628483,0.5975232198142415,0.5975232198142415,"{0: 0.6298224846399372, 1: 0.6298224846399372}","{0: 0.6298224846399372, 1: 0.6298224846399372}",0.6298224846399372,"[[415 231]
 [289 357]]",[0. 1. 0. ... 0. 1. 0.],[1. 1. 1. ... 0. 1. 0.]
922,SVC,"{'C': 100, 'gamma': 0.01, 'kernel': 'rbf'}",0.5893962071833304,0.07225997226523223,0.19829283416509597,0.13213381335549676,0.599146417082548,0.06606690667774837,0.5960171379976101,0.19349845201238391,0.596749226006192,0.596749226006192,"{0: 0.6302945489748776, 1: 0.6302945489748776}","{0: 0.6302945489748776, 1: 0.6302945489748776}",0.6302945489748776,"[[413 233]
 [288 358]]",[0. 1. 0. ... 0. 1. 0.],[1. 1. 1. ... 0. 1. 0.]
148,SVC,"{'C': 100, 'gamma': 0.01, 'kernel': 'rbf'}",0.5893122062901973,0.07251932513659932,0.197997727139854,0.1329011005633317,0.5989988635699269,0.06645055028166584,0.596765674666052,0.195046439628483,0.5975232198142415,0.5975232198142415,"{0: 0.630730669324924, 1: 0.6307306693249239}","{0: 0.630730669324924, 1: 0.6307306693249239}",0.6307306693249239,"[[414 232]
 [288 358]]",[0. 1. 0. ... 0. 1. 0.],[1. 1. 1. ... 0. 1. 0.]
580,SVC,"{'C': 100, 'gamma': 0.01, 'kernel': 'rbf'}",0.5894704612905133,0.07211910649329559,0.19795541313202275,0.13220699937255145,0.5989777065660113,0.06610349968627571,0.5968189117759315,0.195046439628483,0.5975232198142415,0.5975232198142415,"{0: 0.6302106796767917, 1: 0.6302106796767917}","{0: 0.6302106796767917, 1: 0.6302106796767917}",0.6302106796767917,"[[413 233]
 [287 359]]",[0. 1. 0. ... 0. 1. 0.],[1. 1. 1. ... 0. 1. 0.]
399,SVC,"{'C': 100, 'gamma': 0.01, 'kernel': 'rbf'}",0.5897948985026622,0.06967989666798013,0.19793820333033021,0.12951179869750407,0.598969101665165,0.064755899348752,0.5959628214631922,0.19349845201238391,0.596749226006192,0.596749226006192,"{0: 0.6302993415061967, 1: 0.6302993415061967}","{0: 0.6302993415061967, 1: 0.6302993415061967}",0.6302993415061967,"[[414 232]
 [289 357]]",[0. 1. 0. ... 0. 1. 0.],[1. 1. 1. ... 0. 1. 0.]
566,SVC,"{'C': 100, 'gamma': 0.01, 'kernel': 'rbf'}",0.5897261459741625,0.07037452036094882,0.19790384124159058,0.13126583779200304,0.5989519206207953,0.06563291889600151,0.5951593733117234,0.19195046439628483,0.5959752321981424,0.5959752321981424,"{0: 0.6311188643617787, 1: 0.6311188643617787}","{0: 0.6311188643617787, 1: 0.6311188643617787}",0.6311188643617787,"[[414 232]
 [290 356]]",[0. 1. 0. ... 0. 1. 0.],[1. 1. 1. ... 0. 1. 0.]
325,SVC,"{'C': 100, 'gamma': 0.01, 'kernel': 'rbf'}",0.589042183324045,0.07264354750503454,0.19789436673214578,0.1327601920065601,0.5989471833660729,0.06638009600328004,0.596710486823939,0.195046439628483,0.5975232198142415,0.5975232198142415,"{0: 0.6314148031707387, 1: 0.6314148031707387}","{0: 0.6314148031707387, 1: 0.6314148031707387}",0.6314148031707387,"[[415 231]
 [289 357]]",[0. 1. 0. ... 0. 1. 0.],[1. 1. 1. ... 0. 1. 0.]
762,SVC,"{'C': 100, 'gamma': 0.01, 'kernel': 'rbf'}",0.5894284557500936,0.07209586464312533,0.1978916704058903,0.13212530991450339,0.5989458352029452,0.06606265495725168,0.5960171379976101,0.19349845201238391,0.596749226006192,0.596749226006192,"{0: 0.6308037554275417, 1: 0.6308037554275416}","{0: 0.6308037554275417, 1: 0.6308037554275416}",0.6308037554275416,"[[413 233]
 [288 358]]",[0. 1. 0. ... 0. 1. 0.],[1. 1. 1. ... 0. 1. 0.]
586,SVC,"{'C': 100, 'gamma': 0.01, 'kernel': 'rbf'}",0.5892113028940194,0.07239072192691119,0.19782789697002381,0.13271914664816858,0.5989139484850119,0.06635957332408428,0.5959628214631922,0.19349845201238391,0.596749226006192,0.596749226006192,"{0: 0.6298692118202993, 1: 0.6298692118202992}","{0: 0.6298692118202993, 1: 0.6298692118202992}",0.6298692118202992,"[[414 232]
 [289 357]]",[0. 1. 0. ... 0. 1. 0.],[1. 1. 1. ... 0. 1. 0.]
799,SVC,"{'C': 100, 'gamma': 0.01, 'kernel': 'rbf'}",0.5887793958084758,0.07348885438765634,0.19781142166856985,0.1347376678763447,0.5989057108342849,0.06736883393817235,0.596710486823939,0.195046439628483,0.5975232198142415,0.5975232198142415,"{0: 0.6297865406550432, 1: 0.6297865406550431}","{0: 0.6297865406550432, 1: 0.6297865406550431}",0.6297865406550431,"[[415 231]
 [289 357]]",[0. 1. 0. ... 0. 1. 0.],[1. 1. 1. ... 0. 1. 0.]
932,SVC,"{'C': 100, 'gamma': 0.01, 'kernel': 'rbf'}",0.5891114367800957,0.06977622348444214,0.1977379109326694,0.12964991533416872,0.5988689554663347,0.06482495766708435,0.5960171379976101,0.19349845201238391,0.596749226006192,0.596749226006192,"{0: 0.6314231901005473, 1: 0.6314231901005473}","{0: 0.6314231901005473, 1: 0.6314231901005473}",0.6314231901005473,"[[413 233]
 [288 358]]",[0. 1. 0. ... 0. 1. 0.],[1. 1. 1. ... 0. 1. 0.]
997,SVC,"{'C': 100, 'gamma': 0.01, 'kernel': 'rbf'}",0.5900110903199264,0.06903190029742756,0.19772262659488843,0.13032039415907873,0.5988613132974442,0.06516019707953935,0.5960171379976101,0.19349845201238391,0.596749226006192,0.596749226006192,"{0: 0.630927163109011, 1: 0.6309271631090109}","{0: 0.630927163109011, 1: 0.6309271631090109}",0.6309271631090109,"[[413 233]
 [288 358]]",[0. 1. 0. ... 0. 1. 0.],[1. 1. 1. ... 0. 1. 0.]
495,SVC,"{'C': 100, 'gamma': 0.01, 'kernel': 'rbf'}",0.5897297121176652,0.0721557785220323,0.19770457765036883,0.13470803080802432,0.5988522888251844,0.06735401540401216,0.5959628214631922,0.19349845201238391,0.596749226006192,0.596749226006192,"{0: 0.63146632288242, 1: 0.63146632288242}","{0: 0.63146632288242, 1: 0.63146632288242}",0.63146632288242,"[[414 232]
 [289 357]]",[0. 1. 0. ... 0. 1. 0.],[1. 1. 1. ... 0. 1. 0.]
257,SVC,"{'C': 100, 'gamma': 0.01, 'kernel': 'rbf'}",0.5894499571445639,0.07100532075508237,0.19752917270578232,0.13249473113092494,0.5987645863528912,0.06624736556546247,0.5960171379976101,0.19349845201238391,0.596749226006192,0.596749226006192,"{0: 0.6295349327607855, 1: 0.6295349327607855}","{0: 0.6295349327607855, 1: 0.6295349327607855}",0.6295349327607855,"[[413 233]
 [288 358]]",[0. 1. 0. ... 0. 1. 0.],[1. 1. 1. ... 0. 1. 0.]
381,SVC,"{'C': 100, 'gamma': 0.01, 'kernel': 'rbf'}",0.5889717400632997,0.07299123212346,0.19744259261920225,0.13383411620265095,0.5987212963096011,0.06691705810132546,0.5960171379976101,0.19349845201238391,0.596749226006192,0.596749226006192,"{0: 0.6312506589730564, 1: 0.6312506589730563}","{0: 0.6312506589730564, 1: 0.6312506589730563}",0.6312506589730563,"[[413 233]
 [288 358]]",[0. 1. 0. ... 0. 1. 0.],[1. 1. 1. ... 0. 1. 0.]
981,SVC,"{'C': 100, 'gamma': 0.01, 'kernel': 'rbf'}",0.5894401694433181,0.06895708204544286,0.19741042555255245,0.12831017720552787,0.5987052127762762,0.06415508860276392,0.5952147734147676,0.19195046439628483,0.5959752321981424,0.5959752321981424,"{0: 0.6313453114666104, 1: 0.6313453114666104}","{0: 0.6313453114666104, 1: 0.6313453114666104}",0.6313453114666104,"[[413 233]
 [289 357]]",[0. 1. 0. ... 0. 1. 0.],[1. 1. 1. ... 0. 1. 0.]
940,SVC,"{'C': 100, 'gamma': 0.01, 'kernel': 'rbf'}",0.5889790295481236,0.07195435428666104,0.1972834414255683,0.13179934230086474,0.5986417207127842,0.06589967115043237,0.5959628214631922,0.19349845201238391,0.596749226006192,0.596749226006192,"{0: 0.6306971216056897, 1: 0.6306971216056897}","{0: 0.6306971216056897, 1: 0.6306971216056897}",0.6306971216056897,"[[414 232]
 [289 357]]",[0. 1. 0. ... 0. 1. 0.],[1. 1. 1. ... 0. 1. 0.]
444,SVC,"{'C': 100, 'gamma': 0.01, 'kernel': 'rbf'}",0.588694584224902,0.07209041956825764,0.19712050534974657,0.1320907123784173,0.5985602526748732,0.06604535618920865,0.5952147734147676,0.19195046439628483,0.5959752321981424,0.5959752321981424,"{0: 0.6297721630610856, 1: 0.6297721630610855}","{0: 0.6297721630610856, 1: 0.6297721630610855}",0.6297721630610855,"[[413 233]
 [289 357]]",[0. 1. 0. ... 0. 1. 0.],[1. 1. 1. ... 0. 1. 0.]
757,SVC,"{'C': 100, 'gamma': 0.01, 'kernel': 'rbf'}",0.5888554101469697,0.07230849305379711,0.19702172612937022,0.13320409130380761,0.5985108630646852,0.06660204565190381,0.596765674666052,0.195046439628483,0.5975232198142415,0.5975232198142415,"{0: 0.6307833871694352, 1: 0.6307833871694352}","{0: 0.6307833871694352, 1: 0.6307833871694352}",0.6307833871694352,"[[414 232]
 [288 358]]",[0. 1. 0. ... 0. 1. 0.],[1. 1. 1. ... 0. 1. 0.]
590,SVC,"{'C': 100, 'gamma': 0.01, 'kernel': 'rbf'}",0.5892530201840418,0.06889969844068042,0.196944430511282,0.12855948799828426,0.598472215255641,0.06427974399914212,0.5951593733117234,0.19195046439628483,0.5959752321981424,0.5959752321981424,"{0: 0.6318257627313595, 1: 0.6318257627313594}","{0: 0.6318257627313595, 1: 0.6318257627313594}",0.6318257627313594,"[[414 232]
 [290 356]]",[0. 1. 0. ... 0. 1. 0.],[1. 1. 1. ... 0. 1. 0.]
919,SVC,"{'C': 100, 'gamma': 0.01, 'kernel': 'rbf'}",0.5889421112302423,0.07403498294260168,0.19690957465974343,0.13593588341421242,0.5984547873298718,0.06796794170710622,0.5966533466533467,0.195046439628483,0.5975232198142415,0.5975232198142415,"{0: 0.6291263694658243, 1: 0.6291263694658245}","{0: 0.6291263694658243, 1: 0.6291263694658245}",0.6291263694658245,"[[416 230]
 [290 356]]",[0. 1. 0. ... 0. 1. 0.],[1. 1. 1. ... 0. 1. 0.]
976,SVC,"{'C': 100, 'gamma': 0.01, 'kernel': 'rbf'}",0.5890580374267355,0.07070192319316494,0.1967040572527599,0.13190197108413712,0.59835202862638,0.06595098554206855,0.5952147734147676,0.19195046439628483,0.5959752321981424,0.5959752321981424,"{0: 0.6308456900765846, 1: 0.6308456900765846}","{0: 0.6308456900765846, 1: 0.6308456900765846}",0.6308456900765846,"[[413 233]
 [289 357]]",[0. 1. 0. ... 0. 1. 0.],[1. 1. 1. ... 0. 1. 0.]
803,SVC,"{'C': 100, 'gamma': 0.01, 'kernel': 'rbf'}",0.5891085390880296,0.07133492915954015,0.19668068785729748,0.1333012553520398,0.5983403439286488,0.0666506276760199,0.5960695008266049,0.19349845201238391,0.596749226006192,0.596749226006192,"{0: 0.6319216133577433, 1: 0.6319216133577432}","{0: 0.6319216133577433, 1: 0.6319216133577432}",0.6319216133577432,"[[412 234]
 [287 359]]",[0. 1. 0. ... 0. 1. 0.],[1. 1. 1. ... 0. 1. 0.]
646,SVC,"{'C': 100, 'gamma': 0.01, 'kernel': 'rbf'}",0.5887446870120031,0.07324951095242653,0.19650744056195715,0.1345566615815745,0.5982537202809786,0.06727833079078724,0.596765674666052,0.195046439628483,0.5975232198142415,0.5975232198142415,"{0: 0.6297673705297665, 1: 0.6297673705297664}","{0: 0.6297673705297665, 1: 0.6297673705297664}",0.6297673705297664,"[[414 232]
 [288 358]]",[0. 1. 0. ... 0. 1. 0.],[1. 1. 1. ... 0. 1. 0.]
859,SVC,"{'C': 100, 'gamma': 0.01, 'kernel': 'rbf'}",0.5886418843347133,0.07385724570090647,0.19643889043902948,0.13597232949774732,0.5982194452195148,0.06798616474887366,0.5952682152827621,0.19195046439628483,0.5959752321981424,0.5959752321981424,"{0: 0.62956848048002, 1: 0.62956848048002}","{0: 0.62956848048002, 1: 0.62956848048002}",0.62956848048002,"[[412 234]
 [288 358]]",[0. 1. 0. ... 0. 1. 0.],[1. 1. 1. ... 0. 1. 0.]
791,SVC,"{'C': 100, 'gamma': 0.01, 'kernel': 'rbf'}",0.5884860808418687,0.07390854596881556,0.19643889043902948,0.13597232949774732,0.5982194452195148,0.06798616474887366,0.5952147734147676,0.19195046439628483,0.5959752321981424,0.5959752321981424,"{0: 0.6304958352902835, 1: 0.6304958352902836}","{0: 0.6304958352902835, 1: 0.6304958352902836}",0.6304958352902836,"[[413 233]
 [289 357]]",[0. 1. 0. ... 0. 1. 0.],[1. 1. 1. ... 0. 1. 0.]
723,SVC,"{'C': 100, 'gamma': 0.01, 'kernel': 'rbf'}",0.5885485985711375,0.07477577439601255,0.19630469130483033,0.13782252949599907,0.5981523456524152,0.06891126474799954,0.5959628214631922,0.19349845201238391,0.596749226006192,0.596749226006192,"{0: 0.631068542782927, 1: 0.631068542782927}","{0: 0.631068542782927, 1: 0.631068542782927}",0.631068542782927,"[[414 232]
 [289 357]]",[0. 1. 0. ... 0. 1. 0.],[1. 1. 1. ... 0. 1. 0.]
452,SVC,"{'C': 100, 'gamma': 0.01, 'kernel': 'rbf'}",0.5884364689912096,0.07299583038254974,0.19630004917231098,0.13398551739544964,0.5981500245861555,0.06699275869772482,0.5951020133712441,0.19195046439628483,0.5959752321981424,0.5959752321981424,"{0: 0.6312889992236099, 1: 0.6312889992236099}","{0: 0.6312889992236099, 1: 0.6312889992236099}",0.6312889992236099,"[[415 231]
 [291 355]]",[0. 1. 0. ... 0. 1. 0.],[1. 1. 1. ... 0. 1. 0.]
349,SVC,"{'C': 100, 'gamma': 0.01, 'kernel': 'rbf'}",0.5885307082300002,0.07386386261552512,0.19629910954346438,0.135852957255071,0.5981495547717322,0.06792647862753551,0.5959628214631922,0.19349845201238391,0.596749226006192,0.596749226006192,"{0: 0.6311763747376089, 1: 0.6311763747376089}","{0: 0.6311763747376089, 1: 0.6311763747376089}",0.6311763747376089,"[[414 232]
 [289 357]]",[0. 1. 0. ... 0. 1. 0.],[1. 1. 1. ... 0. 1. 0.]
963,SVC,"{'C': 100, 'gamma': 0.01, 'kernel': 'rbf'}",0.5879847478313414,0.07327751166823124,0.1962729601301083,0.13457204477564177,0.5981364800650542,0.06728602238782087,0.5960171379976101,0.19349845201238391,0.596749226006192,0.596749226006192,"{0: 0.6315657679072932, 1: 0.6315657679072932}","{0: 0.6315657679072932, 1: 0.6315657679072932}",0.6315657679072932,"[[413 233]
 [288 358]]",[0. 1. 0. ... 0. 1. 0.],[1. 1. 1. ... 0. 1. 0.]
854,SVC,"{'C': 100, 'gamma': 0.01, 'kernel': 'rbf'}",0.5889751601459525,0.07018419316344479,0.19624087675509666,0.13103919825932506,0.5981204383775484,0.06551959912966251,0.5952147734147676,0.19195046439628483,0.5959752321981424,0.5959752321981424,"{0: 0.631928802154722, 1: 0.631928802154722}","{0: 0.631928802154722, 1: 0.631928802154722}",0.631928802154722,"[[413 233]
 [289 357]]",[0. 1. 0. ... 0. 1. 0.],[1. 1. 1. ... 0. 1. 0.]
808,SVC,"{'C': 100, 'gamma': 0.01, 'kernel': 'rbf'}",0.587901489570547,0.07196713833558195,0.19623161646085768,0.1316938937061311,0.5981158082304289,0.06584694685306555,0.5943553271944786,0.19040247678018574,0.5952012383900929,0.5952012383900929,"{0: 0.6309619089610751, 1: 0.6309619089610751}","{0: 0.6309619089610751, 1: 0.6309619089610751}",0.6309619089610751,"[[414 232]
 [291 355]]",[0. 1. 0. ... 0. 1. 0.],[1. 1. 1. ... 0. 1. 0.]
450,SVC,"{'C': 100, 'gamma': 0.01, 'kernel': 'rbf'}",0.5882690278896868,0.07279198308520854,0.19619121242045362,0.13376868884371867,0.5980956062102268,0.06688434442185934,0.5951593733117234,0.19195046439628483,0.5959752321981424,0.5959752321981424,"{0: 0.629763776131277, 1: 0.629763776131277}","{0: 0.629763776131277, 1: 0.629763776131277}",0.629763776131277,"[[414 232]
 [290 356]]",[0. 1. 0. ... 0. 1. 0.],[1. 1. 1. ... 0. 1. 0.]
985,SVC,"{'C': 100, 'gamma': 0.01, 'kernel': 'rbf'}",0.5884772745695949,0.0728538676119805,0.19615523629736317,0.13391228623771956,0.5980776181486815,0.06695614311885976,0.5960171379976101,0.19349845201238391,0.596749226006192,0.596749226006192,"{0: 0.6306300261672211, 1: 0.6306300261672211}","{0: 0.6306300261672211, 1: 0.6306300261672211}",0.6306300261672211,"[[413 233]
 [288 358]]",[0. 1. 0. ... 0. 1. 0.],[1. 1. 1. ... 0. 1. 0.]
795,SVC,"{'C': 100, 'gamma': 0.01, 'kernel': 'rbf'}",0.5884772745695949,0.0728538676119805,0.19615523629736317,0.13391228623771956,0.5980776181486815,0.06695614311885976,0.5960171379976101,0.19349845201238391,0.596749226006192,0.596749226006192,"{0: 0.6304215510548361, 1: 0.6304215510548361}","{0: 0.6304215510548361, 1: 0.6304215510548361}",0.6304215510548361,"[[413 233]
 [288 358]]",[0. 1. 0. ... 0. 1. 0.],[1. 1. 1. ... 0. 1. 0.]
343,SVC,"{'C': 100, 'gamma': 0.01, 'kernel': 'rbf'}",0.5884772745695949,0.0728538676119805,0.19615523629736317,0.13391228623771956,0.5980776181486815,0.06695614311885976,0.5960171379976101,0.19349845201238391,0.596749226006192,0.596749226006192,"{0: 0.6300764887998542, 1: 0.6300764887998543}","{0: 0.6300764887998542, 1: 0.6300764887998543}",0.6300764887998543,"[[413 233]
 [288 358]]",[0. 1. 0. ... 0. 1. 0.],[1. 1. 1. ... 0. 1. 0.]
667,SVC,"{'C': 100, 'gamma': 0.01, 'kernel': 'rbf'}",0.5880873948962504,0.07210008738174578,0.19612144497859316,0.13299030546585253,0.5980607224892965,0.06649515273292626,0.5960171379976101,0.19349845201238391,0.596749226006192,0.596749226006192,"{0: 0.6302993415061967, 1: 0.6302993415061968}","{0: 0.6302993415061967, 1: 0.6302993415061968}",0.6302993415061968,"[[413 233]
 [288 358]]",[0. 1. 0. ... 0. 1. 0.],[1. 1. 1. ... 0. 1. 0.]
672,SVC,"{'C': 100, 'gamma': 0.01, 'kernel': 'rbf'}",0.58845530933282,0.07283370605103273,0.19607618491396397,0.13389680927873096,0.598038092456982,0.06694840463936547,0.5959628214631922,0.19349845201238391,0.596749226006192,0.596749226006192,"{0: 0.6303856070699423, 1: 0.6303856070699421}","{0: 0.6303856070699423, 1: 0.6303856070699421}",0.6303856070699421,"[[414 232]
 [289 357]]",[0. 1. 0. ... 0. 1. 0.],[1. 1. 1. ... 0. 1. 0.]
239,SVC,"{'C': 100, 'gamma': 0.01, 'kernel': 'rbf'}",0.5884700403859715,0.07214926554457175,0.19607524528511736,0.132376811648564,0.5980376226425587,0.06618840582428198,0.5951593733117234,0.19195046439628483,0.5959752321981424,0.5959752321981424,"{0: 0.6295852543396371, 1: 0.6295852543396372}","{0: 0.6295852543396371, 1: 0.6295852543396372}",0.6295852543396372,"[[414 232]
 [290 356]]",[0. 1. 0. ... 0. 1. 0.],[1. 1. 1. ... 0. 1. 0.]
654,SVC,"{'C': 100, 'gamma': 0.01, 'kernel': 'rbf'}",0.588196533028381,0.07280928358461915,0.1959041310807407,0.13366312839176106,0.5979520655403704,0.06683156419588053,0.5952682152827621,0.19195046439628483,0.5959752321981424,0.5959752321981424,"{0: 0.6313824535843342, 1: 0.6313824535843342}","{0: 0.6313824535843342, 1: 0.6313824535843342}",0.6313824535843342,"[[412 234]
 [288 358]]",[0. 1. 0. ... 0. 1. 0.],[1. 1. 1. ... 0. 1. 0.]
882,SVC,"{'C': 100, 'gamma': 0.01, 'kernel': 'rbf'}",0.5883523365212258,0.07275782828346657,0.1959041310807407,0.13366312839176106,0.5979520655403704,0.06683156419588053,0.5953197004608295,0.19195046439628483,0.5959752321981424,0.5959752321981424,"{0: 0.6292521734129533, 1: 0.6292521734129533}","{0: 0.6292521734129533, 1: 0.6292521734129533}",0.6292521734129533,"[[411 235]
 [287 359]]",[0. 1. 0. ... 0. 1. 0.],[1. 1. 1. ... 0. 1. 0.]
900,SVC,"{'C': 100, 'gamma': 0.01, 'kernel': 'rbf'}",0.5882310848338936,0.07271328406855779,0.19576116293777257,0.13360297241849356,0.5978805814688863,0.06680148620924677,0.5951020133712441,0.19195046439628483,0.5959752321981424,0.5959752321981424,"{0: 0.6288675727745882, 1: 0.628867572774588}","{0: 0.6288675727745882, 1: 0.628867572774588}",0.628867572774588,"[[415 231]
 [291 355]]",[0. 1. 0. ... 0. 1. 0.],[1. 1. 1. ... 0. 1. 0.]
862,SVC,"{'C': 100, 'gamma': 0.01, 'kernel': 'rbf'}",0.588320617579154,0.07396632036816504,0.19575976309751242,0.13636511340771193,0.5978798815487562,0.06818255670385595,0.5951593733117234,0.19195046439628483,0.5959752321981424,0.5959752321981424,"{0: 0.6311500158153533, 1: 0.6311500158153533}","{0: 0.6311500158153533, 1: 0.6311500158153533}",0.6311500158153533,"[[414 232]
 [290 356]]",[0. 1. 0. ... 0. 1. 0.],[1. 1. 1. ... 0. 1. 0.]
268,SVC,"{'C': 100, 'gamma': 0.01, 'kernel': 'rbf'}",0.5883711549460342,0.07303771178942478,0.1957564174721035,0.13413325353588526,0.5978782087360517,0.06706662676794262,0.5959065496526258,0.19349845201238391,0.596749226006192,0.596749226006192,"{0: 0.6315238332582503, 1: 0.6315238332582503}","{0: 0.6315238332582503, 1: 0.6315238332582503}",0.6315238332582503,"[[415 231]
 [290 356]]",[0. 1. 0. ... 0. 1. 0.],[1. 1. 1. ... 0. 1. 0.]
263,SVC,"{'C': 100, 'gamma': 0.01, 'kernel': 'rbf'}",0.5881629969122126,0.07018423572063524,0.19572570570494693,0.13091869318340071,0.5978628528524734,0.06545934659170036,0.5943553271944786,0.19040247678018574,0.5952012383900929,0.5952012383900929,"{0: 0.6308984079210957, 1: 0.6308984079210957}","{0: 0.6308984079210957, 1: 0.6308984079210957}",0.6308984079210957,"[[414 232]
 [291 355]]",[0. 1. 0. ... 0. 1. 0.],[1. 1. 1. ... 0. 1. 0.]
650,SVC,"{'C': 100, 'gamma': 0.01, 'kernel': 'rbf'}",0.5881731362248407,0.07375058598672624,0.1957061585106751,0.13575227654736702,0.5978530792553376,0.0678761382736835,0.5960695008266049,0.19349845201238391,0.596749226006192,0.596749226006192,"{0: 0.6297122564195957, 1: 0.6297122564195956}","{0: 0.6297122564195957, 1: 0.6297122564195956}",0.6297122564195956,"[[412 234]
 [287 359]]",[0. 1. 0. ... 0. 1. 0.],[1. 1. 1. ... 0. 1. 0.]
411,SVC,"{'C': 100, 'gamma': 0.01, 'kernel': 'rbf'}",0.5882746879812357,0.07333588901480335,0.1956881842368869,0.1349069118996348,0.5978440921184435,0.0674534559498174,0.5952682152827621,0.19195046439628483,0.5959752321981424,0.5959752321981424,"{0: 0.6321336828686176, 1: 0.6321336828686175}","{0: 0.6321336828686176, 1: 0.6321336828686175}",0.6321336828686175,"[[412 234]
 [288 358]]",[0. 1. 0. ... 0. 1. 0.],[1. 1. 1. ... 0. 1. 0.]
967,SVC,"{'C': 100, 'gamma': 0.01, 'kernel': 'rbf'}",0.5881188844883911,0.07338677415817613,0.1956881842368869,0.1349069118996348,0.5978440921184435,0.0674534559498174,0.5952147734147676,0.19195046439628483,0.5959752321981424,0.5959752321981424,"{0: 0.6313105656145462, 1: 0.6313105656145463}","{0: 0.6313105656145462, 1: 0.6313105656145463}",0.6313105656145463,"[[413 233]
 [289 357]]",[0. 1. 0. ... 0. 1. 0.],[1. 1. 1. ... 0. 1. 0.]
886,SVC,"{'C': 100, 'gamma': 0.01, 'kernel': 'rbf'}",0.5881884565562225,0.07285685982793183,0.19567631766186874,0.13425966877173942,0.5978381588309344,0.0671298343858697,0.5960171379976101,0.19349845201238391,0.596749226006192,0.596749226006192,"{0: 0.6279917376760058, 1: 0.6279917376760057}","{0: 0.6279917376760058, 1: 0.6279917376760057}",0.6279917376760057,"[[413 233]
 [288 358]]",[0. 1. 0. ... 0. 1. 0.],[1. 1. 1. ... 0. 1. 0.]
292,SVC,"{'C': 100, 'gamma': 0.01, 'kernel': 'rbf'}",0.5880863066814029,0.07270334668729753,0.19562347117217382,0.13344766268619782,0.5978117355860869,0.0667238313430989,0.5944118150196727,0.19040247678018574,0.5952012383900929,0.5952012383900929,"{0: 0.6315657679072932, 1: 0.6315657679072932}","{0: 0.6315657679072932, 1: 0.6315657679072932}",0.6315657679072932,"[[413 233]
 [290 356]]",[0. 1. 0. ... 0. 1. 0.],[1. 1. 1. ... 0. 1. 0.]
841,SVC,"{'C': 100, 'gamma': 0.01, 'kernel': 'rbf'}",0.5879708497320932,0.06943560680129411,0.19560391083315207,0.12929906969771301,0.5978019554165761,0.0646495348488565,0.5936638721634833,0.18885448916408665,0.5944272445820433,0.5944272445820433,"{0: 0.6297649742641069, 1: 0.6297649742641068}","{0: 0.6297649742641069, 1: 0.6297649742641068}",0.6297649742641068,"[[412 234]
 [290 356]]",[0. 1. 0. ... 0. 1. 0.],[1. 1. 1. ... 0. 1. 0.]
174,SVC,"{'C': 100, 'gamma': 0.01, 'kernel': 'rbf'}",0.5882158672934726,0.07390528710774057,0.19558562013432276,0.13616772444447992,0.5977928100671615,0.06808386222223996,0.5959628214631922,0.19349845201238391,0.596749226006192,0.596749226006192,"{0: 0.6304718726336876, 1: 0.6304718726336876}","{0: 0.6304718726336876, 1: 0.6304718726336876}",0.6304718726336876,"[[414 232]
 [289 357]]",[0. 1. 0. ... 0. 1. 0.],[1. 1. 1. ... 0. 1. 0.]
155,SVC,"{'C': 100, 'gamma': 0.01, 'kernel': 'rbf'}",0.5881815929082778,0.07333235570285629,0.19558482382917866,0.1347663292457637,0.5977924119145893,0.06738316462288184,0.5951593733117234,0.19195046439628483,0.5959752321981424,0.5959752321981424,"{0: 0.6286027854192027, 1: 0.6286027854192027}","{0: 0.6286027854192027, 1: 0.6286027854192027}",0.6286027854192027,"[[414 232]
 [290 356]]",[0. 1. 0. ... 0. 1. 0.],[1. 1. 1. ... 0. 1. 0.]
447,SVC,"{'C': 100, 'gamma': 0.01, 'kernel': 'rbf'}",0.5885671432156739,0.07029856970899988,0.1954580446001715,0.13141984915123966,0.5977290223000857,0.06570992457561982,0.5952147734147676,0.19195046439628483,0.5959752321981424,0.5959752321981424,"{0: 0.6319431797486798, 1: 0.6319431797486796}","{0: 0.6319431797486798, 1: 0.6319431797486796}",0.6319431797486796,"[[413 233]
 [289 357]]",[0. 1. 0. ... 0. 1. 0.],[1. 1. 1. ... 0. 1. 0.]
175,SVC,"{'C': 100, 'gamma': 0.01, 'kernel': 'rbf'}",0.5881340619290212,0.0722695807644653,0.1954256726355447,0.13274361806630317,0.5977128363177724,0.06637180903315157,0.5952147734147676,0.19195046439628483,0.5959752321981424,0.5959752321981424,"{0: 0.6310781278455655, 1: 0.6310781278455655}","{0: 0.6310781278455655, 1: 0.6310781278455655}",0.6310781278455655,"[[413 233]
 [289 357]]",[0. 1. 0. ... 0. 1. 0.],[1. 1. 1. ... 0. 1. 0.]
708,SVC,"{'C': 100, 'gamma': 0.01, 'kernel': 'rbf'}",0.588093921076305,0.07302990624094848,0.1953543140840512,0.13457411863111662,0.5976771570420256,0.06728705931555831,0.5951020133712441,0.19195046439628483,0.5959752321981424,0.5959752321981424,"{0: 0.6292401920846553, 1: 0.6292401920846553}","{0: 0.6292401920846553, 1: 0.6292401920846553}",0.6292401920846553,"[[415 231]
 [291 355]]",[0. 1. 0. ... 0. 1. 0.],[1. 1. 1. ... 0. 1. 0.]
944,SVC,"{'C': 100, 'gamma': 0.01, 'kernel': 'rbf'}",0.5875612101204336,0.07324929738902897,0.19534272757196877,0.13455914141328826,0.5976713637859844,0.06727957070664413,0.5951593733117234,0.19195046439628483,0.5959752321981424,0.5959752321981424,"{0: 0.6291515302552503, 1: 0.6291515302552502}","{0: 0.6291515302552503, 1: 0.6291515302552502}",0.6291515302552502,"[[414 232]
 [290 356]]",[0. 1. 0. ... 0. 1. 0.],[1. 1. 1. ... 0. 1. 0.]
266,SVC,"{'C': 100, 'gamma': 0.01, 'kernel': 'rbf'}",0.5875417691782178,0.0732205623117815,0.19534272757196877,0.13455914141328826,0.5976713637859844,0.06727957070664413,0.5952147734147676,0.19195046439628483,0.5959752321981424,0.5959752321981424,"{0: 0.631614891353315, 1: 0.631614891353315}","{0: 0.631614891353315, 1: 0.631614891353315}",0.631614891353315,"[[413 233]
 [289 357]]",[0. 1. 0. ... 0. 1. 0.],[1. 1. 1. ... 0. 1. 0.]
794,SVC,"{'C': 100, 'gamma': 0.01, 'kernel': 'rbf'}",0.5880669608976347,0.07227762165340428,0.19529241313019216,0.1327526504799288,0.597646206565096,0.0663763252399644,0.5951593733117234,0.19195046439628483,0.5959752321981424,0.5959752321981424,"{0: 0.6299159390006613, 1: 0.6299159390006613}","{0: 0.6299159390006613, 1: 0.6299159390006613}",0.6299159390006613,"[[414 232]
 [290 356]]",[0. 1. 0. ... 0. 1. 0.],[1. 1. 1. ... 0. 1. 0.]
413,SVC,"{'C': 100, 'gamma': 0.01, 'kernel': 'rbf'}",0.5880730753060861,0.07289107323461148,0.1952887464653561,0.13414174757330458,0.5976443732326779,0.06707087378665227,0.5960171379976101,0.19349845201238391,0.596749226006192,0.596749226006192,"{0: 0.6306755552147533, 1: 0.6306755552147534}","{0: 0.6306755552147533, 1: 0.6306755552147534}",0.6306755552147534,"[[413 233]
 [288 358]]",[0. 1. 0. ... 0. 1. 0.],[1. 1. 1. ... 0. 1. 0.]
674,SVC,"{'C': 100, 'gamma': 0.01, 'kernel': 'rbf'}",0.5879568231791472,0.07267030699506553,0.19526634740847426,0.13336642584078842,0.5976331737042372,0.0666832129203942,0.5952147734147676,0.19195046439628483,0.5959752321981424,0.5959752321981424,"{0: 0.6305773083227099, 1: 0.6305773083227099}","{0: 0.6305773083227099, 1: 0.6305773083227099}",0.6305773083227099,"[[413 233]
 [289 357]]",[0. 1. 0. ... 0. 1. 0.],[1. 1. 1. ... 0. 1. 0.]
265,SVC,"{'C': 100, 'gamma': 0.01, 'kernel': 'rbf'}",0.5880429834335683,0.07256850747442974,0.19526634740847426,0.13336642584078842,0.5976331737042372,0.0666832129203942,0.5952147734147676,0.19195046439628483,0.5959752321981424,0.5959752321981424,"{0: 0.6294366858687421, 1: 0.6294366858687421}","{0: 0.6294366858687421, 1: 0.6294366858687421}",0.6294366858687421,"[[413 233]
 [289 357]]",[0. 1. 0. ... 0. 1. 0.],[1. 1. 1. ... 0. 1. 0.]
864,SVC,"{'C': 100, 'gamma': 0.01, 'kernel': 'rbf'}",0.5884256243425601,0.07224847662470603,0.19515096757757722,0.13525878025740037,0.5975754837887887,0.06762939012870017,0.5952147734147676,0.19195046439628483,0.5959752321981424,0.5959752321981424,"{0: 0.6305090147514114, 1: 0.6305090147514114}","{0: 0.6305090147514114, 1: 0.6305090147514114}",0.6305090147514114,"[[413 233]
 [289 357]]",[0. 1. 0. ... 0. 1. 0.],[1. 1. 1. ... 0. 1. 0.]
788,SVC,"{'C': 100, 'gamma': 0.01, 'kernel': 'rbf'}",0.5883687115749759,0.07115209236008424,0.19514222631883593,0.13312077819714366,0.597571113159418,0.06656038909857183,0.5952682152827621,0.19195046439628483,0.5959752321981424,0.5959752321981424,"{0: 0.631532220188059, 1: 0.6315322201880589}","{0: 0.631532220188059, 1: 0.6315322201880589}",0.6315322201880589,"[[412 234]
 [288 358]]",[0. 1. 0. ... 0. 1. 0.],[1. 1. 1. ... 0. 1. 0.]
607,SVC,"{'C': 100, 'gamma': 0.01, 'kernel': 'rbf'}",0.5879358822293906,0.07174882878578993,0.19506550115328022,0.13146333018805847,0.5975327505766401,0.06573166509402924,0.5943553271944786,0.19040247678018574,0.5952012383900929,0.5952012383900929,"{0: 0.631418397569228, 1: 0.6314183975692281}","{0: 0.631418397569228, 1: 0.6314183975692281}",0.6314183975692281,"[[414 232]
 [291 355]]",[0. 1. 0. ... 0. 1. 0.],[1. 1. 1. ... 0. 1. 0.]
783,SVC,"{'C': 100, 'gamma': 0.01, 'kernel': 'rbf'}",0.5874168117780881,0.07378951732060895,0.1950630072922485,0.13584193525090313,0.5975315036461243,0.06792096762545156,0.5951593733117234,0.19195046439628483,0.5959752321981424,0.5959752321981424,"{0: 0.6311032886349912, 1: 0.6311032886349912}","{0: 0.6311032886349912, 1: 0.6311032886349912}",0.6311032886349912,"[[414 232]
 [290 356]]",[0. 1. 0. ... 0. 1. 0.],[1. 1. 1. ... 0. 1. 0.]
701,SVC,"{'C': 100, 'gamma': 0.01, 'kernel': 'rbf'}",0.5877573044504129,0.07250217125028346,0.19501524219185182,0.13311456951938802,0.5975076210959258,0.06655728475969401,0.5944663400628601,0.19040247678018574,0.5952012383900929,0.5952012383900929,"{0: 0.6305437606034756, 1: 0.6305437606034756}","{0: 0.6305437606034756, 1: 0.6305437606034756}",0.6305437606034756,"[[412 234]
 [289 357]]",[0. 1. 0. ... 0. 1. 0.],[1. 1. 1. ... 0. 1. 0.]
800,SVC,"{'C': 100, 'gamma': 0.01, 'kernel': 'rbf'}",0.5884089176687342,0.07099510372350168,0.19499181638394325,0.1327981964596199,0.5974959081919716,0.06639909822980995,0.5952147734147676,0.19195046439628483,0.5959752321981424,0.5959752321981424,"{0: 0.6307210842622857, 1: 0.6307210842622856}","{0: 0.6307210842622857, 1: 0.6307210842622856}",0.6307210842622856,"[[413 233]
 [289 357]]",[0. 1. 0. ... 0. 1. 0.],[1. 1. 1. ... 0. 1. 0.]
733,SVC,"{'C': 100, 'gamma': 0.01, 'kernel': 'rbf'}",0.5878238818445208,0.07267322453251676,0.1949868011621905,0.13415400638190575,0.5974934005810952,0.06707700319095286,0.5951593733117234,0.19195046439628483,0.5959752321981424,0.5959752321981424,"{0: 0.6304970334231135, 1: 0.6304970334231135}","{0: 0.6304970334231135, 1: 0.6304970334231135}",0.6304970334231135,"[[414 232]
 [290 356]]",[0. 1. 0. ... 0. 1. 0.],[1. 1. 1. ... 0. 1. 0.]
856,SVC,"{'C': 100, 'gamma': 0.01, 'kernel': 'rbf'}",0.5878331497350718,0.07310463606951993,0.19497659484885665,0.13443632852556003,0.5974882974244283,0.06721816426278,0.5952682152827621,0.19195046439628483,0.5959752321981424,0.5959752321981424,"{0: 0.631294989887759, 1: 0.6312949898877589}","{0: 0.631294989887759, 1: 0.6312949898877589}",0.6312949898877589,"[[412 234]
 [288 358]]",[0. 1. 0. ... 0. 1. 0.],[1. 1. 1. ... 0. 1. 0.]
508,SVC,"{'C': 100, 'gamma': 0.01, 'kernel': 'rbf'}",0.5882626597390813,0.07141755628032113,0.1949676231442328,0.13367650667681383,0.5974838115721164,0.0668382533384069,0.5952682152827621,0.19195046439628483,0.5959752321981424,0.5959752321981424,"{0: 0.6305185998140498, 1: 0.6305185998140499}","{0: 0.6305185998140498, 1: 0.6305185998140499}",0.6305185998140499,"[[412 234]
 [288 358]]",[0. 1. 0. ... 0. 1. 0.],[1. 1. 1. ... 0. 1. 0.]
234,SVC,"{'C': 100, 'gamma': 0.01, 'kernel': 'rbf'}",0.587416867127894,0.07389356632177906,0.19477592595253557,0.13573560098933507,0.5973879629762677,0.06786780049466752,0.5952147734147676,0.19195046439628483,0.5959752321981424,0.5959752321981424,"{0: 0.631259045902865, 1: 0.6312590459028651}","{0: 0.631259045902865, 1: 0.6312590459028651}",0.6312590459028651,"[[413 233]
 [289 357]]",[0. 1. 0. ... 0. 1. 0.],[1. 1. 1. ... 0. 1. 0.]
271,SVC,"{'C': 100, 'gamma': 0.01, 'kernel': 'rbf'}",0.5877301575717171,0.07369513461840506,0.19477592595253557,0.13573560098933507,0.5973879629762677,0.06786780049466752,0.5952682152827621,0.19195046439628483,0.5959752321981424,0.5959752321981424,"{0: 0.6308253218184781, 1: 0.6308253218184781}","{0: 0.6308253218184781, 1: 0.6308253218184781}",0.6308253218184781,"[[412 234]
 [288 358]]",[0. 1. 0. ... 0. 1. 0.],[1. 1. 1. ... 0. 1. 0.]
875,SVC,"{'C': 100, 'gamma': 0.01, 'kernel': 'rbf'}",0.5877301575717171,0.07369513461840506,0.19477592595253557,0.13573560098933507,0.5973879629762677,0.06786780049466752,0.5952682152827621,0.19195046439628483,0.5959752321981424,0.5959752321981424,"{0: 0.6293132781872729, 1: 0.629313278187273}","{0: 0.6293132781872729, 1: 0.629313278187273}",0.629313278187273,"[[412 234]
 [288 358]]",[0. 1. 0. ... 0. 1. 0.],[1. 1. 1. ... 0. 1. 0.]
151,SVC,"{'C': 100, 'gamma': 0.01, 'kernel': 'rbf'}",0.5877301575717171,0.07369513461840506,0.19477592595253557,0.13573560098933507,0.5973879629762677,0.06786780049466752,0.5952682152827621,0.19195046439628483,0.5959752321981424,0.5959752321981424,"{0: 0.6314519452884624, 1: 0.6314519452884625}","{0: 0.6314519452884624, 1: 0.6314519452884625}",0.6314519452884625,"[[412 234]
 [288 358]]",[0. 1. 0. ... 0. 1. 0.],[1. 1. 1. ... 0. 1. 0.]
337,SVC,"{'C': 100, 'gamma': 0.01, 'kernel': 'rbf'}",0.5877301575717171,0.07369513461840506,0.19477592595253557,0.13573560098933507,0.5973879629762677,0.06786780049466752,0.5952682152827621,0.19195046439628483,0.5959752321981424,0.5959752321981424,"{0: 0.6307474431845412, 1: 0.6307474431845412}","{0: 0.6307474431845412, 1: 0.6307474431845412}",0.6307474431845412,"[[412 234]
 [288 358]]",[0. 1. 0. ... 0. 1. 0.],[1. 1. 1. ... 0. 1. 0.]
424,SVC,"{'C': 100, 'gamma': 0.01, 'kernel': 'rbf'}",0.5879683296504242,0.07298113880695002,0.19475590519368424,0.13374116338719313,0.5973779525968421,0.06687058169359655,0.5952682152827621,0.19195046439628483,0.5959752321981424,0.5959752321981424,"{0: 0.6302418311303665, 1: 0.6302418311303665}","{0: 0.6302418311303665, 1: 0.6302418311303665}",0.6302418311303665,"[[412 234]
 [288 358]]",[0. 1. 0. ... 0. 1. 0.],[1. 1. 1. ... 0. 1. 0.]
593,SVC,"{'C': 100, 'gamma': 0.01, 'kernel': 'rbf'}",0.5876874770034097,0.07465337524233162,0.19470245633050237,0.13784809970286566,0.5973512281652512,0.06892404985143283,0.5952682152827621,0.19195046439628483,0.5959752321981424,0.5959752321981424,"{0: 0.6307570282471796, 1: 0.6307570282471796}","{0: 0.6307570282471796, 1: 0.6307570282471796}",0.6307570282471796,"[[412 234]
 [288 358]]",[0. 1. 0. ... 0. 1. 0.],[1. 1. 1. ... 0. 1. 0.]
706,SVC,"{'C': 100, 'gamma': 0.01, 'kernel': 'rbf'}",0.5873318270443236,0.0720586027640186,0.19468599928733352,0.13232699408015575,0.5973429996436667,0.06616349704007787,0.5942968749530934,0.19040247678018574,0.5952012383900929,0.5952012383900929,"{0: 0.6311332419557362, 1: 0.6311332419557362}","{0: 0.6311332419557362, 1: 0.6311332419557362}",0.6311332419557362,"[[415 231]
 [292 354]]",[0. 1. 0. ... 0. 1. 0.],[1. 1. 1. ... 0. 1. 0.]
442,SVC,"{'C': 100, 'gamma': 0.01, 'kernel': 'rbf'}",0.5880903362254318,0.07157408990546445,0.19462318979979945,0.13409769247525258,0.5973115948998998,0.06704884623762628,0.5944118150196727,0.19040247678018574,0.5952012383900929,0.5952012383900929,"{0: 0.6312650365670138, 1: 0.631265036567014}","{0: 0.6312650365670138, 1: 0.631265036567014}",0.631265036567014,"[[413 233]
 [290 356]]",[0. 1. 0. ... 0. 1. 0.],[1. 1. 1. ... 0. 1. 0.]
406,SVC,"{'C': 100, 'gamma': 0.01, 'kernel': 'rbf'}",0.5877215084768923,0.07269521166487461,0.19461677475890163,0.13372658875768037,0.5973083873794508,0.06686329437884017,0.5952147734147676,0.19195046439628483,0.5959752321981424,0.5959752321981424,"{0: 0.6311356382213957, 1: 0.6311356382213958}","{0: 0.6311356382213957, 1: 0.6311356382213958}",0.6311356382213958,"[[413 233]
 [289 357]]",[0. 1. 0. ... 0. 1. 0.],[1. 1. 1. ... 0. 1. 0.]
784,SVC,"{'C': 100, 'gamma': 0.01, 'kernel': 'rbf'}",0.5877020675346764,0.0726663003666085,0.19461677475890163,0.13372658875768037,0.5973083873794508,0.06686329437884017,0.5952682152827621,0.19195046439628483,0.5959752321981424,0.5959752321981424,"{0: 0.6313812554515044, 1: 0.6313812554515044}","{0: 0.6313812554515044, 1: 0.6313812554515044}",0.6313812554515044,"[[412 234]
 [288 358]]",[0. 1. 0. ... 0. 1. 0.],[1. 1. 1. ... 0. 1. 0.]
631,SVC,"{'C': 100, 'gamma': 0.01, 'kernel': 'rbf'}",0.587721974274019,0.07091251569130343,0.19460595612017603,0.12948986736680546,0.597302978060088,0.06474493368340271,0.5943553271944786,0.19040247678018574,0.5952012383900929,0.5952012383900929,"{0: 0.6305821008540291, 1: 0.6305821008540291}","{0: 0.6305821008540291, 1: 0.6305821008540291}",0.6305821008540291,"[[414 232]
 [291 355]]",[0. 1. 0. ... 0. 1. 0.],[1. 1. 1. ... 0. 1. 0.]
57,SVC,"{'C': 1000, 'gamma': 0.01, 'kernel': 'rbf'}",0.5902571446079309,0.09310709597481175,0.19458741964661588,0.17749240427608812,0.5972937098233079,0.08874620213804404,0.5849961167096545,0.1702786377708978,0.5851393188854489,0.5851393188854489,"{0: 0.607149018968839, 1: 0.607149018968839}","{0: 0.607149018968839, 1: 0.607149018968839}",0.607149018968839,"[[390 256]
 [280 366]]",[0. 1. 0. ... 0. 1. 1.],[1. 1. 1. ... 0. 1. 0.]
873,SVC,"{'C': 100, 'gamma': 0.01, 'kernel': 'rbf'}",0.587590074047854,0.07267572109618019,0.1944790522835689,0.13376177235227646,0.5972395261417844,0.06688088617613822,0.5953197004608295,0.19195046439628483,0.5959752321981424,0.5959752321981424,"{0: 0.6309990510787988, 1: 0.6309990510787988}","{0: 0.6309990510787988, 1: 0.6309990510787988}",0.6309990510787988,"[[411 235]
 [287 359]]",[0. 1. 0. ... 0. 1. 0.],[1. 1. 1. ... 0. 1. 0.]
600,SVC,"{'C': 100, 'gamma': 0.01, 'kernel': 'rbf'}",0.5871234166218402,0.07290450129292692,0.1944538386830799,0.13401052650466916,0.59722691934154,0.06700526325233458,0.5944118150196727,0.19040247678018574,0.5952012383900929,0.5952012383900929,"{0: 0.631442360225824, 1: 0.6314423602258241}","{0: 0.631442360225824, 1: 0.6314423602258241}",0.6314423602258241,"[[413 233]
 [290 356]]",[0. 1. 0. ... 0. 1. 0.],[1. 1. 1. ... 0. 1. 0.]
742,SVC,"{'C': 100, 'gamma': 0.01, 'kernel': 'rbf'}",0.5876313952206466,0.07292745234574201,0.19444217158429847,0.13427912681890647,0.5972210857921492,0.06713956340945322,0.5952147734147676,0.19195046439628483,0.5959752321981424,0.5959752321981424,"{0: 0.6297026713569572, 1: 0.6297026713569573}","{0: 0.6297026713569572, 1: 0.6297026713569573}",0.6297026713569573,"[[413 233]
 [289 357]]",[0. 1. 0. ... 0. 1. 0.],[1. 1. 1. ... 0. 1. 0.]
858,SVC,"{'C': 100, 'gamma': 0.01, 'kernel': 'rbf'}",0.5870955643742894,0.07322819951265469,0.19441249501382923,0.1347005041046691,0.5972062475069145,0.06735025205233455,0.5944118150196727,0.19040247678018574,0.5952012383900929,0.5952012383900929,"{0: 0.6317119401125286, 1: 0.6317119401125286}","{0: 0.6317119401125286, 1: 0.6317119401125286}",0.6317119401125286,"[[413 233]
 [290 356]]",[0. 1. 0. ... 0. 1. 0.],[1. 1. 1. ... 0. 1. 0.]
961,SVC,"{'C': 100, 'gamma': 0.01, 'kernel': 'rbf'}",0.5876268705021578,0.07290199694520308,0.19435851390721656,0.13428317571544487,0.5971792569536083,0.06714158785772244,0.5952147734147676,0.19195046439628483,0.5959752321981424,0.5959752321981424,"{0: 0.6303736257416444, 1: 0.6303736257416442}","{0: 0.6303736257416444, 1: 0.6303736257416442}",0.6303736257416442,"[[413 233]
 [289 357]]",[0. 1. 0. ... 0. 1. 0.],[1. 1. 1. ... 0. 1. 0.]
737,SVC,"{'C': 100, 'gamma': 0.01, 'kernel': 'rbf'}",0.5876692933113474,0.07402224758801958,0.19433562013432276,0.1363794824404449,0.5971678100671614,0.06818974122022245,0.5951593733117234,0.19195046439628483,0.5959752321981424,0.5959752321981424,"{0: 0.631116468096119, 1: 0.631116468096119}","{0: 0.631116468096119, 1: 0.631116468096119}",0.631116468096119,"[[414 232]
 [290 356]]",[0. 1. 0. ... 0. 1. 0.],[1. 1. 1. ... 0. 1. 0.]
481,SVC,"{'C': 100, 'gamma': 0.01, 'kernel': 'rbf'}",0.5876024537579114,0.07322408422039492,0.19432177653164862,0.13495134411821375,0.5971608882658243,0.06747567205910687,0.5951593733117234,0.19195046439628483,0.5959752321981424,0.5959752321981424,"{0: 0.6298931744768952, 1: 0.6298931744768952}","{0: 0.6298931744768952, 1: 0.6298931744768952}",0.6298931744768952,"[[414 232]
 [290 356]]",[0. 1. 0. ... 0. 1. 0.],[1. 1. 1. ... 0. 1. 0.]
776,SVC,"{'C': 100, 'gamma': 0.01, 'kernel': 'rbf'}",0.5876836322478859,0.07390266579982191,0.1943068274069962,0.1355788410833711,0.5971534137034981,0.06778942054168555,0.5952682152827621,0.19195046439628483,0.5959752321981424,0.5959752321981424,"{0: 0.6303412761552396, 1: 0.6303412761552397}","{0: 0.6303412761552396, 1: 0.6303412761552397}",0.6303412761552397,"[[412 234]
 [288 358]]",[0. 1. 0. ... 0. 1. 0.],[1. 1. 1. ... 0. 1. 0.]
541,SVC,"{'C': 100, 'gamma': 0.01, 'kernel': 'rbf'}",0.5878944486069814,0.07064551393655108,0.1942946810991977,0.13217724913574397,0.597147340549599,0.06608862456787197,0.5945189039007954,0.19040247678018574,0.5952012383900929,0.5952012383900929,"{0: 0.6304311361174745, 1: 0.6304311361174745}","{0: 0.6304311361174745, 1: 0.6304311361174745}",0.6304311361174745,"[[411 235]
 [288 358]]",[0. 1. 0. ... 0. 1. 0.],[1. 1. 1. ... 0. 1. 0.]
462,SVC,"{'C': 100, 'gamma': 0.01, 'kernel': 'rbf'}",0.5876106010879931,0.07421325103841404,0.19427184669845635,0.13686005198949996,0.5971359233492282,0.06843002599474998,0.5951593733117234,0.19195046439628483,0.5959752321981424,0.5959752321981424,"{0: 0.6315741548371019, 1: 0.6315741548371019}","{0: 0.6315741548371019, 1: 0.6315741548371019}",0.6315741548371019,"[[414 232]
 [290 356]]",[0. 1. 0. ... 0. 1. 0.],[1. 1. 1. ... 0. 1. 0.]
764,SVC,"{'C': 100, 'gamma': 0.01, 'kernel': 'rbf'}",0.5879135444173589,0.07086638397595589,0.19425333742994705,0.1325648664515535,0.5971266687149736,0.06628243322577673,0.5944663400628601,0.19040247678018574,0.5952012383900929,0.5952012383900929,"{0: 0.631395633045462, 1: 0.631395633045462}","{0: 0.631395633045462, 1: 0.631395633045462}",0.631395633045462,"[[412 234]
 [289 357]]",[0. 1. 0. ... 0. 1. 0.],[1. 1. 1. ... 0. 1. 0.]
499,SVC,"{'C': 100, 'gamma': 0.01, 'kernel': 'rbf'}",0.5874770177611207,0.07157788796646346,0.19422009541485388,0.1312394257749179,0.5971100477074269,0.06561971288745895,0.5952147734147676,0.19195046439628483,0.5959752321981424,0.5959752321981424,"{0: 0.6305821008540291, 1: 0.6305821008540291}","{0: 0.6305821008540291, 1: 0.6305821008540291}",0.6305821008540291,"[[413 233]
 [289 357]]",[0. 1. 0. ... 0. 1. 0.],[1. 1. 1. ... 0. 1. 0.]
835,SVC,"{'C': 100, 'gamma': 0.01, 'kernel': 'rbf'}",0.5869889093099546,0.07286836190751732,0.194173178774513,0.1339401362324659,0.5970865893872565,0.06697006811623293,0.5935506800891417,0.18885448916408665,0.5944272445820433,0.5944272445820433,"{0: 0.6301148290504079, 1: 0.6301148290504078}","{0: 0.6301148290504079, 1: 0.6301148290504078}",0.6301148290504078,"[[414 232]
 [292 354]]",[0. 1. 0. ... 0. 1. 0.],[1. 1. 1. ... 0. 1. 0.]
724,SVC,"{'C': 100, 'gamma': 0.01, 'kernel': 'rbf'}",0.5873979291899222,0.07356210013289996,0.1941676969722136,0.13556400313261793,0.5970838484861067,0.06778200156630897,0.5953197004608295,0.19195046439628483,0.5959752321981424,0.5959752321981424,"{0: 0.6303927958669209, 1: 0.630392795866921}","{0: 0.6303927958669209, 1: 0.630392795866921}",0.630392795866921,"[[411 235]
 [287 359]]",[0. 1. 0. ... 0. 1. 0.],[1. 1. 1. ... 0. 1. 0.]
149,SVC,"{'C': 100, 'gamma': 0.01, 'kernel': 'rbf'}",0.5873110996464845,0.0725112104461431,0.19408500963371228,0.13325517855369398,0.5970425048168562,0.06662758927684698,0.5936638721634833,0.18885448916408665,0.5944272445820433,0.5944272445820433,"{0: 0.629835664101065, 1: 0.629835664101065}","{0: 0.629835664101065, 1: 0.629835664101065}",0.629835664101065,"[[412 234]
 [290 356]]",[0. 1. 0. ... 0. 1. 0.],[1. 1. 1. ... 0. 1. 0.]
684,SVC,"{'C': 100, 'gamma': 0.01, 'kernel': 'rbf'}",0.5873869449311434,0.07311406365588714,0.19404636229071712,0.1345752894050156,0.5970231811453586,0.06728764470250778,0.5944663400628601,0.19040247678018574,0.5952012383900929,0.5952012383900929,"{0: 0.6307953684977332, 1: 0.6307953684977331}","{0: 0.6307953684977332, 1: 0.6307953684977331}",0.6307953684977331,"[[412 234]
 [289 357]]",[0. 1. 0. ... 0. 1. 0.],[1. 1. 1. ... 0. 1. 0.]
258,SVC,"{'C': 100, 'gamma': 0.01, 'kernel': 'rbf'}",0.5873869449311434,0.07311406365588714,0.19404636229071712,0.1345752894050156,0.5970231811453586,0.06728764470250778,0.5944663400628601,0.19040247678018574,0.5952012383900929,0.5952012383900929,"{0: 0.6314303788975262, 1: 0.6314303788975261}","{0: 0.6314303788975262, 1: 0.6314303788975261}",0.6314303788975261,"[[412 234]
 [289 357]]",[0. 1. 0. ... 0. 1. 0.],[1. 1. 1. ... 0. 1. 0.]
144,SVC,"{'C': 100, 'gamma': 0.01, 'kernel': 'rbf'}",0.5875319650374261,0.07365855955347948,0.1940150563873182,0.13533955236839576,0.5970075281936591,0.06766977618419788,0.5943553271944786,0.19040247678018574,0.5952012383900929,0.5952012383900929,"{0: 0.6306911309415408, 1: 0.6306911309415407}","{0: 0.6306911309415408, 1: 0.6306911309415407}",0.6306911309415407,"[[414 232]
 [291 355]]",[0. 1. 0. ... 0. 1. 0.],[1. 1. 1. ... 0. 1. 0.]
551,SVC,"{'C': 100, 'gamma': 0.01, 'kernel': 'rbf'}",0.5872408695817686,0.07291756144095665,0.19401097986231408,0.13412906623568355,0.597005489931157,0.06706453311784177,0.5936082597995077,0.18885448916408665,0.5944272445820433,0.5944272445820433,"{0: 0.630718687996626, 1: 0.630718687996626}","{0: 0.630718687996626, 1: 0.630718687996626}",0.630718687996626,"[[413 233]
 [291 355]]",[0. 1. 0. ... 0. 1. 0.],[1. 1. 1. ... 0. 1. 0.]
477,SVC,"{'C': 100, 'gamma': 0.01, 'kernel': 'rbf'}",0.5875896050819414,0.07322235472649598,0.1939772398751807,0.1346434897042184,0.5969886199375903,0.06732174485210919,0.5951020133712441,0.19195046439628483,0.5959752321981424,0.5959752321981424,"{0: 0.6308157367558398, 1: 0.6308157367558397}","{0: 0.6308157367558398, 1: 0.6308157367558397}",0.6308157367558397,"[[415 231]
 [291 355]]",[0. 1. 0. ... 0. 1. 0.],[1. 1. 1. ... 0. 1. 0.]
978,SVC,"{'C': 100, 'gamma': 0.01, 'kernel': 'rbf'}",0.587292978070189,0.07265626121082497,0.193973623540475,0.13397394029929882,0.5969868117702375,0.0669869701496494,0.5944118150196727,0.19040247678018574,0.5952012383900929,0.5952012383900929,"{0: 0.6302226610050897, 1: 0.6302226610050896}","{0: 0.6302226610050897, 1: 0.6302226610050896}",0.6302226610050896,"[[413 233]
 [290 356]]",[0. 1. 0. ... 0. 1. 0.],[1. 1. 1. ... 0. 1. 0.]
407,SVC,"{'C': 100, 'gamma': 0.01, 'kernel': 'rbf'}",0.5877691460750133,0.07142534164585086,0.1939736171502268,0.13386449567796893,0.5969868085751134,0.06693224783898445,0.5944663400628601,0.19040247678018574,0.5952012383900929,0.5952012383900929,"{0: 0.6306096579091144, 1: 0.6306096579091145}","{0: 0.6306096579091144, 1: 0.6306096579091145}",0.6306096579091145,"[[412 234]
 [289 357]]",[0. 1. 0. ... 0. 1. 0.],[1. 1. 1. ... 0. 1. 0.]
957,SVC,"{'C': 100, 'gamma': 0.01, 'kernel': 'rbf'}",0.5873314552087482,0.07200650900226573,0.19390199432860394,0.13210802711445271,0.5969509971643019,0.06605401355722636,0.5936082597995077,0.18885448916408665,0.5944272445820433,0.5944272445820433,"{0: 0.6295876506052966, 1: 0.6295876506052968}","{0: 0.6295876506052966, 1: 0.6295876506052968}",0.6295876506052968,"[[413 233]
 [291 355]]",[0. 1. 0. ... 0. 1. 0.],[1. 1. 1. ... 0. 1. 0.]
801,SVC,"{'C': 100, 'gamma': 0.01, 'kernel': 'rbf'}",0.5872909289937489,0.07338893810014917,0.19388703706364668,0.13518803351180855,0.5969435185318234,0.06759401675590426,0.5944663400628601,0.19040247678018574,0.5952012383900929,0.5952012383900929,"{0: 0.6320102751871484, 1: 0.6320102751871483}","{0: 0.6320102751871484, 1: 0.6320102751871483}",0.6320102751871483,"[[412 234]
 [289 357]]",[0. 1. 0. ... 0. 1. 0.],[1. 1. 1. ... 0. 1. 0.]
282,SVC,"{'C': 100, 'gamma': 0.01, 'kernel': 'rbf'}",0.5872909289937489,0.07338893810014917,0.19388703706364668,0.13518803351180855,0.5969435185318234,0.06759401675590426,0.5944663400628601,0.19040247678018574,0.5952012383900929,0.5952012383900929,"{0: 0.6312123187225028, 1: 0.6312123187225029}","{0: 0.6312123187225028, 1: 0.6312123187225029}",0.6312123187225029,"[[412 234]
 [289 357]]",[0. 1. 0. ... 0. 1. 0.],[1. 1. 1. ... 0. 1. 0.]
262,SVC,"{'C': 100, 'gamma': 0.01, 'kernel': 'rbf'}",0.5873088888940877,0.07211544875737255,0.1938234376612167,0.1326926670050334,0.5969117188306083,0.06634633350251669,0.5944663400628601,0.19040247678018574,0.5952012383900929,0.5952012383900929,"{0: 0.629496592510232, 1: 0.629496592510232}","{0: 0.629496592510232, 1: 0.629496592510232}",0.629496592510232,"[[412 234]
 [289 357]]",[0. 1. 0. ... 0. 1. 0.],[1. 1. 1. ... 0. 1. 0.]
587,SVC,"{'C': 100, 'gamma': 0.01, 'kernel': 'rbf'}",0.5876783084226118,0.06997367210911115,0.1937718312661861,0.1305754729533375,0.5968859156330931,0.06528773647666875,0.5928041047363312,0.18730650154798767,0.5936532507739938,0.5936532507739938,"{0: 0.6303161153658139, 1: 0.6303161153658139}","{0: 0.6303161153658139, 1: 0.6303161153658139}",0.6303161153658139,"[[413 233]
 [292 354]]",[0. 1. 0. ... 0. 1. 0.],[1. 1. 1. ... 0. 1. 0.]
918,SVC,"{'C': 100, 'gamma': 0.01, 'kernel': 'rbf'}",0.5874780286267621,0.07344697311105262,0.1937289758012376,0.13427936120964093,0.5968644879006189,0.06713968060482046,0.5937692012288787,0.18885448916408665,0.5944272445820433,0.5944272445820433,"{0: 0.6307067066683282, 1: 0.6307067066683281}","{0: 0.6307067066683282, 1: 0.6307067066683281}",0.6307067066683281,"[[410 236]
 [288 358]]",[0. 1. 0. ... 0. 1. 0.],[1. 1. 1. ... 0. 1. 0.]
539,SVC,"{'C': 100, 'gamma': 0.01, 'kernel': 'rbf'}",0.5872448817527518,0.07310527619255706,0.19372882549885936,0.13484129541373502,0.5968644127494297,0.0674206477068675,0.5952682152827621,0.19195046439628483,0.5959752321981424,0.5959752321981424,"{0: 0.6309966548131393, 1: 0.6309966548131392}","{0: 0.6309966548131393, 1: 0.6309966548131392}",0.6309966548131392,"[[412 234]
 [288 358]]",[0. 1. 0. ... 0. 1. 0.],[1. 1. 1. ... 0. 1. 0.]
460,SVC,"{'C': 100, 'gamma': 0.01, 'kernel': 'rbf'}",0.5872628389567082,0.07235557961981093,0.19372788587001274,0.13316969863360173,0.5968639429350064,0.06658484931680085,0.5944663400628601,0.19040247678018574,0.5952012383900929,0.5952012383900929,"{0: 0.6301555655666209, 1: 0.630155565566621}","{0: 0.6301555655666209, 1: 0.630155565566621}",0.630155565566621,"[[412 234]
 [289 357]]",[0. 1. 0. ... 0. 1. 0.],[1. 1. 1. ... 0. 1. 0.]
661,SVC,"{'C': 100, 'gamma': 0.01, 'kernel': 'rbf'}",0.5872628389567082,0.07235557961981093,0.19372788587001274,0.13316969863360173,0.5968639429350064,0.06658484931680085,0.5944663400628601,0.19040247678018574,0.5952012383900929,0.5952012383900929,"{0: 0.6315358145865483, 1: 0.6315358145865483}","{0: 0.6315358145865483, 1: 0.6315358145865483}",0.6315358145865483,"[[412 234]
 [289 357]]",[0. 1. 0. ... 0. 1. 0.],[1. 1. 1. ... 0. 1. 0.]
428,SVC,"{'C': 100, 'gamma': 0.01, 'kernel': 'rbf'}",0.587348155020197,0.0737518674723098,0.19369528345950335,0.13599020073880802,0.5968476417297517,0.06799510036940401,0.5943553271944786,0.19040247678018574,0.5952012383900929,0.5952012383900929,"{0: 0.6295660842143603, 1: 0.6295660842143603}","{0: 0.6295660842143603, 1: 0.6295660842143603}",0.6295660842143603,"[[414 232]
 [291 355]]",[0. 1. 0. ... 0. 1. 0.],[1. 1. 1. ... 0. 1. 0.]
225,SVC,"{'C': 100, 'gamma': 0.01, 'kernel': 'rbf'}",0.5876801030066511,0.0709038962697924,0.1936529100795197,0.13256406912898652,0.59682645503976,0.06628203456449325,0.5936638721634833,0.18885448916408665,0.5944272445820433,0.5944272445820433,"{0: 0.6303424742880694, 1: 0.6303424742880694}","{0: 0.6303424742880694, 1: 0.6303424742880694}",0.6303424742880694,"[[412 234]
 [290 356]]",[0. 1. 0. ... 0. 1. 0.],[1. 1. 1. ... 0. 1. 0.]
767,SVC,"{'C': 100, 'gamma': 0.01, 'kernel': 'rbf'}",0.587124271385589,0.07245362518259717,0.19364883448661355,0.13315269427599907,0.5968244172433068,0.06657634713799952,0.5944663400628601,0.19040247678018574,0.5952012383900929,0.5952012383900929,"{0: 0.6299962139002578, 1: 0.6299962139002578}","{0: 0.6299962139002578, 1: 0.6299962139002578}",0.6299962139002578,"[[412 234]
 [289 357]]",[0. 1. 0. ... 0. 1. 0.],[1. 1. 1. ... 0. 1. 0.]
401,SVC,"{'C': 100, 'gamma': 0.01, 'kernel': 'rbf'}",0.5878995566437066,0.07107677568619761,0.19364001308436796,0.1320300446959735,0.596820006542184,0.06601502234798673,0.5929155421281102,0.18730650154798767,0.5936532507739938,0.5936532507739938,"{0: 0.6311548083466725, 1: 0.6311548083466726}","{0: 0.6311548083466725, 1: 0.6311548083466726}",0.6311548083466726,"[[411 235]
 [290 356]]",[0. 1. 0. ... 0. 1. 0.],[1. 1. 1. ... 0. 1. 0.]
556,SVC,"{'C': 100, 'gamma': 0.01, 'kernel': 'rbf'}",0.5880090570375164,0.07203644411385775,0.19361488699149665,0.13425883209234973,0.5968074434957483,0.06712941604617487,0.593818920975015,0.18885448916408665,0.5944272445820433,0.5944272445820433,"{0: 0.6320198602497866, 1: 0.6320198602497868}","{0: 0.6320198602497866, 1: 0.6320198602497868}",0.6320198602497868,"[[409 237]
 [287 359]]",[0. 1. 0. ... 0. 1. 0.],[1. 1. 1. ... 0. 1. 0.]
947,SVC,"{'C': 100, 'gamma': 0.01, 'kernel': 'rbf'}",0.587716621134937,0.0718888306593505,0.19361250603911567,0.13462468020094584,0.5968062530195578,0.0673123401004729,0.5943553271944786,0.19040247678018574,0.5952012383900929,0.5952012383900929,"{0: 0.630481457696326, 1: 0.6304814576963261}","{0: 0.630481457696326, 1: 0.6304814576963261}",0.6304814576963261,"[[414 232]
 [291 355]]",[0. 1. 0. ... 0. 1. 0.],[1. 1. 1. ... 0. 1. 0.]
698,SVC,"{'C': 100, 'gamma': 0.01, 'kernel': 'rbf'}",0.587170686916444,0.07292653488175173,0.19351193902615893,0.13441455172122665,0.5967559695130794,0.06720727586061333,0.5944663400628601,0.19040247678018574,0.5952012383900929,0.5952012383900929,"{0: 0.6294031381495078, 1: 0.6294031381495078}","{0: 0.6294031381495078, 1: 0.6294031381495078}",0.6294031381495078,"[[412 234]
 [289 357]]",[0. 1. 0. ... 0. 1. 0.],[1. 1. 1. ... 0. 1. 0.]
897,SVC,"{'C': 100, 'gamma': 0.01, 'kernel': 'rbf'}",0.5871492076664131,0.07231262597816564,0.19344722596144584,0.13309733288979503,0.5967236129807229,0.06654866644489751,0.5936082597995077,0.18885448916408665,0.5944272445820433,0.5944272445820433,"{0: 0.629669123637723, 1: 0.629669123637723}","{0: 0.629669123637723, 1: 0.629669123637723}",0.629669123637723,"[[413 233]
 [291 355]]",[0. 1. 0. ... 0. 1. 0.],[1. 1. 1. ... 0. 1. 0.]
264,SVC,"{'C': 100, 'gamma': 0.01, 'kernel': 'rbf'}",0.5870060925326132,0.0737674846814402,0.1934328876427597,0.1365044249818397,0.5967164438213799,0.06825221249091985,0.5943553271944786,0.19040247678018574,0.5952012383900929,0.5952012383900929,"{0: 0.6303376817567503, 1: 0.6303376817567503}","{0: 0.6303376817567503, 1: 0.6303376817567503}",0.6303376817567503,"[[414 232]
 [291 355]]",[0. 1. 0. ... 0. 1. 0.],[1. 1. 1. ... 0. 1. 0.]
787,SVC,"{'C': 100, 'gamma': 0.01, 'kernel': 'rbf'}",0.5871309053306183,0.07324768520764006,0.19340682192104183,0.13514975211449817,0.5967034109605209,0.06757487605724909,0.5944118150196727,0.19040247678018574,0.5952012383900929,0.5952012383900929,"{0: 0.6311020905021615, 1: 0.6311020905021614}","{0: 0.6311020905021615, 1: 0.6311020905021614}",0.6311020905021614,"[[413 233]
 [290 356]]",[0. 1. 0. ... 0. 1. 0.],[1. 1. 1. ... 0. 1. 0.]
936,SVC,"{'C': 100, 'gamma': 0.01, 'kernel': 'rbf'}",0.5871309053306183,0.07324768520764006,0.19340682192104183,0.13514975211449817,0.5967034109605209,0.06757487605724909,0.5944118150196727,0.19040247678018574,0.5952012383900929,0.5952012383900929,"{0: 0.6308444919437548, 1: 0.6308444919437549}","{0: 0.6308444919437548, 1: 0.6308444919437549}",0.6308444919437549,"[[413 233]
 [290 356]]",[0. 1. 0. ... 0. 1. 0.],[1. 1. 1. ... 0. 1. 0.]
599,SVC,"{'C': 100, 'gamma': 0.01, 'kernel': 'rbf'}",0.5874514699538578,0.07058587441597344,0.19336444854105816,0.13215018718393565,0.5966822242705291,0.06607509359196781,0.5937175187895926,0.18885448916408665,0.5944272445820433,0.5944272445820433,"{0: 0.6313489058651, 1: 0.6313489058650998}","{0: 0.6313489058651, 1: 0.6313489058650998}",0.6313489058650998,"[[411 235]
 [289 357]]",[0. 1. 0. ... 0. 1. 0.],[1. 1. 1. ... 0. 1. 0.]
591,SVC,"{'C': 100, 'gamma': 0.01, 'kernel': 'rbf'}",0.587433167618063,0.07154358282682519,0.19332404450065416,0.13421706582211573,0.596662022250327,0.06710853291105787,0.5945189039007954,0.19040247678018574,0.5952012383900929,0.5952012383900929,"{0: 0.6321324847357878, 1: 0.6321324847357878}","{0: 0.6321324847357878, 1: 0.6321324847357878}",0.6321324847357878,"[[411 235]
 [288 358]]",[0. 1. 0. ... 0. 1. 0.],[1. 1. 1. ... 0. 1. 0.]
643,SVC,"{'C': 100, 'gamma': 0.01, 'kernel': 'rbf'}",0.587433167618063,0.07154358282682519,0.19332404450065416,0.13421706582211573,0.596662022250327,0.06710853291105787,0.5945189039007954,0.19040247678018574,0.5952012383900929,0.5952012383900929,"{0: 0.6296846993645103, 1: 0.6296846993645104}","{0: 0.6296846993645103, 1: 0.6296846993645104}",0.6296846993645104,"[[411 235]
 [288 358]]",[0. 1. 0. ... 0. 1. 0.],[1. 1. 1. ... 0. 1. 0.]
328,SVC,"{'C': 100, 'gamma': 0.01, 'kernel': 'rbf'}",0.5874478986712145,0.07084689223698906,0.1933231048718075,0.13270071707843797,0.5966615524359038,0.06635035853921896,0.5937175187895926,0.18885448916408665,0.5944272445820433,0.5944272445820433,"{0: 0.6303712294759846, 1: 0.6303712294759847}","{0: 0.6303712294759846, 1: 0.6303712294759847}",0.6303712294759847,"[[411 235]
 [289 357]]",[0. 1. 0. ... 0. 1. 0.],[1. 1. 1. ... 0. 1. 0.]
578,SVC,"{'C': 100, 'gamma': 0.01, 'kernel': 'rbf'}",0.5871059350496018,0.07437750416949633,0.19330997910868175,0.13715997610767436,0.5966549895543409,0.06857998805383718,0.5944118150196727,0.19040247678018574,0.5952012383900929,0.5952012383900929,"{0: 0.6312458664417372, 1: 0.6312458664417372}","{0: 0.6312458664417372, 1: 0.6312458664417372}",0.6312458664417372,"[[413 233]
 [290 356]]",[0. 1. 0. ... 0. 1. 0.],[1. 1. 1. ... 0. 1. 0.]
153,SVC,"{'C': 100, 'gamma': 0.01, 'kernel': 'rbf'}",0.5872051487440005,0.07283353910128552,0.19328772337550246,0.13391604363850731,0.5966438616877512,0.06695802181925366,0.5943553271944786,0.19040247678018574,0.5952012383900929,0.5952012383900929,"{0: 0.6317802336838272, 1: 0.6317802336838271}","{0: 0.6317802336838272, 1: 0.6317802336838271}",0.6317802336838271,"[[414 232]
 [291 355]]",[0. 1. 0. ... 0. 1. 0.],[1. 1. 1. ... 0. 1. 0.]
173,SVC,"{'C': 100, 'gamma': 0.01, 'kernel': 'rbf'}",0.5865349496788348,0.07323445925214836,0.19328522951447075,0.1348898813477,0.5966426147572353,0.06744494067384998,0.5935506800891417,0.18885448916408665,0.5944272445820433,0.5944272445820433,"{0: 0.6294989887758917, 1: 0.6294989887758917}","{0: 0.6294989887758917, 1: 0.6294989887758917}",0.6294989887758917,"[[414 232]
 [292 354]]",[0. 1. 0. ... 0. 1. 0.],[1. 1. 1. ... 0. 1. 0.]
483,SVC,"{'C': 100, 'gamma': 0.01, 'kernel': 'rbf'}",0.5869549505367986,0.07350183472992837,0.19323746441407405,0.13553674586420678,0.596618732207037,0.06776837293210339,0.5945189039007954,0.19040247678018574,0.5952012383900929,0.5952012383900929,"{0: 0.6287429669602891, 1: 0.6287429669602891}","{0: 0.6287429669602891, 1: 0.6287429669602891}",0.6287429669602891,"[[411 235]
 [288 358]]",[0. 1. 0. ... 0. 1. 0.],[1. 1. 1. ... 0. 1. 0.]
531,SVC,"{'C': 100, 'gamma': 0.01, 'kernel': 'rbf'}",0.5869549505367986,0.07350183472992837,0.19323746441407405,0.13553674586420678,0.596618732207037,0.06776837293210339,0.5945189039007954,0.19040247678018574,0.5952012383900929,0.5952012383900929,"{0: 0.6305030240872624, 1: 0.6305030240872624}","{0: 0.6305030240872624, 1: 0.6305030240872624}",0.6305030240872624,"[[411 235]
 [288 358]]",[0. 1. 0. ... 0. 1. 0.],[1. 1. 1. ... 0. 1. 0.]
146,SVC,"{'C': 100, 'gamma': 0.01, 'kernel': 'rbf'}",0.5869903300586634,0.07350429556364504,0.19323746441407405,0.13553674586420678,0.596618732207037,0.06776837293210339,0.5944663400628601,0.19040247678018574,0.5952012383900929,0.5952012383900929,"{0: 0.6306731589490937, 1: 0.6306731589490937}","{0: 0.6306731589490937, 1: 0.6306731589490937}",0.6306731589490937,"[[412 234]
 [289 357]]",[0. 1. 0. ... 0. 1. 0.],[1. 1. 1. ... 0. 1. 0.]
839,SVC,"{'C': 100, 'gamma': 0.01, 'kernel': 'rbf'}",0.5869549505367986,0.07350183472992837,0.19323746441407405,0.13553674586420678,0.596618732207037,0.06776837293210339,0.5945189039007954,0.19040247678018574,0.5952012383900929,0.5952012383900929,"{0: 0.6300908663938118, 1: 0.6300908663938118}","{0: 0.6300908663938118, 1: 0.6300908663938118}",0.6300908663938118,"[[411 235]
 [288 358]]",[0. 1. 0. ... 0. 1. 0.],[1. 1. 1. ... 0. 1. 0.]
828,SVC,"{'C': 100, 'gamma': 0.01, 'kernel': 'rbf'}",0.5869549505367986,0.07350183472992837,0.19323746441407405,0.13553674586420678,0.596618732207037,0.06776837293210339,0.5945189039007954,0.19040247678018574,0.5952012383900929,0.5952012383900929,"{0: 0.6306827440117322, 1: 0.6306827440117321}","{0: 0.6306827440117322, 1: 0.6306827440117321}",0.6306827440117321,"[[411 235]
 [288 358]]",[0. 1. 0. ... 0. 1. 0.],[1. 1. 1. ... 0. 1. 0.]
397,SVC,"{'C': 100, 'gamma': 0.01, 'kernel': 'rbf'}",0.5869549505367986,0.07350183472992837,0.19323746441407405,0.13553674586420678,0.596618732207037,0.06776837293210339,0.5945189039007954,0.19040247678018574,0.5952012383900929,0.5952012383900929,"{0: 0.6310110324070968, 1: 0.6310110324070968}","{0: 0.6310110324070968, 1: 0.6310110324070968}",0.6310110324070968,"[[411 235]
 [288 358]]",[0. 1. 0. ... 0. 1. 0.],[1. 1. 1. ... 0. 1. 0.]
248,SVC,"{'C': 100, 'gamma': 0.01, 'kernel': 'rbf'}",0.5869743914790145,0.0735306150389974,0.19323746441407405,0.13553674586420678,0.596618732207037,0.06776837293210339,0.5944663400628601,0.19040247678018574,0.5952012383900929,0.5952012383900929,"{0: 0.630404777195219, 1: 0.630404777195219}","{0: 0.630404777195219, 1: 0.630404777195219}",0.630404777195219,"[[412 234]
 [289 357]]",[0. 1. 0. ... 0. 1. 0.],[1. 1. 1. ... 0. 1. 0.]
804,SVC,"{'C': 100, 'gamma': 0.01, 'kernel': 'rbf'}",0.5869549505367986,0.07350183472992837,0.19323746441407405,0.13553674586420678,0.596618732207037,0.06776837293210339,0.5945189039007954,0.19040247678018574,0.5952012383900929,0.5952012383900929,"{0: 0.6302921527092179, 1: 0.630292152709218}","{0: 0.6302921527092179, 1: 0.630292152709218}",0.630292152709218,"[[411 235]
 [288 358]]",[0. 1. 0. ... 0. 1. 0.],[1. 1. 1. ... 0. 1. 0.]
817,SVC,"{'C': 100, 'gamma': 0.01, 'kernel': 'rbf'}",0.586911365193136,0.07293116457505948,0.1932038386830799,0.13421514747138766,0.5966019193415399,0.06710757373569382,0.5936638721634833,0.18885448916408665,0.5944272445820433,0.5944272445820433,"{0: 0.6311667896749704, 1: 0.6311667896749705}","{0: 0.6311667896749704, 1: 0.6311667896749705}",0.6311667896749705,"[[412 234]
 [290 356]]",[0. 1. 0. ... 0. 1. 0.],[1. 1. 1. ... 0. 1. 0.]
703,SVC,"{'C': 100, 'gamma': 0.01, 'kernel': 'rbf'}",0.5869512876358184,0.07254939886541151,0.1931988170710789,0.13347309804029855,0.5965994085355395,0.06673654902014928,0.5936638721634833,0.18885448916408665,0.5944272445820433,0.5944272445820433,"{0: 0.6300776869326841, 1: 0.6300776869326841}","{0: 0.6300776869326841, 1: 0.6300776869326841}",0.6300776869326841,"[[412 234]
 [290 356]]",[0. 1. 0. ... 0. 1. 0.],[1. 1. 1. ... 0. 1. 0.]
505,SVC,"{'C': 100, 'gamma': 0.01, 'kernel': 'rbf'}",0.5869512876358184,0.07254939886541151,0.1931988170710789,0.13347309804029855,0.5965994085355395,0.06673654902014928,0.5936638721634833,0.18885448916408665,0.5944272445820433,0.5944272445820433,"{0: 0.6313632834590573, 1: 0.6313632834590575}","{0: 0.6313632834590573, 1: 0.6313632834590575}",0.6313632834590575,"[[412 234]
 [290 356]]",[0. 1. 0. ... 0. 1. 0.],[1. 1. 1. ... 0. 1. 0.]
165,SVC,"{'C': 100, 'gamma': 0.01, 'kernel': 'rbf'}",0.5870061080998991,0.07258104228173817,0.1931988170710789,0.13347309804029855,0.5965994085355395,0.06673654902014928,0.5935506800891417,0.18885448916408665,0.5944272445820433,0.5944272445820433,"{0: 0.6291012086763987, 1: 0.6291012086763987}","{0: 0.6291012086763987, 1: 0.6291012086763987}",0.6291012086763987,"[[414 232]
 [292 354]]",[0. 1. 0. ... 0. 1. 0.],[1. 1. 1. ... 0. 1. 0.]
512,SVC,"{'C': 100, 'gamma': 0.01, 'kernel': 'rbf'}",0.5868765809575807,0.07291016020042795,0.19319706037367002,0.13420918756909025,0.596598530186835,0.06710459378454513,0.5936082597995077,0.18885448916408665,0.5944272445820433,0.5944272445820433,"{0: 0.628844808250822, 1: 0.628844808250822}","{0: 0.628844808250822, 1: 0.628844808250822}",0.628844808250822,"[[413 233]
 [291 355]]",[0. 1. 0. ... 0. 1. 0.],[1. 1. 1. ... 0. 1. 0.]
289,SVC,"{'C': 100, 'gamma': 0.01, 'kernel': 'rbf'}",0.5865368733455815,0.07339419639760167,0.19315571670441936,0.13489776388174532,0.5965778583522097,0.06744888194087265,0.5936082597995077,0.18885448916408665,0.5944272445820433,0.5944272445820433,"{0: 0.6311943467300559, 1: 0.631194346730056}","{0: 0.6311943467300559, 1: 0.631194346730056}",0.631194346730056,"[[413 233]
 [291 355]]",[0. 1. 0. ... 0. 1. 0.],[1. 1. 1. ... 0. 1. 0.]
408,SVC,"{'C': 100, 'gamma': 0.01, 'kernel': 'rbf'}",0.5871000053275722,0.07413412383395816,0.193138218238387,0.1363019855143651,0.5965691091191936,0.06815099275718253,0.5944663400628601,0.19040247678018574,0.5952012383900929,0.5952012383900929,"{0: 0.6304670801023684, 1: 0.6304670801023685}","{0: 0.6304670801023684, 1: 0.6304670801023685}",0.6304670801023685,"[[412 234]
 [289 357]]",[0. 1. 0. ... 0. 1. 0.],[1. 1. 1. ... 0. 1. 0.]
154,SVC,"{'C': 100, 'gamma': 0.01, 'kernel': 'rbf'}",0.5869051542443594,0.07375271522370297,0.19306286123947086,0.1360801645134618,0.5965314306197353,0.0680400822567309,0.5944663400628601,0.19040247678018574,0.5952012383900929,0.5952012383900929,"{0: 0.6302322460677281, 1: 0.6302322460677281}","{0: 0.6302322460677281, 1: 0.6302322460677281}",0.6302322460677281,"[[412 234]
 [289 357]]",[0. 1. 0. ... 0. 1. 0.],[1. 1. 1. ... 0. 1. 0.]
577,SVC,"{'C': 100, 'gamma': 0.01, 'kernel': 'rbf'}",0.5868482954724636,0.07314313828056394,0.1929981481747578,0.13477900934333092,0.5964990740873789,0.06738950467166545,0.5936638721634833,0.18885448916408665,0.5944272445820433,0.5944272445820433,"{0: 0.6310421838606715, 1: 0.6310421838606715}","{0: 0.6310421838606715, 1: 0.6310421838606715}",0.6310421838606715,"[[412 234]
 [290 356]]",[0. 1. 0. ... 0. 1. 0.],[1. 1. 1. ... 0. 1. 0.]
718,SVC,"{'C': 100, 'gamma': 0.01, 'kernel': 'rbf'}",0.5868482954724636,0.07314313828056394,0.1929981481747578,0.13477900934333092,0.5964990740873789,0.06738950467166545,0.5936638721634833,0.18885448916408665,0.5944272445820433,0.5944272445820433,"{0: 0.6302466236616857, 1: 0.6302466236616856}","{0: 0.6302466236616857, 1: 0.6302466236616856}",0.6302466236616856,"[[412 234]
 [290 356]]",[0. 1. 0. ... 0. 1. 0.],[1. 1. 1. ... 0. 1. 0.]
903,SVC,"{'C': 100, 'gamma': 0.01, 'kernel': 'rbf'}",0.587170561561037,0.07452581290779978,0.19295523629736316,0.13662230388086735,0.5964776181486816,0.06831115194043366,0.5945189039007954,0.19040247678018574,0.5952012383900929,0.5952012383900929,"{0: 0.6304670801023685, 1: 0.6304670801023684}","{0: 0.6304670801023685, 1: 0.6304670801023684}",0.6304670801023684,"[[411 235]
 [288 358]]",[0. 1. 0. ... 0. 1. 0.],[1. 1. 1. ... 0. 1. 0.]
798,SVC,"{'C': 100, 'gamma': 0.01, 'kernel': 'rbf'}",0.5871351820391721,0.0745234713693287,0.19295523629736316,0.13662230388086735,0.5964776181486816,0.06831115194043366,0.5945695080529176,0.19040247678018574,0.5952012383900929,0.5952012383900929,"{0: 0.630155565566621, 1: 0.630155565566621}","{0: 0.630155565566621, 1: 0.630155565566621}",0.630155565566621,"[[410 236]
 [287 359]]",[0. 1. 0. ... 0. 1. 0.],[1. 1. 1. ... 0. 1. 0.]
194,SVC,"{'C': 100, 'gamma': 0.01, 'kernel': 'rbf'}",0.5872959599051961,0.06986057175521412,0.19292000409661372,0.13030181820773845,0.5964600020483068,0.06515090910386921,0.5945695080529176,0.19040247678018574,0.5952012383900929,0.5952012383900929,"{0: 0.6300357522836412, 1: 0.6300357522836411}","{0: 0.6300357522836412, 1: 0.6300357522836411}",0.6300357522836411,"[[410 236]
 [287 359]]",[0. 1. 0. ... 0. 1. 0.],[1. 1. 1. ... 0. 1. 0.]
990,SVC,"{'C': 100, 'gamma': 0.01, 'kernel': 'rbf'}",0.5864850031025347,0.07479355356702196,0.1928419912142233,0.13795233027237178,0.5964209956071117,0.06897616513618589,0.5936082597995077,0.18885448916408665,0.5944272445820433,0.5944272445820433,"{0: 0.6301040458549396, 1: 0.6301040458549396}","{0: 0.6301040458549396, 1: 0.6301040458549396}",0.6301040458549396,"[[413 233]
 [291 355]]",[0. 1. 0. ... 0. 1. 0.],[1. 1. 1. ... 0. 1. 0.]
333,SVC,"{'C': 100, 'gamma': 0.01, 'kernel': 'rbf'}",0.586820205435423,0.07210608488190823,0.19283899698112386,0.13275339036532657,0.5964194984905619,0.06637669518266326,0.5936638721634833,0.18885448916408665,0.5944272445820433,0.5944272445820433,"{0: 0.6304191547891765, 1: 0.6304191547891764}","{0: 0.6304191547891765, 1: 0.6304191547891764}",0.6304191547891764,"[[412 234]
 [290 356]]",[0. 1. 0. ... 0. 1. 0.],[1. 1. 1. ... 0. 1. 0.]
596,SVC,"{'C': 100, 'gamma': 0.01, 'kernel': 'rbf'}",0.586685300765284,0.07316057077421216,0.19279859294071983,0.13481086372360937,0.5963992964703599,0.06740543186180467,0.5945189039007954,0.19040247678018574,0.5952012383900929,0.5952012383900929,"{0: 0.6298680136874695, 1: 0.6298680136874695}","{0: 0.6298680136874695, 1: 0.6298680136874695}",0.6298680136874695,"[[411 235]
 [288 358]]",[0. 1. 0. ... 0. 1. 0.],[1. 1. 1. ... 0. 1. 0.]
626,SVC,"{'C': 100, 'gamma': 0.01, 'kernel': 'rbf'}",0.5867206802871487,0.073163173480997,0.19279859294071983,0.13481086372360937,0.5963992964703599,0.06740543186180467,0.5944663400628601,0.19040247678018574,0.5952012383900929,0.5952012383900929,"{0: 0.6323553374421302, 1: 0.6323553374421301}","{0: 0.6323553374421302, 1: 0.6323553374421301}",0.6323553374421301,"[[412 234]
 [289 357]]",[0. 1. 0. ... 0. 1. 0.],[1. 1. 1. ... 0. 1. 0.]
145,SVC,"{'C': 100, 'gamma': 0.01, 'kernel': 'rbf'}",0.5875288552733813,0.07277790406977297,0.19279340749357626,0.13584162528786228,0.5963967037467881,0.06792081264393114,0.5945695080529176,0.19040247678018574,0.5952012383900929,0.5952012383900929,"{0: 0.6307330655905836, 1: 0.6307330655905836}","{0: 0.6307330655905836, 1: 0.6307330655905836}",0.6307330655905836,"[[410 236]
 [287 359]]",[0. 1. 0. ... 0. 1. 0.],[1. 1. 1. ... 0. 1. 0.]
412,SVC,"{'C': 100, 'gamma': 0.01, 'kernel': 'rbf'}",0.587290529421741,0.07224009667165321,0.19278833021493985,0.13551885021930007,0.59639416510747,0.06775942510965004,0.5944118150196727,0.19040247678018574,0.5952012383900929,0.5952012383900929,"{0: 0.6301915095515149, 1: 0.6301915095515149}","{0: 0.6301915095515149, 1: 0.6301915095515149}",0.6301915095515149,"[[413 233]
 [290 356]]",[0. 1. 0. ... 0. 1. 0.],[1. 1. 1. ... 0. 1. 0.]
199,SVC,"{'C': 100, 'gamma': 0.01, 'kernel': 'rbf'}",0.5872183113652061,0.07046124094015617,0.19270405725275988,0.1315724818853022,0.5963520286263799,0.06578624094265112,0.5945189039007954,0.19040247678018574,0.5952012383900929,0.5952012383900929,"{0: 0.6304023809295594, 1: 0.6304023809295594}","{0: 0.6304023809295594, 1: 0.6304023809295594}",0.6304023809295594,"[[411 235]
 [288 358]]",[0. 1. 0. ... 0. 1. 0.],[1. 1. 1. ... 0. 1. 0.]
59,SVC,"{'C': 1000, 'gamma': 0.01, 'kernel': 'rbf'}",0.588843581295525,0.09198609818037123,0.19268425135896483,0.17524685070213641,0.5963421256794824,0.08762342535106821,0.5841837300386267,0.1687306501547987,0.5843653250773994,0.5843653250773994,"{0: 0.6078750874636966, 1: 0.6078750874636965}","{0: 0.6078750874636966, 1: 0.6078750874636965}",0.6078750874636965,"[[391 255]
 [282 364]]",[0. 1. 0. ... 0. 1. 1.],[1. 1. 1. ... 0. 1. 0.]
688,SVC,"{'C': 100, 'gamma': 0.01, 'kernel': 'rbf'}",0.5867350871210727,0.07307062599970399,0.19264724337698053,0.135105480106666,0.5963236216884903,0.067552740053333,0.5935506800891417,0.18885448916408665,0.5944272445820433,0.5944272445820433,"{0: 0.6311811672689281, 1: 0.6311811672689281}","{0: 0.6311811672689281, 1: 0.6311811672689281}",0.6311811672689281,"[[414 232]
 [292 354]]",[0. 1. 0. ... 0. 1. 0.],[1. 1. 1. ... 0. 1. 0.]
388,SVC,"{'C': 100, 'gamma': 0.01, 'kernel': 'rbf'}",0.5872374993783311,0.0714964844997665,0.19264222631883596,0.13382582979158883,0.5963211131594179,0.0669129148957944,0.5937175187895926,0.18885448916408665,0.5944272445820433,0.5944272445820433,"{0: 0.6300201765568538, 1: 0.6300201765568538}","{0: 0.6300201765568538, 1: 0.6300201765568538}",0.6300201765568538,"[[411 235]
 [289 357]]",[0. 1. 0. ... 0. 1. 0.],[1. 1. 1. ... 0. 1. 0.]
255,SVC,"{'C': 100, 'gamma': 0.01, 'kernel': 'rbf'}",0.5867242545596382,0.07361788647930516,0.19258264609686598,0.13603922486698236,0.5962913230484329,0.06801961243349118,0.5944118150196727,0.19040247678018574,0.5952012383900929,0.5952012383900929,"{0: 0.632344554246662, 1: 0.6323445542466619}","{0: 0.632344554246662, 1: 0.6323445542466619}",0.6323445542466619,"[[413 233]
 [290 356]]",[0. 1. 0. ... 0. 1. 0.],[1. 1. 1. ... 0. 1. 0.]
190,SVC,"{'C': 100, 'gamma': 0.01, 'kernel': 'rbf'}",0.5873937970605878,0.0722422916974592,0.19252708590369555,0.13470876764787051,0.5962635429518478,0.06735438382393526,0.5929683069749858,0.18730650154798767,0.5936532507739938,0.5936532507739938,"{0: 0.6313548965292488, 1: 0.6313548965292488}","{0: 0.6313548965292488, 1: 0.6313548965292488}",0.6313548965292488,"[[410 236]
 [289 357]]",[0. 1. 0. ... 0. 1. 0.],[1. 1. 1. ... 0. 1. 0.]
682,SVC,"{'C': 100, 'gamma': 0.01, 'kernel': 'rbf'}",0.5865837371329848,0.07297396399520589,0.19252317869978836,0.13452614395801796,0.5962615893498941,0.06726307197900898,0.5937692012288787,0.18885448916408665,0.5944272445820433,0.5944272445820433,"{0: 0.6313129618802059, 1: 0.6313129618802059}","{0: 0.6313129618802059, 1: 0.6313129618802059}",0.6313129618802059,"[[410 236]
 [288 358]]",[0. 1. 0. ... 0. 1. 0.],[1. 1. 1. ... 0. 1. 0.]
711,SVC,"{'C': 100, 'gamma': 0.01, 'kernel': 'rbf'}",0.5866614717756329,0.07283332787645773,0.19251524219185182,0.13381728150463695,0.5962576210959258,0.06690864075231846,0.5928608085761532,0.18730650154798767,0.5936532507739938,0.5936532507739938,"{0: 0.6311080811663103, 1: 0.6311080811663106}","{0: 0.6311080811663103, 1: 0.6311080811663106}",0.6311080811663106,"[[412 234]
 [291 355]]",[0. 1. 0. ... 0. 1. 0.],[1. 1. 1. ... 0. 1. 0.]
772,SVC,"{'C': 100, 'gamma': 0.01, 'kernel': 'rbf'}",0.5870399356003435,0.07386034785895304,0.19244241578454266,0.13563368158459266,0.5962212078922713,0.06781684079229632,0.5945189039007954,0.19040247678018574,0.5952012383900929,0.5952012383900929,"{0: 0.6309043985852447, 1: 0.6309043985852447}","{0: 0.6309043985852447, 1: 0.6309043985852447}",0.6309043985852447,"[[411 235]
 [288 358]]",[0. 1. 0. ... 0. 1. 0.],[1. 1. 1. ... 0. 1. 0.]
260,SVC,"{'C': 100, 'gamma': 0.01, 'kernel': 'rbf'}",0.586584860615984,0.0730211277742622,0.19238991919443582,0.13459815874314227,0.5961949595972179,0.06729907937157112,0.5936082597995077,0.18885448916408665,0.5944272445820433,0.5944272445820433,"{0: 0.6301531693009614, 1: 0.6301531693009614}","{0: 0.6301531693009614, 1: 0.6301531693009614}",0.6301531693009614,"[[413 233]
 [291 355]]",[0. 1. 0. ... 0. 1. 0.],[1. 1. 1. ... 0. 1. 0.]
345,SVC,"{'C': 100, 'gamma': 0.01, 'kernel': 'rbf'}",0.5865172056970899,0.07395996335815834,0.19234951515403179,0.13662772182960106,0.5961747575770159,0.06831386091480052,0.5944663400628601,0.19040247678018574,0.5952012383900929,0.5952012383900929,"{0: 0.6309295593746707, 1: 0.6309295593746705}","{0: 0.6309295593746707, 1: 0.6309295593746705}",0.6309295593746705,"[[412 234]
 [289 357]]",[0. 1. 0. ... 0. 1. 0.],[1. 1. 1. ... 0. 1. 0.]
867,SVC,"{'C': 100, 'gamma': 0.01, 'kernel': 'rbf'}",0.5865157219588304,0.07319017756189167,0.19234857552518517,0.13497824071152142,0.5961742877625926,0.06748912035576071,0.5937175187895926,0.18885448916408665,0.5944272445820433,0.5944272445820433,"{0: 0.6306300261672211, 1: 0.630630026167221}","{0: 0.6306300261672211, 1: 0.630630026167221}",0.630630026167221,"[[411 235]
 [289 357]]",[0. 1. 0. ... 0. 1. 0.],[1. 1. 1. ... 0. 1. 0.]
602,SVC,"{'C': 100, 'gamma': 0.01, 'kernel': 'rbf'}",0.5865157219588304,0.07319017756189167,0.19234857552518517,0.13497824071152142,0.5961742877625926,0.06748912035576071,0.5937175187895926,0.18885448916408665,0.5944272445820433,0.5944272445820433,"{0: 0.6294582522596787, 1: 0.6294582522596786}","{0: 0.6294582522596787, 1: 0.6294582522596786}",0.6294582522596786,"[[411 235]
 [289 357]]",[0. 1. 0. ... 0. 1. 0.],[1. 1. 1. ... 0. 1. 0.]
597,SVC,"{'C': 1000, 'gamma': 0.01, 'kernel': 'rbf'}",0.5888497962671222,0.09328455644397185,0.1923132651100716,0.17790994607431254,0.5961566325550358,0.08895497303715627,0.5833956655159187,0.16718266253869973,0.5835913312693498,0.5835913312693499,"{0: 0.6076905750079077, 1: 0.6076905750079076}","{0: 0.6076905750079077, 1: 0.6076905750079076}",0.6076905750079076,"[[391 255]
 [283 363]]",[0. 1. 0. ... 0. 1. 1.],[1. 1. 1. ... 0. 1. 0.]
847,SVC,"{'C': 100, 'gamma': 0.01, 'kernel': 'rbf'}",0.5865087457328702,0.07350588061293949,0.1923072318559345,0.13566265506381406,0.5961536159279673,0.06783132753190702,0.5937175187895926,0.18885448916408665,0.5944272445820433,0.5944272445820433,"{0: 0.6312554515043756, 1: 0.6312554515043756}","{0: 0.6312554515043756, 1: 0.6312554515043756}",0.6312554515043756,"[[411 235]
 [289 357]]",[0. 1. 0. ... 0. 1. 0.],[1. 1. 1. ... 0. 1. 0.]
793,SVC,"{'C': 100, 'gamma': 0.01, 'kernel': 'rbf'}",0.5865087457328702,0.07350588061293949,0.1923072318559345,0.13566265506381406,0.5961536159279673,0.06783132753190702,0.5937175187895926,0.18885448916408665,0.5944272445820433,0.5944272445820433,"{0: 0.6305641288615821, 1: 0.6305641288615822}","{0: 0.6305641288615821, 1: 0.6305641288615822}",0.6305641288615822,"[[411 235]
 [289 357]]",[0. 1. 0. ... 0. 1. 0.],[1. 1. 1. ... 0. 1. 0.]
877,SVC,"{'C': 100, 'gamma': 0.01, 'kernel': 'rbf'}",0.5865087457328702,0.07350588061293949,0.1923072318559345,0.13566265506381406,0.5961536159279673,0.06783132753190702,0.5937175187895926,0.18885448916408665,0.5944272445820433,0.5944272445820433,"{0: 0.6310781278455655, 1: 0.6310781278455655}","{0: 0.6310781278455655, 1: 0.6310781278455655}",0.6310781278455655,"[[411 235]
 [289 357]]",[0. 1. 0. ... 0. 1. 0.],[1. 1. 1. ... 0. 1. 0.]
606,SVC,"{'C': 100, 'gamma': 0.01, 'kernel': 'rbf'}",0.5865087457328702,0.07350588061293949,0.1923072318559345,0.13566265506381406,0.5961536159279673,0.06783132753190702,0.5937175187895926,0.18885448916408665,0.5944272445820433,0.5944272445820433,"{0: 0.6306659701521149, 1: 0.6306659701521149}","{0: 0.6306659701521149, 1: 0.6306659701521149}",0.6306659701521149,"[[411 235]
 [289 357]]",[0. 1. 0. ... 0. 1. 0.],[1. 1. 1. ... 0. 1. 0.]
466,SVC,"{'C': 100, 'gamma': 0.01, 'kernel': 'rbf'}",0.5865245237741059,0.07258275217979952,0.19226858451293935,0.1336006829995509,0.5961342922564696,0.06680034149977546,0.5928041047363312,0.18730650154798767,0.5936532507739938,0.5936532507739938,"{0: 0.6307282730592645, 1: 0.6307282730592645}","{0: 0.6307282730592645, 1: 0.6307282730592645}",0.6307282730592645,"[[413 233]
 [292 354]]",[0. 1. 0. ... 0. 1. 0.],[1. 1. 1. ... 0. 1. 0.]
938,SVC,"{'C': 100, 'gamma': 0.01, 'kernel': 'rbf'}",0.5867036439781824,0.07274177960138178,0.19223458228328494,0.1337427214340137,0.5961172911416425,0.06687136071700683,0.5920571462872921,0.18575851393188858,0.5928792569659442,0.5928792569659442,"{0: 0.6310529670561397, 1: 0.6310529670561398}","{0: 0.6310529670561397, 1: 0.6310529670561398}",0.6310529670561398,"[[412 234]
 [292 354]]",[0. 1. 0. ... 0. 1. 0.],[1. 1. 1. ... 0. 1. 0.]
790,SVC,"{'C': 100, 'gamma': 0.01, 'kernel': 'rbf'}",0.5864867804960953,0.0734853095345184,0.1922281804725353,0.13564513529215294,0.5961140902362676,0.06782256764607647,0.5936638721634833,0.18885448916408665,0.5944272445820433,0.5944272445820433,"{0: 0.630292152709218, 1: 0.630292152709218}","{0: 0.630292152709218, 1: 0.630292152709218}",0.630292152709218,"[[412 234]
 [290 356]]",[0. 1. 0. ... 0. 1. 0.],[1. 1. 1. ... 0. 1. 0.]
435,SVC,"{'C': 100, 'gamma': 0.01, 'kernel': 'rbf'}",0.5864489920316093,0.07156722120586628,0.19212471126683817,0.13171927475906345,0.596062355633419,0.06585963737953171,0.5929155421281102,0.18730650154798767,0.5936532507739938,0.5936532507739938,"{0: 0.6317994038091038, 1: 0.6317994038091039}","{0: 0.6317994038091038, 1: 0.6317994038091039}",0.6317994038091039,"[[411 235]
 [290 356]]",[0. 1. 0. ... 0. 1. 0.],[1. 1. 1. ... 0. 1. 0.]
150,SVC,"{'C': 100, 'gamma': 0.01, 'kernel': 'rbf'}",0.5864937634585725,0.07280105215726287,0.19204924715058136,0.13403933358090786,0.5960246235752906,0.06701966679045392,0.5927454289682104,0.18730650154798767,0.5936532507739938,0.5936532507739938,"{0: 0.6293048912574644, 1: 0.6293048912574644}","{0: 0.6293048912574644, 1: 0.6293048912574644}",0.6293048912574644,"[[414 232]
 [293 353]]",[0. 1. 0. ... 0. 1. 0.],[1. 1. 1. ... 0. 1. 0.]
905,SVC,"{'C': 100, 'gamma': 0.01, 'kernel': 'rbf'}",0.5864083765546735,0.0736100741446751,0.19198746441407405,0.13572786427441405,0.595993732207037,0.06786393213720701,0.5937175187895926,0.18885448916408665,0.5944272445820433,0.5944272445820433,"{0: 0.6305964784479866, 1: 0.6305964784479866}","{0: 0.6305964784479866, 1: 0.6305964784479866}",0.6305964784479866,"[[411 235]
 [289 357]]",[0. 1. 0. ... 0. 1. 0.],[1. 1. 1. ... 0. 1. 0.]
845,SVC,"{'C': 100, 'gamma': 0.01, 'kernel': 'rbf'}",0.5862312130147166,0.07368122402150618,0.19198746441407405,0.13572786427441405,0.595993732207037,0.06786393213720701,0.5937175187895926,0.18885448916408665,0.5944272445820433,0.5944272445820433,"{0: 0.6314423602258241, 1: 0.6314423602258241}","{0: 0.6314423602258241, 1: 0.6314423602258241}",0.6314423602258241,"[[411 235]
 [289 357]]",[0. 1. 0. ... 0. 1. 0.],[1. 1. 1. ... 0. 1. 0.]
311,SVC,"{'C': 100, 'gamma': 0.01, 'kernel': 'rbf'}",0.5863785059106055,0.07432208851322343,0.1919531023253344,0.13740108569523746,0.5959765511626672,0.06870054284761871,0.5928041047363312,0.18730650154798767,0.5936532507739938,0.5936532507739938,"{0: 0.6310194193369054, 1: 0.6310194193369053}","{0: 0.6310194193369054, 1: 0.6310194193369053}",0.6310194193369053,"[[413 233]
 [292 354]]",[0. 1. 0. ... 0. 1. 0.],[1. 1. 1. ... 0. 1. 0.]
825,SVC,"{'C': 100, 'gamma': 0.01, 'kernel': 'rbf'}",0.5863218921430742,0.07237198840367383,0.1919461207448234,0.1330361297514867,0.5959730603724117,0.06651806487574335,0.5920571462872921,0.18575851393188858,0.5928792569659442,0.5928792569659442,"{0: 0.6311308456900766, 1: 0.6311308456900766}","{0: 0.6311308456900766, 1: 0.6311308456900766}",0.6311308456900766,"[[412 234]
 [292 354]]",[0. 1. 0. ... 0. 1. 0.],[1. 1. 1. ... 0. 1. 0.]
618,SVC,"{'C': 100, 'gamma': 0.01, 'kernel': 'rbf'}",0.5863740006314946,0.07210937529331317,0.19190876442298432,0.13287914741687132,0.5959543822114921,0.06643957370843565,0.5928608085761532,0.18730650154798767,0.5936532507739938,0.5936532507739938,"{0: 0.6304155603906872, 1: 0.6304155603906871}","{0: 0.6304155603906872, 1: 0.6304155603906871}",0.6304155603906871,"[[412 234]
 [291 355]]",[0. 1. 0. ... 0. 1. 0.],[1. 1. 1. ... 0. 1. 0.]
261,SVC,"{'C': 100, 'gamma': 0.01, 'kernel': 'rbf'}",0.5863035898072794,0.0733060838833171,0.19190571670441936,0.13508902987310314,0.5959528583522097,0.06754451493655157,0.5928608085761532,0.18730650154798767,0.5936532507739938,0.5936532507739938,"{0: 0.6324104515523009, 1: 0.6324104515523009}","{0: 0.6324104515523009, 1: 0.6324104515523009}",0.6324104515523009,"[[412 234]
 [291 355]]",[0. 1. 0. ... 0. 1. 0.],[1. 1. 1. ... 0. 1. 0.]
744,SVC,"{'C': 100, 'gamma': 0.01, 'kernel': 'rbf'}",0.5861293754379309,0.07353047918876515,0.1918775196443711,0.1345754603061299,0.5959387598221856,0.06728773015306495,0.5929683069749858,0.18730650154798767,0.5936532507739938,0.5936532507739938,"{0: 0.63010164958928, 1: 0.63010164958928}","{0: 0.63010164958928, 1: 0.63010164958928}",0.63010164958928,"[[410 236]
 [289 357]]",[0. 1. 0. ... 0. 1. 0.],[1. 1. 1. ... 0. 1. 0.]
360,SVC,"{'C': 100, 'gamma': 0.01, 'kernel': 'rbf'}",0.5859019211780756,0.07292459909454696,0.1918720909734252,0.13405438359629812,0.5959360454867126,0.06702719179814905,0.5919395707989576,0.18575851393188858,0.5928792569659442,0.5928792569659442,"{0: 0.630879237795819, 1: 0.630879237795819}","{0: 0.630879237795819, 1: 0.630879237795819}",0.630879237795819,"[[414 232]
 [294 352]]",[0. 1. 0. ... 0. 1. 0.],[1. 1. 1. ... 0. 1. 0.]
520,SVC,"{'C': 100, 'gamma': 0.01, 'kernel': 'rbf'}",0.5861913215820097,0.07530713357834626,0.1918630072922485,0.13848896930579327,0.5959315036461242,0.06924448465289662,0.5936638721634833,0.18885448916408665,0.5944272445820433,0.5944272445820433,"{0: 0.6295780655426583, 1: 0.6295780655426584}","{0: 0.6295780655426583, 1: 0.6295780655426584}",0.6295780655426584,"[[412 234]
 [290 356]]",[0. 1. 0. ... 0. 1. 0.],[1. 1. 1. ... 0. 1. 0.]
999,SVC,"{'C': 100, 'gamma': 0.01, 'kernel': 'rbf'}",0.5865512880974179,0.07362257097912676,0.19183288764275971,0.1354958824904839,0.5959164438213798,0.06774794124524194,0.5936082597995077,0.18885448916408665,0.5944272445820433,0.5944272445820433,"{0: 0.629123973200165, 1: 0.6291239732001649}","{0: 0.629123973200165, 1: 0.6291239732001649}",0.6291239732001649,"[[413 233]
 [291 355]]",[0. 1. 0. ... 0. 1. 0.],[1. 1. 1. ... 0. 1. 0.]
644,SVC,"{'C': 100, 'gamma': 0.01, 'kernel': 'rbf'}",0.586407276466744,0.07185941077998184,0.19182447192580618,0.13461128568078018,0.5959122359629031,0.06730564284039009,0.5927454289682104,0.18730650154798767,0.5936532507739938,0.5936532507739938,"{0: 0.629496592510232, 1: 0.629496592510232}","{0: 0.629496592510232, 1: 0.629496592510232}",0.629496592510232,"[[414 232]
 [293 353]]",[0. 1. 0. ... 0. 1. 0.],[1. 1. 1. ... 0. 1. 0.]
980,SVC,"{'C': 100, 'gamma': 0.01, 'kernel': 'rbf'}",0.5863411531972174,0.0686659272208437,0.19180903903828028,0.1276368729127503,0.5959045195191401,0.06381843645637515,0.5937175187895926,0.18885448916408665,0.5944272445820433,0.5944272445820433,"{0: 0.6309187761792023, 1: 0.6309187761792023}","{0: 0.6309187761792023, 1: 0.6309187761792023}",0.6309187761792023,"[[411 235]
 [289 357]]",[0. 1. 0. ... 0. 1. 0.],[1. 1. 1. ... 0. 1. 0.]
585,SVC,"{'C': 100, 'gamma': 0.01, 'kernel': 'rbf'}",0.5863584275852319,0.07324306277629863,0.19176929071508195,0.13498031215331813,0.5958846453575409,0.06749015607665906,0.591999346807039,0.18575851393188858,0.5928792569659442,0.5928792569659442,"{0: 0.6302370385990472, 1: 0.6302370385990472}","{0: 0.6302370385990472, 1: 0.6302370385990472}",0.6302370385990472,"[[413 233]
 [293 353]]",[0. 1. 0. ... 0. 1. 0.],[1. 1. 1. ... 0. 1. 0.]
304,SVC,"{'C': 100, 'gamma': 0.01, 'kernel': 'rbf'}",0.5857597426439163,0.07302725379652404,0.1917467679760092,0.13467274941593865,0.5958733839880046,0.06733637470796931,0.5928041047363312,0.18730650154798767,0.5936532507739938,0.5936532507739938,"{0: 0.6307714058411372, 1: 0.6307714058411371}","{0: 0.6307714058411372, 1: 0.6307714058411371}",0.6307714058411371,"[[413 233]
 [292 354]]",[0. 1. 0. ... 0. 1. 0.],[1. 1. 1. ... 0. 1. 0.]
579,SVC,"{'C': 100, 'gamma': 0.01, 'kernel': 'rbf'}",0.5868212305355377,0.07226672733853616,0.19172404450065414,0.1353155486272743,0.595862022250327,0.06765777431363715,0.5937692012288787,0.18885448916408665,0.5944272445820433,0.5944272445820433,"{0: 0.6300752906670245, 1: 0.6300752906670245}","{0: 0.6300752906670245, 1: 0.6300752906670245}",0.6300752906670245,"[[410 236]
 [288 358]]",[0. 1. 0. ... 0. 1. 0.],[1. 1. 1. ... 0. 1. 0.]
971,SVC,"{'C': 100, 'gamma': 0.01, 'kernel': 'rbf'}",0.5866340517461157,0.07004370499344933,0.19171993026863293,0.1312401659279225,0.5958599651343165,0.06562008296396124,0.592166822296423,0.18575851393188858,0.5928792569659442,0.5928792569659442,"{0: 0.6301387917070037, 1: 0.6301387917070038}","{0: 0.6301387917070037, 1: 0.6301387917070038}",0.6301387917070038,"[[410 236]
 [290 356]]",[0. 1. 0. ... 0. 1. 0.],[1. 1. 1. ... 0. 1. 0.]
470,SVC,"{'C': 100, 'gamma': 0.01, 'kernel': 'rbf'}",0.5861066324943429,0.07317357810544768,0.19170542430675855,0.1352125142652489,0.5958527121533792,0.06760625713262446,0.5928608085761532,0.18730650154798767,0.5936532507739938,0.5936532507739938,"{0: 0.6297613798656174, 1: 0.6297613798656174}","{0: 0.6297613798656174, 1: 0.6297613798656174}",0.6297613798656174,"[[412 234]
 [291 355]]",[0. 1. 0. ... 0. 1. 0.],[1. 1. 1. ... 0. 1. 0.]
209,SVC,"{'C': 100, 'gamma': 0.01, 'kernel': 'rbf'}",0.5860921289940687,0.07316426032899963,0.19170542430675855,0.1352125142652489,0.5958527121533792,0.06760625713262446,0.5929155421281102,0.18730650154798767,0.5936532507739938,0.5936532507739938,"{0: 0.6323936776926837, 1: 0.6323936776926837}","{0: 0.6323936776926837, 1: 0.6323936776926837}",0.6323936776926837,"[[411 235]
 [290 356]]",[0. 1. 0. ... 0. 1. 0.],[1. 1. 1. ... 0. 1. 0.]
324,SVC,"{'C': 100, 'gamma': 0.01, 'kernel': 'rbf'}",0.5870011867926977,0.07237613888061921,0.1917029100795197,0.13506429496112154,0.5958514550397599,0.06753214748056076,0.5929683069749858,0.18730650154798767,0.5936532507739938,0.5936532507739938,"{0: 0.6305509494004542, 1: 0.6305509494004544}","{0: 0.6305509494004542, 1: 0.6305509494004544}",0.6305509494004544,"[[410 236]
 [289 357]]",[0. 1. 0. ... 0. 1. 0.],[1. 1. 1. ... 0. 1. 0.]
816,SVC,"{'C': 100, 'gamma': 0.01, 'kernel': 'rbf'}",0.5863430134542733,0.07420195460807075,0.19163746441407403,0.13662360471596266,0.595818732207037,0.06831180235798132,0.5937692012288787,0.18885448916408665,0.5944272445820433,0.5944272445820433,"{0: 0.6313321320054827, 1: 0.6313321320054825}","{0: 0.6313321320054827, 1: 0.6313321320054825}",0.6313321320054825,"[[410 236]
 [288 358]]",[0. 1. 0. ... 0. 1. 0.],[1. 1. 1. ... 0. 1. 0.]
751,SVC,"{'C': 100, 'gamma': 0.01, 'kernel': 'rbf'}",0.5861445085550168,0.07265779867968868,0.19163428981089947,0.13395868599334043,0.5958171449054497,0.0669793429966702,0.5929683069749858,0.18730650154798767,0.5936532507739938,0.5936532507739938,"{0: 0.6309032004524149, 1: 0.630903200452415}","{0: 0.6309032004524149, 1: 0.630903200452415}",0.630903200452415,"[[410 236]
 [289 357]]",[0. 1. 0. ... 0. 1. 0.],[1. 1. 1. ... 0. 1. 0.]
796,SVC,"{'C': 100, 'gamma': 0.01, 'kernel': 'rbf'}",0.5861789157855278,0.07320257687583107,0.19155603473264438,0.13525624497232652,0.5957780173663222,0.06762812248616326,0.5936638721634833,0.18885448916408665,0.5944272445820433,0.5944272445820433,"{0: 0.6298608248904907, 1: 0.6298608248904907}","{0: 0.6298608248904907, 1: 0.6298608248904907}",0.6298608248904907,"[[412 234]
 [290 356]]",[0. 1. 0. ... 0. 1. 0.],[1. 1. 1. ... 0. 1. 0.]
403,SVC,"{'C': 100, 'gamma': 0.01, 'kernel': 'rbf'}",0.5861789157855278,0.07320257687583107,0.19155603473264438,0.13525624497232652,0.5957780173663222,0.06762812248616326,0.5936638721634833,0.18885448916408665,0.5944272445820433,0.5944272445820433,"{0: 0.6305066184857518, 1: 0.6305066184857518}","{0: 0.6305066184857518, 1: 0.6305066184857518}",0.6305066184857518,"[[412 234]
 [290 356]]",[0. 1. 0. ... 0. 1. 0.],[1. 1. 1. ... 0. 1. 0.]
810,SVC,"{'C': 100, 'gamma': 0.01, 'kernel': 'rbf'}",0.5861902418953623,0.0725868620711776,0.19155509510379776,0.13389926889098777,0.5957775475518988,0.06694963444549387,0.5928608085761532,0.18730650154798767,0.5936532507739938,0.5936532507739938,"{0: 0.6312482627073968, 1: 0.6312482627073968}","{0: 0.6312482627073968, 1: 0.6312482627073968}",0.6312482627073968,"[[412 234]
 [291 355]]",[0. 1. 0. ... 0. 1. 0.],[1. 1. 1. ... 0. 1. 0.]
270,SVC,"{'C': 100, 'gamma': 0.01, 'kernel': 'rbf'}",0.5862555566703804,0.07246111194736389,0.1915476533118732,0.1334914666896722,0.5957738266559366,0.06674573334483609,0.5929155421281102,0.18730650154798767,0.5936532507739938,0.5936532507739938,"{0: 0.6290892273481007, 1: 0.6290892273481007}","{0: 0.6290892273481007, 1: 0.6290892273481007}",0.6290892273481007,"[[411 235]
 [290 356]]",[0. 1. 0. ... 0. 1. 0.],[1. 1. 1. ... 0. 1. 0.]
384,SVC,"{'C': 100, 'gamma': 0.01, 'kernel': 'rbf'}",0.5865513055188096,0.07097116489417146,0.19154626672287636,0.13323020114211945,0.5957731333614382,0.06661510057105971,0.5929155421281102,0.18730650154798767,0.5936532507739938,0.5936532507739938,"{0: 0.6305006278216029, 1: 0.6305006278216028}","{0: 0.6305006278216029, 1: 0.6305006278216028}",0.6305006278216028,"[[411 235]
 [290 356]]",[0. 1. 0. ... 0. 1. 0.],[1. 1. 1. ... 0. 1. 0.]
423,SVC,"{'C': 100, 'gamma': 0.01, 'kernel': 'rbf'}",0.5861913805017835,0.07354717560465766,0.19151469106339372,0.13593901862346658,0.5957573455316969,0.06796950931173328,0.5936082597995077,0.18885448916408665,0.5944272445820433,0.5944272445820433,"{0: 0.6299219296648104, 1: 0.6299219296648104}","{0: 0.6299219296648104, 1: 0.6299219296648104}",0.6299219296648104,"[[413 233]
 [291 355]]",[0. 1. 0. ... 0. 1. 0.],[1. 1. 1. ... 0. 1. 0.]
584,SVC,"{'C': 100, 'gamma': 0.01, 'kernel': 'rbf'}",0.5860585361769058,0.07361866291302542,0.1914606262651429,0.1360678940161984,0.5957303131325715,0.06803394700809919,0.5937175187895926,0.18885448916408665,0.5944272445820433,0.5944272445820433,"{0: 0.6308744452644998, 1: 0.6308744452644998}","{0: 0.6308744452644998, 1: 0.6308744452644998}",0.6308744452644998,"[[411 235]
 [289 357]]",[0. 1. 0. ... 0. 1. 0.],[1. 1. 1. ... 0. 1. 0.]
431,SVC,"{'C': 100, 'gamma': 0.01, 'kernel': 'rbf'}",0.5860730884375452,0.0729390037522053,0.19145968663629628,0.13455841622738504,0.595729843318148,0.0672792081136925,0.5929155421281102,0.18730650154798767,0.5936532507739938,0.5936532507739938,"{0: 0.6309894660161603, 1: 0.6309894660161603}","{0: 0.6309894660161603, 1: 0.6309894660161603}",0.6309894660161603,"[[411 235]
 [290 356]]",[0. 1. 0. ... 0. 1. 0.],[1. 1. 1. ... 0. 1. 0.]
777,SVC,"{'C': 100, 'gamma': 0.01, 'kernel': 'rbf'}",0.5860547861017504,0.07386586755594705,0.19141928259589225,0.13658829467643702,0.5957096412979461,0.06829414733821851,0.5937175187895926,0.18885448916408665,0.5944272445820433,0.5944272445820433,"{0: 0.6300093933613856, 1: 0.6300093933613856}","{0: 0.6300093933613856, 1: 0.6300093933613856}",0.6300093933613856,"[[411 235]
 [289 357]]",[0. 1. 0. ... 0. 1. 0.],[1. 1. 1. ... 0. 1. 0.]
404,SVC,"{'C': 100, 'gamma': 0.01, 'kernel': 'rbf'}",0.5860547861017504,0.07386586755594705,0.19141928259589225,0.13658829467643702,0.5957096412979461,0.06829414733821851,0.5937175187895926,0.18885448916408665,0.5944272445820433,0.5944272445820433,"{0: 0.6295109701041895, 1: 0.6295109701041897}","{0: 0.6295109701041895, 1: 0.6295109701041897}",0.6295109701041897,"[[411 235]
 [289 357]]",[0. 1. 0. ... 0. 1. 0.],[1. 1. 1. ... 0. 1. 0.]
713,SVC,"{'C': 100, 'gamma': 0.01, 'kernel': 'rbf'}",0.5860547861017504,0.07386586755594705,0.19141928259589225,0.13658829467643702,0.5957096412979461,0.06829414733821851,0.5937175187895926,0.18885448916408665,0.5944272445820433,0.5944272445820433,"{0: 0.6302873601778988, 1: 0.6302873601778988}","{0: 0.6302873601778988, 1: 0.6302873601778988}",0.6302873601778988,"[[411 235]
 [289 357]]",[0. 1. 0. ... 0. 1. 0.],[1. 1. 1. ... 0. 1. 0.]
669,SVC,"{'C': 100, 'gamma': 0.01, 'kernel': 'rbf'}",0.5860547861017504,0.07386586755594705,0.19141928259589225,0.13658829467643702,0.5957096412979461,0.06829414733821851,0.5937175187895926,0.18885448916408665,0.5944272445820433,0.5944272445820433,"{0: 0.6302538124586644, 1: 0.6302538124586643}","{0: 0.6302538124586644, 1: 0.6302538124586643}",0.6302538124586643,"[[411 235]
 [289 357]]",[0. 1. 0. ... 0. 1. 0.],[1. 1. 1. ... 0. 1. 0.]
523,SVC,"{'C': 100, 'gamma': 0.01, 'kernel': 'rbf'}",0.5860547861017504,0.07386586755594705,0.19141928259589225,0.13658829467643702,0.5957096412979461,0.06829414733821851,0.5937175187895926,0.18885448916408665,0.5944272445820433,0.5944272445820433,"{0: 0.6294055344151674, 1: 0.6294055344151674}","{0: 0.6294055344151674, 1: 0.6294055344151674}",0.6294055344151674,"[[411 235]
 [289 357]]",[0. 1. 0. ... 0. 1. 0.],[1. 1. 1. ... 0. 1. 0.]
685,SVC,"{'C': 100, 'gamma': 0.01, 'kernel': 'rbf'}",0.5860547861017504,0.07386586755594705,0.19141928259589225,0.13658829467643702,0.5957096412979461,0.06829414733821851,0.5937175187895926,0.18885448916408665,0.5944272445820433,0.5944272445820433,"{0: 0.630018978424024, 1: 0.630018978424024}","{0: 0.630018978424024, 1: 0.630018978424024}",0.630018978424024,"[[411 235]
 [289 357]]",[0. 1. 0. ... 0. 1. 0.],[1. 1. 1. ... 0. 1. 0.]
569,SVC,"{'C': 100, 'gamma': 0.01, 'kernel': 'rbf'}",0.5860547861017504,0.07386586755594705,0.19141928259589225,0.13658829467643702,0.5957096412979461,0.06829414733821851,0.5937175187895926,0.18885448916408665,0.5944272445820433,0.5944272445820433,"{0: 0.6310733353142464, 1: 0.6310733353142464}","{0: 0.6310733353142464, 1: 0.6310733353142464}",0.6310733353142464,"[[411 235]
 [289 357]]",[0. 1. 0. ... 0. 1. 0.],[1. 1. 1. ... 0. 1. 0.]
637,SVC,"{'C': 100, 'gamma': 0.01, 'kernel': 'rbf'}",0.5860547861017504,0.07386586755594705,0.19141928259589225,0.13658829467643702,0.5957096412979461,0.06829414733821851,0.5937175187895926,0.18885448916408665,0.5944272445820433,0.5944272445820433,"{0: 0.6324200366149393, 1: 0.6324200366149393}","{0: 0.6324200366149393, 1: 0.6324200366149393}",0.6324200366149393,"[[411 235]
 [289 357]]",[0. 1. 0. ... 0. 1. 0.],[1. 1. 1. ... 0. 1. 0.]
837,SVC,"{'C': 100, 'gamma': 0.01, 'kernel': 'rbf'}",0.5860550136546278,0.0731822401671821,0.19141834296704563,0.13509855002298218,0.5957091714835228,0.06754927501149108,0.5929683069749858,0.18730650154798767,0.5936532507739938,0.5936532507739938,"{0: 0.6310134286727563, 1: 0.6310134286727564}","{0: 0.6310134286727563, 1: 0.6310134286727564}",0.6310134286727564,"[[410 236]
 [289 357]]",[0. 1. 0. ... 0. 1. 0.],[1. 1. 1. ... 0. 1. 0.]
558,SVC,"{'C': 100, 'gamma': 0.01, 'kernel': 'rbf'}",0.586069517154902,0.07319156300938119,0.19141834296704563,0.13509855002298218,0.5957091714835228,0.06754927501149108,0.5929155421281102,0.18730650154798767,0.5936532507739938,0.5936532507739938,"{0: 0.630831312482627, 1: 0.630831312482627}","{0: 0.630831312482627, 1: 0.630831312482627}",0.630831312482627,"[[411 235]
 [290 356]]",[0. 1. 0. ... 0. 1. 0.],[1. 1. 1. ... 0. 1. 0.]
147,SVC,"{'C': 100, 'gamma': 0.01, 'kernel': 'rbf'}",0.5860550136546278,0.0731822401671821,0.19141834296704563,0.13509855002298218,0.5957091714835228,0.06754927501149108,0.5929683069749858,0.18730650154798767,0.5936532507739938,0.5936532507739938,"{0: 0.6313453114666103, 1: 0.6313453114666105}","{0: 0.6313453114666103, 1: 0.6313453114666105}",0.6313453114666105,"[[410 236]
 [289 357]]",[0. 1. 0. ... 0. 1. 0.],[1. 1. 1. ... 0. 1. 0.]
592,SVC,"{'C': 100, 'gamma': 0.01, 'kernel': 'rbf'}",0.5861827632619786,0.07501669042240981,0.19118314095975059,0.13841152629103828,0.5955915704798752,0.06920576314551913,0.5936082597995077,0.18885448916408665,0.5944272445820433,0.5944272445820433,"{0: 0.6314651247495903, 1: 0.6314651247495902}","{0: 0.6314651247495903, 1: 0.6314651247495902}",0.6314651247495902,"[[413 233]
 [291 355]]",[0. 1. 0. ... 0. 1. 0.],[1. 1. 1. ... 0. 1. 0.]
727,SVC,"{'C': 100, 'gamma': 0.01, 'kernel': 'rbf'}",0.5859445597547723,0.07375824753436627,0.19113862268732537,0.13636822061324488,0.5955693113436626,0.06818411030662244,0.5928608085761532,0.18730650154798767,0.5936532507739938,0.5936532507739938,"{0: 0.6302801713809199, 1: 0.63028017138092}","{0: 0.6302801713809199, 1: 0.63028017138092}",0.63028017138092,"[[412 234]
 [291 355]]",[0. 1. 0. ... 0. 1. 0.],[1. 1. 1. ... 0. 1. 0.]
594,SVC,"{'C': 100, 'gamma': 0.01, 'kernel': 'rbf'}",0.5859546444764311,0.07328627242094075,0.19109857552518517,0.1351619284576481,0.5955492877625926,0.06758096422882405,0.5929683069749858,0.18730650154798767,0.5936532507739938,0.5936532507739938,"{0: 0.6307043104026685, 1: 0.6307043104026685}","{0: 0.6307043104026685, 1: 0.6307043104026685}",0.6307043104026685,"[[410 236]
 [289 357]]",[0. 1. 0. ... 0. 1. 0.],[1. 1. 1. ... 0. 1. 0.]
694,SVC,"{'C': 100, 'gamma': 0.01, 'kernel': 'rbf'}",0.5861347647264805,0.06911941730521033,0.1910612192033461,0.1260012789501598,0.595530609601673,0.06300063947507989,0.5929683069749858,0.18730650154798767,0.5936532507739938,0.5936532507739938,"{0: 0.6305629307287524, 1: 0.6305629307287522}","{0: 0.6305629307287524, 1: 0.6305629307287522}",0.6305629307287522,"[[410 236]
 [289 357]]",[0. 1. 0. ... 0. 1. 0.],[1. 1. 1. ... 0. 1. 0.]
746,SVC,"{'C': 100, 'gamma': 0.01, 'kernel': 'rbf'}",0.585962171750745,0.07361080099910287,0.1910572318559345,0.1358450369303319,0.5955286159279674,0.06792251846516593,0.5929155421281102,0.18730650154798767,0.5936532507739938,0.5936532507739938,"{0: 0.631953962944148, 1: 0.6319539629441479}","{0: 0.631953962944148, 1: 0.6319539629441479}",0.6319539629441479,"[[411 235]
 [290 356]]",[0. 1. 0. ... 0. 1. 0.],[1. 1. 1. ... 0. 1. 0.]
889,SVC,"{'C': 100, 'gamma': 0.01, 'kernel': 'rbf'}",0.5859748614644554,0.07250791034388603,0.19102081516294206,0.1338213975572066,0.595510407581471,0.06691069877860328,0.5927454289682104,0.18730650154798767,0.5936532507739938,0.5936532507739938,"{0: 0.6308648602018615, 1: 0.6308648602018615}","{0: 0.6308648602018615, 1: 0.6308648602018615}",0.6308648602018615,"[[414 232]
 [293 353]]",[0. 1. 0. ... 0. 1. 0.],[1. 1. 1. ... 0. 1. 0.]
588,SVC,"{'C': 100, 'gamma': 0.01, 'kernel': 'rbf'}",0.5859402065139702,0.07359009610794055,0.19097818047253529,0.13582681318358247,0.5954890902362676,0.06791340659179122,0.5928608085761532,0.18730650154798767,0.5936532507739938,0.5936532507739938,"{0: 0.6315885324310595, 1: 0.6315885324310595}","{0: 0.6315885324310595, 1: 0.6315885324310595}",0.6315885324310595,"[[412 234]
 [291 355]]",[0. 1. 0. ... 0. 1. 0.],[1. 1. 1. ... 0. 1. 0.]
207,SVC,"{'C': 100, 'gamma': 0.01, 'kernel': 'rbf'}",0.5863556372790777,0.0709212534699785,0.19086444854105816,0.13282693332097417,0.5954322242705291,0.06641346666048709,0.5921129709121988,0.18575851393188858,0.5928792569659442,0.5928792569659442,"{0: 0.6301627543635997, 1: 0.6301627543635998}","{0: 0.6301627543635997, 1: 0.6301627543635998}",0.6301627543635998,"[[411 235]
 [291 355]]",[0. 1. 0. ... 0. 1. 0.],[1. 1. 1. ... 0. 1. 0.]
960,SVC,"{'C': 100, 'gamma': 0.01, 'kernel': 'rbf'}",0.5860973516660976,0.07349159589859897,0.1908365422007621,0.13515071768065462,0.595418271100381,0.0675753588403273,0.5929155421281102,0.18730650154798767,0.5936532507739938,0.5936532507739938,"{0: 0.6302106796767918, 1: 0.6302106796767917}","{0: 0.6302106796767918, 1: 0.6302106796767917}",0.6302106796767917,"[[411 235]
 [290 356]]",[0. 1. 0. ... 0. 1. 0.],[1. 1. 1. ... 0. 1. 0.]
519,SVC,"{'C': 100, 'gamma': 0.01, 'kernel': 'rbf'}",0.5861800921149958,0.07042220020747332,0.19083198100859067,0.13219283047284636,0.5954159905042953,0.06609641523642316,0.592166822296423,0.18575851393188858,0.5928792569659442,0.5928792569659442,"{0: 0.6298500416950226, 1: 0.6298500416950225}","{0: 0.6298500416950226, 1: 0.6298500416950225}",0.6298500416950225,"[[410 236]
 [290 356]]",[0. 1. 0. ... 0. 1. 0.],[1. 1. 1. ... 0. 1. 0.]
797,SVC,"{'C': 100, 'gamma': 0.01, 'kernel': 'rbf'}",0.5857726645391091,0.07341672648947684,0.19081791561661826,0.1356622733430376,0.5954089578083092,0.06783113667151879,0.5921129709121988,0.18575851393188858,0.5928792569659442,0.5928792569659442,"{0: 0.6305461568691351, 1: 0.6305461568691352}","{0: 0.6305461568691351, 1: 0.6305461568691352}",0.6305461568691352,"[[411 235]
 [291 355]]",[0. 1. 0. ... 0. 1. 0.],[1. 1. 1. ... 0. 1. 0.]
792,SVC,"{'C': 100, 'gamma': 0.01, 'kernel': 'rbf'}",0.5855422262425871,0.07344282732846893,0.19081791561661826,0.1350851672412669,0.5954089578083092,0.06754258362063344,0.591999346807039,0.18575851393188858,0.5928792569659442,0.5928792569659442,"{0: 0.6311380344870554, 1: 0.6311380344870553}","{0: 0.6311380344870554, 1: 0.6311380344870553}",0.6311380344870553,"[[413 233]
 [293 353]]",[0. 1. 0. ... 0. 1. 0.],[1. 1. 1. ... 0. 1. 0.]
789,SVC,"{'C': 100, 'gamma': 0.01, 'kernel': 'rbf'}",0.5857018750337315,0.07240250867759351,0.1907454009220106,0.13353090138180493,0.5953727004610052,0.06676545069090246,0.592166822296423,0.18575851393188858,0.5928792569659442,0.5928792569659442,"{0: 0.6317035531827201, 1: 0.63170355318272}","{0: 0.6317035531827201, 1: 0.63170355318272}",0.63170355318272,"[[410 236]
 [290 356]]",[0. 1. 0. ... 0. 1. 0.],[1. 1. 1. ... 0. 1. 0.]
657,SVC,"{'C': 100, 'gamma': 0.01, 'kernel': 'rbf'}",0.5856983037510883,0.07265691459720147,0.19070405725275993,0.13407495441782813,0.5953520286263799,0.06703747720891405,0.592166822296423,0.18575851393188858,0.5928792569659442,0.5928792569659442,"{0: 0.6289119036892906, 1: 0.6289119036892905}","{0: 0.6289119036892906, 1: 0.6289119036892905}",0.6289119036892905,"[[410 236]
 [290 356]]",[0. 1. 0. ... 0. 1. 0.],[1. 1. 1. ... 0. 1. 0.]
362,SVC,"{'C': 100, 'gamma': 0.01, 'kernel': 'rbf'}",0.5856463245758327,0.0729670428293721,0.19052945407815675,0.13467296084807434,0.5952647270390784,0.06733648042403717,0.5920571462872921,0.18575851393188858,0.5928792569659442,0.5928792569659442,"{0: 0.6312470645745669, 1: 0.6312470645745669}","{0: 0.6312470645745669, 1: 0.6312470645745669}",0.6312470645745669,"[[412 234]
 [292 354]]",[0. 1. 0. ... 0. 1. 0.],[1. 1. 1. ... 0. 1. 0.]
416,SVC,"{'C': 100, 'gamma': 0.01, 'kernel': 'rbf'}",0.5856268836336168,0.07293768615861111,0.19052945407815675,0.13467296084807434,0.5952647270390784,0.06733648042403717,0.5921129709121988,0.18575851393188858,0.5928792569659442,0.5928792569659442,"{0: 0.6312602440356948, 1: 0.6312602440356947}","{0: 0.6312602440356948, 1: 0.6312602440356947}",0.6312602440356947,"[[411 235]
 [291 355]]",[0. 1. 0. ... 0. 1. 0.],[1. 1. 1. ... 0. 1. 0.]
879,SVC,"{'C': 100, 'gamma': 0.01, 'kernel': 'rbf'}",0.585608581297822,0.07386445593396214,0.1904890500377527,0.1367008634876687,0.5952445250188764,0.06835043174383434,0.5929155421281102,0.18730650154798767,0.5936532507739938,0.5936532507739938,"{0: 0.629894372609725, 1: 0.629894372609725}","{0: 0.629894372609725, 1: 0.629894372609725}",0.629894372609725,"[[411 235]
 [290 356]]",[0. 1. 0. ... 0. 1. 0.],[1. 1. 1. ... 0. 1. 0.]
305,SVC,"{'C': 100, 'gamma': 0.01, 'kernel': 'rbf'}",0.5857912921924311,0.0747896209830938,0.1904275115762142,0.1379907774868124,0.5952137557881071,0.0689953887434062,0.5928608085761532,0.18730650154798767,0.5936532507739938,0.5936532507739938,"{0: 0.6288771578372265, 1: 0.6288771578372265}","{0: 0.6288771578372265, 1: 0.6288771578372265}",0.6288771578372265,"[[412 234]
 [291 355]]",[0. 1. 0. ... 0. 1. 0.],[1. 1. 1. ... 0. 1. 0.]
624,SVC,"{'C': 100, 'gamma': 0.01, 'kernel': 'rbf'}",0.5855414802664355,0.07387002919798473,0.19035579053240018,0.13670482232392833,0.5951778952662,0.06835241116196417,0.5928608085761532,0.18730650154798767,0.5936532507739938,0.5936532507739938,"{0: 0.6298045126474902, 1: 0.6298045126474902}","{0: 0.6298045126474902, 1: 0.6298045126474902}",0.6298045126474902,"[[412 234]
 [291 355]]",[0. 1. 0. ... 0. 1. 0.],[1. 1. 1. ... 0. 1. 0.]
628,SVC,"{'C': 100, 'gamma': 0.01, 'kernel': 'rbf'}",0.5860784177563155,0.07507960632415583,0.190322977545643,0.13826568193831082,0.5951614887728215,0.0691328409691554,0.592166822296423,0.18575851393188858,0.5928792569659442,0.5928792569659442,"{0: 0.6308361050139463, 1: 0.6308361050139463}","{0: 0.6308361050139463, 1: 0.6308361050139463}",0.6308361050139463,"[[410 236]
 [290 356]]",[0. 1. 0. ... 0. 1. 0.],[1. 1. 1. ... 0. 1. 0.]
615,SVC,"{'C': 100, 'gamma': 0.01, 'kernel': 'rbf'}",0.5856253655774425,0.07362059708529683,0.19026469106339372,0.13611375210451615,0.5951323455316969,0.06805687605225806,0.5928608085761532,0.18730650154798767,0.5936532507739938,0.5936532507739938,"{0: 0.6306348186985402, 1: 0.6306348186985402}","{0: 0.6306348186985402, 1: 0.6306348186985402}",0.6306348186985402,"[[412 234]
 [291 355]]",[0. 1. 0. ... 0. 1. 0.],[1. 1. 1. ... 0. 1. 0.]
917,SVC,"{'C': 100, 'gamma': 0.01, 'kernel': 'rbf'}",0.5857294603407202,0.07501772588660525,0.19003746441407404,0.13814734616238072,0.595018732207037,0.06907367308119036,0.5930191046420302,0.18730650154798767,0.5936532507739938,0.5936532507739938,"{0: 0.6309535220312665, 1: 0.6309535220312664}","{0: 0.6309535220312665, 1: 0.6309535220312664}",0.6309535220312664,"[[409 237]
 [288 358]]",[0. 1. 0. ... 0. 1. 0.],[1. 1. 1. ... 0. 1. 0.]
802,SVC,"{'C': 100, 'gamma': 0.01, 'kernel': 'rbf'}",0.5854879044582049,0.07328544308321255,0.19002317869978835,0.13517543897362536,0.5950115893498942,0.06758771948681268,0.592166822296423,0.18575851393188858,0.5928792569659442,0.5928792569659442,"{0: 0.6301471786368122, 1: 0.6301471786368124}","{0: 0.6301471786368122, 1: 0.6301471786368124}",0.6301471786368124,"[[410 236]
 [290 356]]",[0. 1. 0. ... 0. 1. 0.],[1. 1. 1. ... 0. 1. 0.]
66,SVC,"{'C': 1000, 'gamma': 0.01, 'kernel': 'rbf'}",0.5876726846663692,0.09337221640311548,0.18996093502013126,0.17777388031903035,0.5949804675100656,0.08888694015951516,0.5826070486920882,0.16563467492260064,0.5828173374613003,0.5828173374613004,"{0: 0.6062791745344056, 1: 0.6062791745344056}","{0: 0.6062791745344056, 1: 0.6062791745344056}",0.6062791745344056,"[[391 255]
 [284 362]]",[0. 1. 0. ... 0. 1. 1.],[1. 1. 1. ... 0. 1. 0.]
907,SVC,"{'C': 100, 'gamma': 0.01, 'kernel': 'rbf'}",0.5854954792223741,0.07147135339435692,0.18994333799785462,0.13115463140191477,0.5949716689989273,0.06557731570095737,0.5929155421281102,0.18730650154798767,0.5936532507739938,0.5936532507739938,"{0: 0.6304239473204958, 1: 0.6304239473204958}","{0: 0.6304239473204958, 1: 0.6304239473204958}",0.6304239473204958,"[[411 235]
 [290 356]]",[0. 1. 0. ... 0. 1. 0.],[1. 1. 1. ... 0. 1. 0.]
581,SVC,"{'C': 100, 'gamma': 0.01, 'kernel': 'rbf'}",0.5852373678940083,0.07333238017623697,0.189774764323467,0.13568446374134785,0.5948873821617334,0.06784223187067392,0.592166822296423,0.18575851393188858,0.5928792569659442,0.5928792569659442,"{0: 0.630724678660775, 1: 0.630724678660775}","{0: 0.630724678660775, 1: 0.630724678660775}",0.630724678660775,"[[410 236]
 [290 356]]",[0. 1. 0. ... 0. 1. 0.],[1. 1. 1. ... 0. 1. 0.]
891,SVC,"{'C': 100, 'gamma': 0.01, 'kernel': 'rbf'}",0.5852083035243618,0.0732983298570298,0.18964150481811448,0.1355937148038808,0.5948207524090572,0.0677968574019404,0.5920571462872921,0.18575851393188858,0.5928792569659442,0.5928792569659442,"{0: 0.6312997824190782, 1: 0.631299782419078}","{0: 0.6312997824190782, 1: 0.631299782419078}",0.631299782419078,"[[412 234]
 [292 354]]",[0. 1. 0. ... 0. 1. 0.],[1. 1. 1. ... 0. 1. 0.]
489,SVC,"{'C': 100, 'gamma': 0.01, 'kernel': 'rbf'}",0.585172924002497,0.07329500192847052,0.18964150481811448,0.1355937148038808,0.5948207524090572,0.0677968574019404,0.5921129709121988,0.18575851393188858,0.5928792569659442,0.5928792569659442,"{0: 0.6299255240632997, 1: 0.6299255240632997}","{0: 0.6299255240632997, 1: 0.6299255240632997}",0.6299255240632997,"[[411 235]
 [291 355]]",[0. 1. 0. ... 0. 1. 0.],[1. 1. 1. ... 0. 1. 0.]
370,SVC,"{'C': 100, 'gamma': 0.01, 'kernel': 'rbf'}",0.5851693527198539,0.0735462949821624,0.18960016114886383,0.13612918862018802,0.5948000805744319,0.06806459431009401,0.5921129709121988,0.18575851393188858,0.5928792569659442,0.5928792569659442,"{0: 0.6309247668433513, 1: 0.6309247668433513}","{0: 0.6309247668433513, 1: 0.6309247668433513}",0.6309247668433513,"[[411 235]
 [291 355]]",[0. 1. 0. ... 0. 1. 0.],[1. 1. 1. ... 0. 1. 0.]
786,SVC,"{'C': 100, 'gamma': 0.01, 'kernel': 'rbf'}",0.5851693527198539,0.0735462949821624,0.18960016114886383,0.13612918862018802,0.5948000805744319,0.06806459431009401,0.5921129709121988,0.18575851393188858,0.5928792569659442,0.5928792569659442,"{0: 0.6299482885870659, 1: 0.6299482885870659}","{0: 0.6299482885870659, 1: 0.6299482885870659}",0.6299482885870659,"[[411 235]
 [291 355]]",[0. 1. 0. ... 0. 1. 0.],[1. 1. 1. ... 0. 1. 0.]
949,SVC,"{'C': 100, 'gamma': 0.01, 'kernel': 'rbf'}",0.5852757282624778,0.07469590226270917,0.18914857552518516,0.1375787641641638,0.5945742877625926,0.0687893820820819,0.5922686115130877,0.18575851393188858,0.5928792569659442,0.5928792569659442,"{0: 0.6311476195496939, 1: 0.6311476195496938}","{0: 0.6311476195496939, 1: 0.6311476195496938}",0.6311476195496938,"[[408 238]
 [288 358]]",[0. 1. 0. ... 0. 1. 0.],[1. 1. 1. ... 0. 1. 0.]
763,SVC,"{'C': 100, 'gamma': 0.01, 'kernel': 'rbf'}",0.5850343874933074,0.07366137457820462,0.18892945407815673,0.135734817333789,0.5944647270390784,0.06786740866689449,0.5913098021326338,0.1842105263157895,0.5921052631578947,0.5921052631578947,"{0: 0.6310302025323735, 1: 0.6310302025323735}","{0: 0.6310302025323735, 1: 0.6310302025323735}",0.6310302025323735,"[[411 235]
 [292 354]]",[0. 1. 0. ... 0. 1. 0.],[1. 1. 1. ... 0. 1. 0.]
418,SVC,"{'C': 100, 'gamma': 0.01, 'kernel': 'rbf'}",0.5849589534269704,0.0741657862688391,0.18891928259589225,0.13720772083085067,0.5944596412979462,0.06860386041542534,0.5921129709121988,0.18575851393188858,0.5928792569659442,0.5928792569659442,"{0: 0.6296966806928084, 1: 0.6296966806928084}","{0: 0.6296966806928084, 1: 0.6296966806928084}",0.6296966806928084,"[[411 235]
 [291 355]]",[0. 1. 0. ... 0. 1. 0.],[1. 1. 1. ... 0. 1. 0.]
923,SVC,"{'C': 1000, 'gamma': 0.01, 'kernel': 'rbf'}",0.5869423420434351,0.09141647527140744,0.18856852819324169,0.1739845692782469,0.5942842640966208,0.08699228463912345,0.5818469505178366,0.16408668730650156,0.5820433436532507,0.5820433436532508,"{0: 0.6068279193704531, 1: 0.6068279193704531}","{0: 0.6068279193704531, 1: 0.6068279193704531}",0.6068279193704531,"[[390 256]
 [284 362]]",[0. 1. 0. ... 0. 1. 1.],[1. 1. 1. ... 0. 1. 0.]
528,SVC,"{'C': 1000, 'gamma': 0.01, 'kernel': 'rbf'}",0.5869352779586908,0.09164478679476915,0.18843620496091845,0.1744949054126618,0.5942181024804593,0.0872474527063309,0.5810281465657018,0.16253869969040247,0.5812693498452013,0.5812693498452013,"{0: 0.6076534328901839, 1: 0.6076534328901839}","{0: 0.6076534328901839, 1: 0.6076534328901839}",0.6076534328901839,"[[391 255]
 [286 360]]",[0. 1. 0. ... 0. 1. 1.],[1. 1. 1. ... 0. 1. 0.]
785,SVC,"{'C': 100, 'gamma': 0.01, 'kernel': 'rbf'}",0.585322244040088,0.07278707095967193,0.18830492305362573,0.13637938261951385,0.5941524615268129,0.06818969130975693,0.5914177100491762,0.1842105263157895,0.5921052631578947,0.5921052631578947,"{0: 0.630481457696326, 1: 0.630481457696326}","{0: 0.630481457696326, 1: 0.630481457696326}",0.630481457696326,"[[409 237]
 [290 356]]",[0. 1. 0. ... 0. 1. 0.],[1. 1. 1. ... 0. 1. 0.]
583,SVC,"{'C': 100, 'gamma': 0.01, 'kernel': 'rbf'}",0.5844630343789415,0.07127505587640022,0.18814986875120301,0.13101101025868178,0.5940749343756014,0.06550550512934089,0.592166822296423,0.18575851393188858,0.5928792569659442,0.5928792569659442,"{0: 0.6307881797007543, 1: 0.6307881797007544}","{0: 0.6307881797007543, 1: 0.6307881797007544}",0.6307881797007544,"[[410 236]
 [290 356]]",[0. 1. 0. ... 0. 1. 0.],[1. 1. 1. ... 0. 1. 0.]
294,SVC,"{'C': 1000, 'gamma': 0.01, 'kernel': 'rbf'}",0.5866874768720292,0.09446127639769658,0.18811966517886142,0.18029909432566069,0.5940598325894307,0.09014954716283034,0.5818990728045026,0.16408668730650156,0.5820433436532507,0.5820433436532508,"{0: 0.6085759951691284, 1: 0.6085759951691284}","{0: 0.6085759951691284, 1: 0.6085759951691284}",0.6085759951691284,"[[388 258]
 [282 364]]",[0. 1. 0. ... 0. 1. 1.],[1. 1. 1. ... 0. 1. 0.]
205,SVC,"{'C': 10, 'gamma': 0.001, 'kernel': 'rbf'}",0.5809632353933786,0.10788216757231703,0.18811596856638552,0.2020837482502535,0.5940579842831927,0.10104187412512675,0.5873061132415971,0.17801857585139313,0.5890092879256966,0.5890092879256965,"{0: 0.5948765443932176, 1: 0.5948765443932176}","{0: 0.5948765443932176, 1: 0.5948765443932176}",0.5948765443932176,"[[422 224]
 [307 339]]",[0. 0. 1. ... 0. 0. 0.],[1. 1. 1. ... 0. 1. 0.]
582,SVC,"{'C': 100, 'gamma': 0.01, 'kernel': 'rbf'}",0.5847257005766704,0.07552436423163021,0.18789951515403178,0.13934688750459312,0.5939497575770158,0.06967344375229656,0.5922187019969278,0.18575851393188858,0.5928792569659442,0.5928792569659442,"{0: 0.6311979411285453, 1: 0.6311979411285453}","{0: 0.6311979411285453, 1: 0.6311979411285453}",0.6311979411285453,"[[409 237]
 [289 357]]",[0. 1. 0. ... 0. 1. 0.],[1. 1. 1. ... 0. 1. 0.]
933,SVC,"{'C': 100, 'gamma': 0.001, 'kernel': 'rbf'}",0.5801636140324394,0.08716845170846105,0.18739626170170565,0.1631971305436049,0.5936981308508529,0.08159856527180244,0.5900576747694187,0.18730650154798767,0.5936532507739938,0.5936532507739938,"{0: 0.6152244342416778, 1: 0.6152244342416777}","{0: 0.6152244342416778, 1: 0.6152244342416777}",0.6152244342416777,"[[444 202]
 [323 323]]",[0. 0. 0. ... 0. 0. 0.],[1. 1. 1. ... 0. 1. 0.]
402,SVC,"{'C': 100, 'gamma': 0.01, 'kernel': 'rbf'}",0.5844013934375384,0.07444320307969705,0.18732945407815674,0.13723685689233475,0.5936647270390784,0.06861842844616736,0.5906161258032536,0.1826625386996904,0.5913312693498453,0.5913312693498451,"{0: 0.6316196838846342, 1: 0.6316196838846342}","{0: 0.6316196838846342, 1: 0.6316196838846342}",0.6316196838846342,"[[409 237]
 [291 355]]",[0. 1. 0. ... 0. 1. 0.],[1. 1. 1. ... 0. 1. 0.]
476,SVC,"{'C': 100, 'gamma': 0.001, 'kernel': 'rbf'}",0.5807450025873133,0.08821481061550622,0.1872995899630758,0.16508134109702682,0.5936497949815379,0.0825406705485134,0.5902934025942649,0.18730650154798767,0.5936532507739938,0.5936532507739938,"{0: 0.6139879611613261, 1: 0.6139879611613261}","{0: 0.6139879611613261, 1: 0.6139879611613261}",0.6139879611613261,"[[442 204]
 [321 325]]",[0. 1. 0. ... 0. 0. 0.],[1. 1. 1. ... 0. 1. 0.]
670,AdaBoost,"{'algorithm': 'SAMME', 'learning_rate': 0.6714285714285714, 'n_estimators': 96}",0.583226474879893,0.10937540331932859,0.18698892624842234,0.206815688668846,0.5934944631242112,0.10340784433442299,0.5810270558056241,0.1702786377708978,0.5851393188854489,0.5851393188854489,"{0: 0.5982265237853329, 1: 0.598226523785333}","{0: 0.5982265237853329, 1: 0.598226523785333}",0.598226523785333,"[[442 204]
 [332 314]]",[0. 0. 1. ... 0. 0. 0.],[1. 1. 1. ... 0. 1. 0.]
357,SVC,"{'C': 100, 'gamma': 0.001, 'kernel': 'rbf'}",0.5801382655075716,0.08667666574786809,0.18673510185829098,0.16274874608104065,0.5933675509291455,0.08137437304052032,0.5893366463951116,0.18575851393188858,0.5928792569659442,0.5928792569659442,"{0: 0.6141233501710934, 1: 0.6141233501710934}","{0: 0.6141233501710934, 1: 0.6141233501710934}",0.6141233501710934,"[[443 203]
 [323 323]]",[0. 1. 0. ... 0. 0. 0.],[1. 1. 1. ... 0. 1. 0.]
409,SVC,"{'C': 100, 'gamma': 0.01, 'kernel': 'rbf'}",0.5842674282530645,0.0763114759690431,0.18661928259589222,0.1410494500362825,0.593309641297946,0.07052472501814125,0.5913647441933599,0.1842105263157895,0.5921052631578947,0.5921052631578947,"{0: 0.6310625521187782, 1: 0.631062552118778}","{0: 0.6310625521187782, 1: 0.631062552118778}",0.631062552118778,"[[410 236]
 [291 355]]",[0. 1. 0. ... 0. 1. 0.],[1. 1. 1. ... 0. 1. 0.]
496,SVC,"{'C': 100, 'gamma': 0.001, 'kernel': 'rbf'}",0.5799353520916131,0.0884549618166635,0.18653314194081386,0.16598809520592933,0.5932665709704069,0.08299404760296465,0.5895707714904144,0.18575851393188858,0.5928792569659442,0.5928792569659442,"{0: 0.6140334902088584, 1: 0.6140334902088584}","{0: 0.6140334902088584, 1: 0.6140334902088584}",0.6140334902088584,"[[441 205]
 [321 325]]",[0. 1. 0. ... 0. 0. 0.],[1. 1. 1. ... 0. 1. 0.]
814,SVC,"{'C': 100, 'gamma': 0.01, 'kernel': 'rbf'}",0.5839633034659912,0.07506110340929874,0.18640016114886382,0.13864471510210355,0.5932000805744319,0.06932235755105176,0.5905620696609144,0.1826625386996904,0.5913312693498453,0.5913312693498451,"{0: 0.6315957212280382, 1: 0.6315957212280383}","{0: 0.6315957212280382, 1: 0.6315957212280383}",0.6315957212280383,"[[410 236]
 [292 354]]",[0. 1. 0. ... 0. 1. 0.],[1. 1. 1. ... 0. 1. 0.]
393,SVC,"{'C': 100, 'gamma': 0.001, 'kernel': 'rbf'}",0.5799204619929824,0.08847652288284755,0.18636935740493626,0.16606569448231864,0.5931846787024682,0.08303284724115931,0.5894547343748112,0.18575851393188858,0.5928792569659442,0.5928792569659442,"{0: 0.6138010524398777, 1: 0.6138010524398777}","{0: 0.6138010524398777, 1: 0.6138010524398777}",0.6138010524398777,"[[442 204]
 [322 324]]",[0. 1. 0. ... 0. 0. 0.],[1. 1. 1. ... 0. 1. 0.]
806,SVC,"{'C': 100, 'gamma': 0.01, 'kernel': 'rbf'}",0.5840967675870506,0.07585275245452987,0.18608277465938433,0.13989930933457984,0.593041387329692,0.0699496546672899,0.5898671131233667,0.1811145510835913,0.5905572755417957,0.5905572755417956,"{0: 0.6315406071178675, 1: 0.6315406071178675}","{0: 0.6315406071178675, 1: 0.6315406071178675}",0.6315406071178675,"[[408 238]
 [291 355]]",[0. 1. 0. ... 0. 1. 0.],[1. 1. 1. ... 0. 1. 0.]
55,SVC,"{'C': 1000, 'gamma': 0.01, 'kernel': 'rbf'}",0.5860105454898222,0.09342975735302175,0.1860448612916678,0.17882812845921053,0.5930224306458338,0.08941406422960527,0.580325400877868,0.16099071207430338,0.5804953560371517,0.5804953560371517,"{0: 0.6070292056858592, 1: 0.6070292056858592}","{0: 0.6070292056858592, 1: 0.6070292056858592}",0.6070292056858592,"[[388 258]
 [284 362]]",[0. 1. 0. ... 0. 1. 1.],[1. 1. 1. ... 0. 1. 0.]
438,SVC,"{'C': 100, 'gamma': 0.001, 'kernel': 'rbf'}",0.5793411953236751,0.08798278874264946,0.18516594125586797,0.16527414487108802,0.592582970627934,0.08263707243554401,0.5886153308887725,0.1842105263157895,0.5921052631578947,0.5921052631578947,"{0: 0.6146732931399708, 1: 0.6146732931399708}","{0: 0.6146732931399708, 1: 0.6146732931399708}",0.6146732931399708,"[[442 204]
 [323 323]]",[0. 0. 0. ... 0. 0. 0.],[1. 1. 1. ... 0. 1. 0.]
620,SVC,"{'C': 100, 'gamma': 0.001, 'kernel': 'rbf'}",0.5791200699230032,0.08888129199829269,0.1850793047568417,0.16662895917068293,0.5925396523784209,0.08331447958534147,0.5886153308887725,0.1842105263157895,0.5921052631578947,0.5921052631578947,"{0: 0.6149848076757182, 1: 0.6149848076757182}","{0: 0.6149848076757182, 1: 0.6149848076757182}",0.6149848076757182,"[[442 204]
 [323 323]]",[0. 0. 0. ... 0. 0. 0.],[1. 1. 1. ... 0. 1. 0.]
759,SVC,"{'C': 100, 'gamma': 0.001, 'kernel': 'rbf'}",0.5792230867507453,0.08980192590964318,0.18491211562413531,0.16872735732964697,0.5924560578120677,0.08436367866482347,0.5887326155565288,0.1842105263157895,0.5921052631578947,0.5921052631578947,"{0: 0.6135710109365564, 1: 0.6135710109365564}","{0: 0.6135710109365564, 1: 0.6135710109365564}",0.6135710109365564,"[[441 205]
 [322 324]]",[0. 0. 0. ... 0. 0. 0.],[1. 1. 1. ... 0. 1. 0.]
914,SVC,"{'C': 100, 'gamma': 0.001, 'kernel': 'rbf'}",0.5786568355841015,0.08809457892811814,0.18463022697015366,0.1646239466803111,0.5923151134850769,0.08231197334015555,0.5884959897209213,0.1842105263157895,0.5921052631578947,0.5921052631578947,"{0: 0.6132559020023195, 1: 0.6132559020023196}","{0: 0.6132559020023195, 1: 0.6132559020023196}",0.6132559020023196,"[[443 203]
 [324 322]]",[0. 0. 0. ... 0. 0. 0.],[1. 1. 1. ... 0. 1. 0.]
79,SVC,"{'C': 1000, 'gamma': 0.0001, 'kernel': 'rbf'}",0.5790901672903707,0.10967931125715041,0.18425669625974478,0.20599310772685944,0.5921283481298724,0.10299655386342974,0.5869602518508618,0.17801857585139313,0.5890092879256966,0.5890092879256965,"{0: 0.5991023588839153, 1: 0.5991023588839153}","{0: 0.5991023588839153, 1: 0.5991023588839153}",0.5991023588839153,"[[426 220]
 [311 335]]",[0. 1. 1. ... 0. 0. 0.],[1. 1. 1. ... 0. 1. 0.]
871,SVC,"{'C': 100, 'gamma': 0.001, 'kernel': 'rbf'}",0.5788423334585572,0.08875821302731524,0.18405981450196915,0.1662720933518517,0.5920299072509845,0.08313604667592583,0.5880102040816326,0.1826625386996904,0.5913312693498453,0.5913312693498451,"{0: 0.6138585628157079, 1: 0.613858562815708}","{0: 0.6138585628157079, 1: 0.613858562815708}",0.613858562815708,"[[440 206]
 [322 324]]",[0. 1. 0. ... 0. 0. 0.],[1. 1. 1. ... 0. 1. 0.]
641,SVC,"{'C': 100, 'gamma': 0.001, 'kernel': 'rbf'}",0.5787864102793461,0.08733368647638005,0.18391594125586797,0.16289631503188598,0.591957970627934,0.08144815751594299,0.5881246271738632,0.1826625386996904,0.5913312693498453,0.5913312693498451,"{0: 0.6161997143651333, 1: 0.6161997143651334}","{0: 0.6161997143651333, 1: 0.6161997143651334}",0.6161997143651334,"[[439 207]
 [321 325]]",[0. 0. 0. ... 0. 0. 0.],[1. 1. 1. ... 0. 1. 0.]
485,SVC,"{'C': 1000, 'gamma': 0.01, 'kernel': 'rbf'}",0.5844806551929724,0.09425281225603303,0.18385135647606993,0.18017107913691194,0.5919256782380349,0.09008553956845597,0.5819221227483552,0.16408668730650156,0.5820433436532507,0.5820433436532508,"{0: 0.6072832098457763, 1: 0.6072832098457763}","{0: 0.6072832098457763, 1: 0.6072832098457763}",0.6072832098457763,"[[387 259]
 [281 365]]",[0. 1. 0. ... 0. 1. 1.],[1. 1. 1. ... 0. 1. 0.]
224,SVC,"{'C': 100, 'gamma': 0.001, 'kernel': 'rbf'}",0.5785210343101034,0.08826856894681015,0.18362094302861492,0.16595768947151002,0.5918104715143074,0.082978844735755,0.5880102040816326,0.1826625386996904,0.5913312693498453,0.5913312693498451,"{0: 0.6132942422528731, 1: 0.6132942422528731}","{0: 0.6132942422528731, 1: 0.6132942422528731}",0.6132942422528731,"[[440 206]
 [322 324]]",[0. 1. 0. ... 0. 0. 0.],[1. 1. 1. ... 0. 1. 0.]
132,SVC,"{'C': 1000, 'gamma': 0.01, 'kernel': 'rbf'}",0.5845156214957767,0.0972824746478935,0.18348741029923815,0.1859320782860254,0.591743705149619,0.09296603914301269,0.5788020288993508,0.1578947368421053,0.5789473684210527,0.5789473684210527,"{0: 0.607824765884845, 1: 0.607824765884845}","{0: 0.607824765884845, 1: 0.607824765884845}",0.607824765884845,"[[386 260]
 [284 362]]",[0. 1. 0. ... 0. 1. 1.],[1. 1. 1. ... 0. 1. 0.]
993,SVC,"{'C': 100, 'gamma': 0.001, 'kernel': 'rbf'}",0.5784296383714403,0.0875880662351673,0.18329689363682033,0.16327363529183522,0.5916484468184102,0.0816368176459176,0.5878937257602668,0.1826625386996904,0.5913312693498453,0.5913312693498451,"{0: 0.6145582723883101, 1: 0.6145582723883101}","{0: 0.6145582723883101, 1: 0.6145582723883101}",0.6145582723883101,"[[441 205]
 [323 323]]",[0. 0. 0. ... 0. 0. 0.],[1. 1. 1. ... 0. 1. 0.]
88,SVC,"{'C': 1000, 'gamma': 0.01, 'kernel': 'rbf'}",0.5846235684801333,0.09573017510529684,0.18325859802874764,0.18359506211622065,0.5916292990143738,0.09179753105811032,0.5787767861209598,0.1578947368421053,0.5789473684210527,0.5789473684210527,"{0: 0.6072520583922015, 1: 0.6072520583922016}","{0: 0.6072520583922015, 1: 0.6072520583922016}",0.6072520583922016,"[[387 259]
 [285 361]]",[0. 1. 0. ... 0. 0. 1.],[1. 1. 1. ... 0. 1. 0.]
954,SVC,"{'C': 100, 'gamma': 0.001, 'kernel': 'rbf'}",0.5782040640834913,0.08666549681605987,0.18294242801248967,0.16208776663804478,0.5914712140062448,0.08104388331902238,0.5871718285187925,0.1811145510835913,0.5905572755417957,0.5905572755417956,"{0: 0.6153706064469131, 1: 0.6153706064469131}","{0: 0.6153706064469131, 1: 0.6153706064469131}",0.6153706064469131,"[[440 206]
 [323 323]]",[0. 1. 0. ... 0. 0. 0.],[1. 1. 1. ... 0. 1. 0.]
458,SVC,"{'C': 100, 'gamma': 0.001, 'kernel': 'rbf'}",0.5776362781478003,0.08603332057479494,0.182901084343239,0.15979903624956796,0.5914505421716195,0.07989951812478398,0.5871718285187925,0.1811145510835913,0.5905572755417957,0.5905572755417956,"{0: 0.6134176499343424, 1: 0.6134176499343423}","{0: 0.6134176499343424, 1: 0.6134176499343423}",0.6134176499343423,"[[440 206]
 [323 323]]",[0. 1. 0. ... 0. 0. 0.],[1. 1. 1. ... 0. 1. 0.]
65,SVC,"{'C': 1000, 'gamma': 0.01, 'kernel': 'rbf'}",0.584796703200171,0.09669923307860227,0.18271113068878533,0.18598137734691636,0.5913555653443927,0.09299068867345815,0.5795095128753319,0.1594427244582043,0.5797213622291022,0.5797213622291022,"{0: 0.6078846725263349, 1: 0.6078846725263349}","{0: 0.6078846725263349, 1: 0.6078846725263349}",0.6078846725263349,"[[389 257]
 [286 360]]",[0. 1. 0. ... 0. 0. 1.],[1. 1. 1. ... 0. 1. 0.]
114,SVC,"{'C': 1000, 'gamma': 0.0001, 'kernel': 'rbf'}",0.578963651834202,0.10785829711168732,0.18252864653169507,0.20414675626769,0.5912643232658474,0.102073378133845,0.5855821916777748,0.17492260061919507,0.5874613003095975,0.5874613003095975,"{0: 0.5988387696613597, 1: 0.5988387696613597}","{0: 0.5988387696613597, 1: 0.5988387696613597}",0.5988387696613597,"[[423 223]
 [310 336]]",[0. 1. 1. ... 0. 0. 0.],[1. 1. 1. ... 0. 1. 0.]
410,SVC,"{'C': 100, 'gamma': 0.01, 'kernel': 'rbf'}",0.5821998952301773,0.0732322051034189,0.1825248381514478,0.13445347517624107,0.5912624190757239,0.06722673758812052,0.5899182978202552,0.1811145510835913,0.5905572755417957,0.5905572755417956,"{0: 0.63122909258212, 1: 0.63122909258212}","{0: 0.63122909258212, 1: 0.63122909258212}",0.63122909258212,"[[407 239]
 [290 356]]",[0. 1. 0. ... 0. 1. 0.],[1. 1. 1. ... 0. 1. 0.]
893,SVC,"{'C': 100, 'gamma': 0.001, 'kernel': 'rbf'}",0.5775722277582248,0.08885274593436322,0.18244999441201412,0.1665163201791763,0.5912249972060071,0.08325816008958815,0.5870540987479329,0.1811145510835913,0.5905572755417957,0.5905572755417956,"{0: 0.6126196934696968, 1: 0.6126196934696968}","{0: 0.6126196934696968, 1: 0.6126196934696968}",0.6126196934696968,"[[441 205]
 [324 322]]",[0. 0. 0. ... 0. 0. 0.],[1. 1. 1. ... 0. 1. 0.]
284,SVC,"{'C': 100, 'gamma': 0.001, 'kernel': 'rbf'}",0.5772738721295724,0.08275636433015814,0.18221215981325592,0.15326136161897738,0.5911060799066279,0.07663068080948869,0.5901765630296121,0.18730650154798767,0.5936532507739938,0.5936532507739938,"{0: 0.6148266541421847, 1: 0.6148266541421848}","{0: 0.6148266541421847, 1: 0.6148266541421848}",0.6148266541421848,"[[443 203]
 [322 324]]",[0. 1. 0. ... 0. 0. 0.],[1. 1. 1. ... 0. 1. 0.]
720,SVC,"{'C': 100, 'gamma': 0.001, 'kernel': 'rbf'}",0.5779802091643006,0.08053464164594928,0.18220898521008133,0.15002611864124357,0.5911044926050406,0.07501305932062179,0.5895707714904144,0.18575851393188858,0.5928792569659442,0.5928792569659442,"{0: 0.6152699632892101, 1: 0.6152699632892101}","{0: 0.6152699632892101, 1: 0.6152699632892101}",0.6152699632892101,"[[441 205]
 [321 325]]",[0. 1. 0. ... 0. 0. 0.],[1. 1. 1. ... 0. 1. 0.]
974,SVC,"{'C': 100, 'gamma': 0.001, 'kernel': 'sigmoid'}",0.5791995070061764,0.11582016187417453,0.18204822793792771,0.22094656504631846,0.5910241139689638,0.11047328252315923,0.5845871383197061,0.1718266253869969,0.5859133126934984,0.5859133126934984,"{0: 0.5937443088690584, 1: 0.5937443088690584}","{0: 0.5937443088690584, 1: 0.5937443088690584}",0.5937443088690584,"[[415 231]
 [304 342]]",[0. 1. 1. ... 0. 0. 0.],[1. 1. 1. ... 0. 1. 0.]
469,AdaBoost,"{'algorithm': 'SAMME', 'learning_rate': 0.9163265306122448, 'n_estimators': 52}",0.5754574431679947,0.10708423214791804,0.18180594617926338,0.19316499254422326,0.5909029730896317,0.09658249627211161,0.5800886826875445,0.16718266253869973,0.5835913312693498,0.5835913312693499,"{0: 0.5881753874761572, 1: 0.5881753874761573}","{0: 0.5881753874761572, 1: 0.5881753874761573}",0.5881753874761573,"[[436 210]
 [328 318]]",[1. 1. 1. ... 0. 0. 0.],[1. 1. 1. ... 0. 1. 0.]
243,SVC,"{'C': 100, 'gamma': 0.001, 'kernel': 'rbf'}",0.5773971927220606,0.08756085028156808,0.18178168570922268,0.16436925003877095,0.5908908428546114,0.08218462501938549,0.5863327171457222,0.17956656346749222,0.5897832817337462,0.5897832817337461,"{0: 0.6160810992149833, 1: 0.6160810992149834}","{0: 0.6160810992149833, 1: 0.6160810992149834}",0.6160810992149834,"[[440 206]
 [324 322]]",[0. 0. 0. ... 0. 0. 0.],[1. 1. 1. ... 0. 1. 0.]
562,SVC,"{'C': 1000, 'gamma': 0.01, 'kernel': 'rbf'}",0.5833974149262512,0.09599603075489263,0.1817178614270577,0.18392543535941613,0.5908589307135288,0.09196271767970807,0.5803505508519268,0.16099071207430338,0.5804953560371517,0.5804953560371517,"{0: 0.6074545428404374, 1: 0.6074545428404374}","{0: 0.6074545428404374, 1: 0.6074545428404374}",0.6074545428404374,"[[387 259]
 [283 363]]",[0. 1. 0. ... 0. 1. 1.],[1. 1. 1. ... 0. 1. 0.]
850,SVC,"{'C': 100, 'gamma': 0.001, 'kernel': 'rbf'}",0.5772906748554552,0.08232933907175807,0.18154396057953945,0.15432639017358749,0.5907719802897697,0.07716319508679374,0.5894547343748112,0.18575851393188858,0.5928792569659442,0.5928792569659442,"{0: 0.6147236147188222, 1: 0.6147236147188222}","{0: 0.6147236147188222, 1: 0.6147236147188222}",0.6147236147188222,"[[442 204]
 [322 324]]",[0. 1. 0. ... 0. 0. 0.],[1. 1. 1. ... 0. 1. 0.]
739,SVC,"{'C': 100, 'gamma': 0.001, 'kernel': 'rbf'}",0.5773117650191599,0.08234967201800228,0.18143790384557573,0.15432729449751467,0.5907189519227878,0.07716364724875734,0.588847847182343,0.1842105263157895,0.5921052631578947,0.5921052631578947,"{0: 0.6133613376913418, 1: 0.6133613376913418}","{0: 0.6133613376913418, 1: 0.6133613376913418}",0.6133613376913418,"[[440 206]
 [321 325]]",[0. 1. 0. ... 0. 0. 0.],[1. 1. 1. ... 0. 1. 0.]
63,SVC,"{'C': 1000, 'gamma': 0.01, 'kernel': 'rbf'}",0.5836070967683183,0.09656613562467656,0.18143443305283669,0.18564927359127278,0.5907172165264183,0.09282463679563639,0.5772281713640515,0.15479876160990713,0.5773993808049536,0.5773993808049536,"{0: 0.6069069961372198, 1: 0.6069069961372198}","{0: 0.6069069961372198, 1: 0.6069069961372198}",0.6069069961372198,"[[386 260]
 [286 360]]",[0. 1. 0. ... 0. 1. 1.],[1. 1. 1. ... 0. 1. 0.]
544,SVC,"{'C': 1000, 'gamma': 0.01, 'kernel': 'rbf'}",0.5834932969204264,0.09669670043964923,0.1811931254535169,0.18532731192185953,0.5905965627267584,0.09266365596092976,0.5779890742477682,0.15634674922600622,0.5781733746130031,0.5781733746130031,"{0: 0.6084226341669143, 1: 0.6084226341669143}","{0: 0.6084226341669143, 1: 0.6084226341669143}",0.6084226341669143,"[[387 259]
 [286 360]]",[0. 1. 0. ... 0. 0. 1.],[1. 1. 1. ... 0. 1. 0.]
680,SVC,"{'C': 100, 'gamma': 0.001, 'kernel': 'rbf'}",0.5772706386277898,0.08159496696925458,0.18082967486525373,0.15246767323727772,0.5904148374326268,0.07623383661863886,0.588847847182343,0.1842105263157895,0.5921052631578947,0.5921052631578947,"{0: 0.6141125669756251, 1: 0.6141125669756252}","{0: 0.6141125669756251, 1: 0.6141125669756252}",0.6141125669756252,"[[440 206]
 [321 325]]",[0. 1. 0. ... 0. 0. 0.],[1. 1. 1. ... 0. 1. 0.]
831,SVC,"{'C': 100, 'gamma': 0.001, 'kernel': 'rbf'}",0.5767742665002754,0.08107036187031423,0.18033925340931503,0.15110340528269953,0.5901696267046576,0.07555170264134976,0.588847847182343,0.1842105263157895,0.5921052631578947,0.5921052631578947,"{0: 0.6149213066357389, 1: 0.6149213066357389}","{0: 0.6149213066357389, 1: 0.6149213066357389}",0.6149213066357389,"[[440 206]
 [321 325]]",[0. 1. 0. ... 0. 0. 0.],[1. 1. 1. ... 0. 1. 0.]
781,SVC,"{'C': 100, 'gamma': 0.001, 'kernel': 'rbf'}",0.5765661718618589,0.08237410727783089,0.18029525160069554,0.15419877530068657,0.5901476258003477,0.07709938765034328,0.5884959897209213,0.1842105263157895,0.5921052631578947,0.5921052631578947,"{0: 0.6128042059254858, 1: 0.6128042059254858}","{0: 0.6128042059254858, 1: 0.6128042059254858}",0.6128042059254858,"[[443 203]
 [324 322]]",[0. 0. 0. ... 0. 0. 0.],[1. 1. 1. ... 0. 1. 0.]
533,SVC,"{'C': 100, 'gamma': 0.001, 'kernel': 'rbf'}",0.5763672080366249,0.08004163194861177,0.17994541931860847,0.14971939291242983,0.5899727096593042,0.0748596964562149,0.5878937257602668,0.1826625386996904,0.5913312693498453,0.5913312693498451,"{0: 0.614642141686396, 1: 0.6146421416863959}","{0: 0.614642141686396, 1: 0.6146421416863959}",0.6146421416863959,"[[441 205]
 [323 323]]",[0. 1. 0. ... 0. 0. 0.],[1. 1. 1. ... 0. 1. 0.]
812,SVC,"{'C': 100, 'gamma': 0.001, 'kernel': 'rbf'}",0.5763527543226065,0.09055698098447537,0.17993973168623417,0.16867055059121264,0.5899698658431171,0.08433527529560633,0.5856110414810564,0.17801857585139313,0.5890092879256966,0.5890092879256965,"{0: 0.6169545380479061, 1: 0.6169545380479061}","{0: 0.6169545380479061, 1: 0.6169545380479061}",0.6169545380479061,"[[439 207]
 [324 322]]",[0. 0. 0. ... 0. 0. 0.],[1. 1. 1. ... 0. 1. 0.]
375,SVC,"{'C': 100, 'gamma': 0.001, 'kernel': 'rbf'}",0.5762697361069383,0.08177870756085676,0.179724839132511,0.152549364791188,0.5898624195662555,0.07627468239559398,0.5878937257602668,0.1826625386996904,0.5913312693498453,0.5913312693498451,"{0: 0.6142695223763287, 1: 0.6142695223763287}","{0: 0.6142695223763287, 1: 0.6142695223763287}",0.6142695223763287,"[[441 205]
 [323 323]]",[0. 1. 0. ... 0. 0. 0.],[1. 1. 1. ... 0. 1. 0.]
197,SVC,"{'C': 1, 'gamma': 0.1, 'kernel': 'rbf'}",0.5813738097023896,0.07943236270860947,0.17970049996740156,0.14887916877803864,0.5898502499837008,0.07443958438901932,0.5882313472893184,0.17647058823529416,0.5882352941176471,0.5882352941176471,"{0: 0.6241193723700984, 1: 0.6241193723700985}","{0: 0.6241193723700984, 1: 0.6241193723700985}",0.6241193723700985,"[[382 264]
 [268 378]]",[0. 1. 0. ... 0. 1. 0.],[1. 1. 1. ... 0. 1. 0.]
319,SVC,"{'C': 100, 'gamma': 0.001, 'kernel': 'rbf'}",0.5762121926686715,0.0814506964150156,0.17958096588640984,0.15233264624708906,0.5897904829432049,0.07616632312354453,0.5877751887768421,0.1826625386996904,0.5913312693498453,0.5913312693498451,"{0: 0.6152172454446989, 1: 0.615217245444699}","{0: 0.6152172454446989, 1: 0.615217245444699}",0.615217245444699,"[[442 204]
 [324 322]]",[0. 0. 0. ... 0. 0. 0.],[1. 1. 1. ... 0. 1. 0.]
76,SVC,"{'C': 1, 'gamma': 0.1, 'kernel': 'rbf'}",0.5815372763057765,0.07663758133895489,0.1795452368095068,0.14471095486691726,0.5897726184047535,0.07235547743345863,0.588234307417658,0.17647058823529416,0.5882352941176471,0.5882352941176471,"{0: 0.6242176192621419, 1: 0.6242176192621418}","{0: 0.6242176192621419, 1: 0.6242176192621418}",0.6242176192621418,"[[381 265]
 [267 379]]",[0. 1. 0. ... 0. 1. 0.],[1. 1. 1. ... 0. 1. 0.]
118,SVC,"{'C': 1000, 'gamma': 0.01, 'kernel': 'rbf'}",0.5826091725455442,0.0954403095413295,0.1793912002923844,0.182783949912172,0.5896956001461922,0.09139197495608599,0.5795377381954829,0.1594427244582043,0.5797213622291022,0.5797213622291022,"{0: 0.6056896931821449, 1: 0.6056896931821449}","{0: 0.6056896931821449, 1: 0.6056896931821449}",0.6056896931821449,"[[388 258]
 [285 361]]",[0. 1. 0. ... 0. 0. 1.],[1. 1. 1. ... 0. 1. 0.]
302,SVC,"{'C': 100, 'gamma': 0.001, 'kernel': 'sigmoid'}",0.5780839710317719,0.11522407734292149,0.17938296111152124,0.22012810912277025,0.5896914805557606,0.11006405456138513,0.5837738942701834,0.1702786377708978,0.5851393188854489,0.5851393188854489,"{0: 0.5958721927747798, 1: 0.5958721927747798}","{0: 0.5958721927747798, 1: 0.5958721927747798}",0.5958721927747798,"[[415 231]
 [305 341]]",[0. 1. 1. ... 0. 0. 0.],[1. 1. 1. ... 0. 1. 0.]
152,SVC,"{'C': 100, 'gamma': 0.001, 'kernel': 'rbf'}",0.5758585671278429,0.08167525266416412,0.1785201319622866,0.15260864083371214,0.5892600659811433,0.07630432041685607,0.5872874974562797,0.1811145510835913,0.5905572755417957,0.5905572755417956,"{0: 0.6157552070852783, 1: 0.6157552070852783}","{0: 0.6157552070852783, 1: 0.6157552070852783}",0.6157552070852783,"[[439 207]
 [322 324]]",[0. 1. 0. ... 0. 0. 0.],[1. 1. 1. ... 0. 1. 0.]
516,SVC,"{'C': 100, 'gamma': 0.001, 'kernel': 'sigmoid'}",0.5771475686420535,0.11496068387792877,0.17831575784694956,0.21919452507948303,0.5891578789234747,0.10959726253974152,0.5837738942701834,0.1702786377708978,0.5851393188854489,0.5851393188854489,"{0: 0.5956301699431605, 1: 0.5956301699431605}","{0: 0.5956301699431605, 1: 0.5956301699431605}",0.5956301699431605,"[[415 231]
 [305 341]]",[0. 1. 1. ... 0. 0. 0.],[1. 1. 1. ... 0. 1. 0.]
251,SVC,"{'C': 100, 'gamma': 0.0001, 'kernel': 'rbf'}",0.576702743437854,0.11391467810364414,0.1783144078608995,0.2143087192766723,0.5891572039304498,0.10715435963833612,0.5785192336691493,0.1594427244582043,0.5797213622291022,0.5797213622291022,"{0: 0.5926420266656443, 1: 0.5926420266656443}","{0: 0.5926420266656443, 1: 0.5926420266656443}",0.5926420266656443,"[[409 237]
 [306 340]]",[0. 1. 1. ... 0. 0. 0.],[1. 1. 1. ... 0. 1. 0.]
195,SVC,"{'C': 100, 'gamma': 0.0001, 'kernel': 'rbf'}",0.5771466902929597,0.11221921342601074,0.17817234702318646,0.2133357175934503,0.5890861735115932,0.10666785879672513,0.5784483209281449,0.1594427244582043,0.5797213622291022,0.5797213622291022,"{0: 0.5907082402783502, 1: 0.5907082402783502}","{0: 0.5907082402783502, 1: 0.5907082402783502}",0.5907082402783502,"[[410 236]
 [307 339]]",[0. 0. 1. ... 0. 0. 0.],[1. 1. 1. ... 0. 1. 0.]
168,SVC,"{'C': 100, 'gamma': 0.001, 'kernel': 'sigmoid'}",0.5768863743076276,0.11596181026999988,0.17807430543074276,0.22120078197551266,0.5890371527153714,0.11060039098775631,0.5836217366731202,0.1702786377708978,0.5851393188854489,0.5851393188854489,"{0: 0.5939084530667408, 1: 0.5939084530667408}","{0: 0.5939084530667408, 1: 0.5939084530667408}",0.5939084530667408,"[[417 229]
 [307 339]]",[0. 0. 1. ... 0. 0. 0.],[1. 1. 1. ... 0. 1. 0.]
659,SVC,"{'C': 100, 'gamma': 0.001, 'kernel': 'rbf'}",0.5753596880923932,0.08106527410148537,0.17793644761398458,0.15169456456507116,0.5889682238069923,0.07584728228253558,0.5864496366728509,0.17956656346749222,0.5897832817337462,0.5897832817337461,"{0: 0.6161206375983667, 1: 0.6161206375983668}","{0: 0.6161206375983667, 1: 0.6161206375983668}",0.6161206375983668,"[[439 207]
 [323 323]]",[0. 0. 0. ... 0. 0. 0.],[1. 1. 1. ... 0. 1. 0.]
67,SVC,"{'C': 1000, 'gamma': 0.01, 'kernel': 'rbf'}",0.5810211206587248,0.09508826443538547,0.17782807898727523,0.18175012866256565,0.5889140394936375,0.09087506433128283,0.5780396527908865,0.15634674922600622,0.5781733746130031,0.5781733746130031,"{0: 0.6064576963260455, 1: 0.6064576963260455}","{0: 0.6064576963260455, 1: 0.6064576963260455}",0.6064576963260455,"[[385 261]
 [284 362]]",[0. 1. 0. ... 0. 1. 1.],[1. 1. 1. ... 0. 1. 0.]
54,SVC,"{'C': 1000, 'gamma': 0.01, 'kernel': 'rbf'}",0.5814302176047819,0.09694607424266281,0.1770442305954147,0.18608722712719689,0.5885221152977073,0.09304361356359844,0.5780396527908865,0.15634674922600622,0.5781733746130031,0.5781733746130031,"{0: 0.6057843456756989, 1: 0.6057843456756989}","{0: 0.6057843456756989, 1: 0.6057843456756989}",0.6057843456756989,"[[385 261]
 [284 362]]",[0. 1. 0. ... 0. 0. 1.],[1. 1. 1. ... 0. 1. 0.]
747,SVC,"{'C': 100, 'gamma': 0.0001, 'kernel': 'rbf'}",0.5760222389736337,0.11406299688453804,0.17657513891728271,0.2147316463963189,0.5882875694586412,0.10736582319815942,0.5786549143893928,0.1594427244582043,0.5797213622291022,0.5797213622291022,"{0: 0.5919542984213402, 1: 0.5919542984213402}","{0: 0.5919542984213402, 1: 0.5919542984213402}",0.5919542984213402,"[[407 239]
 [304 342]]",[0. 1. 1. ... 0. 0. 0.],[1. 1. 1. ... 0. 1. 0.]
83,SVC,"{'C': 1000, 'gamma': 0.01, 'kernel': 'rbf'}",0.5803766042636398,0.0957053206234224,0.17651632886000784,0.18317470051406023,0.5882581644300039,0.09158735025703009,0.5780619035092397,0.15634674922600622,0.5781733746130031,0.5781733746130031,"{0: 0.6069788841070076, 1: 0.6069788841070076}","{0: 0.6069788841070076, 1: 0.6069788841070076}",0.6069788841070076,"[[384 262]
 [283 363]]",[0. 1. 0. ... 0. 1. 1.],[1. 1. 1. ... 0. 1. 0.]
58,SVC,"{'C': 1000, 'gamma': 0.01, 'kernel': 'rbf'}",0.580636407038521,0.0794237674304984,0.175877184523991,0.14932073601315635,0.5879385922619955,0.07466036800657817,0.5795377381954829,0.1594427244582043,0.5797213622291022,0.5797213622291022,"{0: 0.6064948384437692, 1: 0.6064948384437693}","{0: 0.6064948384437692, 1: 0.6064948384437693}",0.6064948384437693,"[[388 258]
 [285 361]]",[0. 1. 0. ... 0. 1. 1.],[1. 1. 1. ... 0. 1. 0.]
420,SVC,"{'C': 100, 'gamma': 0.001, 'kernel': 'sigmoid'}",0.5755633961345173,0.11571361722233087,0.17549097209740944,0.2207136540411414,0.5877454860487048,0.1103568270205707,0.5821454678362573,0.16718266253869973,0.5835913312693498,0.5835913312693498,"{0: 0.5936220993204191, 1: 0.5936220993204191}","{0: 0.5936220993204191, 1: 0.5936220993204191}",0.5936220993204191,"[[415 231]
 [307 339]]",[0. 0. 1. ... 0. 0. 0.],[1. 1. 1. ... 0. 1. 0.]
942,SVC,"{'C': 100, 'gamma': 0.0001, 'kernel': 'rbf'}",0.5752004589955267,0.11634639061699997,0.17529475605676492,0.21952210280162715,0.5876473780283824,0.10976105140081356,0.5785880974906519,0.1594427244582043,0.5797213622291022,0.5797213622291022,"{0: 0.5946692674136626, 1: 0.5946692674136627}","{0: 0.5946692674136626, 1: 0.5946692674136627}",0.5946692674136627,"[[408 238]
 [305 341]]",[0. 1. 1. ... 0. 0. 0.],[1. 1. 1. ... 0. 1. 0.]
979,randomforest,"{'criterion': 'entropy', 'max_features': 'log2', 'n_estimators': 49}",0.5830452281054521,0.08753219711931376,0.17518424238933286,0.17353130618018475,0.5875921211946664,0.08676565309009236,0.5688727934987404,0.13777089783281737,0.5688854489164087,0.5688854489164086,"{0: 0.5930026646474135, 1: 0.5930026646474136}","{0: 0.5930026646474135, 1: 0.5930026646474136}",0.5930026646474136,"[[364 282]
 [275 371]]",[0. 1. 1. ... 0. 1. 0.],[1. 1. 1. ... 0. 1. 0.]
56,SVC,"{'C': 1000, 'gamma': 0.01, 'kernel': 'rbf'}",0.5799415931594757,0.09580235616694051,0.1750881525738194,0.18386728944014016,0.5875440762869097,0.09193364472007008,0.5780396527908865,0.15634674922600622,0.5781733746130031,0.5781733746130031,"{0: 0.6062767782687459, 1: 0.606276778268746}","{0: 0.6062767782687459, 1: 0.606276778268746}",0.606276778268746,"[[385 261]
 [284 362]]",[0. 1. 0. ... 0. 0. 1.],[1. 1. 1. ... 0. 1. 0.]
99,SVC,"{'C': 1000, 'gamma': 0.0001, 'kernel': 'sigmoid'}",0.5758315735354084,0.11843690376031686,0.17480262800033994,0.22676240023518046,0.58740131400017,0.11338120011759022,0.5816924208977189,0.16563467492260064,0.5828173374613003,0.5828173374613004,"{0: 0.5921112538220438, 1: 0.5921112538220437}","{0: 0.5921112538220438, 1: 0.5921112538220437}",0.5921112538220437,"[[410 236]
 [303 343]]",[0. 1. 1. ... 0. 0. 0.],[1. 1. 1. ... 0. 1. 0.]
53,SVC,"{'C': 1000, 'gamma': 0.01, 'kernel': 'rbf'}",0.5793709216370128,0.09483602438396407,0.17408815257381938,0.18195884674513063,0.5870440762869097,0.09097942337256532,0.5779607449669538,0.15634674922600622,0.5781733746130031,0.5781733746130031,"{0: 0.6050714566419692, 1: 0.6050714566419692}","{0: 0.6050714566419692, 1: 0.6050714566419692}",0.6050714566419692,"[[388 258]
 [287 359]]",[0. 1. 0. ... 0. 0. 1.],[1. 1. 1. ... 0. 1. 0.]
133,SVC,"{'C': 1000, 'gamma': 0.01, 'kernel': 'rbf'}",0.5795976851419816,0.08053375809659274,0.17329580092051441,0.15189527929641022,0.5866479004602572,0.07594763964820511,0.5788020288993508,0.1578947368421053,0.5789473684210527,0.5789473684210527,"{0: 0.6064924421781097, 1: 0.6064924421781097}","{0: 0.6064924421781097, 1: 0.6064924421781097}",0.6064924421781097,"[[386 260]
 [284 362]]",[0. 1. 0. ... 0. 1. 1.],[1. 1. 1. ... 0. 1. 0.]
112,SVC,"{'C': 1000, 'gamma': 0.01, 'kernel': 'rbf'}",0.580017707515254,0.08241520139878498,0.17295050597378306,0.15591949924252224,0.5864752529868915,0.0779597496212611,0.5780396527908865,0.15634674922600622,0.5781733746130031,0.5781733746130031,"{0: 0.6081422710847415, 1: 0.6081422710847415}","{0: 0.6081422710847415, 1: 0.6081422710847415}",0.6081422710847415,"[[385 261]
 [284 362]]",[0. 1. 0. ... 0. 0. 1.],[1. 1. 1. ... 0. 1. 0.]
433,logistic_regression,"{'penalty': 'l2', 'solver': 'saga'}",0.5749082766750466,0.10643689392959327,0.17251660423739795,0.20033643749145252,0.586258302118699,0.10016821874572628,0.5840241741836267,0.1687306501547987,0.5843653250773994,0.5843653250773994,"{0: 0.5981654190110132, 1: 0.5981654190110133}","{0: 0.5981654190110132, 1: 0.5981654190110133}",0.5981654190110133,"[[396 250]
 [287 359]]",[0. 0. 1. ... 0. 0. 0.],[1. 1. 1. ... 0. 1. 0.]
28,logistic_regression,"{'penalty': 'l2', 'solver': 'saga'}",0.5749082766750466,0.10643689392959327,0.17251660423739795,0.20033643749145252,0.586258302118699,0.10016821874572628,0.5840241741836267,0.1687306501547987,0.5843653250773994,0.5843653250773994,"{0: 0.5981750040736517, 1: 0.5981750040736517}","{0: 0.5981750040736517, 1: 0.5981750040736517}",0.5981750040736517,"[[396 250]
 [287 359]]",[0. 0. 1. ... 0. 0. 0.],[1. 1. 1. ... 0. 1. 0.]
23,logistic_regression,"{'penalty': 'l2', 'solver': 'saga'}",0.5749082766750466,0.10643689392959327,0.17251660423739795,0.20033643749145252,0.586258302118699,0.10016821874572628,0.5840241741836267,0.1687306501547987,0.5843653250773994,0.5843653250773994,"{0: 0.5981534376827153, 1: 0.5981534376827153}","{0: 0.5981534376827153, 1: 0.5981534376827153}",0.5981534376827153,"[[396 250]
 [287 359]]",[0. 0. 1. ... 0. 0. 0.],[1. 1. 1. ... 0. 1. 0.]
515,logistic_regression,"{'penalty': 'l2', 'solver': 'saga'}",0.5749082766750466,0.10643689392959327,0.17251660423739795,0.20033643749145252,0.586258302118699,0.10016821874572628,0.5840241741836267,0.1687306501547987,0.5843653250773994,0.5843653250773994,"{0: 0.5981702115423324, 1: 0.5981702115423324}","{0: 0.5981702115423324, 1: 0.5981702115423324}",0.5981702115423324,"[[396 250]
 [287 359]]",[0. 0. 1. ... 0. 0. 0.],[1. 1. 1. ... 0. 1. 0.]
564,logistic_regression,"{'penalty': 'l2', 'solver': 'saga'}",0.5749082766750466,0.10643689392959327,0.17251660423739795,0.20033643749145252,0.586258302118699,0.10016821874572628,0.5840241741836267,0.1687306501547987,0.5843653250773994,0.5843653250773994,"{0: 0.5981678152766728, 1: 0.598167815276673}","{0: 0.5981678152766728, 1: 0.598167815276673}",0.598167815276673,"[[396 250]
 [287 359]]",[0. 0. 1. ... 0. 0. 0.],[1. 1. 1. ... 0. 1. 0.]
4,logistic_regression,"{'penalty': 'l2', 'solver': 'saga'}",0.5749082766750466,0.10643689392959327,0.17251660423739795,0.20033643749145252,0.586258302118699,0.10016821874572628,0.5840241741836267,0.1687306501547987,0.5843653250773994,0.5843653250773994,"{0: 0.5981702115423324, 1: 0.5981702115423325}","{0: 0.5981702115423324, 1: 0.5981702115423325}",0.5981702115423325,"[[396 250]
 [287 359]]",[0. 0. 1. ... 0. 0. 0.],[1. 1. 1. ... 0. 1. 0.]
26,logistic_regression,"{'penalty': 'l2', 'solver': 'saga'}",0.5749082766750466,0.10643689392959327,0.17251660423739795,0.20033643749145252,0.586258302118699,0.10016821874572628,0.5840241741836267,0.1687306501547987,0.5843653250773994,0.5843653250773994,"{0: 0.5981774003393112, 1: 0.5981774003393112}","{0: 0.5981774003393112, 1: 0.5981774003393112}",0.5981774003393112,"[[396 250]
 [287 359]]",[0. 0. 1. ... 0. 0. 0.],[1. 1. 1. ... 0. 1. 0.]
52,logistic_regression,"{'penalty': 'l2', 'solver': 'saga'}",0.5749082766750466,0.10643689392959327,0.17251660423739795,0.20033643749145252,0.586258302118699,0.10016821874572628,0.5840241741836267,0.1687306501547987,0.5843653250773994,0.5843653250773994,"{0: 0.598172607807992, 1: 0.5981726078079921}","{0: 0.598172607807992, 1: 0.5981726078079921}",0.5981726078079921,"[[396 250]
 [287 359]]",[0. 0. 1. ... 0. 0. 0.],[1. 1. 1. ... 0. 1. 0.]
29,logistic_regression,"{'penalty': 'l2', 'solver': 'saga'}",0.5749082766750466,0.10643689392959327,0.17251660423739795,0.20033643749145252,0.586258302118699,0.10016821874572628,0.5840241741836267,0.1687306501547987,0.5843653250773994,0.5843653250773994,"{0: 0.5981654190110133, 1: 0.5981654190110133}","{0: 0.5981654190110133, 1: 0.5981654190110133}",0.5981654190110133,"[[396 250]
 [287 359]]",[0. 0. 1. ... 0. 0. 0.],[1. 1. 1. ... 0. 1. 0.]
34,logistic_regression,"{'penalty': 'l2', 'solver': 'saga'}",0.5749082766750466,0.10643689392959327,0.17251660423739795,0.20033643749145252,0.586258302118699,0.10016821874572628,0.5840241741836267,0.1687306501547987,0.5843653250773994,0.5843653250773994,"{0: 0.5981606264796941, 1: 0.598160626479694}","{0: 0.5981606264796941, 1: 0.598160626479694}",0.598160626479694,"[[396 250]
 [287 359]]",[0. 0. 1. ... 0. 0. 0.],[1. 1. 1. ... 0. 1. 0.]
38,logistic_regression,"{'penalty': 'l2', 'solver': 'saga'}",0.5749082766750466,0.10643689392959327,0.17251660423739795,0.20033643749145252,0.586258302118699,0.10016821874572628,0.5840241741836267,0.1687306501547987,0.5843653250773994,0.5843653250773994,"{0: 0.5981582302140345, 1: 0.5981582302140345}","{0: 0.5981582302140345, 1: 0.5981582302140345}",0.5981582302140345,"[[396 250]
 [287 359]]",[0. 0. 1. ... 0. 0. 0.],[1. 1. 1. ... 0. 1. 0.]
821,SVC,"{'C': 100, 'gamma': 0.0001, 'kernel': 'rbf'}",0.5734389237255038,0.1150225773907032,0.1721228991280864,0.21674132740183316,0.5860614495640433,0.10837066370091658,0.575414402977946,0.15325077399380804,0.576625386996904,0.576625386996904,"{0: 0.5951221616233262, 1: 0.5951221616233262}","{0: 0.5951221616233262, 1: 0.5951221616233262}",0.5951221616233262,"[[407 239]
 [308 338]]",[0. 0. 1. ... 0. 0. 0.],[1. 1. 1. ... 0. 1. 0.]
159,SVC,"{'C': 100, 'gamma': 0.0001, 'kernel': 'rbf'}",0.5733003736748341,0.11111326160102215,0.17193321658840385,0.20903489596620597,0.5859666082942019,0.10451744798310299,0.575483774083585,0.15325077399380804,0.576625386996904,0.576625386996904,"{0: 0.5867256467521016, 1: 0.5867256467521015}","{0: 0.5867256467521016, 1: 0.5867256467521015}",0.5867256467521015,"[[406 240]
 [307 339]]",[0. 0. 1. ... 0. 0. 0.],[1. 1. 1. ... 0. 1. 0.]
45,logistic_regression,"{'penalty': 'l2', 'solver': 'saga'}",0.574500752710496,0.10695405475771001,0.17158637167925841,0.20161717143157024,0.5857931858396291,0.10080858571578512,0.5832308042834359,0.16718266253869973,0.5835913312693498,0.5835913312693498,"{0: 0.59818458913629, 1: 0.59818458913629}","{0: 0.59818458913629, 1: 0.59818458913629}",0.59818458913629,"[[396 250]
 [288 358]]",[0. 0. 1. ... 0. 0. 0.],[1. 1. 1. ... 0. 1. 0.]
377,logistic_regression,"{'penalty': 'l2', 'solver': 'saga'}",0.574500752710496,0.10695405475771001,0.17158637167925841,0.20161717143157024,0.5857931858396291,0.10080858571578512,0.5832308042834359,0.16718266253869973,0.5835913312693498,0.5835913312693498,"{0: 0.5981750040736517, 1: 0.5981750040736515}","{0: 0.5981750040736517, 1: 0.5981750040736515}",0.5981750040736515,"[[396 250]
 [288 358]]",[0. 0. 1. ... 0. 0. 0.],[1. 1. 1. ... 0. 1. 0.]
30,logistic_regression,"{'penalty': 'l2', 'solver': 'saga'}",0.574500752710496,0.10695405475771001,0.17158637167925841,0.20161717143157024,0.5857931858396291,0.10080858571578512,0.5832308042834359,0.16718266253869973,0.5835913312693498,0.5835913312693498,"{0: 0.5981630227453536, 1: 0.5981630227453536}","{0: 0.5981630227453536, 1: 0.5981630227453536}",0.5981630227453536,"[[396 250]
 [288 358]]",[0. 0. 1. ... 0. 0. 0.],[1. 1. 1. ... 0. 1. 0.]
39,logistic_regression,"{'penalty': 'l2', 'solver': 'saga'}",0.574500752710496,0.10695405475771001,0.17158637167925841,0.20161717143157024,0.5857931858396291,0.10080858571578512,0.5832308042834359,0.16718266253869973,0.5835913312693498,0.5835913312693498,"{0: 0.5981558339483748, 1: 0.5981558339483749}","{0: 0.5981558339483748, 1: 0.5981558339483749}",0.5981558339483749,"[[396 250]
 [288 358]]",[0. 0. 1. ... 0. 0. 0.],[1. 1. 1. ... 0. 1. 0.]
491,logistic_regression,"{'penalty': 'l2', 'solver': 'saga'}",0.574500752710496,0.10695405475771001,0.17158637167925841,0.20161717143157024,0.5857931858396291,0.10080858571578512,0.5832308042834359,0.16718266253869973,0.5835913312693498,0.5835913312693498,"{0: 0.5981774003393112, 1: 0.5981774003393112}","{0: 0.5981774003393112, 1: 0.5981774003393112}",0.5981774003393112,"[[396 250]
 [288 358]]",[0. 0. 1. ... 0. 0. 0.],[1. 1. 1. ... 0. 1. 0.]
180,logistic_regression,"{'penalty': None, 'solver': 'lbfgs'}",0.5749272794116306,0.10510769753280776,0.1713753191107305,0.19793621094742772,0.5856876595553652,0.09896810547371386,0.5832677845138516,0.16718266253869973,0.5835913312693498,0.5835913312693498,"{0: 0.5975280123455607, 1: 0.5975280123455606}","{0: 0.5975280123455607, 1: 0.5975280123455606}",0.5975280123455606,"[[395 251]
 [287 359]]",[0. 0. 1. ... 0. 0. 0.],[1. 1. 1. ... 0. 1. 0.]
332,logistic_regression,"{'penalty': None, 'solver': 'lbfgs'}",0.5749272794116306,0.10510769753280776,0.1713753191107305,0.19793621094742772,0.5856876595553652,0.09896810547371386,0.5832677845138516,0.16718266253869973,0.5835913312693498,0.5835913312693498,"{0: 0.5975280123455607, 1: 0.5975280123455606}","{0: 0.5975280123455607, 1: 0.5975280123455606}",0.5975280123455606,"[[395 251]
 [287 359]]",[0. 0. 1. ... 0. 0. 0.],[1. 1. 1. ... 0. 1. 0.]
191,logistic_regression,"{'penalty': None, 'solver': 'lbfgs'}",0.5749272794116306,0.10510769753280776,0.1713753191107305,0.19793621094742772,0.5856876595553652,0.09896810547371386,0.5832677845138516,0.16718266253869973,0.5835913312693498,0.5835913312693498,"{0: 0.5975280123455607, 1: 0.5975280123455606}","{0: 0.5975280123455607, 1: 0.5975280123455606}",0.5975280123455606,"[[395 251]
 [287 359]]",[0. 0. 1. ... 0. 0. 0.],[1. 1. 1. ... 0. 1. 0.]
131,logistic_regression,"{'penalty': None, 'solver': 'lbfgs'}",0.5749272794116306,0.10510769753280776,0.1713753191107305,0.19793621094742772,0.5856876595553652,0.09896810547371386,0.5832677845138516,0.16718266253869973,0.5835913312693498,0.5835913312693498,"{0: 0.5975280123455607, 1: 0.5975280123455606}","{0: 0.5975280123455607, 1: 0.5975280123455606}",0.5975280123455606,"[[395 251]
 [287 359]]",[0. 0. 1. ... 0. 0. 0.],[1. 1. 1. ... 0. 1. 0.]
552,logistic_regression,"{'penalty': None, 'solver': 'lbfgs'}",0.5749272794116306,0.10510769753280776,0.1713753191107305,0.19793621094742772,0.5856876595553652,0.09896810547371386,0.5832677845138516,0.16718266253869973,0.5835913312693498,0.5835913312693498,"{0: 0.5975280123455607, 1: 0.5975280123455606}","{0: 0.5975280123455607, 1: 0.5975280123455606}",0.5975280123455606,"[[395 251]
 [287 359]]",[0. 0. 1. ... 0. 0. 0.],[1. 1. 1. ... 0. 1. 0.]
666,logistic_regression,"{'penalty': None, 'solver': 'lbfgs'}",0.5749272794116306,0.10510769753280776,0.1713753191107305,0.19793621094742772,0.5856876595553652,0.09896810547371386,0.5832677845138516,0.16718266253869973,0.5835913312693498,0.5835913312693498,"{0: 0.5975280123455607, 1: 0.5975280123455606}","{0: 0.5975280123455607, 1: 0.5975280123455606}",0.5975280123455606,"[[395 251]
 [287 359]]",[0. 0. 1. ... 0. 0. 0.],[1. 1. 1. ... 0. 1. 0.]
161,logistic_regression,"{'penalty': None, 'solver': 'lbfgs'}",0.5749272794116306,0.10510769753280776,0.1713753191107305,0.19793621094742772,0.5856876595553652,0.09896810547371386,0.5832677845138516,0.16718266253869973,0.5835913312693498,0.5835913312693498,"{0: 0.5975280123455607, 1: 0.5975280123455606}","{0: 0.5975280123455607, 1: 0.5975280123455606}",0.5975280123455606,"[[395 251]
 [287 359]]",[0. 0. 1. ... 0. 0. 0.],[1. 1. 1. ... 0. 1. 0.]
503,logistic_regression,"{'penalty': None, 'solver': 'lbfgs'}",0.5749272794116306,0.10510769753280776,0.1713753191107305,0.19793621094742772,0.5856876595553652,0.09896810547371386,0.5832677845138516,0.16718266253869973,0.5835913312693498,0.5835913312693498,"{0: 0.5975280123455607, 1: 0.5975280123455606}","{0: 0.5975280123455607, 1: 0.5975280123455606}",0.5975280123455606,"[[395 251]
 [287 359]]",[0. 0. 1. ... 0. 0. 0.],[1. 1. 1. ... 0. 1. 0.]
366,logistic_regression,"{'penalty': None, 'solver': 'lbfgs'}",0.5749272794116306,0.10510769753280776,0.1713753191107305,0.19793621094742772,0.5856876595553652,0.09896810547371386,0.5832677845138516,0.16718266253869973,0.5835913312693498,0.5835913312693498,"{0: 0.5975280123455607, 1: 0.5975280123455606}","{0: 0.5975280123455607, 1: 0.5975280123455606}",0.5975280123455606,"[[395 251]
 [287 359]]",[0. 0. 1. ... 0. 0. 0.],[1. 1. 1. ... 0. 1. 0.]
68,SVC,"{'C': 1000, 'gamma': 0.01, 'kernel': 'rbf'}",0.5789778242028342,0.08436594840058864,0.17132039985869832,0.1621335928089639,0.5856601999293491,0.08106679640448194,0.5788464488418469,0.1578947368421053,0.5789473684210527,0.5789473684210527,"{0: 0.6079589567617825, 1: 0.6079589567617825}","{0: 0.6079589567617825, 1: 0.6079589567617825}",0.6079589567617825,"[[384 262]
 [282 364]]",[0. 1. 0. ... 0. 0. 1.],[1. 1. 1. ... 0. 1. 0.]
107,SVC,"{'C': 1000, 'gamma': 0.01, 'kernel': 'rbf'}",0.5786956837911068,0.08185887289271189,0.1712592929840065,0.1546891494891205,0.5856296464920032,0.07734457474456023,0.5788252495835281,0.1578947368421053,0.5789473684210527,0.5789473684210527,"{0: 0.6070447814126466, 1: 0.6070447814126466}","{0: 0.6070447814126466, 1: 0.6070447814126466}",0.6070447814126466,"[[385 261]
 [283 363]]",[0. 1. 0. ... 0. 1. 1.],[1. 1. 1. ... 0. 1. 0.]
653,logistic_regression,"{'penalty': 'l2', 'solver': 'sag'}",0.5743811787392835,0.10810130710606657,0.17123270236007188,0.2042266647737818,0.5856163511800359,0.10211333238689091,0.5831918180160992,0.16718266253869973,0.5835913312693498,0.5835913312693499,"{0: 0.5980575870563314, 1: 0.5980575870563314}","{0: 0.5980575870563314, 1: 0.5980575870563314}",0.5980575870563314,"[[397 249]
 [289 357]]",[0. 0. 1. ... 0. 0. 0.],[1. 1. 1. ... 0. 1. 0.]
843,logistic_regression,"{'penalty': 'l2', 'solver': 'sag'}",0.5743811787392835,0.10810130710606657,0.17123270236007188,0.2042266647737818,0.5856163511800359,0.10211333238689091,0.5831918180160992,0.16718266253869973,0.5835913312693498,0.5835913312693499,"{0: 0.5980575870563315, 1: 0.5980575870563314}","{0: 0.5980575870563315, 1: 0.5980575870563314}",0.5980575870563314,"[[397 249]
 [289 357]]",[0. 0. 1. ... 0. 0. 0.],[1. 1. 1. ... 0. 1. 0.]
19,logistic_regression,"{'penalty': 'l2', 'solver': 'sag'}",0.5743811787392835,0.10810130710606657,0.17123270236007188,0.2042266647737818,0.5856163511800359,0.10211333238689091,0.5831918180160992,0.16718266253869973,0.5835913312693498,0.5835913312693499,"{0: 0.5980671721189698, 1: 0.5980671721189698}","{0: 0.5980671721189698, 1: 0.5980671721189698}",0.5980671721189698,"[[397 249]
 [289 357]]",[0. 0. 1. ... 0. 0. 0.],[1. 1. 1. ... 0. 1. 0.]
22,logistic_regression,"{'penalty': 'l2', 'solver': 'sag'}",0.5743811787392835,0.10810130710606657,0.17123270236007188,0.2042266647737818,0.5856163511800359,0.10211333238689091,0.5831918180160992,0.16718266253869973,0.5835913312693498,0.5835913312693499,"{0: 0.5980551907906718, 1: 0.5980551907906718}","{0: 0.5980551907906718, 1: 0.5980551907906718}",0.5980551907906718,"[[397 249]
 [289 357]]",[0. 0. 1. ... 0. 0. 0.],[1. 1. 1. ... 0. 1. 0.]
387,logistic_regression,"{'penalty': 'l2', 'solver': 'newton-cg'}",0.5743811787392835,0.10810130710606657,0.17123270236007188,0.2042266647737818,0.5856163511800359,0.10211333238689091,0.5831918180160992,0.16718266253869973,0.5835913312693498,0.5835913312693499,"{0: 0.5980072654774798, 1: 0.59800726547748}","{0: 0.5980072654774798, 1: 0.59800726547748}",0.59800726547748,"[[397 249]
 [289 357]]",[0. 0. 1. ... 0. 0. 0.],[1. 1. 1. ... 0. 1. 0.]
899,logistic_regression,"{'penalty': 'l2', 'solver': 'sag'}",0.5743811787392835,0.10810130710606657,0.17123270236007188,0.2042266647737818,0.5856163511800359,0.10211333238689091,0.5831918180160992,0.16718266253869973,0.5835913312693498,0.5835913312693499,"{0: 0.5980503982593526, 1: 0.5980503982593526}","{0: 0.5980503982593526, 1: 0.5980503982593526}",0.5980503982593526,"[[397 249]
 [289 357]]",[0. 0. 1. ... 0. 0. 0.],[1. 1. 1. ... 0. 1. 0.]
47,logistic_regression,"{'penalty': 'l2', 'solver': 'sag'}",0.5743811787392835,0.10810130710606657,0.17123270236007188,0.2042266647737818,0.5856163511800359,0.10211333238689091,0.5831918180160992,0.16718266253869973,0.5835913312693498,0.5835913312693499,"{0: 0.5980551907906718, 1: 0.5980551907906718}","{0: 0.5980551907906718, 1: 0.5980551907906718}",0.5980551907906718,"[[397 249]
 [289 357]]",[0. 0. 1. ... 0. 0. 0.],[1. 1. 1. ... 0. 1. 0.]
467,logistic_regression,"{'penalty': 'l2', 'solver': 'sag'}",0.5743811787392835,0.10810130710606657,0.17123270236007188,0.2042266647737818,0.5856163511800359,0.10211333238689091,0.5831918180160992,0.16718266253869973,0.5835913312693498,0.5835913312693499,"{0: 0.5980527945250123, 1: 0.5980527945250123}","{0: 0.5980527945250123, 1: 0.5980527945250123}",0.5980527945250123,"[[397 249]
 [289 357]]",[0. 0. 1. ... 0. 0. 0.],[1. 1. 1. ... 0. 1. 0.]
956,logistic_regression,"{'penalty': 'l2', 'solver': 'sag'}",0.5743811787392835,0.10810130710606657,0.17123270236007188,0.2042266647737818,0.5856163511800359,0.10211333238689091,0.5831918180160992,0.16718266253869973,0.5835913312693498,0.5835913312693499,"{0: 0.5980575870563314, 1: 0.5980575870563314}","{0: 0.5980575870563314, 1: 0.5980575870563314}",0.5980575870563314,"[[397 249]
 [289 357]]",[0. 0. 1. ... 0. 0. 0.],[1. 1. 1. ... 0. 1. 0.]
310,logistic_regression,"{'penalty': 'l2', 'solver': 'newton-cg'}",0.5743811787392835,0.10810130710606657,0.17123270236007188,0.2042266647737818,0.5856163511800359,0.10211333238689091,0.5831918180160992,0.16718266253869973,0.5835913312693498,0.5835913312693499,"{0: 0.5980072654774798, 1: 0.59800726547748}","{0: 0.5980072654774798, 1: 0.59800726547748}",0.59800726547748,"[[397 249]
 [289 357]]",[0. 0. 1. ... 0. 0. 0.],[1. 1. 1. ... 0. 1. 0.]
540,logistic_regression,"{'penalty': 'l2', 'solver': 'newton-cg'}",0.5743811787392835,0.10810130710606657,0.17123270236007188,0.2042266647737818,0.5856163511800359,0.10211333238689091,0.5831918180160992,0.16718266253869973,0.5835913312693498,0.5835913312693499,"{0: 0.5980072654774798, 1: 0.59800726547748}","{0: 0.5980072654774798, 1: 0.59800726547748}",0.59800726547748,"[[397 249]
 [289 357]]",[0. 0. 1. ... 0. 0. 0.],[1. 1. 1. ... 0. 1. 0.]
705,logistic_regression,"{'penalty': 'l2', 'solver': 'sag'}",0.5743811787392835,0.10810130710606657,0.17123270236007188,0.2042266647737818,0.5856163511800359,0.10211333238689091,0.5831918180160992,0.16718266253869973,0.5835913312693498,0.5835913312693499,"{0: 0.598059983321991, 1: 0.598059983321991}","{0: 0.598059983321991, 1: 0.598059983321991}",0.598059983321991,"[[397 249]
 [289 357]]",[0. 0. 1. ... 0. 0. 0.],[1. 1. 1. ... 0. 1. 0.]
758,logistic_regression,"{'penalty': 'l2', 'solver': 'sag'}",0.5743811787392835,0.10810130710606657,0.17123270236007188,0.2042266647737818,0.5856163511800359,0.10211333238689091,0.5831918180160992,0.16718266253869973,0.5835913312693498,0.5835913312693499,"{0: 0.5980551907906718, 1: 0.5980551907906718}","{0: 0.5980551907906718, 1: 0.5980551907906718}",0.5980551907906718,"[[397 249]
 [289 357]]",[0. 0. 1. ... 0. 0. 0.],[1. 1. 1. ... 0. 1. 0.]
320,logistic_regression,"{'penalty': 'l2', 'solver': 'sag'}",0.5743811787392835,0.10810130710606657,0.17123270236007188,0.2042266647737818,0.5856163511800359,0.10211333238689091,0.5831918180160992,0.16718266253869973,0.5835913312693498,0.5835913312693499,"{0: 0.5980599833219911, 1: 0.5980599833219911}","{0: 0.5980599833219911, 1: 0.5980599833219911}",0.5980599833219911,"[[397 249]
 [289 357]]",[0. 0. 1. ... 0. 0. 0.],[1. 1. 1. ... 0. 1. 0.]
355,logistic_regression,"{'penalty': 'l2', 'solver': 'sag'}",0.5743811787392835,0.10810130710606657,0.17123270236007188,0.2042266647737818,0.5856163511800359,0.10211333238689091,0.5831918180160992,0.16718266253869973,0.5835913312693498,0.5835913312693499,"{0: 0.5980503982593526, 1: 0.5980503982593526}","{0: 0.5980503982593526, 1: 0.5980503982593526}",0.5980503982593526,"[[397 249]
 [289 357]]",[0. 0. 1. ... 0. 0. 0.],[1. 1. 1. ... 0. 1. 0.]
288,logistic_regression,"{'penalty': 'l2', 'solver': 'newton-cg'}",0.5743811787392835,0.10810130710606657,0.17123270236007188,0.2042266647737818,0.5856163511800359,0.10211333238689091,0.5831918180160992,0.16718266253869973,0.5835913312693498,0.5835913312693499,"{0: 0.5980072654774798, 1: 0.59800726547748}","{0: 0.5980072654774798, 1: 0.59800726547748}",0.59800726547748,"[[397 249]
 [289 357]]",[0. 0. 1. ... 0. 0. 0.],[1. 1. 1. ... 0. 1. 0.]
679,logistic_regression,"{'penalty': 'l2', 'solver': 'newton-cg'}",0.5743811787392835,0.10810130710606657,0.17123270236007188,0.2042266647737818,0.5856163511800359,0.10211333238689091,0.5831918180160992,0.16718266253869973,0.5835913312693498,0.5835913312693499,"{0: 0.5980072654774798, 1: 0.59800726547748}","{0: 0.5980072654774798, 1: 0.59800726547748}",0.59800726547748,"[[397 249]
 [289 357]]",[0. 0. 1. ... 0. 0. 0.],[1. 1. 1. ... 0. 1. 0.]
344,logistic_regression,"{'penalty': 'l2', 'solver': 'newton-cg'}",0.5743811787392835,0.10810130710606657,0.17123270236007188,0.2042266647737818,0.5856163511800359,0.10211333238689091,0.5831918180160992,0.16718266253869973,0.5835913312693498,0.5835913312693499,"{0: 0.5980072654774798, 1: 0.59800726547748}","{0: 0.5980072654774798, 1: 0.59800726547748}",0.59800726547748,"[[397 249]
 [289 357]]",[0. 0. 1. ... 0. 0. 0.],[1. 1. 1. ... 0. 1. 0.]
181,SVC,"{'C': 100, 'gamma': 0.0001, 'kernel': 'rbf'}",0.5726451124153387,0.11543776375663954,0.17123168402135405,0.21819689776046367,0.5856158420106771,0.10909844888023183,0.5752694666558489,0.15325077399380804,0.576625386996904,0.576625386996904,"{0: 0.5919423170930422, 1: 0.5919423170930422}","{0: 0.5919423170930422, 1: 0.5919423170930422}",0.5919423170930422,"[[409 237]
 [310 336]]",[0. 0. 1. ... 0. 0. 0.],[1. 1. 1. ... 0. 1. 0.]
140,logistic_regression,"{'penalty': None, 'solver': 'sag'}",0.5742087429607817,0.106567053111549,0.170708449748209,0.20025051273022731,0.5853542248741044,0.10012525636511367,0.5823967982403274,0.16563467492260064,0.5828173374613003,0.5828173374613004,"{0: 0.5977029397387112, 1: 0.5977029397387112}","{0: 0.5977029397387112, 1: 0.5977029397387112}",0.5977029397387112,"[[397 249]
 [290 356]]",[0. 0. 1. ... 0. 0. 0.],[1. 1. 1. ... 0. 1. 0.]
400,logistic_regression,"{'penalty': None, 'solver': 'sag'}",0.5742087429607817,0.106567053111549,0.170708449748209,0.20025051273022731,0.5853542248741044,0.10012525636511367,0.5823967982403274,0.16563467492260064,0.5828173374613003,0.5828173374613004,"{0: 0.5977149210670092, 1: 0.5977149210670092}","{0: 0.5977149210670092, 1: 0.5977149210670092}",0.5977149210670092,"[[397 249]
 [290 356]]",[0. 0. 1. ... 0. 0. 0.],[1. 1. 1. ... 0. 1. 0.]
527,logistic_regression,"{'penalty': None, 'solver': 'sag'}",0.5742087429607817,0.106567053111549,0.170708449748209,0.20025051273022731,0.5853542248741044,0.10012525636511367,0.5823967982403274,0.16563467492260064,0.5828173374613003,0.5828173374613004,"{0: 0.597698147207392, 1: 0.5976981472073921}","{0: 0.597698147207392, 1: 0.5976981472073921}",0.5976981472073921,"[[397 249]
 [290 356]]",[0. 0. 1. ... 0. 0. 0.],[1. 1. 1. ... 0. 1. 0.]
115,logistic_regression,"{'penalty': None, 'solver': 'sag'}",0.5742087429607817,0.106567053111549,0.170708449748209,0.20025051273022731,0.5853542248741044,0.10012525636511367,0.5823967982403274,0.16563467492260064,0.5828173374613003,0.5828173374613004,"{0: 0.5977245061296476, 1: 0.5977245061296476}","{0: 0.5977245061296476, 1: 0.5977245061296476}",0.5977245061296476,"[[397 249]
 [290 356]]",[0. 0. 1. ... 0. 0. 0.],[1. 1. 1. ... 0. 1. 0.]
576,logistic_regression,"{'penalty': None, 'solver': 'sag'}",0.5742087429607817,0.106567053111549,0.170708449748209,0.20025051273022731,0.5853542248741044,0.10012525636511367,0.5823967982403274,0.16563467492260064,0.5828173374613003,0.5828173374613004,"{0: 0.5977388837236051, 1: 0.5977388837236052}","{0: 0.5977388837236051, 1: 0.5977388837236052}",0.5977388837236052,"[[397 249]
 [290 356]]",[0. 0. 1. ... 0. 0. 0.],[1. 1. 1. ... 0. 1. 0.]
913,logistic_regression,"{'penalty': None, 'solver': 'newton-cg'}",0.574568399127273,0.10424678117640218,0.1706610333964448,0.19619361058813123,0.5853305166982223,0.09809680529406561,0.5825109604751447,0.16563467492260064,0.5828173374613003,0.5828173374613004,"{0: 0.5971973276845365, 1: 0.5971973276845364}","{0: 0.5971973276845365, 1: 0.5971973276845364}",0.5971973276845364,"[[394 252]
 [287 359]]",[0. 0. 1. ... 0. 0. 0.],[1. 1. 1. ... 0. 1. 0.]
857,logistic_regression,"{'penalty': None, 'solver': 'newton-cg'}",0.574568399127273,0.10424678117640218,0.1706610333964448,0.19619361058813123,0.5853305166982223,0.09809680529406561,0.5825109604751447,0.16563467492260064,0.5828173374613003,0.5828173374613004,"{0: 0.5971973276845365, 1: 0.5971973276845364}","{0: 0.5971973276845365, 1: 0.5971973276845364}",0.5971973276845364,"[[394 252]
 [287 359]]",[0. 0. 1. ... 0. 0. 0.],[1. 1. 1. ... 0. 1. 0.]
221,logistic_regression,"{'penalty': None, 'solver': 'newton-cg'}",0.574568399127273,0.10424678117640218,0.1706610333964448,0.19619361058813123,0.5853305166982223,0.09809680529406561,0.5825109604751447,0.16563467492260064,0.5828173374613003,0.5828173374613004,"{0: 0.5971973276845365, 1: 0.5971973276845364}","{0: 0.5971973276845365, 1: 0.5971973276845364}",0.5971973276845364,"[[394 252]
 [287 359]]",[0. 0. 1. ... 0. 0. 0.],[1. 1. 1. ... 0. 1. 0.]
18,logistic_regression,"{'penalty': None, 'solver': 'newton-cg'}",0.574568399127273,0.10424678117640218,0.1706610333964448,0.19619361058813123,0.5853305166982223,0.09809680529406561,0.5825109604751447,0.16563467492260064,0.5828173374613003,0.5828173374613004,"{0: 0.5971973276845365, 1: 0.5971973276845364}","{0: 0.5971973276845365, 1: 0.5971973276845364}",0.5971973276845364,"[[394 252]
 [287 359]]",[0. 0. 1. ... 0. 0. 0.],[1. 1. 1. ... 0. 1. 0.]
627,logistic_regression,"{'penalty': None, 'solver': 'newton-cg'}",0.574568399127273,0.10424678117640218,0.1706610333964448,0.19619361058813123,0.5853305166982223,0.09809680529406561,0.5825109604751447,0.16563467492260064,0.5828173374613003,0.5828173374613004,"{0: 0.5971973276845365, 1: 0.5971973276845364}","{0: 0.5971973276845365, 1: 0.5971973276845364}",0.5971973276845364,"[[394 252]
 [287 359]]",[0. 0. 1. ... 0. 0. 0.],[1. 1. 1. ... 0. 1. 0.]
771,logistic_regression,"{'penalty': None, 'solver': 'newton-cg'}",0.574568399127273,0.10424678117640218,0.1706610333964448,0.19619361058813123,0.5853305166982223,0.09809680529406561,0.5825109604751447,0.16563467492260064,0.5828173374613003,0.5828173374613004,"{0: 0.5971973276845365, 1: 0.5971973276845364}","{0: 0.5971973276845365, 1: 0.5971973276845364}",0.5971973276845364,"[[394 252]
 [287 359]]",[0. 0. 1. ... 0. 0. 0.],[1. 1. 1. ... 0. 1. 0.]
479,logistic_regression,"{'penalty': None, 'solver': 'newton-cg'}",0.574568399127273,0.10424678117640218,0.1706610333964448,0.19619361058813123,0.5853305166982223,0.09809680529406561,0.5825109604751447,0.16563467492260064,0.5828173374613003,0.5828173374613004,"{0: 0.5971973276845365, 1: 0.5971973276845364}","{0: 0.5971973276845365, 1: 0.5971973276845364}",0.5971973276845364,"[[394 252]
 [287 359]]",[0. 0. 1. ... 0. 0. 0.],[1. 1. 1. ... 0. 1. 0.]
970,logistic_regression,"{'penalty': None, 'solver': 'newton-cg'}",0.574568399127273,0.10424678117640218,0.1706610333964448,0.19619361058813123,0.5853305166982223,0.09809680529406561,0.5825109604751447,0.16563467492260064,0.5828173374613003,0.5828173374613004,"{0: 0.5971973276845365, 1: 0.5971973276845364}","{0: 0.5971973276845365, 1: 0.5971973276845364}",0.5971973276845364,"[[394 252]
 [287 359]]",[0. 0. 1. ... 0. 0. 0.],[1. 1. 1. ... 0. 1. 0.]
170,logistic_regression,"{'penalty': None, 'solver': 'newton-cg'}",0.574568399127273,0.10424678117640218,0.1706610333964448,0.19619361058813123,0.5853305166982223,0.09809680529406561,0.5825109604751447,0.16563467492260064,0.5828173374613003,0.5828173374613004,"{0: 0.5971973276845365, 1: 0.5971973276845364}","{0: 0.5971973276845365, 1: 0.5971973276845364}",0.5971973276845364,"[[394 252]
 [287 359]]",[0. 0. 1. ... 0. 0. 0.],[1. 1. 1. ... 0. 1. 0.]
719,logistic_regression,"{'penalty': None, 'solver': 'newton-cg'}",0.574568399127273,0.10424678117640218,0.1706610333964448,0.19619361058813123,0.5853305166982223,0.09809680529406561,0.5825109604751447,0.16563467492260064,0.5828173374613003,0.5828173374613004,"{0: 0.5971973276845365, 1: 0.5971973276845364}","{0: 0.5971973276845365, 1: 0.5971973276845364}",0.5971973276845364,"[[394 252]
 [287 359]]",[0. 0. 1. ... 0. 0. 0.],[1. 1. 1. ... 0. 1. 0.]
242,logistic_regression,"{'penalty': None, 'solver': 'newton-cg'}",0.574568399127273,0.10424678117640218,0.1706610333964448,0.19619361058813123,0.5853305166982223,0.09809680529406561,0.5825109604751447,0.16563467492260064,0.5828173374613003,0.5828173374613004,"{0: 0.5971973276845365, 1: 0.5971973276845364}","{0: 0.5971973276845365, 1: 0.5971973276845364}",0.5971973276845364,"[[394 252]
 [287 359]]",[0. 0. 1. ... 0. 0. 0.],[1. 1. 1. ... 0. 1. 0.]
13,logistic_regression,"{'penalty': None, 'solver': 'newton-cg'}",0.574568399127273,0.10424678117640218,0.1706610333964448,0.19619361058813123,0.5853305166982223,0.09809680529406561,0.5825109604751447,0.16563467492260064,0.5828173374613003,0.5828173374613004,"{0: 0.5971973276845365, 1: 0.5971973276845364}","{0: 0.5971973276845365, 1: 0.5971973276845364}",0.5971973276845364,"[[394 252]
 [287 359]]",[0. 0. 1. ... 0. 0. 0.],[1. 1. 1. ... 0. 1. 0.]
202,logistic_regression,"{'penalty': None, 'solver': 'newton-cg'}",0.574568399127273,0.10424678117640218,0.1706610333964448,0.19619361058813123,0.5853305166982223,0.09809680529406561,0.5825109604751447,0.16563467492260064,0.5828173374613003,0.5828173374613004,"{0: 0.5971973276845365, 1: 0.5971973276845364}","{0: 0.5971973276845365, 1: 0.5971973276845364}",0.5971973276845364,"[[394 252]
 [287 359]]",[0. 0. 1. ... 0. 0. 0.],[1. 1. 1. ... 0. 1. 0.]
122,logistic_regression,"{'penalty': None, 'solver': 'newton-cg'}",0.574568399127273,0.10424678117640218,0.1706610333964448,0.19619361058813123,0.5853305166982223,0.09809680529406561,0.5825109604751447,0.16563467492260064,0.5828173374613003,0.5828173374613004,"{0: 0.5971973276845365, 1: 0.5971973276845364}","{0: 0.5971973276845365, 1: 0.5971973276845364}",0.5971973276845364,"[[394 252]
 [287 359]]",[0. 0. 1. ... 0. 0. 0.],[1. 1. 1. ... 0. 1. 0.]
8,logistic_regression,"{'penalty': None, 'solver': 'newton-cg'}",0.574568399127273,0.10424678117640218,0.1706610333964448,0.19619361058813123,0.5853305166982223,0.09809680529406561,0.5825109604751447,0.16563467492260064,0.5828173374613003,0.5828173374613004,"{0: 0.5971973276845365, 1: 0.5971973276845364}","{0: 0.5971973276845365, 1: 0.5971973276845364}",0.5971973276845364,"[[394 252]
 [287 359]]",[0. 0. 1. ... 0. 0. 0.],[1. 1. 1. ... 0. 1. 0.]
815,logistic_regression,"{'penalty': 'l2', 'solver': 'lbfgs'}",0.5738794243533186,0.10776226425550954,0.17020706133443084,0.20360221023801062,0.5851035306672153,0.10180110511900531,0.5824368622743433,0.16563467492260064,0.5828173374613003,0.5828173374613004,"{0: 0.5980360206653951, 1: 0.5980360206653951}","{0: 0.5980360206653951, 1: 0.5980360206653951}",0.5980360206653951,"[[396 250]
 [289 357]]",[0. 0. 1. ... 0. 0. 0.],[1. 1. 1. ... 0. 1. 0.]
732,logistic_regression,"{'penalty': 'l2', 'solver': 'lbfgs'}",0.5738794243533186,0.10776226425550954,0.17020706133443084,0.20360221023801062,0.5851035306672153,0.10180110511900531,0.5824368622743433,0.16563467492260064,0.5828173374613003,0.5828173374613004,"{0: 0.5980360206653951, 1: 0.5980360206653951}","{0: 0.5980360206653951, 1: 0.5980360206653951}",0.5980360206653951,"[[396 250]
 [289 357]]",[0. 0. 1. ... 0. 0. 0.],[1. 1. 1. ... 0. 1. 0.]
443,logistic_regression,"{'penalty': 'l2', 'solver': 'lbfgs'}",0.5738794243533186,0.10776226425550954,0.17020706133443084,0.20360221023801062,0.5851035306672153,0.10180110511900531,0.5824368622743433,0.16563467492260064,0.5828173374613003,0.5828173374613004,"{0: 0.5980360206653951, 1: 0.5980360206653951}","{0: 0.5980360206653951, 1: 0.5980360206653951}",0.5980360206653951,"[[396 250]
 [289 357]]",[0. 0. 1. ... 0. 0. 0.],[1. 1. 1. ... 0. 1. 0.]
231,logistic_regression,"{'penalty': 'l2', 'solver': 'lbfgs'}",0.5738794243533186,0.10776226425550954,0.17020706133443084,0.20360221023801062,0.5851035306672153,0.10180110511900531,0.5824368622743433,0.16563467492260064,0.5828173374613003,0.5828173374613004,"{0: 0.5980360206653951, 1: 0.5980360206653951}","{0: 0.5980360206653951, 1: 0.5980360206653951}",0.5980360206653951,"[[396 250]
 [289 357]]",[0. 0. 1. ... 0. 0. 0.],[1. 1. 1. ... 0. 1. 0.]
613,logistic_regression,"{'penalty': 'l2', 'solver': 'lbfgs'}",0.5738794243533186,0.10776226425550954,0.17020706133443084,0.20360221023801062,0.5851035306672153,0.10180110511900531,0.5824368622743433,0.16563467492260064,0.5828173374613003,0.5828173374613004,"{0: 0.5980360206653951, 1: 0.5980360206653951}","{0: 0.5980360206653951, 1: 0.5980360206653951}",0.5980360206653951,"[[396 250]
 [289 357]]",[0. 0. 1. ... 0. 0. 0.],[1. 1. 1. ... 0. 1. 0.]
1,logistic_regression,"{'penalty': 'l2', 'solver': 'lbfgs'}",0.5738794243533186,0.10776226425550954,0.17020706133443084,0.20360221023801062,0.5851035306672153,0.10180110511900531,0.5824368622743433,0.16563467492260064,0.5828173374613003,0.5828173374613004,"{0: 0.5980360206653951, 1: 0.5980360206653951}","{0: 0.5980360206653951, 1: 0.5980360206653951}",0.5980360206653951,"[[396 250]
 [289 357]]",[0. 0. 1. ... 0. 0. 0.],[1. 1. 1. ... 0. 1. 0.]
872,logistic_regression,"{'penalty': 'l2', 'solver': 'lbfgs'}",0.5738794243533186,0.10776226425550954,0.17020706133443084,0.20360221023801062,0.5851035306672153,0.10180110511900531,0.5824368622743433,0.16563467492260064,0.5828173374613003,0.5828173374613004,"{0: 0.5980360206653951, 1: 0.5980360206653951}","{0: 0.5980360206653951, 1: 0.5980360206653951}",0.5980360206653951,"[[396 250]
 [289 357]]",[0. 0. 1. ... 0. 0. 0.],[1. 1. 1. ... 0. 1. 0.]
6,logistic_regression,"{'penalty': 'l2', 'solver': 'lbfgs'}",0.5738794243533186,0.10776226425550954,0.17020706133443084,0.20360221023801062,0.5851035306672153,0.10180110511900531,0.5824368622743433,0.16563467492260064,0.5828173374613003,0.5828173374613004,"{0: 0.5980360206653951, 1: 0.5980360206653951}","{0: 0.5980360206653951, 1: 0.5980360206653951}",0.5980360206653951,"[[396 250]
 [289 357]]",[0. 0. 1. ... 0. 0. 0.],[1. 1. 1. ... 0. 1. 0.]
40,logistic_regression,"{'penalty': 'l2', 'solver': 'lbfgs'}",0.5738794243533186,0.10776226425550954,0.17020706133443084,0.20360221023801062,0.5851035306672153,0.10180110511900531,0.5824368622743433,0.16563467492260064,0.5828173374613003,0.5828173374613004,"{0: 0.5980360206653951, 1: 0.5980360206653951}","{0: 0.5980360206653951, 1: 0.5980360206653951}",0.5980360206653951,"[[396 250]
 [289 357]]",[0. 0. 1. ... 0. 0. 0.],[1. 1. 1. ... 0. 1. 0.]
927,logistic_regression,"{'penalty': 'l2', 'solver': 'lbfgs'}",0.5738794243533186,0.10776226425550954,0.17020706133443084,0.20360221023801062,0.5851035306672153,0.10180110511900531,0.5824368622743433,0.16563467492260064,0.5828173374613003,0.5828173374613004,"{0: 0.5980360206653951, 1: 0.5980360206653951}","{0: 0.5980360206653951, 1: 0.5980360206653951}",0.5980360206653951,"[[396 250]
 [289 357]]",[0. 0. 1. ... 0. 0. 0.],[1. 1. 1. ... 0. 1. 0.]
984,logistic_regression,"{'penalty': 'l2', 'solver': 'lbfgs'}",0.5738794243533186,0.10776226425550954,0.17020706133443084,0.20360221023801062,0.5851035306672153,0.10180110511900531,0.5824368622743433,0.16563467492260064,0.5828173374613003,0.5828173374613004,"{0: 0.5980360206653951, 1: 0.5980360206653951}","{0: 0.5980360206653951, 1: 0.5980360206653951}",0.5980360206653951,"[[396 250]
 [289 357]]",[0. 0. 1. ... 0. 0. 0.],[1. 1. 1. ... 0. 1. 0.]
277,logistic_regression,"{'penalty': 'l2', 'solver': 'lbfgs'}",0.5738794243533186,0.10776226425550954,0.17020706133443084,0.20360221023801062,0.5851035306672153,0.10180110511900531,0.5824368622743433,0.16563467492260064,0.5828173374613003,0.5828173374613004,"{0: 0.5980360206653951, 1: 0.5980360206653951}","{0: 0.5980360206653951, 1: 0.5980360206653951}",0.5980360206653951,"[[396 250]
 [289 357]]",[0. 0. 1. ... 0. 0. 0.],[1. 1. 1. ... 0. 1. 0.]
245,SVC,"{'C': 1, 'gamma': 0.01, 'kernel': 'rbf'}",0.5718446464662186,0.08766419562141727,0.17008494731434,0.16763509599041593,0.58504247365717,0.08381754799520796,0.5852287401850389,0.17647058823529416,0.5882352941176471,0.5882352941176471,"{0: 0.6147883138916314, 1: 0.6147883138916314}","{0: 0.6147883138916314, 1: 0.6147883138916314}",0.6147883138916314,"[[435 211]
 [321 325]]",[0. 1. 0. ... 0. 0. 0.],[1. 1. 1. ... 0. 1. 0.]
728,SVC,"{'C': 1000, 'gamma': 0.01, 'kernel': 'rbf'}",0.5780516269772964,0.08273996486199318,0.16991744039215387,0.15634454614810323,0.584958720196077,0.0781722730740516,0.5765135068248699,0.15325077399380804,0.576625386996904,0.576625386996904,"{0: 0.6079673436915909, 1: 0.6079673436915911}","{0: 0.6079673436915909, 1: 0.6079673436915911}",0.6079673436915911,"[[383 263]
 [284 362]]",[0. 1. 0. ... 0. 1. 1.],[1. 1. 1. ... 0. 1. 0.]
639,SVC,"{'C': 1, 'gamma': 0.01, 'kernel': 'rbf'}",0.5716819709774711,0.0879909669166436,0.1693426503955725,0.16830893530862748,0.5846713251977862,0.08415446765431375,0.583991780266852,0.17337461300309598,0.586687306501548,0.586687306501548,"{0: 0.6150974321617191, 1: 0.6150974321617192}","{0: 0.6150974321617191, 1: 0.6150974321617192}",0.6150974321617192,"[[431 215]
 [319 327]]",[0. 1. 0. ... 0. 0. 0.],[1. 1. 1. ... 0. 1. 0.]
116,SVC,"{'C': 1, 'gamma': 0.01, 'kernel': 'rbf'}",0.5714687920888059,0.08599777593250173,0.16928732826672097,0.16443203260074277,0.5846436641333604,0.08221601630037138,0.5846122757967566,0.17492260061919507,0.5874613003095975,0.5874613003095975,"{0: 0.6158810110324071, 1: 0.6158810110324071}","{0: 0.6158810110324071, 1: 0.6158810110324071}",0.6158810110324071,"[[433 213]
 [320 326]]",[0. 1. 0. ... 0. 0. 0.],[1. 1. 1. ... 0. 1. 0.]
920,knn,{'n_neighbors': 29},0.576274614615765,0.06251969574324724,0.16927305222838676,0.11719542834855348,0.5846365261141934,0.05859771417427673,0.5846590270654834,0.1718266253869969,0.5859133126934984,0.5859133126934984,"{0: 0.6146649062101622, 1: 0.6146649062101622}","{0: 0.6146649062101622, 1: 0.6146649062101622}",0.6146649062101622,"[[414 232]
 [303 343]]",[0. 1. 0. ... 0. 1. 0.],[1. 1. 1. ... 0. 1. 0.]
247,knn,{'n_neighbors': 29},0.576274614615765,0.06251969574324724,0.16927305222838676,0.11719542834855348,0.5846365261141934,0.05859771417427673,0.5846590270654834,0.1718266253869969,0.5859133126934984,0.5859133126934984,"{0: 0.6146649062101622, 1: 0.6146649062101622}","{0: 0.6146649062101622, 1: 0.6146649062101622}",0.6146649062101622,"[[414 232]
 [303 343]]",[0. 1. 0. ... 0. 1. 0.],[1. 1. 1. ... 0. 1. 0.]
486,knn,{'n_neighbors': 29},0.576274614615765,0.06251969574324724,0.16927305222838676,0.11719542834855348,0.5846365261141934,0.05859771417427673,0.5846590270654834,0.1718266253869969,0.5859133126934984,0.5859133126934984,"{0: 0.6146649062101622, 1: 0.6146649062101622}","{0: 0.6146649062101622, 1: 0.6146649062101622}",0.6146649062101622,"[[414 232]
 [303 343]]",[0. 1. 0. ... 0. 1. 0.],[1. 1. 1. ... 0. 1. 0.]
298,logistic_regression,"{'penalty': None, 'solver': 'sag'}",0.5735016614732769,0.10626686898746182,0.16916998820974744,0.1996344834542341,0.5845849941048737,0.09981724172711705,0.58164234522062,0.16408668730650156,0.5820433436532507,0.5820433436532508,"{0: 0.5977125248013496, 1: 0.5977125248013496}","{0: 0.5977125248013496, 1: 0.5977125248013496}",0.5977125248013496,"[[396 250]
 [290 356]]",[0. 0. 1. ... 0. 0. 0.],[1. 1. 1. ... 0. 1. 0.]
210,logistic_regression,"{'penalty': None, 'solver': 'sag'}",0.5735016614732769,0.10626686898746182,0.16916998820974744,0.1996344834542341,0.5845849941048737,0.09981724172711705,0.58164234522062,0.16408668730650156,0.5820433436532507,0.5820433436532508,"{0: 0.5977125248013495, 1: 0.5977125248013495}","{0: 0.5977125248013495, 1: 0.5977125248013495}",0.5977125248013495,"[[396 250]
 [290 356]]",[0. 0. 1. ... 0. 0. 0.],[1. 1. 1. ... 0. 1. 0.]
281,SVC,"{'C': 1, 'gamma': 0.01, 'kernel': 'rbf'}",0.5710837616474672,0.08848132257194401,0.1690942924316973,0.16861060068646175,0.5845471462158486,0.08430530034323087,0.5836694497346068,0.17337461300309598,0.586687306501548,0.586687306501548,"{0: 0.6147140296561838, 1: 0.6147140296561837}","{0: 0.6147140296561838, 1: 0.6147140296561837}",0.6147140296561837,"[[434 212]
 [322 324]]",[0. 1. 0. ... 0. 0. 0.],[1. 1. 1. ... 0. 1. 0.]
102,randomforest,"{'criterion': 'gini', 'max_features': 'log2', 'n_estimators': 285}",0.5790839834000618,0.10460004078226395,0.16903860492991524,0.2039929459910298,0.5845193024649575,0.1019964729955149,0.5649487599819772,0.13003095975232193,0.565015479876161,0.5650154798761611,"{0: 0.5959728359324828, 1: 0.5959728359324828}","{0: 0.5959728359324828, 1: 0.5959728359324828}",0.5959728359324828,"[[357 289]
 [273 373]]",[0. 1. 1. ... 0. 1. 0.],[1. 1. 1. ... 0. 1. 0.]
252,logistic_regression,"{'penalty': None, 'solver': 'sag'}",0.5733189552964744,0.10576015956979044,0.16889026793002718,0.19869084186542607,0.5844451339650135,0.09934542093271306,0.58164234522062,0.16408668730650156,0.5820433436532507,0.5820433436532508,"{0: 0.5976693920194769, 1: 0.5976693920194769}","{0: 0.5976693920194769, 1: 0.5976693920194769}",0.5976693920194769,"[[396 250]
 [290 356]]",[0. 0. 1. ... 0. 0. 0.],[1. 1. 1. ... 0. 1. 0.]
849,SVC,"{'C': 1, 'gamma': 0.01, 'kernel': 'rbf'}",0.5711538967119305,0.08617769033931376,0.1686563758857686,0.16463854271397516,0.5843281879428843,0.08231927135698758,0.5838863999884201,0.17337461300309598,0.586687306501548,0.586687306501548,"{0: 0.6162380546156869, 1: 0.6162380546156869}","{0: 0.6162380546156869, 1: 0.6162380546156869}",0.6162380546156869,"[[432 214]
 [320 326]]",[0. 1. 0. ... 0. 0. 0.],[1. 1. 1. ... 0. 1. 0.]
454,logistic_regression,"{'penalty': None, 'solver': 'saga'}",0.5728278085549529,0.1064763408447147,0.1680656471930167,0.20088563975901166,0.5840328235965083,0.10044281987950585,0.5816814764183186,0.16408668730650156,0.5820433436532507,0.5820433436532508,"{0: 0.5979042260541173, 1: 0.5979042260541172}","{0: 0.5979042260541173, 1: 0.5979042260541172}",0.5979042260541172,"[[395 251]
 [289 357]]",[0. 0. 1. ... 0. 0. 0.],[1. 1. 1. ... 0. 1. 0.]
640,logistic_regression,"{'penalty': None, 'solver': 'saga'}",0.5728278085549529,0.1064763408447147,0.1680656471930167,0.20088563975901166,0.5840328235965083,0.10044281987950585,0.5816814764183186,0.16408668730650156,0.5820433436532507,0.5820433436532508,"{0: 0.5978802633975213, 1: 0.5978802633975213}","{0: 0.5978802633975213, 1: 0.5978802633975213}",0.5978802633975213,"[[395 251]
 [289 357]]",[0. 0. 1. ... 0. 0. 0.],[1. 1. 1. ... 0. 1. 0.]
745,logistic_regression,"{'penalty': None, 'solver': 'saga'}",0.5728278085549529,0.1064763408447147,0.1680656471930167,0.20088563975901166,0.5840328235965083,0.10044281987950585,0.5816814764183186,0.16408668730650156,0.5820433436532507,0.5820433436532508,"{0: 0.5978754708662021, 1: 0.5978754708662022}","{0: 0.5978754708662021, 1: 0.5978754708662022}",0.5978754708662022,"[[395 251]
 [289 357]]",[0. 0. 1. ... 0. 0. 0.],[1. 1. 1. ... 0. 1. 0.]
50,logistic_regression,"{'penalty': None, 'solver': 'saga'}",0.5728278085549529,0.1064763408447147,0.1680656471930167,0.20088563975901166,0.5840328235965083,0.10044281987950585,0.5816814764183186,0.16408668730650156,0.5820433436532507,0.5820433436532508,"{0: 0.5978826596631809, 1: 0.5978826596631809}","{0: 0.5978826596631809, 1: 0.5978826596631809}",0.5978826596631809,"[[395 251]
 [289 357]]",[0. 0. 1. ... 0. 0. 0.],[1. 1. 1. ... 0. 1. 0.]
941,logistic_regression,"{'penalty': None, 'solver': 'saga'}",0.5728278085549529,0.1064763408447147,0.1680656471930167,0.20088563975901166,0.5840328235965083,0.10044281987950585,0.5816814764183186,0.16408668730650156,0.5820433436532507,0.5820433436532508,"{0: 0.5978634895379041, 1: 0.5978634895379042}","{0: 0.5978634895379041, 1: 0.5978634895379042}",0.5978634895379042,"[[395 251]
 [289 357]]",[0. 0. 1. ... 0. 0. 0.],[1. 1. 1. ... 0. 1. 0.]
692,logistic_regression,"{'penalty': None, 'solver': 'saga'}",0.5728278085549529,0.1064763408447147,0.1680656471930167,0.20088563975901166,0.5840328235965083,0.10044281987950585,0.5816814764183186,0.16408668730650156,0.5820433436532507,0.5820433436532508,"{0: 0.5978994335227981, 1: 0.5978994335227981}","{0: 0.5978994335227981, 1: 0.5978994335227981}",0.5978994335227981,"[[395 251]
 [289 357]]",[0. 0. 1. ... 0. 0. 0.],[1. 1. 1. ... 0. 1. 0.]
829,logistic_regression,"{'penalty': None, 'solver': 'saga'}",0.5728278085549529,0.1064763408447147,0.1680656471930167,0.20088563975901166,0.5840328235965083,0.10044281987950585,0.5816814764183186,0.16408668730650156,0.5820433436532507,0.5820433436532508,"{0: 0.5978730746005425, 1: 0.5978730746005425}","{0: 0.5978730746005425, 1: 0.5978730746005425}",0.5978730746005425,"[[395 251]
 [289 357]]",[0. 0. 1. ... 0. 0. 0.],[1. 1. 1. ... 0. 1. 0.]
998,logistic_regression,"{'penalty': None, 'solver': 'saga'}",0.5728278085549529,0.1064763408447147,0.1680656471930167,0.20088563975901166,0.5840328235965083,0.10044281987950585,0.5816814764183186,0.16408668730650156,0.5820433436532507,0.5820433436532508,"{0: 0.5978898484601597, 1: 0.5978898484601598}","{0: 0.5978898484601597, 1: 0.5978898484601598}",0.5978898484601598,"[[395 251]
 [289 357]]",[0. 0. 1. ... 0. 0. 0.],[1. 1. 1. ... 0. 1. 0.]
15,logistic_regression,"{'penalty': None, 'solver': 'saga'}",0.5728278085549529,0.1064763408447147,0.1680656471930167,0.20088563975901166,0.5840328235965083,0.10044281987950585,0.5816814764183186,0.16408668730650156,0.5820433436532507,0.5820433436532508,"{0: 0.5979066223197769, 1: 0.5979066223197769}","{0: 0.5979066223197769, 1: 0.5979066223197769}",0.5979066223197769,"[[395 251]
 [289 357]]",[0. 0. 1. ... 0. 0. 0.],[1. 1. 1. ... 0. 1. 0.]
885,logistic_regression,"{'penalty': None, 'solver': 'saga'}",0.5728278085549529,0.1064763408447147,0.1680656471930167,0.20088563975901166,0.5840328235965083,0.10044281987950585,0.5816814764183186,0.16408668730650156,0.5820433436532507,0.5820433436532508,"{0: 0.5978802633975213, 1: 0.5978802633975213}","{0: 0.5978802633975213, 1: 0.5978802633975213}",0.5978802633975213,"[[395 251]
 [289 357]]",[0. 0. 1. ... 0. 0. 0.],[1. 1. 1. ... 0. 1. 0.]
317,SVC,"{'C': 1, 'gamma': 0.01, 'kernel': 'rbf'}",0.5707523298916505,0.08837213492965336,0.16790471475620047,0.16946280566813313,0.5839523573781001,0.08473140283406656,0.5837789575289575,0.17337461300309598,0.586687306501548,0.586687306501548,"{0: 0.6126915814394847, 1: 0.6126915814394847}","{0: 0.6126915814394847, 1: 0.6126915814394847}",0.6126915814394847,"[[433 213]
 [321 325]]",[0. 1. 0. ... 0. 0. 0.],[1. 1. 1. ... 0. 1. 0.]
511,SVC,"{'C': 1, 'gamma': 0.01, 'kernel': 'rbf'}",0.5700985965820631,0.0883254993640312,0.1677754044113729,0.16880254850857127,0.5838877022056864,0.08440127425428563,0.5836694497346068,0.17337461300309598,0.586687306501548,0.586687306501548,"{0: 0.6162751967334107, 1: 0.6162751967334106}","{0: 0.6162751967334107, 1: 0.6162751967334106}",0.6162751967334106,"[[434 212]
 [322 324]]",[0. 1. 0. ... 0. 0. 0.],[1. 1. 1. ... 0. 1. 0.]
870,SVC,"{'C': 1, 'gamma': 0.01, 'kernel': 'rbf'}",0.5707370075425353,0.088398386193185,0.16770399493338764,0.1697949266231039,0.5838519974666938,0.08489746331155196,0.5838863999884201,0.17337461300309598,0.586687306501548,0.586687306501548,"{0: 0.616172157310048, 1: 0.616172157310048}","{0: 0.616172157310048, 1: 0.616172157310048}",0.616172157310048,"[[432 214]
 [320 326]]",[0. 1. 0. ... 0. 0. 0.],[1. 1. 1. ... 0. 1. 0.]
136,SVC,"{'C': 1000, 'gamma': 0.01, 'kernel': 'rbf'}",0.5768083665067403,0.08185716828564557,0.16763360588041237,0.1546841353815394,0.5838168029402062,0.0773420676907697,0.5772768130011146,0.15479876160990713,0.5773993808049536,0.5773993808049536,"{0: 0.6069669027787097, 1: 0.6069669027787097}","{0: 0.6069669027787097, 1: 0.6069669027787097}",0.6069669027787097,"[[384 262]
 [284 362]]",[0. 1. 0. ... 0. 1. 1.],[1. 1. 1. ... 0. 1. 0.]
609,SVC,"{'C': 100, 'gamma': 0.0001, 'kernel': 'rbf'}",0.5712273815978403,0.11256104079807394,0.16754456924540867,0.21258637323822066,0.5837722846227044,0.1062931866191103,0.5732562720398182,0.1486068111455109,0.5743034055727554,0.5743034055727554,"{0: 0.5913432506781432, 1: 0.5913432506781432}","{0: 0.5913432506781432, 1: 0.5913432506781432}",0.5913432506781432,"[[403 243]
 [307 339]]",[0. 0. 1. ... 0. 0. 0.],[1. 1. 1. ... 0. 1. 0.]
214,SVC,"{'C': 100, 'gamma': 0.0001, 'kernel': 'rbf'}",0.5708939593594231,0.11385054523046739,0.1672413317885069,0.21498631588807476,0.5836206658942534,0.10749315794403738,0.5753429678594756,0.15325077399380804,0.576625386996904,0.576625386996904,"{0: 0.5904710099780501, 1: 0.5904710099780502}","{0: 0.5904710099780501, 1: 0.5904710099780502}",0.5904710099780502,"[[408 238]
 [309 337]]",[0. 0. 1. ... 0. 0. 0.],[1. 1. 1. ... 0. 1. 0.]
356,SVC,"{'C': 1, 'gamma': 0.01, 'kernel': 'rbf'}",0.5705630451132601,0.08929375026586142,0.16716828064767333,0.17149548533203965,0.5835841403238367,0.08574774266601984,0.5837789575289575,0.17337461300309598,0.586687306501548,0.586687306501548,"{0: 0.613995149958305, 1: 0.613995149958305}","{0: 0.613995149958305, 1: 0.613995149958305}",0.613995149958305,"[[433 213]
 [321 325]]",[0. 1. 0. ... 0. 0. 0.],[1. 1. 1. ... 0. 1. 0.]
909,SVC,"{'C': 1, 'gamma': 0.01, 'kernel': 'rbf'}",0.5704593695975888,0.08938362315788889,0.16716828064767333,0.17149548533203965,0.5835841403238367,0.08574774266601984,0.5837789575289575,0.17337461300309598,0.586687306501548,0.586687306501548,"{0: 0.6143521935415848, 1: 0.6143521935415848}","{0: 0.6143521935415848, 1: 0.6143521935415848}",0.6143521935415848,"[[433 213]
 [321 325]]",[0. 1. 0. ... 0. 0. 0.],[1. 1. 1. ... 0. 1. 0.]
716,SVC,"{'C': 1, 'gamma': 0.01, 'kernel': 'rbf'}",0.5705245313117518,0.08839101401522147,0.16708494731434,0.1698728497777146,0.58354247365717,0.08493642488885732,0.5837789575289575,0.17337461300309598,0.586687306501548,0.586687306501548,"{0: 0.6157252537645334, 1: 0.6157252537645335}","{0: 0.6157252537645334, 1: 0.6157252537645335}",0.6157252537645335,"[[433 213]
 [321 325]]",[0. 1. 0. ... 0. 0. 0.],[1. 1. 1. ... 0. 1. 0.]
992,SVC,"{'C': 1, 'gamma': 0.01, 'kernel': 'rbf'}",0.5701914373093442,0.0897184700684749,0.16661477969637062,0.17232194964530995,0.5833073898481852,0.08616097482265497,0.5823279220857549,0.1702786377708978,0.5851393188854489,0.585139318885449,"{0: 0.6143977225891171, 1: 0.6143977225891172}","{0: 0.6143977225891171, 1: 0.6143977225891172}",0.6143977225891172,"[[431 215]
 [321 325]]",[0. 1. 0. ... 0. 0. 0.],[1. 1. 1. ... 0. 1. 0.]
373,SVC,"{'C': 1, 'gamma': 0.01, 'kernel': 'rbf'}",0.570192599325774,0.08856085005708536,0.16645399493338764,0.16998956466288956,0.5832269974666938,0.08499478233144478,0.5829449197922266,0.1718266253869969,0.5859133126934984,0.5859133126934984,"{0: 0.6155443357072339, 1: 0.6155443357072339}","{0: 0.6155443357072339, 1: 0.6155443357072339}",0.6155443357072339,"[[433 213]
 [322 324]]",[0. 1. 0. ... 0. 0. 0.],[1. 1. 1. ... 0. 1. 0.]
755,SVC,"{'C': 1, 'gamma': 0.01, 'kernel': 'rbf'}",0.5699928091349363,0.08858507114060053,0.16645399493338764,0.16998956466288956,0.5832269974666938,0.08499478233144478,0.583160207907304,0.1718266253869969,0.5859133126934984,0.5859133126934986,"{0: 0.6158834072980667, 1: 0.6158834072980667}","{0: 0.6158834072980667, 1: 0.6158834072980667}",0.6158834072980667,"[[431 215]
 [320 326]]",[0. 1. 0. ... 0. 0. 0.],[1. 1. 1. ... 0. 1. 0.]
986,SVC,"{'C': 1000, 'gamma': 0.01, 'kernel': 'rbf'}",0.5759619574603241,0.08403357100052994,0.16643158691725377,0.15880686717215975,0.5832157934586268,0.07940343358607987,0.577253506946775,0.15479876160990713,0.5773993808049536,0.5773993808049536,"{0: 0.60773610405544, 1: 0.60773610405544}","{0: 0.60773610405544, 1: 0.60773610405544}",0.60773610405544,"[[385 261]
 [285 361]]",[0. 1. 0. ... 0. 0. 1.],[1. 1. 1. ... 0. 1. 0.]
300,SVC,"{'C': 1, 'gamma': 0.01, 'kernel': 'rbf'}",0.5702228255934089,0.08787396968182117,0.16641265126413698,0.16839298729972796,0.5832063256320685,0.084196493649864,0.5823279220857549,0.1702786377708978,0.5851393188854489,0.585139318885449,"{0: 0.6163782361567732, 1: 0.6163782361567733}","{0: 0.6163782361567732, 1: 0.6163782361567733}",0.6163782361567733,"[[431 215]
 [321 325]]",[0. 1. 0. ... 0. 0. 0.],[1. 1. 1. ... 0. 1. 0.]
697,SVC,"{'C': 1, 'gamma': 0.01, 'kernel': 'rbf'}",0.5702771096781692,0.08778740308406888,0.16641265126413698,0.16839298729972796,0.5832063256320685,0.084196493649864,0.5822200772200772,0.1702786377708978,0.5851393188854489,0.5851393188854489,"{0: 0.6149201085029091, 1: 0.614920108502909}","{0: 0.6149201085029091, 1: 0.614920108502909}",0.614920108502909,"[[432 214]
 [322 324]]",[0. 1. 0. ... 0. 0. 0.],[1. 1. 1. ... 0. 1. 0.]
811,SVC,"{'C': 1, 'gamma': 0.01, 'kernel': 'rbf'}",0.5699130906607958,0.08776805452547616,0.1661488519459601,0.1688257690795914,0.58307442597298,0.08441288453979573,0.5816019283106958,0.1687306501547987,0.5843653250773994,0.5843653250773995,"{0: 0.6140251032790499, 1: 0.6140251032790499}","{0: 0.6140251032790499, 1: 0.6140251032790499}",0.6140251032790499,"[[430 216]
 [321 325]]",[0. 1. 0. ... 0. 0. 0.],[1. 1. 1. ... 0. 1. 0.]
930,SVC,"{'C': 1, 'gamma': 0.01, 'kernel': 'rbf'}",0.570020530631325,0.08794739258906266,0.16610146632504505,0.16873430071094675,0.5830507331625225,0.08436715035547337,0.5817068648995722,0.1687306501547987,0.5843653250773994,0.5843653250773995,"{0: 0.6161625722474097, 1: 0.6161625722474097}","{0: 0.6161625722474097, 1: 0.6161625722474097}",0.6161625722474097,"[[429 217]
 [320 326]]",[0. 1. 0. ... 0. 0. 0.],[1. 1. 1. ... 0. 1. 0.]
296,randomforest,"{'criterion': 'entropy', 'max_features': 'sqrt', 'n_estimators': 57}",0.5775429359803875,0.08211671095100924,0.16602025182032154,0.16018759760883333,0.5830101259101608,0.08009379880441667,0.5673309813633638,0.1346749226006192,0.5673374613003096,0.5673374613003096,"{0: 0.5995300923041532, 1: 0.5995300923041532}","{0: 0.5995300923041532, 1: 0.5995300923041532}",0.5995300923041532,"[[364 282]
 [277 369]]",[0. 1. 1. ... 0. 1. 0.],[1. 1. 1. ... 0. 1. 0.]
830,SVC,"{'C': 1, 'gamma': 0.01, 'kernel': 'rbf'}",0.569827384710617,0.08892671831688445,0.16596357347744894,0.17079663126243352,0.5829817867387245,0.08539831563121678,0.5821101592841746,0.1702786377708978,0.5851393188854489,0.5851393188854489,"{0: 0.6147343979142904, 1: 0.6147343979142903}","{0: 0.6147343979142904, 1: 0.6147343979142903}",0.6147343979142903,"[[433 213]
 [323 323]]",[0. 1. 0. ... 0. 0. 0.],[1. 1. 1. ... 0. 1. 0.]
419,SVC,"{'C': 1, 'gamma': 0.01, 'kernel': 'rbf'}",0.5699466112487442,0.0886140459546661,0.16583494731434,0.17006284855866624,0.5829174736571701,0.08503142427933313,0.583053597657157,0.1718266253869969,0.5859133126934984,0.5859133126934984,"{0: 0.6157492164211293, 1: 0.6157492164211293}","{0: 0.6157492164211293, 1: 0.6157492164211293}",0.6157492164211293,"[[432 214]
 [321 325]]",[0. 1. 0. ... 0. 0. 0.],[1. 1. 1. ... 0. 1. 0.]
890,SVC,"{'C': 1, 'gamma': 0.01, 'kernel': 'rbf'}",0.5697410183596835,0.0885699137418429,0.1655237623752481,0.1701978323726365,0.582761881187624,0.08509891618631826,0.5823279220857549,0.1702786377708978,0.5851393188854489,0.585139318885449,"{0: 0.6153490400559769, 1: 0.6153490400559768}","{0: 0.6153490400559769, 1: 0.6153490400559768}",0.6153490400559768,"[[431 215]
 [321 325]]",[0. 1. 0. ... 0. 0. 0.],[1. 1. 1. ... 0. 1. 0.]
143,AdaBoost,"{'algorithm': 'SAMME.R', 'learning_rate': 0.3448979591836735, 'n_estimators': 30}",0.5702382292003785,0.09722375784392503,0.16549458880890533,0.18880633896396853,0.5827472944044526,0.09440316948198425,0.5761254737620559,0.1594427244582043,0.5797213622291022,0.5797213622291022,"{0: 0.5924215702249613, 1: 0.5924215702249614}","{0: 0.5924215702249613, 1: 0.5924215702249614}",0.5924215702249614,"[[434 212]
 [331 315]]",[0. 0. 1. ... 0. 0. 0.],[1. 1. 1. ... 0. 1. 0.]
101,SVC,"{'C': 1, 'gamma': 0.01, 'kernel': 'rbf'}",0.5696768120091403,0.08825955616572344,0.16524928776316322,0.16935474321506624,0.5826246438815815,0.08467737160753314,0.5814949195175578,0.1687306501547987,0.5843653250773994,0.5843653250773995,"{0: 0.6158139155939384, 1: 0.6158139155939384}","{0: 0.6158139155939384, 1: 0.6158139155939384}",0.6158139155939384,"[[431 215]
 [322 324]]",[0. 1. 0. ... 0. 0. 0.],[1. 1. 1. ... 0. 1. 0.]
227,SVC,"{'C': 1, 'gamma': 0.01, 'kernel': 'rbf'}",0.5696165687928196,0.08808794715395067,0.16522448219806093,0.16903732986210177,0.5826122410990304,0.0845186649310509,0.5823279220857549,0.1702786377708978,0.5851393188854489,0.585139318885449,"{0: 0.6152160473118692, 1: 0.6152160473118692}","{0: 0.6152160473118692, 1: 0.6152160473118692}",0.6152160473118692,"[[431 215]
 [321 325]]",[0. 1. 0. ... 0. 0. 0.],[1. 1. 1. ... 0. 1. 0.]
532,SVC,"{'C': 1, 'gamma': 0.01, 'kernel': 'rbf'}",0.5696310631294685,0.08856912589933126,0.16490471475620047,0.1702676445877274,0.5824523573781003,0.08513382229386371,0.5818840912219521,0.1702786377708978,0.5851393188854489,0.5851393188854489,"{0: 0.6158726241025986, 1: 0.6158726241025985}","{0: 0.6158726241025986, 1: 0.6158726241025985}",0.6158726241025985,"[[435 211]
 [325 321]]",[0. 1. 0. ... 0. 0. 0.],[1. 1. 1. ... 0. 1. 0.]
335,SVC,"{'C': 1, 'gamma': 0.01, 'kernel': 'rbf'}",0.5694134013250982,0.09043595979707654,0.16485873774470622,0.17426309849186486,0.582429368872353,0.08713154924593244,0.5821101592841746,0.1702786377708978,0.5851393188854489,0.5851393188854489,"{0: 0.6161242319968561, 1: 0.6161242319968561}","{0: 0.6161242319968561, 1: 0.6161242319968561}",0.6161242319968561,"[[433 213]
 [323 323]]",[0. 1. 0. ... 0. 0. 0.],[1. 1. 1. ... 0. 1. 0.]
658,SVC,"{'C': 1, 'gamma': 0.01, 'kernel': 'rbf'}",0.5693176498231606,0.08857942425667471,0.16459352981710856,0.17052767564180346,0.5822967649085542,0.08526383782090173,0.5814949195175578,0.1687306501547987,0.5843653250773994,0.5843653250773995,"{0: 0.6149788170115692, 1: 0.6149788170115691}","{0: 0.6149788170115692, 1: 0.6149788170115691}",0.6149788170115691,"[[431 215]
 [322 324]]",[0. 1. 0. ... 0. 0. 0.],[1. 1. 1. ... 0. 1. 0.]
972,SVC,"{'C': 1, 'gamma': 0.01, 'kernel': 'rbf'}",0.5690424331668185,0.08856226271974996,0.1642317727111654,0.17033503868873767,0.5821158863555828,0.08516751934436885,0.5821101592841746,0.1702786377708978,0.5851393188854489,0.5851393188854489,"{0: 0.6162835836632192, 1: 0.6162835836632192}","{0: 0.6162835836632192, 1: 0.6162835836632192}",0.6162835836632192,"[[433 213]
 [323 323]]",[0. 1. 0. ... 0. 0. 0.],[1. 1. 1. ... 0. 1. 0.]
456,SVC,"{'C': 1, 'gamma': 0.01, 'kernel': 'rbf'}",0.5689758331843421,0.08876224095291403,0.16397448219806093,0.17059397730401904,0.5819872410990304,0.08529698865200952,0.5814949195175578,0.1687306501547987,0.5843653250773994,0.5843653250773995,"{0: 0.6157707828120655, 1: 0.6157707828120658}","{0: 0.6157707828120655, 1: 0.6157707828120658}",0.6157707828120658,"[[431 215]
 [322 324]]",[0. 1. 0. ... 0. 0. 0.],[1. 1. 1. ... 0. 1. 0.]
493,SVC,"{'C': 1, 'gamma': 0.01, 'kernel': 'rbf'}",0.5687349476699133,0.08881673268070882,0.1639000814139569,0.1707682935159184,0.5819500407069784,0.0853841467579592,0.5821101592841746,0.1702786377708978,0.5851393188854489,0.5851393188854489,"{0: 0.6158354819848748, 1: 0.6158354819848748}","{0: 0.6158354819848748, 1: 0.6158354819848748}",0.6158354819848748,"[[433 213]
 [323 323]]",[0. 1. 0. ... 0. 0. 0.],[1. 1. 1. ... 0. 1. 0.]
436,SVC,"{'C': 1, 'gamma': 0.01, 'kernel': 'rbf'}",0.5688837757315758,0.08703233646646666,0.16379591076948952,0.1674300038314074,0.5818979553847448,0.0837150019157037,0.5809797089567534,0.16718266253869973,0.5835913312693498,0.5835913312693499,"{0: 0.6149548543549732, 1: 0.6149548543549732}","{0: 0.6149548543549732, 1: 0.6149548543549732}",0.6149548543549732,"[[428 218]
 [320 326]]",[0. 1. 0. ... 0. 0. 0.],[1. 1. 1. ... 0. 1. 0.]
374,randomforest,"{'criterion': 'gini', 'max_features': None, 'n_estimators': 189}",0.5761399620010623,0.08407206807226698,0.16370096286797733,0.16342288316289688,0.5818504814339887,0.08171144158144844,0.5657684028653539,0.13157894736842102,0.5657894736842105,0.5657894736842105,"{0: 0.5861553355251177, 1: 0.5861553355251177}","{0: 0.5861553355251177, 1: 0.5861553355251177}",0.5861553355251177,"[[361 285]
 [276 370]]",[0. 1. 1. ... 0. 1. 0.],[1. 1. 1. ... 0. 1. 0.]
709,AdaBoost,"{'algorithm': 'SAMME.R', 'learning_rate': 0.1816326530612245, 'n_estimators': 30}",0.5664257351137139,0.1120249981652228,0.16356925777817943,0.21167718877315778,0.5817846288890897,0.10583859438657887,0.5723317195709834,0.15634674922600622,0.5781733746130031,0.5781733746130031,"{0: 0.5915014042116765, 1: 0.5915014042116764}","{0: 0.5915014042116765, 1: 0.5915014042116764}",0.5915014042116764,"[[449 197]
 [348 298]]",[0. 0. 1. ... 0. 0. 0.],[1. 1. 1. ... 0. 1. 0.]
775,SVC,"{'C': 1, 'gamma': 0.01, 'kernel': 'rbf'}",0.5683688312535725,0.0880804331222556,0.16348341474729022,0.16835377135276108,0.5817417073736451,0.08417688567638056,0.5819981650490125,0.1702786377708978,0.5851393188854489,0.5851393188854489,"{0: 0.6168263378351178, 1: 0.6168263378351178}","{0: 0.6168263378351178, 1: 0.6168263378351178}",0.6168263378351178,"[[434 212]
 [324 322]]",[0. 1. 0. ... 0. 0. 0.],[1. 1. 1. ... 0. 1. 0.]
952,SVC,"{'C': 1, 'gamma': 0.01, 'kernel': 'rbf'}",0.5686227098718721,0.08844652673561283,0.16313088613894763,0.17010753423288835,0.5815654430694738,0.08505376711644419,0.5808756138269032,0.16718266253869973,0.5835913312693498,0.5835913312693499,"{0: 0.6165196158306895, 1: 0.6165196158306895}","{0: 0.6165196158306895, 1: 0.6165196158306895}",0.6165196158306895,"[[429 217]
 [321 325]]",[0. 1. 0. ... 0. 0. 0.],[1. 1. 1. ... 0. 1. 0.]
127,SVC,"{'C': 1000, 'gamma': 0.001, 'kernel': 'rbf'}",0.5681196592099198,0.07433442718613373,0.16310116174886566,0.1336001836973727,0.5815505808744329,0.06680009184868634,0.5833285018552876,0.17337461300309598,0.586687306501548,0.586687306501548,"{0: 0.6216368411467569, 1: 0.6216368411467569}","{0: 0.6216368411467569, 1: 0.6216368411467569}",0.6216368411467569,"[[437 209]
 [325 321]]",[0. 0. 0. ... 0. 0. 0.],[1. 1. 1. ... 0. 1. 0.]
129,SVC,"{'C': 10, 'gamma': 0.01, 'kernel': 'rbf'}",0.5681407111159783,0.07995050490329286,0.16284912937455276,0.1378757669819251,0.5814245646872763,0.06893788349096254,0.5870033557937501,0.17956656346749222,0.5897832817337462,0.5897832817337461,"{0: 0.6317251195736564, 1: 0.6317251195736564}","{0: 0.6317251195736564, 1: 0.6317251195736564}",0.6317251195736564,"[[434 212]
 [318 328]]",[0. 1. 0. ... 0. 0. 0.],[1. 1. 1. ... 0. 1. 0.]
212,SVC,"{'C': 1, 'gamma': 0.01, 'kernel': 'rbf'}",0.5678169760865511,0.08999690793901456,0.16250720517765643,0.17258231713476552,0.5812536025888282,0.08629115856738277,0.581385835380235,0.1687306501547987,0.5843653250773994,0.5843653250773994,"{0: 0.6159385214082375, 1: 0.6159385214082373}","{0: 0.6159385214082375, 1: 0.6159385214082373}",0.6159385214082373,"[[432 214]
 [323 323]]",[0. 1. 0. ... 0. 0. 0.],[1. 1. 1. ... 0. 1. 0.]
749,SVC,"{'C': 10, 'gamma': 0.01, 'kernel': 'rbf'}",0.5679012802612723,0.08091548002224036,0.16235497732776913,0.13993997499845418,0.5811774886638846,0.06996998749922709,0.5868967181467182,0.17956656346749222,0.5897832817337462,0.5897832817337461,"{0: 0.6308840303271381, 1: 0.6308840303271381}","{0: 0.6308840303271381, 1: 0.6308840303271381}",0.6308840303271381,"[[435 211]
 [319 327]]",[0. 1. 0. ... 0. 0. 0.],[1. 1. 1. ... 0. 1. 0.]
820,SVC,"{'C': 10, 'gamma': 0.01, 'kernel': 'rbf'}",0.5678083307762436,0.08074829437344373,0.16220981306051183,0.13960300083406527,0.5811049065302558,0.0698015004170326,0.5870033557937501,0.17956656346749222,0.5897832817337462,0.5897832817337461,"{0: 0.6307618207784987, 1: 0.6307618207784987}","{0: 0.6307618207784987, 1: 0.6307618207784987}",0.6307618207784987,"[[434 212]
 [318 328]]",[0. 1. 0. ... 0. 0. 0.],[1. 1. 1. ... 0. 1. 0.]
171,SVC,"{'C': 10, 'gamma': 0.01, 'kernel': 'rbf'}",0.5677292887116895,0.07787485778725736,0.16209660503441814,0.13298187644735432,0.5810483025172091,0.06649093822367715,0.58606308861621,0.17801857585139313,0.5890092879256966,0.5890092879256966,"{0: 0.6304958352902836, 1: 0.6304958352902836}","{0: 0.6304958352902836, 1: 0.6304958352902836}",0.6304958352902836,"[[435 211]
 [320 326]]",[0. 1. 0. ... 0. 0. 0.],[1. 1. 1. ... 0. 1. 0.]
832,AdaBoost,"{'algorithm': 'SAMME', 'learning_rate': 1.079591836734694, 'n_estimators': 30}",0.568965430071952,0.10125549405090174,0.1620278477408071,0.19277575123621035,0.5810139238704035,0.09638787561810518,0.5669814788564893,0.13622291021671828,0.5681114551083591,0.5681114551083591,"{0: 0.5873175243700217, 1: 0.5873175243700217}","{0: 0.5873175243700217, 1: 0.5873175243700217}",0.5873175243700217,"[[400 246]
 [312 334]]",[0. 0. 1. ... 0. 0. 0.],[1. 1. 1. ... 0. 1. 0.]
96,SVC,"{'C': 10, 'gamma': 0.01, 'kernel': 'rbf'}",0.5666698534537727,0.08017263487019712,0.1606675666398625,0.13715212964557744,0.5803337833199312,0.0685760648227887,0.5852287401850389,0.17647058823529416,0.5882352941176471,0.5882352941176471,"{0: 0.632551831226217, 1: 0.632551831226217}","{0: 0.632551831226217, 1: 0.632551831226217}",0.632551831226217,"[[435 211]
 [321 325]]",[0. 1. 0. ... 0. 0. 0.],[1. 1. 1. ... 0. 1. 0.]
895,randomforest,"{'criterion': 'entropy', 'max_features': 'log2', 'n_estimators': 87}",0.574712917464702,0.10025889593457982,0.16013339635413767,0.1950863510631346,0.5800666981770689,0.0975431755315673,0.5642349597631016,0.12848297213622295,0.5642414860681114,0.5642414860681115,"{0: 0.6010577116621457, 1: 0.6010577116621457}","{0: 0.6010577116621457, 1: 0.6010577116621457}",0.6010577116621457,"[[367 279]
 [284 362]]",[0. 1. 1. ... 0. 1. 0.],[1. 1. 1. ... 0. 1. 0.]
611,SVC,"{'C': 10, 'gamma': 0.01, 'kernel': 'rbf'}",0.5666768443162952,0.07959880246658624,0.1596955265807081,0.13756006799083642,0.579847763290354,0.06878003399541821,0.58606308861621,0.17801857585139313,0.5890092879256966,0.5890092879256966,"{0: 0.6308816340614786, 1: 0.6308816340614786}","{0: 0.6308816340614786, 1: 0.6308816340614786}",0.6308816340614786,"[[435 211]
 [320 326]]",[0. 1. 0. ... 0. 0. 0.],[1. 1. 1. ... 0. 1. 0.]
222,SVC,"{'C': 10, 'gamma': 0.01, 'kernel': 'rbf'}",0.5663681684253686,0.07942973697039467,0.15960870791861403,0.13659401550741468,0.579804353959307,0.06829700775370733,0.5853378378378378,0.17647058823529416,0.5882352941176471,0.5882352941176471,"{0: 0.6311356382213957, 1: 0.6311356382213957}","{0: 0.6311356382213957, 1: 0.6311356382213957}",0.6311356382213957,"[[434 212]
 [320 326]]",[0. 1. 0. ... 0. 0. 0.],[1. 1. 1. ... 0. 1. 0.]
74,SVC,"{'C': 1000, 'gamma': 0.001, 'kernel': 'rbf'}",0.5664564743197696,0.076000844146827,0.15960744983042918,0.13704166567648926,0.5798037249152146,0.06852083283824463,0.582834171121155,0.1718266253869969,0.5859133126934984,0.5859133126934984,"{0: 0.6235909957921574, 1: 0.6235909957921575}","{0: 0.6235909957921574, 1: 0.6235909957921575}",0.6235909957921575,"[[434 212]
 [323 323]]",[0. 0. 0. ... 0. 0. 0.],[1. 1. 1. ... 0. 1. 0.]
656,AdaBoost,"{'algorithm': 'SAMME.R', 'learning_rate': 0.1, 'n_estimators': 85}",0.5649669778125352,0.10397671911249594,0.1590989742055101,0.19904046987603688,0.579549487102755,0.09952023493801844,0.5698984302862419,0.15170278637770895,0.5758513931888545,0.5758513931888545,"{0: 0.587690143680089, 1: 0.587690143680089}","{0: 0.587690143680089, 1: 0.587690143680089}",0.587690143680089,"[[448 198]
 [350 296]]",[0. 0. 1. ... 0. 0. 0.],[1. 1. 1. ... 0. 1. 0.]
550,randomforest,"{'criterion': 'entropy', 'max_features': 'sqrt', 'n_estimators': 599}",0.5740488067626056,0.08119704373782385,0.15904903398506534,0.1583447985563229,0.5795245169925327,0.07917239927816146,0.571975013763757,0.14396284829721362,0.5719814241486069,0.5719814241486068,"{0: 0.6009426909104851, 1: 0.6009426909104851}","{0: 0.6009426909104851, 1: 0.6009426909104851}",0.6009426909104851,"[[367 279]
 [274 372]]",[0. 1. 1. ... 0. 1. 0.],[1. 1. 1. ... 0. 1. 0.]
712,knn,{'n_neighbors': 33},0.567674967684924,0.07763747784498441,0.1570669486245894,0.14459519591684294,0.5785334743122946,0.07229759795842147,0.5773268288928018,0.1578947368421053,0.5789473684210527,0.5789473684210527,"{0: 0.6100389153543119, 1: 0.6100389153543119}","{0: 0.6100389153543119, 1: 0.6100389153543119}",0.6100389153543119,"[[414 232]
 [312 334]]",[0. 1. 0. ... 0. 1. 0.],[1. 1. 1. ... 0. 1. 0.]
117,knn,{'n_neighbors': 33},0.567674967684924,0.07763747784498441,0.1570669486245894,0.14459519591684294,0.5785334743122946,0.07229759795842147,0.5773268288928018,0.1578947368421053,0.5789473684210527,0.5789473684210527,"{0: 0.6100389153543119, 1: 0.6100389153543119}","{0: 0.6100389153543119, 1: 0.6100389153543119}",0.6100389153543119,"[[414 232]
 [312 334]]",[0. 1. 0. ... 0. 1. 0.],[1. 1. 1. ... 0. 1. 0.]
306,knn,{'n_neighbors': 33},0.567674967684924,0.07763747784498441,0.1570669486245894,0.14459519591684294,0.5785334743122946,0.07229759795842147,0.5773268288928018,0.1578947368421053,0.5789473684210527,0.5789473684210527,"{0: 0.6100389153543119, 1: 0.6100389153543119}","{0: 0.6100389153543119, 1: 0.6100389153543119}",0.6100389153543119,"[[414 232]
 [312 334]]",[0. 1. 0. ... 0. 1. 0.],[1. 1. 1. ... 0. 1. 0.]
822,knn,{'n_neighbors': 11},0.5713990861890647,0.0708072991364919,0.1568137249744491,0.1381279757000877,0.5784068624872245,0.06906398785004385,0.5731404658871301,0.1470588235294118,0.5735294117647058,0.5735294117647058,"{0: 0.5922490390974704, 1: 0.5922490390974705}","{0: 0.5922490390974704, 1: 0.5922490390974705}",0.5922490390974705,"[[390 256]
 [295 351]]",[1. 0. 0. ... 0. 1. 0.],[1. 1. 1. ... 0. 1. 0.]
461,knn,{'n_neighbors': 11},0.5713990861890647,0.0708072991364919,0.1568137249744491,0.1381279757000877,0.5784068624872245,0.06906398785004385,0.5731404658871301,0.1470588235294118,0.5735294117647058,0.5735294117647058,"{0: 0.5922490390974704, 1: 0.5922490390974705}","{0: 0.5922490390974704, 1: 0.5922490390974705}",0.5922490390974705,"[[390 256]
 [295 351]]",[1. 0. 0. ... 0. 1. 0.],[1. 1. 1. ... 0. 1. 0.]
126,knn,{'n_neighbors': 11},0.5713990861890647,0.0708072991364919,0.1568137249744491,0.1381279757000877,0.5784068624872245,0.06906398785004385,0.5731404658871301,0.1470588235294118,0.5735294117647058,0.5735294117647058,"{0: 0.5922490390974704, 1: 0.5922490390974705}","{0: 0.5922490390974704, 1: 0.5922490390974705}",0.5922490390974705,"[[390 256]
 [295 351]]",[1. 0. 0. ... 0. 1. 0.],[1. 1. 1. ... 0. 1. 0.]
36,randomforest,"{'criterion': 'gini', 'max_features': None, 'n_estimators': 117}",0.5723134862084691,0.09399528600383394,0.15628218571805713,0.18086608863633793,0.5781410928590286,0.09043304431816897,0.5603335889570553,0.1207430340557275,0.5603715170278638,0.5603715170278638,"{0: 0.5908100815688831, 1: 0.590810081568883}","{0: 0.5908100815688831, 1: 0.590810081568883}",0.590810081568883,"[[356 290]
 [278 368]]",[0. 1. 1. ... 0. 1. 0.],[1. 1. 1. ... 0. 1. 0.]
995,randomforest,"{'criterion': 'gini', 'max_features': None, 'n_estimators': 337}",0.5724353419404238,0.08877331992202146,0.15510952525886168,0.17406943038422795,0.5775547626294308,0.08703471519211398,0.5649779524539877,0.13003095975232193,0.565015479876161,0.565015479876161,"{0: 0.5915840753769326, 1: 0.5915840753769326}","{0: 0.5915840753769326, 1: 0.5915840753769326}",0.5915840753769326,"[[359 287]
 [275 371]]",[0. 1. 1. ... 0. 1. 0.],[1. 1. 1. ... 0. 1. 0.]
77,knn,{'n_neighbors': 27},0.5678061117328133,0.07352795216265019,0.15424773510744721,0.13634428324828993,0.5771238675537237,0.06817214162414496,0.582691347114424,0.16718266253869973,0.5835913312693498,0.5835913312693498,"{0: 0.6102569755293351, 1: 0.6102569755293351}","{0: 0.6102569755293351, 1: 0.6102569755293351}",0.6102569755293351,"[[407 239]
 [299 347]]",[0. 1. 0. ... 0. 1. 0.],[1. 1. 1. ... 0. 1. 0.]
686,knn,{'n_neighbors': 27},0.5678061117328133,0.07352795216265019,0.15424773510744721,0.13634428324828993,0.5771238675537237,0.06817214162414496,0.582691347114424,0.16718266253869973,0.5835913312693498,0.5835913312693498,"{0: 0.6102569755293351, 1: 0.6102569755293351}","{0: 0.6102569755293351, 1: 0.6102569755293351}",0.6102569755293351,"[[407 239]
 [299 347]]",[0. 1. 0. ... 0. 1. 0.],[1. 1. 1. ... 0. 1. 0.]
383,knn,{'n_neighbors': 27},0.5678061117328133,0.07352795216265019,0.15424773510744721,0.13634428324828993,0.5771238675537237,0.06817214162414496,0.582691347114424,0.16718266253869973,0.5835913312693498,0.5835913312693498,"{0: 0.6102569755293351, 1: 0.6102569755293351}","{0: 0.6102569755293351, 1: 0.6102569755293351}",0.6102569755293351,"[[407 239]
 [299 347]]",[0. 1. 0. ... 0. 1. 0.],[1. 1. 1. ... 0. 1. 0.]
445,AdaBoost,"{'algorithm': 'SAMME', 'learning_rate': 0.42653061224489797, 'n_estimators': 30}",0.5515759833980919,0.10343695101096928,0.15409090504550862,0.18308910755982946,0.5770454525227543,0.09154455377991473,0.5548001018111502,0.1470588235294118,0.5735294117647058,0.5735294117647058,"{0: 0.5729710818660199, 1: 0.57297108186602}","{0: 0.5729710818660199, 1: 0.57297108186602}",0.57297108186602,"[[503 143]
 [408 238]]",[0. 0. 1. ... 0. 0. 0.],[1. 1. 1. ... 0. 1. 0.]
361,knn,{'n_neighbors': 23},0.5678998255394283,0.08036544489233971,0.15377806784089348,0.15186886493590163,0.5768890339204468,0.0759344324679508,0.5753130495912782,0.15170278637770895,0.5758513931888545,0.5758513931888545,"{0: 0.6066889359621964, 1: 0.6066889359621965}","{0: 0.6066889359621964, 1: 0.6066889359621965}",0.6066889359621965,"[[395 251]
 [297 349]]",[0. 1. 0. ... 0. 1. 0.],[1. 1. 1. ... 0. 1. 0.]
49,knn,{'n_neighbors': 23},0.5678998255394283,0.08036544489233971,0.15377806784089348,0.15186886493590163,0.5768890339204468,0.0759344324679508,0.5753130495912782,0.15170278637770895,0.5758513931888545,0.5758513931888545,"{0: 0.6066889359621964, 1: 0.6066889359621965}","{0: 0.6066889359621964, 1: 0.6066889359621965}",0.6066889359621965,"[[395 251]
 [297 349]]",[0. 1. 0. ... 0. 1. 0.],[1. 1. 1. ... 0. 1. 0.]
673,knn,{'n_neighbors': 23},0.5678998255394283,0.08036544489233971,0.15377806784089348,0.15186886493590163,0.5768890339204468,0.0759344324679508,0.5753130495912782,0.15170278637770895,0.5758513931888545,0.5758513931888545,"{0: 0.6066889359621964, 1: 0.6066889359621965}","{0: 0.6066889359621964, 1: 0.6066889359621965}",0.6066889359621965,"[[395 251]
 [297 349]]",[0. 1. 0. ... 0. 1. 0.],[1. 1. 1. ... 0. 1. 0.]
475,randomforest,"{'criterion': 'entropy', 'max_features': 'sqrt', 'n_estimators': 131}",0.571373161610746,0.07618195546201936,0.15361234409156072,0.1457013019727515,0.5768061720457803,0.07285065098637575,0.5688417975010409,0.13777089783281737,0.5688854489164087,0.5688854489164087,"{0: 0.601631617287619, 1: 0.6016316172876188}","{0: 0.601631617287619, 1: 0.6016316172876188}",0.6016316172876188,"[[361 285]
 [272 374]]",[0. 1. 1. ... 0. 1. 0.],[1. 1. 1. ... 0. 1. 0.]
110,randomforest,"{'criterion': 'gini', 'max_features': 'sqrt', 'n_estimators': 483}",0.5706336200591683,0.08936681036611387,0.15238787543028218,0.17399914103451342,0.576193937715141,0.08699957051725671,0.5696336609224737,0.13931888544891646,0.5696594427244582,0.5696594427244582,"{0: 0.6019371411592174, 1: 0.6019371411592175}","{0: 0.6019371411592174, 1: 0.6019371411592175}",0.6019371411592175,"[[363 283]
 [273 373]]",[0. 1. 1. ... 0. 1. 0.],[1. 1. 1. ... 0. 1. 0.]
215,SVC,"{'C': 0.1, 'gamma': 0.1, 'kernel': 'rbf'}",0.5688346166256268,0.0872988917571887,0.15186133574803662,0.16934283718351498,0.5759306678740184,0.08467141859175747,0.5797090249009265,0.1594427244582043,0.5797213622291022,0.5797213622291022,"{0: 0.6257104927680703, 1: 0.6257104927680702}","{0: 0.6257104927680703, 1: 0.6257104927680702}",0.6257104927680702,"[[378 268]
 [275 371]]",[0. 1. 1. ... 0. 1. 0.],[1. 1. 1. ... 0. 1. 0.]
85,randomforest,"{'criterion': 'entropy', 'max_features': 'sqrt', 'n_estimators': 357}",0.5707465795478234,0.09063181023505852,0.1517916949494812,0.17733783370663322,0.5758958474747405,0.08866891685331661,0.5626932364762174,0.12538699690402477,0.5626934984520123,0.5626934984520124,"{0: 0.6001734896337547, 1: 0.6001734896337547}","{0: 0.6001734896337547, 1: 0.6001734896337547}",0.6001734896337547,"[[363 283]
 [282 364]]",[0. 1. 1. ... 0. 1. 0.],[1. 1. 1. ... 0. 1. 0.]
474,SVC,"{'C': 1, 'gamma': 0.01, 'kernel': 'sigmoid'}",0.5633203015467507,0.11946153730546476,0.15137430801060042,0.22472948314911792,0.5756871540053002,0.11236474157455895,0.5633168093735917,0.12693498452012386,0.5634674922600619,0.5634674922600619,"{0: 0.576186870381198, 1: 0.5761868703811979}","{0: 0.576186870381198, 1: 0.5761868703811979}",0.5761868703811979,"[[376 270]
 [294 352]]",[0. 0. 1. ... 0. 0. 0.],[1. 1. 1. ... 0. 1. 0.]
842,naive_bayes,{},0.5471505792432574,0.09088671090804146,0.15102438601118057,0.15840801544999047,0.5755121930055903,0.07920400772499524,0.5604360838823718,0.16099071207430338,0.5804953560371517,0.5804953560371517,"{0: 0.584468364500762, 1: 0.584468364500762}","{0: 0.584468364500762, 1: 0.584468364500762}",0.584468364500762,"[[513 133]
 [409 237]]",[0. 0. 0. ... 0. 0. 0.],[1. 1. 1. ... 0. 1. 0.]
563,naive_bayes,{},0.5471505792432574,0.09088671090804146,0.15102438601118057,0.15840801544999047,0.5755121930055903,0.07920400772499524,0.5604360838823718,0.16099071207430338,0.5804953560371517,0.5804953560371517,"{0: 0.584468364500762, 1: 0.584468364500762}","{0: 0.584468364500762, 1: 0.584468364500762}",0.584468364500762,"[[513 133]
 [409 237]]",[0. 0. 0. ... 0. 0. 0.],[1. 1. 1. ... 0. 1. 0.]
855,naive_bayes,{},0.5471505792432574,0.09088671090804146,0.15102438601118057,0.15840801544999047,0.5755121930055903,0.07920400772499524,0.5604360838823718,0.16099071207430338,0.5804953560371517,0.5804953560371517,"{0: 0.584468364500762, 1: 0.584468364500762}","{0: 0.584468364500762, 1: 0.584468364500762}",0.584468364500762,"[[513 133]
 [409 237]]",[0. 0. 0. ... 0. 0. 0.],[1. 1. 1. ... 0. 1. 0.]
982,naive_bayes,{},0.5471505792432574,0.09088671090804146,0.15102438601118057,0.15840801544999047,0.5755121930055903,0.07920400772499524,0.5604360838823718,0.16099071207430338,0.5804953560371517,0.5804953560371517,"{0: 0.584468364500762, 1: 0.584468364500762}","{0: 0.584468364500762, 1: 0.584468364500762}",0.584468364500762,"[[513 133]
 [409 237]]",[0. 0. 0. ... 0. 0. 0.],[1. 1. 1. ... 0. 1. 0.]
652,naive_bayes,{},0.5471505792432574,0.09088671090804146,0.15102438601118057,0.15840801544999047,0.5755121930055903,0.07920400772499524,0.5604360838823718,0.16099071207430338,0.5804953560371517,0.5804953560371517,"{0: 0.584468364500762, 1: 0.584468364500762}","{0: 0.584468364500762, 1: 0.584468364500762}",0.584468364500762,"[[513 133]
 [409 237]]",[0. 0. 0. ... 0. 0. 0.],[1. 1. 1. ... 0. 1. 0.]
996,naive_bayes,{},0.5471505792432574,0.09088671090804146,0.15102438601118057,0.15840801544999047,0.5755121930055903,0.07920400772499524,0.5604360838823718,0.16099071207430338,0.5804953560371517,0.5804953560371517,"{0: 0.584468364500762, 1: 0.584468364500762}","{0: 0.584468364500762, 1: 0.584468364500762}",0.584468364500762,"[[513 133]
 [409 237]]",[0. 0. 0. ... 0. 0. 0.],[1. 1. 1. ... 0. 1. 0.]
678,naive_bayes,{},0.5471505792432574,0.09088671090804146,0.15102438601118057,0.15840801544999047,0.5755121930055903,0.07920400772499524,0.5604360838823718,0.16099071207430338,0.5804953560371517,0.5804953560371517,"{0: 0.584468364500762, 1: 0.584468364500762}","{0: 0.584468364500762, 1: 0.584468364500762}",0.584468364500762,"[[513 133]
 [409 237]]",[0. 0. 0. ... 0. 0. 0.],[1. 1. 1. ... 0. 1. 0.]
827,naive_bayes,{},0.5471505792432574,0.09088671090804146,0.15102438601118057,0.15840801544999047,0.5755121930055903,0.07920400772499524,0.5604360838823718,0.16099071207430338,0.5804953560371517,0.5804953560371517,"{0: 0.584468364500762, 1: 0.584468364500762}","{0: 0.584468364500762, 1: 0.584468364500762}",0.584468364500762,"[[513 133]
 [409 237]]",[0. 0. 0. ... 0. 0. 0.],[1. 1. 1. ... 0. 1. 0.]
549,naive_bayes,{},0.5471505792432574,0.09088671090804146,0.15102438601118057,0.15840801544999047,0.5755121930055903,0.07920400772499524,0.5604360838823718,0.16099071207430338,0.5804953560371517,0.5804953560371517,"{0: 0.584468364500762, 1: 0.584468364500762}","{0: 0.584468364500762, 1: 0.584468364500762}",0.584468364500762,"[[513 133]
 [409 237]]",[0. 0. 0. ... 0. 0. 0.],[1. 1. 1. ... 0. 1. 0.]
665,naive_bayes,{},0.5471505792432574,0.09088671090804146,0.15102438601118057,0.15840801544999047,0.5755121930055903,0.07920400772499524,0.5604360838823718,0.16099071207430338,0.5804953560371517,0.5804953560371517,"{0: 0.584468364500762, 1: 0.584468364500762}","{0: 0.584468364500762, 1: 0.584468364500762}",0.584468364500762,"[[513 133]
 [409 237]]",[0. 0. 0. ... 0. 0. 0.],[1. 1. 1. ... 0. 1. 0.]
953,naive_bayes,{},0.5471505792432574,0.09088671090804146,0.15102438601118057,0.15840801544999047,0.5755121930055903,0.07920400772499524,0.5604360838823718,0.16099071207430338,0.5804953560371517,0.5804953560371517,"{0: 0.584468364500762, 1: 0.584468364500762}","{0: 0.584468364500762, 1: 0.584468364500762}",0.584468364500762,"[[513 133]
 [409 237]]",[0. 0. 0. ... 0. 0. 0.],[1. 1. 1. ... 0. 1. 0.]
729,naive_bayes,{},0.5471505792432574,0.09088671090804146,0.15102438601118057,0.15840801544999047,0.5755121930055903,0.07920400772499524,0.5604360838823718,0.16099071207430338,0.5804953560371517,0.5804953560371517,"{0: 0.584468364500762, 1: 0.584468364500762}","{0: 0.584468364500762, 1: 0.584468364500762}",0.584468364500762,"[[513 133]
 [409 237]]",[0. 0. 0. ... 0. 0. 0.],[1. 1. 1. ... 0. 1. 0.]
614,naive_bayes,{},0.5471505792432574,0.09088671090804146,0.15102438601118057,0.15840801544999047,0.5755121930055903,0.07920400772499524,0.5604360838823718,0.16099071207430338,0.5804953560371517,0.5804953560371517,"{0: 0.584468364500762, 1: 0.584468364500762}","{0: 0.584468364500762, 1: 0.584468364500762}",0.584468364500762,"[[513 133]
 [409 237]]",[0. 0. 0. ... 0. 0. 0.],[1. 1. 1. ... 0. 1. 0.]
939,naive_bayes,{},0.5471505792432574,0.09088671090804146,0.15102438601118057,0.15840801544999047,0.5755121930055903,0.07920400772499524,0.5604360838823718,0.16099071207430338,0.5804953560371517,0.5804953560371517,"{0: 0.584468364500762, 1: 0.584468364500762}","{0: 0.584468364500762, 1: 0.584468364500762}",0.584468364500762,"[[513 133]
 [409 237]]",[0. 0. 0. ... 0. 0. 0.],[1. 1. 1. ... 0. 1. 0.]
769,naive_bayes,{},0.5471505792432574,0.09088671090804146,0.15102438601118057,0.15840801544999047,0.5755121930055903,0.07920400772499524,0.5604360838823718,0.16099071207430338,0.5804953560371517,0.5804953560371517,"{0: 0.584468364500762, 1: 0.584468364500762}","{0: 0.584468364500762, 1: 0.584468364500762}",0.584468364500762,"[[513 133]
 [409 237]]",[0. 0. 0. ... 0. 0. 0.],[1. 1. 1. ... 0. 1. 0.]
704,naive_bayes,{},0.5471505792432574,0.09088671090804146,0.15102438601118057,0.15840801544999047,0.5755121930055903,0.07920400772499524,0.5604360838823718,0.16099071207430338,0.5804953560371517,0.5804953560371517,"{0: 0.584468364500762, 1: 0.584468364500762}","{0: 0.584468364500762, 1: 0.584468364500762}",0.584468364500762,"[[513 133]
 [409 237]]",[0. 0. 0. ... 0. 0. 0.],[1. 1. 1. ... 0. 1. 0.]
926,naive_bayes,{},0.5471505792432574,0.09088671090804146,0.15102438601118057,0.15840801544999047,0.5755121930055903,0.07920400772499524,0.5604360838823718,0.16099071207430338,0.5804953560371517,0.5804953560371517,"{0: 0.584468364500762, 1: 0.584468364500762}","{0: 0.584468364500762, 1: 0.584468364500762}",0.584468364500762,"[[513 133]
 [409 237]]",[0. 0. 0. ... 0. 0. 0.],[1. 1. 1. ... 0. 1. 0.]
968,naive_bayes,{},0.5471505792432574,0.09088671090804146,0.15102438601118057,0.15840801544999047,0.5755121930055903,0.07920400772499524,0.5604360838823718,0.16099071207430338,0.5804953560371517,0.5804953560371517,"{0: 0.584468364500762, 1: 0.584468364500762}","{0: 0.584468364500762, 1: 0.584468364500762}",0.584468364500762,"[[513 133]
 [409 237]]",[0. 0. 0. ... 0. 0. 0.],[1. 1. 1. ... 0. 1. 0.]
911,naive_bayes,{},0.5471505792432574,0.09088671090804146,0.15102438601118057,0.15840801544999047,0.5755121930055903,0.07920400772499524,0.5604360838823718,0.16099071207430338,0.5804953560371517,0.5804953560371517,"{0: 0.584468364500762, 1: 0.584468364500762}","{0: 0.584468364500762, 1: 0.584468364500762}",0.584468364500762,"[[513 133]
 [409 237]]",[0. 0. 0. ... 0. 0. 0.],[1. 1. 1. ... 0. 1. 0.]
717,naive_bayes,{},0.5471505792432574,0.09088671090804146,0.15102438601118057,0.15840801544999047,0.5755121930055903,0.07920400772499524,0.5604360838823718,0.16099071207430338,0.5804953560371517,0.5804953560371517,"{0: 0.584468364500762, 1: 0.584468364500762}","{0: 0.584468364500762, 1: 0.584468364500762}",0.584468364500762,"[[513 133]
 [409 237]]",[0. 0. 0. ... 0. 0. 0.],[1. 1. 1. ... 0. 1. 0.]
756,naive_bayes,{},0.5471505792432574,0.09088671090804146,0.15102438601118057,0.15840801544999047,0.5755121930055903,0.07920400772499524,0.5604360838823718,0.16099071207430338,0.5804953560371517,0.5804953560371517,"{0: 0.584468364500762, 1: 0.584468364500762}","{0: 0.584468364500762, 1: 0.584468364500762}",0.584468364500762,"[[513 133]
 [409 237]]",[0. 0. 0. ... 0. 0. 0.],[1. 1. 1. ... 0. 1. 0.]
869,naive_bayes,{},0.5471505792432574,0.09088671090804146,0.15102438601118057,0.15840801544999047,0.5755121930055903,0.07920400772499524,0.5604360838823718,0.16099071207430338,0.5804953560371517,0.5804953560371517,"{0: 0.584468364500762, 1: 0.584468364500762}","{0: 0.584468364500762, 1: 0.584468364500762}",0.584468364500762,"[[513 133]
 [409 237]]",[0. 0. 0. ... 0. 0. 0.],[1. 1. 1. ... 0. 1. 0.]
898,naive_bayes,{},0.5471505792432574,0.09088671090804146,0.15102438601118057,0.15840801544999047,0.5755121930055903,0.07920400772499524,0.5604360838823718,0.16099071207430338,0.5804953560371517,0.5804953560371517,"{0: 0.584468364500762, 1: 0.584468364500762}","{0: 0.584468364500762, 1: 0.584468364500762}",0.584468364500762,"[[513 133]
 [409 237]]",[0. 0. 0. ... 0. 0. 0.],[1. 1. 1. ... 0. 1. 0.]
625,naive_bayes,{},0.5471505792432574,0.09088671090804146,0.15102438601118057,0.15840801544999047,0.5755121930055903,0.07920400772499524,0.5604360838823718,0.16099071207430338,0.5804953560371517,0.5804953560371517,"{0: 0.584468364500762, 1: 0.584468364500762}","{0: 0.584468364500762, 1: 0.584468364500762}",0.584468364500762,"[[513 133]
 [409 237]]",[0. 0. 0. ... 0. 0. 0.],[1. 1. 1. ... 0. 1. 0.]
575,naive_bayes,{},0.5471505792432574,0.09088671090804146,0.15102438601118057,0.15840801544999047,0.5755121930055903,0.07920400772499524,0.5604360838823718,0.16099071207430338,0.5804953560371517,0.5804953560371517,"{0: 0.584468364500762, 1: 0.584468364500762}","{0: 0.584468364500762, 1: 0.584468364500762}",0.584468364500762,"[[513 133]
 [409 237]]",[0. 0. 0. ... 0. 0. 0.],[1. 1. 1. ... 0. 1. 0.]
782,naive_bayes,{},0.5471505792432574,0.09088671090804146,0.15102438601118057,0.15840801544999047,0.5755121930055903,0.07920400772499524,0.5604360838823718,0.16099071207430338,0.5804953560371517,0.5804953560371517,"{0: 0.584468364500762, 1: 0.584468364500762}","{0: 0.584468364500762, 1: 0.584468364500762}",0.584468364500762,"[[513 133]
 [409 237]]",[0. 0. 0. ... 0. 0. 0.],[1. 1. 1. ... 0. 1. 0.]
883,naive_bayes,{},0.5471505792432574,0.09088671090804146,0.15102438601118057,0.15840801544999047,0.5755121930055903,0.07920400772499524,0.5604360838823718,0.16099071207430338,0.5804953560371517,0.5804953560371517,"{0: 0.584468364500762, 1: 0.584468364500762}","{0: 0.584468364500762, 1: 0.584468364500762}",0.584468364500762,"[[513 133]
 [409 237]]",[0. 0. 0. ... 0. 0. 0.],[1. 1. 1. ... 0. 1. 0.]
638,naive_bayes,{},0.5471505792432574,0.09088671090804146,0.15102438601118057,0.15840801544999047,0.5755121930055903,0.07920400772499524,0.5604360838823718,0.16099071207430338,0.5804953560371517,0.5804953560371517,"{0: 0.584468364500762, 1: 0.584468364500762}","{0: 0.584468364500762, 1: 0.584468364500762}",0.584468364500762,"[[513 133]
 [409 237]]",[0. 0. 0. ... 0. 0. 0.],[1. 1. 1. ... 0. 1. 0.]
743,naive_bayes,{},0.5471505792432574,0.09088671090804146,0.15102438601118057,0.15840801544999047,0.5755121930055903,0.07920400772499524,0.5604360838823718,0.16099071207430338,0.5804953560371517,0.5804953560371517,"{0: 0.584468364500762, 1: 0.584468364500762}","{0: 0.584468364500762, 1: 0.584468364500762}",0.584468364500762,"[[513 133]
 [409 237]]",[0. 0. 0. ... 0. 0. 0.],[1. 1. 1. ... 0. 1. 0.]
691,naive_bayes,{},0.5471505792432574,0.09088671090804146,0.15102438601118057,0.15840801544999047,0.5755121930055903,0.07920400772499524,0.5604360838823718,0.16099071207430338,0.5804953560371517,0.5804953560371517,"{0: 0.584468364500762, 1: 0.584468364500762}","{0: 0.584468364500762, 1: 0.584468364500762}",0.584468364500762,"[[513 133]
 [409 237]]",[0. 0. 0. ... 0. 0. 0.],[1. 1. 1. ... 0. 1. 0.]
0,naive_bayes,{},0.5471505792432574,0.09088671090804146,0.15102438601118057,0.15840801544999047,0.5755121930055903,0.07920400772499524,0.5604360838823718,0.16099071207430338,0.5804953560371517,0.5804953560371517,"{0: 0.584468364500762, 1: 0.584468364500762}","{0: 0.584468364500762, 1: 0.584468364500762}",0.584468364500762,"[[513 133]
 [409 237]]",[0. 0. 0. ... 0. 0. 0.],[1. 1. 1. ... 0. 1. 0.]
538,naive_bayes,{},0.5471505792432574,0.09088671090804146,0.15102438601118057,0.15840801544999047,0.5755121930055903,0.07920400772499524,0.5604360838823718,0.16099071207430338,0.5804953560371517,0.5804953560371517,"{0: 0.584468364500762, 1: 0.584468364500762}","{0: 0.584468364500762, 1: 0.584468364500762}",0.584468364500762,"[[513 133]
 [409 237]]",[0. 0. 0. ... 0. 0. 0.],[1. 1. 1. ... 0. 1. 0.]
189,naive_bayes,{},0.5471505792432574,0.09088671090804146,0.15102438601118057,0.15840801544999047,0.5755121930055903,0.07920400772499524,0.5604360838823718,0.16099071207430338,0.5804953560371517,0.5804953560371517,"{0: 0.584468364500762, 1: 0.584468364500762}","{0: 0.584468364500762, 1: 0.584468364500762}",0.584468364500762,"[[513 133]
 [409 237]]",[0. 0. 0. ... 0. 0. 0.],[1. 1. 1. ... 0. 1. 0.]
465,naive_bayes,{},0.5471505792432574,0.09088671090804146,0.15102438601118057,0.15840801544999047,0.5755121930055903,0.07920400772499524,0.5604360838823718,0.16099071207430338,0.5804953560371517,0.5804953560371517,"{0: 0.584468364500762, 1: 0.584468364500762}","{0: 0.584468364500762, 1: 0.584468364500762}",0.584468364500762,"[[513 133]
 [409 237]]",[0. 0. 0. ... 0. 0. 0.],[1. 1. 1. ... 0. 1. 0.]
514,naive_bayes,{},0.5471505792432574,0.09088671090804146,0.15102438601118057,0.15840801544999047,0.5755121930055903,0.07920400772499524,0.5604360838823718,0.16099071207430338,0.5804953560371517,0.5804953560371517,"{0: 0.584468364500762, 1: 0.584468364500762}","{0: 0.584468364500762, 1: 0.584468364500762}",0.584468364500762,"[[513 133]
 [409 237]]",[0. 0. 0. ... 0. 0. 0.],[1. 1. 1. ... 0. 1. 0.]
179,naive_bayes,{},0.5471505792432574,0.09088671090804146,0.15102438601118057,0.15840801544999047,0.5755121930055903,0.07920400772499524,0.5604360838823718,0.16099071207430338,0.5804953560371517,0.5804953560371517,"{0: 0.584468364500762, 1: 0.584468364500762}","{0: 0.584468364500762, 1: 0.584468364500762}",0.584468364500762,"[[513 133]
 [409 237]]",[0. 0. 0. ... 0. 0. 0.],[1. 1. 1. ... 0. 1. 0.]
389,naive_bayes,{},0.5471505792432574,0.09088671090804146,0.15102438601118057,0.15840801544999047,0.5755121930055903,0.07920400772499524,0.5604360838823718,0.16099071207430338,0.5804953560371517,0.5804953560371517,"{0: 0.584468364500762, 1: 0.584468364500762}","{0: 0.584468364500762, 1: 0.584468364500762}",0.584468364500762,"[[513 133]
 [409 237]]",[0. 0. 0. ... 0. 0. 0.],[1. 1. 1. ... 0. 1. 0.]
169,naive_bayes,{},0.5471505792432574,0.09088671090804146,0.15102438601118057,0.15840801544999047,0.5755121930055903,0.07920400772499524,0.5604360838823718,0.16099071207430338,0.5804953560371517,0.5804953560371517,"{0: 0.584468364500762, 1: 0.584468364500762}","{0: 0.584468364500762, 1: 0.584468364500762}",0.584468364500762,"[[513 133]
 [409 237]]",[0. 0. 0. ... 0. 0. 0.],[1. 1. 1. ... 0. 1. 0.]
398,naive_bayes,{},0.5471505792432574,0.09088671090804146,0.15102438601118057,0.15840801544999047,0.5755121930055903,0.07920400772499524,0.5604360838823718,0.16099071207430338,0.5804953560371517,0.5804953560371517,"{0: 0.584468364500762, 1: 0.584468364500762}","{0: 0.584468364500762, 1: 0.584468364500762}",0.584468364500762,"[[513 133]
 [409 237]]",[0. 0. 0. ... 0. 0. 0.],[1. 1. 1. ... 0. 1. 0.]
158,naive_bayes,{},0.5471505792432574,0.09088671090804146,0.15102438601118057,0.15840801544999047,0.5755121930055903,0.07920400772499524,0.5604360838823718,0.16099071207430338,0.5804953560371517,0.5804953560371517,"{0: 0.584468364500762, 1: 0.584468364500762}","{0: 0.584468364500762, 1: 0.584468364500762}",0.584468364500762,"[[513 133]
 [409 237]]",[0. 0. 0. ... 0. 0. 0.],[1. 1. 1. ... 0. 1. 0.]
42,naive_bayes,{},0.5471505792432574,0.09088671090804146,0.15102438601118057,0.15840801544999047,0.5755121930055903,0.07920400772499524,0.5604360838823718,0.16099071207430338,0.5804953560371517,0.5804953560371517,"{0: 0.584468364500762, 1: 0.584468364500762}","{0: 0.584468364500762, 1: 0.584468364500762}",0.584468364500762,"[[513 133]
 [409 237]]",[0. 0. 0. ... 0. 0. 0.],[1. 1. 1. ... 0. 1. 0.]
139,naive_bayes,{},0.5471505792432574,0.09088671090804146,0.15102438601118057,0.15840801544999047,0.5755121930055903,0.07920400772499524,0.5604360838823718,0.16099071207430338,0.5804953560371517,0.5804953560371517,"{0: 0.584468364500762, 1: 0.584468364500762}","{0: 0.584468364500762, 1: 0.584468364500762}",0.584468364500762,"[[513 133]
 [409 237]]",[0. 0. 0. ... 0. 0. 0.],[1. 1. 1. ... 0. 1. 0.]
48,naive_bayes,{},0.5471505792432574,0.09088671090804146,0.15102438601118057,0.15840801544999047,0.5755121930055903,0.07920400772499524,0.5604360838823718,0.16099071207430338,0.5804953560371517,0.5804953560371517,"{0: 0.584468364500762, 1: 0.584468364500762}","{0: 0.584468364500762, 1: 0.584468364500762}",0.584468364500762,"[[513 133]
 [409 237]]",[0. 0. 0. ... 0. 0. 0.],[1. 1. 1. ... 0. 1. 0.]
130,naive_bayes,{},0.5471505792432574,0.09088671090804146,0.15102438601118057,0.15840801544999047,0.5755121930055903,0.07920400772499524,0.5604360838823718,0.16099071207430338,0.5804953560371517,0.5804953560371517,"{0: 0.584468364500762, 1: 0.584468364500762}","{0: 0.584468364500762, 1: 0.584468364500762}",0.584468364500762,"[[513 133]
 [409 237]]",[0. 0. 0. ... 0. 0. 0.],[1. 1. 1. ... 0. 1. 0.]
502,naive_bayes,{},0.5471505792432574,0.09088671090804146,0.15102438601118057,0.15840801544999047,0.5755121930055903,0.07920400772499524,0.5604360838823718,0.16099071207430338,0.5804953560371517,0.5804953560371517,"{0: 0.584468364500762, 1: 0.584468364500762}","{0: 0.584468364500762, 1: 0.584468364500762}",0.584468364500762,"[[513 133]
 [409 237]]",[0. 0. 0. ... 0. 0. 0.],[1. 1. 1. ... 0. 1. 0.]
429,naive_bayes,{},0.5471505792432574,0.09088671090804146,0.15102438601118057,0.15840801544999047,0.5755121930055903,0.07920400772499524,0.5604360838823718,0.16099071207430338,0.5804953560371517,0.5804953560371517,"{0: 0.584468364500762, 1: 0.584468364500762}","{0: 0.584468364500762, 1: 0.584468364500762}",0.584468364500762,"[[513 133]
 [409 237]]",[0. 0. 0. ... 0. 0. 0.],[1. 1. 1. ... 0. 1. 0.]
120,naive_bayes,{},0.5471505792432574,0.09088671090804146,0.15102438601118057,0.15840801544999047,0.5755121930055903,0.07920400772499524,0.5604360838823718,0.16099071207430338,0.5804953560371517,0.5804953560371517,"{0: 0.584468364500762, 1: 0.584468364500762}","{0: 0.584468364500762, 1: 0.584468364500762}",0.584468364500762,"[[513 133]
 [409 237]]",[0. 0. 0. ... 0. 0. 0.],[1. 1. 1. ... 0. 1. 0.]
111,naive_bayes,{},0.5471505792432574,0.09088671090804146,0.15102438601118057,0.15840801544999047,0.5755121930055903,0.07920400772499524,0.5604360838823718,0.16099071207430338,0.5804953560371517,0.5804953560371517,"{0: 0.584468364500762, 1: 0.584468364500762}","{0: 0.584468364500762, 1: 0.584468364500762}",0.584468364500762,"[[513 133]
 [409 237]]",[0. 0. 0. ... 0. 0. 0.],[1. 1. 1. ... 0. 1. 0.]
441,naive_bayes,{},0.5471505792432574,0.09088671090804146,0.15102438601118057,0.15840801544999047,0.5755121930055903,0.07920400772499524,0.5604360838823718,0.16099071207430338,0.5804953560371517,0.5804953560371517,"{0: 0.584468364500762, 1: 0.584468364500762}","{0: 0.584468364500762, 1: 0.584468364500762}",0.584468364500762,"[[513 133]
 [409 237]]",[0. 0. 0. ... 0. 0. 0.],[1. 1. 1. ... 0. 1. 0.]
490,naive_bayes,{},0.5471505792432574,0.09088671090804146,0.15102438601118057,0.15840801544999047,0.5755121930055903,0.07920400772499524,0.5604360838823718,0.16099071207430338,0.5804953560371517,0.5804953560371517,"{0: 0.584468364500762, 1: 0.584468364500762}","{0: 0.584468364500762, 1: 0.584468364500762}",0.584468364500762,"[[513 133]
 [409 237]]",[0. 0. 0. ... 0. 0. 0.],[1. 1. 1. ... 0. 1. 0.]
103,naive_bayes,{},0.5471505792432574,0.09088671090804146,0.15102438601118057,0.15840801544999047,0.5755121930055903,0.07920400772499524,0.5604360838823718,0.16099071207430338,0.5804953560371517,0.5804953560371517,"{0: 0.584468364500762, 1: 0.584468364500762}","{0: 0.584468364500762, 1: 0.584468364500762}",0.584468364500762,"[[513 133]
 [409 237]]",[0. 0. 0. ... 0. 0. 0.],[1. 1. 1. ... 0. 1. 0.]
73,naive_bayes,{},0.5471505792432574,0.09088671090804146,0.15102438601118057,0.15840801544999047,0.5755121930055903,0.07920400772499524,0.5604360838823718,0.16099071207430338,0.5804953560371517,0.5804953560371517,"{0: 0.584468364500762, 1: 0.584468364500762}","{0: 0.584468364500762, 1: 0.584468364500762}",0.584468364500762,"[[513 133]
 [409 237]]",[0. 0. 0. ... 0. 0. 0.],[1. 1. 1. ... 0. 1. 0.]
453,naive_bayes,{},0.5471505792432574,0.09088671090804146,0.15102438601118057,0.15840801544999047,0.5755121930055903,0.07920400772499524,0.5604360838823718,0.16099071207430338,0.5804953560371517,0.5804953560371517,"{0: 0.584468364500762, 1: 0.584468364500762}","{0: 0.584468364500762, 1: 0.584468364500762}",0.584468364500762,"[[513 133]
 [409 237]]",[0. 0. 0. ... 0. 0. 0.],[1. 1. 1. ... 0. 1. 0.]
478,naive_bayes,{},0.5471505792432574,0.09088671090804146,0.15102438601118057,0.15840801544999047,0.5755121930055903,0.07920400772499524,0.5604360838823718,0.16099071207430338,0.5804953560371517,0.5804953560371517,"{0: 0.584468364500762, 1: 0.584468364500762}","{0: 0.584468364500762, 1: 0.584468364500762}",0.584468364500762,"[[513 133]
 [409 237]]",[0. 0. 0. ... 0. 0. 0.],[1. 1. 1. ... 0. 1. 0.]
95,naive_bayes,{},0.5471505792432574,0.09088671090804146,0.15102438601118057,0.15840801544999047,0.5755121930055903,0.07920400772499524,0.5604360838823718,0.16099071207430338,0.5804953560371517,0.5804953560371517,"{0: 0.584468364500762, 1: 0.584468364500762}","{0: 0.584468364500762, 1: 0.584468364500762}",0.584468364500762,"[[513 133]
 [409 237]]",[0. 0. 0. ... 0. 0. 0.],[1. 1. 1. ... 0. 1. 0.]
80,naive_bayes,{},0.5471505792432574,0.09088671090804146,0.15102438601118057,0.15840801544999047,0.5755121930055903,0.07920400772499524,0.5604360838823718,0.16099071207430338,0.5804953560371517,0.5804953560371517,"{0: 0.584468364500762, 1: 0.584468364500762}","{0: 0.584468364500762, 1: 0.584468364500762}",0.584468364500762,"[[513 133]
 [409 237]]",[0. 0. 0. ... 0. 0. 0.],[1. 1. 1. ... 0. 1. 0.]
35,naive_bayes,{},0.5471505792432574,0.09088671090804146,0.15102438601118057,0.15840801544999047,0.5755121930055903,0.07920400772499524,0.5604360838823718,0.16099071207430338,0.5804953560371517,0.5804953560371517,"{0: 0.584468364500762, 1: 0.584468364500762}","{0: 0.584468364500762, 1: 0.584468364500762}",0.584468364500762,"[[513 133]
 [409 237]]",[0. 0. 0. ... 0. 0. 0.],[1. 1. 1. ... 0. 1. 0.]
376,naive_bayes,{},0.5471505792432574,0.09088671090804146,0.15102438601118057,0.15840801544999047,0.5755121930055903,0.07920400772499524,0.5604360838823718,0.16099071207430338,0.5804953560371517,0.5804953560371517,"{0: 0.584468364500762, 1: 0.584468364500762}","{0: 0.584468364500762, 1: 0.584468364500762}",0.584468364500762,"[[513 133]
 [409 237]]",[0. 0. 0. ... 0. 0. 0.],[1. 1. 1. ... 0. 1. 0.]
365,naive_bayes,{},0.5471505792432574,0.09088671090804146,0.15102438601118057,0.15840801544999047,0.5755121930055903,0.07920400772499524,0.5604360838823718,0.16099071207430338,0.5804953560371517,0.5804953560371517,"{0: 0.584468364500762, 1: 0.584468364500762}","{0: 0.584468364500762, 1: 0.584468364500762}",0.584468364500762,"[[513 133]
 [409 237]]",[0. 0. 0. ... 0. 0. 0.],[1. 1. 1. ... 0. 1. 0.]
276,naive_bayes,{},0.5471505792432574,0.09088671090804146,0.15102438601118057,0.15840801544999047,0.5755121930055903,0.07920400772499524,0.5604360838823718,0.16099071207430338,0.5804953560371517,0.5804953560371517,"{0: 0.584468364500762, 1: 0.584468364500762}","{0: 0.584468364500762, 1: 0.584468364500762}",0.584468364500762,"[[513 133]
 [409 237]]",[0. 0. 0. ... 0. 0. 0.],[1. 1. 1. ... 0. 1. 0.]
309,naive_bayes,{},0.5471505792432574,0.09088671090804146,0.15102438601118057,0.15840801544999047,0.5755121930055903,0.07920400772499524,0.5604360838823718,0.16099071207430338,0.5804953560371517,0.5804953560371517,"{0: 0.584468364500762, 1: 0.584468364500762}","{0: 0.584468364500762, 1: 0.584468364500762}",0.584468364500762,"[[513 133]
 [409 237]]",[0. 0. 0. ... 0. 0. 0.],[1. 1. 1. ... 0. 1. 0.]
299,naive_bayes,{},0.5471505792432574,0.09088671090804146,0.15102438601118057,0.15840801544999047,0.5755121930055903,0.07920400772499524,0.5604360838823718,0.16099071207430338,0.5804953560371517,0.5804953560371517,"{0: 0.584468364500762, 1: 0.584468364500762}","{0: 0.584468364500762, 1: 0.584468364500762}",0.584468364500762,"[[513 133]
 [409 237]]",[0. 0. 0. ... 0. 0. 0.],[1. 1. 1. ... 0. 1. 0.]
321,naive_bayes,{},0.5471505792432574,0.09088671090804146,0.15102438601118057,0.15840801544999047,0.5755121930055903,0.07920400772499524,0.5604360838823718,0.16099071207430338,0.5804953560371517,0.5804953560371517,"{0: 0.584468364500762, 1: 0.584468364500762}","{0: 0.584468364500762, 1: 0.584468364500762}",0.584468364500762,"[[513 133]
 [409 237]]",[0. 0. 0. ... 0. 0. 0.],[1. 1. 1. ... 0. 1. 0.]
287,naive_bayes,{},0.5471505792432574,0.09088671090804146,0.15102438601118057,0.15840801544999047,0.5755121930055903,0.07920400772499524,0.5604360838823718,0.16099071207430338,0.5804953560371517,0.5804953560371517,"{0: 0.584468364500762, 1: 0.584468364500762}","{0: 0.584468364500762, 1: 0.584468364500762}",0.584468364500762,"[[513 133]
 [409 237]]",[0. 0. 0. ... 0. 0. 0.],[1. 1. 1. ... 0. 1. 0.]
331,naive_bayes,{},0.5471505792432574,0.09088671090804146,0.15102438601118057,0.15840801544999047,0.5755121930055903,0.07920400772499524,0.5604360838823718,0.16099071207430338,0.5804953560371517,0.5804953560371517,"{0: 0.584468364500762, 1: 0.584468364500762}","{0: 0.584468364500762, 1: 0.584468364500762}",0.584468364500762,"[[513 133]
 [409 237]]",[0. 0. 0. ... 0. 0. 0.],[1. 1. 1. ... 0. 1. 0.]
9,naive_bayes,{},0.5471505792432574,0.09088671090804146,0.15102438601118057,0.15840801544999047,0.5755121930055903,0.07920400772499524,0.5604360838823718,0.16099071207430338,0.5804953560371517,0.5804953560371517,"{0: 0.584468364500762, 1: 0.584468364500762}","{0: 0.584468364500762, 1: 0.584468364500762}",0.584468364500762,"[[513 133]
 [409 237]]",[0. 0. 0. ... 0. 0. 0.],[1. 1. 1. ... 0. 1. 0.]
200,naive_bayes,{},0.5471505792432574,0.09088671090804146,0.15102438601118057,0.15840801544999047,0.5755121930055903,0.07920400772499524,0.5604360838823718,0.16099071207430338,0.5804953560371517,0.5804953560371517,"{0: 0.584468364500762, 1: 0.584468364500762}","{0: 0.584468364500762, 1: 0.584468364500762}",0.584468364500762,"[[513 133]
 [409 237]]",[0. 0. 0. ... 0. 0. 0.],[1. 1. 1. ... 0. 1. 0.]
12,naive_bayes,{},0.5471505792432574,0.09088671090804146,0.15102438601118057,0.15840801544999047,0.5755121930055903,0.07920400772499524,0.5604360838823718,0.16099071207430338,0.5804953560371517,0.5804953560371517,"{0: 0.584468364500762, 1: 0.584468364500762}","{0: 0.584468364500762, 1: 0.584468364500762}",0.584468364500762,"[[513 133]
 [409 237]]",[0. 0. 0. ... 0. 0. 0.],[1. 1. 1. ... 0. 1. 0.]
526,naive_bayes,{},0.5471505792432574,0.09088671090804146,0.15102438601118057,0.15840801544999047,0.5755121930055903,0.07920400772499524,0.5604360838823718,0.16099071207430338,0.5804953560371517,0.5804953560371517,"{0: 0.584468364500762, 1: 0.584468364500762}","{0: 0.584468364500762, 1: 0.584468364500762}",0.584468364500762,"[[513 133]
 [409 237]]",[0. 0. 0. ... 0. 0. 0.],[1. 1. 1. ... 0. 1. 0.]
250,naive_bayes,{},0.5471505792432574,0.09088671090804146,0.15102438601118057,0.15840801544999047,0.5755121930055903,0.07920400772499524,0.5604360838823718,0.16099071207430338,0.5804953560371517,0.5804953560371517,"{0: 0.584468364500762, 1: 0.584468364500762}","{0: 0.584468364500762, 1: 0.584468364500762}",0.584468364500762,"[[513 133]
 [409 237]]",[0. 0. 0. ... 0. 0. 0.],[1. 1. 1. ... 0. 1. 0.]
240,naive_bayes,{},0.5471505792432574,0.09088671090804146,0.15102438601118057,0.15840801544999047,0.5755121930055903,0.07920400772499524,0.5604360838823718,0.16099071207430338,0.5804953560371517,0.5804953560371517,"{0: 0.584468364500762, 1: 0.584468364500762}","{0: 0.584468364500762, 1: 0.584468364500762}",0.584468364500762,"[[513 133]
 [409 237]]",[0. 0. 0. ... 0. 0. 0.],[1. 1. 1. ... 0. 1. 0.]
354,naive_bayes,{},0.5471505792432574,0.09088671090804146,0.15102438601118057,0.15840801544999047,0.5755121930055903,0.07920400772499524,0.5604360838823718,0.16099071207430338,0.5804953560371517,0.5804953560371517,"{0: 0.584468364500762, 1: 0.584468364500762}","{0: 0.584468364500762, 1: 0.584468364500762}",0.584468364500762,"[[513 133]
 [409 237]]",[0. 0. 0. ... 0. 0. 0.],[1. 1. 1. ... 0. 1. 0.]
211,naive_bayes,{},0.5471505792432574,0.09088671090804146,0.15102438601118057,0.15840801544999047,0.5755121930055903,0.07920400772499524,0.5604360838823718,0.16099071207430338,0.5804953560371517,0.5804953560371517,"{0: 0.584468364500762, 1: 0.584468364500762}","{0: 0.584468364500762, 1: 0.584468364500762}",0.584468364500762,"[[513 133]
 [409 237]]",[0. 0. 0. ... 0. 0. 0.],[1. 1. 1. ... 0. 1. 0.]
230,naive_bayes,{},0.5471505792432574,0.09088671090804146,0.15102438601118057,0.15840801544999047,0.5755121930055903,0.07920400772499524,0.5604360838823718,0.16099071207430338,0.5804953560371517,0.5804953560371517,"{0: 0.584468364500762, 1: 0.584468364500762}","{0: 0.584468364500762, 1: 0.584468364500762}",0.584468364500762,"[[513 133]
 [409 237]]",[0. 0. 0. ... 0. 0. 0.],[1. 1. 1. ... 0. 1. 0.]
220,naive_bayes,{},0.5471505792432574,0.09088671090804146,0.15102438601118057,0.15840801544999047,0.5755121930055903,0.07920400772499524,0.5604360838823718,0.16099071207430338,0.5804953560371517,0.5804953560371517,"{0: 0.584468364500762, 1: 0.584468364500762}","{0: 0.584468364500762, 1: 0.584468364500762}",0.584468364500762,"[[513 133]
 [409 237]]",[0. 0. 0. ... 0. 0. 0.],[1. 1. 1. ... 0. 1. 0.]
342,naive_bayes,{},0.5471505792432574,0.09088671090804146,0.15102438601118057,0.15840801544999047,0.5755121930055903,0.07920400772499524,0.5604360838823718,0.16099071207430338,0.5804953560371517,0.5804953560371517,"{0: 0.584468364500762, 1: 0.584468364500762}","{0: 0.584468364500762, 1: 0.584468364500762}",0.584468364500762,"[[513 133]
 [409 237]]",[0. 0. 0. ... 0. 0. 0.],[1. 1. 1. ... 0. 1. 0.]
16,naive_bayes,{},0.5471505792432574,0.09088671090804146,0.15102438601118057,0.15840801544999047,0.5755121930055903,0.07920400772499524,0.5604360838823718,0.16099071207430338,0.5804953560371517,0.5804953560371517,"{0: 0.584468364500762, 1: 0.584468364500762}","{0: 0.584468364500762, 1: 0.584468364500762}",0.584468364500762,"[[513 133]
 [409 237]]",[0. 0. 0. ... 0. 0. 0.],[1. 1. 1. ... 0. 1. 0.]
87,naive_bayes,{},0.5471505792432574,0.09088671090804146,0.15102438601118057,0.15840801544999047,0.5755121930055903,0.07920400772499524,0.5604360838823718,0.16099071207430338,0.5804953560371517,0.5804953560371517,"{0: 0.584468364500762, 1: 0.584468364500762}","{0: 0.584468364500762, 1: 0.584468364500762}",0.584468364500762,"[[513 133]
 [409 237]]",[0. 0. 0. ... 0. 0. 0.],[1. 1. 1. ... 0. 1. 0.]
730,randomforest,"{'criterion': 'entropy', 'max_features': 'sqrt', 'n_estimators': 375}",0.569581892598391,0.0937425915306901,0.1508595913527902,0.1815182419510214,0.5754297956763951,0.0907591209755107,0.5665260736196319,0.1331269349845201,0.56656346749226,0.56656346749226,"{0: 0.6025194337144992, 1: 0.6025194337144993}","{0: 0.6025194337144992, 1: 0.6025194337144993}",0.6025194337144993,"[[360 286]
 [274 372]]",[0. 1. 1. ... 0. 1. 0.],[1. 1. 1. ... 0. 1. 0.]
329,randomforest,"{'criterion': 'gini', 'max_features': 'log2', 'n_estimators': 531}",0.5702897210572411,0.08527920728959575,0.15068964217864925,0.16707083615215332,0.5753448210893246,0.08353541807607667,0.5633408837593932,0.12693498452012386,0.5634674922600619,0.563467492260062,"{0: 0.6011715342809766, 1: 0.6011715342809766}","{0: 0.6011715342809766, 1: 0.6011715342809766}",0.6011715342809766,"[[353 293]
 [271 375]]",[0. 1. 1. ... 0. 1. 0.],[1. 1. 1. ... 0. 1. 0.]
951,randomforest,"{'criterion': 'entropy', 'max_features': None, 'n_estimators': 537}",0.5695217088620498,0.0950356244721996,0.1506473714885333,0.18430003657447297,0.5753236857442666,0.09215001828723648,0.5603451787841099,0.1207430340557275,0.5603715170278638,0.5603715170278638,"{0: 0.5891914041158259, 1: 0.5891914041158258}","{0: 0.5891914041158259, 1: 0.5891914041158258}",0.5891914041158258,"[[357 289]
 [279 367]]",[0. 1. 1. ... 0. 1. 0.],[1. 1. 1. ... 0. 1. 0.]
546,knn,{'n_neighbors': 31},0.5648790299378095,0.07069201289422813,0.15023790443125284,0.1282924381019962,0.5751189522156264,0.0641462190509981,0.5758534854916486,0.15479876160990713,0.5773993808049536,0.5773993808049536,"{0: 0.6123776706380776, 1: 0.6123776706380776}","{0: 0.6123776706380776, 1: 0.6123776706380776}",0.6123776706380776,"[[412 234]
 [312 334]]",[0. 1. 0. ... 0. 1. 0.],[1. 1. 1. ... 0. 1. 0.]
935,knn,{'n_neighbors': 31},0.5648790299378095,0.07069201289422813,0.15023790443125284,0.1282924381019962,0.5751189522156264,0.0641462190509981,0.5758534854916486,0.15479876160990713,0.5773993808049536,0.5773993808049536,"{0: 0.6123776706380776, 1: 0.6123776706380776}","{0: 0.6123776706380776, 1: 0.6123776706380776}",0.6123776706380776,"[[412 234]
 [312 334]]",[0. 1. 0. ... 0. 1. 0.],[1. 1. 1. ... 0. 1. 0.]
206,knn,{'n_neighbors': 31},0.5648790299378095,0.07069201289422813,0.15023790443125284,0.1282924381019962,0.5751189522156264,0.0641462190509981,0.5758534854916486,0.15479876160990713,0.5773993808049536,0.5773993808049536,"{0: 0.6123776706380776, 1: 0.6123776706380776}","{0: 0.6123776706380776, 1: 0.6123776706380776}",0.6123776706380776,"[[412 234]
 [312 334]]",[0. 1. 0. ... 0. 1. 0.],[1. 1. 1. ... 0. 1. 0.]
715,randomforest,"{'criterion': 'gini', 'max_features': None, 'n_estimators': 69}",0.5692765578255103,0.08291938434836495,0.14966604490648835,0.16173150380056386,0.5748330224532441,0.08086575190028192,0.5595909273627084,0.11919504643962853,0.5595975232198143,0.5595975232198143,"{0: 0.5851884423314705, 1: 0.5851884423314705}","{0: 0.5851884423314705, 1: 0.5851884423314705}",0.5851884423314705,"[[359 287]
 [282 364]]",[0. 0. 1. ... 0. 1. 0.],[1. 1. 1. ... 0. 1. 0.]
437,knn,{'n_neighbors': 25},0.5655248373464703,0.07181672454845797,0.14927076505832465,0.132360031786788,0.5746353825291624,0.066180015893394,0.5727551689763594,0.1470588235294118,0.5735294117647058,0.5735294117647058,"{0: 0.6055159639218242, 1: 0.6055159639218242}","{0: 0.6055159639218242, 1: 0.6055159639218242}",0.6055159639218242,"[[398 248]
 [303 343]]",[0. 1. 0. ... 0. 1. 0.],[1. 1. 1. ... 0. 1. 0.]
100,knn,{'n_neighbors': 25},0.5655248373464703,0.07181672454845797,0.14927076505832465,0.132360031786788,0.5746353825291624,0.066180015893394,0.5727551689763594,0.1470588235294118,0.5735294117647058,0.5735294117647058,"{0: 0.6055159639218242, 1: 0.6055159639218242}","{0: 0.6055159639218242, 1: 0.6055159639218242}",0.6055159639218242,"[[398 248]
 [303 343]]",[0. 1. 0. ... 0. 1. 0.],[1. 1. 1. ... 0. 1. 0.]
738,knn,{'n_neighbors': 25},0.5655248373464703,0.07181672454845797,0.14927076505832465,0.132360031786788,0.5746353825291624,0.066180015893394,0.5727551689763594,0.1470588235294118,0.5735294117647058,0.5735294117647058,"{0: 0.6055159639218242, 1: 0.6055159639218242}","{0: 0.6055159639218242, 1: 0.6055159639218242}",0.6055159639218242,"[[398 248]
 [303 343]]",[0. 1. 0. ... 0. 1. 0.],[1. 1. 1. ... 0. 1. 0.]
109,SVC,"{'C': 10, 'gamma': 0.001, 'kernel': 'sigmoid'}",0.5604469077169999,0.11323381831220794,0.14925136736291006,0.2100048921836253,0.574625683681455,0.10500244609181267,0.5669428682956547,0.1346749226006192,0.5673374613003096,0.5673374613003096,"{0: 0.5869892359746571, 1: 0.5869892359746571}","{0: 0.5869892359746571, 1: 0.5869892359746571}",0.5869892359746571,"[[386 260]
 [299 347]]",[0. 0. 1. ... 0. 0. 0.],[1. 1. 1. ... 0. 1. 0.]
571,SVC,"{'C': 1, 'gamma': 0.01, 'kernel': 'sigmoid'}",0.5613993576448177,0.11650985722693154,0.1489925822415191,0.2183685711861809,0.5744962911207595,0.10918428559309046,0.5624730658831723,0.12538699690402477,0.5626934984520123,0.5626934984520124,"{0: 0.581127970171285, 1: 0.581127970171285}","{0: 0.581127970171285, 1: 0.581127970171285}",0.581127970171285,"[[378 268]
 [297 349]]",[0. 0. 1. ... 0. 0. 0.],[1. 1. 1. ... 0. 1. 0.]
228,randomforest,"{'criterion': 'entropy', 'max_features': 'log2', 'n_estimators': 297}",0.5675126406907903,0.0839558229709684,0.14864877582864616,0.1612953382440715,0.5743243879143232,0.08064766912203575,0.5626869489629706,0.12538699690402477,0.5626934984520123,0.5626934984520124,"{0: 0.5991790393850225, 1: 0.5991790393850223}","{0: 0.5991790393850225, 1: 0.5991790393850223}",0.5991790393850223,"[[361 285]
 [280 366]]",[0. 1. 1. ... 0. 1. 0.],[1. 1. 1. ... 0. 1. 0.]
675,randomforest,"{'criterion': 'entropy', 'max_features': None, 'n_estimators': 251}",0.5679769929396267,0.09350906180358849,0.14803843527703103,0.18155050983906654,0.5740192176385155,0.09077525491953327,0.5611431446962866,0.1222910216718266,0.5611455108359134,0.5611455108359134,"{0: 0.5921939249872998, 1: 0.5921939249872997}","{0: 0.5921939249872998, 1: 0.5921939249872997}",0.5921939249872997,"[[361 285]
 [282 364]]",[0. 1. 1. ... 0. 1. 0.],[1. 1. 1. ... 0. 1. 0.]
865,randomforest,"{'criterion': 'entropy', 'max_features': None, 'n_estimators': 91}",0.568058605815984,0.09805278067783886,0.14784947067879958,0.19288767794614148,0.5739247353393998,0.09644383897307073,0.5595845951540096,0.11919504643962853,0.5595975232198143,0.5595975232198143,"{0: 0.5871569745708288, 1: 0.5871569745708288}","{0: 0.5871569745708288, 1: 0.5871569745708288}",0.5871569745708288,"[[358 288]
 [281 365]]",[0. 1. 1. ... 0. 1. 0.],[1. 1. 1. ... 0. 1. 0.]
630,AdaBoost,"{'algorithm': 'SAMME.R', 'learning_rate': 0.7530612244897958, 'n_estimators': 30}",0.5666719003829931,0.10680146914075044,0.1475014508204717,0.2072909808818276,0.5737507254102359,0.1036454904409138,0.5621075909812029,0.12693498452012386,0.5634674922600619,0.563467492260062,"{0: 0.5741248837811155, 1: 0.5741248837811155}","{0: 0.5741248837811155, 1: 0.5741248837811155}",0.5741248837811155,"[[400 246]
 [318 328]]",[0. 0. 1. ... 0. 0. 0.],[1. 1. 1. ... 0. 1. 0.]
198,randomforest,"{'criterion': 'entropy', 'max_features': 'sqrt', 'n_estimators': 307}",0.567978181054741,0.0792246272487025,0.14658697917370517,0.1545005807291247,0.5732934895868526,0.07725029036456234,0.5634298312883436,0.12693498452012386,0.5634674922600619,0.5634674922600619,"{0: 0.5964868349164663, 1: 0.5964868349164661}","{0: 0.5964868349164663, 1: 0.5964868349164661}",0.5964868349164661,"[[358 288]
 [276 370]]",[0. 1. 1. ... 0. 1. 0.],[1. 1. 1. ... 0. 1. 0.]
128,randomforest,"{'criterion': 'entropy', 'max_features': 'log2', 'n_estimators': 449}",0.5669300189135932,0.09429134016754402,0.14647306411175215,0.18169588217966776,0.573236532055876,0.09084794108983389,0.5611389381628396,0.1222910216718266,0.5611455108359134,0.5611455108359134,"{0: 0.5993779294347689, 1: 0.5993779294347689}","{0: 0.5993779294347689, 1: 0.5993779294347689}",0.5993779294347689,"[[360 286]
 [281 365]]",[0. 1. 1. ... 0. 1. 0.],[1. 1. 1. ... 0. 1. 0.]
619,SVC,"{'C': 1, 'gamma': 0.01, 'kernel': 'sigmoid'}",0.5604533802861539,0.1082978869571996,0.14628699564975864,0.20316476590025112,0.5731434978248794,0.10158238295012556,0.5632623705408516,0.12693498452012386,0.5634674922600619,0.563467492260062,"{0: 0.5812741423765204, 1: 0.5812741423765204}","{0: 0.5812741423765204, 1: 0.5812741423765204}",0.5812741423765204,"[[378 268]
 [296 350]]",[0. 0. 1. ... 0. 0. 0.],[1. 1. 1. ... 0. 1. 0.]
427,randomforest,"{'criterion': 'entropy', 'max_features': None, 'n_estimators': 427}",0.5670211833639375,0.0832311376246711,0.146277662518353,0.16081674280159808,0.5731388312591765,0.08040837140079904,0.5595909273627084,0.11919504643962853,0.5595975232198143,0.5595975232198143,"{0: 0.5944895474891928, 1: 0.5944895474891928}","{0: 0.5944895474891928, 1: 0.5944895474891928}",0.5944895474891928,"[[359 287]
 [282 364]]",[0. 1. 1. ... 0. 1. 0.],[1. 1. 1. ... 0. 1. 0.]
385,randomforest,"{'criterion': 'entropy', 'max_features': 'sqrt', 'n_estimators': 339}",0.5680922291269178,0.09575454245260506,0.14609877832466872,0.1883501712776273,0.5730493891623343,0.09417508563881365,0.5603620356236536,0.1207430340557275,0.5603715170278638,0.5603715170278638,"{0: 0.599869163894986, 1: 0.5998691638949861}","{0: 0.599869163894986, 1: 0.5998691638949861}",0.5998691638949861,"[[359 287]
 [281 365]]",[0. 1. 1. ... 0. 1. 0.],[1. 1. 1. ... 0. 1. 0.]
524,randomforest,"{'criterion': 'entropy', 'max_features': 'log2', 'n_estimators': 115}",0.5679310605547704,0.07881749666239096,0.14608819039130927,0.15426360925710095,0.5730440951956546,0.07713180462855047,0.5657829705632327,0.13157894736842102,0.5657894736842105,0.5657894736842106,"{0: 0.6013213008847013, 1: 0.6013213008847014}","{0: 0.6013213008847013, 1: 0.6013213008847014}",0.6013213008847014,"[[363 283]
 [278 368]]",[0. 1. 1. ... 0. 1. 0.],[1. 1. 1. ... 0. 1. 0.]
463,randomforest,"{'criterion': 'gini', 'max_features': None, 'n_estimators': 355}",0.5666617541243409,0.09160024769584998,0.14587551584329211,0.17705392619554447,0.572937757921646,0.08852696309777225,0.5572712982133272,0.11455108359133126,0.5572755417956656,0.5572755417956656,"{0: 0.591213852332525, 1: 0.5912138523325249}","{0: 0.591213852332525, 1: 0.5912138523325249}",0.5912138523325249,"[[362 284]
 [288 358]]",[0. 1. 1. ... 0. 1. 0.],[1. 1. 1. ... 0. 1. 0.]
24,AdaBoost,"{'algorithm': 'SAMME.R', 'learning_rate': 0.6714285714285714, 'n_estimators': 30}",0.5637530284000192,0.09830919141745248,0.14532246094698784,0.19003503982934442,0.5726612304734939,0.09501751991467221,0.5620689675932866,0.12848297213622295,0.5642414860681114,0.5642414860681114,"{0: 0.5808188519011972, 1: 0.5808188519011972}","{0: 0.5808188519011972, 1: 0.5808188519011972}",0.5808188519011972,"[[410 236]
 [327 319]]",[0. 0. 1. ... 0. 0. 0.],[1. 1. 1. ... 0. 1. 0.]
84,knn,{'n_neighbors': 15},0.563767489381004,0.06241099921700505,0.14518552544516872,0.11564063407579397,0.5725927627225843,0.05782031703789699,0.572303448275862,0.1455108359133127,0.5727554179566563,0.5727554179566563,"{0: 0.5936556470396533, 1: 0.5936556470396533}","{0: 0.5936556470396533, 1: 0.5936556470396533}",0.5936556470396533,"[[391 255]
 [297 349]]",[1. 1. 0. ... 0. 0. 0.],[1. 1. 1. ... 0. 1. 0.]
752,knn,{'n_neighbors': 15},0.563767489381004,0.06241099921700505,0.14518552544516872,0.11564063407579397,0.5725927627225843,0.05782031703789699,0.572303448275862,0.1455108359133127,0.5727554179566563,0.5727554179566563,"{0: 0.5936556470396533, 1: 0.5936556470396533}","{0: 0.5936556470396533, 1: 0.5936556470396533}",0.5936556470396533,"[[391 255]
 [297 349]]",[1. 1. 0. ... 0. 0. 0.],[1. 1. 1. ... 0. 1. 0.]
425,knn,{'n_neighbors': 15},0.563767489381004,0.06241099921700505,0.14518552544516872,0.11564063407579397,0.5725927627225843,0.05782031703789699,0.572303448275862,0.1455108359133127,0.5727554179566563,0.5727554179566563,"{0: 0.5936556470396533, 1: 0.5936556470396533}","{0: 0.5936556470396533, 1: 0.5936556470396533}",0.5936556470396533,"[[391 255]
 [297 349]]",[1. 1. 0. ... 0. 0. 0.],[1. 1. 1. ... 0. 1. 0.]
208,randomforest,"{'criterion': 'gini', 'max_features': 'sqrt', 'n_estimators': 393}",0.5668646494138071,0.09113962190485905,0.14515570132568978,0.17777392018921848,0.5725778506628448,0.08888696009460924,0.5595529313789809,0.11919504643962853,0.5595975232198143,0.5595975232198143,"{0: 0.596494023713445, 1: 0.596494023713445}","{0: 0.596494023713445, 1: 0.596494023713445}",0.596494023713445,"[[355 291]
 [278 368]]",[0. 1. 1. ... 0. 1. 0.],[1. 1. 1. ... 0. 1. 0.]
647,knn,{'n_neighbors': 45},0.560633347756423,0.07071812981759189,0.14513271182794887,0.13434361985767537,0.5725663559139744,0.06717180992883769,0.5685660805793366,0.14086687306501544,0.5704334365325078,0.5704334365325078,"{0: 0.6097669392019477, 1: 0.6097669392019477}","{0: 0.6097669392019477, 1: 0.6097669392019477}",0.6097669392019477,"[[411 235]
 [320 326]]",[0. 1. 0. ... 0. 1. 0.],[1. 1. 1. ... 0. 1. 0.]
25,knn,{'n_neighbors': 45},0.560633347756423,0.07071812981759189,0.14513271182794887,0.13434361985767537,0.5725663559139744,0.06717180992883769,0.5685660805793366,0.14086687306501544,0.5704334365325078,0.5704334365325078,"{0: 0.6097669392019477, 1: 0.6097669392019477}","{0: 0.6097669392019477, 1: 0.6097669392019477}",0.6097669392019477,"[[411 235]
 [320 326]]",[0. 1. 0. ... 0. 1. 0.],[1. 1. 1. ... 0. 1. 0.]
283,knn,{'n_neighbors': 45},0.560633347756423,0.07071812981759189,0.14513271182794887,0.13434361985767537,0.5725663559139744,0.06717180992883769,0.5685660805793366,0.14086687306501544,0.5704334365325078,0.5704334365325078,"{0: 0.6097669392019477, 1: 0.6097669392019477}","{0: 0.6097669392019477, 1: 0.6097669392019477}",0.6097669392019477,"[[411 235]
 [320 326]]",[0. 1. 0. ... 0. 1. 0.],[1. 1. 1. ... 0. 1. 0.]
741,randomforest,"{'criterion': 'gini', 'max_features': 'log2', 'n_estimators': 413}",0.565786706910108,0.08576828917485951,0.14368216280991278,0.16569550513365364,0.5718410814049563,0.08284775256682682,0.5626345459872417,0.12538699690402477,0.5626934984520123,0.5626934984520124,"{0: 0.6011942988047427, 1: 0.6011942988047427}","{0: 0.6011942988047427, 1: 0.6011942988047427}",0.6011942988047427,"[[356 290]
 [275 371]]",[0. 1. 1. ... 0. 1. 0.],[1. 1. 1. ... 0. 1. 0.]
702,randomforest,"{'criterion': 'entropy', 'max_features': 'log2', 'n_estimators': 415}",0.5656608233333336,0.0936280424101152,0.14342082250844804,0.18073311628637223,0.5717104112542241,0.09036655814318612,0.5580280891909396,0.11609907120743035,0.5580495356037152,0.5580495356037152,"{0: 0.6012829606341477, 1: 0.6012829606341477}","{0: 0.6012829606341477, 1: 0.6012829606341477}",0.6012829606341477,"[[356 290]
 [281 365]]",[0. 1. 1. ... 0. 1. 0.],[1. 1. 1. ... 0. 1. 0.]
852,randomforest,"{'criterion': 'gini', 'max_features': 'log2', 'n_estimators': 497}",0.5653661478853734,0.09607335528009305,0.1432495273144061,0.18532122987251554,0.571624763657203,0.09266061493625777,0.5610063910686838,0.1222910216718266,0.5611455108359134,0.5611455108359134,"{0: 0.6003627946208628, 1: 0.6003627946208628}","{0: 0.6003627946208628, 1: 0.6003627946208628}",0.6003627946208628,"[[351 295]
 [272 374]]",[0. 1. 1. ... 0. 1. 0.],[1. 1. 1. ... 0. 1. 0.]
178,randomforest,"{'criterion': 'gini', 'max_features': 'log2', 'n_estimators': 243}",0.5669927701741337,0.0976046876869832,0.14322493529232358,0.19233778511960137,0.5716124676461618,0.09616889255980068,0.5572744809077077,0.11455108359133126,0.5572755417956656,0.5572755417956656,"{0: 0.5968546616952142, 1: 0.5968546616952142}","{0: 0.5968546616952142, 1: 0.5968546616952142}",0.5968546616952142,"[[359 287]
 [285 361]]",[0. 1. 1. ... 0. 1. 0.],[1. 1. 1. ... 0. 1. 0.]
649,randomforest,"{'criterion': 'entropy', 'max_features': 'sqrt', 'n_estimators': 331}",0.5662067093454848,0.09002427709362516,0.142851838267504,0.17531006515226177,0.571425919133752,0.08765503257613089,0.5610863496898515,0.1222910216718266,0.5611455108359134,0.5611455108359134,"{0: 0.5985236607271229, 1: 0.5985236607271227}","{0: 0.5985236607271229, 1: 0.5985236607271227}",0.5985236607271227,"[[355 291]
 [276 370]]",[0. 1. 1. ... 0. 1. 0.],[1. 1. 1. ... 0. 1. 0.]
513,randomforest,"{'criterion': 'gini', 'max_features': 'sqrt', 'n_estimators': 257}",0.5657278851947016,0.10601706974511337,0.14209386172685273,0.20721122962427915,0.5710469308634264,0.10360561481213959,0.5571694278263537,0.11455108359133126,0.5572755417956656,0.5572755417956656,"{0: 0.5972572343260263, 1: 0.5972572343260263}","{0: 0.5972572343260263, 1: 0.5972572343260263}",0.5972572343260263,"[[350 296]
 [276 370]]",[0. 0. 1. ... 0. 1. 0.],[1. 1. 1. ... 0. 1. 0.]
853,SVC,"{'C': 0.1, 'gamma': 0.01, 'kernel': 'rbf'}",0.5536834298827334,0.09770212048145643,0.14201204075559265,0.18052321322749024,0.5710060203777964,0.09026160661374513,0.5621223208921154,0.1346749226006192,0.5673374613003096,0.5673374613003096,"{0: 0.5890967516222718, 1: 0.5890967516222718}","{0: 0.5890967516222718, 1: 0.5890967516222718}",0.5890967516222718,"[[437 209]
 [350 296]]",[0. 0. 0. ... 0. 0. 0.],[1. 1. 1. ... 0. 1. 0.]
78,randomforest,"{'criterion': 'gini', 'max_features': None, 'n_estimators': 213}",0.5652727384986094,0.07894085178745754,0.14184738549634976,0.15521667168539824,0.5709236927481749,0.07760833584269912,0.559432567499621,0.11919504643962853,0.5595975232198143,0.5595975232198143,"{0: 0.5908915546013094, 1: 0.5908915546013094}","{0: 0.5908915546013094, 1: 0.5908915546013094}",0.5908915546013094,"[[349 297]
 [272 374]]",[0. 1. 1. ... 0. 1. 0.],[1. 1. 1. ... 0. 1. 0.]
3,randomforest,"{'criterion': 'entropy', 'max_features': 'sqrt', 'n_estimators': 429}",0.5655220431031224,0.08406529076080509,0.1417991923635343,0.16453483101368135,0.5708995961817671,0.08226741550684068,0.5642098969351338,0.12848297213622295,0.5642414860681114,0.5642414860681114,"{0: 0.5993875144974072, 1: 0.5993875144974072}","{0: 0.5993875144974072, 1: 0.5993875144974072}",0.5993875144974072,"[[359 287]
 [276 370]]",[0. 1. 1. ... 0. 1. 0.],[1. 1. 1. ... 0. 1. 0.]
838,randomforest,"{'criterion': 'entropy', 'max_features': 'sqrt', 'n_estimators': 525}",0.564748650565847,0.08272971674398098,0.1415629869926004,0.1613337731505724,0.5707814934963001,0.0806668865752862,0.5603198911009019,0.1207430340557275,0.5603715170278638,0.5603715170278638,"{0: 0.6010217676772518, 1: 0.6010217676772518}","{0: 0.6010217676772518, 1: 0.6010217676772518}",0.6010217676772518,"[[355 291]
 [277 369]]",[0. 1. 1. ... 0. 1. 0.],[1. 1. 1. ... 0. 1. 0.]
761,AdaBoost,"{'algorithm': 'SAMME.R', 'learning_rate': 0.3448979591836735, 'n_estimators': 85}",0.5617584641560505,0.09210465715988249,0.14152059291106067,0.1749512501965676,0.5707602964555303,0.0874756250982838,0.5641599665188034,0.13157894736842102,0.5657894736842105,0.5657894736842106,"{0: 0.5755266991919793, 1: 0.5755266991919792}","{0: 0.5755266991919793, 1: 0.5755266991919792}",0.5755266991919792,"[[405 241]
 [320 326]]",[0. 0. 1. ... 0. 0. 0.],[1. 1. 1. ... 0. 1. 0.]
286,SVC,"{'C': 0.1, 'gamma': 0.01, 'kernel': 'rbf'}",0.5546836411501342,0.10115052273165007,0.1414057526095149,0.1944145690537078,0.5707028763047574,0.09720728452685391,0.5601417037403197,0.13003095975232193,0.565015479876161,0.565015479876161,"{0: 0.5869532919897631, 1: 0.5869532919897632}","{0: 0.5869532919897631, 1: 0.5869532919897632}",0.5869532919897632,"[[433 213]
 [349 297]]",[0. 0. 0. ... 0. 0. 0.],[1. 1. 1. ... 0. 1. 0.]
975,SVC,"{'C': 0.1, 'gamma': 0.01, 'kernel': 'rbf'}",0.5561491098194301,0.09657652878749613,0.1411553575209727,0.18361752088725583,0.5705776787604863,0.09180876044362793,0.5577205626190931,0.12538699690402477,0.5626934984520123,0.5626934984520123,"{0: 0.5854256726317707, 1: 0.5854256726317707}","{0: 0.5854256726317707, 1: 0.5854256726317707}",0.5854256726317707,"[[432 214]
 [351 295]]",[0. 0. 0. ... 0. 0. 0.],[1. 1. 1. ... 0. 1. 0.]
906,knn,{'n_neighbors': 39},0.5599678538928348,0.07438425762177987,0.14053094238789504,0.14460323425038196,0.5702654711939474,0.07230161712519098,0.566099910904336,0.1346749226006192,0.5673374613003096,0.5673374613003096,"{0: 0.6087892628128324, 1: 0.6087892628128325}","{0: 0.6087892628128324, 1: 0.6087892628128325}",0.6087892628128325,"[[401 245]
 [314 332]]",[0. 1. 0. ... 0. 1. 0.],[1. 1. 1. ... 0. 1. 0.]
534,knn,{'n_neighbors': 39},0.5599678538928348,0.07438425762177987,0.14053094238789504,0.14460323425038196,0.5702654711939474,0.07230161712519098,0.566099910904336,0.1346749226006192,0.5673374613003096,0.5673374613003096,"{0: 0.6087892628128324, 1: 0.6087892628128325}","{0: 0.6087892628128324, 1: 0.6087892628128325}",0.6087892628128325,"[[401 245]
 [314 332]]",[0. 1. 0. ... 0. 1. 0.],[1. 1. 1. ... 0. 1. 0.]
186,knn,{'n_neighbors': 39},0.5599678538928348,0.07438425762177987,0.14053094238789504,0.14460323425038196,0.5702654711939474,0.07230161712519098,0.566099910904336,0.1346749226006192,0.5673374613003096,0.5673374613003096,"{0: 0.6087892628128324, 1: 0.6087892628128325}","{0: 0.6087892628128324, 1: 0.6087892628128325}",0.6087892628128325,"[[401 245]
 [314 332]]",[0. 1. 0. ... 0. 1. 0.],[1. 1. 1. ... 0. 1. 0.]
522,knn,{'n_neighbors': 37},0.5603374695802151,0.08061778480478723,0.14042090719169054,0.15184298698756857,0.5702104535958452,0.07592149349378428,0.5735627519411303,0.15015479876160986,0.5750773993808049,0.5750773993808049,"{0: 0.6098867524849274, 1: 0.6098867524849274}","{0: 0.6098867524849274, 1: 0.6098867524849274}",0.6098867524849274,"[[410 236]
 [313 333]]",[0. 1. 0. ... 0. 1. 0.],[1. 1. 1. ... 0. 1. 0.]
226,knn,{'n_neighbors': 37},0.5603374695802151,0.08061778480478723,0.14042090719169054,0.15184298698756857,0.5702104535958452,0.07592149349378428,0.5735627519411303,0.15015479876160986,0.5750773993808049,0.5750773993808049,"{0: 0.6098867524849274, 1: 0.6098867524849274}","{0: 0.6098867524849274, 1: 0.6098867524849274}",0.6098867524849274,"[[410 236]
 [313 333]]",[0. 1. 0. ... 0. 1. 0.],[1. 1. 1. ... 0. 1. 0.]
966,knn,{'n_neighbors': 37},0.5603374695802151,0.08061778480478723,0.14042090719169054,0.15184298698756857,0.5702104535958452,0.07592149349378428,0.5735627519411303,0.15015479876160986,0.5750773993808049,0.5750773993808049,"{0: 0.6098867524849274, 1: 0.6098867524849274}","{0: 0.6098867524849274, 1: 0.6098867524849274}",0.6098867524849274,"[[410 236]
 [313 333]]",[0. 1. 0. ... 0. 1. 0.],[1. 1. 1. ... 0. 1. 0.]
91,knn,{'n_neighbors': 19},0.5599594144182575,0.07999134317975634,0.14038438528192987,0.15312871635019074,0.5701921926409649,0.07656435817509537,0.5683618245494497,0.13777089783281737,0.5688854489164087,0.5688854489164086,"{0: 0.5998979190829011, 1: 0.5998979190829011}","{0: 0.5998979190829011, 1: 0.5998979190829011}",0.5998979190829011,"[[390 256]
 [301 345]]",[1. 1. 0. ... 0. 1. 0.],[1. 1. 1. ... 0. 1. 0.]
394,knn,{'n_neighbors': 19},0.5599594144182575,0.07999134317975634,0.14038438528192987,0.15312871635019074,0.5701921926409649,0.07656435817509537,0.5683618245494497,0.13777089783281737,0.5688854489164087,0.5688854489164086,"{0: 0.5998979190829011, 1: 0.5998979190829011}","{0: 0.5998979190829011, 1: 0.5998979190829011}",0.5998979190829011,"[[390 256]
 [301 345]]",[1. 1. 0. ... 0. 1. 0.],[1. 1. 1. ... 0. 1. 0.]
699,knn,{'n_neighbors': 19},0.5599594144182575,0.07999134317975634,0.14038438528192987,0.15312871635019074,0.5701921926409649,0.07656435817509537,0.5683618245494497,0.13777089783281737,0.5688854489164087,0.5688854489164086,"{0: 0.5998979190829011, 1: 0.5998979190829011}","{0: 0.5998979190829011, 1: 0.5998979190829011}",0.5998979190829011,"[[390 256]
 [301 345]]",[1. 1. 0. ... 0. 1. 0.],[1. 1. 1. ... 0. 1. 0.]
135,knn,{'n_neighbors': 35},0.5607903316825267,0.079593897712545,0.14007204390468017,0.148087836895537,0.57003602195234,0.07404391844776852,0.5762254901960785,0.15479876160990713,0.5773993808049536,0.5773993808049536,"{0: 0.6116144600254962, 1: 0.6116144600254962}","{0: 0.6116144600254962, 1: 0.6116144600254962}",0.6116144600254962,"[[407 239]
 [307 339]]",[0. 1. 0. ... 0. 1. 0.],[1. 1. 1. ... 0. 1. 0.]
350,knn,{'n_neighbors': 35},0.5607903316825267,0.079593897712545,0.14007204390468017,0.148087836895537,0.57003602195234,0.07404391844776852,0.5762254901960785,0.15479876160990713,0.5773993808049536,0.5773993808049536,"{0: 0.6116144600254962, 1: 0.6116144600254962}","{0: 0.6116144600254962, 1: 0.6116144600254962}",0.6116144600254962,"[[407 239]
 [307 339]]",[0. 1. 0. ... 0. 1. 0.],[1. 1. 1. ... 0. 1. 0.]
765,knn,{'n_neighbors': 35},0.5607903316825267,0.079593897712545,0.14007204390468017,0.148087836895537,0.57003602195234,0.07404391844776852,0.5762254901960785,0.15479876160990713,0.5773993808049536,0.5773993808049536,"{0: 0.6116144600254962, 1: 0.6116144600254962}","{0: 0.6116144600254962, 1: 0.6116144600254962}",0.6116144600254962,"[[407 239]
 [307 339]]",[0. 1. 0. ... 0. 1. 0.],[1. 1. 1. ... 0. 1. 0.]
545,SVC,"{'C': 100, 'gamma': 0.1, 'kernel': 'rbf'}",0.5657510667082387,0.12138163107366871,0.13997615933061275,0.24116260842665604,0.5699880796653063,0.12058130421332802,0.5507724919489626,0.10216718266253866,0.5510835913312694,0.5510835913312693,"{0: 0.5513471805538249, 1: 0.5513471805538249}","{0: 0.5513471805538249, 1: 0.5513471805538249}",0.5513471805538249,"[[339 307]
 [273 373]]",[1. 0. 1. ... 1. 0. 0.],[1. 1. 1. ... 0. 1. 0.]
249,randomforest,"{'criterion': 'gini', 'max_features': 'log2', 'n_estimators': 533}",0.5646514646947637,0.08693363389323859,0.13991626658321038,0.16921243203791542,0.5699581332916052,0.08460621601895771,0.5603040848216425,0.1207430340557275,0.5603715170278638,0.5603715170278638,"{0: 0.5965443452922965, 1: 0.5965443452922965}","{0: 0.5965443452922965, 1: 0.5965443452922965}",0.5965443452922965,"[[354 292]
 [276 370]]",[0. 1. 1. ... 0. 1. 0.],[1. 1. 1. ... 0. 1. 0.]
391,SVC,"{'C': 1, 'gamma': 0.01, 'kernel': 'sigmoid'}",0.5567488920002458,0.1113303312659797,0.1398461302574271,0.20879014966229803,0.5699230651287135,0.10439507483114903,0.5602197654684399,0.1207430340557275,0.5603715170278638,0.5603715170278638,"{0: 0.5786981567924546, 1: 0.5786981567924546}","{0: 0.5786981567924546, 1: 0.5786981567924546}",0.5786981567924546,"[[374 272]
 [296 350]]",[0. 0. 1. ... 0. 0. 0.],[1. 1. 1. ... 0. 1. 0.]
677,SVC,"{'C': 1, 'gamma': 0.01, 'kernel': 'sigmoid'}",0.5574527335869617,0.1123555505792066,0.1398320003182927,0.2118601202197687,0.5699160001591465,0.10593006010988433,0.5601016640291565,0.1207430340557275,0.5603715170278638,0.5603715170278638,"{0: 0.5781326380967899, 1: 0.5781326380967899}","{0: 0.5781326380967899, 1: 0.5781326380967899}",0.5781326380967899,"[[378 268]
 [300 346]]",[0. 0. 1. ... 0. 0. 0.],[1. 1. 1. ... 0. 1. 0.]
272,knn,{'n_neighbors': 21},0.5597049846291323,0.07326448800804268,0.13979495604761993,0.13941992867647376,0.56989747802381,0.06970996433823688,0.5715499618309853,0.14396284829721362,0.5719814241486069,0.5719814241486068,"{0: 0.6003532095582245, 1: 0.6003532095582245}","{0: 0.6003532095582245, 1: 0.6003532095582245}",0.6003532095582245,"[[390 256]
 [297 349]]",[0. 1. 0. ... 0. 1. 0.],[1. 1. 1. ... 0. 1. 0.]
950,knn,{'n_neighbors': 21},0.5597049846291323,0.07326448800804268,0.13979495604761993,0.13941992867647376,0.56989747802381,0.06970996433823688,0.5715499618309853,0.14396284829721362,0.5719814241486069,0.5719814241486068,"{0: 0.6003532095582245, 1: 0.6003532095582245}","{0: 0.6003532095582245, 1: 0.6003532095582245}",0.6003532095582245,"[[390 256]
 [297 349]]",[0. 1. 0. ... 0. 1. 0.],[1. 1. 1. ... 0. 1. 0.]
570,knn,{'n_neighbors': 21},0.5597049846291323,0.07326448800804268,0.13979495604761993,0.13941992867647376,0.56989747802381,0.06970996433823688,0.5715499618309853,0.14396284829721362,0.5719814241486069,0.5719814241486068,"{0: 0.6003532095582245, 1: 0.6003532095582245}","{0: 0.6003532095582245, 1: 0.6003532095582245}",0.6003532095582245,"[[390 256]
 [297 349]]",[0. 1. 0. ... 0. 1. 0.],[1. 1. 1. ... 0. 1. 0.]
736,SVC,"{'C': 1, 'gamma': 0.01, 'kernel': 'sigmoid'}",0.5572988983699642,0.11509395410721829,0.13945570419402245,0.21725596309480336,0.5697278520970112,0.10862798154740168,0.5601016640291565,0.1207430340557275,0.5603715170278638,0.5603715170278638,"{0: 0.5792013725809699, 1: 0.5792013725809698}","{0: 0.5792013725809699, 1: 0.5792013725809698}",0.5792013725809698,"[[378 268]
 [300 346]]",[0. 0. 1. ... 0. 0. 0.],[1. 1. 1. ... 0. 1. 0.]
188,randomforest,"{'criterion': 'entropy', 'max_features': None, 'n_estimators': 145}",0.5634189197539929,0.09000276974764575,0.13942403606927478,0.17375060804130035,0.5697120180346373,0.08687530402065018,0.5565012823024293,0.11300309597523217,0.5565015479876161,0.5565015479876161,"{0: 0.5907717413183295, 1: 0.5907717413183294}","{0: 0.5907717413183295, 1: 0.5907717413183294}",0.5907717413183294,"[[359 287]
 [286 360]]",[0. 1. 1. ... 0. 1. 0.],[1. 1. 1. ... 0. 1. 0.]
451,randomforest,"{'criterion': 'entropy', 'max_features': 'log2', 'n_estimators': 323}",0.5623196559936534,0.0963674747837799,0.13848350416860108,0.1831323969947748,0.5692417520843005,0.09156619849738738,0.5580174976020628,0.11609907120743035,0.5580495356037152,0.5580495356037152,"{0: 0.5995025352490679, 1: 0.5995025352490678}","{0: 0.5995025352490679, 1: 0.5995025352490678}",0.5995025352490678,"[[355 291]
 [280 366]]",[0. 1. 1. ... 0. 1. 0.],[1. 1. 1. ... 0. 1. 0.]
642,SVC,"{'C': 0.1, 'gamma': 0.01, 'kernel': 'rbf'}",0.5487258471324448,0.09457080127777236,0.13834865113893768,0.17276842036055332,0.5691743255694689,0.08638421018027664,0.5586760305358438,0.1346749226006192,0.5673374613003096,0.5673374613003096,"{0: 0.5811387533667532, 1: 0.5811387533667534}","{0: 0.5811387533667532, 1: 0.5811387533667534}",0.5811387533667534,"[[457 189]
 [370 276]]",[0. 0. 0. ... 0. 0. 0.],[1. 1. 1. ... 0. 1. 0.]
778,knn,{'n_neighbors': 47},0.5577201872607753,0.07202175157375702,0.13826954665924532,0.1338428888292655,0.5691347733296226,0.06692144441463276,0.5681961201121271,0.14086687306501544,0.5704334365325078,0.5704334365325077,"{0: 0.6106224060424235, 1: 0.6106224060424235}","{0: 0.6106224060424235, 1: 0.6106224060424235}",0.6106224060424235,"[[415 231]
 [324 322]]",[0. 1. 0. ... 0. 0. 0.],[1. 1. 1. ... 0. 1. 0.]
108,knn,{'n_neighbors': 47},0.5577201872607753,0.07202175157375702,0.13826954665924532,0.1338428888292655,0.5691347733296226,0.06692144441463276,0.5681961201121271,0.14086687306501544,0.5704334365325078,0.5704334365325077,"{0: 0.6106224060424235, 1: 0.6106224060424235}","{0: 0.6106224060424235, 1: 0.6106224060424235}",0.6106224060424235,"[[415 231]
 [324 322]]",[0. 1. 0. ... 0. 0. 0.],[1. 1. 1. ... 0. 1. 0.]
473,knn,{'n_neighbors': 47},0.5577201872607753,0.07202175157375702,0.13826954665924532,0.1338428888292655,0.5691347733296226,0.06692144441463276,0.5681961201121271,0.14086687306501544,0.5704334365325078,0.5704334365325077,"{0: 0.6106224060424235, 1: 0.6106224060424235}","{0: 0.6106224060424235, 1: 0.6106224060424235}",0.6106224060424235,"[[415 231]
 [324 322]]",[0. 1. 0. ... 0. 0. 0.],[1. 1. 1. ... 0. 1. 0.]
664,SVC,"{'C': 0.1, 'gamma': 0.01, 'kernel': 'rbf'}",0.5469844450311583,0.09941344323671204,0.138152356572562,0.17951491289131258,0.5690761782862809,0.08975745644565629,0.5577242555488754,0.13622291021671828,0.5681114551083591,0.5681114551083591,"{0: 0.580042461827488, 1: 0.5800424618274881}","{0: 0.580042461827488, 1: 0.5800424618274881}",0.5800424618274881,"[[466 180]
 [378 268]]",[0. 0. 0. ... 0. 0. 0.],[1. 1. 1. ... 0. 1. 0.]
421,SVC,"{'C': 0.1, 'gamma': 0.01, 'kernel': 'rbf'}",0.5499240588563952,0.09888358162637909,0.13796849246255147,0.18596696709703764,0.5689842462312756,0.09298348354851882,0.5577104671914096,0.12848297213622295,0.5642414860681114,0.5642414860681115,"{0: 0.5801359161882123, 1: 0.5801359161882123}","{0: 0.5801359161882123, 1: 0.5801359161882123}",0.5801359161882123,"[[443 203]
 [360 286]]",[0. 0. 0. ... 0. 0. 0.],[1. 1. 1. ... 0. 1. 0.]
352,randomforest,"{'criterion': 'gini', 'max_features': None, 'n_estimators': 167}",0.5632267590532516,0.09881724713957825,0.1378103902416136,0.19050743889255073,0.5689051951208068,0.09525371944627536,0.5509964408546743,0.10216718266253866,0.5510835913312694,0.5510835913312693,"{0: 0.5894909373232754, 1: 0.5894909373232754}","{0: 0.5894909373232754, 1: 0.5894909373232754}",0.5894909373232754,"[[347 299]
 [281 365]]",[0. 1. 1. ... 0. 1. 0.],[1. 1. 1. ... 0. 1. 0.]
988,SVC,"{'C': 100, 'gamma': 0.1, 'kernel': 'rbf'}",0.5644799243123412,0.12246464483325047,0.13728588217481835,0.24311221484980397,0.5686429410874091,0.12155610742490197,0.5489638592374522,0.09907120743034059,0.5495356037151703,0.5495356037151703,"{0: 0.551749753184637, 1: 0.551749753184637}","{0: 0.551749753184637, 1: 0.551749753184637}",0.551749753184637,"[[332 314]
 [268 378]]",[1. 0. 1. ... 1. 0. 0.],[1. 1. 1. ... 0. 1. 0.]
369,SVC,"{'C': 100, 'gamma': 0.1, 'kernel': 'rbf'}",0.5641941371784338,0.12430297770099756,0.13721231685125304,0.24593452395993004,0.5686061584256266,0.122967261979965,0.5498994749190973,0.10061919504643968,0.5503095975232198,0.5503095975232198,"{0: 0.5484045663238409, 1: 0.5484045663238409}","{0: 0.5484045663238409, 1: 0.5484045663238409}",0.5484045663238409,"[[336 310]
 [271 375]]",[1. 0. 1. ... 1. 0. 0.],[1. 1. 1. ... 0. 1. 0.]
5,randomforest,"{'criterion': 'entropy', 'max_features': 'sqrt', 'n_estimators': 549}",0.5626304727692832,0.07828991057521643,0.1369609037189401,0.15233036210152565,0.56848045185947,0.07616518105076282,0.5580365620965544,0.11609907120743035,0.5580495356037152,0.5580495356037152,"{0: 0.5990724055631704, 1: 0.5990724055631703}","{0: 0.5990724055631704, 1: 0.5990724055631703}",0.5990724055631703,"[[357 289]
 [282 364]]",[0. 1. 1. ... 0. 1. 0.],[1. 1. 1. ... 0. 1. 0.]
119,randomforest,"{'criterion': 'entropy', 'max_features': None, 'n_estimators': 391}",0.5615706625046041,0.09333318902608294,0.1368472758706045,0.179380302716641,0.5684236379353023,0.08969015135832048,0.5557009377149279,0.11145510835913308,0.5557275541795665,0.5557275541795665,"{0: 0.5953186554074131, 1: 0.5953186554074131}","{0: 0.5953186554074131, 1: 0.5953186554074131}",0.5953186554074131,"[[354 292]
 [282 364]]",[0. 1. 1. ... 0. 1. 0.],[1. 1. 1. ... 0. 1. 0.]
166,knn,{'n_neighbors': 43},0.5570659032285529,0.07701465036045664,0.13675889986071268,0.1494268302669012,0.5683794499303564,0.0747134151334506,0.5635051169590644,0.13003095975232193,0.565015479876161,0.565015479876161,"{0: 0.6086275148808097, 1: 0.6086275148808097}","{0: 0.6086275148808097, 1: 0.6086275148808097}",0.6086275148808097,"[[403 243]
 [319 327]]",[0. 1. 0. ... 0. 1. 0.],[1. 1. 1. ... 0. 1. 0.]
559,knn,{'n_neighbors': 43},0.5570659032285529,0.07701465036045664,0.13675889986071268,0.1494268302669012,0.5683794499303564,0.0747134151334506,0.5635051169590644,0.13003095975232193,0.565015479876161,0.565015479876161,"{0: 0.6086275148808097, 1: 0.6086275148808097}","{0: 0.6086275148808097, 1: 0.6086275148808097}",0.6086275148808097,"[[403 243]
 [319 327]]",[0. 1. 0. ... 0. 1. 0.],[1. 1. 1. ... 0. 1. 0.]
836,knn,{'n_neighbors': 43},0.5570659032285529,0.07701465036045664,0.13675889986071268,0.1494268302669012,0.5683794499303564,0.0747134151334506,0.5635051169590644,0.13003095975232193,0.565015479876161,0.565015479876161,"{0: 0.6086275148808097, 1: 0.6086275148808097}","{0: 0.6086275148808097, 1: 0.6086275148808097}",0.6086275148808097,"[[403 243]
 [319 327]]",[0. 1. 0. ... 0. 1. 0.],[1. 1. 1. ... 0. 1. 0.]
98,SVC,"{'C': 100, 'gamma': 0.1, 'kernel': 'rbf'}",0.5638330926578312,0.12418595197271819,0.1367155829088669,0.24632559038719548,0.5683577914544334,0.12316279519359771,0.5481636778630579,0.0975232198142415,0.5487616099071208,0.5487616099071208,"{0: 0.5498471182509177, 1: 0.5498471182509177}","{0: 0.5498471182509177, 1: 0.5498471182509177}",0.5498471182509177,"[[331 315]
 [268 378]]",[1. 0. 1. ... 1. 0. 0.],[1. 1. 1. ... 0. 1. 0.]
518,AdaBoost,"{'algorithm': 'SAMME', 'learning_rate': 0.26326530612244897, 'n_estimators': 30}",0.5374204379531508,0.08774832906365806,0.13628720205688183,0.1596222218110616,0.5681436010284409,0.07981111090553081,0.5460767302872566,0.14241486068111453,0.5712074303405573,0.5712074303405572,"{0: 0.5468841357628272, 1: 0.5468841357628272}","{0: 0.5468841357628272, 1: 0.5468841357628272}",0.5468841357628272,"[[521 125]
 [429 217]]",[0. 0. 1. ... 0. 0. 0.],[1. 1. 1. ... 0. 1. 0.]
754,randomforest,"{'criterion': 'entropy', 'max_features': None, 'n_estimators': 203}",0.562188005374457,0.07390729182131422,0.1362326101765468,0.14135862446457065,0.5681163050882734,0.07067931223228532,0.5610505823286315,0.1222910216718266,0.5611455108359134,0.5611455108359134,"{0: 0.5917086811912315, 1: 0.5917086811912315}","{0: 0.5917086811912315, 1: 0.5917086811912315}",0.5917086811912315,"[[353 293]
 [274 372]]",[0. 1. 1. ... 0. 1. 0.],[1. 1. 1. ... 0. 1. 0.]
924,randomforest,"{'criterion': 'entropy', 'max_features': 'sqrt', 'n_estimators': 67}",0.5615157182531274,0.08999322283368374,0.13610886578324233,0.17319504217143555,0.5680544328916212,0.08659752108571776,0.5553013076974738,0.11145510835913308,0.5557275541795665,0.5557275541795665,"{0: 0.590679485090435, 1: 0.590679485090435}","{0: 0.590679485090435, 1: 0.590679485090435}",0.590679485090435,"[[339 307]
 [267 379]]",[0. 1. 1. ... 0. 1. 0.],[1. 1. 1. ... 0. 1. 0.]
72,randomforest,"{'criterion': 'entropy', 'max_features': 'sqrt', 'n_estimators': 133}",0.5603306982771926,0.09851273504311008,0.1360602203433306,0.18868323472739498,0.5680301101716653,0.09434161736369749,0.5518122096105973,0.10371517027863775,0.5518575851393189,0.5518575851393189,"{0: 0.5927378772920281, 1: 0.5927378772920281}","{0: 0.5927378772920281, 1: 0.5927378772920281}",0.5927378772920281,"[[350 296]
 [283 363]]",[0. 0. 1. ... 0. 1. 0.],[1. 1. 1. ... 0. 1. 0.]
86,SVC,"{'C': 100, 'gamma': 0.1, 'kernel': 'rbf'}",0.5636772518698322,0.12318438071958454,0.13587852384390087,0.24484326274125426,0.5679392619219504,0.1224216313706271,0.5484302225547485,0.0975232198142415,0.5487616099071208,0.5487616099071208,"{0: 0.5505923568710522, 1: 0.5505923568710521}","{0: 0.5505923568710522, 1: 0.5505923568710521}",0.5505923568710521,"[[337 309]
 [274 372]]",[1. 0. 1. ... 1. 0. 0.],[1. 1. 1. ... 0. 1. 0.]
275,SVC,"{'C': 100, 'gamma': 0.1, 'kernel': 'rbf'}",0.5638733940007916,0.12517917772511072,0.13563646035183738,0.24879482558078989,0.5678182301759187,0.12439741279039494,0.5475962633857371,0.09597523219814241,0.5479876160990712,0.5479876160990712,"{0: 0.5506953962944148, 1: 0.5506953962944148}","{0: 0.5506953962944148, 1: 0.5506953962944148}",0.5506953962944148,"[[335 311]
 [273 373]]",[1. 0. 1. ... 1. 0. 0.],[1. 1. 1. ... 0. 1. 0.]
943,SVC,"{'C': 10, 'gamma': 0.01, 'kernel': 'sigmoid'}",0.5572027971629719,0.09314670230711264,0.13550201074672183,0.17287970402563085,0.5677510053733609,0.08643985201281543,0.5667142410624029,0.1346749226006192,0.5673374613003096,0.5673374613003096,"{0: 0.5771405841137172, 1: 0.5771405841137172}","{0: 0.5771405841137172, 1: 0.5771405841137172}",0.5771405841137172,"[[391 255]
 [304 342]]",[0. 1. 1. ... 0. 1. 1.],[1. 1. 1. ... 0. 1. 0.]
834,SVC,"{'C': 0.1, 'gamma': 0.01, 'kernel': 'rbf'}",0.5518535639972568,0.09930230874599384,0.1354885115948271,0.1877337434864095,0.5677442557974135,0.09386687174320475,0.5570110397100017,0.12383900928792568,0.5619195046439629,0.5619195046439629,"{0: 0.5841712275589721, 1: 0.5841712275589721}","{0: 0.5841712275589721, 1: 0.5841712275589721}",0.5841712275589721,"[[431 215]
 [351 295]]",[0. 0. 0. ... 0. 0. 0.],[1. 1. 1. ... 0. 1. 0.]
598,SVC,"{'C': 100, 'gamma': 0.1, 'kernel': 'rbf'}",0.5629959224034435,0.12502803481498415,0.1351553375986216,0.2479048727161222,0.5675776687993107,0.1239524363580611,0.5474139068636977,0.09597523219814241,0.5479876160990712,0.5479876160990712,"{0: 0.5510524398776946, 1: 0.5510524398776946}","{0: 0.5510524398776946, 1: 0.5510524398776946}",0.5510524398776946,"[[331 315]
 [269 377]]",[1. 0. 1. ... 1. 0. 0.],[1. 1. 1. ... 0. 1. 0.]
69,SVC,"{'C': 0.1, 'gamma': 0.01, 'kernel': 'rbf'}",0.5509832723566416,0.09723832838189897,0.1350619746156883,0.1816969185401976,0.5675309873078441,0.09084845927009882,0.5597151025087419,0.12848297213622295,0.5642414860681114,0.5642414860681115,"{0: 0.5816000345062255, 1: 0.5816000345062255}","{0: 0.5816000345062255, 1: 0.5816000345062255}",0.5816000345062255,"[[430 216]
 [347 299]]",[0. 0. 0. ... 0. 0. 0.],[1. 1. 1. ... 0. 1. 0.]
662,randomforest,"{'criterion': 'gini', 'max_features': 'log2', 'n_estimators': 267}",0.5607572704845325,0.08948517330178439,0.13504209579526832,0.17137133890114933,0.5675210478976341,0.08568566945057467,0.5594579127303017,0.11919504643962853,0.5595975232198143,0.5595975232198143,"{0: 0.5990160933201698, 1: 0.5990160933201698}","{0: 0.5990160933201698, 1: 0.5990160933201698}",0.5990160933201698,"[[350 296]
 [273 373]]",[0. 1. 1. ... 0. 1. 0.],[1. 1. 1. ... 0. 1. 0.]
192,SVC,"{'C': 10, 'gamma': 0.01, 'kernel': 'sigmoid'}",0.5563565260310848,0.09436484048566174,0.1349765591867875,0.17525231535284352,0.5674882795933938,0.08762615767642176,0.5667142410624029,0.1346749226006192,0.5673374613003096,0.5673374613003096,"{0: 0.5778510768817874, 1: 0.5778510768817875}","{0: 0.5778510768817874, 1: 0.5778510768817875}",0.5778510768817875,"[[391 255]
 [304 342]]",[0. 1. 1. ... 0. 1. 1.],[1. 1. 1. ... 0. 1. 0.]
449,knn,{'n_neighbors': 17},0.5569106776752537,0.06892192274340903,0.13494230710066718,0.13290035151451018,0.5674711535503336,0.06645017575725509,0.5661881977671451,0.1331269349845201,0.56656346749226,0.56656346749226,"{0: 0.5969205590008531, 1: 0.5969205590008531}","{0: 0.5969205590008531, 1: 0.5969205590008531}",0.5969205590008531,"[[385 261]
 [299 347]]",[1. 1. 0. ... 0. 1. 0.],[1. 1. 1. ... 0. 1. 0.]
196,knn,{'n_neighbors': 17},0.5569106776752537,0.06892192274340903,0.13494230710066718,0.13290035151451018,0.5674711535503336,0.06645017575725509,0.5661881977671451,0.1331269349845201,0.56656346749226,0.56656346749226,"{0: 0.5969205590008531, 1: 0.5969205590008531}","{0: 0.5969205590008531, 1: 0.5969205590008531}",0.5969205590008531,"[[385 261]
 [299 347]]",[1. 1. 0. ... 0. 1. 0.],[1. 1. 1. ... 0. 1. 0.]
866,knn,{'n_neighbors': 17},0.5569106776752537,0.06892192274340903,0.13494230710066718,0.13290035151451018,0.5674711535503336,0.06645017575725509,0.5661881977671451,0.1331269349845201,0.56656346749226,0.56656346749226,"{0: 0.5969205590008531, 1: 0.5969205590008531}","{0: 0.5969205590008531, 1: 0.5969205590008531}",0.5969205590008531,"[[385 261]
 [299 347]]",[1. 1. 0. ... 0. 1. 0.],[1. 1. 1. ... 0. 1. 0.]
689,randomforest,"{'criterion': 'gini', 'max_features': 'sqrt', 'n_estimators': 561}",0.5617832645159442,0.08163306632133398,0.13489147426937137,0.15524129396765118,0.5674457371346857,0.07762064698382558,0.5595022598677094,0.11919504643962853,0.5595975232198143,0.5595975232198143,"{0: 0.5983403464041638, 1: 0.5983403464041638}","{0: 0.5983403464041638, 1: 0.5983403464041638}",0.5983403464041638,"[[352 294]
 [275 371]]",[0. 1. 1. ... 0. 1. 0.],[1. 1. 1. ... 0. 1. 0.]
46,randomforest,"{'criterion': 'gini', 'max_features': 'log2', 'n_estimators': 509}",0.5608164990857029,0.09197043349145537,0.13431126456932177,0.17900625755301675,0.5671556322846608,0.08950312877650837,0.5580047870253041,0.11609907120743035,0.5580495356037152,0.5580495356037152,"{0: 0.6005245425528856, 1: 0.6005245425528856}","{0: 0.6005245425528856, 1: 0.6005245425528856}",0.6005245425528856,"[[354 292]
 [279 367]]",[0. 1. 1. ... 0. 1. 0.],[1. 1. 1. ... 0. 1. 0.]
623,randomforest,"{'criterion': 'entropy', 'max_features': 'log2', 'n_estimators': 489}",0.5617607107643395,0.0957939350686582,0.1342648264669119,0.18614353136310002,0.5671324132334559,0.09307176568155,0.5588193006671267,0.11764705882352944,0.5588235294117647,0.5588235294117647,"{0: 0.5948909219871752, 1: 0.5948909219871752}","{0: 0.5948909219871752, 1: 0.5948909219871752}",0.5948909219871752,"[[359 287]
 [283 363]]",[0. 1. 1. ... 0. 1. 0.],[1. 1. 1. ... 0. 1. 0.]
218,randomforest,"{'criterion': 'gini', 'max_features': None, 'n_estimators': 137}",0.5595882895568489,0.08338036871091185,0.13416883198239313,0.16284842381843898,0.5670844159911965,0.08142421190921947,0.5516897303730764,0.10371517027863775,0.5518575851393189,0.5518575851393189,"{0: 0.5882628511727324, 1: 0.5882628511727324}","{0: 0.5882628511727324, 1: 0.5882628511727324}",0.5882628511727324,"[[344 302]
 [277 369]]",[0. 1. 1. ... 0. 1. 0.],[1. 1. 1. ... 0. 1. 0.]
964,randomforest,"{'criterion': 'gini', 'max_features': 'sqrt', 'n_estimators': 299}",0.5609496125227625,0.08429147786492608,0.13389961464500225,0.16531440948373285,0.5669498073225011,0.08265720474186643,0.5588193006671267,0.11764705882352944,0.5588235294117647,0.5588235294117647,"{0: 0.6017106940543857, 1: 0.6017106940543857}","{0: 0.6017106940543857, 1: 0.6017106940543857}",0.6017106940543857,"[[363 283]
 [287 359]]",[0. 1. 1. ... 0. 1. 0.],[1. 1. 1. ... 0. 1. 0.]
824,randomforest,"{'criterion': 'gini', 'max_features': None, 'n_estimators': 289}",0.5614089138439139,0.08304968873944701,0.1334168639597229,0.16359410659794663,0.5667084319798614,0.08179705329897331,0.5525929831288344,0.10526315789473684,0.5526315789473685,0.5526315789473684,"{0: 0.588028017138092, 1: 0.5880280171380919}","{0: 0.588028017138092, 1: 0.5880280171380919}",0.5880280171380919,"[[351 295]
 [283 363]]",[0. 1. 1. ... 0. 1. 0.],[1. 1. 1. ... 0. 1. 0.]
363,randomforest,"{'criterion': 'entropy', 'max_features': 'log2', 'n_estimators': 187}",0.5611602216104201,0.09595215749114178,0.13339600904066887,0.18533098350119862,0.5666980045203345,0.0926654917505993,0.559595148734016,0.11919504643962853,0.5595975232198143,0.5595975232198143,"{0: 0.6020078309961756, 1: 0.6020078309961755}","{0: 0.6020078309961756, 1: 0.6020078309961755}",0.6020078309961755,"[[360 286]
 [283 363]]",[0. 1. 1. ... 0. 1. 0.],[1. 1. 1. ... 0. 1. 0.]
910,randomforest,"{'criterion': 'gini', 'max_features': None, 'n_estimators': 553}",0.5607204224596632,0.0858519687407192,0.13332629673571034,0.1627321745835515,0.5666631483678551,0.08136608729177573,0.554093017124642,0.10835913312693501,0.5541795665634675,0.5541795665634675,"{0: 0.5930817414141801, 1: 0.5930817414141802}","{0: 0.5930817414141801, 1: 0.5930817414141802}",0.5930817414141802,"[[349 297]
 [279 367]]",[0. 1. 1. ... 0. 1. 0.],[1. 1. 1. ... 0. 1. 0.]
322,SVC,"{'C': 0.1, 'gamma': 0.01, 'kernel': 'rbf'}",0.5516917195247988,0.09791670346854739,0.13313460463222448,0.18452542314875078,0.5665673023161122,0.09226271157437539,0.5576408526610787,0.1222910216718266,0.5611455108359134,0.5611455108359134,"{0: 0.5881801800074764, 1: 0.5881801800074764}","{0: 0.5881801800074764, 1: 0.5881801800074764}",0.5881801800074764,"[[420 226]
 [341 305]]",[0. 0. 0. ... 0. 0. 0.],[1. 1. 1. ... 0. 1. 0.]
121,SVC,"{'C': 100, 'gamma': 0.1, 'kernel': 'rbf'}",0.5619651128512289,0.1244225645094451,0.13311531940425556,0.2463302582187217,0.5665576597021278,0.12316512910936085,0.5466636756937667,0.09442724458204332,0.5472136222910217,0.5472136222910217,"{0: 0.5484309252460965, 1: 0.5484309252460965}","{0: 0.5484309252460965, 1: 0.5484309252460965}",0.5484309252460965,"[[331 315]
 [270 376]]",[1. 0. 1. ... 1. 0. 0.],[1. 1. 1. ... 0. 1. 0.]
303,SVC,"{'C': 0.1, 'gamma': 0.01, 'kernel': 'rbf'}",0.548970793118005,0.09960506275160802,0.1330852514264079,0.18709474737350024,0.5665426257132039,0.09354737368675013,0.5527956647096973,0.11764705882352944,0.5588235294117647,0.5588235294117647,"{0: 0.5851848479329813, 1: 0.5851848479329813}","{0: 0.5851848479329813, 1: 0.5851848479329813}",0.5851848479329813,"[[436 210]
 [360 286]]",[0. 0. 0. ... 0. 0. 0.],[1. 1. 1. ... 0. 1. 0.]
925,SVC,"{'C': 100, 'gamma': 0.1, 'kernel': 'rbf'}",0.5619791020960213,0.12666574254534205,0.13275391801494724,0.2508649206824075,0.5663769590074736,0.12543246034120376,0.5460469355206197,0.09287925696594423,0.5464396284829721,0.5464396284829721,"{0: 0.5526651266666027, 1: 0.5526651266666027}","{0: 0.5526651266666027, 1: 0.5526651266666027}",0.5526651266666027,"[[334 312]
 [274 372]]",[1. 0. 1. ... 1. 0. 0.],[1. 1. 1. ... 0. 1. 0.]
61,SVC,"{'C': 100, 'gamma': 0.1, 'kernel': 'rbf'}",0.5618435829919731,0.12344436375547432,0.13275310094638496,0.2445872519294381,0.5663765504731925,0.12229362596471903,0.5467115265245905,0.09442724458204332,0.5472136222910217,0.5472136222910218,"{0: 0.5501166981376223, 1: 0.5501166981376223}","{0: 0.5501166981376223, 1: 0.5501166981376223}",0.5501166981376223,"[[332 314]
 [271 375]]",[1. 0. 1. ... 1. 0. 0.],[1. 1. 1. ... 0. 1. 0.]
163,SVC,"{'C': 100, 'gamma': 0.1, 'kernel': 'rbf'}",0.5616680178839693,0.1251708905079731,0.13270852375403572,0.247579633894704,0.5663542618770179,0.12378981694735199,0.5468006761233595,0.09442724458204332,0.5472136222910217,0.5472136222910217,"{0: 0.5502880311322834, 1: 0.5502880311322835}","{0: 0.5502880311322834, 1: 0.5502880311322835}",0.5502880311322835,"[[334 312]
 [273 373]]",[1. 0. 1. ... 1. 0. 0.],[1. 1. 1. ... 0. 1. 0.]
937,randomforest,"{'criterion': 'gini', 'max_features': 'log2', 'n_estimators': 125}",0.5615392568053547,0.07964007016438253,0.13252601652094687,0.1546439201109601,0.5662630082604734,0.07732196005548005,0.5603198911009019,0.1207430340557275,0.5603715170278638,0.5603715170278638,"{0: 0.599199407643129, 1: 0.5991994076431288}","{0: 0.599199407643129, 1: 0.5991994076431288}",0.5991994076431288,"[[355 291]
 [277 369]]",[0. 1. 1. ... 0. 1. 0.],[1. 1. 1. ... 0. 1. 0.]
2,SVC,"{'C': 100, 'gamma': 0.1, 'kernel': 'rbf'}",0.5618210929981922,0.12022701737752546,0.1322102438035278,0.23892479774459008,0.566105121901764,0.11946239887229504,0.5484302225547485,0.0975232198142415,0.5487616099071208,0.5487616099071208,"{0: 0.5508295871713522, 1: 0.5508295871713522}","{0: 0.5508295871713522, 1: 0.5508295871713522}",0.5508295871713522,"[[337 309]
 [274 372]]",[1. 0. 1. ... 1. 0. 0.],[1. 1. 1. ... 0. 1. 0.]
621,SVC,"{'C': 0.1, 'gamma': 0.01, 'kernel': 'rbf'}",0.5512285475869901,0.09018193597652843,0.13215562323044577,0.17256906530798805,0.5660778116152229,0.08628453265399404,0.5583678341387063,0.12848297213622295,0.5642414860681114,0.5642414860681114,"{0: 0.5774377210555071, 1: 0.5774377210555072}","{0: 0.5774377210555071, 1: 0.5774377210555072}",0.5774377210555072,"[[439 207]
 [356 290]]",[0. 0. 0. ... 0. 0. 0.],[1. 1. 1. ... 0. 1. 0.]
768,randomforest,"{'criterion': 'gini', 'max_features': 'sqrt', 'n_estimators': 377}",0.5599230978523565,0.10369093301345603,0.1319136210929993,0.19982491445846157,0.5659568105464996,0.0999124572292308,0.55562106918239,0.11145510835913308,0.5557275541795665,0.5557275541795665,"{0: 0.6007162438056532, 1: 0.6007162438056532}","{0: 0.6007162438056532, 1: 0.6007162438056532}",0.6007162438056532,"[[349 297]
 [277 369]]",[0. 1. 1. ... 0. 1. 0.],[1. 1. 1. ... 0. 1. 0.]
318,randomforest,"{'criterion': 'gini', 'max_features': None, 'n_estimators': 511}",0.5597420479047707,0.08120903321730406,0.13176909826609873,0.15565694803526417,0.5658845491330493,0.07782847401763208,0.55260477700214,0.10526315789473684,0.5526315789473685,0.5526315789473684,"{0: 0.5917973430206367, 1: 0.5917973430206366}","{0: 0.5917973430206367, 1: 0.5917973430206366}",0.5917973430206366,"[[352 294]
 [284 362]]",[0. 1. 1. ... 0. 1. 0.],[1. 1. 1. ... 0. 1. 0.]
338,knn,{'n_neighbors': 49},0.5544942388229994,0.07366818356910883,0.13173848589980675,0.13814155234588835,0.5658692429499034,0.06907077617294419,0.5680983280118104,0.14086687306501544,0.5704334365325078,0.5704334365325078,"{0: 0.6116132618926664, 1: 0.6116132618926665}","{0: 0.6116132618926664, 1: 0.6116132618926665}",0.6116132618926665,"[[416 230]
 [325 321]]",[0. 1. 0. ... 0. 0. 0.],[1. 1. 1. ... 0. 1. 0.]
33,knn,{'n_neighbors': 49},0.5544942388229994,0.07366818356910883,0.13173848589980675,0.13814155234588835,0.5658692429499034,0.06907077617294419,0.5680983280118104,0.14086687306501544,0.5704334365325078,0.5704334365325078,"{0: 0.6116132618926664, 1: 0.6116132618926665}","{0: 0.6116132618926664, 1: 0.6116132618926665}",0.6116132618926665,"[[416 230]
 [325 321]]",[0. 1. 0. ... 0. 0. 0.],[1. 1. 1. ... 0. 1. 0.]
660,knn,{'n_neighbors': 49},0.5544942388229994,0.07366818356910883,0.13173848589980675,0.13814155234588835,0.5658692429499034,0.06907077617294419,0.5680983280118104,0.14086687306501544,0.5704334365325078,0.5704334365325078,"{0: 0.6116132618926664, 1: 0.6116132618926665}","{0: 0.6116132618926664, 1: 0.6116132618926665}",0.6116132618926665,"[[416 230]
 [325 321]]",[0. 1. 0. ... 0. 0. 0.],[1. 1. 1. ... 0. 1. 0.]
134,AdaBoost,"{'algorithm': 'SAMME', 'learning_rate': 1.079591836734694, 'n_estimators': 96}",0.5577701764706178,0.1041520485443853,0.13169833107257584,0.20203950827486178,0.5658491655362878,0.10101975413743089,0.5631649749296808,0.12693498452012386,0.5634674922600619,0.563467492260062,"{0: 0.5865111809755676, 1: 0.5865111809755676}","{0: 0.5865111809755676, 1: 0.5865111809755676}",0.5865111809755676,"[[381 265]
 [299 347]]",[1. 0. 1. ... 0. 0. 0.],[1. 1. 1. ... 0. 1. 0.]
535,SVC,"{'C': 0.1, 'gamma': 0.01, 'kernel': 'rbf'}",0.5444233609177045,0.09350713818010226,0.13145591971906112,0.17040197074970032,0.5657279598595305,0.08520098537485017,0.5517453108889326,0.11919504643962853,0.5595975232198143,0.5595975232198143,"{0: 0.5810476952716885, 1: 0.5810476952716885}","{0: 0.5810476952716885, 1: 0.5810476952716885}",0.5810476952716885,"[[447 199]
 [370 276]]",[0. 0. 0. ... 0. 0. 0.],[1. 1. 1. ... 0. 1. 0.]
537,randomforest,"{'criterion': 'gini', 'max_features': None, 'n_estimators': 293}",0.5594693318877877,0.0897210003746959,0.13077995541521098,0.1753458146419151,0.5653899777076055,0.08767290732095757,0.5494827053181776,0.09907120743034059,0.5495356037151703,0.5495356037151703,"{0: 0.5876062743820031, 1: 0.5876062743820032}","{0: 0.5876062743820031, 1: 0.5876062743820032}",0.5876062743820032,"[[348 298]
 [284 362]]",[0. 1. 1. ... 0. 1. 0.],[1. 1. 1. ... 0. 1. 0.]
37,SVC,"{'C': 10, 'gamma': 0.01, 'kernel': 'sigmoid'}",0.5542815027636955,0.0917771762513591,0.13072385955621063,0.17064739813607244,0.5653619297781053,0.08532369906803622,0.5650575623104134,0.13157894736842102,0.5657894736842105,0.5657894736842105,"{0: 0.577099847597504, 1: 0.5770998475975041}","{0: 0.577099847597504, 1: 0.5770998475975041}",0.5770998475975041,"[[392 254]
 [307 339]]",[0. 1. 1. ... 0. 1. 1.],[1. 1. 1. ... 0. 1. 0.]
340,randomforest,"{'criterion': 'entropy', 'max_features': 'sqrt', 'n_estimators': 369}",0.5592195435038976,0.089579573507605,0.13049012889212633,0.17477184964952935,0.5652450644460632,0.08738592482476468,0.5572712982133272,0.11455108359133126,0.5572755417956656,0.5572755417956656,"{0: 0.5952934946179873, 1: 0.5952934946179873}","{0: 0.5952934946179873, 1: 0.5952934946179873}",0.5952934946179873,"[[358 288]
 [284 362]]",[0. 1. 1. ... 0. 1. 0.],[1. 1. 1. ... 0. 1. 0.]
554,SVC,"{'C': 0.1, 'gamma': 0.01, 'kernel': 'rbf'}",0.549954666925972,0.10210451923505233,0.13039589052509062,0.1945103688368309,0.5651979452625453,0.09725518441841545,0.5550229011145189,0.11919504643962853,0.5595975232198143,0.5595975232198143,"{0: 0.5810788467252633, 1: 0.5810788467252633}","{0: 0.5810788467252633, 1: 0.5810788467252633}",0.5810788467252633,"[[427 219]
 [350 296]]",[0. 0. 0. ... 0. 0. 0.],[1. 1. 1. ... 0. 1. 0.]
105,SVC,"{'C': 0.1, 'gamma': 0.01, 'kernel': 'rbf'}",0.5467603132986285,0.08733580036020586,0.1301598409676226,0.1643659825579506,0.5650799204838113,0.08218299127897531,0.5554429584193797,0.12538699690402477,0.5626934984520123,0.5626934984520124,"{0: 0.5740134574279443, 1: 0.5740134574279443}","{0: 0.5740134574279443, 1: 0.5740134574279443}",0.5740134574279443,"[[446 200]
 [365 281]]",[0. 0. 0. ... 0. 0. 0.],[1. 1. 1. ... 0. 1. 0.]
636,randomforest,"{'criterion': 'gini', 'max_features': None, 'n_estimators': 425}",0.5588045260961292,0.0920231592265164,0.12996569340160272,0.17832529134947023,0.5649828467008013,0.08916264567473511,0.5486423665062142,0.0975232198142415,0.5487616099071208,0.5487616099071208,"{0: 0.5893363781882315, 1: 0.5893363781882315}","{0: 0.5893363781882315, 1: 0.5893363781882315}",0.5893363781882315,"[[344 302]
 [281 365]]",[0. 1. 1. ... 0. 1. 0.],[1. 1. 1. ... 0. 1. 0.]
633,SVC,"{'C': 100, 'gamma': 0.1, 'kernel': 'rbf'}",0.5605091911619463,0.12512035349289558,0.1297586825740596,0.24864348129115726,0.5648793412870298,0.12432174064557863,0.5452076448368688,0.09133126934984526,0.5456656346749226,0.5456656346749227,"{0: 0.5491342292171879, 1: 0.5491342292171879}","{0: 0.5491342292171879, 1: 0.5491342292171879}",0.5491342292171879,"[[332 314]
 [273 373]]",[1. 0. 1. ... 1. 0. 0.],[1. 1. 1. ... 0. 1. 0.]
565,SVC,"{'C': 100, 'gamma': 0.1, 'kernel': 'rbf'}",0.5606869889754346,0.12174139395301445,0.12943003899541602,0.24205201070332644,0.5647150194977081,0.12102600535166322,0.5476364054945898,0.09597523219814241,0.5479876160990712,0.5479876160990712,"{0: 0.5497967966720663, 1: 0.5497967966720663}","{0: 0.5497967966720663, 1: 0.5497967966720663}",0.5497967966720663,"[[336 310]
 [274 372]]",[1. 0. 1. ... 1. 0. 0.],[1. 1. 1. ... 0. 1. 0.]
994,SVC,"{'C': 0.1, 'gamma': 0.01, 'kernel': 'rbf'}",0.5455916660541852,0.10106335788134542,0.12918538936652177,0.18670681037501424,0.5645926946832609,0.09335340518750714,0.5526315789473685,0.11764705882352944,0.5588235294117647,0.5588235294117647,"{0: 0.5730549511641058, 1: 0.5730549511641059}","{0: 0.5730549511641058, 1: 0.5730549511641059}",0.5730549511641059,"[[437 209]
 [361 285]]",[0. 0. 0. ... 0. 0. 0.],[1. 1. 1. ... 0. 1. 0.]
285,randomforest,"{'criterion': 'gini', 'max_features': 'sqrt', 'n_estimators': 165}",0.5583906432012276,0.09641601166652254,0.1290636807736749,0.18292082677132282,0.5645318403868373,0.09146041338566141,0.5509533911000851,0.10216718266253866,0.5510835913312694,0.5510835913312693,"{0: 0.5999063060127098, 1: 0.5999063060127098}","{0: 0.5999063060127098, 1: 0.5999063060127098}",0.5999063060127098,"[[345 301]
 [279 367]]",[0. 1. 1. ... 0. 1. 0.],[1. 1. 1. ... 0. 1. 0.]
307,randomforest,"{'criterion': 'entropy', 'max_features': 'log2', 'n_estimators': 453}",0.5574275798662813,0.08951443626852354,0.12901231570388544,0.17358880644043903,0.5645061578519427,0.08679440322021952,0.5549468949623152,0.1099071207430341,0.554953560371517,0.554953560371517,"{0: 0.6002106317514785, 1: 0.6002106317514785}","{0: 0.6002106317514785, 1: 0.6002106317514785}",0.6002106317514785,"[[356 290]
 [285 361]]",[0. 1. 1. ... 0. 1. 0.],[1. 1. 1. ... 0. 1. 0.]
246,SVC,"{'C': 0.1, 'gamma': 0.01, 'kernel': 'rbf'}",0.5465428451712921,0.09812945763321797,0.12871019789133029,0.18103010535344055,0.5643550989456652,0.09051505267672028,0.5556057921130225,0.12383900928792568,0.5619195046439629,0.5619195046439629,"{0: 0.5770423372216738, 1: 0.5770423372216738}","{0: 0.5770423372216738, 1: 0.5770423372216738}",0.5770423372216738,"[[440 206]
 [360 286]]",[0. 0. 0. ... 0. 0. 0.],[1. 1. 1. ... 0. 1. 0.]
731,SVC,"{'C': 100, 'gamma': 0.1, 'kernel': 'rbf'}",0.5597527674835218,0.12517061867366325,0.12861534349311024,0.24854947729045848,0.564307671746555,0.12427473864522924,0.5444549981291196,0.08978328173374617,0.544891640866873,0.5448916408668731,"{0: 0.5521319575573427, 1: 0.5521319575573427}","{0: 0.5521319575573427, 1: 0.5521319575573427}",0.5521319575573427,"[[332 314]
 [274 372]]",[1. 0. 1. ... 1. 0. 0.],[1. 1. 1. ... 0. 1. 0.]
396,randomforest,"{'criterion': 'gini', 'max_features': 'log2', 'n_estimators': 309}",0.5586161432974496,0.08396369859573377,0.1285456478538377,0.16378359203695023,0.5642728239269189,0.08189179601847511,0.5572712982133272,0.11455108359133126,0.5572755417956656,0.5572755417956656,"{0: 0.5997253879554103, 1: 0.5997253879554103}","{0: 0.5997253879554103, 1: 0.5997253879554103}",0.5997253879554103,"[[358 288]
 [284 362]]",[0. 1. 1. ... 0. 1. 0.],[1. 1. 1. ... 0. 1. 0.]
81,AdaBoost,"{'algorithm': 'SAMME', 'learning_rate': 0.1816326530612245, 'n_estimators': 41}",0.5319185608369417,0.0883593693940331,0.12836017959613844,0.1622634622242673,0.5641800897980692,0.08113173111213365,0.5382368859071368,0.1331269349845201,0.56656346749226,0.56656346749226,"{0: 0.5449359717815756, 1: 0.5449359717815756}","{0: 0.5449359717815756, 1: 0.5449359717815756}",0.5449359717815756,"[[526 120]
 [440 206]]",[0. 0. 1. ... 0. 0. 0.],[1. 1. 1. ... 0. 1. 0.]
488,randomforest,"{'criterion': 'gini', 'max_features': 'log2', 'n_estimators': 329}",0.5583362401849573,0.08876427376819458,0.1281068230978969,0.17260341720064845,0.5640534115489484,0.08630170860032421,0.5556753829083056,0.11145510835913308,0.5557275541795665,0.5557275541795665,"{0: 0.5989969231948931, 1: 0.5989969231948931}","{0: 0.5989969231948931, 1: 0.5989969231948931}",0.5989969231948931,"[[352 294]
 [280 366]]",[0. 1. 1. ... 0. 1. 0.],[1. 1. 1. ... 0. 1. 0.]
880,randomforest,"{'criterion': 'gini', 'max_features': 'sqrt', 'n_estimators': 539}",0.5587059867373868,0.0774996969288795,0.12802037992016976,0.15011324643385784,0.5640101899600849,0.07505662321692892,0.5556413052596259,0.11145510835913308,0.5557275541795665,0.5557275541795665,"{0: 0.6004598433800765, 1: 0.6004598433800764}","{0: 0.6004598433800765, 1: 0.6004598433800764}",0.6004598433800764,"[[350 296]
 [278 368]]",[0. 1. 1. ... 0. 1. 0.],[1. 1. 1. ... 0. 1. 0.]
378,SVC,"{'C': 0.1, 'gamma': 0.01, 'kernel': 'rbf'}",0.5483826962842133,0.09606472526031436,0.1279345667611353,0.18364542241177112,0.5639672833805676,0.09182271120588557,0.5574389178171396,0.12383900928792568,0.5619195046439629,0.5619195046439629,"{0: 0.5835338208935196, 1: 0.5835338208935195}","{0: 0.5835338208935196, 1: 0.5835338208935195}",0.5835338208935195,"[[428 218]
 [348 298]]",[0. 0. 0. ... 0. 0. 0.],[1. 1. 1. ... 0. 1. 0.]
238,randomforest,"{'criterion': 'entropy', 'max_features': 'sqrt', 'n_estimators': 149}",0.5581393215264373,0.08149103227894271,0.12738305822594692,0.16048702318259117,0.5636915291129735,0.08024351159129559,0.5557232957595277,0.11145510835913308,0.5557275541795665,0.5557275541795665,"{0: 0.5914223274449097, 1: 0.5914223274449099}","{0: 0.5914223274449097, 1: 0.5914223274449099}",0.5914223274449099,"[[361 285]
 [289 357]]",[0. 1. 1. ... 0. 1. 0.],[1. 1. 1. ... 0. 1. 0.]
498,knn,{'n_neighbors': 41},0.5528249653039952,0.07751000275881462,0.1273236907995541,0.1510685152797732,0.563661845399777,0.0755342576398866,0.5613688790504637,0.12538699690402477,0.5626934984520123,0.5626934984520124,"{0: 0.608145865483231, 1: 0.6081458654832308}","{0: 0.608145865483231, 1: 0.6081458654832308}",0.6081458654832308,"[[399 247]
 [318 328]]",[0. 1. 0. ... 0. 1. 0.],[1. 1. 1. ... 0. 1. 0.]
851,knn,{'n_neighbors': 41},0.5528249653039952,0.07751000275881462,0.1273236907995541,0.1510685152797732,0.563661845399777,0.0755342576398866,0.5613688790504637,0.12538699690402477,0.5626934984520123,0.5626934984520124,"{0: 0.608145865483231, 1: 0.6081458654832308}","{0: 0.608145865483231, 1: 0.6081458654832308}",0.6081458654832308,"[[399 247]
 [318 328]]",[0. 1. 0. ... 0. 1. 0.],[1. 1. 1. ... 0. 1. 0.]
156,knn,{'n_neighbors': 41},0.5528249653039952,0.07751000275881462,0.1273236907995541,0.1510685152797732,0.563661845399777,0.0755342576398866,0.5613688790504637,0.12538699690402477,0.5626934984520123,0.5626934984520124,"{0: 0.608145865483231, 1: 0.6081458654832308}","{0: 0.608145865483231, 1: 0.6081458654832308}",0.6081458654832308,"[[399 247]
 [318 328]]",[0. 1. 0. ... 0. 1. 0.],[1. 1. 1. ... 0. 1. 0.]
187,SVC,"{'C': 0.1, 'gamma': 0.01, 'kernel': 'rbf'}",0.5458395001461502,0.10395236723231119,0.12728190736319758,0.19062245441762457,0.5636409536815988,0.0953112272088123,0.5521745048045077,0.11300309597523217,0.5565015479876161,0.5565015479876161,"{0: 0.5874972442944915, 1: 0.5874972442944915}","{0: 0.5874972442944915, 1: 0.5874972442944915}",0.5874972442944915,"[[423 223]
 [350 296]]",[0. 0. 0. ... 0. 0. 0.],[1. 1. 1. ... 0. 1. 0.]
395,SVC,"{'C': 0.1, 'gamma': 0.01, 'kernel': 'rbf'}",0.5437928000108263,0.09675361337954597,0.12727151137323325,0.1779048431310989,0.5636357556866166,0.08895242156554946,0.5515489566418358,0.11455108359133126,0.5572755417956656,0.5572755417956656,"{0: 0.5793918757009078, 1: 0.5793918757009077}","{0: 0.5793918757009078, 1: 0.5793918757009077}",0.5793918757009077,"[[433 213]
 [359 287]]",[0. 0. 0. ... 0. 0. 0.],[1. 1. 1. ... 0. 1. 0.]
293,SVC,"{'C': 100, 'gamma': 0.1, 'kernel': 'rbf'}",0.5591900883256495,0.1248945343104914,0.12716336967439887,0.24734606042547755,0.5635816848371994,0.12367303021273877,0.5452512767254907,0.09133126934984526,0.5456656346749226,0.5456656346749226,"{0: 0.5494804896049995, 1: 0.5494804896049995}","{0: 0.5494804896049995, 1: 0.5494804896049995}",0.5494804896049995,"[[333 313]
 [274 372]]",[1. 0. 1. ... 1. 0. 0.],[1. 1. 1. ... 0. 1. 0.]
17,AdaBoost,"{'algorithm': 'SAMME', 'learning_rate': 0.1, 'n_estimators': 63}",0.5304124283589161,0.09156874671041239,0.12705308668904552,0.1654443217302005,0.5635265433445228,0.08272216086510024,0.5364582234134605,0.13157894736842102,0.5657894736842105,0.5657894736842105,"{0: 0.5404825120532163, 1: 0.5404825120532163}","{0: 0.5404825120532163, 1: 0.5404825120532163}",0.5404825120532163,"[[528 118]
 [443 203]]",[0. 0. 1. ... 0. 0. 0.],[1. 1. 1. ... 0. 1. 0.]
439,randomforest,"{'criterion': 'gini', 'max_features': 'sqrt', 'n_estimators': 311}",0.5577997471609676,0.08452120973953364,0.12695411868329562,0.1626052747685379,0.5634770593416478,0.08130263738426893,0.5526219306170277,0.10526315789473684,0.5526315789473685,0.5526315789473684,"{0: 0.5939467933172944, 1: 0.5939467933172944}","{0: 0.5939467933172944, 1: 0.5939467933172944}",0.5939467933172944,"[[354 292]
 [286 360]]",[0. 1. 1. ... 0. 1. 0.],[1. 1. 1. ... 0. 1. 0.]
177,SVC,"{'C': 100, 'gamma': 0.1, 'kernel': 'rbf'}",0.5589440739832139,0.1250019909415726,0.12678249209786913,0.24749731364899594,0.5633912460489345,0.12374865682449797,0.5444976076555024,0.08978328173374617,0.544891640866873,0.544891640866873,"{0: 0.5507912469207986, 1: 0.5507912469207986}","{0: 0.5507912469207986, 1: 0.5507912469207986}",0.5507912469207986,"[[333 313]
 [275 371]]",[1. 0. 1. ... 1. 0. 0.],[1. 1. 1. ... 0. 1. 0.]
915,SVC,"{'C': 0.1, 'gamma': 0.01, 'kernel': 'rbf'}",0.5475452547090146,0.09815366542685605,0.12675541845594976,0.18580243661355392,0.5633777092279749,0.09290121830677697,0.5519905276257445,0.11145510835913308,0.5557275541795665,0.5557275541795665,"{0: 0.5876985306098975, 1: 0.5876985306098975}","{0: 0.5876985306098975, 1: 0.5876985306098975}",0.5876985306098975,"[[418 228]
 [346 300]]",[0. 0. 0. ... 0. 0. 0.],[1. 1. 1. ... 0. 1. 0.]
359,SVC,"{'C': 0.1, 'gamma': 0.01, 'kernel': 'rbf'}",0.5469567428566566,0.08948644700121285,0.1266917452845056,0.17105378446909658,0.5633458726422529,0.0855268922345483,0.5542012927054478,0.1207430340557275,0.5603715170278638,0.5603715170278638,"{0: 0.5813963519251598, 1: 0.5813963519251598}","{0: 0.5813963519251598, 1: 0.5813963519251598}",0.5813963519251598,"[[438 208]
 [360 286]]",[0. 0. 0. ... 0. 0. 0.],[1. 1. 1. ... 0. 1. 0.]
681,SVC,"{'C': 0.1, 'gamma': 0.01, 'kernel': 'rbf'}",0.5473391206581631,0.08958219826206254,0.12648732335875248,0.1687858871053324,0.5632436616793762,0.0843929435526662,0.5545873080003,0.11764705882352944,0.5588235294117647,0.5588235294117647,"{0: 0.5865243604366954, 1: 0.5865243604366954}","{0: 0.5865243604366954, 1: 0.5865243604366954}",0.5865243604366954,"[[424 222]
 [348 298]]",[0. 0. 0. ... 0. 0. 0.],[1. 1. 1. ... 0. 1. 0.]
14,randomforest,"{'criterion': 'gini', 'max_features': 'log2', 'n_estimators': 381}",0.5568511325337445,0.08556005915775095,0.12623358367390797,0.16755000378317744,0.563116791836954,0.08377500189158871,0.5549532937589822,0.1099071207430341,0.554953560371517,0.554953560371517,"{0: 0.5991347084703199, 1: 0.5991347084703199}","{0: 0.5991347084703199, 1: 0.5991347084703199}",0.5991347084703199,"[[358 288]
 [287 359]]",[0. 1. 1. ... 0. 1. 0.],[1. 1. 1. ... 0. 1. 0.]
500,randomforest,"{'criterion': 'entropy', 'max_features': None, 'n_estimators': 41}",0.5575377314498232,0.08555161502879056,0.12584515517959374,0.16308750975307978,0.5629225775897969,0.08154375487653989,0.5506528893110363,0.10216718266253866,0.5510835913312694,0.5510835913312693,"{0: 0.5796267097355482, 1: 0.5796267097355479}","{0: 0.5796267097355482, 1: 0.5796267097355479}",0.5796267097355479,"[[336 310]
 [270 376]]",[0. 0. 0. ... 0. 1. 0.],[1. 1. 1. ... 0. 1. 0.]
517,SVC,"{'C': 0.1, 'gamma': 0.01, 'kernel': 'rbf'}",0.5455886957914715,0.09278304467012059,0.1257146932480162,0.17716640570029912,0.5628573466240081,0.08858320285014956,0.5530237898327471,0.11609907120743035,0.5580495356037152,0.5580495356037152,"{0: 0.5847726902395307, 1: 0.5847726902395307}","{0: 0.5847726902395307, 1: 0.5847726902395307}",0.5847726902395307,"[[429 217]
 [354 292]]",[0. 0. 0. ... 0. 0. 0.],[1. 1. 1. ... 0. 1. 0.]
41,randomforest,"{'criterion': 'entropy', 'max_features': None, 'n_estimators': 207}",0.556441498401382,0.09817927136894965,0.1254432323863478,0.19323266643746723,0.5627216161931738,0.09661633321873361,0.5464222381979391,0.09287925696594423,0.5464396284829721,0.5464396284829722,"{0: 0.5870263780923808, 1: 0.5870263780923809}","{0: 0.5870263780923808, 1: 0.5870263780923809}",0.5870263780923809,"[[349 297]
 [289 357]]",[0. 1. 1. ... 0. 1. 0.],[1. 1. 1. ... 0. 1. 0.]
610,randomforest,"{'criterion': 'gini', 'max_features': 'sqrt', 'n_estimators': 463}",0.55688162816152,0.08825195533391454,0.12519985130381078,0.17018912675760062,0.5625999256519053,0.08509456337880031,0.5549212979355274,0.1099071207430341,0.554953560371517,0.554953560371517,"{0: 0.5980623795876505, 1: 0.5980623795876506}","{0: 0.5980623795876505, 1: 0.5980623795876506}",0.5980623795876506,"[[353 293]
 [282 364]]",[0. 1. 1. ... 0. 1. 0.],[1. 1. 1. ... 0. 1. 0.]
740,SVC,"{'C': 0.1, 'gamma': 0.01, 'kernel': 'rbf'}",0.5341528482106379,0.08869879749299235,0.12485235745065618,0.15968277685135926,0.5624261787253281,0.07984138842567963,0.5486625027562576,0.12693498452012386,0.5634674922600619,0.563467492260062,"{0: 0.5743872748708413, 1: 0.5743872748708413}","{0: 0.5743872748708413, 1: 0.5743872748708413}",0.5743872748708413,"[[481 165]
 [399 247]]",[0. 0. 0. ... 0. 0. 0.],[1. 1. 1. ... 0. 1. 0.]
93,randomforest,"{'criterion': 'entropy', 'max_features': None, 'n_estimators': 353}",0.5562599603266323,0.07980855211977281,0.12474115975701766,0.15249858087517068,0.5623705798785088,0.07624929043758534,0.5533988841621841,0.10681114551083593,0.5534055727554179,0.5534055727554179,"{0: 0.5913983647883139, 1: 0.591398364788314}","{0: 0.5913983647883139, 1: 0.591398364788314}",0.591398364788314,"[[355 291]
 [286 360]]",[0. 1. 1. ... 0. 1. 0.],[1. 1. 1. ... 0. 1. 0.]
525,SVC,"{'C': 100, 'gamma': 0.1, 'kernel': 'rbf'}",0.5581154149664528,0.12341754444206435,0.12472587359559846,0.24536685778895928,0.5623629367977993,0.12268342889447964,0.5452927192659011,0.09133126934984526,0.5456656346749226,0.5456656346749226,"{0: 0.5487472323131631, 1: 0.5487472323131632}","{0: 0.5487472323131631, 1: 0.5487472323131632}",0.5487472323131632,"[[334 312]
 [275 371]]",[1. 0. 1. ... 1. 0. 0.],[1. 1. 1. ... 0. 1. 0.]
274,randomforest,"{'criterion': 'entropy', 'max_features': None, 'n_estimators': 591}",0.5566078044928972,0.07939078792543935,0.12469926666557217,0.15519503990459127,0.5623496333327861,0.07759751995229563,0.5503093281286413,0.10061919504643968,0.5503095975232198,0.5503095975232198,"{0: 0.5857887068791994, 1: 0.5857887068791995}","{0: 0.5857887068791994, 1: 0.5857887068791995}",0.5857887068791995,"[[355 291]
 [290 356]]",[0. 1. 1. ... 0. 1. 0.],[1. 1. 1. ... 0. 1. 0.]
876,SVC,"{'C': 0.1, 'gamma': 0.01, 'kernel': 'rbf'}",0.5438172649030593,0.09494937351118012,0.12383032481219558,0.17804144619591117,0.5619151624060977,0.08902072309795557,0.553506027599145,0.1222910216718266,0.5611455108359134,0.5611455108359134,"{0: 0.5840562068073115, 1: 0.5840562068073114}","{0: 0.5840562068073115, 1: 0.5840562068073114}",0.5840562068073114,"[[447 199]
 [368 278]]",[0. 0. 0. ... 0. 0. 0.],[1. 1. 1. ... 0. 1. 0.]
235,SVC,"{'C': 100, 'gamma': 0.1, 'kernel': 'rbf'}",0.557266183353251,0.12263195517096433,0.12377907497235899,0.24294852204309464,0.5618895374861794,0.1214742610215473,0.5436121181589466,0.08823529411764708,0.5441176470588235,0.5441176470588236,"{0: 0.5501514439896864, 1: 0.5501514439896865}","{0: 0.5501514439896864, 1: 0.5501514439896865}",0.5501514439896865,"[[330 316]
 [273 373]]",[1. 0. 1. ... 1. 0. 0.],[1. 1. 1. ... 0. 1. 0.]
934,SVC,"{'C': 0.1, 'gamma': 0.01, 'kernel': 'rbf'}",0.5435696058572179,0.09289143970136418,0.12306980012351378,0.17326308824217468,0.5615349000617569,0.08663154412108734,0.5562529885651731,0.12383900928792568,0.5619195046439629,0.5619195046439629,"{0: 0.5790935406262879, 1: 0.579093540626288}","{0: 0.5790935406262879, 1: 0.579093540626288}",0.579093540626288,"[[436 210]
 [356 290]]",[0. 0. 0. ... 0. 0. 0.],[1. 1. 1. ... 0. 1. 0.]
560,randomforest,"{'criterion': 'gini', 'max_features': 'log2', 'n_estimators': 249}",0.5558871949442199,0.0847568494867425,0.12216681776544096,0.1640930310615483,0.5610834088827205,0.08204651553077418,0.556384349928063,0.11300309597523217,0.5565015479876161,0.5565015479876161,"{0: 0.5955762539658197, 1: 0.5955762539658197}","{0: 0.5955762539658197, 1: 0.5955762539658197}",0.5955762539658197,"[[349 297]
 [276 370]]",[0. 1. 1. ... 0. 1. 0.],[1. 1. 1. ... 0. 1. 0.]
440,SVC,"{'C': 0.1, 'gamma': 0.01, 'kernel': 'rbf'}",0.5415169959084658,0.09790514274942273,0.12160928089228737,0.18136963707764128,0.5608046404461436,0.09068481853882066,0.5484546622101713,0.1099071207430341,0.554953560371517,0.554953560371517,"{0: 0.5802820883934476, 1: 0.5802820883934476}","{0: 0.5802820883934476, 1: 0.5802820883934476}",0.5802820883934476,"[[436 210]
 [365 281]]",[0. 0. 0. ... 0. 0. 0.],[1. 1. 1. ... 0. 1. 0.]
780,randomforest,"{'criterion': 'entropy', 'max_features': 'log2', 'n_estimators': 499}",0.5543859492407032,0.09022300361819557,0.1211066981429422,0.1734446304992217,0.560553349071471,0.08672231524961085,0.5541624730409777,0.10835913312693501,0.5541795665634675,0.5541795665634675,"{0: 0.5999614201228806, 1: 0.5999614201228805}","{0: 0.5999614201228806, 1: 0.5999614201228805}",0.5999614201228805,"[[362 284]
 [292 354]]",[0. 1. 1. ... 0. 1. 0.],[1. 1. 1. ... 0. 1. 0.]
497,SVC,"{'C': 0.1, 'gamma': 0.01, 'kernel': 'rbf'}",0.5431546435124942,0.10025275300277214,0.12107497953820558,0.1883605397391837,0.5605374897691028,0.09418026986959185,0.550359771218667,0.11300309597523217,0.5565015479876161,0.5565015479876161,"{0: 0.5911779083476312, 1: 0.591177908347631}","{0: 0.5911779083476312, 1: 0.591177908347631}",0.591177908347631,"[[435 211]
 [362 284]]",[0. 0. 0. ... 0. 0. 0.],[1. 1. 1. ... 0. 1. 0.]
323,AdaBoost,"{'algorithm': 'SAMME', 'learning_rate': 1.3244897959183672, 'n_estimators': 63}",0.5519367770611525,0.07616427787115433,0.11968820981729415,0.14817083418289045,0.5598441049086471,0.07408541709144523,0.5580365620965544,0.11609907120743035,0.5580495356037152,0.5580495356037152,"{0: 0.5756656826002358, 1: 0.5756656826002358}","{0: 0.5756656826002358, 1: 0.5756656826002358}",0.5756656826002358,"[[357 289]
 [282 364]]",[0. 1. 1. ... 0. 0. 0.],[1. 1. 1. ... 0. 1. 0.]
813,SVC,"{'C': 0.1, 'gamma': 0.01, 'kernel': 'rbf'}",0.537249231664994,0.09727677367713923,0.11842301737762094,0.17525235575532366,0.5592115086888105,0.08762617787766183,0.5433943051722554,0.10061919504643968,0.5503095975232198,0.5503095975232198,"{0: 0.5864165284820136, 1: 0.5864165284820136}","{0: 0.5864165284820136, 1: 0.5864165284820136}",0.5864165284820136,"[[435 211]
 [370 276]]",[0. 0. 0. ... 0. 0. 0.],[1. 1. 1. ... 0. 1. 0.]
137,randomforest,"{'criterion': 'gini', 'max_features': 'sqrt', 'n_estimators': 105}",0.5517414855702922,0.07948534805145484,0.11819873941644503,0.15197077662364936,0.5590993697082225,0.07598538831182466,0.5526315789473685,0.10526315789473684,0.5526315789473685,0.5526315789473685,"{0: 0.5936089198592913, 1: 0.5936089198592912}","{0: 0.5936089198592913, 1: 0.5936089198592912}",0.5936089198592912,"[[357 289]
 [289 357]]",[0. 0. 1. ... 0. 1. 0.],[1. 1. 1. ... 0. 1. 0.]
32,AdaBoost,"{'algorithm': 'SAMME.R', 'learning_rate': 0.7530612244897958, 'n_estimators': 41}",0.55259398217999,0.10062172492057678,0.1180064176818357,0.19670768323013987,0.5590032088409178,0.09835384161506994,0.5413362166058476,0.0851393188854489,0.5425696594427245,0.5425696594427245,"{0: 0.5626755264595654, 1: 0.5626755264595654}","{0: 0.5626755264595654, 1: 0.5626755264595654}",0.5626755264595654,"[[384 262]
 [329 317]]",[0. 0. 1. ... 0. 0. 0.],[1. 1. 1. ... 0. 1. 0.]
160,randomforest,"{'criterion': 'entropy', 'max_features': 'log2', 'n_estimators': 231}",0.5525109784468317,0.09104366556097412,0.11765148557462664,0.17476941033748308,0.5588257427873133,0.08738470516874153,0.5487613395851942,0.0975232198142415,0.5487616099071208,0.5487616099071208,"{0: 0.5958266637272475, 1: 0.5958266637272474}","{0: 0.5958266637272475, 1: 0.5958266637272474}",0.5958266637272474,"[[355 291]
 [292 354]]",[0. 1. 1. ... 0. 1. 0.],[1. 1. 1. ... 0. 1. 0.]
572,randomforest,"{'criterion': 'entropy', 'max_features': None, 'n_estimators': 97}",0.5527855762097579,0.07988918354726815,0.11754200135348171,0.15423725993111498,0.5587710006767409,0.07711862996555749,0.5471525830133388,0.09442724458204332,0.5472136222910217,0.5472136222910217,"{0: 0.5833552991018797, 1: 0.5833552991018797}","{0: 0.5833552991018797, 1: 0.5833552991018797}",0.5833552991018797,"[[346 300]
 [285 361]]",[0. 1. 1. ... 0. 1. 0.],[1. 1. 1. ... 0. 1. 0.]
11,randomforest,"{'criterion': 'gini', 'max_features': 'log2', 'n_estimators': 127}",0.5534393548453078,0.092179478165944,0.11752656549025246,0.18019086341404444,0.5587632827451262,0.09009543170702224,0.5587177864703176,0.11764705882352944,0.5588235294117647,0.5588235294117647,"{0: 0.5955906315597772, 1: 0.5955906315597773}","{0: 0.5955906315597772, 1: 0.5955906315597773}",0.5955906315597773,"[[351 295]
 [275 371]]",[0. 1. 1. ... 0. 1. 0.],[1. 1. 1. ... 0. 1. 0.]
894,SVC,"{'C': 0.1, 'gamma': 0.01, 'kernel': 'rbf'}",0.5332006904375044,0.09013022667088677,0.11737022223023612,0.16065995295355925,0.558685111115118,0.08032997647677963,0.5443017993019842,0.11455108359133126,0.5572755417956656,0.5572755417956656,"{0: 0.5757004284523, 1: 0.5757004284523}","{0: 0.5757004284523, 1: 0.5757004284523}",0.5757004284523,"[[469 177]
 [395 251]]",[0. 0. 0. ... 0. 0. 0.],[1. 1. 1. ... 0. 1. 0.]
480,SVC,"{'C': 0.1, 'gamma': 0.01, 'kernel': 'rbf'}",0.5367276832689568,0.09294187524688423,0.11578575881523415,0.17017779295671445,0.557892879407617,0.08508889647835723,0.5487096813590786,0.11455108359133126,0.5572755417956656,0.5572755417956656,"{0: 0.5769812324473541, 1: 0.576981232447354}","{0: 0.5769812324473541, 1: 0.576981232447354}",0.576981232447354,"[[449 197]
 [375 271]]",[0. 0. 0. ... 0. 0. 0.],[1. 1. 1. ... 0. 1. 0.]
269,SVC,"{'C': 0.1, 'gamma': 0.01, 'kernel': 'rbf'}",0.5293820518568587,0.09473244265968765,0.11176130272630928,0.17023287892466246,0.5558806513631547,0.08511643946233123,0.5411680493468812,0.10681114551083593,0.5534055727554179,0.5534055727554179,"{0: 0.5747910456344832, 1: 0.5747910456344832}","{0: 0.5747910456344832, 1: 0.5747910456344832}",0.5747910456344832,"[[463 183]
 [394 252]]",[0. 0. 0. ... 0. 0. 0.],[1. 1. 1. ... 0. 1. 0.]
301,AdaBoost,"{'algorithm': 'SAMME.R', 'learning_rate': 0.5081632653061224, 'n_estimators': 52}",0.545200806874528,0.09379525960549152,0.11156394720933827,0.176150226786894,0.5557819736046691,0.088075113393447,0.5526315789473685,0.10835913312693501,0.5541795665634675,0.5541795665634675,"{0: 0.5720640953138629, 1: 0.5720640953138629}","{0: 0.5720640953138629, 1: 0.5720640953138629}",0.5720640953138629,"[[396 250]
 [326 320]]",[0. 0. 1. ... 0. 0. 0.],[1. 1. 1. ... 0. 1. 0.]
203,AdaBoost,"{'algorithm': 'SAMME.R', 'learning_rate': 0.9979591836734693, 'n_estimators': 52}",0.5474526912677672,0.10700455993533611,0.11077256844069869,0.20252346300252735,0.5553862842203494,0.10126173150126369,0.5397088500291078,0.08204334365325072,0.5410216718266254,0.5410216718266254,"{0: 0.560127097930585, 1: 0.560127097930585}","{0: 0.560127097930585, 1: 0.560127097930585}",0.560127097930585,"[[384 262]
 [331 315]]",[0. 0. 1. ... 0. 0. 0.],[1. 1. 1. ... 0. 1. 0.]
760,SVC,"{'C': 0.1, 'gamma': 0.01, 'kernel': 'rbf'}",0.5360987770225347,0.08935037350089824,0.1100682097789357,0.16960119916033026,0.5550341048894678,0.08480059958016513,0.5465191126354475,0.10526315789473684,0.5526315789473685,0.5526315789473684,"{0: 0.5782404700514718, 1: 0.5782404700514718}","{0: 0.5782404700514718, 1: 0.5782404700514718}",0.5782404700514718,"[[432 214]
 [364 282]]",[0. 0. 0. ... 0. 0. 0.],[1. 1. 1. ... 0. 1. 0.]
71,knn,{'n_neighbors': 9},0.5454084531292597,0.0649339183370633,0.10649708966467877,0.1288095590317028,0.5532485448323393,0.06440477951585138,0.5562120281145563,0.11300309597523217,0.5565015479876161,0.5565015479876161,"{0: 0.5782404700514718, 1: 0.5782404700514717}","{0: 0.5782404700514718, 1: 0.5782404700514717}",0.5782404700514717,"[[376 270]
 [303 343]]",[1. 0. 0. ... 0. 1. 0.],[1. 1. 1. ... 0. 1. 0.]
726,knn,{'n_neighbors': 9},0.5454084531292597,0.0649339183370633,0.10649708966467877,0.1288095590317028,0.5532485448323393,0.06440477951585138,0.5562120281145563,0.11300309597523217,0.5565015479876161,0.5565015479876161,"{0: 0.5782404700514718, 1: 0.5782404700514717}","{0: 0.5782404700514718, 1: 0.5782404700514717}",0.5782404700514717,"[[376 270]
 [303 343]]",[1. 0. 0. ... 0. 1. 0.],[1. 1. 1. ... 0. 1. 0.]
327,knn,{'n_neighbors': 9},0.5454084531292597,0.0649339183370633,0.10649708966467877,0.1288095590317028,0.5532485448323393,0.06440477951585138,0.5562120281145563,0.11300309597523217,0.5565015479876161,0.5565015479876161,"{0: 0.5782404700514718, 1: 0.5782404700514717}","{0: 0.5782404700514718, 1: 0.5782404700514717}",0.5782404700514717,"[[376 270]
 [303 343]]",[1. 0. 0. ... 0. 1. 0.],[1. 1. 1. ... 0. 1. 0.]
601,SVC,"{'C': 1, 'gamma': 1, 'kernel': 'rbf'}",0.5235999351521737,0.10702072886554614,0.10632009275203755,0.18847470322922116,0.5531600463760187,0.09423735161461058,0.5220830615762228,0.09133126934984526,0.5456656346749226,0.5456656346749226,"{0: 0.5371229475984626, 1: 0.5371229475984626}","{0: 0.5371229475984626, 1: 0.5371229475984626}",0.5371229475984626,"[[209 437]
 [150 496]]",[1. 1. 1. ... 0. 1. 0.],[1. 1. 1. ... 0. 1. 0.]
543,AdaBoost,"{'algorithm': 'SAMME', 'learning_rate': 1.4061224489795918, 'n_estimators': 74}",0.5459414483220318,0.08275414417901344,0.10620864463495021,0.1621055448017466,0.5531043223174751,0.08105277240087329,0.5494827053181776,0.09907120743034059,0.5495356037151703,0.5495356037151703,"{0: 0.5733652675670236, 1: 0.5733652675670236}","{0: 0.5733652675670236, 1: 0.5733652675670236}",0.5733652675670236,"[[362 284]
 [298 348]]",[0. 1. 1. ... 0. 0. 0.],[1. 1. 1. ... 0. 1. 0.]
417,SVC,"{'C': 100, 'gamma': 1, 'kernel': 'rbf'}",0.5240441884525494,0.09132776289407012,0.1055613494000324,0.16481825117407028,0.5527806747000162,0.08240912558703514,0.5227980251008179,0.08978328173374617,0.544891640866873,0.544891640866873,"{0: 0.5237302188269801, 1: 0.52373021882698}","{0: 0.5237302188269801, 1: 0.52373021882698}",0.52373021882698,"[[213 433]
 [155 491]]",[1. 1. 1. ... 0. 1. 0.],[1. 1. 1. ... 0. 1. 0.]
295,knn,{'n_neighbors': 13},0.5442710563243118,0.07808480172381016,0.10456701867620347,0.14975880440768896,0.5522835093381017,0.07487940220384448,0.5637582725356315,0.12848297213622295,0.5642414860681114,0.5642414860681115,"{0: 0.591806928083275, 1: 0.591806928083275}","{0: 0.591806928083275, 1: 0.591806928083275}",0.591806928083275,"[[386 260]
 [303 343]]",[1. 1. 0. ... 0. 1. 0.],[1. 1. 1. ... 0. 1. 0.]
622,knn,{'n_neighbors': 13},0.5442710563243118,0.07808480172381016,0.10456701867620347,0.14975880440768896,0.5522835093381017,0.07487940220384448,0.5637582725356315,0.12848297213622295,0.5642414860681114,0.5642414860681115,"{0: 0.591806928083275, 1: 0.591806928083275}","{0: 0.591806928083275, 1: 0.591806928083275}",0.591806928083275,"[[386 260]
 [303 343]]",[1. 1. 0. ... 0. 1. 0.],[1. 1. 1. ... 0. 1. 0.]
20,knn,{'n_neighbors': 13},0.5442710563243118,0.07808480172381016,0.10456701867620347,0.14975880440768896,0.5522835093381017,0.07487940220384448,0.5637582725356315,0.12848297213622295,0.5642414860681114,0.5642414860681115,"{0: 0.591806928083275, 1: 0.591806928083275}","{0: 0.591806928083275, 1: 0.591806928083275}",0.591806928083275,"[[386 260]
 [303 343]]",[1. 1. 0. ... 0. 1. 0.],[1. 1. 1. ... 0. 1. 0.]
991,knn,{'n_neighbors': 13},0.5442710563243118,0.07808480172381016,0.10456701867620347,0.14975880440768896,0.5522835093381017,0.07487940220384448,0.5637582725356315,0.12848297213622295,0.5642414860681114,0.5642414860681115,"{0: 0.591806928083275, 1: 0.591806928083275}","{0: 0.591806928083275, 1: 0.591806928083275}",0.591806928083275,"[[386 260]
 [303 343]]",[1. 1. 0. ... 0. 1. 0.],[1. 1. 1. ... 0. 1. 0.]
62,SVC,"{'C': 10, 'gamma': 1, 'kernel': 'rbf'}",0.522501580464867,0.09747181150661949,0.10434678341557163,0.172521200677794,0.5521733917077859,0.086260600338897,0.5208389906365345,0.08668730650154799,0.5433436532507739,0.543343653250774,"{0: 0.5213698971522779, 1: 0.5213698971522779}","{0: 0.5213698971522779, 1: 0.5213698971522779}",0.5213698971522779,"[[211 435]
 [155 491]]",[1. 1. 1. ... 0. 1. 0.],[1. 1. 1. ... 0. 1. 0.]
315,SVC,"{'C': 100, 'gamma': 1, 'kernel': 'rbf'}",0.523744888984264,0.09367734565589553,0.1042935498414402,0.16846669694250196,0.5521467749207201,0.08423334847125098,0.5215079141892978,0.08668730650154799,0.5433436532507739,0.5433436532507739,"{0: 0.5226315310220553, 1: 0.5226315310220553}","{0: 0.5226315310220553, 1: 0.5226315310220553}",0.5226315310220553,"[[213 433]
 [157 489]]",[1. 1. 1. ... 0. 1. 0.],[1. 1. 1. ... 0. 1. 0.]
70,SVC,"{'C': 10, 'gamma': 1, 'kernel': 'rbf'}",0.5219828854547494,0.09596686422566796,0.10356345840214139,0.16975451805279948,0.5517817292010707,0.08487725902639975,0.5201954477219445,0.0851393188854489,0.5425696594427245,0.5425696594427245,"{0: 0.5231718889282941, 1: 0.5231718889282941}","{0: 0.5231718889282941, 1: 0.5231718889282941}",0.5231718889282941,"[[211 435]
 [156 490]]",[1. 1. 1. ... 0. 1. 0.],[1. 1. 1. ... 0. 1. 0.]
530,AdaBoost,"{'algorithm': 'SAMME.R', 'learning_rate': 0.5897959183673469, 'n_estimators': 96}",0.5422966173725804,0.08309047892671165,0.10345530088677407,0.1561921657954913,0.551727650443387,0.07809608289774565,0.5409391373355338,0.0851393188854489,0.5425696594427245,0.5425696594427245,"{0: 0.56181766335343, 1: 0.5618176633534301}","{0: 0.56181766335343, 1: 0.5618176633534301}",0.5618176633534301,"[[389 257]
 [334 312]]",[0. 0. 1. ... 0. 0. 0.],[1. 1. 1. ... 0. 1. 0.]
509,SVC,"{'C': 100, 'gamma': 1, 'kernel': 'rbf'}",0.5217175297746981,0.09086256611508117,0.10219227403095704,0.16380769130768755,0.5510961370154785,0.08190384565384377,0.5195167303789702,0.0851393188854489,0.5425696594427245,0.5425696594427245,"{0: 0.5212452913379789, 1: 0.5212452913379788}","{0: 0.5212452913379789, 1: 0.5212452913379788}",0.5212452913379788,"[[209 437]
 [154 492]]",[1. 1. 1. ... 0. 1. 0.],[1. 1. 1. ... 0. 1. 0.]
371,SVC,"{'C': 100, 'gamma': 1, 'kernel': 'rbf'}",0.520673996229751,0.09521373373270618,0.10218624084845325,0.16894501558550779,0.5510931204242265,0.0844725077927539,0.5191730177911248,0.0851393188854489,0.5425696594427245,0.5425696594427245,"{0: 0.5207109240958889, 1: 0.5207109240958889}","{0: 0.5207109240958889, 1: 0.5207109240958889}",0.5207109240958889,"[[208 438]
 [153 493]]",[1. 1. 1. ... 0. 1. 0.],[1. 1. 1. ... 0. 1. 0.]
216,knn,{'n_neighbors': 3},0.5473654090982647,0.07943513605438607,0.10201020079933336,0.15807959576805167,0.5510051003996668,0.07903979788402583,0.5516897303730764,0.10371517027863775,0.5518575851393189,0.5518575851393189,"{0: 0.5648920721946918, 1: 0.5648920721946918}","{0: 0.5648920721946918, 1: 0.5648920721946918}",0.5648920721946918,"[[344 302]
 [277 369]]",[1. 0. 1. ... 0. 0. 1.],[1. 1. 1. ... 0. 1. 0.]
608,knn,{'n_neighbors': 3},0.5473654090982647,0.07943513605438607,0.10201020079933336,0.15807959576805167,0.5510051003996668,0.07903979788402583,0.5516897303730764,0.10371517027863775,0.5518575851393189,0.5518575851393189,"{0: 0.5648920721946918, 1: 0.5648920721946918}","{0: 0.5648920721946918, 1: 0.5648920721946918}",0.5648920721946918,"[[344 302]
 [277 369]]",[1. 0. 1. ... 0. 0. 1.],[1. 1. 1. ... 0. 1. 0.]
977,knn,{'n_neighbors': 3},0.5473654090982647,0.07943513605438607,0.10201020079933336,0.15807959576805167,0.5510051003996668,0.07903979788402583,0.5516897303730764,0.10371517027863775,0.5518575851393189,0.5518575851393189,"{0: 0.5648920721946918, 1: 0.5648920721946918}","{0: 0.5648920721946918, 1: 0.5648920721946918}",0.5648920721946918,"[[344 302]
 [277 369]]",[1. 0. 1. ... 0. 0. 1.],[1. 1. 1. ... 0. 1. 0.]
471,SVC,"{'C': 100, 'gamma': 1, 'kernel': 'rbf'}",0.5200854892502568,0.0967194504681719,0.10119384011963746,0.1693955108737761,0.5505969200598186,0.08469775543688807,0.5185319474659577,0.08359133126934981,0.541795665634675,0.541795665634675,"{0: 0.5213471326285117, 1: 0.5213471326285117}","{0: 0.5213471326285117, 1: 0.5213471326285117}",0.5213471326285117,"[[208 438]
 [154 492]]",[1. 1. 1. ... 0. 1. 0.],[1. 1. 1. ... 0. 1. 0.]
809,SVC,"{'C': 100, 'gamma': 1, 'kernel': 'rbf'}",0.5206851701540862,0.09692261789696893,0.10112065599382176,0.17112840035376037,0.5505603279969109,0.08556420017688018,0.5198575365826512,0.0851393188854489,0.5425696594427245,0.5425696594427245,"{0: 0.5220384552713051, 1: 0.5220384552713052}","{0: 0.5220384552713051, 1: 0.5220384552713052}",0.5220384552713052,"[[210 436]
 [155 491]]",[1. 1. 1. ... 0. 1. 0.],[1. 1. 1. ... 0. 1. 0.]
390,SVC,"{'C': 100, 'gamma': 1, 'kernel': 'rbf'}",0.5200374174619772,0.09643051784120177,0.10111828581498099,0.17029912410401218,0.5505591429074905,0.08514956205200609,0.5185319474659577,0.08359133126934981,0.541795665634675,0.541795665634675,"{0: 0.5204401460763546, 1: 0.5204401460763546}","{0: 0.5204401460763546, 1: 0.5204401460763546}",0.5204401460763546,"[[208 438]
 [154 492]]",[1. 1. 1. ... 0. 1. 0.],[1. 1. 1. ... 0. 1. 0.]
492,SVC,"{'C': 100, 'gamma': 1, 'kernel': 'rbf'}",0.5201346871526624,0.0993253966297501,0.1009499580187462,0.17629115448720692,0.5504749790093731,0.08814557724360346,0.5185319474659577,0.08359133126934981,0.541795665634675,0.541795665634675,"{0: 0.5227477499065456, 1: 0.5227477499065456}","{0: 0.5227477499065456, 1: 0.5227477499065456}",0.5227477499065456,"[[208 438]
 [154 492]]",[1. 1. 1. ... 0. 1. 0.],[1. 1. 1. ... 0. 1. 0.]
948,SVC,"{'C': 100, 'gamma': 1, 'kernel': 'rbf'}",0.5201698544515501,0.0963787907273958,0.10036614906284423,0.17088700239805762,0.550183074531422,0.08544350119902881,0.5188747845559651,0.08359133126934981,0.541795665634675,0.541795665634675,"{0: 0.5241723298411756, 1: 0.5241723298411756}","{0: 0.5241723298411756, 1: 0.5241723298411756}",0.5241723298411756,"[[209 437]
 [155 491]]",[1. 1. 1. ... 0. 1. 0.],[1. 1. 1. ... 0. 1. 0.]
256,SVC,"{'C': 100, 'gamma': 1, 'kernel': 'rbf'}",0.5200861440017532,0.09296164249138596,0.10017251324130143,0.16670833276789168,0.5500862566206507,0.08335416638394584,0.5172493615308164,0.08049535603715174,0.5402476780185759,0.5402476780185759,"{0: 0.5201022726183515, 1: 0.5201022726183515}","{0: 0.5201022726183515, 1: 0.5201022726183515}",0.5201022726183515,"[[208 438]
 [156 490]]",[1. 1. 1. ... 0. 1. 0.],[1. 1. 1. ... 0. 1. 0.]
164,SVC,"{'C': 100, 'gamma': 1, 'kernel': 'rbf'}",0.5199899266571856,0.0957678087759607,0.09996617889197623,0.16903027917191688,0.5499830894459881,0.08451513958595844,0.5182326889907144,0.08204334365325072,0.5410216718266254,0.5410216718266254,"{0: 0.5204425423420143, 1: 0.5204425423420143}","{0: 0.5204425423420143, 1: 0.5204425423420143}",0.5204425423420143,"[[209 437]
 [156 490]]",[1. 1. 1. ... 0. 1. 0.],[1. 1. 1. ... 0. 1. 0.]
773,SVC,"{'C': 100, 'gamma': 1, 'kernel': 'rbf'}",0.5193486658010515,0.09981671299763858,0.09995615382931959,0.17573561508498295,0.5499780769146597,0.08786780754249146,0.5165584440127298,0.08049535603715174,0.5402476780185759,0.5402476780185759,"{0: 0.5195247725943889, 1: 0.5195247725943889}","{0: 0.5195247725943889, 1: 0.5195247725943889}",0.5195247725943889,"[[206 440]
 [154 492]]",[1. 1. 1. ... 0. 1. 0.],[1. 1. 1. ... 0. 1. 0.]
616,SVC,"{'C': 100, 'gamma': 1, 'kernel': 'rbf'}",0.5193385228217976,0.09951636580153789,0.09953912641229216,0.17591131959149317,0.5497695632061461,0.08795565979574659,0.5181861933594882,0.08359133126934981,0.541795665634675,0.541795665634675,"{0: 0.5218491502841971, 1: 0.5218491502841971}","{0: 0.5218491502841971, 1: 0.5218491502841971}",0.5218491502841971,"[[207 439]
 [153 493]]",[1. 1. 1. ... 0. 1. 0.],[1. 1. 1. ... 0. 1. 0.]
929,SVC,"{'C': 100, 'gamma': 1, 'kernel': 'rbf'}",0.519809172693338,0.09457070185371473,0.09953765474843078,0.1680630314815558,0.5497688273742154,0.08403151574077791,0.5178907294665471,0.08204334365325072,0.5410216718266254,0.5410216718266254,"{0: 0.5222553173134986, 1: 0.5222553173134986}","{0: 0.5222553173134986, 1: 0.5222553173134986}",0.5222553173134986,"[[208 438]
 [155 491]]",[1. 1. 1. ... 0. 1. 0.],[1. 1. 1. ... 0. 1. 0.]
351,SVC,"{'C': 100, 'gamma': 1, 'kernel': 'rbf'}",0.5194454758827068,0.09485495750993801,0.09952034273690298,0.16854643465612348,0.5497601713684515,0.08427321732806173,0.517545853722736,0.08204334365325072,0.5410216718266254,0.5410216718266254,"{0: 0.5239650528616204, 1: 0.5239650528616205}","{0: 0.5239650528616204, 1: 0.5239650528616205}",0.5239650528616205,"[[207 439]
 [154 492]]",[1. 1. 1. ... 0. 1. 0.],[1. 1. 1. ... 0. 1. 0.]
184,SVC,"{'C': 100, 'gamma': 1, 'kernel': 'rbf'}",0.519803500584886,0.09223328398044224,0.09908682026433385,0.16540116367525792,0.5495434101321669,0.08270058183762896,0.5178907294665471,0.08204334365325072,0.5410216718266254,0.5410216718266254,"{0: 0.5201478016658838, 1: 0.5201478016658838}","{0: 0.5201478016658838, 1: 0.5201478016658838}",0.5201478016658838,"[[208 438]
 [155 491]]",[1. 1. 1. ... 0. 1. 0.],[1. 1. 1. ... 0. 1. 0.]
955,SVC,"{'C': 0.1, 'gamma': 0.01, 'kernel': 'rbf'}",0.5275513316008551,0.0887967620623117,0.09890400035064664,0.1662746298902136,0.5494520001753233,0.08313731494510682,0.5400240434440161,0.09597523219814241,0.5479876160990712,0.5479876160990712,"{0: 0.5836907762942232, 1: 0.5836907762942232}","{0: 0.5836907762942232, 1: 0.5836907762942232}",0.5836907762942232,"[[439 207]
 [377 269]]",[0. 0. 0. ... 0. 0. 0.],[1. 1. 1. ... 0. 1. 0.]
548,SVC,"{'C': 100, 'gamma': 1, 'kernel': 'rbf'}",0.518843522980177,0.09674455204562181,0.09877722165038741,0.17038630061540289,0.5493886108251937,0.08519315030770146,0.517545853722736,0.08204334365325072,0.5410216718266254,0.5410216718266254,"{0: 0.522242137852371, 1: 0.5222421378523708}","{0: 0.522242137852371, 1: 0.5222421378523708}",0.5222421378523708,"[[207 439]
 [154 492]]",[1. 1. 1. ... 0. 1. 0.],[1. 1. 1. ... 0. 1. 0.]
455,SVC,"{'C': 100, 'gamma': 1, 'kernel': 'rbf'}",0.5188577066881761,0.09731000036560451,0.0980749680216632,0.17216314717929024,0.5490374840108315,0.08608157358964512,0.5166078413987774,0.07894736842105265,0.5394736842105263,0.5394736842105263,"{0: 0.519957298545946, 1: 0.519957298545946}","{0: 0.519957298545946, 1: 0.519957298545946}",0.519957298545946,"[[208 438]
 [157 489]]",[1. 1. 1. ... 0. 1. 0.],[1. 1. 1. ... 0. 1. 0.]
201,SVC,"{'C': 100, 'gamma': 1, 'kernel': 'rbf'}",0.5183223142145191,0.09640161689325685,0.09795029101907922,0.17057590288042068,0.5489751455095395,0.08528795144021033,0.516264728554124,0.07894736842105265,0.5394736842105263,0.5394736842105263,"{0: 0.523167096396975, 1: 0.523167096396975}","{0: 0.523167096396975, 1: 0.523167096396975}",0.523167096396975,"[[207 439]
 [156 490]]",[1. 1. 1. ... 0. 1. 0.],[1. 1. 1. ... 0. 1. 0.]
279,SVC,"{'C': 100, 'gamma': 1, 'kernel': 'rbf'}",0.5191157933250014,0.09355227502124831,0.09790689274557575,0.1665213255404954,0.5489534463727879,0.08326066277024768,0.5175904414205111,0.08049535603715174,0.5402476780185759,0.5402476780185759,"{0: 0.5237709553431932, 1: 0.5237709553431932}","{0: 0.5237709553431932, 1: 0.5237709553431932}",0.5237709553431932,"[[209 437]
 [157 489]]",[1. 1. 1. ... 0. 1. 0.],[1. 1. 1. ... 0. 1. 0.]
734,SVC,"{'C': 100, 'gamma': 1, 'kernel': 'rbf'}",0.5190682690530553,0.09367895779899289,0.09790689274557575,0.1665213255404954,0.5489534463727879,0.08326066277024768,0.5175904414205111,0.08049535603715174,0.5402476780185759,0.5402476780185759,"{0: 0.5238620134382579, 1: 0.5238620134382578}","{0: 0.5238620134382579, 1: 0.5238620134382578}",0.5238620134382578,"[[209 437]
 [157 489]]",[1. 1. 1. ... 0. 1. 0.],[1. 1. 1. ... 0. 1. 0.]
237,SVC,"{'C': 10, 'gamma': 1, 'kernel': 'rbf'}",0.5181779569681347,0.09575009239480374,0.09773970361286938,0.1688807336201375,0.5488698518064347,0.08444036681006875,0.5165584440127298,0.08049535603715174,0.5402476780185759,0.5402476780185759,"{0: 0.5208810589577202, 1: 0.5208810589577203}","{0: 0.5208810589577202, 1: 0.5208810589577203}",0.5208810589577203,"[[206 440]
 [154 492]]",[1. 1. 1. ... 0. 1. 0.],[1. 1. 1. ... 0. 1. 0.]
908,SVC,"{'C': 100, 'gamma': 1, 'kernel': 'rbf'}",0.5189358996854417,0.09671595253520726,0.09765268682848419,0.1709940560478167,0.5488263434142421,0.08549702802390835,0.516264728554124,0.07894736842105265,0.5394736842105263,0.5394736842105263,"{0: 0.5215855610616416, 1: 0.5215855610616416}","{0: 0.5215855610616416, 1: 0.5215855610616416}",0.5215855610616416,"[[207 439]
 [156 490]]",[1. 1. 1. ... 0. 1. 0.],[1. 1. 1. ... 0. 1. 0.]
695,SVC,"{'C': 100, 'gamma': 1, 'kernel': 'rbf'}",0.5182693577348713,0.09637103776407771,0.09756510043826619,0.1698983276162624,0.5487825502191331,0.08494916380813121,0.5169053662073966,0.08049535603715174,0.5402476780185759,0.5402476780185759,"{0: 0.5206606025170375, 1: 0.5206606025170375}","{0: 0.5206606025170375, 1: 0.5206606025170375}",0.5206606025170375,"[[207 439]
 [155 491]]",[1. 1. 1. ... 0. 1. 0.],[1. 1. 1. ... 0. 1. 0.]
219,SVC,"{'C': 100, 'gamma': 1, 'kernel': 'rbf'}",0.5184713163506223,0.09459643733312165,0.09742204426072729,0.16850991162512152,0.5487110221303636,0.08425495581256076,0.5169053662073966,0.08049535603715174,0.5402476780185759,0.5402476780185759,"{0: 0.520984098381083, 1: 0.520984098381083}","{0: 0.520984098381083, 1: 0.520984098381083}",0.520984098381083,"[[207 439]
 [155 491]]",[1. 1. 1. ... 0. 1. 0.],[1. 1. 1. ... 0. 1. 0.]
714,SVC,"{'C': 100, 'gamma': 1, 'kernel': 'rbf'}",0.5177495731090592,0.09629685190225795,0.09717229034980396,0.16974509418361644,0.5485861451749019,0.08487254709180823,0.5152177874977218,0.07894736842105265,0.5394736842105263,0.5394736842105263,"{0: 0.5224506129647557, 1: 0.5224506129647557}","{0: 0.5224506129647557, 1: 0.5224506129647557}",0.5224506129647557,"[[204 442]
 [153 493]]",[1. 1. 1. ... 0. 1. 0.],[1. 1. 1. ... 0. 1. 0.]
567,SVC,"{'C': 100, 'gamma': 1, 'kernel': 'rbf'}",0.5187736368226739,0.09703364977777061,0.09710084247400826,0.1720228211365566,0.548550421237004,0.0860114105682783,0.5175904414205111,0.08049535603715174,0.5402476780185759,0.5402476780185759,"{0: 0.5219977187550922, 1: 0.5219977187550922}","{0: 0.5219977187550922, 1: 0.5219977187550922}",0.5219977187550922,"[[209 437]
 [157 489]]",[1. 1. 1. ... 0. 1. 0.],[1. 1. 1. ... 0. 1. 0.]
568,AdaBoost,"{'algorithm': 'SAMME', 'learning_rate': 1.2428571428571429, 'n_estimators': 52}",0.5402356645992783,0.08784245452300926,0.09707741098486512,0.1751275365742775,0.5485387054924324,0.08756376828713873,0.5455673577194121,0.09133126934984526,0.5456656346749226,0.5456656346749227,"{0: 0.5726739449242301, 1: 0.5726739449242301}","{0: 0.5726739449242301, 1: 0.5726739449242301}",0.5726739449242301,"[[362 284]
 [303 343]]",[1. 1. 1. ... 0. 0. 0.],[1. 1. 1. ... 0. 1. 0.]
645,AdaBoost,"{'algorithm': 'SAMME', 'learning_rate': 1.7326530612244897, 'n_estimators': 74}",0.5418765365563458,0.094110558294438,0.09683789396723455,0.18609645888306947,0.5484189469836173,0.09304822944153474,0.5387549852609675,0.07894736842105265,0.5394736842105263,0.5394736842105263,"{0: 0.553316910926013, 1: 0.5533169109260129}","{0: 0.553316910926013, 1: 0.5533169109260129}",0.5533169109260129,"[[323 323]
 [272 374]]",[0. 0. 1. ... 0. 0. 0.],[1. 1. 1. ... 0. 1. 0.]
676,SVC,"{'C': 100, 'gamma': 1, 'kernel': 'rbf'}",0.5174846855616068,0.1008258800869719,0.09662645574962152,0.175038158167105,0.5483132278748107,0.08751907908355251,0.5169053662073966,0.08049535603715174,0.5402476780185759,0.5402476780185759,"{0: 0.5200375734455425, 1: 0.5200375734455425}","{0: 0.5200375734455425, 1: 0.5200375734455425}",0.5200375734455425,"[[207 439]
 [155 491]]",[1. 1. 1. ... 0. 1. 0.],[1. 1. 1. ... 0. 1. 0.]
617,AdaBoost,"{'algorithm': 'SAMME', 'learning_rate': 2.630612244897959, 'n_estimators': 41}",0.44136690697129344,0.12016880205286516,0.09653965976464596,0.1603609548860708,0.548269829882323,0.0801804774430354,0.4396821695458974,0.07585139318885448,0.5379256965944272,0.5379256965944272,"{0: 0.5648932703275215, 1: 0.5648932703275216}","{0: 0.5648932703275215, 1: 0.5648932703275216}",0.5648932703275216,"[[618  28]
 [569  77]]",[0. 0. 1. ... 0. 0. 0.],[1. 1. 1. ... 0. 1. 0.]
868,SVC,"{'C': 100, 'gamma': 1, 'kernel': 'rbf'}",0.5179220991356717,0.09529338543108606,0.09652758240074817,0.1685989299309977,0.548263791200374,0.08429946496549885,0.516264728554124,0.07894736842105265,0.5394736842105263,0.5394736842105263,"{0: 0.5216047311869183, 1: 0.5216047311869183}","{0: 0.5216047311869183, 1: 0.5216047311869183}",0.5216047311869183,"[[207 439]
 [156 490]]",[1. 1. 1. ... 0. 1. 0.],[1. 1. 1. ... 0. 1. 0.]
826,SVC,"{'C': 100, 'gamma': 1, 'kernel': 'rbf'}",0.5172012265329269,0.09630004610873567,0.09592152179468755,0.1701630339853455,0.5479607608973438,0.08508151699267275,0.5159186896543473,0.07894736842105265,0.5394736842105263,0.5394736842105263,"{0: 0.5187004572074879, 1: 0.5187004572074878}","{0: 0.5187004572074879, 1: 0.5187004572074878}",0.5187004572074878,"[[206 440]
 [155 491]]",[1. 1. 1. ... 0. 1. 0.],[1. 1. 1. ... 0. 1. 0.]
655,SVC,"{'C': 100, 'gamma': 1, 'kernel': 'rbf'}",0.5174510089364239,0.09603952354537286,0.09592058216584096,0.16968235380501037,0.5479602910829204,0.08484117690250519,0.5152787849488357,0.07739938080495357,0.5386996904024768,0.5386996904024768,"{0: 0.5229310642295047, 1: 0.5229310642295047}","{0: 0.5229310642295047, 1: 0.5229310642295047}",0.5229310642295047,"[[206 440]
 [156 490]]",[1. 1. 1. ... 0. 1. 0.],[1. 1. 1. ... 0. 1. 0.]
334,SVC,"{'C': 100, 'gamma': 1, 'kernel': 'rbf'}",0.5179820740904071,0.0945079878819622,0.09576800385668686,0.1679331092575364,0.5478840019283434,0.0839665546287682,0.5159661668124993,0.07739938080495357,0.5386996904024768,0.5386996904024768,"{0: 0.5212069510874253, 1: 0.5212069510874254}","{0: 0.5212069510874253, 1: 0.5212069510874254}",0.5212069510874254,"[[208 438]
 [158 488]]",[1. 1. 1. ... 0. 1. 0.],[1. 1. 1. ... 0. 1. 0.]
635,SVC,"{'C': 100, 'gamma': 1, 'kernel': 'rbf'}",0.5172532290334605,0.09653238618645148,0.09510297922614498,0.17066465035339493,0.5475514896130725,0.08533232517669748,0.5156239385056677,0.07739938080495357,0.5386996904024768,0.5386996904024768,"{0: 0.5203466917156303, 1: 0.5203466917156304}","{0: 0.5203466917156303, 1: 0.5203466917156304}",0.5203466917156304,"[[207 439]
 [157 489]]",[1. 1. 1. ... 0. 1. 0.],[1. 1. 1. ... 0. 1. 0.]
753,SVC,"{'C': 100, 'gamma': 1, 'kernel': 'rbf'}",0.5171781291891508,0.09644787396714592,0.09506163555689433,0.17079786569842434,0.5475308177784473,0.08539893284921217,0.5156239385056677,0.07739938080495357,0.5386996904024768,0.5386996904024768,"{0: 0.5221618629527744, 1: 0.5221618629527744}","{0: 0.5221618629527744, 1: 0.5221618629527744}",0.5221618629527744,"[[207 439]
 [157 489]]",[1. 1. 1. ... 0. 1. 0.],[1. 1. 1. ... 0. 1. 0.]
368,AdaBoost,"{'algorithm': 'SAMME.R', 'learning_rate': 1.9775510204081632, 'n_estimators': 74}",0.5283858454283408,0.07572260348814272,0.09463060293298942,0.14814083632332764,0.5473153014664947,0.0740704181616638,0.5486259679452548,0.09907120743034059,0.5495356037151703,0.5495356037151703,"{0: 0.5481649397578813, 1: 0.5481649397578813}","{0: 0.5481649397578813, 1: 0.5481649397578813}",0.5481649397578813,"[[384 262]
 [320 326]]",[0. 1. 1. ... 0. 0. 1.],[1. 1. 1. ... 0. 1. 0.]
297,SVC,"{'C': 100, 'gamma': 1, 'kernel': 'rbf'}",0.5163108377371006,0.096992922972639,0.0944190435965572,0.17136829965562078,0.5472095217982785,0.0856841498278104,0.5149306946659713,0.07739938080495357,0.5386996904024768,0.5386996904024768,"{0: 0.5238260694533639, 1: 0.5238260694533639}","{0: 0.5238260694533639, 1: 0.5238260694533639}",0.5238260694533639,"[[205 441]
 [155 491]]",[1. 1. 1. ... 0. 1. 0.],[1. 1. 1. ... 0. 1. 0.]
104,SVC,"{'C': 1000, 'gamma': 1, 'kernel': 'rbf'}",0.5160990976921129,0.09559125818388904,0.09424163468832987,0.1687667739856122,0.5471208173441648,0.0843833869928061,0.5146387276417009,0.07585139318885448,0.5379256965944272,0.5379256965944272,"{0: 0.5205012508506743, 1: 0.5205012508506743}","{0: 0.5205012508506743, 1: 0.5205012508506743}",0.5205012508506743,"[[206 440]
 [157 489]]",[1. 1. 1. ... 0. 1. 0.],[1. 1. 1. ... 0. 1. 0.]
887,SVC,"{'C': 100, 'gamma': 1, 'kernel': 'rbf'}",0.5166722303325215,0.09735047327465988,0.09381806124557485,0.1729325479808902,0.5469090306227874,0.0864662739904451,0.5156239385056677,0.07739938080495357,0.5386996904024768,0.5386996904024768,"{0: 0.5231647001313153, 1: 0.5231647001313153}","{0: 0.5231647001313153, 1: 0.5231647001313153}",0.5231647001313153,"[[207 439]
 [157 489]]",[1. 1. 1. ... 0. 1. 0.],[1. 1. 1. ... 0. 1. 0.]
494,AdaBoost,"{'algorithm': 'SAMME', 'learning_rate': 2.4673469387755103, 'n_estimators': 41}",0.4451388275684034,0.11719340033612509,0.09370171050460367,0.16224762907039825,0.5468508552523018,0.08112381453519911,0.4435061698517103,0.07430340557275539,0.5371517027863777,0.5371517027863777,"{0: 0.5406634301105158, 1: 0.5406634301105158}","{0: 0.5406634301105158, 1: 0.5406634301105158}",0.5406634301105158,"[[612  34]
 [564  82]]",[0. 0. 1. ... 0. 0. 0.],[1. 1. 1. ... 0. 1. 0.]
819,AdaBoost,"{'algorithm': 'SAMME.R', 'learning_rate': 0.9979591836734693, 'n_estimators': 63}",0.5376388761149872,0.08560096061330714,0.09251116701865694,0.16419832511888133,0.5462555835093285,0.08209916255944066,0.5400625411593227,0.08204334365325072,0.5410216718266254,0.5410216718266254,"{0: 0.5557179691169282, 1: 0.5557179691169283}","{0: 0.5557179691169282, 1: 0.5557179691169283}",0.5557179691169283,"[[379 267]
 [326 320]]",[0. 0. 1. ... 0. 0. 0.],[1. 1. 1. ... 0. 1. 0.]
969,SVC,"{'C': 100, 'gamma': 1, 'kernel': 'rbf'}",0.5150430047876875,0.09428502508892797,0.09188869351185928,0.16697959091148204,0.5459443467559296,0.08348979545574102,0.5142915255859585,0.07585139318885448,0.5379256965944272,0.5379256965944272,"{0: 0.5207636419404, 1: 0.5207636419404}","{0: 0.5207636419404, 1: 0.5207636419404}",0.5207636419404,"[[205 441]
 [156 490]]",[1. 1. 1. ... 0. 1. 0.],[1. 1. 1. ... 0. 1. 0.]
44,AdaBoost,"{'algorithm': 'SAMME.R', 'learning_rate': 1.7326530612244897, 'n_estimators': 52}",0.5377451871103825,0.08983169041960229,0.09013122664759525,0.17293979708396354,0.5450656133237977,0.08646989854198178,0.5396641449949255,0.08049535603715174,0.5402476780185759,0.5402476780185759,"{0: 0.5497045404441718, 1: 0.5497045404441718}","{0: 0.5497045404441718, 1: 0.5497045404441718}",0.5497045404441718,"[[372 274]
 [320 326]]",[1. 0. 1. ... 0. 1. 0.],[1. 1. 1. ... 0. 1. 0.]
89,AdaBoost,"{'algorithm': 'SAMME', 'learning_rate': 2.5489795918367344, 'n_estimators': 63}",0.4422992325038613,0.1191309728893532,0.08988143078432394,0.16617015188439005,0.5449407153921619,0.08308507594219502,0.44028665691633334,0.06965944272445823,0.5348297213622291,0.5348297213622292,"{0: 0.5455014904772402, 1: 0.5455014904772403}","{0: 0.5455014904772402, 1: 0.5455014904772403}",0.5455014904772403,"[[611  35]
 [566  80]]",[0. 0. 1. ... 0. 0. 0.],[1. 1. 1. ... 0. 1. 0.]
722,AdaBoost,"{'algorithm': 'SAMME', 'learning_rate': 2.5489795918367344, 'n_estimators': 41}",0.4422992325038613,0.1191309728893532,0.08988143078432394,0.16617015188439005,0.5449407153921619,0.08308507594219502,0.44028665691633334,0.06965944272445823,0.5348297213622291,0.5348297213622292,"{0: 0.5492684200941252, 1: 0.5492684200941254}","{0: 0.5492684200941252, 1: 0.5492684200941254}",0.5492684200941254,"[[611  35]
 [566  80]]",[0. 0. 1. ... 0. 0. 0.],[1. 1. 1. ... 0. 1. 0.]
959,AdaBoost,"{'algorithm': 'SAMME.R', 'learning_rate': 0.8346938775510203, 'n_estimators': 96}",0.5358578417791126,0.08634525601742939,0.08976965069935915,0.1605175041919902,0.5448848253496795,0.0802587520959951,0.5372601107589526,0.07585139318885448,0.5379256965944272,0.5379256965944272,"{0: 0.5562032129129965, 1: 0.5562032129129963}","{0: 0.5562032129129965, 1: 0.5562032129129963}",0.5562032129129963,"[[372 274]
 [323 323]]",[0. 0. 1. ... 0. 0. 0.],[1. 1. 1. ... 0. 1. 0.]
10,AdaBoost,"{'algorithm': 'SAMME', 'learning_rate': 1.8142857142857143, 'n_estimators': 96}",0.5383013762717185,0.08353916240731908,0.08912062483257227,0.16777085494518013,0.5445603124162861,0.08388542747259006,0.5332009167303284,0.06656346749226005,0.5332817337461301,0.53328173374613,"{0: 0.5512848776466754, 1: 0.5512848776466754}","{0: 0.5512848776466754, 1: 0.5512848776466754}",0.5512848776466754,"[[336 310]
 [293 353]]",[0. 0. 1. ... 0. 0. 0.],[1. 1. 1. ... 0. 1. 0.]
446,SVC,"{'C': 10, 'gamma': 0.0001, 'kernel': 'sigmoid'}",0.4991126010902388,0.10148118522155504,0.08737287586043394,0.1607043226554122,0.543686437930217,0.08035216132770612,0.5301238729835458,0.1099071207430341,0.554953560371517,0.554953560371517,"{0: 0.5484405103087349, 1: 0.5484405103087349}","{0: 0.5484405103087349, 1: 0.5484405103087349}",0.5484405103087349,"[[507 139]
 [436 210]]",[0. 0. 0. ... 0. 0. 0.],[1. 1. 1. ... 0. 1. 0.]
766,SVC,"{'C': 10, 'gamma': 0.0001, 'kernel': 'sigmoid'}",0.5011640026092931,0.1020229784798163,0.0850202805773001,0.1630145858310119,0.5425101402886501,0.08150729291550596,0.5325247376783551,0.1099071207430341,0.554953560371517,0.554953560371517,"{0: 0.5543856454101928, 1: 0.5543856454101928}","{0: 0.5543856454101928, 1: 0.5543856454101928}",0.5543856454101928,"[[500 146]
 [429 217]]",[0. 0. 0. ... 0. 0. 0.],[1. 1. 1. ... 0. 1. 0.]
555,AdaBoost,"{'algorithm': 'SAMME.R', 'learning_rate': 1.1612244897959183, 'n_estimators': 85}",0.5323562381397289,0.08235473550559652,0.08442035833000901,0.15549417718305494,0.5422101791650045,0.07774708859152747,0.5341596759901683,0.06965944272445823,0.5348297213622291,0.5348297213622291,"{0: 0.5487316565863758, 1: 0.5487316565863758}","{0: 0.5487316565863758, 1: 0.5487316565863758}",0.5487316565863758,"[[370 276]
 [325 321]]",[1. 0. 1. ... 0. 0. 0.],[1. 1. 1. ... 0. 1. 0.]
878,knn,{'n_neighbors': 7},0.5380041824413626,0.07042344587448403,0.08295657042928038,0.13883205802098203,0.5414782852146401,0.06941602901049103,0.5469528017392524,0.09442724458204332,0.5472136222910217,0.5472136222910218,"{0: 0.5691262736151981, 1: 0.5691262736151981}","{0: 0.5691262736151981, 1: 0.5691262736151981}",0.5691262736151981,"[[369 277]
 [308 338]]",[1. 0. 1. ... 0. 1. 0.],[1. 1. 1. ... 0. 1. 0.]
236,knn,{'n_neighbors': 7},0.5380041824413626,0.07042344587448403,0.08295657042928038,0.13883205802098203,0.5414782852146401,0.06941602901049103,0.5469528017392524,0.09442724458204332,0.5472136222910217,0.5472136222910218,"{0: 0.5691262736151981, 1: 0.5691262736151981}","{0: 0.5691262736151981, 1: 0.5691262736151981}",0.5691262736151981,"[[369 277]
 [308 338]]",[1. 0. 1. ... 0. 1. 0.],[1. 1. 1. ... 0. 1. 0.]
372,knn,{'n_neighbors': 7},0.5380041824413626,0.07042344587448403,0.08295657042928038,0.13883205802098203,0.5414782852146401,0.06941602901049103,0.5469528017392524,0.09442724458204332,0.5472136222910217,0.5472136222910218,"{0: 0.5691262736151981, 1: 0.5691262736151981}","{0: 0.5691262736151981, 1: 0.5691262736151981}",0.5691262736151981,"[[369 277]
 [308 338]]",[1. 0. 1. ... 0. 1. 0.],[1. 1. 1. ... 0. 1. 0.]
244,AdaBoost,"{'algorithm': 'SAMME.R', 'learning_rate': 0.8346938775510203, 'n_estimators': 85}",0.5329131426701718,0.07911672204785321,0.08208500643197297,0.14938285962484293,0.5410425032159865,0.0746914298124215,0.5337904815426561,0.06965944272445823,0.5348297213622291,0.5348297213622291,"{0: 0.5575379328853913, 1: 0.5575379328853914}","{0: 0.5575379328853913, 1: 0.5575379328853914}",0.5575379328853914,"[[376 270]
 [331 315]]",[0. 0. 1. ... 0. 0. 0.],[1. 1. 1. ... 0. 1. 0.]
167,randomforest,"{'criterion': 'gini', 'max_features': None, 'n_estimators': 25}",0.5360727546436691,0.080034779308501,0.08146217142673867,0.15836994349390163,0.5407310857133694,0.07918497174695081,0.5355135595048354,0.07120743034055732,0.5356037151702786,0.5356037151702786,"{0: 0.562559307575075, 1: 0.562559307575075}","{0: 0.562559307575075, 1: 0.562559307575075}",0.562559307575075,"[[337 309]
 [291 355]]",[0. 0. 1. ... 0. 1. 0.],[1. 1. 1. ... 0. 1. 0.]
648,SVC,"{'C': 10, 'gamma': 0.0001, 'kernel': 'sigmoid'}",0.4985576198042687,0.1043714741164986,0.07977941358429241,0.16371292121980677,0.5398897067921462,0.08185646060990338,0.5292905689769972,0.10216718266253866,0.5510835913312694,0.5510835913312693,"{0: 0.5407508938070911, 1: 0.5407508938070911}","{0: 0.5407508938070911, 1: 0.5407508938070911}",0.5407508938070911,"[[495 151]
 [429 217]]",[0. 0. 0. ... 0. 0. 0.],[1. 1. 1. ... 0. 1. 0.]
779,SVC,"{'C': 0.1, 'gamma': 0.01, 'kernel': 'sigmoid'}",0.4972611539862115,0.10146973440434527,0.07976752993740999,0.16655444416347456,0.539883764968705,0.08327722208173728,0.5255607635739947,0.10681114551083593,0.5534055727554179,0.5534055727554179,"{0: 0.5335477192343452, 1: 0.5335477192343452}","{0: 0.5335477192343452, 1: 0.5335477192343452}",0.5335477192343452,"[[514 132]
 [445 201]]",[0. 0. 0. ... 0. 0. 0.],[1. 1. 1. ... 0. 1. 0.]
267,SVC,"{'C': 1, 'gamma': 0.001, 'kernel': 'rbf'}",0.5191925358416156,0.09783121585483777,0.07964568074412331,0.17819567988101975,0.5398228403720616,0.08909783994050989,0.5406605525888089,0.08978328173374617,0.544891640866873,0.544891640866873,"{0: 0.5557203653825877, 1: 0.5557203653825877}","{0: 0.5557203653825877, 1: 0.5557203653825877}",0.5557203653825877,"[[414 232]
 [356 290]]",[0. 0. 0. ... 0. 0. 0.],[1. 1. 1. ... 0. 1. 0.]
721,SVC,"{'C': 0.1, 'gamma': 0.01, 'kernel': 'sigmoid'}",0.49341002492653474,0.1020097361479851,0.07911848502191854,0.1570114682829498,0.5395592425109592,0.07850573414147488,0.5279526894400391,0.10216718266253866,0.5510835913312694,0.5510835913312694,"{0: 0.5506786224347977, 1: 0.5506786224347977}","{0: 0.5506786224347977, 1: 0.5506786224347977}",0.5506786224347977,"[[499 147]
 [433 213]]",[0. 0. 0. ... 0. 0. 0.],[1. 1. 1. ... 0. 1. 0.]
707,SVC,"{'C': 10, 'gamma': 0.0001, 'kernel': 'sigmoid'}",0.489395081559096,0.09384779354136334,0.07825058719913605,0.14971927328182205,0.539125293599568,0.07485963664091103,0.5108497220147706,0.09597523219814241,0.5479876160990712,0.5479876160990712,"{0: 0.5362578956953483, 1: 0.5362578956953483}","{0: 0.5362578956953483, 1: 0.5362578956953483}",0.5362578956953483,"[[532 114]
 [470 176]]",[0. 0. 0. ... 0. 0. 0.],[1. 1. 1. ... 0. 1. 0.]
204,SVC,"{'C': 0.1, 'gamma': 0.01, 'kernel': 'sigmoid'}",0.4934397705536194,0.10178423082906411,0.07718934471267304,0.16201959991880097,0.5385946723563365,0.08100979995940048,0.5285964099704139,0.10371517027863775,0.5518575851393189,0.5518575851393189,"{0: 0.5337585906123896, 1: 0.5337585906123896}","{0: 0.5337585906123896, 1: 0.5337585906123896}",0.5337585906123896,"[[500 146]
 [433 213]]",[0. 0. 0. ... 0. 0. 0.],[1. 1. 1. ... 0. 1. 0.]
983,SVC,"{'C': 10, 'gamma': 0.0001, 'kernel': 'rbf'}",0.5153052989344332,0.10461614104272972,0.07629957761353745,0.19347960097272798,0.5381497888067687,0.09673980048636399,0.542287212052557,0.09133126934984526,0.5456656346749226,0.5456656346749226,"{0: 0.5538608632307412, 1: 0.5538608632307412}","{0: 0.5538608632307412, 1: 0.5538608632307412}",0.5538608632307412,"[[408 238]
 [349 297]]",[0. 0. 0. ... 0. 0. 1.],[1. 1. 1. ... 0. 1. 0.]
94,SVC,"{'C': 1, 'gamma': 0.001, 'kernel': 'sigmoid'}",0.47942677923599064,0.10175871682736595,0.07566608280954712,0.16212228947378296,0.5378330414047735,0.08106114473689148,0.5107535476093764,0.10526315789473684,0.5526315789473685,0.5526315789473684,"{0: 0.5395946956263359, 1: 0.5395946956263359}","{0: 0.5395946956263359, 1: 0.5395946956263359}",0.5395946956263359,"[[546 100]
 [478 168]]",[0. 0. 0. ... 0. 0. 0.],[1. 1. 1. ... 0. 1. 0.]
312,AdaBoost,"{'algorithm': 'SAMME', 'learning_rate': 1.4877551020408164, 'n_estimators': 96}",0.529636874022205,0.08837814311264362,0.07560683475736267,0.17504899606267899,0.5378034173786813,0.08752449803133948,0.5339652713698515,0.06811145510835914,0.5340557275541795,0.5340557275541795,"{0: 0.5506163195276481, 1: 0.5506163195276481}","{0: 0.5506163195276481, 1: 0.5506163195276481}",0.5506163195276481,"[[354 292]
 [310 336]]",[1. 1. 1. ... 0. 0. 0.],[1. 1. 1. ... 0. 1. 0.]
805,SVC,"{'C': 10, 'gamma': 0.0001, 'kernel': 'rbf'}",0.5153050678799413,0.10171590678261426,0.07457913063550706,0.18868461555408717,0.5372895653177534,0.0943423077770436,0.5434775625582218,0.0975232198142415,0.5487616099071208,0.5487616099071208,"{0: 0.5572048519587076, 1: 0.5572048519587076}","{0: 0.5572048519587076, 1: 0.5572048519587076}",0.5572048519587076,"[[424 222]
 [361 285]]",[0. 0. 0. ... 0. 0. 1.],[1. 1. 1. ... 0. 1. 0.]
31,SVC,"{'C': 1, 'gamma': 0.001, 'kernel': 'rbf'}",0.5112248310643879,0.10252383809183331,0.0744924423209901,0.1731588985767374,0.537246221160495,0.0865794492883687,0.5361058383664078,0.08204334365325072,0.5410216718266254,0.5410216718266254,"{0: 0.5593734723806421, 1: 0.5593734723806421}","{0: 0.5593734723806421, 1: 0.5593734723806421}",0.5593734723806421,"[[416 230]
 [363 283]]",[0. 0. 0. ... 0. 0. 0.],[1. 1. 1. ... 0. 1. 0.]
507,AdaBoost,"{'algorithm': 'SAMME.R', 'learning_rate': 1.8142857142857143, 'n_estimators': 63}",0.529093188104026,0.08723622426624014,0.07310530252432282,0.17239832006872055,0.5365526512621615,0.08619916003436028,0.5371239734382003,0.07430340557275539,0.5371517027863777,0.5371517027863777,"{0: 0.5563529795167211, 1: 0.5563529795167212}","{0: 0.5563529795167211, 1: 0.5563529795167212}",0.5563529795167212,"[[342 304]
 [294 352]]",[1. 0. 1. ... 0. 1. 0.],[1. 1. 1. ... 0. 1. 0.]
553,SVC,"{'C': 1, 'gamma': 0.001, 'kernel': 'rbf'}",0.5130964893025963,0.10749410186332535,0.07296685339501152,0.2010982006300214,0.5364834266975057,0.10054910031501071,0.5399307241591402,0.0975232198142415,0.5487616099071208,0.5487616099071208,"{0: 0.549792004140747, 1: 0.5497920041407471}","{0: 0.549792004140747, 1: 0.5497920041407471}",0.5497920041407471,"[[444 202]
 [381 265]]",[0. 0. 0. ... 0. 0. 1.],[1. 1. 1. ... 0. 1. 0.]
921,SVC,"{'C': 10, 'gamma': 0.0001, 'kernel': 'rbf'}",0.5073040138808981,0.10318072025086741,0.07261702629359194,0.1941013739751209,0.5363085131467958,0.09705068698756046,0.5370500816921526,0.09287925696594423,0.5464396284829721,0.5464396284829721,"{0: 0.5587492451763172, 1: 0.5587492451763172}","{0: 0.5587492451763172, 1: 0.5587492451763172}",0.5587492451763172,"[[445 201]
 [385 261]]",[0. 0. 0. ... 0. 0. 0.],[1. 1. 1. ... 0. 1. 0.]
521,SVC,"{'C': 10, 'gamma': 0.0001, 'kernel': 'rbf'}",0.5102155351157835,0.1161699769228197,0.07250449228870554,0.2126816291175567,0.5362522461443526,0.10634081455877838,0.5400020065236488,0.09907120743034059,0.5495356037151703,0.5495356037151703,"{0: 0.5496602095294693, 1: 0.5496602095294693}","{0: 0.5496602095294693, 1: 0.5496602095294693}",0.5496602095294693,"[[448 198]
 [384 262]]",[0. 0. 0. ... 0. 0. 0.],[1. 1. 1. ... 0. 1. 0.]
504,SVC,"{'C': 10, 'gamma': 0.0001, 'kernel': 'rbf'}",0.515777171174784,0.10824560489030458,0.07199887298169023,0.20010778848047642,0.5359994364908451,0.10005389424023821,0.5412054150355711,0.09287925696594423,0.5464396284829721,0.5464396284829721,"{0: 0.5565303031755313, 1: 0.5565303031755313}","{0: 0.5565303031755313, 1: 0.5565303031755313}",0.5565303031755313,"[[422 224]
 [362 284]]",[0. 0. 0. ... 0. 0. 1.],[1. 1. 1. ... 0. 1. 0.]
347,SVC,"{'C': 10, 'gamma': 0.0001, 'kernel': 'rbf'}",0.5111990004540566,0.10032837788912394,0.07187672772440848,0.18498508695817117,0.5359383638622043,0.0924925434790856,0.5392036358002376,0.09133126934984526,0.5456656346749226,0.5456656346749226,"{0: 0.5597604692846667, 1: 0.5597604692846667}","{0: 0.5597604692846667, 1: 0.5597604692846667}",0.5597604692846667,"[[429 217]
 [370 276]]",[0. 0. 0. ... 0. 0. 1.],[1. 1. 1. ... 0. 1. 0.]
308,SVC,"{'C': 10, 'gamma': 0.0001, 'kernel': 'rbf'}",0.5127785629006404,0.1149818476355885,0.07170102149300575,0.21215126743851156,0.5358505107465028,0.1060756337192558,0.5412800792185812,0.0975232198142415,0.5487616099071208,0.5487616099071208,"{0: 0.5534774607252059, 1: 0.5534774607252059}","{0: 0.5534774607252059, 1: 0.5534774607252059}",0.5534774607252059,"[[437 209]
 [374 272]]",[0. 0. 0. ... 0. 0. 0.],[1. 1. 1. ... 0. 1. 0.]
185,SVC,"{'C': 1, 'gamma': 0.001, 'kernel': 'rbf'}",0.512013756784754,0.10651972381565115,0.07138087468075366,0.19628801383184782,0.5356904373403768,0.09814400691592393,0.5400910499806277,0.08978328173374617,0.544891640866873,0.5448916408668731,"{0: 0.5549799192937726, 1: 0.5549799192937726}","{0: 0.5549799192937726, 1: 0.5549799192937726}",0.5549799192937726,"[[418 228]
 [360 286]]",[0. 0. 0. ... 0. 0. 0.],[1. 1. 1. ... 0. 1. 0.]
881,SVC,"{'C': 10, 'gamma': 0.0001, 'kernel': 'sigmoid'}",0.47473161488136617,0.10318866632143481,0.07135913113242971,0.15033170250515496,0.5356795655662148,0.07516585125257746,0.4900899052009251,0.07120743034055732,0.5356037151702786,0.5356037151702786,"{0: 0.5252039222076317, 1: 0.5252039222076316}","{0: 0.5252039222076317, 1: 0.5252039222076316}",0.5252039222076316,"[[539 107]
 [493 153]]",[0. 0. 0. ... 0. 0. 0.],[1. 1. 1. ... 0. 1. 0.]
364,SVC,"{'C': 10, 'gamma': 0.0001, 'kernel': 'rbf'}",0.5122262752856874,0.10862215383190157,0.07131293428270807,0.19947971705289558,0.5356564671413541,0.09973985852644779,0.5405728821540485,0.09287925696594423,0.5464396284829721,0.5464396284829721,"{0: 0.5452019572697907, 1: 0.5452019572697908}","{0: 0.5452019572697907, 1: 0.5452019572697908}",0.5452019572697908,"[[426 220]
 [366 280]]",[0. 0. 0. ... 0. 0. 1.],[1. 1. 1. ... 0. 1. 0.]
382,SVC,"{'C': 10, 'gamma': 0.0001, 'kernel': 'rbf'}",0.5111692741526604,0.10863402119716611,0.07120884432935021,0.2047725340810292,0.5356044221646751,0.10238626704051461,0.5397064259740482,0.09442724458204332,0.5472136222910217,0.5472136222910217,"{0: 0.5474796077792369, 1: 0.5474796077792369}","{0: 0.5474796077792369, 1: 0.5474796077792369}",0.5474796077792369,"[[436 210]
 [375 271]]",[0. 0. 0. ... 0. 0. 0.],[1. 1. 1. ... 0. 1. 0.]
326,SVC,"{'C': 10, 'gamma': 0.0001, 'kernel': 'sigmoid'}",0.4888645124240288,0.08867993009751952,0.07091475706477204,0.14376322578199477,0.5354573785323861,0.07188161289099738,0.5141869918699188,0.08359133126934981,0.541795665634675,0.541795665634675,"{0: 0.5350621591312099, 1: 0.53506215913121}","{0: 0.5350621591312099, 1: 0.53506215913121}",0.53506215913121,"[[504 142]
 [450 196]]",[0. 0. 0. ... 0. 0. 0.],[1. 1. 1. ... 0. 1. 0.]
348,SVC,"{'C': 1000, 'gamma': 0.1, 'kernel': 'rbf'}",0.5288572713548539,0.08678974892086307,0.07067453178160057,0.1712328693670867,0.5353372658908003,0.08561643468354337,0.525987525987526,0.052631578947368474,0.5263157894736842,0.5263157894736843,"{0: 0.5246983101534568, 1: 0.5246983101534568}","{0: 0.5246983101534568, 1: 0.5246983101534568}",0.5246983101534568,"[[323 323]
 [289 357]]",[1. 1. 1. ... 1. 0. 0.],[1. 1. 1. ... 0. 1. 0.]
484,SVC,"{'C': 10, 'gamma': 0.0001, 'kernel': 'rbf'}",0.5102429099248059,0.1040085699659782,0.07045917305685383,0.18991324887674646,0.5352295865284268,0.09495662443837326,0.5403453331418115,0.09133126934984526,0.5456656346749226,0.5456656346749226,"{0: 0.5508655311562461, 1: 0.5508655311562461}","{0: 0.5508655311562461, 1: 0.5508655311562461}",0.5508655311562461,"[[422 224]
 [363 283]]",[0. 0. 0. ... 0. 0. 1.],[1. 1. 1. ... 0. 1. 0.]
916,AdaBoost,"{'algorithm': 'SAMME', 'learning_rate': 3.610204081632653, 'n_estimators': 63}",0.4227082990843848,0.10147981654573239,0.06993813647024925,0.12221556748373004,0.5349690682351246,0.06110778374186503,0.4204276224101087,0.04334365325077394,0.521671826625387,0.521671826625387,"{0: 0.5374272733372312, 1: 0.5374272733372312}","{0: 0.5374272733372312, 1: 0.5374272733372312}",0.5374272733372312,"[[607  39]
 [579  67]]",[0. 0. 1. ... 0. 0. 0.],[1. 1. 1. ... 0. 1. 0.]
183,AdaBoost,"{'algorithm': 'SAMME', 'learning_rate': 3.610204081632653, 'n_estimators': 85}",0.4227082990843848,0.10147981654573239,0.06993813647024925,0.12221556748373004,0.5349690682351246,0.06110778374186503,0.4204276224101087,0.04334365325077394,0.521671826625387,0.521671826625387,"{0: 0.5339718582560936, 1: 0.5339718582560937}","{0: 0.5339718582560936, 1: 0.5339718582560937}",0.5339718582560937,"[[607  39]
 [579  67]]",[0. 0. 1. ... 0. 0. 0.],[1. 1. 1. ... 0. 1. 0.]
884,SVC,"{'C': 1000, 'gamma': 0.1, 'kernel': 'rbf'}",0.5280001590735712,0.08481010641090982,0.06860423753076775,0.1669254311475159,0.5343021187653839,0.08346271557375796,0.5245444955887993,0.049535603715170295,0.5247678018575851,0.5247678018575852,"{0: 0.5236199906066386, 1: 0.5236199906066387}","{0: 0.5236199906066386, 1: 0.5236199906066387}",0.5236199906066387,"[[325 321]
 [293 353]]",[1. 1. 1. ... 1. 0. 0.],[1. 1. 1. ... 0. 1. 0.]
860,SVC,"{'C': 10, 'gamma': 0.0001, 'kernel': 'rbf'}",0.5063208095429005,0.10007879773786797,0.06842232965547108,0.1865005527495602,0.5342111648277356,0.0932502763747801,0.5370559779020397,0.0851393188854489,0.5425696594427245,0.5425696594427245,"{0: 0.5564775853310202, 1: 0.5564775853310202}","{0: 0.5564775853310202, 1: 0.5564775853310202}",0.5564775853310202,"[[421 225]
 [366 280]]",[0. 0. 0. ... 0. 0. 0.],[1. 1. 1. ... 0. 1. 0.]
542,SVC,"{'C': 10, 'gamma': 0.0001, 'kernel': 'rbf'}",0.5045302563573653,0.1063007016791524,0.06797798375968879,0.18893742119914486,0.5339889918798444,0.09446871059957243,0.538138748706495,0.08823529411764708,0.5441176470588235,0.5441176470588236,"{0: 0.5503503340394329, 1: 0.550350334039433}","{0: 0.5503503340394329, 1: 0.550350334039433}",0.550350334039433,"[[425 221]
 [368 278]]",[0. 0. 0. ... 0. 0. 0.],[1. 1. 1. ... 0. 1. 0.]
595,SVC,"{'C': 10, 'gamma': 0.0001, 'kernel': 'rbf'}",0.5090108059679131,0.10455487065133179,0.0673218578957337,0.19246905219891036,0.5336609289478669,0.09623452609945518,0.5393269055848645,0.08978328173374617,0.544891640866873,0.5448916408668731,"{0: 0.5569089131497473, 1: 0.5569089131497474}","{0: 0.5569089131497473, 1: 0.5569089131497474}",0.5569089131497474,"[[423 223]
 [365 281]]",[0. 0. 0. ... 0. 0. 1.],[1. 1. 1. ... 0. 1. 0.]
904,SVC,"{'C': 1000, 'gamma': 0.1, 'kernel': 'rbf'}",0.5272604782073551,0.08578628594347991,0.06722566320654126,0.16952747098607213,0.5336128316032707,0.08476373549303608,0.5245444955887993,0.049535603715170295,0.5247678018575851,0.5247678018575852,"{0: 0.5261396639477038, 1: 0.526139663947704}","{0: 0.5261396639477038, 1: 0.526139663947704}",0.526139663947704,"[[325 321]
 [293 353]]",[1. 1. 1. ... 1. 0. 0.],[1. 1. 1. ... 0. 1. 0.]
710,SVC,"{'C': 1000, 'gamma': 0.1, 'kernel': 'rbf'}",0.5270756493604333,0.08657198725635512,0.06715594427812668,0.17044734613659349,0.5335779721390633,0.08522367306829676,0.5245444955887993,0.049535603715170295,0.5247678018575851,0.5247678018575852,"{0: 0.5249127759299906, 1: 0.5249127759299907}","{0: 0.5249127759299906, 1: 0.5249127759299907}",0.5249127759299907,"[[325 321]
 [293 353]]",[1. 1. 1. ... 1. 0. 0.],[1. 1. 1. ... 0. 1. 0.]
459,SVC,"{'C': 0.1, 'gamma': 0.01, 'kernel': 'sigmoid'}",0.48651583593279457,0.0944884565355576,0.06668607141396363,0.14606930430749943,0.5333430357069817,0.07303465215374971,0.5193196917353177,0.08978328173374617,0.544891640866873,0.544891640866873,"{0: 0.5424162984405103, 1: 0.5424162984405103}","{0: 0.5424162984405103, 1: 0.5424162984405103}",0.5424162984405103,"[[501 145]
 [443 203]]",[0. 0. 0. ... 0. 0. 0.],[1. 1. 1. ... 0. 1. 0.]
561,SVC,"{'C': 10, 'gamma': 0.0001, 'kernel': 'rbf'}",0.5121143174564058,0.10540855007623338,0.06659074241336815,0.1979637069303465,0.533295371206684,0.09898185346517324,0.5378085449922169,0.08359133126934981,0.541795665634675,0.541795665634675,"{0: 0.5546108943821948, 1: 0.5546108943821948}","{0: 0.5546108943821948, 1: 0.5546108943821948}",0.5546108943821948,"[[410 236]
 [356 290]]",[0. 0. 0. ... 0. 0. 0.],[1. 1. 1. ... 0. 1. 0.]
687,SVC,"{'C': 10, 'gamma': 0.0001, 'kernel': 'rbf'}",0.5101575675245534,0.10966253615863228,0.0663755109187844,0.20342677025545,0.5331877554593922,0.101713385127725,0.5393269055848645,0.08978328173374617,0.544891640866873,0.5448916408668731,"{0: 0.5516706764178705, 1: 0.5516706764178704}","{0: 0.5516706764178705, 1: 0.5516706764178704}",0.5516706764178704,"[[423 223]
 [365 281]]",[0. 0. 0. ... 0. 0. 0.],[1. 1. 1. ... 0. 1. 0.]
671,SVC,"{'C': 1000, 'gamma': 0.1, 'kernel': 'rbf'}",0.5267140205196668,0.08761513176969982,0.06621017170444712,0.17233518371291323,0.5331050858522236,0.08616759185645662,0.5229626148730133,0.04643962848297212,0.5232198142414861,0.5232198142414861,"{0: 0.526079757306214, 1: 0.526079757306214}","{0: 0.526079757306214, 1: 0.526079757306214}",0.526079757306214,"[[323 323]
 [293 353]]",[1. 1. 1. ... 1. 0. 0.],[1. 1. 1. ... 0. 1. 0.]
823,SVC,"{'C': 1000, 'gamma': 0.1, 'kernel': 'rbf'}",0.5267097221864201,0.08741625785686089,0.06621017170444712,0.17233518371291323,0.5331050858522236,0.08616759185645662,0.5229271567640147,0.04643962848297212,0.5232198142414861,0.5232198142414861,"{0: 0.523700265506235, 1: 0.523700265506235}","{0: 0.523700265506235, 1: 0.523700265506235}",0.523700265506235,"[[322 324]
 [292 354]]",[1. 1. 1. ... 1. 0. 0.],[1. 1. 1. ... 0. 1. 0.]
690,SVC,"{'C': 1000, 'gamma': 0.1, 'kernel': 'rbf'}",0.5261513163943445,0.09226496665208848,0.0659086276598825,0.18274631048366813,0.5329543138299413,0.09137315524183406,0.5222371721300423,0.04489164086687303,0.5224458204334366,0.5224458204334366,"{0: 0.5254699076958469, 1: 0.5254699076958468}","{0: 0.5254699076958469, 1: 0.5254699076958468}",0.5254699076958468,"[[324 322]
 [295 351]]",[1. 1. 1. ... 1. 0. 0.],[1. 1. 1. ... 0. 1. 0.]
840,SVC,"{'C': 10, 'gamma': 0.0001, 'kernel': 'rbf'}",0.5085600404661026,0.1007562117371821,0.06587995414535039,0.18779102414497756,0.5329399770726753,0.09389551207248881,0.5392349726775957,0.08823529411764708,0.5441176470588235,0.5441176470588236,"{0: 0.5584401269062294, 1: 0.5584401269062294}","{0: 0.5584401269062294, 1: 0.5584401269062294}",0.5584401269062294,"[[418 228]
 [361 285]]",[0. 0. 0. ... 0. 0. 0.],[1. 1. 1. ... 0. 1. 0.]
313,SVC,"{'C': 1000, 'gamma': 0.1, 'kernel': 'rbf'}",0.5262738439572049,0.08755765901348901,0.06551453400880941,0.17202200920019006,0.5327572670044047,0.08601100460009503,0.5222051002653404,0.04489164086687303,0.5224458204334366,0.5224458204334366,"{0: 0.5257538651765089, 1: 0.5257538651765089}","{0: 0.5257538651765089, 1: 0.5257538651765089}",0.5257538651765089,"[[323 323]
 [294 352]]",[1. 1. 1. ... 1. 0. 0.],[1. 1. 1. ... 0. 1. 0.]
468,SVC,"{'C': 1000, 'gamma': 0.1, 'kernel': 'rbf'}",0.5259237035349384,0.08548433062922255,0.06501359050786594,0.16862854614514455,0.532506795253933,0.08431427307257229,0.5229957805907172,0.04643962848297212,0.5232198142414861,0.5232198142414861,"{0: 0.5254723039615063, 1: 0.5254723039615063}","{0: 0.5254723039615063, 1: 0.5254723039615063}",0.5254723039615063,"[[324 322]
 [294 352]]",[1. 1. 1. ... 1. 0. 0.],[1. 1. 1. ... 0. 1. 0.]
415,SVC,"{'C': 1000, 'gamma': 0.1, 'kernel': 'rbf'}",0.5258210941664817,0.08756446025394159,0.06420122774985099,0.17284105138102962,0.5321006138749256,0.08642052569051481,0.5223196228719282,0.04489164086687303,0.5224458204334366,0.5224458204334366,"{0: 0.524015374440472, 1: 0.524015374440472}","{0: 0.524015374440472, 1: 0.524015374440472}",0.524015374440472,"[[327 319]
 [298 348]]",[1. 1. 1. ... 1. 0. 0.],[1. 1. 1. ... 0. 1. 0.]
367,SVC,"{'C': 1000, 'gamma': 0.01, 'kernel': 'sigmoid'}",0.4623347743502949,0.09450177080788778,0.06404145721625402,0.12321466123732393,0.532020728608127,0.06160733061866195,0.4651515476292549,0.04334365325077394,0.521671826625387,0.521671826625387,"{0: 0.5106657784508623, 1: 0.5106657784508623}","{0: 0.5106657784508623, 1: 0.5106657784508623}",0.5106657784508623,"[[547  99]
 [519 127]]",[0. 0. 0. ... 1. 0. 0.],[1. 1. 1. ... 0. 1. 0.]
386,SVC,"{'C': 1000, 'gamma': 0.1, 'kernel': 'rbf'}",0.5256992931160185,0.08876232136096103,0.06394249493677036,0.17481025682286125,0.5319712474683852,0.08740512841143062,0.5222371721300423,0.04489164086687303,0.5224458204334366,0.5224458204334366,"{0: 0.522608766498289, 1: 0.522608766498289}","{0: 0.522608766498289, 1: 0.522608766498289}",0.522608766498289,"[[324 322]
 [295 351]]",[1. 1. 1. ... 1. 0. 0.],[1. 1. 1. ... 0. 1. 0.]
604,AdaBoost,"{'algorithm': 'SAMME.R', 'learning_rate': 1.5693877551020408, 'n_estimators': 63}",0.5276621282234071,0.08042606808938263,0.06302598213996957,0.15925187927620468,0.5315129910699847,0.07962593963810236,0.5348294426941711,0.06965944272445823,0.5348297213622291,0.5348297213622291,"{0: 0.5583910034602076, 1: 0.5583910034602076}","{0: 0.5583910034602076, 1: 0.5583910034602076}",0.5583910034602076,"[[345 301]
 [300 346]]",[0. 0. 1. ... 1. 0. 1.],[1. 1. 1. ... 0. 1. 0.]
668,SVC,"{'C': 10, 'gamma': 0.0001, 'kernel': 'rbf'}",0.5032191286516767,0.11690626240995387,0.06301602752064732,0.20644283220485454,0.5315080137603236,0.10322141610242729,0.5364038898329937,0.0851393188854489,0.5425696594427245,0.5425696594427245,"{0: 0.5543520976909584, 1: 0.5543520976909584}","{0: 0.5543520976909584, 1: 0.5543520976909584}",0.5543520976909584,"[[425 221]
 [370 276]]",[0. 0. 0. ... 0. 0. 0.],[1. 1. 1. ... 0. 1. 0.]
330,SVC,"{'C': 1000, 'gamma': 0.1, 'kernel': 'rbf'}",0.5245921511999265,0.0880678808809018,0.06295603580729064,0.17398934923029544,0.5314780179036454,0.08699467461514773,0.5213782189613005,0.04334365325077394,0.521671826625387,0.521671826625387,"{0: 0.5203898244975032, 1: 0.520389824497503}","{0: 0.5203898244975032, 1: 0.520389824497503}",0.520389824497503,"[[321 325]
 [293 353]]",[1. 1. 1. ... 1. 0. 0.],[1. 1. 1. ... 0. 1. 0.]
464,SVC,"{'C': 10, 'gamma': 0.0001, 'kernel': 'rbf'}",0.5078622868335813,0.10400362187950192,0.06270713517687923,0.1951549185055688,0.5313535675884397,0.09757745925278441,0.5359734153703274,0.08049535603715174,0.5402476780185759,0.5402476780185759,"{0: 0.5565446807694889, 1: 0.5565446807694888}","{0: 0.5565446807694889, 1: 0.5565446807694888}",0.5565446807694888,"[[411 235]
 [359 287]]",[0. 0. 0. ... 0. 0. 0.],[1. 1. 1. ... 0. 1. 0.]
651,SVC,"{'C': 1000, 'gamma': 0.1, 'kernel': 'rbf'}",0.5247321561494208,0.08699084535766553,0.06224881904744231,0.17191721714960226,0.5311244095237212,0.08595860857480114,0.5213782189613005,0.04334365325077394,0.521671826625387,0.521671826625387,"{0: 0.5255705508535498, 1: 0.5255705508535498}","{0: 0.5255705508535498, 1: 0.5255705508535498}",0.5255705508535498,"[[321 325]
 [293 353]]",[1. 1. 1. ... 1. 0. 0.],[1. 1. 1. ... 0. 1. 0.]
901,SVC,"{'C': 10, 'gamma': 0.0001, 'kernel': 'rbf'}",0.5074280948803022,0.10277453849436165,0.061783325087802016,0.19459372846171216,0.530891662543901,0.09729686423085608,0.5363516449410304,0.08359133126934981,0.541795665634675,0.541795665634675,"{0: 0.5548361433541968, 1: 0.5548361433541968}","{0: 0.5548361433541968, 1: 0.5548361433541968}",0.5548361433541968,"[[420 226]
 [366 280]]",[0. 0. 0. ... 0. 0. 0.],[1. 1. 1. ... 0. 1. 0.]
770,SVC,"{'C': 1000, 'gamma': 0.1, 'kernel': 'rbf'}",0.5240922799214541,0.08772864062982416,0.06134805314667639,0.17273430919342742,0.5306740265733382,0.08636715459671372,0.5207183818668987,0.04179566563467496,0.5208978328173375,0.5208978328173375,"{0: 0.5247917645141811, 1: 0.5247917645141811}","{0: 0.5247917645141811, 1: 0.5247917645141811}",0.5247917645141811,"[[324 322]
 [297 349]]",[1. 1. 1. ... 1. 0. 0.],[1. 1. 1. ... 0. 1. 0.]
807,SVC,"{'C': 1000, 'gamma': 0.1, 'kernel': 'rbf'}",0.5242388836661651,0.08727673755349741,0.061155217060819715,0.17297542381062925,0.5305776085304099,0.08648771190531462,0.5213782189613005,0.04334365325077394,0.521671826625387,0.521671826625387,"{0: 0.5252422624581852, 1: 0.5252422624581852}","{0: 0.5252422624581852, 1: 0.5252422624581852}",0.5252422624581852,"[[321 325]
 [293 353]]",[1. 1. 1. ... 1. 0. 0.],[1. 1. 1. ... 0. 1. 0.]
962,SVC,"{'C': 10, 'gamma': 0.0001, 'kernel': 'rbf'}",0.506618243207799,0.10567752457518063,0.060695555537422355,0.1946820298339504,0.5303477777687111,0.09734101491697522,0.539167062979822,0.08978328173374617,0.544891640866873,0.5448916408668731,"{0: 0.5476892810244516, 1: 0.5476892810244516}","{0: 0.5476892810244516, 1: 0.5476892810244516}",0.5476892810244516,"[[424 222]
 [366 280]]",[0. 0. 0. ... 0. 0. 1.],[1. 1. 1. ... 0. 1. 0.]
233,AdaBoost,"{'algorithm': 'SAMME', 'learning_rate': 2.304081632653061, 'n_estimators': 63}",0.41866860726245386,0.10909059520588628,0.060591181504082964,0.13461310143646657,0.5302955907520415,0.06730655071823329,0.4246652762673954,0.051083591331269385,0.5255417956656346,0.5255417956656346,"{0: 0.5385019984855601, 1: 0.5385019984855602}","{0: 0.5385019984855601, 1: 0.5385019984855602}",0.5385019984855602,"[[610  36]
 [577  69]]",[0. 0. 1. ... 0. 0. 0.],[1. 1. 1. ... 0. 1. 0.]
316,knn,{'n_neighbors': 5},0.5255468190331153,0.07811893850174513,0.060521525115074935,0.15430443018580134,0.5302607625575374,0.07715221509290067,0.5294016155971503,0.05882352941176472,0.5294117647058824,0.5294117647058822,"{0: 0.5606506819772066, 1: 0.5606506819772068}","{0: 0.5606506819772066, 1: 0.5606506819772068}",0.5606506819772068,"[[345 301]
 [307 339]]",[1. 0. 1. ... 0. 1. 0.],[1. 1. 1. ... 0. 1. 0.]
21,knn,{'n_neighbors': 5},0.5255468190331153,0.07811893850174513,0.060521525115074935,0.15430443018580134,0.5302607625575374,0.07715221509290067,0.5294016155971503,0.05882352941176472,0.5294117647058824,0.5294117647058822,"{0: 0.5606506819772066, 1: 0.5606506819772068}","{0: 0.5606506819772066, 1: 0.5606506819772068}",0.5606506819772068,"[[345 301]
 [307 339]]",[1. 0. 1. ... 0. 1. 0.],[1. 1. 1. ... 0. 1. 0.]
634,knn,{'n_neighbors': 5},0.5255468190331153,0.07811893850174513,0.060521525115074935,0.15430443018580134,0.5302607625575374,0.07715221509290067,0.5294016155971503,0.05882352941176472,0.5294117647058824,0.5294117647058822,"{0: 0.5606506819772066, 1: 0.5606506819772068}","{0: 0.5606506819772066, 1: 0.5606506819772068}",0.5606506819772068,"[[345 301]
 [307 339]]",[1. 0. 1. ... 0. 1. 0.],[1. 1. 1. ... 0. 1. 0.]
142,SVC,"{'C': 1000, 'gamma': 0.1, 'kernel': 'rbf'}",0.5233402525244419,0.08501858041966108,0.05963340909507583,0.16813589470266063,0.5298167045475379,0.08406794735133032,0.5207183818668987,0.04179566563467496,0.5208978328173375,0.5208978328173375,"{0: 0.5222361471882219, 1: 0.5222361471882219}","{0: 0.5222361471882219, 1: 0.5222361471882219}",0.5222361471882219,"[[324 322]
 [297 349]]",[1. 1. 1. ... 1. 0. 0.],[1. 1. 1. ... 0. 1. 0.]
506,SVC,"{'C': 1000, 'gamma': 0.1, 'kernel': 'rbf'}",0.5229922305532644,0.08846453047027153,0.059631094082348915,0.17506786632440552,0.5298155470411745,0.08753393316220276,0.5198983505945531,0.04024767801857587,0.5201238390092879,0.5201238390092879,"{0: 0.5233468163214446, 1: 0.5233468163214446}","{0: 0.5233468163214446, 1: 0.5233468163214446}",0.5233468163214446,"[[322 324]
 [296 350]]",[1. 1. 1. ... 1. 0. 0.],[1. 1. 1. ... 0. 1. 0.]
414,SVC,"{'C': 10, 'gamma': 0.0001, 'kernel': 'rbf'}",0.5001861777052431,0.09827402063874696,0.059472228441716055,0.181566336079038,0.529736114220858,0.09078316803951898,0.5330318771892293,0.08204334365325072,0.5410216718266254,0.5410216718266254,"{0: 0.5574528654544758, 1: 0.5574528654544757}","{0: 0.5574528654544758, 1: 0.5574528654544757}",0.5574528654544757,"[[434 212]
 [381 265]]",[0. 0. 0. ... 0. 0. 0.],[1. 1. 1. ... 0. 1. 0.]
725,SVC,"{'C': 10, 'gamma': 0.0001, 'kernel': 'rbf'}",0.5033978961935786,0.11275843658110125,0.05935403187954949,0.2071565664396893,0.5296770159397748,0.10357828321984465,0.5361817464830625,0.08823529411764708,0.5441176470588235,0.5441176470588236,"{0: 0.5571437471843879, 1: 0.5571437471843879}","{0: 0.5571437471843879, 1: 0.5571437471843879}",0.5571437471843879,"[[436 210]
 [379 267]]",[0. 0. 0. ... 0. 0. 0.],[1. 1. 1. ... 0. 1. 0.]
612,SVC,"{'C': 1000, 'gamma': 0.1, 'kernel': 'rbf'}",0.52329832154772,0.08752730478620487,0.059347882774413,0.1722227273359011,0.5296739413872065,0.08611136366795057,0.5198649695150459,0.04024767801857587,0.5201238390092879,0.5201238390092879,"{0: 0.5259024336474039, 1: 0.525902433647404}","{0: 0.5259024336474039, 1: 0.525902433647404}",0.525902433647404,"[[321 325]
 [295 351]]",[1. 1. 1. ... 1. 0. 0.],[1. 1. 1. ... 0. 1. 0.]
426,SVC,"{'C': 10, 'gamma': 0.0001, 'kernel': 'rbf'}",0.5052297487633202,0.10171391226824338,0.0588034155326468,0.18798443781447904,0.5294017077663234,0.09399221890723954,0.5349805067341747,0.07894736842105265,0.5394736842105263,0.5394736842105263,"{0: 0.5525429171179633, 1: 0.5525429171179633}","{0: 0.5525429171179633, 1: 0.5525429171179633}",0.5525429171179633,"[[412 234]
 [361 285]]",[0. 0. 0. ... 0. 0. 1.],[1. 1. 1. ... 0. 1. 0.]
946,SVC,"{'C': 1000, 'gamma': 0.1, 'kernel': 'rbf'}",0.5225057227104245,0.08469495568388351,0.05822481290199688,0.16701228307250748,0.5291124064509984,0.08350614153625374,0.5198649695150459,0.04024767801857587,0.5201238390092879,0.5201238390092879,"{0: 0.5239662509944503, 1: 0.5239662509944503}","{0: 0.5239662509944503, 1: 0.5239662509944503}",0.5239662509944503,"[[321 325]
 [295 351]]",[1. 1. 1. ... 1. 0. 0.],[1. 1. 1. ... 0. 1. 0.]
448,SVC,"{'C': 1000, 'gamma': 0.1, 'kernel': 'rbf'}",0.5223900414255105,0.08460267141119411,0.05758268204434878,0.16767716714462935,0.5287913410221744,0.08383858357231469,0.5198983505945531,0.04024767801857587,0.5201238390092879,0.5201238390092879,"{0: 0.5252278848642276, 1: 0.5252278848642276}","{0: 0.5252278848642276, 1: 0.5252278848642276}",0.5252278848642276,"[[322 324]
 [296 350]]",[1. 1. 1. ... 1. 0. 0.],[1. 1. 1. ... 0. 1. 0.]
291,SVC,"{'C': 10, 'gamma': 0.0001, 'kernel': 'sigmoid'}",0.4810151069762256,0.10344805671557966,0.057322366281809,0.1620836678278199,0.5286611831409045,0.08104183391390996,0.49926426452396916,0.06346749226006188,0.531733746130031,0.5317337461300309,"{0: 0.5256975529335084, 1: 0.5256975529335084}","{0: 0.5256975529335084, 1: 0.5256975529335084}",0.5256975529335084,"[[508 138]
 [467 179]]",[0. 0. 0. ... 0. 0. 0.],[1. 1. 1. ... 0. 1. 0.]
273,SVC,"{'C': 10, 'gamma': 0.0001, 'kernel': 'rbf'}",0.5039558586742274,0.1083696470534548,0.05657055828850142,0.1968207322315598,0.5282852791442507,0.09841036611577991,0.5352616322126066,0.07894736842105265,0.5394736842105263,0.5394736842105263,"{0: 0.5549643435669852, 1: 0.5549643435669852}","{0: 0.5549643435669852, 1: 0.5549643435669852}",0.5549643435669852,"[[410 236]
 [359 287]]",[0. 0. 0. ... 0. 0. 1.],[1. 1. 1. ... 0. 1. 0.]
844,SVC,"{'C': 1000, 'gamma': 0.1, 'kernel': 'rbf'}",0.5209999490839236,0.08599576054399888,0.054679993428616666,0.17051426934817224,0.5273399967143084,0.0852571346740861,0.5183496355964711,0.037151702786377694,0.5185758513931888,0.5185758513931888,"{0: 0.5253812458664417, 1: 0.5253812458664417}","{0: 0.5253812458664417, 1: 0.5253812458664417}",0.5253812458664417,"[[321 325]
 [297 349]]",[1. 1. 1. ... 1. 0. 0.],[1. 1. 1. ... 0. 1. 0.]
965,SVC,"{'C': 1000, 'gamma': 0.1, 'kernel': 'rbf'}",0.5184021423498851,0.08658131059829423,0.05206233886096211,0.16951290754643555,0.5260311694304811,0.08475645377321779,0.5206218534642688,0.04179566563467496,0.5208978328173375,0.5208978328173375,"{0: 0.5255585695252518, 1: 0.5255585695252518}","{0: 0.5255585695252518, 1: 0.5255585695252518}",0.5255585695252518,"[[321 325]
 [294 352]]",[1. 1. 1. ... 1. 0. 0.],[1. 1. 1. ... 0. 1. 0.]
989,SVC,"{'C': 100, 'gamma': 1, 'kernel': 'sigmoid'}",0.47151708463497755,0.12302351789363142,0.05173002061595886,0.17781497702380397,0.5258650103079795,0.08890748851190197,0.49652582970091924,0.049535603715170295,0.5247678018575851,0.5247678018575852,"{0: 0.5104441238773495, 1: 0.5104441238773495}","{0: 0.5104441238773495, 1: 0.5104441238773495}",0.5104441238773495,"[[492 154]
 [460 186]]",[0. 0. 0. ... 0. 0. 0.],[1. 1. 1. ... 0. 1. 0.]
162,AdaBoost,"{'algorithm': 'SAMME', 'learning_rate': 3.3653061224489793, 'n_estimators': 41}",0.4169237860880083,0.10251270873727762,0.05146016999228278,0.1263367629658239,0.5257300849961414,0.06316838148291196,0.41372723579695236,0.024767801857585092,0.5123839009287926,0.5123839009287926,"{0: 0.5316343011051577, 1: 0.5316343011051576}","{0: 0.5316343011051577, 1: 0.5316343011051576}",0.5316343011051576,"[[596  50]
 [580  66]]",[0. 0. 1. ... 0. 0. 0.],[1. 1. 1. ... 0. 1. 0.]
973,AdaBoost,"{'algorithm': 'SAMME', 'learning_rate': 4.1, 'n_estimators': 85}",0.4315262960256985,0.0934919317907861,0.04766003771807378,0.12002863505965157,0.5238300188590369,0.060014317529825785,0.44208966597519156,0.052631578947368474,0.5263157894736842,0.5263157894736842,"{0: 0.5179947569707368, 1: 0.5179947569707368}","{0: 0.5179947569707368, 1: 0.5179947569707368}",0.5179947569707368,"[[591  55]
 [557  89]]",[0. 0. 0. ... 0. 0. 0.],[1. 1. 1. ... 0. 1. 0.]
430,SVC,"{'C': 1000, 'gamma': 0.1, 'kernel': 'rbf'}",0.5159536928371332,0.08676971664382939,0.047393013122828676,0.17077342529339856,0.5236965065614143,0.08538671264669928,0.5183808106015385,0.037151702786377694,0.5185758513931888,0.5185758513931888,"{0: 0.5245796950033068, 1: 0.5245796950033068}","{0: 0.5245796950033068, 1: 0.5245796950033068}",0.5245796950033068,"[[322 324]
 [298 348]]",[1. 1. 1. ... 1. 0. 0.],[1. 1. 1. ... 0. 1. 0.]
987,AdaBoost,"{'algorithm': 'SAMME.R', 'learning_rate': 3.0387755102040814, 'n_estimators': 74}",0.44615915366882164,0.07394412970866351,0.047049898518578354,0.10034283120351378,0.523524949259289,0.0501714156017569,0.44548895602067856,0.04024767801857587,0.5201238390092879,0.5201238390092879,"{0: 0.517957614853013, 1: 0.5179576148530131}","{0: 0.517957614853013, 1: 0.5179576148530131}",0.5179576148530131,"[[573  73]
 [547  99]]",[0. 0. 0. ... 0. 0. 0.],[1. 1. 1. ... 0. 1. 0.]
124,SVC,"{'C': 1000, 'gamma': 0.01, 'kernel': 'sigmoid'}",0.4555455703342026,0.09574755776355949,0.0470225137688728,0.1459816292830515,0.5235112568844363,0.07299081464152574,0.45486251124932237,0.021671826625387025,0.5108359133126935,0.5108359133126935,"{0: 0.4936355184081128, 1: 0.4936355184081128}","{0: 0.4936355184081128, 1: 0.4936355184081128}",0.4936355184081128,"[[537 109]
 [523 123]]",[0. 0. 0. ... 1. 0. 0.],[1. 1. 1. ... 0. 1. 0.]
888,AdaBoost,"{'algorithm': 'SAMME', 'learning_rate': 2.8755102040816327, 'n_estimators': 85}",0.4058590788696623,0.10651108083153558,0.046640939958189236,0.13272683917817918,0.5233204699790945,0.0663634195890896,0.41202431436590364,0.037151702786377694,0.5185758513931888,0.5185758513931888,"{0: 0.5508763143517142, 1: 0.5508763143517144}","{0: 0.5508763143517142, 1: 0.5508763143517144}",0.5508763143517144,"[[610  36]
 [586  60]]",[0. 0. 0. ... 0. 0. 0.],[1. 1. 1. ... 0. 1. 0.]
629,SVC,"{'C': 10, 'gamma': 0.0001, 'kernel': 'rbf'}",0.49762876287985786,0.11086207288146079,0.04599606187712681,0.20371190368536765,0.5229980309385635,0.10185595184268383,0.5252458664166496,0.06811145510835914,0.5340557275541795,0.5340557275541795,"{0: 0.5518384150140421, 1: 0.5518384150140422}","{0: 0.5518384150140421, 1: 0.5518384150140422}",0.5518384150140422,"[[433 213]
 [389 257]]",[0. 0. 0. ... 0. 0. 0.],[1. 1. 1. ... 0. 1. 0.]
64,SVC,"{'C': 1000, 'gamma': 0.01, 'kernel': 'sigmoid'}",0.46310966564134615,0.09549921633904887,0.04562035588899548,0.14993045199809044,0.5228101779444977,0.0749652259990452,0.46122087588269123,0.020123839009287936,0.510061919504644,0.510061919504644,"{0: 0.4984424273212625, 1: 0.49844242732126254}","{0: 0.4984424273212625, 1: 0.49844242732126254}",0.49844242732126254,"[[524 122]
 [511 135]]",[0. 0. 0. ... 1. 0. 0.],[1. 1. 1. ... 0. 1. 0.]
7,SVC,"{'C': 1000, 'gamma': 1, 'kernel': 'sigmoid'}",0.4860900814009524,0.10302352989695125,0.04557984449382662,0.16359045776233228,0.5227899222469133,0.08179522888116614,0.4891454668253305,0.02941176470588236,0.5147058823529411,0.5147058823529411,"{0: 0.4944334748727583, 1: 0.49443347487275824}","{0: 0.4944334748727583, 1: 0.49443347487275824}",0.49443347487275824,"[[477 169]
 [458 188]]",[0. 0. 0. ... 1. 0. 0.],[1. 1. 1. ... 0. 1. 0.]
846,AdaBoost,"{'algorithm': 'SAMME.R', 'learning_rate': 2.7122448979591836, 'n_estimators': 41}",0.4549083950296231,0.07573687320353163,0.043336243752292,0.11944620791823103,0.521668121876146,0.059723103959115516,0.4598191425614207,0.049535603715170295,0.5247678018575851,0.5247678018575851,"{0: 0.5183805557419319, 1: 0.5183805557419318}","{0: 0.5183805557419319, 1: 0.5183805557419318}",0.5183805557419318,"[[563  83]
 [531 115]]",[0. 0. 0. ... 0. 0. 0.],[1. 1. 1. ... 0. 1. 0.]
874,AdaBoost,"{'algorithm': 'SAMME.R', 'learning_rate': 2.793877551020408, 'n_estimators': 74}",0.4543969752943228,0.07535437294118141,0.043336243752292,0.11944620791823103,0.521668121876146,0.059723103959115516,0.4591577104428524,0.049535603715170295,0.5247678018575851,0.5247678018575851,"{0: 0.5276229523909938, 1: 0.5276229523909939}","{0: 0.5276229523909938, 1: 0.5276229523909939}",0.5276229523909939,"[[564  82]
 [532 114]]",[0. 0. 0. ... 0. 0. 0.],[1. 1. 1. ... 0. 1. 0.]
223,AdaBoost,"{'algorithm': 'SAMME.R', 'learning_rate': 2.8755102040816327, 'n_estimators': 74}",0.4549083950296231,0.07573687320353163,0.043336243752292,0.11944620791823103,0.521668121876146,0.059723103959115516,0.4598191425614207,0.049535603715170295,0.5247678018575851,0.5247678018575851,"{0: 0.5082922773150323, 1: 0.5082922773150322}","{0: 0.5082922773150323, 1: 0.5082922773150322}",0.5082922773150322,"[[563  83]
 [531 115]]",[0. 0. 0. ... 0. 0. 0.],[1. 1. 1. ... 0. 1. 0.]
735,AdaBoost,"{'algorithm': 'SAMME.R', 'learning_rate': 3.691836734693877, 'n_estimators': 96}",0.45374416917583643,0.07642152799662895,0.04314976356581182,0.12047909369360588,0.5215748817829059,0.06023954684680293,0.45849169943206647,0.049535603715170295,0.5247678018575851,0.5247678018575851,"{0: 0.5152965618380316, 1: 0.5152965618380316}","{0: 0.5152965618380316, 1: 0.5152965618380316}",0.5152965618380316,"[[565  81]
 [533 113]]",[0. 0. 0. ... 0. 0. 0.],[1. 1. 1. ... 0. 1. 0.]
392,AdaBoost,"{'algorithm': 'SAMME.R', 'learning_rate': 3.446938775510204, 'n_estimators': 63}",0.45374416917583643,0.07642152799662895,0.04314976356581182,0.12047909369360588,0.5215748817829059,0.06023954684680293,0.45849169943206647,0.049535603715170295,0.5247678018575851,0.5247678018575851,"{0: 0.5049878269704493, 1: 0.5049878269704492}","{0: 0.5049878269704493, 1: 0.5049878269704492}",0.5049878269704492,"[[565  81]
 [533 113]]",[0. 0. 0. ... 0. 0. 0.],[1. 1. 1. ... 0. 1. 0.]
172,AdaBoost,"{'algorithm': 'SAMME.R', 'learning_rate': 3.7734693877551018, 'n_estimators': 63}",0.45374416917583643,0.07642152799662895,0.04314976356581182,0.12047909369360588,0.5215748817829059,0.06023954684680293,0.45849169943206647,0.049535603715170295,0.5247678018575851,0.5247678018575851,"{0: 0.5154259601836498, 1: 0.5154259601836498}","{0: 0.5154259601836498, 1: 0.5154259601836498}",0.5154259601836498,"[[565  81]
 [533 113]]",[0. 0. 0. ... 0. 0. 0.],[1. 1. 1. ... 0. 1. 0.]
482,AdaBoost,"{'algorithm': 'SAMME.R', 'learning_rate': 3.5285714285714285, 'n_estimators': 85}",0.45374416917583643,0.07642152799662895,0.04314976356581182,0.12047909369360588,0.5215748817829059,0.06023954684680293,0.45849169943206647,0.049535603715170295,0.5247678018575851,0.5247678018575851,"{0: 0.505642007495519, 1: 0.5056420074955189}","{0: 0.505642007495519, 1: 0.5056420074955189}",0.5056420074955189,"[[565  81]
 [533 113]]",[0. 0. 0. ... 0. 0. 0.],[1. 1. 1. ... 0. 1. 0.]
336,AdaBoost,"{'algorithm': 'SAMME.R', 'learning_rate': 1.6510204081632653, 'n_estimators': 30}",0.5151649841987702,0.09366785777824174,0.04222075120301534,0.18855120273348644,0.5211103756015077,0.09427560136674322,0.5113637249066932,0.023219814241486114,0.5116099071207431,0.511609907120743,"{0: 0.5266860125180918, 1: 0.5266860125180919}","{0: 0.5266860125180918, 1: 0.5266860125180919}",0.5266860125180919,"[[345 301]
 [330 316]]",[1. 0. 1. ... 0. 1. 0.],[1. 1. 1. ... 0. 1. 0.]
75,AdaBoost,"{'algorithm': 'SAMME.R', 'learning_rate': 3.2020408163265306, 'n_estimators': 85}",0.4533104619569696,0.0758077422399044,0.04212412254017079,0.11941855832054939,0.5210620612700854,0.059709279160274686,0.4579438869798883,0.047987616099071206,0.5239938080495357,0.5239938080495355,"{0: 0.523913533149939, 1: 0.523913533149939}","{0: 0.523913533149939, 1: 0.523913533149939}",0.523913533149939,"[[564  82]
 [533 113]]",[0. 0. 0. ... 0. 0. 0.],[1. 1. 1. ... 0. 1. 0.]
254,AdaBoost,"{'algorithm': 'SAMME.R', 'learning_rate': 4.1, 'n_estimators': 96}",0.45207179324259095,0.07272495373582298,0.04079682238934122,0.11484877903778384,0.5203984111946707,0.05742438951889192,0.45727448763878414,0.047987616099071206,0.5239938080495357,0.5239938080495357,"{0: 0.5275762252106317, 1: 0.5275762252106319}","{0: 0.5275762252106317, 1: 0.5275762252106319}",0.5275762252106319,"[[565  81]
 [534 112]]",[0. 0. 0. ... 0. 0. 0.],[1. 1. 1. ... 0. 1. 0.]
432,AdaBoost,"{'algorithm': 'SAMME.R', 'learning_rate': 4.018367346938775, 'n_estimators': 41}",0.45207179324259095,0.07272495373582298,0.04079682238934122,0.11484877903778384,0.5203984111946707,0.05742438951889192,0.45727448763878414,0.047987616099071206,0.5239938080495357,0.5239938080495357,"{0: 0.5335357379060472, 1: 0.5335357379060472}","{0: 0.5335357379060472, 1: 0.5335357379060472}",0.5335357379060472,"[[565  81]
 [534 112]]",[0. 0. 0. ... 0. 0. 0.],[1. 1. 1. ... 0. 1. 0.]
358,AdaBoost,"{'algorithm': 'SAMME', 'learning_rate': 1.8959183673469386, 'n_estimators': 52}",0.5091497894328534,0.09119448280083249,0.03761269965008321,0.18067052521881388,0.5188063498250416,0.09033526260940694,0.5147032658281689,0.02941176470588236,0.5147058823529411,0.5147058823529411,"{0: 0.5344930460370559, 1: 0.5344930460370558}","{0: 0.5344930460370559, 1: 0.5344930460370558}",0.5344930460370558,"[[334 312]
 [315 331]]",[0. 0. 1. ... 0. 1. 0.],[1. 1. 1. ... 0. 1. 0.]
510,knn,{'n_neighbors': 1},0.5155041608144546,0.0966909993831057,0.037576708148477016,0.192524831673568,0.5187883540742385,0.09626241583678401,0.5099799081584399,0.021671826625387025,0.5108359133126935,0.5108359133126935,"{0: 0.5108359133126935, 1: 0.5108359133126935}","{0: 0.5108359133126935, 1: 0.5108359133126935}",0.5108359133126935,"[[303 343]
 [289 357]]",[0. 0. 1. ... 0. 1. 0.],[1. 1. 1. ... 0. 1. 0.]
892,knn,{'n_neighbors': 1},0.5155041608144546,0.0966909993831057,0.037576708148477016,0.192524831673568,0.5187883540742385,0.09626241583678401,0.5099799081584399,0.021671826625387025,0.5108359133126935,0.5108359133126935,"{0: 0.5108359133126935, 1: 0.5108359133126935}","{0: 0.5108359133126935, 1: 0.5108359133126935}",0.5108359133126935,"[[303 343]
 [289 357]]",[0. 0. 1. ... 0. 1. 0.],[1. 1. 1. ... 0. 1. 0.]
176,knn,{'n_neighbors': 1},0.5155041608144546,0.0966909993831057,0.037576708148477016,0.192524831673568,0.5187883540742385,0.09626241583678401,0.5099799081584399,0.021671826625387025,0.5108359133126935,0.5108359133126935,"{0: 0.5108359133126935, 1: 0.5108359133126935}","{0: 0.5108359133126935, 1: 0.5108359133126935}",0.5108359133126935,"[[303 343]
 [289 357]]",[0. 0. 1. ... 0. 1. 0.],[1. 1. 1. ... 0. 1. 0.]
290,AdaBoost,"{'algorithm': 'SAMME', 'learning_rate': 3.0387755102040814, 'n_estimators': 41}",0.3986613881370794,0.09322918363429768,0.03749591831316759,0.11826661168476037,0.5187479591565838,0.05913330584238019,0.38580710538865043,0.012383900928792602,0.5061919504643962,0.5061919504643962,"{0: 0.5178521791639908, 1: 0.5178521791639907}","{0: 0.5178521791639908, 1: 0.5178521791639907}",0.5178521791639907,"[[613  33]
 [605  41]]",[0. 0. 0. ... 0. 0. 0.],[1. 1. 1. ... 0. 1. 0.]
253,SVC,"{'C': 10, 'gamma': 0.1, 'kernel': 'sigmoid'}",0.48138703120092025,0.09286868618111896,0.03433934206113052,0.16652740802594604,0.5171696710305652,0.083263704012973,0.5095319338328018,0.05727554179566563,0.5286377708978328,0.5286377708978328,"{0: 0.5233995341659557, 1: 0.5233995341659559}","{0: 0.5233995341659557, 1: 0.5233995341659559}",0.5233995341659559,"[[469 177]
 [432 214]]",[0. 0. 0. ... 0. 0. 1.],[1. 1. 1. ... 0. 1. 0.]
379,AdaBoost,"{'algorithm': 'SAMME', 'learning_rate': 3.120408163265306, 'n_estimators': 85}",0.39294710242279374,0.09267851654992708,0.03385955467680396,0.1179656194585247,0.516929777338402,0.058982809729262356,0.3806977336389101,0.009287925696594423,0.5046439628482973,0.5046439628482973,"{0: 0.5136503273298891, 1: 0.513650327329889}","{0: 0.5136503273298891, 1: 0.513650327329889}",0.513650327329889,"[[615  31]
 [609  37]]",[0. 0. 0. ... 0. 0. 0.],[1. 1. 1. ... 0. 1. 0.]
632,SVC,"{'C': 1000, 'gamma': 0.01, 'kernel': 'sigmoid'}",0.45576941790723813,0.09596017568822474,0.030111380063036312,0.14944172921854962,0.5150556900315182,0.0747208646092748,0.45776858282843214,0.010835913312693513,0.5054179566563467,0.5054179566563468,"{0: 0.49583049775230276, 1: 0.4958304977523028}","{0: 0.49583049775230276, 1: 0.4958304977523028}",0.4958304977523028,"[[518 128]
 [511 135]]",[0. 0. 0. ... 0. 0. 0.],[1. 1. 1. ... 0. 1. 0.]
902,AdaBoost,"{'algorithm': 'SAMME.R', 'learning_rate': 2.304081632653061, 'n_estimators': 52}",0.45942768648965626,0.11217634081938178,0.023629396098943874,0.1661653158701732,0.5118146980494719,0.0830826579350866,0.4912024439254941,0.004643962848297267,0.5023219814241486,0.5023219814241486,"{0: 0.5105950886139041, 1: 0.510595088613904}","{0: 0.5105950886139041, 1: 0.510595088613904}",0.510595088613904,"[[420 226]
 [417 229]]",[1. 1. 1. ... 0. 1. 0.],[1. 1. 1. ... 0. 1. 0.]
123,AdaBoost,"{'algorithm': 'SAMME.R', 'learning_rate': 2.2224489795918365, 'n_estimators': 52}",0.40262343246253324,0.11564500418227144,0.023435598486997437,0.16255111445885703,0.5117177992434987,0.0812755572294285,0.4318603183200557,0.004643962848297267,0.5023219814241486,0.5023219814241486,"{0: 0.5134909756635259, 1: 0.513490975663526}","{0: 0.5134909756635259, 1: 0.513490975663526}",0.513490975663526,"[[552  94]
 [549  97]]",[1. 1. 1. ... 0. 1. 0.],[1. 1. 1. ... 0. 1. 0.]
896,SVC,"{'C': 100, 'gamma': 0.01, 'kernel': 'sigmoid'}",0.44133200047304216,0.0934655614814444,0.023078022490101893,0.1447547770227274,0.511539011245051,0.07237738851136369,0.46112714508841446,0.035603715170278605,0.5178018575851393,0.5178018575851393,"{0: 0.48601060107927807, 1: 0.486010601079278}","{0: 0.48601060107927807, 1: 0.486010601079278}",0.486010601079278,"[[544 102]
 [521 125]]",[0. 0. 0. ... 1. 0. 0.],[1. 1. 1. ... 0. 1. 0.]
457,AdaBoost,"{'algorithm': 'SAMME.R', 'learning_rate': 2.059183673469388, 'n_estimators': 74}",0.4890589278327752,0.10929294207932659,0.022896944753591095,0.19377909480173944,0.5114484723767955,0.0968895474008697,0.4832190226126646,-0.009287925696594534,0.4953560371517028,0.49535603715170284,"{0: 0.509575477575746, 1: 0.509575477575746}","{0: 0.509575477575746, 1: 0.509575477575746}",0.509575477575746,"[[221 425]
 [227 419]]",[1. 1. 1. ... 0. 1. 0.],[1. 1. 1. ... 0. 1. 0.]
605,SVC,"{'C': 100, 'gamma': 0.01, 'kernel': 'sigmoid'}",0.4436683037363202,0.09416790830006569,0.01992397422484385,0.1597199831351217,0.5099619871124219,0.07985999156756085,0.45755821256866175,0.03250773993808054,0.5162538699690402,0.5162538699690402,"{0: 0.4751051960624562, 1: 0.4751051960624562}","{0: 0.4751051960624562, 1: 0.4751051960624562}",0.4751051960624562,"[[546 100]
 [525 121]]",[0. 0. 0. ... 1. 0. 0.],[1. 1. 1. ... 0. 1. 0.]
928,SVC,"{'C': 100, 'gamma': 0.01, 'kernel': 'sigmoid'}",0.4494110209597468,0.09999117602226028,0.017786754559879613,0.1847675217287655,0.5088933772799399,0.09238376086438276,0.4663913267940114,0.034055727554179516,0.5170278637770898,0.5170278637770898,"{0: 0.4790566381351303, 1: 0.4790566381351302}","{0: 0.4790566381351303, 1: 0.4790566381351302}",0.4790566381351302,"[[533 113]
 [511 135]]",[0. 0. 0. ... 1. 0. 0.],[1. 1. 1. ... 0. 1. 0.]
217,SVC,"{'C': 100, 'gamma': 0.01, 'kernel': 'sigmoid'}",0.43972456960526496,0.09593793960606374,0.017027178528422025,0.1530338221018257,0.508513589264211,0.07651691105091288,0.4606570114308884,0.02941176470588236,0.5147058823529411,0.5147058823529412,"{0: 0.4790662231977686, 1: 0.4790662231977687}","{0: 0.4790662231977686, 1: 0.4790662231977687}",0.4790662231977687,"[[537 109]
 [518 128]]",[0. 0. 0. ... 1. 0. 0.],[1. 1. 1. ... 0. 1. 0.]
113,AdaBoost,"{'algorithm': 'SAMME.R', 'learning_rate': 2.1408163265306124, 'n_estimators': 85}",0.36745348359610597,0.0550635038595462,0.015052712734967538,0.04388303409161641,0.5075263563674838,0.021941517045808198,0.4885453075253323,0.020123839009287936,0.510061919504644,0.510061919504644,"{0: 0.50688207497436, 1: 0.50688207497436}","{0: 0.50688207497436, 1: 0.50688207497436}",0.50688207497436,"[[197 449]
 [184 462]]",[1. 1. 1. ... 1. 1. 1.],[1. 1. 1. ... 0. 1. 0.]
82,SVC,"{'C': 100, 'gamma': 0.01, 'kernel': 'sigmoid'}",0.44251429397776076,0.09983245493190229,0.014243433217964925,0.17922399697391345,0.5071217166089825,0.08961199848695672,0.4606018948070157,0.03250773993808054,0.5162538699690402,0.5162538699690402,"{0: 0.4771204554821765, 1: 0.47712045548217663}","{0: 0.4771204554821765, 1: 0.47712045548217663}",0.47712045548217663,"[[541 105]
 [520 126]]",[0. 0. 0. ... 1. 0. 0.],[1. 1. 1. ... 0. 1. 0.]
157,SVC,"{'C': 100, 'gamma': 0.01, 'kernel': 'sigmoid'}",0.4486176163763448,0.0958733546629942,0.013469517015861888,0.16481944271152643,0.506734758507931,0.08240972135576322,0.4656741108354012,0.024767801857585092,0.5123839009287926,0.5123839009287926,"{0: 0.47711566295085733, 1: 0.47711566295085733}","{0: 0.47711566295085733, 1: 0.47711566295085733}",0.47711566295085733,"[[522 124]
 [506 140]]",[0. 0. 0. ... 1. 0. 0.],[1. 1. 1. ... 0. 1. 0.]
501,SVC,"{'C': 100, 'gamma': 0.01, 'kernel': 'sigmoid'}",0.44109681228101283,0.08841401100765044,0.012459341578610127,0.1511935571032098,0.506229670789305,0.0755967785516049,0.4560254087722985,0.023219814241486114,0.5116099071207431,0.5116099071207431,"{0: 0.47581209443203715, 1: 0.47581209443203704}","{0: 0.47581209443203715, 1: 0.47581209443203704}",0.47581209443203704,"[[537 109]
 [522 124]]",[0. 0. 0. ... 1. 0. 0.],[1. 1. 1. ... 0. 1. 0.]
241,SVC,"{'C': 100, 'gamma': 0.01, 'kernel': 'sigmoid'}",0.4385781337918052,0.09390398081569414,0.011083673589806357,0.1648437016802591,0.5055418367949032,0.08242185084012954,0.45486251124932237,0.021671826625387025,0.5108359133126935,0.5108359133126935,"{0: 0.4761008444440184, 1: 0.47610084444401846}","{0: 0.4761008444440184, 1: 0.47610084444401846}",0.47610084444401846,"[[537 109]
 [523 123]]",[0. 0. 0. ... 1. 0. 0.],[1. 1. 1. ... 0. 1. 0.]
229,SVC,"{'C': 100, 'gamma': 0.01, 'kernel': 'sigmoid'}",0.4338344077379478,0.08869465649793438,0.01084646973164519,0.1557016513708865,0.5054232348658225,0.07785082568544326,0.4449088681434256,0.018575851393188847,0.5092879256965944,0.5092879256965944,"{0: 0.46667872787048653, 1: 0.4666787278704867}","{0: 0.46667872787048653, 1: 0.4666787278704867}",0.4666787278704867,"[[549  97]
 [537 109]]",[0. 0. 0. ... 1. 0. 0.],[1. 1. 1. ... 0. 1. 0.]
833,SVC,"{'C': 100, 'gamma': 0.01, 'kernel': 'sigmoid'}",0.43503349335387376,0.09550354051018914,0.01030712179012252,0.1644518027150685,0.5051535608950612,0.08222590135753427,0.4508036315806359,0.015479876160990669,0.5077399380804953,0.5077399380804953,"{0: 0.4692439302590842, 1: 0.46924393025908423}","{0: 0.4692439302590842, 1: 0.46924393025908423}",0.46924393025908423,"[[536 110]
 [526 120]]",[0. 0. 0. ... 1. 0. 0.],[1. 1. 1. ... 0. 1. 0.]
683,AdaBoost,"{'algorithm': 'SAMME.R', 'learning_rate': 2.2224489795918365, 'n_estimators': 63}",0.3758460429470392,0.05630290435106723,0.009959828441183696,0.0431356261650452,0.5049799142205919,0.0215678130825226,0.5004932675643248,0.012383900928792602,0.5061919504643962,0.5061919504643962,"{0: 0.5061200624946083, 1: 0.5061200624946084}","{0: 0.5061200624946083, 1: 0.5061200624946084}",0.5061200624946084,"[[258 388]
 [250 396]]",[1. 1. 1. ... 1. 1. 1.],[1. 1. 1. ... 0. 1. 0.]
547,SVC,"{'C': 100, 'gamma': 0.01, 'kernel': 'sigmoid'}",0.4363864241586662,0.0890577533703809,0.008748835827465244,0.165029492504983,0.5043744179137326,0.08251474625249151,0.44950631904907284,0.017027863777089758,0.5085139318885449,0.5085139318885449,"{0: 0.47183908596842683, 1: 0.4718390859684267}","{0: 0.47183908596842683, 1: 0.4718390859684267}",0.4718390859684267,"[[540 106]
 [529 117]]",[0. 0. 0. ... 1. 0. 0.],[1. 1. 1. ... 0. 1. 0.]
278,SVC,"{'C': 100, 'gamma': 0.01, 'kernel': 'sigmoid'}",0.4363995071483544,0.0847422216159502,0.00761537403492417,0.148602260131097,0.5038076870174621,0.0743011300655485,0.444680684791601,0.012383900928792602,0.5061919504643962,0.5061919504643964,"{0: 0.47223566793509014, 1: 0.47223566793509003}","{0: 0.47223566793509014, 1: 0.47223566793509003}",0.47223566793509003,"[[542 104]
 [534 112]]",[0. 0. 0. ... 1. 0. 0.],[1. 1. 1. ... 0. 1. 0.]
693,SVC,"{'C': 100, 'gamma': 0.01, 'kernel': 'sigmoid'}",0.4392884421905185,0.09046357838367498,0.006209523721970683,0.15991286902616328,0.5031047618609853,0.07995643451308164,0.45552196582355553,0.018575851393188847,0.5092879256965944,0.5092879256965944,"{0: 0.4757905280411008, 1: 0.4757905280411008}","{0: 0.4757905280411008, 1: 0.4757905280411008}",0.4757905280411008,"[[532 114]
 [520 126]]",[0. 0. 0. ... 1. 0. 0.],[1. 1. 1. ... 0. 1. 0.]
43,SVC,"{'C': 1, 'gamma': 0.0001, 'kernel': 'rbf'}",0.3498617265087854,0.048439489835776985,0.005620689655172413,0.03141298349049867,0.5028103448275862,0.01570649174524934,0.37439926146494223,0.006191950464396245,0.5030959752321982,0.5030959752321982,"{0: 0.49397818439743507, 1: 0.4939781843974351}","{0: 0.49397818439743507, 1: 0.4939781843974351}",0.4939781843974351,"[[618  28]
 [614  32]]",[0. 0. 0. ... 0. 0. 0.],[1. 1. 1. ... 0. 1. 0.]
353,SVC,"{'C': 100, 'gamma': 0.01, 'kernel': 'sigmoid'}",0.4276018742988203,0.09318819506404145,0.00474602643266802,0.15539621447169635,0.502373013216334,0.07769810723584818,0.44714333024998004,0.01393188854489169,0.5069659442724458,0.5069659442724458,"{0: 0.4732409013792906, 1: 0.4732409013792904}","{0: 0.4732409013792906, 1: 0.4732409013792904}",0.4732409013792904,"[[540 106]
 [531 115]]",[0. 0. 0. ... 1. 0. 0.],[1. 1. 1. ... 0. 1. 0.]
848,SVC,"{'C': 100, 'gamma': 1, 'kernel': 'sigmoid'}",0.4635563251898898,0.10215617956335986,0.004164763441804822,0.17578189337059533,0.5020823817209025,0.08789094668529766,0.4795853670058953,-0.003095975232198178,0.4984520123839009,0.4984520123839009,"{0: 0.4661623326208436, 1: 0.4661623326208436}","{0: 0.4661623326208436, 1: 0.4661623326208436}",0.4661623326208436,"[[445 201]
 [447 199]]",[0. 0. 0. ... 0. 0. 0.],[1. 1. 1. ... 0. 1. 0.]
912,SVC,"{'C': 100, 'gamma': 0.01, 'kernel': 'sigmoid'}",0.43692205792488914,0.10011159856110609,0.00393068334388782,0.1828409013337539,0.5019653416719438,0.09142045066687697,0.4560594312147107,0.021671826625387025,0.5108359133126935,0.5108359133126935,"{0: 0.47191337020387436, 1: 0.47191337020387425}","{0: 0.47191337020387436, 1: 0.47191337020387425}",0.47191337020387425,"[[535 111]
 [521 125]]",[0. 0. 0. ... 1. 0. 0.],[1. 1. 1. ... 0. 1. 0.]
182,SVC,"{'C': 100, 'gamma': 0.01, 'kernel': 'sigmoid'}",0.43963847458195504,0.0942146846458342,0.003550466827630112,0.16716984849561994,0.5017752334138151,0.08358492424780996,0.45554150863885373,0.017027863777089758,0.5085139318885449,0.5085139318885449,"{0: 0.47637162246355286, 1: 0.47637162246355286}","{0: 0.47637162246355286, 1: 0.47637162246355286}",0.47637162246355286,"[[530 116]
 [519 127]]",[0. 0. 0. ... 1. 0. 0.],[1. 1. 1. ... 0. 1. 0.]
700,SVC,"{'C': 0.1, 'gamma': 0.001, 'kernel': 'rbf'}",0.3763254570669019,0.0784588997302343,0.0030262515262515243,0.06997181278393964,0.5015131257631258,0.034985906391969836,0.41606599058143656,0.007739938080495334,0.5038699690402477,0.5038699690402476,"{0: 0.4998011099502535, 1: 0.49980110995025345}","{0: 0.4998011099502535, 1: 0.49980110995025345}",0.49980110995025345,"[[576  70]
 [571  75]]",[0. 0. 0. ... 0. 0. 0.],[1. 1. 1. ... 0. 1. 0.]
818,SVC,"{'C': 100, 'gamma': 0.01, 'kernel': 'sigmoid'}",0.4296026885635413,0.08884686335261543,0.0030114852361747602,0.1601834226773949,0.5015057426180874,0.08009171133869747,0.43952505575299644,0.010835913312693513,0.5054179566563467,0.5054179566563468,"{0: 0.4699484323630056, 1: 0.4699484323630055}","{0: 0.4699484323630056, 1: 0.4699484323630055}",0.4699484323630055,"[[548  98]
 [541 105]]",[0. 0. 0. ... 1. 0. 0.],[1. 1. 1. ... 0. 1. 0.]
945,AdaBoost,"{'algorithm': 'SAMME', 'learning_rate': 3.936734693877551, 'n_estimators': 41}",0.3833757805349007,0.07341160594058768,0.0024012437149460776,0.0885206651961207,0.501200621857473,0.04426033259806034,0.4025899713028174,0.009287925696594423,0.5046439628482973,0.5046439628482973,"{0: 0.5034685945422652, 1: 0.5034685945422653}","{0: 0.5034685945422652, 1: 0.5034685945422653}",0.5034685945422653,"[[593  53]
 [587  59]]",[0. 0. 0. ... 0. 0. 0.],[1. 1. 1. ... 0. 1. 0.]
931,AdaBoost,"{'algorithm': 'SAMME.R', 'learning_rate': 3.7734693877551018, 'n_estimators': 30}",0.34000896753862847,0.019036031913370072,0.002037966495978658,0.02297435581689716,0.5010189832479894,0.011487177908448581,0.3387586949977025,0.0,0.5,0.5,"{0: 0.510892225555694, 1: 0.5108922255556941}","{0: 0.510892225555694, 1: 0.5108922255556941}",0.5108922255556941,"[[642   4]
 [642   4]]",[0. 0. 0. ... 0. 0. 0.],[1. 1. 1. ... 0. 1. 0.]
97,AdaBoost,"{'algorithm': 'SAMME.R', 'learning_rate': 3.8551020408163263, 'n_estimators': 30}",0.34000896753862847,0.019036031913370072,0.002037966495978658,0.02297435581689716,0.5010189832479894,0.011487177908448581,0.3387586949977025,0.0,0.5,0.5,"{0: 0.5050525261432584, 1: 0.5050525261432584}","{0: 0.5050525261432584, 1: 0.5050525261432584}",0.5050525261432584,"[[642   4]
 [642   4]]",[0. 0. 0. ... 0. 0. 0.],[1. 1. 1. ... 0. 1. 0.]
141,SVC,"{'C': 0.1, 'gamma': 1, 'kernel': 'rbf'}",0.3369748175914141,0.014554738988021116,0.0016666666666666653,0.01770819716723248,0.5008333333333334,0.008854098583616243,0.38478143550998384,0.001547987616099089,0.5007739938080495,0.5007739938080495,"{0: 0.5007021058382616, 1: 0.5007021058382617}","{0: 0.5007021058382616, 1: 0.5007021058382617}",0.5007021058382617,"[[604  42]
 [603  43]]",[0. 0. 0. ... 0. 0. 0.],[1. 1. 1. ... 0. 1. 0.]
557,SVC,"{'C': 100, 'gamma': 0.01, 'kernel': 'sigmoid'}",0.4348276063763485,0.0954607522519878,0.0005284037388843422,0.1654310088724496,0.5002642018694422,0.08271550443622479,0.4549321266968326,0.018575851393188847,0.5092879256965944,0.5092879256965944,"{0: 0.47352605699278244, 1: 0.47352605699278244}","{0: 0.47352605699278244, 1: 0.47352605699278244}",0.47352605699278244,"[[533 113]
 [521 125]]",[0. 0. 0. ... 1. 0. 0.],[1. 1. 1. ... 0. 1. 0.]
314,SVC,"{'C': 100, 'gamma': 0.01, 'kernel': 'sigmoid'}",0.445000934378796,0.08992380882166477,0.0004142786347658722,0.1667773880495779,0.500207139317383,0.08338869402478895,0.4560035622259983,0.004643962848297267,0.5023219814241486,0.5023219814241486,"{0: 0.4704492518858611, 1: 0.4704492518858611}","{0: 0.4704492518858611, 1: 0.4704492518858611}",0.4704492518858611,"[[513 133]
 [510 136]]",[0. 0. 0. ... 1. 0. 0.],[1. 1. 1. ... 0. 1. 0.]
232,SVC,"{'C': 0.1, 'gamma': 0.0001, 'kernel': 'rbf'}",0.33333333333333337,5.874748045952207e-17,0.0,0.0,0.5,0.0,0.3333333333333333,0.0,0.5,0.5,"{0: 0.4936786511899855, 1: 0.4936786511899855}","{0: 0.4936786511899855, 1: 0.4936786511899855}",0.4936786511899855,"[[646   0]
 [646   0]]",[0. 0. 0. ... 0. 0. 0.],[1. 1. 1. ... 0. 1. 0.]
92,SVC,"{'C': 0.1, 'gamma': 0.0001, 'kernel': 'rbf'}",0.33333333333333337,5.874748045952207e-17,0.0,0.0,0.5,0.0,0.3333333333333333,0.0,0.5,0.5,"{0: 0.49892048232035197, 1: 0.498920482320352}","{0: 0.49892048232035197, 1: 0.498920482320352}",0.498920482320352,"[[646   0]
 [646   0]]",[0. 0. 0. ... 0. 0. 0.],[1. 1. 1. ... 0. 1. 0.]
958,SVC,"{'C': 100, 'gamma': 0.01, 'kernel': 'sigmoid'}",0.4155504852782503,0.0922054819536251,-0.0006307548851032463,0.15954949130841997,0.4996846225574484,0.07977474565420999,0.42505656108597284,0.006191950464396245,0.5030959752321982,0.5030959752321982,"{0: 0.4661215961046305, 1: 0.4661215961046305}","{0: 0.4661215961046305, 1: 0.4661215961046305}",0.4661215961046305,"[[563  83]
 [559  87]]",[0. 0. 0. ... 0. 0. 0.],[1. 1. 1. ... 0. 1. 0.]
663,SVC,"{'C': 100, 'gamma': 0.01, 'kernel': 'sigmoid'}",0.4333307456867284,0.09450054587906946,-0.0012996263794424934,0.17236125280763223,0.49935018681027876,0.0861806264038161,0.45012911999345856,0.017027863777089758,0.5085139318885449,0.5085139318885449,"{0: 0.47741279989264734, 1: 0.47741279989264723}","{0: 0.47741279989264734, 1: 0.47741279989264723}",0.47741279989264723,"[[539 107]
 [528 118]]",[0. 0. 0. ... 1. 0. 0.],[1. 1. 1. ... 0. 1. 0.]
750,SVC,"{'C': 1000, 'gamma': 0.1, 'kernel': 'sigmoid'}",0.44475841570042024,0.10569747940340288,-0.001985819350082023,0.17545238404174948,0.499007090324959,0.08772619202087474,0.4834059816149498,0.024767801857585092,0.5123839009287926,0.5123839009287926,"{0: 0.4892743149076479, 1: 0.48927431490764794}","{0: 0.4892743149076479, 1: 0.48927431490764794}",0.48927431490764794,"[[484 162]
 [468 178]]",[0. 0. 0. ... 1. 1. 0.],[1. 1. 1. ... 0. 1. 0.]
339,SVC,"{'C': 0.1, 'gamma': 0.001, 'kernel': 'rbf'}",0.37783383041070345,0.146891256287852,-0.002294316794316806,0.23980679047740494,0.4988528416028416,0.11990339523870246,0.4528866849916435,-0.04643962848297223,0.47678018575851394,0.47678018575851394,"{0: 0.47126997287427275, 1: 0.4712699728742727}","{0: 0.47126997287427275, 1: 0.4712699728742727}",0.4712699728742727,"[[443 203]
 [473 173]]",[0. 0. 0. ... 0. 0. 0.],[1. 1. 1. ... 0. 1. 0.]
380,SVC,"{'C': 100, 'gamma': 0.01, 'kernel': 'sigmoid'}",0.4356023863082879,0.09493440702813456,-0.002344910734971588,0.16488400139478118,0.4988275446325142,0.08244200069739058,0.4561256268144629,0.012383900928792602,0.5061919504643962,0.5061919504643964,"{0: 0.4783497397655494, 1: 0.47834973976554934}","{0: 0.4783497397655494, 1: 0.47834973976554934}",0.47834973976554934,"[[523 123]
 [515 131]]",[0. 0. 0. ... 1. 0. 0.],[1. 1. 1. ... 0. 1. 0.]
213,AdaBoost,"{'algorithm': 'SAMME', 'learning_rate': 3.936734693877551, 'n_estimators': 96}",0.3819114143780765,0.06900181307554679,-0.0024598993957245076,0.08874258231418952,0.4987700503021377,0.04437129115709477,0.390446088476723,-0.009287925696594534,0.4953560371517028,0.4953560371517028,"{0: 0.49604017099751746, 1: 0.4960401709975174}","{0: 0.49604017099751746, 1: 0.4960401709975174}",0.4960401709975174,"[[ 52 594]
 [ 58 588]]",[1. 1. 1. ... 1. 1. 1.],[1. 1. 1. ... 0. 1. 0.]
90,SVC,"{'C': 1000, 'gamma': 1, 'kernel': 'sigmoid'}",0.4550219933674457,0.11818663432611494,-0.0030233803419119896,0.20469756056606056,0.498488309829044,0.10234878028303025,0.477979797979798,0.009287925696594423,0.5046439628482973,0.5046439628482973,"{0: 0.48715601606456505, 1: 0.487156016064565}","{0: 0.48715601606456505, 1: 0.487156016064565}",0.487156016064565,"[[472 174]
 [466 180]]",[0. 0. 0. ... 0. 0. 0.],[1. 1. 1. ... 0. 1. 0.]
346,AdaBoost,"{'algorithm': 'SAMME.R', 'learning_rate': 3.2836734693877547, 'n_estimators': 41}",0.3468912336479936,0.031854632183616956,-0.003072186267838437,0.025107615964222542,0.4984639068660808,0.01255380798211127,0.46232558139534885,0.0,0.5,0.5,"{0: 0.5200807062274152, 1: 0.5200807062274152}","{0: 0.5200807062274152, 1: 0.5200807062274152}",0.5200807062274152,"[[152 494]
 [152 494]]",[1. 1. 1. ... 1. 1. 1.],[1. 1. 1. ... 0. 1. 0.]
603,SVC,"{'C': 0.1, 'gamma': 0.001, 'kernel': 'rbf'}",0.36471721364241794,0.07834684455516056,-0.005272587515765923,0.09999776591567311,0.497363706242117,0.049998882957836555,0.42195746373149295,-0.003095975232198178,0.4984520123839009,0.4984520123839009,"{0: 0.4851239827852274, 1: 0.48512398278522745}","{0: 0.4851239827852274, 1: 0.48512398278522745}",0.48512398278522745,"[[557  89]
 [559  87]]",[1. 1. 1. ... 0. 0. 0.],[1. 1. 1. ... 0. 1. 0.]
341,SVC,"{'C': 100, 'gamma': 0.01, 'kernel': 'sigmoid'}",0.423931207295349,0.09736211952926822,-0.008055151594671002,0.16358033226839921,0.4959724242026645,0.08179016613419961,0.4436717028104194,0.007739938080495334,0.5038699690402477,0.5038699690402476,"{0: 0.46914688149987055, 1: 0.4691468814998705}","{0: 0.46914688149987055, 1: 0.4691468814998705}",0.4691468814998705,"[[538 108]
 [533 113]]",[0. 0. 0. ... 1. 0. 0.],[1. 1. 1. ... 0. 1. 0.]
487,SVC,"{'C': 100, 'gamma': 0.1, 'kernel': 'sigmoid'}",0.45818926801654564,0.1076066263507574,-0.009073917484845394,0.1781403326010521,0.4954630412575773,0.08907016630052605,0.4910569375488174,0.007739938080495334,0.5038699690402477,0.5038699690402477,"{0: 0.4829625511602718, 1: 0.48296255116027187}","{0: 0.4829625511602718, 1: 0.48296255116027187}",0.48296255116027187,"[[428 218]
 [423 223]]",[0. 0. 0. ... 0. 0. 0.],[1. 1. 1. ... 0. 1. 0.]
774,AdaBoost,"{'algorithm': 'SAMME', 'learning_rate': 3.8551020408163263, 'n_estimators': 52}",0.36391321599873117,0.06493705538433761,-0.011310515361174237,0.0869933788265173,0.4943447423194129,0.043496689413258655,0.37539762254279757,-0.017027863777089758,0.4914860681114551,0.4914860681114551,"{0: 0.49370021758092186, 1: 0.49370021758092186}","{0: 0.49370021758092186, 1: 0.49370021758092186}",0.49370021758092186,"[[ 39 607]
 [ 50 596]]",[1. 1. 0. ... 1. 1. 1.],[1. 1. 1. ... 0. 1. 0.]
434,SVC,"{'C': 100, 'gamma': 1, 'kernel': 'sigmoid'}",0.44276331906480415,0.08316833440245044,-0.012476271818052114,0.13194002764946064,0.49376186409097395,0.06597001382473029,0.46044067716397447,-0.010835913312693402,0.49458204334365324,0.49458204334365324,"{0: 0.4634090233779678, 1: 0.4634090233779678}","{0: 0.4634090233779678, 1: 0.4634090233779678}",0.4634090233779678,"[[482 164]
 [489 157]]",[0. 0. 0. ... 0. 0. 0.],[1. 1. 1. ... 0. 1. 0.]
27,SVC,"{'C': 0.1, 'gamma': 0.0001, 'kernel': 'sigmoid'}",0.33428466035891474,0.03351753823084098,-0.016470588235294122,0.08068907387991647,0.491764705882353,0.04034453693995823,0.44188588004538076,-0.010835913312693402,0.49458204334365324,0.4945820433436533,"{0: 0.49253323620469863, 1: 0.49253323620469863}","{0: 0.49253323620469863, 1: 0.49253323620469863}",0.49253323620469863,"[[518 128]
 [525 121]]",[0. 0. 0. ... 1. 1. 1.],[1. 1. 1. ... 0. 1. 0.]
573,SVC,"{'C': 0.1, 'gamma': 0.001, 'kernel': 'rbf'}",0.3758989818065955,0.07405978053028492,-0.016980904602643725,0.09823882047488587,0.4915095476986781,0.049119410237442936,0.4628427155696997,-0.021671826625387025,0.4891640866873065,0.4891640866873065,"{0: 0.479164470089812, 1: 0.47916447008981206}","{0: 0.479164470089812, 1: 0.47916447008981206}",0.47916447008981206,"[[459 187]
 [473 173]]",[1. 1. 1. ... 0. 0. 0.],[1. 1. 1. ... 0. 1. 0.]
138,SVC,"{'C': 1, 'gamma': 0.0001, 'kernel': 'sigmoid'}",0.35596218106450955,0.07295951031300946,-0.01704087302297021,0.10813034101607387,0.49147956348851496,0.05406517050803693,0.483314678937114,-0.015479876160990669,0.49226006191950467,0.49226006191950467,"{0: 0.490175310795656, 1: 0.490175310795656}","{0: 0.490175310795656, 1: 0.490175310795656}",0.490175310795656,"[[403 243]
 [413 233]]",[0. 1. 1. ... 1. 1. 1.],[1. 1. 1. ... 0. 1. 0.]
125,SVC,"{'C': 0.1, 'gamma': 1, 'kernel': 'rbf'}",0.34245371763171867,0.02999017277563981,-0.019960317460317453,0.07105306942510752,0.49001984126984127,0.03552653471255377,0.41609173513061104,-0.01393188854489158,0.49303405572755415,0.4930340557275542,"{0: 0.4924014415934208, 1: 0.4924014415934209}","{0: 0.4924014415934208, 1: 0.4924014415934209}",0.4924014415934209,"[[553  93]
 [562  84]]",[0. 0. 0. ... 1. 1. 1.],[1. 1. 1. ... 0. 1. 0.]
748,AdaBoost,"{'algorithm': 'SAMME', 'learning_rate': 2.1408163265306124, 'n_estimators': 74}",0.36433696799634857,0.0658295957666245,-0.025829527494003038,0.08670582323052897,0.48708523625299854,0.04335291161526449,0.3793278441748016,-0.04334365325077405,0.47832817337461303,0.47832817337461303,"{0: 0.48179916418253793, 1: 0.481799164182538}","{0: 0.48179916418253793, 1: 0.481799164182538}",0.481799164182538,"[[ 51 595]
 [ 79 567]]",[1. 1. 1. ... 1. 1. 1.],[1. 1. 1. ... 0. 1. 0.]
60,SVC,"{'C': 0.1, 'gamma': 0.001, 'kernel': 'rbf'}",0.3533225863728152,0.05794830601816839,-0.028675496433391175,0.09406766572714174,0.4856622517833044,0.047033832863570886,0.39447334639551385,-0.020123839009287936,0.48993808049535603,0.48993808049535603,"{0: 0.46788644576292293, 1: 0.4678864457629231}","{0: 0.46788644576292293, 1: 0.4678864457629231}",0.4678864457629231,"[[573  73]
 [586  60]]",[0. 0. 0. ... 0. 0. 0.],[1. 1. 1. ... 0. 1. 0.]
529,SVC,"{'C': 100, 'gamma': 1, 'kernel': 'sigmoid'}",0.43947893640914437,0.0927015633390671,-0.03094117538394926,0.14753165880891514,0.4845294123080254,0.07376582940445757,0.4651070011817929,-0.021671826625387025,0.4891640866873065,0.4891640866873065,"{0: 0.4672238783080448, 1: 0.46722387830804474}","{0: 0.4672238783080448, 1: 0.46722387830804474}",0.46722387830804474,"[[453 193]
 [467 179]]",[0. 0. 0. ... 1. 0. 0.],[1. 1. 1. ... 0. 1. 0.]
696,AdaBoost,"{'algorithm': 'SAMME', 'learning_rate': 3.2020408163265306, 'n_estimators': 52}",0.3600444232641695,0.06993848159631068,-0.042136139203388476,0.12694906504214234,0.4789319303983058,0.06347453252107117,0.3847904859239989,-0.015479876160990669,0.49226006191950467,0.4922600619195046,"{0: 0.4992248080591206, 1: 0.4992248080591206}","{0: 0.4992248080591206, 1: 0.4992248080591206}",0.4992248080591206,"[[ 48 598]
 [ 58 588]]",[1. 1. 1. ... 1. 1. 1.],[1. 1. 1. ... 0. 1. 0.]
280,AdaBoost,"{'algorithm': 'SAMME', 'learning_rate': 2.957142857142857, 'n_estimators': 30}",0.3539026724018558,0.06682831909631476,-0.04481345457807226,0.13217851676036288,0.4775932727109638,0.06608925838018144,0.3656270153016357,-0.037151702786377694,0.48142414860681115,0.4814241486068111,"{0: 0.5163629000565517, 1: 0.5163629000565518}","{0: 0.5163629000565517, 1: 0.5163629000565518}",0.5163629000565518,"[[ 35 611]
 [ 59 587]]",[1. 1. 1. ... 1. 1. 1.],[1. 1. 1. ... 0. 1. 0.]
861,AdaBoost,"{'algorithm': 'SAMME', 'learning_rate': 3.3653061224489793, 'n_estimators': 96}",0.35920493853410723,0.07032376940344935,-0.045848260415509684,0.1264216646968979,0.47707586979224514,0.06321083234844894,0.38387905668855354,-0.018575851393188847,0.4907120743034056,0.4907120743034056,"{0: 0.5047002750912978, 1: 0.5047002750912977}","{0: 0.5047002750912978, 1: 0.5047002750912977}",0.5047002750912977,"[[ 48 598]
 [ 60 586]]",[1. 1. 1. ... 1. 1. 1.],[1. 1. 1. ... 0. 1. 0.]
863,SVC,"{'C': 1000, 'gamma': 0.1, 'kernel': 'sigmoid'}",0.4367388534001329,0.07761693010260447,-0.04784674651587505,0.13565970462516216,0.4760766267420625,0.06782985231258108,0.46079894041059094,-0.034055727554179516,0.48297213622291024,0.48297213622291024,"{0: 0.4637277267106941, 1: 0.46372772671069407}","{0: 0.4637277267106941, 1: 0.46372772671069407}",0.46372772671069407,"[[443 203]
 [465 181]]",[0. 0. 0. ... 1. 1. 0.],[1. 1. 1. ... 0. 1. 0.]
106,AdaBoost,"{'algorithm': 'SAMME', 'learning_rate': 2.793877551020408, 'n_estimators': 74}",0.353977610678235,0.06674337180269817,-0.04954636056097825,0.13317669196100534,0.47522681971951086,0.06658834598050267,0.3654754932098384,-0.04489164086687314,0.4775541795665635,0.4775541795665635,"{0: 0.48588000460083003, 1: 0.4858800046008301}","{0: 0.48588000460083003, 1: 0.4858800046008301}",0.4858800046008301,"[[ 37 609]
 [ 66 580]]",[1. 1. 1. ... 1. 1. 1.],[1. 1. 1. ... 0. 1. 0.]
193,AdaBoost,"{'algorithm': 'SAMME', 'learning_rate': 2.7122448979591836, 'n_estimators': 74}",0.3413786575604461,0.045623414653982806,-0.05811026042922594,0.12876391581549793,0.47094486978538697,0.06438195790774896,0.3508593045765542,-0.05263157894736836,0.47368421052631576,0.47368421052631576,"{0: 0.49223370299724906, 1: 0.4922337029972491}","{0: 0.49223370299724906, 1: 0.4922337029972491}",0.4922337029972491,"[[ 25 621]
 [ 59 587]]",[1. 1. 1. ... 1. 1. 1.],[1. 1. 1. ... 0. 1. 0.]
51,AdaBoost,"{'algorithm': 'SAMME', 'learning_rate': 3.691836734693877, 'n_estimators': 74}",0.3466266575206553,0.057590033449267504,-0.05815994872719799,0.12193962169346016,0.470920025636401,0.060969810846730074,0.3718815407683372,-0.02941176470588225,0.4852941176470588,0.4852941176470588,"{0: 0.49978793048912573, 1: 0.49978793048912573}","{0: 0.49978793048912573, 1: 0.49978793048912573}",0.49978793048912573,"[[ 39 607]
 [ 58 588]]",[1. 1. 1. ... 1. 1. 1.],[1. 1. 1. ... 0. 1. 0.]
422,AdaBoost,"{'algorithm': 'SAMME', 'learning_rate': 2.3857142857142857, 'n_estimators': 96}",0.3419765743349547,0.06992879154404529,-0.08895414786943079,0.16684641869125766,0.4555229260652846,0.08342320934562882,0.35504385964912283,-0.07120743034055721,0.46439628482972134,0.4643962848297214,"{0: 0.46467425164623444, 1: 0.46467425164623444}","{0: 0.46467425164623444, 1: 0.46467425164623444}",0.46467425164623444,"[[ 34 612]
 [ 80 566]]",[1. 1. 0. ... 1. 1. 1.],[1. 1. 1. ... 0. 1. 0.]
