trial_id,model_name,params,avg_f1,std_f1,avg_kappa,std_kappa,avg_accuracy,std_accuracy,f1_overall,kappa_overall,accuracy_overall,balanced_accuracy,roc_auc_overall,weighted_roc,roc_avg,confusion_matrix,y_pred,y_actual
999,AdaBoost,"{'algorithm': 'SAMME', 'learning_rate': 0.9979591836734693, 'n_estimators': 85}",0.5759248330349722,0.09969966847775258,0.1626379245674398,0.19347140861475928,0.5820717975960675,0.09667518842057837,0.5657653771872679,0.13169207130759697,0.5659801678108314,0.565828794861053,"{0: 0.5684832192896709, 1: 0.5684832192896709}","{0: 0.5684832192896709, 1: 0.5684832192896709}",0.5684832192896709,"[[354 297]
 [272 388]]",[1. 1. 0. ... 1. 0. 0.],[1. 1. 1. ... 1. 0. 0.]
807,AdaBoost,"{'algorithm': 'SAMME', 'learning_rate': 0.9979591836734693, 'n_estimators': 85}",0.5759248330349722,0.09969966847775258,0.1626379245674398,0.19347140861475928,0.5820717975960675,0.09667518842057837,0.5657653771872679,0.13169207130759697,0.5659801678108314,0.565828794861053,"{0: 0.5684832192896709, 1: 0.5684832192896709}","{0: 0.5684832192896709, 1: 0.5684832192896709}",0.5684832192896709,"[[354 297]
 [272 388]]",[1. 1. 0. ... 1. 0. 0.],[1. 1. 1. ... 1. 0. 0.]
290,AdaBoost,"{'algorithm': 'SAMME', 'learning_rate': 0.9979591836734693, 'n_estimators': 85}",0.5759248330349722,0.09969966847775258,0.1626379245674398,0.19347140861475928,0.5820717975960675,0.09667518842057837,0.5657653771872679,0.13169207130759697,0.5659801678108314,0.565828794861053,"{0: 0.5684832192896709, 1: 0.5684832192896709}","{0: 0.5684832192896709, 1: 0.5684832192896709}",0.5684832192896709,"[[354 297]
 [272 388]]",[1. 1. 0. ... 1. 0. 0.],[1. 1. 1. ... 1. 0. 0.]
868,AdaBoost,"{'algorithm': 'SAMME', 'learning_rate': 0.9979591836734693, 'n_estimators': 85}",0.5759248330349722,0.09969966847775258,0.1626379245674398,0.19347140861475928,0.5820717975960675,0.09667518842057837,0.5657653771872679,0.13169207130759697,0.5659801678108314,0.565828794861053,"{0: 0.5684832192896709, 1: 0.5684832192896709}","{0: 0.5684832192896709, 1: 0.5684832192896709}",0.5684832192896709,"[[354 297]
 [272 388]]",[1. 1. 0. ... 1. 0. 0.],[1. 1. 1. ... 1. 0. 0.]
863,AdaBoost,"{'algorithm': 'SAMME', 'learning_rate': 0.9979591836734693, 'n_estimators': 85}",0.5759248330349722,0.09969966847775258,0.1626379245674398,0.19347140861475928,0.5820717975960675,0.09667518842057837,0.5657653771872679,0.13169207130759697,0.5659801678108314,0.565828794861053,"{0: 0.5684832192896709, 1: 0.5684832192896709}","{0: 0.5684832192896709, 1: 0.5684832192896709}",0.5684832192896709,"[[354 297]
 [272 388]]",[1. 1. 0. ... 1. 0. 0.],[1. 1. 1. ... 1. 0. 0.]
302,AdaBoost,"{'algorithm': 'SAMME', 'learning_rate': 0.9979591836734693, 'n_estimators': 85}",0.5759248330349722,0.09969966847775258,0.1626379245674398,0.19347140861475928,0.5820717975960675,0.09667518842057837,0.5657653771872679,0.13169207130759697,0.5659801678108314,0.565828794861053,"{0: 0.5684832192896709, 1: 0.5684832192896709}","{0: 0.5684832192896709, 1: 0.5684832192896709}",0.5684832192896709,"[[354 297]
 [272 388]]",[1. 1. 0. ... 1. 0. 0.],[1. 1. 1. ... 1. 0. 0.]
856,AdaBoost,"{'algorithm': 'SAMME', 'learning_rate': 0.9979591836734693, 'n_estimators': 85}",0.5759248330349722,0.09969966847775258,0.1626379245674398,0.19347140861475928,0.5820717975960675,0.09667518842057837,0.5657653771872679,0.13169207130759697,0.5659801678108314,0.565828794861053,"{0: 0.5684832192896709, 1: 0.5684832192896709}","{0: 0.5684832192896709, 1: 0.5684832192896709}",0.5684832192896709,"[[354 297]
 [272 388]]",[1. 1. 0. ... 1. 0. 0.],[1. 1. 1. ... 1. 0. 0.]
373,AdaBoost,"{'algorithm': 'SAMME', 'learning_rate': 0.9979591836734693, 'n_estimators': 85}",0.5759248330349722,0.09969966847775258,0.1626379245674398,0.19347140861475928,0.5820717975960675,0.09667518842057837,0.5657653771872679,0.13169207130759697,0.5659801678108314,0.565828794861053,"{0: 0.5684832192896709, 1: 0.5684832192896709}","{0: 0.5684832192896709, 1: 0.5684832192896709}",0.5684832192896709,"[[354 297]
 [272 388]]",[1. 1. 0. ... 1. 0. 0.],[1. 1. 1. ... 1. 0. 0.]
829,AdaBoost,"{'algorithm': 'SAMME', 'learning_rate': 0.9979591836734693, 'n_estimators': 85}",0.5759248330349722,0.09969966847775258,0.1626379245674398,0.19347140861475928,0.5820717975960675,0.09667518842057837,0.5657653771872679,0.13169207130759697,0.5659801678108314,0.565828794861053,"{0: 0.5684832192896709, 1: 0.5684832192896709}","{0: 0.5684832192896709, 1: 0.5684832192896709}",0.5684832192896709,"[[354 297]
 [272 388]]",[1. 1. 0. ... 1. 0. 0.],[1. 1. 1. ... 1. 0. 0.]
823,AdaBoost,"{'algorithm': 'SAMME', 'learning_rate': 0.9979591836734693, 'n_estimators': 85}",0.5759248330349722,0.09969966847775258,0.1626379245674398,0.19347140861475928,0.5820717975960675,0.09667518842057837,0.5657653771872679,0.13169207130759697,0.5659801678108314,0.565828794861053,"{0: 0.5684832192896709, 1: 0.5684832192896709}","{0: 0.5684832192896709, 1: 0.5684832192896709}",0.5684832192896709,"[[354 297]
 [272 388]]",[1. 1. 0. ... 1. 0. 0.],[1. 1. 1. ... 1. 0. 0.]
392,AdaBoost,"{'algorithm': 'SAMME', 'learning_rate': 0.9979591836734693, 'n_estimators': 85}",0.5759248330349722,0.09969966847775258,0.1626379245674398,0.19347140861475928,0.5820717975960675,0.09667518842057837,0.5657653771872679,0.13169207130759697,0.5659801678108314,0.565828794861053,"{0: 0.5684832192896709, 1: 0.5684832192896709}","{0: 0.5684832192896709, 1: 0.5684832192896709}",0.5684832192896709,"[[354 297]
 [272 388]]",[1. 1. 0. ... 1. 0. 0.],[1. 1. 1. ... 1. 0. 0.]
401,AdaBoost,"{'algorithm': 'SAMME', 'learning_rate': 0.9979591836734693, 'n_estimators': 85}",0.5759248330349722,0.09969966847775258,0.1626379245674398,0.19347140861475928,0.5820717975960675,0.09667518842057837,0.5657653771872679,0.13169207130759697,0.5659801678108314,0.565828794861053,"{0: 0.5684832192896709, 1: 0.5684832192896709}","{0: 0.5684832192896709, 1: 0.5684832192896709}",0.5684832192896709,"[[354 297]
 [272 388]]",[1. 1. 0. ... 1. 0. 0.],[1. 1. 1. ... 1. 0. 0.]
402,AdaBoost,"{'algorithm': 'SAMME', 'learning_rate': 0.9979591836734693, 'n_estimators': 85}",0.5759248330349722,0.09969966847775258,0.1626379245674398,0.19347140861475928,0.5820717975960675,0.09667518842057837,0.5657653771872679,0.13169207130759697,0.5659801678108314,0.565828794861053,"{0: 0.5684832192896709, 1: 0.5684832192896709}","{0: 0.5684832192896709, 1: 0.5684832192896709}",0.5684832192896709,"[[354 297]
 [272 388]]",[1. 1. 0. ... 1. 0. 0.],[1. 1. 1. ... 1. 0. 0.]
403,AdaBoost,"{'algorithm': 'SAMME', 'learning_rate': 0.9979591836734693, 'n_estimators': 85}",0.5759248330349722,0.09969966847775258,0.1626379245674398,0.19347140861475928,0.5820717975960675,0.09667518842057837,0.5657653771872679,0.13169207130759697,0.5659801678108314,0.565828794861053,"{0: 0.5684832192896709, 1: 0.5684832192896709}","{0: 0.5684832192896709, 1: 0.5684832192896709}",0.5684832192896709,"[[354 297]
 [272 388]]",[1. 1. 0. ... 1. 0. 0.],[1. 1. 1. ... 1. 0. 0.]
404,AdaBoost,"{'algorithm': 'SAMME', 'learning_rate': 0.9979591836734693, 'n_estimators': 85}",0.5759248330349722,0.09969966847775258,0.1626379245674398,0.19347140861475928,0.5820717975960675,0.09667518842057837,0.5657653771872679,0.13169207130759697,0.5659801678108314,0.565828794861053,"{0: 0.5684832192896709, 1: 0.5684832192896709}","{0: 0.5684832192896709, 1: 0.5684832192896709}",0.5684832192896709,"[[354 297]
 [272 388]]",[1. 1. 0. ... 1. 0. 0.],[1. 1. 1. ... 1. 0. 0.]
416,AdaBoost,"{'algorithm': 'SAMME', 'learning_rate': 0.9979591836734693, 'n_estimators': 85}",0.5759248330349722,0.09969966847775258,0.1626379245674398,0.19347140861475928,0.5820717975960675,0.09667518842057837,0.5657653771872679,0.13169207130759697,0.5659801678108314,0.565828794861053,"{0: 0.5684832192896709, 1: 0.5684832192896709}","{0: 0.5684832192896709, 1: 0.5684832192896709}",0.5684832192896709,"[[354 297]
 [272 388]]",[1. 1. 0. ... 1. 0. 0.],[1. 1. 1. ... 1. 0. 0.]
816,AdaBoost,"{'algorithm': 'SAMME', 'learning_rate': 0.9979591836734693, 'n_estimators': 85}",0.5759248330349722,0.09969966847775258,0.1626379245674398,0.19347140861475928,0.5820717975960675,0.09667518842057837,0.5657653771872679,0.13169207130759697,0.5659801678108314,0.565828794861053,"{0: 0.5684832192896709, 1: 0.5684832192896709}","{0: 0.5684832192896709, 1: 0.5684832192896709}",0.5684832192896709,"[[354 297]
 [272 388]]",[1. 1. 0. ... 1. 0. 0.],[1. 1. 1. ... 1. 0. 0.]
429,AdaBoost,"{'algorithm': 'SAMME', 'learning_rate': 0.9979591836734693, 'n_estimators': 85}",0.5759248330349722,0.09969966847775258,0.1626379245674398,0.19347140861475928,0.5820717975960675,0.09667518842057837,0.5657653771872679,0.13169207130759697,0.5659801678108314,0.565828794861053,"{0: 0.5684832192896709, 1: 0.5684832192896709}","{0: 0.5684832192896709, 1: 0.5684832192896709}",0.5684832192896709,"[[354 297]
 [272 388]]",[1. 1. 0. ... 1. 0. 0.],[1. 1. 1. ... 1. 0. 0.]
813,AdaBoost,"{'algorithm': 'SAMME', 'learning_rate': 0.9979591836734693, 'n_estimators': 85}",0.5759248330349722,0.09969966847775258,0.1626379245674398,0.19347140861475928,0.5820717975960675,0.09667518842057837,0.5657653771872679,0.13169207130759697,0.5659801678108314,0.565828794861053,"{0: 0.5684832192896709, 1: 0.5684832192896709}","{0: 0.5684832192896709, 1: 0.5684832192896709}",0.5684832192896709,"[[354 297]
 [272 388]]",[1. 1. 0. ... 1. 0. 0.],[1. 1. 1. ... 1. 0. 0.]
278,AdaBoost,"{'algorithm': 'SAMME', 'learning_rate': 0.9979591836734693, 'n_estimators': 85}",0.5759248330349722,0.09969966847775258,0.1626379245674398,0.19347140861475928,0.5820717975960675,0.09667518842057837,0.5657653771872679,0.13169207130759697,0.5659801678108314,0.565828794861053,"{0: 0.5684832192896709, 1: 0.5684832192896709}","{0: 0.5684832192896709, 1: 0.5684832192896709}",0.5684832192896709,"[[354 297]
 [272 388]]",[1. 1. 0. ... 1. 0. 0.],[1. 1. 1. ... 1. 0. 0.]
261,AdaBoost,"{'algorithm': 'SAMME', 'learning_rate': 0.9979591836734693, 'n_estimators': 85}",0.5759248330349722,0.09969966847775258,0.1626379245674398,0.19347140861475928,0.5820717975960675,0.09667518842057837,0.5657653771872679,0.13169207130759697,0.5659801678108314,0.565828794861053,"{0: 0.5684832192896709, 1: 0.5684832192896709}","{0: 0.5684832192896709, 1: 0.5684832192896709}",0.5684832192896709,"[[354 297]
 [272 388]]",[1. 1. 0. ... 1. 0. 0.],[1. 1. 1. ... 1. 0. 0.]
259,AdaBoost,"{'algorithm': 'SAMME', 'learning_rate': 0.9979591836734693, 'n_estimators': 85}",0.5759248330349722,0.09969966847775258,0.1626379245674398,0.19347140861475928,0.5820717975960675,0.09667518842057837,0.5657653771872679,0.13169207130759697,0.5659801678108314,0.565828794861053,"{0: 0.5684832192896709, 1: 0.5684832192896709}","{0: 0.5684832192896709, 1: 0.5684832192896709}",0.5684832192896709,"[[354 297]
 [272 388]]",[1. 1. 0. ... 1. 0. 0.],[1. 1. 1. ... 1. 0. 0.]
182,AdaBoost,"{'algorithm': 'SAMME', 'learning_rate': 0.9979591836734693, 'n_estimators': 85}",0.5759248330349722,0.09969966847775258,0.1626379245674398,0.19347140861475928,0.5820717975960675,0.09667518842057837,0.5657653771872679,0.13169207130759697,0.5659801678108314,0.565828794861053,"{0: 0.5684832192896709, 1: 0.5684832192896709}","{0: 0.5684832192896709, 1: 0.5684832192896709}",0.5684832192896709,"[[354 297]
 [272 388]]",[1. 1. 0. ... 1. 0. 0.],[1. 1. 1. ... 1. 0. 0.]
938,AdaBoost,"{'algorithm': 'SAMME', 'learning_rate': 0.9979591836734693, 'n_estimators': 85}",0.5759248330349722,0.09969966847775258,0.1626379245674398,0.19347140861475928,0.5820717975960675,0.09667518842057837,0.5657653771872679,0.13169207130759697,0.5659801678108314,0.565828794861053,"{0: 0.5684832192896709, 1: 0.5684832192896709}","{0: 0.5684832192896709, 1: 0.5684832192896709}",0.5684832192896709,"[[354 297]
 [272 388]]",[1. 1. 0. ... 1. 0. 0.],[1. 1. 1. ... 1. 0. 0.]
922,AdaBoost,"{'algorithm': 'SAMME', 'learning_rate': 0.9979591836734693, 'n_estimators': 85}",0.5759248330349722,0.09969966847775258,0.1626379245674398,0.19347140861475928,0.5820717975960675,0.09667518842057837,0.5657653771872679,0.13169207130759697,0.5659801678108314,0.565828794861053,"{0: 0.5684832192896709, 1: 0.5684832192896709}","{0: 0.5684832192896709, 1: 0.5684832192896709}",0.5684832192896709,"[[354 297]
 [272 388]]",[1. 1. 0. ... 1. 0. 0.],[1. 1. 1. ... 1. 0. 0.]
918,AdaBoost,"{'algorithm': 'SAMME', 'learning_rate': 0.9979591836734693, 'n_estimators': 85}",0.5759248330349722,0.09969966847775258,0.1626379245674398,0.19347140861475928,0.5820717975960675,0.09667518842057837,0.5657653771872679,0.13169207130759697,0.5659801678108314,0.565828794861053,"{0: 0.5684832192896709, 1: 0.5684832192896709}","{0: 0.5684832192896709, 1: 0.5684832192896709}",0.5684832192896709,"[[354 297]
 [272 388]]",[1. 1. 0. ... 1. 0. 0.],[1. 1. 1. ... 1. 0. 0.]
171,AdaBoost,"{'algorithm': 'SAMME', 'learning_rate': 0.9979591836734693, 'n_estimators': 85}",0.5759248330349722,0.09969966847775258,0.1626379245674398,0.19347140861475928,0.5820717975960675,0.09667518842057837,0.5657653771872679,0.13169207130759697,0.5659801678108314,0.565828794861053,"{0: 0.5684832192896709, 1: 0.5684832192896709}","{0: 0.5684832192896709, 1: 0.5684832192896709}",0.5684832192896709,"[[354 297]
 [272 388]]",[1. 1. 0. ... 1. 0. 0.],[1. 1. 1. ... 1. 0. 0.]
172,AdaBoost,"{'algorithm': 'SAMME', 'learning_rate': 0.9979591836734693, 'n_estimators': 85}",0.5759248330349722,0.09969966847775258,0.1626379245674398,0.19347140861475928,0.5820717975960675,0.09667518842057837,0.5657653771872679,0.13169207130759697,0.5659801678108314,0.565828794861053,"{0: 0.5684832192896709, 1: 0.5684832192896709}","{0: 0.5684832192896709, 1: 0.5684832192896709}",0.5684832192896709,"[[354 297]
 [272 388]]",[1. 1. 0. ... 1. 0. 0.],[1. 1. 1. ... 1. 0. 0.]
178,AdaBoost,"{'algorithm': 'SAMME', 'learning_rate': 0.9979591836734693, 'n_estimators': 85}",0.5759248330349722,0.09969966847775258,0.1626379245674398,0.19347140861475928,0.5820717975960675,0.09667518842057837,0.5657653771872679,0.13169207130759697,0.5659801678108314,0.565828794861053,"{0: 0.5684832192896709, 1: 0.5684832192896709}","{0: 0.5684832192896709, 1: 0.5684832192896709}",0.5684832192896709,"[[354 297]
 [272 388]]",[1. 1. 0. ... 1. 0. 0.],[1. 1. 1. ... 1. 0. 0.]
181,AdaBoost,"{'algorithm': 'SAMME', 'learning_rate': 0.9979591836734693, 'n_estimators': 85}",0.5759248330349722,0.09969966847775258,0.1626379245674398,0.19347140861475928,0.5820717975960675,0.09667518842057837,0.5657653771872679,0.13169207130759697,0.5659801678108314,0.565828794861053,"{0: 0.5684832192896709, 1: 0.5684832192896709}","{0: 0.5684832192896709, 1: 0.5684832192896709}",0.5684832192896709,"[[354 297]
 [272 388]]",[1. 1. 0. ... 1. 0. 0.],[1. 1. 1. ... 1. 0. 0.]
189,AdaBoost,"{'algorithm': 'SAMME', 'learning_rate': 0.9979591836734693, 'n_estimators': 85}",0.5759248330349722,0.09969966847775258,0.1626379245674398,0.19347140861475928,0.5820717975960675,0.09667518842057837,0.5657653771872679,0.13169207130759697,0.5659801678108314,0.565828794861053,"{0: 0.5684832192896709, 1: 0.5684832192896709}","{0: 0.5684832192896709, 1: 0.5684832192896709}",0.5684832192896709,"[[354 297]
 [272 388]]",[1. 1. 0. ... 1. 0. 0.],[1. 1. 1. ... 1. 0. 0.]
258,AdaBoost,"{'algorithm': 'SAMME', 'learning_rate': 0.9979591836734693, 'n_estimators': 85}",0.5759248330349722,0.09969966847775258,0.1626379245674398,0.19347140861475928,0.5820717975960675,0.09667518842057837,0.5657653771872679,0.13169207130759697,0.5659801678108314,0.565828794861053,"{0: 0.5684832192896709, 1: 0.5684832192896709}","{0: 0.5684832192896709, 1: 0.5684832192896709}",0.5684832192896709,"[[354 297]
 [272 388]]",[1. 1. 0. ... 1. 0. 0.],[1. 1. 1. ... 1. 0. 0.]
192,AdaBoost,"{'algorithm': 'SAMME', 'learning_rate': 0.9979591836734693, 'n_estimators': 85}",0.5759248330349722,0.09969966847775258,0.1626379245674398,0.19347140861475928,0.5820717975960675,0.09667518842057837,0.5657653771872679,0.13169207130759697,0.5659801678108314,0.565828794861053,"{0: 0.5684832192896709, 1: 0.5684832192896709}","{0: 0.5684832192896709, 1: 0.5684832192896709}",0.5684832192896709,"[[354 297]
 [272 388]]",[1. 1. 0. ... 1. 0. 0.],[1. 1. 1. ... 1. 0. 0.]
195,AdaBoost,"{'algorithm': 'SAMME', 'learning_rate': 0.9979591836734693, 'n_estimators': 85}",0.5759248330349722,0.09969966847775258,0.1626379245674398,0.19347140861475928,0.5820717975960675,0.09667518842057837,0.5657653771872679,0.13169207130759697,0.5659801678108314,0.565828794861053,"{0: 0.5684832192896709, 1: 0.5684832192896709}","{0: 0.5684832192896709, 1: 0.5684832192896709}",0.5684832192896709,"[[354 297]
 [272 388]]",[1. 1. 0. ... 1. 0. 0.],[1. 1. 1. ... 1. 0. 0.]
902,AdaBoost,"{'algorithm': 'SAMME', 'learning_rate': 0.9979591836734693, 'n_estimators': 85}",0.5759248330349722,0.09969966847775258,0.1626379245674398,0.19347140861475928,0.5820717975960675,0.09667518842057837,0.5657653771872679,0.13169207130759697,0.5659801678108314,0.565828794861053,"{0: 0.5684832192896709, 1: 0.5684832192896709}","{0: 0.5684832192896709, 1: 0.5684832192896709}",0.5684832192896709,"[[354 297]
 [272 388]]",[1. 1. 0. ... 1. 0. 0.],[1. 1. 1. ... 1. 0. 0.]
204,AdaBoost,"{'algorithm': 'SAMME', 'learning_rate': 0.9979591836734693, 'n_estimators': 85}",0.5759248330349722,0.09969966847775258,0.1626379245674398,0.19347140861475928,0.5820717975960675,0.09667518842057837,0.5657653771872679,0.13169207130759697,0.5659801678108314,0.565828794861053,"{0: 0.5684832192896709, 1: 0.5684832192896709}","{0: 0.5684832192896709, 1: 0.5684832192896709}",0.5684832192896709,"[[354 297]
 [272 388]]",[1. 1. 0. ... 1. 0. 0.],[1. 1. 1. ... 1. 0. 0.]
898,AdaBoost,"{'algorithm': 'SAMME', 'learning_rate': 0.9979591836734693, 'n_estimators': 85}",0.5759248330349722,0.09969966847775258,0.1626379245674398,0.19347140861475928,0.5820717975960675,0.09667518842057837,0.5657653771872679,0.13169207130759697,0.5659801678108314,0.565828794861053,"{0: 0.5684832192896709, 1: 0.5684832192896709}","{0: 0.5684832192896709, 1: 0.5684832192896709}",0.5684832192896709,"[[354 297]
 [272 388]]",[1. 1. 0. ... 1. 0. 0.],[1. 1. 1. ... 1. 0. 0.]
882,AdaBoost,"{'algorithm': 'SAMME', 'learning_rate': 0.9979591836734693, 'n_estimators': 85}",0.5759248330349722,0.09969966847775258,0.1626379245674398,0.19347140861475928,0.5820717975960675,0.09667518842057837,0.5657653771872679,0.13169207130759697,0.5659801678108314,0.565828794861053,"{0: 0.5684832192896709, 1: 0.5684832192896709}","{0: 0.5684832192896709, 1: 0.5684832192896709}",0.5684832192896709,"[[354 297]
 [272 388]]",[1. 1. 0. ... 1. 0. 0.],[1. 1. 1. ... 1. 0. 0.]
257,AdaBoost,"{'algorithm': 'SAMME', 'learning_rate': 0.9979591836734693, 'n_estimators': 85}",0.5759248330349722,0.09969966847775258,0.1626379245674398,0.19347140861475928,0.5820717975960675,0.09667518842057837,0.5657653771872679,0.13169207130759697,0.5659801678108314,0.565828794861053,"{0: 0.5684832192896709, 1: 0.5684832192896709}","{0: 0.5684832192896709, 1: 0.5684832192896709}",0.5684832192896709,"[[354 297]
 [272 388]]",[1. 1. 0. ... 1. 0. 0.],[1. 1. 1. ... 1. 0. 0.]
455,AdaBoost,"{'algorithm': 'SAMME', 'learning_rate': 0.9979591836734693, 'n_estimators': 85}",0.5759248330349722,0.09969966847775258,0.1626379245674398,0.19347140861475928,0.5820717975960675,0.09667518842057837,0.5657653771872679,0.13169207130759697,0.5659801678108314,0.565828794861053,"{0: 0.5684832192896709, 1: 0.5684832192896709}","{0: 0.5684832192896709, 1: 0.5684832192896709}",0.5684832192896709,"[[354 297]
 [272 388]]",[1. 1. 0. ... 1. 0. 0.],[1. 1. 1. ... 1. 0. 0.]
467,AdaBoost,"{'algorithm': 'SAMME', 'learning_rate': 0.9979591836734693, 'n_estimators': 85}",0.5759248330349722,0.09969966847775258,0.1626379245674398,0.19347140861475928,0.5820717975960675,0.09667518842057837,0.5657653771872679,0.13169207130759697,0.5659801678108314,0.565828794861053,"{0: 0.5684832192896709, 1: 0.5684832192896709}","{0: 0.5684832192896709, 1: 0.5684832192896709}",0.5684832192896709,"[[354 297]
 [272 388]]",[1. 1. 0. ... 1. 0. 0.],[1. 1. 1. ... 1. 0. 0.]
951,AdaBoost,"{'algorithm': 'SAMME', 'learning_rate': 0.9979591836734693, 'n_estimators': 85}",0.5759248330349722,0.09969966847775258,0.1626379245674398,0.19347140861475928,0.5820717975960675,0.09667518842057837,0.5657653771872679,0.13169207130759697,0.5659801678108314,0.565828794861053,"{0: 0.5684832192896709, 1: 0.5684832192896709}","{0: 0.5684832192896709, 1: 0.5684832192896709}",0.5684832192896709,"[[354 297]
 [272 388]]",[1. 1. 0. ... 1. 0. 0.],[1. 1. 1. ... 1. 0. 0.]
477,AdaBoost,"{'algorithm': 'SAMME', 'learning_rate': 0.9979591836734693, 'n_estimators': 85}",0.5759248330349722,0.09969966847775258,0.1626379245674398,0.19347140861475928,0.5820717975960675,0.09667518842057837,0.5657653771872679,0.13169207130759697,0.5659801678108314,0.565828794861053,"{0: 0.5684832192896709, 1: 0.5684832192896709}","{0: 0.5684832192896709, 1: 0.5684832192896709}",0.5684832192896709,"[[354 297]
 [272 388]]",[1. 1. 0. ... 1. 0. 0.],[1. 1. 1. ... 1. 0. 0.]
590,AdaBoost,"{'algorithm': 'SAMME', 'learning_rate': 0.9979591836734693, 'n_estimators': 85}",0.5759248330349722,0.09969966847775258,0.1626379245674398,0.19347140861475928,0.5820717975960675,0.09667518842057837,0.5657653771872679,0.13169207130759697,0.5659801678108314,0.565828794861053,"{0: 0.5684832192896709, 1: 0.5684832192896709}","{0: 0.5684832192896709, 1: 0.5684832192896709}",0.5684832192896709,"[[354 297]
 [272 388]]",[1. 1. 0. ... 1. 0. 0.],[1. 1. 1. ... 1. 0. 0.]
591,AdaBoost,"{'algorithm': 'SAMME', 'learning_rate': 0.9979591836734693, 'n_estimators': 85}",0.5759248330349722,0.09969966847775258,0.1626379245674398,0.19347140861475928,0.5820717975960675,0.09667518842057837,0.5657653771872679,0.13169207130759697,0.5659801678108314,0.565828794861053,"{0: 0.5684832192896709, 1: 0.5684832192896709}","{0: 0.5684832192896709, 1: 0.5684832192896709}",0.5684832192896709,"[[354 297]
 [272 388]]",[1. 1. 0. ... 1. 0. 0.],[1. 1. 1. ... 1. 0. 0.]
598,AdaBoost,"{'algorithm': 'SAMME', 'learning_rate': 0.9979591836734693, 'n_estimators': 85}",0.5759248330349722,0.09969966847775258,0.1626379245674398,0.19347140861475928,0.5820717975960675,0.09667518842057837,0.5657653771872679,0.13169207130759697,0.5659801678108314,0.565828794861053,"{0: 0.5684832192896709, 1: 0.5684832192896709}","{0: 0.5684832192896709, 1: 0.5684832192896709}",0.5684832192896709,"[[354 297]
 [272 388]]",[1. 1. 0. ... 1. 0. 0.],[1. 1. 1. ... 1. 0. 0.]
612,AdaBoost,"{'algorithm': 'SAMME', 'learning_rate': 0.9979591836734693, 'n_estimators': 85}",0.5759248330349722,0.09969966847775258,0.1626379245674398,0.19347140861475928,0.5820717975960675,0.09667518842057837,0.5657653771872679,0.13169207130759697,0.5659801678108314,0.565828794861053,"{0: 0.5684832192896709, 1: 0.5684832192896709}","{0: 0.5684832192896709, 1: 0.5684832192896709}",0.5684832192896709,"[[354 297]
 [272 388]]",[1. 1. 0. ... 1. 0. 0.],[1. 1. 1. ... 1. 0. 0.]
622,AdaBoost,"{'algorithm': 'SAMME', 'learning_rate': 0.9979591836734693, 'n_estimators': 85}",0.5759248330349722,0.09969966847775258,0.1626379245674398,0.19347140861475928,0.5820717975960675,0.09667518842057837,0.5657653771872679,0.13169207130759697,0.5659801678108314,0.565828794861053,"{0: 0.5684832192896709, 1: 0.5684832192896709}","{0: 0.5684832192896709, 1: 0.5684832192896709}",0.5684832192896709,"[[354 297]
 [272 388]]",[1. 1. 0. ... 1. 0. 0.],[1. 1. 1. ... 1. 0. 0.]
754,AdaBoost,"{'algorithm': 'SAMME', 'learning_rate': 0.9979591836734693, 'n_estimators': 85}",0.5759248330349722,0.09969966847775258,0.1626379245674398,0.19347140861475928,0.5820717975960675,0.09667518842057837,0.5657653771872679,0.13169207130759697,0.5659801678108314,0.565828794861053,"{0: 0.5684832192896709, 1: 0.5684832192896709}","{0: 0.5684832192896709, 1: 0.5684832192896709}",0.5684832192896709,"[[354 297]
 [272 388]]",[1. 1. 0. ... 1. 0. 0.],[1. 1. 1. ... 1. 0. 0.]
642,AdaBoost,"{'algorithm': 'SAMME', 'learning_rate': 0.9979591836734693, 'n_estimators': 85}",0.5759248330349722,0.09969966847775258,0.1626379245674398,0.19347140861475928,0.5820717975960675,0.09667518842057837,0.5657653771872679,0.13169207130759697,0.5659801678108314,0.565828794861053,"{0: 0.5684832192896709, 1: 0.5684832192896709}","{0: 0.5684832192896709, 1: 0.5684832192896709}",0.5684832192896709,"[[354 297]
 [272 388]]",[1. 1. 0. ... 1. 0. 0.],[1. 1. 1. ... 1. 0. 0.]
644,AdaBoost,"{'algorithm': 'SAMME', 'learning_rate': 0.9979591836734693, 'n_estimators': 85}",0.5759248330349722,0.09969966847775258,0.1626379245674398,0.19347140861475928,0.5820717975960675,0.09667518842057837,0.5657653771872679,0.13169207130759697,0.5659801678108314,0.565828794861053,"{0: 0.5684832192896709, 1: 0.5684832192896709}","{0: 0.5684832192896709, 1: 0.5684832192896709}",0.5684832192896709,"[[354 297]
 [272 388]]",[1. 1. 0. ... 1. 0. 0.],[1. 1. 1. ... 1. 0. 0.]
745,AdaBoost,"{'algorithm': 'SAMME', 'learning_rate': 0.9979591836734693, 'n_estimators': 85}",0.5759248330349722,0.09969966847775258,0.1626379245674398,0.19347140861475928,0.5820717975960675,0.09667518842057837,0.5657653771872679,0.13169207130759697,0.5659801678108314,0.565828794861053,"{0: 0.5684832192896709, 1: 0.5684832192896709}","{0: 0.5684832192896709, 1: 0.5684832192896709}",0.5684832192896709,"[[354 297]
 [272 388]]",[1. 1. 0. ... 1. 0. 0.],[1. 1. 1. ... 1. 0. 0.]
741,AdaBoost,"{'algorithm': 'SAMME', 'learning_rate': 0.9979591836734693, 'n_estimators': 85}",0.5759248330349722,0.09969966847775258,0.1626379245674398,0.19347140861475928,0.5820717975960675,0.09667518842057837,0.5657653771872679,0.13169207130759697,0.5659801678108314,0.565828794861053,"{0: 0.5684832192896709, 1: 0.5684832192896709}","{0: 0.5684832192896709, 1: 0.5684832192896709}",0.5684832192896709,"[[354 297]
 [272 388]]",[1. 1. 0. ... 1. 0. 0.],[1. 1. 1. ... 1. 0. 0.]
664,AdaBoost,"{'algorithm': 'SAMME', 'learning_rate': 0.9979591836734693, 'n_estimators': 85}",0.5759248330349722,0.09969966847775258,0.1626379245674398,0.19347140861475928,0.5820717975960675,0.09667518842057837,0.5657653771872679,0.13169207130759697,0.5659801678108314,0.565828794861053,"{0: 0.5684832192896709, 1: 0.5684832192896709}","{0: 0.5684832192896709, 1: 0.5684832192896709}",0.5684832192896709,"[[354 297]
 [272 388]]",[1. 1. 0. ... 1. 0. 0.],[1. 1. 1. ... 1. 0. 0.]
669,AdaBoost,"{'algorithm': 'SAMME', 'learning_rate': 0.9979591836734693, 'n_estimators': 85}",0.5759248330349722,0.09969966847775258,0.1626379245674398,0.19347140861475928,0.5820717975960675,0.09667518842057837,0.5657653771872679,0.13169207130759697,0.5659801678108314,0.565828794861053,"{0: 0.5684832192896709, 1: 0.5684832192896709}","{0: 0.5684832192896709, 1: 0.5684832192896709}",0.5684832192896709,"[[354 297]
 [272 388]]",[1. 1. 0. ... 1. 0. 0.],[1. 1. 1. ... 1. 0. 0.]
680,AdaBoost,"{'algorithm': 'SAMME', 'learning_rate': 0.9979591836734693, 'n_estimators': 85}",0.5759248330349722,0.09969966847775258,0.1626379245674398,0.19347140861475928,0.5820717975960675,0.09667518842057837,0.5657653771872679,0.13169207130759697,0.5659801678108314,0.565828794861053,"{0: 0.5684832192896709, 1: 0.5684832192896709}","{0: 0.5684832192896709, 1: 0.5684832192896709}",0.5684832192896709,"[[354 297]
 [272 388]]",[1. 1. 0. ... 1. 0. 0.],[1. 1. 1. ... 1. 0. 0.]
726,AdaBoost,"{'algorithm': 'SAMME', 'learning_rate': 0.9979591836734693, 'n_estimators': 85}",0.5759248330349722,0.09969966847775258,0.1626379245674398,0.19347140861475928,0.5820717975960675,0.09667518842057837,0.5657653771872679,0.13169207130759697,0.5659801678108314,0.565828794861053,"{0: 0.5684832192896709, 1: 0.5684832192896709}","{0: 0.5684832192896709, 1: 0.5684832192896709}",0.5684832192896709,"[[354 297]
 [272 388]]",[1. 1. 0. ... 1. 0. 0.],[1. 1. 1. ... 1. 0. 0.]
695,AdaBoost,"{'algorithm': 'SAMME', 'learning_rate': 0.9979591836734693, 'n_estimators': 85}",0.5759248330349722,0.09969966847775258,0.1626379245674398,0.19347140861475928,0.5820717975960675,0.09667518842057837,0.5657653771872679,0.13169207130759697,0.5659801678108314,0.565828794861053,"{0: 0.5684832192896709, 1: 0.5684832192896709}","{0: 0.5684832192896709, 1: 0.5684832192896709}",0.5684832192896709,"[[354 297]
 [272 388]]",[1. 1. 0. ... 1. 0. 0.],[1. 1. 1. ... 1. 0. 0.]
711,AdaBoost,"{'algorithm': 'SAMME', 'learning_rate': 0.9979591836734693, 'n_estimators': 85}",0.5759248330349722,0.09969966847775258,0.1626379245674398,0.19347140861475928,0.5820717975960675,0.09667518842057837,0.5657653771872679,0.13169207130759697,0.5659801678108314,0.565828794861053,"{0: 0.5684832192896709, 1: 0.5684832192896709}","{0: 0.5684832192896709, 1: 0.5684832192896709}",0.5684832192896709,"[[354 297]
 [272 388]]",[1. 1. 0. ... 1. 0. 0.],[1. 1. 1. ... 1. 0. 0.]
712,AdaBoost,"{'algorithm': 'SAMME', 'learning_rate': 0.9979591836734693, 'n_estimators': 85}",0.5759248330349722,0.09969966847775258,0.1626379245674398,0.19347140861475928,0.5820717975960675,0.09667518842057837,0.5657653771872679,0.13169207130759697,0.5659801678108314,0.565828794861053,"{0: 0.5684832192896709, 1: 0.5684832192896709}","{0: 0.5684832192896709, 1: 0.5684832192896709}",0.5684832192896709,"[[354 297]
 [272 388]]",[1. 1. 0. ... 1. 0. 0.],[1. 1. 1. ... 1. 0. 0.]
585,AdaBoost,"{'algorithm': 'SAMME', 'learning_rate': 0.9979591836734693, 'n_estimators': 85}",0.5759248330349722,0.09969966847775258,0.1626379245674398,0.19347140861475928,0.5820717975960675,0.09667518842057837,0.5657653771872679,0.13169207130759697,0.5659801678108314,0.565828794861053,"{0: 0.5684832192896709, 1: 0.5684832192896709}","{0: 0.5684832192896709, 1: 0.5684832192896709}",0.5684832192896709,"[[354 297]
 [272 388]]",[1. 1. 0. ... 1. 0. 0.],[1. 1. 1. ... 1. 0. 0.]
582,AdaBoost,"{'algorithm': 'SAMME', 'learning_rate': 0.9979591836734693, 'n_estimators': 85}",0.5759248330349722,0.09969966847775258,0.1626379245674398,0.19347140861475928,0.5820717975960675,0.09667518842057837,0.5657653771872679,0.13169207130759697,0.5659801678108314,0.565828794861053,"{0: 0.5684832192896709, 1: 0.5684832192896709}","{0: 0.5684832192896709, 1: 0.5684832192896709}",0.5684832192896709,"[[354 297]
 [272 388]]",[1. 1. 0. ... 1. 0. 0.],[1. 1. 1. ... 1. 0. 0.]
580,AdaBoost,"{'algorithm': 'SAMME', 'learning_rate': 0.9979591836734693, 'n_estimators': 85}",0.5759248330349722,0.09969966847775258,0.1626379245674398,0.19347140861475928,0.5820717975960675,0.09667518842057837,0.5657653771872679,0.13169207130759697,0.5659801678108314,0.565828794861053,"{0: 0.5684832192896709, 1: 0.5684832192896709}","{0: 0.5684832192896709, 1: 0.5684832192896709}",0.5684832192896709,"[[354 297]
 [272 388]]",[1. 1. 0. ... 1. 0. 0.],[1. 1. 1. ... 1. 0. 0.]
787,AdaBoost,"{'algorithm': 'SAMME', 'learning_rate': 0.9979591836734693, 'n_estimators': 85}",0.5759248330349722,0.09969966847775258,0.1626379245674398,0.19347140861475928,0.5820717975960675,0.09667518842057837,0.5657653771872679,0.13169207130759697,0.5659801678108314,0.565828794861053,"{0: 0.5684832192896709, 1: 0.5684832192896709}","{0: 0.5684832192896709, 1: 0.5684832192896709}",0.5684832192896709,"[[354 297]
 [272 388]]",[1. 1. 0. ... 1. 0. 0.],[1. 1. 1. ... 1. 0. 0.]
496,AdaBoost,"{'algorithm': 'SAMME', 'learning_rate': 0.9979591836734693, 'n_estimators': 85}",0.5759248330349722,0.09969966847775258,0.1626379245674398,0.19347140861475928,0.5820717975960675,0.09667518842057837,0.5657653771872679,0.13169207130759697,0.5659801678108314,0.565828794861053,"{0: 0.5684832192896709, 1: 0.5684832192896709}","{0: 0.5684832192896709, 1: 0.5684832192896709}",0.5684832192896709,"[[354 297]
 [272 388]]",[1. 1. 0. ... 1. 0. 0.],[1. 1. 1. ... 1. 0. 0.]
497,AdaBoost,"{'algorithm': 'SAMME', 'learning_rate': 0.9979591836734693, 'n_estimators': 85}",0.5759248330349722,0.09969966847775258,0.1626379245674398,0.19347140861475928,0.5820717975960675,0.09667518842057837,0.5657653771872679,0.13169207130759697,0.5659801678108314,0.565828794861053,"{0: 0.5684832192896709, 1: 0.5684832192896709}","{0: 0.5684832192896709, 1: 0.5684832192896709}",0.5684832192896709,"[[354 297]
 [272 388]]",[1. 1. 0. ... 1. 0. 0.],[1. 1. 1. ... 1. 0. 0.]
794,AdaBoost,"{'algorithm': 'SAMME', 'learning_rate': 0.9979591836734693, 'n_estimators': 85}",0.5759248330349722,0.09969966847775258,0.1626379245674398,0.19347140861475928,0.5820717975960675,0.09667518842057837,0.5657653771872679,0.13169207130759697,0.5659801678108314,0.565828794861053,"{0: 0.5684832192896709, 1: 0.5684832192896709}","{0: 0.5684832192896709, 1: 0.5684832192896709}",0.5684832192896709,"[[354 297]
 [272 388]]",[1. 1. 0. ... 1. 0. 0.],[1. 1. 1. ... 1. 0. 0.]
793,AdaBoost,"{'algorithm': 'SAMME', 'learning_rate': 0.9979591836734693, 'n_estimators': 85}",0.5759248330349722,0.09969966847775258,0.1626379245674398,0.19347140861475928,0.5820717975960675,0.09667518842057837,0.5657653771872679,0.13169207130759697,0.5659801678108314,0.565828794861053,"{0: 0.5684832192896709, 1: 0.5684832192896709}","{0: 0.5684832192896709, 1: 0.5684832192896709}",0.5684832192896709,"[[354 297]
 [272 388]]",[1. 1. 0. ... 1. 0. 0.],[1. 1. 1. ... 1. 0. 0.]
790,AdaBoost,"{'algorithm': 'SAMME', 'learning_rate': 0.9979591836734693, 'n_estimators': 85}",0.5759248330349722,0.09969966847775258,0.1626379245674398,0.19347140861475928,0.5820717975960675,0.09667518842057837,0.5657653771872679,0.13169207130759697,0.5659801678108314,0.565828794861053,"{0: 0.5684832192896709, 1: 0.5684832192896709}","{0: 0.5684832192896709, 1: 0.5684832192896709}",0.5684832192896709,"[[354 297]
 [272 388]]",[1. 1. 0. ... 1. 0. 0.],[1. 1. 1. ... 1. 0. 0.]
789,AdaBoost,"{'algorithm': 'SAMME', 'learning_rate': 0.9979591836734693, 'n_estimators': 85}",0.5759248330349722,0.09969966847775258,0.1626379245674398,0.19347140861475928,0.5820717975960675,0.09667518842057837,0.5657653771872679,0.13169207130759697,0.5659801678108314,0.565828794861053,"{0: 0.5684832192896709, 1: 0.5684832192896709}","{0: 0.5684832192896709, 1: 0.5684832192896709}",0.5684832192896709,"[[354 297]
 [272 388]]",[1. 1. 0. ... 1. 0. 0.],[1. 1. 1. ... 1. 0. 0.]
788,AdaBoost,"{'algorithm': 'SAMME', 'learning_rate': 0.9979591836734693, 'n_estimators': 85}",0.5759248330349722,0.09969966847775258,0.1626379245674398,0.19347140861475928,0.5820717975960675,0.09667518842057837,0.5657653771872679,0.13169207130759697,0.5659801678108314,0.565828794861053,"{0: 0.5684832192896709, 1: 0.5684832192896709}","{0: 0.5684832192896709, 1: 0.5684832192896709}",0.5684832192896709,"[[354 297]
 [272 388]]",[1. 1. 0. ... 1. 0. 0.],[1. 1. 1. ... 1. 0. 0.]
785,AdaBoost,"{'algorithm': 'SAMME', 'learning_rate': 0.9979591836734693, 'n_estimators': 85}",0.5759248330349722,0.09969966847775258,0.1626379245674398,0.19347140861475928,0.5820717975960675,0.09667518842057837,0.5657653771872679,0.13169207130759697,0.5659801678108314,0.565828794861053,"{0: 0.5684832192896709, 1: 0.5684832192896709}","{0: 0.5684832192896709, 1: 0.5684832192896709}",0.5684832192896709,"[[354 297]
 [272 388]]",[1. 1. 0. ... 1. 0. 0.],[1. 1. 1. ... 1. 0. 0.]
579,AdaBoost,"{'algorithm': 'SAMME', 'learning_rate': 0.9979591836734693, 'n_estimators': 85}",0.5759248330349722,0.09969966847775258,0.1626379245674398,0.19347140861475928,0.5820717975960675,0.09667518842057837,0.5657653771872679,0.13169207130759697,0.5659801678108314,0.565828794861053,"{0: 0.5684832192896709, 1: 0.5684832192896709}","{0: 0.5684832192896709, 1: 0.5684832192896709}",0.5684832192896709,"[[354 297]
 [272 388]]",[1. 1. 0. ... 1. 0. 0.],[1. 1. 1. ... 1. 0. 0.]
534,AdaBoost,"{'algorithm': 'SAMME', 'learning_rate': 0.9979591836734693, 'n_estimators': 85}",0.5759248330349722,0.09969966847775258,0.1626379245674398,0.19347140861475928,0.5820717975960675,0.09667518842057837,0.5657653771872679,0.13169207130759697,0.5659801678108314,0.565828794861053,"{0: 0.5684832192896709, 1: 0.5684832192896709}","{0: 0.5684832192896709, 1: 0.5684832192896709}",0.5684832192896709,"[[354 297]
 [272 388]]",[1. 1. 0. ... 1. 0. 0.],[1. 1. 1. ... 1. 0. 0.]
772,AdaBoost,"{'algorithm': 'SAMME', 'learning_rate': 0.9979591836734693, 'n_estimators': 85}",0.5759248330349722,0.09969966847775258,0.1626379245674398,0.19347140861475928,0.5820717975960675,0.09667518842057837,0.5657653771872679,0.13169207130759697,0.5659801678108314,0.565828794861053,"{0: 0.5684832192896709, 1: 0.5684832192896709}","{0: 0.5684832192896709, 1: 0.5684832192896709}",0.5684832192896709,"[[354 297]
 [272 388]]",[1. 1. 0. ... 1. 0. 0.],[1. 1. 1. ... 1. 0. 0.]
551,AdaBoost,"{'algorithm': 'SAMME', 'learning_rate': 0.9979591836734693, 'n_estimators': 85}",0.5759248330349722,0.09969966847775258,0.1626379245674398,0.19347140861475928,0.5820717975960675,0.09667518842057837,0.5657653771872679,0.13169207130759697,0.5659801678108314,0.565828794861053,"{0: 0.5684832192896709, 1: 0.5684832192896709}","{0: 0.5684832192896709, 1: 0.5684832192896709}",0.5684832192896709,"[[354 297]
 [272 388]]",[1. 1. 0. ... 1. 0. 0.],[1. 1. 1. ... 1. 0. 0.]
770,AdaBoost,"{'algorithm': 'SAMME', 'learning_rate': 0.9979591836734693, 'n_estimators': 85}",0.5759248330349722,0.09969966847775258,0.1626379245674398,0.19347140861475928,0.5820717975960675,0.09667518842057837,0.5657653771872679,0.13169207130759697,0.5659801678108314,0.565828794861053,"{0: 0.5684832192896709, 1: 0.5684832192896709}","{0: 0.5684832192896709, 1: 0.5684832192896709}",0.5684832192896709,"[[354 297]
 [272 388]]",[1. 1. 0. ... 1. 0. 0.],[1. 1. 1. ... 1. 0. 0.]
565,AdaBoost,"{'algorithm': 'SAMME', 'learning_rate': 0.9979591836734693, 'n_estimators': 85}",0.5759248330349722,0.09969966847775258,0.1626379245674398,0.19347140861475928,0.5820717975960675,0.09667518842057837,0.5657653771872679,0.13169207130759697,0.5659801678108314,0.565828794861053,"{0: 0.5684832192896709, 1: 0.5684832192896709}","{0: 0.5684832192896709, 1: 0.5684832192896709}",0.5684832192896709,"[[354 297]
 [272 388]]",[1. 1. 0. ... 1. 0. 0.],[1. 1. 1. ... 1. 0. 0.]
577,AdaBoost,"{'algorithm': 'SAMME', 'learning_rate': 0.9979591836734693, 'n_estimators': 85}",0.5759248330349722,0.09969966847775258,0.1626379245674398,0.19347140861475928,0.5820717975960675,0.09667518842057837,0.5657653771872679,0.13169207130759697,0.5659801678108314,0.565828794861053,"{0: 0.5684832192896709, 1: 0.5684832192896709}","{0: 0.5684832192896709, 1: 0.5684832192896709}",0.5684832192896709,"[[354 297]
 [272 388]]",[1. 1. 0. ... 1. 0. 0.],[1. 1. 1. ... 1. 0. 0.]
578,AdaBoost,"{'algorithm': 'SAMME', 'learning_rate': 0.9979591836734693, 'n_estimators': 85}",0.5759248330349722,0.09969966847775258,0.1626379245674398,0.19347140861475928,0.5820717975960675,0.09667518842057837,0.5657653771872679,0.13169207130759697,0.5659801678108314,0.565828794861053,"{0: 0.5684832192896709, 1: 0.5684832192896709}","{0: 0.5684832192896709, 1: 0.5684832192896709}",0.5684832192896709,"[[354 297]
 [272 388]]",[1. 1. 0. ... 1. 0. 0.],[1. 1. 1. ... 1. 0. 0.]
947,AdaBoost,"{'algorithm': 'SAMME', 'learning_rate': 0.9979591836734693, 'n_estimators': 85}",0.5759248330349722,0.09969966847775258,0.1626379245674398,0.19347140861475928,0.5820717975960675,0.09667518842057837,0.5657653771872679,0.13169207130759697,0.5659801678108314,0.565828794861053,"{0: 0.5684832192896709, 1: 0.5684832192896709}","{0: 0.5684832192896709, 1: 0.5684832192896709}",0.5684832192896709,"[[354 297]
 [272 388]]",[1. 1. 0. ... 1. 0. 0.],[1. 1. 1. ... 1. 0. 0.]
839,AdaBoost,"{'algorithm': 'SAMME', 'learning_rate': 0.9979591836734693, 'n_estimators': 85}",0.5759248330349722,0.09969966847775258,0.1626379245674398,0.19347140861475928,0.5820717975960675,0.09667518842057837,0.5657653771872679,0.13169207130759697,0.5659801678108314,0.565828794861053,"{0: 0.5684832192896709, 1: 0.5684832192896709}","{0: 0.5684832192896709, 1: 0.5684832192896709}",0.5684832192896709,"[[354 297]
 [272 388]]",[1. 1. 0. ... 1. 0. 0.],[1. 1. 1. ... 1. 0. 0.]
976,AdaBoost,"{'algorithm': 'SAMME', 'learning_rate': 0.9979591836734693, 'n_estimators': 85}",0.5759248330349722,0.09969966847775258,0.1626379245674398,0.19347140861475928,0.5820717975960675,0.09667518842057837,0.5657653771872679,0.13169207130759697,0.5659801678108314,0.565828794861053,"{0: 0.5684832192896709, 1: 0.5684832192896709}","{0: 0.5684832192896709, 1: 0.5684832192896709}",0.5684832192896709,"[[354 297]
 [272 388]]",[1. 1. 0. ... 1. 0. 0.],[1. 1. 1. ... 1. 0. 0.]
266,AdaBoost,"{'algorithm': 'SAMME', 'learning_rate': 0.9979591836734693, 'n_estimators': 96}",0.5721858608134766,0.09402791149390945,0.15280459355878354,0.18266979670511788,0.5770650070501123,0.09136111035787457,0.5636435954605857,0.12725114346566113,0.5636918382913806,0.5636189079737467,"{0: 0.5683470651212588, 1: 0.5683470651212587}","{0: 0.5683470651212588, 1: 0.5683470651212587}",0.5683470651212587,"[[360 291]
 [281 379]]",[1. 1. 0. ... 1. 0. 0.],[1. 1. 1. ... 1. 0. 0.]
375,AdaBoost,"{'algorithm': 'SAMME', 'learning_rate': 1.7326530612244897, 'n_estimators': 41}",0.5700581073282496,0.107270011582714,0.15184123198498914,0.21050930389028633,0.5760771157282123,0.10506972805882862,0.5613305045260132,0.12264621981068502,0.5614035087719298,0.5613147605083089,"{0: 0.5692117022762184, 1: 0.5692117022762184}","{0: 0.5692117022762184, 1: 0.5692117022762184}",0.5692117022762184,"[[357 294]
 [281 379]]",[0. 0. 0. ... 1. 0. 0.],[1. 1. 1. ... 1. 0. 0.]
994,AdaBoost,"{'algorithm': 'SAMME', 'learning_rate': 0.3448979591836735, 'n_estimators': 41}",0.5657021809440416,0.09531323452806371,0.1517709967963561,0.1887020075962914,0.5760790244085034,0.09405648739394722,0.5676406635830213,0.1387345339877284,0.5690312738367659,0.5694246613601452,"{0: 0.5542498719918074, 1: 0.5542498719918074}","{0: 0.5542498719918074, 1: 0.5542498719918074}",0.5542498719918074,"[[408 243]
 [322 338]]",[1. 1. 0. ... 1. 0. 0.],[1. 1. 1. ... 1. 0. 0.]
576,AdaBoost,"{'algorithm': 'SAMME', 'learning_rate': 1.4877551020408164, 'n_estimators': 52}",0.5695647714244231,0.09775396642442347,0.15153190636415154,0.19176140269295655,0.576185908253616,0.09584263619588314,0.5550812212656893,0.11032772859811779,0.555301296720061,0.5551494204720011,"{0: 0.5733184378345668, 1: 0.5733184378345668}","{0: 0.5733184378345668, 1: 0.5733184378345668}",0.5733184378345668,"[[347 304]
 [279 381]]",[0. 0. 0. ... 1. 0. 0.],[1. 1. 1. ... 1. 0. 0.]
914,AdaBoost,"{'algorithm': 'SAMME', 'learning_rate': 0.26326530612244897, 'n_estimators': 30}",0.5652197769480196,0.09508229980382055,0.1499683163242465,0.18690479455969283,0.575165099849916,0.09311330815412668,0.5639259015623068,0.13108543681192186,0.5652173913043478,0.5655948889819857,"{0: 0.5583728995019318, 1: 0.5583728995019317}","{0: 0.5583728995019318, 1: 0.5583728995019317}",0.5583728995019317,"[[404 247]
 [323 337]]",[1. 1. 0. ... 1. 0. 0.],[1. 1. 1. ... 1. 0. 0.]
128,AdaBoost,"{'algorithm': 'SAMME', 'learning_rate': 0.26326530612244897, 'n_estimators': 63}",0.5628884837021748,0.09743940870879414,0.1499674225788765,0.18696773889485815,0.5748917368191444,0.09368513567369396,0.5652530160882319,0.13586666527166014,0.5675057208237986,0.5680037704231253,"{0: 0.5576711818647303, 1: 0.5576711818647302}","{0: 0.5576711818647303, 1: 0.5576711818647302}",0.5576711818647302,"[[417 234]
 [333 327]]",[1. 1. 0. ... 1. 0. 0.],[1. 1. 1. ... 1. 0. 0.]
130,AdaBoost,"{'algorithm': 'SAMME', 'learning_rate': 0.26326530612244897, 'n_estimators': 63}",0.5628884837021748,0.09743940870879414,0.1499674225788765,0.18696773889485815,0.5748917368191444,0.09368513567369396,0.5652530160882319,0.13586666527166014,0.5675057208237986,0.5680037704231253,"{0: 0.5576711818647303, 1: 0.5576711818647302}","{0: 0.5576711818647303, 1: 0.5576711818647302}",0.5576711818647302,"[[417 234]
 [333 327]]",[1. 1. 0. ... 1. 0. 0.],[1. 1. 1. ... 1. 0. 0.]
125,AdaBoost,"{'algorithm': 'SAMME', 'learning_rate': 0.26326530612244897, 'n_estimators': 63}",0.5628884837021748,0.09743940870879414,0.1499674225788765,0.18696773889485815,0.5748917368191444,0.09368513567369396,0.5652530160882319,0.13586666527166014,0.5675057208237986,0.5680037704231253,"{0: 0.5576711818647303, 1: 0.5576711818647302}","{0: 0.5576711818647303, 1: 0.5576711818647302}",0.5576711818647302,"[[417 234]
 [333 327]]",[1. 1. 0. ... 1. 0. 0.],[1. 1. 1. ... 1. 0. 0.]
131,AdaBoost,"{'algorithm': 'SAMME', 'learning_rate': 0.26326530612244897, 'n_estimators': 63}",0.5628884837021748,0.09743940870879414,0.1499674225788765,0.18696773889485815,0.5748917368191444,0.09368513567369396,0.5652530160882319,0.13586666527166014,0.5675057208237986,0.5680037704231253,"{0: 0.5576711818647303, 1: 0.5576711818647302}","{0: 0.5576711818647303, 1: 0.5576711818647302}",0.5576711818647302,"[[417 234]
 [333 327]]",[1. 1. 0. ... 1. 0. 0.],[1. 1. 1. ... 1. 0. 0.]
649,AdaBoost,"{'algorithm': 'SAMME', 'learning_rate': 0.26326530612244897, 'n_estimators': 63}",0.5628884837021748,0.09743940870879414,0.1499674225788765,0.18696773889485815,0.5748917368191444,0.09368513567369396,0.5652530160882319,0.13586666527166014,0.5675057208237986,0.5680037704231253,"{0: 0.5576711818647303, 1: 0.5576711818647302}","{0: 0.5576711818647303, 1: 0.5576711818647302}",0.5576711818647302,"[[417 234]
 [333 327]]",[1. 1. 0. ... 1. 0. 0.],[1. 1. 1. ... 1. 0. 0.]
136,AdaBoost,"{'algorithm': 'SAMME', 'learning_rate': 0.26326530612244897, 'n_estimators': 63}",0.5628884837021748,0.09743940870879414,0.1499674225788765,0.18696773889485815,0.5748917368191444,0.09368513567369396,0.5652530160882319,0.13586666527166014,0.5675057208237986,0.5680037704231253,"{0: 0.5576711818647303, 1: 0.5576711818647302}","{0: 0.5576711818647303, 1: 0.5576711818647302}",0.5576711818647302,"[[417 234]
 [333 327]]",[1. 1. 0. ... 1. 0. 0.],[1. 1. 1. ... 1. 0. 0.]
126,AdaBoost,"{'algorithm': 'SAMME', 'learning_rate': 0.26326530612244897, 'n_estimators': 63}",0.5628884837021748,0.09743940870879414,0.1499674225788765,0.18696773889485815,0.5748917368191444,0.09368513567369396,0.5652530160882319,0.13586666527166014,0.5675057208237986,0.5680037704231253,"{0: 0.5576711818647303, 1: 0.5576711818647302}","{0: 0.5576711818647303, 1: 0.5576711818647302}",0.5576711818647302,"[[417 234]
 [333 327]]",[1. 1. 0. ... 1. 0. 0.],[1. 1. 1. ... 1. 0. 0.]
145,AdaBoost,"{'algorithm': 'SAMME', 'learning_rate': 0.26326530612244897, 'n_estimators': 63}",0.5628884837021748,0.09743940870879414,0.1499674225788765,0.18696773889485815,0.5748917368191444,0.09368513567369396,0.5652530160882319,0.13586666527166014,0.5675057208237986,0.5680037704231253,"{0: 0.5576711818647303, 1: 0.5576711818647302}","{0: 0.5576711818647303, 1: 0.5576711818647302}",0.5576711818647302,"[[417 234]
 [333 327]]",[1. 1. 0. ... 1. 0. 0.],[1. 1. 1. ... 1. 0. 0.]
149,AdaBoost,"{'algorithm': 'SAMME', 'learning_rate': 0.26326530612244897, 'n_estimators': 63}",0.5628884837021748,0.09743940870879414,0.1499674225788765,0.18696773889485815,0.5748917368191444,0.09368513567369396,0.5652530160882319,0.13586666527166014,0.5675057208237986,0.5680037704231253,"{0: 0.5576711818647303, 1: 0.5576711818647302}","{0: 0.5576711818647303, 1: 0.5576711818647302}",0.5576711818647302,"[[417 234]
 [333 327]]",[1. 1. 0. ... 1. 0. 0.],[1. 1. 1. ... 1. 0. 0.]
146,AdaBoost,"{'algorithm': 'SAMME', 'learning_rate': 0.26326530612244897, 'n_estimators': 63}",0.5628884837021748,0.09743940870879414,0.1499674225788765,0.18696773889485815,0.5748917368191444,0.09368513567369396,0.5652530160882319,0.13586666527166014,0.5675057208237986,0.5680037704231253,"{0: 0.5576711818647303, 1: 0.5576711818647302}","{0: 0.5576711818647303, 1: 0.5576711818647302}",0.5576711818647302,"[[417 234]
 [333 327]]",[1. 1. 0. ... 1. 0. 0.],[1. 1. 1. ... 1. 0. 0.]
764,AdaBoost,"{'algorithm': 'SAMME', 'learning_rate': 1.079591836734694, 'n_estimators': 63}",0.5683561524084592,0.09938553684209649,0.1483143949390746,0.1925294468783272,0.5748467074679318,0.09592080035847542,0.5574644734788193,0.11497070387518948,0.5575896262395118,0.5574745147325793,"{0: 0.5619082530372853, 1: 0.5619082530372853}","{0: 0.5619082530372853, 1: 0.5619082530372853}",0.5619082530372853,"[[352 299]
 [281 379]]",[1. 0. 0. ... 1. 0. 0.],[1. 1. 1. ... 1. 0. 0.]
600,AdaBoost,"{'algorithm': 'SAMME', 'learning_rate': 0.42653061224489797, 'n_estimators': 74}",0.5640916401623725,0.09527274393302254,0.1482649849362761,0.18704833701991566,0.5743112799067996,0.09319469435517512,0.563049237001602,0.12958835204777508,0.5644546147978642,0.5648477866219801,"{0: 0.5595971233068007, 1: 0.5595971233068007}","{0: 0.5595971233068007, 1: 0.5595971233068007}",0.5595971233068007,"[[405 246]
 [325 335]]",[1. 1. 0. ... 1. 0. 0.],[1. 1. 1. ... 1. 0. 0.]
30,AdaBoost,"{'algorithm': 'SAMME', 'learning_rate': 0.3448979591836735, 'n_estimators': 74}",0.5634177760314395,0.09476106488268171,0.14748949130637024,0.18545991246673144,0.573831613063071,0.09245068492819034,0.5631241675495938,0.12957013440494503,0.5644546147978642,0.56483731322441,"{0: 0.5553519061583578, 1: 0.5553519061583577}","{0: 0.5553519061583578, 1: 0.5553519061583577}",0.5553519061583577,"[[404 247]
 [324 336]]",[0. 1. 0. ... 1. 0. 0.],[1. 1. 1. ... 1. 0. 0.]
65,AdaBoost,"{'algorithm': 'SAMME', 'learning_rate': 0.3448979591836735, 'n_estimators': 74}",0.5634177760314395,0.09476106488268171,0.14748949130637024,0.18545991246673144,0.573831613063071,0.09245068492819034,0.5631241675495938,0.12957013440494503,0.5644546147978642,0.56483731322441,"{0: 0.5553519061583578, 1: 0.5553519061583577}","{0: 0.5553519061583578, 1: 0.5553519061583577}",0.5553519061583577,"[[404 247]
 [324 336]]",[0. 1. 0. ... 1. 0. 0.],[1. 1. 1. ... 1. 0. 0.]
46,AdaBoost,"{'algorithm': 'SAMME', 'learning_rate': 0.3448979591836735, 'n_estimators': 74}",0.5634177760314395,0.09476106488268171,0.14748949130637024,0.18545991246673144,0.573831613063071,0.09245068492819034,0.5631241675495938,0.12957013440494503,0.5644546147978642,0.56483731322441,"{0: 0.5553519061583578, 1: 0.5553519061583577}","{0: 0.5553519061583578, 1: 0.5553519061583577}",0.5553519061583577,"[[404 247]
 [324 336]]",[0. 1. 0. ... 1. 0. 0.],[1. 1. 1. ... 1. 0. 0.]
28,AdaBoost,"{'algorithm': 'SAMME', 'learning_rate': 0.3448979591836735, 'n_estimators': 74}",0.5634177760314395,0.09476106488268171,0.14748949130637024,0.18545991246673144,0.573831613063071,0.09245068492819034,0.5631241675495938,0.12957013440494503,0.5644546147978642,0.56483731322441,"{0: 0.5553519061583578, 1: 0.5553519061583577}","{0: 0.5553519061583578, 1: 0.5553519061583577}",0.5553519061583577,"[[404 247]
 [324 336]]",[0. 1. 0. ... 1. 0. 0.],[1. 1. 1. ... 1. 0. 0.]
33,AdaBoost,"{'algorithm': 'SAMME', 'learning_rate': 0.3448979591836735, 'n_estimators': 74}",0.5634177760314395,0.09476106488268171,0.14748949130637024,0.18545991246673144,0.573831613063071,0.09245068492819034,0.5631241675495938,0.12957013440494503,0.5644546147978642,0.56483731322441,"{0: 0.5553519061583578, 1: 0.5553519061583577}","{0: 0.5553519061583578, 1: 0.5553519061583577}",0.5553519061583577,"[[404 247]
 [324 336]]",[0. 1. 0. ... 1. 0. 0.],[1. 1. 1. ... 1. 0. 0.]
67,AdaBoost,"{'algorithm': 'SAMME', 'learning_rate': 0.3448979591836735, 'n_estimators': 74}",0.5634177760314395,0.09476106488268171,0.14748949130637024,0.18545991246673144,0.573831613063071,0.09245068492819034,0.5631241675495938,0.12957013440494503,0.5644546147978642,0.56483731322441,"{0: 0.5553519061583578, 1: 0.5553519061583577}","{0: 0.5553519061583578, 1: 0.5553519061583577}",0.5553519061583577,"[[404 247]
 [324 336]]",[0. 1. 0. ... 1. 0. 0.],[1. 1. 1. ... 1. 0. 0.]
35,AdaBoost,"{'algorithm': 'SAMME', 'learning_rate': 0.3448979591836735, 'n_estimators': 74}",0.5634177760314395,0.09476106488268171,0.14748949130637024,0.18545991246673144,0.573831613063071,0.09245068492819034,0.5631241675495938,0.12957013440494503,0.5644546147978642,0.56483731322441,"{0: 0.5553519061583578, 1: 0.5553519061583577}","{0: 0.5553519061583578, 1: 0.5553519061583577}",0.5553519061583577,"[[404 247]
 [324 336]]",[0. 1. 0. ... 1. 0. 0.],[1. 1. 1. ... 1. 0. 0.]
110,AdaBoost,"{'algorithm': 'SAMME', 'learning_rate': 0.3448979591836735, 'n_estimators': 74}",0.5634177760314395,0.09476106488268171,0.14748949130637024,0.18545991246673144,0.573831613063071,0.09245068492819034,0.5631241675495938,0.12957013440494503,0.5644546147978642,0.56483731322441,"{0: 0.5553519061583578, 1: 0.5553519061583577}","{0: 0.5553519061583578, 1: 0.5553519061583577}",0.5553519061583577,"[[404 247]
 [324 336]]",[0. 1. 0. ... 1. 0. 0.],[1. 1. 1. ... 1. 0. 0.]
307,AdaBoost,"{'algorithm': 'SAMME', 'learning_rate': 0.1816326530612245, 'n_estimators': 30}",0.5637424836726861,0.09559485923949748,0.1474089980055939,0.18793037100992227,0.5739029907728755,0.09365176465646659,0.5620872922421433,0.1281096089182816,0.5636918382913806,0.5641111576595448,"{0: 0.556550528324722, 1: 0.5565505283247218}","{0: 0.556550528324722, 1: 0.5565505283247218}",0.5565505283247218,"[[407 244]
 [328 332]]",[1. 1. 0. ... 1. 0. 0.],[1. 1. 1. ... 1. 0. 0.]
92,AdaBoost,"{'algorithm': 'SAMME', 'learning_rate': 0.42653061224489797, 'n_estimators': 96}",0.5637709985227598,0.0973906578405035,0.14633819898139347,0.19200353094355113,0.5731608547700044,0.09575265610562439,0.5624677804587473,0.12801836308963166,0.5636918382913806,0.5640587906716938,"{0: 0.5572697016245404, 1: 0.5572697016245404}","{0: 0.5572697016245404, 1: 0.5572697016245404}",0.5572697016245404,"[[402 249]
 [323 337]]",[1. 1. 0. ... 1. 0. 0.],[1. 1. 1. ... 1. 0. 0.]
414,AdaBoost,"{'algorithm': 'SAMME', 'learning_rate': 0.42653061224489797, 'n_estimators': 96}",0.5637709985227598,0.0973906578405035,0.14633819898139347,0.19200353094355113,0.5731608547700044,0.09575265610562439,0.5624677804587473,0.12801836308963166,0.5636918382913806,0.5640587906716938,"{0: 0.5572697016245404, 1: 0.5572697016245404}","{0: 0.5572697016245404, 1: 0.5572697016245404}",0.5572697016245404,"[[402 249]
 [323 337]]",[1. 1. 0. ... 1. 0. 0.],[1. 1. 1. ... 1. 0. 0.]
674,knn,{'n_neighbors': 25},0.5688374612401617,0.13062356628793878,0.1457318692940994,0.25829605634364367,0.5732818250991569,0.1293631485090555,0.5504001984312316,0.10111508065389196,0.5507246376811594,0.5505411255411256,"{0: 0.5481392263650328, 1: 0.5481392263650329}","{0: 0.5481392263650328, 1: 0.5481392263650329}",0.5481392263650329,"[[341 310]
 [279 381]]",[1. 1. 0. ... 1. 1. 0.],[1. 1. 1. ... 1. 0. 0.]
81,knn,{'n_neighbors': 25},0.5688374612401617,0.13062356628793878,0.1457318692940994,0.25829605634364367,0.5732818250991569,0.1293631485090555,0.5504001984312316,0.10111508065389196,0.5507246376811594,0.5505411255411256,"{0: 0.5481392263650328, 1: 0.5481392263650329}","{0: 0.5481392263650328, 1: 0.5481392263650329}",0.5481392263650329,"[[341 310]
 [279 381]]",[1. 1. 0. ... 1. 1. 0.],[1. 1. 1. ... 1. 0. 0.]
305,knn,{'n_neighbors': 25},0.5688374612401617,0.13062356628793878,0.1457318692940994,0.25829605634364367,0.5732818250991569,0.1293631485090555,0.5504001984312316,0.10111508065389196,0.5507246376811594,0.5505411255411256,"{0: 0.5481392263650328, 1: 0.5481392263650329}","{0: 0.5481392263650328, 1: 0.5481392263650329}",0.5481392263650329,"[[341 310]
 [279 381]]",[1. 1. 0. ... 1. 1. 0.],[1. 1. 1. ... 1. 0. 0.]
653,AdaBoost,"{'algorithm': 'SAMME', 'learning_rate': 0.1816326530612245, 'n_estimators': 52}",0.5615641321258495,0.09777062538591778,0.14555747719740844,0.18767889269408863,0.572734282239853,0.0939212556871401,0.561362158217388,0.12657618534369985,0.562929061784897,0.5633431085043988,"{0: 0.5535958664990923, 1: 0.5535958664990923}","{0: 0.5535958664990923, 1: 0.5535958664990923}",0.5535958664990923,"[[406 245]
 [328 332]]",[1. 1. 0. ... 1. 0. 0.],[1. 1. 1. ... 1. 0. 0.]
550,AdaBoost,"{'algorithm': 'SAMME', 'learning_rate': 0.3448979591836735, 'n_estimators': 30}",0.5633569696472672,0.09623933678740074,0.14552529498633607,0.19005937093613837,0.5729329569927731,0.09466749093146572,0.5626055200112081,0.12798185941043083,0.5636918382913806,0.5640378438765536,"{0: 0.5523122934413257, 1: 0.5523122934413257}","{0: 0.5523122934413257, 1: 0.5523122934413257}",0.5523122934413257,"[[400 251]
 [321 339]]",[1. 1. 0. ... 1. 0. 0.],[1. 1. 1. ... 1. 0. 0.]
460,AdaBoost,"{'algorithm': 'SAMME', 'learning_rate': 0.3448979591836735, 'n_estimators': 30}",0.5633569696472672,0.09623933678740074,0.14552529498633607,0.19005937093613837,0.5729329569927731,0.09466749093146572,0.5626055200112081,0.12798185941043083,0.5636918382913806,0.5640378438765536,"{0: 0.5523122934413257, 1: 0.5523122934413257}","{0: 0.5523122934413257, 1: 0.5523122934413257}",0.5523122934413257,"[[400 251]
 [321 339]]",[1. 1. 0. ... 1. 0. 0.],[1. 1. 1. ... 1. 0. 0.]
62,AdaBoost,"{'algorithm': 'SAMME', 'learning_rate': 0.5081632653061224, 'n_estimators': 74}",0.5625525756787031,0.09499568141642986,0.14490271342041122,0.18715926013688144,0.5725586947697398,0.09335211956524823,0.5617381334925059,0.12648477808127434,0.562929061784897,0.563290741516548,"{0: 0.5533957082344179, 1: 0.5533957082344179}","{0: 0.5533957082344179, 1: 0.5533957082344179}",0.5533957082344179,"[[401 250]
 [323 337]]",[1. 1. 0. ... 1. 0. 0.],[1. 1. 1. ... 1. 0. 0.]
474,AdaBoost,"{'algorithm': 'SAMME', 'learning_rate': 0.5081632653061224, 'n_estimators': 74}",0.5625525756787031,0.09499568141642986,0.14490271342041122,0.18715926013688144,0.5725586947697398,0.09335211956524823,0.5617381334925059,0.12648477808127434,0.562929061784897,0.563290741516548,"{0: 0.5533957082344179, 1: 0.5533957082344179}","{0: 0.5533957082344179, 1: 0.5533957082344179}",0.5533957082344179,"[[401 250]
 [323 337]]",[1. 1. 0. ... 1. 0. 0.],[1. 1. 1. ... 1. 0. 0.]
571,AdaBoost,"{'algorithm': 'SAMME', 'learning_rate': 0.5081632653061224, 'n_estimators': 96}",0.5621412397247307,0.0945428429590372,0.14472288341934594,0.18623834703173273,0.5725749916577226,0.09282473398582129,0.5615939544762124,0.12652134328202014,0.562929061784897,0.5633116883116883,"{0: 0.5555264627845273, 1: 0.5555264627845273}","{0: 0.5555264627845273, 1: 0.5555264627845273}",0.5555264627845273,"[[403 248]
 [325 335]]",[1. 1. 0. ... 1. 0. 0.],[1. 1. 1. ... 1. 0. 0.]
320,AdaBoost,"{'algorithm': 'SAMME', 'learning_rate': 0.42653061224489797, 'n_estimators': 85}",0.5628563460447255,0.09621501833960781,0.14445546112675228,0.1900058048869231,0.5724065180020378,0.09468217112087059,0.5617381334925059,0.12648477808127434,0.562929061784897,0.563290741516548,"{0: 0.5601685053297957, 1: 0.5601685053297957}","{0: 0.5601685053297957, 1: 0.5601685053297957}",0.5601685053297957,"[[401 250]
 [323 337]]",[1. 1. 0. ... 1. 0. 0.],[1. 1. 1. ... 1. 0. 0.]
873,AdaBoost,"{'algorithm': 'SAMME', 'learning_rate': 0.42653061224489797, 'n_estimators': 85}",0.5628563460447255,0.09621501833960781,0.14445546112675228,0.1900058048869231,0.5724065180020378,0.09468217112087059,0.5617381334925059,0.12648477808127434,0.562929061784897,0.563290741516548,"{0: 0.5601685053297957, 1: 0.5601685053297957}","{0: 0.5601685053297957, 1: 0.5601685053297957}",0.5601685053297957,"[[401 250]
 [323 337]]",[1. 1. 0. ... 1. 0. 0.],[1. 1. 1. ... 1. 0. 0.]
952,AdaBoost,"{'algorithm': 'SAMME', 'learning_rate': 0.42653061224489797, 'n_estimators': 85}",0.5628563460447255,0.09621501833960781,0.14445546112675228,0.1900058048869231,0.5724065180020378,0.09468217112087059,0.5617381334925059,0.12648477808127434,0.562929061784897,0.563290741516548,"{0: 0.5601685053297957, 1: 0.5601685053297957}","{0: 0.5601685053297957, 1: 0.5601685053297957}",0.5601685053297957,"[[401 250]
 [323 337]]",[1. 1. 0. ... 1. 0. 0.],[1. 1. 1. ... 1. 0. 0.]
783,AdaBoost,"{'algorithm': 'SAMME', 'learning_rate': 0.42653061224489797, 'n_estimators': 85}",0.5628563460447255,0.09621501833960781,0.14445546112675228,0.1900058048869231,0.5724065180020378,0.09468217112087059,0.5617381334925059,0.12648477808127434,0.562929061784897,0.563290741516548,"{0: 0.5601685053297957, 1: 0.5601685053297957}","{0: 0.5601685053297957, 1: 0.5601685053297957}",0.5601685053297957,"[[401 250]
 [323 337]]",[1. 1. 0. ... 1. 0. 0.],[1. 1. 1. ... 1. 0. 0.]
21,AdaBoost,"{'algorithm': 'SAMME', 'learning_rate': 0.1, 'n_estimators': 96}",0.5609556138835285,0.09783548712651732,0.14438100660917313,0.1879421621898696,0.5721460469457353,0.09405249789177053,0.5605561289283046,0.12506104111729655,0.5621662852784134,0.562585532746823,"{0: 0.5551505841828421, 1: 0.5551505841828424}","{0: 0.5551505841828421, 1: 0.5551505841828424}",0.5551505841828424,"[[406 245]
 [329 331]]",[1. 1. 0. ... 1. 0. 0.],[1. 1. 1. ... 1. 0. 0.]
23,AdaBoost,"{'algorithm': 'SAMME', 'learning_rate': 0.1, 'n_estimators': 96}",0.5609556138835285,0.09783548712651732,0.14438100660917313,0.1879421621898696,0.5721460469457353,0.09405249789177053,0.5605561289283046,0.12506104111729655,0.5621662852784134,0.562585532746823,"{0: 0.5551505841828421, 1: 0.5551505841828424}","{0: 0.5551505841828421, 1: 0.5551505841828424}",0.5551505841828424,"[[406 245]
 [329 331]]",[1. 1. 0. ... 1. 0. 0.],[1. 1. 1. ... 1. 0. 0.]
698,AdaBoost,"{'algorithm': 'SAMME', 'learning_rate': 0.8346938775510203, 'n_estimators': 85}",0.5669588480387208,0.11202595767626225,0.14369901408196595,0.2217548999727954,0.5731805534676839,0.11019136824067538,0.5589786824039504,0.11844732029428595,0.559115179252479,0.5592410277894149,"{0: 0.5656844947167528, 1: 0.5656844947167528}","{0: 0.5656844947167528, 1: 0.5656844947167528}",0.5656844947167528,"[[376 275]
 [303 357]]",[1. 1. 0. ... 1. 0. 0.],[1. 1. 1. ... 1. 0. 0.]
796,AdaBoost,"{'algorithm': 'SAMME', 'learning_rate': 0.8346938775510203, 'n_estimators': 85}",0.5669588480387208,0.11202595767626225,0.14369901408196595,0.2217548999727954,0.5731805534676839,0.11019136824067538,0.5589786824039504,0.11844732029428595,0.559115179252479,0.5592410277894149,"{0: 0.5656844947167528, 1: 0.5656844947167528}","{0: 0.5656844947167528, 1: 0.5656844947167528}",0.5656844947167528,"[[376 275]
 [303 357]]",[1. 1. 0. ... 1. 0. 0.],[1. 1. 1. ... 1. 0. 0.]
516,AdaBoost,"{'algorithm': 'SAMME', 'learning_rate': 0.8346938775510203, 'n_estimators': 85}",0.5669588480387208,0.11202595767626225,0.14369901408196595,0.2217548999727954,0.5731805534676839,0.11019136824067538,0.5589786824039504,0.11844732029428595,0.559115179252479,0.5592410277894149,"{0: 0.5656844947167528, 1: 0.5656844947167528}","{0: 0.5656844947167528, 1: 0.5656844947167528}",0.5656844947167528,"[[376 275]
 [303 357]]",[1. 1. 0. ... 1. 0. 0.],[1. 1. 1. ... 1. 0. 0.]
878,AdaBoost,"{'algorithm': 'SAMME', 'learning_rate': 0.8346938775510203, 'n_estimators': 85}",0.5669588480387208,0.11202595767626225,0.14369901408196595,0.2217548999727954,0.5731805534676839,0.11019136824067538,0.5589786824039504,0.11844732029428595,0.559115179252479,0.5592410277894149,"{0: 0.5656844947167528, 1: 0.5656844947167528}","{0: 0.5656844947167528, 1: 0.5656844947167528}",0.5656844947167528,"[[376 275]
 [303 357]]",[1. 1. 0. ... 1. 0. 0.],[1. 1. 1. ... 1. 0. 0.]
241,AdaBoost,"{'algorithm': 'SAMME', 'learning_rate': 0.8346938775510203, 'n_estimators': 85}",0.5669588480387208,0.11202595767626225,0.14369901408196595,0.2217548999727954,0.5731805534676839,0.11019136824067538,0.5589786824039504,0.11844732029428595,0.559115179252479,0.5592410277894149,"{0: 0.5656844947167528, 1: 0.5656844947167528}","{0: 0.5656844947167528, 1: 0.5656844947167528}",0.5656844947167528,"[[376 275]
 [303 357]]",[1. 1. 0. ... 1. 0. 0.],[1. 1. 1. ... 1. 0. 0.]
967,AdaBoost,"{'algorithm': 'SAMME', 'learning_rate': 0.8346938775510203, 'n_estimators': 85}",0.5669588480387208,0.11202595767626225,0.14369901408196595,0.2217548999727954,0.5731805534676839,0.11019136824067538,0.5589786824039504,0.11844732029428595,0.559115179252479,0.5592410277894149,"{0: 0.5656844947167528, 1: 0.5656844947167528}","{0: 0.5656844947167528, 1: 0.5656844947167528}",0.5656844947167528,"[[376 275]
 [303 357]]",[1. 1. 0. ... 1. 0. 0.],[1. 1. 1. ... 1. 0. 0.]
564,AdaBoost,"{'algorithm': 'SAMME', 'learning_rate': 0.1, 'n_estimators': 74}",0.5606009272130523,0.09772202304059044,0.14366887521391777,0.1877912674229492,0.5717951697527529,0.09397735247047366,0.559831136082021,0.12352758564158373,0.5614035087719298,0.5618174835916772,"{0: 0.5565691476981799, 1: 0.5565691476981799}","{0: 0.5565691476981799, 1: 0.5565691476981799}",0.5565691476981799,"[[405 246]
 [329 331]]",[1. 1. 0. ... 1. 0. 0.],[1. 1. 1. ... 1. 0. 0.]
654,AdaBoost,"{'algorithm': 'SAMME', 'learning_rate': 0.1, 'n_estimators': 85}",0.5606009272130523,0.09772202304059044,0.14366887521391777,0.1877912674229492,0.5717951697527529,0.09397735247047366,0.559831136082021,0.12352758564158373,0.5614035087719298,0.5618174835916772,"{0: 0.5552227342549924, 1: 0.5552227342549922}","{0: 0.5552227342549924, 1: 0.5552227342549922}",0.5552227342549922,"[[405 246]
 [329 331]]",[1. 1. 0. ... 1. 0. 0.],[1. 1. 1. ... 1. 0. 0.]
470,AdaBoost,"{'algorithm': 'SAMME', 'learning_rate': 0.1, 'n_estimators': 85}",0.5606009272130523,0.09772202304059044,0.14366887521391777,0.1877912674229492,0.5717951697527529,0.09397735247047366,0.559831136082021,0.12352758564158373,0.5614035087719298,0.5618174835916772,"{0: 0.5552227342549924, 1: 0.5552227342549922}","{0: 0.5552227342549924, 1: 0.5552227342549922}",0.5552227342549922,"[[405 246]
 [329 331]]",[1. 1. 0. ... 1. 0. 0.],[1. 1. 1. ... 1. 0. 0.]
834,AdaBoost,"{'algorithm': 'SAMME', 'learning_rate': 0.1, 'n_estimators': 85}",0.5606009272130523,0.09772202304059044,0.14366887521391777,0.1877912674229492,0.5717951697527529,0.09397735247047366,0.559831136082021,0.12352758564158373,0.5614035087719298,0.5618174835916772,"{0: 0.5552227342549924, 1: 0.5552227342549922}","{0: 0.5552227342549924, 1: 0.5552227342549922}",0.5552227342549922,"[[405 246]
 [329 331]]",[1. 1. 0. ... 1. 0. 0.],[1. 1. 1. ... 1. 0. 0.]
748,AdaBoost,"{'algorithm': 'SAMME', 'learning_rate': 0.1, 'n_estimators': 85}",0.5606009272130523,0.09772202304059044,0.14366887521391777,0.1877912674229492,0.5717951697527529,0.09397735247047366,0.559831136082021,0.12352758564158373,0.5614035087719298,0.5618174835916772,"{0: 0.5552227342549924, 1: 0.5552227342549922}","{0: 0.5552227342549924, 1: 0.5552227342549922}",0.5552227342549922,"[[405 246]
 [329 331]]",[1. 1. 0. ... 1. 0. 0.],[1. 1. 1. ... 1. 0. 0.]
386,AdaBoost,"{'algorithm': 'SAMME', 'learning_rate': 0.1, 'n_estimators': 85}",0.5606009272130523,0.09772202304059044,0.14366887521391777,0.1877912674229492,0.5717951697527529,0.09397735247047366,0.559831136082021,0.12352758564158373,0.5614035087719298,0.5618174835916772,"{0: 0.5552227342549924, 1: 0.5552227342549922}","{0: 0.5552227342549924, 1: 0.5552227342549922}",0.5552227342549922,"[[405 246]
 [329 331]]",[1. 1. 0. ... 1. 0. 0.],[1. 1. 1. ... 1. 0. 0.]
934,AdaBoost,"{'algorithm': 'SAMME', 'learning_rate': 0.1, 'n_estimators': 85}",0.5606009272130523,0.09772202304059044,0.14366887521391777,0.1877912674229492,0.5717951697527529,0.09397735247047366,0.559831136082021,0.12352758564158373,0.5614035087719298,0.5618174835916772,"{0: 0.5552227342549924, 1: 0.5552227342549922}","{0: 0.5552227342549924, 1: 0.5552227342549922}",0.5552227342549922,"[[405 246]
 [329 331]]",[1. 1. 0. ... 1. 0. 0.],[1. 1. 1. ... 1. 0. 0.]
27,AdaBoost,"{'algorithm': 'SAMME', 'learning_rate': 0.1, 'n_estimators': 30}",0.5621192587581096,0.09680243967579344,0.14342778328845998,0.19121077241293677,0.5719371296849132,0.09521661133445218,0.5588155786653594,0.12035011704291343,0.5598779557589626,0.5602185448959642,"{0: 0.5595168272587627, 1: 0.5595424288972677}","{0: 0.5595168272587627, 1: 0.5595424288972677}",0.5595424288972677,"[[397 254]
 [323 337]]",[1. 1. 0. ... 1. 0. 0.],[1. 1. 1. ... 1. 0. 0.]
395,AdaBoost,"{'algorithm': 'SAMME', 'learning_rate': 0.5081632653061224, 'n_estimators': 85}",0.5614750399661186,0.09409612374769445,0.14290575040863576,0.18561073000643805,0.5715830850136422,0.09257267434337475,0.5609379475232884,0.12496947624728771,0.5621662852784134,0.5625331657589722,"{0: 0.5551692035563003, 1: 0.5551692035563003}","{0: 0.5551692035563003, 1: 0.5551692035563003}",0.5551692035563003,"[[401 250]
 [324 336]]",[1. 1. 0. ... 1. 0. 0.],[1. 1. 1. ... 1. 0. 0.]
759,AdaBoost,"{'algorithm': 'SAMME', 'learning_rate': 0.5081632653061224, 'n_estimators': 85}",0.5614750399661186,0.09409612374769445,0.14290575040863576,0.18561073000643805,0.5715830850136422,0.09257267434337475,0.5609379475232884,0.12496947624728771,0.5621662852784134,0.5625331657589722,"{0: 0.5551692035563003, 1: 0.5551692035563003}","{0: 0.5551692035563003, 1: 0.5551692035563003}",0.5551692035563003,"[[401 250]
 [324 336]]",[1. 1. 0. ... 1. 0. 0.],[1. 1. 1. ... 1. 0. 0.]
284,AdaBoost,"{'algorithm': 'SAMME', 'learning_rate': 0.5081632653061224, 'n_estimators': 85}",0.5614750399661186,0.09409612374769445,0.14290575040863576,0.18561073000643805,0.5715830850136422,0.09257267434337475,0.5609379475232884,0.12496947624728771,0.5621662852784134,0.5625331657589722,"{0: 0.5551692035563003, 1: 0.5551692035563003}","{0: 0.5551692035563003, 1: 0.5551692035563003}",0.5551692035563003,"[[401 250]
 [324 336]]",[1. 1. 0. ... 1. 0. 0.],[1. 1. 1. ... 1. 0. 0.]
659,AdaBoost,"{'algorithm': 'SAMME', 'learning_rate': 0.5081632653061224, 'n_estimators': 85}",0.5614750399661186,0.09409612374769445,0.14290575040863576,0.18561073000643805,0.5715830850136422,0.09257267434337475,0.5609379475232884,0.12496947624728771,0.5621662852784134,0.5625331657589722,"{0: 0.5551692035563003, 1: 0.5551692035563003}","{0: 0.5551692035563003, 1: 0.5551692035563003}",0.5551692035563003,"[[401 250]
 [324 336]]",[1. 1. 0. ... 1. 0. 0.],[1. 1. 1. ... 1. 0. 0.]
926,AdaBoost,"{'algorithm': 'SAMME', 'learning_rate': 0.5081632653061224, 'n_estimators': 85}",0.5614750399661186,0.09409612374769445,0.14290575040863576,0.18561073000643805,0.5715830850136422,0.09257267434337475,0.5609379475232884,0.12496947624728771,0.5621662852784134,0.5625331657589722,"{0: 0.5551692035563003, 1: 0.5551692035563003}","{0: 0.5551692035563003, 1: 0.5551692035563003}",0.5551692035563003,"[[401 250]
 [324 336]]",[1. 1. 0. ... 1. 0. 0.],[1. 1. 1. ... 1. 0. 0.]
187,AdaBoost,"{'algorithm': 'SAMME', 'learning_rate': 0.5081632653061224, 'n_estimators': 85}",0.5614750399661186,0.09409612374769445,0.14290575040863576,0.18561073000643805,0.5715830850136422,0.09257267434337475,0.5609379475232884,0.12496947624728771,0.5621662852784134,0.5625331657589722,"{0: 0.5551692035563003, 1: 0.5551692035563003}","{0: 0.5551692035563003, 1: 0.5551692035563003}",0.5551692035563003,"[[401 250]
 [324 336]]",[1. 1. 0. ... 1. 0. 0.],[1. 1. 1. ... 1. 0. 0.]
362,AdaBoost,"{'algorithm': 'SAMME', 'learning_rate': 0.3448979591836735, 'n_estimators': 85}",0.5613559605262092,0.09562447494997511,0.14286353634054527,0.18761729014758705,0.5714671984514653,0.09362823904824753,0.5617381334925059,0.12648477808127434,0.562929061784897,0.563290741516548,"{0: 0.5559989293860261, 1: 0.5559989293860261}","{0: 0.5559989293860261, 1: 0.5559989293860261}",0.5559989293860261,"[[401 250]
 [323 337]]",[0. 1. 0. ... 1. 0. 0.],[1. 1. 1. ... 1. 0. 0.]
638,AdaBoost,"{'algorithm': 'SAMME', 'learning_rate': 0.3448979591836735, 'n_estimators': 85}",0.5613559605262092,0.09562447494997511,0.14286353634054527,0.18761729014758705,0.5714671984514653,0.09362823904824753,0.5617381334925059,0.12648477808127434,0.562929061784897,0.563290741516548,"{0: 0.5559989293860261, 1: 0.5559989293860261}","{0: 0.5559989293860261, 1: 0.5559989293860261}",0.5559989293860261,"[[401 250]
 [323 337]]",[0. 1. 0. ... 1. 0. 0.],[1. 1. 1. ... 1. 0. 0.]
812,AdaBoost,"{'algorithm': 'SAMME', 'learning_rate': 0.3448979591836735, 'n_estimators': 85}",0.5613559605262092,0.09562447494997511,0.14286353634054527,0.18761729014758705,0.5714671984514653,0.09362823904824753,0.5617381334925059,0.12648477808127434,0.562929061784897,0.563290741516548,"{0: 0.5559989293860261, 1: 0.5559989293860261}","{0: 0.5559989293860261, 1: 0.5559989293860261}",0.5559989293860261,"[[401 250]
 [323 337]]",[0. 1. 0. ... 1. 0. 0.],[1. 1. 1. ... 1. 0. 0.]
169,AdaBoost,"{'algorithm': 'SAMME', 'learning_rate': 0.1, 'n_estimators': 41}",0.5617973559545966,0.09717779317611074,0.1422869372777396,0.19176999604707776,0.5713121296849132,0.09553238710574688,0.5576538645485402,0.11892702664992316,0.559115179252479,0.5595133361262393,"{0: 0.5588837685611879, 1: 0.5588942419587581}","{0: 0.5588837685611879, 1: 0.5588942419587581}",0.5588942419587581,"[[402 249]
 [329 331]]",[1. 1. 0. ... 1. 0. 0.],[1. 1. 1. ... 1. 0. 0.]
17,AdaBoost,"{'algorithm': 'SAMME', 'learning_rate': 0.1, 'n_estimators': 63}",0.5617106122889056,0.0972200793687552,0.1422869372777396,0.19176999604707776,0.5713121296849132,0.09553238710574688,0.5575748799298519,0.11894546646854054,0.559115179252479,0.5595238095238095,"{0: 0.55800051203277, 1: 0.55800051203277}","{0: 0.55800051203277, 1: 0.55800051203277}",0.55800051203277,"[[403 248]
 [330 330]]",[1. 1. 0. ... 1. 0. 0.],[1. 1. 1. ... 1. 0. 0.]
166,knn,{'n_neighbors': 27},0.5672756619041645,0.1096978925214086,0.14208836649045783,0.21795031837768333,0.5711332842896467,0.10922706883877144,0.5520583385457856,0.10424239884625186,0.5522501906941266,0.5521086440441278,"{0: 0.5504561746497231, 1: 0.550456174649723}","{0: 0.5504561746497231, 1: 0.550456174649723}",0.550456174649723,"[[346 305]
 [282 378]]",[1. 1. 0. ... 1. 1. 0.],[1. 1. 1. ... 1. 0. 0.]
522,knn,{'n_neighbors': 27},0.5672756619041645,0.1096978925214086,0.14208836649045783,0.21795031837768333,0.5711332842896467,0.10922706883877144,0.5520583385457856,0.10424239884625186,0.5522501906941266,0.5521086440441278,"{0: 0.5504561746497231, 1: 0.550456174649723}","{0: 0.5504561746497231, 1: 0.550456174649723}",0.550456174649723,"[[346 305]
 [282 378]]",[1. 1. 0. ... 1. 1. 0.],[1. 1. 1. ... 1. 0. 0.]
879,knn,{'n_neighbors': 27},0.5672756619041645,0.1096978925214086,0.14208836649045783,0.21795031837768333,0.5711332842896467,0.10922706883877144,0.5520583385457856,0.10424239884625186,0.5522501906941266,0.5521086440441278,"{0: 0.5504561746497231, 1: 0.550456174649723}","{0: 0.5504561746497231, 1: 0.550456174649723}",0.550456174649723,"[[346 305]
 [282 378]]",[1. 1. 0. ... 1. 1. 0.],[1. 1. 1. ... 1. 0. 0.]
676,AdaBoost,"{'algorithm': 'SAMME', 'learning_rate': 1.079591836734694, 'n_estimators': 85}",0.5653348166436534,0.10315425721829234,0.14180623102406972,0.1999931706680294,0.5718126995681466,0.09978894011556354,0.5544125043303973,0.10886705355708737,0.5545385202135774,0.5544232649071359,"{0: 0.5604361588232556, 1: 0.5604361588232556}","{0: 0.5604361588232556, 1: 0.5604361588232556}",0.5604361588232556,"[[350 301]
 [283 377]]",[1. 1. 0. ... 1. 0. 0.],[1. 1. 1. ... 1. 0. 0.]
200,AdaBoost,"{'algorithm': 'SAMME', 'learning_rate': 1.079591836734694, 'n_estimators': 85}",0.5653348166436534,0.10315425721829234,0.14180623102406972,0.1999931706680294,0.5718126995681466,0.09978894011556354,0.5544125043303973,0.10886705355708737,0.5545385202135774,0.5544232649071359,"{0: 0.5604361588232556, 1: 0.5604361588232556}","{0: 0.5604361588232556, 1: 0.5604361588232556}",0.5604361588232556,"[[350 301]
 [283 377]]",[1. 1. 0. ... 1. 0. 0.],[1. 1. 1. ... 1. 0. 0.]
70,AdaBoost,"{'algorithm': 'SAMME', 'learning_rate': 1.079591836734694, 'n_estimators': 85}",0.5653348166436534,0.10315425721829234,0.14180623102406972,0.1999931706680294,0.5718126995681466,0.09978894011556354,0.5544125043303973,0.10886705355708737,0.5545385202135774,0.5544232649071359,"{0: 0.5604361588232556, 1: 0.5604361588232556}","{0: 0.5604361588232556, 1: 0.5604361588232556}",0.5604361588232556,"[[350 301]
 [283 377]]",[1. 1. 0. ... 1. 0. 0.],[1. 1. 1. ... 1. 0. 0.]
300,AdaBoost,"{'algorithm': 'SAMME', 'learning_rate': 1.079591836734694, 'n_estimators': 85}",0.5653348166436534,0.10315425721829234,0.14180623102406972,0.1999931706680294,0.5718126995681466,0.09978894011556354,0.5544125043303973,0.10886705355708737,0.5545385202135774,0.5544232649071359,"{0: 0.5604361588232556, 1: 0.5604361588232556}","{0: 0.5604361588232556, 1: 0.5604361588232556}",0.5604361588232556,"[[350 301]
 [283 377]]",[1. 1. 0. ... 1. 0. 0.],[1. 1. 1. ... 1. 0. 0.]
584,AdaBoost,"{'algorithm': 'SAMME', 'learning_rate': 1.079591836734694, 'n_estimators': 85}",0.5653348166436534,0.10315425721829234,0.14180623102406972,0.1999931706680294,0.5718126995681466,0.09978894011556354,0.5544125043303973,0.10886705355708737,0.5545385202135774,0.5544232649071359,"{0: 0.5604361588232556, 1: 0.5604361588232556}","{0: 0.5604361588232556, 1: 0.5604361588232556}",0.5604361588232556,"[[350 301]
 [283 377]]",[1. 1. 0. ... 1. 0. 0.],[1. 1. 1. ... 1. 0. 0.]
400,AdaBoost,"{'algorithm': 'SAMME', 'learning_rate': 1.079591836734694, 'n_estimators': 85}",0.5653348166436534,0.10315425721829234,0.14180623102406972,0.1999931706680294,0.5718126995681466,0.09978894011556354,0.5544125043303973,0.10886705355708737,0.5545385202135774,0.5544232649071359,"{0: 0.5604361588232556, 1: 0.5604361588232556}","{0: 0.5604361588232556, 1: 0.5604361588232556}",0.5604361588232556,"[[350 301]
 [283 377]]",[1. 1. 0. ... 1. 0. 0.],[1. 1. 1. ... 1. 0. 0.]
830,AdaBoost,"{'algorithm': 'SAMME', 'learning_rate': 0.5081632653061224, 'n_estimators': 41}",0.5602072854567856,0.09701211369476975,0.14074635827734652,0.1907882513881202,0.5704686487276682,0.09508941694225181,0.5591844740137701,0.12197572205943907,0.5606407322654462,0.561038961038961,"{0: 0.5528266536331052, 1: 0.5528266536331052}","{0: 0.5528266536331052, 1: 0.5528266536331052}",0.5528266536331052,"[[403 248]
 [328 332]]",[1. 1. 0. ... 1. 0. 0.],[1. 1. 1. ... 1. 0. 0.]
990,AdaBoost,"{'algorithm': 'SAMME', 'learning_rate': 0.9979591836734693, 'n_estimators': 52}",0.5639667275952455,0.09849078123480139,0.14020433298485677,0.1937292747962205,0.5709904721518307,0.09663022272275283,0.5536822470975146,0.1073691928979208,0.5537757437070938,0.5536761625471303,"{0: 0.5580773169482848, 1: 0.5580773169482847}","{0: 0.5580773169482848, 1: 0.5580773169482847}",0.5580773169482847,"[[351 300]
 [285 375]]",[1. 0. 0. ... 1. 0. 0.],[1. 1. 1. ... 1. 0. 0.]
349,AdaBoost,"{'algorithm': 'SAMME', 'learning_rate': 0.9979591836734693, 'n_estimators': 52}",0.5639667275952455,0.09849078123480139,0.14020433298485677,0.1937292747962205,0.5709904721518307,0.09663022272275283,0.5536822470975146,0.1073691928979208,0.5537757437070938,0.5536761625471303,"{0: 0.5580773169482848, 1: 0.5580773169482847}","{0: 0.5580773169482848, 1: 0.5580773169482847}",0.5580773169482847,"[[351 300]
 [285 375]]",[1. 0. 0. ... 1. 0. 0.],[1. 1. 1. ... 1. 0. 0.]
843,AdaBoost,"{'algorithm': 'SAMME', 'learning_rate': 0.1816326530612245, 'n_estimators': 63}",0.5583629535693283,0.09900279783916643,0.1400430870363075,0.1898745461356747,0.5699485679541388,0.09499975930828554,0.5589420805488698,0.12203084779105533,0.5606407322654462,0.5610703812316715,"{0: 0.5574814969976261, 1: 0.5574814969976261}","{0: 0.5574814969976261, 1: 0.5574814969976261}",0.5574814969976261,"[[406 245]
 [331 329]]",[1. 1. 0. ... 1. 0. 0.],[1. 1. 1. ... 1. 0. 0.]
78,AdaBoost,"{'algorithm': 'SAMME', 'learning_rate': 0.1816326530612245, 'n_estimators': 63}",0.5583629535693283,0.09900279783916643,0.1400430870363075,0.1898745461356747,0.5699485679541388,0.09499975930828554,0.5589420805488698,0.12203084779105533,0.5606407322654462,0.5610703812316715,"{0: 0.5574814969976261, 1: 0.5574814969976261}","{0: 0.5574814969976261, 1: 0.5574814969976261}",0.5574814969976261,"[[406 245]
 [331 329]]",[1. 1. 0. ... 1. 0. 0.],[1. 1. 1. ... 1. 0. 0.]
160,AdaBoost,"{'algorithm': 'SAMME', 'learning_rate': 0.26326530612244897, 'n_estimators': 96}",0.5586601816443193,0.09892736594239689,0.1398885761878692,0.19223848443120634,0.5699846245688056,0.0958885150562892,0.5596656531787868,0.12356427079082388,0.5614035087719298,0.5618384303868175,"{0: 0.5562991667830377, 1: 0.5562991667830378}","{0: 0.5562991667830377, 1: 0.5562991667830378}",0.5562991667830378,"[[407 244]
 [331 329]]",[1. 1. 0. ... 1. 0. 0.],[1. 1. 1. ... 1. 0. 0.]
854,AdaBoost,"{'algorithm': 'SAMME', 'learning_rate': 0.5897959183673469, 'n_estimators': 41}",0.5577581536637648,0.09591448442095518,0.13790636287246386,0.18842706360165337,0.5691602975771091,0.09388481958342852,0.5579596167115655,0.12055260835748649,0.5598779557589626,0.5603337522692361,"{0: 0.5509647162872969, 1: 0.550964716287297}","{0: 0.5509647162872969, 1: 0.550964716287297}",0.550964716287297,"[[408 243]
 [334 326]]",[1. 1. 0. ... 1. 0. 0.],[1. 1. 1. ... 1. 0. 0.]
68,AdaBoost,"{'algorithm': 'SAMME', 'learning_rate': 0.5897959183673469, 'n_estimators': 74}",0.5567714517108263,0.09588107765905714,0.1374635726024212,0.18865408271857692,0.5687817027463845,0.09412607788137992,0.5576822034083223,0.12060781708291046,0.5598779557589626,0.5603651724619467,"{0: 0.5518270260205744, 1: 0.5518270260205744}","{0: 0.5518270260205744, 1: 0.5518270260205744}",0.5518270260205744,"[[411 240]
 [337 323]]",[1. 1. 0. ... 1. 0. 0.],[1. 1. 1. ... 1. 0. 0.]
760,AdaBoost,"{'algorithm': 'SAMME', 'learning_rate': 0.1816326530612245, 'n_estimators': 96}",0.5568149513433228,0.09951182862983782,0.13721191684728784,0.19105443740820377,0.5684907674426298,0.09564159125446492,0.5573253590654773,0.11900078129359903,0.559115179252479,0.55955522971652,"{0: 0.5542207792207793, 1: 0.5542207792207792}","{0: 0.5542207792207793, 1: 0.5542207792207792}",0.5542207792207792,"[[406 245]
 [333 327]]",[1. 1. 0. ... 1. 0. 0.],[1. 1. 1. ... 1. 0. 0.]
296,AdaBoost,"{'algorithm': 'SAMME', 'learning_rate': 1.4877551020408164, 'n_estimators': 85}",0.5615028878794704,0.10194590762805895,0.13679093900639544,0.19907526564695413,0.5687256869716305,0.09954062853138831,0.5507298657495285,0.1014539805554101,0.5507246376811594,0.5507296466973887,"{0: 0.5719103477167993, 1: 0.5719103477167994}","{0: 0.5719103477167993, 1: 0.5719103477167994}",0.5719103477167994,"[[359 292]
 [297 363]]",[0. 0. 0. ... 0. 0. 0.],[1. 1. 1. ... 1. 0. 0.]
206,AdaBoost,"{'algorithm': 'SAMME', 'learning_rate': 1.4877551020408164, 'n_estimators': 85}",0.5615028878794704,0.10194590762805895,0.13679093900639544,0.19907526564695413,0.5687256869716305,0.09954062853138831,0.5507298657495285,0.1014539805554101,0.5507246376811594,0.5507296466973887,"{0: 0.5719103477167993, 1: 0.5719103477167994}","{0: 0.5719103477167993, 1: 0.5719103477167994}",0.5719103477167994,"[[359 292]
 [297 363]]",[0. 0. 0. ... 0. 0. 0.],[1. 1. 1. ... 1. 0. 0.]
848,AdaBoost,"{'algorithm': 'SAMME', 'learning_rate': 1.4877551020408164, 'n_estimators': 85}",0.5615028878794704,0.10194590762805895,0.13679093900639544,0.19907526564695413,0.5687256869716305,0.09954062853138831,0.5507298657495285,0.1014539805554101,0.5507246376811594,0.5507296466973887,"{0: 0.5719103477167993, 1: 0.5719103477167994}","{0: 0.5719103477167993, 1: 0.5719103477167994}",0.5719103477167994,"[[359 292]
 [297 363]]",[0. 0. 0. ... 0. 0. 0.],[1. 1. 1. ... 1. 0. 0.]
398,AdaBoost,"{'algorithm': 'SAMME', 'learning_rate': 1.4877551020408164, 'n_estimators': 85}",0.5615028878794704,0.10194590762805895,0.13679093900639544,0.19907526564695413,0.5687256869716305,0.09954062853138831,0.5507298657495285,0.1014539805554101,0.5507246376811594,0.5507296466973887,"{0: 0.5719103477167993, 1: 0.5719103477167994}","{0: 0.5719103477167993, 1: 0.5719103477167994}",0.5719103477167994,"[[359 292]
 [297 363]]",[0. 0. 0. ... 0. 0. 0.],[1. 1. 1. ... 1. 0. 0.]
209,AdaBoost,"{'algorithm': 'SAMME', 'learning_rate': 0.1816326530612245, 'n_estimators': 85}",0.5562696578036412,0.09922082269041566,0.13667178824523976,0.1900832383809188,0.5681699118276565,0.09521431375571072,0.5573253590654773,0.11900078129359903,0.559115179252479,0.55955522971652,"{0: 0.555300702881348, 1: 0.5553007028813481}","{0: 0.555300702881348, 1: 0.5553007028813481}",0.5553007028813481,"[[406 245]
 [333 327]]",[1. 1. 0. ... 1. 0. 0.],[1. 1. 1. ... 1. 0. 0.]
405,AdaBoost,"{'algorithm': 'SAMME', 'learning_rate': 0.1816326530612245, 'n_estimators': 85}",0.5562696578036412,0.09922082269041566,0.13667178824523976,0.1900832383809188,0.5681699118276565,0.09521431375571072,0.5573253590654773,0.11900078129359903,0.559115179252479,0.55955522971652,"{0: 0.555300702881348, 1: 0.5553007028813481}","{0: 0.555300702881348, 1: 0.5553007028813481}",0.5553007028813481,"[[406 245]
 [333 327]]",[1. 1. 0. ... 1. 0. 0.],[1. 1. 1. ... 1. 0. 0.]
589,AdaBoost,"{'algorithm': 'SAMME', 'learning_rate': 0.1816326530612245, 'n_estimators': 85}",0.5562696578036412,0.09922082269041566,0.13667178824523976,0.1900832383809188,0.5681699118276565,0.09521431375571072,0.5573253590654773,0.11900078129359903,0.559115179252479,0.55955522971652,"{0: 0.555300702881348, 1: 0.5553007028813481}","{0: 0.555300702881348, 1: 0.5553007028813481}",0.5553007028813481,"[[406 245]
 [333 327]]",[1. 1. 0. ... 1. 0. 0.],[1. 1. 1. ... 1. 0. 0.]
930,AdaBoost,"{'algorithm': 'SAMME', 'learning_rate': 0.1816326530612245, 'n_estimators': 85}",0.5562696578036412,0.09922082269041566,0.13667178824523976,0.1900832383809188,0.5681699118276565,0.09521431375571072,0.5573253590654773,0.11900078129359903,0.559115179252479,0.55955522971652,"{0: 0.555300702881348, 1: 0.5553007028813481}","{0: 0.555300702881348, 1: 0.5553007028813481}",0.5553007028813481,"[[406 245]
 [333 327]]",[1. 1. 0. ... 1. 0. 0.],[1. 1. 1. ... 1. 0. 0.]
494,AdaBoost,"{'algorithm': 'SAMME', 'learning_rate': 0.1816326530612245, 'n_estimators': 85}",0.5562696578036412,0.09922082269041566,0.13667178824523976,0.1900832383809188,0.5681699118276565,0.09521431375571072,0.5573253590654773,0.11900078129359903,0.559115179252479,0.55955522971652,"{0: 0.555300702881348, 1: 0.5553007028813481}","{0: 0.555300702881348, 1: 0.5553007028813481}",0.5553007028813481,"[[406 245]
 [333 327]]",[1. 1. 0. ... 1. 0. 0.],[1. 1. 1. ... 1. 0. 0.]
792,AdaBoost,"{'algorithm': 'SAMME', 'learning_rate': 1.3244897959183672, 'n_estimators': 85}",0.5596529132341757,0.11746863764069647,0.13438539113047374,0.22751068067947522,0.5679290834085623,0.11284422516820863,0.5508778658249563,0.1025189655895049,0.551487414187643,0.5512358609132803,"{0: 0.5670472001117162, 1: 0.5670472001117162}","{0: 0.5670472001117162, 1: 0.5670472001117162}",0.5670472001117162,"[[335 316]
 [272 388]]",[1. 0. 0. ... 1. 0. 0.],[1. 1. 1. ... 1. 0. 0.]
880,AdaBoost,"{'algorithm': 'SAMME', 'learning_rate': 1.3244897959183672, 'n_estimators': 85}",0.5596529132341757,0.11746863764069647,0.13438539113047374,0.22751068067947522,0.5679290834085623,0.11284422516820863,0.5508778658249563,0.1025189655895049,0.551487414187643,0.5512358609132803,"{0: 0.5670472001117162, 1: 0.5670472001117162}","{0: 0.5670472001117162, 1: 0.5670472001117162}",0.5670472001117162,"[[335 316]
 [272 388]]",[1. 0. 0. ... 1. 0. 0.],[1. 1. 1. ... 1. 0. 0.]
418,AdaBoost,"{'algorithm': 'SAMME', 'learning_rate': 1.3244897959183672, 'n_estimators': 85}",0.5596529132341757,0.11746863764069647,0.13438539113047374,0.22751068067947522,0.5679290834085623,0.11284422516820863,0.5508778658249563,0.1025189655895049,0.551487414187643,0.5512358609132803,"{0: 0.5670472001117162, 1: 0.5670472001117162}","{0: 0.5670472001117162, 1: 0.5670472001117162}",0.5670472001117162,"[[335 316]
 [272 388]]",[1. 0. 0. ... 1. 0. 0.],[1. 1. 1. ... 1. 0. 0.]
322,AdaBoost,"{'algorithm': 'SAMME', 'learning_rate': 1.3244897959183672, 'n_estimators': 85}",0.5596529132341757,0.11746863764069647,0.13438539113047374,0.22751068067947522,0.5679290834085623,0.11284422516820863,0.5508778658249563,0.1025189655895049,0.551487414187643,0.5512358609132803,"{0: 0.5670472001117162, 1: 0.5670472001117162}","{0: 0.5670472001117162, 1: 0.5670472001117162}",0.5670472001117162,"[[335 316]
 [272 388]]",[1. 0. 0. ... 1. 0. 0.],[1. 1. 1. ... 1. 0. 0.]
684,AdaBoost,"{'algorithm': 'SAMME', 'learning_rate': 1.3244897959183672, 'n_estimators': 85}",0.5596529132341757,0.11746863764069647,0.13438539113047374,0.22751068067947522,0.5679290834085623,0.11284422516820863,0.5508778658249563,0.1025189655895049,0.551487414187643,0.5512358609132803,"{0: 0.5670472001117162, 1: 0.5670472001117162}","{0: 0.5670472001117162, 1: 0.5670472001117162}",0.5670472001117162,"[[335 316]
 [272 388]]",[1. 0. 0. ... 1. 0. 0.],[1. 1. 1. ... 1. 0. 0.]
599,AdaBoost,"{'algorithm': 'SAMME', 'learning_rate': 1.3244897959183672, 'n_estimators': 85}",0.5596529132341757,0.11746863764069647,0.13438539113047374,0.22751068067947522,0.5679290834085623,0.11284422516820863,0.5508778658249563,0.1025189655895049,0.551487414187643,0.5512358609132803,"{0: 0.5670472001117162, 1: 0.5670472001117162}","{0: 0.5670472001117162, 1: 0.5670472001117162}",0.5670472001117162,"[[335 316]
 [272 388]]",[1. 0. 0. ... 1. 0. 0.],[1. 1. 1. ... 1. 0. 0.]
970,AdaBoost,"{'algorithm': 'SAMME', 'learning_rate': 1.3244897959183672, 'n_estimators': 85}",0.5596529132341757,0.11746863764069647,0.13438539113047374,0.22751068067947522,0.5679290834085623,0.11284422516820863,0.5508778658249563,0.1025189655895049,0.551487414187643,0.5512358609132803,"{0: 0.5670472001117162, 1: 0.5670472001117162}","{0: 0.5670472001117162, 1: 0.5670472001117162}",0.5670472001117162,"[[335 316]
 [272 388]]",[1. 0. 0. ... 1. 0. 0.],[1. 1. 1. ... 1. 0. 0.]
117,knn,{'n_neighbors': 31},0.5636778124917172,0.13357608043557442,0.1343339291029736,0.263560071994614,0.5673562200095477,0.13209121758274958,0.5452047070187943,0.09051799395196491,0.5453852021357742,0.5452485686356654,"{0: 0.5476237024624122, 1: 0.5476237024624122}","{0: 0.5476237024624122, 1: 0.5476237024624122}",0.5476237024624122,"[[342 309]
 [287 373]]",[0. 1. 0. ... 1. 1. 0.],[1. 1. 1. ... 1. 0. 0.]
779,knn,{'n_neighbors': 31},0.5636778124917172,0.13357608043557442,0.1343339291029736,0.263560071994614,0.5673562200095477,0.13209121758274958,0.5452047070187943,0.09051799395196491,0.5453852021357742,0.5452485686356654,"{0: 0.5476237024624122, 1: 0.5476237024624122}","{0: 0.5476237024624122, 1: 0.5476237024624122}",0.5476237024624122,"[[342 309]
 [287 373]]",[0. 1. 0. ... 1. 1. 0.],[1. 1. 1. ... 1. 0. 0.]
449,knn,{'n_neighbors': 31},0.5636778124917172,0.13357608043557442,0.1343339291029736,0.263560071994614,0.5673562200095477,0.13209121758274958,0.5452047070187943,0.09051799395196491,0.5453852021357742,0.5452485686356654,"{0: 0.5476237024624122, 1: 0.5476237024624122}","{0: 0.5476237024624122, 1: 0.5476237024624122}",0.5476237024624122,"[[342 309]
 [287 373]]",[0. 1. 0. ... 1. 1. 0.],[1. 1. 1. ... 1. 0. 0.]
232,AdaBoost,"{'algorithm': 'SAMME', 'learning_rate': 0.42653061224489797, 'n_estimators': 30}",0.5581705019640968,0.09865854097317735,0.1342480398301004,0.19520340470105957,0.5672158178975446,0.09736967347143126,0.5564881146966796,0.11578580150008722,0.5575896262395118,0.5579353442256668,"{0: 0.5585579295256715, 1: 0.5585579295256715}","{0: 0.5585579295256715, 1: 0.5585579295256715}",0.5585579295256715,"[[396 255]
 [325 335]]",[1. 1. 0. ... 1. 0. 0.],[1. 1. 1. ... 1. 0. 0.]
504,AdaBoost,"{'algorithm': 'SAMME', 'learning_rate': 0.42653061224489797, 'n_estimators': 30}",0.5581705019640968,0.09865854097317735,0.1342480398301004,0.19520340470105957,0.5672158178975446,0.09736967347143126,0.5564881146966796,0.11578580150008722,0.5575896262395118,0.5579353442256668,"{0: 0.5585579295256715, 1: 0.5585579295256715}","{0: 0.5585579295256715, 1: 0.5585579295256715}",0.5585579295256715,"[[396 255]
 [325 335]]",[1. 1. 0. ... 1. 0. 0.],[1. 1. 1. ... 1. 0. 0.]
66,AdaBoost,"{'algorithm': 'SAMME', 'learning_rate': 0.9979591836734693, 'n_estimators': 74}",0.5622885394119604,0.08063071647991484,0.13387093124018506,0.15803600120429337,0.5678930560200031,0.07871358674606004,0.5605164426272413,0.1210743541932916,0.5606407322654462,0.5605257645580226,"{0: 0.5663547921612438, 1: 0.5663547921612438}","{0: 0.5663547921612438, 1: 0.5663547921612438}",0.5663547921612438,"[[354 297]
 [279 381]]",[1. 1. 0. ... 1. 0. 0.],[1. 1. 1. ... 1. 0. 0.]
319,AdaBoost,"{'algorithm': 'SAMME', 'learning_rate': 0.9979591836734693, 'n_estimators': 74}",0.5622885394119604,0.08063071647991484,0.13387093124018506,0.15803600120429337,0.5678930560200031,0.07871358674606004,0.5605164426272413,0.1210743541932916,0.5606407322654462,0.5605257645580226,"{0: 0.5663547921612438, 1: 0.5663547921612438}","{0: 0.5663547921612438, 1: 0.5663547921612438}",0.5663547921612438,"[[354 297]
 [279 381]]",[1. 1. 0. ... 1. 0. 0.],[1. 1. 1. ... 1. 0. 0.]
304,AdaBoost,"{'algorithm': 'SAMME', 'learning_rate': 0.5897959183673469, 'n_estimators': 96}",0.557358565296064,0.0963747992317864,0.13353928944544652,0.193354859169277,0.5668216605528539,0.09645005631172744,0.556065082575251,0.1141593136485275,0.5568268497330282,0.5571149280826699,"{0: 0.554103244425825, 1: 0.5541032444258251}","{0: 0.554103244425825, 1: 0.5541032444258251}",0.5541032444258251,"[[390 261]
 [320 340]]",[1. 1. 0. ... 1. 0. 0.],[1. 1. 1. ... 1. 0. 0.]
689,AdaBoost,"{'algorithm': 'SAMME', 'learning_rate': 0.5897959183673469, 'n_estimators': 96}",0.557358565296064,0.0963747992317864,0.13353928944544652,0.193354859169277,0.5668216605528539,0.09645005631172744,0.556065082575251,0.1141593136485275,0.5568268497330282,0.5571149280826699,"{0: 0.554103244425825, 1: 0.5541032444258251}","{0: 0.554103244425825, 1: 0.5541032444258251}",0.5541032444258251,"[[390 261]
 [320 340]]",[1. 1. 0. ... 1. 0. 0.],[1. 1. 1. ... 1. 0. 0.]
802,AdaBoost,"{'algorithm': 'SAMME', 'learning_rate': 0.6714285714285714, 'n_estimators': 85}",0.5565564994649019,0.10225384051943777,0.13345685937733126,0.19913231938548207,0.5662724491182531,0.09968241597871758,0.5548897381834338,0.11275535833891492,0.5560640732265446,0.5564201927105152,"{0: 0.5547653958944282, 1: 0.5547653958944282}","{0: 0.5547653958944282, 1: 0.5547653958944282}",0.5547653958944282,"[[396 255]
 [327 333]]",[1. 0. 0. ... 1. 0. 0.],[1. 1. 1. ... 1. 0. 0.]
433,AdaBoost,"{'algorithm': 'SAMME', 'learning_rate': 0.6714285714285714, 'n_estimators': 85}",0.5565564994649019,0.10225384051943777,0.13345685937733126,0.19913231938548207,0.5662724491182531,0.09968241597871758,0.5548897381834338,0.11275535833891492,0.5560640732265446,0.5564201927105152,"{0: 0.5547653958944282, 1: 0.5547653958944282}","{0: 0.5547653958944282, 1: 0.5547653958944282}",0.5547653958944282,"[[396 255]
 [327 333]]",[1. 0. 0. ... 1. 0. 0.],[1. 1. 1. ... 1. 0. 0.]
540,AdaBoost,"{'algorithm': 'SAMME', 'learning_rate': 0.6714285714285714, 'n_estimators': 85}",0.5565564994649019,0.10225384051943777,0.13345685937733126,0.19913231938548207,0.5662724491182531,0.09968241597871758,0.5548897381834338,0.11275535833891492,0.5560640732265446,0.5564201927105152,"{0: 0.5547653958944282, 1: 0.5547653958944282}","{0: 0.5547653958944282, 1: 0.5547653958944282}",0.5547653958944282,"[[396 255]
 [327 333]]",[1. 0. 0. ... 1. 0. 0.],[1. 1. 1. ... 1. 0. 0.]
69,AdaBoost,"{'algorithm': 'SAMME', 'learning_rate': 1.4877551020408164, 'n_estimators': 74}",0.5603381402855439,0.10306561937605094,0.13331798585814297,0.20059688148315422,0.5668227413520044,0.10049960233154412,0.5468870262415827,0.09372185097513464,0.5469107551487414,0.5468579807289484,"{0: 0.5688102220360285, 1: 0.5688102220360285}","{0: 0.5688102220360285, 1: 0.5688102220360285}",0.5688102220360285,"[[351 300]
 [294 366]]",[0. 0. 0. ... 0. 0. 0.],[1. 1. 1. ... 1. 0. 0.]
753,AdaBoost,"{'algorithm': 'SAMME', 'learning_rate': 1.4877551020408164, 'n_estimators': 74}",0.5603381402855439,0.10306561937605094,0.13331798585814297,0.20059688148315422,0.5668227413520044,0.10049960233154412,0.5468870262415827,0.09372185097513464,0.5469107551487414,0.5468579807289484,"{0: 0.5688102220360285, 1: 0.5688102220360285}","{0: 0.5688102220360285, 1: 0.5688102220360285}",0.5688102220360285,"[[351 300]
 [294 366]]",[0. 0. 0. ... 0. 0. 0.],[1. 1. 1. ... 1. 0. 0.]
739,knn,{'n_neighbors': 35},0.5609660697331287,0.12826204697623286,0.13304479132940897,0.2550548355859985,0.5670651814221346,0.12742743371862847,0.5435111096942842,0.08737043556002566,0.543859649122807,0.5436705767350929,"{0: 0.54986617325327, 1: 0.5498661732532701}","{0: 0.54986617325327, 1: 0.5498661732532701}",0.5498661732532701,"[[336 315]
 [283 377]]",[1. 1. 0. ... 1. 1. 0.],[1. 1. 1. ... 1. 0. 0.]
98,knn,{'n_neighbors': 35},0.5609660697331287,0.12826204697623286,0.13304479132940897,0.2550548355859985,0.5670651814221346,0.12742743371862847,0.5435111096942842,0.08737043556002566,0.543859649122807,0.5436705767350929,"{0: 0.54986617325327, 1: 0.5498661732532701}","{0: 0.54986617325327, 1: 0.5498661732532701}",0.5498661732532701,"[[336 315]
 [283 377]]",[1. 1. 0. ... 1. 1. 0.],[1. 1. 1. ... 1. 0. 0.]
438,knn,{'n_neighbors': 35},0.5609660697331287,0.12826204697623286,0.13304479132940897,0.2550548355859985,0.5670651814221346,0.12742743371862847,0.5435111096942842,0.08737043556002566,0.543859649122807,0.5436705767350929,"{0: 0.54986617325327, 1: 0.5498661732532701}","{0: 0.54986617325327, 1: 0.5498661732532701}",0.5498661732532701,"[[336 315]
 [283 377]]",[1. 1. 0. ... 1. 1. 0.],[1. 1. 1. ... 1. 0. 0.]
607,knn,{'n_neighbors': 29},0.5624393628613437,0.12797221577370568,0.13280058504641648,0.25265455660801556,0.5667777770307397,0.1264731633192508,0.5429293062806856,0.08594963981045967,0.5430968726163234,0.542965367965368,"{0: 0.547882046269143, 1: 0.547882046269143}","{0: 0.547882046269143, 1: 0.547882046269143}",0.547882046269143,"[[341 310]
 [289 371]]",[1. 1. 0. ... 1. 1. 0.],[1. 1. 1. ... 1. 0. 0.]
249,knn,{'n_neighbors': 29},0.5624393628613437,0.12797221577370568,0.13280058504641648,0.25265455660801556,0.5667777770307397,0.1264731633192508,0.5429293062806856,0.08594963981045967,0.5430968726163234,0.542965367965368,"{0: 0.547882046269143, 1: 0.547882046269143}","{0: 0.547882046269143, 1: 0.547882046269143}",0.547882046269143,"[[341 310]
 [289 371]]",[1. 1. 0. ... 1. 1. 0.],[1. 1. 1. ... 1. 0. 0.]
979,knn,{'n_neighbors': 29},0.5624393628613437,0.12797221577370568,0.13280058504641648,0.25265455660801556,0.5667777770307397,0.1264731633192508,0.5429293062806856,0.08594963981045967,0.5430968726163234,0.542965367965368,"{0: 0.547882046269143, 1: 0.547882046269143}","{0: 0.547882046269143, 1: 0.547882046269143}",0.547882046269143,"[[341 310]
 [289 371]]",[1. 1. 0. ... 1. 1. 0.],[1. 1. 1. ... 1. 0. 0.]
709,AdaBoost,"{'algorithm': 'SAMME', 'learning_rate': 0.6714285714285714, 'n_estimators': 74}",0.5525540477940227,0.10140681011930613,0.13259689671395258,0.19579702022583598,0.5658271263251042,0.09796740761375648,0.5533630096063131,0.11140757482220898,0.555301296720061,0.5557568775310711,"{0: 0.555399618302844, 1: 0.5553996183028441}","{0: 0.555399618302844, 1: 0.5553996183028441}",0.5553996183028441,"[[405 246]
 [337 323]]",[1. 0. 0. ... 1. 0. 0.],[1. 1. 1. ... 1. 0. 0.]
213,AdaBoost,"{'algorithm': 'SAMME.R', 'learning_rate': 0.5897959183673469, 'n_estimators': 30}",0.5609993349242083,0.11351033053772226,0.13205323719542894,0.22287095689152986,0.5664644554435403,0.11115701855292481,0.547615619412381,0.09520018714626388,0.547673531655225,0.547594609691384,"{0: 0.555988455988456, 1: 0.555988455988456}","{0: 0.555988455988456, 1: 0.555988455988456}",0.555988455988456,"[[349 302]
 [291 369]]",[1. 1. 0. ... 0. 1. 0.],[1. 1. 1. ... 1. 0. 0.]
561,AdaBoost,"{'algorithm': 'SAMME', 'learning_rate': 0.26326530612244897, 'n_estimators': 85}",0.5528999752655757,0.10126691152545271,0.13125032421141034,0.19331991595497683,0.5652710354231621,0.09682885910616254,0.5531782701729135,0.11144476414683058,0.555301296720061,0.5557778243262115,"{0: 0.5573988735279057, 1: 0.5573988735279058}","{0: 0.5573988735279057, 1: 0.5573988735279058}",0.5573988735279058,"[[407 244]
 [339 321]]",[1. 1. 0. ... 1. 0. 0.],[1. 1. 1. ... 1. 0. 0.]
732,AdaBoost,"{'algorithm': 'SAMME', 'learning_rate': 0.26326530612244897, 'n_estimators': 85}",0.5528999752655757,0.10126691152545271,0.13125032421141034,0.19331991595497683,0.5652710354231621,0.09682885910616254,0.5531782701729135,0.11144476414683058,0.555301296720061,0.5557778243262115,"{0: 0.5573988735279057, 1: 0.5573988735279058}","{0: 0.5573988735279057, 1: 0.5573988735279058}",0.5573988735279058,"[[407 244]
 [339 321]]",[1. 1. 0. ... 1. 0. 0.],[1. 1. 1. ... 1. 0. 0.]
827,AdaBoost,"{'algorithm': 'SAMME', 'learning_rate': 0.26326530612244897, 'n_estimators': 85}",0.5528999752655757,0.10126691152545271,0.13125032421141034,0.19331991595497683,0.5652710354231621,0.09682885910616254,0.5531782701729135,0.11144476414683058,0.555301296720061,0.5557778243262115,"{0: 0.5573988735279057, 1: 0.5573988735279058}","{0: 0.5573988735279057, 1: 0.5573988735279058}",0.5573988735279058,"[[407 244]
 [339 321]]",[1. 1. 0. ... 1. 0. 0.],[1. 1. 1. ... 1. 0. 0.]
162,AdaBoost,"{'algorithm': 'SAMME', 'learning_rate': 1.7326530612244897, 'n_estimators': 63}",0.558427015080001,0.10987416880380076,0.13057744840276325,0.2138299056274118,0.5655712892444641,0.10664665667697665,0.5544892652954232,0.1089417268950107,0.5545385202135774,0.5544651584974165,"{0: 0.5730880230880231, 1: 0.5730880230880231}","{0: 0.5730880230880231, 1: 0.5730880230880231}",0.5730880230880231,"[[354 297]
 [287 373]]",[0. 1. 0. ... 1. 0. 0.],[1. 1. 1. ... 1. 0. 0.]
461,AdaBoost,"{'algorithm': 'SAMME', 'learning_rate': 1.7326530612244897, 'n_estimators': 63}",0.558427015080001,0.10987416880380076,0.13057744840276325,0.2138299056274118,0.5655712892444641,0.10664665667697665,0.5544892652954232,0.1089417268950107,0.5545385202135774,0.5544651584974165,"{0: 0.5730880230880231, 1: 0.5730880230880231}","{0: 0.5730880230880231, 1: 0.5730880230880231}",0.5730880230880231,"[[354 297]
 [287 373]]",[0. 1. 0. ... 1. 0. 0.],[1. 1. 1. ... 1. 0. 0.]
250,AdaBoost,"{'algorithm': 'SAMME', 'learning_rate': 1.6510204081632653, 'n_estimators': 52}",0.5571753438579709,0.09272979159078419,0.1302277438585908,0.1805493346058955,0.5650473183951952,0.09078959676676533,0.5505975728491753,0.10166096027865312,0.5507246376811594,0.5508448540706605,"{0: 0.5611739514965322, 1: 0.5611739514965322}","{0: 0.5611739514965322, 1: 0.5611739514965322}",0.5611739514965322,"[[370 281]
 [308 352]]",[1. 0. 0. ... 0. 0. 0.],[1. 1. 1. ... 1. 0. 0.]
348,AdaBoost,"{'algorithm': 'SAMME', 'learning_rate': 0.6714285714285714, 'n_estimators': 30}",0.5508728382215449,0.09948021634149357,0.12987227697135617,0.19228503286644763,0.5645897134774327,0.09608252220235614,0.5499941707690099,0.1070312717940135,0.5530129672006102,0.5535784108364754,"{0: 0.5487012987012987, 1: 0.5487012987012987}","{0: 0.5487012987012987, 1: 0.5487012987012987}",0.5487012987012987,"[[414 237]
 [349 311]]",[1. 0. 0. ... 1. 0. 0.],[1. 1. 1. ... 1. 0. 0.]
394,knn,{'n_neighbors': 33},0.55930747060382,0.1377208520322897,0.1289461982455463,0.2705241612339935,0.5649055744643935,0.1357326014393108,0.5390388832685047,0.07827155837715893,0.5392829900839055,0.5391251221896383,"{0: 0.5450030256481869, 1: 0.5450030256481868}","{0: 0.5450030256481869, 1: 0.5450030256481868}",0.5450030256481868,"[[336 315]
 [289 371]]",[1. 1. 0. ... 1. 1. 0.],[1. 1. 1. ... 1. 0. 0.]
90,knn,{'n_neighbors': 33},0.55930747060382,0.1377208520322897,0.1289461982455463,0.2705241612339935,0.5649055744643935,0.1357326014393108,0.5390388832685047,0.07827155837715893,0.5392829900839055,0.5391251221896383,"{0: 0.5450030256481869, 1: 0.5450030256481868}","{0: 0.5450030256481869, 1: 0.5450030256481868}",0.5450030256481868,"[[336 315]
 [289 371]]",[1. 1. 0. ... 1. 1. 0.],[1. 1. 1. ... 1. 0. 0.]
824,knn,{'n_neighbors': 33},0.55930747060382,0.1377208520322897,0.1289461982455463,0.2705241612339935,0.5649055744643935,0.1357326014393108,0.5390388832685047,0.07827155837715893,0.5392829900839055,0.5391251221896383,"{0: 0.5450030256481869, 1: 0.5450030256481868}","{0: 0.5450030256481869, 1: 0.5450030256481868}",0.5450030256481868,"[[336 315]
 [289 371]]",[1. 1. 0. ... 1. 1. 0.],[1. 1. 1. ... 1. 0. 0.]
946,AdaBoost,"{'algorithm': 'SAMME', 'learning_rate': 0.5897959183673469, 'n_estimators': 85}",0.5523370534336564,0.09952208970158594,0.12843558538738836,0.19421327359278573,0.564424102680932,0.09686002783405832,0.5530620361528503,0.10978094042137565,0.5545385202135774,0.5549364613880743,"{0: 0.5559675091933157, 1: 0.5559675091933156}","{0: 0.5559675091933157, 1: 0.5559675091933156}",0.5559675091933156,"[[399 252]
 [332 328]]",[1. 1. 0. ... 1. 0. 0.],[1. 1. 1. ... 1. 0. 0.]
588,AdaBoost,"{'algorithm': 'SAMME', 'learning_rate': 0.5897959183673469, 'n_estimators': 85}",0.5523370534336564,0.09952208970158594,0.12843558538738836,0.19421327359278573,0.564424102680932,0.09686002783405832,0.5530620361528503,0.10978094042137565,0.5545385202135774,0.5549364613880743,"{0: 0.5559675091933157, 1: 0.5559675091933156}","{0: 0.5559675091933157, 1: 0.5559675091933156}",0.5559675091933156,"[[399 252]
 [332 328]]",[1. 1. 0. ... 1. 0. 0.],[1. 1. 1. ... 1. 0. 0.]
492,AdaBoost,"{'algorithm': 'SAMME', 'learning_rate': 0.5897959183673469, 'n_estimators': 85}",0.5523370534336564,0.09952208970158594,0.12843558538738836,0.19421327359278573,0.564424102680932,0.09686002783405832,0.5530620361528503,0.10978094042137565,0.5545385202135774,0.5549364613880743,"{0: 0.5559675091933157, 1: 0.5559675091933156}","{0: 0.5559675091933157, 1: 0.5559675091933156}",0.5559675091933156,"[[399 252]
 [332 328]]",[1. 1. 0. ... 1. 0. 0.],[1. 1. 1. ... 1. 0. 0.]
786,AdaBoost,"{'algorithm': 'SAMME', 'learning_rate': 0.5897959183673469, 'n_estimators': 85}",0.5523370534336564,0.09952208970158594,0.12843558538738836,0.19421327359278573,0.564424102680932,0.09686002783405832,0.5530620361528503,0.10978094042137565,0.5545385202135774,0.5549364613880743,"{0: 0.5559675091933157, 1: 0.5559675091933156}","{0: 0.5559675091933157, 1: 0.5559675091933156}",0.5559675091933156,"[[399 252]
 [332 328]]",[1. 1. 0. ... 1. 0. 0.],[1. 1. 1. ... 1. 0. 0.]
408,AdaBoost,"{'algorithm': 'SAMME', 'learning_rate': 0.5897959183673469, 'n_estimators': 85}",0.5523370534336564,0.09952208970158594,0.12843558538738836,0.19421327359278573,0.564424102680932,0.09686002783405832,0.5530620361528503,0.10978094042137565,0.5545385202135774,0.5549364613880743,"{0: 0.5559675091933157, 1: 0.5559675091933156}","{0: 0.5559675091933157, 1: 0.5559675091933156}",0.5559675091933156,"[[399 252]
 [332 328]]",[1. 1. 0. ... 1. 0. 0.],[1. 1. 1. ... 1. 0. 0.]
253,AdaBoost,"{'algorithm': 'SAMME', 'learning_rate': 0.6714285714285714, 'n_estimators': 41}",0.5514533402257096,0.09887168614174219,0.12805453244521534,0.19075282593414306,0.5637069842663452,0.09535277376228991,0.5498175205000737,0.10540449112968753,0.5522501906941266,0.5527579946934785,"{0: 0.5521074803332868, 1: 0.5521074803332868}","{0: 0.5521074803332868, 1: 0.5521074803332868}",0.5521074803332868,"[[408 243]
 [344 316]]",[1. 0. 0. ... 1. 0. 0.],[1. 1. 1. ... 1. 0. 0.]
620,AdaBoost,"{'algorithm': 'SAMME', 'learning_rate': 0.6714285714285714, 'n_estimators': 96}",0.5541030925686351,0.10289193619877514,0.1279149902576666,0.2005604658114396,0.56358470208268,0.10047081227546688,0.5526986369484147,0.10815393149064878,0.5537757437070938,0.5541160452450775,"{0: 0.5553612158450868, 1: 0.5553612158450868}","{0: 0.5553612158450868, 1: 0.5553612158450868}",0.5553612158450868,"[[393 258]
 [327 333]]",[1. 0. 0. ... 1. 0. 0.],[1. 1. 1. ... 1. 0. 0.]
884,AdaBoost,"{'algorithm': 'SAMME', 'learning_rate': 0.9163265306122448, 'n_estimators': 85}",0.5571974321370476,0.08782475339689778,0.12781134956882131,0.17493731697533493,0.5644004987964548,0.08750689324306396,0.5609897927052664,0.12317892349297732,0.5614035087719298,0.5616184890378438,"{0: 0.5585253456221198, 1: 0.5585253456221198}","{0: 0.5585253456221198, 1: 0.5585253456221198}",0.5585253456221198,"[[386 265]
 [310 350]]",[1. 1. 0. ... 1. 0. 0.],[1. 1. 1. ... 1. 0. 0.]
445,AdaBoost,"{'algorithm': 'SAMME', 'learning_rate': 0.9163265306122448, 'n_estimators': 85}",0.5571974321370476,0.08782475339689778,0.12781134956882131,0.17493731697533493,0.5644004987964548,0.08750689324306396,0.5609897927052664,0.12317892349297732,0.5614035087719298,0.5616184890378438,"{0: 0.5585253456221198, 1: 0.5585253456221198}","{0: 0.5585253456221198, 1: 0.5585253456221198}",0.5585253456221198,"[[386 265]
 [310 350]]",[1. 1. 0. ... 1. 0. 0.],[1. 1. 1. ... 1. 0. 0.]
978,AdaBoost,"{'algorithm': 'SAMME', 'learning_rate': 0.9163265306122448, 'n_estimators': 85}",0.5571974321370476,0.08782475339689778,0.12781134956882131,0.17493731697533493,0.5644004987964548,0.08750689324306396,0.5609897927052664,0.12317892349297732,0.5614035087719298,0.5616184890378438,"{0: 0.5585253456221198, 1: 0.5585253456221198}","{0: 0.5585253456221198, 1: 0.5585253456221198}",0.5585253456221198,"[[386 265]
 [310 350]]",[1. 1. 0. ... 1. 0. 0.],[1. 1. 1. ... 1. 0. 0.]
623,AdaBoost,"{'algorithm': 'SAMME', 'learning_rate': 0.9163265306122448, 'n_estimators': 85}",0.5571974321370476,0.08782475339689778,0.12781134956882131,0.17493731697533493,0.5644004987964548,0.08750689324306396,0.5609897927052664,0.12317892349297732,0.5614035087719298,0.5616184890378438,"{0: 0.5585253456221198, 1: 0.5585253456221198}","{0: 0.5585253456221198, 1: 0.5585253456221198}",0.5585253456221198,"[[386 265]
 [310 350]]",[1. 1. 0. ... 1. 0. 0.],[1. 1. 1. ... 1. 0. 0.]
265,AdaBoost,"{'algorithm': 'SAMME', 'learning_rate': 0.9163265306122448, 'n_estimators': 85}",0.5571974321370476,0.08782475339689778,0.12781134956882131,0.17493731697533493,0.5644004987964548,0.08750689324306396,0.5609897927052664,0.12317892349297732,0.5614035087719298,0.5616184890378438,"{0: 0.5585253456221198, 1: 0.5585253456221198}","{0: 0.5585253456221198, 1: 0.5585253456221198}",0.5585253456221198,"[[386 265]
 [310 350]]",[1. 1. 0. ... 1. 0. 0.],[1. 1. 1. ... 1. 0. 0.]
537,AdaBoost,"{'algorithm': 'SAMME', 'learning_rate': 0.9163265306122448, 'n_estimators': 85}",0.5571974321370476,0.08782475339689778,0.12781134956882131,0.17493731697533493,0.5644004987964548,0.08750689324306396,0.5609897927052664,0.12317892349297732,0.5614035087719298,0.5616184890378438,"{0: 0.5585253456221198, 1: 0.5585253456221198}","{0: 0.5585253456221198, 1: 0.5585253456221198}",0.5585253456221198,"[[386 265]
 [310 350]]",[1. 1. 0. ... 1. 0. 0.],[1. 1. 1. ... 1. 0. 0.]
846,AdaBoost,"{'algorithm': 'SAMME', 'learning_rate': 1.079591836734694, 'n_estimators': 52}",0.5564738342857314,0.10294809556216417,0.1270484755243559,0.19854715809187798,0.5646966740610165,0.09859006351590507,0.5507220235192103,0.10139751498584337,0.5507246376811594,0.5506982265046781,"{0: 0.5617674440255086, 1: 0.5617674440255086}","{0: 0.5617674440255086, 1: 0.5617674440255086}",0.5617674440255086,"[[356 295]
 [294 366]]",[1. 0. 0. ... 1. 0. 0.],[1. 1. 1. ... 1. 0. 0.]
140,AdaBoost,"{'algorithm': 'SAMME', 'learning_rate': 0.9163265306122448, 'n_estimators': 63}",0.5575121703630279,0.08772111603687209,0.12701703658937005,0.17652925027279207,0.5640382283154614,0.08822039954120528,0.5604729275252588,0.12336246445828325,0.5614035087719298,0.5617232230135456,"{0: 0.5602569473537216, 1: 0.5602569473537216}","{0: 0.5602569473537216, 1: 0.5602569473537216}",0.5602569473537216,"[[396 255]
 [320 340]]",[1. 0. 0. ... 1. 0. 0.],[1. 1. 1. ... 1. 0. 0.]
480,AdaBoost,"{'algorithm': 'SAMME', 'learning_rate': 1.4877551020408164, 'n_estimators': 96}",0.5572709252349584,0.10198639913554909,0.12669035632423103,0.2000213253268278,0.5634401661969216,0.1000207195366742,0.5453756798116599,0.09084181571929228,0.5453852021357742,0.5454266163943584,"{0: 0.5705627705627705, 1: 0.5705627705627706}","{0: 0.5705627705627705, 1: 0.5705627705627706}",0.5705627705627706,"[[359 292]
 [304 356]]",[0. 0. 0. ... 0. 0. 0.],[1. 1. 1. ... 1. 0. 0.]
417,AdaBoost,"{'algorithm': 'SAMME', 'learning_rate': 0.9979591836734693, 'n_estimators': 63}",0.5559736970614201,0.07821464856780795,0.12631342807361193,0.15095795616435373,0.5644504648568998,0.0751114437711546,0.5541591881006139,0.10871766932785731,0.5545385202135774,0.5543394777265744,"{0: 0.5642217101894521, 1: 0.5642217101894521}","{0: 0.5642217101894521, 1: 0.5642217101894521}",0.5642217101894521,"[[342 309]
 [275 385]]",[1. 1. 0. ... 1. 0. 0.],[1. 1. 1. ... 1. 0. 0.]
627,AdaBoost,"{'algorithm': 'SAMME', 'learning_rate': 0.9979591836734693, 'n_estimators': 63}",0.5559736970614201,0.07821464856780795,0.12631342807361193,0.15095795616435373,0.5644504648568998,0.0751114437711546,0.5541591881006139,0.10871766932785731,0.5545385202135774,0.5543394777265744,"{0: 0.5642217101894521, 1: 0.5642217101894521}","{0: 0.5642217101894521, 1: 0.5642217101894521}",0.5642217101894521,"[[342 309]
 [275 385]]",[1. 1. 0. ... 1. 0. 0.],[1. 1. 1. ... 1. 0. 0.]
939,AdaBoost,"{'algorithm': 'SAMME', 'learning_rate': 0.9979591836734693, 'n_estimators': 63}",0.5559736970614201,0.07821464856780795,0.12631342807361193,0.15095795616435373,0.5644504648568998,0.0751114437711546,0.5541591881006139,0.10871766932785731,0.5545385202135774,0.5543394777265744,"{0: 0.5642217101894521, 1: 0.5642217101894521}","{0: 0.5642217101894521, 1: 0.5642217101894521}",0.5642217101894521,"[[342 309]
 [275 385]]",[1. 1. 0. ... 1. 0. 0.],[1. 1. 1. ... 1. 0. 0.]
393,AdaBoost,"{'algorithm': 'SAMME', 'learning_rate': 0.9979591836734693, 'n_estimators': 63}",0.5559736970614201,0.07821464856780795,0.12631342807361193,0.15095795616435373,0.5644504648568998,0.0751114437711546,0.5541591881006139,0.10871766932785731,0.5545385202135774,0.5543394777265744,"{0: 0.5642217101894521, 1: 0.5642217101894521}","{0: 0.5642217101894521, 1: 0.5642217101894521}",0.5642217101894521,"[[342 309]
 [275 385]]",[1. 1. 0. ... 1. 0. 0.],[1. 1. 1. ... 1. 0. 0.]
441,AdaBoost,"{'algorithm': 'SAMME', 'learning_rate': 0.9979591836734693, 'n_estimators': 63}",0.5559736970614201,0.07821464856780795,0.12631342807361193,0.15095795616435373,0.5644504648568998,0.0751114437711546,0.5541591881006139,0.10871766932785731,0.5545385202135774,0.5543394777265744,"{0: 0.5642217101894521, 1: 0.5642217101894521}","{0: 0.5642217101894521, 1: 0.5642217101894521}",0.5642217101894521,"[[342 309]
 [275 385]]",[1. 1. 0. ... 1. 0. 0.],[1. 1. 1. ... 1. 0. 0.]
482,AdaBoost,"{'algorithm': 'SAMME', 'learning_rate': 0.9979591836734693, 'n_estimators': 63}",0.5559736970614201,0.07821464856780795,0.12631342807361193,0.15095795616435373,0.5644504648568998,0.0751114437711546,0.5541591881006139,0.10871766932785731,0.5545385202135774,0.5543394777265744,"{0: 0.5642217101894521, 1: 0.5642217101894521}","{0: 0.5642217101894521, 1: 0.5642217101894521}",0.5642217101894521,"[[342 309]
 [275 385]]",[1. 1. 0. ... 1. 0. 0.],[1. 1. 1. ... 1. 0. 0.]
640,AdaBoost,"{'algorithm': 'SAMME', 'learning_rate': 1.7326530612244897, 'n_estimators': 74}",0.5576835333793556,0.09210777280655623,0.1254927905475687,0.1800761498081996,0.56273242996715,0.09018869857043059,0.5491754782002357,0.09849730352374464,0.5491990846681922,0.5492563887725178,"{0: 0.5644905273937533, 1: 0.5644905273937532}","{0: 0.5644905273937533, 1: 0.5644905273937532}",0.5644905273937532,"[[363 288]
 [303 357]]",[0. 1. 0. ... 0. 0. 0.],[1. 1. 1. ... 1. 0. 0.]
44,AdaBoost,"{'algorithm': 'SAMME', 'learning_rate': 1.7326530612244897, 'n_estimators': 74}",0.5576835333793556,0.09210777280655623,0.1254927905475687,0.1800761498081996,0.56273242996715,0.09018869857043059,0.5491754782002357,0.09849730352374464,0.5491990846681922,0.5492563887725178,"{0: 0.5644905273937533, 1: 0.5644905273937532}","{0: 0.5644905273937533, 1: 0.5644905273937532}",0.5644905273937532,"[[363 288]
 [303 357]]",[0. 1. 0. ... 0. 0. 0.],[1. 1. 1. ... 1. 0. 0.]
282,AdaBoost,"{'algorithm': 'SAMME', 'learning_rate': 1.7326530612244897, 'n_estimators': 74}",0.5576835333793556,0.09210777280655623,0.1254927905475687,0.1800761498081996,0.56273242996715,0.09018869857043059,0.5491754782002357,0.09849730352374464,0.5491990846681922,0.5492563887725178,"{0: 0.5644905273937533, 1: 0.5644905273937532}","{0: 0.5644905273937533, 1: 0.5644905273937532}",0.5644905273937532,"[[363 288]
 [303 357]]",[0. 1. 0. ... 0. 0. 0.],[1. 1. 1. ... 1. 0. 0.]
36,knn,{'n_neighbors': 23},0.558085100924925,0.1264050799903114,0.12520062625076925,0.24927156960780678,0.5627972857675395,0.12497317596655329,0.5419443713362473,0.08429897533683972,0.5423340961098398,0.542134478424801,"{0: 0.5432004375552762, 1: 0.5432004375552762}","{0: 0.5432004375552762, 1: 0.5432004375552762}",0.5432004375552762,"[[334 317]
 [283 377]]",[1. 0. 0. ... 1. 1. 0.],[1. 1. 1. ... 1. 0. 0.]
350,knn,{'n_neighbors': 23},0.558085100924925,0.1264050799903114,0.12520062625076925,0.24927156960780678,0.5627972857675395,0.12497317596655329,0.5419443713362473,0.08429897533683972,0.5423340961098398,0.542134478424801,"{0: 0.5432004375552762, 1: 0.5432004375552762}","{0: 0.5432004375552762, 1: 0.5432004375552762}",0.5432004375552762,"[[334 317]
 [283 377]]",[1. 0. 0. ... 1. 1. 0.],[1. 1. 1. ... 1. 0. 0.]
648,knn,{'n_neighbors': 23},0.558085100924925,0.1264050799903114,0.12520062625076925,0.24927156960780678,0.5627972857675395,0.12497317596655329,0.5419443713362473,0.08429897533683972,0.5423340961098398,0.542134478424801,"{0: 0.5432004375552762, 1: 0.5432004375552762}","{0: 0.5432004375552762, 1: 0.5432004375552762}",0.5432004375552762,"[[334 317]
 [283 377]]",[1. 0. 0. ... 1. 1. 0.],[1. 1. 1. ... 1. 0. 0.]
671,AdaBoost,"{'algorithm': 'SAMME', 'learning_rate': 1.4877551020408164, 'n_estimators': 30}",0.5522668984398726,0.10712376389780542,0.124400003780951,0.20933995053905533,0.5628549569729203,0.10386999572207975,0.54538731819795,0.09080373100983019,0.5453852021357742,0.545405669599218,"{0: 0.5624982544337382, 1: 0.5624982544337382}","{0: 0.5624982544337382, 1: 0.5624982544337382}",0.5624982544337382,"[[357 294]
 [302 358]]",[0. 0. 0. ... 1. 0. 0.],[1. 1. 1. ... 1. 0. 0.]
820,AdaBoost,"{'algorithm': 'SAMME', 'learning_rate': 0.7530612244897958, 'n_estimators': 30}",0.5491900039962133,0.09943322173117429,0.12284795150004822,0.19247692376913828,0.5609920937974948,0.09632139363693917,0.5479543678995937,0.10074777828931758,0.5499618611746758,0.5504224270353303,"{0: 0.5453626122980961, 1: 0.5453626122980962}","{0: 0.5453626122980961, 1: 0.5453626122980962}",0.5453626122980962,"[[402 249]
 [341 319]]",[1. 0. 0. ... 1. 0. 0.],[1. 1. 1. ... 1. 0. 0.]
107,AdaBoost,"{'algorithm': 'SAMME', 'learning_rate': 0.8346938775510203, 'n_estimators': 41}",0.5505799809576751,0.10511211851232831,0.12233744678581324,0.20530157300994067,0.561738283931661,0.10273522475229803,0.5507996909874218,0.10345838218053938,0.551487414187643,0.5517595307917889,"{0: 0.5496974351813062, 1: 0.5496974351813062}","{0: 0.5496974351813062, 1: 0.5496974351813062}",0.5496974351813062,"[[385 266]
 [322 338]]",[1. 0. 0. ... 1. 0. 0.],[1. 1. 1. ... 1. 0. 0.]
916,AdaBoost,"{'algorithm': 'SAMME', 'learning_rate': 1.7326530612244897, 'n_estimators': 85}",0.5555864530482658,0.0839659465526652,0.12231883785556652,0.16311042121329222,0.5610709088529092,0.08223498956666189,0.5530150477583872,0.10605870196604117,0.5530129672006102,0.5530337941628265,"{0: 0.5679618768328446, 1: 0.5679618768328446}","{0: 0.5679618768328446, 1: 0.5679618768328446}",0.5679618768328446,"[[362 289]
 [297 363]]",[0. 1. 0. ... 0. 0. 0.],[1. 1. 1. ... 1. 0. 0.]
567,AdaBoost,"{'algorithm': 'SAMME', 'learning_rate': 1.7326530612244897, 'n_estimators': 85}",0.5555864530482658,0.0839659465526652,0.12231883785556652,0.16311042121329222,0.5610709088529092,0.08223498956666189,0.5530150477583872,0.10605870196604117,0.5530129672006102,0.5530337941628265,"{0: 0.5679618768328446, 1: 0.5679618768328446}","{0: 0.5679618768328446, 1: 0.5679618768328446}",0.5679618768328446,"[[362 289]
 [297 363]]",[0. 1. 0. ... 0. 0. 0.],[1. 1. 1. ... 1. 0. 0.]
746,AdaBoost,"{'algorithm': 'SAMME', 'learning_rate': 1.7326530612244897, 'n_estimators': 85}",0.5555864530482658,0.0839659465526652,0.12231883785556652,0.16311042121329222,0.5610709088529092,0.08223498956666189,0.5530150477583872,0.10605870196604117,0.5530129672006102,0.5530337941628265,"{0: 0.5679618768328446, 1: 0.5679618768328446}","{0: 0.5679618768328446, 1: 0.5679618768328446}",0.5679618768328446,"[[362 289]
 [297 363]]",[0. 1. 0. ... 0. 0. 0.],[1. 1. 1. ... 1. 0. 0.]
535,knn,{'n_neighbors': 19},0.5566661805028974,0.12145490065794819,0.12215019105534218,0.23920312957581144,0.5615841097623606,0.11995644614082997,0.5393943587747075,0.07961439723371933,0.540045766590389,0.5397884373690826,"{0: 0.5314108830237863, 1: 0.5314108830237863}","{0: 0.5314108830237863, 1: 0.5314108830237863}",0.5314108830237863,"[[327 324]
 [279 381]]",[1. 1. 0. ... 1. 1. 0.],[1. 1. 1. ... 1. 0. 0.]
895,knn,{'n_neighbors': 19},0.5566661805028974,0.12145490065794819,0.12215019105534218,0.23920312957581144,0.5615841097623606,0.11995644614082997,0.5393943587747075,0.07961439723371933,0.540045766590389,0.5397884373690826,"{0: 0.5314108830237863, 1: 0.5314108830237863}","{0: 0.5314108830237863, 1: 0.5314108830237863}",0.5314108830237863,"[[327 324]
 [279 381]]",[1. 1. 0. ... 1. 1. 0.],[1. 1. 1. ... 1. 0. 0.]
197,knn,{'n_neighbors': 19},0.5566661805028974,0.12145490065794819,0.12215019105534218,0.23920312957581144,0.5615841097623606,0.11995644614082997,0.5393943587747075,0.07961439723371933,0.540045766590389,0.5397884373690826,"{0: 0.5314108830237863, 1: 0.5314108830237863}","{0: 0.5314108830237863, 1: 0.5314108830237863}",0.5314108830237863,"[[327 324]
 [279 381]]",[1. 1. 0. ... 1. 1. 0.],[1. 1. 1. ... 1. 0. 0.]
371,AdaBoost,"{'algorithm': 'SAMME', 'learning_rate': 0.7530612244897958, 'n_estimators': 85}",0.5527578388562943,0.0743024262159752,0.12213240378907614,0.14822441769264422,0.5612633803043265,0.07431483142319804,0.5597954900990243,0.1199264246498365,0.5598779557589626,0.5599776567518503,"{0: 0.5618372666759764, 1: 0.5618372666759763}","{0: 0.5618372666759764, 1: 0.5618372666759763}",0.5618372666759763,"[[374 277]
 [300 360]]",[1. 0. 0. ... 1. 0. 0.],[1. 1. 1. ... 1. 0. 0.]
270,AdaBoost,"{'algorithm': 'SAMME', 'learning_rate': 0.7530612244897958, 'n_estimators': 85}",0.5527578388562943,0.0743024262159752,0.12213240378907614,0.14822441769264422,0.5612633803043265,0.07431483142319804,0.5597954900990243,0.1199264246498365,0.5598779557589626,0.5599776567518503,"{0: 0.5618372666759764, 1: 0.5618372666759763}","{0: 0.5618372666759764, 1: 0.5618372666759763}",0.5618372666759763,"[[374 277]
 [300 360]]",[1. 0. 0. ... 1. 0. 0.],[1. 1. 1. ... 1. 0. 0.]
647,AdaBoost,"{'algorithm': 'SAMME', 'learning_rate': 0.7530612244897958, 'n_estimators': 85}",0.5527578388562943,0.0743024262159752,0.12213240378907614,0.14822441769264422,0.5612633803043265,0.07431483142319804,0.5597954900990243,0.1199264246498365,0.5598779557589626,0.5599776567518503,"{0: 0.5618372666759764, 1: 0.5618372666759763}","{0: 0.5618372666759764, 1: 0.5618372666759763}",0.5618372666759763,"[[374 277]
 [300 360]]",[1. 0. 0. ... 1. 0. 0.],[1. 1. 1. ... 1. 0. 0.]
912,AdaBoost,"{'algorithm': 'SAMME', 'learning_rate': 0.7530612244897958, 'n_estimators': 85}",0.5527578388562943,0.0743024262159752,0.12213240378907614,0.14822441769264422,0.5612633803043265,0.07431483142319804,0.5597954900990243,0.1199264246498365,0.5598779557589626,0.5599776567518503,"{0: 0.5618372666759764, 1: 0.5618372666759763}","{0: 0.5618372666759764, 1: 0.5618372666759763}",0.5618372666759763,"[[374 277]
 [300 360]]",[1. 0. 0. ... 1. 0. 0.],[1. 1. 1. ... 1. 0. 0.]
372,knn,{'n_neighbors': 37},0.5548697098377238,0.12623635907841338,0.12141437996132448,0.24823117494112712,0.5611890335716615,0.12430662580821257,0.5402841564699441,0.0811888795753003,0.5408085430968727,0.5405774333193688,"{0: 0.5504817762882278, 1: 0.5504817762882278}","{0: 0.5504817762882278, 1: 0.5504817762882278}",0.5504817762882278,"[[330 321]
 [281 379]]",[1. 1. 0. ... 1. 1. 0.],[1. 1. 1. ... 1. 0. 0.]
72,knn,{'n_neighbors': 37},0.5548697098377238,0.12623635907841338,0.12141437996132448,0.24823117494112712,0.5611890335716615,0.12430662580821257,0.5402841564699441,0.0811888795753003,0.5408085430968727,0.5405774333193688,"{0: 0.5504817762882278, 1: 0.5504817762882278}","{0: 0.5504817762882278, 1: 0.5504817762882278}",0.5504817762882278,"[[330 321]
 [281 379]]",[1. 1. 0. ... 1. 1. 0.],[1. 1. 1. ... 1. 0. 0.]
701,knn,{'n_neighbors': 37},0.5548697098377238,0.12623635907841338,0.12141437996132448,0.24823117494112712,0.5611890335716615,0.12430662580821257,0.5402841564699441,0.0811888795753003,0.5408085430968727,0.5405774333193688,"{0: 0.5504817762882278, 1: 0.5504817762882278}","{0: 0.5504817762882278, 1: 0.5504817762882278}",0.5504817762882278,"[[330 321]
 [281 379]]",[1. 1. 0. ... 1. 1. 0.],[1. 1. 1. ... 1. 0. 0.]
507,AdaBoost,"{'algorithm': 'SAMME', 'learning_rate': 1.3244897959183672, 'n_estimators': 52}",0.5538719950204559,0.11164944232485029,0.12110642458595176,0.21620591500393416,0.5615694164785061,0.10743304679959466,0.5467308657200736,0.09356994699239451,0.5469107551487414,0.5467741935483871,"{0: 0.5582088162733324, 1: 0.5582088162733324}","{0: 0.5582088162733324, 1: 0.5582088162733324}",0.5582088162733324,"[[343 308]
 [286 374]]",[1. 0. 0. ... 1. 0. 0.],[1. 1. 1. ... 1. 0. 0.]
288,AdaBoost,"{'algorithm': 'SAMME.R', 'learning_rate': 0.1, 'n_estimators': 52}",0.550509613783652,0.09699613613028468,0.12108888772700016,0.19169492205568125,0.5603900664719936,0.09587874797445257,0.5495713712107784,0.1020746337906806,0.5507246376811594,0.5510752688172043,"{0: 0.5601638504864311, 1: 0.5601638504864311}","{0: 0.5601638504864311, 1: 0.5601638504864311}",0.5601638504864311,"[[392 259]
 [330 330]]",[0. 1. 0. ... 1. 1. 0.],[1. 1. 1. ... 1. 0. 0.]
677,AdaBoost,"{'algorithm': 'SAMME.R', 'learning_rate': 2.2224489795918365, 'n_estimators': 85}",0.5397214349931149,0.09010224320700347,0.12105474624763084,0.16442651509286957,0.5599194141588093,0.08344091750183796,0.5499230151695605,0.11995846921425979,0.559115179252479,0.560099846390169,"{0: 0.5436519573616349, 1: 0.5436519573616346}","{0: 0.5436519573616349, 1: 0.5436519573616346}",0.5436519573616346,"[[458 193]
 [385 275]]",[1. 0. 0. ... 1. 0. 0.],[1. 1. 1. ... 1. 0. 0.]
811,AdaBoost,"{'algorithm': 'SAMME', 'learning_rate': 0.9163265306122448, 'n_estimators': 74}",0.5532046152323491,0.08540665832696832,0.12102633985873115,0.17050846647618778,0.5610377610191549,0.08526936251098426,0.5570614258095807,0.11560068390383482,0.5575896262395118,0.557830610249965,"{0: 0.5602906949681143, 1: 0.5602906949681143}","{0: 0.5602906949681143, 1: 0.5602906949681143}",0.5602906949681143,"[[386 265]
 [315 345]]",[1. 1. 0. ... 1. 0. 0.],[1. 1. 1. ... 1. 0. 0.]
773,AdaBoost,"{'algorithm': 'SAMME', 'learning_rate': 1.8959183673469386, 'n_estimators': 41}",0.5460449483356304,0.098188820889471,0.12073840615534973,0.19174281703620413,0.5594388679576443,0.09492264592109098,0.5423959052895667,0.085700613694075,0.5430968726163234,0.5428292137969557,"{0: 0.5477668388958712, 1: 0.5477668388958712}","{0: 0.5477668388958712, 1: 0.5477668388958712}",0.5477668388958712,"[[328 323]
 [276 384]]",[0. 0. 0. ... 1. 0. 0.],[1. 1. 1. ... 1. 0. 0.]
885,AdaBoost,"{'algorithm': 'SAMME', 'learning_rate': 1.2428571428571429, 'n_estimators': 96}",0.5526688462440891,0.1034943848063259,0.12063194186002885,0.2007954397012038,0.5605154713886911,0.1008031909644083,0.5461294920671455,0.09220563847429519,0.5461479786422578,0.5461004049713727,"{0: 0.5582995857189406, 1: 0.5582995857189406}","{0: 0.5582995857189406, 1: 0.5582995857189406}",0.5582995857189406,"[[351 300]
 [295 365]]",[1. 0. 0. ... 1. 0. 0.],[1. 1. 1. ... 1. 0. 0.]
782,AdaBoost,"{'algorithm': 'SAMME', 'learning_rate': 1.2428571428571429, 'n_estimators': 96}",0.5526688462440891,0.1034943848063259,0.12063194186002885,0.2007954397012038,0.5605154713886911,0.1008031909644083,0.5461294920671455,0.09220563847429519,0.5461479786422578,0.5461004049713727,"{0: 0.5582995857189406, 1: 0.5582995857189406}","{0: 0.5582995857189406, 1: 0.5582995857189406}",0.5582995857189406,"[[351 300]
 [295 365]]",[1. 0. 0. ... 1. 0. 0.],[1. 1. 1. ... 1. 0. 0.]
486,AdaBoost,"{'algorithm': 'SAMME.R', 'learning_rate': 1.079591836734694, 'n_estimators': 30}",0.5529828016286314,0.10585838459150239,0.11978096474488627,0.20825533117177994,0.5604946094359022,0.10333548772224363,0.5400187907602526,0.08109259841419536,0.5408085430968727,0.540525066331518,"{0: 0.5691255876739748, 1: 0.5691255876739748}","{0: 0.5691255876739748, 1: 0.5691255876739748}",0.5691255876739748,"[[325 326]
 [276 384]]",[0. 1. 0. ... 0. 0. 0.],[1. 1. 1. ... 1. 0. 0.]
220,AdaBoost,"{'algorithm': 'SAMME', 'learning_rate': 2.2224489795918365, 'n_estimators': 85}",0.5401428546931355,0.08951037196111386,0.11947214449566858,0.16184087173581868,0.5595180489964353,0.0815478237523089,0.5530658829139313,0.1131266214746004,0.5560640732265446,0.5566296606619188,"{0: 0.5383966392030908, 1: 0.5383966392030908}","{0: 0.5383966392030908, 1: 0.5383966392030908}",0.5383966392030908,"[[416 235]
 [347 313]]",[1. 0. 0. ... 1. 0. 0.],[1. 1. 1. ... 1. 0. 0.]
769,AdaBoost,"{'algorithm': 'SAMME', 'learning_rate': 2.2224489795918365, 'n_estimators': 85}",0.5401428546931355,0.08951037196111386,0.11947214449566858,0.16184087173581868,0.5595180489964353,0.0815478237523089,0.5530658829139313,0.1131266214746004,0.5560640732265446,0.5566296606619188,"{0: 0.5383966392030908, 1: 0.5383966392030908}","{0: 0.5383966392030908, 1: 0.5383966392030908}",0.5383966392030908,"[[416 235]
 [347 313]]",[1. 0. 0. ... 1. 0. 0.],[1. 1. 1. ... 1. 0. 0.]
594,AdaBoost,"{'algorithm': 'SAMME', 'learning_rate': 2.2224489795918365, 'n_estimators': 85}",0.5401428546931355,0.08951037196111386,0.11947214449566858,0.16184087173581868,0.5595180489964353,0.0815478237523089,0.5530658829139313,0.1131266214746004,0.5560640732265446,0.5566296606619188,"{0: 0.5383966392030908, 1: 0.5383966392030908}","{0: 0.5383966392030908, 1: 0.5383966392030908}",0.5383966392030908,"[[416 235]
 [347 313]]",[1. 0. 0. ... 1. 0. 0.],[1. 1. 1. ... 1. 0. 0.]
945,AdaBoost,"{'algorithm': 'SAMME', 'learning_rate': 2.2224489795918365, 'n_estimators': 85}",0.5401428546931355,0.08951037196111386,0.11947214449566858,0.16184087173581868,0.5595180489964353,0.0815478237523089,0.5530658829139313,0.1131266214746004,0.5560640732265446,0.5566296606619188,"{0: 0.5383966392030908, 1: 0.5383966392030908}","{0: 0.5383966392030908, 1: 0.5383966392030908}",0.5383966392030908,"[[416 235]
 [347 313]]",[1. 0. 0. ... 1. 0. 0.],[1. 1. 1. ... 1. 0. 0.]
548,AdaBoost,"{'algorithm': 'SAMME', 'learning_rate': 1.8142857142857143, 'n_estimators': 85}",0.5544534083692549,0.07007773241683038,0.11938294458166432,0.13686493523679927,0.5592405651723851,0.0686839494113344,0.5551635852031981,0.11038364707402326,0.555301296720061,0.5551808406647116,"{0: 0.5659160731741377, 1: 0.5659160731741377}","{0: 0.5659160731741377, 1: 0.5659160731741377}",0.5659160731741377,"[[350 301]
 [282 378]]",[1. 1. 0. ... 0. 1. 0.],[1. 1. 1. ... 1. 0. 0.]
366,AdaBoost,"{'algorithm': 'SAMME', 'learning_rate': 1.8142857142857143, 'n_estimators': 85}",0.5544534083692549,0.07007773241683038,0.11938294458166432,0.13686493523679927,0.5592405651723851,0.0686839494113344,0.5551635852031981,0.11038364707402326,0.555301296720061,0.5551808406647116,"{0: 0.5659160731741377, 1: 0.5659160731741377}","{0: 0.5659160731741377, 1: 0.5659160731741377}",0.5659160731741377,"[[350 301]
 [282 378]]",[1. 1. 0. ... 0. 1. 0.],[1. 1. 1. ... 1. 0. 0.]
992,AdaBoost,"{'algorithm': 'SAMME', 'learning_rate': 1.8142857142857143, 'n_estimators': 85}",0.5544534083692549,0.07007773241683038,0.11938294458166432,0.13686493523679927,0.5592405651723851,0.0686839494113344,0.5551635852031981,0.11038364707402326,0.555301296720061,0.5551808406647116,"{0: 0.5659160731741377, 1: 0.5659160731741377}","{0: 0.5659160731741377, 1: 0.5659160731741377}",0.5659160731741377,"[[350 301]
 [282 378]]",[1. 1. 0. ... 0. 1. 0.],[1. 1. 1. ... 1. 0. 0.]
632,AdaBoost,"{'algorithm': 'SAMME', 'learning_rate': 1.8142857142857143, 'n_estimators': 85}",0.5544534083692549,0.07007773241683038,0.11938294458166432,0.13686493523679927,0.5592405651723851,0.0686839494113344,0.5551635852031981,0.11038364707402326,0.555301296720061,0.5551808406647116,"{0: 0.5659160731741377, 1: 0.5659160731741377}","{0: 0.5659160731741377, 1: 0.5659160731741377}",0.5659160731741377,"[[350 301]
 [282 378]]",[1. 1. 0. ... 0. 1. 0.],[1. 1. 1. ... 1. 0. 0.]
722,AdaBoost,"{'algorithm': 'SAMME', 'learning_rate': 1.8142857142857143, 'n_estimators': 85}",0.5544534083692549,0.07007773241683038,0.11938294458166432,0.13686493523679927,0.5592405651723851,0.0686839494113344,0.5551635852031981,0.11038364707402326,0.555301296720061,0.5551808406647116,"{0: 0.5659160731741377, 1: 0.5659160731741377}","{0: 0.5659160731741377, 1: 0.5659160731741377}",0.5659160731741377,"[[350 301]
 [282 378]]",[1. 1. 0. ... 0. 1. 0.],[1. 1. 1. ... 1. 0. 0.]
810,AdaBoost,"{'algorithm': 'SAMME', 'learning_rate': 1.8142857142857143, 'n_estimators': 85}",0.5544534083692549,0.07007773241683038,0.11938294458166432,0.13686493523679927,0.5592405651723851,0.0686839494113344,0.5551635852031981,0.11038364707402326,0.555301296720061,0.5551808406647116,"{0: 0.5659160731741377, 1: 0.5659160731741377}","{0: 0.5659160731741377, 1: 0.5659160731741377}",0.5659160731741377,"[[350 301]
 [282 378]]",[1. 1. 0. ... 0. 1. 0.],[1. 1. 1. ... 1. 0. 0.]
906,AdaBoost,"{'algorithm': 'SAMME', 'learning_rate': 1.8142857142857143, 'n_estimators': 85}",0.5544534083692549,0.07007773241683038,0.11938294458166432,0.13686493523679927,0.5592405651723851,0.0686839494113344,0.5551635852031981,0.11038364707402326,0.555301296720061,0.5551808406647116,"{0: 0.5659160731741377, 1: 0.5659160731741377}","{0: 0.5659160731741377, 1: 0.5659160731741377}",0.5659160731741377,"[[350 301]
 [282 378]]",[1. 1. 0. ... 0. 1. 0.],[1. 1. 1. ... 1. 0. 0.]
931,AdaBoost,"{'algorithm': 'SAMME', 'learning_rate': 1.1612244897959183, 'n_estimators': 85}",0.5521792865476773,0.10836930718538619,0.1190499892188624,0.21128427791228288,0.55978880788108,0.10572818561117825,0.5453349351302607,0.09063231032436014,0.5453852021357742,0.5453114090210864,"{0: 0.5611308941954104, 1: 0.5611308941954103}","{0: 0.5611308941954104, 1: 0.5611308941954103}",0.5611308941954103,"[[348 303]
 [293 367]]",[1. 0. 0. ... 1. 0. 0.],[1. 1. 1. ... 1. 0. 0.]
378,AdaBoost,"{'algorithm': 'SAMME', 'learning_rate': 1.1612244897959183, 'n_estimators': 85}",0.5521792865476773,0.10836930718538619,0.1190499892188624,0.21128427791228288,0.55978880788108,0.10572818561117825,0.5453349351302607,0.09063231032436014,0.5453852021357742,0.5453114090210864,"{0: 0.5611308941954104, 1: 0.5611308941954103}","{0: 0.5611308941954104, 1: 0.5611308941954103}",0.5611308941954103,"[[348 303]
 [293 367]]",[1. 0. 0. ... 1. 0. 0.],[1. 1. 1. ... 1. 0. 0.]
41,AdaBoost,"{'algorithm': 'SAMME', 'learning_rate': 1.1612244897959183, 'n_estimators': 85}",0.5521792865476773,0.10836930718538619,0.1190499892188624,0.21128427791228288,0.55978880788108,0.10572818561117825,0.5453349351302607,0.09063231032436014,0.5453852021357742,0.5453114090210864,"{0: 0.5611308941954104, 1: 0.5611308941954103}","{0: 0.5611308941954104, 1: 0.5611308941954103}",0.5611308941954103,"[[348 303]
 [293 367]]",[1. 0. 0. ... 1. 0. 0.],[1. 1. 1. ... 1. 0. 0.]
150,AdaBoost,"{'algorithm': 'SAMME', 'learning_rate': 2.4673469387755103, 'n_estimators': 63}",0.5389606332766895,0.09033473633403931,0.11848095617375815,0.17122784366783972,0.5588133547741947,0.08599016790143098,0.5503993086605451,0.12150857939203896,0.5598779557589626,0.5608783689428851,"{0: 0.5383745286971093, 1: 0.5383745286971093}","{0: 0.5383745286971093, 1: 0.5383745286971093}",0.5383745286971093,"[[460 191]
 [386 274]]",[1. 0. 0. ... 1. 0. 0.],[1. 1. 1. ... 1. 0. 0.]
264,AdaBoost,"{'algorithm': 'SAMME', 'learning_rate': 2.4673469387755103, 'n_estimators': 85}",0.5389606332766895,0.09033473633403931,0.11848095617375815,0.17122784366783972,0.5588133547741947,0.08599016790143098,0.5503993086605451,0.12150857939203896,0.5598779557589626,0.5608783689428851,"{0: 0.5368058464832658, 1: 0.5368058464832659}","{0: 0.5368058464832658, 1: 0.5368058464832659}",0.5368058464832659,"[[460 191]
 [386 274]]",[1. 0. 0. ... 1. 0. 0.],[1. 1. 1. ... 1. 0. 0.]
641,AdaBoost,"{'algorithm': 'SAMME', 'learning_rate': 2.4673469387755103, 'n_estimators': 85}",0.5389606332766895,0.09033473633403931,0.11848095617375815,0.17122784366783972,0.5588133547741947,0.08599016790143098,0.5503993086605451,0.12150857939203896,0.5598779557589626,0.5608783689428851,"{0: 0.5368058464832658, 1: 0.5368058464832659}","{0: 0.5368058464832658, 1: 0.5368058464832659}",0.5368058464832659,"[[460 191]
 [386 274]]",[1. 0. 0. ... 1. 0. 0.],[1. 1. 1. ... 1. 0. 0.]
987,AdaBoost,"{'algorithm': 'SAMME', 'learning_rate': 2.4673469387755103, 'n_estimators': 85}",0.5389606332766895,0.09033473633403931,0.11848095617375815,0.17122784366783972,0.5588133547741947,0.08599016790143098,0.5503993086605451,0.12150857939203896,0.5598779557589626,0.5608783689428851,"{0: 0.5368058464832658, 1: 0.5368058464832659}","{0: 0.5368058464832658, 1: 0.5368058464832659}",0.5368058464832659,"[[460 191]
 [386 274]]",[1. 0. 0. ... 1. 0. 0.],[1. 1. 1. ... 1. 0. 0.]
662,AdaBoost,"{'algorithm': 'SAMME', 'learning_rate': 2.304081632653061, 'n_estimators': 85}",0.5365020364358052,0.1035131177208905,0.11787834105340309,0.19050763401518267,0.559034272347249,0.09590859884248097,0.5494051495856195,0.11360879929739454,0.5560640732265446,0.5569019689987432,"{0: 0.5537331843783457, 1: 0.5537331843783455}","{0: 0.5537331843783457, 1: 0.5537331843783455}",0.5537331843783455,"[[442 209]
 [373 287]]",[1. 0. 0. ... 1. 0. 0.],[1. 1. 1. ... 1. 0. 0.]
199,AdaBoost,"{'algorithm': 'SAMME', 'learning_rate': 2.304081632653061, 'n_estimators': 85}",0.5365020364358052,0.1035131177208905,0.11787834105340309,0.19050763401518267,0.559034272347249,0.09590859884248097,0.5494051495856195,0.11360879929739454,0.5560640732265446,0.5569019689987432,"{0: 0.5537331843783457, 1: 0.5537331843783455}","{0: 0.5537331843783457, 1: 0.5537331843783455}",0.5537331843783455,"[[442 209]
 [373 287]]",[1. 0. 0. ... 1. 0. 0.],[1. 1. 1. ... 1. 0. 0.]
478,AdaBoost,"{'algorithm': 'SAMME', 'learning_rate': 2.304081632653061, 'n_estimators': 85}",0.5365020364358052,0.1035131177208905,0.11787834105340309,0.19050763401518267,0.559034272347249,0.09590859884248097,0.5494051495856195,0.11360879929739454,0.5560640732265446,0.5569019689987432,"{0: 0.5537331843783457, 1: 0.5537331843783455}","{0: 0.5537331843783457, 1: 0.5537331843783455}",0.5537331843783455,"[[442 209]
 [373 287]]",[1. 0. 0. ... 1. 0. 0.],[1. 1. 1. ... 1. 0. 0.]
756,AdaBoost,"{'algorithm': 'SAMME', 'learning_rate': 2.304081632653061, 'n_estimators': 85}",0.5365020364358052,0.1035131177208905,0.11787834105340309,0.19050763401518267,0.559034272347249,0.09590859884248097,0.5494051495856195,0.11360879929739454,0.5560640732265446,0.5569019689987432,"{0: 0.5537331843783457, 1: 0.5537331843783455}","{0: 0.5537331843783457, 1: 0.5537331843783455}",0.5537331843783455,"[[442 209]
 [373 287]]",[1. 0. 0. ... 1. 0. 0.],[1. 1. 1. ... 1. 0. 0.]
838,AdaBoost,"{'algorithm': 'SAMME', 'learning_rate': 2.304081632653061, 'n_estimators': 85}",0.5365020364358052,0.1035131177208905,0.11787834105340309,0.19050763401518267,0.559034272347249,0.09590859884248097,0.5494051495856195,0.11360879929739454,0.5560640732265446,0.5569019689987432,"{0: 0.5537331843783457, 1: 0.5537331843783455}","{0: 0.5537331843783457, 1: 0.5537331843783455}",0.5537331843783455,"[[442 209]
 [373 287]]",[1. 0. 0. ... 1. 0. 0.],[1. 1. 1. ... 1. 0. 0.]
581,AdaBoost,"{'algorithm': 'SAMME', 'learning_rate': 2.304081632653061, 'n_estimators': 85}",0.5365020364358052,0.1035131177208905,0.11787834105340309,0.19050763401518267,0.559034272347249,0.09590859884248097,0.5494051495856195,0.11360879929739454,0.5560640732265446,0.5569019689987432,"{0: 0.5537331843783457, 1: 0.5537331843783455}","{0: 0.5537331843783457, 1: 0.5537331843783455}",0.5537331843783455,"[[442 209]
 [373 287]]",[1. 0. 0. ... 1. 0. 0.],[1. 1. 1. ... 1. 0. 0.]
549,AdaBoost,"{'algorithm': 'SAMME', 'learning_rate': 0.7530612244897958, 'n_estimators': 63}",0.5478811832499138,0.07637203950881757,0.11774141992461683,0.14982791471389761,0.558185231764527,0.07498042728986316,0.5555472464432845,0.11430764132349602,0.5568268497330282,0.5571987152632314,"{0: 0.5545978215333054, 1: 0.5545978215333054}","{0: 0.5545978215333054, 1: 0.5545978215333054}",0.5545978215333054,"[[398 253]
 [328 332]]",[1. 0. 0. ... 1. 0. 0.],[1. 1. 1. ... 1. 0. 0.]
738,AdaBoost,"{'algorithm': 'SAMME', 'learning_rate': 0.7530612244897958, 'n_estimators': 63}",0.5478811832499138,0.07637203950881757,0.11774141992461683,0.14982791471389761,0.558185231764527,0.07498042728986316,0.5555472464432845,0.11430764132349602,0.5568268497330282,0.5571987152632314,"{0: 0.5545978215333054, 1: 0.5545978215333054}","{0: 0.5545978215333054, 1: 0.5545978215333054}",0.5545978215333054,"[[398 253]
 [328 332]]",[1. 0. 0. ... 1. 0. 0.],[1. 1. 1. ... 1. 0. 0.]
412,AdaBoost,"{'algorithm': 'SAMME', 'learning_rate': 2.3857142857142857, 'n_estimators': 85}",0.5373914064282543,0.09124794090791889,0.11763998002413739,0.1710752423012246,0.5588961306729631,0.08603578511302225,0.5528489837739257,0.12126978152759915,0.5598779557589626,0.5607422147744728,"{0: 0.5351289391611972, 1: 0.5351289391611972}","{0: 0.5351289391611972, 1: 0.5351289391611972}",0.5351289391611972,"[[447 204]
 [373 287]]",[1. 0. 0. ... 1. 0. 0.],[1. 1. 1. ... 1. 0. 0.]
685,AdaBoost,"{'algorithm': 'SAMME', 'learning_rate': 2.3857142857142857, 'n_estimators': 85}",0.5373914064282543,0.09124794090791889,0.11763998002413739,0.1710752423012246,0.5588961306729631,0.08603578511302225,0.5528489837739257,0.12126978152759915,0.5598779557589626,0.5607422147744728,"{0: 0.5351289391611972, 1: 0.5351289391611972}","{0: 0.5351289391611972, 1: 0.5351289391611972}",0.5351289391611972,"[[447 204]
 [373 287]]",[1. 0. 0. ... 1. 0. 0.],[1. 1. 1. ... 1. 0. 0.]
596,AdaBoost,"{'algorithm': 'SAMME', 'learning_rate': 2.3857142857142857, 'n_estimators': 85}",0.5373914064282543,0.09124794090791889,0.11763998002413739,0.1710752423012246,0.5588961306729631,0.08603578511302225,0.5528489837739257,0.12126978152759915,0.5598779557589626,0.5607422147744728,"{0: 0.5351289391611972, 1: 0.5351289391611972}","{0: 0.5351289391611972, 1: 0.5351289391611972}",0.5351289391611972,"[[447 204]
 [373 287]]",[1. 0. 0. ... 1. 0. 0.],[1. 1. 1. ... 1. 0. 0.]
89,AdaBoost,"{'algorithm': 'SAMME', 'learning_rate': 2.3857142857142857, 'n_estimators': 63}",0.5373914064282543,0.09124794090791889,0.11763998002413739,0.1710752423012246,0.5588961306729631,0.08603578511302225,0.5528489837739257,0.12126978152759915,0.5598779557589626,0.5607422147744728,"{0: 0.5358806963645674, 1: 0.5358806963645674}","{0: 0.5358806963645674, 1: 0.5358806963645674}",0.5358806963645674,"[[447 204]
 [373 287]]",[1. 0. 0. ... 1. 0. 0.],[1. 1. 1. ... 1. 0. 0.]
855,AdaBoost,"{'algorithm': 'SAMME', 'learning_rate': 2.3857142857142857, 'n_estimators': 85}",0.5373914064282543,0.09124794090791889,0.11763998002413739,0.1710752423012246,0.5588961306729631,0.08603578511302225,0.5528489837739257,0.12126978152759915,0.5598779557589626,0.5607422147744728,"{0: 0.5351289391611972, 1: 0.5351289391611972}","{0: 0.5351289391611972, 1: 0.5351289391611972}",0.5351289391611972,"[[447 204]
 [373 287]]",[1. 0. 0. ... 1. 0. 0.],[1. 1. 1. ... 1. 0. 0.]
508,AdaBoost,"{'algorithm': 'SAMME', 'learning_rate': 2.3857142857142857, 'n_estimators': 63}",0.5373914064282543,0.09124794090791889,0.11763998002413739,0.1710752423012246,0.5588961306729631,0.08603578511302225,0.5528489837739257,0.12126978152759915,0.5598779557589626,0.5607422147744728,"{0: 0.5358806963645674, 1: 0.5358806963645674}","{0: 0.5358806963645674, 1: 0.5358806963645674}",0.5358806963645674,"[[447 204]
 [373 287]]",[1. 0. 0. ... 1. 0. 0.],[1. 1. 1. ... 1. 0. 0.]
223,AdaBoost,"{'algorithm': 'SAMME', 'learning_rate': 2.3857142857142857, 'n_estimators': 85}",0.5373914064282543,0.09124794090791889,0.11763998002413739,0.1710752423012246,0.5588961306729631,0.08603578511302225,0.5528489837739257,0.12126978152759915,0.5598779557589626,0.5607422147744728,"{0: 0.5351289391611972, 1: 0.5351289391611972}","{0: 0.5351289391611972, 1: 0.5351289391611972}",0.5351289391611972,"[[447 204]
 [373 287]]",[1. 0. 0. ... 1. 0. 0.],[1. 1. 1. ... 1. 0. 0.]
955,AdaBoost,"{'algorithm': 'SAMME', 'learning_rate': 2.3857142857142857, 'n_estimators': 85}",0.5373914064282543,0.09124794090791889,0.11763998002413739,0.1710752423012246,0.5588961306729631,0.08603578511302225,0.5528489837739257,0.12126978152759915,0.5598779557589626,0.5607422147744728,"{0: 0.5351289391611972, 1: 0.5351289391611972}","{0: 0.5351289391611972, 1: 0.5351289391611972}",0.5351289391611972,"[[447 204]
 [373 287]]",[1. 0. 0. ... 1. 0. 0.],[1. 1. 1. ... 1. 0. 0.]
556,AdaBoost,"{'algorithm': 'SAMME.R', 'learning_rate': 4.1, 'n_estimators': 85}",0.5398264721573907,0.07510727359828437,0.11726289145376877,0.1462773085929526,0.5585086379693893,0.07399806302735826,0.5503188124325751,0.11992167356552519,0.559115179252479,0.5600788995950285,"{0: 0.5337301587301587, 1: 0.5337301587301587}","{0: 0.5337301587301587, 1: 0.5337301587301587}",0.5337301587301587,"[[456 195]
 [383 277]]",[1. 0. 0. ... 1. 0. 0.],[1. 1. 1. ... 1. 0. 0.]
619,AdaBoost,"{'algorithm': 'SAMME.R', 'learning_rate': 4.018367346938775, 'n_estimators': 85}",0.5398264721573907,0.07510727359828437,0.11726289145376877,0.1462773085929526,0.5585086379693893,0.07399806302735826,0.5503188124325751,0.11992167356552519,0.559115179252479,0.5600788995950285,"{0: 0.5345750128008193, 1: 0.5345750128008193}","{0: 0.5345750128008193, 1: 0.5345750128008193}",0.5345750128008193,"[[456 195]
 [383 277]]",[1. 0. 0. ... 1. 0. 0.],[1. 1. 1. ... 1. 0. 0.]
29,AdaBoost,"{'algorithm': 'SAMME.R', 'learning_rate': 4.1, 'n_estimators': 74}",0.5398264721573907,0.07510727359828437,0.11726289145376877,0.1462773085929526,0.5585086379693893,0.07399806302735826,0.5503188124325751,0.11992167356552519,0.559115179252479,0.5600788995950285,"{0: 0.5346285434995112, 1: 0.5346285434995112}","{0: 0.5346285434995112, 1: 0.5346285434995112}",0.5346285434995112,"[[456 195]
 [383 277]]",[1. 0. 0. ... 1. 0. 0.],[1. 1. 1. ... 1. 0. 0.]
133,AdaBoost,"{'algorithm': 'SAMME.R', 'learning_rate': 0.26326530612244897, 'n_estimators': 63}",0.5516767967167173,0.11514944485264032,0.11726035713204602,0.22742659604306928,0.5592837405707844,0.11332292676763348,0.54460387691443,0.08915422885572133,0.5446224256292906,0.544574780058651,"{0: 0.558965228320067, 1: 0.558965228320067}","{0: 0.558965228320067, 1: 0.558965228320067}",0.558965228320067,"[[350 301]
 [296 364]]",[0. 1. 0. ... 0. 1. 0.],[1. 1. 1. ... 1. 0. 0.]
889,SVC,"{'C': 10, 'gamma': 0.01, 'kernel': 'sigmoid'}",0.5461307520581375,0.09775045209398762,0.11724853607370758,0.18600105816805346,0.5594154690237092,0.09249285200449155,0.547673531655225,0.09538969584629287,0.547673531655225,0.5476993436670856,"{0: 0.5528638923800214, 1: 0.5528638923800214}","{0: 0.5528638923800214, 1: 0.5528638923800214}",0.5528638923800214,"[[359 292]
 [301 359]]",[0. 1. 0. ... 1. 1. 0.],[1. 1. 1. ... 1. 0. 0.]
316,AdaBoost,"{'algorithm': 'SAMME', 'learning_rate': 1.8959183673469386, 'n_estimators': 85}",0.5518161443497109,0.0682551086519106,0.11716996428199444,0.1305439960650731,0.5581950575847827,0.06491753428056642,0.5506671160773904,0.10130338993111199,0.5507246376811594,0.5506458595168273,"{0: 0.5562665828794862, 1: 0.5562665828794862}","{0: 0.5562665828794862, 1: 0.5562665828794862}",0.5562665828794862,"[[351 300]
 [289 371]]",[1. 1. 0. ... 1. 1. 0.],[1. 1. 1. ... 1. 0. 0.]
509,AdaBoost,"{'algorithm': 'SAMME', 'learning_rate': 1.8959183673469386, 'n_estimators': 85}",0.5518161443497109,0.0682551086519106,0.11716996428199444,0.1305439960650731,0.5581950575847827,0.06491753428056642,0.5506671160773904,0.10130338993111199,0.5507246376811594,0.5506458595168273,"{0: 0.5562665828794862, 1: 0.5562665828794862}","{0: 0.5562665828794862, 1: 0.5562665828794862}",0.5562665828794862,"[[351 300]
 [289 371]]",[1. 1. 0. ... 1. 1. 0.],[1. 1. 1. ... 1. 0. 0.]
595,AdaBoost,"{'algorithm': 'SAMME', 'learning_rate': 1.8959183673469386, 'n_estimators': 85}",0.5518161443497109,0.0682551086519106,0.11716996428199444,0.1305439960650731,0.5581950575847827,0.06491753428056642,0.5506671160773904,0.10130338993111199,0.5507246376811594,0.5506458595168273,"{0: 0.5562665828794862, 1: 0.5562665828794862}","{0: 0.5562665828794862, 1: 0.5562665828794862}",0.5562665828794862,"[[351 300]
 [289 371]]",[1. 1. 0. ... 1. 1. 0.],[1. 1. 1. ... 1. 0. 0.]
217,AdaBoost,"{'algorithm': 'SAMME', 'learning_rate': 1.8959183673469386, 'n_estimators': 85}",0.5518161443497109,0.0682551086519106,0.11716996428199444,0.1305439960650731,0.5581950575847827,0.06491753428056642,0.5506671160773904,0.10130338993111199,0.5507246376811594,0.5506458595168273,"{0: 0.5562665828794862, 1: 0.5562665828794862}","{0: 0.5562665828794862, 1: 0.5562665828794862}",0.5562665828794862,"[[351 300]
 [289 371]]",[1. 1. 0. ... 1. 1. 0.],[1. 1. 1. ... 1. 0. 0.]
860,AdaBoost,"{'algorithm': 'SAMME', 'learning_rate': 1.8959183673469386, 'n_estimators': 85}",0.5518161443497109,0.0682551086519106,0.11716996428199444,0.1305439960650731,0.5581950575847827,0.06491753428056642,0.5506671160773904,0.10130338993111199,0.5507246376811594,0.5506458595168273,"{0: 0.5562665828794862, 1: 0.5562665828794862}","{0: 0.5562665828794862, 1: 0.5562665828794862}",0.5562665828794862,"[[351 300]
 [289 371]]",[1. 1. 0. ... 1. 1. 0.],[1. 1. 1. ... 1. 0. 0.]
410,AdaBoost,"{'algorithm': 'SAMME', 'learning_rate': 1.8959183673469386, 'n_estimators': 85}",0.5518161443497109,0.0682551086519106,0.11716996428199444,0.1305439960650731,0.5581950575847827,0.06491753428056642,0.5506671160773904,0.10130338993111199,0.5507246376811594,0.5506458595168273,"{0: 0.5562665828794862, 1: 0.5562665828794862}","{0: 0.5562665828794862, 1: 0.5562665828794862}",0.5562665828794862,"[[351 300]
 [289 371]]",[1. 1. 0. ... 1. 1. 0.],[1. 1. 1. ... 1. 0. 0.]
425,AdaBoost,"{'algorithm': 'SAMME', 'learning_rate': 1.2428571428571429, 'n_estimators': 85}",0.5509852791890861,0.10079516098365304,0.11708779995846001,0.19432917388767634,0.5592425840591724,0.0971313736009841,0.5453000044600126,0.09059420806011209,0.5453852021357742,0.545290462225946,"{0: 0.5556277056277057, 1: 0.5556277056277057}","{0: 0.5556277056277057, 1: 0.5556277056277057}",0.5556277056277057,"[[346 305]
 [291 369]]",[1. 0. 0. ... 1. 0. 0.],[1. 1. 1. ... 1. 0. 0.]
968,AdaBoost,"{'algorithm': 'SAMME', 'learning_rate': 1.2428571428571429, 'n_estimators': 85}",0.5509852791890861,0.10079516098365304,0.11708779995846001,0.19432917388767634,0.5592425840591724,0.0971313736009841,0.5453000044600126,0.09059420806011209,0.5453852021357742,0.545290462225946,"{0: 0.5556277056277057, 1: 0.5556277056277057}","{0: 0.5556277056277057, 1: 0.5556277056277057}",0.5556277056277057,"[[346 305]
 [291 369]]",[1. 0. 0. ... 1. 0. 0.],[1. 1. 1. ... 1. 0. 0.]
230,AdaBoost,"{'algorithm': 'SAMME', 'learning_rate': 1.2428571428571429, 'n_estimators': 85}",0.5509852791890861,0.10079516098365304,0.11708779995846001,0.19432917388767634,0.5592425840591724,0.0971313736009841,0.5453000044600126,0.09059420806011209,0.5453852021357742,0.545290462225946,"{0: 0.5556277056277057, 1: 0.5556277056277057}","{0: 0.5556277056277057, 1: 0.5556277056277057}",0.5556277056277057,"[[346 305]
 [291 369]]",[1. 0. 0. ... 1. 0. 0.],[1. 1. 1. ... 1. 0. 0.]
314,SVC,"{'C': 10, 'gamma': 0.01, 'kernel': 'sigmoid'}",0.5463962395370222,0.10095968338338242,0.11691452174707403,0.19363822035047534,0.5594362831442949,0.09605567324990429,0.5469160276256059,0.0938167651124796,0.5469107551487414,0.5469103477167994,"{0: 0.5583985011404367, 1: 0.5583985011404367}","{0: 0.5583985011404367, 1: 0.5583985011404367}",0.5583985011404367,"[[356 295]
 [299 361]]",[0. 1. 0. ... 1. 1. 0.],[1. 1. 1. ... 1. 0. 0.]
184,SVC,"{'C': 100, 'gamma': 0.001, 'kernel': 'sigmoid'}",0.5462550092649338,0.08705962715177817,0.1167581876066818,0.16369093660251885,0.5584477613450026,0.08232217655615548,0.5537103125320079,0.10770567847457091,0.5537757437070938,0.5538646837033934,"{0: 0.5627693990597216, 1: 0.5627693990597217}","{0: 0.5627693990597216, 1: 0.5627693990597217}",0.5627693990597217,"[[369 282]
 [303 357]]",[0. 1. 0. ... 1. 0. 0.],[1. 1. 1. ... 1. 0. 0.]
835,AdaBoost,"{'algorithm': 'SAMME.R', 'learning_rate': 1.1612244897959183, 'n_estimators': 74}",0.552057268364749,0.08792896677393103,0.11667297541472205,0.17105283984820402,0.5581978265849548,0.08593509089427519,0.5487521191997853,0.09800613979024131,0.5491990846681922,0.5489840804356934,"{0: 0.5554775869291998, 1: 0.5554775869291999}","{0: 0.5554775869291998, 1: 0.5554775869291999}",0.5554775869291999,"[[337 314]
 [277 383]]",[0. 0. 0. ... 0. 1. 0.],[1. 1. 1. ... 1. 0. 0.]
111,AdaBoost,"{'algorithm': 'SAMME.R', 'learning_rate': 2.7122448979591836, 'n_estimators': 96}",0.5392034637921788,0.0763447093996406,0.11663562763389246,0.14856669575182282,0.5581972271374994,0.075116913792199,0.5495179758341383,0.1199952617863066,0.559115179252479,0.5601207931853093,"{0: 0.5293767164734906, 1: 0.5293767164734906}","{0: 0.5293767164734906, 1: 0.5293767164734906}",0.5293767164734906,"[[460 191]
 [387 273]]",[1. 0. 0. ... 1. 0. 0.],[1. 1. 1. ... 1. 0. 0.]
911,AdaBoost,"{'algorithm': 'SAMME.R', 'learning_rate': 0.3448979591836735, 'n_estimators': 63}",0.5516793897949447,0.11244251886807874,0.11644832654995874,0.22233495069446482,0.5587642376281767,0.11091725748223807,0.5415414417692401,0.08303220107604592,0.5415713196033562,0.5415130568356374,"{0: 0.5558755760368663, 1: 0.5558755760368663}","{0: 0.5558755760368663, 1: 0.5558755760368663}",0.5558755760368663,"[[347 304]
 [297 363]]",[0. 1. 0. ... 0. 1. 0.],[1. 1. 1. ... 1. 0. 0.]
352,AdaBoost,"{'algorithm': 'SAMME.R', 'learning_rate': 2.5489795918367344, 'n_estimators': 85}",0.5388160187220674,0.07576615519533814,0.11612422754584398,0.14631817976737657,0.5579606387578774,0.07397889646743067,0.5492443218845892,0.11842669147390539,0.5583524027459954,0.559331797235023,"{0: 0.5342503374761438, 1: 0.5342503374761438}","{0: 0.5342503374761438, 1: 0.5342503374761438}",0.5342503374761438,"[[457 194]
 [385 275]]",[1. 0. 0. ... 1. 0. 0.],[1. 1. 1. ... 1. 0. 0.]
819,AdaBoost,"{'algorithm': 'SAMME.R', 'learning_rate': 1.9775510204081632, 'n_estimators': 85}",0.5366209304229356,0.08867325363660729,0.11604624820826583,0.16096051784046464,0.5573650369994,0.0815543066143001,0.5383956566608336,0.09869910881637711,0.5484363081617086,0.5494518921938276,"{0: 0.5395801331285203, 1: 0.5395801331285202}","{0: 0.5395801331285203, 1: 0.5395801331285202}",0.5395801331285202,"[[454 197]
 [395 265]]",[1. 0. 0. ... 1. 0. 0.],[1. 1. 1. ... 1. 0. 0.]
472,AdaBoost,"{'algorithm': 'SAMME.R', 'learning_rate': 1.9775510204081632, 'n_estimators': 85}",0.5366209304229356,0.08867325363660729,0.11604624820826583,0.16096051784046464,0.5573650369994,0.0815543066143001,0.5383956566608336,0.09869910881637711,0.5484363081617086,0.5494518921938276,"{0: 0.5395801331285203, 1: 0.5395801331285202}","{0: 0.5395801331285203, 1: 0.5395801331285202}",0.5395801331285202,"[[454 197]
 [395 265]]",[1. 0. 0. ... 1. 0. 0.],[1. 1. 1. ... 1. 0. 0.]
276,AdaBoost,"{'algorithm': 'SAMME.R', 'learning_rate': 1.9775510204081632, 'n_estimators': 85}",0.5366209304229356,0.08867325363660729,0.11604624820826583,0.16096051784046464,0.5573650369994,0.0815543066143001,0.5383956566608336,0.09869910881637711,0.5484363081617086,0.5494518921938276,"{0: 0.5395801331285203, 1: 0.5395801331285202}","{0: 0.5395801331285203, 1: 0.5395801331285202}",0.5395801331285202,"[[454 197]
 [395 265]]",[1. 0. 0. ... 1. 0. 0.],[1. 1. 1. ... 1. 0. 0.]
525,AdaBoost,"{'algorithm': 'SAMME', 'learning_rate': 1.6510204081632653, 'n_estimators': 85}",0.551781905353153,0.09629410277493328,0.11599054789300654,0.19178975000534784,0.5581589083172183,0.09554883988061366,0.5430537985731098,0.08606452919385654,0.5430968726163234,0.5430282083507889,"{0: 0.562853186240283, 1: 0.562853186240283}","{0: 0.562853186240283, 1: 0.562853186240283}",0.562853186240283,"[[347 304]
 [295 365]]",[1. 1. 0. ... 1. 0. 0.],[1. 1. 1. ... 1. 0. 0.]
804,AdaBoost,"{'algorithm': 'SAMME', 'learning_rate': 1.6510204081632653, 'n_estimators': 85}",0.551781905353153,0.09629410277493328,0.11599054789300654,0.19178975000534784,0.5581589083172183,0.09554883988061366,0.5430537985731098,0.08606452919385654,0.5430968726163234,0.5430282083507889,"{0: 0.562853186240283, 1: 0.562853186240283}","{0: 0.562853186240283, 1: 0.562853186240283}",0.562853186240283,"[[347 304]
 [295 365]]",[1. 1. 0. ... 1. 0. 0.],[1. 1. 1. ... 1. 0. 0.]
343,AdaBoost,"{'algorithm': 'SAMME', 'learning_rate': 1.6510204081632653, 'n_estimators': 85}",0.551781905353153,0.09629410277493328,0.11599054789300654,0.19178975000534784,0.5581589083172183,0.09554883988061366,0.5430537985731098,0.08606452919385654,0.5430968726163234,0.5430282083507889,"{0: 0.562853186240283, 1: 0.562853186240283}","{0: 0.562853186240283, 1: 0.562853186240283}",0.562853186240283,"[[347 304]
 [295 365]]",[1. 1. 0. ... 1. 0. 0.],[1. 1. 1. ... 1. 0. 0.]
808,AdaBoost,"{'algorithm': 'SAMME', 'learning_rate': 2.793877551020408, 'n_estimators': 85}",0.5385207137091222,0.07558270434368108,0.11572948899827203,0.14779606922326619,0.5577321108584297,0.07471878247558708,0.5486357080234826,0.11848197581445907,0.5583524027459954,0.5593632174277335,"{0: 0.5438172043010753, 1: 0.5438172043010752}","{0: 0.5438172043010753, 1: 0.5438172043010752}",0.5438172043010752,"[[460 191]
 [388 272]]",[1. 0. 0. ... 1. 0. 0.],[1. 1. 1. ... 1. 0. 0.]
356,AdaBoost,"{'algorithm': 'SAMME', 'learning_rate': 2.793877551020408, 'n_estimators': 85}",0.5385207137091222,0.07558270434368108,0.11572948899827203,0.14779606922326619,0.5577321108584297,0.07471878247558708,0.5486357080234826,0.11848197581445907,0.5583524027459954,0.5593632174277335,"{0: 0.5438172043010753, 1: 0.5438172043010752}","{0: 0.5438172043010753, 1: 0.5438172043010752}",0.5438172043010752,"[[460 191]
 [388 272]]",[1. 0. 0. ... 1. 0. 0.],[1. 1. 1. ... 1. 0. 0.]
986,AdaBoost,"{'algorithm': 'SAMME', 'learning_rate': 2.793877551020408, 'n_estimators': 85}",0.5385207137091222,0.07558270434368108,0.11572948899827203,0.14779606922326619,0.5577321108584297,0.07471878247558708,0.5486357080234826,0.11848197581445907,0.5583524027459954,0.5593632174277335,"{0: 0.5438172043010753, 1: 0.5438172043010752}","{0: 0.5438172043010753, 1: 0.5438172043010752}",0.5438172043010752,"[[460 191]
 [388 272]]",[1. 0. 0. ... 1. 0. 0.],[1. 1. 1. ... 1. 0. 0.]
448,AdaBoost,"{'algorithm': 'SAMME', 'learning_rate': 2.793877551020408, 'n_estimators': 85}",0.5385207137091222,0.07558270434368108,0.11572948899827203,0.14779606922326619,0.5577321108584297,0.07471878247558708,0.5486357080234826,0.11848197581445907,0.5583524027459954,0.5593632174277335,"{0: 0.5438172043010753, 1: 0.5438172043010752}","{0: 0.5438172043010753, 1: 0.5438172043010752}",0.5438172043010752,"[[460 191]
 [388 272]]",[1. 0. 0. ... 1. 0. 0.],[1. 1. 1. ... 1. 0. 0.]
728,AdaBoost,"{'algorithm': 'SAMME', 'learning_rate': 2.793877551020408, 'n_estimators': 85}",0.5385207137091222,0.07558270434368108,0.11572948899827203,0.14779606922326619,0.5577321108584297,0.07471878247558708,0.5486357080234826,0.11848197581445907,0.5583524027459954,0.5593632174277335,"{0: 0.5438172043010753, 1: 0.5438172043010752}","{0: 0.5438172043010753, 1: 0.5438172043010752}",0.5438172043010752,"[[460 191]
 [388 272]]",[1. 0. 0. ... 1. 0. 0.],[1. 1. 1. ... 1. 0. 0.]
538,AdaBoost,"{'algorithm': 'SAMME', 'learning_rate': 2.793877551020408, 'n_estimators': 41}",0.5385207137091222,0.07558270434368108,0.11572948899827203,0.14779606922326619,0.5577321108584297,0.07471878247558708,0.5486357080234826,0.11848197581445907,0.5583524027459954,0.5593632174277335,"{0: 0.5580517153097798, 1: 0.5580517153097798}","{0: 0.5580517153097798, 1: 0.5580517153097798}",0.5580517153097798,"[[460 191]
 [388 272]]",[1. 0. 0. ... 1. 0. 0.],[1. 1. 1. ... 1. 0. 0.]
267,AdaBoost,"{'algorithm': 'SAMME', 'learning_rate': 2.793877551020408, 'n_estimators': 85}",0.5385207137091222,0.07558270434368108,0.11572948899827203,0.14779606922326619,0.5577321108584297,0.07471878247558708,0.5486357080234826,0.11848197581445907,0.5583524027459954,0.5593632174277335,"{0: 0.5438172043010753, 1: 0.5438172043010752}","{0: 0.5438172043010753, 1: 0.5438172043010752}",0.5438172043010752,"[[460 191]
 [388 272]]",[1. 0. 0. ... 1. 0. 0.],[1. 1. 1. ... 1. 0. 0.]
152,AdaBoost,"{'algorithm': 'SAMME', 'learning_rate': 2.793877551020408, 'n_estimators': 63}",0.5385207137091222,0.07558270434368108,0.11572948899827203,0.14779606922326619,0.5577321108584297,0.07471878247558708,0.5486357080234826,0.11848197581445907,0.5583524027459954,0.5593632174277335,"{0: 0.5527172648140389, 1: 0.552717264814039}","{0: 0.5527172648140389, 1: 0.552717264814039}",0.552717264814039,"[[460 191]
 [388 272]]",[1. 0. 0. ... 1. 0. 0.],[1. 1. 1. ... 1. 0. 0.]
919,SVC,"{'C': 1000, 'gamma': 0.001, 'kernel': 'sigmoid'}",0.5447856351591647,0.09530655471674576,0.11556600797220314,0.17793738236271667,0.5577940639044429,0.08928544192356884,0.5491634120910084,0.09851618375446358,0.5491990846681922,0.549266862170088,"{0: 0.5565598380114509, 1: 0.5565598380114509}","{0: 0.5565598380114509, 1: 0.5565598380114509}",0.5565598380114509,"[[364 287]
 [304 356]]",[0. 1. 0. ... 1. 0. 0.],[1. 1. 1. ... 1. 0. 0.]
991,AdaBoost,"{'algorithm': 'SAMME.R', 'learning_rate': 2.630612244897959, 'n_estimators': 85}",0.5383520076421471,0.07569900326376316,0.11519086807590409,0.14673319819091837,0.5575405117427333,0.07407754536311267,0.5492443218845892,0.11842669147390539,0.5583524027459954,0.559331797235023,"{0: 0.5312002513615417, 1: 0.5312002513615417}","{0: 0.5312002513615417, 1: 0.5312002513615417}",0.5312002513615417,"[[457 194]
 [385 275]]",[1. 0. 0. ... 1. 0. 0.],[1. 1. 1. ... 1. 0. 0.]
397,AdaBoost,"{'algorithm': 'SAMME', 'learning_rate': 2.2224489795918365, 'n_estimators': 41}",0.5377047741977795,0.09142242407418014,0.11502770005122413,0.16651881712293978,0.5572958267742131,0.08386352448748224,0.5514160827814798,0.11009756539810733,0.5545385202135774,0.5551145091467672,"{0: 0.5354687427268072, 1: 0.5354687427268071}","{0: 0.5354687427268072, 1: 0.5354687427268071}",0.5354687427268071,"[[416 235]
 [349 311]]",[1. 0. 0. ... 1. 0. 0.],[1. 1. 1. ... 1. 0. 0.]
334,AdaBoost,"{'algorithm': 'SAMME', 'learning_rate': 0.9979591836734693, 'n_estimators': 41}",0.5506292039655747,0.08195020124584221,0.11471823241214622,0.1607697159496992,0.5581603676650174,0.08049169518991248,0.5491990846681922,0.09844065808627167,0.5491990846681922,0.5492249685798073,"{0: 0.5594667876925942, 1: 0.5594667876925942}","{0: 0.5594667876925942, 1: 0.5594667876925942}",0.5594667876925942,"[[360 291]
 [300 360]]",[1. 0. 0. ... 1. 0. 0.],[1. 1. 1. ... 1. 0. 0.]
358,SVC,"{'C': 1, 'gamma': 0.01, 'kernel': 'sigmoid'}",0.5362621600205647,0.08855181066576177,0.11466844595058902,0.15295354868551256,0.5574502882753751,0.07566299535567077,0.548841358053519,0.10054072911215772,0.5499618611746758,0.5503072196620584,"{0: 0.5447109342270633, 1: 0.5447109342270632}","{0: 0.5447109342270633, 1: 0.5447109342270632}",0.5447109342270632,"[[391 260]
 [330 330]]",[1. 0. 0. ... 1. 1. 0.],[1. 1. 1. ... 1. 0. 0.]
784,AdaBoost,"{'algorithm': 'SAMME', 'learning_rate': 2.7122448979591836, 'n_estimators': 63}",0.5359775490654307,0.08332970671869692,0.11465320263070498,0.15948336399519866,0.557295358341313,0.08036770170545526,0.5451206052903597,0.11401638658975,0.5560640732265446,0.557132383745287,"{0: 0.5321707862030444, 1: 0.5321707862030443}","{0: 0.5321707862030444, 1: 0.5321707862030443}",0.5321707862030443,"[[464 187]
 [395 265]]",[1. 0. 0. ... 1. 0. 0.],[1. 1. 1. ... 1. 0. 0.]
633,AdaBoost,"{'algorithm': 'SAMME.R', 'learning_rate': 3.610204081632653, 'n_estimators': 41}",0.5307302929899335,0.08632520857058627,0.1144066754876491,0.14514281862518474,0.5566044145108191,0.0737829526056051,0.5495731129858253,0.11519656529118016,0.5568268497330282,0.5577014383465997,"{0: 0.5323104315039798, 1: 0.5323104315039798}","{0: 0.5323104315039798, 1: 0.5323104315039798}",0.5323104315039798,"[[446 205]
 [376 284]]",[1. 0. 0. ... 1. 0. 0.],[1. 1. 1. ... 1. 0. 0.]
518,AdaBoost,"{'algorithm': 'SAMME', 'learning_rate': 2.8755102040816327, 'n_estimators': 85}",0.5378203969702651,0.07649168704697384,0.11432608473092534,0.14835259408515875,0.5570424556860158,0.07500919616187234,0.5479592145048445,0.11695026269214148,0.5575896262395118,0.5585951682725876,"{0: 0.5801866592189172, 1: 0.5801866592189173}","{0: 0.5801866592189172, 1: 0.5801866592189173}",0.5801866592189173,"[[459 192]
 [388 272]]",[1. 0. 0. ... 1. 0. 0.],[1. 1. 1. ... 1. 0. 0.]
791,AdaBoost,"{'algorithm': 'SAMME', 'learning_rate': 2.8755102040816327, 'n_estimators': 85}",0.5378203969702651,0.07649168704697384,0.11432608473092534,0.14835259408515875,0.5570424556860158,0.07500919616187234,0.5479592145048445,0.11695026269214148,0.5575896262395118,0.5585951682725876,"{0: 0.5801866592189172, 1: 0.5801866592189173}","{0: 0.5801866592189172, 1: 0.5801866592189173}",0.5801866592189173,"[[459 192]
 [388 272]]",[1. 0. 0. ... 1. 0. 0.],[1. 1. 1. ... 1. 0. 0.]
603,AdaBoost,"{'algorithm': 'SAMME', 'learning_rate': 2.8755102040816327, 'n_estimators': 63}",0.5378203969702651,0.07649168704697384,0.11432608473092534,0.14835259408515875,0.5570424556860158,0.07500919616187234,0.5479592145048445,0.11695026269214148,0.5575896262395118,0.5585951682725876,"{0: 0.5824326211422985, 1: 0.5824326211422985}","{0: 0.5824326211422985, 1: 0.5824326211422985}",0.5824326211422985,"[[459 192]
 [388 272]]",[1. 0. 0. ... 1. 0. 0.],[1. 1. 1. ... 1. 0. 0.]
226,AdaBoost,"{'algorithm': 'SAMME', 'learning_rate': 2.8755102040816327, 'n_estimators': 85}",0.5378203969702651,0.07649168704697384,0.11432608473092534,0.14835259408515875,0.5570424556860158,0.07500919616187234,0.5479592145048445,0.11695026269214148,0.5575896262395118,0.5585951682725876,"{0: 0.5801866592189172, 1: 0.5801866592189173}","{0: 0.5801866592189172, 1: 0.5801866592189173}",0.5801866592189173,"[[459 192]
 [388 272]]",[1. 0. 0. ... 1. 0. 0.],[1. 1. 1. ... 1. 0. 0.]
313,AdaBoost,"{'algorithm': 'SAMME', 'learning_rate': 2.8755102040816327, 'n_estimators': 41}",0.5378203969702651,0.07649168704697384,0.11432608473092534,0.14835259408515875,0.5570424556860158,0.07500919616187234,0.5479592145048445,0.11695026269214148,0.5575896262395118,0.5585951682725876,"{0: 0.5871503048922403, 1: 0.5871503048922404}","{0: 0.5871503048922403, 1: 0.5871503048922404}",0.5871503048922404,"[[459 192]
 [388 272]]",[1. 0. 0. ... 1. 0. 0.],[1. 1. 1. ... 1. 0. 0.]
424,AdaBoost,"{'algorithm': 'SAMME', 'learning_rate': 2.8755102040816327, 'n_estimators': 41}",0.5378203969702651,0.07649168704697384,0.11432608473092534,0.14835259408515875,0.5570424556860158,0.07500919616187234,0.5479592145048445,0.11695026269214148,0.5575896262395118,0.5585951682725876,"{0: 0.5871503048922403, 1: 0.5871503048922404}","{0: 0.5871503048922403, 1: 0.5871503048922404}",0.5871503048922404,"[[459 192]
 [388 272]]",[1. 0. 0. ... 1. 0. 0.],[1. 1. 1. ... 1. 0. 0.]
958,AdaBoost,"{'algorithm': 'SAMME', 'learning_rate': 2.8755102040816327, 'n_estimators': 85}",0.5378203969702651,0.07649168704697384,0.11432608473092534,0.14835259408515875,0.5570424556860158,0.07500919616187234,0.5479592145048445,0.11695026269214148,0.5575896262395118,0.5585951682725876,"{0: 0.5801866592189172, 1: 0.5801866592189173}","{0: 0.5801866592189172, 1: 0.5801866592189173}",0.5801866592189173,"[[459 192]
 [388 272]]",[1. 0. 0. ... 1. 0. 0.],[1. 1. 1. ... 1. 0. 0.]
570,knn,{'n_neighbors': 21},0.5523398437694803,0.12182722918432204,0.11386839540981417,0.240494744746777,0.5572805003702723,0.12024123129988169,0.5380169033910376,0.07661976159791573,0.5385202135774219,0.5382942326490714,"{0: 0.5350346785830656, 1: 0.5350346785830657}","{0: 0.5350346785830656, 1: 0.5350346785830657}",0.5350346785830657,"[[329 322]
 [283 377]]",[1. 0. 0. ... 1. 1. 0.],[1. 1. 1. ... 1. 0. 0.]
272,knn,{'n_neighbors': 21},0.5523398437694803,0.12182722918432204,0.11386839540981417,0.240494744746777,0.5572805003702723,0.12024123129988169,0.5380169033910376,0.07661976159791573,0.5385202135774219,0.5382942326490714,"{0: 0.5350346785830656, 1: 0.5350346785830657}","{0: 0.5350346785830656, 1: 0.5350346785830657}",0.5350346785830657,"[[329 322]
 [283 377]]",[1. 0. 0. ... 1. 1. 0.],[1. 1. 1. ... 1. 0. 0.]
964,knn,{'n_neighbors': 21},0.5523398437694803,0.12182722918432204,0.11386839540981417,0.240494744746777,0.5572805003702723,0.12024123129988169,0.5380169033910376,0.07661976159791573,0.5385202135774219,0.5382942326490714,"{0: 0.5350346785830656, 1: 0.5350346785830657}","{0: 0.5350346785830656, 1: 0.5350346785830657}",0.5350346785830657,"[[329 322]
 [283 377]]",[1. 0. 0. ... 1. 1. 0.],[1. 1. 1. ... 1. 0. 0.]
696,SVC,"{'C': 1000, 'gamma': 0.001, 'kernel': 'sigmoid'}",0.542439392906035,0.09560967085028889,0.11377568003344392,0.17676549407535014,0.5572283094140227,0.08918309536880756,0.5483937435070528,0.09700028621890855,0.5484363081617086,0.5485092864125122,"{0: 0.5610680538099893, 1: 0.5610680538099894}","{0: 0.5610680538099893, 1: 0.5610680538099894}",0.5610680538099894,"[[364 287]
 [305 355]]",[0. 1. 0. ... 1. 0. 0.],[1. 1. 1. ... 1. 0. 0.]
723,SVC,"{'C': 10, 'gamma': 0.01, 'kernel': 'sigmoid'}",0.5441816452274477,0.09850623183377182,0.11376183626094369,0.18805649937359897,0.5575830941995015,0.09327347584096063,0.5453899632978314,0.09078468745854529,0.5453852021357742,0.5453951962016479,"{0: 0.5530524135362845, 1: 0.5530524135362844}","{0: 0.5530524135362845, 1: 0.5530524135362844}",0.5530524135362844,"[[356 295]
 [301 359]]",[0. 1. 0. ... 1. 1. 0.],[1. 1. 1. ... 1. 0. 0.]
121,AdaBoost,"{'algorithm': 'SAMME.R', 'learning_rate': 0.3448979591836735, 'n_estimators': 74}",0.5498748080610496,0.11251532978859512,0.11315084653746972,0.22237060965899252,0.5570849865416231,0.11093193578009744,0.5391966488151806,0.07838741890655654,0.5392829900839055,0.5391879625750593,"{0: 0.5588418749709072, 1: 0.5588418749709072}","{0: 0.5588418749709072, 1: 0.5588418749709072}",0.5588418749709072,"[[342 309]
 [295 365]]",[0. 1. 0. ... 1. 1. 0.],[1. 1. 1. ... 1. 0. 0.]
836,AdaBoost,"{'algorithm': 'SAMME', 'learning_rate': 3.120408163265306, 'n_estimators': 85}",0.5369019077325472,0.07604323595405295,0.11312988647908546,0.14770295902844924,0.5564185269979192,0.07467040531099424,0.5468683523580434,0.1154554987684514,0.5568268497330282,0.5578480659125821,"{0: 0.5303519061583578, 1: 0.5303519061583577}","{0: 0.5303519061583578, 1: 0.5303519061583577}",0.5303519061583577,"[[460 191]
 [390 270]]",[1. 0. 0. ... 1. 0. 0.],[1. 1. 1. ... 1. 0. 0.]
55,AdaBoost,"{'algorithm': 'SAMME', 'learning_rate': 3.120408163265306, 'n_estimators': 41}",0.5369019077325472,0.07604323595405295,0.11312988647908546,0.14770295902844924,0.5564185269979192,0.07467040531099424,0.5468683523580434,0.1154554987684514,0.5568268497330282,0.5578480659125821,"{0: 0.5294558488106874, 1: 0.5294558488106875}","{0: 0.5294558488106874, 1: 0.5294558488106875}",0.5294558488106875,"[[460 191]
 [390 270]]",[1. 0. 0. ... 1. 0. 0.],[1. 1. 1. ... 1. 0. 0.]
700,AdaBoost,"{'algorithm': 'SAMME', 'learning_rate': 3.0387755102040814, 'n_estimators': 85}",0.5369019077325472,0.07604323595405295,0.11312988647908546,0.14770295902844924,0.5564185269979192,0.07467040531099424,0.5468683523580434,0.1154554987684514,0.5568268497330282,0.5578480659125821,"{0: 0.5302494996043382, 1: 0.5302494996043383}","{0: 0.5302494996043382, 1: 0.5302494996043383}",0.5302494996043383,"[[460 191]
 [390 270]]",[1. 0. 0. ... 1. 0. 0.],[1. 1. 1. ... 1. 0. 0.]
573,AdaBoost,"{'algorithm': 'SAMME', 'learning_rate': 3.120408163265306, 'n_estimators': 85}",0.5369019077325472,0.07604323595405295,0.11312988647908546,0.14770295902844924,0.5564185269979192,0.07467040531099424,0.5468683523580434,0.1154554987684514,0.5568268497330282,0.5578480659125821,"{0: 0.5303519061583578, 1: 0.5303519061583577}","{0: 0.5303519061583578, 1: 0.5303519061583577}",0.5303519061583577,"[[460 191]
 [390 270]]",[1. 0. 0. ... 1. 0. 0.],[1. 1. 1. ... 1. 0. 0.]
521,AdaBoost,"{'algorithm': 'SAMME', 'learning_rate': 3.0387755102040814, 'n_estimators': 85}",0.5369019077325472,0.07604323595405295,0.11312988647908546,0.14770295902844924,0.5564185269979192,0.07467040531099424,0.5468683523580434,0.1154554987684514,0.5568268497330282,0.5578480659125821,"{0: 0.5302494996043382, 1: 0.5302494996043383}","{0: 0.5302494996043382, 1: 0.5302494996043383}",0.5302494996043383,"[[460 191]
 [390 270]]",[1. 0. 0. ... 1. 0. 0.],[1. 1. 1. ... 1. 0. 0.]
613,AdaBoost,"{'algorithm': 'SAMME', 'learning_rate': 3.0387755102040814, 'n_estimators': 85}",0.5369019077325472,0.07604323595405295,0.11312988647908546,0.14770295902844924,0.5564185269979192,0.07467040531099424,0.5468683523580434,0.1154554987684514,0.5568268497330282,0.5578480659125821,"{0: 0.5302494996043382, 1: 0.5302494996043383}","{0: 0.5302494996043382, 1: 0.5302494996043383}",0.5302494996043383,"[[460 191]
 [390 270]]",[1. 0. 0. ... 1. 0. 0.],[1. 1. 1. ... 1. 0. 0.]
443,AdaBoost,"{'algorithm': 'SAMME', 'learning_rate': 3.0387755102040814, 'n_estimators': 85}",0.5369019077325472,0.07604323595405295,0.11312988647908546,0.14770295902844924,0.5564185269979192,0.07467040531099424,0.5468683523580434,0.1154554987684514,0.5568268497330282,0.5578480659125821,"{0: 0.5302494996043382, 1: 0.5302494996043383}","{0: 0.5302494996043382, 1: 0.5302494996043383}",0.5302494996043383,"[[460 191]
 [390 270]]",[1. 0. 0. ... 1. 0. 0.],[1. 1. 1. ... 1. 0. 0.]
185,AdaBoost,"{'algorithm': 'SAMME', 'learning_rate': 3.120408163265306, 'n_estimators': 85}",0.5369019077325472,0.07604323595405295,0.11312988647908546,0.14770295902844924,0.5564185269979192,0.07467040531099424,0.5468683523580434,0.1154554987684514,0.5568268497330282,0.5578480659125821,"{0: 0.5303519061583578, 1: 0.5303519061583577}","{0: 0.5303519061583578, 1: 0.5303519061583577}",0.5303519061583577,"[[460 191]
 [390 270]]",[1. 0. 0. ... 1. 0. 0.],[1. 1. 1. ... 1. 0. 0.]
484,AdaBoost,"{'algorithm': 'SAMME', 'learning_rate': 3.120408163265306, 'n_estimators': 85}",0.5369019077325472,0.07604323595405295,0.11312988647908546,0.14770295902844924,0.5564185269979192,0.07467040531099424,0.5468683523580434,0.1154554987684514,0.5568268497330282,0.5578480659125821,"{0: 0.5303519061583578, 1: 0.5303519061583577}","{0: 0.5303519061583578, 1: 0.5303519061583577}",0.5303519061583577,"[[460 191]
 [390 270]]",[1. 0. 0. ... 1. 0. 0.],[1. 1. 1. ... 1. 0. 0.]
925,AdaBoost,"{'algorithm': 'SAMME', 'learning_rate': 3.120408163265306, 'n_estimators': 85}",0.5369019077325472,0.07604323595405295,0.11312988647908546,0.14770295902844924,0.5564185269979192,0.07467040531099424,0.5468683523580434,0.1154554987684514,0.5568268497330282,0.5578480659125821,"{0: 0.5303519061583578, 1: 0.5303519061583577}","{0: 0.5303519061583578, 1: 0.5303519061583577}",0.5303519061583577,"[[460 191]
 [390 270]]",[1. 0. 0. ... 1. 0. 0.],[1. 1. 1. ... 1. 0. 0.]
346,AdaBoost,"{'algorithm': 'SAMME', 'learning_rate': 3.0387755102040814, 'n_estimators': 85}",0.5369019077325472,0.07604323595405295,0.11312988647908546,0.14770295902844924,0.5564185269979192,0.07467040531099424,0.5468683523580434,0.1154554987684514,0.5568268497330282,0.5578480659125821,"{0: 0.5302494996043382, 1: 0.5302494996043383}","{0: 0.5302494996043382, 1: 0.5302494996043383}",0.5302494996043383,"[[460 191]
 [390 270]]",[1. 0. 0. ... 1. 0. 0.],[1. 1. 1. ... 1. 0. 0.]
900,AdaBoost,"{'algorithm': 'SAMME', 'learning_rate': 3.0387755102040814, 'n_estimators': 85}",0.5369019077325472,0.07604323595405295,0.11312988647908546,0.14770295902844924,0.5564185269979192,0.07467040531099424,0.5468683523580434,0.1154554987684514,0.5568268497330282,0.5578480659125821,"{0: 0.5302494996043382, 1: 0.5302494996043383}","{0: 0.5302494996043382, 1: 0.5302494996043383}",0.5302494996043383,"[[460 191]
 [390 270]]",[1. 0. 0. ... 1. 0. 0.],[1. 1. 1. ... 1. 0. 0.]
797,AdaBoost,"{'algorithm': 'SAMME', 'learning_rate': 3.0387755102040814, 'n_estimators': 85}",0.5369019077325472,0.07604323595405295,0.11312988647908546,0.14770295902844924,0.5564185269979192,0.07467040531099424,0.5468683523580434,0.1154554987684514,0.5568268497330282,0.5578480659125821,"{0: 0.5302494996043382, 1: 0.5302494996043383}","{0: 0.5302494996043382, 1: 0.5302494996043383}",0.5302494996043383,"[[460 191]
 [390 270]]",[1. 0. 0. ... 1. 0. 0.],[1. 1. 1. ... 1. 0. 0.]
380,SVC,"{'C': 100, 'gamma': 0.001, 'kernel': 'sigmoid'}",0.5445703140728587,0.08630280425725247,0.11306616827831587,0.16392440465033165,0.5566689393858549,0.08213245620254002,0.5522147595557054,0.10461759706238594,0.5522501906941266,0.5523181119955314,"{0: 0.5587348135735233, 1: 0.5587348135735233}","{0: 0.5587348135735233, 1: 0.5587348135735233}",0.5587348135735233,"[[366 285]
 [302 358]]",[0. 1. 0. ... 1. 1. 0.],[1. 1. 1. ... 1. 0. 0.]
765,AdaBoost,"{'algorithm': 'SAMME.R', 'learning_rate': 3.2836734693877547, 'n_estimators': 85}",0.5369832148912949,0.07620258227290481,0.11288578909059968,0.1476167618653244,0.5563302917038015,0.07462448808045338,0.5474860628377691,0.11540002578226527,0.5568268497330282,0.5578166457198716,"{0: 0.5406007075361914, 1: 0.5406007075361913}","{0: 0.5406007075361914, 1: 0.5406007075361913}",0.5406007075361913,"[[457 194]
 [387 273]]",[1. 0. 0. ... 1. 0. 0.],[1. 1. 1. ... 1. 0. 0.]
751,AdaBoost,"{'algorithm': 'SAMME.R', 'learning_rate': 3.446938775510204, 'n_estimators': 85}",0.5369832148912949,0.07620258227290481,0.11288578909059968,0.1476167618653244,0.5563302917038015,0.07462448808045338,0.5474860628377691,0.11540002578226527,0.5568268497330282,0.5578166457198716,"{0: 0.5314446306381789, 1: 0.531444630638179}","{0: 0.5314446306381789, 1: 0.531444630638179}",0.531444630638179,"[[457 194]
 [387 273]]",[1. 0. 0. ... 1. 0. 0.],[1. 1. 1. ... 1. 0. 0.]
251,AdaBoost,"{'algorithm': 'SAMME.R', 'learning_rate': 3.0387755102040814, 'n_estimators': 85}",0.5369832148912949,0.07620258227290481,0.11288578909059968,0.1476167618653244,0.5563302917038015,0.07462448808045338,0.5474860628377691,0.11540002578226527,0.5568268497330282,0.5578166457198716,"{0: 0.5293150397989107, 1: 0.5293150397989108}","{0: 0.5293150397989107, 1: 0.5293150397989108}",0.5293150397989108,"[[457 194]
 [387 273]]",[1. 0. 0. ... 1. 0. 0.],[1. 1. 1. ... 1. 0. 0.]
202,AdaBoost,"{'algorithm': 'SAMME.R', 'learning_rate': 3.2836734693877547, 'n_estimators': 85}",0.5369832148912949,0.07620258227290481,0.11288578909059968,0.1476167618653244,0.5563302917038015,0.07462448808045338,0.5474860628377691,0.11540002578226527,0.5568268497330282,0.5578166457198716,"{0: 0.5406007075361914, 1: 0.5406007075361913}","{0: 0.5406007075361914, 1: 0.5406007075361913}",0.5406007075361913,"[[457 194]
 [387 273]]",[1. 0. 0. ... 1. 0. 0.],[1. 1. 1. ... 1. 0. 0.]
850,AdaBoost,"{'algorithm': 'SAMME.R', 'learning_rate': 3.2836734693877547, 'n_estimators': 85}",0.5369832148912949,0.07620258227290481,0.11288578909059968,0.1476167618653244,0.5563302917038015,0.07462448808045338,0.5474860628377691,0.11540002578226527,0.5568268497330282,0.5578166457198716,"{0: 0.5406007075361914, 1: 0.5406007075361913}","{0: 0.5406007075361914, 1: 0.5406007075361913}",0.5406007075361913,"[[457 194]
 [387 273]]",[1. 0. 0. ... 1. 0. 0.],[1. 1. 1. ... 1. 0. 0.]
420,AdaBoost,"{'algorithm': 'SAMME.R', 'learning_rate': 0.8346938775510203, 'n_estimators': 52}",0.550581900854064,0.10645579429442958,0.11285321499328496,0.2091589035943782,0.5566066306311614,0.10464748211586647,0.5388482237909425,0.07817498568095782,0.5392829900839055,0.5390727552017874,"{0: 0.5610133594004563, 1: 0.5610133594004562}","{0: 0.5610133594004563, 1: 0.5610133594004562}",0.5610133594004562,"[[331 320]
 [284 376]]",[0. 1. 0. ... 0. 1. 0.],[1. 1. 1. ... 1. 0. 0.]
636,AdaBoost,"{'algorithm': 'SAMME', 'learning_rate': 2.630612244897959, 'n_estimators': 85}",0.5338499048636982,0.08849937049366814,0.11250191506456324,0.16950215619806544,0.5561665905550499,0.08520328571646969,0.5439887743109055,0.11410896779452029,0.5560640732265446,0.5571847507331378,"{0: 0.5688730624214495, 1: 0.5688730624214495}","{0: 0.5688730624214495, 1: 0.5688730624214495}",0.5688730624214495,"[[469 182]
 [400 260]]",[1. 0. 0. ... 1. 0. 0.],[1. 1. 1. ... 1. 0. 0.]
451,AdaBoost,"{'algorithm': 'SAMME', 'learning_rate': 2.630612244897959, 'n_estimators': 85}",0.5338499048636982,0.08849937049366814,0.11250191506456324,0.16950215619806544,0.5561665905550499,0.08520328571646969,0.5439887743109055,0.11410896779452029,0.5560640732265446,0.5571847507331378,"{0: 0.5688730624214495, 1: 0.5688730624214495}","{0: 0.5688730624214495, 1: 0.5688730624214495}",0.5688730624214495,"[[469 182]
 [400 260]]",[1. 0. 0. ... 1. 0. 0.],[1. 1. 1. ... 1. 0. 0.]
806,AdaBoost,"{'algorithm': 'SAMME', 'learning_rate': 2.630612244897959, 'n_estimators': 85}",0.5338499048636982,0.08849937049366814,0.11250191506456324,0.16950215619806544,0.5561665905550499,0.08520328571646969,0.5439887743109055,0.11410896779452029,0.5560640732265446,0.5571847507331378,"{0: 0.5688730624214495, 1: 0.5688730624214495}","{0: 0.5688730624214495, 1: 0.5688730624214495}",0.5688730624214495,"[[469 182]
 [400 260]]",[1. 0. 0. ... 1. 0. 0.],[1. 1. 1. ... 1. 0. 0.]
262,AdaBoost,"{'algorithm': 'SAMME', 'learning_rate': 2.630612244897959, 'n_estimators': 85}",0.5338499048636982,0.08849937049366814,0.11250191506456324,0.16950215619806544,0.5561665905550499,0.08520328571646969,0.5439887743109055,0.11410896779452029,0.5560640732265446,0.5571847507331378,"{0: 0.5688730624214495, 1: 0.5688730624214495}","{0: 0.5688730624214495, 1: 0.5688730624214495}",0.5688730624214495,"[[469 182]
 [400 260]]",[1. 0. 0. ... 1. 0. 0.],[1. 1. 1. ... 1. 0. 0.]
167,AdaBoost,"{'algorithm': 'SAMME.R', 'learning_rate': 1.1612244897959183, 'n_estimators': 52}",0.5497818602401575,0.10746446714130128,0.11246813565575949,0.2126017151789007,0.5565863372349821,0.10647970965868879,0.5389690843643609,0.0782329317269077,0.5392829900839055,0.5391041753944981,"{0: 0.5575373551180003, 1: 0.5575373551180003}","{0: 0.5575373551180003, 1: 0.5575373551180003}",0.5575373551180003,"[[334 317]
 [287 373]]",[0. 0. 0. ... 0. 1. 0.],[1. 1. 1. ... 1. 0. 0.]
615,SVC,"{'C': 1000, 'gamma': 0.001, 'kernel': 'sigmoid'}",0.5425069188854258,0.09414593126858901,0.11230048828778016,0.17580463897684434,0.5561749533526404,0.08822274457146967,0.5469128641100375,0.09385472520107241,0.5469107551487414,0.5469312945119397,"{0: 0.5552751012428432, 1: 0.5552751012428433}","{0: 0.5552751012428432, 1: 0.5552751012428433}",0.5552751012428433,"[[358 293]
 [301 359]]",[0. 1. 0. ... 1. 0. 0.],[1. 1. 1. ... 1. 0. 0.]
691,AdaBoost,"{'algorithm': 'SAMME.R', 'learning_rate': 0.42653061224489797, 'n_estimators': 85}",0.5498131243038289,0.10666548088778093,0.11223026207918341,0.2082293314918585,0.5562678317297557,0.10399707969682978,0.5376013722197851,0.07527760318457988,0.5377574370709383,0.5376309174696272,"{0: 0.5554822417725643, 1: 0.5554822417725643}","{0: 0.5554822417725643, 1: 0.5554822417725643}",0.5554822417725643,"[[338 313]
 [293 367]]",[0. 0. 0. ... 0. 1. 0.],[1. 1. 1. ... 1. 0. 0.]
194,SVC,"{'C': 1000, 'gamma': 0.0001, 'kernel': 'rbf'}",0.5432015879850625,0.08627176774873396,0.1122197009719811,0.16047525800946114,0.556238592904004,0.08029998030386092,0.5499670981466456,0.09991900911845608,0.5499618611746758,0.5499615975422427,"{0: 0.55738258157613, 1: 0.5573825815761301}","{0: 0.55738258157613, 1: 0.5573825815761301}",0.5573825815761301,"[[358 293]
 [297 363]]",[0. 1. 0. ... 1. 1. 0.],[1. 1. 1. ... 1. 0. 0.]
975,AdaBoost,"{'algorithm': 'SAMME.R', 'learning_rate': 3.8551020408163263, 'n_estimators': 41}",0.5366343072427253,0.07595868150610273,0.11219523028881301,0.14727463373482247,0.5559794145108191,0.07445526081708058,0.5468082955513569,0.11386821640605393,0.5560640732265446,0.5570485965647256,"{0: 0.5288961038961039, 1: 0.5288961038961039}","{0: 0.5288961038961039, 1: 0.5288961038961039}",0.5288961038961039,"[[456 195]
 [387 273]]",[1. 0. 0. ... 1. 0. 0.],[1. 1. 1. ... 1. 0. 0.]
960,AdaBoost,"{'algorithm': 'SAMME.R', 'learning_rate': 3.691836734693877, 'n_estimators': 63}",0.5365843246207347,0.07590668437923297,0.11219523028881301,0.14727463373482247,0.5559794145108191,0.07445526081708058,0.546400453175551,0.11390526359797648,0.5560640732265446,0.5570695433598659,"{0: 0.5299737001349905, 1: 0.5299737001349905}","{0: 0.5299737001349905, 1: 0.5299737001349905}",0.5299737001349905,"[[458 193]
 [389 271]]",[1. 0. 0. ... 1. 0. 0.],[1. 1. 1. ... 1. 0. 0.]
780,AdaBoost,"{'algorithm': 'SAMME.R', 'learning_rate': 3.691836734693877, 'n_estimators': 85}",0.5365843246207347,0.07590668437923297,0.11219523028881301,0.14727463373482247,0.5559794145108191,0.07445526081708058,0.546400453175551,0.11390526359797648,0.5560640732265446,0.5570695433598659,"{0: 0.5293569333891914, 1: 0.5293569333891915}","{0: 0.5293569333891914, 1: 0.5293569333891915}",0.5293569333891915,"[[458 193]
 [389 271]]",[1. 0. 0. ... 1. 0. 0.],[1. 1. 1. ... 1. 0. 0.]
377,AdaBoost,"{'algorithm': 'SAMME.R', 'learning_rate': 3.7734693877551018, 'n_estimators': 85}",0.5366343072427253,0.07595868150610273,0.11219523028881301,0.14727463373482247,0.5559794145108191,0.07445526081708058,0.5468082955513569,0.11386821640605393,0.5560640732265446,0.5570485965647256,"{0: 0.5253607503607504, 1: 0.5253607503607505}","{0: 0.5253607503607504, 1: 0.5253607503607505}",0.5253607503607505,"[[456 195]
 [387 273]]",[1. 0. 0. ... 1. 0. 0.],[1. 1. 1. ... 1. 0. 0.]
601,AdaBoost,"{'algorithm': 'SAMME.R', 'learning_rate': 3.8551020408163263, 'n_estimators': 96}",0.5366343072427253,0.07595868150610273,0.11219523028881301,0.14727463373482247,0.5559794145108191,0.07445526081708058,0.5468082955513569,0.11386821640605393,0.5560640732265446,0.5570485965647256,"{0: 0.5274461201880556, 1: 0.5274461201880557}","{0: 0.5274461201880556, 1: 0.5274461201880557}",0.5274461201880557,"[[456 195]
 [387 273]]",[1. 0. 0. ... 1. 0. 0.],[1. 1. 1. ... 1. 0. 0.]
672,AdaBoost,"{'algorithm': 'SAMME', 'learning_rate': 2.957142857142857, 'n_estimators': 63}",0.5359564066405027,0.07662703296861276,0.11175057613425787,0.1482688665133069,0.5557288718255053,0.07494892023049232,0.54598325693235,0.11394230769230773,0.5560640732265446,0.5570904901550062,"{0: 0.5318903318903319, 1: 0.5318903318903319}","{0: 0.5318903318903319, 1: 0.5318903318903319}",0.5318903318903319,"[[460 191]
 [391 269]]",[1. 0. 0. ... 1. 0. 0.],[1. 1. 1. ... 1. 0. 0.]
583,AdaBoost,"{'algorithm': 'SAMME', 'learning_rate': 2.957142857142857, 'n_estimators': 85}",0.5359564066405027,0.07662703296861276,0.11175057613425787,0.1482688665133069,0.5557288718255053,0.07494892023049232,0.54598325693235,0.11394230769230773,0.5560640732265446,0.5570904901550062,"{0: 0.5319392077456593, 1: 0.5319392077456593}","{0: 0.5319392077456593, 1: 0.5319392077456593}",0.5319392077456593,"[[460 191]
 [391 269]]",[1. 0. 0. ... 1. 0. 0.],[1. 1. 1. ... 1. 0. 0.]
291,AdaBoost,"{'algorithm': 'SAMME', 'learning_rate': 2.957142857142857, 'n_estimators': 85}",0.5359564066405027,0.07662703296861276,0.11175057613425787,0.1482688665133069,0.5557288718255053,0.07494892023049232,0.54598325693235,0.11394230769230773,0.5560640732265446,0.5570904901550062,"{0: 0.5319392077456593, 1: 0.5319392077456593}","{0: 0.5319392077456593, 1: 0.5319392077456593}",0.5319392077456593,"[[460 191]
 [391 269]]",[1. 0. 0. ... 1. 0. 0.],[1. 1. 1. ... 1. 0. 0.]
757,AdaBoost,"{'algorithm': 'SAMME', 'learning_rate': 2.957142857142857, 'n_estimators': 85}",0.5359564066405027,0.07662703296861276,0.11175057613425787,0.1482688665133069,0.5557288718255053,0.07494892023049232,0.54598325693235,0.11394230769230773,0.5560640732265446,0.5570904901550062,"{0: 0.5319392077456593, 1: 0.5319392077456593}","{0: 0.5319392077456593, 1: 0.5319392077456593}",0.5319392077456593,"[[460 191]
 [391 269]]",[1. 0. 0. ... 1. 0. 0.],[1. 1. 1. ... 1. 0. 0.]
847,AdaBoost,"{'algorithm': 'SAMME', 'learning_rate': 2.957142857142857, 'n_estimators': 85}",0.5359564066405027,0.07662703296861276,0.11175057613425787,0.1482688665133069,0.5557288718255053,0.07494892023049232,0.54598325693235,0.11394230769230773,0.5560640732265446,0.5570904901550062,"{0: 0.5319392077456593, 1: 0.5319392077456593}","{0: 0.5319392077456593, 1: 0.5319392077456593}",0.5319392077456593,"[[460 191]
 [391 269]]",[1. 0. 0. ... 1. 0. 0.],[1. 1. 1. ... 1. 0. 0.]
196,AdaBoost,"{'algorithm': 'SAMME', 'learning_rate': 2.957142857142857, 'n_estimators': 85}",0.5359564066405027,0.07662703296861276,0.11175057613425787,0.1482688665133069,0.5557288718255053,0.07494892023049232,0.54598325693235,0.11394230769230773,0.5560640732265446,0.5570904901550062,"{0: 0.5319392077456593, 1: 0.5319392077456593}","{0: 0.5319392077456593, 1: 0.5319392077456593}",0.5319392077456593,"[[460 191]
 [391 269]]",[1. 0. 0. ... 1. 0. 0.],[1. 1. 1. ... 1. 0. 0.]
928,AdaBoost,"{'algorithm': 'SAMME', 'learning_rate': 2.957142857142857, 'n_estimators': 85}",0.5359564066405027,0.07662703296861276,0.11175057613425787,0.1482688665133069,0.5557288718255053,0.07494892023049232,0.54598325693235,0.11394230769230773,0.5560640732265446,0.5570904901550062,"{0: 0.5319392077456593, 1: 0.5319392077456593}","{0: 0.5319392077456593, 1: 0.5319392077456593}",0.5319392077456593,"[[460 191]
 [391 269]]",[1. 0. 0. ... 1. 0. 0.],[1. 1. 1. ... 1. 0. 0.]
10,AdaBoost,"{'algorithm': 'SAMME', 'learning_rate': 1.8142857142857143, 'n_estimators': 96}",0.5499903027023998,0.09010641043287047,0.11153605369021792,0.1747098696163151,0.5548361847147905,0.0880235755733867,0.5489439477686463,0.09810063591505769,0.5491990846681922,0.5490364474235442,"{0: 0.5726981799562445, 1: 0.5726981799562445}","{0: 0.5726981799562445, 1: 0.5726981799562445}",0.5726981799562445,"[[342 309]
 [282 378]]",[1. 1. 0. ... 0. 0. 0.],[1. 1. 1. ... 1. 0. 0.]
154,AdaBoost,"{'algorithm': 'SAMME', 'learning_rate': 2.630612244897959, 'n_estimators': 41}",0.5333632308193974,0.08853633354989433,0.11132544447632792,0.1695644205848138,0.5555783552609322,0.08523367048727046,0.5433213290627334,0.1125775450989408,0.555301296720061,0.556416701577992,"{0: 0.5865125913513011, 1: 0.5865125913513011}","{0: 0.5865125913513011, 1: 0.5865125913513011}",0.5865125913513011,"[[468 183]
 [400 260]]",[1. 0. 0. ... 1. 0. 0.],[1. 1. 1. ... 1. 0. 0.]
245,SVC,"{'C': 1, 'gamma': 0.01, 'kernel': 'sigmoid'}",0.5438856376944856,0.0847012492672375,0.11111587234789624,0.1636528640102246,0.5557776888379284,0.0820281392302905,0.5506404569641685,0.10162333469454721,0.5507246376811594,0.5508239072755201,"{0: 0.5556288693385467, 1: 0.5556288693385467}","{0: 0.5556288693385467, 1: 0.5556288693385467}",0.5556288693385467,"[[368 283]
 [306 354]]",[1. 1. 0. ... 1. 1. 0.],[1. 1. 1. ... 1. 0. 0.]
776,AdaBoost,"{'algorithm': 'SAMME', 'learning_rate': 3.2020408163265306, 'n_estimators': 85}",0.5357219995142397,0.07568718563200658,0.11102318333271065,0.14708888659420882,0.5553651754247317,0.07436467634026464,0.545308518803338,0.11241059514975416,0.555301296720061,0.5563224409998604,"{0: 0.5488397802913932, 1: 0.5488397802913932}","{0: 0.5488397802913932, 1: 0.5488397802913932}",0.5488397802913932,"[[459 192]
 [391 269]]",[1. 0. 0. ... 1. 0. 0.],[1. 1. 1. ... 1. 0. 0.]
409,AdaBoost,"{'algorithm': 'SAMME', 'learning_rate': 3.2020408163265306, 'n_estimators': 85}",0.5357219995142397,0.07568718563200658,0.11102318333271065,0.14708888659420882,0.5553651754247317,0.07436467634026464,0.545308518803338,0.11241059514975416,0.555301296720061,0.5563224409998604,"{0: 0.5488397802913932, 1: 0.5488397802913932}","{0: 0.5488397802913932, 1: 0.5488397802913932}",0.5488397802913932,"[[459 192]
 [391 269]]",[1. 0. 0. ... 1. 0. 0.],[1. 1. 1. ... 1. 0. 0.]
491,AdaBoost,"{'algorithm': 'SAMME', 'learning_rate': 3.2020408163265306, 'n_estimators': 41}",0.5357219995142397,0.07568718563200658,0.11102318333271065,0.14708888659420882,0.5553651754247317,0.07436467634026464,0.545308518803338,0.11241059514975416,0.555301296720061,0.5563224409998604,"{0: 0.5841723688497883, 1: 0.5841723688497882}","{0: 0.5841723688497883, 1: 0.5841723688497882}",0.5841723688497882,"[[459 192]
 [391 269]]",[1. 0. 0. ... 1. 0. 0.],[1. 1. 1. ... 1. 0. 0.]
210,AdaBoost,"{'algorithm': 'SAMME', 'learning_rate': 3.2020408163265306, 'n_estimators': 85}",0.5357219995142397,0.07568718563200658,0.11102318333271065,0.14708888659420882,0.5553651754247317,0.07436467634026464,0.545308518803338,0.11241059514975416,0.555301296720061,0.5563224409998604,"{0: 0.5488397802913932, 1: 0.5488397802913932}","{0: 0.5488397802913932, 1: 0.5488397802913932}",0.5488397802913932,"[[459 192]
 [391 269]]",[1. 0. 0. ... 1. 0. 0.],[1. 1. 1. ... 1. 0. 0.]
587,AdaBoost,"{'algorithm': 'SAMME', 'learning_rate': 3.2020408163265306, 'n_estimators': 85}",0.5357219995142397,0.07568718563200658,0.11102318333271065,0.14708888659420882,0.5553651754247317,0.07436467634026464,0.545308518803338,0.11241059514975416,0.555301296720061,0.5563224409998604,"{0: 0.5488397802913932, 1: 0.5488397802913932}","{0: 0.5488397802913932, 1: 0.5488397802913932}",0.5488397802913932,"[[459 192]
 [391 269]]",[1. 0. 0. ... 1. 0. 0.],[1. 1. 1. ... 1. 0. 0.]
852,AdaBoost,"{'algorithm': 'SAMME', 'learning_rate': 3.2020408163265306, 'n_estimators': 85}",0.5357219995142397,0.07568718563200658,0.11102318333271065,0.14708888659420882,0.5553651754247317,0.07436467634026464,0.545308518803338,0.11241059514975416,0.555301296720061,0.5563224409998604,"{0: 0.5488397802913932, 1: 0.5488397802913932}","{0: 0.5488397802913932, 1: 0.5488397802913932}",0.5488397802913932,"[[459 192]
 [391 269]]",[1. 0. 0. ... 1. 0. 0.],[1. 1. 1. ... 1. 0. 0.]
73,AdaBoost,"{'algorithm': 'SAMME', 'learning_rate': 3.2020408163265306, 'n_estimators': 41}",0.5357219995142397,0.07568718563200658,0.11102318333271065,0.14708888659420882,0.5553651754247317,0.07436467634026464,0.545308518803338,0.11241059514975416,0.555301296720061,0.5563224409998604,"{0: 0.5841723688497883, 1: 0.5841723688497882}","{0: 0.5841723688497883, 1: 0.5841723688497882}",0.5841723688497882,"[[459 192]
 [391 269]]",[1. 0. 0. ... 1. 0. 0.],[1. 1. 1. ... 1. 0. 0.]
40,AdaBoost,"{'algorithm': 'SAMME.R', 'learning_rate': 1.9775510204081632, 'n_estimators': 41}",0.5327797586845993,0.09512809497277784,0.11075820126910978,0.173367351840415,0.5549442485006304,0.08776564687642777,0.5397424769589115,0.1017628205128206,0.5499618611746758,0.5509879905041195,"{0: 0.5401014755853465, 1: 0.5401014755853465}","{0: 0.5401014755853465, 1: 0.5401014755853465}",0.5401014755853465,"[[456 195]
 [395 265]]",[1. 0. 0. ... 1. 0. 0.],[1. 1. 1. ... 1. 0. 0.]
737,SVC,"{'C': 100, 'gamma': 0.1, 'kernel': 'rbf'}",0.5493323163323859,0.11615607062386658,0.1105713764231647,0.22605270621318296,0.5554056900636021,0.11304140868801242,0.537706326659292,0.07537446318215146,0.5377574370709383,0.5376832844574779,"{0: 0.5343073593073593, 1: 0.5343073593073593}","{0: 0.5343073593073593, 1: 0.5343073593073593}",0.5343073593073593,"[[343 308]
 [298 362]]",[0. 1. 0. ... 0. 1. 0.],[1. 1. 1. ... 1. 0. 0.]
222,AdaBoost,"{'algorithm': 'SAMME', 'learning_rate': 1.3244897959183672, 'n_estimators': 41}",0.5482850213776738,0.11050159133188864,0.11053834753424155,0.21531492049030285,0.5564341353794023,0.10665688667748098,0.5387544277201748,0.07942147461091031,0.540045766590389,0.5396837033933808,"{0: 0.5574768421542615, 1: 0.5574768421542615}","{0: 0.5574768421542615, 1: 0.5574768421542615}",0.5574768421542615,"[[317 334]
 [269 391]]",[1. 0. 0. ... 1. 0. 0.],[1. 1. 1. ... 1. 0. 0.]
904,SVC,"{'C': 100, 'gamma': 0.1, 'kernel': 'rbf'}",0.5492030475123049,0.11431748758076485,0.11035804878232351,0.22246976464665671,0.5552211380478551,0.11128355915618793,0.5377208543091191,0.07539383274677391,0.5377574370709383,0.5376937578550482,"{0: 0.5361029651352232, 1: 0.5361029651352232}","{0: 0.5361029651352232, 1: 0.5361029651352232}",0.5361029651352232,"[[344 307]
 [299 361]]",[0. 1. 0. ... 0. 1. 0.],[1. 1. 1. ... 1. 0. 0.]
625,AdaBoost,"{'algorithm': 'SAMME', 'learning_rate': 1.6510204081632653, 'n_estimators': 30}",0.5476808372890397,0.09559925391867297,0.11033273033572687,0.1862377934999612,0.5551826046130534,0.09345630988801625,0.5430463602612416,0.08633249213778849,0.5430968726163234,0.5431748359167714,"{0: 0.563371037564586, 1: 0.563371037564586}","{0: 0.563371037564586, 1: 0.563371037564586}",0.563371037564586,"[[361 290]
 [309 351]]",[1. 1. 0. ... 0. 0. 0.],[1. 1. 1. ... 1. 0. 0.]
436,AdaBoost,"{'algorithm': 'SAMME', 'learning_rate': 1.6510204081632653, 'n_estimators': 30}",0.5476808372890397,0.09559925391867297,0.11033273033572687,0.1862377934999612,0.5551826046130534,0.09345630988801625,0.5430463602612416,0.08633249213778849,0.5430968726163234,0.5431748359167714,"{0: 0.563371037564586, 1: 0.563371037564586}","{0: 0.563371037564586, 1: 0.563371037564586}",0.563371037564586,"[[361 290]
 [309 351]]",[1. 1. 0. ... 0. 0. 0.],[1. 1. 1. ... 1. 0. 0.]
60,AdaBoost,"{'algorithm': 'SAMME.R', 'learning_rate': 2.304081632653061, 'n_estimators': 85}",0.5333183729590671,0.09422467506384816,0.10985469253412593,0.1762467329236532,0.5544634949490201,0.08894070216480286,0.5437486852486325,0.10936569153105691,0.5537757437070938,0.5547968160871387,"{0: 0.5347297863426896, 1: 0.5347297863426895}","{0: 0.5347297863426896, 1: 0.5347297863426895}",0.5347297863426895,"[[458 193]
 [392 268]]",[1. 0. 0. ... 1. 0. 0.],[1. 1. 1. ... 1. 0. 0.]
20,AdaBoost,"{'algorithm': 'SAMME', 'learning_rate': 1.8142857142857143, 'n_estimators': 63}",0.5482821834714968,0.0834377783557058,0.10977701694164123,0.163261779700586,0.5544797799422078,0.08190780830810508,0.5483311769718711,0.09667867817536802,0.5484363081617086,0.5483312386538193,"{0: 0.5593376157892287, 1: 0.5593376157892287}","{0: 0.5593376157892287, 1: 0.5593376157892287}",0.5593376157892287,"[[347 304]
 [288 372]]",[1. 0. 0. ... 0. 1. 0.],[1. 1. 1. ... 1. 0. 0.]
151,AdaBoost,"{'algorithm': 'SAMME', 'learning_rate': 1.8142857142857143, 'n_estimators': 63}",0.5482821834714968,0.0834377783557058,0.10977701694164123,0.163261779700586,0.5544797799422078,0.08190780830810508,0.5483311769718711,0.09667867817536802,0.5484363081617086,0.5483312386538193,"{0: 0.5593376157892287, 1: 0.5593376157892287}","{0: 0.5593376157892287, 1: 0.5593376157892287}",0.5593376157892287,"[[347 304]
 [288 372]]",[1. 0. 0. ... 0. 1. 0.],[1. 1. 1. ... 1. 0. 0.]
459,SVC,"{'C': 100, 'gamma': 0.1, 'kernel': 'rbf'}",0.5488168657661379,0.1163607564683998,0.10954177951510954,0.22665280184477882,0.5548174547694844,0.11336599023173069,0.5369510112418658,0.07385837933334038,0.5369946605644547,0.5369257086999022,"{0: 0.5401957361634782, 1: 0.5401957361634782}","{0: 0.5401957361634782, 1: 0.5401957361634782}",0.5401957361634782,"[[343 308]
 [299 361]]",[0. 1. 0. ... 0. 1. 0.],[1. 1. 1. ... 1. 0. 0.]
24,AdaBoost,"{'algorithm': 'SAMME.R', 'learning_rate': 0.7530612244897958, 'n_estimators': 96}",0.5490868105689861,0.0996206433383017,0.1095041215181412,0.19497755639188344,0.5547906286005175,0.0976765109881982,0.5426870188395424,0.08581556568355242,0.5430968726163234,0.5428920541823767,"{0: 0.5549411162314388, 1: 0.5549411162314388}","{0: 0.5549411162314388, 1: 0.5549411162314388}",0.5549411162314388,"[[334 317]
 [282 378]]",[0. 0. 0. ... 0. 1. 0.],[1. 1. 1. ... 1. 0. 0.]
458,AdaBoost,"{'algorithm': 'SAMME.R', 'learning_rate': 0.7530612244897958, 'n_estimators': 96}",0.5490868105689861,0.0996206433383017,0.1095041215181412,0.19497755639188344,0.5547906286005175,0.0976765109881982,0.5426870188395424,0.08581556568355242,0.5430968726163234,0.5428920541823767,"{0: 0.5549411162314388, 1: 0.5549411162314388}","{0: 0.5549411162314388, 1: 0.5549411162314388}",0.5549411162314388,"[[334 317]
 [282 378]]",[0. 0. 0. ... 0. 1. 0.],[1. 1. 1. ... 1. 0. 0.]
515,AdaBoost,"{'algorithm': 'SAMME.R', 'learning_rate': 1.2428571428571429, 'n_estimators': 41}",0.5499240911058432,0.09103702965999413,0.10901166207251847,0.1822464535374945,0.5543224260290842,0.09115617195274464,0.5442935797342024,0.08890611740301102,0.5446224256292906,0.5444386258902387,"{0: 0.5562549457710748, 1: 0.5562549457710748}","{0: 0.5562549457710748, 1: 0.5562549457710748}",0.5562549457710748,"[[337 314]
 [283 377]]",[0. 0. 0. ... 0. 1. 0.],[1. 1. 1. ... 1. 0. 0.]
116,AdaBoost,"{'algorithm': 'SAMME', 'learning_rate': 1.6510204081632653, 'n_estimators': 74}",0.5485349068318979,0.09923821528294768,0.10860350995916641,0.19674015464075026,0.5544015587429133,0.09846078797084497,0.5421795764552328,0.08443327047978211,0.5423340961098398,0.5422077922077921,"{0: 0.5602732393054973, 1: 0.5602732393054973}","{0: 0.5602732393054973, 1: 0.5602732393054973}",0.5602732393054973,"[[341 310]
 [290 370]]",[1. 0. 0. ... 0. 0. 0.],[1. 1. 1. ... 1. 0. 0.]
235,SVC,"{'C': 10, 'gamma': 0.001, 'kernel': 'sigmoid'}",0.5421311925855199,0.08790079971001041,0.10856610896873661,0.16825671738510323,0.5545179834772853,0.08442823166117228,0.549132982404131,0.09855394184354083,0.5491990846681922,0.5492878089652283,"{0: 0.5581611041288461, 1: 0.558161104128846}","{0: 0.5581611041288461, 1: 0.558161104128846}",0.558161104128846,"[[366 285]
 [306 354]]",[1. 0. 0. ... 1. 1. 0.],[1. 1. 1. ... 1. 0. 0.]
148,AdaBoost,"{'algorithm': 'SAMME', 'learning_rate': 0.6714285714285714, 'n_estimators': 63}",0.5413816434085009,0.07792351076869386,0.10820929981472777,0.15174863444665787,0.5536333278754918,0.07588749748551558,0.548384526412643,0.10233768226632767,0.5507246376811594,0.5512218963831867,"{0: 0.5536482334869431, 1: 0.5536482334869431}","{0: 0.5536482334869431, 1: 0.5536482334869431}",0.5536482334869431,"[[406 245]
 [344 316]]",[1. 0. 0. ... 1. 0. 0.],[1. 1. 1. ... 1. 0. 0.]
890,AdaBoost,"{'algorithm': 'SAMME', 'learning_rate': 0.6714285714285714, 'n_estimators': 63}",0.5413816434085009,0.07792351076869386,0.10820929981472777,0.15174863444665787,0.5536333278754918,0.07588749748551558,0.548384526412643,0.10233768226632767,0.5507246376811594,0.5512218963831867,"{0: 0.5536482334869431, 1: 0.5536482334869431}","{0: 0.5536482334869431, 1: 0.5536482334869431}",0.5536482334869431,"[[406 245]
 [344 316]]",[1. 0. 0. ... 1. 0. 0.],[1. 1. 1. ... 1. 0. 0.]
949,AdaBoost,"{'algorithm': 'SAMME', 'learning_rate': 2.1408163265306124, 'n_estimators': 41}",0.537828793510276,0.07992644632962255,0.1080782477375581,0.15305726480877754,0.5542976026737805,0.07697396006232976,0.55164562818182,0.1117050022837498,0.555301296720061,0.5559244518921939,"{0: 0.5618849788204626, 1: 0.5618849788204626}","{0: 0.5618849788204626, 1: 0.5618849788204626}",0.5618849788204626,"[[421 230]
 [353 307]]",[1. 1. 0. ... 1. 1. 0.],[1. 1. 1. ... 1. 0. 0.]
337,AdaBoost,"{'algorithm': 'SAMME', 'learning_rate': 4.018367346938775, 'n_estimators': 85}",0.5323313023816073,0.08434012131132904,0.1080720894980559,0.16317430720523363,0.5538408959866935,0.08241452992548588,0.5406494711721177,0.10645153424667075,0.5522501906941266,0.5533445049574082,"{0: 0.522756365498301, 1: 0.522756365498301}","{0: 0.522756365498301, 1: 0.522756365498301}",0.522756365498301,"[[464 187]
 [400 260]]",[1. 0. 0. ... 1. 0. 0.],[1. 1. 1. ... 1. 0. 0.]
801,AdaBoost,"{'algorithm': 'SAMME', 'learning_rate': 3.936734693877551, 'n_estimators': 85}",0.5323313023816073,0.08434012131132904,0.1080720894980559,0.16317430720523363,0.5538408959866935,0.08241452992548588,0.5406494711721177,0.10645153424667075,0.5522501906941266,0.5533445049574082,"{0: 0.5227377461248428, 1: 0.5227377461248429}","{0: 0.5227377461248428, 1: 0.5227377461248429}",0.5227377461248429,"[[464 187]
 [400 260]]",[1. 0. 0. ... 1. 0. 0.],[1. 1. 1. ... 1. 0. 0.]
139,AdaBoost,"{'algorithm': 'SAMME', 'learning_rate': 4.018367346938775, 'n_estimators': 63}",0.5323313023816073,0.08434012131132904,0.1080720894980559,0.16317430720523363,0.5538408959866935,0.08241452992548588,0.5406494711721177,0.10645153424667075,0.5522501906941266,0.5533445049574082,"{0: 0.5227540380766187, 1: 0.5227540380766187}","{0: 0.5227540380766187, 1: 0.5227540380766187}",0.5227540380766187,"[[464 187]
 [400 260]]",[1. 0. 0. ... 1. 0. 0.],[1. 1. 1. ... 1. 0. 0.]
155,AdaBoost,"{'algorithm': 'SAMME', 'learning_rate': 4.1, 'n_estimators': 85}",0.5323313023816073,0.08434012131132904,0.1080720894980559,0.16317430720523363,0.5538408959866935,0.08241452992548588,0.5406494711721177,0.10645153424667075,0.5522501906941266,0.5533445049574082,"{0: 0.5227121444863381, 1: 0.5227121444863381}","{0: 0.5227121444863381, 1: 0.5227121444863381}",0.5227121444863381,"[[464 187]
 [400 260]]",[1. 0. 0. ... 1. 0. 0.],[1. 1. 1. ... 1. 0. 0.]
246,AdaBoost,"{'algorithm': 'SAMME', 'learning_rate': 3.936734693877551, 'n_estimators': 85}",0.5323313023816073,0.08434012131132904,0.1080720894980559,0.16317430720523363,0.5538408959866935,0.08241452992548588,0.5406494711721177,0.10645153424667075,0.5522501906941266,0.5533445049574082,"{0: 0.5227377461248428, 1: 0.5227377461248429}","{0: 0.5227377461248428, 1: 0.5227377461248429}",0.5227377461248429,"[[464 187]
 [400 260]]",[1. 0. 0. ... 1. 0. 0.],[1. 1. 1. ... 1. 0. 0.]
608,AdaBoost,"{'algorithm': 'SAMME', 'learning_rate': 3.936734693877551, 'n_estimators': 85}",0.5323313023816073,0.08434012131132904,0.1080720894980559,0.16317430720523363,0.5538408959866935,0.08241452992548588,0.5406494711721177,0.10645153424667075,0.5522501906941266,0.5533445049574082,"{0: 0.5227377461248428, 1: 0.5227377461248429}","{0: 0.5227377461248428, 1: 0.5227377461248429}",0.5227377461248429,"[[464 187]
 [400 260]]",[1. 0. 0. ... 1. 0. 0.],[1. 1. 1. ... 1. 0. 0.]
655,AdaBoost,"{'algorithm': 'SAMME', 'learning_rate': 4.1, 'n_estimators': 41}",0.5323313023816073,0.08434012131132904,0.1080720894980559,0.16317430720523363,0.5538408959866935,0.08241452992548588,0.5406494711721177,0.10645153424667075,0.5522501906941266,0.5533445049574082,"{0: 0.5225399152818508, 1: 0.5225399152818507}","{0: 0.5225399152818508, 1: 0.5225399152818507}",0.5225399152818507,"[[464 187]
 [400 260]]",[1. 0. 0. ... 1. 0. 0.],[1. 1. 1. ... 1. 0. 0.]
273,AdaBoost,"{'algorithm': 'SAMME', 'learning_rate': 4.1, 'n_estimators': 41}",0.5323313023816073,0.08434012131132904,0.1080720894980559,0.16317430720523363,0.5538408959866935,0.08241452992548588,0.5406494711721177,0.10645153424667075,0.5522501906941266,0.5533445049574082,"{0: 0.5225399152818508, 1: 0.5225399152818507}","{0: 0.5225399152818508, 1: 0.5225399152818507}",0.5225399152818507,"[[464 187]
 [400 260]]",[1. 0. 0. ... 1. 0. 0.],[1. 1. 1. ... 1. 0. 0.]
887,AdaBoost,"{'algorithm': 'SAMME', 'learning_rate': 3.936734693877551, 'n_estimators': 85}",0.5323313023816073,0.08434012131132904,0.1080720894980559,0.16317430720523363,0.5538408959866935,0.08241452992548588,0.5406494711721177,0.10645153424667075,0.5522501906941266,0.5533445049574082,"{0: 0.5227377461248428, 1: 0.5227377461248429}","{0: 0.5227377461248428, 1: 0.5227377461248429}",0.5227377461248429,"[[464 187]
 [400 260]]",[1. 0. 0. ... 1. 0. 0.],[1. 1. 1. ... 1. 0. 0.]
891,AdaBoost,"{'algorithm': 'SAMME', 'learning_rate': 4.018367346938775, 'n_estimators': 85}",0.5323313023816073,0.08434012131132904,0.1080720894980559,0.16317430720523363,0.5538408959866935,0.08241452992548588,0.5406494711721177,0.10645153424667075,0.5522501906941266,0.5533445049574082,"{0: 0.522756365498301, 1: 0.522756365498301}","{0: 0.522756365498301, 1: 0.522756365498301}",0.522756365498301,"[[464 187]
 [400 260]]",[1. 0. 0. ... 1. 0. 0.],[1. 1. 1. ... 1. 0. 0.]
710,AdaBoost,"{'algorithm': 'SAMME', 'learning_rate': 4.018367346938775, 'n_estimators': 85}",0.5323313023816073,0.08434012131132904,0.1080720894980559,0.16317430720523363,0.5538408959866935,0.08241452992548588,0.5406494711721177,0.10645153424667075,0.5522501906941266,0.5533445049574082,"{0: 0.522756365498301, 1: 0.522756365498301}","{0: 0.522756365498301, 1: 0.522756365498301}",0.522756365498301,"[[464 187]
 [400 260]]",[1. 0. 0. ... 1. 0. 0.],[1. 1. 1. ... 1. 0. 0.]
803,AdaBoost,"{'algorithm': 'SAMME', 'learning_rate': 4.018367346938775, 'n_estimators': 85}",0.5323313023816073,0.08434012131132904,0.1080720894980559,0.16317430720523363,0.5538408959866935,0.08241452992548588,0.5406494711721177,0.10645153424667075,0.5522501906941266,0.5533445049574082,"{0: 0.522756365498301, 1: 0.522756365498301}","{0: 0.522756365498301, 1: 0.522756365498301}",0.522756365498301,"[[464 187]
 [400 260]]",[1. 0. 0. ... 1. 0. 0.],[1. 1. 1. ... 1. 0. 0.]
428,AdaBoost,"{'algorithm': 'SAMME', 'learning_rate': 3.936734693877551, 'n_estimators': 85}",0.5323313023816073,0.08434012131132904,0.1080720894980559,0.16317430720523363,0.5538408959866935,0.08241452992548588,0.5406494711721177,0.10645153424667075,0.5522501906941266,0.5533445049574082,"{0: 0.5227377461248428, 1: 0.5227377461248429}","{0: 0.5227377461248428, 1: 0.5227377461248429}",0.5227377461248429,"[[464 187]
 [400 260]]",[1. 0. 0. ... 1. 0. 0.],[1. 1. 1. ... 1. 0. 0.]
256,AdaBoost,"{'algorithm': 'SAMME', 'learning_rate': 4.018367346938775, 'n_estimators': 85}",0.5323313023816073,0.08434012131132904,0.1080720894980559,0.16317430720523363,0.5538408959866935,0.08241452992548588,0.5406494711721177,0.10645153424667075,0.5522501906941266,0.5533445049574082,"{0: 0.522756365498301, 1: 0.522756365498301}","{0: 0.522756365498301, 1: 0.522756365498301}",0.522756365498301,"[[464 187]
 [400 260]]",[1. 0. 0. ... 1. 0. 0.],[1. 1. 1. ... 1. 0. 0.]
971,AdaBoost,"{'algorithm': 'SAMME', 'learning_rate': 3.936734693877551, 'n_estimators': 85}",0.5323313023816073,0.08434012131132904,0.1080720894980559,0.16317430720523363,0.5538408959866935,0.08241452992548588,0.5406494711721177,0.10645153424667075,0.5522501906941266,0.5533445049574082,"{0: 0.5227377461248428, 1: 0.5227377461248429}","{0: 0.5227377461248428, 1: 0.5227377461248429}",0.5227377461248429,"[[464 187]
 [400 260]]",[1. 0. 0. ... 1. 0. 0.],[1. 1. 1. ... 1. 0. 0.]
466,AdaBoost,"{'algorithm': 'SAMME', 'learning_rate': 4.1, 'n_estimators': 41}",0.5323313023816073,0.08434012131132904,0.1080720894980559,0.16317430720523363,0.5538408959866935,0.08241452992548588,0.5406494711721177,0.10645153424667075,0.5522501906941266,0.5533445049574082,"{0: 0.5225399152818508, 1: 0.5225399152818507}","{0: 0.5225399152818508, 1: 0.5225399152818507}",0.5225399152818507,"[[464 187]
 [400 260]]",[1. 0. 0. ... 1. 0. 0.],[1. 1. 1. ... 1. 0. 0.]
822,AdaBoost,"{'algorithm': 'SAMME', 'learning_rate': 4.1, 'n_estimators': 85}",0.5323313023816073,0.08434012131132904,0.1080720894980559,0.16317430720523363,0.5538408959866935,0.08241452992548588,0.5406494711721177,0.10645153424667075,0.5522501906941266,0.5533445049574082,"{0: 0.5227121444863381, 1: 0.5227121444863381}","{0: 0.5227121444863381, 1: 0.5227121444863381}",0.5227121444863381,"[[464 187]
 [400 260]]",[1. 0. 0. ... 1. 0. 0.],[1. 1. 1. ... 1. 0. 0.]
144,SVC,"{'C': 1, 'gamma': 0.01, 'kernel': 'sigmoid'}",0.5425695756163232,0.08276948575900155,0.10801152430118321,0.15999537697515118,0.5542805959878051,0.08013369053896081,0.5506749686041258,0.10158570595852656,0.5507246376811594,0.5508029604803799,"{0: 0.5570858353116418, 1: 0.5570858353116417}","{0: 0.5570858353116418, 1: 0.5570858353116417}",0.5570858353116417,"[[366 285]
 [304 356]]",[1. 1. 0. ... 1. 1. 0.],[1. 1. 1. ... 1. 0. 0.]
687,AdaBoost,"{'algorithm': 'SAMME', 'learning_rate': 2.1408163265306124, 'n_estimators': 85}",0.5374253054442104,0.08121541721498295,0.10783200970746235,0.15431414682810227,0.5541744836587327,0.07759920473254939,0.5515199893000653,0.1117235848892143,0.555301296720061,0.5559349252897641,"{0: 0.5484115347018572, 1: 0.5484115347018572}","{0: 0.5484115347018572, 1: 0.5484115347018572}",0.5484115347018572,"[[422 229]
 [354 306]]",[1. 1. 0. ... 1. 1. 0.],[1. 1. 1. ... 1. 0. 0.]
592,AdaBoost,"{'algorithm': 'SAMME', 'learning_rate': 2.1408163265306124, 'n_estimators': 85}",0.5374253054442104,0.08121541721498295,0.10783200970746235,0.15431414682810227,0.5541744836587327,0.07759920473254939,0.5515199893000653,0.1117235848892143,0.555301296720061,0.5559349252897641,"{0: 0.5484115347018572, 1: 0.5484115347018572}","{0: 0.5484115347018572, 1: 0.5484115347018572}",0.5484115347018572,"[[422 229]
 [354 306]]",[1. 1. 0. ... 1. 1. 0.],[1. 1. 1. ... 1. 0. 0.]
308,AdaBoost,"{'algorithm': 'SAMME', 'learning_rate': 2.1408163265306124, 'n_estimators': 85}",0.5374253054442104,0.08121541721498295,0.10783200970746235,0.15431414682810227,0.5541744836587327,0.07759920473254939,0.5515199893000653,0.1117235848892143,0.555301296720061,0.5559349252897641,"{0: 0.5484115347018572, 1: 0.5484115347018572}","{0: 0.5484115347018572, 1: 0.5484115347018572}",0.5484115347018572,"[[422 229]
 [354 306]]",[1. 1. 0. ... 1. 1. 0.],[1. 1. 1. ... 1. 0. 0.]
406,AdaBoost,"{'algorithm': 'SAMME', 'learning_rate': 2.1408163265306124, 'n_estimators': 85}",0.5374253054442104,0.08121541721498295,0.10783200970746235,0.15431414682810227,0.5541744836587327,0.07759920473254939,0.5515199893000653,0.1117235848892143,0.555301296720061,0.5559349252897641,"{0: 0.5484115347018572, 1: 0.5484115347018572}","{0: 0.5484115347018572, 1: 0.5484115347018572}",0.5484115347018572,"[[422 229]
 [354 306]]",[1. 1. 0. ... 1. 1. 0.],[1. 1. 1. ... 1. 0. 0.]
777,AdaBoost,"{'algorithm': 'SAMME', 'learning_rate': 2.1408163265306124, 'n_estimators': 85}",0.5374253054442104,0.08121541721498295,0.10783200970746235,0.15431414682810227,0.5541744836587327,0.07759920473254939,0.5515199893000653,0.1117235848892143,0.555301296720061,0.5559349252897641,"{0: 0.5484115347018572, 1: 0.5484115347018572}","{0: 0.5484115347018572, 1: 0.5484115347018572}",0.5484115347018572,"[[422 229]
 [354 306]]",[1. 1. 0. ... 1. 1. 0.],[1. 1. 1. ... 1. 0. 0.]
611,AdaBoost,"{'algorithm': 'SAMME', 'learning_rate': 1.2428571428571429, 'n_estimators': 41}",0.5466499064633036,0.09845099104444424,0.10753596276091677,0.19159688636907296,0.5550317194077151,0.09519841044760148,0.5438357604250278,0.08761896781671807,0.543859649122807,0.5438067309035051,"{0: 0.5540159661127403, 1: 0.5540159661127403}","{0: 0.5540159661127403, 1: 0.5540159661127403}",0.5540159661127403,"[[349 302]
 [296 364]]",[1. 0. 0. ... 1. 0. 0.],[1. 1. 1. ... 1. 0. 0.]
825,AdaBoost,"{'algorithm': 'SAMME', 'learning_rate': 1.7326530612244897, 'n_estimators': 52}",0.5472733850163509,0.08421892923934952,0.10717981801283787,0.1613115014247264,0.5534163674423849,0.08078397303236498,0.5469012647787349,0.09389268210949597,0.5469107551487414,0.54695224130708,"{0: 0.5754363915654238, 1: 0.5754363915654239}","{0: 0.5754363915654238, 1: 0.5754363915654239}",0.5754363915654239,"[[360 291]
 [303 357]]",[0. 0. 0. ... 1. 0. 0.],[1. 1. 1. ... 1. 0. 0.]
453,AdaBoost,"{'algorithm': 'SAMME', 'learning_rate': 1.8142857142857143, 'n_estimators': 74}",0.5486917272434182,0.06246938789230506,0.1070846964366535,0.12338169579809054,0.5537807831725734,0.061754113320983316,0.5498958593525142,0.09976815966257457,0.5499618611746758,0.5498778103616813,"{0: 0.5654773541870316, 1: 0.5654773541870316}","{0: 0.5654773541870316, 1: 0.5654773541870316}",0.5654773541870316,"[[350 301]
 [289 371]]",[1. 1. 0. ... 0. 1. 0.],[1. 1. 1. ... 1. 0. 0.]
471,SVC,"{'C': 1000, 'gamma': 0.001, 'kernel': 'sigmoid'}",0.5402538083795538,0.09308405246450627,0.10680537118865835,0.17539377349523935,0.5535389574726574,0.08818994919906374,0.5444936349591811,0.08945941135204738,0.5446224256292906,0.5447423544197738,"{0: 0.5570532514080901, 1: 0.55705325140809}","{0: 0.5570532514080901, 1: 0.55705325140809}",0.55705325140809,"[[366 285]
 [312 348]]",[0. 1. 0. ... 1. 0. 0.],[1. 1. 1. ... 1. 0. 0.]
237,AdaBoost,"{'algorithm': 'SAMME', 'learning_rate': 2.059183673469388, 'n_estimators': 41}",0.5368612123982687,0.08186048702317887,0.1067528768607119,0.1504189933314025,0.5532458868659402,0.07631373282098164,0.5488371068212364,0.11045117394456527,0.5545385202135774,0.5553135037006005,"{0: 0.5370595354466322, 1: 0.5370595354466323}","{0: 0.5370595354466322, 1: 0.5370595354466323}",0.5370595354466323,"[[435 216]
 [368 292]]",[1. 1. 0. ... 1. 0. 0.],[1. 1. 1. ... 1. 0. 0.]
602,AdaBoost,"{'algorithm': 'SAMME', 'learning_rate': 0.8346938775510203, 'n_estimators': 30}",0.5423236678820352,0.08472853333609931,0.10655007805923786,0.17032397438047933,0.5540727180055114,0.08536593457241823,0.5487713840691166,0.10055955570439823,0.5499618611746758,0.5503176930596285,"{0: 0.5496625238560722, 1: 0.5496625238560722}","{0: 0.5496625238560722, 1: 0.5496625238560722}",0.5496625238560722,"[[392 259]
 [331 329]]",[1. 0. 0. ... 1. 0. 0.],[1. 1. 1. ... 1. 0. 0.]
961,AdaBoost,"{'algorithm': 'SAMME', 'learning_rate': 0.9979591836734693, 'n_estimators': 30}",0.5455772275388316,0.09477697308610802,0.10635916234693824,0.1856494831312842,0.5544712204018499,0.0923890583107012,0.5453270063627437,0.09091797556719028,0.5453852021357742,0.545468509984639,"{0: 0.5505166876134617, 1: 0.5505166876134618}","{0: 0.5505166876134617, 1: 0.5505166876134618}",0.5505166876134618,"[[363 288]
 [308 352]]",[1. 1. 0. ... 1. 0. 0.],[1. 1. 1. ... 1. 0. 0.]
844,AdaBoost,"{'algorithm': 'SAMME', 'learning_rate': 0.9979591836734693, 'n_estimators': 30}",0.5455772275388316,0.09477697308610802,0.10635916234693824,0.1856494831312842,0.5544712204018499,0.0923890583107012,0.5453270063627437,0.09091797556719028,0.5453852021357742,0.545468509984639,"{0: 0.5505166876134617, 1: 0.5505166876134618}","{0: 0.5505166876134617, 1: 0.5505166876134618}",0.5505166876134618,"[[363 288]
 [308 352]]",[1. 1. 0. ... 1. 0. 0.],[1. 1. 1. ... 1. 0. 0.]
367,AdaBoost,"{'algorithm': 'SAMME', 'learning_rate': 0.9979591836734693, 'n_estimators': 30}",0.5455772275388316,0.09477697308610802,0.10635916234693824,0.1856494831312842,0.5544712204018499,0.0923890583107012,0.5453270063627437,0.09091797556719028,0.5453852021357742,0.545468509984639,"{0: 0.5505166876134617, 1: 0.5505166876134618}","{0: 0.5505166876134617, 1: 0.5505166876134618}",0.5505166876134618,"[[363 288]
 [308 352]]",[1. 1. 0. ... 1. 0. 0.],[1. 1. 1. ... 1. 0. 0.]
683,SVC,"{'C': 100, 'gamma': 0.0001, 'kernel': 'rbf'}",0.5408602893574873,0.08980618155985218,0.10626661554535953,0.17375690564227636,0.5533903489870504,0.08681345735620352,0.5499194403195289,0.10005096092762844,0.5499618611746758,0.5500349113252339,"{0: 0.5618942885071917, 1: 0.5618942885071917}","{0: 0.5618942885071917, 1: 0.5618942885071917}",0.5618942885071917,"[[365 286]
 [304 356]]",[1. 1. 0. ... 1. 1. 0.],[1. 1. 1. ... 1. 0. 0.]
533,AdaBoost,"{'algorithm': 'SAMME', 'learning_rate': 2.5489795918367344, 'n_estimators': 85}",0.5315407149490963,0.08954631149796655,0.10625033254078962,0.17169669135626742,0.5527863923114752,0.08633380963832353,0.540431126994384,0.10488253490510824,0.551487414187643,0.5525555090071219,"{0: 0.5236594051110178, 1: 0.5236594051110179}","{0: 0.5236594051110178, 1: 0.5236594051110179}",0.5236594051110179,"[[461 190]
 [398 262]]",[1. 0. 0. ... 1. 0. 0.],[1. 1. 1. ... 1. 0. 0.]
634,AdaBoost,"{'algorithm': 'SAMME', 'learning_rate': 2.5489795918367344, 'n_estimators': 85}",0.5315407149490963,0.08954631149796655,0.10625033254078962,0.17169669135626742,0.5527863923114752,0.08633380963832353,0.540431126994384,0.10488253490510824,0.551487414187643,0.5525555090071219,"{0: 0.5236594051110178, 1: 0.5236594051110179}","{0: 0.5236594051110178, 1: 0.5236594051110179}",0.5236594051110179,"[[461 190]
 [398 262]]",[1. 0. 0. ... 1. 0. 0.],[1. 1. 1. ... 1. 0. 0.]
719,AdaBoost,"{'algorithm': 'SAMME', 'learning_rate': 2.5489795918367344, 'n_estimators': 85}",0.5315407149490963,0.08954631149796655,0.10625033254078962,0.17169669135626742,0.5527863923114752,0.08633380963832353,0.540431126994384,0.10488253490510824,0.551487414187643,0.5525555090071219,"{0: 0.5236594051110178, 1: 0.5236594051110179}","{0: 0.5236594051110178, 1: 0.5236594051110179}",0.5236594051110179,"[[461 190]
 [398 262]]",[1. 0. 0. ... 1. 0. 0.],[1. 1. 1. ... 1. 0. 0.]
437,AdaBoost,"{'algorithm': 'SAMME', 'learning_rate': 2.5489795918367344, 'n_estimators': 85}",0.5315407149490963,0.08954631149796655,0.10625033254078962,0.17169669135626742,0.5527863923114752,0.08633380963832353,0.540431126994384,0.10488253490510824,0.551487414187643,0.5525555090071219,"{0: 0.5236594051110178, 1: 0.5236594051110179}","{0: 0.5236594051110178, 1: 0.5236594051110179}",0.5236594051110179,"[[461 190]
 [398 262]]",[1. 0. 0. ... 1. 0. 0.],[1. 1. 1. ... 1. 0. 0.]
260,AdaBoost,"{'algorithm': 'SAMME', 'learning_rate': 2.5489795918367344, 'n_estimators': 85}",0.5315407149490963,0.08954631149796655,0.10625033254078962,0.17169669135626742,0.5527863923114752,0.08633380963832353,0.540431126994384,0.10488253490510824,0.551487414187643,0.5525555090071219,"{0: 0.5236594051110178, 1: 0.5236594051110179}","{0: 0.5236594051110178, 1: 0.5236594051110179}",0.5236594051110179,"[[461 190]
 [398 262]]",[1. 0. 0. ... 1. 0. 0.],[1. 1. 1. ... 1. 0. 0.]
142,AdaBoost,"{'algorithm': 'SAMME', 'learning_rate': 2.5489795918367344, 'n_estimators': 63}",0.5315407149490963,0.08954631149796655,0.10625033254078962,0.17169669135626742,0.5527863923114752,0.08633380963832353,0.540431126994384,0.10488253490510824,0.551487414187643,0.5525555090071219,"{0: 0.5234080435693338, 1: 0.5234080435693339}","{0: 0.5234080435693338, 1: 0.5234080435693339}",0.5234080435693339,"[[461 190]
 [398 262]]",[1. 0. 0. ... 1. 0. 0.],[1. 1. 1. ... 1. 0. 0.]
104,AdaBoost,"{'algorithm': 'SAMME', 'learning_rate': 3.8551020408163263, 'n_estimators': 85}",0.5311290179306124,0.0848632368335867,0.10621672236807223,0.16390688153778504,0.5529713307693022,0.08263367452177518,0.5397522832279532,0.10493865864108509,0.551487414187643,0.5525869291998324,"{0: 0.5248580272773821, 1: 0.5248580272773821}","{0: 0.5248580272773821, 1: 0.5248580272773821}",0.5248580272773821,"[[464 187]
 [401 259]]",[1. 0. 0. ... 1. 0. 0.],[1. 1. 1. ... 1. 0. 0.]
915,AdaBoost,"{'algorithm': 'SAMME', 'learning_rate': 3.7734693877551018, 'n_estimators': 85}",0.5311290179306124,0.0848632368335867,0.10621672236807223,0.16390688153778504,0.5529713307693022,0.08263367452177518,0.5397522832279532,0.10493865864108509,0.551487414187643,0.5525869291998324,"{0: 0.524748638458316, 1: 0.5247486384583159}","{0: 0.524748638458316, 1: 0.5247486384583159}",0.5247486384583159,"[[464 187]
 [401 259]]",[1. 0. 0. ... 1. 0. 0.],[1. 1. 1. ... 1. 0. 0.]
667,AdaBoost,"{'algorithm': 'SAMME', 'learning_rate': 3.7734693877551018, 'n_estimators': 85}",0.5311290179306124,0.0848632368335867,0.10621672236807223,0.16390688153778504,0.5529713307693022,0.08263367452177518,0.5397522832279532,0.10493865864108509,0.551487414187643,0.5525869291998324,"{0: 0.524748638458316, 1: 0.5247486384583159}","{0: 0.524748638458316, 1: 0.5247486384583159}",0.5247486384583159,"[[464 187]
 [401 259]]",[1. 0. 0. ... 1. 0. 0.],[1. 1. 1. ... 1. 0. 0.]
798,AdaBoost,"{'algorithm': 'SAMME', 'learning_rate': 3.8551020408163263, 'n_estimators': 85}",0.5311290179306124,0.0848632368335867,0.10621672236807223,0.16390688153778504,0.5529713307693022,0.08263367452177518,0.5397522832279532,0.10493865864108509,0.551487414187643,0.5525869291998324,"{0: 0.5248580272773821, 1: 0.5248580272773821}","{0: 0.5248580272773821, 1: 0.5248580272773821}",0.5248580272773821,"[[464 187]
 [401 259]]",[1. 0. 0. ... 1. 0. 0.],[1. 1. 1. ... 1. 0. 0.]
597,AdaBoost,"{'algorithm': 'SAMME', 'learning_rate': 3.691836734693877, 'n_estimators': 85}",0.5311290179306124,0.0848632368335867,0.10621672236807223,0.16390688153778504,0.5529713307693022,0.08263367452177518,0.5397522832279532,0.10493865864108509,0.551487414187643,0.5525869291998324,"{0: 0.5271854489596425, 1: 0.5271854489596425}","{0: 0.5271854489596425, 1: 0.5271854489596425}",0.5271854489596425,"[[464 187]
 [401 259]]",[1. 0. 0. ... 1. 0. 0.],[1. 1. 1. ... 1. 0. 0.]
725,AdaBoost,"{'algorithm': 'SAMME', 'learning_rate': 3.8551020408163263, 'n_estimators': 85}",0.5311290179306124,0.0848632368335867,0.10621672236807223,0.16390688153778504,0.5529713307693022,0.08263367452177518,0.5397522832279532,0.10493865864108509,0.551487414187643,0.5525869291998324,"{0: 0.5248580272773821, 1: 0.5248580272773821}","{0: 0.5248580272773821, 1: 0.5248580272773821}",0.5248580272773821,"[[464 187]
 [401 259]]",[1. 0. 0. ... 1. 0. 0.],[1. 1. 1. ... 1. 0. 0.]
407,AdaBoost,"{'algorithm': 'SAMME', 'learning_rate': 3.691836734693877, 'n_estimators': 85}",0.5311290179306124,0.0848632368335867,0.10621672236807223,0.16390688153778504,0.5529713307693022,0.08263367452177518,0.5397522832279532,0.10493865864108509,0.551487414187643,0.5525869291998324,"{0: 0.5271854489596425, 1: 0.5271854489596425}","{0: 0.5271854489596425, 1: 0.5271854489596425}",0.5271854489596425,"[[464 187]
 [401 259]]",[1. 0. 0. ... 1. 0. 0.],[1. 1. 1. ... 1. 0. 0.]
331,AdaBoost,"{'algorithm': 'SAMME', 'learning_rate': 3.8551020408163263, 'n_estimators': 85}",0.5311290179306124,0.0848632368335867,0.10621672236807223,0.16390688153778504,0.5529713307693022,0.08263367452177518,0.5397522832279532,0.10493865864108509,0.551487414187643,0.5525869291998324,"{0: 0.5248580272773821, 1: 0.5248580272773821}","{0: 0.5248580272773821, 1: 0.5248580272773821}",0.5248580272773821,"[[464 187]
 [401 259]]",[1. 0. 0. ... 1. 0. 0.],[1. 1. 1. ... 1. 0. 0.]
513,AdaBoost,"{'algorithm': 'SAMME', 'learning_rate': 3.691836734693877, 'n_estimators': 85}",0.5311290179306124,0.0848632368335867,0.10621672236807223,0.16390688153778504,0.5529713307693022,0.08263367452177518,0.5397522832279532,0.10493865864108509,0.551487414187643,0.5525869291998324,"{0: 0.5271854489596425, 1: 0.5271854489596425}","{0: 0.5271854489596425, 1: 0.5271854489596425}",0.5271854489596425,"[[464 187]
 [401 259]]",[1. 0. 0. ... 1. 0. 0.],[1. 1. 1. ... 1. 0. 0.]
327,AdaBoost,"{'algorithm': 'SAMME', 'learning_rate': 3.691836734693877, 'n_estimators': 85}",0.5311290179306124,0.0848632368335867,0.10621672236807223,0.16390688153778504,0.5529713307693022,0.08263367452177518,0.5397522832279532,0.10493865864108509,0.551487414187643,0.5525869291998324,"{0: 0.5271854489596425, 1: 0.5271854489596425}","{0: 0.5271854489596425, 1: 0.5271854489596425}",0.5271854489596425,"[[464 187]
 [401 259]]",[1. 0. 0. ... 1. 0. 0.],[1. 1. 1. ... 1. 0. 0.]
236,AdaBoost,"{'algorithm': 'SAMME', 'learning_rate': 3.691836734693877, 'n_estimators': 85}",0.5311290179306124,0.0848632368335867,0.10621672236807223,0.16390688153778504,0.5529713307693022,0.08263367452177518,0.5397522832279532,0.10493865864108509,0.551487414187643,0.5525869291998324,"{0: 0.5271854489596425, 1: 0.5271854489596425}","{0: 0.5271854489596425, 1: 0.5271854489596425}",0.5271854489596425,"[[464 187]
 [401 259]]",[1. 0. 0. ... 1. 0. 0.],[1. 1. 1. ... 1. 0. 0.]
692,AdaBoost,"{'algorithm': 'SAMME', 'learning_rate': 3.691836734693877, 'n_estimators': 63}",0.5311290179306124,0.0848632368335867,0.10621672236807223,0.16390688153778504,0.5529713307693022,0.08263367452177518,0.5397522832279532,0.10493865864108509,0.551487414187643,0.5525869291998324,"{0: 0.526170693106177, 1: 0.526170693106177}","{0: 0.526170693106177, 1: 0.526170693106177}",0.526170693106177,"[[464 187]
 [401 259]]",[1. 0. 0. ... 1. 0. 0.],[1. 1. 1. ... 1. 0. 0.]
275,AdaBoost,"{'algorithm': 'SAMME', 'learning_rate': 3.7734693877551018, 'n_estimators': 85}",0.5311290179306124,0.0848632368335867,0.10621672236807223,0.16390688153778504,0.5529713307693022,0.08263367452177518,0.5397522832279532,0.10493865864108509,0.551487414187643,0.5525869291998324,"{0: 0.524748638458316, 1: 0.5247486384583159}","{0: 0.524748638458316, 1: 0.5247486384583159}",0.5247486384583159,"[[464 187]
 [401 259]]",[1. 0. 0. ... 1. 0. 0.],[1. 1. 1. ... 1. 0. 0.]
468,AdaBoost,"{'algorithm': 'SAMME', 'learning_rate': 3.7734693877551018, 'n_estimators': 85}",0.5311290179306124,0.0848632368335867,0.10621672236807223,0.16390688153778504,0.5529713307693022,0.08263367452177518,0.5397522832279532,0.10493865864108509,0.551487414187643,0.5525869291998324,"{0: 0.524748638458316, 1: 0.5247486384583159}","{0: 0.524748638458316, 1: 0.5247486384583159}",0.5247486384583159,"[[464 187]
 [401 259]]",[1. 0. 0. ... 1. 0. 0.],[1. 1. 1. ... 1. 0. 0.]
831,AdaBoost,"{'algorithm': 'SAMME', 'learning_rate': 3.7734693877551018, 'n_estimators': 85}",0.5311290179306124,0.0848632368335867,0.10621672236807223,0.16390688153778504,0.5529713307693022,0.08263367452177518,0.5397522832279532,0.10493865864108509,0.551487414187643,0.5525869291998324,"{0: 0.524748638458316, 1: 0.5247486384583159}","{0: 0.524748638458316, 1: 0.5247486384583159}",0.5247486384583159,"[[464 187]
 [401 259]]",[1. 0. 0. ... 1. 0. 0.],[1. 1. 1. ... 1. 0. 0.]
749,AdaBoost,"{'algorithm': 'SAMME', 'learning_rate': 3.7734693877551018, 'n_estimators': 41}",0.5311290179306124,0.0848632368335867,0.10621672236807223,0.16390688153778504,0.5529713307693022,0.08263367452177518,0.5397522832279532,0.10493865864108509,0.551487414187643,0.5525869291998324,"{0: 0.5231776288227902, 1: 0.5231776288227901}","{0: 0.5231776288227902, 1: 0.5231776288227901}",0.5231776288227901,"[[464 187]
 [401 259]]",[1. 0. 0. ... 1. 0. 0.],[1. 1. 1. ... 1. 0. 0.]
866,AdaBoost,"{'algorithm': 'SAMME', 'learning_rate': 3.691836734693877, 'n_estimators': 63}",0.5311290179306124,0.0848632368335867,0.10621672236807223,0.16390688153778504,0.5529713307693022,0.08263367452177518,0.5397522832279532,0.10493865864108509,0.551487414187643,0.5525869291998324,"{0: 0.526170693106177, 1: 0.526170693106177}","{0: 0.526170693106177, 1: 0.526170693106177}",0.526170693106177,"[[464 187]
 [401 259]]",[1. 0. 0. ... 1. 0. 0.],[1. 1. 1. ... 1. 0. 0.]
704,AdaBoost,"{'algorithm': 'SAMME', 'learning_rate': 1.4061224489795918, 'n_estimators': 41}",0.543527261238051,0.08477580755214831,0.10519719229218862,0.1656024159080974,0.5525101585378628,0.08161670990646307,0.5489097995914715,0.09808173827408817,0.5491990846681922,0.549025974025974,"{0: 0.565694968114323, 1: 0.5656949681143231}","{0: 0.565694968114323, 1: 0.5656949681143231}",0.5656949681143231,"[[341 310]
 [281 379]]",[1. 0. 0. ... 0. 0. 0.],[1. 1. 1. ... 1. 0. 0.]
411,AdaBoost,"{'algorithm': 'SAMME', 'learning_rate': 3.3653061224489793, 'n_estimators': 85}",0.5311687453083763,0.07560668377915082,0.10439733561577752,0.14425491032853752,0.5520736843544144,0.07291545497904274,0.5415434515378962,0.10637682674052007,0.5522501906941266,0.5533026113671276,"{0: 0.57513382674673, 1: 0.57513382674673}","{0: 0.57513382674673, 1: 0.57513382674673}",0.57513382674673,"[[460 191]
 [396 264]]",[1. 0. 0. ... 1. 0. 0.],[1. 1. 1. ... 1. 0. 0.]
681,AdaBoost,"{'algorithm': 'SAMME', 'learning_rate': 3.3653061224489793, 'n_estimators': 85}",0.5311687453083763,0.07560668377915082,0.10439733561577752,0.14425491032853752,0.5520736843544144,0.07291545497904274,0.5415434515378962,0.10637682674052007,0.5522501906941266,0.5533026113671276,"{0: 0.57513382674673, 1: 0.57513382674673}","{0: 0.57513382674673, 1: 0.57513382674673}",0.57513382674673,"[[460 191]
 [396 264]]",[1. 0. 0. ... 1. 0. 0.],[1. 1. 1. ... 1. 0. 0.]
593,AdaBoost,"{'algorithm': 'SAMME', 'learning_rate': 3.3653061224489793, 'n_estimators': 41}",0.5311687453083763,0.07560668377915082,0.10439733561577752,0.14425491032853752,0.5520736843544144,0.07291545497904274,0.5415434515378962,0.10637682674052007,0.5522501906941266,0.5533026113671276,"{0: 0.585493180654471, 1: 0.5854931806544711}","{0: 0.585493180654471, 1: 0.5854931806544711}",0.5854931806544711,"[[460 191]
 [396 264]]",[1. 0. 0. ... 1. 0. 0.],[1. 1. 1. ... 1. 0. 0.]
503,AdaBoost,"{'algorithm': 'SAMME', 'learning_rate': 3.3653061224489793, 'n_estimators': 85}",0.5311687453083763,0.07560668377915082,0.10439733561577752,0.14425491032853752,0.5520736843544144,0.07291545497904274,0.5415434515378962,0.10637682674052007,0.5522501906941266,0.5533026113671276,"{0: 0.57513382674673, 1: 0.57513382674673}","{0: 0.57513382674673, 1: 0.57513382674673}",0.57513382674673,"[[460 191]
 [396 264]]",[1. 0. 0. ... 1. 0. 0.],[1. 1. 1. ... 1. 0. 0.]
861,AdaBoost,"{'algorithm': 'SAMME', 'learning_rate': 3.3653061224489793, 'n_estimators': 85}",0.5311687453083763,0.07560668377915082,0.10439733561577752,0.14425491032853752,0.5520736843544144,0.07291545497904274,0.5415434515378962,0.10637682674052007,0.5522501906941266,0.5533026113671276,"{0: 0.57513382674673, 1: 0.57513382674673}","{0: 0.57513382674673, 1: 0.57513382674673}",0.57513382674673,"[[460 191]
 [396 264]]",[1. 0. 0. ... 1. 0. 0.],[1. 1. 1. ... 1. 0. 0.]
943,AdaBoost,"{'algorithm': 'SAMME.R', 'learning_rate': 1.4877551020408164, 'n_estimators': 85}",0.5474872141021975,0.07888235320852509,0.1042956738907233,0.15695621866017676,0.5516684634606852,0.07885043453588468,0.5390050605608531,0.07825224545670428,0.5392829900839055,0.5391146487920682,"{0: 0.5482835265093329, 1: 0.548283526509333}","{0: 0.5482835265093329, 1: 0.548283526509333}",0.548283526509333,"[[335 316]
 [288 372]]",[1. 0. 0. ... 0. 1. 0.],[1. 1. 1. ... 1. 0. 0.]
75,AdaBoost,"{'algorithm': 'SAMME', 'learning_rate': 1.8959183673469386, 'n_estimators': 63}",0.5433034920939381,0.0752555173589035,0.10425249054934707,0.14278730101161888,0.5524369524976546,0.0693861312210217,0.5396289991952763,0.08097703438205239,0.5408085430968727,0.5404622259460969,"{0: 0.5550749429781688, 1: 0.5550749429781687}","{0: 0.5550749429781688, 1: 0.5550749429781687}",0.5550749429781687,"[[319 332]
 [270 390]]",[0. 1. 1. ... 1. 0. 0.],[1. 1. 1. ... 1. 0. 0.]
326,AdaBoost,"{'algorithm': 'SAMME.R', 'learning_rate': 1.2428571428571429, 'n_estimators': 30}",0.5463516131194976,0.09275891147359293,0.10383785901932276,0.18437958556113226,0.5517264715340876,0.0920428388049747,0.539070553501533,0.07829087048832273,0.5392829900839055,0.5391355955872085,"{0: 0.5578038449006191, 1: 0.5578038449006191}","{0: 0.5578038449006191, 1: 0.5578038449006191}",0.5578038449006191,"[[337 314]
 [290 370]]",[1. 1. 0. ... 0. 1. 0.],[1. 1. 1. ... 1. 0. 0.]
935,AdaBoost,"{'algorithm': 'SAMME', 'learning_rate': 3.2020408163265306, 'n_estimators': 96}",0.5318898361331217,0.07864434068613675,0.10330782671960392,0.15358495130115138,0.5515620336759528,0.07745487297366928,0.5426072689492893,0.10628342478878139,0.5522501906941266,0.5532502443792766,"{0: 0.5413524647395616, 1: 0.5413524647395616}","{0: 0.5413524647395616, 1: 0.5413524647395616}",0.5413524647395616,"[[455 196]
 [391 269]]",[1. 0. 0. ... 1. 0. 0.],[1. 1. 1. ... 1. 0. 0.]
120,AdaBoost,"{'algorithm': 'SAMME', 'learning_rate': 1.5693877551020408, 'n_estimators': 52}",0.5461081986437157,0.10343345094037384,0.10305086549914616,0.2037373896488523,0.5519785841228969,0.10187404523888663,0.5361239114846242,0.07226458839632388,0.5362318840579711,0.5361262393520458,"{0: 0.5637306242144952, 1: 0.5637306242144952}","{0: 0.5637306242144952, 1: 0.5637306242144952}",0.5637306242144952,"[[339 312]
 [296 364]]",[0. 1. 0. ... 1. 0. 0.],[1. 1. 1. ... 1. 0. 0.]
440,AdaBoost,"{'algorithm': 'SAMME', 'learning_rate': 1.5693877551020408, 'n_estimators': 52}",0.5461081986437157,0.10343345094037384,0.10305086549914616,0.2037373896488523,0.5519785841228969,0.10187404523888663,0.5361239114846242,0.07226458839632388,0.5362318840579711,0.5361262393520458,"{0: 0.5637306242144952, 1: 0.5637306242144952}","{0: 0.5637306242144952, 1: 0.5637306242144952}",0.5637306242144952,"[[339 312]
 [296 364]]",[0. 1. 0. ... 1. 0. 0.],[1. 1. 1. ... 1. 0. 0.]
415,AdaBoost,"{'algorithm': 'SAMME', 'learning_rate': 3.2836734693877547, 'n_estimators': 85}",0.5304786900786098,0.07604282362015613,0.1030168355265467,0.14557150270374372,0.5513957182527194,0.0735513033472789,0.5408716748370315,0.10484511517077033,0.551487414187643,0.5525345622119815,"{0: 0.5644241958758088, 1: 0.5644241958758087}","{0: 0.5644241958758088, 1: 0.5644241958758087}",0.5644241958758087,"[[459 192]
 [396 264]]",[1. 0. 0. ... 1. 0. 0.],[1. 1. 1. ... 1. 0. 0.]
586,AdaBoost,"{'algorithm': 'SAMME', 'learning_rate': 3.2836734693877547, 'n_estimators': 85}",0.5304786900786098,0.07604282362015613,0.1030168355265467,0.14557150270374372,0.5513957182527194,0.0735513033472789,0.5408716748370315,0.10484511517077033,0.551487414187643,0.5525345622119815,"{0: 0.5644241958758088, 1: 0.5644241958758087}","{0: 0.5644241958758088, 1: 0.5644241958758087}",0.5644241958758087,"[[459 192]
 [396 264]]",[1. 0. 0. ... 1. 0. 0.],[1. 1. 1. ... 1. 0. 0.]
679,AdaBoost,"{'algorithm': 'SAMME', 'learning_rate': 3.2836734693877547, 'n_estimators': 41}",0.5304786900786098,0.07604282362015613,0.1030168355265467,0.14557150270374372,0.5513957182527194,0.0735513033472789,0.5408716748370315,0.10484511517077033,0.551487414187643,0.5525345622119815,"{0: 0.582498952660243, 1: 0.5824989526602429}","{0: 0.582498952660243, 1: 0.5824989526602429}",0.5824989526602429,"[[459 192]
 [396 264]]",[1. 0. 0. ... 1. 0. 0.],[1. 1. 1. ... 1. 0. 0.]
295,AdaBoost,"{'algorithm': 'SAMME', 'learning_rate': 3.2836734693877547, 'n_estimators': 85}",0.5304786900786098,0.07604282362015613,0.1030168355265467,0.14557150270374372,0.5513957182527194,0.0735513033472789,0.5408716748370315,0.10484511517077033,0.551487414187643,0.5525345622119815,"{0: 0.5644241958758088, 1: 0.5644241958758087}","{0: 0.5644241958758088, 1: 0.5644241958758087}",0.5644241958758087,"[[459 192]
 [396 264]]",[1. 0. 0. ... 1. 0. 0.],[1. 1. 1. ... 1. 0. 0.]
489,AdaBoost,"{'algorithm': 'SAMME', 'learning_rate': 3.2836734693877547, 'n_estimators': 85}",0.5304786900786098,0.07604282362015613,0.1030168355265467,0.14557150270374372,0.5513957182527194,0.0735513033472789,0.5408716748370315,0.10484511517077033,0.551487414187643,0.5525345622119815,"{0: 0.5644241958758088, 1: 0.5644241958758087}","{0: 0.5644241958758088, 1: 0.5644241958758087}",0.5644241958758087,"[[459 192]
 [396 264]]",[1. 0. 0. ... 1. 0. 0.],[1. 1. 1. ... 1. 0. 0.]
103,AdaBoost,"{'algorithm': 'SAMME.R', 'learning_rate': 1.2428571428571429, 'n_estimators': 74}",0.5450093300345431,0.11961793808051793,0.10297901790286405,0.2305264830260704,0.5517757078891308,0.11615990880672653,0.5328240788175618,0.06600452602464169,0.5331807780320366,0.532991202346041,"{0: 0.5486303123399898, 1: 0.5486303123399898}","{0: 0.5486303123399898, 1: 0.5486303123399898}",0.5486303123399898,"[[329 322]
 [290 370]]",[0. 0. 0. ... 0. 1. 0.],[1. 1. 1. ... 1. 0. 0.]
736,AdaBoost,"{'algorithm': 'SAMME.R', 'learning_rate': 0.3448979591836735, 'n_estimators': 96}",0.5446466694924915,0.1069890963428103,0.10289742649959674,0.20904315680007735,0.5514812970671885,0.10457960567111636,0.5368976478430622,0.07380017109237247,0.5369946605644547,0.5368942885071917,"{0: 0.5583077316948284, 1: 0.5583077316948285}","{0: 0.5583077316948284, 1: 0.5583077316948285}",0.5583077316948285,"[[340 311]
 [296 364]]",[0. 0. 0. ... 0. 1. 0.],[1. 1. 1. ... 1. 0. 0.]
311,AdaBoost,"{'algorithm': 'SAMME.R', 'learning_rate': 2.3857142857142857, 'n_estimators': 85}",0.5285634053315649,0.09160437075343297,0.10262134662721673,0.17352697186916285,0.5509285121069317,0.08766813625875154,0.5395211693092502,0.10495736498913222,0.551487414187643,0.5525974025974026,"{0: 0.5348810687520363, 1: 0.5348810687520364}","{0: 0.5348810687520363, 1: 0.5348810687520364}",0.5348810687520364,"[[465 186]
 [402 258]]",[1. 0. 0. ... 1. 0. 0.],[1. 1. 1. ... 1. 0. 0.]
106,SVC,"{'C': 10, 'gamma': 0.001, 'kernel': 'rbf'}",0.539582234276226,0.0902197759465817,0.10139524175935004,0.17458106285936428,0.5510615086901656,0.0870153355050504,0.5483937435070528,0.09700028621890855,0.5484363081617086,0.5485092864125122,"{0: 0.560367499883629, 1: 0.5603674998836289}","{0: 0.560367499883629, 1: 0.5603674998836289}",0.5603674998836289,"[[364 287]
 [305 355]]",[0. 1. 0. ... 1. 1. 0.],[1. 1. 1. ... 1. 0. 0.]
153,AdaBoost,"{'algorithm': 'SAMME', 'learning_rate': 3.610204081632653, 'n_estimators': 63}",0.5283158311174256,0.07723662627804419,0.10050243665378651,0.14944039761196953,0.5501141879121594,0.0754604717038984,0.5390843927093311,0.10340707610100353,0.5507246376811594,0.5518188800446865,"{0: 0.5263149932504771, 1: 0.5263149932504771}","{0: 0.5263149932504771, 1: 0.5263149932504771}",0.5263149932504771,"[[463 188]
 [401 259]]",[1. 0. 0. ... 1. 0. 0.],[1. 1. 1. ... 1. 0. 0.]
817,AdaBoost,"{'algorithm': 'SAMME', 'learning_rate': 3.610204081632653, 'n_estimators': 63}",0.5283158311174256,0.07723662627804419,0.10050243665378651,0.14944039761196953,0.5501141879121594,0.0754604717038984,0.5390843927093311,0.10340707610100353,0.5507246376811594,0.5518188800446865,"{0: 0.5263149932504771, 1: 0.5263149932504771}","{0: 0.5263149932504771, 1: 0.5263149932504771}",0.5263149932504771,"[[463 188]
 [401 259]]",[1. 0. 0. ... 1. 0. 0.],[1. 1. 1. ... 1. 0. 0.]
897,AdaBoost,"{'algorithm': 'SAMME.R', 'learning_rate': 2.4673469387755103, 'n_estimators': 41}",0.5294047100893904,0.08888285933111206,0.10047980848072786,0.16878392070213263,0.5498938520851029,0.08522556411987556,0.5383956566608336,0.09869910881637711,0.5484363081617086,0.5494518921938276,"{0: 0.549875482939999, 1: 0.549875482939999}","{0: 0.549875482939999, 1: 0.549875482939999}",0.549875482939999,"[[454 197]
 [395 265]]",[1. 0. 0. ... 1. 0. 0.],[1. 1. 1. ... 1. 0. 0.]
446,AdaBoost,"{'algorithm': 'SAMME.R', 'learning_rate': 2.4673469387755103, 'n_estimators': 41}",0.5294047100893904,0.08888285933111206,0.10047980848072786,0.16878392070213263,0.5498938520851029,0.08522556411987556,0.5383956566608336,0.09869910881637711,0.5484363081617086,0.5494518921938276,"{0: 0.549875482939999, 1: 0.549875482939999}","{0: 0.549875482939999, 1: 0.549875482939999}",0.549875482939999,"[[454 197]
 [395 265]]",[1. 0. 0. ... 1. 0. 0.],[1. 1. 1. ... 1. 0. 0.]
315,AdaBoost,"{'algorithm': 'SAMME', 'learning_rate': 1.4061224489795918, 'n_estimators': 85}",0.541631623386244,0.0871702176025392,0.10035439425186952,0.16819854814503718,0.550424992983401,0.0834870632514061,0.5407577700476794,0.08147760203903498,0.5408085430968727,0.5407345342829214,"{0: 0.5582274356467904, 1: 0.5582274356467904}","{0: 0.5582274356467904, 1: 0.5582274356467904}",0.5582274356467904,"[[345 306]
 [296 364]]",[1. 0. 0. ... 0. 0. 0.],[1. 1. 1. ... 1. 0. 0.]
872,AdaBoost,"{'algorithm': 'SAMME', 'learning_rate': 1.4061224489795918, 'n_estimators': 85}",0.541631623386244,0.0871702176025392,0.10035439425186952,0.16819854814503718,0.550424992983401,0.0834870632514061,0.5407577700476794,0.08147760203903498,0.5408085430968727,0.5407345342829214,"{0: 0.5582274356467904, 1: 0.5582274356467904}","{0: 0.5582274356467904, 1: 0.5582274356467904}",0.5582274356467904,"[[345 306]
 [296 364]]",[1. 0. 0. ... 0. 0. 0.],[1. 1. 1. ... 1. 0. 0.]
799,AdaBoost,"{'algorithm': 'SAMME', 'learning_rate': 1.4061224489795918, 'n_estimators': 85}",0.541631623386244,0.0871702176025392,0.10035439425186952,0.16819854814503718,0.550424992983401,0.0834870632514061,0.5407577700476794,0.08147760203903498,0.5408085430968727,0.5407345342829214,"{0: 0.5582274356467904, 1: 0.5582274356467904}","{0: 0.5582274356467904, 1: 0.5582274356467904}",0.5582274356467904,"[[345 306]
 [296 364]]",[1. 0. 0. ... 0. 0. 0.],[1. 1. 1. ... 1. 0. 0.]
510,AdaBoost,"{'algorithm': 'SAMME', 'learning_rate': 1.4061224489795918, 'n_estimators': 85}",0.541631623386244,0.0871702176025392,0.10035439425186952,0.16819854814503718,0.550424992983401,0.0834870632514061,0.5407577700476794,0.08147760203903498,0.5408085430968727,0.5407345342829214,"{0: 0.5582274356467904, 1: 0.5582274356467904}","{0: 0.5582274356467904, 1: 0.5582274356467904}",0.5582274356467904,"[[345 306]
 [296 364]]",[1. 0. 0. ... 0. 0. 0.],[1. 1. 1. ... 1. 0. 0.]
966,AdaBoost,"{'algorithm': 'SAMME', 'learning_rate': 1.4061224489795918, 'n_estimators': 85}",0.541631623386244,0.0871702176025392,0.10035439425186952,0.16819854814503718,0.550424992983401,0.0834870632514061,0.5407577700476794,0.08147760203903498,0.5408085430968727,0.5407345342829214,"{0: 0.5582274356467904, 1: 0.5582274356467904}","{0: 0.5582274356467904, 1: 0.5582274356467904}",0.5582274356467904,"[[345 306]
 [296 364]]",[1. 0. 0. ... 0. 0. 0.],[1. 1. 1. ... 1. 0. 0.]
609,AdaBoost,"{'algorithm': 'SAMME', 'learning_rate': 1.4061224489795918, 'n_estimators': 85}",0.541631623386244,0.0871702176025392,0.10035439425186952,0.16819854814503718,0.550424992983401,0.0834870632514061,0.5407577700476794,0.08147760203903498,0.5408085430968727,0.5407345342829214,"{0: 0.5582274356467904, 1: 0.5582274356467904}","{0: 0.5582274356467904, 1: 0.5582274356467904}",0.5582274356467904,"[[345 306]
 [296 364]]",[1. 0. 0. ... 0. 0. 0.],[1. 1. 1. ... 1. 0. 0.]
529,AdaBoost,"{'algorithm': 'SAMME', 'learning_rate': 1.5693877551020408, 'n_estimators': 63}",0.5432849328136683,0.10180445447424866,0.10015390565092958,0.20123540402082538,0.5502472044481339,0.10059323372749522,0.5390050605608531,0.07825224545670428,0.5392829900839055,0.5391146487920682,"{0: 0.5605932597868082, 1: 0.5605932597868082}","{0: 0.5605932597868082, 1: 0.5605932597868082}",0.5605932597868082,"[[335 316]
 [288 372]]",[0. 1. 0. ... 1. 0. 0.],[1. 1. 1. ... 1. 0. 0.]
657,AdaBoost,"{'algorithm': 'SAMME', 'learning_rate': 3.446938775510204, 'n_estimators': 85}",0.5287306648130203,0.0775794068355413,0.09995289117133307,0.14903532985353896,0.5498514621321922,0.07527695989112511,0.5397607712838559,0.10335085574146252,0.5507246376811594,0.551787459851976,"{0: 0.5789205418237676, 1: 0.5789205418237676}","{0: 0.5789205418237676, 1: 0.5789205418237676}",0.5789205418237676,"[[460 191]
 [398 262]]",[1. 0. 0. ... 1. 0. 0.],[1. 1. 1. ... 1. 0. 0.]
382,AdaBoost,"{'algorithm': 'SAMME', 'learning_rate': 3.446938775510204, 'n_estimators': 85}",0.5287306648130203,0.0775794068355413,0.09995289117133307,0.14903532985353896,0.5498514621321922,0.07527695989112511,0.5397607712838559,0.10335085574146252,0.5507246376811594,0.551787459851976,"{0: 0.5789205418237676, 1: 0.5789205418237676}","{0: 0.5789205418237676, 1: 0.5789205418237676}",0.5789205418237676,"[[460 191]
 [398 262]]",[1. 0. 0. ... 1. 0. 0.],[1. 1. 1. ... 1. 0. 0.]
475,AdaBoost,"{'algorithm': 'SAMME', 'learning_rate': 3.446938775510204, 'n_estimators': 85}",0.5287306648130203,0.0775794068355413,0.09995289117133307,0.14903532985353896,0.5498514621321922,0.07527695989112511,0.5397607712838559,0.10335085574146252,0.5507246376811594,0.551787459851976,"{0: 0.5789205418237676, 1: 0.5789205418237676}","{0: 0.5789205418237676, 1: 0.5789205418237676}",0.5789205418237676,"[[460 191]
 [398 262]]",[1. 0. 0. ... 1. 0. 0.],[1. 1. 1. ... 1. 0. 0.]
293,AdaBoost,"{'algorithm': 'SAMME', 'learning_rate': 3.446938775510204, 'n_estimators': 41}",0.5287306648130203,0.0775794068355413,0.09995289117133307,0.14903532985353896,0.5498514621321922,0.07527695989112511,0.5397607712838559,0.10335085574146252,0.5507246376811594,0.551787459851976,"{0: 0.58591444397896, 1: 0.5859144439789602}","{0: 0.58591444397896, 1: 0.5859144439789602}",0.5859144439789602,"[[460 191]
 [398 262]]",[1. 0. 0. ... 1. 0. 0.],[1. 1. 1. ... 1. 0. 0.]
923,AdaBoost,"{'algorithm': 'SAMME', 'learning_rate': 3.446938775510204, 'n_estimators': 41}",0.5287306648130203,0.0775794068355413,0.09995289117133307,0.14903532985353896,0.5498514621321922,0.07527695989112511,0.5397607712838559,0.10335085574146252,0.5507246376811594,0.551787459851976,"{0: 0.58591444397896, 1: 0.5859144439789602}","{0: 0.58591444397896, 1: 0.5859144439789602}",0.5859144439789602,"[[460 191]
 [398 262]]",[1. 0. 0. ... 1. 0. 0.],[1. 1. 1. ... 1. 0. 0.]
574,AdaBoost,"{'algorithm': 'SAMME', 'learning_rate': 3.446938775510204, 'n_estimators': 63}",0.5287306648130203,0.0775794068355413,0.09995289117133307,0.14903532985353896,0.5498514621321922,0.07527695989112511,0.5397607712838559,0.10335085574146252,0.5507246376811594,0.551787459851976,"{0: 0.5837010659591304, 1: 0.5837010659591304}","{0: 0.5837010659591304, 1: 0.5837010659591304}",0.5837010659591304,"[[460 191]
 [398 262]]",[1. 0. 0. ... 1. 0. 0.],[1. 1. 1. ... 1. 0. 0.]
175,AdaBoost,"{'algorithm': 'SAMME', 'learning_rate': 3.446938775510204, 'n_estimators': 85}",0.5287306648130203,0.0775794068355413,0.09995289117133307,0.14903532985353896,0.5498514621321922,0.07527695989112511,0.5397607712838559,0.10335085574146252,0.5507246376811594,0.551787459851976,"{0: 0.5789205418237676, 1: 0.5789205418237676}","{0: 0.5789205418237676, 1: 0.5789205418237676}",0.5789205418237676,"[[460 191]
 [398 262]]",[1. 0. 0. ... 1. 0. 0.],[1. 1. 1. ... 1. 0. 0.]
511,knn,{'n_neighbors': 47},0.5441964230162628,0.11795234940879273,0.099580790721579,0.23152115480350582,0.5502751508069172,0.11597851343330796,0.5392465280572739,0.07844533824925981,0.5392829900839055,0.5392193827677698,"{0: 0.5559733277475213, 1: 0.5559733277475214}","{0: 0.5559733277475213, 1: 0.5559733277475214}",0.5559733277475214,"[[345 306]
 [298 362]]",[1. 0. 0. ... 1. 1. 0.],[1. 1. 1. ... 1. 0. 0.]
908,knn,{'n_neighbors': 47},0.5441964230162628,0.11795234940879273,0.099580790721579,0.23152115480350582,0.5502751508069172,0.11597851343330796,0.5392465280572739,0.07844533824925981,0.5392829900839055,0.5392193827677698,"{0: 0.5559733277475213, 1: 0.5559733277475214}","{0: 0.5559733277475213, 1: 0.5559733277475214}",0.5559733277475214,"[[345 306]
 [298 362]]",[1. 0. 0. ... 1. 1. 0.],[1. 1. 1. ... 1. 0. 0.]
186,knn,{'n_neighbors': 47},0.5441964230162628,0.11795234940879273,0.099580790721579,0.23152115480350582,0.5502751508069172,0.11597851343330796,0.5392465280572739,0.07844533824925981,0.5392829900839055,0.5392193827677698,"{0: 0.5559733277475213, 1: 0.5559733277475214}","{0: 0.5559733277475213, 1: 0.5559733277475214}",0.5559733277475214,"[[345 306]
 [298 362]]",[1. 0. 0. ... 1. 1. 0.],[1. 1. 1. ... 1. 0. 0.]
430,AdaBoost,"{'algorithm': 'SAMME.R', 'learning_rate': 3.8551020408163263, 'n_estimators': 74}",0.5252419615374349,0.08155448412854084,0.09942235423431205,0.14260635255495688,0.5494122503317146,0.07249507894605171,0.5366352077611656,0.09726155764802591,0.547673531655225,0.5487362100265326,"{0: 0.5279534981147884, 1: 0.5279534981147884}","{0: 0.5279534981147884, 1: 0.5279534981147884}",0.5279534981147884,"[[458 193]
 [400 260]]",[1. 0. 0. ... 1. 0. 0.],[1. 1. 1. ... 1. 0. 0.]
883,AdaBoost,"{'algorithm': 'SAMME.R', 'learning_rate': 3.8551020408163263, 'n_estimators': 74}",0.5252419615374349,0.08155448412854084,0.09942235423431205,0.14260635255495688,0.5494122503317146,0.07249507894605171,0.5366352077611656,0.09726155764802591,0.547673531655225,0.5487362100265326,"{0: 0.5279534981147884, 1: 0.5279534981147884}","{0: 0.5279534981147884, 1: 0.5279534981147884}",0.5279534981147884,"[[458 193]
 [400 260]]",[1. 0. 0. ... 1. 0. 0.],[1. 1. 1. ... 1. 0. 0.]
2,SVC,"{'C': 100, 'gamma': 0.1, 'kernel': 'rbf'}",0.5434447645047726,0.10051836495955473,0.09921428382330416,0.19402348079080362,0.5496081849993562,0.09701381533667783,0.5361806049650982,0.0723228937537097,0.5362318840579711,0.5361576595447564,"{0: 0.5407066052227343, 1: 0.5407066052227343}","{0: 0.5407066052227343, 1: 0.5407066052227343}",0.5407066052227343,"[[342 309]
 [299 361]]",[0. 1. 0. ... 0. 1. 0.],[1. 1. 1. ... 1. 0. 0.]
734,AdaBoost,"{'algorithm': 'SAMME', 'learning_rate': 3.610204081632653, 'n_estimators': 85}",0.527370330025381,0.07770706915327207,0.09912312630895893,0.14988359071445737,0.5494245327397456,0.07567865197045404,0.5381868148035585,0.10189423230993233,0.5499618611746758,0.5510613042871108,"{0: 0.5268735744542196, 1: 0.5268735744542196}","{0: 0.5268735744542196, 1: 0.5268735744542196}",0.5268735744542196,"[[463 188]
 [402 258]]",[1. 0. 0. ... 1. 0. 0.],[1. 1. 1. ... 1. 0. 0.]
456,AdaBoost,"{'algorithm': 'SAMME', 'learning_rate': 3.610204081632653, 'n_estimators': 85}",0.527370330025381,0.07770706915327207,0.09912312630895893,0.14988359071445737,0.5494245327397456,0.07567865197045404,0.5381868148035585,0.10189423230993233,0.5499618611746758,0.5510613042871108,"{0: 0.5268735744542196, 1: 0.5268735744542196}","{0: 0.5268735744542196, 1: 0.5268735744542196}",0.5268735744542196,"[[463 188]
 [402 258]]",[1. 0. 0. ... 1. 0. 0.],[1. 1. 1. ... 1. 0. 0.]
269,AdaBoost,"{'algorithm': 'SAMME', 'learning_rate': 3.610204081632653, 'n_estimators': 85}",0.527370330025381,0.07770706915327207,0.09912312630895893,0.14988359071445737,0.5494245327397456,0.07567865197045404,0.5381868148035585,0.10189423230993233,0.5499618611746758,0.5510613042871108,"{0: 0.5268735744542196, 1: 0.5268735744542196}","{0: 0.5268735744542196, 1: 0.5268735744542196}",0.5268735744542196,"[[463 188]
 [402 258]]",[1. 0. 0. ... 1. 0. 0.],[1. 1. 1. ... 1. 0. 0.]
998,AdaBoost,"{'algorithm': 'SAMME', 'learning_rate': 3.610204081632653, 'n_estimators': 85}",0.527370330025381,0.07770706915327207,0.09912312630895893,0.14988359071445737,0.5494245327397456,0.07567865197045404,0.5381868148035585,0.10189423230993233,0.5499618611746758,0.5510613042871108,"{0: 0.5268735744542196, 1: 0.5268735744542196}","{0: 0.5268735744542196, 1: 0.5268735744542196}",0.5268735744542196,"[[463 188]
 [402 258]]",[1. 0. 0. ... 1. 0. 0.],[1. 1. 1. ... 1. 0. 0.]
901,AdaBoost,"{'algorithm': 'SAMME', 'learning_rate': 3.610204081632653, 'n_estimators': 85}",0.527370330025381,0.07770706915327207,0.09912312630895893,0.14988359071445737,0.5494245327397456,0.07567865197045404,0.5381868148035585,0.10189423230993233,0.5499618611746758,0.5510613042871108,"{0: 0.5268735744542196, 1: 0.5268735744542196}","{0: 0.5268735744542196, 1: 0.5268735744542196}",0.5268735744542196,"[[463 188]
 [402 258]]",[1. 0. 0. ... 1. 0. 0.],[1. 1. 1. ... 1. 0. 0.]
560,AdaBoost,"{'algorithm': 'SAMME', 'learning_rate': 1.1612244897959183, 'n_estimators': 41}",0.5408029393290436,0.0815758761609858,0.09896044445778518,0.15733736056307987,0.5517543832102502,0.07948502149985505,0.5422978755535832,0.0845483492542316,0.5423340961098398,0.5422706325932132,"{0: 0.5476888702695155, 1: 0.5476888702695155}","{0: 0.5476888702695155, 1: 0.5476888702695155}",0.5476888702695155,"[[347 304]
 [296 364]]",[1. 0. 1. ... 1. 0. 0.],[1. 1. 1. ... 1. 0. 0.]
147,AdaBoost,"{'algorithm': 'SAMME', 'learning_rate': 3.5285714285714285, 'n_estimators': 63}",0.5277679604863815,0.07748569665444834,0.09857358082650547,0.14915611631000372,0.5491618069597783,0.0753356002930374,0.5386433344099247,0.10185669000592179,0.5499618611746758,0.5510403574919704,"{0: 0.5780908159940418, 1: 0.5780908159940418}","{0: 0.5780908159940418, 1: 0.5780908159940418}",0.5780908159940418,"[[461 190]
 [400 260]]",[1. 0. 0. ... 1. 0. 0.],[1. 1. 1. ... 1. 0. 0.]
809,AdaBoost,"{'algorithm': 'SAMME', 'learning_rate': 3.5285714285714285, 'n_estimators': 41}",0.5277679604863815,0.07748569665444834,0.09857358082650547,0.14915611631000372,0.5491618069597783,0.0753356002930374,0.5386433344099247,0.10185669000592179,0.5499618611746758,0.5510403574919704,"{0: 0.5803344504957408, 1: 0.5803344504957407}","{0: 0.5803344504957408, 1: 0.5803344504957407}",0.5803344504957407,"[[461 190]
 [400 260]]",[1. 0. 0. ... 1. 0. 0.],[1. 1. 1. ... 1. 0. 0.]
159,AdaBoost,"{'algorithm': 'SAMME', 'learning_rate': 1.9775510204081632, 'n_estimators': 63}",0.5283187453150804,0.0883780654712235,0.09825952379347058,0.16964430617581008,0.5492742461431627,0.08439273819970655,0.5405788563149493,0.10168771078964234,0.5499618611746758,0.5509460969138389,"{0: 0.5494681841456035, 1: 0.5494681841456035}","{0: 0.5494681841456035, 1: 0.5494681841456035}",0.5494681841456035,"[[452 199]
 [391 269]]",[1. 0. 0. ... 1. 0. 0.],[1. 1. 1. ... 1. 0. 0.]
605,SVC,"{'C': 100, 'gamma': 0.1, 'kernel': 'rbf'}",0.5428134608820853,0.1009572793015082,0.09817620145583601,0.19484831199440172,0.549164667559333,0.09740447518904348,0.5353917865327686,0.0707679093299255,0.5354691075514875,0.5353791369920402,"{0: 0.5352918586789555, 1: 0.5352918586789555}","{0: 0.5352918586789555, 1: 0.5352918586789555}",0.5352918586789555,"[[340 311]
 [298 362]]",[0. 1. 0. ... 0. 1. 0.],[1. 1. 1. ... 1. 0. 0.]
325,SVC,"{'C': 100, 'gamma': 0.1, 'kernel': 'rbf'}",0.5431717033209641,0.1034944815978122,0.09807956173081217,0.20026733479764633,0.5490724953204255,0.10017215430449666,0.5361806049650982,0.0723228937537097,0.5362318840579711,0.5361576595447564,"{0: 0.5401491877298329, 1: 0.5401491877298329}","{0: 0.5401491877298329, 1: 0.5401491877298329}",0.5401491877298329,"[[342 309]
 [299 361]]",[0. 1. 0. ... 0. 1. 0.],[1. 1. 1. ... 1. 0. 0.]
877,AdaBoost,"{'algorithm': 'SAMME', 'learning_rate': 1.6510204081632653, 'n_estimators': 41}",0.5418677279830542,0.09193689111987785,0.0976487244673406,0.18203532346792586,0.5487917035693373,0.09100011785772433,0.5361074625057104,0.07343134891941827,0.5369946605644547,0.5366952939533585,"{0: 0.5617139133268165, 1: 0.5617139133268165}","{0: 0.5617139133268165, 1: 0.5617139133268165}",0.5617139133268165,"[[321 330]
 [277 383]]",[1. 1. 1. ... 0. 0. 0.],[1. 1. 1. ... 1. 0. 0.]
724,AdaBoost,"{'algorithm': 'SAMME', 'learning_rate': 0.9163265306122448, 'n_estimators': 41}",0.5383376172630804,0.08853072563713339,0.09719750612964888,0.17461580617881522,0.548877464331242,0.08747055973418398,0.5397324938727489,0.08042379003130262,0.540045766590389,0.5402283200670297,"{0: 0.5529639715123585, 1: 0.5529639715123587}","{0: 0.5529639715123585, 1: 0.5529639715123587}",0.5529639715123587,"[[369 282]
 [321 339]]",[1. 1. 0. ... 1. 0. 0.],[1. 1. 1. ... 1. 0. 0.]
354,AdaBoost,"{'algorithm': 'SAMME', 'learning_rate': 0.9163265306122448, 'n_estimators': 41}",0.5383376172630804,0.08853072563713339,0.09719750612964888,0.17461580617881522,0.548877464331242,0.08747055973418398,0.5397324938727489,0.08042379003130262,0.540045766590389,0.5402283200670297,"{0: 0.5529639715123585, 1: 0.5529639715123587}","{0: 0.5529639715123585, 1: 0.5529639715123587}",0.5529639715123587,"[[369 282]
 [321 339]]",[1. 1. 0. ... 1. 0. 0.],[1. 1. 1. ... 1. 0. 0.]
629,AdaBoost,"{'algorithm': 'SAMME', 'learning_rate': 3.5285714285714285, 'n_estimators': 85}",0.526822459394337,0.07794799111614376,0.09719427048167789,0.1495823665347165,0.5484721517873646,0.07554544736053072,0.5377479600814145,0.10034381498782541,0.5491990846681922,0.5502827817343946,"{0: 0.5763755062142158, 1: 0.5763755062142158}","{0: 0.5763755062142158, 1: 0.5763755062142158}",0.5763755062142158,"[[461 190]
 [401 259]]",[1. 0. 0. ... 1. 0. 0.],[1. 1. 1. ... 1. 0. 0.]
450,AdaBoost,"{'algorithm': 'SAMME', 'learning_rate': 3.5285714285714285, 'n_estimators': 85}",0.526822459394337,0.07794799111614376,0.09719427048167789,0.1495823665347165,0.5484721517873646,0.07554544736053072,0.5377479600814145,0.10034381498782541,0.5491990846681922,0.5502827817343946,"{0: 0.5763755062142158, 1: 0.5763755062142158}","{0: 0.5763755062142158, 1: 0.5763755062142158}",0.5763755062142158,"[[461 190]
 [401 259]]",[1. 0. 0. ... 1. 0. 0.],[1. 1. 1. ... 1. 0. 0.]
359,AdaBoost,"{'algorithm': 'SAMME', 'learning_rate': 3.5285714285714285, 'n_estimators': 85}",0.526822459394337,0.07794799111614376,0.09719427048167789,0.1495823665347165,0.5484721517873646,0.07554544736053072,0.5377479600814145,0.10034381498782541,0.5491990846681922,0.5502827817343946,"{0: 0.5763755062142158, 1: 0.5763755062142158}","{0: 0.5763755062142158, 1: 0.5763755062142158}",0.5763755062142158,"[[461 190]
 [401 259]]",[1. 0. 0. ... 1. 0. 0.],[1. 1. 1. ... 1. 0. 0.]
263,AdaBoost,"{'algorithm': 'SAMME', 'learning_rate': 3.5285714285714285, 'n_estimators': 85}",0.526822459394337,0.07794799111614376,0.09719427048167789,0.1495823665347165,0.5484721517873646,0.07554544736053072,0.5377479600814145,0.10034381498782541,0.5491990846681922,0.5502827817343946,"{0: 0.5763755062142158, 1: 0.5763755062142158}","{0: 0.5763755062142158, 1: 0.5763755062142158}",0.5763755062142158,"[[461 190]
 [401 259]]",[1. 0. 0. ... 1. 0. 0.],[1. 1. 1. ... 1. 0. 0.]
562,AdaBoost,"{'algorithm': 'SAMME', 'learning_rate': 3.5285714285714285, 'n_estimators': 85}",0.526822459394337,0.07794799111614376,0.09719427048167789,0.1495823665347165,0.5484721517873646,0.07554544736053072,0.5377479600814145,0.10034381498782541,0.5491990846681922,0.5502827817343946,"{0: 0.5763755062142158, 1: 0.5763755062142158}","{0: 0.5763755062142158, 1: 0.5763755062142158}",0.5763755062142158,"[[461 190]
 [401 259]]",[1. 0. 0. ... 1. 0. 0.],[1. 1. 1. ... 1. 0. 0.]
997,AdaBoost,"{'algorithm': 'SAMME', 'learning_rate': 3.5285714285714285, 'n_estimators': 85}",0.526822459394337,0.07794799111614376,0.09719427048167789,0.1495823665347165,0.5484721517873646,0.07554544736053072,0.5377479600814145,0.10034381498782541,0.5491990846681922,0.5502827817343946,"{0: 0.5763755062142158, 1: 0.5763755062142158}","{0: 0.5763755062142158, 1: 0.5763755062142158}",0.5763755062142158,"[[461 190]
 [401 259]]",[1. 0. 0. ... 1. 0. 0.],[1. 1. 1. ... 1. 0. 0.]
905,AdaBoost,"{'algorithm': 'SAMME', 'learning_rate': 3.5285714285714285, 'n_estimators': 85}",0.526822459394337,0.07794799111614376,0.09719427048167789,0.1495823665347165,0.5484721517873646,0.07554544736053072,0.5377479600814145,0.10034381498782541,0.5491990846681922,0.5502827817343946,"{0: 0.5763755062142158, 1: 0.5763755062142158}","{0: 0.5763755062142158, 1: 0.5763755062142158}",0.5763755062142158,"[[461 190]
 [401 259]]",[1. 0. 0. ... 1. 0. 0.],[1. 1. 1. ... 1. 0. 0.]
731,AdaBoost,"{'algorithm': 'SAMME', 'learning_rate': 3.5285714285714285, 'n_estimators': 85}",0.526822459394337,0.07794799111614376,0.09719427048167789,0.1495823665347165,0.5484721517873646,0.07554544736053072,0.5377479600814145,0.10034381498782541,0.5491990846681922,0.5502827817343946,"{0: 0.5763755062142158, 1: 0.5763755062142158}","{0: 0.5763755062142158, 1: 0.5763755062142158}",0.5763755062142158,"[[461 190]
 [401 259]]",[1. 0. 0. ... 1. 0. 0.],[1. 1. 1. ... 1. 0. 0.]
79,SVC,"{'C': 10, 'gamma': 0.1, 'kernel': 'rbf'}",0.5418488558413854,0.1012123923706959,0.0965191242729885,0.1988164073400529,0.5485712912900221,0.09944664714041317,0.533786242407453,0.06812621498148519,0.5339435545385202,0.5340734534282922,"{0: 0.5420588372201276, 1: 0.5420588372201275}","{0: 0.5420588372201276, 1: 0.5420588372201275}",0.5420588372201275,"[[360 291]
 [320 340]]",[0. 1. 0. ... 1. 1. 0.],[1. 1. 1. ... 1. 0. 0.]
752,knn,{'n_neighbors': 15},0.5430324580749951,0.10167473378235951,0.09628764036967283,0.20077031213513535,0.5480124901933546,0.10115002573550985,0.5345215961098398,0.06915432266895738,0.5347063310450039,0.5345691942466135,"{0: 0.5270911883815108, 1: 0.527091188381511}","{0: 0.5270911883815108, 1: 0.527091188381511}",0.527091188381511,"[[335 316]
 [294 366]]",[0. 1. 0. ... 1. 1. 0.],[1. 1. 1. ... 1. 0. 0.]
108,knn,{'n_neighbors': 15},0.5430324580749951,0.10167473378235951,0.09628764036967283,0.20077031213513535,0.5480124901933546,0.10115002573550985,0.5345215961098398,0.06915432266895738,0.5347063310450039,0.5345691942466135,"{0: 0.5270911883815108, 1: 0.527091188381511}","{0: 0.5270911883815108, 1: 0.527091188381511}",0.527091188381511,"[[335 316]
 [294 366]]",[0. 1. 0. ... 1. 1. 0.],[1. 1. 1. ... 1. 0. 0.]
462,knn,{'n_neighbors': 15},0.5430324580749951,0.10167473378235951,0.09628764036967283,0.20077031213513535,0.5480124901933546,0.10115002573550985,0.5345215961098398,0.06915432266895738,0.5347063310450039,0.5345691942466135,"{0: 0.5270911883815108, 1: 0.527091188381511}","{0: 0.5270911883815108, 1: 0.527091188381511}",0.527091188381511,"[[335 316]
 [294 366]]",[0. 1. 0. ... 1. 1. 0.],[1. 1. 1. ... 1. 0. 0.]
851,knn,{'n_neighbors': 17},0.5428337007299365,0.11479136065898264,0.09579740990066149,0.22658590208275758,0.5481334191667334,0.11401200293339482,0.5302280773572887,0.061298265835385335,0.5308924485125858,0.5306346878927524,"{0: 0.5250826234697201, 1: 0.5250826234697202}","{0: 0.5250826234697201, 1: 0.5250826234697202}",0.5250826234697202,"[[321 330]
 [285 375]]",[1. 1. 0. ... 1. 1. 0.],[1. 1. 1. ... 1. 0. 0.]
317,knn,{'n_neighbors': 17},0.5428337007299365,0.11479136065898264,0.09579740990066149,0.22658590208275758,0.5481334191667334,0.11401200293339482,0.5302280773572887,0.061298265835385335,0.5308924485125858,0.5306346878927524,"{0: 0.5250826234697201, 1: 0.5250826234697202}","{0: 0.5250826234697201, 1: 0.5250826234697202}",0.5250826234697202,"[[321 330]
 [285 375]]",[1. 1. 0. ... 1. 1. 0.],[1. 1. 1. ... 1. 0. 0.]
238,knn,{'n_neighbors': 17},0.5428337007299365,0.11479136065898264,0.09579740990066149,0.22658590208275758,0.5481334191667334,0.11401200293339482,0.5302280773572887,0.061298265835385335,0.5308924485125858,0.5306346878927524,"{0: 0.5250826234697201, 1: 0.5250826234697202}","{0: 0.5250826234697201, 1: 0.5250826234697202}",0.5250826234697202,"[[321 330]
 [285 375]]",[1. 1. 0. ... 1. 1. 0.],[1. 1. 1. ... 1. 0. 0.]
281,SVC,"{'C': 100, 'gamma': 0.1, 'kernel': 'rbf'}",0.541734333359257,0.10091013584869989,0.09551695721297344,0.19493434360377826,0.5477956392012152,0.09750164702396298,0.5354096327523441,0.07078737600687135,0.5354691075514875,0.5353896103896104,"{0: 0.5364439324116743, 1: 0.5364439324116743}","{0: 0.5364439324116743, 1: 0.5364439324116743}",0.5364439324116743,"[[341 310]
 [299 361]]",[0. 1. 0. ... 0. 1. 0.],[1. 1. 1. ... 1. 0. 0.]
124,SVC,"{'C': 0.1, 'gamma': 1, 'kernel': 'rbf'}",0.5252125214339552,0.10424360642080491,0.09544901220324178,0.1884792344078434,0.54626801590344,0.09636319205470248,0.5250285366914664,0.07441701677013013,0.5362318840579711,0.5372887864823349,"{0: 0.5336044779593166, 1: 0.5336044779593166}","{0: 0.5336044779593166, 1: 0.5336044779593166}",0.5336044779593166,"[[450 201]
 [407 253]]",[0. 0. 0. ... 0. 0. 0.],[1. 1. 1. ... 1. 0. 0.]
557,AdaBoost,"{'algorithm': 'SAMME', 'learning_rate': 1.9775510204081632, 'n_estimators': 85}",0.5251726242449779,0.08296859856062754,0.09393922357405976,0.16090208486283258,0.5471094686792398,0.07992476561754501,0.5359495174751048,0.09414117343757078,0.5461479786422578,0.5471686915235302,"{0: 0.5428862356281711, 1: 0.5428862356281711}","{0: 0.5428862356281711, 1: 0.5428862356281711}",0.5428862356281711,"[[453 198]
 [397 263]]",[1. 0. 0. ... 1. 0. 0.],[1. 1. 1. ... 1. 0. 0.]
893,AdaBoost,"{'algorithm': 'SAMME', 'learning_rate': 1.5693877551020408, 'n_estimators': 85}",0.5407262476919883,0.1034909279032593,0.09369446676210473,0.20497915926933633,0.5470549615980462,0.10228121926426458,0.5358775162109111,0.07210907160617996,0.5362318840579711,0.5360424521714844,"{0: 0.5605664944374622, 1: 0.5605664944374622}","{0: 0.5605664944374622, 1: 0.5605664944374622}",0.5605664944374622,"[[331 320]
 [288 372]]",[0. 1. 0. ... 1. 0. 0.],[1. 1. 1. ... 1. 0. 0.]
353,AdaBoost,"{'algorithm': 'SAMME', 'learning_rate': 1.5693877551020408, 'n_estimators': 85}",0.5407262476919883,0.1034909279032593,0.09369446676210473,0.20497915926933633,0.5470549615980462,0.10228121926426458,0.5358775162109111,0.07210907160617996,0.5362318840579711,0.5360424521714844,"{0: 0.5605664944374622, 1: 0.5605664944374622}","{0: 0.5605664944374622, 1: 0.5605664944374622}",0.5605664944374622,"[[331 320]
 [288 372]]",[0. 1. 0. ... 1. 0. 0.],[1. 1. 1. ... 1. 0. 0.]
616,AdaBoost,"{'algorithm': 'SAMME', 'learning_rate': 1.5693877551020408, 'n_estimators': 85}",0.5407262476919883,0.1034909279032593,0.09369446676210473,0.20497915926933633,0.5470549615980462,0.10228121926426458,0.5358775162109111,0.07210907160617996,0.5362318840579711,0.5360424521714844,"{0: 0.5605664944374622, 1: 0.5605664944374622}","{0: 0.5605664944374622, 1: 0.5605664944374622}",0.5605664944374622,"[[331 320]
 [288 372]]",[0. 1. 0. ... 1. 0. 0.],[1. 1. 1. ... 1. 0. 0.]
985,AdaBoost,"{'algorithm': 'SAMME', 'learning_rate': 1.5693877551020408, 'n_estimators': 85}",0.5407262476919883,0.1034909279032593,0.09369446676210473,0.20497915926933633,0.5470549615980462,0.10228121926426458,0.5358775162109111,0.07210907160617996,0.5362318840579711,0.5360424521714844,"{0: 0.5605664944374622, 1: 0.5605664944374622}","{0: 0.5605664944374622, 1: 0.5605664944374622}",0.5605664944374622,"[[331 320]
 [288 372]]",[0. 1. 0. ... 1. 0. 0.],[1. 1. 1. ... 1. 0. 0.]
705,AdaBoost,"{'algorithm': 'SAMME', 'learning_rate': 1.5693877551020408, 'n_estimators': 85}",0.5407262476919883,0.1034909279032593,0.09369446676210473,0.20497915926933633,0.5470549615980462,0.10228121926426458,0.5358775162109111,0.07210907160617996,0.5362318840579711,0.5360424521714844,"{0: 0.5605664944374622, 1: 0.5605664944374622}","{0: 0.5605664944374622, 1: 0.5605664944374622}",0.5605664944374622,"[[331 320]
 [288 372]]",[0. 1. 0. ... 1. 0. 0.],[1. 1. 1. ... 1. 0. 0.]
361,knn,{'n_neighbors': 49},0.5417551382065873,0.11890699401162029,0.09347849010129901,0.2331221370818138,0.5472530220204512,0.11689648203154888,0.5339408427338498,0.0678334153758069,0.5339435545385202,0.5339163524647396,"{0: 0.5534120001861936, 1: 0.5534120001861937}","{0: 0.5534120001861936, 1: 0.5534120001861937}",0.5534120001861937,"[[345 306]
 [305 355]]",[1. 0. 1. ... 1. 1. 0.],[1. 1. 1. ... 1. 0. 0.]
713,knn,{'n_neighbors': 49},0.5417551382065873,0.11890699401162029,0.09347849010129901,0.2331221370818138,0.5472530220204512,0.11689648203154888,0.5339408427338498,0.0678334153758069,0.5339435545385202,0.5339163524647396,"{0: 0.5534120001861936, 1: 0.5534120001861937}","{0: 0.5534120001861936, 1: 0.5534120001861937}",0.5534120001861937,"[[345 306]
 [305 355]]",[1. 0. 1. ... 1. 1. 0.],[1. 1. 1. ... 1. 0. 0.]
59,knn,{'n_neighbors': 49},0.5417551382065873,0.11890699401162029,0.09347849010129901,0.2331221370818138,0.5472530220204512,0.11689648203154888,0.5339408427338498,0.0678334153758069,0.5339435545385202,0.5339163524647396,"{0: 0.5534120001861936, 1: 0.5534120001861937}","{0: 0.5534120001861936, 1: 0.5534120001861937}",0.5534120001861937,"[[345 306]
 [305 355]]",[1. 0. 1. ... 1. 1. 0.],[1. 1. 1. ... 1. 0. 0.]
993,knn,{'n_neighbors': 13},0.5418999935443287,0.10968249132464952,0.09328152274892901,0.21387427735527018,0.5465911174699578,0.10768898417321199,0.5231647939076011,0.04633460779692389,0.5232646834477498,0.5231636642926965,"{0: 0.52087115393567, 1: 0.5208711539356701}","{0: 0.52087115393567, 1: 0.5208711539356701}",0.5208711539356701,"[[331 320]
 [305 355]]",[0. 1. 0. ... 1. 1. 0.],[1. 1. 1. ... 1. 0. 0.]
339,knn,{'n_neighbors': 13},0.5418999935443287,0.10968249132464952,0.09328152274892901,0.21387427735527018,0.5465911174699578,0.10768898417321199,0.5231647939076011,0.04633460779692389,0.5232646834477498,0.5231636642926965,"{0: 0.52087115393567, 1: 0.5208711539356701}","{0: 0.52087115393567, 1: 0.5208711539356701}",0.5208711539356701,"[[331 320]
 [305 355]]",[0. 1. 0. ... 1. 1. 0.],[1. 1. 1. ... 1. 0. 0.]
621,knn,{'n_neighbors': 13},0.5418999935443287,0.10968249132464952,0.09328152274892901,0.21387427735527018,0.5465911174699578,0.10768898417321199,0.5231647939076011,0.04633460779692389,0.5232646834477498,0.5231636642926965,"{0: 0.52087115393567, 1: 0.5208711539356701}","{0: 0.52087115393567, 1: 0.5208711539356701}",0.5208711539356701,"[[331 320]
 [305 355]]",[0. 1. 0. ... 1. 1. 0.],[1. 1. 1. ... 1. 0. 0.]
32,knn,{'n_neighbors': 13},0.5418999935443287,0.10968249132464952,0.09328152274892901,0.21387427735527018,0.5465911174699578,0.10768898417321199,0.5231647939076011,0.04633460779692389,0.5232646834477498,0.5231636642926965,"{0: 0.52087115393567, 1: 0.5208711539356701}","{0: 0.52087115393567, 1: 0.5208711539356701}",0.5208711539356701,"[[331 320]
 [305 355]]",[0. 1. 0. ... 1. 1. 0.],[1. 1. 1. ... 1. 0. 0.]
706,AdaBoost,"{'algorithm': 'SAMME.R', 'learning_rate': 1.2428571428571429, 'n_estimators': 85}",0.5395568419251717,0.09214962889466068,0.09266792138917475,0.17771923656420774,0.5460507662911642,0.08938797887719702,0.5305935322052753,0.06269693222387562,0.5316552250190694,0.5313294232649071,"{0: 0.5479483777870875, 1: 0.5479483777870875}","{0: 0.5479483777870875, 1: 0.5479483777870875}",0.5479483777870875,"[[315 336]
 [278 382]]",[0. 0. 0. ... 0. 1. 0.],[1. 1. 1. ... 1. 0. 0.]
201,logistic_regression,"{'penalty': None, 'solver': 'sag'}",0.5334483182252485,0.09384661974991058,0.09183690944902496,0.1740238565885442,0.5461830299132603,0.0870665411744226,0.5347003747662206,0.06934930909040127,0.5347063310450039,0.5346739282223154,"{0: 0.5549655541591025, 1: 0.554959735604897}","{0: 0.5549655541591025, 1: 0.554959735604897}",0.554959735604897,"[[345 306]
 [304 356]]",[0. 1. 0. ... 1. 0. 0.],[1. 1. 1. ... 1. 0. 0.]
85,logistic_regression,"{'penalty': None, 'solver': 'sag'}",0.5334483182252485,0.09384661974991058,0.09183690944902496,0.1740238565885442,0.5461830299132603,0.0870665411744226,0.5347003747662206,0.06934930909040127,0.5347063310450039,0.5346739282223154,"{0: 0.5549655541591025, 1: 0.5549655541591025}","{0: 0.5549655541591025, 1: 0.5549655541591025}",0.5549655541591025,"[[345 306]
 [304 356]]",[0. 1. 0. ... 1. 0. 0.],[1. 1. 1. ... 1. 0. 0.]
170,logistic_regression,"{'penalty': None, 'solver': 'saga'}",0.5334483182252485,0.09384661974991058,0.09183690944902496,0.1740238565885442,0.5461830299132603,0.0870665411744226,0.5347003747662206,0.06934930909040127,0.5347063310450039,0.5346739282223154,"{0: 0.5549725364241493, 1: 0.5549725364241492}","{0: 0.5549725364241493, 1: 0.5549725364241492}",0.5549725364241492,"[[345 306]
 [304 356]]",[0. 1. 0. ... 1. 0. 0.],[1. 1. 1. ... 1. 0. 0.]
703,logistic_regression,"{'penalty': None, 'solver': 'newton-cg'}",0.5334483182252485,0.09384661974991058,0.09183690944902496,0.1740238565885442,0.5461830299132603,0.0870665411744226,0.5347003747662206,0.06934930909040127,0.5347063310450039,0.5346739282223154,"{0: 0.5549643904482615, 1: 0.5549643904482614}","{0: 0.5549643904482615, 1: 0.5549643904482614}",0.5549643904482614,"[[345 306]
 [304 356]]",[0. 1. 0. ... 1. 0. 0.],[1. 1. 1. ... 1. 0. 0.]
13,logistic_regression,"{'penalty': None, 'solver': 'newton-cg'}",0.5334483182252485,0.09384661974991058,0.09183690944902496,0.1740238565885442,0.5461830299132603,0.0870665411744226,0.5347003747662206,0.06934930909040127,0.5347063310450039,0.5346739282223154,"{0: 0.5549643904482615, 1: 0.5549643904482614}","{0: 0.5549643904482615, 1: 0.5549643904482614}",0.5549643904482614,"[[345 306]
 [304 356]]",[0. 1. 0. ... 1. 0. 0.],[1. 1. 1. ... 1. 0. 0.]
18,logistic_regression,"{'penalty': None, 'solver': 'newton-cg'}",0.5334483182252485,0.09384661974991058,0.09183690944902496,0.1740238565885442,0.5461830299132603,0.0870665411744226,0.5347003747662206,0.06934930909040127,0.5347063310450039,0.5346739282223154,"{0: 0.5549643904482615, 1: 0.5549643904482614}","{0: 0.5549643904482615, 1: 0.5549643904482614}",0.5549643904482614,"[[345 306]
 [304 356]]",[0. 1. 0. ... 1. 0. 0.],[1. 1. 1. ... 1. 0. 0.]
956,logistic_regression,"{'penalty': None, 'solver': 'newton-cg'}",0.5334483182252485,0.09384661974991058,0.09183690944902496,0.1740238565885442,0.5461830299132603,0.0870665411744226,0.5347003747662206,0.06934930909040127,0.5347063310450039,0.5346739282223154,"{0: 0.5549643904482615, 1: 0.5549643904482614}","{0: 0.5549643904482615, 1: 0.5549643904482614}",0.5549643904482614,"[[345 306]
 [304 356]]",[0. 1. 0. ... 1. 0. 0.],[1. 1. 1. ... 1. 0. 0.]
626,logistic_regression,"{'penalty': None, 'solver': 'sag'}",0.5334483182252485,0.09384661974991058,0.09183690944902496,0.1740238565885442,0.5461830299132603,0.0870665411744226,0.5347003747662206,0.06934930909040127,0.5347063310450039,0.5346739282223154,"{0: 0.5549725364241493, 1: 0.5549725364241493}","{0: 0.5549725364241493, 1: 0.5549725364241493}",0.5549725364241493,"[[345 306]
 [304 356]]",[0. 1. 0. ... 1. 0. 0.],[1. 1. 1. ... 1. 0. 0.]
730,logistic_regression,"{'penalty': None, 'solver': 'sag'}",0.5334483182252485,0.09384661974991058,0.09183690944902496,0.1740238565885442,0.5461830299132603,0.0870665411744226,0.5347003747662206,0.06934930909040127,0.5347063310450039,0.5346739282223154,"{0: 0.5549678815807848, 1: 0.5549678815807848}","{0: 0.5549678815807848, 1: 0.5549678815807848}",0.5549678815807848,"[[345 306]
 [304 356]]",[0. 1. 0. ... 1. 0. 0.],[1. 1. 1. ... 1. 0. 0.]
15,logistic_regression,"{'penalty': None, 'solver': 'saga'}",0.5334483182252485,0.09384661974991058,0.09183690944902496,0.1740238565885442,0.5461830299132603,0.0870665411744226,0.5347003747662206,0.06934930909040127,0.5347063310450039,0.5346739282223154,"{0: 0.5549725364241493, 1: 0.5549725364241493}","{0: 0.5549725364241493, 1: 0.5549725364241493}",0.5549725364241493,"[[345 306]
 [304 356]]",[0. 1. 0. ... 1. 0. 0.],[1. 1. 1. ... 1. 0. 0.]
8,logistic_regression,"{'penalty': None, 'solver': 'newton-cg'}",0.5334483182252485,0.09384661974991058,0.09183690944902496,0.1740238565885442,0.5461830299132603,0.0870665411744226,0.5347003747662206,0.06934930909040127,0.5347063310450039,0.5346739282223154,"{0: 0.5549643904482615, 1: 0.5549643904482614}","{0: 0.5549643904482615, 1: 0.5549643904482614}",0.5549643904482614,"[[345 306]
 [304 356]]",[0. 1. 0. ... 1. 0. 0.],[1. 1. 1. ... 1. 0. 0.]
678,logistic_regression,"{'penalty': None, 'solver': 'sag'}",0.5334483182252485,0.09384661974991058,0.09183690944902496,0.1740238565885442,0.5461830299132603,0.0870665411744226,0.5347003747662206,0.06934930909040127,0.5347063310450039,0.5346739282223154,"{0: 0.5549795186891961, 1: 0.5549795186891961}","{0: 0.5549795186891961, 1: 0.5549795186891961}",0.5549795186891961,"[[345 306]
 [304 356]]",[0. 1. 0. ... 1. 0. 0.],[1. 1. 1. ... 1. 0. 0.]
652,logistic_regression,"{'penalty': None, 'solver': 'saga'}",0.5334483182252485,0.09384661974991058,0.09183690944902496,0.1740238565885442,0.5461830299132603,0.0870665411744226,0.5347003747662206,0.06934930909040127,0.5347063310450039,0.5346739282223154,"{0: 0.5549725364241493, 1: 0.5549725364241493}","{0: 0.5549725364241493, 1: 0.5549725364241493}",0.5549725364241493,"[[345 306]
 [304 356]]",[0. 1. 0. ... 1. 0. 0.],[1. 1. 1. ... 1. 0. 0.]
758,logistic_regression,"{'penalty': None, 'solver': 'newton-cg'}",0.5334483182252485,0.09384661974991058,0.09183690944902496,0.1740238565885442,0.5461830299132603,0.0870665411744226,0.5347003747662206,0.06934930909040127,0.5347063310450039,0.5346739282223154,"{0: 0.5549643904482615, 1: 0.5549643904482614}","{0: 0.5549643904482615, 1: 0.5549643904482614}",0.5549643904482614,"[[345 306]
 [304 356]]",[0. 1. 0. ... 1. 0. 0.],[1. 1. 1. ... 1. 0. 0.]
982,logistic_regression,"{'penalty': None, 'solver': 'sag'}",0.5334483182252485,0.09384661974991058,0.09183690944902496,0.1740238565885442,0.5461830299132603,0.0870665411744226,0.5347003747662206,0.06934930909040127,0.5347063310450039,0.5346739282223154,"{0: 0.5549585718940557, 1: 0.5549585718940558}","{0: 0.5549585718940557, 1: 0.5549585718940558}",0.5549585718940558,"[[345 306]
 [304 356]]",[0. 1. 0. ... 1. 0. 0.],[1. 1. 1. ... 1. 0. 0.]
132,logistic_regression,"{'penalty': None, 'solver': 'sag'}",0.5334483182252485,0.09384661974991058,0.09183690944902496,0.1740238565885442,0.5461830299132603,0.0870665411744226,0.5347003747662206,0.06934930909040127,0.5347063310450039,0.5346739282223154,"{0: 0.5549655541591025, 1: 0.5549655541591025}","{0: 0.5549655541591025, 1: 0.5549655541591025}",0.5549655541591025,"[[345 306]
 [304 356]]",[0. 1. 0. ... 1. 0. 0.],[1. 1. 1. ... 1. 0. 0.]
61,logistic_regression,"{'penalty': None, 'solver': 'lbfgs'}",0.5334483182252485,0.09384661974991058,0.09183690944902496,0.1740238565885442,0.5461830299132603,0.0870665411744226,0.5347003747662206,0.06934930909040127,0.5347063310450039,0.5346739282223154,"{0: 0.5548934040869525, 1: 0.5548934040869524}","{0: 0.5548934040869525, 1: 0.5548934040869524}",0.5548934040869524,"[[345 306]
 [304 356]]",[0. 1. 0. ... 1. 0. 0.],[1. 1. 1. ... 1. 0. 0.]
479,logistic_regression,"{'penalty': None, 'solver': 'lbfgs'}",0.5334483182252485,0.09384661974991058,0.09183690944902496,0.1740238565885442,0.5461830299132603,0.0870665411744226,0.5347003747662206,0.06934930909040127,0.5347063310450039,0.5346739282223154,"{0: 0.5548934040869525, 1: 0.5548934040869524}","{0: 0.5548934040869525, 1: 0.5548934040869524}",0.5548934040869524,"[[345 306]
 [304 356]]",[0. 1. 0. ... 1. 0. 0.],[1. 1. 1. ... 1. 0. 0.]
363,logistic_regression,"{'penalty': None, 'solver': 'sag'}",0.5334483182252485,0.09384661974991058,0.09183690944902496,0.1740238565885442,0.5461830299132603,0.0870665411744226,0.5347003747662206,0.06934930909040127,0.5347063310450039,0.5346739282223154,"{0: 0.5549562444723736, 1: 0.5549562444723736}","{0: 0.5549562444723736, 1: 0.5549562444723736}",0.5549562444723736,"[[345 306]
 [304 356]]",[0. 1. 0. ... 1. 0. 0.],[1. 1. 1. ... 1. 0. 0.]
454,logistic_regression,"{'penalty': None, 'solver': 'sag'}",0.5334483182252485,0.09384661974991058,0.09183690944902496,0.1740238565885442,0.5461830299132603,0.0870665411744226,0.5347003747662206,0.06934930909040127,0.5347063310450039,0.5346739282223154,"{0: 0.5549585718940557, 1: 0.5549585718940557}","{0: 0.5549585718940557, 1: 0.5549585718940557}",0.5549585718940557,"[[345 306]
 [304 356]]",[0. 1. 0. ... 1. 0. 0.],[1. 1. 1. ... 1. 0. 0.]
242,logistic_regression,"{'penalty': None, 'solver': 'saga'}",0.5334483182252485,0.09384661974991058,0.09183690944902496,0.1740238565885442,0.5461830299132603,0.0870665411744226,0.5347003747662206,0.06934930909040127,0.5347063310450039,0.5346739282223154,"{0: 0.5549678815807848, 1: 0.5549678815807848}","{0: 0.5549678815807848, 1: 0.5549678815807848}",0.5549678815807848,"[[345 306]
 [304 356]]",[0. 1. 0. ... 1. 0. 0.],[1. 1. 1. ... 1. 0. 0.]
501,logistic_regression,"{'penalty': None, 'solver': 'sag'}",0.5334483182252485,0.09384661974991058,0.09183690944902496,0.1740238565885442,0.5461830299132603,0.0870665411744226,0.5347003747662206,0.06934930909040127,0.5347063310450039,0.5346739282223154,"{0: 0.5549399525205977, 1: 0.5549399525205976}","{0: 0.5549399525205977, 1: 0.5549399525205976}",0.5549399525205976,"[[345 306]
 [304 356]]",[0. 1. 0. ... 1. 0. 0.],[1. 1. 1. ... 1. 0. 0.]
842,logistic_regression,"{'penalty': None, 'solver': 'newton-cg'}",0.5334483182252485,0.09384661974991058,0.09183690944902496,0.1740238565885442,0.5461830299132603,0.0870665411744226,0.5347003747662206,0.06934930909040127,0.5347063310450039,0.5346739282223154,"{0: 0.5549643904482615, 1: 0.5549643904482614}","{0: 0.5549643904482615, 1: 0.5549643904482614}",0.5549643904482614,"[[345 306]
 [304 356]]",[0. 1. 0. ... 1. 0. 0.],[1. 1. 1. ... 1. 0. 0.]
342,logistic_regression,"{'penalty': None, 'solver': 'lbfgs'}",0.5334483182252485,0.09384661974991058,0.09183690944902496,0.1740238565885442,0.5461830299132603,0.0870665411744226,0.5347003747662206,0.06934930909040127,0.5347063310450039,0.5346739282223154,"{0: 0.5548934040869525, 1: 0.5548934040869524}","{0: 0.5548934040869525, 1: 0.5548934040869524}",0.5548934040869524,"[[345 306]
 [304 356]]",[0. 1. 0. ... 1. 0. 0.],[1. 1. 1. ... 1. 0. 0.]
332,logistic_regression,"{'penalty': None, 'solver': 'saga'}",0.5334483182252485,0.09384661974991058,0.09183690944902496,0.1740238565885442,0.5461830299132603,0.0870665411744226,0.5347003747662206,0.06934930909040127,0.5347063310450039,0.5346739282223154,"{0: 0.5549725364241493, 1: 0.5549725364241493}","{0: 0.5549725364241493, 1: 0.5549725364241493}",0.5549725364241493,"[[345 306]
 [304 356]]",[0. 1. 0. ... 1. 0. 0.],[1. 1. 1. ... 1. 0. 0.]
527,logistic_regression,"{'penalty': None, 'solver': 'saga'}",0.5334483182252485,0.09384661974991058,0.09183690944902496,0.1740238565885442,0.5461830299132603,0.0870665411744226,0.5347003747662206,0.06934930909040127,0.5347063310450039,0.5346739282223154,"{0: 0.5549748638458316, 1: 0.5549748638458316}","{0: 0.5549748638458316, 1: 0.5549748638458316}",0.5549748638458316,"[[345 306]
 [304 356]]",[0. 1. 0. ... 1. 0. 0.],[1. 1. 1. ... 1. 0. 0.]
112,logistic_regression,"{'penalty': None, 'solver': 'saga'}",0.5334483182252485,0.09384661974991058,0.09183690944902496,0.1740238565885442,0.5461830299132603,0.0870665411744226,0.5347003747662206,0.06934930909040127,0.5347063310450039,0.5346739282223154,"{0: 0.5549725364241493, 1: 0.5549725364241493}","{0: 0.5549725364241493, 1: 0.5549725364241493}",0.5549725364241493,"[[345 306]
 [304 356]]",[0. 1. 0. ... 1. 0. 0.],[1. 1. 1. ... 1. 0. 0.]
388,logistic_regression,"{'penalty': None, 'solver': 'sag'}",0.5334483182252485,0.09384661974991058,0.09183690944902496,0.1740238565885442,0.5461830299132603,0.0870665411744226,0.5347003747662206,0.06934930909040127,0.5347063310450039,0.5346739282223154,"{0: 0.5549725364241493, 1: 0.5549725364241493}","{0: 0.5549725364241493, 1: 0.5549725364241493}",0.5549725364241493,"[[345 306]
 [304 356]]",[0. 1. 0. ... 1. 0. 0.],[1. 1. 1. ... 1. 0. 0.]
310,logistic_regression,"{'penalty': None, 'solver': 'sag'}",0.5334483182252485,0.09384661974991058,0.09183690944902496,0.1740238565885442,0.5461830299132603,0.0870665411744226,0.5347003747662206,0.06934930909040127,0.5347063310450039,0.5346739282223154,"{0: 0.5549748638458316, 1: 0.5549748638458316}","{0: 0.5549748638458316, 1: 0.5549748638458316}",0.5549748638458316,"[[345 306]
 [304 356]]",[0. 1. 0. ... 1. 0. 0.],[1. 1. 1. ... 1. 0. 0.]
927,logistic_regression,"{'penalty': None, 'solver': 'sag'}",0.5334483182252485,0.09384661974991058,0.09183690944902496,0.1740238565885442,0.5461830299132603,0.0870665411744226,0.5347003747662206,0.06934930909040127,0.5347063310450039,0.5346739282223154,"{0: 0.5549795186891961, 1: 0.5549795186891961}","{0: 0.5549795186891961, 1: 0.5549795186891961}",0.5549795186891961,"[[345 306]
 [304 356]]",[0. 1. 0. ... 1. 0. 0.],[1. 1. 1. ... 1. 0. 0.]
431,logistic_regression,"{'penalty': None, 'solver': 'newton-cg'}",0.5334483182252485,0.09384661974991058,0.09183690944902496,0.1740238565885442,0.5461830299132603,0.0870665411744226,0.5347003747662206,0.06934930909040127,0.5347063310450039,0.5346739282223154,"{0: 0.5549643904482615, 1: 0.5549643904482614}","{0: 0.5549643904482615, 1: 0.5549643904482614}",0.5549643904482614,"[[345 306]
 [304 356]]",[0. 1. 0. ... 1. 0. 0.],[1. 1. 1. ... 1. 0. 0.]
221,logistic_regression,"{'penalty': None, 'solver': 'lbfgs'}",0.5334483182252485,0.09384661974991058,0.09183690944902496,0.1740238565885442,0.5461830299132603,0.0870665411744226,0.5347003747662206,0.06934930909040127,0.5347063310450039,0.5346739282223154,"{0: 0.5548934040869525, 1: 0.5548934040869524}","{0: 0.5548934040869525, 1: 0.5548934040869524}",0.5548934040869524,"[[345 306]
 [304 356]]",[0. 1. 0. ... 1. 0. 0.],[1. 1. 1. ... 1. 0. 0.]
141,logistic_regression,"{'penalty': None, 'solver': 'newton-cg'}",0.5334483182252485,0.09384661974991058,0.09183690944902496,0.1740238565885442,0.5461830299132603,0.0870665411744226,0.5347003747662206,0.06934930909040127,0.5347063310450039,0.5346739282223154,"{0: 0.5549643904482615, 1: 0.5549643904482614}","{0: 0.5549643904482615, 1: 0.5549643904482614}",0.5549643904482614,"[[345 306]
 [304 356]]",[0. 1. 0. ... 1. 0. 0.],[1. 1. 1. ... 1. 0. 0.]
552,logistic_regression,"{'penalty': None, 'solver': 'sag'}",0.5334483182252485,0.09384661974991058,0.09183690944902496,0.1740238565885442,0.5461830299132603,0.0870665411744226,0.5347003747662206,0.06934930909040127,0.5347063310450039,0.5346739282223154,"{0: 0.5549632267374203, 1: 0.5549632267374203}","{0: 0.5549632267374203, 1: 0.5549632267374203}",0.5549632267374203,"[[345 306]
 [304 356]]",[0. 1. 0. ... 1. 0. 0.],[1. 1. 1. ... 1. 0. 0.]
50,logistic_regression,"{'penalty': None, 'solver': 'sag'}",0.5334483182252485,0.09384661974991058,0.09183690944902496,0.1740238565885442,0.5461830299132603,0.0870665411744226,0.5347003747662206,0.06934930909040127,0.5347063310450039,0.5346739282223154,"{0: 0.5549562444723735, 1: 0.5549562444723735}","{0: 0.5549562444723735, 1: 0.5549562444723735}",0.5549562444723735,"[[345 306]
 [304 356]]",[0. 1. 0. ... 1. 0. 0.],[1. 1. 1. ... 1. 0. 0.]
871,logistic_regression,"{'penalty': None, 'solver': 'sag'}",0.5334483182252485,0.09384661974991058,0.09183690944902496,0.1740238565885442,0.5461830299132603,0.0870665411744226,0.5347003747662206,0.06934930909040127,0.5347063310450039,0.5346739282223154,"{0: 0.5549771912675139, 1: 0.5549771912675139}","{0: 0.5549771912675139, 1: 0.5549771912675139}",0.5549771912675139,"[[345 306]
 [304 356]]",[0. 1. 0. ... 1. 0. 0.],[1. 1. 1. ... 1. 0. 0.]
899,logistic_regression,"{'penalty': None, 'solver': 'newton-cg'}",0.5334483182252485,0.09384661974991058,0.09183690944902496,0.1740238565885442,0.5461830299132603,0.0870665411744226,0.5347003747662206,0.06934930909040127,0.5347063310450039,0.5346739282223154,"{0: 0.5549643904482615, 1: 0.5549643904482614}","{0: 0.5549643904482615, 1: 0.5549643904482614}",0.5549643904482614,"[[345 306]
 [304 356]]",[0. 1. 0. ... 1. 0. 0.],[1. 1. 1. ... 1. 0. 0.]
287,logistic_regression,"{'penalty': None, 'solver': 'lbfgs'}",0.5334483182252485,0.09384661974991058,0.09183690944902496,0.1740238565885442,0.5461830299132603,0.0870665411744226,0.5347003747662206,0.06934930909040127,0.5347063310450039,0.5346739282223154,"{0: 0.5548934040869525, 1: 0.5548934040869524}","{0: 0.5548934040869525, 1: 0.5548934040869524}",0.5548934040869524,"[[345 306]
 [304 356]]",[0. 1. 0. ... 1. 0. 0.],[1. 1. 1. ... 1. 0. 0.]
575,logistic_regression,"{'penalty': None, 'solver': 'newton-cg'}",0.5334483182252485,0.09384661974991058,0.09183690944902496,0.1740238565885442,0.5461830299132603,0.0870665411744226,0.5347003747662206,0.06934930909040127,0.5347063310450039,0.5346739282223154,"{0: 0.5549643904482615, 1: 0.5549643904482614}","{0: 0.5549643904482615, 1: 0.5549643904482614}",0.5549643904482614,"[[345 306]
 [304 356]]",[0. 1. 0. ... 1. 0. 0.],[1. 1. 1. ... 1. 0. 0.]
814,logistic_regression,"{'penalty': None, 'solver': 'sag'}",0.5334483182252485,0.09384661974991058,0.09183690944902496,0.1740238565885442,0.5461830299132603,0.0870665411744226,0.5347003747662206,0.06934930909040127,0.5347063310450039,0.5346739282223154,"{0: 0.5549725364241493, 1: 0.5549725364241493}","{0: 0.5549725364241493, 1: 0.5549725364241493}",0.5549725364241493,"[[345 306]
 [304 356]]",[0. 1. 0. ... 1. 0. 0.],[1. 1. 1. ... 1. 0. 0.]
156,AdaBoost,"{'algorithm': 'SAMME.R', 'learning_rate': 0.7530612244897958, 'n_estimators': 63}",0.5380896776458215,0.07831530056313267,0.09001254136767299,0.15248366011846082,0.5450802657841465,0.07641204016135729,0.5374424919284813,0.0751807228915663,0.5377574370709383,0.5375785504817763,"{0: 0.5576781641297771, 1: 0.5576781641297771}","{0: 0.5576781641297771, 1: 0.5576781641297771}",0.5576781641297771,"[[333 318]
 [288 372]]",[1. 0. 0. ... 0. 1. 0.],[1. 1. 1. ... 1. 0. 0.]
940,AdaBoost,"{'algorithm': 'SAMME', 'learning_rate': 1.079591836734694, 'n_estimators': 30}",0.5311704138883254,0.08616310853770241,0.08991107379143912,0.16767636514034331,0.5455586978914239,0.08287659461392942,0.5378933611399078,0.07750899340193096,0.5385202135774219,0.5387760089372993,"{0: 0.5515174789368338, 1: 0.5515174789368338}","{0: 0.5515174789368338, 1: 0.5515174789368338}",0.5515174789368338,"[[375 276]
 [329 331]]",[1. 0. 0. ... 1. 0. 0.],[1. 1. 1. ... 1. 0. 0.]
338,AdaBoost,"{'algorithm': 'SAMME.R', 'learning_rate': 0.8346938775510203, 'n_estimators': 85}",0.539303963979446,0.08719538665798962,0.08968439509253895,0.1723086605370718,0.5447274080627575,0.08642569863831093,0.5336444797806922,0.0675599696877629,0.5339435545385202,0.5337697248987572,"{0: 0.5517153097798259, 1: 0.5517153097798259}","{0: 0.5517153097798259, 1: 0.5517153097798259}",0.5517153097798259,"[[331 320]
 [291 369]]",[0. 0. 0. ... 0. 1. 0.],[1. 1. 1. ... 1. 0. 0.]
413,AdaBoost,"{'algorithm': 'SAMME', 'learning_rate': 1.4061224489795918, 'n_estimators': 74}",0.5371882936942726,0.0830028989401054,0.08918879302142285,0.15910339259284476,0.5451449951975037,0.07916292172383434,0.5369175934735477,0.07381957465232314,0.5369946605644547,0.536904761904762,"{0: 0.559223572126798, 1: 0.559223572126798}","{0: 0.559223572126798, 1: 0.559223572126798}",0.559223572126798,"[[341 310]
 [297 363]]",[1. 0. 0. ... 0. 0. 0.],[1. 1. 1. ... 1. 0. 0.]
205,SVC,"{'C': 1000, 'gamma': 0.1, 'kernel': 'rbf'}",0.5398019449527086,0.11594007210683677,0.08881729872607692,0.22648444623758704,0.5445855436513939,0.11333941650654612,0.5270537984339752,0.05405311044542671,0.5270785659801678,0.5270248568635665,"{0: 0.5244949494949495, 1: 0.5244949494949495}","{0: 0.5244949494949495, 1: 0.5244949494949495}",0.5244949494949495,"[[338 313]
 [307 353]]",[1. 1. 0. ... 0. 1. 1.],[1. 1. 1. ... 1. 0. 0.]
559,knn,{'n_neighbors': 11},0.5391738543973692,0.12069855943714053,0.08846268144979787,0.23525025563791643,0.5447378815768174,0.11857505231864711,0.5186852238380675,0.037320597548501144,0.5186880244088482,0.5186601033375227,"{0: 0.5287052553181585, 1: 0.5287052553181585}","{0: 0.5287052553181585, 1: 0.5287052553181585}",0.5287052553181585,"[[335 316]
 [315 345]]",[0. 1. 0. ... 1. 1. 0.],[1. 1. 1. ... 1. 0. 0.]
218,knn,{'n_neighbors': 11},0.5391738543973692,0.12069855943714053,0.08846268144979787,0.23525025563791643,0.5447378815768174,0.11857505231864711,0.5186852238380675,0.037320597548501144,0.5186880244088482,0.5186601033375227,"{0: 0.5287052553181585, 1: 0.5287052553181585}","{0: 0.5287052553181585, 1: 0.5287052553181585}",0.5287052553181585,"[[335 316]
 [315 345]]",[0. 1. 0. ... 1. 1. 0.],[1. 1. 1. ... 1. 0. 0.]
950,knn,{'n_neighbors': 11},0.5391738543973692,0.12069855943714053,0.08846268144979787,0.23525025563791643,0.5447378815768174,0.11857505231864711,0.5186852238380675,0.037320597548501144,0.5186880244088482,0.5186601033375227,"{0: 0.5287052553181585, 1: 0.5287052553181585}","{0: 0.5287052553181585, 1: 0.5287052553181585}",0.5287052553181585,"[[335 316]
 [315 345]]",[0. 1. 0. ... 1. 1. 0.],[1. 1. 1. ... 1. 0. 0.]
473,knn,{'n_neighbors': 45},0.5365992435704128,0.12307227331225497,0.08819358743935388,0.23762929770921593,0.543905171866944,0.1193504736530085,0.5324152808442715,0.06478213359307639,0.532418001525553,0.5323907275520179,"{0: 0.5512381883349626, 1: 0.5512381883349625}","{0: 0.5512381883349626, 1: 0.5512381883349625}",0.5512381883349625,"[[344 307]
 [306 354]]",[1. 0. 0. ... 1. 1. 0.],[1. 1. 1. ... 1. 0. 0.]
228,knn,{'n_neighbors': 45},0.5365992435704128,0.12307227331225497,0.08819358743935388,0.23762929770921593,0.543905171866944,0.1193504736530085,0.5324152808442715,0.06478213359307639,0.532418001525553,0.5323907275520179,"{0: 0.5512381883349626, 1: 0.5512381883349625}","{0: 0.5512381883349626, 1: 0.5512381883349625}",0.5512381883349625,"[[344 307]
 [306 354]]",[1. 0. 0. ... 1. 1. 0.],[1. 1. 1. ... 1. 0. 0.]
937,knn,{'n_neighbors': 45},0.5365992435704128,0.12307227331225497,0.08819358743935388,0.23762929770921593,0.543905171866944,0.1193504736530085,0.5324152808442715,0.06478213359307639,0.532418001525553,0.5323907275520179,"{0: 0.5512381883349626, 1: 0.5512381883349625}","{0: 0.5512381883349626, 1: 0.5512381883349625}",0.5512381883349625,"[[344 307]
 [306 354]]",[1. 0. 0. ... 1. 1. 0.],[1. 1. 1. ... 1. 0. 0.]
268,AdaBoost,"{'algorithm': 'SAMME', 'learning_rate': 1.8142857142857143, 'n_estimators': 30}",0.53555024911457,0.08043879627111739,0.08787053432991414,0.15148657519626024,0.5449554672776905,0.07592770082853685,0.5337184786644814,0.06882265817124966,0.5347063310450039,0.5343911464879207,"{0: 0.5475748266070847, 1: 0.5475748266070847}","{0: 0.5475748266070847, 1: 0.5475748266070847}",0.5475748266070847,"[[318 333]
 [277 383]]",[0. 1. 0. ... 1. 0. 0.],[1. 1. 1. ... 1. 0. 0.]
180,logistic_regression,"{'penalty': 'l2', 'solver': 'lbfgs'}",0.5311073955327208,0.08510780192881894,0.08715925067634232,0.15681595929967132,0.543789674411634,0.07865199107146796,0.5346922521746609,0.06932981412431749,0.5347063310450039,0.5346634548247451,"{0: 0.5553658706884513, 1: 0.5553658706884513}","{0: 0.5553658706884513, 1: 0.5553658706884513}",0.5553658706884513,"[[344 307]
 [303 357]]",[0. 1. 0. ... 1. 0. 0.],[1. 1. 1. ... 1. 0. 0.]
886,logistic_regression,"{'penalty': 'l2', 'solver': 'lbfgs'}",0.5311073955327208,0.08510780192881894,0.08715925067634232,0.15681595929967132,0.543789674411634,0.07865199107146796,0.5346922521746609,0.06932981412431749,0.5347063310450039,0.5346634548247451,"{0: 0.5553658706884513, 1: 0.5553658706884513}","{0: 0.5553658706884513, 1: 0.5553658706884513}",0.5553658706884513,"[[344 307]
 [303 357]]",[0. 1. 0. ... 1. 0. 0.],[1. 1. 1. ... 1. 0. 0.]
252,logistic_regression,"{'penalty': 'l2', 'solver': 'lbfgs'}",0.5311073955327208,0.08510780192881894,0.08715925067634232,0.15681595929967132,0.543789674411634,0.07865199107146796,0.5346922521746609,0.06932981412431749,0.5347063310450039,0.5346634548247451,"{0: 0.5553658706884513, 1: 0.5553658706884513}","{0: 0.5553658706884513, 1: 0.5553658706884513}",0.5553658706884513,"[[344 307]
 [303 357]]",[0. 1. 0. ... 1. 0. 0.],[1. 1. 1. ... 1. 0. 0.]
161,logistic_regression,"{'penalty': 'l2', 'solver': 'lbfgs'}",0.5311073955327208,0.08510780192881894,0.08715925067634232,0.15681595929967132,0.543789674411634,0.07865199107146796,0.5346922521746609,0.06932981412431749,0.5347063310450039,0.5346634548247451,"{0: 0.5553658706884513, 1: 0.5553658706884513}","{0: 0.5553658706884513, 1: 0.5553658706884513}",0.5553658706884513,"[[344 307]
 [303 357]]",[0. 1. 0. ... 1. 0. 0.],[1. 1. 1. ... 1. 0. 0.]
399,logistic_regression,"{'penalty': 'l2', 'solver': 'lbfgs'}",0.5311073955327208,0.08510780192881894,0.08715925067634232,0.15681595929967132,0.543789674411634,0.07865199107146796,0.5346922521746609,0.06932981412431749,0.5347063310450039,0.5346634548247451,"{0: 0.5553658706884513, 1: 0.5553658706884513}","{0: 0.5553658706884513, 1: 0.5553658706884513}",0.5553658706884513,"[[344 307]
 [303 357]]",[0. 1. 0. ... 1. 0. 0.],[1. 1. 1. ... 1. 0. 0.]
828,logistic_regression,"{'penalty': 'l2', 'solver': 'lbfgs'}",0.5311073955327208,0.08510780192881894,0.08715925067634232,0.15681595929967132,0.543789674411634,0.07865199107146796,0.5346922521746609,0.06932981412431749,0.5347063310450039,0.5346634548247451,"{0: 0.5553658706884513, 1: 0.5553658706884513}","{0: 0.5553658706884513, 1: 0.5553658706884513}",0.5553658706884513,"[[344 307]
 [303 357]]",[0. 1. 0. ... 1. 0. 0.],[1. 1. 1. ... 1. 0. 0.]
996,logistic_regression,"{'penalty': 'l2', 'solver': 'lbfgs'}",0.5311073955327208,0.08510780192881894,0.08715925067634232,0.15681595929967132,0.543789674411634,0.07865199107146796,0.5346922521746609,0.06932981412431749,0.5347063310450039,0.5346634548247451,"{0: 0.5553658706884513, 1: 0.5553658706884513}","{0: 0.5553658706884513, 1: 0.5553658706884513}",0.5553658706884513,"[[344 307]
 [303 357]]",[0. 1. 0. ... 1. 0. 0.],[1. 1. 1. ... 1. 0. 0.]
639,logistic_regression,"{'penalty': 'l2', 'solver': 'lbfgs'}",0.5311073955327208,0.08510780192881894,0.08715925067634232,0.15681595929967132,0.543789674411634,0.07865199107146796,0.5346922521746609,0.06932981412431749,0.5347063310450039,0.5346634548247451,"{0: 0.5553658706884513, 1: 0.5553658706884513}","{0: 0.5553658706884513, 1: 0.5553658706884513}",0.5553658706884513,"[[344 307]
 [303 357]]",[0. 1. 0. ... 1. 0. 0.],[1. 1. 1. ... 1. 0. 0.]
744,logistic_regression,"{'penalty': 'l2', 'solver': 'lbfgs'}",0.5311073955327208,0.08510780192881894,0.08715925067634232,0.15681595929967132,0.543789674411634,0.07865199107146796,0.5346922521746609,0.06932981412431749,0.5347063310450039,0.5346634548247451,"{0: 0.5553658706884513, 1: 0.5553658706884513}","{0: 0.5553658706884513, 1: 0.5553658706884513}",0.5553658706884513,"[[344 307]
 [303 357]]",[0. 1. 0. ... 1. 0. 0.],[1. 1. 1. ... 1. 0. 0.]
6,logistic_regression,"{'penalty': 'l2', 'solver': 'lbfgs'}",0.5311073955327208,0.08510780192881894,0.08715925067634232,0.15681595929967132,0.543789674411634,0.07865199107146796,0.5346922521746609,0.06932981412431749,0.5347063310450039,0.5346634548247451,"{0: 0.5553658706884513, 1: 0.5553658706884513}","{0: 0.5553658706884513, 1: 0.5553658706884513}",0.5553658706884513,"[[344 307]
 [303 357]]",[0. 1. 0. ... 1. 0. 0.],[1. 1. 1. ... 1. 0. 0.]
694,logistic_regression,"{'penalty': 'l2', 'solver': 'lbfgs'}",0.5311073955327208,0.08510780192881894,0.08715925067634232,0.15681595929967132,0.543789674411634,0.07865199107146796,0.5346922521746609,0.06932981412431749,0.5347063310450039,0.5346634548247451,"{0: 0.5553658706884513, 1: 0.5553658706884513}","{0: 0.5553658706884513, 1: 0.5553658706884513}",0.5553658706884513,"[[344 307]
 [303 357]]",[0. 1. 0. ... 1. 0. 0.],[1. 1. 1. ... 1. 0. 0.]
102,logistic_regression,"{'penalty': 'l2', 'solver': 'lbfgs'}",0.5311073955327208,0.08510780192881894,0.08715925067634232,0.15681595929967132,0.543789674411634,0.07865199107146796,0.5346922521746609,0.06932981412431749,0.5347063310450039,0.5346634548247451,"{0: 0.5553658706884513, 1: 0.5553658706884513}","{0: 0.5553658706884513, 1: 0.5553658706884513}",0.5553658706884513,"[[344 307]
 [303 357]]",[0. 1. 0. ... 1. 0. 0.],[1. 1. 1. ... 1. 0. 0.]
941,logistic_regression,"{'penalty': 'l2', 'solver': 'lbfgs'}",0.5311073955327208,0.08510780192881894,0.08715925067634232,0.15681595929967132,0.543789674411634,0.07865199107146796,0.5346922521746609,0.06932981412431749,0.5347063310450039,0.5346634548247451,"{0: 0.5553658706884513, 1: 0.5553658706884513}","{0: 0.5553658706884513, 1: 0.5553658706884513}",0.5553658706884513,"[[344 307]
 [303 357]]",[0. 1. 0. ... 1. 0. 0.],[1. 1. 1. ... 1. 0. 0.]
563,logistic_regression,"{'penalty': 'l2', 'solver': 'lbfgs'}",0.5311073955327208,0.08510780192881894,0.08715925067634232,0.15681595929967132,0.543789674411634,0.07865199107146796,0.5346922521746609,0.06932981412431749,0.5347063310450039,0.5346634548247451,"{0: 0.5553658706884513, 1: 0.5553658706884513}","{0: 0.5553658706884513, 1: 0.5553658706884513}",0.5553658706884513,"[[344 307]
 [303 357]]",[0. 1. 0. ... 1. 0. 0.],[1. 1. 1. ... 1. 0. 0.]
539,logistic_regression,"{'penalty': 'l2', 'solver': 'lbfgs'}",0.5311073955327208,0.08510780192881894,0.08715925067634232,0.15681595929967132,0.543789674411634,0.07865199107146796,0.5346922521746609,0.06932981412431749,0.5347063310450039,0.5346634548247451,"{0: 0.5553658706884513, 1: 0.5553658706884513}","{0: 0.5553658706884513, 1: 0.5553658706884513}",0.5553658706884513,"[[344 307]
 [303 357]]",[0. 1. 0. ... 1. 0. 0.],[1. 1. 1. ... 1. 0. 0.]
1,logistic_regression,"{'penalty': 'l2', 'solver': 'lbfgs'}",0.5311073955327208,0.08510780192881894,0.08715925067634232,0.15681595929967132,0.543789674411634,0.07865199107146796,0.5346922521746609,0.06932981412431749,0.5347063310450039,0.5346634548247451,"{0: 0.5553658706884513, 1: 0.5553658706884513}","{0: 0.5553658706884513, 1: 0.5553658706884513}",0.5553658706884513,"[[344 307]
 [303 357]]",[0. 1. 0. ... 1. 0. 0.],[1. 1. 1. ... 1. 0. 0.]
546,knn,{'n_neighbors': 41},0.5362721550048946,0.1307272281953772,0.0866548290428896,0.2521072557614069,0.5435992406328548,0.12620662667226787,0.5282829373132037,0.05686746987951807,0.528604118993135,0.5284248010054462,"{0: 0.5486582414001768, 1: 0.5486582414001769}","{0: 0.5486582414001768, 1: 0.5486582414001769}",0.5486582414001769,"[[327 324]
 [294 366]]",[1. 0. 0. ... 1. 1. 0.],[1. 1. 1. ... 1. 0. 0.]
207,knn,{'n_neighbors': 41},0.5362721550048946,0.1307272281953772,0.0866548290428896,0.2521072557614069,0.5435992406328548,0.12620662667226787,0.5282829373132037,0.05686746987951807,0.528604118993135,0.5284248010054462,"{0: 0.5486582414001768, 1: 0.5486582414001769}","{0: 0.5486582414001768, 1: 0.5486582414001769}",0.5486582414001769,"[[327 324]
 [294 366]]",[1. 0. 0. ... 1. 1. 0.],[1. 1. 1. ... 1. 0. 0.]
921,knn,{'n_neighbors': 41},0.5362721550048946,0.1307272281953772,0.0866548290428896,0.2521072557614069,0.5435992406328548,0.12620662667226787,0.5282829373132037,0.05686746987951807,0.528604118993135,0.5284248010054462,"{0: 0.5486582414001768, 1: 0.5486582414001769}","{0: 0.5486582414001768, 1: 0.5486582414001769}",0.5486582414001769,"[[327 324]
 [294 366]]",[1. 0. 0. ... 1. 1. 0.],[1. 1. 1. ... 1. 0. 0.]
426,knn,{'n_neighbors': 39},0.5364509976239168,0.1175336798062265,0.08606661762542245,0.23039064406630108,0.543695478727679,0.11520451734311316,0.5283197473950451,0.056887231278548334,0.528604118993135,0.5284352744030163,"{0: 0.5510298840944001, 1: 0.5510298840944002}","{0: 0.5510298840944001, 1: 0.5510298840944002}",0.5510298840944002,"[[328 323]
 [295 365]]",[1. 1. 0. ... 1. 1. 0.],[1. 1. 1. ... 1. 0. 0.]
837,knn,{'n_neighbors': 39},0.5364509976239168,0.1175336798062265,0.08606661762542245,0.23039064406630108,0.543695478727679,0.11520451734311316,0.5283197473950451,0.056887231278548334,0.528604118993135,0.5284352744030163,"{0: 0.5510298840944001, 1: 0.5510298840944002}","{0: 0.5510298840944001, 1: 0.5510298840944002}",0.5510298840944002,"[[328 323]
 [295 365]]",[1. 1. 0. ... 1. 1. 0.],[1. 1. 1. ... 1. 0. 0.]
176,knn,{'n_neighbors': 39},0.5364509976239168,0.1175336798062265,0.08606661762542245,0.23039064406630108,0.543695478727679,0.11520451734311316,0.5283197473950451,0.056887231278548334,0.528604118993135,0.5284352744030163,"{0: 0.5510298840944001, 1: 0.5510298840944002}","{0: 0.5510298840944001, 1: 0.5510298840944002}",0.5510298840944002,"[[328 323]
 [295 365]]",[1. 1. 0. ... 1. 1. 0.],[1. 1. 1. ... 1. 0. 0.]
717,logistic_regression,"{'penalty': 'l2', 'solver': 'saga'}",0.5304313562453226,0.0846998236681428,0.08598450230770757,0.1560965393863967,0.5431926594862607,0.07830157983560498,0.5339337917917614,0.06781388885979522,0.5339435545385202,0.5339058790671694,"{0: 0.5553076851463948, 1: 0.5553076851463948}","{0: 0.5553076851463948, 1: 0.5553076851463948}",0.5553076851463948,"[[344 307]
 [304 356]]",[0. 1. 0. ... 1. 0. 0.],[1. 1. 1. ... 1. 0. 0.]
355,logistic_regression,"{'penalty': 'l2', 'solver': 'newton-cg'}",0.5304313562453226,0.0846998236681428,0.08598450230770757,0.1560965393863967,0.5431926594862607,0.07830157983560498,0.5339337917917614,0.06781388885979522,0.5339435545385202,0.5339058790671694,"{0: 0.5553146674114415, 1: 0.5553146674114416}","{0: 0.5553146674114415, 1: 0.5553146674114416}",0.5553146674114416,"[[344 307]
 [304 356]]",[0. 1. 0. ... 1. 0. 0.],[1. 1. 1. ... 1. 0. 0.]
665,logistic_regression,"{'penalty': 'l2', 'solver': 'newton-cg'}",0.5304313562453226,0.0846998236681428,0.08598450230770757,0.1560965393863967,0.5431926594862607,0.07830157983560498,0.5339337917917614,0.06781388885979522,0.5339435545385202,0.5339058790671694,"{0: 0.5553146674114415, 1: 0.5553146674114416}","{0: 0.5553146674114415, 1: 0.5553146674114416}",0.5553146674114416,"[[344 307]
 [304 356]]",[0. 1. 0. ... 1. 0. 0.],[1. 1. 1. ... 1. 0. 0.]
376,logistic_regression,"{'penalty': 'l2', 'solver': 'saga'}",0.5304313562453226,0.0846998236681428,0.08598450230770757,0.1560965393863967,0.5431926594862607,0.07830157983560498,0.5339337917917614,0.06781388885979522,0.5339435545385202,0.5339058790671694,"{0: 0.5553053577247126, 1: 0.5553053577247126}","{0: 0.5553053577247126, 1: 0.5553053577247126}",0.5553053577247126,"[[344 307]
 [304 356]]",[0. 1. 0. ... 1. 0. 0.],[1. 1. 1. ... 1. 0. 0.]
277,logistic_regression,"{'penalty': 'l2', 'solver': 'saga'}",0.5304313562453226,0.0846998236681428,0.08598450230770757,0.1560965393863967,0.5431926594862607,0.07830157983560498,0.5339337917917614,0.06781388885979522,0.5339435545385202,0.5339058790671694,"{0: 0.555308848857236, 1: 0.555308848857236}","{0: 0.555308848857236, 1: 0.555308848857236}",0.555308848857236,"[[344 307]
 [304 356]]",[0. 1. 0. ... 1. 0. 0.],[1. 1. 1. ... 1. 0. 0.]
4,logistic_regression,"{'penalty': 'l2', 'solver': 'saga'}",0.5304313562453226,0.0846998236681428,0.08598450230770757,0.1560965393863967,0.5431926594862607,0.07830157983560498,0.5339337917917614,0.06781388885979522,0.5339435545385202,0.5339058790671694,"{0: 0.5553146674114415, 1: 0.5553146674114416}","{0: 0.5553146674114415, 1: 0.5553146674114416}",0.5553146674114416,"[[344 307]
 [304 356]]",[0. 1. 0. ... 1. 0. 0.],[1. 1. 1. ... 1. 0. 0.]
298,logistic_regression,"{'penalty': 'l2', 'solver': 'newton-cg'}",0.5304313562453226,0.0846998236681428,0.08598450230770757,0.1560965393863967,0.5431926594862607,0.07830157983560498,0.5339337917917614,0.06781388885979522,0.5339435545385202,0.5339058790671694,"{0: 0.5553146674114415, 1: 0.5553146674114416}","{0: 0.5553146674114415, 1: 0.5553146674114416}",0.5553146674114416,"[[344 307]
 [304 356]]",[0. 1. 0. ... 1. 0. 0.],[1. 1. 1. ... 1. 0. 0.]
54,logistic_regression,"{'penalty': 'l2', 'solver': 'saga'}",0.5304313562453226,0.0846998236681428,0.08598450230770757,0.1560965393863967,0.5431926594862607,0.07830157983560498,0.5339337917917614,0.06781388885979522,0.5339435545385202,0.5339058790671694,"{0: 0.5553146674114416, 1: 0.5553146674114416}","{0: 0.5553146674114416, 1: 0.5553146674114416}",0.5553146674114416,"[[344 307]
 [304 356]]",[0. 1. 0. ... 1. 0. 0.],[1. 1. 1. ... 1. 0. 0.]
857,logistic_regression,"{'penalty': 'l2', 'solver': 'saga'}",0.5304313562453226,0.0846998236681428,0.08598450230770757,0.1560965393863967,0.5431926594862607,0.07830157983560498,0.5339337917917614,0.06781388885979522,0.5339435545385202,0.5339058790671694,"{0: 0.5553135037006005, 1: 0.5553135037006005}","{0: 0.5553135037006005, 1: 0.5553135037006005}",0.5553135037006005,"[[344 307]
 [304 356]]",[0. 1. 0. ... 1. 0. 0.],[1. 1. 1. ... 1. 0. 0.]
323,logistic_regression,"{'penalty': 'l2', 'solver': 'newton-cg'}",0.5304313562453226,0.0846998236681428,0.08598450230770757,0.1560965393863967,0.5431926594862607,0.07830157983560498,0.5339337917917614,0.06781388885979522,0.5339435545385202,0.5339058790671694,"{0: 0.5553146674114415, 1: 0.5553146674114416}","{0: 0.5553146674114415, 1: 0.5553146674114416}",0.5553146674114416,"[[344 307]
 [304 356]]",[0. 1. 0. ... 1. 0. 0.],[1. 1. 1. ... 1. 0. 0.]
969,logistic_regression,"{'penalty': 'l2', 'solver': 'saga'}",0.5304313562453226,0.0846998236681428,0.08598450230770757,0.1560965393863967,0.5431926594862607,0.07830157983560498,0.5339337917917614,0.06781388885979522,0.5339435545385202,0.5339058790671694,"{0: 0.555310012568077, 1: 0.5553100125680771}","{0: 0.555310012568077, 1: 0.5553100125680771}",0.5553100125680771,"[[344 307]
 [304 356]]",[0. 1. 0. ... 1. 0. 0.],[1. 1. 1. ... 1. 0. 0.]
19,logistic_regression,"{'penalty': 'l2', 'solver': 'sag'}",0.5304313562453226,0.0846998236681428,0.08598450230770757,0.1560965393863967,0.5431926594862607,0.07830157983560498,0.5339337917917614,0.06781388885979522,0.5339435545385202,0.5339058790671694,"{0: 0.5553053577247126, 1: 0.5553053577247126}","{0: 0.5553053577247126, 1: 0.5553053577247126}",0.5553053577247126,"[[344 307]
 [304 356]]",[0. 1. 0. ... 1. 0. 0.],[1. 1. 1. ... 1. 0. 0.]
191,logistic_regression,"{'penalty': 'l2', 'solver': 'newton-cg'}",0.5304313562453226,0.0846998236681428,0.08598450230770757,0.1560965393863967,0.5431926594862607,0.07830157983560498,0.5339337917917614,0.06781388885979522,0.5339435545385202,0.5339058790671694,"{0: 0.5553146674114415, 1: 0.5553146674114416}","{0: 0.5553146674114415, 1: 0.5553146674114416}",0.5553146674114416,"[[344 307]
 [304 356]]",[0. 1. 0. ... 1. 0. 0.],[1. 1. 1. ... 1. 0. 0.]
614,logistic_regression,"{'penalty': 'l2', 'solver': 'saga'}",0.5304313562453226,0.0846998236681428,0.08598450230770757,0.1560965393863967,0.5431926594862607,0.07830157983560498,0.5339337917917614,0.06781388885979522,0.5339435545385202,0.5339058790671694,"{0: 0.5553076851463948, 1: 0.5553076851463948}","{0: 0.5553076851463948, 1: 0.5553076851463948}",0.5553076851463948,"[[344 307]
 [304 356]]",[0. 1. 0. ... 1. 0. 0.],[1. 1. 1. ... 1. 0. 0.]
231,logistic_regression,"{'penalty': 'l2', 'solver': 'newton-cg'}",0.5304313562453226,0.0846998236681428,0.08598450230770757,0.1560965393863967,0.5431926594862607,0.07830157983560498,0.5339337917917614,0.06781388885979522,0.5339435545385202,0.5339058790671694,"{0: 0.5553146674114415, 1: 0.5553146674114416}","{0: 0.5553146674114415, 1: 0.5553146674114416}",0.5553146674114416,"[[344 307]
 [304 356]]",[0. 1. 0. ... 1. 0. 0.],[1. 1. 1. ... 1. 0. 0.]
514,logistic_regression,"{'penalty': 'l2', 'solver': 'newton-cg'}",0.5304313562453226,0.0846998236681428,0.08598450230770757,0.1560965393863967,0.5431926594862607,0.07830157983560498,0.5339337917917614,0.06781388885979522,0.5339435545385202,0.5339058790671694,"{0: 0.5553146674114415, 1: 0.5553146674114416}","{0: 0.5553146674114415, 1: 0.5553146674114416}",0.5553146674114416,"[[344 307]
 [304 356]]",[0. 1. 0. ... 1. 0. 0.],[1. 1. 1. ... 1. 0. 0.]
490,logistic_regression,"{'penalty': 'l2', 'solver': 'saga'}",0.5304313562453226,0.0846998236681428,0.08598450230770757,0.1560965393863967,0.5431926594862607,0.07830157983560498,0.5339337917917614,0.06781388885979522,0.5339435545385202,0.5339058790671694,"{0: 0.5553146674114416, 1: 0.5553146674114416}","{0: 0.5553146674114416, 1: 0.5553146674114416}",0.5553146674114416,"[[344 307]
 [304 356]]",[0. 1. 0. ... 1. 0. 0.],[1. 1. 1. ... 1. 0. 0.]
913,logistic_regression,"{'penalty': 'l2', 'solver': 'saga'}",0.5304313562453226,0.0846998236681428,0.08598450230770757,0.1560965393863967,0.5431926594862607,0.07830157983560498,0.5339337917917614,0.06781388885979522,0.5339435545385202,0.5339058790671694,"{0: 0.5553146674114416, 1: 0.5553146674114416}","{0: 0.5553146674114416, 1: 0.5553146674114416}",0.5553146674114416,"[[344 307]
 [304 356]]",[0. 1. 0. ... 1. 0. 0.],[1. 1. 1. ... 1. 0. 0.]
465,logistic_regression,"{'penalty': 'l2', 'solver': 'newton-cg'}",0.5304313562453226,0.0846998236681428,0.08598450230770757,0.1560965393863967,0.5431926594862607,0.07830157983560498,0.5339337917917614,0.06781388885979522,0.5339435545385202,0.5339058790671694,"{0: 0.5553146674114415, 1: 0.5553146674114416}","{0: 0.5553146674114415, 1: 0.5553146674114416}",0.5553146674114416,"[[344 307]
 [304 356]]",[0. 1. 0. ... 1. 0. 0.],[1. 1. 1. ... 1. 0. 0.]
122,logistic_regression,"{'penalty': 'l2', 'solver': 'saga'}",0.5304313562453226,0.0846998236681428,0.08598450230770757,0.1560965393863967,0.5431926594862607,0.07830157983560498,0.5339337917917614,0.06781388885979522,0.5339435545385202,0.5339058790671694,"{0: 0.5553100125680771, 1: 0.5553100125680771}","{0: 0.5553100125680771, 1: 0.5553100125680771}",0.5553100125680771,"[[344 307]
 [304 356]]",[0. 1. 0. ... 1. 0. 0.],[1. 1. 1. ... 1. 0. 0.]
76,logistic_regression,"{'penalty': 'l2', 'solver': 'sag'}",0.5304313562453226,0.0846998236681428,0.08598450230770757,0.1560965393863967,0.5431926594862607,0.07830157983560498,0.5339337917917614,0.06781388885979522,0.5339435545385202,0.5339058790671694,"{0: 0.5553169948331238, 1: 0.5553169948331239}","{0: 0.5553169948331238, 1: 0.5553169948331239}",0.5553169948331239,"[[344 307]
 [304 356]]",[0. 1. 0. ... 1. 0. 0.],[1. 1. 1. ... 1. 0. 0.]
94,logistic_regression,"{'penalty': 'l2', 'solver': 'newton-cg'}",0.5304313562453226,0.0846998236681428,0.08598450230770757,0.1560965393863967,0.5431926594862607,0.07830157983560498,0.5339337917917614,0.06781388885979522,0.5339435545385202,0.5339058790671694,"{0: 0.5553146674114415, 1: 0.5553146674114416}","{0: 0.5553146674114415, 1: 0.5553146674114416}",0.5553146674114416,"[[344 307]
 [304 356]]",[0. 1. 0. ... 1. 0. 0.],[1. 1. 1. ... 1. 0. 0.]
771,logistic_regression,"{'penalty': 'l2', 'solver': 'saga'}",0.5304313562453226,0.0846998236681428,0.08598450230770757,0.1560965393863967,0.5431926594862607,0.07830157983560498,0.5339337917917614,0.06781388885979522,0.5339435545385202,0.5339058790671694,"{0: 0.5553169948331239, 1: 0.5553169948331239}","{0: 0.5553169948331239, 1: 0.5553169948331239}",0.5553169948331239,"[[344 307]
 [304 356]]",[0. 1. 0. ... 1. 0. 0.],[1. 1. 1. ... 1. 0. 0.]
442,logistic_regression,"{'penalty': 'l2', 'solver': 'saga'}",0.5304313562453226,0.0846998236681428,0.08598450230770757,0.1560965393863967,0.5431926594862607,0.07830157983560498,0.5339337917917614,0.06781388885979522,0.5339435545385202,0.5339058790671694,"{0: 0.555300702881348, 1: 0.5553007028813481}","{0: 0.555300702881348, 1: 0.5553007028813481}",0.5553007028813481,"[[344 307]
 [304 356]]",[0. 1. 0. ... 1. 0. 0.],[1. 1. 1. ... 1. 0. 0.]
212,logistic_regression,"{'penalty': 'l2', 'solver': 'sag'}",0.5304313562453226,0.0846998236681428,0.08598450230770757,0.1560965393863967,0.5431926594862607,0.07830157983560498,0.5339337917917614,0.06781388885979522,0.5339435545385202,0.5339058790671694,"{0: 0.5553053577247127, 1: 0.5553053577247126}","{0: 0.5553053577247127, 1: 0.5553053577247126}",0.5553053577247126,"[[344 307]
 [304 356]]",[0. 1. 0. ... 1. 0. 0.],[1. 1. 1. ... 1. 0. 0.]
345,randomforest,"{'criterion': 'gini', 'max_features': None, 'n_estimators': 133}",0.5387305161018903,0.12042621777809545,0.0857687471783995,0.23710923659436578,0.5432063062691213,0.11887718894241267,0.5188665589319899,0.03972820485947359,0.5202135774218154,0.5198505795279988,"{0: 0.5257377926732766, 1: 0.5257377926732765}","{0: 0.5257377926732766, 1: 0.5257377926732765}",0.5257377926732765,"[[304 347]
 [282 378]]",[1. 1. 0. ... 0. 1. 0.],[1. 1. 1. ... 1. 0. 0.]
983,AdaBoost,"{'algorithm': 'SAMME', 'learning_rate': 1.6510204081632653, 'n_estimators': 63}",0.5389103775579367,0.08751362460496095,0.08574992177751029,0.17557816061347026,0.5433181136150365,0.08750258127775229,0.534389307056722,0.0690763052208836,0.5347063310450039,0.5345273006563329,"{0: 0.5596972024391379, 1: 0.559697202439138}","{0: 0.5596972024391379, 1: 0.559697202439138}",0.559697202439138,"[[331 320]
 [290 370]]",[1. 1. 0. ... 0. 0. 0.],[1. 1. 1. ... 1. 0. 0.]
718,AdaBoost,"{'algorithm': 'SAMME', 'learning_rate': 1.6510204081632653, 'n_estimators': 63}",0.5389103775579367,0.08751362460496095,0.08574992177751029,0.17557816061347026,0.5433181136150365,0.08750258127775229,0.534389307056722,0.0690763052208836,0.5347063310450039,0.5345273006563329,"{0: 0.5596972024391379, 1: 0.559697202439138}","{0: 0.5596972024391379, 1: 0.559697202439138}",0.559697202439138,"[[331 320]
 [290 370]]",[1. 1. 0. ... 0. 0. 0.],[1. 1. 1. ... 1. 0. 0.]
742,AdaBoost,"{'algorithm': 'SAMME', 'learning_rate': 1.1612244897959183, 'n_estimators': 30}",0.5272092234973725,0.08005095260624105,0.08536189565210978,0.15200857998492973,0.5431479569355989,0.07728166474176253,0.5315772834696462,0.0634820911254913,0.5316552250190694,0.531748359167714,"{0: 0.5461294977424009, 1: 0.5461294977424009}","{0: 0.5461294977424009, 1: 0.5461294977424009}",0.5461294977424009,"[[355 296]
 [318 342]]",[1. 0. 0. ... 1. 0. 0.],[1. 1. 1. ... 1. 0. 0.]
83,AdaBoost,"{'algorithm': 'SAMME.R', 'learning_rate': 1.3244897959183672, 'n_estimators': 74}",0.5363309311957423,0.0975954274436059,0.08311075230409404,0.19585131570333597,0.5417326396500391,0.09762474469023703,0.5244774870222821,0.05048451440268842,0.5255530129672006,0.5252269236140203,"{0: 0.5508681282874831, 1: 0.5508681282874831}","{0: 0.5508681282874831, 1: 0.5508681282874831}",0.5508681282874831,"[[311 340]
 [282 378]]",[0. 0. 0. ... 0. 1. 0.],[1. 1. 1. ... 1. 0. 0.]
544,AdaBoost,"{'algorithm': 'SAMME', 'learning_rate': 2.059183673469388, 'n_estimators': 85}",0.5282815325239979,0.07415829962635466,0.08304728890926104,0.1509823737220384,0.5415561714430713,0.07549632826544966,0.53321613723141,0.07348746382118065,0.5362318840579711,0.5367860633989666,"{0: 0.5314830330959363, 1: 0.5314830330959364}","{0: 0.5314830330959363, 1: 0.5314830330959364}",0.5314830330959364,"[[402 249]
 [359 301]]",[1. 1. 0. ... 1. 1. 0.],[1. 1. 1. ... 1. 0. 0.]
795,AdaBoost,"{'algorithm': 'SAMME', 'learning_rate': 2.059183673469388, 'n_estimators': 85}",0.5282815325239979,0.07415829962635466,0.08304728890926104,0.1509823737220384,0.5415561714430713,0.07549632826544966,0.53321613723141,0.07348746382118065,0.5362318840579711,0.5367860633989666,"{0: 0.5314830330959363, 1: 0.5314830330959364}","{0: 0.5314830330959363, 1: 0.5314830330959364}",0.5314830330959364,"[[402 249]
 [359 301]]",[1. 1. 0. ... 1. 1. 0.],[1. 1. 1. ... 1. 0. 0.]
973,AdaBoost,"{'algorithm': 'SAMME', 'learning_rate': 2.059183673469388, 'n_estimators': 85}",0.5282815325239979,0.07415829962635466,0.08304728890926104,0.1509823737220384,0.5415561714430713,0.07549632826544966,0.53321613723141,0.07348746382118065,0.5362318840579711,0.5367860633989666,"{0: 0.5314830330959363, 1: 0.5314830330959364}","{0: 0.5314830330959363, 1: 0.5314830330959364}",0.5314830330959364,"[[402 249]
 [359 301]]",[1. 1. 0. ... 1. 1. 0.],[1. 1. 1. ... 1. 0. 0.]
333,AdaBoost,"{'algorithm': 'SAMME', 'learning_rate': 2.059183673469388, 'n_estimators': 85}",0.5282815325239979,0.07415829962635466,0.08304728890926104,0.1509823737220384,0.5415561714430713,0.07549632826544966,0.53321613723141,0.07348746382118065,0.5362318840579711,0.5367860633989666,"{0: 0.5314830330959363, 1: 0.5314830330959364}","{0: 0.5314830330959363, 1: 0.5314830330959364}",0.5314830330959364,"[[402 249]
 [359 301]]",[1. 1. 0. ... 1. 1. 0.],[1. 1. 1. ... 1. 0. 0.]
874,AdaBoost,"{'algorithm': 'SAMME', 'learning_rate': 2.059183673469388, 'n_estimators': 85}",0.5282815325239979,0.07415829962635466,0.08304728890926104,0.1509823737220384,0.5415561714430713,0.07549632826544966,0.53321613723141,0.07348746382118065,0.5362318840579711,0.5367860633989666,"{0: 0.5314830330959363, 1: 0.5314830330959364}","{0: 0.5314830330959363, 1: 0.5314830330959364}",0.5314830330959364,"[[402 249]
 [359 301]]",[1. 1. 0. ... 1. 1. 0.],[1. 1. 1. ... 1. 0. 0.]
422,AdaBoost,"{'algorithm': 'SAMME', 'learning_rate': 2.059183673469388, 'n_estimators': 85}",0.5282815325239979,0.07415829962635466,0.08304728890926104,0.1509823737220384,0.5415561714430713,0.07549632826544966,0.53321613723141,0.07348746382118065,0.5362318840579711,0.5367860633989666,"{0: 0.5314830330959363, 1: 0.5314830330959364}","{0: 0.5314830330959363, 1: 0.5314830330959364}",0.5314830330959364,"[[402 249]
 [359 301]]",[1. 1. 0. ... 1. 1. 0.],[1. 1. 1. ... 1. 0. 0.]
434,SVC,"{'C': 1, 'gamma': 1, 'kernel': 'rbf'}",0.5360328950836878,0.11581746582446494,0.08271052777757447,0.22647856337061423,0.5423639723819007,0.11374956494318915,0.5223406914349595,0.04475871220057259,0.5225019069412662,0.5223746683424102,"{0: 0.5121293580971, 1: 0.5121293580971}","{0: 0.5121293580971, 1: 0.5121293580971}",0.5121293580971,"[[328 323]
 [303 357]]",[1. 1. 0. ... 0. 1. 0.],[1. 1. 1. ... 1. 0. 0.]
532,SVC,"{'C': 100, 'gamma': 0.001, 'kernel': 'rbf'}",0.5275857657835263,0.09213455355689566,0.08269519829426095,0.1720073202029247,0.541661360919978,0.08646327581036806,0.5326950609904809,0.06594581002074551,0.5331807780320366,0.5329597821533305,"{0: 0.5457885304659498, 1: 0.5457885304659499}","{0: 0.5457885304659498, 1: 0.5457885304659499}",0.5457885304659499,"[[326 325]
 [287 373]]",[0. 1. 0. ... 1. 1. 0.],[1. 1. 1. ... 1. 0. 0.]
391,SVC,"{'C': 0.1, 'gamma': 0.1, 'kernel': 'rbf'}",0.5249297640518469,0.11767416357563061,0.08266997377476898,0.22205935553602696,0.5405748810318725,0.11220327032530351,0.5232372740756831,0.05201445272174321,0.5255530129672006,0.5260333752269236,"{0: 0.537414467253177, 1: 0.5374144672531769}","{0: 0.537414467253177, 1: 0.5374144672531769}",0.5374144672531769,"[[388 263]
 [359 301]]",[0. 0. 0. ... 1. 0. 1.],[1. 1. 1. ... 1. 0. 0.]
227,AdaBoost,"{'algorithm': 'SAMME.R', 'learning_rate': 1.4061224489795918, 'n_estimators': 96}",0.536443408000173,0.10099306103025235,0.08255483363927933,0.19836996429245862,0.5412497467552181,0.09983941712331695,0.5284943705550951,0.057005782284421325,0.528604118993135,0.5284981147884373,"{0: 0.5474887120048411, 1: 0.5474887120048411}","{0: 0.5474887120048411, 1: 0.5474887120048411}",0.5474887120048411,"[[334 317]
 [301 359]]",[0. 0. 0. ... 0. 1. 0.],[1. 1. 1. ... 1. 0. 0.]
646,AdaBoost,"{'algorithm': 'SAMME.R', 'learning_rate': 1.1612244897959183, 'n_estimators': 96}",0.5338376514569735,0.08938620844539452,0.08183514731747059,0.17492809821254673,0.5410036425175273,0.08791866772441402,0.5361074625057104,0.07343134891941827,0.5369946605644547,0.5366952939533585,"{0: 0.5495833915188755, 1: 0.5495833915188754}","{0: 0.5495833915188755, 1: 0.5495833915188754}",0.5495833915188754,"[[321 330]
 [277 383]]",[0. 0. 0. ... 0. 1. 0.],[1. 1. 1. ... 1. 0. 0.]
174,SVC,"{'C': 0.1, 'gamma': 1, 'kernel': 'rbf'}",0.512915411790835,0.11041136369240245,0.08136670818321004,0.19970940630289039,0.5392097473440078,0.10205729252488745,0.5063256933890095,0.04737329628159326,0.5225019069412662,0.5237466834241027,"{0: 0.5232683982683981, 1: 0.5232683982683983}","{0: 0.5232683982683981, 1: 0.5232683982683983}",0.5232683982683983,"[[459 192]
 [434 226]]",[0. 0. 0. ... 0. 0. 0.],[1. 1. 1. ... 1. 0. 0.]
127,knn,{'n_neighbors': 43},0.5333205741490379,0.12327340951614954,0.08058421422680279,0.23917772625696287,0.5405203502260371,0.11991387645952564,0.5255154643238812,0.050981788726886745,0.5255530129672006,0.5254887585532746,"{0: 0.5536365963785319, 1: 0.5536365963785319}","{0: 0.5536365963785319, 1: 0.5536365963785319}",0.5536365963785319,"[[336 315]
 [307 353]]",[1. 0. 0. ... 0. 1. 0.],[1. 1. 1. ... 1. 0. 0.]
283,knn,{'n_neighbors': 43},0.5333205741490379,0.12327340951614954,0.08058421422680279,0.23917772625696287,0.5405203502260371,0.11991387645952564,0.5255154643238812,0.050981788726886745,0.5255530129672006,0.5254887585532746,"{0: 0.5536365963785319, 1: 0.5536365963785319}","{0: 0.5536365963785319, 1: 0.5536365963785319}",0.5536365963785319,"[[336 315]
 [307 353]]",[1. 0. 0. ... 0. 1. 0.],[1. 1. 1. ... 1. 0. 0.]
727,knn,{'n_neighbors': 43},0.5333205741490379,0.12327340951614954,0.08058421422680279,0.23917772625696287,0.5405203502260371,0.11991387645952564,0.5255154643238812,0.050981788726886745,0.5255530129672006,0.5254887585532746,"{0: 0.5536365963785319, 1: 0.5536365963785319}","{0: 0.5536365963785319, 1: 0.5536365963785319}",0.5536365963785319,"[[336 315]
 [307 353]]",[1. 0. 0. ... 0. 1. 0.],[1. 1. 1. ... 1. 0. 0.]
463,AdaBoost,"{'algorithm': 'SAMME', 'learning_rate': 1.1612244897959183, 'n_estimators': 52}",0.5272879622714729,0.08071368154468064,0.07880832046357454,0.152789495345051,0.5399685562879726,0.07742506276839732,0.5316306971588077,0.06320743518305161,0.5316552250190694,0.5316017316017316,"{0: 0.5520260205744076, 1: 0.5520260205744076}","{0: 0.5520260205744076, 1: 0.5520260205744076}",0.5520260205744076,"[[341 310]
 [304 356]]",[1. 0. 0. ... 1. 0. 0.],[1. 1. 1. ... 1. 0. 0.]
271,AdaBoost,"{'algorithm': 'SAMME', 'learning_rate': 1.1612244897959183, 'n_estimators': 52}",0.5272879622714729,0.08071368154468064,0.07880832046357454,0.152789495345051,0.5399685562879726,0.07742506276839732,0.5316306971588077,0.06320743518305161,0.5316552250190694,0.5316017316017316,"{0: 0.5520260205744076, 1: 0.5520260205744076}","{0: 0.5520260205744076, 1: 0.5520260205744076}",0.5520260205744076,"[[341 310]
 [304 356]]",[1. 0. 0. ... 1. 0. 0.],[1. 1. 1. ... 1. 0. 0.]
95,randomforest,"{'criterion': 'entropy', 'max_features': 'sqrt', 'n_estimators': 71}",0.5342153941907609,0.09244412500230076,0.07769475720350902,0.18346733197047102,0.5388211838018134,0.0920484082227334,0.5171754907822644,0.03663449008325392,0.5186880244088482,0.5183040078201369,"{0: 0.5273204394172135, 1: 0.5273204394172136}","{0: 0.5273204394172135, 1: 0.5273204394172136}",0.5273204394172136,"[[301 350]
 [281 379]]",[1. 1. 0. ... 0. 1. 0.],[1. 1. 1. ... 1. 0. 0.]
618,randomforest,"{'criterion': 'gini', 'max_features': 'log2', 'n_estimators': 35}",0.5351418064434627,0.09656630106661464,0.07682784271746425,0.1908617831585856,0.5386972757992308,0.09596736511947798,0.5195884073676231,0.03994956533280247,0.5202135774218154,0.5199657869012708,"{0: 0.5310443141088302, 1: 0.5310443141088302}","{0: 0.5310443141088302, 1: 0.5310443141088302}",0.5310443141088302,"[[315 336]
 [293 367]]",[1. 1. 0. ... 0. 0. 0.],[1. 1. 1. ... 1. 0. 0.]
686,AdaBoost,"{'algorithm': 'SAMME', 'learning_rate': 1.8959183673469386, 'n_estimators': 74}",0.5306042972413149,0.09596193727385201,0.0755077613982574,0.18725017008422679,0.5379327274553742,0.09342866301473192,0.5300554993366667,0.061239245931530295,0.5308924485125858,0.5306032677000418,"{0: 0.5547956523762976, 1: 0.5547956523762976}","{0: 0.5547956523762976, 1: 0.5547956523762976}",0.5547956523762976,"[[318 333]
 [282 378]]",[0. 0. 0. ... 1. 1. 0.],[1. 1. 1. ... 1. 0. 0.]
247,AdaBoost,"{'algorithm': 'SAMME', 'learning_rate': 1.5693877551020408, 'n_estimators': 30}",0.5299250532720609,0.09867384103233613,0.0751954364914208,0.19574076756057743,0.537862424230705,0.09799243696574939,0.5250112048576498,0.05066359318245317,0.5255530129672006,0.5253211841921519,"{0: 0.5540694968114324, 1: 0.5540694968114322}","{0: 0.5540694968114324, 1: 0.5540694968114322}",0.5540694968114322,"[[320 331]
 [291 369]]",[0. 1. 0. ... 0. 0. 0.],[1. 1. 1. ... 1. 0. 0.]
800,AdaBoost,"{'algorithm': 'SAMME', 'learning_rate': 1.5693877551020408, 'n_estimators': 30}",0.5299250532720609,0.09867384103233613,0.0751954364914208,0.19574076756057743,0.537862424230705,0.09799243696574939,0.5250112048576498,0.05066359318245317,0.5255530129672006,0.5253211841921519,"{0: 0.5540694968114324, 1: 0.5540694968114322}","{0: 0.5540694968114324, 1: 0.5540694968114322}",0.5540694968114322,"[[320 331]
 [291 369]]",[0. 1. 0. ... 0. 0. 0.],[1. 1. 1. ... 1. 0. 0.]
755,naive_bayes,{},0.5084902671938027,0.10391428298727001,0.0743800603106467,0.1869621418420048,0.5381956649626839,0.09236152347188575,0.5011632819654016,0.0452501995714466,0.5240274599542334,0.52255969836615,"{0: 0.5418528604012475, 1: 0.5418528604012475}","{0: 0.5418528604012475, 1: 0.5418528604012475}",0.5418528604012475,"[[201 450]
 [174 486]]",[0. 1. 0. ... 1. 1. 1.],[1. 1. 1. ... 1. 0. 0.]
869,naive_bayes,{},0.5084902671938027,0.10391428298727001,0.0743800603106467,0.1869621418420048,0.5381956649626839,0.09236152347188575,0.5011632819654016,0.0452501995714466,0.5240274599542334,0.52255969836615,"{0: 0.5418528604012475, 1: 0.5418528604012475}","{0: 0.5418528604012475, 1: 0.5418528604012475}",0.5418528604012475,"[[201 450]
 [174 486]]",[0. 1. 0. ... 1. 1. 1.],[1. 1. 1. ... 1. 0. 0.]
953,naive_bayes,{},0.5084902671938027,0.10391428298727001,0.0743800603106467,0.1869621418420048,0.5381956649626839,0.09236152347188575,0.5011632819654016,0.0452501995714466,0.5240274599542334,0.52255969836615,"{0: 0.5418528604012475, 1: 0.5418528604012475}","{0: 0.5418528604012475, 1: 0.5418528604012475}",0.5418528604012475,"[[201 450]
 [174 486]]",[0. 1. 0. ... 1. 1. 1.],[1. 1. 1. ... 1. 0. 0.]
767,naive_bayes,{},0.5084902671938027,0.10391428298727001,0.0743800603106467,0.1869621418420048,0.5381956649626839,0.09236152347188575,0.5011632819654016,0.0452501995714466,0.5240274599542334,0.52255969836615,"{0: 0.5418528604012475, 1: 0.5418528604012475}","{0: 0.5418528604012475, 1: 0.5418528604012475}",0.5418528604012475,"[[201 450]
 [174 486]]",[0. 1. 0. ... 1. 1. 1.],[1. 1. 1. ... 1. 0. 0.]
881,naive_bayes,{},0.5084902671938027,0.10391428298727001,0.0743800603106467,0.1869621418420048,0.5381956649626839,0.09236152347188575,0.5011632819654016,0.0452501995714466,0.5240274599542334,0.52255969836615,"{0: 0.5418528604012475, 1: 0.5418528604012475}","{0: 0.5418528604012475, 1: 0.5418528604012475}",0.5418528604012475,"[[201 450]
 [174 486]]",[0. 1. 0. ... 1. 1. 1.],[1. 1. 1. ... 1. 0. 0.]
936,naive_bayes,{},0.5084902671938027,0.10391428298727001,0.0743800603106467,0.1869621418420048,0.5381956649626839,0.09236152347188575,0.5011632819654016,0.0452501995714466,0.5240274599542334,0.52255969836615,"{0: 0.5418528604012475, 1: 0.5418528604012475}","{0: 0.5418528604012475, 1: 0.5418528604012475}",0.5418528604012475,"[[201 450]
 [174 486]]",[0. 1. 0. ... 1. 1. 1.],[1. 1. 1. ... 1. 0. 0.]
924,naive_bayes,{},0.5084902671938027,0.10391428298727001,0.0743800603106467,0.1869621418420048,0.5381956649626839,0.09236152347188575,0.5011632819654016,0.0452501995714466,0.5240274599542334,0.52255969836615,"{0: 0.5418528604012475, 1: 0.5418528604012475}","{0: 0.5418528604012475, 1: 0.5418528604012475}",0.5418528604012475,"[[201 450]
 [174 486]]",[0. 1. 0. ... 1. 1. 1.],[1. 1. 1. ... 1. 0. 0.]
826,naive_bayes,{},0.5084902671938027,0.10391428298727001,0.0743800603106467,0.1869621418420048,0.5381956649626839,0.09236152347188575,0.5011632819654016,0.0452501995714466,0.5240274599542334,0.52255969836615,"{0: 0.5418528604012475, 1: 0.5418528604012475}","{0: 0.5418528604012475, 1: 0.5418528604012475}",0.5418528604012475,"[[201 450]
 [174 486]]",[0. 1. 0. ... 1. 1. 1.],[1. 1. 1. ... 1. 0. 0.]
896,naive_bayes,{},0.5084902671938027,0.10391428298727001,0.0743800603106467,0.1869621418420048,0.5381956649626839,0.09236152347188575,0.5011632819654016,0.0452501995714466,0.5240274599542334,0.52255969836615,"{0: 0.5418528604012475, 1: 0.5418528604012475}","{0: 0.5418528604012475, 1: 0.5418528604012475}",0.5418528604012475,"[[201 450]
 [174 486]]",[0. 1. 0. ... 1. 1. 1.],[1. 1. 1. ... 1. 0. 0.]
840,naive_bayes,{},0.5084902671938027,0.10391428298727001,0.0743800603106467,0.1869621418420048,0.5381956649626839,0.09236152347188575,0.5011632819654016,0.0452501995714466,0.5240274599542334,0.52255969836615,"{0: 0.5418528604012475, 1: 0.5418528604012475}","{0: 0.5418528604012475, 1: 0.5418528604012475}",0.5418528604012475,"[[201 450]
 [174 486]]",[0. 1. 0. ... 1. 1. 1.],[1. 1. 1. ... 1. 0. 0.]
965,naive_bayes,{},0.5084902671938027,0.10391428298727001,0.0743800603106467,0.1869621418420048,0.5381956649626839,0.09236152347188575,0.5011632819654016,0.0452501995714466,0.5240274599542334,0.52255969836615,"{0: 0.5418528604012475, 1: 0.5418528604012475}","{0: 0.5418528604012475, 1: 0.5418528604012475}",0.5418528604012475,"[[201 450]
 [174 486]]",[0. 1. 0. ... 1. 1. 1.],[1. 1. 1. ... 1. 0. 0.]
729,naive_bayes,{},0.5084902671938027,0.10391428298727001,0.0743800603106467,0.1869621418420048,0.5381956649626839,0.09236152347188575,0.5011632819654016,0.0452501995714466,0.5240274599542334,0.52255969836615,"{0: 0.5418528604012475, 1: 0.5418528604012475}","{0: 0.5418528604012475, 1: 0.5418528604012475}",0.5418528604012475,"[[201 450]
 [174 486]]",[0. 1. 0. ... 1. 1. 1.],[1. 1. 1. ... 1. 0. 0.]
781,naive_bayes,{},0.5084902671938027,0.10391428298727001,0.0743800603106467,0.1869621418420048,0.5381956649626839,0.09236152347188575,0.5011632819654016,0.0452501995714466,0.5240274599542334,0.52255969836615,"{0: 0.5418528604012475, 1: 0.5418528604012475}","{0: 0.5418528604012475, 1: 0.5418528604012475}",0.5418528604012475,"[[201 450]
 [174 486]]",[0. 1. 0. ... 1. 1. 1.],[1. 1. 1. ... 1. 0. 0.]
853,naive_bayes,{},0.5084902671938027,0.10391428298727001,0.0743800603106467,0.1869621418420048,0.5381956649626839,0.09236152347188575,0.5011632819654016,0.0452501995714466,0.5240274599542334,0.52255969836615,"{0: 0.5418528604012475, 1: 0.5418528604012475}","{0: 0.5418528604012475, 1: 0.5418528604012475}",0.5418528604012475,"[[201 450]
 [174 486]]",[0. 1. 0. ... 1. 1. 1.],[1. 1. 1. ... 1. 0. 0.]
910,naive_bayes,{},0.5084902671938027,0.10391428298727001,0.0743800603106467,0.1869621418420048,0.5381956649626839,0.09236152347188575,0.5011632819654016,0.0452501995714466,0.5240274599542334,0.52255969836615,"{0: 0.5418528604012475, 1: 0.5418528604012475}","{0: 0.5418528604012475, 1: 0.5418528604012475}",0.5418528604012475,"[[201 450]
 [174 486]]",[0. 1. 0. ... 1. 1. 1.],[1. 1. 1. ... 1. 0. 0.]
740,naive_bayes,{},0.5084902671938027,0.10391428298727001,0.0743800603106467,0.1869621418420048,0.5381956649626839,0.09236152347188575,0.5011632819654016,0.0452501995714466,0.5240274599542334,0.52255969836615,"{0: 0.5418528604012475, 1: 0.5418528604012475}","{0: 0.5418528604012475, 1: 0.5418528604012475}",0.5418528604012475,"[[201 450]
 [174 486]]",[0. 1. 0. ... 1. 1. 1.],[1. 1. 1. ... 1. 0. 0.]
981,naive_bayes,{},0.5084902671938027,0.10391428298727001,0.0743800603106467,0.1869621418420048,0.5381956649626839,0.09236152347188575,0.5011632819654016,0.0452501995714466,0.5240274599542334,0.52255969836615,"{0: 0.5418528604012475, 1: 0.5418528604012475}","{0: 0.5418528604012475, 1: 0.5418528604012475}",0.5418528604012475,"[[201 450]
 [174 486]]",[0. 1. 0. ... 1. 1. 1.],[1. 1. 1. ... 1. 0. 0.]
995,naive_bayes,{},0.5084902671938027,0.10391428298727001,0.0743800603106467,0.1869621418420048,0.5381956649626839,0.09236152347188575,0.5011632819654016,0.0452501995714466,0.5240274599542334,0.52255969836615,"{0: 0.5418528604012475, 1: 0.5418528604012475}","{0: 0.5418528604012475, 1: 0.5418528604012475}",0.5418528604012475,"[[201 450]
 [174 486]]",[0. 1. 0. ... 1. 1. 1.],[1. 1. 1. ... 1. 0. 0.]
0,naive_bayes,{},0.5084902671938027,0.10391428298727001,0.0743800603106467,0.1869621418420048,0.5381956649626839,0.09236152347188575,0.5011632819654016,0.0452501995714466,0.5240274599542334,0.52255969836615,"{0: 0.5418528604012475, 1: 0.5418528604012475}","{0: 0.5418528604012475, 1: 0.5418528604012475}",0.5418528604012475,"[[201 450]
 [174 486]]",[0. 1. 0. ... 1. 1. 1.],[1. 1. 1. ... 1. 0. 0.]
500,naive_bayes,{},0.5084902671938027,0.10391428298727001,0.0743800603106467,0.1869621418420048,0.5381956649626839,0.09236152347188575,0.5011632819654016,0.0452501995714466,0.5240274599542334,0.52255969836615,"{0: 0.5418528604012475, 1: 0.5418528604012475}","{0: 0.5418528604012475, 1: 0.5418528604012475}",0.5418528604012475,"[[201 450]
 [174 486]]",[0. 1. 0. ... 1. 1. 1.],[1. 1. 1. ... 1. 0. 0.]
385,naive_bayes,{},0.5084902671938027,0.10391428298727001,0.0743800603106467,0.1869621418420048,0.5381956649626839,0.09236152347188575,0.5011632819654016,0.0452501995714466,0.5240274599542334,0.52255969836615,"{0: 0.5418528604012475, 1: 0.5418528604012475}","{0: 0.5418528604012475, 1: 0.5418528604012475}",0.5418528604012475,"[[201 450]
 [174 486]]",[0. 1. 0. ... 1. 1. 1.],[1. 1. 1. ... 1. 0. 0.]
306,naive_bayes,{},0.5084902671938027,0.10391428298727001,0.0743800603106467,0.1869621418420048,0.5381956649626839,0.09236152347188575,0.5011632819654016,0.0452501995714466,0.5240274599542334,0.52255969836615,"{0: 0.5418528604012475, 1: 0.5418528604012475}","{0: 0.5418528604012475, 1: 0.5418528604012475}",0.5418528604012475,"[[201 450]
 [174 486]]",[0. 1. 0. ... 1. 1. 1.],[1. 1. 1. ... 1. 0. 0.]
715,naive_bayes,{},0.5084902671938027,0.10391428298727001,0.0743800603106467,0.1869621418420048,0.5381956649626839,0.09236152347188575,0.5011632819654016,0.0452501995714466,0.5240274599542334,0.52255969836615,"{0: 0.5418528604012475, 1: 0.5418528604012475}","{0: 0.5418528604012475, 1: 0.5418528604012475}",0.5418528604012475,"[[201 450]
 [174 486]]",[0. 1. 0. ... 1. 1. 1.],[1. 1. 1. ... 1. 0. 0.]
318,naive_bayes,{},0.5084902671938027,0.10391428298727001,0.0743800603106467,0.1869621418420048,0.5381956649626839,0.09236152347188575,0.5011632819654016,0.0452501995714466,0.5240274599542334,0.52255969836615,"{0: 0.5418528604012475, 1: 0.5418528604012475}","{0: 0.5418528604012475, 1: 0.5418528604012475}",0.5418528604012475,"[[201 450]
 [174 486]]",[0. 1. 0. ... 1. 1. 1.],[1. 1. 1. ... 1. 0. 0.]
329,naive_bayes,{},0.5084902671938027,0.10391428298727001,0.0743800603106467,0.1869621418420048,0.5381956649626839,0.09236152347188575,0.5011632819654016,0.0452501995714466,0.5240274599542334,0.52255969836615,"{0: 0.5418528604012475, 1: 0.5418528604012475}","{0: 0.5418528604012475, 1: 0.5418528604012475}",0.5418528604012475,"[[201 450]
 [174 486]]",[0. 1. 0. ... 1. 1. 1.],[1. 1. 1. ... 1. 0. 0.]
43,naive_bayes,{},0.5084902671938027,0.10391428298727001,0.0743800603106467,0.1869621418420048,0.5381956649626839,0.09236152347188575,0.5011632819654016,0.0452501995714466,0.5240274599542334,0.52255969836615,"{0: 0.5418528604012475, 1: 0.5418528604012475}","{0: 0.5418528604012475, 1: 0.5418528604012475}",0.5418528604012475,"[[201 450]
 [174 486]]",[0. 1. 0. ... 1. 1. 1.],[1. 1. 1. ... 1. 0. 0.]
340,naive_bayes,{},0.5084902671938027,0.10391428298727001,0.0743800603106467,0.1869621418420048,0.5381956649626839,0.09236152347188575,0.5011632819654016,0.0452501995714466,0.5240274599542334,0.52255969836615,"{0: 0.5418528604012475, 1: 0.5418528604012475}","{0: 0.5418528604012475, 1: 0.5418528604012475}",0.5418528604012475,"[[201 450]
 [174 486]]",[0. 1. 0. ... 1. 1. 1.],[1. 1. 1. ... 1. 0. 0.]
351,naive_bayes,{},0.5084902671938027,0.10391428298727001,0.0743800603106467,0.1869621418420048,0.5381956649626839,0.09236152347188575,0.5011632819654016,0.0452501995714466,0.5240274599542334,0.52255969836615,"{0: 0.5418528604012475, 1: 0.5418528604012475}","{0: 0.5418528604012475, 1: 0.5418528604012475}",0.5418528604012475,"[[201 450]
 [174 486]]",[0. 1. 0. ... 1. 1. 1.],[1. 1. 1. ... 1. 0. 0.]
39,naive_bayes,{},0.5084902671938027,0.10391428298727001,0.0743800603106467,0.1869621418420048,0.5381956649626839,0.09236152347188575,0.5011632819654016,0.0452501995714466,0.5240274599542334,0.52255969836615,"{0: 0.5418528604012475, 1: 0.5418528604012475}","{0: 0.5418528604012475, 1: 0.5418528604012475}",0.5418528604012475,"[[201 450]
 [174 486]]",[0. 1. 0. ... 1. 1. 1.],[1. 1. 1. ... 1. 0. 0.]
374,naive_bayes,{},0.5084902671938027,0.10391428298727001,0.0743800603106467,0.1869621418420048,0.5381956649626839,0.09236152347188575,0.5011632819654016,0.0452501995714466,0.5240274599542334,0.52255969836615,"{0: 0.5418528604012475, 1: 0.5418528604012475}","{0: 0.5418528604012475, 1: 0.5418528604012475}",0.5418528604012475,"[[201 450]
 [174 486]]",[0. 1. 0. ... 1. 1. 1.],[1. 1. 1. ... 1. 0. 0.]
396,naive_bayes,{},0.5084902671938027,0.10391428298727001,0.0743800603106467,0.1869621418420048,0.5381956649626839,0.09236152347188575,0.5011632819654016,0.0452501995714466,0.5240274599542334,0.52255969836615,"{0: 0.5418528604012475, 1: 0.5418528604012475}","{0: 0.5418528604012475, 1: 0.5418528604012475}",0.5418528604012475,"[[201 450]
 [174 486]]",[0. 1. 0. ... 1. 1. 1.],[1. 1. 1. ... 1. 0. 0.]
558,naive_bayes,{},0.5084902671938027,0.10391428298727001,0.0743800603106467,0.1869621418420048,0.5381956649626839,0.09236152347188575,0.5011632819654016,0.0452501995714466,0.5240274599542334,0.52255969836615,"{0: 0.5418528604012475, 1: 0.5418528604012475}","{0: 0.5418528604012475, 1: 0.5418528604012475}",0.5418528604012475,"[[201 450]
 [174 486]]",[0. 1. 0. ... 1. 1. 1.],[1. 1. 1. ... 1. 0. 0.]
427,naive_bayes,{},0.5084902671938027,0.10391428298727001,0.0743800603106467,0.1869621418420048,0.5381956649626839,0.09236152347188575,0.5011632819654016,0.0452501995714466,0.5240274599542334,0.52255969836615,"{0: 0.5418528604012475, 1: 0.5418528604012475}","{0: 0.5418528604012475, 1: 0.5418528604012475}",0.5418528604012475,"[[201 450]
 [174 486]]",[0. 1. 0. ... 1. 1. 1.],[1. 1. 1. ... 1. 0. 0.]
439,naive_bayes,{},0.5084902671938027,0.10391428298727001,0.0743800603106467,0.1869621418420048,0.5381956649626839,0.09236152347188575,0.5011632819654016,0.0452501995714466,0.5240274599542334,0.52255969836615,"{0: 0.5418528604012475, 1: 0.5418528604012475}","{0: 0.5418528604012475, 1: 0.5418528604012475}",0.5418528604012475,"[[201 450]
 [174 486]]",[0. 1. 0. ... 1. 1. 1.],[1. 1. 1. ... 1. 0. 0.]
452,naive_bayes,{},0.5084902671938027,0.10391428298727001,0.0743800603106467,0.1869621418420048,0.5381956649626839,0.09236152347188575,0.5011632819654016,0.0452501995714466,0.5240274599542334,0.52255969836615,"{0: 0.5418528604012475, 1: 0.5418528604012475}","{0: 0.5418528604012475, 1: 0.5418528604012475}",0.5418528604012475,"[[201 450]
 [174 486]]",[0. 1. 0. ... 1. 1. 1.],[1. 1. 1. ... 1. 0. 0.]
464,naive_bayes,{},0.5084902671938027,0.10391428298727001,0.0743800603106467,0.1869621418420048,0.5381956649626839,0.09236152347188575,0.5011632819654016,0.0452501995714466,0.5240274599542334,0.52255969836615,"{0: 0.5418528604012475, 1: 0.5418528604012475}","{0: 0.5418528604012475, 1: 0.5418528604012475}",0.5418528604012475,"[[201 450]
 [174 486]]",[0. 1. 0. ... 1. 1. 1.],[1. 1. 1. ... 1. 0. 0.]
476,naive_bayes,{},0.5084902671938027,0.10391428298727001,0.0743800603106467,0.1869621418420048,0.5381956649626839,0.09236152347188575,0.5011632819654016,0.0452501995714466,0.5240274599542334,0.52255969836615,"{0: 0.5418528604012475, 1: 0.5418528604012475}","{0: 0.5418528604012475, 1: 0.5418528604012475}",0.5418528604012475,"[[201 450]
 [174 486]]",[0. 1. 0. ... 1. 1. 1.],[1. 1. 1. ... 1. 0. 0.]
488,naive_bayes,{},0.5084902671938027,0.10391428298727001,0.0743800603106467,0.1869621418420048,0.5381956649626839,0.09236152347188575,0.5011632819654016,0.0452501995714466,0.5240274599542334,0.52255969836615,"{0: 0.5418528604012475, 1: 0.5418528604012475}","{0: 0.5418528604012475, 1: 0.5418528604012475}",0.5418528604012475,"[[201 450]
 [174 486]]",[0. 1. 0. ... 1. 1. 1.],[1. 1. 1. ... 1. 0. 0.]
512,naive_bayes,{},0.5084902671938027,0.10391428298727001,0.0743800603106467,0.1869621418420048,0.5381956649626839,0.09236152347188575,0.5011632819654016,0.0452501995714466,0.5240274599542334,0.52255969836615,"{0: 0.5418528604012475, 1: 0.5418528604012475}","{0: 0.5418528604012475, 1: 0.5418528604012475}",0.5418528604012475,"[[201 450]
 [174 486]]",[0. 1. 0. ... 1. 1. 1.],[1. 1. 1. ... 1. 0. 0.]
524,naive_bayes,{},0.5084902671938027,0.10391428298727001,0.0743800603106467,0.1869621418420048,0.5381956649626839,0.09236152347188575,0.5011632819654016,0.0452501995714466,0.5240274599542334,0.52255969836615,"{0: 0.5418528604012475, 1: 0.5418528604012475}","{0: 0.5418528604012475, 1: 0.5418528604012475}",0.5418528604012475,"[[201 450]
 [174 486]]",[0. 1. 0. ... 1. 1. 1.],[1. 1. 1. ... 1. 0. 0.]
536,naive_bayes,{},0.5084902671938027,0.10391428298727001,0.0743800603106467,0.1869621418420048,0.5381956649626839,0.09236152347188575,0.5011632819654016,0.0452501995714466,0.5240274599542334,0.52255969836615,"{0: 0.5418528604012475, 1: 0.5418528604012475}","{0: 0.5418528604012475, 1: 0.5418528604012475}",0.5418528604012475,"[[201 450]
 [174 486]]",[0. 1. 0. ... 1. 1. 1.],[1. 1. 1. ... 1. 0. 0.]
297,naive_bayes,{},0.5084902671938027,0.10391428298727001,0.0743800603106467,0.1869621418420048,0.5381956649626839,0.09236152347188575,0.5011632819654016,0.0452501995714466,0.5240274599542334,0.52255969836615,"{0: 0.5418528604012475, 1: 0.5418528604012475}","{0: 0.5418528604012475, 1: 0.5418528604012475}",0.5418528604012475,"[[201 450]
 [174 486]]",[0. 1. 0. ... 1. 1. 1.],[1. 1. 1. ... 1. 0. 0.]
48,naive_bayes,{},0.5084902671938027,0.10391428298727001,0.0743800603106467,0.1869621418420048,0.5381956649626839,0.09236152347188575,0.5011632819654016,0.0452501995714466,0.5240274599542334,0.52255969836615,"{0: 0.5418528604012475, 1: 0.5418528604012475}","{0: 0.5418528604012475, 1: 0.5418528604012475}",0.5418528604012475,"[[201 450]
 [174 486]]",[0. 1. 0. ... 1. 1. 1.],[1. 1. 1. ... 1. 0. 0.]
285,naive_bayes,{},0.5084902671938027,0.10391428298727001,0.0743800603106467,0.1869621418420048,0.5381956649626839,0.09236152347188575,0.5011632819654016,0.0452501995714466,0.5240274599542334,0.52255969836615,"{0: 0.5418528604012475, 1: 0.5418528604012475}","{0: 0.5418528604012475, 1: 0.5418528604012475}",0.5418528604012475,"[[201 450]
 [174 486]]",[0. 1. 0. ... 1. 1. 1.],[1. 1. 1. ... 1. 0. 0.]
274,naive_bayes,{},0.5084902671938027,0.10391428298727001,0.0743800603106467,0.1869621418420048,0.5381956649626839,0.09236152347188575,0.5011632819654016,0.0452501995714466,0.5240274599542334,0.52255969836615,"{0: 0.5418528604012475, 1: 0.5418528604012475}","{0: 0.5418528604012475, 1: 0.5418528604012475}",0.5418528604012475,"[[201 450]
 [174 486]]",[0. 1. 0. ... 1. 1. 1.],[1. 1. 1. ... 1. 0. 0.]
74,naive_bayes,{},0.5084902671938027,0.10391428298727001,0.0743800603106467,0.1869621418420048,0.5381956649626839,0.09236152347188575,0.5011632819654016,0.0452501995714466,0.5240274599542334,0.52255969836615,"{0: 0.5418528604012475, 1: 0.5418528604012475}","{0: 0.5418528604012475, 1: 0.5418528604012475}",0.5418528604012475,"[[201 450]
 [174 486]]",[0. 1. 0. ... 1. 1. 1.],[1. 1. 1. ... 1. 0. 0.]
82,naive_bayes,{},0.5084902671938027,0.10391428298727001,0.0743800603106467,0.1869621418420048,0.5381956649626839,0.09236152347188575,0.5011632819654016,0.0452501995714466,0.5240274599542334,0.52255969836615,"{0: 0.5418528604012475, 1: 0.5418528604012475}","{0: 0.5418528604012475, 1: 0.5418528604012475}",0.5418528604012475,"[[201 450]
 [174 486]]",[0. 1. 0. ... 1. 1. 1.],[1. 1. 1. ... 1. 0. 0.]
91,naive_bayes,{},0.5084902671938027,0.10391428298727001,0.0743800603106467,0.1869621418420048,0.5381956649626839,0.09236152347188575,0.5011632819654016,0.0452501995714466,0.5240274599542334,0.52255969836615,"{0: 0.5418528604012475, 1: 0.5418528604012475}","{0: 0.5418528604012475, 1: 0.5418528604012475}",0.5418528604012475,"[[201 450]
 [174 486]]",[0. 1. 0. ... 1. 1. 1.],[1. 1. 1. ... 1. 0. 0.]
100,naive_bayes,{},0.5084902671938027,0.10391428298727001,0.0743800603106467,0.1869621418420048,0.5381956649626839,0.09236152347188575,0.5011632819654016,0.0452501995714466,0.5240274599542334,0.52255969836615,"{0: 0.5418528604012475, 1: 0.5418528604012475}","{0: 0.5418528604012475, 1: 0.5418528604012475}",0.5418528604012475,"[[201 450]
 [174 486]]",[0. 1. 0. ... 1. 1. 1.],[1. 1. 1. ... 1. 0. 0.]
109,naive_bayes,{},0.5084902671938027,0.10391428298727001,0.0743800603106467,0.1869621418420048,0.5381956649626839,0.09236152347188575,0.5011632819654016,0.0452501995714466,0.5240274599542334,0.52255969836615,"{0: 0.5418528604012475, 1: 0.5418528604012475}","{0: 0.5418528604012475, 1: 0.5418528604012475}",0.5418528604012475,"[[201 450]
 [174 486]]",[0. 1. 0. ... 1. 1. 1.],[1. 1. 1. ... 1. 0. 0.]
57,naive_bayes,{},0.5084902671938027,0.10391428298727001,0.0743800603106467,0.1869621418420048,0.5381956649626839,0.09236152347188575,0.5011632819654016,0.0452501995714466,0.5240274599542334,0.52255969836615,"{0: 0.5418528604012475, 1: 0.5418528604012475}","{0: 0.5418528604012475, 1: 0.5418528604012475}",0.5418528604012475,"[[201 450]
 [174 486]]",[0. 1. 0. ... 1. 1. 1.],[1. 1. 1. ... 1. 0. 0.]
119,naive_bayes,{},0.5084902671938027,0.10391428298727001,0.0743800603106467,0.1869621418420048,0.5381956649626839,0.09236152347188575,0.5011632819654016,0.0452501995714466,0.5240274599542334,0.52255969836615,"{0: 0.5418528604012475, 1: 0.5418528604012475}","{0: 0.5418528604012475, 1: 0.5418528604012475}",0.5418528604012475,"[[201 450]
 [174 486]]",[0. 1. 0. ... 1. 1. 1.],[1. 1. 1. ... 1. 0. 0.]
129,naive_bayes,{},0.5084902671938027,0.10391428298727001,0.0743800603106467,0.1869621418420048,0.5381956649626839,0.09236152347188575,0.5011632819654016,0.0452501995714466,0.5240274599542334,0.52255969836615,"{0: 0.5418528604012475, 1: 0.5418528604012475}","{0: 0.5418528604012475, 1: 0.5418528604012475}",0.5418528604012475,"[[201 450]
 [174 486]]",[0. 1. 0. ... 1. 1. 1.],[1. 1. 1. ... 1. 0. 0.]
137,naive_bayes,{},0.5084902671938027,0.10391428298727001,0.0743800603106467,0.1869621418420048,0.5381956649626839,0.09236152347188575,0.5011632819654016,0.0452501995714466,0.5240274599542334,0.52255969836615,"{0: 0.5418528604012475, 1: 0.5418528604012475}","{0: 0.5418528604012475, 1: 0.5418528604012475}",0.5418528604012475,"[[201 450]
 [174 486]]",[0. 1. 0. ... 1. 1. 1.],[1. 1. 1. ... 1. 0. 0.]
158,naive_bayes,{},0.5084902671938027,0.10391428298727001,0.0743800603106467,0.1869621418420048,0.5381956649626839,0.09236152347188575,0.5011632819654016,0.0452501995714466,0.5240274599542334,0.52255969836615,"{0: 0.5418528604012475, 1: 0.5418528604012475}","{0: 0.5418528604012475, 1: 0.5418528604012475}",0.5418528604012475,"[[201 450]
 [174 486]]",[0. 1. 0. ... 1. 1. 1.],[1. 1. 1. ... 1. 0. 0.]
168,naive_bayes,{},0.5084902671938027,0.10391428298727001,0.0743800603106467,0.1869621418420048,0.5381956649626839,0.09236152347188575,0.5011632819654016,0.0452501995714466,0.5240274599542334,0.52255969836615,"{0: 0.5418528604012475, 1: 0.5418528604012475}","{0: 0.5418528604012475, 1: 0.5418528604012475}",0.5418528604012475,"[[201 450]
 [174 486]]",[0. 1. 0. ... 1. 1. 1.],[1. 1. 1. ... 1. 0. 0.]
177,naive_bayes,{},0.5084902671938027,0.10391428298727001,0.0743800603106467,0.1869621418420048,0.5381956649626839,0.09236152347188575,0.5011632819654016,0.0452501995714466,0.5240274599542334,0.52255969836615,"{0: 0.5418528604012475, 1: 0.5418528604012475}","{0: 0.5418528604012475, 1: 0.5418528604012475}",0.5418528604012475,"[[201 450]
 [174 486]]",[0. 1. 0. ... 1. 1. 1.],[1. 1. 1. ... 1. 0. 0.]
188,naive_bayes,{},0.5084902671938027,0.10391428298727001,0.0743800603106467,0.1869621418420048,0.5381956649626839,0.09236152347188575,0.5011632819654016,0.0452501995714466,0.5240274599542334,0.52255969836615,"{0: 0.5418528604012475, 1: 0.5418528604012475}","{0: 0.5418528604012475, 1: 0.5418528604012475}",0.5418528604012475,"[[201 450]
 [174 486]]",[0. 1. 0. ... 1. 1. 1.],[1. 1. 1. ... 1. 0. 0.]
198,naive_bayes,{},0.5084902671938027,0.10391428298727001,0.0743800603106467,0.1869621418420048,0.5381956649626839,0.09236152347188575,0.5011632819654016,0.0452501995714466,0.5240274599542334,0.52255969836615,"{0: 0.5418528604012475, 1: 0.5418528604012475}","{0: 0.5418528604012475, 1: 0.5418528604012475}",0.5418528604012475,"[[201 450]
 [174 486]]",[0. 1. 0. ... 1. 1. 1.],[1. 1. 1. ... 1. 0. 0.]
208,naive_bayes,{},0.5084902671938027,0.10391428298727001,0.0743800603106467,0.1869621418420048,0.5381956649626839,0.09236152347188575,0.5011632819654016,0.0452501995714466,0.5240274599542334,0.52255969836615,"{0: 0.5418528604012475, 1: 0.5418528604012475}","{0: 0.5418528604012475, 1: 0.5418528604012475}",0.5418528604012475,"[[201 450]
 [174 486]]",[0. 1. 0. ... 1. 1. 1.],[1. 1. 1. ... 1. 0. 0.]
219,naive_bayes,{},0.5084902671938027,0.10391428298727001,0.0743800603106467,0.1869621418420048,0.5381956649626839,0.09236152347188575,0.5011632819654016,0.0452501995714466,0.5240274599542334,0.52255969836615,"{0: 0.5418528604012475, 1: 0.5418528604012475}","{0: 0.5418528604012475, 1: 0.5418528604012475}",0.5418528604012475,"[[201 450]
 [174 486]]",[0. 1. 0. ... 1. 1. 1.],[1. 1. 1. ... 1. 0. 0.]
229,naive_bayes,{},0.5084902671938027,0.10391428298727001,0.0743800603106467,0.1869621418420048,0.5381956649626839,0.09236152347188575,0.5011632819654016,0.0452501995714466,0.5240274599542334,0.52255969836615,"{0: 0.5418528604012475, 1: 0.5418528604012475}","{0: 0.5418528604012475, 1: 0.5418528604012475}",0.5418528604012475,"[[201 450]
 [174 486]]",[0. 1. 0. ... 1. 1. 1.],[1. 1. 1. ... 1. 0. 0.]
239,naive_bayes,{},0.5084902671938027,0.10391428298727001,0.0743800603106467,0.1869621418420048,0.5381956649626839,0.09236152347188575,0.5011632819654016,0.0452501995714466,0.5240274599542334,0.52255969836615,"{0: 0.5418528604012475, 1: 0.5418528604012475}","{0: 0.5418528604012475, 1: 0.5418528604012475}",0.5418528604012475,"[[201 450]
 [174 486]]",[0. 1. 0. ... 1. 1. 1.],[1. 1. 1. ... 1. 0. 0.]
248,naive_bayes,{},0.5084902671938027,0.10391428298727001,0.0743800603106467,0.1869621418420048,0.5381956649626839,0.09236152347188575,0.5011632819654016,0.0452501995714466,0.5240274599542334,0.52255969836615,"{0: 0.5418528604012475, 1: 0.5418528604012475}","{0: 0.5418528604012475, 1: 0.5418528604012475}",0.5418528604012475,"[[201 450]
 [174 486]]",[0. 1. 0. ... 1. 1. 1.],[1. 1. 1. ... 1. 0. 0.]
547,naive_bayes,{},0.5084902671938027,0.10391428298727001,0.0743800603106467,0.1869621418420048,0.5381956649626839,0.09236152347188575,0.5011632819654016,0.0452501995714466,0.5240274599542334,0.52255969836615,"{0: 0.5418528604012475, 1: 0.5418528604012475}","{0: 0.5418528604012475, 1: 0.5418528604012475}",0.5418528604012475,"[[201 450]
 [174 486]]",[0. 1. 0. ... 1. 1. 1.],[1. 1. 1. ... 1. 0. 0.]
364,naive_bayes,{},0.5084902671938027,0.10391428298727001,0.0743800603106467,0.1869621418420048,0.5381956649626839,0.09236152347188575,0.5011632819654016,0.0452501995714466,0.5240274599542334,0.52255969836615,"{0: 0.5418528604012475, 1: 0.5418528604012475}","{0: 0.5418528604012475, 1: 0.5418528604012475}",0.5418528604012475,"[[201 450]
 [174 486]]",[0. 1. 0. ... 1. 1. 1.],[1. 1. 1. ... 1. 0. 0.]
650,naive_bayes,{},0.5084902671938027,0.10391428298727001,0.0743800603106467,0.1869621418420048,0.5381956649626839,0.09236152347188575,0.5011632819654016,0.0452501995714466,0.5240274599542334,0.52255969836615,"{0: 0.5418528604012475, 1: 0.5418528604012475}","{0: 0.5418528604012475, 1: 0.5418528604012475}",0.5418528604012475,"[[201 450]
 [174 486]]",[0. 1. 0. ... 1. 1. 1.],[1. 1. 1. ... 1. 0. 0.]
12,naive_bayes,{},0.5084902671938027,0.10391428298727001,0.0743800603106467,0.1869621418420048,0.5381956649626839,0.09236152347188575,0.5011632819654016,0.0452501995714466,0.5240274599542334,0.52255969836615,"{0: 0.5418528604012475, 1: 0.5418528604012475}","{0: 0.5418528604012475, 1: 0.5418528604012475}",0.5418528604012475,"[[201 450]
 [174 486]]",[0. 1. 0. ... 1. 1. 1.],[1. 1. 1. ... 1. 0. 0.]
9,naive_bayes,{},0.5084902671938027,0.10391428298727001,0.0743800603106467,0.1869621418420048,0.5381956649626839,0.09236152347188575,0.5011632819654016,0.0452501995714466,0.5240274599542334,0.52255969836615,"{0: 0.5418528604012475, 1: 0.5418528604012475}","{0: 0.5418528604012475, 1: 0.5418528604012475}",0.5418528604012475,"[[201 450]
 [174 486]]",[0. 1. 0. ... 1. 1. 1.],[1. 1. 1. ... 1. 0. 0.]
702,naive_bayes,{},0.5084902671938027,0.10391428298727001,0.0743800603106467,0.1869621418420048,0.5381956649626839,0.09236152347188575,0.5011632819654016,0.0452501995714466,0.5240274599542334,0.52255969836615,"{0: 0.5418528604012475, 1: 0.5418528604012475}","{0: 0.5418528604012475, 1: 0.5418528604012475}",0.5418528604012475,"[[201 450]
 [174 486]]",[0. 1. 0. ... 1. 1. 1.],[1. 1. 1. ... 1. 0. 0.]
673,naive_bayes,{},0.5084902671938027,0.10391428298727001,0.0743800603106467,0.1869621418420048,0.5381956649626839,0.09236152347188575,0.5011632819654016,0.0452501995714466,0.5240274599542334,0.52255969836615,"{0: 0.5418528604012475, 1: 0.5418528604012475}","{0: 0.5418528604012475, 1: 0.5418528604012475}",0.5418528604012475,"[[201 450]
 [174 486]]",[0. 1. 0. ... 1. 1. 1.],[1. 1. 1. ... 1. 0. 0.]
624,naive_bayes,{},0.5084902671938027,0.10391428298727001,0.0743800603106467,0.1869621418420048,0.5381956649626839,0.09236152347188575,0.5011632819654016,0.0452501995714466,0.5240274599542334,0.52255969836615,"{0: 0.5418528604012475, 1: 0.5418528604012475}","{0: 0.5418528604012475, 1: 0.5418528604012475}",0.5418528604012475,"[[201 450]
 [174 486]]",[0. 1. 0. ... 1. 1. 1.],[1. 1. 1. ... 1. 0. 0.]
610,naive_bayes,{},0.5084902671938027,0.10391428298727001,0.0743800603106467,0.1869621418420048,0.5381956649626839,0.09236152347188575,0.5011632819654016,0.0452501995714466,0.5240274599542334,0.52255969836615,"{0: 0.5418528604012475, 1: 0.5418528604012475}","{0: 0.5418528604012475, 1: 0.5418528604012475}",0.5418528604012475,"[[201 450]
 [174 486]]",[0. 1. 0. ... 1. 1. 1.],[1. 1. 1. ... 1. 0. 0.]
637,naive_bayes,{},0.5084902671938027,0.10391428298727001,0.0743800603106467,0.1869621418420048,0.5381956649626839,0.09236152347188575,0.5011632819654016,0.0452501995714466,0.5240274599542334,0.52255969836615,"{0: 0.5418528604012475, 1: 0.5418528604012475}","{0: 0.5418528604012475, 1: 0.5418528604012475}",0.5418528604012475,"[[201 450]
 [174 486]]",[0. 1. 0. ... 1. 1. 1.],[1. 1. 1. ... 1. 0. 0.]
572,naive_bayes,{},0.5084902671938027,0.10391428298727001,0.0743800603106467,0.1869621418420048,0.5381956649626839,0.09236152347188575,0.5011632819654016,0.0452501995714466,0.5240274599542334,0.52255969836615,"{0: 0.5418528604012475, 1: 0.5418528604012475}","{0: 0.5418528604012475, 1: 0.5418528604012475}",0.5418528604012475,"[[201 450]
 [174 486]]",[0. 1. 0. ... 1. 1. 1.],[1. 1. 1. ... 1. 0. 0.]
660,naive_bayes,{},0.5084902671938027,0.10391428298727001,0.0743800603106467,0.1869621418420048,0.5381956649626839,0.09236152347188575,0.5011632819654016,0.0452501995714466,0.5240274599542334,0.52255969836615,"{0: 0.5418528604012475, 1: 0.5418528604012475}","{0: 0.5418528604012475, 1: 0.5418528604012475}",0.5418528604012475,"[[201 450]
 [174 486]]",[0. 1. 0. ... 1. 1. 1.],[1. 1. 1. ... 1. 0. 0.]
16,naive_bayes,{},0.5084902671938027,0.10391428298727001,0.0743800603106467,0.1869621418420048,0.5381956649626839,0.09236152347188575,0.5011632819654016,0.0452501995714466,0.5240274599542334,0.52255969836615,"{0: 0.5418528604012475, 1: 0.5418528604012475}","{0: 0.5418528604012475, 1: 0.5418528604012475}",0.5418528604012475,"[[201 450]
 [174 486]]",[0. 1. 0. ... 1. 1. 1.],[1. 1. 1. ... 1. 0. 0.]
690,naive_bayes,{},0.5084902671938027,0.10391428298727001,0.0743800603106467,0.1869621418420048,0.5381956649626839,0.09236152347188575,0.5011632819654016,0.0452501995714466,0.5240274599542334,0.52255969836615,"{0: 0.5418528604012475, 1: 0.5418528604012475}","{0: 0.5418528604012475, 1: 0.5418528604012475}",0.5418528604012475,"[[201 450]
 [174 486]]",[0. 1. 0. ... 1. 1. 1.],[1. 1. 1. ... 1. 0. 0.]
93,AdaBoost,"{'algorithm': 'SAMME.R', 'learning_rate': 1.4061224489795918, 'n_estimators': 74}",0.5313666646489748,0.09528472754264257,0.07425589593090595,0.1869910707628224,0.5369662890397584,0.09386479070084887,0.5252297524414445,0.05076305220883537,0.5255530129672006,0.5253735511800028,"{0: 0.5416096448354513, 1: 0.5416096448354514}","{0: 0.5416096448354513, 1: 0.5416096448354514}",0.5416096448354514,"[[325 326]
 [296 364]]",[0. 0. 0. ... 0. 1. 0.],[1. 1. 1. ... 1. 0. 0.]
972,randomforest,"{'criterion': 'entropy', 'max_features': 'log2', 'n_estimators': 109}",0.5320799186183133,0.09919878165637525,0.07271451343957276,0.19560319298486156,0.5365732219356234,0.09805062980174543,0.5124124550524078,0.02743334695916788,0.5141113653699466,0.5137061862868315,"{0: 0.5250919331564492, 1: 0.5250919331564493}","{0: 0.5250919331564492, 1: 0.5250919331564493}",0.5250919331564493,"[[296 355]
 [282 378]]",[1. 1. 0. ... 0. 1. 0.],[1. 1. 1. ... 1. 0. 0.]
944,randomforest,"{'criterion': 'entropy', 'max_features': None, 'n_estimators': 181}",0.5326972738165077,0.10299828249883634,0.07231736835576673,0.20360551491425333,0.5368620930080802,0.10210279460258401,0.5125844494901781,0.02747412073380784,0.5141113653699466,0.5137271330819718,"{0: 0.5238630545082158, 1: 0.5238630545082157}","{0: 0.5238630545082158, 1: 0.5238630545082157}",0.5238630545082157,"[[298 353]
 [284 376]]",[1. 1. 0. ... 0. 0. 0.],[1. 1. 1. ... 1. 0. 0.]
747,randomforest,"{'criterion': 'entropy', 'max_features': None, 'n_estimators': 69}",0.5313660239911582,0.10524180990713736,0.07024713915756163,0.2071955087840046,0.5361009441781576,0.10393937108094117,0.509257808692782,0.01997401073105287,0.5102974828375286,0.5099811478843737,"{0: 0.5294756318949867, 1: 0.5294756318949867}","{0: 0.5294756318949867, 1: 0.5294756318949867}",0.5294756318949867,"[[302 349]
 [293 367]]",[1. 1. 0. ... 0. 0. 0.],[1. 1. 1. ... 1. 0. 0.]
138,knn,{'n_neighbors': 9},0.5291480328097715,0.08129151774309805,0.06923536470302932,0.15722205447639864,0.5346523317404589,0.07972614654063308,0.5217246604907158,0.04356340255306668,0.5217391304347826,0.5217846669459573,"{0: 0.5319589908299586, 1: 0.5319589908299586}","{0: 0.5319589908299586, 1: 0.5319589908299586}",0.5319589908299586,"[[344 307]
 [320 340]]",[0. 1. 0. ... 1. 1. 1.],[1. 1. 1. ... 1. 0. 0.]
485,knn,{'n_neighbors': 9},0.5291480328097715,0.08129151774309805,0.06923536470302932,0.15722205447639864,0.5346523317404589,0.07972614654063308,0.5217246604907158,0.04356340255306668,0.5217391304347826,0.5217846669459573,"{0: 0.5319589908299586, 1: 0.5319589908299586}","{0: 0.5319589908299586, 1: 0.5319589908299586}",0.5319589908299586,"[[344 307]
 [320 340]]",[0. 1. 0. ... 1. 1. 1.],[1. 1. 1. ... 1. 0. 0.]
766,knn,{'n_neighbors': 9},0.5291480328097715,0.08129151774309805,0.06923536470302932,0.15722205447639864,0.5346523317404589,0.07972614654063308,0.5217246604907158,0.04356340255306668,0.5217391304347826,0.5217846669459573,"{0: 0.5319589908299586, 1: 0.5319589908299586}","{0: 0.5319589908299586, 1: 0.5319589908299586}",0.5319589908299586,"[[344 307]
 [320 340]]",[0. 1. 0. ... 1. 1. 1.],[1. 1. 1. ... 1. 0. 0.]
37,randomforest,"{'criterion': 'gini', 'max_features': None, 'n_estimators': 419}",0.5305570910866227,0.11637450549511959,0.06909146507272278,0.22913166387143344,0.5347840903368782,0.11466486689827197,0.5139433421637033,0.030486931427114006,0.5156369183829138,0.5152318111995531,"{0: 0.5256028022157054, 1: 0.5256028022157054}","{0: 0.5256028022157054, 1: 0.5256028022157054}",0.5256028022157054,"[[297 354]
 [281 379]]",[1. 1. 0. ... 0. 0. 0.],[1. 1. 1. ... 1. 0. 0.]
368,randomforest,"{'criterion': 'gini', 'max_features': None, 'n_estimators': 377}",0.5306986979591509,0.11665029453910408,0.0689557976356537,0.22850165730037122,0.5350191819422078,0.1142194602405531,0.5108815679411123,0.024379762491221757,0.5125858123569794,0.5121805613741097,"{0: 0.5257459386491644, 1: 0.5257459386491644}","{0: 0.5257459386491644, 1: 0.5257459386491644}",0.5257459386491644,"[[295 356]
 [283 377]]",[1. 1. 0. ... 0. 0. 0.],[1. 1. 1. ... 1. 0. 0.]
254,randomforest,"{'criterion': 'entropy', 'max_features': 'log2', 'n_estimators': 521}",0.5286240190936382,0.11171310469186083,0.06807398836378196,0.2189721124871551,0.5343590089694741,0.1099431179069182,0.510204489520723,0.024236579203924857,0.5125858123569794,0.5121072475911186,"{0: 0.5214844295489456, 1: 0.5214844295489457}","{0: 0.5214844295489456, 1: 0.5214844295489457}",0.5214844295489457,"[[288 363]
 [276 384]]",[1. 1. 0. ... 0. 1. 0.],[1. 1. 1. ... 1. 0. 0.]
707,SVC,"{'C': 1, 'gamma': 1, 'kernel': 'rbf'}",0.522220350141925,0.11647438163794174,0.06693748064589358,0.21645157163691628,0.5343736697512513,0.10874467573744902,0.5102872255689357,0.020671888744606792,0.5102974828375286,0.5103372434017595,"{0: 0.5099648559325979, 1: 0.5099648559325979}","{0: 0.5099648559325979, 1: 0.5099648559325979}",0.5099648559325979,"[[336 315]
 [327 333]]",[1. 1. 0. ... 0. 1. 0.],[1. 1. 1. ... 1. 0. 0.]
483,SVC,"{'C': 1, 'gamma': 0.01, 'kernel': 'rbf'}",0.5202733945594571,0.08951514685256087,0.0663246405414515,0.1667177018055476,0.5334011250704078,0.08400845497376744,0.5230898437820175,0.046274665912416246,0.5232646834477498,0.523132244099986,"{0: 0.5468184145603501, 1: 0.5468184145603501}","{0: 0.5468184145603501, 1: 0.5468184145603501}",0.5468184145603501,"[[328 323]
 [302 358]]",[0. 1. 0. ... 1. 1. 0.],[1. 1. 1. ... 1. 0. 0.]
519,SVC,"{'C': 1, 'gamma': 0.1, 'kernel': 'sigmoid'}",0.5266854034544085,0.08930685849252593,0.06632107559020443,0.17756784722187588,0.5319867556671243,0.08805315142517929,0.5200778833992042,0.04065321564562452,0.5202135774218154,0.5203323558162267,"{0: 0.5194514267094912, 1: 0.5194514267094912}","{0: 0.5194514267094912, 1: 0.5194514267094912}",0.5194514267094912,"[[350 301]
 [328 332]]",[1. 1. 0. ... 0. 0. 1.],[1. 1. 1. ... 1. 0. 0.]
668,randomforest,"{'criterion': 'entropy', 'max_features': None, 'n_estimators': 243}",0.529754794167674,0.1018211084814583,0.066301721148808,0.1996448336827107,0.5336370427726916,0.10040160050792916,0.5118608969611709,0.02595760141980752,0.513348588863463,0.5129695573243961,"{0: 0.523096169063911, 1: 0.5230961690639109}","{0: 0.523096169063911, 1: 0.5230961690639109}",0.5230961690639109,"[[298 353]
 [285 375]]",[1. 1. 0. ... 0. 0. 0.],[1. 1. 1. ... 1. 0. 0.]
105,randomforest,"{'criterion': 'entropy', 'max_features': None, 'n_estimators': 365}",0.5285292139252882,0.11721888808561262,0.0662469653343189,0.22923547791321644,0.5336850175181912,0.11482687617306264,0.5101601958969167,0.022863212029738955,0.5118230358504958,0.511422985616534,"{0: 0.5281222361867524, 1: 0.5281222361867524}","{0: 0.5281222361867524, 1: 0.5281222361867524}",0.5281222361867524,"[[295 356]
 [284 376]]",[1. 1. 0. ... 0. 0. 0.],[1. 1. 1. ... 1. 0. 0.]
135,SVC,"{'C': 100, 'gamma': 0.01, 'kernel': 'rbf'}",0.5238473544082336,0.11053650423826268,0.06547599723797154,0.21310305712090444,0.5324524738977275,0.10696637017471675,0.5208531436694329,0.0421683803460865,0.520976353928299,0.5210899315738025,"{0: 0.5246031746031745, 1: 0.5246031746031746}","{0: 0.5246031746031745, 1: 0.5246031746031746}",0.5246031746031746,"[[350 301]
 [327 333]]",[0. 0. 0. ... 1. 1. 1.],[1. 1. 1. ... 1. 0. 0.]
528,AdaBoost,"{'algorithm': 'SAMME.R', 'learning_rate': 0.9979591836734693, 'n_estimators': 85}",0.5265378249355819,0.0702869362100536,0.065027323863424,0.1373571036059642,0.5324515250805303,0.06871329662911223,0.5274601961333568,0.0553116738434245,0.5278413424866514,0.52764627845273,"{0: 0.5525741283805801, 1: 0.55257412838058}","{0: 0.5525741283805801, 1: 0.55257412838058}",0.55257412838058,"[[325 326]
 [293 367]]",[0. 0. 0. ... 0. 1. 0.],[1. 1. 1. ... 1. 0. 0.]
190,AdaBoost,"{'algorithm': 'SAMME.R', 'learning_rate': 0.9979591836734693, 'n_estimators': 85}",0.5265378249355819,0.0702869362100536,0.065027323863424,0.1373571036059642,0.5324515250805303,0.06871329662911223,0.5274601961333568,0.0553116738434245,0.5278413424866514,0.52764627845273,"{0: 0.5525741283805801, 1: 0.55257412838058}","{0: 0.5525741283805801, 1: 0.55257412838058}",0.55257412838058,"[[325 326]
 [293 367]]",[0. 0. 0. ... 0. 1. 0.],[1. 1. 1. ... 1. 0. 0.]
179,AdaBoost,"{'algorithm': 'SAMME.R', 'learning_rate': 0.9979591836734693, 'n_estimators': 85}",0.5265378249355819,0.0702869362100536,0.065027323863424,0.1373571036059642,0.5324515250805303,0.06871329662911223,0.5274601961333568,0.0553116738434245,0.5278413424866514,0.52764627845273,"{0: 0.5525741283805801, 1: 0.55257412838058}","{0: 0.5525741283805801, 1: 0.55257412838058}",0.55257412838058,"[[325 326]
 [293 367]]",[0. 0. 0. ... 0. 1. 0.],[1. 1. 1. ... 1. 0. 0.]
240,AdaBoost,"{'algorithm': 'SAMME.R', 'learning_rate': 0.9979591836734693, 'n_estimators': 85}",0.5265378249355819,0.0702869362100536,0.065027323863424,0.1373571036059642,0.5324515250805303,0.06871329662911223,0.5274601961333568,0.0553116738434245,0.5278413424866514,0.52764627845273,"{0: 0.5525741283805801, 1: 0.55257412838058}","{0: 0.5525741283805801, 1: 0.55257412838058}",0.55257412838058,"[[325 326]
 [293 367]]",[0. 0. 0. ... 0. 1. 0.],[1. 1. 1. ... 1. 0. 0.]
832,randomforest,"{'criterion': 'entropy', 'max_features': 'sqrt', 'n_estimators': 215}",0.5270966956353172,0.0905825819724969,0.06449269438568805,0.1742412251688693,0.5325277674733967,0.08765501349984761,0.5164389359116842,0.03647291087932625,0.5186880244088482,0.5182202206395754,"{0: 0.5229856165340036, 1: 0.5229856165340037}","{0: 0.5229856165340036, 1: 0.5229856165340037}",0.5229856165340037,"[[293 358]
 [273 387]]",[1. 1. 0. ... 0. 0. 0.],[1. 1. 1. ... 1. 0. 0.]
821,SVC,"{'C': 10, 'gamma': 0.01, 'kernel': 'rbf'}",0.5148514984387821,0.1135049065162761,0.06324328624949577,0.2045994225201453,0.5310321874181082,0.10260477282426803,0.518656655168703,0.03726009796836105,0.5186880244088482,0.5186286831448121,"{0: 0.5292975841362939, 1: 0.5292975841362938}","{0: 0.5292975841362939, 1: 0.5292975841362938}",0.5292975841362938,"[[332 319]
 [312 348]]",[0. 0. 0. ... 1. 1. 1.],[1. 1. 1. ... 1. 0. 0.]
457,randomforest,"{'criterion': 'gini', 'max_features': None, 'n_estimators': 235}",0.5277391288595663,0.11943449002494079,0.06272416078552673,0.23373532579054215,0.5317413442932134,0.11713788713226668,0.504292601491064,0.010711216383339939,0.505720823798627,0.5053519061583578,"{0: 0.5199425126844482, 1: 0.5199425126844481}","{0: 0.5199425126844482, 1: 0.5199425126844481}",0.5199425126844481,"[[294 357]
 [291 369]]",[1. 1. 0. ... 0. 0. 0.],[1. 1. 1. ... 1. 0. 0.]
183,randomforest,"{'criterion': 'entropy', 'max_features': 'log2', 'n_estimators': 179}",0.5259465499637159,0.10995058712396069,0.06250516197950398,0.21381181774272542,0.5314433272007315,0.10722892085824996,0.5061003244420842,0.016549950378104916,0.5087719298245614,0.5082670018153889,"{0: 0.5155239026206768, 1: 0.5155239026206768}","{0: 0.5155239026206768, 1: 0.5155239026206768}",0.5155239026206768,"[[283 368]
 [276 384]]",[1. 1. 0. ... 0. 0. 0.],[1. 1. 1. ... 1. 0. 0.]
289,randomforest,"{'criterion': 'entropy', 'max_features': 'sqrt', 'n_estimators': 399}",0.5250691886537419,0.10022920570234026,0.06230045514776308,0.19307565913202837,0.5313628841987558,0.09695444507207138,0.5093851669500375,0.022699317902269867,0.5118230358504958,0.5113391984359726,"{0: 0.5215286505609086, 1: 0.5215286505609087}","{0: 0.5215286505609086, 1: 0.5215286505609087}",0.5215286505609087,"[[287 364]
 [276 384]]",[1. 1. 0. ... 0. 1. 0.],[1. 1. 1. ... 1. 0. 0.]
86,randomforest,"{'criterion': 'gini', 'max_features': None, 'n_estimators': 283}",0.5261196971185512,0.1210698430285557,0.06134388445808789,0.2371010734085485,0.5310447858886741,0.1188312147586658,0.5060101081140028,0.015157073825221912,0.5080091533180778,0.5075722664432342,"{0: 0.5233719685332588, 1: 0.5233719685332587}","{0: 0.5233719685332588, 1: 0.5233719685332587}",0.5233719685332587,"[[289 362]
 [283 377]]",[1. 1. 0. ... 0. 0. 0.],[1. 1. 1. ... 1. 0. 0.]
962,SVC,"{'C': 10, 'gamma': 1, 'kernel': 'rbf'}",0.5267292357081442,0.08294674614917064,0.061233453463475335,0.16552783224676032,0.5313783248208866,0.08297627021123194,0.5102974828375286,0.02054880603267706,0.5102974828375286,0.5102744030163385,"{0: 0.5053216496764884, 1: 0.5053216496764883}","{0: 0.5053216496764884, 1: 0.5053216496764883}",0.5053216496764883,"[[330 321]
 [321 339]]",[1. 1. 0. ... 0. 1. 0.],[1. 1. 1. ... 1. 0. 0.]
114,randomforest,"{'criterion': 'gini', 'max_features': 'sqrt', 'n_estimators': 201}",0.5259396868839495,0.09628158742174135,0.061097872261673736,0.1884218038306473,0.5309524497691813,0.0946779316269664,0.5124124550524078,0.02743334695916788,0.5141113653699466,0.5137061862868315,"{0: 0.5235954010147559, 1: 0.5235954010147559}","{0: 0.5235954010147559, 1: 0.5235954010147559}",0.5235954010147559,"[[296 355]
 [282 378]]",[1. 1. 0. ... 0. 1. 0.],[1. 1. 1. ... 1. 0. 0.]
49,knn,{'n_neighbors': 5},0.5273906596114682,0.11108751772881441,0.06098494700964871,0.21911844686078405,0.5312390362829386,0.10987342875131939,0.5140576485582821,0.02837027961898375,0.5141113653699466,0.5141879625750594,"{0: 0.5225212959083928, 1: 0.5225212959083927}","{0: 0.5225212959083928, 1: 0.5225212959083927}",0.5225212959083927,"[[342 309]
 [328 332]]",[1. 1. 0. ... 0. 1. 0.],[1. 1. 1. ... 1. 0. 0.]
661,knn,{'n_neighbors': 5},0.5273906596114682,0.11108751772881441,0.06098494700964871,0.21911844686078405,0.5312390362829386,0.10987342875131939,0.5140576485582821,0.02837027961898375,0.5141113653699466,0.5141879625750594,"{0: 0.5225212959083928, 1: 0.5225212959083927}","{0: 0.5225212959083928, 1: 0.5225212959083927}",0.5225212959083927,"[[342 309]
 [328 332]]",[1. 1. 0. ... 0. 1. 0.],[1. 1. 1. ... 1. 0. 0.]
383,knn,{'n_neighbors': 5},0.5273906596114682,0.11108751772881441,0.06098494700964871,0.21911844686078405,0.5312390362829386,0.10987342875131939,0.5140576485582821,0.02837027961898375,0.5141113653699466,0.5141879625750594,"{0: 0.5225212959083928, 1: 0.5225212959083927}","{0: 0.5225212959083928, 1: 0.5225212959083927}",0.5225212959083927,"[[342 309]
 [328 332]]",[1. 1. 0. ... 0. 1. 0.],[1. 1. 1. ... 1. 0. 0.]
957,AdaBoost,"{'algorithm': 'SAMME', 'learning_rate': 1.8959183673469386, 'n_estimators': 96}",0.5260878480071551,0.06732393001287482,0.060671157727741204,0.13575701148689126,0.5301247980841423,0.06693576511169419,0.5299710318273724,0.060018157692576235,0.5301296720061022,0.5300027929060187,"{0: 0.5527649769585253, 1: 0.5527649769585253}","{0: 0.5527649769585253, 1: 0.5527649769585253}",0.5527649769585253,"[[333 318]
 [298 362]]",[1. 0. 0. ... 0. 1. 0.],[1. 1. 1. ... 1. 0. 0.]
328,knn,{'n_neighbors': 7},0.5254035046331827,0.10435765328343859,0.060400324688322876,0.20554636816341165,0.5303744474296399,0.10361226235466657,0.5087759312820719,0.01751813605356689,0.5087719298245614,0.508759251501187,"{0: 0.5226702508960573, 1: 0.5226702508960573}","{0: 0.5226702508960573, 1: 0.5226702508960573}",0.5226702508960573,"[[330 321]
 [323 337]]",[0. 1. 0. ... 1. 1. 0.],[1. 1. 1. ... 1. 0. 0.]
688,knn,{'n_neighbors': 7},0.5254035046331827,0.10435765328343859,0.060400324688322876,0.20554636816341165,0.5303744474296399,0.10361226235466657,0.5087759312820719,0.01751813605356689,0.5087719298245614,0.508759251501187,"{0: 0.5226702508960573, 1: 0.5226702508960573}","{0: 0.5226702508960573, 1: 0.5226702508960573}",0.5226702508960573,"[[330 321]
 [323 337]]",[0. 1. 0. ... 1. 1. 0.],[1. 1. 1. ... 1. 0. 0.]
26,knn,{'n_neighbors': 7},0.5254035046331827,0.10435765328343859,0.060400324688322876,0.20554636816341165,0.5303744474296399,0.10361226235466657,0.5087759312820719,0.01751813605356689,0.5087719298245614,0.508759251501187,"{0: 0.5226702508960573, 1: 0.5226702508960573}","{0: 0.5226702508960573, 1: 0.5226702508960573}",0.5226702508960573,"[[330 321]
 [323 337]]",[0. 1. 0. ... 1. 1. 0.],[1. 1. 1. ... 1. 0. 0.]
708,randomforest,"{'criterion': 'gini', 'max_features': None, 'n_estimators': 409}",0.524960511391043,0.08797557624699204,0.059981033729486315,0.16677498894225068,0.5304481192569294,0.08426923143894705,0.5087755276060056,0.021203067945559595,0.5110602593440122,0.510592096075967,"{0: 0.5252967462644882, 1: 0.5252967462644882}","{0: 0.5252967462644882, 1: 0.5252967462644882}",0.5252967462644882,"[[288 363]
 [278 382]]",[1. 1. 0. ... 0. 0. 0.],[1. 1. 1. ... 1. 0. 0.]
566,randomforest,"{'criterion': 'gini', 'max_features': None, 'n_estimators': 423}",0.5256483555376987,0.10059929301928594,0.05939318407682515,0.19781288967659266,0.5300299400952384,0.09892600464432955,0.5094383801946436,0.02134669335876771,0.5110602593440122,0.5106654098589583,"{0: 0.523783922171019, 1: 0.523783922171019}","{0: 0.523783922171019, 1: 0.523783922171019}",0.523783922171019,"[[295 356]
 [285 375]]",[1. 1. 0. ... 0. 0. 0.],[1. 1. 1. ... 1. 0. 0.]
357,randomforest,"{'criterion': 'entropy', 'max_features': 'log2', 'n_estimators': 513}",0.5244210953956513,0.10380989300917609,0.05901671368306793,0.2045389360462452,0.5298266604424012,0.10259997578228189,0.5065278876531145,0.016632423441933275,0.5087719298245614,0.5083088954056696,"{0: 0.5189789601079924, 1: 0.5189789601079924}","{0: 0.5189789601079924, 1: 0.5189789601079924}",0.5189789601079924,"[[287 364]
 [280 380]]",[1. 1. 0. ... 0. 0. 0.],[1. 1. 1. ... 1. 0. 0.]
369,SVC,"{'C': 10, 'gamma': 0.0001, 'kernel': 'rbf'}",0.507124403517015,0.09758341923312293,0.05824882793888322,0.1656735956883945,0.529443222663333,0.08199137637282876,0.5249351081595007,0.05157783081410772,0.5255530129672006,0.5258029604803798,"{0: 0.543394777265745, 1: 0.543394777265745}","{0: 0.543394777265745, 1: 0.543394777265745}",0.543394777265745,"[[366 285]
 [337 323]]",[0. 0. 0. ... 1. 1. 0.],[1. 1. 1. ... 1. 0. 0.]
670,SVC,"{'C': 0.1, 'gamma': 0.1, 'kernel': 'sigmoid'}",0.516588399422797,0.0884353636618267,0.05806363358308812,0.1712691422088246,0.5294207128077204,0.08515424338344277,0.5209384430794172,0.04182727221942906,0.520976353928299,0.5209118838151097,"{0: 0.5345563934273612, 1: 0.5345563934273612}","{0: 0.5345563934273612, 1: 0.5345563934273612}",0.5345563934273612,"[[333 318]
 [310 350]]",[0. 0. 0. ... 1. 1. 0.],[1. 1. 1. ... 1. 0. 0.]
682,randomforest,"{'criterion': 'gini', 'max_features': 'sqrt', 'n_estimators': 543}",0.5219546056173727,0.09225236123835856,0.056590994963458874,0.1776177964374249,0.5282863499527111,0.08939792237763097,0.5082594410312411,0.019727463312369076,0.5102974828375286,0.5098554671135316,"{0: 0.5181678536517247, 1: 0.5181678536517246}","{0: 0.5181678536517247, 1: 0.5181678536517246}",0.5181678536517246,"[[290 361]
 [281 379]]",[1. 1. 0. ... 0. 1. 0.],[1. 1. 1. ... 1. 0. 0.]
530,randomforest,"{'criterion': 'entropy', 'max_features': None, 'n_estimators': 483}",0.5240492151560044,0.09879862304670242,0.05608188620820557,0.19301879332119126,0.5286191775776277,0.09710287549960588,0.5078197937185216,0.01827259355532962,0.509534706331045,0.5091293115486664,"{0: 0.521979006656426, 1: 0.521979006656426}","{0: 0.521979006656426, 1: 0.521979006656426}",0.521979006656426,"[[293 358]
 [285 375]]",[1. 1. 0. ... 0. 0. 0.],[1. 1. 1. ... 1. 0. 0.]
63,randomforest,"{'criterion': 'gini', 'max_features': None, 'n_estimators': 509}",0.5244739522473769,0.11799778174036482,0.05586972864441646,0.23134565355351558,0.5281263757918171,0.11589427105020192,0.5035681983256938,0.009194920435291576,0.5049580472921434,0.504594330400782,"{0: 0.523873527905786, 1: 0.523873527905786}","{0: 0.523873527905786, 1: 0.523873527905786}",0.523873527905786,"[[294 357]
 [292 368]]",[1. 1. 0. ... 0. 0. 0.],[1. 1. 1. ... 1. 0. 0.]
53,randomforest,"{'criterion': 'entropy', 'max_features': 'sqrt', 'n_estimators': 349}",0.5215590652319277,0.10542684459270125,0.05526809333486733,0.2027910576634505,0.5279993572324643,0.10216654412886673,0.5041774826225985,0.012041162185299714,0.5064836003051106,0.506015221337802,"{0: 0.5219906437648374, 1: 0.5219906437648374}","{0: 0.5219906437648374, 1: 0.5219906437648374}",0.5219906437648374,"[[285 366]
 [281 379]]",[1. 1. 0. ... 0. 1. 0.],[1. 1. 1. ... 1. 0. 0.]
933,SVC,"{'C': 0.1, 'gamma': 0.01, 'kernel': 'rbf'}",0.507738907645373,0.09115024333923105,0.05433594661116763,0.1585603290714314,0.5266470094652607,0.0797268080631936,0.510302611471825,0.020610351255681336,0.5102974828375286,0.5103058232090489,"{0: 0.5320055392636038, 1: 0.5320055392636038}","{0: 0.5320055392636038, 1: 0.5320055392636038}",0.5320055392636038,"[[333 318]
 [324 336]]",[0. 1. 0. ... 1. 1. 1.],[1. 1. 1. ... 1. 0. 0.]
658,SVC,"{'C': 10, 'gamma': 0.01, 'kernel': 'rbf'}",0.5097161773110023,0.09980547367064664,0.054115794852887866,0.1753896900001406,0.5266154516216375,0.08811491362520762,0.5163462229405793,0.03265249118396707,0.5163996948893974,0.5163245356793744,"{0: 0.5254247544570125, 1: 0.5254247544570125}","{0: 0.5254247544570125, 1: 0.5254247544570125}",0.5254247544570125,"[[329 322]
 [312 348]]",[0. 0. 0. ... 1. 1. 1.],[1. 1. 1. ... 1. 0. 0.]
481,randomforest,"{'criterion': 'entropy', 'max_features': 'log2', 'n_estimators': 275}",0.5226904013126604,0.08189193320049354,0.05390490989554478,0.15795349168523304,0.5273884315525758,0.07945463353015719,0.5101601958969167,0.022863212029738955,0.5118230358504958,0.511422985616534,"{0: 0.5261159986966439, 1: 0.5261159986966439}","{0: 0.5261159986966439, 1: 0.5261159986966439}",0.5261159986966439,"[[295 356]
 [284 376]]",[1. 1. 0. ... 0. 0. 0.],[1. 1. 1. ... 1. 0. 0.]
193,randomforest,"{'criterion': 'gini', 'max_features': 'sqrt', 'n_estimators': 445}",0.5215359463391672,0.09326900439506434,0.05372733504915695,0.1816679408239294,0.5270968633815922,0.09115682136464637,0.5058124997711179,0.015115779322200984,0.5080091533180778,0.5075513196480939,"{0: 0.5144591072010427, 1: 0.5144591072010427}","{0: 0.5144591072010427, 1: 0.5144591072010427}",0.5144591072010427,"[[287 364]
 [281 379]]",[1. 1. 0. ... 0. 0. 0.],[1. 1. 1. ... 1. 0. 0.]
903,randomforest,"{'criterion': 'gini', 'max_features': None, 'n_estimators': 523}",0.5230596868371142,0.10096910084318758,0.05368292276433263,0.19772145943463992,0.5270504000730151,0.09918125368011264,0.5066278704469531,0.015301577320127935,0.5080091533180778,0.5076455802262254,"{0: 0.5233417120513895, 1: 0.5233417120513895}","{0: 0.5233417120513895, 1: 0.5233417120513895}",0.5233417120513895,"[[296 355]
 [290 370]]",[1. 1. 0. ... 0. 0. 0.],[1. 1. 1. ... 1. 0. 0.]
42,randomforest,"{'criterion': 'entropy', 'max_features': None, 'n_estimators': 355}",0.5229462816978819,0.09975292351155576,0.0535355330838206,0.19519055389854856,0.5272389374434441,0.09789934582654618,0.5058225625975732,0.01376457682660126,0.5072463768115942,0.5068775310710795,"{0: 0.5212004841037099, 1: 0.5212004841037099}","{0: 0.5212004841037099, 1: 0.5212004841037099}",0.5212004841037099,"[[295 356]
 [290 370]]",[1. 1. 0. ... 0. 0. 0.],[1. 1. 1. ... 1. 0. 0.]
774,randomforest,"{'criterion': 'entropy', 'max_features': 'log2', 'n_estimators': 51}",0.5226753124573511,0.09075262550460993,0.05349726829317831,0.17820663182163288,0.5270614806559423,0.08943308163195167,0.5109201219552875,0.023068002403207943,0.5118230358504958,0.5115277195922358,"{0: 0.5229693245822278, 1: 0.5229693245822278}","{0: 0.5229693245822278, 1: 0.5229693245822278}",0.5229693245822278,"[[305 346]
 [294 366]]",[1. 0. 0. ... 1. 1. 0.],[1. 1. 1. ... 1. 0. 0.]
214,randomforest,"{'criterion': 'entropy', 'max_features': None, 'n_estimators': 307}",0.5232333927431493,0.09798092315993645,0.053442627608362464,0.19154348608309246,0.5272577721946423,0.09625034149752573,0.5040371983456281,0.010649002180110667,0.505720823798627,0.5053204859656473,"{0: 0.5254852674207513, 1: 0.5254852674207513}","{0: 0.5254852674207513, 1: 0.5254852674207513}",0.5254852674207513,"[[291 360]
 [288 372]]",[1. 1. 0. ... 0. 0. 0.],[1. 1. 1. ... 1. 0. 0.]
163,randomforest,"{'criterion': 'gini', 'max_features': 'log2', 'n_estimators': 343}",0.5211311103768379,0.0905912536645413,0.05316215627020366,0.17628872550054944,0.5267395548535481,0.08875852211545154,0.5097913430841032,0.022781271837875705,0.5118230358504958,0.5113810920262534,"{0: 0.5216962249220314, 1: 0.5216962249220314}","{0: 0.5216962249220314, 1: 0.5216962249220314}",0.5216962249220314,"[[291 360]
 [280 380]]",[1. 1. 0. ... 0. 1. 0.],[1. 1. 1. ... 1. 0. 0.]
845,randomforest,"{'criterion': 'gini', 'max_features': 'log2', 'n_estimators': 359}",0.5220887163378631,0.09432562660507612,0.05314439501956644,0.1841445234699055,0.5268242428176678,0.09261772343832303,0.5101601958969167,0.022863212029738955,0.5118230358504958,0.511422985616534,"{0: 0.5213145277661406, 1: 0.5213145277661406}","{0: 0.5213145277661406, 1: 0.5213145277661406}",0.5213145277661406,"[[295 356]
 [284 376]]",[1. 1. 0. ... 0. 1. 0.],[1. 1. 1. ... 1. 0. 0.]
134,randomforest,"{'criterion': 'entropy', 'max_features': None, 'n_estimators': 557}",0.5214578629014932,0.1045473172319547,0.05212380668914194,0.20280068829253534,0.5263166585389649,0.10218001307160848,0.5041246802848962,0.010669741117283249,0.505720823798627,0.5053309593632174,"{0: 0.5223572126797933, 1: 0.5223572126797933}","{0: 0.5223572126797933, 1: 0.5223572126797933}",0.5223572126797933,"[[292 359]
 [289 371]]",[1. 1. 0. ... 0. 0. 0.],[1. 1. 1. ... 1. 0. 0.]
630,randomforest,"{'criterion': 'entropy', 'max_features': None, 'n_estimators': 91}",0.5214259963390118,0.10238485564715889,0.0519274205518164,0.20047246857085715,0.5264039543343877,0.100652767342268,0.5042801354293228,0.012061874761959746,0.5064836003051106,0.5060256947353722,"{0: 0.5235430340269049, 1: 0.523543034026905}","{0: 0.5235430340269049, 1: 0.523543034026905}",0.523543034026905,"[[286 365]
 [282 378]]",[1. 1. 0. ... 0. 0. 0.],[1. 1. 1. ... 1. 0. 0.]
506,SVC,"{'C': 10, 'gamma': 1, 'kernel': 'rbf'}",0.522695325531557,0.08412741296247234,0.05173119064272631,0.16679416372831637,0.5264914764190796,0.08363942506679879,0.5064370745856462,0.012827630030759818,0.5064836003051106,0.5064132104454685,"{0: 0.5042440534376018, 1: 0.5042440534376018}","{0: 0.5042440534376018, 1: 0.5042440534376018}",0.5042440534376018,"[[323 328]
 [319 341]]",[1. 1. 0. ... 0. 1. 0.],[1. 1. 1. ... 1. 0. 0.]
643,randomforest,"{'criterion': 'entropy', 'max_features': 'sqrt', 'n_estimators': 309}",0.5196658783226631,0.10705614354585806,0.050850495436700456,0.20773229356585632,0.5258281428751578,0.10438149607482694,0.5007925567257556,0.004500160720025681,0.5026697177726926,0.5022482893450635,"{0: 0.5184075780849975, 1: 0.5184075780849975}","{0: 0.5184075780849975, 1: 0.5184075780849975}",0.5184075780849975,"[[287 364]
 [288 372]]",[1. 1. 0. ... 0. 0. 0.],[1. 1. 1. ... 1. 0. 0.]
505,randomforest,"{'criterion': 'gini', 'max_features': 'sqrt', 'n_estimators': 503}",0.5198691195495493,0.09295187348161324,0.050007867254889524,0.18231768991625907,0.5252446490870211,0.09157122733250483,0.5040371983456281,0.010649002180110667,0.505720823798627,0.5053204859656473,"{0: 0.5194258250709862, 1: 0.5194258250709863}","{0: 0.5194258250709862, 1: 0.5194258250709863}",0.5194258250709863,"[[291 360]
 [288 372]]",[1. 1. 0. ... 0. 0. 0.],[1. 1. 1. ... 1. 0. 0.]
244,randomforest,"{'criterion': 'entropy', 'max_features': None, 'n_estimators': 99}",0.5203610907744838,0.11068620501036973,0.049859963312386346,0.21605147193798624,0.5254697887638239,0.10845835054151781,0.5042098138414399,0.010690479185008206,0.505720823798627,0.5053414327607876,"{0: 0.5258774379742122, 1: 0.5258774379742122}","{0: 0.5258774379742122, 1: 0.5258774379742122}",0.5258774379742122,"[[293 358]
 [290 370]]",[1. 1. 0. ... 0. 0. 0.],[1. 1. 1. ... 1. 0. 0.]
517,randomforest,"{'criterion': 'gini', 'max_features': 'log2', 'n_estimators': 411}",0.520235533985816,0.10497654593684728,0.049697023398522944,0.20676824103566388,0.5253212071841236,0.1036213795545071,0.5044783565112555,0.0121032973099513,0.5064836003051106,0.5060466415305125,"{0: 0.5215961457896942, 1: 0.5215961457896942}","{0: 0.5215961457896942, 1: 0.5215961457896942}",0.5215961457896942,"[[288 363]
 [284 376]]",[1. 1. 0. ... 0. 1. 0.],[1. 1. 1. ... 1. 0. 0.]
389,randomforest,"{'criterion': 'gini', 'max_features': 'log2', 'n_estimators': 469}",0.5184272975134921,0.10731507125286083,0.04940885940069911,0.2096956525330473,0.5248775670358138,0.1053063445589101,0.4994734454726637,0.002858350892273709,0.501906941266209,0.5014278732020667,"{0: 0.5171356421356421, 1: 0.5171356421356421}","{0: 0.5171356421356421, 1: 0.5171356421356421}",0.5171356421356421,"[[281 370]
 [283 377]]",[1. 1. 0. ... 0. 1. 0.],[1. 1. 1. ... 1. 0. 0.]
5,randomforest,"{'criterion': 'entropy', 'max_features': 'sqrt', 'n_estimators': 549}",0.518868251715561,0.09539849432108825,0.04923680363514956,0.18372221204253628,0.5247648245613372,0.09262176240098663,0.5069178014285072,0.01671488267438115,0.5087719298245614,0.5083507889959503,"{0: 0.5183016803984546, 1: 0.5183016803984546}","{0: 0.5183016803984546, 1: 0.5183016803984546}",0.5183016803984546,"[[291 360]
 [284 376]]",[1. 1. 0. ... 0. 1. 0.],[1. 1. 1. ... 1. 0. 0.]
301,randomforest,"{'criterion': 'entropy', 'max_features': 'log2', 'n_estimators': 437}",0.5189222132144201,0.0993270078528889,0.04882591056240836,0.19328558107784455,0.5250396834963837,0.09696880382740374,0.5041774826225985,0.012041162185299714,0.5064836003051106,0.506015221337802,"{0: 0.5153435274403015, 1: 0.5153435274403017}","{0: 0.5153435274403015, 1: 0.5153435274403017}",0.5153435274403017,"[[285 366]
 [281 379]]",[1. 1. 0. ... 0. 1. 0.],[1. 1. 1. ... 1. 0. 0.]
493,randomforest,"{'criterion': 'entropy', 'max_features': None, 'n_estimators': 497}",0.5199173945722159,0.09681213477711614,0.04862141109109427,0.18979977760944966,0.5249436906619342,0.09519778261565892,0.5025942009030596,0.007616252663941503,0.5041952707856598,0.5038053344504957,"{0: 0.5179781687846204, 1: 0.5179781687846204}","{0: 0.5179781687846204, 1: 0.5179781687846204}",0.5179781687846204,"[[291 360]
 [290 370]]",[1. 1. 0. ... 0. 0. 0.],[1. 1. 1. ... 1. 0. 0.]
444,randomforest,"{'criterion': 'entropy', 'max_features': 'log2', 'n_estimators': 139}",0.5183907122142712,0.09510210304914134,0.047181401817620545,0.1827740608731562,0.5236447165451117,0.09203042197467608,0.5002546993246525,0.0030255706135340343,0.501906941266209,0.5015116603826282,"{0: 0.513836521901038, 1: 0.513836521901038}","{0: 0.513836521901038, 1: 0.513836521901038}",0.513836521901038,"[[289 362]
 [291 369]]",[0. 1. 0. ... 0. 0. 0.],[1. 1. 1. ... 1. 0. 0.]
932,randomforest,"{'criterion': 'gini', 'max_features': 'log2', 'n_estimators': 37}",0.5179869848804062,0.10226371563977706,0.046069793090530664,0.20239679926128115,0.5234818117958527,0.10171580856805645,0.5000133062903095,0.0016348431179392664,0.5011441647597255,0.5008169250104734,"{0: 0.526134618070102, 1: 0.526134618070102}","{0: 0.526134618070102, 1: 0.526134618070102}",0.526134618070102,"[[295 356]
 [298 362]]",[1. 1. 0. ... 0. 1. 1.],[1. 1. 1. ... 1. 0. 0.]
469,randomforest,"{'criterion': 'gini', 'max_features': 'sqrt', 'n_estimators': 361}",0.5163893700484331,0.1088205156980203,0.04491657419737319,0.21249068953452493,0.5230712000334122,0.10649305663726683,0.5011121193003272,0.005933225011793053,0.5034324942791762,0.5029639715123586,"{0: 0.5190080528790206, 1: 0.5190080528790206}","{0: 0.5190080528790206, 1: 0.5190080528790206}",0.5190080528790206,"[[283 368]
 [283 377]]",[1. 1. 0. ... 0. 1. 0.],[1. 1. 1. ... 1. 0. 0.]
143,randomforest,"{'criterion': 'entropy', 'max_features': 'sqrt', 'n_estimators': 379}",0.5175353040943479,0.08440157990356224,0.0446401454011303,0.16243805448133627,0.5226621211736262,0.0816794377164365,0.5060101081140028,0.015157073825221912,0.5080091533180778,0.5075722664432342,"{0: 0.5206989247311828, 1: 0.5206989247311828}","{0: 0.5206989247311828, 1: 0.5206989247311828}",0.5206989247311828,"[[289 362]
 [283 377]]",[1. 1. 0. ... 0. 0. 0.],[1. 1. 1. ... 1. 0. 0.]
38,SVC,"{'C': 10, 'gamma': 0.01, 'kernel': 'rbf'}",0.5077897665811545,0.1107977283318972,0.044559533933495724,0.19785877298494814,0.5215920129206362,0.10017400813882613,0.5125234077647749,0.025013355120510283,0.5125858123569794,0.5125052366987851,"{0: 0.5260869059256156, 1: 0.5260869059256156}","{0: 0.5260869059256156, 1: 0.5260869059256156}",0.5260869059256156,"[[326 325]
 [314 346]]",[0. 0. 0. ... 1. 1. 1.],[1. 1. 1. ... 1. 0. 0.]
818,randomforest,"{'criterion': 'gini', 'max_features': None, 'n_estimators': 217}",0.5176128140428519,0.0971225260132805,0.044525496480112975,0.18776246486718637,0.5222044734671022,0.09423763741307095,0.5037246459403905,0.009236455353056838,0.5049580472921434,0.5046152771959224,"{0: 0.5211620816459526, 1: 0.5211620816459526}","{0: 0.5211620816459526, 1: 0.5211620816459526}",0.5211620816459526,"[[296 355]
 [294 366]]",[1. 1. 0. ... 0. 1. 0.],[1. 1. 1. ... 1. 0. 0.]
735,randomforest,"{'criterion': 'gini', 'max_features': 'log2', 'n_estimators': 165}",0.5166324621365518,0.09775777774549568,0.04428195095215973,0.18928571605762215,0.5222503358352565,0.09525051349244026,0.499068028714068,0.0014046121593291883,0.5011441647597255,0.5007017176372015,"{0: 0.5202508960573478, 1: 0.5202508960573476}","{0: 0.5202508960573478, 1: 0.5202508960573476}",0.5202508960573476,"[[284 367]
 [287 373]]",[1. 1. 0. ... 0. 0. 0.],[1. 1. 1. ... 1. 0. 0.]
234,randomforest,"{'criterion': 'gini', 'max_features': 'sqrt', 'n_estimators': 209}",0.5163450685490167,0.1312947648839974,0.044067353385777615,0.2585192335440909,0.5223601266310549,0.12953258303537238,0.4941617894541536,-0.00782019833532499,0.4965675057208238,0.49609342270632595,"{0: 0.5203963599124889, 1: 0.5203963599124889}","{0: 0.5203963599124889, 1: 0.5203963599124889}",0.5203963599124889,"[[278 373]
 [287 373]]",[1. 1. 0. ... 0. 0. 0.],[1. 1. 1. ... 1. 0. 0.]
3,randomforest,"{'criterion': 'entropy', 'max_features': 'sqrt', 'n_estimators': 429}",0.5171727272732893,0.08671123293702357,0.04397895056783126,0.17004131647172743,0.5223431020769403,0.08528161211621446,0.5061983186430122,0.015198364865573133,0.5080091533180778,0.5075932132383746,"{0: 0.5204126518642648, 1: 0.5204126518642648}","{0: 0.5204126518642648, 1: 0.5204126518642648}",0.5204126518642648,"[[291 360]
 [285 375]]",[1. 1. 0. ... 0. 0. 0.],[1. 1. 1. ... 1. 0. 0.]
312,randomforest,"{'criterion': 'gini', 'max_features': None, 'n_estimators': 493}",0.5180125350758886,0.10126600199090031,0.04396057654114654,0.19840620127732284,0.5223971427077804,0.09956886778383509,0.5028433328199816,0.007678656270087458,0.5041952707856598,0.5038367546432062,"{0: 0.5202078387562258, 1: 0.5202078387562259}","{0: 0.5202078387562258, 1: 0.5202078387562259}",0.5202078387562259,"[[294 357]
 [293 367]]",[1. 1. 0. ... 0. 0. 0.],[1. 1. 1. ... 1. 0. 0.]
917,randomforest,"{'criterion': 'entropy', 'max_features': 'sqrt', 'n_estimators': 155}",0.5162578697278787,0.09285950641080604,0.04258290266660941,0.17812299505402504,0.521482384278211,0.08964020016922311,0.5012326792780459,0.004604495496817407,0.5026697177726926,0.5023006563329144,"{0: 0.5205767350928641, 1: 0.5205767350928641}","{0: 0.5205767350928641, 1: 0.5205767350928641}",0.5205767350928641,"[[292 359]
 [293 367]]",[1. 1. 0. ... 0. 0. 0.],[1. 1. 1. ... 1. 0. 0.]
988,randomforest,"{'criterion': 'gini', 'max_features': None, 'n_estimators': 117}",0.5168137072057681,0.10397810987751221,0.04229573432060693,0.20421598162199148,0.5216404830509214,0.10261246086563519,0.5021318328197923,0.007512229210342447,0.5041952707856598,0.5037529674626449,"{0: 0.5257645580226227, 1: 0.5257645580226226}","{0: 0.5257645580226227, 1: 0.5257645580226226}",0.5257645580226226,"[[286 365]
 [285 375]]",[1. 1. 0. ... 0. 0. 0.],[1. 1. 1. ... 1. 0. 0.]
656,randomforest,"{'criterion': 'gini', 'max_features': 'log2', 'n_estimators': 389}",0.5154080737485566,0.0864451934619937,0.04206705798810878,0.16880255825415696,0.521610997384383,0.0847009919367827,0.4989678462436927,0.0013836768066416427,0.5011441647597255,0.5006912442396313,"{0: 0.5201054322022064, 1: 0.5201054322022065}","{0: 0.5201054322022064, 1: 0.5201054322022065}",0.5201054322022065,"[[283 368]
 [286 374]]",[1. 1. 0. ... 0. 0. 0.],[1. 1. 1. ... 1. 0. 0.]
693,randomforest,"{'criterion': 'entropy', 'max_features': 'log2', 'n_estimators': 267}",0.5159936051862695,0.08801973238772857,0.04185889618214517,0.1698818736882942,0.5213386738421346,0.08538468178587066,0.5065278876531145,0.016632423441933275,0.5087719298245614,0.5083088954056696,"{0: 0.5174265698459247, 1: 0.5174265698459246}","{0: 0.5174265698459247, 1: 0.5174265698459246}",0.5174265698459246,"[[287 364]
 [280 380]]",[1. 1. 0. ... 0. 1. 0.],[1. 1. 1. ... 1. 0. 0.]
303,SVC,"{'C': 1000, 'gamma': 1, 'kernel': 'rbf'}",0.48764904249789853,0.10378476318434811,0.041443575844898835,0.16779213246074848,0.5201194729995524,0.08509453067584814,0.4900266577104871,0.012238486802007453,0.5049580472921434,0.5061339198435972,"{0: 0.5067087929991155, 1: 0.5067087929991156}","{0: 0.5067087929991155, 1: 0.5067087929991156}",0.5067087929991156,"[[441 210]
 [439 221]]",[0. 0. 0. ... 0. 0. 0.],[1. 1. 1. ... 1. 0. 0.]
123,randomforest,"{'criterion': 'gini', 'max_features': 'log2', 'n_estimators': 55}",0.5158122998369526,0.1090029148823475,0.04107797425320948,0.21551358164784032,0.5207035869617017,0.10783580198961731,0.502416338830401,0.007574645899279586,0.5041952707856598,0.5037843876553554,"{0: 0.5107841083647535, 1: 0.5107841083647534}","{0: 0.5107841083647535, 1: 0.5107841083647534}",0.5107841083647534,"[[289 362]
 [288 372]]",[1. 1. 0. ... 0. 1. 0.],[1. 1. 1. ... 1. 0. 0.]
224,randomforest,"{'criterion': 'gini', 'max_features': 'sqrt', 'n_estimators': 453}",0.5150217893796827,0.09446367386619482,0.04098535706678577,0.18363536311463782,0.5207717081281099,0.09230747533527342,0.5018260047654544,0.007449804669755644,0.5041952707856598,0.5037215472699343,"{0: 0.5179118372666759, 1: 0.517911837266676}","{0: 0.5179118372666759, 1: 0.517911837266676}",0.517911837266676,"[[283 368]
 [282 378]]",[1. 1. 0. ... 0. 0. 0.],[1. 1. 1. ... 1. 0. 0.]
203,randomforest,"{'criterion': 'entropy', 'max_features': 'log2', 'n_estimators': 293}",0.5145184837803235,0.1064435112514151,0.04048459263484333,0.20878035721708324,0.5206344866096222,0.10461926204302288,0.4971197961237884,-0.0017331991501734478,0.4996186117467582,0.4991341991341991,"{0: 0.5178734348089187, 1: 0.5178734348089187}","{0: 0.5178734348089187, 1: 0.5178734348089187}",0.5178734348089187,"[[279 372]
 [284 376]]",[1. 1. 0. ... 0. 1. 0.],[1. 1. 1. ... 1. 0. 0.]
888,randomforest,"{'criterion': 'entropy', 'max_features': 'log2', 'n_estimators': 451}",0.5155286737290831,0.0855967676690557,0.040379957955767196,0.16435859542220688,0.520549475174723,0.08282482532288969,0.503564471507512,0.01054529445061736,0.505720823798627,0.5052681189777963,"{0: 0.5188160405902342, 1: 0.5188160405902341}","{0: 0.5188160405902342, 1: 0.5188160405902341}",0.5188160405902341,"[[286 365]
 [283 377]]",[1. 1. 0. ... 0. 1. 0.],[1. 1. 1. ... 1. 0. 0.]
554,randomforest,"{'criterion': 'entropy', 'max_features': 'log2', 'n_estimators': 145}",0.5142405989796044,0.0914498815042379,0.0400617400517129,0.17820821834641953,0.5206076102943399,0.08925988814301829,0.4994734454726637,0.002858350892273709,0.501906941266209,0.5014278732020667,"{0: 0.5207326723455756, 1: 0.5207326723455756}","{0: 0.5207326723455756, 1: 0.5207326723455756}",0.5207326723455756,"[[281 370]
 [283 377]]",[1. 1. 0. ... 0. 1. 0.],[1. 1. 1. ... 1. 0. 0.]
859,randomforest,"{'criterion': 'entropy', 'max_features': None, 'n_estimators': 75}",0.5151834701005581,0.10398516591638036,0.03978100126643895,0.20458970872524337,0.520320816275366,0.10305971708576017,0.4994449501821618,0.0014883447928895066,0.5011441647597255,0.5007436112274822,"{0: 0.5169122096541452, 1: 0.5169122096541451}","{0: 0.5169122096541452, 1: 0.5169122096541451}",0.5169122096541451,"[[288 363]
 [291 369]]",[1. 1. 0. ... 0. 0. 0.],[1. 1. 1. ... 1. 0. 0.]
321,randomforest,"{'criterion': 'gini', 'max_features': 'log2', 'n_estimators': 233}",0.5131062038775821,0.10486427008877616,0.0383973946079527,0.2023741086248558,0.519392147072222,0.10186144871316069,0.5018260047654544,0.007449804669755644,0.5041952707856598,0.5037215472699343,"{0: 0.5217532467532467, 1: 0.5217532467532467}","{0: 0.5217532467532467, 1: 0.5217532467532467}",0.5217532467532467,"[[283 368]
 [282 378]]",[1. 1. 0. ... 0. 1. 0.],[1. 1. 1. ... 1. 0. 0.]
421,randomforest,"{'criterion': 'gini', 'max_features': None, 'n_estimators': 535}",0.5153459844061349,0.10183722174238322,0.03833287424802817,0.20041388109440575,0.5194032080750244,0.10050856523962026,0.5027626403845551,0.007657855940078728,0.5041952707856598,0.5038262812456361,"{0: 0.5207210352371643, 1: 0.5207210352371643}","{0: 0.5207210352371643, 1: 0.5207210352371643}",0.5207210352371643,"[[293 358]
 [292 368]]",[1. 1. 0. ... 0. 0. 0.],[1. 1. 1. ... 1. 0. 0.]
173,randomforest,"{'criterion': 'gini', 'max_features': None, 'n_estimators': 89}",0.5131172015707789,0.10207692577401611,0.03790677410757322,0.19823480717492145,0.5192835495777941,0.09962765818205307,0.5013136199978893,0.004625359827841513,0.5026697177726926,0.5023111297304845,"{0: 0.5154878275846018, 1: 0.5154878275846017}","{0: 0.5154878275846018, 1: 0.5154878275846017}",0.5154878275846017,"[[293 358]
 [294 366]]",[1. 1. 0. ... 0. 1. 0.],[1. 1. 1. ... 1. 0. 0.]
279,randomforest,"{'criterion': 'gini', 'max_features': 'sqrt', 'n_estimators': 193}",0.513817564484552,0.08603015933152562,0.03758417727524216,0.16883947331902013,0.5192687673261369,0.084340309282221,0.5026448009614628,0.008987193598546384,0.5049580472921434,0.5044895964250803,"{0: 0.5201577991900572, 1: 0.5201577991900572}","{0: 0.5201577991900572, 1: 0.5201577991900572}",0.5201577991900572,"[[284 367]
 [282 378]]",[1. 1. 0. ... 0. 0. 0.],[1. 1. 1. ... 1. 0. 0.]
432,randomforest,"{'criterion': 'entropy', 'max_features': 'sqrt', 'n_estimators': 433}",0.5127866570497306,0.09232478399184059,0.03632327639340335,0.18127662738827263,0.5185426088811549,0.09101631314561726,0.4980467559780557,-0.00017471216171371928,0.5003813882532419,0.49991272168691525,"{0: 0.5186042452171484, 1: 0.5186042452171484}","{0: 0.5186042452171484, 1: 0.5186042452171484}",0.5186042452171484,"[[281 370]
 [285 375]]",[1. 1. 0. ... 0. 1. 0.],[1. 1. 1. ... 1. 0. 0.]
875,randomforest,"{'criterion': 'gini', 'max_features': 'sqrt', 'n_estimators': 353}",0.5122052772154421,0.09225931177627278,0.03490788507378193,0.18166951383382424,0.5178348001974336,0.09093678899909083,0.49968304240393785,0.00290016108123603,0.501906941266209,0.5014488199972071,"{0: 0.5198645440580925, 1: 0.5198645440580925}","{0: 0.5198645440580925, 1: 0.5198645440580925}",0.5198645440580925,"[[283 368]
 [285 375]]",[1. 1. 0. ... 0. 0. 0.],[1. 1. 1. ... 1. 0. 0.]
80,randomforest,"{'criterion': 'entropy', 'max_features': 'log2', 'n_estimators': 245}",0.5104913670110742,0.08544385519818352,0.03243627217597215,0.16409482885334917,0.5164812212926267,0.0824151207459949,0.5010064517652435,0.005912383508223873,0.5034324942791762,0.5029534981147885,"{0: 0.5203090815994041, 1: 0.5203090815994041}","{0: 0.5203090815994041, 1: 0.5203090815994041}",0.5203090815994041,"[[282 369]
 [282 378]]",[1. 1. 0. ... 0. 1. 0.],[1. 1. 1. ... 1. 0. 0.]
604,randomforest,"{'criterion': 'entropy', 'max_features': 'sqrt', 'n_estimators': 577}",0.5107409659421872,0.08859722113964591,0.03240307268425399,0.17220340464657458,0.5163524255987086,0.0865842765495769,0.49936506282355353,0.0028374444828828116,0.501906941266209,0.5014173998044966,"{0: 0.5169808685937718, 1: 0.5169808685937718}","{0: 0.5169808685937718, 1: 0.5169808685937718}",0.5169808685937718,"[[280 371]
 [282 378]]",[1. 1. 0. ... 0. 1. 0.],[1. 1. 1. ... 1. 0. 0.]
989,SVC,"{'C': 1000, 'gamma': 0.001, 'kernel': 'rbf'}",0.4982162487028949,0.10307967115428372,0.032100845792079925,0.18546487213226082,0.5155315400549721,0.09321943204051608,0.5106216679067558,0.021715822375888316,0.5110602593440122,0.5108539310152214,"{0: 0.534412093283061, 1: 0.534412093283061}","{0: 0.534412093283061, 1: 0.534412093283061}",0.534412093283061,"[[313 338]
 [303 357]]",[0. 0. 0. ... 1. 1. 1.],[1. 1. 1. ... 1. 0. 0.]
14,randomforest,"{'criterion': 'gini', 'max_features': 'log2', 'n_estimators': 381}",0.5107175865648287,0.08949063625772737,0.03184760205131537,0.17482953702229057,0.5162235222659498,0.08782340852059672,0.4979404391800838,-0.00019568172367634418,0.5003813882532419,0.49990224828934504,"{0: 0.5209293394777266, 1: 0.5209293394777266}","{0: 0.5209293394777266, 1: 0.5209293394777266}",0.5209293394777266,"[[280 371]
 [284 376]]",[1. 1. 0. ... 0. 1. 0.],[1. 1. 1. ... 1. 0. 0.]
763,SVC,"{'C': 1000, 'gamma': 1, 'kernel': 'rbf'}",0.49899016887371206,0.0934395591063229,0.03176022820372561,0.17966219999209362,0.5137274395161294,0.09033099158367985,0.4976738914554639,0.009940676607343213,0.5041952707856598,0.504978354978355,"{0: 0.5017001815388912, 1: 0.5017001815388911}","{0: 0.5017001815388912, 1: 0.5017001815388911}",0.5017001815388911,"[[403 248]
 [402 258]]",[0. 0. 0. ... 0. 1. 0.],[1. 1. 1. ... 1. 0. 0.]
22,knn,{'n_neighbors': 3},0.5123327828355317,0.10407881221571696,0.03143965287501675,0.20579359880443818,0.5167490446267905,0.10313373118241807,0.49423149992315824,-0.011584669690272387,0.494279176201373,0.494208211143695,"{0: 0.49748987571568215, 1: 0.49748987571568215}","{0: 0.49748987571568215, 1: 0.49748987571568215}",0.49748987571568215,"[[315 336]
 [327 333]]",[1. 1. 0. ... 0. 1. 1.],[1. 1. 1. ... 1. 0. 0.]
635,knn,{'n_neighbors': 3},0.5123327828355317,0.10407881221571696,0.03143965287501675,0.20579359880443818,0.5167490446267905,0.10313373118241807,0.49423149992315824,-0.011584669690272387,0.494279176201373,0.494208211143695,"{0: 0.49748987571568215, 1: 0.49748987571568215}","{0: 0.49748987571568215, 1: 0.49748987571568215}",0.49748987571568215,"[[315 336]
 [327 333]]",[1. 1. 0. ... 0. 1. 1.],[1. 1. 1. ... 1. 0. 0.]
294,knn,{'n_neighbors': 3},0.5123327828355317,0.10407881221571696,0.03143965287501675,0.20579359880443818,0.5167490446267905,0.10313373118241807,0.49423149992315824,-0.011584669690272387,0.494279176201373,0.494208211143695,"{0: 0.49748987571568215, 1: 0.49748987571568215}","{0: 0.49748987571568215, 1: 0.49748987571568215}",0.49748987571568215,"[[315 336]
 [327 333]]",[1. 1. 0. ... 0. 1. 1.],[1. 1. 1. ... 1. 0. 0.]
761,randomforest,"{'criterion': 'gini', 'max_features': 'sqrt', 'n_estimators': 351}",0.5104190152414723,0.1006765017240987,0.03140196199598922,0.19693277781768834,0.5158456464304408,0.09888272727257862,0.49600422460834365,-0.0047030048916840705,0.498093058733791,0.49765046781175815,"{0: 0.516044081366662, 1: 0.516044081366662}","{0: 0.516044081366662, 1: 0.516044081366662}",0.516044081366662,"[[282 369]
 [289 371]]",[1. 1. 0. ... 0. 0. 0.],[1. 1. 1. ... 1. 0. 0.]
721,randomforest,"{'criterion': 'entropy', 'max_features': 'sqrt', 'n_estimators': 247}",0.5101990610299881,0.08672468797633473,0.028444668314051583,0.16991172992808043,0.5146522280167235,0.08526231201356405,0.49953324213938605,0.0015092757572581217,0.5011441647597255,0.5007540846250524,"{0: 0.5190394730717312, 1: 0.5190394730717312}","{0: 0.5190394730717312, 1: 0.5190394730717312}",0.5190394730717312,"[[289 362]
 [292 368]]",[1. 1. 0. ... 0. 0. 0.],[1. 1. 1. ... 1. 0. 0.]
47,randomforest,"{'criterion': 'gini', 'max_features': 'log2', 'n_estimators': 461}",0.5085763560205456,0.09122785785471954,0.0273409765545103,0.1797830680813838,0.5142124484477433,0.09020793908619758,0.493656045476664,-0.009294297284737407,0.4958047292143402,0.4953567937438905,"{0: 0.5166108085462925, 1: 0.5166108085462924}","{0: 0.5166108085462925, 1: 0.5166108085462924}",0.5166108085462924,"[[280 371]
 [290 370]]",[1. 1. 0. ... 0. 0. 0.],[1. 1. 1. ... 1. 0. 0.]
541,randomforest,"{'criterion': 'gini', 'max_features': 'sqrt', 'n_estimators': 567}",0.507877015944119,0.0842419058337727,0.026705098259485034,0.1654251072017515,0.5138744913292476,0.08322729529016487,0.4937560952920245,-0.009273138296943095,0.4958047292143402,0.4953672671414607,"{0: 0.512253875157101, 1: 0.512253875157101}","{0: 0.512253875157101, 1: 0.512253875157101}",0.512253875157101,"[[281 370]
 [291 369]]",[1. 1. 0. ... 0. 0. 0.],[1. 1. 1. ... 1. 0. 0.]
335,randomforest,"{'criterion': 'entropy', 'max_features': 'sqrt', 'n_estimators': 311}",0.5073672183532176,0.10072406499870852,0.026355197957135704,0.19760940130852542,0.5134984909446747,0.09907447273466972,0.49222434368927726,-0.012326914812213818,0.494279176201373,0.49384164222873905,"{0: 0.5190778755294885, 1: 0.5190778755294885}","{0: 0.5190778755294885, 1: 0.5190778755294885}",0.5190778755294885,"[[280 371]
 [292 368]]",[1. 1. 0. ... 0. 1. 0.],[1. 1. 1. ... 1. 0. 0.]
959,randomforest,"{'criterion': 'gini', 'max_features': 'sqrt', 'n_estimators': 319}",0.506520969206609,0.08863909064798953,0.026342934948355313,0.17174633722515253,0.5133944138078399,0.08661743058612413,0.4965587307217091,-0.004576643049791107,0.498093058733791,0.4977133081971792,"{0: 0.5194514267094912, 1: 0.5194514267094912}","{0: 0.5194514267094912, 1: 0.5194514267094912}",0.5194514267094912,"[[288 363]
 [295 365]]",[1. 1. 0. ... 0. 1. 0.],[1. 1. 1. ... 1. 0. 0.]
164,SVC,"{'C': 10, 'gamma': 0.1, 'kernel': 'sigmoid'}",0.49248865812292436,0.08452747607113732,0.025379877998172772,0.15790644485446034,0.5094604702188263,0.077775060220682,0.5010932272934193,0.009464228424767462,0.5041952707856598,0.504737466834241,"{0: 0.5147104687427269, 1: 0.5147104687427269}","{0: 0.5147104687427269, 1: 0.5147104687427269}",0.5147104687427269,"[[380 271]
 [379 281]]",[1. 0. 0. ... 1. 1. 0.],[1. 1. 1. ... 1. 0. 0.]
379,randomforest,"{'criterion': 'entropy', 'max_features': 'sqrt', 'n_estimators': 459}",0.505171295992389,0.09370302739050107,0.02407440779285416,0.17795017394806148,0.5121961954197425,0.08966401863081627,0.4930050167846959,-0.009421269844597902,0.4958047292143402,0.4952939533584695,"{0: 0.5137050225759904, 1: 0.5137050225759904}","{0: 0.5137050225759904, 1: 0.5137050225759904}",0.5137050225759904,"[[274 377]
 [284 376]]",[1. 1. 0. ... 0. 1. 0.],[1. 1. 1. ... 1. 0. 0.]
225,SVC,"{'C': 100, 'gamma': 1, 'kernel': 'rbf'}",0.5070508514864236,0.09204869798202088,0.023490729700892467,0.18821601578982927,0.5116574690024691,0.09426236751557311,0.4965470016441286,-0.006764822920811708,0.4965675057208238,0.4966170925848345,"{0: 0.49888167388167387, 1: 0.49888167388167387}","{0: 0.49888167388167387, 1: 0.49888167388167387}",0.49888167388167387,"[[328 323]
 [337 323]]",[1. 1. 0. ... 0. 1. 0.],[1. 1. 1. ... 1. 0. 0.]
862,SVC,"{'C': 1000, 'gamma': 1, 'kernel': 'sigmoid'}",0.5041300428233138,0.08107820890690301,0.02056751690690423,0.161525492524191,0.5098253681137618,0.08097472777632944,0.5084965762577902,0.02140973588380557,0.5102974828375286,0.5107142857142857,"{0: 0.5250884420239259, 1: 0.5250884420239259}","{0: 0.5250884420239259, 1: 0.5250884420239259}",0.5250884420239259,"[[372 279]
 [363 297]]",[0. 1. 0. ... 0. 1. 0.],[1. 1. 1. ... 1. 0. 0.]
867,knn,{'n_neighbors': 1},0.5057335968820543,0.07981531557303634,0.019920036311694957,0.15459768515373493,0.5105044372673639,0.07775953121123397,0.5034261380930642,0.006932590505911551,0.5034324942791762,0.5034666945957268,"{0: 0.5034666945957269, 1: 0.5034666945957269}","{0: 0.5034666945957269, 1: 0.5034666945957269}",0.5034666945957269,"[[331 320]
 [331 329]]",[1. 1. 0. ... 0. 1. 0.],[1. 1. 1. ... 1. 0. 0.]
498,knn,{'n_neighbors': 1},0.5057335968820543,0.07981531557303634,0.019920036311694957,0.15459768515373493,0.5105044372673639,0.07775953121123397,0.5034261380930642,0.006932590505911551,0.5034324942791762,0.5034666945957268,"{0: 0.5034666945957269, 1: 0.5034666945957269}","{0: 0.5034666945957269, 1: 0.5034666945957269}",0.5034666945957269,"[[331 320]
 [331 329]]",[1. 1. 0. ... 0. 1. 0.],[1. 1. 1. ... 1. 0. 0.]
157,knn,{'n_neighbors': 1},0.5057335968820543,0.07981531557303634,0.019920036311694957,0.15459768515373493,0.5105044372673639,0.07775953121123397,0.5034261380930642,0.006932590505911551,0.5034324942791762,0.5034666945957268,"{0: 0.5034666945957269, 1: 0.5034666945957269}","{0: 0.5034666945957269, 1: 0.5034666945957269}",0.5034666945957269,"[[331 320]
 [331 329]]",[1. 1. 0. ... 0. 1. 0.],[1. 1. 1. ... 1. 0. 0.]
974,SVC,"{'C': 100, 'gamma': 0.1, 'kernel': 'sigmoid'}",0.4970055058044416,0.0660554665847463,0.019847182516452816,0.14046880802660724,0.5089198762216192,0.06940665073833306,0.5033354393375364,0.014046246604386248,0.5064836003051106,0.5070311409021087,"{0: 0.5103523716426942, 1: 0.5103523716426942}","{0: 0.5103523716426942, 1: 0.5103523716426942}",0.5103523716426942,"[[382 269]
 [378 282]]",[0. 0. 1. ... 1. 1. 1.],[1. 1. 1. ... 1. 0. 0.]
7,SVC,"{'C': 1000, 'gamma': 1, 'kernel': 'sigmoid'}",0.501477891465796,0.07787106419508777,0.01816967096400811,0.1511490764350927,0.5066913720537477,0.07668624875222897,0.5066046300177451,0.014982763192787019,0.5072463768115942,0.5074954615277196,"{0: 0.5058685937718197, 1: 0.5058685937718195}","{0: 0.5058685937718197, 1: 0.5058685937718195}",0.5058685937718195,"[[354 297]
 [349 311]]",[0. 1. 0. ... 0. 1. 0.],[1. 1. 1. ... 1. 0. 0.]
645,SVC,"{'C': 1, 'gamma': 1, 'kernel': 'sigmoid'}",0.4958396495916302,0.08543647407400157,0.016049381005790148,0.1580575327356615,0.5083485865652162,0.08011052630951974,0.5084117377722148,0.028035754127621493,0.513348588863463,0.5140378438765536,"{0: 0.5085835311641763, 1: 0.5085835311641763}","{0: 0.5085835311641763, 1: 0.5085835311641763}",0.5085835311641763,"[[400 251]
 [387 273]]",[1. 0. 1. ... 0. 0. 0.],[1. 1. 1. ... 1. 0. 0.]
11,randomforest,"{'criterion': 'gini', 'max_features': 'log2', 'n_estimators': 127}",0.5024931197618978,0.09598920225417218,0.015595352972712622,0.18550876910772526,0.5078960230971551,0.09342250762426133,0.4940418097168626,-0.009209666656185389,0.4958047292143402,0.49539868733417125,"{0: 0.5140739189126285, 1: 0.5140739189126285}","{0: 0.5140739189126285, 1: 0.5140739189126285}",0.5140739189126285,"[[284 367]
 [294 366]]",[1. 1. 0. ... 0. 1. 0.],[1. 1. 1. ... 1. 0. 0.]
568,SVC,"{'C': 10, 'gamma': 1, 'kernel': 'sigmoid'}",0.4865458037905235,0.08544813045663116,0.015562894687369546,0.13357027560867332,0.5060480905768722,0.06858947762013612,0.5035132952449985,0.020551645769937288,0.509534706331045,0.5102918586789555,"{0: 0.5150223432481498, 1: 0.5150223432481498}","{0: 0.5150223432481498, 1: 0.5150223432481498}",0.5150223432481498,"[[404 247]
 [396 264]]",[0. 1. 0. ... 0. 1. 0.],[1. 1. 1. ... 1. 0. 0.]
720,AdaBoost,"{'algorithm': 'SAMME.R', 'learning_rate': 2.630612244897959, 'n_estimators': 52}",0.34196878373639955,0.028423198878435803,0.0090091308305723,0.017094645120899536,0.5016644276697961,0.02041601199480964,0.3422193086971639,0.008987828981587564,0.5011441647597255,0.5045245077503142,"{0: 0.43277591584043196, 1: 0.43277591584043196}","{0: 0.43277591584043196, 1: 0.43277591584043196}",0.43277591584043196,"[[649   2]
 [652   8]]",[0. 0. 0. ... 0. 0. 0.],[1. 1. 1. ... 1. 0. 0.]
543,AdaBoost,"{'algorithm': 'SAMME.R', 'learning_rate': 2.630612244897959, 'n_estimators': 74}",0.34196878373639955,0.028423198878435803,0.0090091308305723,0.017094645120899536,0.5016644276697961,0.02041601199480964,0.3422193086971639,0.008987828981587564,0.5011441647597255,0.5045245077503142,"{0: 0.5314143741563095, 1: 0.5314143741563097}","{0: 0.5314143741563095, 1: 0.5314143741563097}",0.5314143741563097,"[[649   2]
 [652   8]]",[0. 0. 0. ... 0. 0. 0.],[1. 1. 1. ... 1. 0. 0.]
365,AdaBoost,"{'algorithm': 'SAMME.R', 'learning_rate': 3.610204081632653, 'n_estimators': 96}",0.4299089206730325,0.09398734274651852,0.008591442454268652,0.10005681547397298,0.5043559491924309,0.05124104003377062,0.465228895008617,0.016720744782592,0.5064836003051106,0.5083926825862309,"{0: 0.5289077410045152, 1: 0.5289077410045152}","{0: 0.5289077410045152, 1: 0.5289077410045152}",0.5289077410045152,"[[512 139]
 [508 152]]",[0. 0. 0. ... 1. 0. 0.],[1. 1. 1. ... 1. 0. 0.]
96,SVC,"{'C': 1000, 'gamma': 0.1, 'kernel': 'sigmoid'}",0.4745654627238523,0.09056326739859934,0.006960448103075407,0.14652784261640042,0.50060861236274,0.07276938883528929,0.4904002332002474,-0.010230232533813055,0.494279176201373,0.494878508588186,"{0: 0.5046432062561095, 1: 0.5046432062561095}","{0: 0.5046432062561095, 1: 0.5046432062561095}",0.5046432062561095,"[[379 272]
 [391 269]]",[1. 1. 0. ... 0. 0. 0.],[1. 1. 1. ... 1. 0. 0.]
292,SVC,"{'C': 1, 'gamma': 0.001, 'kernel': 'sigmoid'}",0.42274607473139914,0.11303598456367304,0.0060790617781050086,0.1514907322336127,0.4986759629574942,0.07706984153452617,0.4512682013057479,-0.012228459339329367,0.4919908466819222,0.49386258902387936,"{0: 0.49452590420332354, 1: 0.49452590420332354}","{0: 0.49452590420332354, 1: 0.49452590420332354}",0.49452590420332354,"[[499 152]
 [514 146]]",[0. 1. 0. ... 1. 1. 0.],[1. 1. 1. ... 1. 0. 0.]
849,SVC,"{'C': 0.1, 'gamma': 0.001, 'kernel': 'rbf'}",0.3472033141608673,0.019213004781477777,0.001686746987951806,0.008263338891316738,0.5116076587291458,0.01509306088182734,0.5039299572181872,0.02533542428994595,0.5118230358504958,0.5126902667225248,"{0: 0.5055450821579854, 1: 0.5055450821579854}","{0: 0.5055450821579854, 1: 0.5055450821579854}",0.5055450821579854,"[[416 235]
 [405 255]]",[1. 1. 1. ... 0. 0. 0.],[1. 1. 1. ... 1. 0. 0.]
390,AdaBoost,"{'algorithm': 'SAMME.R', 'learning_rate': 2.304081632653061, 'n_estimators': 52}",0.33669810988240473,0.028845085977575725,0.0015085463432515267,0.022977306130440706,0.49795229824389353,0.021124393993360985,0.33452253497199164,-0.0016089156116825265,0.4958047292143402,0.4991900572545734,"{0: 0.43419215193408744, 1: 0.4341921519340874}","{0: 0.43419215193408744, 1: 0.4341921519340874}",0.4341921519340874,"[[646   5]
 [656   4]]",[0. 0. 0. ... 0. 0. 0.],[1. 1. 1. ... 1. 0. 0.]
929,AdaBoost,"{'algorithm': 'SAMME.R', 'learning_rate': 2.304081632653061, 'n_estimators': 74}",0.3355281830658244,0.02712834680217894,0.0012623083131557689,0.021734845188639492,0.4978291792288456,0.020776472111277644,0.3332029771895584,-0.001588077628563278,0.4958047292143402,0.49920053065214354,"{0: 0.509993948703626, 1: 0.5099939487036261}","{0: 0.509993948703626, 1: 0.5099939487036261}",0.5099939487036261,"[[647   4]
 [657   3]]",[0. 0. 0. ... 0. 0. 0.],[1. 1. 1. ... 1. 0. 0.]
876,SVC,"{'C': 1, 'gamma': 0.0001, 'kernel': 'rbf'}",0.34556931247655115,0.015516372518578942,0.0,0.0,0.5108529417480138,0.013703726179699111,0.5032516440192139,0.02380230495527047,0.5110602593440122,0.5119222175673789,"{0: 0.49987548293999906, 1: 0.49987548293999906}","{0: 0.49987548293999906, 1: 0.49987548293999906}",0.49987548293999906,"[[415 236]
 [405 255]]",[1. 1. 1. ... 0. 0. 0.],[1. 1. 1. ... 1. 0. 0.]
115,SVC,"{'C': 1, 'gamma': 0.0001, 'kernel': 'sigmoid'}",0.34556931247655115,0.015516372518578942,0.0,0.0,0.5108529417480138,0.013703726179699111,0.5032516440192139,0.02380230495527047,0.5110602593440122,0.5119222175673789,"{0: 0.5063969184936926, 1: 0.5063969184936927}","{0: 0.5063969184936926, 1: 0.5063969184936927}",0.5063969184936927,"[[415 236]
 [405 255]]",[1. 1. 1. ... 0. 0. 0.],[1. 1. 1. ... 1. 0. 0.]
31,SVC,"{'C': 0.1, 'gamma': 0.001, 'kernel': 'rbf'}",0.34556931247655115,0.015516372518578942,0.0,0.0,0.5108529417480138,0.013703726179699111,0.5032516440192139,0.02380230495527047,0.5110602593440122,0.5119222175673789,"{0: 0.5028429455848811, 1: 0.5028429455848811}","{0: 0.5028429455848811, 1: 0.5028429455848811}",0.5028429455848811,"[[415 236]
 [405 255]]",[1. 1. 1. ... 0. 0. 0.],[1. 1. 1. ... 1. 0. 0.]
495,SVC,"{'C': 0.1, 'gamma': 0.0001, 'kernel': 'sigmoid'}",0.3422376468522026,0.017482389819193454,0.0,0.0,0.5078529417480138,0.01561761062698943,0.4887289996193288,0.015488166247079382,0.5064836003051106,0.5077642787320207,"{0: 0.5084252664897826, 1: 0.5084252664897826}","{0: 0.5084252664897826, 1: 0.5084252664897826}",0.5084252664897826,"[[452 199]
 [448 212]]",[1. 1. 1. ... 0. 0. 0.],[1. 1. 1. ... 1. 0. 0.]
255,SVC,"{'C': 0.1, 'gamma': 0.0001, 'kernel': 'rbf'}",0.34556931247655115,0.015516372518578942,0.0,0.0,0.5108529417480138,0.013703726179699111,0.5032516440192139,0.02380230495527047,0.5110602593440122,0.5119222175673789,"{0: 0.5051133454359261, 1: 0.505113345435926}","{0: 0.5051133454359261, 1: 0.505113345435926}",0.505113345435926,"[[415 236]
 [405 255]]",[1. 1. 1. ... 0. 0. 0.],[1. 1. 1. ... 1. 0. 0.]
775,SVC,"{'C': 1, 'gamma': 0.0001, 'kernel': 'sigmoid'}",0.34556931247655115,0.015516372518578942,0.0,0.0,0.5108529417480138,0.013703726179699111,0.5032516440192139,0.02380230495527047,0.5110602593440122,0.5119222175673789,"{0: 0.5047118651957361, 1: 0.5047118651957361}","{0: 0.5047118651957361, 1: 0.5047118651957361}",0.5047118651957361,"[[415 236]
 [405 255]]",[1. 1. 1. ... 0. 0. 0.],[1. 1. 1. ... 1. 0. 0.]
948,SVC,"{'C': 1, 'gamma': 0.0001, 'kernel': 'sigmoid'}",0.34556931247655115,0.015516372518578942,0.0,0.0,0.5108529417480138,0.013703726179699111,0.5032516440192139,0.02380230495527047,0.5110602593440122,0.5119222175673789,"{0: 0.5043604245217148, 1: 0.5043604245217148}","{0: 0.5043604245217148, 1: 0.5043604245217148}",0.5043604245217148,"[[415 236]
 [405 255]]",[1. 1. 1. ... 0. 0. 0.],[1. 1. 1. ... 1. 0. 0.]
34,SVC,"{'C': 1, 'gamma': 0.0001, 'kernel': 'sigmoid'}",0.34556931247655115,0.015516372518578942,0.0,0.0,0.5108529417480138,0.013703726179699111,0.5032516440192139,0.02380230495527047,0.5110602593440122,0.5119222175673789,"{0: 0.5047700507377927, 1: 0.5047700507377927}","{0: 0.5047700507377927, 1: 0.5047700507377927}",0.5047700507377927,"[[415 236]
 [405 255]]",[1. 1. 1. ... 0. 0. 0.],[1. 1. 1. ... 1. 0. 0.]
215,SVC,"{'C': 0.1, 'gamma': 0.0001, 'kernel': 'sigmoid'}",0.34556931247655115,0.015516372518578942,0.0,0.0,0.5108529417480138,0.013703726179699111,0.5032516440192139,0.02380230495527047,0.5110602593440122,0.5119222175673789,"{0: 0.506452776614067, 1: 0.506452776614067}","{0: 0.506452776614067, 1: 0.506452776614067}",0.506452776614067,"[[415 236]
 [405 255]]",[1. 1. 1. ... 0. 0. 0.],[1. 1. 1. ... 1. 0. 0.]
64,SVC,"{'C': 0.1, 'gamma': 0.0001, 'kernel': 'rbf'}",0.34556931247655115,0.015516372518578942,0.0,0.0,0.5108529417480138,0.013703726179699111,0.5032516440192139,0.02380230495527047,0.5110602593440122,0.5119222175673789,"{0: 0.5085241819112787, 1: 0.5085241819112787}","{0: 0.5085241819112787, 1: 0.5085241819112787}",0.5085241819112787,"[[415 236]
 [405 255]]",[1. 1. 1. ... 0. 0. 0.],[1. 1. 1. ... 1. 0. 0.]
555,SVC,"{'C': 0.1, 'gamma': 0.0001, 'kernel': 'rbf'}",0.34556931247655115,0.015516372518578942,0.0,0.0,0.5108529417480138,0.013703726179699111,0.5032516440192139,0.02380230495527047,0.5110602593440122,0.5119222175673789,"{0: 0.505138947074431, 1: 0.505138947074431}","{0: 0.505138947074431, 1: 0.505138947074431}",0.505138947074431,"[[415 236]
 [405 255]]",[1. 1. 1. ... 0. 0. 0.],[1. 1. 1. ... 1. 0. 0.]
750,SVC,"{'C': 0.1, 'gamma': 0.001, 'kernel': 'sigmoid'}",0.34556931247655115,0.015516372518578942,0.0,0.0,0.5108529417480138,0.013703726179699111,0.5032516440192139,0.02380230495527047,0.5110602593440122,0.5119222175673789,"{0: 0.506953172275753, 1: 0.506953172275753}","{0: 0.506953172275753, 1: 0.506953172275753}",0.506953172275753,"[[415 236]
 [405 255]]",[1. 1. 1. ... 0. 0. 0.],[1. 1. 1. ... 1. 0. 0.]
631,SVC,"{'C': 0.1, 'gamma': 0.0001, 'kernel': 'rbf'}",0.3479871536396215,0.022963224121198125,-0.0029319371727748677,0.014363500062393496,0.5088529417480138,0.013311794702451876,0.49851765906511697,0.01787487586891756,0.5080091533180778,0.5089547549224969,"{0: 0.5087580877903458, 1: 0.5087580877903459}","{0: 0.5087580877903458, 1: 0.5087580877903459}",0.5087580877903459,"[[421 230]
 [415 245]]",[1. 1. 1. ... 0. 0. 0.],[1. 1. 1. ... 1. 0. 0.]
502,AdaBoost,"{'algorithm': 'SAMME.R', 'learning_rate': 2.1408163265306124, 'n_estimators': 74}",0.3353268526130214,0.018431282532955066,-0.003788024900716587,0.02252584407787331,0.4955292259711841,0.017869456225279,0.3347756273797144,-0.00620713091844749,0.4935163996948894,0.4968754363915654,"{0: 0.42828282828282827, 1: 0.4282828282828282}","{0: 0.42828282828282827, 1: 0.4282828282828282}",0.4282828282828282,"[[642   9]
 [655   5]]",[0. 1. 0. ... 0. 0. 0.],[1. 1. 1. ... 1. 0. 0.]
347,SVC,"{'C': 0.1, 'gamma': 0.001, 'kernel': 'rbf'}",0.3443842497784665,0.014240134527253066,-0.004949832775919729,0.024249129226214722,0.5083529417480137,0.014302336170998065,0.4988828001186909,0.016239083920519204,0.5072463768115942,0.5081343387795001,"{0: 0.5057882977237816, 1: 0.5057882977237815}","{0: 0.5057882977237816, 1: 0.5057882977237815}",0.5057882977237815,"[[415 236]
 [410 250]]",[1. 1. 1. ... 0. 0. 0.],[1. 1. 1. ... 1. 0. 0.]
299,AdaBoost,"{'algorithm': 'SAMME.R', 'learning_rate': 3.2020408163265306, 'n_estimators': 74}",0.3318863160391298,0.01985536804523784,-0.00513370457947107,0.029407696795830305,0.4947173384092865,0.02155371018693874,0.33354948074662805,-6.241288201880302e-05,0.4965675057208238,0.4999685798072895,"{0: 0.5458816273332402, 1: 0.5458816273332402}","{0: 0.5458816273332402, 1: 0.5458816273332402}",0.5458816273332402,"[[648   3]
 [657   3]]",[0. 0. 0. ... 0. 0. 0.],[1. 1. 1. ... 1. 0. 0.]
663,AdaBoost,"{'algorithm': 'SAMME.R', 'learning_rate': 3.2020408163265306, 'n_estimators': 74}",0.3318863160391298,0.01985536804523784,-0.00513370457947107,0.029407696795830305,0.4947173384092865,0.02155371018693874,0.33354948074662805,-6.241288201880302e-05,0.4965675057208238,0.4999685798072895,"{0: 0.5458816273332402, 1: 0.5458816273332402}","{0: 0.5458816273332402, 1: 0.5458816273332402}",0.5458816273332402,"[[648   3]
 [657   3]]",[0. 0. 0. ... 0. 0. 0.],[1. 1. 1. ... 1. 0. 0.]
51,AdaBoost,"{'algorithm': 'SAMME.R', 'learning_rate': 3.7734693877551018, 'n_estimators': 74}",0.40236465044037045,0.08536408204859064,-0.006305483337940445,0.07864574994852307,0.49587392470080077,0.041104340220692495,0.4426853192732953,0.0036147258369481072,0.4996186117467582,0.5018153889121632,"{0: 0.5252048131080388, 1: 0.5252048131080391}","{0: 0.5252048131080388, 1: 0.5252048131080391}",0.5252048131080391,"[[535 116]
 [540 120]]",[0. 0. 0. ... 1. 0. 0.],[1. 1. 1. ... 1. 0. 0.]
833,SVC,"{'C': 100, 'gamma': 0.1, 'kernel': 'sigmoid'}",0.4676526268540237,0.10295775299919668,-0.01681824024893956,0.1752986489839188,0.4888320030364454,0.08862320654278122,0.47963945381081063,-0.03156239430677443,0.4836003051106026,0.4841991341991342,"{0: 0.49549411162314383, 1: 0.4954941116231439}","{0: 0.49549411162314383, 1: 0.4954941116231439}",0.4954941116231439,"[[372 279]
 [398 262]]",[1. 1. 0. ... 0. 0. 0.],[1. 1. 1. ... 1. 0. 0.]
45,SVC,"{'C': 100, 'gamma': 0.01, 'kernel': 'sigmoid'}",0.4761651613388769,0.09382384536661041,-0.01986680163994582,0.17939116214817533,0.49081093145414373,0.08909196307338826,0.4731238311253131,-0.04631328754434727,0.4774980930587338,0.47687124703253736,"{0: 0.48692803612158453, 1: 0.4869280361215844}","{0: 0.48692803612158453, 1: 0.4869280361215844}",0.4869280361215844,"[[251 400]
 [285 375]]",[0. 0. 1. ... 0. 1. 0.],[1. 1. 1. ... 1. 0. 0.]
88,SVC,"{'C': 1000, 'gamma': 1, 'kernel': 'sigmoid'}",0.4707306807947535,0.10232945217286744,-0.019981391046505263,0.17406281130230483,0.48996903555895427,0.08765291135325996,0.5014498743832262,0.01756679040100384,0.5080091533180778,0.5087976539589443,"{0: 0.507338360564167, 1: 0.5073383605641669}","{0: 0.507338360564167, 1: 0.5073383605641669}",0.5073383605641669,"[[406 245]
 [400 260]]",[1. 0. 1. ... 1. 0. 0.],[1. 1. 1. ... 1. 0. 0.]
447,SVC,"{'C': 10, 'gamma': 0.0001, 'kernel': 'sigmoid'}",0.41308956686690307,0.1326075648925579,-0.020597894233364625,0.22225894911308933,0.4868535535478608,0.11040597749210634,0.4374031341659073,-0.05833228944841107,0.4691075514874142,0.4707373271889401,"{0: 0.46623725736628957, 1: 0.46623725736628957}","{0: 0.46623725736628957, 1: 0.46623725736628957}",0.46623725736628957,"[[461 190]
 [506 154]]",[0. 0. 1. ... 0. 0. 0.],[1. 1. 1. ... 1. 0. 0.]
542,SVC,"{'C': 1000, 'gamma': 0.01, 'kernel': 'sigmoid'}",0.4420528339515187,0.079039143703081,-0.023815664895829827,0.12651188089053014,0.4835997210183951,0.06243803478790566,0.4834921047607135,-0.03301035283437215,0.4836003051106026,0.4834974165619327,"{0: 0.4854512870641903, 1: 0.48545128706419016}","{0: 0.4854512870641903, 1: 0.48545128706419016}",0.48545128706419016,"[[305 346]
 [331 329]]",[1. 0. 0. ... 0. 0. 0.],[1. 1. 1. ... 1. 0. 0.]
423,SVC,"{'C': 1000, 'gamma': 0.01, 'kernel': 'sigmoid'}",0.4469213817752178,0.09181887055371593,-0.03271546730574882,0.14974159124992442,0.4809026800638495,0.07498094445803616,0.4884500625549079,-0.01435353175185794,0.4935163996948894,0.4928327049294791,"{0: 0.49300260671228413, 1: 0.49300260671228413}","{0: 0.49300260671228413, 1: 0.49300260671228413}",0.49300260671228413,"[[256 395]
 [269 391]]",[1. 0. 0. ... 0. 0. 1.],[1. 1. 1. ... 1. 0. 0.]
336,SVC,"{'C': 1000, 'gamma': 1, 'kernel': 'sigmoid'}",0.46682253045719735,0.08218206442630133,-0.03770883119128039,0.15501849340653923,0.47807344427977805,0.0772929092428477,0.4704159286198649,-0.04984710439788431,0.4744469870327994,0.4750453847228041,"{0: 0.4831413210445469, 1: 0.4831413210445469}","{0: 0.4831413210445469, 1: 0.4831413210445469}",0.4831413210445469,"[[366 285]
 [404 256]]",[0. 1. 0. ... 0. 0. 0.],[1. 1. 1. ... 1. 0. 0.]
617,AdaBoost,"{'algorithm': 'SAMME', 'learning_rate': 2.059183673469388, 'n_estimators': 74}",0.4418508943404545,0.07911357306080627,-0.07701929463135286,0.13152081109295666,0.46141545925539007,0.06641003152559381,0.4572063101064519,-0.07975899656458263,0.4607170099160946,0.46016268677559,"{0: 0.44421286598705956, 1: 0.44421286598705956}","{0: 0.44421286598705956, 1: 0.44421286598705956}",0.44421286598705956,"[[247 404]
 [303 357]]",[0. 0. 1. ... 0. 0. 1.],[1. 1. 1. ... 1. 0. 0.]
56,SVC,"{'C': 1, 'gamma': 0.001, 'kernel': 'sigmoid'}",0.4005745996145266,0.09903740153556252,-0.07876117300932858,0.18007974456831996,0.4593734952650047,0.08839032333807864,0.456516521940484,-0.037477198991882066,0.4797864225781846,0.48120723362658846,"{0: 0.47797909975329333, 1: 0.4779790997532933}","{0: 0.47797909975329333, 1: 0.4779790997532933}",0.4779790997532933,"[[448 203]
 [479 181]]",[0. 0. 1. ... 0. 0. 0.],[1. 1. 1. ... 1. 0. 0.]
651,AdaBoost,"{'algorithm': 'SAMME', 'learning_rate': 1.9775510204081632, 'n_estimators': 30}",0.43587735831037855,0.0885565933067018,-0.08218763384949707,0.1609794233029279,0.45875605767510064,0.08104276526270568,0.4602632785167808,-0.07641108956553633,0.4622425629290618,0.4618244658567239,"{0: 0.46157775915840427, 1: 0.4615777591584043}","{0: 0.46157775915840427, 1: 0.4615777591584043}",0.4615777591584043,"[[261 390]
 [315 345]]",[0. 0. 1. ... 0. 1. 1.],[1. 1. 1. ... 1. 0. 0.]
733,AdaBoost,"{'algorithm': 'SAMME', 'learning_rate': 1.9775510204081632, 'n_estimators': 74}",0.43672269590353296,0.08137037492459642,-0.08394292988264582,0.14365861563492158,0.45808462667384753,0.07402443200472572,0.4508572303491302,-0.08344960467743001,0.4591914569031274,0.45834380673090347,"{0: 0.4572324628776242, 1: 0.4572324628776242}","{0: 0.4572324628776242, 1: 0.4572324628776242}",0.4572324628776242,"[[218 433]
 [276 384]]",[1. 1. 1. ... 0. 1. 1.],[1. 1. 1. ... 1. 0. 0.]
370,AdaBoost,"{'algorithm': 'SAMME', 'learning_rate': 1.9775510204081632, 'n_estimators': 52}",0.4351268082262794,0.08936052697413044,-0.09031129420395378,0.15828631834274093,0.4546635863148459,0.08062456525908453,0.44768970603561303,-0.09388263097910077,0.45385202135774216,0.45312456360843456,"{0: 0.4605036540520411, 1: 0.46050365405204113}","{0: 0.4605036540520411, 1: 0.46050365405204113}",0.46050365405204113,"[[226 425]
 [291 369]]",[0. 1. 1. ... 0. 1. 1.],[1. 1. 1. ... 1. 0. 0.]
920,AdaBoost,"{'algorithm': 'SAMME', 'learning_rate': 1.9775510204081632, 'n_estimators': 52}",0.4351268082262794,0.08936052697413044,-0.09031129420395378,0.15828631834274093,0.4546635863148459,0.08062456525908453,0.44768970603561303,-0.09388263097910077,0.45385202135774216,0.45312456360843456,"{0: 0.4605036540520411, 1: 0.46050365405204113}","{0: 0.4605036540520411, 1: 0.46050365405204113}",0.46050365405204113,"[[226 425]
 [291 369]]",[0. 1. 1. ... 0. 1. 1.],[1. 1. 1. ... 1. 0. 0.]
909,AdaBoost,"{'algorithm': 'SAMME', 'learning_rate': 4.1, 'n_estimators': 96}",0.42374097775206776,0.09110494384764951,-0.09733443007788091,0.16672919601719122,0.45012877967652465,0.08369189793421505,0.46123147478821563,-0.0773619957537155,0.4614797864225782,0.4613287250384025,"{0: 0.43787529674626446, 1: 0.43787529674626446}","{0: 0.43787529674626446, 1: 0.43787529674626446}",0.43787529674626446,"[[286 365]
 [341 319]]",[0. 1. 1. ... 1. 0. 0.],[1. 1. 1. ... 1. 0. 0.]
52,AdaBoost,"{'algorithm': 'SAMME', 'learning_rate': 3.446938775510204, 'n_estimators': 30}",0.42339921291747495,0.08678449991589213,-0.09834155811269563,0.14958017617350267,0.45082650396950263,0.07587317152365841,0.4364513852662999,-0.10227292604681582,0.4500381388253242,0.44897011590559976,"{0: 0.48182050923986414, 1: 0.4818205092398641}","{0: 0.48182050923986414, 1: 0.4818205092398641}",0.4818205092398641,"[[191 460]
 [261 399]]",[0. 1. 1. ... 0. 1. 1.],[1. 1. 1. ... 1. 0. 0.]
233,AdaBoost,"{'algorithm': 'SAMME', 'learning_rate': 3.8551020408163263, 'n_estimators': 52}",0.42195919641830515,0.09280722715607559,-0.1004129675906809,0.1644172309688623,0.44979079923051013,0.08319514236381541,0.43773996899741835,-0.09923837711702821,0.45156369183829137,0.4504852674207513,"{0: 0.4212924172601592, 1: 0.42129241726015915}","{0: 0.4212924172601592, 1: 0.42129241726015915}",0.42129241726015915,"[[191 460]
 [259 401]]",[0. 1. 1. ... 0. 1. 1.],[1. 1. 1. ... 1. 0. 0.]
553,AdaBoost,"{'algorithm': 'SAMME', 'learning_rate': 3.610204081632653, 'n_estimators': 52}",0.42195919641830515,0.09280722715607559,-0.1004129675906809,0.1644172309688623,0.44979079923051013,0.08319514236381541,0.43773996899741835,-0.09923837711702821,0.45156369183829137,0.4504852674207513,"{0: 0.4239247311827956, 1: 0.4239247311827957}","{0: 0.4239247311827956, 1: 0.4239247311827957}",0.4239247311827957,"[[191 460]
 [259 401]]",[0. 1. 1. ... 0. 1. 1.],[1. 1. 1. ... 1. 0. 0.]
97,AdaBoost,"{'algorithm': 'SAMME', 'learning_rate': 3.691836734693877, 'n_estimators': 74}",0.42195919641830515,0.09280722715607559,-0.1004129675906809,0.1644172309688623,0.44979079923051013,0.08319514236381541,0.43773996899741835,-0.09923837711702821,0.45156369183829137,0.4504852674207513,"{0: 0.4249348321928967, 1: 0.4249348321928967}","{0: 0.4249348321928967, 1: 0.4249348321928967}",0.4249348321928967,"[[191 460]
 [259 401]]",[0. 1. 1. ... 0. 1. 1.],[1. 1. 1. ... 1. 0. 0.]
25,AdaBoost,"{'algorithm': 'SAMME', 'learning_rate': 3.610204081632653, 'n_estimators': 52}",0.42195919641830515,0.09280722715607559,-0.1004129675906809,0.1644172309688623,0.44979079923051013,0.08319514236381541,0.43773996899741835,-0.09923837711702821,0.45156369183829137,0.4504852674207513,"{0: 0.4239247311827956, 1: 0.4239247311827957}","{0: 0.4239247311827956, 1: 0.4239247311827957}",0.4239247311827957,"[[191 460]
 [259 401]]",[0. 1. 1. ... 0. 1. 1.],[1. 1. 1. ... 1. 0. 0.]
165,AdaBoost,"{'algorithm': 'SAMME', 'learning_rate': 3.7734693877551018, 'n_estimators': 30}",0.42195919641830515,0.09280722715607559,-0.1004129675906809,0.1644172309688623,0.44979079923051013,0.08319514236381541,0.43773996899741835,-0.09923837711702821,0.45156369183829137,0.4504852674207513,"{0: 0.4211038961038961, 1: 0.4211038961038961}","{0: 0.4211038961038961, 1: 0.4211038961038961}",0.4211038961038961,"[[191 460]
 [259 401]]",[0. 1. 1. ... 0. 1. 1.],[1. 1. 1. ... 1. 0. 0.]
118,AdaBoost,"{'algorithm': 'SAMME', 'learning_rate': 3.936734693877551, 'n_estimators': 30}",0.42195919641830515,0.09280722715607559,-0.1004129675906809,0.1644172309688623,0.44979079923051013,0.08319514236381541,0.43773996899741835,-0.09923837711702821,0.45156369183829137,0.4504852674207513,"{0: 0.4203963599124889, 1: 0.4203963599124889}","{0: 0.4203963599124889, 1: 0.4203963599124889}",0.4203963599124889,"[[191 460]
 [259 401]]",[0. 1. 1. ... 0. 1. 1.],[1. 1. 1. ... 1. 0. 0.]
526,AdaBoost,"{'algorithm': 'SAMME', 'learning_rate': 3.8551020408163263, 'n_estimators': 30}",0.42195919641830515,0.09280722715607559,-0.1004129675906809,0.1644172309688623,0.44979079923051013,0.08319514236381541,0.43773996899741835,-0.09923837711702821,0.45156369183829137,0.4504852674207513,"{0: 0.4211550993809058, 1: 0.42115509938090584}","{0: 0.4211550993809058, 1: 0.42115509938090584}",0.42115509938090584,"[[191 460]
 [259 401]]",[0. 1. 1. ... 0. 1. 1.],[1. 1. 1. ... 1. 0. 0.]
984,AdaBoost,"{'algorithm': 'SAMME', 'learning_rate': 2.5489795918367344, 'n_estimators': 30}",0.4221834015648197,0.09612911331867378,-0.10067299039526668,0.1758428642502433,0.4498545226650361,0.08879713505699864,0.4361759633478979,-0.10229606384058032,0.4500381388253242,0.4489596425080296,"{0: 0.42243518130614904, 1: 0.42243518130614904}","{0: 0.42243518130614904, 1: 0.42243518130614904}",0.42243518130614904,"[[190 461]
 [260 400]]",[0. 1. 1. ... 0. 1. 1.],[1. 1. 1. ... 1. 0. 0.]
892,AdaBoost,"{'algorithm': 'SAMME', 'learning_rate': 2.5489795918367344, 'n_estimators': 30}",0.4221834015648197,0.09612911331867378,-0.10067299039526668,0.1758428642502433,0.4498545226650361,0.08879713505699864,0.4361759633478979,-0.10229606384058032,0.4500381388253242,0.4489596425080296,"{0: 0.42243518130614904, 1: 0.42243518130614904}","{0: 0.42243518130614904, 1: 0.42243518130614904}",0.42243518130614904,"[[190 461]
 [260 400]]",[0. 1. 1. ... 0. 1. 1.],[1. 1. 1. ... 1. 0. 0.]
805,AdaBoost,"{'algorithm': 'SAMME', 'learning_rate': 2.5489795918367344, 'n_estimators': 52}",0.4221834015648197,0.09612911331867378,-0.10067299039526668,0.1758428642502433,0.4498545226650361,0.08879713505699864,0.4361759633478979,-0.10229606384058032,0.4500381388253242,0.4489596425080296,"{0: 0.42092235721267973, 1: 0.4209223572126798}","{0: 0.42092235721267973, 1: 0.4209223572126798}",0.4209223572126798,"[[190 461]
 [260 400]]",[0. 1. 1. ... 0. 1. 1.],[1. 1. 1. ... 1. 0. 0.]
954,AdaBoost,"{'algorithm': 'SAMME', 'learning_rate': 3.3653061224489793, 'n_estimators': 74}",0.42133729341283094,0.08432973645352604,-0.10278600255714007,0.14486718632581552,0.4486042817472804,0.0735513033472789,0.43516135840021464,-0.10530734758561344,0.448512585812357,0.4474549643904483,"{0: 0.4695433598659406, 1: 0.46954335986594053}","{0: 0.4695433598659406, 1: 0.46954335986594053}",0.46954335986594053,"[[191 460]
 [263 397]]",[0. 1. 1. ... 0. 1. 1.],[1. 1. 1. ... 1. 0. 0.]
768,AdaBoost,"{'algorithm': 'SAMME', 'learning_rate': 3.3653061224489793, 'n_estimators': 52}",0.42133729341283094,0.08432973645352604,-0.10278600255714007,0.14486718632581552,0.4486042817472804,0.0735513033472789,0.43516135840021464,-0.10530734758561344,0.448512585812357,0.4474549643904483,"{0: 0.476921286598706, 1: 0.476921286598706}","{0: 0.476921286598706, 1: 0.476921286598706}",0.476921286598706,"[[191 460]
 [263 397]]",[0. 1. 1. ... 0. 1. 1.],[1. 1. 1. ... 1. 0. 0.]
71,AdaBoost,"{'algorithm': 'SAMME', 'learning_rate': 3.2836734693877547, 'n_estimators': 30}",0.42133729341283094,0.08432973645352604,-0.10278600255714007,0.14486718632581552,0.4486042817472804,0.0735513033472789,0.43516135840021464,-0.10530734758561344,0.448512585812357,0.4474549643904483,"{0: 0.47948028673835125, 1: 0.4794802867383513}","{0: 0.47948028673835125, 1: 0.4794802867383513}",0.4794802867383513,"[[191 460]
 [263 397]]",[0. 1. 1. ... 0. 1. 1.],[1. 1. 1. ... 1. 0. 0.]
87,AdaBoost,"{'algorithm': 'SAMME', 'learning_rate': 3.3653061224489793, 'n_estimators': 74}",0.42133729341283094,0.08432973645352604,-0.10278600255714007,0.14486718632581552,0.4486042817472804,0.0735513033472789,0.43516135840021464,-0.10530734758561344,0.448512585812357,0.4474549643904483,"{0: 0.4695433598659406, 1: 0.46954335986594053}","{0: 0.4695433598659406, 1: 0.46954335986594053}",0.46954335986594053,"[[191 460]
 [263 397]]",[0. 1. 1. ... 0. 1. 1.],[1. 1. 1. ... 1. 0. 0.]
216,AdaBoost,"{'algorithm': 'SAMME', 'learning_rate': 3.3653061224489793, 'n_estimators': 52}",0.42133729341283094,0.08432973645352604,-0.10278600255714007,0.14486718632581552,0.4486042817472804,0.0735513033472789,0.43516135840021464,-0.10530734758561344,0.448512585812357,0.4474549643904483,"{0: 0.476921286598706, 1: 0.476921286598706}","{0: 0.476921286598706, 1: 0.476921286598706}",0.476921286598706,"[[191 460]
 [263 397]]",[0. 1. 1. ... 0. 1. 1.],[1. 1. 1. ... 1. 0. 0.]
942,AdaBoost,"{'algorithm': 'SAMME', 'learning_rate': 3.2836734693877547, 'n_estimators': 52}",0.42133729341283094,0.08432973645352604,-0.10278600255714007,0.14486718632581552,0.4486042817472804,0.0735513033472789,0.43516135840021464,-0.10530734758561344,0.448512585812357,0.4474549643904483,"{0: 0.47051971326164876, 1: 0.47051971326164876}","{0: 0.47051971326164876, 1: 0.47051971326164876}",0.47051971326164876,"[[191 460]
 [263 397]]",[0. 1. 1. ... 0. 1. 1.],[1. 1. 1. ... 1. 0. 0.]
309,AdaBoost,"{'algorithm': 'SAMME', 'learning_rate': 3.3653061224489793, 'n_estimators': 52}",0.42133729341283094,0.08432973645352604,-0.10278600255714007,0.14486718632581552,0.4486042817472804,0.0735513033472789,0.43516135840021464,-0.10530734758561344,0.448512585812357,0.4474549643904483,"{0: 0.476921286598706, 1: 0.476921286598706}","{0: 0.476921286598706, 1: 0.476921286598706}",0.476921286598706,"[[191 460]
 [263 397]]",[0. 1. 1. ... 0. 1. 1.],[1. 1. 1. ... 1. 0. 0.]
523,AdaBoost,"{'algorithm': 'SAMME', 'learning_rate': 3.936734693877551, 'n_estimators': 96}",0.4207519207762007,0.09255407082521683,-0.10352215676020661,0.16332990426529428,0.44825456734645214,0.08279402069427594,0.4364513852662999,-0.10227292604681582,0.4500381388253242,0.44897011590559976,"{0: 0.41978192058837227, 1: 0.41978192058837216}","{0: 0.41978192058837227, 1: 0.41978192058837216}",0.41978192058837216,"[[191 460]
 [261 399]]",[0. 1. 1. ... 0. 1. 1.],[1. 1. 1. ... 1. 0. 0.]
381,AdaBoost,"{'algorithm': 'SAMME', 'learning_rate': 4.1, 'n_estimators': 74}",0.4207519207762007,0.09255407082521683,-0.10352215676020661,0.16332990426529428,0.44825456734645214,0.08279402069427594,0.4364513852662999,-0.10227292604681582,0.4500381388253242,0.44897011590559976,"{0: 0.41979355769678356, 1: 0.41979355769678345}","{0: 0.41979355769678356, 1: 0.41979355769678345}",0.41979355769678345,"[[191 460]
 [261 399]]",[0. 1. 1. ... 0. 1. 1.],[1. 1. 1. ... 1. 0. 0.]
531,AdaBoost,"{'algorithm': 'SAMME', 'learning_rate': 4.018367346938775, 'n_estimators': 52}",0.4207519207762007,0.09255407082521683,-0.10352215676020661,0.16332990426529428,0.44825456734645214,0.08279402069427594,0.4364513852662999,-0.10227292604681582,0.4500381388253242,0.44897011590559976,"{0: 0.42068728762277147, 1: 0.4206872876227715}","{0: 0.42068728762277147, 1: 0.4206872876227715}",0.4206872876227715,"[[191 460]
 [261 399]]",[0. 1. 1. ... 0. 1. 1.],[1. 1. 1. ... 1. 0. 0.]
743,AdaBoost,"{'algorithm': 'SAMME', 'learning_rate': 4.1, 'n_estimators': 52}",0.4207519207762007,0.09255407082521683,-0.10352215676020661,0.16332990426529428,0.44825456734645214,0.08279402069427594,0.4364513852662999,-0.10227292604681582,0.4500381388253242,0.44897011590559976,"{0: 0.41952590420332353, 1: 0.41952590420332353}","{0: 0.41952590420332353, 1: 0.41952590420332353}",0.41952590420332353,"[[191 460]
 [261 399]]",[0. 1. 1. ... 0. 1. 1.],[1. 1. 1. ... 1. 0. 0.]
714,AdaBoost,"{'algorithm': 'SAMME', 'learning_rate': 3.936734693877551, 'n_estimators': 96}",0.4207519207762007,0.09255407082521683,-0.10352215676020661,0.16332990426529428,0.44825456734645214,0.08279402069427594,0.4364513852662999,-0.10227292604681582,0.4500381388253242,0.44897011590559976,"{0: 0.41978192058837227, 1: 0.41978192058837216}","{0: 0.41978192058837227, 1: 0.41978192058837216}",0.41978192058837216,"[[191 460]
 [261 399]]",[0. 1. 1. ... 0. 1. 1.],[1. 1. 1. ... 1. 0. 0.]
341,AdaBoost,"{'algorithm': 'SAMME', 'learning_rate': 3.936734693877551, 'n_estimators': 74}",0.4207519207762007,0.09255407082521683,-0.10352215676020661,0.16332990426529428,0.44825456734645214,0.08279402069427594,0.4364513852662999,-0.10227292604681582,0.4500381388253242,0.44897011590559976,"{0: 0.42018689196108544, 1: 0.4201868919610855}","{0: 0.42018689196108544, 1: 0.4201868919610855}",0.4201868919610855,"[[191 460]
 [261 399]]",[0. 1. 1. ... 0. 1. 1.],[1. 1. 1. ... 1. 0. 0.]
841,AdaBoost,"{'algorithm': 'SAMME', 'learning_rate': 3.446938775510204, 'n_estimators': 96}",0.4203808978991599,0.09263556447710747,-0.10405584382698133,0.16410959215070084,0.4479693611123598,0.0830430907085908,0.43553223388305845,-0.10381332213825911,0.4492753623188406,0.4482020667504538,"{0: 0.4745542987478471, 1: 0.47455429874784716}","{0: 0.4745542987478471, 1: 0.47455429874784716}",0.47455429874784716,"[[190 461]
 [261 399]]",[0. 1. 1. ... 0. 1. 1.],[1. 1. 1. ... 1. 0. 0.]
858,AdaBoost,"{'algorithm': 'SAMME', 'learning_rate': 2.1408163265306124, 'n_estimators': 74}",0.4257573529621371,0.0831427687015144,-0.1063094544616634,0.1568430946519324,0.44659066904313555,0.07877608930346469,0.44197159021771626,-0.10888119953863895,0.4462242562929062,0.44562211981566824,"{0: 0.43576432528045433, 1: 0.4357643252804543}","{0: 0.43576432528045433, 1: 0.4357643252804543}",0.4357643252804543,"[[233 418]
 [308 352]]",[0. 0. 1. ... 0. 0. 1.],[1. 1. 1. ... 1. 0. 0.]
211,AdaBoost,"{'algorithm': 'SAMME', 'learning_rate': 2.1408163265306124, 'n_estimators': 96}",0.4257573529621371,0.0831427687015144,-0.1063094544616634,0.1568430946519324,0.44659066904313555,0.07877608930346469,0.44197159021771626,-0.10888119953863895,0.4462242562929062,0.44562211981566824,"{0: 0.4353221151608248, 1: 0.43532211516082486}","{0: 0.4353221151608248, 1: 0.43532211516082486}",0.43532211516082486,"[[233 418]
 [308 352]]",[0. 0. 1. ... 0. 0. 1.],[1. 1. 1. ... 1. 0. 0.]
716,AdaBoost,"{'algorithm': 'SAMME', 'learning_rate': 2.4673469387755103, 'n_estimators': 30}",0.4213421718127373,0.09523692824877106,-0.10653514804994922,0.1759351562142578,0.4471812522577037,0.08851576454762178,0.433365493734564,-0.11130583218774381,0.4454614797864226,0.44445608155285576,"{0: 0.4233417120513895, 1: 0.4233417120513895}","{0: 0.4233417120513895, 1: 0.4233417120513895}",0.4233417120513895,"[[194 457]
 [270 390]]",[0. 1. 1. ... 0. 1. 1.],[1. 1. 1. ... 1. 0. 0.]
545,AdaBoost,"{'algorithm': 'SAMME', 'learning_rate': 2.4673469387755103, 'n_estimators': 96}",0.42125200898676907,0.09335243248106191,-0.10735199422752706,0.17154250918480587,0.44671516747064,0.0864263960574098,0.4336224665952601,-0.11128250870105116,0.4454614797864226,0.44446655495042586,"{0: 0.42264581296839365, 1: 0.42264581296839365}","{0: 0.42264581296839365, 1: 0.42264581296839365}",0.42264581296839365,"[[195 456]
 [271 389]]",[0. 1. 1. ... 0. 1. 1.],[1. 1. 1. ... 1. 0. 0.]
815,AdaBoost,"{'algorithm': 'SAMME', 'learning_rate': 2.4673469387755103, 'n_estimators': 96}",0.42125200898676907,0.09335243248106191,-0.10735199422752706,0.17154250918480587,0.44671516747064,0.0864263960574098,0.4336224665952601,-0.11128250870105116,0.4454614797864226,0.44446655495042586,"{0: 0.42264581296839365, 1: 0.42264581296839365}","{0: 0.42264581296839365, 1: 0.42264581296839365}",0.42264581296839365,"[[195 456]
 [271 389]]",[0. 1. 1. ... 0. 1. 1.],[1. 1. 1. ... 1. 0. 0.]
344,AdaBoost,"{'algorithm': 'SAMME', 'learning_rate': 2.4673469387755103, 'n_estimators': 96}",0.42125200898676907,0.09335243248106191,-0.10735199422752706,0.17154250918480587,0.44671516747064,0.0864263960574098,0.4336224665952601,-0.11128250870105116,0.4454614797864226,0.44446655495042586,"{0: 0.42264581296839365, 1: 0.42264581296839365}","{0: 0.42264581296839365, 1: 0.42264581296839365}",0.42264581296839365,"[[195 456]
 [271 389]]",[0. 1. 1. ... 0. 1. 1.],[1. 1. 1. ... 1. 0. 0.]
907,AdaBoost,"{'algorithm': 'SAMME', 'learning_rate': 2.630612244897959, 'n_estimators': 74}",0.4177120790684167,0.0933781066100018,-0.10824710587732858,0.1673097827755697,0.445847210605306,0.08454526081583007,0.4318443388484231,-0.10997522985851615,0.4462242562929062,0.4451298701298701,"{0: 0.4608457850393334, 1: 0.46084578503933343}","{0: 0.4608457850393334, 1: 0.46084578503933343}",0.46084578503933343,"[[186 465]
 [261 399]]",[0. 1. 1. ... 0. 1. 1.],[1. 1. 1. ... 1. 0. 0.]
360,AdaBoost,"{'algorithm': 'SAMME', 'learning_rate': 2.630612244897959, 'n_estimators': 74}",0.4177120790684167,0.0933781066100018,-0.10824710587732858,0.1673097827755697,0.445847210605306,0.08454526081583007,0.4318443388484231,-0.10997522985851615,0.4462242562929062,0.4451298701298701,"{0: 0.4608457850393334, 1: 0.46084578503933343}","{0: 0.4608457850393334, 1: 0.46084578503933343}",0.46084578503933343,"[[186 465]
 [261 399]]",[0. 1. 1. ... 0. 1. 1.],[1. 1. 1. ... 1. 0. 0.]
77,AdaBoost,"{'algorithm': 'SAMME', 'learning_rate': 2.1408163265306124, 'n_estimators': 52}",0.4248494683333222,0.08305763450223677,-0.10830945446166339,0.15706851537513294,0.4455906690431356,0.07888506565905687,0.4411275232786726,-0.11042022739744217,0.4454614797864226,0.4448540706605223,"{0: 0.43465414513801615, 1: 0.43465414513801603}","{0: 0.43465414513801615, 1: 0.43465414513801603}",0.43465414513801603,"[[232 419]
 [308 352]]",[0. 0. 1. ... 0. 0. 1.],[1. 1. 1. ... 1. 0. 0.]
435,AdaBoost,"{'algorithm': 'SAMME', 'learning_rate': 4.018367346938775, 'n_estimators': 96}",0.41773075512617447,0.08999974593001443,-0.10996660120465104,0.15908178408164275,0.4450323451242299,0.0807003084911193,0.43424369051172357,-0.10684774319038914,0.4477498093058734,0.44668691523530235,"{0: 0.4200100079132338, 1: 0.4200100079132337}","{0: 0.4200100079132338, 1: 0.4200100079132337}",0.4200100079132337,"[[190 461]
 [263 397]]",[0. 1. 1. ... 0. 1. 1.],[1. 1. 1. ... 1. 0. 0.]
980,AdaBoost,"{'algorithm': 'SAMME', 'learning_rate': 4.018367346938775, 'n_estimators': 96}",0.41773075512617447,0.08999974593001443,-0.10996660120465104,0.15908178408164275,0.4450323451242299,0.0807003084911193,0.43424369051172357,-0.10684774319038914,0.4477498093058734,0.44668691523530235,"{0: 0.4200100079132338, 1: 0.4200100079132337}","{0: 0.4200100079132338, 1: 0.4200100079132337}",0.4200100079132337,"[[190 461]
 [263 397]]",[0. 1. 1. ... 0. 1. 1.],[1. 1. 1. ... 1. 0. 0.]
675,AdaBoost,"{'algorithm': 'SAMME', 'learning_rate': 2.8755102040816327, 'n_estimators': 52}",0.4185964411652047,0.0846558413384618,-0.1111619259558594,0.1473655306483798,0.44435936346861227,0.07490236132342103,0.43154603744915343,-0.11438645832240191,0.4439359267734554,0.4429199832425639,"{0: 0.4674859190988223, 1: 0.4674859190988223}","{0: 0.4674859190988223, 1: 0.4674859190988223}",0.4674859190988223,"[[192 459]
 [270 390]]",[0. 1. 1. ... 0. 1. 1.],[1. 1. 1. ... 1. 0. 0.]
870,AdaBoost,"{'algorithm': 'SAMME', 'learning_rate': 2.8755102040816327, 'n_estimators': 52}",0.4185964411652047,0.0846558413384618,-0.1111619259558594,0.1473655306483798,0.44435936346861227,0.07490236132342103,0.43154603744915343,-0.11438645832240191,0.4439359267734554,0.4429199832425639,"{0: 0.4674859190988223, 1: 0.4674859190988223}","{0: 0.4674859190988223, 1: 0.4674859190988223}",0.4674859190988223,"[[192 459]
 [270 390]]",[0. 1. 1. ... 0. 1. 1.],[1. 1. 1. ... 1. 0. 0.]
99,AdaBoost,"{'algorithm': 'SAMME', 'learning_rate': 2.8755102040816327, 'n_estimators': 52}",0.4185964411652047,0.0846558413384618,-0.1111619259558594,0.1473655306483798,0.44435936346861227,0.07490236132342103,0.43154603744915343,-0.11438645832240191,0.4439359267734554,0.4429199832425639,"{0: 0.4674859190988223, 1: 0.4674859190988223}","{0: 0.4674859190988223, 1: 0.4674859190988223}",0.4674859190988223,"[[192 459]
 [270 390]]",[0. 1. 1. ... 0. 1. 1.],[1. 1. 1. ... 1. 0. 0.]
387,AdaBoost,"{'algorithm': 'SAMME', 'learning_rate': 2.957142857142857, 'n_estimators': 30}",0.41787206266608606,0.08550673002994416,-0.11146829505838422,0.14752185480585253,0.4442711281744947,0.07494892023049234,0.431015911088049,-0.1144332385320137,0.4439359267734554,0.44289903644742357,"{0: 0.41694130242517335, 1: 0.41694130242517335}","{0: 0.41694130242517335, 1: 0.41694130242517335}",0.41694130242517335,"[[190 461]
 [268 392]]",[0. 1. 1. ... 0. 1. 1.],[1. 1. 1. ... 1. 0. 0.]
487,AdaBoost,"{'algorithm': 'SAMME', 'learning_rate': 2.957142857142857, 'n_estimators': 52}",0.41787206266608606,0.08550673002994416,-0.11146829505838422,0.14752185480585253,0.4442711281744947,0.07494892023049234,0.431015911088049,-0.1144332385320137,0.4439359267734554,0.44289903644742357,"{0: 0.4184820555788298, 1: 0.4184820555788298}","{0: 0.4184820555788298, 1: 0.4184820555788298}",0.4184820555788298,"[[190 461]
 [268 392]]",[0. 1. 1. ... 0. 1. 1.],[1. 1. 1. ... 1. 0. 0.]
58,AdaBoost,"{'algorithm': 'SAMME', 'learning_rate': 2.957142857142857, 'n_estimators': 52}",0.41787206266608606,0.08550673002994416,-0.11146829505838422,0.14752185480585253,0.4442711281744947,0.07494892023049234,0.431015911088049,-0.1144332385320137,0.4439359267734554,0.44289903644742357,"{0: 0.4184820555788298, 1: 0.4184820555788298}","{0: 0.4184820555788298, 1: 0.4184820555788298}",0.4184820555788298,"[[190 461]
 [268 392]]",[0. 1. 1. ... 0. 1. 1.],[1. 1. 1. ... 1. 0. 0.]
243,AdaBoost,"{'algorithm': 'SAMME', 'learning_rate': 2.7122448979591836, 'n_estimators': 96}",0.416526639540282,0.09015586482666026,-0.11152809348417506,0.1599919878679016,0.4441937873169502,0.08099453076758616,0.43176166031705965,-0.11144579366995178,0.4454614797864226,0.4443932411674347,"{0: 0.41799213331471397, 1: 0.41799213331471397}","{0: 0.41799213331471397, 1: 0.41799213331471397}",0.41799213331471397,"[[188 463]
 [264 396]]",[0. 1. 1. ... 0. 1. 1.],[1. 1. 1. ... 1. 0. 0.]
864,AdaBoost,"{'algorithm': 'SAMME', 'learning_rate': 2.7122448979591836, 'n_estimators': 96}",0.416526639540282,0.09015586482666026,-0.11152809348417506,0.1599919878679016,0.4441937873169502,0.08099453076758616,0.43176166031705965,-0.11144579366995178,0.4454614797864226,0.4443932411674347,"{0: 0.41799213331471397, 1: 0.41799213331471397}","{0: 0.41799213331471397, 1: 0.41799213331471397}",0.41799213331471397,"[[188 463]
 [264 396]]",[0. 1. 1. ... 0. 1. 1.],[1. 1. 1. ... 1. 0. 0.]
697,AdaBoost,"{'algorithm': 'SAMME', 'learning_rate': 2.059183673469388, 'n_estimators': 30}",0.4214777754757597,0.08113864433900321,-0.11222869959566407,0.14780408410440862,0.4437970615781333,0.07569464340862676,0.433519036013725,-0.11998391636509842,0.440884820747521,0.4400991481636643,"{0: 0.4217392822231532, 1: 0.4217392822231532}","{0: 0.4217392822231532, 1: 0.4217392822231532}",0.4217392822231532,"[[212 439]
 [294 366]]",[0. 0. 1. ... 0. 1. 1.],[1. 1. 1. ... 1. 0. 0.]
101,AdaBoost,"{'algorithm': 'SAMME', 'learning_rate': 2.059183673469388, 'n_estimators': 30}",0.4214777754757597,0.08113864433900321,-0.11222869959566407,0.14780408410440862,0.4437970615781333,0.07569464340862676,0.433519036013725,-0.11998391636509842,0.440884820747521,0.4400991481636643,"{0: 0.4217392822231532, 1: 0.4217392822231532}","{0: 0.4217392822231532, 1: 0.4217392822231532}",0.4217392822231532,"[[212 439]
 [294 366]]",[0. 0. 1. ... 0. 1. 1.],[1. 1. 1. ... 1. 0. 0.]
699,AdaBoost,"{'algorithm': 'SAMME', 'learning_rate': 2.7122448979591836, 'n_estimators': 52}",0.41602387978656724,0.0899286281843107,-0.1124457478821788,0.15984556922514337,0.4436937873169502,0.08091852570072203,0.43111796504493755,-0.1129629240919936,0.444698703279939,0.443635665409859,"{0: 0.417670949122562, 1: 0.41767094912256203}","{0: 0.417670949122562, 1: 0.41767094912256203}",0.41767094912256203,"[[188 463]
 [265 395]]",[0. 1. 1. ... 0. 1. 1.],[1. 1. 1. ... 1. 0. 0.]
606,AdaBoost,"{'algorithm': 'SAMME', 'learning_rate': 2.7122448979591836, 'n_estimators': 52}",0.41602387978656724,0.0899286281843107,-0.1124457478821788,0.15984556922514337,0.4436937873169502,0.08091852570072203,0.43111796504493755,-0.1129629240919936,0.444698703279939,0.443635665409859,"{0: 0.417670949122562, 1: 0.41767094912256203}","{0: 0.417670949122562, 1: 0.41767094912256203}",0.41767094912256203,"[[188 463]
 [265 395]]",[0. 1. 1. ... 0. 1. 1.],[1. 1. 1. ... 1. 0. 0.]
520,AdaBoost,"{'algorithm': 'SAMME', 'learning_rate': 2.7122448979591836, 'n_estimators': 74}",0.41602387978656724,0.0899286281843107,-0.1124457478821788,0.15984556922514337,0.4436937873169502,0.08091852570072203,0.43111796504493755,-0.1129629240919936,0.444698703279939,0.443635665409859,"{0: 0.4175964716287297, 1: 0.41759647162872965}","{0: 0.4175964716287297, 1: 0.41759647162872965}",0.41759647162872965,"[[188 463]
 [265 395]]",[0. 1. 1. ... 0. 1. 1.],[1. 1. 1. ... 1. 0. 0.]
419,AdaBoost,"{'algorithm': 'SAMME', 'learning_rate': 2.7122448979591836, 'n_estimators': 30}",0.41602387978656724,0.0899286281843107,-0.1124457478821788,0.15984556922514337,0.4436937873169502,0.08091852570072203,0.43111796504493755,-0.1129629240919936,0.444698703279939,0.443635665409859,"{0: 0.4168191127868547, 1: 0.4168191127868547}","{0: 0.4168191127868547, 1: 0.4168191127868547}",0.4168191127868547,"[[188 463]
 [265 395]]",[0. 1. 1. ... 0. 1. 1.],[1. 1. 1. ... 1. 0. 0.]
963,AdaBoost,"{'algorithm': 'SAMME', 'learning_rate': 2.7122448979591836, 'n_estimators': 52}",0.41602387978656724,0.0899286281843107,-0.1124457478821788,0.15984556922514337,0.4436937873169502,0.08091852570072203,0.43111796504493755,-0.1129629240919936,0.444698703279939,0.443635665409859,"{0: 0.417670949122562, 1: 0.41767094912256203}","{0: 0.417670949122562, 1: 0.41767094912256203}",0.41767094912256203,"[[188 463]
 [265 395]]",[0. 1. 1. ... 0. 1. 1.],[1. 1. 1. ... 1. 0. 0.]
330,AdaBoost,"{'algorithm': 'SAMME', 'learning_rate': 2.7122448979591836, 'n_estimators': 52}",0.41602387978656724,0.0899286281843107,-0.1124457478821788,0.15984556922514337,0.4436937873169502,0.08091852570072203,0.43111796504493755,-0.1129629240919936,0.444698703279939,0.443635665409859,"{0: 0.417670949122562, 1: 0.41767094912256203}","{0: 0.417670949122562, 1: 0.41767094912256203}",0.41767094912256203,"[[188 463]
 [265 395]]",[0. 1. 1. ... 0. 1. 1.],[1. 1. 1. ... 1. 0. 0.]
762,AdaBoost,"{'algorithm': 'SAMME', 'learning_rate': 3.120408163265306, 'n_estimators': 30}",0.41735412972381425,0.08540935214911545,-0.1128476054032118,0.14695572013499228,0.4435814730020809,0.07467040531099424,0.4303692381495586,-0.11595024207315352,0.4431731502669718,0.4421414606898478,"{0: 0.4141460689847787, 1: 0.4141460689847787}","{0: 0.4141460689847787, 1: 0.4141460689847787}",0.4141460689847787,"[[190 461]
 [269 391]]",[0. 1. 1. ... 0. 1. 1.],[1. 1. 1. ... 1. 0. 0.]
628,AdaBoost,"{'algorithm': 'SAMME', 'learning_rate': 2.793877551020408, 'n_estimators': 52}",0.41735412972381425,0.08540935214911545,-0.1128476054032118,0.14695572013499228,0.4435814730020809,0.07467040531099424,0.4303692381495586,-0.11595024207315352,0.4431731502669718,0.4421414606898478,"{0: 0.43813131313131315, 1: 0.43813131313131304}","{0: 0.43813131313131315, 1: 0.43813131313131304}",0.43813131313131304,"[[190 461]
 [269 391]]",[0. 1. 1. ... 0. 1. 1.],[1. 1. 1. ... 1. 0. 0.]
894,AdaBoost,"{'algorithm': 'SAMME', 'learning_rate': 2.793877551020408, 'n_estimators': 52}",0.41735412972381425,0.08540935214911545,-0.1128476054032118,0.14695572013499228,0.4435814730020809,0.07467040531099424,0.4303692381495586,-0.11595024207315352,0.4431731502669718,0.4421414606898478,"{0: 0.43813131313131315, 1: 0.43813131313131304}","{0: 0.43813131313131315, 1: 0.43813131313131304}",0.43813131313131304,"[[190 461]
 [269 391]]",[0. 1. 1. ... 0. 1. 1.],[1. 1. 1. ... 1. 0. 0.]
286,AdaBoost,"{'algorithm': 'SAMME', 'learning_rate': 3.120408163265306, 'n_estimators': 30}",0.41735412972381425,0.08540935214911545,-0.1128476054032118,0.14695572013499228,0.4435814730020809,0.07467040531099424,0.4303692381495586,-0.11595024207315352,0.4431731502669718,0.4421414606898478,"{0: 0.4141460689847787, 1: 0.4141460689847787}","{0: 0.4141460689847787, 1: 0.4141460689847787}",0.4141460689847787,"[[190 461]
 [269 391]]",[0. 1. 1. ... 0. 1. 1.],[1. 1. 1. ... 1. 0. 0.]
113,AdaBoost,"{'algorithm': 'SAMME', 'learning_rate': 3.0387755102040814, 'n_estimators': 74}",0.41735412972381425,0.08540935214911545,-0.1128476054032118,0.14695572013499228,0.4435814730020809,0.07467040531099424,0.4303692381495586,-0.11595024207315352,0.4431731502669718,0.4421414606898478,"{0: 0.41493971977842947, 1: 0.41493971977842947}","{0: 0.41493971977842947, 1: 0.41493971977842947}",0.41493971977842947,"[[190 461]
 [269 391]]",[0. 1. 1. ... 0. 1. 1.],[1. 1. 1. ... 1. 0. 0.]
977,AdaBoost,"{'algorithm': 'SAMME', 'learning_rate': 3.0387755102040814, 'n_estimators': 74}",0.41735412972381425,0.08540935214911545,-0.1128476054032118,0.14695572013499228,0.4435814730020809,0.07467040531099424,0.4303692381495586,-0.11595024207315352,0.4431731502669718,0.4421414606898478,"{0: 0.41493971977842947, 1: 0.41493971977842947}","{0: 0.41493971977842947, 1: 0.41493971977842947}",0.41493971977842947,"[[190 461]
 [269 391]]",[0. 1. 1. ... 0. 1. 1.],[1. 1. 1. ... 1. 0. 0.]
778,AdaBoost,"{'algorithm': 'SAMME', 'learning_rate': 2.3857142857142857, 'n_estimators': 74}",0.4164083108397067,0.09560712924703971,-0.11324335210101875,0.17798701320477842,0.44320029544753026,0.08973005597896863,0.43205009068399985,-0.12014841080839145,0.440884820747521,0.4400258343806731,"{0: 0.4144497975143136, 1: 0.4144497975143136}","{0: 0.4144497975143136, 1: 0.4144497975143136}",0.4144497975143136,"[[205 446]
 [287 373]]",[0. 1. 1. ... 0. 1. 1.],[1. 1. 1. ... 1. 0. 0.]
324,AdaBoost,"{'algorithm': 'SAMME', 'learning_rate': 2.2224489795918365, 'n_estimators': 96}",0.41751257495285626,0.08507882182751204,-0.11698291087151727,0.16531847204660993,0.4415669241125568,0.08259154584862687,0.4405874635067706,-0.11331159640606825,0.4439359267734554,0.4434017595307918,"{0: 0.42654540799702095, 1: 0.42654540799702084}","{0: 0.42654540799702095, 1: 0.42654540799702084}",0.42654540799702084,"[[238 413]
 [316 344]]",[0. 1. 1. ... 0. 1. 1.],[1. 1. 1. ... 1. 0. 0.]
84,AdaBoost,"{'algorithm': 'SAMME', 'learning_rate': 2.2224489795918365, 'n_estimators': 96}",0.41751257495285626,0.08507882182751204,-0.11698291087151727,0.16531847204660993,0.4415669241125568,0.08259154584862687,0.4405874635067706,-0.11331159640606825,0.4439359267734554,0.4434017595307918,"{0: 0.42654540799702095, 1: 0.42654540799702084}","{0: 0.42654540799702095, 1: 0.42654540799702084}",0.42654540799702084,"[[238 413]
 [316 344]]",[0. 1. 1. ... 0. 1. 1.],[1. 1. 1. ... 1. 0. 0.]
499,AdaBoost,"{'algorithm': 'SAMME', 'learning_rate': 2.2224489795918365, 'n_estimators': 96}",0.41751257495285626,0.08507882182751204,-0.11698291087151727,0.16531847204660993,0.4415669241125568,0.08259154584862687,0.4405874635067706,-0.11331159640606825,0.4439359267734554,0.4434017595307918,"{0: 0.42654540799702095, 1: 0.42654540799702084}","{0: 0.42654540799702095, 1: 0.42654540799702084}",0.42654540799702084,"[[238 413]
 [316 344]]",[0. 1. 1. ... 0. 1. 1.],[1. 1. 1. ... 1. 0. 0.]
865,AdaBoost,"{'algorithm': 'SAMME.R', 'learning_rate': 2.2224489795918365, 'n_estimators': 30}",0.4157470719352309,0.09128671666647066,-0.11846313321325946,0.1662943421387498,0.44105562206084115,0.08403423489057056,0.4322328282660941,-0.1172327202397816,0.4424103737604882,0.44148861890797375,"{0: 0.4183261183261183, 1: 0.4183261183261184}","{0: 0.4183261183261183, 1: 0.4183261183261184}",0.4183261183261184,"[[200 451]
 [280 380]]",[0. 1. 1. ... 0. 1. 1.],[1. 1. 1. ... 1. 0. 0.]
569,AdaBoost,"{'algorithm': 'SAMME.R', 'learning_rate': 3.7734693877551018, 'n_estimators': 30}",0.34233728183862616,0.04969003309746967,-0.12215407560501176,0.1424513200540694,0.43655708743954863,0.07133324048798963,0.4368199863227837,-0.11528565152814685,0.4416475972540046,0.4422811059907834,"{0: 0.4094365312107247, 1: 0.4094365312107247}","{0: 0.4094365312107247, 1: 0.4094365312107247}",0.4094365312107247,"[[348 303]
 [429 231]]",[0. 1. 1. ... 0. 0. 0.],[1. 1. 1. ... 1. 0. 0.]
280,AdaBoost,"{'algorithm': 'SAMME', 'learning_rate': 2.304081632653061, 'n_estimators': 96}",0.410569833642433,0.09906180886495981,-0.12302624107488398,0.18851138095803419,0.43818570549475,0.09491672787046344,0.43357576360561134,-0.11853810003356835,0.4416475972540046,0.4408253037285295,"{0: 0.432355816226784, 1: 0.4323558162267839}","{0: 0.432355816226784, 1: 0.4323558162267839}",0.4323558162267839,"[[209 442]
 [290 370]]",[0. 1. 1. ... 0. 1. 1.],[1. 1. 1. ... 1. 0. 0.]
666,AdaBoost,"{'algorithm': 'SAMME', 'learning_rate': 3.120408163265306, 'n_estimators': 96}",0.40199492938677056,0.07644136680510538,-0.14260450017133963,0.1391648748826345,0.4289743779039228,0.07108340576146592,0.42181456910177395,-0.12983896078451962,0.43630816170861936,0.4352185448959643,"{0: 0.41605222734254993, 1: 0.41605222734254993}","{0: 0.41605222734254993, 1: 0.41605222734254993}",0.41605222734254993,"[[180 471]
 [268 392]]",[0. 1. 1. ... 0. 1. 1.],[1. 1. 1. ... 1. 0. 0.]
384,AdaBoost,"{'algorithm': 'SAMME', 'learning_rate': 3.120408163265306, 'n_estimators': 96}",0.40199492938677056,0.07644136680510538,-0.14260450017133963,0.1391648748826345,0.4289743779039228,0.07108340576146592,0.42181456910177395,-0.12983896078451962,0.43630816170861936,0.4352185448959643,"{0: 0.41605222734254993, 1: 0.41605222734254993}","{0: 0.41605222734254993, 1: 0.41605222734254993}",0.41605222734254993,"[[180 471]
 [268 392]]",[0. 1. 1. ... 0. 1. 1.],[1. 1. 1. ... 1. 0. 0.]
