trial_id,model_name,params,avg_f1,std_f1,avg_kappa,std_kappa,avg_accuracy,std_accuracy,f1_overall,kappa_overall,accuracy_overall,balanced_accuracy,roc_auc_overall,weighted_roc,roc_avg,confusion_matrix,y_pred,y_actual
500,AdaBoost,"{'algorithm': 'SAMME.R', 'learning_rate': 0.1816326530612245, 'n_estimators': 30}",0.6018808515241553,0.09856203307316538,0.21074042685424657,0.1958190119593771,0.6075051753194203,0.09593455389946341,0.5994547302482206,0.19928765387619296,0.5995334370139969,0.5996799810359132,"{0: 0.6117683769015488, 1: 0.6117683769015487}","{0: 0.6117683769015488, 1: 0.6117683769015487}",0.6117683769015487,"[[392 245]
 [270 379]]",[1. 1. 0. ... 0. 0. 1.],[0. 1. 1. ... 1. 0. 0.]
526,AdaBoost,"{'algorithm': 'SAMME.R', 'learning_rate': 0.1816326530612245, 'n_estimators': 30}",0.6018808515241553,0.09856203307316538,0.21074042685424657,0.1958190119593771,0.6075051753194203,0.09593455389946341,0.5994547302482206,0.19928765387619296,0.5995334370139969,0.5996799810359132,"{0: 0.6117683769015488, 1: 0.6117683769015487}","{0: 0.6117683769015488, 1: 0.6117683769015487}",0.6117683769015487,"[[392 245]
 [270 379]]",[1. 1. 0. ... 0. 0. 1.],[0. 1. 1. ... 1. 0. 0.]
525,AdaBoost,"{'algorithm': 'SAMME.R', 'learning_rate': 0.1816326530612245, 'n_estimators': 30}",0.6018808515241553,0.09856203307316538,0.21074042685424657,0.1958190119593771,0.6075051753194203,0.09593455389946341,0.5994547302482206,0.19928765387619296,0.5995334370139969,0.5996799810359132,"{0: 0.6117683769015488, 1: 0.6117683769015487}","{0: 0.6117683769015488, 1: 0.6117683769015487}",0.6117683769015487,"[[392 245]
 [270 379]]",[1. 1. 0. ... 0. 0. 1.],[0. 1. 1. ... 1. 0. 0.]
522,AdaBoost,"{'algorithm': 'SAMME.R', 'learning_rate': 0.1816326530612245, 'n_estimators': 30}",0.6018808515241553,0.09856203307316538,0.21074042685424657,0.1958190119593771,0.6075051753194203,0.09593455389946341,0.5994547302482206,0.19928765387619296,0.5995334370139969,0.5996799810359132,"{0: 0.6117683769015488, 1: 0.6117683769015487}","{0: 0.6117683769015488, 1: 0.6117683769015487}",0.6117683769015487,"[[392 245]
 [270 379]]",[1. 1. 0. ... 0. 0. 1.],[0. 1. 1. ... 1. 0. 0.]
518,AdaBoost,"{'algorithm': 'SAMME.R', 'learning_rate': 0.1816326530612245, 'n_estimators': 30}",0.6018808515241553,0.09856203307316538,0.21074042685424657,0.1958190119593771,0.6075051753194203,0.09593455389946341,0.5994547302482206,0.19928765387619296,0.5995334370139969,0.5996799810359132,"{0: 0.6117683769015488, 1: 0.6117683769015487}","{0: 0.6117683769015488, 1: 0.6117683769015487}",0.6117683769015487,"[[392 245]
 [270 379]]",[1. 1. 0. ... 0. 0. 1.],[0. 1. 1. ... 1. 0. 0.]
772,AdaBoost,"{'algorithm': 'SAMME.R', 'learning_rate': 0.1816326530612245, 'n_estimators': 30}",0.6018808515241553,0.09856203307316538,0.21074042685424657,0.1958190119593771,0.6075051753194203,0.09593455389946341,0.5994547302482206,0.19928765387619296,0.5995334370139969,0.5996799810359132,"{0: 0.6117683769015488, 1: 0.6117683769015487}","{0: 0.6117683769015488, 1: 0.6117683769015487}",0.6117683769015487,"[[392 245]
 [270 379]]",[1. 1. 0. ... 0. 0. 1.],[0. 1. 1. ... 1. 0. 0.]
517,AdaBoost,"{'algorithm': 'SAMME.R', 'learning_rate': 0.1816326530612245, 'n_estimators': 30}",0.6018808515241553,0.09856203307316538,0.21074042685424657,0.1958190119593771,0.6075051753194203,0.09593455389946341,0.5994547302482206,0.19928765387619296,0.5995334370139969,0.5996799810359132,"{0: 0.6117683769015488, 1: 0.6117683769015487}","{0: 0.6117683769015488, 1: 0.6117683769015487}",0.6117683769015487,"[[392 245]
 [270 379]]",[1. 1. 0. ... 0. 0. 1.],[0. 1. 1. ... 1. 0. 0.]
516,AdaBoost,"{'algorithm': 'SAMME.R', 'learning_rate': 0.1816326530612245, 'n_estimators': 30}",0.6018808515241553,0.09856203307316538,0.21074042685424657,0.1958190119593771,0.6075051753194203,0.09593455389946341,0.5994547302482206,0.19928765387619296,0.5995334370139969,0.5996799810359132,"{0: 0.6117683769015488, 1: 0.6117683769015487}","{0: 0.6117683769015488, 1: 0.6117683769015487}",0.6117683769015487,"[[392 245]
 [270 379]]",[1. 1. 0. ... 0. 0. 1.],[0. 1. 1. ... 1. 0. 0.]
514,AdaBoost,"{'algorithm': 'SAMME.R', 'learning_rate': 0.1816326530612245, 'n_estimators': 30}",0.6018808515241553,0.09856203307316538,0.21074042685424657,0.1958190119593771,0.6075051753194203,0.09593455389946341,0.5994547302482206,0.19928765387619296,0.5995334370139969,0.5996799810359132,"{0: 0.6117683769015488, 1: 0.6117683769015487}","{0: 0.6117683769015488, 1: 0.6117683769015487}",0.6117683769015487,"[[392 245]
 [270 379]]",[1. 1. 0. ... 0. 0. 1.],[0. 1. 1. ... 1. 0. 0.]
513,AdaBoost,"{'algorithm': 'SAMME.R', 'learning_rate': 0.1816326530612245, 'n_estimators': 30}",0.6018808515241553,0.09856203307316538,0.21074042685424657,0.1958190119593771,0.6075051753194203,0.09593455389946341,0.5994547302482206,0.19928765387619296,0.5995334370139969,0.5996799810359132,"{0: 0.6117683769015488, 1: 0.6117683769015487}","{0: 0.6117683769015488, 1: 0.6117683769015487}",0.6117683769015487,"[[392 245]
 [270 379]]",[1. 1. 0. ... 0. 0. 1.],[0. 1. 1. ... 1. 0. 0.]
785,AdaBoost,"{'algorithm': 'SAMME.R', 'learning_rate': 0.1816326530612245, 'n_estimators': 30}",0.6018808515241553,0.09856203307316538,0.21074042685424657,0.1958190119593771,0.6075051753194203,0.09593455389946341,0.5994547302482206,0.19928765387619296,0.5995334370139969,0.5996799810359132,"{0: 0.6117683769015488, 1: 0.6117683769015487}","{0: 0.6117683769015488, 1: 0.6117683769015487}",0.6117683769015487,"[[392 245]
 [270 379]]",[1. 1. 0. ... 0. 0. 1.],[0. 1. 1. ... 1. 0. 0.]
786,AdaBoost,"{'algorithm': 'SAMME.R', 'learning_rate': 0.1816326530612245, 'n_estimators': 30}",0.6018808515241553,0.09856203307316538,0.21074042685424657,0.1958190119593771,0.6075051753194203,0.09593455389946341,0.5994547302482206,0.19928765387619296,0.5995334370139969,0.5996799810359132,"{0: 0.6117683769015488, 1: 0.6117683769015487}","{0: 0.6117683769015488, 1: 0.6117683769015487}",0.6117683769015487,"[[392 245]
 [270 379]]",[1. 1. 0. ... 0. 0. 1.],[0. 1. 1. ... 1. 0. 0.]
787,AdaBoost,"{'algorithm': 'SAMME.R', 'learning_rate': 0.1816326530612245, 'n_estimators': 30}",0.6018808515241553,0.09856203307316538,0.21074042685424657,0.1958190119593771,0.6075051753194203,0.09593455389946341,0.5994547302482206,0.19928765387619296,0.5995334370139969,0.5996799810359132,"{0: 0.6117683769015488, 1: 0.6117683769015487}","{0: 0.6117683769015488, 1: 0.6117683769015487}",0.6117683769015487,"[[392 245]
 [270 379]]",[1. 1. 0. ... 0. 0. 1.],[0. 1. 1. ... 1. 0. 0.]
788,AdaBoost,"{'algorithm': 'SAMME.R', 'learning_rate': 0.1816326530612245, 'n_estimators': 30}",0.6018808515241553,0.09856203307316538,0.21074042685424657,0.1958190119593771,0.6075051753194203,0.09593455389946341,0.5994547302482206,0.19928765387619296,0.5995334370139969,0.5996799810359132,"{0: 0.6117683769015488, 1: 0.6117683769015487}","{0: 0.6117683769015488, 1: 0.6117683769015487}",0.6117683769015487,"[[392 245]
 [270 379]]",[1. 1. 0. ... 0. 0. 1.],[0. 1. 1. ... 1. 0. 0.]
789,AdaBoost,"{'algorithm': 'SAMME.R', 'learning_rate': 0.1816326530612245, 'n_estimators': 30}",0.6018808515241553,0.09856203307316538,0.21074042685424657,0.1958190119593771,0.6075051753194203,0.09593455389946341,0.5994547302482206,0.19928765387619296,0.5995334370139969,0.5996799810359132,"{0: 0.6117683769015488, 1: 0.6117683769015487}","{0: 0.6117683769015488, 1: 0.6117683769015487}",0.6117683769015487,"[[392 245]
 [270 379]]",[1. 1. 0. ... 0. 0. 1.],[0. 1. 1. ... 1. 0. 0.]
511,AdaBoost,"{'algorithm': 'SAMME.R', 'learning_rate': 0.1816326530612245, 'n_estimators': 30}",0.6018808515241553,0.09856203307316538,0.21074042685424657,0.1958190119593771,0.6075051753194203,0.09593455389946341,0.5994547302482206,0.19928765387619296,0.5995334370139969,0.5996799810359132,"{0: 0.6117683769015488, 1: 0.6117683769015487}","{0: 0.6117683769015488, 1: 0.6117683769015487}",0.6117683769015487,"[[392 245]
 [270 379]]",[1. 1. 0. ... 0. 0. 1.],[0. 1. 1. ... 1. 0. 0.]
509,AdaBoost,"{'algorithm': 'SAMME.R', 'learning_rate': 0.1816326530612245, 'n_estimators': 30}",0.6018808515241553,0.09856203307316538,0.21074042685424657,0.1958190119593771,0.6075051753194203,0.09593455389946341,0.5994547302482206,0.19928765387619296,0.5995334370139969,0.5996799810359132,"{0: 0.6117683769015488, 1: 0.6117683769015487}","{0: 0.6117683769015488, 1: 0.6117683769015487}",0.6117683769015487,"[[392 245]
 [270 379]]",[1. 1. 0. ... 0. 0. 1.],[0. 1. 1. ... 1. 0. 0.]
792,AdaBoost,"{'algorithm': 'SAMME.R', 'learning_rate': 0.1816326530612245, 'n_estimators': 30}",0.6018808515241553,0.09856203307316538,0.21074042685424657,0.1958190119593771,0.6075051753194203,0.09593455389946341,0.5994547302482206,0.19928765387619296,0.5995334370139969,0.5996799810359132,"{0: 0.6117683769015488, 1: 0.6117683769015487}","{0: 0.6117683769015488, 1: 0.6117683769015487}",0.6117683769015487,"[[392 245]
 [270 379]]",[1. 1. 0. ... 0. 0. 1.],[0. 1. 1. ... 1. 0. 0.]
798,AdaBoost,"{'algorithm': 'SAMME.R', 'learning_rate': 0.1816326530612245, 'n_estimators': 30}",0.6018808515241553,0.09856203307316538,0.21074042685424657,0.1958190119593771,0.6075051753194203,0.09593455389946341,0.5994547302482206,0.19928765387619296,0.5995334370139969,0.5996799810359132,"{0: 0.6117683769015488, 1: 0.6117683769015487}","{0: 0.6117683769015488, 1: 0.6117683769015487}",0.6117683769015487,"[[392 245]
 [270 379]]",[1. 1. 0. ... 0. 0. 1.],[0. 1. 1. ... 1. 0. 0.]
800,AdaBoost,"{'algorithm': 'SAMME.R', 'learning_rate': 0.1816326530612245, 'n_estimators': 30}",0.6018808515241553,0.09856203307316538,0.21074042685424657,0.1958190119593771,0.6075051753194203,0.09593455389946341,0.5994547302482206,0.19928765387619296,0.5995334370139969,0.5996799810359132,"{0: 0.6117683769015488, 1: 0.6117683769015487}","{0: 0.6117683769015488, 1: 0.6117683769015487}",0.6117683769015487,"[[392 245]
 [270 379]]",[1. 1. 0. ... 0. 0. 1.],[0. 1. 1. ... 1. 0. 0.]
507,AdaBoost,"{'algorithm': 'SAMME.R', 'learning_rate': 0.1816326530612245, 'n_estimators': 30}",0.6018808515241553,0.09856203307316538,0.21074042685424657,0.1958190119593771,0.6075051753194203,0.09593455389946341,0.5994547302482206,0.19928765387619296,0.5995334370139969,0.5996799810359132,"{0: 0.6117683769015488, 1: 0.6117683769015487}","{0: 0.6117683769015488, 1: 0.6117683769015487}",0.6117683769015487,"[[392 245]
 [270 379]]",[1. 1. 0. ... 0. 0. 1.],[0. 1. 1. ... 1. 0. 0.]
647,AdaBoost,"{'algorithm': 'SAMME.R', 'learning_rate': 0.1816326530612245, 'n_estimators': 30}",0.6018808515241553,0.09856203307316538,0.21074042685424657,0.1958190119593771,0.6075051753194203,0.09593455389946341,0.5994547302482206,0.19928765387619296,0.5995334370139969,0.5996799810359132,"{0: 0.6117683769015488, 1: 0.6117683769015487}","{0: 0.6117683769015488, 1: 0.6117683769015487}",0.6117683769015487,"[[392 245]
 [270 379]]",[1. 1. 0. ... 0. 0. 1.],[0. 1. 1. ... 1. 0. 0.]
812,AdaBoost,"{'algorithm': 'SAMME.R', 'learning_rate': 0.1816326530612245, 'n_estimators': 30}",0.6018808515241553,0.09856203307316538,0.21074042685424657,0.1958190119593771,0.6075051753194203,0.09593455389946341,0.5994547302482206,0.19928765387619296,0.5995334370139969,0.5996799810359132,"{0: 0.6117683769015488, 1: 0.6117683769015487}","{0: 0.6117683769015488, 1: 0.6117683769015487}",0.6117683769015487,"[[392 245]
 [270 379]]",[1. 1. 0. ... 0. 0. 1.],[0. 1. 1. ... 1. 0. 0.]
762,AdaBoost,"{'algorithm': 'SAMME.R', 'learning_rate': 0.1816326530612245, 'n_estimators': 30}",0.6018808515241553,0.09856203307316538,0.21074042685424657,0.1958190119593771,0.6075051753194203,0.09593455389946341,0.5994547302482206,0.19928765387619296,0.5995334370139969,0.5996799810359132,"{0: 0.6117683769015488, 1: 0.6117683769015487}","{0: 0.6117683769015488, 1: 0.6117683769015487}",0.6117683769015487,"[[392 245]
 [270 379]]",[1. 1. 0. ... 0. 0. 1.],[0. 1. 1. ... 1. 0. 0.]
756,AdaBoost,"{'algorithm': 'SAMME.R', 'learning_rate': 0.1816326530612245, 'n_estimators': 30}",0.6018808515241553,0.09856203307316538,0.21074042685424657,0.1958190119593771,0.6075051753194203,0.09593455389946341,0.5994547302482206,0.19928765387619296,0.5995334370139969,0.5996799810359132,"{0: 0.6117683769015488, 1: 0.6117683769015487}","{0: 0.6117683769015488, 1: 0.6117683769015487}",0.6117683769015487,"[[392 245]
 [270 379]]",[1. 1. 0. ... 0. 0. 1.],[0. 1. 1. ... 1. 0. 0.]
505,AdaBoost,"{'algorithm': 'SAMME.R', 'learning_rate': 0.1816326530612245, 'n_estimators': 30}",0.6018808515241553,0.09856203307316538,0.21074042685424657,0.1958190119593771,0.6075051753194203,0.09593455389946341,0.5994547302482206,0.19928765387619296,0.5995334370139969,0.5996799810359132,"{0: 0.6117683769015488, 1: 0.6117683769015487}","{0: 0.6117683769015488, 1: 0.6117683769015487}",0.6117683769015487,"[[392 245]
 [270 379]]",[1. 1. 0. ... 0. 0. 1.],[0. 1. 1. ... 1. 0. 0.]
527,AdaBoost,"{'algorithm': 'SAMME.R', 'learning_rate': 0.1816326530612245, 'n_estimators': 30}",0.6018808515241553,0.09856203307316538,0.21074042685424657,0.1958190119593771,0.6075051753194203,0.09593455389946341,0.5994547302482206,0.19928765387619296,0.5995334370139969,0.5996799810359132,"{0: 0.6117683769015488, 1: 0.6117683769015487}","{0: 0.6117683769015488, 1: 0.6117683769015487}",0.6117683769015487,"[[392 245]
 [270 379]]",[1. 1. 0. ... 0. 0. 1.],[0. 1. 1. ... 1. 0. 0.]
617,AdaBoost,"{'algorithm': 'SAMME.R', 'learning_rate': 0.1816326530612245, 'n_estimators': 30}",0.6018808515241553,0.09856203307316538,0.21074042685424657,0.1958190119593771,0.6075051753194203,0.09593455389946341,0.5994547302482206,0.19928765387619296,0.5995334370139969,0.5996799810359132,"{0: 0.6117683769015488, 1: 0.6117683769015487}","{0: 0.6117683769015488, 1: 0.6117683769015487}",0.6117683769015487,"[[392 245]
 [270 379]]",[1. 1. 0. ... 0. 0. 1.],[0. 1. 1. ... 1. 0. 0.]
604,AdaBoost,"{'algorithm': 'SAMME.R', 'learning_rate': 0.1816326530612245, 'n_estimators': 30}",0.6018808515241553,0.09856203307316538,0.21074042685424657,0.1958190119593771,0.6075051753194203,0.09593455389946341,0.5994547302482206,0.19928765387619296,0.5995334370139969,0.5996799810359132,"{0: 0.6117683769015488, 1: 0.6117683769015487}","{0: 0.6117683769015488, 1: 0.6117683769015487}",0.6117683769015487,"[[392 245]
 [270 379]]",[1. 1. 0. ... 0. 0. 1.],[0. 1. 1. ... 1. 0. 0.]
665,AdaBoost,"{'algorithm': 'SAMME.R', 'learning_rate': 0.1816326530612245, 'n_estimators': 30}",0.6018808515241553,0.09856203307316538,0.21074042685424657,0.1958190119593771,0.6075051753194203,0.09593455389946341,0.5994547302482206,0.19928765387619296,0.5995334370139969,0.5996799810359132,"{0: 0.6117683769015488, 1: 0.6117683769015487}","{0: 0.6117683769015488, 1: 0.6117683769015487}",0.6117683769015487,"[[392 245]
 [270 379]]",[1. 1. 0. ... 0. 0. 1.],[0. 1. 1. ... 1. 0. 0.]
595,AdaBoost,"{'algorithm': 'SAMME.R', 'learning_rate': 0.1816326530612245, 'n_estimators': 30}",0.6018808515241553,0.09856203307316538,0.21074042685424657,0.1958190119593771,0.6075051753194203,0.09593455389946341,0.5994547302482206,0.19928765387619296,0.5995334370139969,0.5996799810359132,"{0: 0.6117683769015488, 1: 0.6117683769015487}","{0: 0.6117683769015488, 1: 0.6117683769015487}",0.6117683769015487,"[[392 245]
 [270 379]]",[1. 1. 0. ... 0. 0. 1.],[0. 1. 1. ... 1. 0. 0.]
593,AdaBoost,"{'algorithm': 'SAMME.R', 'learning_rate': 0.1816326530612245, 'n_estimators': 30}",0.6018808515241553,0.09856203307316538,0.21074042685424657,0.1958190119593771,0.6075051753194203,0.09593455389946341,0.5994547302482206,0.19928765387619296,0.5995334370139969,0.5996799810359132,"{0: 0.6117683769015488, 1: 0.6117683769015487}","{0: 0.6117683769015488, 1: 0.6117683769015487}",0.6117683769015487,"[[392 245]
 [270 379]]",[1. 1. 0. ... 0. 0. 1.],[0. 1. 1. ... 1. 0. 0.]
585,AdaBoost,"{'algorithm': 'SAMME.R', 'learning_rate': 0.1816326530612245, 'n_estimators': 30}",0.6018808515241553,0.09856203307316538,0.21074042685424657,0.1958190119593771,0.6075051753194203,0.09593455389946341,0.5994547302482206,0.19928765387619296,0.5995334370139969,0.5996799810359132,"{0: 0.6117683769015488, 1: 0.6117683769015487}","{0: 0.6117683769015488, 1: 0.6117683769015487}",0.6117683769015487,"[[392 245]
 [270 379]]",[1. 1. 0. ... 0. 0. 1.],[0. 1. 1. ... 1. 0. 0.]
581,AdaBoost,"{'algorithm': 'SAMME.R', 'learning_rate': 0.1816326530612245, 'n_estimators': 30}",0.6018808515241553,0.09856203307316538,0.21074042685424657,0.1958190119593771,0.6075051753194203,0.09593455389946341,0.5994547302482206,0.19928765387619296,0.5995334370139969,0.5996799810359132,"{0: 0.6117683769015488, 1: 0.6117683769015487}","{0: 0.6117683769015488, 1: 0.6117683769015487}",0.6117683769015487,"[[392 245]
 [270 379]]",[1. 1. 0. ... 0. 0. 1.],[0. 1. 1. ... 1. 0. 0.]
579,AdaBoost,"{'algorithm': 'SAMME.R', 'learning_rate': 0.1816326530612245, 'n_estimators': 30}",0.6018808515241553,0.09856203307316538,0.21074042685424657,0.1958190119593771,0.6075051753194203,0.09593455389946341,0.5994547302482206,0.19928765387619296,0.5995334370139969,0.5996799810359132,"{0: 0.6117683769015488, 1: 0.6117683769015487}","{0: 0.6117683769015488, 1: 0.6117683769015487}",0.6117683769015487,"[[392 245]
 [270 379]]",[1. 1. 0. ... 0. 0. 1.],[0. 1. 1. ... 1. 0. 0.]
696,AdaBoost,"{'algorithm': 'SAMME.R', 'learning_rate': 0.1816326530612245, 'n_estimators': 30}",0.6018808515241553,0.09856203307316538,0.21074042685424657,0.1958190119593771,0.6075051753194203,0.09593455389946341,0.5994547302482206,0.19928765387619296,0.5995334370139969,0.5996799810359132,"{0: 0.6117683769015488, 1: 0.6117683769015487}","{0: 0.6117683769015488, 1: 0.6117683769015487}",0.6117683769015487,"[[392 245]
 [270 379]]",[1. 1. 0. ... 0. 0. 1.],[0. 1. 1. ... 1. 0. 0.]
578,AdaBoost,"{'algorithm': 'SAMME.R', 'learning_rate': 0.1816326530612245, 'n_estimators': 30}",0.6018808515241553,0.09856203307316538,0.21074042685424657,0.1958190119593771,0.6075051753194203,0.09593455389946341,0.5994547302482206,0.19928765387619296,0.5995334370139969,0.5996799810359132,"{0: 0.6117683769015488, 1: 0.6117683769015487}","{0: 0.6117683769015488, 1: 0.6117683769015487}",0.6117683769015487,"[[392 245]
 [270 379]]",[1. 1. 0. ... 0. 0. 1.],[0. 1. 1. ... 1. 0. 0.]
577,AdaBoost,"{'algorithm': 'SAMME.R', 'learning_rate': 0.1816326530612245, 'n_estimators': 30}",0.6018808515241553,0.09856203307316538,0.21074042685424657,0.1958190119593771,0.6075051753194203,0.09593455389946341,0.5994547302482206,0.19928765387619296,0.5995334370139969,0.5996799810359132,"{0: 0.6117683769015488, 1: 0.6117683769015487}","{0: 0.6117683769015488, 1: 0.6117683769015487}",0.6117683769015487,"[[392 245]
 [270 379]]",[1. 1. 0. ... 0. 0. 1.],[0. 1. 1. ... 1. 0. 0.]
556,AdaBoost,"{'algorithm': 'SAMME.R', 'learning_rate': 0.1816326530612245, 'n_estimators': 30}",0.6018808515241553,0.09856203307316538,0.21074042685424657,0.1958190119593771,0.6075051753194203,0.09593455389946341,0.5994547302482206,0.19928765387619296,0.5995334370139969,0.5996799810359132,"{0: 0.6117683769015488, 1: 0.6117683769015487}","{0: 0.6117683769015488, 1: 0.6117683769015487}",0.6117683769015487,"[[392 245]
 [270 379]]",[1. 1. 0. ... 0. 0. 1.],[0. 1. 1. ... 1. 0. 0.]
544,AdaBoost,"{'algorithm': 'SAMME.R', 'learning_rate': 0.1816326530612245, 'n_estimators': 30}",0.6018808515241553,0.09856203307316538,0.21074042685424657,0.1958190119593771,0.6075051753194203,0.09593455389946341,0.5994547302482206,0.19928765387619296,0.5995334370139969,0.5996799810359132,"{0: 0.6117683769015488, 1: 0.6117683769015487}","{0: 0.6117683769015488, 1: 0.6117683769015487}",0.6117683769015487,"[[392 245]
 [270 379]]",[1. 1. 0. ... 0. 0. 1.],[0. 1. 1. ... 1. 0. 0.]
539,AdaBoost,"{'algorithm': 'SAMME.R', 'learning_rate': 0.1816326530612245, 'n_estimators': 30}",0.6018808515241553,0.09856203307316538,0.21074042685424657,0.1958190119593771,0.6075051753194203,0.09593455389946341,0.5994547302482206,0.19928765387619296,0.5995334370139969,0.5996799810359132,"{0: 0.6117683769015488, 1: 0.6117683769015487}","{0: 0.6117683769015488, 1: 0.6117683769015487}",0.6117683769015487,"[[392 245]
 [270 379]]",[1. 1. 0. ... 0. 0. 1.],[0. 1. 1. ... 1. 0. 0.]
538,AdaBoost,"{'algorithm': 'SAMME.R', 'learning_rate': 0.1816326530612245, 'n_estimators': 30}",0.6018808515241553,0.09856203307316538,0.21074042685424657,0.1958190119593771,0.6075051753194203,0.09593455389946341,0.5994547302482206,0.19928765387619296,0.5995334370139969,0.5996799810359132,"{0: 0.6117683769015488, 1: 0.6117683769015487}","{0: 0.6117683769015488, 1: 0.6117683769015487}",0.6117683769015487,"[[392 245]
 [270 379]]",[1. 1. 0. ... 0. 0. 1.],[0. 1. 1. ... 1. 0. 0.]
537,AdaBoost,"{'algorithm': 'SAMME.R', 'learning_rate': 0.1816326530612245, 'n_estimators': 30}",0.6018808515241553,0.09856203307316538,0.21074042685424657,0.1958190119593771,0.6075051753194203,0.09593455389946341,0.5994547302482206,0.19928765387619296,0.5995334370139969,0.5996799810359132,"{0: 0.6117683769015488, 1: 0.6117683769015487}","{0: 0.6117683769015488, 1: 0.6117683769015487}",0.6117683769015487,"[[392 245]
 [270 379]]",[1. 1. 0. ... 0. 0. 1.],[0. 1. 1. ... 1. 0. 0.]
725,AdaBoost,"{'algorithm': 'SAMME.R', 'learning_rate': 0.1816326530612245, 'n_estimators': 30}",0.6018808515241553,0.09856203307316538,0.21074042685424657,0.1958190119593771,0.6075051753194203,0.09593455389946341,0.5994547302482206,0.19928765387619296,0.5995334370139969,0.5996799810359132,"{0: 0.6117683769015488, 1: 0.6117683769015487}","{0: 0.6117683769015488, 1: 0.6117683769015487}",0.6117683769015487,"[[392 245]
 [270 379]]",[1. 1. 0. ... 0. 0. 1.],[0. 1. 1. ... 1. 0. 0.]
534,AdaBoost,"{'algorithm': 'SAMME.R', 'learning_rate': 0.1816326530612245, 'n_estimators': 30}",0.6018808515241553,0.09856203307316538,0.21074042685424657,0.1958190119593771,0.6075051753194203,0.09593455389946341,0.5994547302482206,0.19928765387619296,0.5995334370139969,0.5996799810359132,"{0: 0.6117683769015488, 1: 0.6117683769015487}","{0: 0.6117683769015488, 1: 0.6117683769015487}",0.6117683769015487,"[[392 245]
 [270 379]]",[1. 1. 0. ... 0. 0. 1.],[0. 1. 1. ... 1. 0. 0.]
533,AdaBoost,"{'algorithm': 'SAMME.R', 'learning_rate': 0.1816326530612245, 'n_estimators': 30}",0.6018808515241553,0.09856203307316538,0.21074042685424657,0.1958190119593771,0.6075051753194203,0.09593455389946341,0.5994547302482206,0.19928765387619296,0.5995334370139969,0.5996799810359132,"{0: 0.6117683769015488, 1: 0.6117683769015487}","{0: 0.6117683769015488, 1: 0.6117683769015487}",0.6117683769015487,"[[392 245]
 [270 379]]",[1. 1. 0. ... 0. 0. 1.],[0. 1. 1. ... 1. 0. 0.]
531,AdaBoost,"{'algorithm': 'SAMME.R', 'learning_rate': 0.1816326530612245, 'n_estimators': 30}",0.6018808515241553,0.09856203307316538,0.21074042685424657,0.1958190119593771,0.6075051753194203,0.09593455389946341,0.5994547302482206,0.19928765387619296,0.5995334370139969,0.5996799810359132,"{0: 0.6117683769015488, 1: 0.6117683769015487}","{0: 0.6117683769015488, 1: 0.6117683769015487}",0.6117683769015487,"[[392 245]
 [270 379]]",[1. 1. 0. ... 0. 0. 1.],[0. 1. 1. ... 1. 0. 0.]
529,AdaBoost,"{'algorithm': 'SAMME.R', 'learning_rate': 0.1816326530612245, 'n_estimators': 30}",0.6018808515241553,0.09856203307316538,0.21074042685424657,0.1958190119593771,0.6075051753194203,0.09593455389946341,0.5994547302482206,0.19928765387619296,0.5995334370139969,0.5996799810359132,"{0: 0.6117683769015488, 1: 0.6117683769015487}","{0: 0.6117683769015488, 1: 0.6117683769015487}",0.6117683769015487,"[[392 245]
 [270 379]]",[1. 1. 0. ... 0. 0. 1.],[0. 1. 1. ... 1. 0. 0.]
506,AdaBoost,"{'algorithm': 'SAMME.R', 'learning_rate': 0.1816326530612245, 'n_estimators': 30}",0.6018808515241553,0.09856203307316538,0.21074042685424657,0.1958190119593771,0.6075051753194203,0.09593455389946341,0.5994547302482206,0.19928765387619296,0.5995334370139969,0.5996799810359132,"{0: 0.6117683769015488, 1: 0.6117683769015487}","{0: 0.6117683769015488, 1: 0.6117683769015487}",0.6117683769015487,"[[392 245]
 [270 379]]",[1. 1. 0. ... 0. 0. 1.],[0. 1. 1. ... 1. 0. 0.]
654,AdaBoost,"{'algorithm': 'SAMME.R', 'learning_rate': 0.1816326530612245, 'n_estimators': 30}",0.6018808515241553,0.09856203307316538,0.21074042685424657,0.1958190119593771,0.6075051753194203,0.09593455389946341,0.5994547302482206,0.19928765387619296,0.5995334370139969,0.5996799810359132,"{0: 0.6117683769015488, 1: 0.6117683769015487}","{0: 0.6117683769015488, 1: 0.6117683769015487}",0.6117683769015487,"[[392 245]
 [270 379]]",[1. 1. 0. ... 0. 0. 1.],[0. 1. 1. ... 1. 0. 0.]
502,AdaBoost,"{'algorithm': 'SAMME.R', 'learning_rate': 0.1816326530612245, 'n_estimators': 30}",0.6018808515241553,0.09856203307316538,0.21074042685424657,0.1958190119593771,0.6075051753194203,0.09593455389946341,0.5994547302482206,0.19928765387619296,0.5995334370139969,0.5996799810359132,"{0: 0.6117683769015488, 1: 0.6117683769015487}","{0: 0.6117683769015488, 1: 0.6117683769015487}",0.6117683769015487,"[[392 245]
 [270 379]]",[1. 1. 0. ... 0. 0. 1.],[0. 1. 1. ... 1. 0. 0.]
968,AdaBoost,"{'algorithm': 'SAMME.R', 'learning_rate': 0.1816326530612245, 'n_estimators': 30}",0.6018808515241553,0.09856203307316538,0.21074042685424657,0.1958190119593771,0.6075051753194203,0.09593455389946341,0.5994547302482206,0.19928765387619296,0.5995334370139969,0.5996799810359132,"{0: 0.6117683769015488, 1: 0.6117683769015487}","{0: 0.6117683769015488, 1: 0.6117683769015487}",0.6117683769015487,"[[392 245]
 [270 379]]",[1. 1. 0. ... 0. 0. 1.],[0. 1. 1. ... 1. 0. 0.]
881,AdaBoost,"{'algorithm': 'SAMME.R', 'learning_rate': 0.1816326530612245, 'n_estimators': 30}",0.6018808515241553,0.09856203307316538,0.21074042685424657,0.1958190119593771,0.6075051753194203,0.09593455389946341,0.5994547302482206,0.19928765387619296,0.5995334370139969,0.5996799810359132,"{0: 0.6117683769015488, 1: 0.6117683769015487}","{0: 0.6117683769015488, 1: 0.6117683769015487}",0.6117683769015487,"[[392 245]
 [270 379]]",[1. 1. 0. ... 0. 0. 1.],[0. 1. 1. ... 1. 0. 0.]
944,AdaBoost,"{'algorithm': 'SAMME.R', 'learning_rate': 0.1816326530612245, 'n_estimators': 30}",0.6018808515241553,0.09856203307316538,0.21074042685424657,0.1958190119593771,0.6075051753194203,0.09593455389946341,0.5994547302482206,0.19928765387619296,0.5995334370139969,0.5996799810359132,"{0: 0.6117683769015488, 1: 0.6117683769015487}","{0: 0.6117683769015488, 1: 0.6117683769015487}",0.6117683769015487,"[[392 245]
 [270 379]]",[1. 1. 0. ... 0. 0. 1.],[0. 1. 1. ... 1. 0. 0.]
923,AdaBoost,"{'algorithm': 'SAMME.R', 'learning_rate': 0.1816326530612245, 'n_estimators': 30}",0.6018808515241553,0.09856203307316538,0.21074042685424657,0.1958190119593771,0.6075051753194203,0.09593455389946341,0.5994547302482206,0.19928765387619296,0.5995334370139969,0.5996799810359132,"{0: 0.6117683769015488, 1: 0.6117683769015487}","{0: 0.6117683769015488, 1: 0.6117683769015487}",0.6117683769015487,"[[392 245]
 [270 379]]",[1. 1. 0. ... 0. 0. 1.],[0. 1. 1. ... 1. 0. 0.]
870,AdaBoost,"{'algorithm': 'SAMME.R', 'learning_rate': 0.1816326530612245, 'n_estimators': 30}",0.6018808515241553,0.09856203307316538,0.21074042685424657,0.1958190119593771,0.6075051753194203,0.09593455389946341,0.5994547302482206,0.19928765387619296,0.5995334370139969,0.5996799810359132,"{0: 0.6117683769015488, 1: 0.6117683769015487}","{0: 0.6117683769015488, 1: 0.6117683769015487}",0.6117683769015487,"[[392 245]
 [270 379]]",[1. 1. 0. ... 0. 0. 1.],[0. 1. 1. ... 1. 0. 0.]
863,AdaBoost,"{'algorithm': 'SAMME.R', 'learning_rate': 0.1816326530612245, 'n_estimators': 30}",0.6018808515241553,0.09856203307316538,0.21074042685424657,0.1958190119593771,0.6075051753194203,0.09593455389946341,0.5994547302482206,0.19928765387619296,0.5995334370139969,0.5996799810359132,"{0: 0.6117683769015488, 1: 0.6117683769015487}","{0: 0.6117683769015488, 1: 0.6117683769015487}",0.6117683769015487,"[[392 245]
 [270 379]]",[1. 1. 0. ... 0. 0. 1.],[0. 1. 1. ... 1. 0. 0.]
501,AdaBoost,"{'algorithm': 'SAMME.R', 'learning_rate': 0.1816326530612245, 'n_estimators': 30}",0.6018808515241553,0.09856203307316538,0.21074042685424657,0.1958190119593771,0.6075051753194203,0.09593455389946341,0.5994547302482206,0.19928765387619296,0.5995334370139969,0.5996799810359132,"{0: 0.6117683769015488, 1: 0.6117683769015487}","{0: 0.6117683769015488, 1: 0.6117683769015487}",0.6117683769015487,"[[392 245]
 [270 379]]",[1. 1. 0. ... 0. 0. 1.],[0. 1. 1. ... 1. 0. 0.]
884,AdaBoost,"{'algorithm': 'SAMME.R', 'learning_rate': 0.1816326530612245, 'n_estimators': 30}",0.6018808515241553,0.09856203307316538,0.21074042685424657,0.1958190119593771,0.6075051753194203,0.09593455389946341,0.5994547302482206,0.19928765387619296,0.5995334370139969,0.5996799810359132,"{0: 0.6117683769015488, 1: 0.6117683769015487}","{0: 0.6117683769015488, 1: 0.6117683769015487}",0.6117683769015487,"[[392 245]
 [270 379]]",[1. 1. 0. ... 0. 0. 1.],[0. 1. 1. ... 1. 0. 0.]
856,AdaBoost,"{'algorithm': 'SAMME.R', 'learning_rate': 0.1816326530612245, 'n_estimators': 30}",0.6018808515241553,0.09856203307316538,0.21074042685424657,0.1958190119593771,0.6075051753194203,0.09593455389946341,0.5994547302482206,0.19928765387619296,0.5995334370139969,0.5996799810359132,"{0: 0.6117683769015488, 1: 0.6117683769015487}","{0: 0.6117683769015488, 1: 0.6117683769015487}",0.6117683769015487,"[[392 245]
 [270 379]]",[1. 1. 0. ... 0. 0. 1.],[0. 1. 1. ... 1. 0. 0.]
975,AdaBoost,"{'algorithm': 'SAMME.R', 'learning_rate': 0.1816326530612245, 'n_estimators': 30}",0.6018808515241553,0.09856203307316538,0.21074042685424657,0.1958190119593771,0.6075051753194203,0.09593455389946341,0.5994547302482206,0.19928765387619296,0.5995334370139969,0.5996799810359132,"{0: 0.6117683769015488, 1: 0.6117683769015487}","{0: 0.6117683769015488, 1: 0.6117683769015487}",0.6117683769015487,"[[392 245]
 [270 379]]",[1. 1. 0. ... 0. 0. 1.],[0. 1. 1. ... 1. 0. 0.]
913,AdaBoost,"{'algorithm': 'SAMME.R', 'learning_rate': 0.1816326530612245, 'n_estimators': 30}",0.6018808515241553,0.09856203307316538,0.21074042685424657,0.1958190119593771,0.6075051753194203,0.09593455389946341,0.5994547302482206,0.19928765387619296,0.5995334370139969,0.5996799810359132,"{0: 0.6117683769015488, 1: 0.6117683769015487}","{0: 0.6117683769015488, 1: 0.6117683769015487}",0.6117683769015487,"[[392 245]
 [270 379]]",[1. 1. 0. ... 0. 0. 1.],[0. 1. 1. ... 1. 0. 0.]
906,AdaBoost,"{'algorithm': 'SAMME.R', 'learning_rate': 0.1816326530612245, 'n_estimators': 30}",0.6018808515241553,0.09856203307316538,0.21074042685424657,0.1958190119593771,0.6075051753194203,0.09593455389946341,0.5994547302482206,0.19928765387619296,0.5995334370139969,0.5996799810359132,"{0: 0.6117683769015488, 1: 0.6117683769015487}","{0: 0.6117683769015488, 1: 0.6117683769015487}",0.6117683769015487,"[[392 245]
 [270 379]]",[1. 1. 0. ... 0. 0. 1.],[0. 1. 1. ... 1. 0. 0.]
835,AdaBoost,"{'algorithm': 'SAMME.R', 'learning_rate': 0.1816326530612245, 'n_estimators': 30}",0.6018808515241553,0.09856203307316538,0.21074042685424657,0.1958190119593771,0.6075051753194203,0.09593455389946341,0.5994547302482206,0.19928765387619296,0.5995334370139969,0.5996799810359132,"{0: 0.6117683769015488, 1: 0.6117683769015487}","{0: 0.6117683769015488, 1: 0.6117683769015487}",0.6117683769015487,"[[392 245]
 [270 379]]",[1. 1. 0. ... 0. 0. 1.],[0. 1. 1. ... 1. 0. 0.]
833,AdaBoost,"{'algorithm': 'SAMME.R', 'learning_rate': 0.1816326530612245, 'n_estimators': 30}",0.6018808515241553,0.09856203307316538,0.21074042685424657,0.1958190119593771,0.6075051753194203,0.09593455389946341,0.5994547302482206,0.19928765387619296,0.5995334370139969,0.5996799810359132,"{0: 0.6117683769015488, 1: 0.6117683769015487}","{0: 0.6117683769015488, 1: 0.6117683769015487}",0.6117683769015487,"[[392 245]
 [270 379]]",[1. 1. 0. ... 0. 0. 1.],[0. 1. 1. ... 1. 0. 0.]
991,AdaBoost,"{'algorithm': 'SAMME.R', 'learning_rate': 0.1816326530612245, 'n_estimators': 30}",0.6018808515241553,0.09856203307316538,0.21074042685424657,0.1958190119593771,0.6075051753194203,0.09593455389946341,0.5994547302482206,0.19928765387619296,0.5995334370139969,0.5996799810359132,"{0: 0.6117683769015488, 1: 0.6117683769015487}","{0: 0.6117683769015488, 1: 0.6117683769015487}",0.6117683769015487,"[[392 245]
 [270 379]]",[1. 1. 0. ... 0. 0. 1.],[0. 1. 1. ... 1. 0. 0.]
996,AdaBoost,"{'algorithm': 'SAMME.R', 'learning_rate': 0.1816326530612245, 'n_estimators': 30}",0.6018808515241553,0.09856203307316538,0.21074042685424657,0.1958190119593771,0.6075051753194203,0.09593455389946341,0.5994547302482206,0.19928765387619296,0.5995334370139969,0.5996799810359132,"{0: 0.6117683769015488, 1: 0.6117683769015487}","{0: 0.6117683769015488, 1: 0.6117683769015487}",0.6117683769015487,"[[392 245]
 [270 379]]",[1. 1. 0. ... 0. 0. 1.],[0. 1. 1. ... 1. 0. 0.]
331,AdaBoost,"{'algorithm': 'SAMME', 'learning_rate': 0.5897959183673469, 'n_estimators': 74}",0.596700194858411,0.10578175291927933,0.2049330406251576,0.20823275910962397,0.6036111366830974,0.10237378669012308,0.6035345205997122,0.20900651816118743,0.604199066874028,0.6045927438179255,"{0: 0.6303127864871206, 1: 0.6303127864871206}","{0: 0.6303127864871206, 1: 0.6303127864871206}",0.6303127864871206,"[[412 225]
 [284 365]]",[1. 1. 0. ... 0. 0. 1.],[0. 1. 1. ... 1. 0. 0.]
87,AdaBoost,"{'algorithm': 'SAMME', 'learning_rate': 0.5897959183673469, 'n_estimators': 74}",0.596700194858411,0.10578175291927933,0.2049330406251576,0.20823275910962397,0.6036111366830974,0.10237378669012308,0.6035345205997122,0.20900651816118743,0.604199066874028,0.6045927438179255,"{0: 0.6303127864871206, 1: 0.6303127864871206}","{0: 0.6303127864871206, 1: 0.6303127864871206}",0.6303127864871206,"[[412 225]
 [284 365]]",[1. 1. 0. ... 0. 0. 1.],[0. 1. 1. ... 1. 0. 0.]
231,AdaBoost,"{'algorithm': 'SAMME', 'learning_rate': 0.5897959183673469, 'n_estimators': 74}",0.596700194858411,0.10578175291927933,0.2049330406251576,0.20823275910962397,0.6036111366830974,0.10237378669012308,0.6035345205997122,0.20900651816118743,0.604199066874028,0.6045927438179255,"{0: 0.6303127864871206, 1: 0.6303127864871206}","{0: 0.6303127864871206, 1: 0.6303127864871206}",0.6303127864871206,"[[412 225]
 [284 365]]",[1. 1. 0. ... 0. 0. 1.],[0. 1. 1. ... 1. 0. 0.]
308,AdaBoost,"{'algorithm': 'SAMME', 'learning_rate': 0.5897959183673469, 'n_estimators': 74}",0.596700194858411,0.10578175291927933,0.2049330406251576,0.20823275910962397,0.6036111366830974,0.10237378669012308,0.6035345205997122,0.20900651816118743,0.604199066874028,0.6045927438179255,"{0: 0.6303127864871206, 1: 0.6303127864871206}","{0: 0.6303127864871206, 1: 0.6303127864871206}",0.6303127864871206,"[[412 225]
 [284 365]]",[1. 1. 0. ... 0. 0. 1.],[0. 1. 1. ... 1. 0. 0.]
303,AdaBoost,"{'algorithm': 'SAMME', 'learning_rate': 0.5897959183673469, 'n_estimators': 74}",0.596700194858411,0.10578175291927933,0.2049330406251576,0.20823275910962397,0.6036111366830974,0.10237378669012308,0.6035345205997122,0.20900651816118743,0.604199066874028,0.6045927438179255,"{0: 0.6303127864871206, 1: 0.6303127864871206}","{0: 0.6303127864871206, 1: 0.6303127864871206}",0.6303127864871206,"[[412 225]
 [284 365]]",[1. 1. 0. ... 0. 0. 1.],[0. 1. 1. ... 1. 0. 0.]
279,AdaBoost,"{'algorithm': 'SAMME', 'learning_rate': 0.5897959183673469, 'n_estimators': 74}",0.596700194858411,0.10578175291927933,0.2049330406251576,0.20823275910962397,0.6036111366830974,0.10237378669012308,0.6035345205997122,0.20900651816118743,0.604199066874028,0.6045927438179255,"{0: 0.6303127864871206, 1: 0.6303127864871206}","{0: 0.6303127864871206, 1: 0.6303127864871206}",0.6303127864871206,"[[412 225]
 [284 365]]",[1. 1. 0. ... 0. 0. 1.],[0. 1. 1. ... 1. 0. 0.]
92,AdaBoost,"{'algorithm': 'SAMME', 'learning_rate': 0.5897959183673469, 'n_estimators': 74}",0.596700194858411,0.10578175291927933,0.2049330406251576,0.20823275910962397,0.6036111366830974,0.10237378669012308,0.6035345205997122,0.20900651816118743,0.604199066874028,0.6045927438179255,"{0: 0.6303127864871206, 1: 0.6303127864871206}","{0: 0.6303127864871206, 1: 0.6303127864871206}",0.6303127864871206,"[[412 225]
 [284 365]]",[1. 1. 0. ... 0. 0. 1.],[0. 1. 1. ... 1. 0. 0.]
249,AdaBoost,"{'algorithm': 'SAMME', 'learning_rate': 0.5897959183673469, 'n_estimators': 74}",0.596700194858411,0.10578175291927933,0.2049330406251576,0.20823275910962397,0.6036111366830974,0.10237378669012308,0.6035345205997122,0.20900651816118743,0.604199066874028,0.6045927438179255,"{0: 0.6303127864871206, 1: 0.6303127864871206}","{0: 0.6303127864871206, 1: 0.6303127864871206}",0.6303127864871206,"[[412 225]
 [284 365]]",[1. 1. 0. ... 0. 0. 1.],[0. 1. 1. ... 1. 0. 0.]
285,AdaBoost,"{'algorithm': 'SAMME', 'learning_rate': 0.5897959183673469, 'n_estimators': 74}",0.596700194858411,0.10578175291927933,0.2049330406251576,0.20823275910962397,0.6036111366830974,0.10237378669012308,0.6035345205997122,0.20900651816118743,0.604199066874028,0.6045927438179255,"{0: 0.6303127864871206, 1: 0.6303127864871206}","{0: 0.6303127864871206, 1: 0.6303127864871206}",0.6303127864871206,"[[412 225]
 [284 365]]",[1. 1. 0. ... 0. 0. 1.],[0. 1. 1. ... 1. 0. 0.]
83,AdaBoost,"{'algorithm': 'SAMME', 'learning_rate': 0.5897959183673469, 'n_estimators': 74}",0.596700194858411,0.10578175291927933,0.2049330406251576,0.20823275910962397,0.6036111366830974,0.10237378669012308,0.6035345205997122,0.20900651816118743,0.604199066874028,0.6045927438179255,"{0: 0.6303127864871206, 1: 0.6303127864871206}","{0: 0.6303127864871206, 1: 0.6303127864871206}",0.6303127864871206,"[[412 225]
 [284 365]]",[1. 1. 0. ... 0. 0. 1.],[0. 1. 1. ... 1. 0. 0.]
278,AdaBoost,"{'algorithm': 'SAMME', 'learning_rate': 0.5897959183673469, 'n_estimators': 74}",0.596700194858411,0.10578175291927933,0.2049330406251576,0.20823275910962397,0.6036111366830974,0.10237378669012308,0.6035345205997122,0.20900651816118743,0.604199066874028,0.6045927438179255,"{0: 0.6303127864871206, 1: 0.6303127864871206}","{0: 0.6303127864871206, 1: 0.6303127864871206}",0.6303127864871206,"[[412 225]
 [284 365]]",[1. 1. 0. ... 0. 0. 1.],[0. 1. 1. ... 1. 0. 0.]
269,AdaBoost,"{'algorithm': 'SAMME', 'learning_rate': 0.5897959183673469, 'n_estimators': 74}",0.596700194858411,0.10578175291927933,0.2049330406251576,0.20823275910962397,0.6036111366830974,0.10237378669012308,0.6035345205997122,0.20900651816118743,0.604199066874028,0.6045927438179255,"{0: 0.6303127864871206, 1: 0.6303127864871206}","{0: 0.6303127864871206, 1: 0.6303127864871206}",0.6303127864871206,"[[412 225]
 [284 365]]",[1. 1. 0. ... 0. 0. 1.],[0. 1. 1. ... 1. 0. 0.]
257,AdaBoost,"{'algorithm': 'SAMME', 'learning_rate': 0.5897959183673469, 'n_estimators': 74}",0.596700194858411,0.10578175291927933,0.2049330406251576,0.20823275910962397,0.6036111366830974,0.10237378669012308,0.6035345205997122,0.20900651816118743,0.604199066874028,0.6045927438179255,"{0: 0.6303127864871206, 1: 0.6303127864871206}","{0: 0.6303127864871206, 1: 0.6303127864871206}",0.6303127864871206,"[[412 225]
 [284 365]]",[1. 1. 0. ... 0. 0. 1.],[0. 1. 1. ... 1. 0. 0.]
258,AdaBoost,"{'algorithm': 'SAMME', 'learning_rate': 0.5897959183673469, 'n_estimators': 74}",0.596700194858411,0.10578175291927933,0.2049330406251576,0.20823275910962397,0.6036111366830974,0.10237378669012308,0.6035345205997122,0.20900651816118743,0.604199066874028,0.6045927438179255,"{0: 0.6303127864871206, 1: 0.6303127864871206}","{0: 0.6303127864871206, 1: 0.6303127864871206}",0.6303127864871206,"[[412 225]
 [284 365]]",[1. 1. 0. ... 0. 0. 1.],[0. 1. 1. ... 1. 0. 0.]
259,AdaBoost,"{'algorithm': 'SAMME', 'learning_rate': 0.5897959183673469, 'n_estimators': 74}",0.596700194858411,0.10578175291927933,0.2049330406251576,0.20823275910962397,0.6036111366830974,0.10237378669012308,0.6035345205997122,0.20900651816118743,0.604199066874028,0.6045927438179255,"{0: 0.6303127864871206, 1: 0.6303127864871206}","{0: 0.6303127864871206, 1: 0.6303127864871206}",0.6303127864871206,"[[412 225]
 [284 365]]",[1. 1. 0. ... 0. 0. 1.],[0. 1. 1. ... 1. 0. 0.]
84,AdaBoost,"{'algorithm': 'SAMME', 'learning_rate': 0.5897959183673469, 'n_estimators': 74}",0.596700194858411,0.10578175291927933,0.2049330406251576,0.20823275910962397,0.6036111366830974,0.10237378669012308,0.6035345205997122,0.20900651816118743,0.604199066874028,0.6045927438179255,"{0: 0.6303127864871206, 1: 0.6303127864871206}","{0: 0.6303127864871206, 1: 0.6303127864871206}",0.6303127864871206,"[[412 225]
 [284 365]]",[1. 1. 0. ... 0. 0. 1.],[0. 1. 1. ... 1. 0. 0.]
390,AdaBoost,"{'algorithm': 'SAMME', 'learning_rate': 0.5897959183673469, 'n_estimators': 74}",0.596700194858411,0.10578175291927933,0.2049330406251576,0.20823275910962397,0.6036111366830974,0.10237378669012308,0.6035345205997122,0.20900651816118743,0.604199066874028,0.6045927438179255,"{0: 0.6303127864871206, 1: 0.6303127864871206}","{0: 0.6303127864871206, 1: 0.6303127864871206}",0.6303127864871206,"[[412 225]
 [284 365]]",[1. 1. 0. ... 0. 0. 1.],[0. 1. 1. ... 1. 0. 0.]
406,AdaBoost,"{'algorithm': 'SAMME', 'learning_rate': 0.5897959183673469, 'n_estimators': 74}",0.596700194858411,0.10578175291927933,0.2049330406251576,0.20823275910962397,0.6036111366830974,0.10237378669012308,0.6035345205997122,0.20900651816118743,0.604199066874028,0.6045927438179255,"{0: 0.6303127864871206, 1: 0.6303127864871206}","{0: 0.6303127864871206, 1: 0.6303127864871206}",0.6303127864871206,"[[412 225]
 [284 365]]",[1. 1. 0. ... 0. 0. 1.],[0. 1. 1. ... 1. 0. 0.]
369,AdaBoost,"{'algorithm': 'SAMME', 'learning_rate': 0.5897959183673469, 'n_estimators': 74}",0.596700194858411,0.10578175291927933,0.2049330406251576,0.20823275910962397,0.6036111366830974,0.10237378669012308,0.6035345205997122,0.20900651816118743,0.604199066874028,0.6045927438179255,"{0: 0.6303127864871206, 1: 0.6303127864871206}","{0: 0.6303127864871206, 1: 0.6303127864871206}",0.6303127864871206,"[[412 225]
 [284 365]]",[1. 1. 0. ... 0. 0. 1.],[0. 1. 1. ... 1. 0. 0.]
498,AdaBoost,"{'algorithm': 'SAMME', 'learning_rate': 0.5897959183673469, 'n_estimators': 74}",0.596700194858411,0.10578175291927933,0.2049330406251576,0.20823275910962397,0.6036111366830974,0.10237378669012308,0.6035345205997122,0.20900651816118743,0.604199066874028,0.6045927438179255,"{0: 0.6303127864871206, 1: 0.6303127864871206}","{0: 0.6303127864871206, 1: 0.6303127864871206}",0.6303127864871206,"[[412 225]
 [284 365]]",[1. 1. 0. ... 0. 0. 1.],[0. 1. 1. ... 1. 0. 0.]
494,AdaBoost,"{'algorithm': 'SAMME', 'learning_rate': 0.5897959183673469, 'n_estimators': 74}",0.596700194858411,0.10578175291927933,0.2049330406251576,0.20823275910962397,0.6036111366830974,0.10237378669012308,0.6035345205997122,0.20900651816118743,0.604199066874028,0.6045927438179255,"{0: 0.6303127864871206, 1: 0.6303127864871206}","{0: 0.6303127864871206, 1: 0.6303127864871206}",0.6303127864871206,"[[412 225]
 [284 365]]",[1. 1. 0. ... 0. 0. 1.],[0. 1. 1. ... 1. 0. 0.]
178,AdaBoost,"{'algorithm': 'SAMME', 'learning_rate': 0.5897959183673469, 'n_estimators': 74}",0.596700194858411,0.10578175291927933,0.2049330406251576,0.20823275910962397,0.6036111366830974,0.10237378669012308,0.6035345205997122,0.20900651816118743,0.604199066874028,0.6045927438179255,"{0: 0.6303127864871206, 1: 0.6303127864871206}","{0: 0.6303127864871206, 1: 0.6303127864871206}",0.6303127864871206,"[[412 225]
 [284 365]]",[1. 1. 0. ... 0. 0. 1.],[0. 1. 1. ... 1. 0. 0.]
458,AdaBoost,"{'algorithm': 'SAMME', 'learning_rate': 0.5897959183673469, 'n_estimators': 74}",0.596700194858411,0.10578175291927933,0.2049330406251576,0.20823275910962397,0.6036111366830974,0.10237378669012308,0.6035345205997122,0.20900651816118743,0.604199066874028,0.6045927438179255,"{0: 0.6303127864871206, 1: 0.6303127864871206}","{0: 0.6303127864871206, 1: 0.6303127864871206}",0.6303127864871206,"[[412 225]
 [284 365]]",[1. 1. 0. ... 0. 0. 1.],[0. 1. 1. ... 1. 0. 0.]
450,AdaBoost,"{'algorithm': 'SAMME', 'learning_rate': 0.5897959183673469, 'n_estimators': 74}",0.596700194858411,0.10578175291927933,0.2049330406251576,0.20823275910962397,0.6036111366830974,0.10237378669012308,0.6035345205997122,0.20900651816118743,0.604199066874028,0.6045927438179255,"{0: 0.6303127864871206, 1: 0.6303127864871206}","{0: 0.6303127864871206, 1: 0.6303127864871206}",0.6303127864871206,"[[412 225]
 [284 365]]",[1. 1. 0. ... 0. 0. 1.],[0. 1. 1. ... 1. 0. 0.]
439,AdaBoost,"{'algorithm': 'SAMME', 'learning_rate': 0.5897959183673469, 'n_estimators': 74}",0.596700194858411,0.10578175291927933,0.2049330406251576,0.20823275910962397,0.6036111366830974,0.10237378669012308,0.6035345205997122,0.20900651816118743,0.604199066874028,0.6045927438179255,"{0: 0.6303127864871206, 1: 0.6303127864871206}","{0: 0.6303127864871206, 1: 0.6303127864871206}",0.6303127864871206,"[[412 225]
 [284 365]]",[1. 1. 0. ... 0. 0. 1.],[0. 1. 1. ... 1. 0. 0.]
432,AdaBoost,"{'algorithm': 'SAMME', 'learning_rate': 0.5897959183673469, 'n_estimators': 74}",0.596700194858411,0.10578175291927933,0.2049330406251576,0.20823275910962397,0.6036111366830974,0.10237378669012308,0.6035345205997122,0.20900651816118743,0.604199066874028,0.6045927438179255,"{0: 0.6303127864871206, 1: 0.6303127864871206}","{0: 0.6303127864871206, 1: 0.6303127864871206}",0.6303127864871206,"[[412 225]
 [284 365]]",[1. 1. 0. ... 0. 0. 1.],[0. 1. 1. ... 1. 0. 0.]
415,AdaBoost,"{'algorithm': 'SAMME', 'learning_rate': 0.5897959183673469, 'n_estimators': 74}",0.596700194858411,0.10578175291927933,0.2049330406251576,0.20823275910962397,0.6036111366830974,0.10237378669012308,0.6035345205997122,0.20900651816118743,0.604199066874028,0.6045927438179255,"{0: 0.6303127864871206, 1: 0.6303127864871206}","{0: 0.6303127864871206, 1: 0.6303127864871206}",0.6303127864871206,"[[412 225]
 [284 365]]",[1. 1. 0. ... 0. 0. 1.],[0. 1. 1. ... 1. 0. 0.]
162,AdaBoost,"{'algorithm': 'SAMME', 'learning_rate': 0.5897959183673469, 'n_estimators': 74}",0.596700194858411,0.10578175291927933,0.2049330406251576,0.20823275910962397,0.6036111366830974,0.10237378669012308,0.6035345205997122,0.20900651816118743,0.604199066874028,0.6045927438179255,"{0: 0.6303127864871206, 1: 0.6303127864871206}","{0: 0.6303127864871206, 1: 0.6303127864871206}",0.6303127864871206,"[[412 225]
 [284 365]]",[1. 1. 0. ... 0. 0. 1.],[0. 1. 1. ... 1. 0. 0.]
68,AdaBoost,"{'algorithm': 'SAMME', 'learning_rate': 0.5897959183673469, 'n_estimators': 74}",0.596700194858411,0.10578175291927933,0.2049330406251576,0.20823275910962397,0.6036111366830974,0.10237378669012308,0.6035345205997122,0.20900651816118743,0.604199066874028,0.6045927438179255,"{0: 0.6303127864871206, 1: 0.6303127864871206}","{0: 0.6303127864871206, 1: 0.6303127864871206}",0.6303127864871206,"[[412 225]
 [284 365]]",[1. 1. 0. ... 0. 0. 1.],[0. 1. 1. ... 1. 0. 0.]
405,AdaBoost,"{'algorithm': 'SAMME', 'learning_rate': 0.5897959183673469, 'n_estimators': 74}",0.596700194858411,0.10578175291927933,0.2049330406251576,0.20823275910962397,0.6036111366830974,0.10237378669012308,0.6035345205997122,0.20900651816118743,0.604199066874028,0.6045927438179255,"{0: 0.6303127864871206, 1: 0.6303127864871206}","{0: 0.6303127864871206, 1: 0.6303127864871206}",0.6303127864871206,"[[412 225]
 [284 365]]",[1. 1. 0. ... 0. 0. 1.],[0. 1. 1. ... 1. 0. 0.]
402,AdaBoost,"{'algorithm': 'SAMME', 'learning_rate': 0.5897959183673469, 'n_estimators': 74}",0.596700194858411,0.10578175291927933,0.2049330406251576,0.20823275910962397,0.6036111366830974,0.10237378669012308,0.6035345205997122,0.20900651816118743,0.604199066874028,0.6045927438179255,"{0: 0.6303127864871206, 1: 0.6303127864871206}","{0: 0.6303127864871206, 1: 0.6303127864871206}",0.6303127864871206,"[[412 225]
 [284 365]]",[1. 1. 0. ... 0. 0. 1.],[0. 1. 1. ... 1. 0. 0.]
401,AdaBoost,"{'algorithm': 'SAMME', 'learning_rate': 0.5897959183673469, 'n_estimators': 74}",0.596700194858411,0.10578175291927933,0.2049330406251576,0.20823275910962397,0.6036111366830974,0.10237378669012308,0.6035345205997122,0.20900651816118743,0.604199066874028,0.6045927438179255,"{0: 0.6303127864871206, 1: 0.6303127864871206}","{0: 0.6303127864871206, 1: 0.6303127864871206}",0.6303127864871206,"[[412 225]
 [284 365]]",[1. 1. 0. ... 0. 0. 1.],[0. 1. 1. ... 1. 0. 0.]
146,AdaBoost,"{'algorithm': 'SAMME', 'learning_rate': 0.5897959183673469, 'n_estimators': 74}",0.596700194858411,0.10578175291927933,0.2049330406251576,0.20823275910962397,0.6036111366830974,0.10237378669012308,0.6035345205997122,0.20900651816118743,0.604199066874028,0.6045927438179255,"{0: 0.6303127864871206, 1: 0.6303127864871206}","{0: 0.6303127864871206, 1: 0.6303127864871206}",0.6303127864871206,"[[412 225]
 [284 365]]",[1. 1. 0. ... 0. 0. 1.],[0. 1. 1. ... 1. 0. 0.]
209,AdaBoost,"{'algorithm': 'SAMME', 'learning_rate': 0.5897959183673469, 'n_estimators': 74}",0.596700194858411,0.10578175291927933,0.2049330406251576,0.20823275910962397,0.6036111366830974,0.10237378669012308,0.6035345205997122,0.20900651816118743,0.604199066874028,0.6045927438179255,"{0: 0.6303127864871206, 1: 0.6303127864871206}","{0: 0.6303127864871206, 1: 0.6303127864871206}",0.6303127864871206,"[[412 225]
 [284 365]]",[1. 1. 0. ... 0. 0. 1.],[0. 1. 1. ... 1. 0. 0.]
145,AdaBoost,"{'algorithm': 'SAMME', 'learning_rate': 0.5897959183673469, 'n_estimators': 74}",0.596700194858411,0.10578175291927933,0.2049330406251576,0.20823275910962397,0.6036111366830974,0.10237378669012308,0.6035345205997122,0.20900651816118743,0.604199066874028,0.6045927438179255,"{0: 0.6303127864871206, 1: 0.6303127864871206}","{0: 0.6303127864871206, 1: 0.6303127864871206}",0.6303127864871206,"[[412 225]
 [284 365]]",[1. 1. 0. ... 0. 0. 1.],[0. 1. 1. ... 1. 0. 0.]
375,AdaBoost,"{'algorithm': 'SAMME', 'learning_rate': 0.5897959183673469, 'n_estimators': 74}",0.596700194858411,0.10578175291927933,0.2049330406251576,0.20823275910962397,0.6036111366830974,0.10237378669012308,0.6035345205997122,0.20900651816118743,0.604199066874028,0.6045927438179255,"{0: 0.6303127864871206, 1: 0.6303127864871206}","{0: 0.6303127864871206, 1: 0.6303127864871206}",0.6303127864871206,"[[412 225]
 [284 365]]",[1. 1. 0. ... 0. 0. 1.],[0. 1. 1. ... 1. 0. 0.]
495,AdaBoost,"{'algorithm': 'SAMME', 'learning_rate': 1.2428571428571429, 'n_estimators': 41}",0.5921368140977104,0.08602247837655025,0.20181039787710886,0.1642593535722877,0.5997457349696645,0.08245800123020235,0.5967794194667112,0.1948919630361058,0.5972006220839814,0.5975138662789994,"{0: 0.619664838793168, 1: 0.619664838793168}","{0: 0.619664838793168, 1: 0.619664838793168}",0.619664838793168,"[[402 235]
 [283 366]]",[0. 1. 0. ... 0. 0. 1.],[0. 1. 1. ... 1. 0. 0.]
153,AdaBoost,"{'algorithm': 'SAMME', 'learning_rate': 0.5897959183673469, 'n_estimators': 85}",0.5923078135894135,0.11690220520966549,0.19688767587742412,0.22790420524382246,0.5996848303015748,0.11225740521184892,0.5999705461129087,0.20106266483270763,0.6003110419906688,0.6005955303776127,"{0: 0.6287767922150489, 1: 0.6287767922150489}","{0: 0.6287767922150489, 1: 0.6287767922150489}",0.6287767922150489,"[[402 235]
 [279 370]]",[1. 1. 0. ... 0. 0. 1.],[0. 1. 1. ... 1. 0. 0.]
174,AdaBoost,"{'algorithm': 'SAMME', 'learning_rate': 0.5897959183673469, 'n_estimators': 85}",0.5923078135894135,0.11690220520966549,0.19688767587742412,0.22790420524382246,0.5996848303015748,0.11225740521184892,0.5999705461129087,0.20106266483270763,0.6003110419906688,0.6005955303776127,"{0: 0.6287767922150489, 1: 0.6287767922150489}","{0: 0.6287767922150489, 1: 0.6287767922150489}",0.6287767922150489,"[[402 235]
 [279 370]]",[1. 1. 0. ... 0. 0. 1.],[0. 1. 1. ... 1. 0. 0.]
334,AdaBoost,"{'algorithm': 'SAMME', 'learning_rate': 0.5897959183673469, 'n_estimators': 85}",0.5923078135894135,0.11690220520966549,0.19688767587742412,0.22790420524382246,0.5996848303015748,0.11225740521184892,0.5999705461129087,0.20106266483270763,0.6003110419906688,0.6005955303776127,"{0: 0.6287767922150489, 1: 0.6287767922150489}","{0: 0.6287767922150489, 1: 0.6287767922150489}",0.6287767922150489,"[[402 235]
 [279 370]]",[1. 1. 0. ... 0. 0. 1.],[0. 1. 1. ... 1. 0. 0.]
268,AdaBoost,"{'algorithm': 'SAMME', 'learning_rate': 0.7530612244897958, 'n_estimators': 85}",0.5920063918442398,0.10563085508024851,0.1945719517602258,0.20818006515850912,0.5988866849333787,0.10194581294297712,0.595222583248436,0.1917834377968629,0.5956454121306376,0.5959585208979883,"{0: 0.625796721438368, 1: 0.625796721438368}","{0: 0.625796721438368, 1: 0.625796721438368}",0.625796721438368,"[[401 236]
 [284 365]]",[1. 1. 0. ... 0. 0. 1.],[0. 1. 1. ... 1. 0. 0.]
362,AdaBoost,"{'algorithm': 'SAMME', 'learning_rate': 0.5081632653061224, 'n_estimators': 63}",0.5891147262040771,0.09922187672144434,0.1942396447541622,0.1942006460154039,0.5981933832174218,0.09386773903776442,0.6052339780299156,0.21390794239090782,0.6065318818040435,0.6070781518723407,"{0: 0.6336435961133298, 1: 0.6336435961133298}","{0: 0.6336435961133298, 1: 0.6336435961133298}",0.6336435961133298,"[[424 213]
 [293 356]]",[1. 1. 0. ... 0. 0. 1.],[0. 1. 1. ... 1. 0. 0.]
444,AdaBoost,"{'algorithm': 'SAMME', 'learning_rate': 0.5081632653061224, 'n_estimators': 74}",0.5890304028758812,0.10105891125416537,0.19243953296130897,0.19871747556241698,0.5972838667567234,0.09671105683290517,0.6033155243120559,0.20909826854995595,0.604199066874028,0.6046507971447439,"{0: 0.6306320797846221, 1: 0.6306320797846222}","{0: 0.6306320797846221, 1: 0.6306320797846222}",0.6306320797846222,"[[416 221]
 [288 361]]",[1. 1. 0. ... 0. 0. 1.],[0. 1. 1. ... 1. 0. 0.]
264,AdaBoost,"{'algorithm': 'SAMME', 'learning_rate': 0.5081632653061224, 'n_estimators': 74}",0.5890304028758812,0.10105891125416537,0.19243953296130897,0.19871747556241698,0.5972838667567234,0.09671105683290517,0.6033155243120559,0.20909826854995595,0.604199066874028,0.6046507971447439,"{0: 0.6306320797846221, 1: 0.6306320797846222}","{0: 0.6306320797846221, 1: 0.6306320797846222}",0.6306320797846222,"[[416 221]
 [288 361]]",[1. 1. 0. ... 0. 0. 1.],[0. 1. 1. ... 1. 0. 0.]
149,AdaBoost,"{'algorithm': 'SAMME', 'learning_rate': 0.5081632653061224, 'n_estimators': 74}",0.5890304028758812,0.10105891125416537,0.19243953296130897,0.19871747556241698,0.5972838667567234,0.09671105683290517,0.6033155243120559,0.20909826854995595,0.604199066874028,0.6046507971447439,"{0: 0.6306320797846221, 1: 0.6306320797846222}","{0: 0.6306320797846221, 1: 0.6306320797846222}",0.6306320797846222,"[[416 221]
 [288 361]]",[1. 1. 0. ... 0. 0. 1.],[0. 1. 1. ... 1. 0. 0.]
294,AdaBoost,"{'algorithm': 'SAMME', 'learning_rate': 1.4061224489795918, 'n_estimators': 30}",0.5882400319754194,0.09382767210073922,0.189356291875268,0.18483484512344484,0.5951785735473577,0.09040157766217806,0.5985742990673617,0.19783761305749037,0.5987558320373251,0.5989676183380783,"{0: 0.614246528290112, 1: 0.6142465282901118}","{0: 0.614246528290112, 1: 0.6142465282901118}",0.6142465282901118,"[[396 241]
 [275 374]]",[1. 1. 0. ... 0. 0. 1.],[0. 1. 1. ... 1. 0. 0.]
323,SVC,"{'C': 1, 'gamma': 0.1, 'kernel': 'rbf'}",0.5886197620675412,0.09988914658476397,0.18881339140870565,0.18971951236522955,0.5967388405806858,0.09244770495224787,0.592258913884102,0.18547188102104906,0.5925349922239502,0.5927897768091472,"{0: 0.6122545735136535, 1: 0.6122545735136534}","{0: 0.6122545735136535, 1: 0.6122545735136534}",0.6122545735136534,"[[395 242]
 [282 367]]",[0. 1. 0. ... 0. 0. 1.],[0. 1. 1. ... 1. 0. 0.]
410,AdaBoost,"{'algorithm': 'SAMME', 'learning_rate': 0.6714285714285714, 'n_estimators': 74}",0.5869954195919489,0.10877112026157695,0.1885745979788276,0.2116907910705779,0.5960621539001756,0.10315893914292466,0.5936657470301607,0.18867491255762014,0.5940902021772939,0.594403175516977,"{0: 0.6281781172822335, 1: 0.6281781172822334}","{0: 0.6281781172822335, 1: 0.6281781172822334}",0.6281781172822334,"[[400 237]
 [285 364]]",[1. 1. 0. ... 0. 0. 1.],[0. 1. 1. ... 1. 0. 0.]
74,AdaBoost,"{'algorithm': 'SAMME', 'learning_rate': 0.42653061224489797, 'n_estimators': 74}",0.5847264541504004,0.09703923646185339,0.18379921446403727,0.1929838456525392,0.5932397425852968,0.09328450193956976,0.5990015572259683,0.20325260200914486,0.6010886469673405,0.6017723196899952,"{0: 0.6309344408618016, 1: 0.6309344408618017}","{0: 0.6309344408618016, 1: 0.6309344408618017}",0.6309344408618017,"[[430 207]
 [306 343]]",[1. 1. 0. ... 0. 0. 1.],[0. 1. 1. ... 1. 0. 0.]
379,AdaBoost,"{'algorithm': 'SAMME', 'learning_rate': 0.42653061224489797, 'n_estimators': 74}",0.5847264541504004,0.09703923646185339,0.18379921446403727,0.1929838456525392,0.5932397425852968,0.09328450193956976,0.5990015572259683,0.20325260200914486,0.6010886469673405,0.6017723196899952,"{0: 0.6309344408618016, 1: 0.6309344408618017}","{0: 0.6309344408618016, 1: 0.6309344408618017}",0.6309344408618017,"[[430 207]
 [306 343]]",[1. 1. 0. ... 0. 0. 1.],[0. 1. 1. ... 1. 0. 0.]
463,AdaBoost,"{'algorithm': 'SAMME', 'learning_rate': 0.42653061224489797, 'n_estimators': 74}",0.5847264541504004,0.09703923646185339,0.18379921446403727,0.1929838456525392,0.5932397425852968,0.09328450193956976,0.5990015572259683,0.20325260200914486,0.6010886469673405,0.6017723196899952,"{0: 0.6309344408618016, 1: 0.6309344408618017}","{0: 0.6309344408618016, 1: 0.6309344408618017}",0.6309344408618017,"[[430 207]
 [306 343]]",[1. 1. 0. ... 0. 0. 1.],[0. 1. 1. ... 1. 0. 0.]
297,AdaBoost,"{'algorithm': 'SAMME', 'learning_rate': 0.42653061224489797, 'n_estimators': 63}",0.5839194002858947,0.09923514302746982,0.18351147481093988,0.19486459948543042,0.5931602074893321,0.09365243233830974,0.6002505443027226,0.20467892767326745,0.6018662519440124,0.6024701690561255,"{0: 0.6335311177926191, 1: 0.633531117792619}","{0: 0.6335311177926191, 1: 0.633531117792619}",0.633531117792619,"[[425 212]
 [300 349]]",[1. 1. 0. ... 0. 0. 1.],[0. 1. 1. ... 1. 0. 0.]
78,AdaBoost,"{'algorithm': 'SAMME', 'learning_rate': 0.42653061224489797, 'n_estimators': 96}",0.584898654008354,0.09907341267730746,0.18321860302887774,0.19754826382881452,0.592712414059552,0.0955148013950247,0.598107692300739,0.1981167872274091,0.5987558320373251,0.5991417783185338,"{0: 0.6308618742032785, 1: 0.6308618742032784}","{0: 0.6308618742032785, 1: 0.6308618742032784}",0.6308618742032784,"[[408 229]
 [287 362]]",[1. 1. 0. ... 0. 0. 1.],[0. 1. 1. ... 1. 0. 0.]
75,AdaBoost,"{'algorithm': 'SAMME', 'learning_rate': 0.42653061224489797, 'n_estimators': 96}",0.584898654008354,0.09907341267730746,0.18321860302887774,0.19754826382881452,0.592712414059552,0.0955148013950247,0.598107692300739,0.1981167872274091,0.5987558320373251,0.5991417783185338,"{0: 0.6308618742032785, 1: 0.6308618742032784}","{0: 0.6308618742032785, 1: 0.6308618742032784}",0.6308618742032784,"[[408 229]
 [287 362]]",[1. 1. 0. ... 0. 0. 1.],[0. 1. 1. ... 1. 0. 0.]
481,AdaBoost,"{'algorithm': 'SAMME', 'learning_rate': 0.5897959183673469, 'n_estimators': 52}",0.5838444457891704,0.1031285607368386,0.1828072909543239,0.2046854359044399,0.592276940807389,0.09889285000483312,0.5969632107876648,0.19851195149348366,0.5987558320373251,0.5993885049575123,"{0: 0.6302305442741278, 1: 0.6302305442741278}","{0: 0.6302305442741278, 1: 0.6302305442741278}",0.6302305442741278,"[[425 212]
 [304 345]]",[1. 1. 0. ... 0. 0. 1.],[0. 1. 1. ... 1. 0. 0.]
368,SVC,"{'C': 10, 'gamma': 0.01, 'kernel': 'rbf'}",0.5830969953347677,0.10984484469606264,0.1818097205195855,0.2069203426729919,0.5927876243021719,0.10142639690407759,0.5978301793943811,0.19823305245504697,0.5987558320373251,0.5992143449770568,"{0: 0.6272891757153258, 1: 0.6272891757153258}","{0: 0.6272891757153258, 1: 0.6272891757153258}",0.6272891757153258,"[[413 224]
 [292 357]]",[0. 0. 0. ... 0. 1. 1.],[0. 1. 1. ... 1. 0. 0.]
168,AdaBoost,"{'algorithm': 'SAMME', 'learning_rate': 0.7530612244897958, 'n_estimators': 96}",0.5856310310008456,0.11076123883215155,0.18162045646204328,0.2184927876615014,0.5924333682961624,0.10722788126582383,0.5891115913197408,0.179277918122152,0.5894245723172629,0.5896935993788295,"{0: 0.622430837927206, 1: 0.6224308379272059}","{0: 0.622430837927206, 1: 0.6224308379272059}",0.6224308379272059,"[[394 243]
 [285 364]]",[1. 1. 0. ... 0. 0. 1.],[0. 1. 1. ... 1. 0. 0.]
710,SVC,"{'C': 1000, 'gamma': 0.001, 'kernel': 'rbf'}",0.581762712750992,0.10096872961314207,0.18087631060304665,0.19097256566889212,0.591902296864167,0.0942933787425003,0.5934197787856262,0.19064001681520915,0.5948678071539658,0.5954348315123134,"{0: 0.6197894115569661, 1: 0.619789411556966}","{0: 0.6197894115569661, 1: 0.619789411556966}",0.619789411556966,"[[418 219]
 [302 347]]",[0. 0. 0. ... 0. 1. 1.],[0. 1. 1. ... 1. 0. 0.]
645,SVC,"{'C': 1000, 'gamma': 0.001, 'kernel': 'rbf'}",0.5818211237940583,0.10152536173741915,0.1805568128209339,0.19214037003913884,0.5917168150070433,0.09486444843115162,0.5941620209218913,0.1922052005595325,0.5956454121306376,0.5962197608686712,"{0: 0.620981923645362, 1: 0.6209819236453619}","{0: 0.620981923645362, 1: 0.6209819236453619}",0.6209819236453619,"[[419 218]
 [302 347]]",[0. 0. 0. ... 0. 1. 1.],[0. 1. 1. ... 1. 0. 0.]
314,AdaBoost,"{'algorithm': 'SAMME', 'learning_rate': 0.6714285714285714, 'n_estimators': 41}",0.5811791044277274,0.1071969215579897,0.18013549334985576,0.20808376604609238,0.5908737417884052,0.10112570598061933,0.5944907862587497,0.19388718860436294,0.5964230171073095,0.5970772568835523,"{0: 0.6288082377670755, 1: 0.6288082377670756}","{0: 0.6288082377670755, 1: 0.6288082377670756}",0.6288082377670756,"[[425 212]
 [307 342]]",[1. 1. 0. ... 0. 0. 1.],[0. 1. 1. ... 1. 0. 0.]
222,AdaBoost,"{'algorithm': 'SAMME', 'learning_rate': 0.6714285714285714, 'n_estimators': 41}",0.5811791044277274,0.1071969215579897,0.18013549334985576,0.20808376604609238,0.5908737417884052,0.10112570598061933,0.5944907862587497,0.19388718860436294,0.5964230171073095,0.5970772568835523,"{0: 0.6288082377670755, 1: 0.6288082377670756}","{0: 0.6288082377670755, 1: 0.6288082377670756}",0.6288082377670756,"[[425 212]
 [307 342]]",[1. 1. 0. ... 0. 0. 1.],[0. 1. 1. ... 1. 0. 0.]
557,SVC,"{'C': 1000, 'gamma': 0.01, 'kernel': 'rbf'}",0.5832674312219867,0.10524153747566754,0.1795598250343312,0.20245797821683367,0.5899915486071429,0.10269215305210981,0.5826462392964648,0.16884318666689224,0.5839813374805599,0.5845183871818254,"{0: 0.5877802584824376, 1: 0.5877802584824376}","{0: 0.5877802584824376, 1: 0.5877802584824376}",0.5877802584824376,"[[409 228]
 [307 342]]",[0. 1. 0. ... 0. 0. 1.],[0. 1. 1. ... 1. 0. 0.]
403,AdaBoost,"{'algorithm': 'SAMME', 'learning_rate': 0.3448979591836735, 'n_estimators': 74}",0.5800825570847966,0.10105167478126015,0.1783813870655414,0.19869442491465425,0.5903412549731081,0.09580399253343147,0.5959167850022477,0.19876743854700707,0.5987558320373251,0.5995481516062631,"{0: 0.6307070653317627, 1: 0.6307070653317626}","{0: 0.6307070653317627, 1: 0.6307070653317626}",0.6307070653317626,"[[436 201]
 [315 334]]",[1. 1. 0. ... 0. 0. 1.],[0. 1. 1. ... 1. 0. 0.]
293,AdaBoost,"{'algorithm': 'SAMME', 'learning_rate': 0.3448979591836735, 'n_estimators': 74}",0.5800825570847966,0.10105167478126015,0.1783813870655414,0.19869442491465425,0.5903412549731081,0.09580399253343147,0.5959167850022477,0.19876743854700707,0.5987558320373251,0.5995481516062631,"{0: 0.6307070653317627, 1: 0.6307070653317626}","{0: 0.6307070653317627, 1: 0.6307070653317626}",0.6307070653317626,"[[436 201]
 [315 334]]",[1. 1. 0. ... 0. 0. 1.],[0. 1. 1. ... 1. 0. 0.]
290,AdaBoost,"{'algorithm': 'SAMME', 'learning_rate': 0.8346938775510203, 'n_estimators': 41}",0.5801267199642006,0.11538301112476107,0.17586738114773723,0.21558545039852886,0.5881845050756128,0.1078996564380429,0.591401959592894,0.1858733813853577,0.5925349922239502,0.5930365034481258,"{0: 0.6244167454821208, 1: 0.6244167454821208}","{0: 0.6244167454821208, 1: 0.6244167454821208}",0.6244167454821208,"[[412 225]
 [299 350]]",[1. 1. 0. ... 0. 0. 1.],[0. 1. 1. ... 1. 0. 0.]
358,AdaBoost,"{'algorithm': 'SAMME', 'learning_rate': 0.5897959183673469, 'n_estimators': 41}",0.5761693884280514,0.11030241577477856,0.1728709481750802,0.21307477902775177,0.5879967282023711,0.10297991489220079,0.5942429648421531,0.19568519399481776,0.5972006220839814,0.5980073195569564,"{0: 0.6313504897040007, 1: 0.6313504897040007}","{0: 0.6313504897040007, 1: 0.6313504897040007}",0.6313504897040007,"[[436 201]
 [317 332]]",[1. 1. 0. ... 0. 0. 1.],[0. 1. 1. ... 1. 0. 0.]
667,AdaBoost,"{'algorithm': 'SAMME.R', 'learning_rate': 0.9163265306122448, 'n_estimators': 41}",0.580577821689853,0.09068185242392657,0.17270673333363734,0.18050894638013754,0.5861403321720247,0.08852002405741796,0.5870705348596892,0.17431532108871506,0.5870917573872473,0.587179164661005,"{0: 0.5845800688415701, 1: 0.5845800688415701}","{0: 0.5845800688415701, 1: 0.5845800688415701}",0.5845800688415701,"[[380 257]
 [274 375]]",[0. 1. 0. ... 0. 0. 1.],[0. 1. 1. ... 1. 0. 0.]
451,AdaBoost,"{'algorithm': 'SAMME', 'learning_rate': 0.9163265306122448, 'n_estimators': 41}",0.5802289454030123,0.12179939075261774,0.1721146099775176,0.23844509015752532,0.5879742254055799,0.11703774823288232,0.5842361828090489,0.17007190766813696,0.5847589424572317,0.5851001298943188,"{0: 0.6249513198665742, 1: 0.6249513198665742}","{0: 0.6249513198665742, 1: 0.6249513198665742}",0.6249513198665742,"[[396 241]
 [293 356]]",[1. 1. 0. ... 0. 0. 1.],[0. 1. 1. ... 1. 0. 0.]
932,SVC,"{'C': 1000, 'gamma': 0.0001, 'kernel': 'rbf'}",0.5737503380295249,0.09236832751238507,0.17197737896820506,0.16797483111132874,0.5872132995866766,0.08282426571459306,0.5859113324828003,0.18532363822408648,0.5917573872472783,0.5928756473550663,"{0: 0.6048914765621787, 1: 0.6048914765621787}","{0: 0.6048914765621787, 1: 0.6048914765621787}",0.6048914765621787,"[[454 183]
 [342 307]]",[0. 0. 0. ... 0. 0. 1.],[0. 1. 1. ... 1. 0. 0.]
478,AdaBoost,"{'algorithm': 'SAMME', 'learning_rate': 0.8346938775510203, 'n_estimators': 74}",0.5796091656226533,0.1083845861954683,0.17058623608931797,0.21332526384273776,0.5867894932754206,0.1047168538857723,0.5876230492892577,0.17612132259616442,0.5878693623639192,0.588109227334409,"{0: 0.6177926190032728, 1: 0.6177926190032729}","{0: 0.6177926190032728, 1: 0.6177926190032729}",0.6177926190032729,"[[391 246]
 [284 365]]",[1. 1. 0. ... 0. 0. 1.],[0. 1. 1. ... 1. 0. 0.]
96,AdaBoost,"{'algorithm': 'SAMME', 'learning_rate': 0.8346938775510203, 'n_estimators': 74}",0.5796091656226533,0.1083845861954683,0.17058623608931797,0.21332526384273776,0.5867894932754206,0.1047168538857723,0.5876230492892577,0.17612132259616442,0.5878693623639192,0.588109227334409,"{0: 0.6177926190032728, 1: 0.6177926190032729}","{0: 0.6177926190032728, 1: 0.6177926190032729}",0.6177926190032729,"[[391 246]
 [284 365]]",[1. 1. 0. ... 0. 0. 1.],[0. 1. 1. ... 1. 0. 0.]
90,knn,{'n_neighbors': 37},0.5757348003191322,0.09709451669388253,0.1693468661135751,0.18520365585841198,0.5870306936880384,0.0888313044291215,0.5869103969742041,0.18176988885374235,0.5902021772939346,0.5910445486716673,"{0: 0.607762697351075, 1: 0.6077626973510751}","{0: 0.607762697351075, 1: 0.6077626973510751}",0.6077626973510751,"[[434 203]
 [324 325]]",[0. 0. 0. ... 0. 0. 1.],[0. 1. 1. ... 1. 0. 0.]
741,knn,{'n_neighbors': 37},0.5757348003191322,0.09709451669388253,0.1693468661135751,0.18520365585841198,0.5870306936880384,0.0888313044291215,0.5869103969742041,0.18176988885374235,0.5902021772939346,0.5910445486716673,"{0: 0.607762697351075, 1: 0.6077626973510751}","{0: 0.607762697351075, 1: 0.6077626973510751}",0.6077626973510751,"[[434 203]
 [324 325]]",[0. 0. 0. ... 0. 0. 1.],[0. 1. 1. ... 1. 0. 0.]
449,knn,{'n_neighbors': 37},0.5757348003191322,0.09709451669388253,0.1693468661135751,0.18520365585841198,0.5870306936880384,0.0888313044291215,0.5869103969742041,0.18176988885374235,0.5902021772939346,0.5910445486716673,"{0: 0.607762697351075, 1: 0.6077626973510751}","{0: 0.607762697351075, 1: 0.6077626973510751}",0.6077626973510751,"[[434 203]
 [324 325]]",[0. 0. 0. ... 0. 0. 1.],[0. 1. 1. ... 1. 0. 0.]
395,AdaBoost,"{'algorithm': 'SAMME', 'learning_rate': 0.8346938775510203, 'n_estimators': 96}",0.5774681268100054,0.10429992071422718,0.16748054081913488,0.20537898975701283,0.5845416611440499,0.10087204367164734,0.5845710769418045,0.16985520421065858,0.5847589424572317,0.5849695099089772,"{0: 0.6135583544784513, 1: 0.6135583544784513}","{0: 0.6135583544784513, 1: 0.6135583544784513}",0.6135583544784513,"[[387 250]
 [284 365]]",[1. 1. 0. ... 0. 0. 1.],[0. 1. 1. ... 1. 0. 0.]
115,AdaBoost,"{'algorithm': 'SAMME', 'learning_rate': 0.6714285714285714, 'n_estimators': 30}",0.5753462740458426,0.10809360979095597,0.16646888752698458,0.21069035005699205,0.5843445968618388,0.10171604546664045,0.5901411817393478,0.18447340766062303,0.5917573872472783,0.5923531674137001,"{0: 0.6240696349655188, 1: 0.6240696349655188}","{0: 0.6240696349655188, 1: 0.6240696349655188}",0.6240696349655188,"[[418 219]
 [306 343]]",[1. 1. 0. ... 0. 0. 1.],[0. 1. 1. ... 1. 0. 0.]
961,SVC,"{'C': 1, 'gamma': 0.001, 'kernel': 'rbf'}",0.5645680600225775,0.09924991416657428,0.1662877420096121,0.18467226237969142,0.5834855316114261,0.08872686691650834,0.5821090849092018,0.19074060232859247,0.5940902021772939,0.595680348706983,"{0: 0.5762542542203559, 1: 0.5762542542203559}","{0: 0.5762542542203559, 1: 0.5762542542203559}",0.5762542542203559,"[[488 149]
 [373 276]]",[0. 0. 0. ... 0. 0. 1.],[0. 1. 1. ... 1. 0. 0.]
425,knn,{'n_neighbors': 47},0.5721335324790506,0.09581761258913096,0.16527826168205187,0.17743939989178678,0.5846787753685494,0.08556606969934717,0.5817224689075756,0.17255008003631211,0.5855365474339036,0.586436565855452,"{0: 0.607742136797827, 1: 0.607742136797827}","{0: 0.607742136797827, 1: 0.607742136797827}",0.607742136797827,"[[435 202]
 [331 318]]",[0. 0. 0. ... 0. 0. 1.],[0. 1. 1. ... 1. 0. 0.]
238,knn,{'n_neighbors': 47},0.5721335324790506,0.09581761258913096,0.16527826168205187,0.17743939989178678,0.5846787753685494,0.08556606969934717,0.5817224689075756,0.17255008003631211,0.5855365474339036,0.586436565855452,"{0: 0.607742136797827, 1: 0.607742136797827}","{0: 0.607742136797827, 1: 0.607742136797827}",0.607742136797827,"[[435 202]
 [331 318]]",[0. 0. 0. ... 0. 0. 1.],[0. 1. 1. ... 1. 0. 0.]
910,knn,{'n_neighbors': 47},0.5721335324790506,0.09581761258913096,0.16527826168205187,0.17743939989178678,0.5846787753685494,0.08556606969934717,0.5817224689075756,0.17255008003631211,0.5855365474339036,0.586436565855452,"{0: 0.607742136797827, 1: 0.607742136797827}","{0: 0.607742136797827, 1: 0.607742136797827}",0.607742136797827,"[[435 202]
 [331 318]]",[0. 0. 0. ... 0. 0. 1.],[0. 1. 1. ... 1. 0. 0.]
322,AdaBoost,"{'algorithm': 'SAMME', 'learning_rate': 0.26326530612244897, 'n_estimators': 52}",0.5686434977313444,0.1035408484496552,0.16523297562921282,0.19729579101072678,0.582515730651155,0.0962400675762117,0.5882001408175705,0.18999066058840708,0.5940902021772939,0.5952159220924355,"{0: 0.6259624153086623, 1: 0.6259624153086624}","{0: 0.6259624153086623, 1: 0.6259624153086624}",0.6259624153086624,"[[456 181]
 [341 308]]",[1. 0. 0. ... 0. 0. 1.],[0. 1. 1. ... 1. 0. 0.]
66,AdaBoost,"{'algorithm': 'SAMME', 'learning_rate': 0.26326530612244897, 'n_estimators': 52}",0.5686434977313444,0.1035408484496552,0.16523297562921282,0.19729579101072678,0.582515730651155,0.0962400675762117,0.5882001408175705,0.18999066058840708,0.5940902021772939,0.5952159220924355,"{0: 0.6259624153086623, 1: 0.6259624153086624}","{0: 0.6259624153086623, 1: 0.6259624153086624}",0.6259624153086624,"[[456 181]
 [341 308]]",[1. 0. 0. ... 0. 0. 1.],[0. 1. 1. ... 1. 0. 0.]
821,SVC,"{'C': 1, 'gamma': 0.001, 'kernel': 'rbf'}",0.563818912618818,0.09815404103903969,0.16481445843735035,0.18265900282467012,0.5827673045648408,0.08769281986620373,0.58142161376776,0.18917856738139271,0.5933125972006221,0.5948954193506252,"{0: 0.5745513566336811, 1: 0.5745513566336812}","{0: 0.5745513566336811, 1: 0.5745513566336812}",0.5745513566336812,"[[487 150]
 [373 276]]",[0. 0. 0. ... 0. 0. 1.],[0. 1. 1. ... 1. 0. 0.]
769,AdaBoost,"{'algorithm': 'SAMME.R', 'learning_rate': 0.1, 'n_estimators': 96}",0.5792446441046534,0.08998501280105373,0.16460636647547486,0.17832696204208787,0.5842786338055377,0.08786131644986626,0.5823622418243207,0.16505823949162257,0.5824261275272161,0.582556668513085,"{0: 0.6022077196411337, 1: 0.6022077196411337}","{0: 0.6022077196411337, 1: 0.6022077196411337}",0.6022077196411337,"[[380 257]
 [280 369]]",[1. 1. 0. ... 0. 0. 1.],[0. 1. 1. ... 1. 0. 0.]
989,SVC,"{'C': 0.1, 'gamma': 1, 'kernel': 'rbf'}",0.5629353604314236,0.10457940940059345,0.1644054650624255,0.18051674353793198,0.5836908242224861,0.09070479086867475,0.5662606666229065,0.16332342052558102,0.583203732503888,0.5813677847576153,"{0: 0.572150609680876, 1: 0.572150609680876}","{0: 0.572150609680876, 1: 0.572150609680876}",0.572150609680876,"[[245 392]
 [144 505]]",[1. 1. 0. ... 1. 0. 1.],[0. 1. 1. ... 1. 0. 0.]
254,SVC,"{'C': 100, 'gamma': 0.01, 'kernel': 'rbf'}",0.5768767902956555,0.1077477468975574,0.1642884075530283,0.21101113458582535,0.5854127345838106,0.1009291467424467,0.5848406669541192,0.17171016538293293,0.5855365474339036,0.5859285992457905,"{0: 0.6017275702505727, 1: 0.6017275702505727}","{0: 0.6017275702505727, 1: 0.6017275702505727}",0.6017275702505727,"[[400 237]
 [296 353]]",[0. 1. 0. ... 0. 0. 1.],[0. 1. 1. ... 1. 0. 0.]
273,AdaBoost,"{'algorithm': 'SAMME.R', 'learning_rate': 0.1, 'n_estimators': 63}",0.5777156785839263,0.09289516148421703,0.16407419911485696,0.18286907902881339,0.5840910581295088,0.09021991200450057,0.5854350351926455,0.17132563622075803,0.5855365474339036,0.5856963859385167,"{0: 0.6089261827760617, 1: 0.6089261827760617}","{0: 0.6089261827760617, 1: 0.6089261827760617}",0.6089261827760617,"[[384 253]
 [280 369]]",[1. 1. 0. ... 0. 0. 1.],[0. 1. 1. ... 1. 0. 0.]
850,AdaBoost,"{'algorithm': 'SAMME.R', 'learning_rate': 0.1, 'n_estimators': 63}",0.5777156785839263,0.09289516148421703,0.16407419911485696,0.18286907902881339,0.5840910581295088,0.09021991200450057,0.5854350351926455,0.17132563622075803,0.5855365474339036,0.5856963859385167,"{0: 0.6089261827760617, 1: 0.6089261827760617}","{0: 0.6089261827760617, 1: 0.6089261827760617}",0.6089261827760617,"[[384 253]
 [280 369]]",[1. 1. 0. ... 0. 0. 1.],[0. 1. 1. ... 1. 0. 0.]
939,AdaBoost,"{'algorithm': 'SAMME.R', 'learning_rate': 0.1, 'n_estimators': 63}",0.5777156785839263,0.09289516148421703,0.16407419911485696,0.18286907902881339,0.5840910581295088,0.09021991200450057,0.5854350351926455,0.17132563622075803,0.5855365474339036,0.5856963859385167,"{0: 0.6089261827760617, 1: 0.6089261827760617}","{0: 0.6089261827760617, 1: 0.6089261827760617}",0.6089261827760617,"[[384 253]
 [280 369]]",[1. 1. 0. ... 0. 0. 1.],[0. 1. 1. ... 1. 0. 0.]
198,AdaBoost,"{'algorithm': 'SAMME', 'learning_rate': 0.3448979591836735, 'n_estimators': 41}",0.5699533126728359,0.09927763421013595,0.16342631154457965,0.19114465840249745,0.5824783814085897,0.09272469857796072,0.5900412884010781,0.18968559957703324,0.5940902021772939,0.5950272487802755,"{0: 0.6323640040347062, 1: 0.6323640040347063}","{0: 0.6323640040347062, 1: 0.6323640040347063}",0.6323640040347063,"[[443 194]
 [328 321]]",[1. 0. 0. ... 0. 0. 1.],[0. 1. 1. ... 1. 0. 0.]
806,AdaBoost,"{'algorithm': 'SAMME.R', 'learning_rate': 0.26326530612244897, 'n_estimators': 30}",0.5786400250568169,0.09523333017247933,0.16341420008402718,0.18842779657311268,0.5837917882755606,0.09304175760265032,0.5816212018029361,0.16344272721337016,0.5816485225505443,0.5817427124933179,"{0: 0.6034232111713952, 1: 0.6034232111713953}","{0: 0.6034232111713952, 1: 0.6034232111713953}",0.6034232111713953,"[[377 260]
 [278 371]]",[1. 1. 0. ... 0. 0. 1.],[0. 1. 1. ... 1. 0. 0.]
553,AdaBoost,"{'algorithm': 'SAMME.R', 'learning_rate': 0.26326530612244897, 'n_estimators': 30}",0.5786400250568169,0.09523333017247933,0.16341420008402718,0.18842779657311268,0.5837917882755606,0.09304175760265032,0.5816212018029361,0.16344272721337016,0.5816485225505443,0.5817427124933179,"{0: 0.6034232111713952, 1: 0.6034232111713953}","{0: 0.6034232111713952, 1: 0.6034232111713953}",0.6034232111713953,"[[377 260]
 [278 371]]",[1. 1. 0. ... 0. 0. 1.],[0. 1. 1. ... 1. 0. 0.]
720,AdaBoost,"{'algorithm': 'SAMME.R', 'learning_rate': 0.26326530612244897, 'n_estimators': 30}",0.5786400250568169,0.09523333017247933,0.16341420008402718,0.18842779657311268,0.5837917882755606,0.09304175760265032,0.5816212018029361,0.16344272721337016,0.5816485225505443,0.5817427124933179,"{0: 0.6034232111713952, 1: 0.6034232111713953}","{0: 0.6034232111713952, 1: 0.6034232111713953}",0.6034232111713953,"[[377 260]
 [278 371]]",[1. 1. 0. ... 0. 0. 1.],[0. 1. 1. ... 1. 0. 0.]
891,AdaBoost,"{'algorithm': 'SAMME.R', 'learning_rate': 0.26326530612244897, 'n_estimators': 30}",0.5786400250568169,0.09523333017247933,0.16341420008402718,0.18842779657311268,0.5837917882755606,0.09304175760265032,0.5816212018029361,0.16344272721337016,0.5816485225505443,0.5817427124933179,"{0: 0.6034232111713952, 1: 0.6034232111713953}","{0: 0.6034232111713952, 1: 0.6034232111713953}",0.6034232111713953,"[[377 260]
 [278 371]]",[1. 1. 0. ... 0. 0. 1.],[0. 1. 1. ... 1. 0. 0.]
493,SVC,"{'C': 10, 'gamma': 0.0001, 'kernel': 'rbf'}",0.5619909933478819,0.09519894195479423,0.16206410994807763,0.177332247465012,0.5815320069334433,0.08438328951515066,0.580048938300238,0.18768699627032093,0.5925349922239502,0.594154029989381,"{0: 0.5713560047700483, 1: 0.5713560047700483}","{0: 0.5713560047700483, 1: 0.5713560047700483}",0.5713560047700483,"[[489 148]
 [376 273]]",[0. 0. 0. ... 0. 0. 1.],[0. 1. 1. ... 1. 0. 0.]
383,knn,{'n_neighbors': 29},0.5705189438314672,0.10776586845209812,0.16195378704344482,0.20506302889012396,0.5804146755894879,0.1014086746819526,0.5727510322942716,0.15211043783403888,0.5754276827371695,0.5761744308959805,"{0: 0.6042081405277532, 1: 0.6042081405277531}","{0: 0.6042081405277532, 1: 0.6042081405277531}",0.6042081405277531,"[[418 219]
 [327 322]]",[0. 0. 0. ... 0. 0. 1.],[0. 1. 1. ... 1. 0. 0.]
662,knn,{'n_neighbors': 29},0.5705189438314672,0.10776586845209812,0.16195378704344482,0.20506302889012396,0.5804146755894879,0.1014086746819526,0.5727510322942716,0.15211043783403888,0.5754276827371695,0.5761744308959805,"{0: 0.6042081405277532, 1: 0.6042081405277531}","{0: 0.6042081405277532, 1: 0.6042081405277531}",0.6042081405277531,"[[418 219]
 [327 322]]",[0. 0. 0. ... 0. 0. 1.],[0. 1. 1. ... 1. 0. 0.]
81,knn,{'n_neighbors': 29},0.5705189438314672,0.10776586845209812,0.16195378704344482,0.20506302889012396,0.5804146755894879,0.1014086746819526,0.5727510322942716,0.15211043783403888,0.5754276827371695,0.5761744308959805,"{0: 0.6042081405277532, 1: 0.6042081405277531}","{0: 0.6042081405277532, 1: 0.6042081405277531}",0.6042081405277531,"[[418 219]
 [327 322]]",[0. 0. 0. ... 0. 0. 1.],[0. 1. 1. ... 1. 0. 0.]
300,AdaBoost,"{'algorithm': 'SAMME', 'learning_rate': 1.6510204081632653, 'n_estimators': 52}",0.5720823730066472,0.08268233119704646,0.16171212887748554,0.16345677376090922,0.5806446616577002,0.07975324075824129,0.5785217923961633,0.15719851321252976,0.578538102643857,0.5786175083995907,"{0: 0.5884466622965412, 1: 0.5884466622965412}","{0: 0.5884466622965412, 1: 0.5884466622965412}",0.5884466622965412,"[[374 263]
 [279 370]]",[0. 1. 0. ... 0. 0. 1.],[0. 1. 1. ... 1. 0. 0.]
54,AdaBoost,"{'algorithm': 'SAMME', 'learning_rate': 1.4061224489795918, 'n_estimators': 52}",0.5737260642060085,0.0881103847898695,0.1615109746643183,0.17571876831742253,0.5817133265863295,0.08496817745742825,0.5862230894881502,0.17286837262947663,0.5863141524105754,0.58646680196317,"{0: 0.6109241847740637, 1: 0.6109241847740637}","{0: 0.6109241847740637, 1: 0.6109241847740637}",0.6109241847740637,"[[384 253]
 [279 370]]",[0. 1. 0. ... 0. 0. 1.],[0. 1. 1. ... 1. 0. 0.]
65,AdaBoost,"{'algorithm': 'SAMME', 'learning_rate': 1.4061224489795918, 'n_estimators': 52}",0.5737260642060085,0.0881103847898695,0.1615109746643183,0.17571876831742253,0.5817133265863295,0.08496817745742825,0.5862230894881502,0.17286837262947663,0.5863141524105754,0.58646680196317,"{0: 0.6109241847740637, 1: 0.6109241847740637}","{0: 0.6109241847740637, 1: 0.6109241847740637}",0.6109241847740637,"[[384 253]
 [279 370]]",[0. 1. 0. ... 0. 0. 1.],[0. 1. 1. ... 1. 0. 0.]
50,AdaBoost,"{'algorithm': 'SAMME', 'learning_rate': 1.4061224489795918, 'n_estimators': 52}",0.5737260642060085,0.0881103847898695,0.1615109746643183,0.17571876831742253,0.5817133265863295,0.08496817745742825,0.5862230894881502,0.17286837262947663,0.5863141524105754,0.58646680196317,"{0: 0.6109241847740637, 1: 0.6109241847740637}","{0: 0.6109241847740637, 1: 0.6109241847740637}",0.6109241847740637,"[[384 253]
 [279 370]]",[0. 1. 0. ... 0. 0. 1.],[0. 1. 1. ... 1. 0. 0.]
58,AdaBoost,"{'algorithm': 'SAMME', 'learning_rate': 1.4061224489795918, 'n_estimators': 52}",0.5737260642060085,0.0881103847898695,0.1615109746643183,0.17571876831742253,0.5817133265863295,0.08496817745742825,0.5862230894881502,0.17286837262947663,0.5863141524105754,0.58646680196317,"{0: 0.6109241847740637, 1: 0.6109241847740637}","{0: 0.6109241847740637, 1: 0.6109241847740637}",0.6109241847740637,"[[384 253]
 [279 370]]",[0. 1. 0. ... 0. 0. 1.],[0. 1. 1. ... 1. 0. 0.]
47,AdaBoost,"{'algorithm': 'SAMME', 'learning_rate': 1.4061224489795918, 'n_estimators': 52}",0.5737260642060085,0.0881103847898695,0.1615109746643183,0.17571876831742253,0.5817133265863295,0.08496817745742825,0.5862230894881502,0.17286837262947663,0.5863141524105754,0.58646680196317,"{0: 0.6109241847740637, 1: 0.6109241847740637}","{0: 0.6109241847740637, 1: 0.6109241847740637}",0.6109241847740637,"[[384 253]
 [279 370]]",[0. 1. 0. ... 0. 0. 1.],[0. 1. 1. ... 1. 0. 0.]
895,knn,{'n_neighbors': 41},0.5721112419001247,0.09901292414422581,0.16126553370758753,0.19056129704107028,0.583214624535125,0.09072918030237544,0.5812005327442764,0.16922857715556694,0.5839813374805599,0.5847506004890993,"{0: 0.6048031871276424, 1: 0.6048031871276424}","{0: 0.6048031871276424, 1: 0.6048031871276424}",0.6048031871276424,"[[425 212]
 [323 326]]",[0. 0. 0. ... 0. 0. 1.],[0. 1. 1. ... 1. 0. 0.]
197,knn,{'n_neighbors': 41},0.5721112419001247,0.09901292414422581,0.16126553370758753,0.19056129704107028,0.583214624535125,0.09072918030237544,0.5812005327442764,0.16922857715556694,0.5839813374805599,0.5847506004890993,"{0: 0.6048031871276424, 1: 0.6048031871276424}","{0: 0.6048031871276424, 1: 0.6048031871276424}",0.6048031871276424,"[[425 212]
 [323 326]]",[0. 0. 0. ... 0. 0. 1.],[0. 1. 1. ... 1. 0. 0.]
512,knn,{'n_neighbors': 41},0.5721112419001247,0.09901292414422581,0.16126553370758753,0.19056129704107028,0.583214624535125,0.09072918030237544,0.5812005327442764,0.16922857715556694,0.5839813374805599,0.5847506004890993,"{0: 0.6048031871276424, 1: 0.6048031871276424}","{0: 0.6048031871276424, 1: 0.6048031871276424}",0.6048031871276424,"[[425 212]
 [323 326]]",[0. 0. 0. ... 0. 0. 1.],[0. 1. 1. ... 1. 0. 0.]
128,knn,{'n_neighbors': 31},0.57078101395547,0.0953766866251293,0.1611047174574177,0.17845201441834685,0.5804895114315606,0.08830440338046687,0.5743160468279922,0.1552162604060754,0.5769828926905132,0.5777297762769917,"{0: 0.6051490881999357, 1: 0.6051490881999356}","{0: 0.6051490881999357, 1: 0.6051490881999356}",0.6051490881999356,"[[419 218]
 [326 323]]",[0. 0. 0. ... 0. 0. 1.],[0. 1. 1. ... 1. 0. 0.]
499,knn,{'n_neighbors': 31},0.57078101395547,0.0953766866251293,0.1611047174574177,0.17845201441834685,0.5804895114315606,0.08830440338046687,0.5743160468279922,0.1552162604060754,0.5769828926905132,0.5777297762769917,"{0: 0.6051490881999357, 1: 0.6051490881999356}","{0: 0.6051490881999357, 1: 0.6051490881999356}",0.6051490881999356,"[[419 218]
 [326 323]]",[0. 0. 0. ... 0. 0. 1.],[0. 1. 1. ... 1. 0. 0.]
825,knn,{'n_neighbors': 31},0.57078101395547,0.0953766866251293,0.1611047174574177,0.17845201441834685,0.5804895114315606,0.08830440338046687,0.5743160468279922,0.1552162604060754,0.5769828926905132,0.5777297762769917,"{0: 0.6051490881999357, 1: 0.6051490881999356}","{0: 0.6051490881999357, 1: 0.6051490881999356}",0.6051490881999356,"[[419 218]
 [326 323]]",[0. 0. 0. ... 0. 0. 1.],[0. 1. 1. ... 1. 0. 0.]
173,SVC,"{'C': 0.1, 'gamma': 0.01, 'kernel': 'rbf'}",0.5640281327293919,0.09608395230717784,0.16104620417306975,0.1795663406487144,0.5809319852020459,0.08534085402705599,0.5809242738560864,0.18596014864079513,0.5917573872472783,0.5932675073110908,"{0: 0.5781047040126943, 1: 0.5781047040126943}","{0: 0.5781047040126943, 1: 0.5781047040126943}",0.5781047040126943,"[[481 156]
 [369 280]]",[0. 0. 0. ... 0. 0. 1.],[0. 1. 1. ... 1. 0. 0.]
876,SVC,"{'C': 10, 'gamma': 0.0001, 'kernel': 'rbf'}",0.5626996671286882,0.09826244694451912,0.16074798946864446,0.18438960238701993,0.5807547772329528,0.08895370478497644,0.579800468004192,0.18444499637094924,0.5909797822706065,0.5925116046181421,"{0: 0.5718954169317365, 1: 0.5718954169317366}","{0: 0.5718954169317365, 1: 0.5718954169317366}",0.5718954169317366,"[[482 155]
 [371 278]]",[0. 0. 0. ... 0. 0. 1.],[0. 1. 1. ... 1. 0. 0.]
728,knn,{'n_neighbors': 45},0.5705278685872347,0.1068114715167649,0.16070751348382964,0.20562027845942685,0.5825748939189878,0.09878867879495533,0.5806395870610991,0.16934893839990928,0.5839813374805599,0.5848231671476223,"{0: 0.6107064847984944, 1: 0.6107064847984944}","{0: 0.6107064847984944, 1: 0.6107064847984944}",0.6107064847984944,"[[430 207]
 [328 321]]",[0. 0. 0. ... 0. 1. 1.],[0. 1. 1. ... 1. 0. 0.]
73,knn,{'n_neighbors': 45},0.5705278685872347,0.1068114715167649,0.16070751348382964,0.20562027845942685,0.5825748939189878,0.09878867879495533,0.5806395870610991,0.16934893839990928,0.5839813374805599,0.5848231671476223,"{0: 0.6107064847984944, 1: 0.6107064847984944}","{0: 0.6107064847984944, 1: 0.6107064847984944}",0.6107064847984944,"[[430 207]
 [328 321]]",[0. 0. 0. ... 0. 1. 1.],[0. 1. 1. ... 1. 0. 0.]
291,knn,{'n_neighbors': 45},0.5705278685872347,0.1068114715167649,0.16070751348382964,0.20562027845942685,0.5825748939189878,0.09878867879495533,0.5806395870610991,0.16934893839990928,0.5839813374805599,0.5848231671476223,"{0: 0.6107064847984944, 1: 0.6107064847984944}","{0: 0.6107064847984944, 1: 0.6107064847984944}",0.6107064847984944,"[[430 207]
 [328 321]]",[0. 0. 0. ... 0. 1. 1.],[0. 1. 1. ... 1. 0. 0.]
41,AdaBoost,"{'algorithm': 'SAMME', 'learning_rate': 0.1816326530612245, 'n_estimators': 63}",0.5657412099404372,0.10095564649903668,0.16056103866759147,0.1926463280336358,0.5801247575160218,0.0938345367240649,0.5865391910340418,0.1902251666493765,0.5940902021772939,0.5953610554094816,"{0: 0.6245534126890059, 1: 0.624553412689006}","{0: 0.6245534126890059, 1: 0.624553412689006}",0.624553412689006,"[[466 171]
 [351 298]]",[1. 0. 0. ... 0. 0. 1.],[0. 1. 1. ... 1. 0. 0.]
39,AdaBoost,"{'algorithm': 'SAMME', 'learning_rate': 0.1816326530612245, 'n_estimators': 63}",0.5657412099404372,0.10095564649903668,0.16056103866759147,0.1926463280336358,0.5801247575160218,0.0938345367240649,0.5865391910340418,0.1902251666493765,0.5940902021772939,0.5953610554094816,"{0: 0.6245534126890059, 1: 0.624553412689006}","{0: 0.6245534126890059, 1: 0.624553412689006}",0.624553412689006,"[[466 171]
 [351 298]]",[1. 0. 0. ... 0. 0. 1.],[0. 1. 1. ... 1. 0. 0.]
42,AdaBoost,"{'algorithm': 'SAMME', 'learning_rate': 0.1816326530612245, 'n_estimators': 63}",0.5657412099404372,0.10095564649903668,0.16056103866759147,0.1926463280336358,0.5801247575160218,0.0938345367240649,0.5865391910340418,0.1902251666493765,0.5940902021772939,0.5953610554094816,"{0: 0.6245534126890059, 1: 0.624553412689006}","{0: 0.6245534126890059, 1: 0.624553412689006}",0.624553412689006,"[[466 171]
 [351 298]]",[1. 0. 0. ... 0. 0. 1.],[0. 1. 1. ... 1. 0. 0.]
181,AdaBoost,"{'algorithm': 'SAMME', 'learning_rate': 0.5897959183673469, 'n_estimators': 30}",0.569187012344295,0.1058675935422959,0.1605435380455001,0.20610140704878172,0.5812067047718097,0.09964725107431456,0.5859182608323191,0.18195951573382263,0.5902021772939346,0.5911606553253043,"{0: 0.6250057448604665, 1: 0.6250057448604665}","{0: 0.6250057448604665, 1: 0.6250057448604665}",0.6250057448604665,"[[442 195]
 [332 317]]",[1. 1. 0. ... 0. 0. 1.],[0. 1. 1. ... 1. 0. 0.]
71,AdaBoost,"{'algorithm': 'SAMME', 'learning_rate': 0.5897959183673469, 'n_estimators': 30}",0.569187012344295,0.1058675935422959,0.1605435380455001,0.20610140704878172,0.5812067047718097,0.09964725107431456,0.5859182608323191,0.18195951573382263,0.5902021772939346,0.5911606553253043,"{0: 0.6250057448604665, 1: 0.6250057448604665}","{0: 0.6250057448604665, 1: 0.6250057448604665}",0.6250057448604665,"[[442 195]
 [332 317]]",[1. 1. 0. ... 0. 0. 1.],[0. 1. 1. ... 1. 0. 0.]
67,AdaBoost,"{'algorithm': 'SAMME', 'learning_rate': 1.1612244897959183, 'n_estimators': 52}",0.5717819399464856,0.09747196676446807,0.16049133462831897,0.1919246452867812,0.5804335541649676,0.09367883095273014,0.5828860093700399,0.16684273506339675,0.583203732503888,0.5834722178547844,"{0: 0.6148730204420277, 1: 0.6148730204420277}","{0: 0.6148730204420277, 1: 0.6148730204420277}",0.6148730204420277,"[[390 247]
 [289 360]]",[0. 1. 0. ... 0. 0. 1.],[0. 1. 1. ... 1. 0. 0.]
301,SVC,"{'C': 10, 'gamma': 0.0001, 'kernel': 'rbf'}",0.5627295746618527,0.09635881489836953,0.15982109497516456,0.18277568460962673,0.580354054929867,0.08806225972513779,0.5798209316024359,0.18607791180732536,0.5917573872472783,0.593340073969614,"{0: 0.5692056127891479, 1: 0.5692056127891479}","{0: 0.5692056127891479, 1: 0.5692056127891479}",0.5692056127891479,"[[486 151]
 [374 275]]",[0. 0. 0. ... 0. 0. 1.],[0. 1. 1. ... 1. 0. 0.]
524,knn,{'n_neighbors': 39},0.5704914310785658,0.0965989764913738,0.1597830948620957,0.1852329077091178,0.582498823425995,0.08808474378158371,0.581364565549312,0.17091356891909837,0.5847589424572317,0.5856080965039803,"{0: 0.6066500085870549, 1: 0.6066500085870545}","{0: 0.6066500085870549, 1: 0.6066500085870545}",0.6066500085870545,"[[431 206]
 [328 321]]",[0. 0. 0. ... 0. 0. 1.],[0. 1. 1. ... 1. 0. 0.]
176,knn,{'n_neighbors': 39},0.5704914310785658,0.0965989764913738,0.1597830948620957,0.1852329077091178,0.582498823425995,0.08808474378158371,0.581364565549312,0.17091356891909837,0.5847589424572317,0.5856080965039803,"{0: 0.6066500085870549, 1: 0.6066500085870545}","{0: 0.6066500085870549, 1: 0.6066500085870545}",0.6066500085870545,"[[431 206]
 [328 321]]",[0. 0. 0. ... 0. 0. 1.],[0. 1. 1. ... 1. 0. 0.]
882,knn,{'n_neighbors': 39},0.5704914310785658,0.0965989764913738,0.1597830948620957,0.1852329077091178,0.582498823425995,0.08808474378158371,0.581364565549312,0.17091356891909837,0.5847589424572317,0.5856080965039803,"{0: 0.6066500085870549, 1: 0.6066500085870545}","{0: 0.6066500085870549, 1: 0.6066500085870545}",0.6066500085870545,"[[431 206]
 [328 321]]",[0. 0. 0. ... 0. 0. 1.],[0. 1. 1. ... 1. 0. 0.]
381,AdaBoost,"{'algorithm': 'SAMME', 'learning_rate': 0.1, 'n_estimators': 41}",0.5625643781900899,0.10564806643377206,0.15960764146012194,0.2004584648464651,0.579657754362104,0.09753646119102463,0.5825207528128251,0.18906125283644926,0.5933125972006221,0.594822852692102,"{0: 0.6123271401721765, 1: 0.6123283496164851}","{0: 0.6123271401721765, 1: 0.6123283496164851}",0.6123283496164851,"[[482 155]
 [368 281]]",[1. 0. 0. ... 0. 0. 1.],[0. 1. 1. ... 1. 0. 0.]
17,AdaBoost,"{'algorithm': 'SAMME', 'learning_rate': 0.1, 'n_estimators': 63}",0.564238013252885,0.10318048486220774,0.15950451916877884,0.19477321643614728,0.5795222656232073,0.09508128166331269,0.5861372844368804,0.19192852370281566,0.5948678071539658,0.5962330647560672,"{0: 0.6182860722812297, 1: 0.6182860722812298}","{0: 0.6182860722812297, 1: 0.6182860722812298}",0.6182860722812298,"[[473 164]
 [357 292]]",[1. 0. 0. ... 0. 0. 1.],[0. 1. 1. ... 1. 0. 0.]
550,AdaBoost,"{'algorithm': 'SAMME.R', 'learning_rate': 0.6714285714285714, 'n_estimators': 30}",0.5763581994122009,0.09589395053404273,0.1593728910063888,0.18704147853387046,0.5810852902246625,0.09313112149113141,0.5730460776165924,0.14637555345445052,0.573094867807154,0.5732100828953128,"{0: 0.5922104529852714, 1: 0.5922104529852714}","{0: 0.5922104529852714, 1: 0.5922104529852714}",0.5922104529852714,"[[373 264]
 [285 364]]",[1. 1. 0. ... 0. 0. 1.],[0. 1. 1. ... 1. 0. 0.]
897,AdaBoost,"{'algorithm': 'SAMME.R', 'learning_rate': 0.6714285714285714, 'n_estimators': 30}",0.5763581994122009,0.09589395053404273,0.1593728910063888,0.18704147853387046,0.5810852902246625,0.09313112149113141,0.5730460776165924,0.14637555345445052,0.573094867807154,0.5732100828953128,"{0: 0.5922104529852714, 1: 0.5922104529852714}","{0: 0.5922104529852714, 1: 0.5922104529852714}",0.5922104529852714,"[[373 264]
 [285 364]]",[1. 1. 0. ... 0. 0. 1.],[0. 1. 1. ... 1. 0. 0.]
483,SVC,"{'C': 1, 'gamma': 0.001, 'kernel': 'sigmoid'}",0.5613501628626995,0.09428732024747769,0.158939059742796,0.1740070661312827,0.5798782221898898,0.08311192710846285,0.5768465771662833,0.17985287132389294,0.588646967340591,0.5902148698758868,"{0: 0.5612716581239583, 1: 0.5612716581239583}","{0: 0.5612716581239583, 1: 0.5612716581239583}",0.5612716581239583,"[[483 154]
 [375 274]]",[0. 0. 0. ... 0. 0. 1.],[0. 1. 1. ... 1. 0. 0.]
873,AdaBoost,"{'algorithm': 'SAMME.R', 'learning_rate': 0.42653061224489797, 'n_estimators': 30}",0.5748371399925031,0.11400963950115303,0.15880322528200208,0.22362201755415229,0.5810639206956292,0.10927821995034989,0.5722427776133355,0.1448579035054418,0.5723172628304821,0.5724541802023642,"{0: 0.5901531882161422, 1: 0.5901531882161422}","{0: 0.5901531882161422, 1: 0.5901531882161422}",0.5901531882161422,"[[374 263]
 [287 362]]",[1. 1. 0. ... 0. 0. 1.],[0. 1. 1. ... 1. 0. 0.]
790,AdaBoost,"{'algorithm': 'SAMME.R', 'learning_rate': 0.42653061224489797, 'n_estimators': 30}",0.5748371399925031,0.11400963950115303,0.15880322528200208,0.22362201755415229,0.5810639206956292,0.10927821995034989,0.5722427776133355,0.1448579035054418,0.5723172628304821,0.5724541802023642,"{0: 0.5901531882161422, 1: 0.5901531882161422}","{0: 0.5901531882161422, 1: 0.5901531882161422}",0.5901531882161422,"[[374 263]
 [287 362]]",[1. 1. 0. ... 0. 0. 1.],[0. 1. 1. ... 1. 0. 0.]
605,AdaBoost,"{'algorithm': 'SAMME.R', 'learning_rate': 0.42653061224489797, 'n_estimators': 30}",0.5748371399925031,0.11400963950115303,0.15880322528200208,0.22362201755415229,0.5810639206956292,0.10927821995034989,0.5722427776133355,0.1448579035054418,0.5723172628304821,0.5724541802023642,"{0: 0.5901531882161422, 1: 0.5901531882161422}","{0: 0.5901531882161422, 1: 0.5901531882161422}",0.5901531882161422,"[[374 263]
 [287 362]]",[1. 1. 0. ... 0. 0. 1.],[0. 1. 1. ... 1. 0. 0.]
950,AdaBoost,"{'algorithm': 'SAMME.R', 'learning_rate': 0.42653061224489797, 'n_estimators': 30}",0.5748371399925031,0.11400963950115303,0.15880322528200208,0.22362201755415229,0.5810639206956292,0.10927821995034989,0.5722427776133355,0.1448579035054418,0.5723172628304821,0.5724541802023642,"{0: 0.5901531882161422, 1: 0.5901531882161422}","{0: 0.5901531882161422, 1: 0.5901531882161422}",0.5901531882161422,"[[374 263]
 [287 362]]",[1. 1. 0. ... 0. 0. 1.],[0. 1. 1. ... 1. 0. 0.]
699,AdaBoost,"{'algorithm': 'SAMME.R', 'learning_rate': 0.42653061224489797, 'n_estimators': 30}",0.5748371399925031,0.11400963950115303,0.15880322528200208,0.22362201755415229,0.5810639206956292,0.10927821995034989,0.5722427776133355,0.1448579035054418,0.5723172628304821,0.5724541802023642,"{0: 0.5901531882161422, 1: 0.5901531882161422}","{0: 0.5901531882161422, 1: 0.5901531882161422}",0.5901531882161422,"[[374 263]
 [287 362]]",[1. 1. 0. ... 0. 0. 1.],[0. 1. 1. ... 1. 0. 0.]
125,SVC,"{'C': 1, 'gamma': 0.001, 'kernel': 'rbf'}",0.5609929060389468,0.0986718445536015,0.1587222351929898,0.18543241236153932,0.579759810267024,0.08927019541982138,0.5789068556747896,0.18453938089049737,0.5909797822706065,0.5925696579449606,"{0: 0.5747122127267407, 1: 0.5747122127267406}","{0: 0.5747122127267407, 1: 0.5747122127267406}",0.5747122127267406,"[[486 151]
 [375 274]]",[0. 0. 0. ... 0. 0. 1.],[0. 1. 1. ... 1. 0. 0.]
307,AdaBoost,"{'algorithm': 'SAMME', 'learning_rate': 0.1816326530612245, 'n_estimators': 74}",0.565492193902126,0.093961745856066,0.15776454354880584,0.1817256044527454,0.5790510151664173,0.08808704397452004,0.58488696325381,0.18380732893323848,0.5909797822706065,0.5921197446621176,"{0: 0.6247493426670182, 1: 0.6247493426670182}","{0: 0.6247493426670182, 1: 0.6247493426670182}",0.6247493426670182,"[[455 182]
 [344 305]]",[1. 0. 0. ... 0. 0. 1.],[0. 1. 1. ... 1. 0. 0.]
407,AdaBoost,"{'algorithm': 'SAMME', 'learning_rate': 0.1816326530612245, 'n_estimators': 74}",0.565492193902126,0.093961745856066,0.15776454354880584,0.1817256044527454,0.5790510151664173,0.08808704397452004,0.58488696325381,0.18380732893323848,0.5909797822706065,0.5921197446621176,"{0: 0.6247493426670182, 1: 0.6247493426670182}","{0: 0.6247493426670182, 1: 0.6247493426670182}",0.6247493426670182,"[[455 182]
 [344 305]]",[1. 0. 0. ... 0. 0. 1.],[0. 1. 1. ... 1. 0. 0.]
677,AdaBoost,"{'algorithm': 'SAMME.R', 'learning_rate': 0.1816326530612245, 'n_estimators': 52}",0.5751225412512733,0.09370793019557222,0.15726447422014858,0.18514957670706897,0.580615800134277,0.09113418740412814,0.5785217923961633,0.15719851321252976,0.578538102643857,0.5786175083995907,"{0: 0.6000077404435759, 1: 0.6000077404435757}","{0: 0.6000077404435759, 1: 0.6000077404435757}",0.6000077404435757,"[[374 263]
 [279 370]]",[1. 1. 0. ... 0. 0. 1.],[0. 1. 1. ... 1. 0. 0.]
613,AdaBoost,"{'algorithm': 'SAMME.R', 'learning_rate': 0.1816326530612245, 'n_estimators': 52}",0.5751225412512733,0.09370793019557222,0.15726447422014858,0.18514957670706897,0.580615800134277,0.09113418740412814,0.5785217923961633,0.15719851321252976,0.578538102643857,0.5786175083995907,"{0: 0.6000077404435759, 1: 0.6000077404435757}","{0: 0.6000077404435759, 1: 0.6000077404435757}",0.6000077404435757,"[[374 263]
 [279 370]]",[1. 1. 0. ... 0. 0. 1.],[0. 1. 1. ... 1. 0. 0.]
898,AdaBoost,"{'algorithm': 'SAMME.R', 'learning_rate': 0.1816326530612245, 'n_estimators': 52}",0.5751225412512733,0.09370793019557222,0.15726447422014858,0.18514957670706897,0.580615800134277,0.09113418740412814,0.5785217923961633,0.15719851321252976,0.578538102643857,0.5786175083995907,"{0: 0.6000077404435759, 1: 0.6000077404435757}","{0: 0.6000077404435759, 1: 0.6000077404435757}",0.6000077404435757,"[[374 263]
 [279 370]]",[1. 1. 0. ... 0. 0. 1.],[0. 1. 1. ... 1. 0. 0.]
208,AdaBoost,"{'algorithm': 'SAMME', 'learning_rate': 0.1816326530612245, 'n_estimators': 52}",0.5634177793465771,0.09885424978064335,0.1569744907560661,0.18841714307656587,0.5784567666266739,0.09169030053669068,0.5842516711005264,0.18555949885038625,0.5917573872472783,0.5930207806721124,"{0: 0.6255125020258192, 1: 0.6255125020258192}","{0: 0.6255125020258192, 1: 0.6255125020258192}",0.6255125020258192,"[[464 173]
 [352 297]]",[1. 0. 0. ... 0. 0. 1.],[0. 1. 1. ... 1. 0. 0.]
433,SVC,"{'C': 1, 'gamma': 0.001, 'kernel': 'rbf'}",0.5585265946759923,0.09857319693877328,0.15617389366082166,0.18385310474544544,0.5785831509049641,0.0877665000310115,0.5766084042311526,0.18150981332857596,0.5894245723172629,0.5910578525590633,"{0: 0.5759664064748811, 1: 0.5759664064748811}","{0: 0.5759664064748811, 1: 0.5759664064748811}",0.5759664064748811,"[[488 149]
 [379 270]]",[0. 0. 0. ... 0. 0. 1.],[0. 1. 1. ... 1. 0. 0.]
987,naive_bayes,{},0.5551529545885111,0.08662799307806329,0.15603778020681153,0.16109401229300133,0.5774445128172563,0.07487027779554546,0.5622981952782278,0.1600990029811754,0.578538102643857,0.58034459487244,"{0: 0.5822240713281875, 1: 0.5822240713281875}","{0: 0.5822240713281875, 1: 0.5822240713281875}",0.5822240713281875,"[[493 144]
 [398 251]]",[0. 0. 0. ... 0. 0. 1.],[0. 1. 1. ... 1. 0. 0.]
344,naive_bayes,{},0.5551529545885111,0.08662799307806329,0.15603778020681153,0.16109401229300133,0.5774445128172563,0.07487027779554546,0.5622981952782278,0.1600990029811754,0.578538102643857,0.58034459487244,"{0: 0.5822240713281875, 1: 0.5822240713281875}","{0: 0.5822240713281875, 1: 0.5822240713281875}",0.5822240713281875,"[[493 144]
 [398 251]]",[0. 0. 0. ... 0. 0. 1.],[0. 1. 1. ... 1. 0. 0.]
354,naive_bayes,{},0.5551529545885111,0.08662799307806329,0.15603778020681153,0.16109401229300133,0.5774445128172563,0.07487027779554546,0.5622981952782278,0.1600990029811754,0.578538102643857,0.58034459487244,"{0: 0.5822240713281875, 1: 0.5822240713281875}","{0: 0.5822240713281875, 1: 0.5822240713281875}",0.5822240713281875,"[[493 144]
 [398 251]]",[0. 0. 0. ... 0. 0. 1.],[0. 1. 1. ... 1. 0. 0.]
321,naive_bayes,{},0.5551529545885111,0.08662799307806329,0.15603778020681153,0.16109401229300133,0.5774445128172563,0.07487027779554546,0.5622981952782278,0.1600990029811754,0.578538102643857,0.58034459487244,"{0: 0.5822240713281875, 1: 0.5822240713281875}","{0: 0.5822240713281875, 1: 0.5822240713281875}",0.5822240713281875,"[[493 144]
 [398 251]]",[0. 0. 0. ... 0. 0. 1.],[0. 1. 1. ... 1. 0. 0.]
333,naive_bayes,{},0.5551529545885111,0.08662799307806329,0.15603778020681153,0.16109401229300133,0.5774445128172563,0.07487027779554546,0.5622981952782278,0.1600990029811754,0.578538102643857,0.58034459487244,"{0: 0.5822240713281875, 1: 0.5822240713281875}","{0: 0.5822240713281875, 1: 0.5822240713281875}",0.5822240713281875,"[[493 144]
 [398 251]]",[0. 0. 0. ... 0. 0. 1.],[0. 1. 1. ... 1. 0. 0.]
916,naive_bayes,{},0.5551529545885111,0.08662799307806329,0.15603778020681153,0.16109401229300133,0.5774445128172563,0.07487027779554546,0.5622981952782278,0.1600990029811754,0.578538102643857,0.58034459487244,"{0: 0.5822240713281875, 1: 0.5822240713281875}","{0: 0.5822240713281875, 1: 0.5822240713281875}",0.5822240713281875,"[[493 144]
 [398 251]]",[0. 0. 0. ... 0. 0. 1.],[0. 1. 1. ... 1. 0. 0.]
973,naive_bayes,{},0.5551529545885111,0.08662799307806329,0.15603778020681153,0.16109401229300133,0.5774445128172563,0.07487027779554546,0.5622981952782278,0.1600990029811754,0.578538102643857,0.58034459487244,"{0: 0.5822240713281875, 1: 0.5822240713281875}","{0: 0.5822240713281875, 1: 0.5822240713281875}",0.5822240713281875,"[[493 144]
 [398 251]]",[0. 0. 0. ... 0. 0. 1.],[0. 1. 1. ... 1. 0. 0.]
945,naive_bayes,{},0.5551529545885111,0.08662799307806329,0.15603778020681153,0.16109401229300133,0.5774445128172563,0.07487027779554546,0.5622981952782278,0.1600990029811754,0.578538102643857,0.58034459487244,"{0: 0.5822240713281875, 1: 0.5822240713281875}","{0: 0.5822240713281875, 1: 0.5822240713281875}",0.5822240713281875,"[[493 144]
 [398 251]]",[0. 0. 0. ... 0. 0. 1.],[0. 1. 1. ... 1. 0. 0.]
288,naive_bayes,{},0.5551529545885111,0.08662799307806329,0.15603778020681153,0.16109401229300133,0.5774445128172563,0.07487027779554546,0.5622981952782278,0.1600990029811754,0.578538102643857,0.58034459487244,"{0: 0.5822240713281875, 1: 0.5822240713281875}","{0: 0.5822240713281875, 1: 0.5822240713281875}",0.5822240713281875,"[[493 144]
 [398 251]]",[0. 0. 0. ... 0. 0. 1.],[0. 1. 1. ... 1. 0. 0.]
299,naive_bayes,{},0.5551529545885111,0.08662799307806329,0.15603778020681153,0.16109401229300133,0.5774445128172563,0.07487027779554546,0.5622981952782278,0.1600990029811754,0.578538102643857,0.58034459487244,"{0: 0.5822240713281875, 1: 0.5822240713281875}","{0: 0.5822240713281875, 1: 0.5822240713281875}",0.5822240713281875,"[[493 144]
 [398 251]]",[0. 0. 0. ... 0. 0. 1.],[0. 1. 1. ... 1. 0. 0.]
276,naive_bayes,{},0.5551529545885111,0.08662799307806329,0.15603778020681153,0.16109401229300133,0.5774445128172563,0.07487027779554546,0.5622981952782278,0.1600990029811754,0.578538102643857,0.58034459487244,"{0: 0.5822240713281875, 1: 0.5822240713281875}","{0: 0.5822240713281875, 1: 0.5822240713281875}",0.5822240713281875,"[[493 144]
 [398 251]]",[0. 0. 0. ... 0. 0. 1.],[0. 1. 1. ... 1. 0. 0.]
310,naive_bayes,{},0.5551529545885111,0.08662799307806329,0.15603778020681153,0.16109401229300133,0.5774445128172563,0.07487027779554546,0.5622981952782278,0.1600990029811754,0.578538102643857,0.58034459487244,"{0: 0.5822240713281875, 1: 0.5822240713281875}","{0: 0.5822240713281875, 1: 0.5822240713281875}",0.5822240713281875,"[[493 144]
 [398 251]]",[0. 0. 0. ... 0. 0. 1.],[0. 1. 1. ... 1. 0. 0.]
931,naive_bayes,{},0.5551529545885111,0.08662799307806329,0.15603778020681153,0.16109401229300133,0.5774445128172563,0.07487027779554546,0.5622981952782278,0.1600990029811754,0.578538102643857,0.58034459487244,"{0: 0.5822240713281875, 1: 0.5822240713281875}","{0: 0.5822240713281875, 1: 0.5822240713281875}",0.5822240713281875,"[[493 144]
 [398 251]]",[0. 0. 0. ... 0. 0. 1.],[0. 1. 1. ... 1. 0. 0.]
958,naive_bayes,{},0.5551529545885111,0.08662799307806329,0.15603778020681153,0.16109401229300133,0.5774445128172563,0.07487027779554546,0.5622981952782278,0.1600990029811754,0.578538102643857,0.58034459487244,"{0: 0.5822240713281875, 1: 0.5822240713281875}","{0: 0.5822240713281875, 1: 0.5822240713281875}",0.5822240713281875,"[[493 144]
 [398 251]]",[0. 0. 0. ... 0. 0. 1.],[0. 1. 1. ... 1. 0. 0.]
467,naive_bayes,{},0.5551529545885111,0.08662799307806329,0.15603778020681153,0.16109401229300133,0.5774445128172563,0.07487027779554546,0.5622981952782278,0.1600990029811754,0.578538102643857,0.58034459487244,"{0: 0.5822240713281875, 1: 0.5822240713281875}","{0: 0.5822240713281875, 1: 0.5822240713281875}",0.5822240713281875,"[[493 144]
 [398 251]]",[0. 0. 0. ... 0. 0. 1.],[0. 1. 1. ... 1. 0. 0.]
366,naive_bayes,{},0.5551529545885111,0.08662799307806329,0.15603778020681153,0.16109401229300133,0.5774445128172563,0.07487027779554546,0.5622981952782278,0.1600990029811754,0.578538102643857,0.58034459487244,"{0: 0.5822240713281875, 1: 0.5822240713281875}","{0: 0.5822240713281875, 1: 0.5822240713281875}",0.5822240713281875,"[[493 144]
 [398 251]]",[0. 0. 0. ... 0. 0. 1.],[0. 1. 1. ... 1. 0. 0.]
901,naive_bayes,{},0.5551529545885111,0.08662799307806329,0.15603778020681153,0.16109401229300133,0.5774445128172563,0.07487027779554546,0.5622981952782278,0.1600990029811754,0.578538102643857,0.58034459487244,"{0: 0.5822240713281875, 1: 0.5822240713281875}","{0: 0.5822240713281875, 1: 0.5822240713281875}",0.5822240713281875,"[[493 144]
 [398 251]]",[0. 0. 0. ... 0. 0. 1.],[0. 1. 1. ... 1. 0. 0.]
760,naive_bayes,{},0.5551529545885111,0.08662799307806329,0.15603778020681153,0.16109401229300133,0.5774445128172563,0.07487027779554546,0.5622981952782278,0.1600990029811754,0.578538102643857,0.58034459487244,"{0: 0.5822240713281875, 1: 0.5822240713281875}","{0: 0.5822240713281875, 1: 0.5822240713281875}",0.5822240713281875,"[[493 144]
 [398 251]]",[0. 0. 0. ... 0. 0. 1.],[0. 1. 1. ... 1. 0. 0.]
747,naive_bayes,{},0.5551529545885111,0.08662799307806329,0.15603778020681153,0.16109401229300133,0.5774445128172563,0.07487027779554546,0.5622981952782278,0.1600990029811754,0.578538102643857,0.58034459487244,"{0: 0.5822240713281875, 1: 0.5822240713281875}","{0: 0.5822240713281875, 1: 0.5822240713281875}",0.5822240713281875,"[[493 144]
 [398 251]]",[0. 0. 0. ... 0. 0. 1.],[0. 1. 1. ... 1. 0. 0.]
530,naive_bayes,{},0.5551529545885111,0.08662799307806329,0.15603778020681153,0.16109401229300133,0.5774445128172563,0.07487027779554546,0.5622981952782278,0.1600990029811754,0.578538102643857,0.58034459487244,"{0: 0.5822240713281875, 1: 0.5822240713281875}","{0: 0.5822240713281875, 1: 0.5822240713281875}",0.5822240713281875,"[[493 144]
 [398 251]]",[0. 0. 0. ... 0. 0. 1.],[0. 1. 1. ... 1. 0. 0.]
734,naive_bayes,{},0.5551529545885111,0.08662799307806329,0.15603778020681153,0.16109401229300133,0.5774445128172563,0.07487027779554546,0.5622981952782278,0.1600990029811754,0.578538102643857,0.58034459487244,"{0: 0.5822240713281875, 1: 0.5822240713281875}","{0: 0.5822240713281875, 1: 0.5822240713281875}",0.5822240713281875,"[[493 144]
 [398 251]]",[0. 0. 0. ... 0. 0. 1.],[0. 1. 1. ... 1. 0. 0.]
721,naive_bayes,{},0.5551529545885111,0.08662799307806329,0.15603778020681153,0.16109401229300133,0.5774445128172563,0.07487027779554546,0.5622981952782278,0.1600990029811754,0.578538102643857,0.58034459487244,"{0: 0.5822240713281875, 1: 0.5822240713281875}","{0: 0.5822240713281875, 1: 0.5822240713281875}",0.5822240713281875,"[[493 144]
 [398 251]]",[0. 0. 0. ... 0. 0. 1.],[0. 1. 1. ... 1. 0. 0.]
542,naive_bayes,{},0.5551529545885111,0.08662799307806329,0.15603778020681153,0.16109401229300133,0.5774445128172563,0.07487027779554546,0.5622981952782278,0.1600990029811754,0.578538102643857,0.58034459487244,"{0: 0.5822240713281875, 1: 0.5822240713281875}","{0: 0.5822240713281875, 1: 0.5822240713281875}",0.5822240713281875,"[[493 144]
 [398 251]]",[0. 0. 0. ... 0. 0. 1.],[0. 1. 1. ... 1. 0. 0.]
708,naive_bayes,{},0.5551529545885111,0.08662799307806329,0.15603778020681153,0.16109401229300133,0.5774445128172563,0.07487027779554546,0.5622981952782278,0.1600990029811754,0.578538102643857,0.58034459487244,"{0: 0.5822240713281875, 1: 0.5822240713281875}","{0: 0.5822240713281875, 1: 0.5822240713281875}",0.5822240713281875,"[[493 144]
 [398 251]]",[0. 0. 0. ... 0. 0. 1.],[0. 1. 1. ... 1. 0. 0.]
566,naive_bayes,{},0.5551529545885111,0.08662799307806329,0.15603778020681153,0.16109401229300133,0.5774445128172563,0.07487027779554546,0.5622981952782278,0.1600990029811754,0.578538102643857,0.58034459487244,"{0: 0.5822240713281875, 1: 0.5822240713281875}","{0: 0.5822240713281875, 1: 0.5822240713281875}",0.5822240713281875,"[[493 144]
 [398 251]]",[0. 0. 0. ... 0. 0. 1.],[0. 1. 1. ... 1. 0. 0.]
693,naive_bayes,{},0.5551529545885111,0.08662799307806329,0.15603778020681153,0.16109401229300133,0.5774445128172563,0.07487027779554546,0.5622981952782278,0.1600990029811754,0.578538102643857,0.58034459487244,"{0: 0.5822240713281875, 1: 0.5822240713281875}","{0: 0.5822240713281875, 1: 0.5822240713281875}",0.5822240713281875,"[[493 144]
 [398 251]]",[0. 0. 0. ... 0. 0. 1.],[0. 1. 1. ... 1. 0. 0.]
682,naive_bayes,{},0.5551529545885111,0.08662799307806329,0.15603778020681153,0.16109401229300133,0.5774445128172563,0.07487027779554546,0.5622981952782278,0.1600990029811754,0.578538102643857,0.58034459487244,"{0: 0.5822240713281875, 1: 0.5822240713281875}","{0: 0.5822240713281875, 1: 0.5822240713281875}",0.5822240713281875,"[[493 144]
 [398 251]]",[0. 0. 0. ... 0. 0. 1.],[0. 1. 1. ... 1. 0. 0.]
668,naive_bayes,{},0.5551529545885111,0.08662799307806329,0.15603778020681153,0.16109401229300133,0.5774445128172563,0.07487027779554546,0.5622981952782278,0.1600990029811754,0.578538102643857,0.58034459487244,"{0: 0.5822240713281875, 1: 0.5822240713281875}","{0: 0.5822240713281875, 1: 0.5822240713281875}",0.5822240713281875,"[[493 144]
 [398 251]]",[0. 0. 0. ... 0. 0. 1.],[0. 1. 1. ... 1. 0. 0.]
603,naive_bayes,{},0.5551529545885111,0.08662799307806329,0.15603778020681153,0.16109401229300133,0.5774445128172563,0.07487027779554546,0.5622981952782278,0.1600990029811754,0.578538102643857,0.58034459487244,"{0: 0.5822240713281875, 1: 0.5822240713281875}","{0: 0.5822240713281875, 1: 0.5822240713281875}",0.5822240713281875,"[[493 144]
 [398 251]]",[0. 0. 0. ... 0. 0. 1.],[0. 1. 1. ... 1. 0. 0.]
616,naive_bayes,{},0.5551529545885111,0.08662799307806329,0.15603778020681153,0.16109401229300133,0.5774445128172563,0.07487027779554546,0.5622981952782278,0.1600990029811754,0.578538102643857,0.58034459487244,"{0: 0.5822240713281875, 1: 0.5822240713281875}","{0: 0.5822240713281875, 1: 0.5822240713281875}",0.5822240713281875,"[[493 144]
 [398 251]]",[0. 0. 0. ... 0. 0. 1.],[0. 1. 1. ... 1. 0. 0.]
655,naive_bayes,{},0.5551529545885111,0.08662799307806329,0.15603778020681153,0.16109401229300133,0.5774445128172563,0.07487027779554546,0.5622981952782278,0.1600990029811754,0.578538102643857,0.58034459487244,"{0: 0.5822240713281875, 1: 0.5822240713281875}","{0: 0.5822240713281875, 1: 0.5822240713281875}",0.5822240713281875,"[[493 144]
 [398 251]]",[0. 0. 0. ... 0. 0. 1.],[0. 1. 1. ... 1. 0. 0.]
629,naive_bayes,{},0.5551529545885111,0.08662799307806329,0.15603778020681153,0.16109401229300133,0.5774445128172563,0.07487027779554546,0.5622981952782278,0.1600990029811754,0.578538102643857,0.58034459487244,"{0: 0.5822240713281875, 1: 0.5822240713281875}","{0: 0.5822240713281875, 1: 0.5822240713281875}",0.5822240713281875,"[[493 144]
 [398 251]]",[0. 0. 0. ... 0. 0. 1.],[0. 1. 1. ... 1. 0. 0.]
519,naive_bayes,{},0.5551529545885111,0.08662799307806329,0.15603778020681153,0.16109401229300133,0.5774445128172563,0.07487027779554546,0.5622981952782278,0.1600990029811754,0.578538102643857,0.58034459487244,"{0: 0.5822240713281875, 1: 0.5822240713281875}","{0: 0.5822240713281875, 1: 0.5822240713281875}",0.5822240713281875,"[[493 144]
 [398 251]]",[0. 0. 0. ... 0. 0. 1.],[0. 1. 1. ... 1. 0. 0.]
773,naive_bayes,{},0.5551529545885111,0.08662799307806329,0.15603778020681153,0.16109401229300133,0.5774445128172563,0.07487027779554546,0.5622981952782278,0.1600990029811754,0.578538102643857,0.58034459487244,"{0: 0.5822240713281875, 1: 0.5822240713281875}","{0: 0.5822240713281875, 1: 0.5822240713281875}",0.5822240713281875,"[[493 144]
 [398 251]]",[0. 0. 0. ... 0. 0. 1.],[0. 1. 1. ... 1. 0. 0.]
817,naive_bayes,{},0.5551529545885111,0.08662799307806329,0.15603778020681153,0.16109401229300133,0.5774445128172563,0.07487027779554546,0.5622981952782278,0.1600990029811754,0.578538102643857,0.58034459487244,"{0: 0.5822240713281875, 1: 0.5822240713281875}","{0: 0.5822240713281875, 1: 0.5822240713281875}",0.5822240713281875,"[[493 144]
 [398 251]]",[0. 0. 0. ... 0. 0. 1.],[0. 1. 1. ... 1. 0. 0.]
859,naive_bayes,{},0.5551529545885111,0.08662799307806329,0.15603778020681153,0.16109401229300133,0.5774445128172563,0.07487027779554546,0.5622981952782278,0.1600990029811754,0.578538102643857,0.58034459487244,"{0: 0.5822240713281875, 1: 0.5822240713281875}","{0: 0.5822240713281875, 1: 0.5822240713281875}",0.5822240713281875,"[[493 144]
 [398 251]]",[0. 0. 0. ... 0. 0. 1.],[0. 1. 1. ... 1. 0. 0.]
378,naive_bayes,{},0.5551529545885111,0.08662799307806329,0.15603778020681153,0.16109401229300133,0.5774445128172563,0.07487027779554546,0.5622981952782278,0.1600990029811754,0.578538102643857,0.58034459487244,"{0: 0.5822240713281875, 1: 0.5822240713281875}","{0: 0.5822240713281875, 1: 0.5822240713281875}",0.5822240713281875,"[[493 144]
 [398 251]]",[0. 0. 0. ... 0. 0. 1.],[0. 1. 1. ... 1. 0. 0.]
388,naive_bayes,{},0.5551529545885111,0.08662799307806329,0.15603778020681153,0.16109401229300133,0.5774445128172563,0.07487027779554546,0.5622981952782278,0.1600990029811754,0.578538102643857,0.58034459487244,"{0: 0.5822240713281875, 1: 0.5822240713281875}","{0: 0.5822240713281875, 1: 0.5822240713281875}",0.5822240713281875,"[[493 144]
 [398 251]]",[0. 0. 0. ... 0. 0. 1.],[0. 1. 1. ... 1. 0. 0.]
400,naive_bayes,{},0.5551529545885111,0.08662799307806329,0.15603778020681153,0.16109401229300133,0.5774445128172563,0.07487027779554546,0.5622981952782278,0.1600990029811754,0.578538102643857,0.58034459487244,"{0: 0.5822240713281875, 1: 0.5822240713281875}","{0: 0.5822240713281875, 1: 0.5822240713281875}",0.5822240713281875,"[[493 144]
 [398 251]]",[0. 0. 0. ... 0. 0. 1.],[0. 1. 1. ... 1. 0. 0.]
888,naive_bayes,{},0.5551529545885111,0.08662799307806329,0.15603778020681153,0.16109401229300133,0.5774445128172563,0.07487027779554546,0.5622981952782278,0.1600990029811754,0.578538102643857,0.58034459487244,"{0: 0.5822240713281875, 1: 0.5822240713281875}","{0: 0.5822240713281875, 1: 0.5822240713281875}",0.5822240713281875,"[[493 144]
 [398 251]]",[0. 0. 0. ... 0. 0. 1.],[0. 1. 1. ... 1. 0. 0.]
874,naive_bayes,{},0.5551529545885111,0.08662799307806329,0.15603778020681153,0.16109401229300133,0.5774445128172563,0.07487027779554546,0.5622981952782278,0.1600990029811754,0.578538102643857,0.58034459487244,"{0: 0.5822240713281875, 1: 0.5822240713281875}","{0: 0.5822240713281875, 1: 0.5822240713281875}",0.5822240713281875,"[[493 144]
 [398 251]]",[0. 0. 0. ... 0. 0. 1.],[0. 1. 1. ... 1. 0. 0.]
430,naive_bayes,{},0.5551529545885111,0.08662799307806329,0.15603778020681153,0.16109401229300133,0.5774445128172563,0.07487027779554546,0.5622981952782278,0.1600990029811754,0.578538102643857,0.58034459487244,"{0: 0.5822240713281875, 1: 0.5822240713281875}","{0: 0.5822240713281875, 1: 0.5822240713281875}",0.5822240713281875,"[[493 144]
 [398 251]]",[0. 0. 0. ... 0. 0. 1.],[0. 1. 1. ... 1. 0. 0.]
443,naive_bayes,{},0.5551529545885111,0.08662799307806329,0.15603778020681153,0.16109401229300133,0.5774445128172563,0.07487027779554546,0.5622981952782278,0.1600990029811754,0.578538102643857,0.58034459487244,"{0: 0.5822240713281875, 1: 0.5822240713281875}","{0: 0.5822240713281875, 1: 0.5822240713281875}",0.5822240713281875,"[[493 144]
 [398 251]]",[0. 0. 0. ... 0. 0. 1.],[0. 1. 1. ... 1. 0. 0.]
504,naive_bayes,{},0.5551529545885111,0.08662799307806329,0.15603778020681153,0.16109401229300133,0.5774445128172563,0.07487027779554546,0.5622981952782278,0.1600990029811754,0.578538102643857,0.58034459487244,"{0: 0.5822240713281875, 1: 0.5822240713281875}","{0: 0.5822240713281875, 1: 0.5822240713281875}",0.5822240713281875,"[[493 144]
 [398 251]]",[0. 0. 0. ... 0. 0. 1.],[0. 1. 1. ... 1. 0. 0.]
454,naive_bayes,{},0.5551529545885111,0.08662799307806329,0.15603778020681153,0.16109401229300133,0.5774445128172563,0.07487027779554546,0.5622981952782278,0.1600990029811754,0.578538102643857,0.58034459487244,"{0: 0.5822240713281875, 1: 0.5822240713281875}","{0: 0.5822240713281875, 1: 0.5822240713281875}",0.5822240713281875,"[[493 144]
 [398 251]]",[0. 0. 0. ... 0. 0. 1.],[0. 1. 1. ... 1. 0. 0.]
642,naive_bayes,{},0.5551529545885111,0.08662799307806329,0.15603778020681153,0.16109401229300133,0.5774445128172563,0.07487027779554546,0.5622981952782278,0.1600990029811754,0.578538102643857,0.58034459487244,"{0: 0.5822240713281875, 1: 0.5822240713281875}","{0: 0.5822240713281875, 1: 0.5822240713281875}",0.5822240713281875,"[[493 144]
 [398 251]]",[0. 0. 0. ... 0. 0. 1.],[0. 1. 1. ... 1. 0. 0.]
479,naive_bayes,{},0.5551529545885111,0.08662799307806329,0.15603778020681153,0.16109401229300133,0.5774445128172563,0.07487027779554546,0.5622981952782278,0.1600990029811754,0.578538102643857,0.58034459487244,"{0: 0.5822240713281875, 1: 0.5822240713281875}","{0: 0.5822240713281875, 1: 0.5822240713281875}",0.5822240713281875,"[[493 144]
 [398 251]]",[0. 0. 0. ... 0. 0. 1.],[0. 1. 1. ... 1. 0. 0.]
491,naive_bayes,{},0.5551529545885111,0.08662799307806329,0.15603778020681153,0.16109401229300133,0.5774445128172563,0.07487027779554546,0.5622981952782278,0.1600990029811754,0.578538102643857,0.58034459487244,"{0: 0.5822240713281875, 1: 0.5822240713281875}","{0: 0.5822240713281875, 1: 0.5822240713281875}",0.5822240713281875,"[[493 144]
 [398 251]]",[0. 0. 0. ... 0. 0. 1.],[0. 1. 1. ... 1. 0. 0.]
845,naive_bayes,{},0.5551529545885111,0.08662799307806329,0.15603778020681153,0.16109401229300133,0.5774445128172563,0.07487027779554546,0.5622981952782278,0.1600990029811754,0.578538102643857,0.58034459487244,"{0: 0.5822240713281875, 1: 0.5822240713281875}","{0: 0.5822240713281875, 1: 0.5822240713281875}",0.5822240713281875,"[[493 144]
 [398 251]]",[0. 0. 0. ... 0. 0. 1.],[0. 1. 1. ... 1. 0. 0.]
831,naive_bayes,{},0.5551529545885111,0.08662799307806329,0.15603778020681153,0.16109401229300133,0.5774445128172563,0.07487027779554546,0.5622981952782278,0.1600990029811754,0.578538102643857,0.58034459487244,"{0: 0.5822240713281875, 1: 0.5822240713281875}","{0: 0.5822240713281875, 1: 0.5822240713281875}",0.5822240713281875,"[[493 144]
 [398 251]]",[0. 0. 0. ... 0. 0. 1.],[0. 1. 1. ... 1. 0. 0.]
554,naive_bayes,{},0.5551529545885111,0.08662799307806329,0.15603778020681153,0.16109401229300133,0.5774445128172563,0.07487027779554546,0.5622981952782278,0.1600990029811754,0.578538102643857,0.58034459487244,"{0: 0.5822240713281875, 1: 0.5822240713281875}","{0: 0.5822240713281875, 1: 0.5822240713281875}",0.5822240713281875,"[[493 144]
 [398 251]]",[0. 0. 0. ... 0. 0. 1.],[0. 1. 1. ... 1. 0. 0.]
0,naive_bayes,{},0.5551529545885111,0.08662799307806329,0.15603778020681153,0.16109401229300133,0.5774445128172563,0.07487027779554546,0.5622981952782278,0.1600990029811754,0.578538102643857,0.58034459487244,"{0: 0.5822240713281875, 1: 0.5822240713281875}","{0: 0.5822240713281875, 1: 0.5822240713281875}",0.5822240713281875,"[[493 144]
 [398 251]]",[0. 0. 0. ... 0. 0. 1.],[0. 1. 1. ... 1. 0. 0.]
141,naive_bayes,{},0.5551529545885111,0.08662799307806329,0.15603778020681153,0.16109401229300133,0.5774445128172563,0.07487027779554546,0.5622981952782278,0.1600990029811754,0.578538102643857,0.58034459487244,"{0: 0.5822240713281875, 1: 0.5822240713281875}","{0: 0.5822240713281875, 1: 0.5822240713281875}",0.5822240713281875,"[[493 144]
 [398 251]]",[0. 0. 0. ... 0. 0. 1.],[0. 1. 1. ... 1. 0. 0.]
114,naive_bayes,{},0.5551529545885111,0.08662799307806329,0.15603778020681153,0.16109401229300133,0.5774445128172563,0.07487027779554546,0.5622981952782278,0.1600990029811754,0.578538102643857,0.58034459487244,"{0: 0.5822240713281875, 1: 0.5822240713281875}","{0: 0.5822240713281875, 1: 0.5822240713281875}",0.5822240713281875,"[[493 144]
 [398 251]]",[0. 0. 0. ... 0. 0. 1.],[0. 1. 1. ... 1. 0. 0.]
212,naive_bayes,{},0.5551529545885111,0.08662799307806329,0.15603778020681153,0.16109401229300133,0.5774445128172563,0.07487027779554546,0.5622981952782278,0.1600990029811754,0.578538102643857,0.58034459487244,"{0: 0.5822240713281875, 1: 0.5822240713281875}","{0: 0.5822240713281875, 1: 0.5822240713281875}",0.5822240713281875,"[[493 144]
 [398 251]]",[0. 0. 0. ... 0. 0. 1.],[0. 1. 1. ... 1. 0. 0.]
24,naive_bayes,{},0.5551529545885111,0.08662799307806329,0.15603778020681153,0.16109401229300133,0.5774445128172563,0.07487027779554546,0.5622981952782278,0.1600990029811754,0.578538102643857,0.58034459487244,"{0: 0.5822240713281875, 1: 0.5822240713281875}","{0: 0.5822240713281875, 1: 0.5822240713281875}",0.5822240713281875,"[[493 144]
 [398 251]]",[0. 0. 0. ... 0. 0. 1.],[0. 1. 1. ... 1. 0. 0.]
180,naive_bayes,{},0.5551529545885111,0.08662799307806329,0.15603778020681153,0.16109401229300133,0.5774445128172563,0.07487027779554546,0.5622981952782278,0.1600990029811754,0.578538102643857,0.58034459487244,"{0: 0.5822240713281875, 1: 0.5822240713281875}","{0: 0.5822240713281875, 1: 0.5822240713281875}",0.5822240713281875,"[[493 144]
 [398 251]]",[0. 0. 0. ... 0. 0. 1.],[0. 1. 1. ... 1. 0. 0.]
12,naive_bayes,{},0.5551529545885111,0.08662799307806329,0.15603778020681153,0.16109401229300133,0.5774445128172563,0.07487027779554546,0.5622981952782278,0.1600990029811754,0.578538102643857,0.58034459487244,"{0: 0.5822240713281875, 1: 0.5822240713281875}","{0: 0.5822240713281875, 1: 0.5822240713281875}",0.5822240713281875,"[[493 144]
 [398 251]]",[0. 0. 0. ... 0. 0. 1.],[0. 1. 1. ... 1. 0. 0.]
171,naive_bayes,{},0.5551529545885111,0.08662799307806329,0.15603778020681153,0.16109401229300133,0.5774445128172563,0.07487027779554546,0.5622981952782278,0.1600990029811754,0.578538102643857,0.58034459487244,"{0: 0.5822240713281875, 1: 0.5822240713281875}","{0: 0.5822240713281875, 1: 0.5822240713281875}",0.5822240713281875,"[[493 144]
 [398 251]]",[0. 0. 0. ... 0. 0. 1.],[0. 1. 1. ... 1. 0. 0.]
221,naive_bayes,{},0.5551529545885111,0.08662799307806329,0.15603778020681153,0.16109401229300133,0.5774445128172563,0.07487027779554546,0.5622981952782278,0.1600990029811754,0.578538102643857,0.58034459487244,"{0: 0.5822240713281875, 1: 0.5822240713281875}","{0: 0.5822240713281875, 1: 0.5822240713281875}",0.5822240713281875,"[[493 144]
 [398 251]]",[0. 0. 0. ... 0. 0. 1.],[0. 1. 1. ... 1. 0. 0.]
242,naive_bayes,{},0.5551529545885111,0.08662799307806329,0.15603778020681153,0.16109401229300133,0.5774445128172563,0.07487027779554546,0.5622981952782278,0.1600990029811754,0.578538102643857,0.58034459487244,"{0: 0.5822240713281875, 1: 0.5822240713281875}","{0: 0.5822240713281875, 1: 0.5822240713281875}",0.5822240713281875,"[[493 144]
 [398 251]]",[0. 0. 0. ... 0. 0. 1.],[0. 1. 1. ... 1. 0. 0.]
161,naive_bayes,{},0.5551529545885111,0.08662799307806329,0.15603778020681153,0.16109401229300133,0.5774445128172563,0.07487027779554546,0.5622981952782278,0.1600990029811754,0.578538102643857,0.58034459487244,"{0: 0.5822240713281875, 1: 0.5822240713281875}","{0: 0.5822240713281875, 1: 0.5822240713281875}",0.5822240713281875,"[[493 144]
 [398 251]]",[0. 0. 0. ... 0. 0. 1.],[0. 1. 1. ... 1. 0. 0.]
28,naive_bayes,{},0.5551529545885111,0.08662799307806329,0.15603778020681153,0.16109401229300133,0.5774445128172563,0.07487027779554546,0.5622981952782278,0.1600990029811754,0.578538102643857,0.58034459487244,"{0: 0.5822240713281875, 1: 0.5822240713281875}","{0: 0.5822240713281875, 1: 0.5822240713281875}",0.5822240713281875,"[[493 144]
 [398 251]]",[0. 0. 0. ... 0. 0. 1.],[0. 1. 1. ... 1. 0. 0.]
9,naive_bayes,{},0.5551529545885111,0.08662799307806329,0.15603778020681153,0.16109401229300133,0.5774445128172563,0.07487027779554546,0.5622981952782278,0.1600990029811754,0.578538102643857,0.58034459487244,"{0: 0.5822240713281875, 1: 0.5822240713281875}","{0: 0.5822240713281875, 1: 0.5822240713281875}",0.5822240713281875,"[[493 144]
 [398 251]]",[0. 0. 0. ... 0. 0. 1.],[0. 1. 1. ... 1. 0. 0.]
16,naive_bayes,{},0.5551529545885111,0.08662799307806329,0.15603778020681153,0.16109401229300133,0.5774445128172563,0.07487027779554546,0.5622981952782278,0.1600990029811754,0.578538102643857,0.58034459487244,"{0: 0.5822240713281875, 1: 0.5822240713281875}","{0: 0.5822240713281875, 1: 0.5822240713281875}",0.5822240713281875,"[[493 144]
 [398 251]]",[0. 0. 0. ... 0. 0. 1.],[0. 1. 1. ... 1. 0. 0.]
123,naive_bayes,{},0.5551529545885111,0.08662799307806329,0.15603778020681153,0.16109401229300133,0.5774445128172563,0.07487027779554546,0.5622981952782278,0.1600990029811754,0.578538102643857,0.58034459487244,"{0: 0.5822240713281875, 1: 0.5822240713281875}","{0: 0.5822240713281875, 1: 0.5822240713281875}",0.5822240713281875,"[[493 144]
 [398 251]]",[0. 0. 0. ... 0. 0. 1.],[0. 1. 1. ... 1. 0. 0.]
85,naive_bayes,{},0.5551529545885111,0.08662799307806329,0.15603778020681153,0.16109401229300133,0.5774445128172563,0.07487027779554546,0.5622981952782278,0.1600990029811754,0.578538102643857,0.58034459487244,"{0: 0.5822240713281875, 1: 0.5822240713281875}","{0: 0.5822240713281875, 1: 0.5822240713281875}",0.5822240713281875,"[[493 144]
 [398 251]]",[0. 0. 0. ... 0. 0. 1.],[0. 1. 1. ... 1. 0. 0.]
72,naive_bayes,{},0.5551529545885111,0.08662799307806329,0.15603778020681153,0.16109401229300133,0.5774445128172563,0.07487027779554546,0.5622981952782278,0.1600990029811754,0.578538102643857,0.58034459487244,"{0: 0.5822240713281875, 1: 0.5822240713281875}","{0: 0.5822240713281875, 1: 0.5822240713281875}",0.5822240713281875,"[[493 144]
 [398 251]]",[0. 0. 0. ... 0. 0. 1.],[0. 1. 1. ... 1. 0. 0.]
232,naive_bayes,{},0.5551529545885111,0.08662799307806329,0.15603778020681153,0.16109401229300133,0.5774445128172563,0.07487027779554546,0.5622981952782278,0.1600990029811754,0.578538102643857,0.58034459487244,"{0: 0.5822240713281875, 1: 0.5822240713281875}","{0: 0.5822240713281875, 1: 0.5822240713281875}",0.5822240713281875,"[[493 144]
 [398 251]]",[0. 0. 0. ... 0. 0. 1.],[0. 1. 1. ... 1. 0. 0.]
77,naive_bayes,{},0.5551529545885111,0.08662799307806329,0.15603778020681153,0.16109401229300133,0.5774445128172563,0.07487027779554546,0.5622981952782278,0.1600990029811754,0.578538102643857,0.58034459487244,"{0: 0.5822240713281875, 1: 0.5822240713281875}","{0: 0.5822240713281875, 1: 0.5822240713281875}",0.5822240713281875,"[[493 144]
 [398 251]]",[0. 0. 0. ... 0. 0. 1.],[0. 1. 1. ... 1. 0. 0.]
27,naive_bayes,{},0.5551529545885111,0.08662799307806329,0.15603778020681153,0.16109401229300133,0.5774445128172563,0.07487027779554546,0.5622981952782278,0.1600990029811754,0.578538102643857,0.58034459487244,"{0: 0.5822240713281875, 1: 0.5822240713281875}","{0: 0.5822240713281875, 1: 0.5822240713281875}",0.5822240713281875,"[[493 144]
 [398 251]]",[0. 0. 0. ... 0. 0. 1.],[0. 1. 1. ... 1. 0. 0.]
95,naive_bayes,{},0.5551529545885111,0.08662799307806329,0.15603778020681153,0.16109401229300133,0.5774445128172563,0.07487027779554546,0.5622981952782278,0.1600990029811754,0.578538102643857,0.58034459487244,"{0: 0.5822240713281875, 1: 0.5822240713281875}","{0: 0.5822240713281875, 1: 0.5822240713281875}",0.5822240713281875,"[[493 144]
 [398 251]]",[0. 0. 0. ... 0. 0. 1.],[0. 1. 1. ... 1. 0. 0.]
132,naive_bayes,{},0.5551529545885111,0.08662799307806329,0.15603778020681153,0.16109401229300133,0.5774445128172563,0.07487027779554546,0.5622981952782278,0.1600990029811754,0.578538102643857,0.58034459487244,"{0: 0.5822240713281875, 1: 0.5822240713281875}","{0: 0.5822240713281875, 1: 0.5822240713281875}",0.5822240713281875,"[[493 144]
 [398 251]]",[0. 0. 0. ... 0. 0. 1.],[0. 1. 1. ... 1. 0. 0.]
35,naive_bayes,{},0.5551529545885111,0.08662799307806329,0.15603778020681153,0.16109401229300133,0.5774445128172563,0.07487027779554546,0.5622981952782278,0.1600990029811754,0.578538102643857,0.58034459487244,"{0: 0.5822240713281875, 1: 0.5822240713281875}","{0: 0.5822240713281875, 1: 0.5822240713281875}",0.5822240713281875,"[[493 144]
 [398 251]]",[0. 0. 0. ... 0. 0. 1.],[0. 1. 1. ... 1. 0. 0.]
191,naive_bayes,{},0.5551529545885111,0.08662799307806329,0.15603778020681153,0.16109401229300133,0.5774445128172563,0.07487027779554546,0.5622981952782278,0.1600990029811754,0.578538102643857,0.58034459487244,"{0: 0.5822240713281875, 1: 0.5822240713281875}","{0: 0.5822240713281875, 1: 0.5822240713281875}",0.5822240713281875,"[[493 144]
 [398 251]]",[0. 0. 0. ... 0. 0. 1.],[0. 1. 1. ... 1. 0. 0.]
202,naive_bayes,{},0.5551529545885111,0.08662799307806329,0.15603778020681153,0.16109401229300133,0.5774445128172563,0.07487027779554546,0.5622981952782278,0.1600990029811754,0.578538102643857,0.58034459487244,"{0: 0.5822240713281875, 1: 0.5822240713281875}","{0: 0.5822240713281875, 1: 0.5822240713281875}",0.5822240713281875,"[[493 144]
 [398 251]]",[0. 0. 0. ... 0. 0. 1.],[0. 1. 1. ... 1. 0. 0.]
252,naive_bayes,{},0.5551529545885111,0.08662799307806329,0.15603778020681153,0.16109401229300133,0.5774445128172563,0.07487027779554546,0.5622981952782278,0.1600990029811754,0.578538102643857,0.58034459487244,"{0: 0.5822240713281875, 1: 0.5822240713281875}","{0: 0.5822240713281875, 1: 0.5822240713281875}",0.5822240713281875,"[[493 144]
 [398 251]]",[0. 0. 0. ... 0. 0. 1.],[0. 1. 1. ... 1. 0. 0.]
34,naive_bayes,{},0.5551529545885111,0.08662799307806329,0.15603778020681153,0.16109401229300133,0.5774445128172563,0.07487027779554546,0.5622981952782278,0.1600990029811754,0.578538102643857,0.58034459487244,"{0: 0.5822240713281875, 1: 0.5822240713281875}","{0: 0.5822240713281875, 1: 0.5822240713281875}",0.5822240713281875,"[[493 144]
 [398 251]]",[0. 0. 0. ... 0. 0. 1.],[0. 1. 1. ... 1. 0. 0.]
105,naive_bayes,{},0.5551529545885111,0.08662799307806329,0.15603778020681153,0.16109401229300133,0.5774445128172563,0.07487027779554546,0.5622981952782278,0.1600990029811754,0.578538102643857,0.58034459487244,"{0: 0.5822240713281875, 1: 0.5822240713281875}","{0: 0.5822240713281875, 1: 0.5822240713281875}",0.5822240713281875,"[[493 144]
 [398 251]]",[0. 0. 0. ... 0. 0. 1.],[0. 1. 1. ... 1. 0. 0.]
890,SVC,"{'C': 1, 'gamma': 0.001, 'kernel': 'sigmoid'}",0.5597750272605296,0.09201228002711562,0.15596721365907512,0.1711990607177073,0.5784048889802169,0.08151838909688676,0.5738441061217237,0.17689501965955579,0.5870917573872473,0.5887466044851033,"{0: 0.5606633076366733, 1: 0.5606633076366733}","{0: 0.5606633076366733, 1: 0.5606633076366733}",0.5606633076366733,"[[488 149]
 [382 267]]",[0. 0. 0. ... 0. 0. 1.],[0. 1. 1. ... 1. 0. 0.]
625,AdaBoost,"{'algorithm': 'SAMME.R', 'learning_rate': 0.1816326530612245, 'n_estimators': 41}",0.5740579211311865,0.09903803098225622,0.15572203755705194,0.1955781187503909,0.5800146254707189,0.0963923247207717,0.5792676283981357,0.15881452535311058,0.5793157076205288,0.5794314644193579,"{0: 0.6031559239791686, 1: 0.6031559239791685}","{0: 0.6031559239791686, 1: 0.6031559239791685}",0.6031559239791685,"[[377 260]
 [281 368]]",[1. 1. 0. ... 0. 0. 1.],[0. 1. 1. ... 1. 0. 0.]
730,AdaBoost,"{'algorithm': 'SAMME.R', 'learning_rate': 0.1816326530612245, 'n_estimators': 41}",0.5740579211311865,0.09903803098225622,0.15572203755705194,0.1955781187503909,0.5800146254707189,0.0963923247207717,0.5792676283981357,0.15881452535311058,0.5793157076205288,0.5794314644193579,"{0: 0.6031559239791686, 1: 0.6031559239791685}","{0: 0.6031559239791686, 1: 0.6031559239791685}",0.6031559239791685,"[[377 260]
 [281 368]]",[1. 1. 0. ... 0. 0. 1.],[0. 1. 1. ... 1. 0. 0.]
847,AdaBoost,"{'algorithm': 'SAMME.R', 'learning_rate': 0.1816326530612245, 'n_estimators': 41}",0.5740579211311865,0.09903803098225622,0.15572203755705194,0.1955781187503909,0.5800146254707189,0.0963923247207717,0.5792676283981357,0.15881452535311058,0.5793157076205288,0.5794314644193579,"{0: 0.6031559239791686, 1: 0.6031559239791685}","{0: 0.6031559239791686, 1: 0.6031559239791685}",0.6031559239791685,"[[377 260]
 [281 368]]",[1. 1. 0. ... 0. 0. 1.],[0. 1. 1. ... 1. 0. 0.]
716,AdaBoost,"{'algorithm': 'SAMME.R', 'learning_rate': 0.1816326530612245, 'n_estimators': 63}",0.5742215134705317,0.09426179592181771,0.1555409633844647,0.18548333814874746,0.5799221396585478,0.09121999071437988,0.5769419654198493,0.15413763835050653,0.5769828926905132,0.5770911896819887,"{0: 0.5994380921741697, 1: 0.5994380921741697}","{0: 0.5994380921741697, 1: 0.5994380921741697}",0.5994380921741697,"[[375 262]
 [282 367]]",[1. 1. 0. ... 0. 0. 1.],[0. 1. 1. ... 1. 0. 0.]
43,AdaBoost,"{'algorithm': 'SAMME.R', 'learning_rate': 0.1816326530612245, 'n_estimators': 63}",0.5742215134705317,0.09426179592181771,0.1555409633844647,0.18548333814874746,0.5799221396585478,0.09121999071437988,0.5769419654198493,0.15413763835050653,0.5769828926905132,0.5770911896819887,"{0: 0.5994380921741697, 1: 0.5994380921741697}","{0: 0.5994380921741697, 1: 0.5994380921741697}",0.5994380921741697,"[[375 262]
 [282 367]]",[1. 1. 0. ... 0. 0. 1.],[0. 1. 1. ... 1. 0. 0.]
780,AdaBoost,"{'algorithm': 'SAMME.R', 'learning_rate': 0.1816326530612245, 'n_estimators': 63}",0.5742215134705317,0.09426179592181771,0.1555409633844647,0.18548333814874746,0.5799221396585478,0.09121999071437988,0.5769419654198493,0.15413763835050653,0.5769828926905132,0.5770911896819887,"{0: 0.5994380921741697, 1: 0.5994380921741697}","{0: 0.5994380921741697, 1: 0.5994380921741697}",0.5994380921741697,"[[375 262]
 [282 367]]",[1. 1. 0. ... 0. 0. 1.],[0. 1. 1. ... 1. 0. 0.]
447,AdaBoost,"{'algorithm': 'SAMME', 'learning_rate': 1.079591836734694, 'n_estimators': 85}",0.56890081635276,0.09338793899163643,0.15461560835077542,0.1833720152248781,0.577126190984125,0.0899804013763271,0.5799561771566262,0.16047902164688466,0.5800933125972006,0.5802744471025343,"{0: 0.6049519487776146, 1: 0.6049519487776147}","{0: 0.6049519487776146, 1: 0.6049519487776147}",0.6049519487776147,"[[382 255]
 [285 364]]",[0. 1. 0. ... 0. 0. 1.],[0. 1. 1. ... 1. 0. 0.]
353,AdaBoost,"{'algorithm': 'SAMME', 'learning_rate': 1.079591836734694, 'n_estimators': 85}",0.56890081635276,0.09338793899163643,0.15461560835077542,0.1833720152248781,0.577126190984125,0.0899804013763271,0.5799561771566262,0.16047902164688466,0.5800933125972006,0.5802744471025343,"{0: 0.6049519487776146, 1: 0.6049519487776147}","{0: 0.6049519487776146, 1: 0.6049519487776147}",0.6049519487776147,"[[382 255]
 [285 364]]",[0. 1. 0. ... 0. 0. 1.],[0. 1. 1. ... 1. 0. 0.]
715,knn,{'n_neighbors': 43},0.5676201615664941,0.09934873574846291,0.1545727067850951,0.19003466740376265,0.5795213962373092,0.09058431960053957,0.5775041821045466,0.16313846317299263,0.5808709175738724,0.5817124763855999,"{0: 0.6100654793148739, 1: 0.610065479314874}","{0: 0.6100654793148739, 1: 0.610065479314874}",0.610065479314874,"[[428 209]
 [330 319]]",[0. 0. 0. ... 0. 0. 1.],[0. 1. 1. ... 1. 0. 0.]
283,knn,{'n_neighbors': 43},0.5676201615664941,0.09934873574846291,0.1545727067850951,0.19003466740376265,0.5795213962373092,0.09058431960053957,0.5775041821045466,0.16313846317299263,0.5808709175738724,0.5817124763855999,"{0: 0.6100654793148739, 1: 0.610065479314874}","{0: 0.6100654793148739, 1: 0.610065479314874}",0.610065479314874,"[[428 209]
 [330 319]]",[0. 0. 0. ... 0. 0. 1.],[0. 1. 1. ... 1. 0. 0.]
110,knn,{'n_neighbors': 43},0.5676201615664941,0.09934873574846291,0.1545727067850951,0.19003466740376265,0.5795213962373092,0.09058431960053957,0.5775041821045466,0.16313846317299263,0.5808709175738724,0.5817124763855999,"{0: 0.6100654793148739, 1: 0.610065479314874}","{0: 0.6100654793148739, 1: 0.610065479314874}",0.610065479314874,"[[428 209]
 [330 319]]",[0. 0. 0. ... 0. 0. 1.],[0. 1. 1. ... 1. 0. 0.]
22,AdaBoost,"{'algorithm': 'SAMME', 'learning_rate': 0.1, 'n_estimators': 30}",0.560096249467935,0.1027401655022686,0.1544397260128497,0.19481302436102785,0.5770734557778053,0.09456716806110639,0.5782027511524971,0.1813440267754015,0.5894245723172629,0.5909562592371309,"{0: 0.6143916616071581, 1: 0.614391661607158}","{0: 0.6143916616071581, 1: 0.614391661607158}",0.614391661607158,"[[481 156]
 [372 277]]",[1. 0. 0. ... 0. 0. 1.],[0. 1. 1. ... 1. 0. 0.]
235,SVC,"{'C': 1, 'gamma': 1, 'kernel': 'rbf'}",0.5734163143824009,0.09199848379103702,0.15442144660981488,0.18470917881196594,0.580246529970927,0.0916366102695191,0.5811955263833678,0.16949423621696147,0.5855365474339036,0.5845933727289659,"{0: 0.598429415620699, 1: 0.598429415620699}","{0: 0.598429415620699, 1: 0.598429415620699}",0.598429415620699,"[[308 329]
 [204 445]]",[0. 1. 0. ... 0. 0. 1.],[0. 1. 1. ... 1. 0. 0.]
404,AdaBoost,"{'algorithm': 'SAMME', 'learning_rate': 1.6510204081632653, 'n_estimators': 74}",0.5738598582963287,0.07902933297261883,0.1539659299189451,0.16080376090947762,0.5784736425720562,0.07835384319518253,0.579930712867814,0.1598696324399398,0.5800933125972006,0.579911613809919,"{0: 0.5928538773575093, 1: 0.5928538773575094}","{0: 0.5928538773575093, 1: 0.5928538773575094}",0.5928538773575094,"[[357 280]
 [260 389]]",[1. 1. 0. ... 0. 0. 1.],[0. 1. 1. ... 1. 0. 0.]
93,AdaBoost,"{'algorithm': 'SAMME', 'learning_rate': 1.6510204081632653, 'n_estimators': 74}",0.5738598582963287,0.07902933297261883,0.1539659299189451,0.16080376090947762,0.5784736425720562,0.07835384319518253,0.579930712867814,0.1598696324399398,0.5800933125972006,0.579911613809919,"{0: 0.5928538773575093, 1: 0.5928538773575094}","{0: 0.5928538773575093, 1: 0.5928538773575094}",0.5928538773575094,"[[357 280]
 [260 389]]",[1. 1. 0. ... 0. 0. 1.],[0. 1. 1. ... 1. 0. 0.]
488,AdaBoost,"{'algorithm': 'SAMME', 'learning_rate': 1.6510204081632653, 'n_estimators': 74}",0.5738598582963287,0.07902933297261883,0.1539659299189451,0.16080376090947762,0.5784736425720562,0.07835384319518253,0.579930712867814,0.1598696324399398,0.5800933125972006,0.579911613809919,"{0: 0.5928538773575093, 1: 0.5928538773575094}","{0: 0.5928538773575093, 1: 0.5928538773575094}",0.5928538773575094,"[[357 280]
 [260 389]]",[1. 1. 0. ... 0. 0. 1.],[0. 1. 1. ... 1. 0. 0.]
193,AdaBoost,"{'algorithm': 'SAMME', 'learning_rate': 1.6510204081632653, 'n_estimators': 74}",0.5738598582963287,0.07902933297261883,0.1539659299189451,0.16080376090947762,0.5784736425720562,0.07835384319518253,0.579930712867814,0.1598696324399398,0.5800933125972006,0.579911613809919,"{0: 0.5928538773575093, 1: 0.5928538773575094}","{0: 0.5928538773575093, 1: 0.5928538773575094}",0.5928538773575094,"[[357 280]
 [260 389]]",[1. 1. 0. ... 0. 0. 1.],[0. 1. 1. ... 1. 0. 0.]
251,AdaBoost,"{'algorithm': 'SAMME.R', 'learning_rate': 0.9979591836734693, 'n_estimators': 63}",0.5719590723056504,0.08504997621644013,0.15395090510990989,0.1680882152915694,0.5772312105174517,0.08306940212951694,0.5785309669622682,0.1571740544671424,0.578538102643857,0.5786029950678861,"{0: 0.5695273249752669, 1: 0.5695273249752668}","{0: 0.5695273249752669, 1: 0.5695273249752668}",0.5695273249752668,"[[373 264]
 [278 371]]",[0. 1. 0. ... 0. 0. 1.],[0. 1. 1. ... 1. 0. 0.]
265,AdaBoost,"{'algorithm': 'SAMME', 'learning_rate': 0.9163265306122448, 'n_estimators': 96}",0.5719518849869205,0.10157727025514249,0.15351315290400092,0.20309005589957577,0.5779104288833439,0.09919187319994073,0.5753342234220488,0.15110175085656807,0.5754276827371695,0.5755793842960912,"{0: 0.6101973087445243, 1: 0.6101973087445243}","{0: 0.6101973087445243, 1: 0.6101973087445243}",0.6101973087445243,"[[377 260]
 [286 363]]",[1. 1. 0. ... 0. 0. 1.],[0. 1. 1. ... 1. 0. 0.]
418,AdaBoost,"{'algorithm': 'SAMME', 'learning_rate': 0.26326530612244897, 'n_estimators': 74}",0.5643359197883258,0.09890596703805357,0.1532223044714991,0.1909966452611454,0.5776089590729057,0.0922076433884477,0.5822001875363826,0.1775290877979674,0.5878693623639192,0.5889655139049812,"{0: 0.6275262267998346, 1: 0.6275262267998345}","{0: 0.6275262267998346, 1: 0.6275262267998345}",0.6275262267998345,"[[450 187]
 [343 306]]",[1. 0. 0. ... 0. 0. 1.],[0. 1. 1. ... 1. 0. 0.]
220,AdaBoost,"{'algorithm': 'SAMME', 'learning_rate': 0.26326530612244897, 'n_estimators': 74}",0.5643359197883258,0.09890596703805357,0.1532223044714991,0.1909966452611454,0.5776089590729057,0.0922076433884477,0.5822001875363826,0.1775290877979674,0.5878693623639192,0.5889655139049812,"{0: 0.6275262267998346, 1: 0.6275262267998345}","{0: 0.6275262267998346, 1: 0.6275262267998345}",0.6275262267998345,"[[450 187]
 [343 306]]",[1. 0. 0. ... 0. 0. 1.],[0. 1. 1. ... 1. 0. 0.]
70,AdaBoost,"{'algorithm': 'SAMME', 'learning_rate': 0.26326530612244897, 'n_estimators': 74}",0.5643359197883258,0.09890596703805357,0.1532223044714991,0.1909966452611454,0.5776089590729057,0.0922076433884477,0.5822001875363826,0.1775290877979674,0.5878693623639192,0.5889655139049812,"{0: 0.6275262267998346, 1: 0.6275262267998345}","{0: 0.6275262267998346, 1: 0.6275262267998345}",0.6275262267998345,"[[450 187]
 [343 306]]",[1. 0. 0. ... 0. 0. 1.],[0. 1. 1. ... 1. 0. 0.]
600,AdaBoost,"{'algorithm': 'SAMME.R', 'learning_rate': 0.1, 'n_estimators': 30}",0.5679505912676021,0.10260906229449958,0.1529482915436531,0.20357581198076982,0.5767127195748992,0.09967314258064112,0.5836042870660408,0.1703366138545439,0.5847589424572317,0.5852597765430695,"{0: 0.621624138573291, 1: 0.621624138573291}","{0: 0.621624138573291, 1: 0.621624138573291}",0.621624138573291,"[[407 230]
 [304 345]]",[1. 1. 0. ... 0. 0. 1.],[0. 1. 1. ... 1. 0. 0.]
683,AdaBoost,"{'algorithm': 'SAMME.R', 'learning_rate': 0.1, 'n_estimators': 30}",0.5679505912676021,0.10260906229449958,0.1529482915436531,0.20357581198076982,0.5767127195748992,0.09967314258064112,0.5836042870660408,0.1703366138545439,0.5847589424572317,0.5852597765430695,"{0: 0.621624138573291, 1: 0.621624138573291}","{0: 0.621624138573291, 1: 0.621624138573291}",0.621624138573291,"[[407 230]
 [304 345]]",[1. 1. 0. ... 0. 0. 1.],[0. 1. 1. ... 1. 0. 0.]
778,AdaBoost,"{'algorithm': 'SAMME.R', 'learning_rate': 1.7326530612244897, 'n_estimators': 30}",0.5693647711340081,0.09176562929345734,0.15199076268196887,0.18301055121915874,0.5748597319335221,0.09030205854009059,0.5761937546366085,0.15229985848885452,0.5762052877138414,0.57614661367688,"{0: 0.5788980994792132, 1: 0.5788980994792132}","{0: 0.5788980994792132, 1: 0.5788980994792132}",0.5788980994792132,"[[363 274]
 [271 378]]",[0. 1. 0. ... 0. 0. 1.],[0. 1. 1. ... 1. 0. 0.]
854,AdaBoost,"{'algorithm': 'SAMME.R', 'learning_rate': 1.7326530612244897, 'n_estimators': 30}",0.5693647711340081,0.09176562929345734,0.15199076268196887,0.18301055121915874,0.5748597319335221,0.09030205854009059,0.5761937546366085,0.15229985848885452,0.5762052877138414,0.57614661367688,"{0: 0.5788980994792132, 1: 0.5788980994792132}","{0: 0.5788980994792132, 1: 0.5788980994792132}",0.5788980994792132,"[[363 274]
 [271 378]]",[0. 1. 0. ... 0. 0. 1.],[0. 1. 1. ... 1. 0. 0.]
597,AdaBoost,"{'algorithm': 'SAMME.R', 'learning_rate': 1.7326530612244897, 'n_estimators': 30}",0.5693647711340081,0.09176562929345734,0.15199076268196887,0.18301055121915874,0.5748597319335221,0.09030205854009059,0.5761937546366085,0.15229985848885452,0.5762052877138414,0.57614661367688,"{0: 0.5788980994792132, 1: 0.5788980994792132}","{0: 0.5788980994792132, 1: 0.5788980994792132}",0.5788980994792132,"[[363 274]
 [271 378]]",[0. 1. 0. ... 0. 0. 1.],[0. 1. 1. ... 1. 0. 0.]
169,AdaBoost,"{'algorithm': 'SAMME', 'learning_rate': 0.1, 'n_estimators': 74}",0.5605301738895373,0.0994518594225042,0.15195173074192353,0.18787716176184677,0.5758612216863013,0.09163566736174542,0.5816067158313685,0.18094112254375705,0.5894245723172629,0.5907095325981524,"{0: 0.6256007914603556, 1: 0.6256007914603556}","{0: 0.6256007914603556, 1: 0.6256007914603556}",0.6256007914603556,"[[464 173]
 [355 294]]",[1. 0. 0. ... 0. 0. 1.],[0. 1. 1. ... 1. 0. 0.]
619,SVC,"{'C': 0.1, 'gamma': 0.01, 'kernel': 'rbf'}",0.560122925203451,0.09175219300629865,0.15184420255727418,0.1681803943659848,0.5766601946144659,0.08054735354553197,0.5818294778158686,0.187498944982336,0.5925349922239502,0.5940379233357441,"{0: 0.5805840648455661, 1: 0.580584064845566}","{0: 0.5805840648455661, 1: 0.580584064845566}",0.580584064845566,"[[481 156]
 [368 281]]",[0. 0. 0. ... 0. 0. 1.],[0. 1. 1. ... 1. 0. 0.]
199,logistic_regression,"{'penalty': 'l2', 'solver': 'lbfgs'}",0.5658682397197787,0.10126910072855413,0.15135531260084573,0.1941295602743385,0.5779464277296477,0.09435412769672111,0.5770100405690399,0.16152510570888334,0.5800933125972006,0.5808985203658328,"{0: 0.6024096968406896, 1: 0.6024096968406896}","{0: 0.6024096968406896, 1: 0.6024096968406896}",0.6024096968406896,"[[425 212]
 [328 321]]",[0. 0. 0. ... 0. 1. 1.],[0. 1. 1. ... 1. 0. 0.]
829,logistic_regression,"{'penalty': 'l2', 'solver': 'lbfgs'}",0.5658682397197787,0.10126910072855413,0.15135531260084573,0.1941295602743385,0.5779464277296477,0.09435412769672111,0.5770100405690399,0.16152510570888334,0.5800933125972006,0.5808985203658328,"{0: 0.6024096968406896, 1: 0.6024096968406896}","{0: 0.6024096968406896, 1: 0.6024096968406896}",0.6024096968406896,"[[425 212]
 [328 321]]",[0. 0. 0. ... 0. 1. 1.],[0. 1. 1. ... 1. 0. 0.]
140,logistic_regression,"{'penalty': 'l2', 'solver': 'lbfgs'}",0.5658682397197787,0.10126910072855413,0.15135531260084573,0.1941295602743385,0.5779464277296477,0.09435412769672111,0.5770100405690399,0.16152510570888334,0.5800933125972006,0.5808985203658328,"{0: 0.6024096968406896, 1: 0.6024096968406896}","{0: 0.6024096968406896, 1: 0.6024096968406896}",0.6024096968406896,"[[425 212]
 [328 321]]",[0. 0. 0. ... 0. 1. 1.],[0. 1. 1. ... 1. 0. 0.]
540,logistic_regression,"{'penalty': 'l2', 'solver': 'lbfgs'}",0.5658682397197787,0.10126910072855413,0.15135531260084573,0.1941295602743385,0.5779464277296477,0.09435412769672111,0.5770100405690399,0.16152510570888334,0.5800933125972006,0.5808985203658328,"{0: 0.6024096968406896, 1: 0.6024096968406896}","{0: 0.6024096968406896, 1: 0.6024096968406896}",0.6024096968406896,"[[425 212]
 [328 321]]",[0. 0. 0. ... 0. 1. 1.],[0. 1. 1. ... 1. 0. 0.]
885,logistic_regression,"{'penalty': 'l2', 'solver': 'lbfgs'}",0.5658682397197787,0.10126910072855413,0.15135531260084573,0.1941295602743385,0.5779464277296477,0.09435412769672111,0.5770100405690399,0.16152510570888334,0.5800933125972006,0.5808985203658328,"{0: 0.6024096968406896, 1: 0.6024096968406896}","{0: 0.6024096968406896, 1: 0.6024096968406896}",0.6024096968406896,"[[425 212]
 [328 321]]",[0. 0. 0. ... 0. 1. 1.],[0. 1. 1. ... 1. 0. 0.]
942,logistic_regression,"{'penalty': 'l2', 'solver': 'lbfgs'}",0.5658682397197787,0.10126910072855413,0.15135531260084573,0.1941295602743385,0.5779464277296477,0.09435412769672111,0.5770100405690399,0.16152510570888334,0.5800933125972006,0.5808985203658328,"{0: 0.6024096968406896, 1: 0.6024096968406896}","{0: 0.6024096968406896, 1: 0.6024096968406896}",0.6024096968406896,"[[425 212]
 [328 321]]",[0. 0. 0. ... 0. 1. 1.],[0. 1. 1. ... 1. 0. 0.]
1,logistic_regression,"{'penalty': 'l2', 'solver': 'lbfgs'}",0.5658682397197787,0.10126910072855413,0.15135531260084573,0.1941295602743385,0.5779464277296477,0.09435412769672111,0.5770100405690399,0.16152510570888334,0.5800933125972006,0.5808985203658328,"{0: 0.6024096968406896, 1: 0.6024096968406896}","{0: 0.6024096968406896, 1: 0.6024096968406896}",0.6024096968406896,"[[425 212]
 [328 321]]",[0. 0. 0. ... 0. 1. 1.],[0. 1. 1. ... 1. 0. 0.]
999,logistic_regression,"{'penalty': 'l2', 'solver': 'lbfgs'}",0.5658682397197787,0.10126910072855413,0.15135531260084573,0.1941295602743385,0.5779464277296477,0.09435412769672111,0.5770100405690399,0.16152510570888334,0.5800933125972006,0.5808985203658328,"{0: 0.6024096968406896, 1: 0.6024096968406896}","{0: 0.6024096968406896, 1: 0.6024096968406896}",0.6024096968406896,"[[425 212]
 [328 321]]",[0. 0. 0. ... 0. 1. 1.],[0. 1. 1. ... 1. 0. 0.]
694,logistic_regression,"{'penalty': 'l2', 'solver': 'lbfgs'}",0.5658682397197787,0.10126910072855413,0.15135531260084573,0.1941295602743385,0.5779464277296477,0.09435412769672111,0.5770100405690399,0.16152510570888334,0.5800933125972006,0.5808985203658328,"{0: 0.6024096968406896, 1: 0.6024096968406896}","{0: 0.6024096968406896, 1: 0.6024096968406896}",0.6024096968406896,"[[425 212]
 [328 321]]",[0. 0. 0. ... 0. 1. 1.],[0. 1. 1. ... 1. 0. 0.]
746,logistic_regression,"{'penalty': 'l2', 'solver': 'lbfgs'}",0.5658682397197787,0.10126910072855413,0.15135531260084573,0.1941295602743385,0.5779464277296477,0.09435412769672111,0.5770100405690399,0.16152510570888334,0.5800933125972006,0.5808985203658328,"{0: 0.6024096968406896, 1: 0.6024096968406896}","{0: 0.6024096968406896, 1: 0.6024096968406896}",0.6024096968406896,"[[425 212]
 [328 321]]",[0. 0. 0. ... 0. 1. 1.],[0. 1. 1. ... 1. 0. 0.]
640,logistic_regression,"{'penalty': 'l2', 'solver': 'lbfgs'}",0.5658682397197787,0.10126910072855413,0.15135531260084573,0.1941295602743385,0.5779464277296477,0.09435412769672111,0.5770100405690399,0.16152510570888334,0.5800933125972006,0.5808985203658328,"{0: 0.6024096968406896, 1: 0.6024096968406896}","{0: 0.6024096968406896, 1: 0.6024096968406896}",0.6024096968406896,"[[425 212]
 [328 321]]",[0. 0. 0. ... 0. 1. 1.],[0. 1. 1. ... 1. 0. 0.]
250,logistic_regression,"{'penalty': 'l2', 'solver': 'lbfgs'}",0.5658682397197787,0.10126910072855413,0.15135531260084573,0.1941295602743385,0.5779464277296477,0.09435412769672111,0.5770100405690399,0.16152510570888334,0.5800933125972006,0.5808985203658328,"{0: 0.6024096968406896, 1: 0.6024096968406896}","{0: 0.6024096968406896, 1: 0.6024096968406896}",0.6024096968406896,"[[425 212]
 [328 321]]",[0. 0. 0. ... 0. 1. 1.],[0. 1. 1. ... 1. 0. 0.]
6,logistic_regression,"{'penalty': 'l2', 'solver': 'lbfgs'}",0.5658682397197787,0.10126910072855413,0.15135531260084573,0.1941295602743385,0.5779464277296477,0.09435412769672111,0.5770100405690399,0.16152510570888334,0.5800933125972006,0.5808985203658328,"{0: 0.6024096968406896, 1: 0.6024096968406896}","{0: 0.6024096968406896, 1: 0.6024096968406896}",0.6024096968406896,"[[425 212]
 [328 321]]",[0. 0. 0. ... 0. 1. 1.],[0. 1. 1. ... 1. 0. 0.]
685,SVC,"{'C': 0.1, 'gamma': 0.01, 'kernel': 'rbf'}",0.5592536528308742,0.09209546615590479,0.15079145876513356,0.1694664375859597,0.576156037437123,0.08125982993626239,0.5813981848558871,0.18754596596649697,0.5925349922239502,0.5940669499991533,"{0: 0.5775544068522277, 1: 0.5775544068522276}","{0: 0.5775544068522277, 1: 0.5775544068522276}",0.5775544068522276,"[[483 154]
 [370 279]]",[0. 0. 0. ... 0. 0. 1.],[0. 1. 1. ... 1. 0. 0.]
470,AdaBoost,"{'algorithm': 'SAMME', 'learning_rate': 0.1, 'n_estimators': 85}",0.5595805480819994,0.09679624769701446,0.15045589969106926,0.18243512789530494,0.5751474169724966,0.08894008752664485,0.5809047774935727,0.17937799608684224,0.588646967340591,0.5899246032417945,"{0: 0.6182183433999414, 1: 0.6182183433999415}","{0: 0.6182183433999414, 1: 0.6182183433999415}",0.6182183433999415,"[[463 174]
 [355 294]]",[1. 0. 0. ... 0. 0. 1.],[0. 1. 1. ... 1. 0. 0.]
203,SVC,"{'C': 0.1, 'gamma': 0.01, 'kernel': 'rbf'}",0.5595717561370049,0.0911490436474744,0.15041455992863523,0.1669913152085199,0.5759778178218838,0.07994449668529519,0.5813495182707059,0.18591303383196633,0.5917573872472783,0.5932384806476816,"{0: 0.5800833549017569, 1: 0.5800833549017568}","{0: 0.5800833549017569, 1: 0.5800833549017568}",0.5800833549017568,"[[479 158]
 [367 282]]",[0. 0. 0. ... 0. 0. 1.],[0. 1. 1. ... 1. 0. 0.]
245,SVC,"{'C': 1000, 'gamma': 0.001, 'kernel': 'sigmoid'}",0.5630436760554826,0.09189639310214326,0.15039610244281448,0.17511325689920268,0.5766112287065424,0.08545476107413026,0.5733395939029998,0.16215635790657323,0.5800933125972006,0.5812758669901527,"{0: 0.5846840810521198, 1: 0.5846840810521198}","{0: 0.5846840810521198, 1: 0.5846840810521198}",0.5846840810521198,"[[451 186]
 [354 295]]",[0. 0. 0. ... 0. 0. 1.],[0. 1. 1. ... 1. 0. 0.]
337,AdaBoost,"{'algorithm': 'SAMME', 'learning_rate': 1.3244897959183672, 'n_estimators': 74}",0.5662619358475959,0.09274836552652731,0.15021283266303825,0.18149917872236507,0.5748195792674634,0.08971736975437065,0.5798423521060361,0.16057644189043163,0.5800933125972006,0.5803325004293527,"{0: 0.594669253264895, 1: 0.5946692532648948}","{0: 0.594669253264895, 1: 0.5946692532648948}",0.5946692532648948,"[[386 251]
 [289 360]]",[0. 1. 0. ... 0. 0. 1.],[0. 1. 1. ... 1. 0. 0.]
135,AdaBoost,"{'algorithm': 'SAMME', 'learning_rate': 1.3244897959183672, 'n_estimators': 74}",0.5662619358475959,0.09274836552652731,0.15021283266303825,0.18149917872236507,0.5748195792674634,0.08971736975437065,0.5798423521060361,0.16057644189043163,0.5800933125972006,0.5803325004293527,"{0: 0.594669253264895, 1: 0.5946692532648948}","{0: 0.594669253264895, 1: 0.5946692532648948}",0.5946692532648948,"[[386 251]
 [289 360]]",[0. 1. 0. ... 0. 0. 1.],[0. 1. 1. ... 1. 0. 0.]
355,logistic_regression,"{'penalty': 'l2', 'solver': 'newton-cg'}",0.5651552449535759,0.10110661624366027,0.15006388220391256,0.1938866889065673,0.577311507094727,0.09423555919168679,0.5761697386864036,0.1599845453557588,0.5793157076205288,0.5801281043411795,"{0: 0.60229600907567, 1: 0.6022960090756702}","{0: 0.60229600907567, 1: 0.6022960090756702}",0.6022960090756702,"[[425 212]
 [329 320]]",[0. 0. 0. ... 0. 1. 1.],[0. 1. 1. ... 1. 0. 0.]
718,logistic_regression,"{'penalty': 'l2', 'solver': 'newton-cg'}",0.5651552449535759,0.10110661624366027,0.15006388220391256,0.1938866889065673,0.577311507094727,0.09423555919168679,0.5761697386864036,0.1599845453557588,0.5793157076205288,0.5801281043411795,"{0: 0.60229600907567, 1: 0.6022960090756702}","{0: 0.60229600907567, 1: 0.6022960090756702}",0.6022960090756702,"[[425 212]
 [329 320]]",[0. 0. 0. ... 0. 1. 1.],[0. 1. 1. ... 1. 0. 0.]
398,logistic_regression,"{'penalty': 'l2', 'solver': 'newton-cg'}",0.5651552449535759,0.10110661624366027,0.15006388220391256,0.1938866889065673,0.577311507094727,0.09423555919168679,0.5761697386864036,0.1599845453557588,0.5793157076205288,0.5801281043411795,"{0: 0.60229600907567, 1: 0.6022960090756702}","{0: 0.60229600907567, 1: 0.6022960090756702}",0.6022960090756702,"[[425 212]
 [329 320]]",[0. 0. 0. ... 0. 1. 1.],[0. 1. 1. ... 1. 0. 0.]
296,logistic_regression,"{'penalty': 'l2', 'solver': 'newton-cg'}",0.5651552449535759,0.10110661624366027,0.15006388220391256,0.1938866889065673,0.577311507094727,0.09423555919168679,0.5761697386864036,0.1599845453557588,0.5793157076205288,0.5801281043411795,"{0: 0.60229600907567, 1: 0.6022960090756702}","{0: 0.60229600907567, 1: 0.6022960090756702}",0.6022960090756702,"[[425 212]
 [329 320]]",[0. 0. 0. ... 0. 1. 1.],[0. 1. 1. ... 1. 0. 0.]
771,logistic_regression,"{'penalty': 'l2', 'solver': 'newton-cg'}",0.5651552449535759,0.10110661624366027,0.15006388220391256,0.1938866889065673,0.577311507094727,0.09423555919168679,0.5761697386864036,0.1599845453557588,0.5793157076205288,0.5801281043411795,"{0: 0.60229600907567, 1: 0.6022960090756702}","{0: 0.60229600907567, 1: 0.6022960090756702}",0.6022960090756702,"[[425 212]
 [329 320]]",[0. 0. 0. ... 0. 1. 1.],[0. 1. 1. ... 1. 0. 0.]
86,logistic_regression,"{'penalty': 'l2', 'solver': 'newton-cg'}",0.5651552449535759,0.10110661624366027,0.15006388220391256,0.1938866889065673,0.577311507094727,0.09423555919168679,0.5761697386864036,0.1599845453557588,0.5793157076205288,0.5801281043411795,"{0: 0.60229600907567, 1: 0.6022960090756702}","{0: 0.60229600907567, 1: 0.6022960090756702}",0.6022960090756702,"[[425 212]
 [329 320]]",[0. 0. 0. ... 0. 1. 1.],[0. 1. 1. ... 1. 0. 0.]
515,logistic_regression,"{'penalty': 'l2', 'solver': 'newton-cg'}",0.5651552449535759,0.10110661624366027,0.15006388220391256,0.1938866889065673,0.577311507094727,0.09423555919168679,0.5761697386864036,0.1599845453557588,0.5793157076205288,0.5801281043411795,"{0: 0.60229600907567, 1: 0.6022960090756702}","{0: 0.60229600907567, 1: 0.6022960090756702}",0.6022960090756702,"[[425 212]
 [329 320]]",[0. 0. 0. ... 0. 1. 1.],[0. 1. 1. ... 1. 0. 0.]
465,logistic_regression,"{'penalty': 'l2', 'solver': 'newton-cg'}",0.5651552449535759,0.10110661624366027,0.15006388220391256,0.1938866889065673,0.577311507094727,0.09423555919168679,0.5761697386864036,0.1599845453557588,0.5793157076205288,0.5801281043411795,"{0: 0.60229600907567, 1: 0.6022960090756702}","{0: 0.60229600907567, 1: 0.6022960090756702}",0.6022960090756702,"[[425 212]
 [329 320]]",[0. 0. 0. ... 0. 1. 1.],[0. 1. 1. ... 1. 0. 0.]
666,logistic_regression,"{'penalty': 'l2', 'solver': 'newton-cg'}",0.5651552449535759,0.10110661624366027,0.15006388220391256,0.1938866889065673,0.577311507094727,0.09423555919168679,0.5761697386864036,0.1599845453557588,0.5793157076205288,0.5801281043411795,"{0: 0.60229600907567, 1: 0.6022960090756702}","{0: 0.60229600907567, 1: 0.6022960090756702}",0.6022960090756702,"[[425 212]
 [329 320]]",[0. 0. 0. ... 0. 1. 1.],[0. 1. 1. ... 1. 0. 0.]
564,logistic_regression,"{'penalty': 'l2', 'solver': 'newton-cg'}",0.5651552449535759,0.10110661624366027,0.15006388220391256,0.1938866889065673,0.577311507094727,0.09423555919168679,0.5761697386864036,0.1599845453557588,0.5793157076205288,0.5801281043411795,"{0: 0.60229600907567, 1: 0.6022960090756702}","{0: 0.60229600907567, 1: 0.6022960090756702}",0.6022960090756702,"[[425 212]
 [329 320]]",[0. 0. 0. ... 0. 1. 1.],[0. 1. 1. ... 1. 0. 0.]
924,knn,{'n_neighbors': 49},0.5649443707073439,0.10410459360152224,0.14996689730840276,0.195895190117659,0.5771833108575225,0.09430805029332322,0.5743687771479941,0.1569279879460761,0.5777604976671851,0.5786017856235774,"{0: 0.608924973331753, 1: 0.608924973331753}","{0: 0.608924973331753, 1: 0.608924973331753}",0.608924973331753,"[[426 211]
 [332 317]]",[0. 0. 0. ... 0. 0. 1.],[0. 1. 1. ... 1. 0. 0.]
475,knn,{'n_neighbors': 49},0.5649443707073439,0.10410459360152224,0.14996689730840276,0.195895190117659,0.5771833108575225,0.09430805029332322,0.5743687771479941,0.1569279879460761,0.5777604976671851,0.5786017856235774,"{0: 0.608924973331753, 1: 0.608924973331753}","{0: 0.608924973331753, 1: 0.608924973331753}",0.608924973331753,"[[426 211]
 [332 317]]",[0. 0. 0. ... 0. 0. 1.],[0. 1. 1. ... 1. 0. 0.]
247,knn,{'n_neighbors': 49},0.5649443707073439,0.10410459360152224,0.14996689730840276,0.195895190117659,0.5771833108575225,0.09430805029332322,0.5743687771479941,0.1569279879460761,0.5777604976671851,0.5786017856235774,"{0: 0.608924973331753, 1: 0.608924973331753}","{0: 0.608924973331753, 1: 0.608924973331753}",0.608924973331753,"[[426 211]
 [332 317]]",[0. 0. 0. ... 0. 0. 1.],[0. 1. 1. ... 1. 0. 0.]
705,logistic_regression,"{'penalty': None, 'solver': 'saga'}",0.5646688255596078,0.09829289683306357,0.14958610934733224,0.188816567155578,0.5769791104465408,0.09162959460708091,0.5760541720894456,0.1600088861629404,0.5793157076205288,0.5801426176728841,"{0: 0.6026830312544598, 1: 0.6026830312544598}","{0: 0.6026830312544598, 1: 0.6026830312544598}",0.6026830312544598,"[[426 211]
 [330 319]]",[0. 0. 0. ... 0. 1. 1.],[0. 1. 1. ... 1. 0. 0.]
170,logistic_regression,"{'penalty': None, 'solver': 'saga'}",0.5646688255596078,0.09829289683306357,0.14958610934733224,0.188816567155578,0.5769791104465408,0.09162959460708091,0.5760541720894456,0.1600088861629404,0.5793157076205288,0.5801426176728841,"{0: 0.602678193477225, 1: 0.602678193477225}","{0: 0.602678193477225, 1: 0.602678193477225}",0.602678193477225,"[[426 211]
 [330 319]]",[0. 0. 0. ... 0. 1. 1.],[0. 1. 1. ... 1. 0. 0.]
15,logistic_regression,"{'penalty': None, 'solver': 'saga'}",0.5646688255596078,0.09829289683306357,0.14958610934733224,0.188816567155578,0.5769791104465408,0.09162959460708091,0.5760541720894456,0.1600088861629404,0.5793157076205288,0.5801426176728841,"{0: 0.6026733556999901, 1: 0.60267335569999}","{0: 0.6026733556999901, 1: 0.60267335569999}",0.60267335569999,"[[426 211]
 [330 319]]",[0. 0. 0. ... 0. 1. 1.],[0. 1. 1. ... 1. 0. 0.]
528,logistic_regression,"{'penalty': None, 'solver': 'saga'}",0.5646688255596078,0.09829289683306357,0.14958610934733224,0.188816567155578,0.5769791104465408,0.09162959460708091,0.5760541720894456,0.1600088861629404,0.5793157076205288,0.5801426176728841,"{0: 0.6026419101479635, 1: 0.6026419101479634}","{0: 0.6026419101479635, 1: 0.6026419101479634}",0.6026419101479634,"[[426 211]
 [330 319]]",[0. 0. 0. ... 0. 1. 1.],[0. 1. 1. ... 1. 0. 0.]
653,logistic_regression,"{'penalty': None, 'solver': 'saga'}",0.5646688255596078,0.09829289683306357,0.14958610934733224,0.188816567155578,0.5769791104465408,0.09162959460708091,0.5760541720894456,0.1600088861629404,0.5793157076205288,0.5801426176728841,"{0: 0.6026854501430772, 1: 0.6026854501430772}","{0: 0.6026854501430772, 1: 0.6026854501430772}",0.6026854501430772,"[[426 211]
 [330 319]]",[0. 0. 0. ... 0. 1. 1.],[0. 1. 1. ... 1. 0. 0.]
758,logistic_regression,"{'penalty': None, 'solver': 'saga'}",0.5646688255596078,0.09829289683306357,0.14958610934733224,0.188816567155578,0.5769791104465408,0.09162959460708091,0.5760541720894456,0.1600088861629404,0.5793157076205288,0.5801426176728841,"{0: 0.60267335569999, 1: 0.60267335569999}","{0: 0.60267335569999, 1: 0.60267335569999}",0.60267335569999,"[[426 211]
 [330 319]]",[0. 0. 0. ... 0. 1. 1.],[0. 1. 1. ... 1. 0. 0.]
143,SVC,"{'C': 10, 'gamma': 0.001, 'kernel': 'rbf'}",0.5593601881920676,0.09072751190460787,0.1489938074797247,0.16841252967867548,0.5757030608552703,0.0806117052447038,0.583893611578944,0.18560665458817738,0.5917573872472783,0.5930498073355216,"{0: 0.6072994801808361, 1: 0.6072994801808361}","{0: 0.6072994801808361, 1: 0.6072994801808361}",0.6072994801808361,"[[466 171]
 [354 295]]",[0. 0. 0. ... 0. 0. 1.],[0. 1. 1. ... 1. 0. 0.]
32,SVC,"{'C': 10, 'gamma': 0.001, 'kernel': 'sigmoid'}",0.5568951151208639,0.09097366960333558,0.1487477757200866,0.1702781992871703,0.5754021152103642,0.08115267045470852,0.5823055187018007,0.1890847184611637,0.5933125972006221,0.5948373660238067,"{0: 0.5959548925650621, 1: 0.5959548925650621}","{0: 0.5959548925650621, 1: 0.5959548925650621}",0.5959548925650621,"[[483 154]
 [369 280]]",[0. 0. 0. ... 0. 0. 1.],[0. 1. 1. ... 1. 0. 0.]
359,AdaBoost,"{'algorithm': 'SAMME', 'learning_rate': 0.9163265306122448, 'n_estimators': 74}",0.5697187294572789,0.10008754824958443,0.1486504215370825,0.19664596961466252,0.5760729386478803,0.0961900857192201,0.5791393787530932,0.158960956067416,0.5793157076205288,0.5795185444095856,"{0: 0.6158442042219282, 1: 0.6158442042219281}","{0: 0.6158442042219282, 1: 0.6158442042219281}",0.6158442042219281,"[[383 254]
 [287 362]]",[1. 1. 0. ... 0. 0. 1.],[0. 1. 1. ... 1. 0. 0.]
312,SVC,"{'C': 100, 'gamma': 0.001, 'kernel': 'sigmoid'}",0.5603505446688626,0.09248435659027741,0.1484847053063454,0.17055810696406806,0.5757343694431106,0.08272971747877245,0.5750876561087022,0.1652353110091721,0.5816485225505443,0.5828166990394593,"{0: 0.5957916175833852, 1: 0.5957916175833852}","{0: 0.5957916175833852, 1: 0.5957916175833852}",0.5957916175833852,"[[451 186]
 [352 297]]",[0. 0. 0. ... 0. 0. 1.],[0. 1. 1. ... 1. 0. 0.]
223,SVC,"{'C': 100, 'gamma': 0.0001, 'kernel': 'sigmoid'}",0.5561774130996956,0.08985829277684852,0.14731408546470245,0.1680653590138376,0.5746912628443395,0.08005086471814173,0.5813981848558871,0.18754596596649697,0.5925349922239502,0.5940669499991533,"{0: 0.5981524528740024, 1: 0.5981524528740025}","{0: 0.5981524528740024, 1: 0.5981524528740025}",0.5981524528740025,"[[483 154]
 [370 279]]",[0. 0. 0. ... 0. 0. 1.],[0. 1. 1. ... 1. 0. 0.]
750,SVC,"{'C': 0.1, 'gamma': 0.01, 'kernel': 'sigmoid'}",0.5558629516422409,0.08422035696936728,0.14639345270741905,0.15363682293524897,0.5738227124806573,0.0739677011437824,0.5761595062553617,0.17829061106784372,0.5878693623639192,0.5894299405195289,"{0: 0.5613345492280116, 1: 0.5613345492280117}","{0: 0.5613345492280116, 1: 0.5613345492280117}",0.5613345492280117,"[[482 155]
 [375 274]]",[0. 0. 0. ... 0. 0. 1.],[0. 1. 1. ... 1. 0. 0.]
19,logistic_regression,"{'penalty': 'l2', 'solver': 'sag'}",0.5629706041787491,0.09947389092607353,0.14603261394249883,0.19101203037646455,0.5751951049783249,0.09278199027327876,0.5737616417296795,0.15533865705916872,0.5769828926905132,0.5778023429355148,"{0: 0.6026007890414671, 1: 0.6026007890414671}","{0: 0.6026007890414671, 1: 0.6026007890414671}",0.6026007890414671,"[[424 213]
 [331 318]]",[0. 0. 0. ... 0. 1. 1.],[0. 1. 1. ... 1. 0. 0.]
55,logistic_regression,"{'penalty': 'l2', 'solver': 'sag'}",0.5629706041787491,0.09947389092607353,0.14603261394249883,0.19101203037646455,0.5751951049783249,0.09278199027327876,0.5737616417296795,0.15533865705916872,0.5769828926905132,0.5778023429355148,"{0: 0.6026032079300845, 1: 0.6026032079300845}","{0: 0.6026032079300845, 1: 0.6026032079300845}",0.6026032079300845,"[[424 213]
 [331 318]]",[0. 0. 0. ... 0. 1. 1.],[0. 1. 1. ... 1. 0. 0.]
210,logistic_regression,"{'penalty': 'l2', 'solver': 'sag'}",0.5629706041787491,0.09947389092607353,0.14603261394249883,0.19101203037646455,0.5751951049783249,0.09278199027327876,0.5737616417296795,0.15533865705916872,0.5769828926905132,0.5778023429355148,"{0: 0.6026007890414671, 1: 0.6026007890414671}","{0: 0.6026007890414671, 1: 0.6026007890414671}",0.6026007890414671,"[[424 213]
 [331 318]]",[0. 0. 0. ... 0. 1. 1.],[0. 1. 1. ... 1. 0. 0.]
179,logistic_regression,"{'penalty': 'l2', 'solver': 'sag'}",0.5629706041787491,0.09947389092607353,0.14603261394249883,0.19101203037646455,0.5751951049783249,0.09278199027327876,0.5737616417296795,0.15533865705916872,0.5769828926905132,0.5778023429355148,"{0: 0.6026153023731716, 1: 0.6026153023731716}","{0: 0.6026153023731716, 1: 0.6026153023731716}",0.6026153023731716,"[[424 213]
 [331 318]]",[0. 0. 0. ... 0. 1. 1.],[0. 1. 1. ... 1. 0. 0.]
480,AdaBoost,"{'algorithm': 'SAMME', 'learning_rate': 1.1612244897959183, 'n_estimators': 63}",0.5653432393613137,0.10200795466451001,0.1459400438876118,0.20474276184901982,0.5731579112464049,0.09879817254618492,0.5814298851783154,0.1636611552865006,0.5816485225505443,0.5818733324786594,"{0: 0.6147557043440821, 1: 0.614755704344082}","{0: 0.6147557043440821, 1: 0.614755704344082}",0.614755704344082,"[[386 251]
 [287 362]]",[0. 1. 0. ... 0. 0. 1.],[0. 1. 1. ... 1. 0. 0.]
970,logistic_regression,"{'penalty': 'l2', 'solver': 'saga'}",0.5623070463595429,0.10126765142897311,0.14583033895608705,0.19454817155966947,0.5749794427839393,0.09469171214788324,0.5743687771479941,0.1569279879460761,0.5777604976671851,0.5786017856235774,"{0: 0.6032417945250874, 1: 0.6032417945250874}","{0: 0.6032417945250874, 1: 0.6032417945250874}",0.6032417945250874,"[[426 211]
 [332 317]]",[0. 0. 0. ... 0. 1. 1.],[0. 1. 1. ... 1. 0. 0.]
274,logistic_regression,"{'penalty': 'l2', 'solver': 'saga'}",0.5623070463595429,0.10126765142897311,0.14583033895608705,0.19454817155966947,0.5749794427839393,0.09469171214788324,0.5743687771479941,0.1569279879460761,0.5777604976671851,0.5786017856235774,"{0: 0.6032272811933829, 1: 0.6032272811933829}","{0: 0.6032272811933829, 1: 0.6032272811933829}",0.6032272811933829,"[[426 211]
 [332 317]]",[0. 0. 0. ... 0. 1. 1.],[0. 1. 1. ... 1. 0. 0.]
441,logistic_regression,"{'penalty': 'l2', 'solver': 'saga'}",0.5623070463595429,0.10126765142897311,0.14583033895608705,0.19454817155966947,0.5749794427839393,0.09469171214788324,0.5743687771479941,0.1569279879460761,0.5777604976671851,0.5786017856235774,"{0: 0.6032563078567921, 1: 0.6032563078567921}","{0: 0.6032563078567921, 1: 0.6032563078567921}",0.6032563078567921,"[[426 211]
 [332 317]]",[0. 0. 0. ... 0. 1. 1.],[0. 1. 1. ... 1. 0. 0.]
4,logistic_regression,"{'penalty': 'l2', 'solver': 'saga'}",0.5623070463595429,0.10126765142897311,0.14583033895608705,0.19454817155966947,0.5749794427839393,0.09469171214788324,0.5743687771479941,0.1569279879460761,0.5777604976671851,0.5786017856235774,"{0: 0.6032272811933829, 1: 0.6032272811933828}","{0: 0.6032272811933829, 1: 0.6032272811933828}",0.6032272811933828,"[[426 211]
 [332 317]]",[0. 0. 0. ... 0. 1. 1.],[0. 1. 1. ... 1. 0. 0.]
103,logistic_regression,"{'penalty': 'l2', 'solver': 'saga'}",0.5623070463595429,0.10126765142897311,0.14583033895608705,0.19454817155966947,0.5749794427839393,0.09469171214788324,0.5743687771479941,0.1569279879460761,0.5777604976671851,0.5786017856235774,"{0: 0.6032490511909399, 1: 0.6032490511909399}","{0: 0.6032490511909399, 1: 0.6032490511909399}",0.6032490511909399,"[[426 211]
 [332 317]]",[0. 0. 0. ... 0. 1. 1.],[0. 1. 1. ... 1. 0. 0.]
374,logistic_regression,"{'penalty': 'l2', 'solver': 'saga'}",0.5623070463595429,0.10126765142897311,0.14583033895608705,0.19454817155966947,0.5749794427839393,0.09469171214788324,0.5743687771479941,0.1569279879460761,0.5777604976671851,0.5786017856235774,"{0: 0.6032804967429665, 1: 0.6032804967429664}","{0: 0.6032804967429665, 1: 0.6032804967429664}",0.6032804967429664,"[[426 211]
 [332 317]]",[0. 0. 0. ... 0. 1. 1.],[0. 1. 1. ... 1. 0. 0.]
857,logistic_regression,"{'penalty': 'l2', 'solver': 'saga'}",0.5623070463595429,0.10126765142897311,0.14583033895608705,0.19454817155966947,0.5749794427839393,0.09469171214788324,0.5743687771479941,0.1569279879460761,0.5777604976671851,0.5786017856235774,"{0: 0.6032490511909397, 1: 0.6032490511909399}","{0: 0.6032490511909397, 1: 0.6032490511909399}",0.6032490511909399,"[[426 211]
 [332 317]]",[0. 0. 0. ... 0. 1. 1.],[0. 1. 1. ... 1. 0. 0.]
319,logistic_regression,"{'penalty': 'l2', 'solver': 'saga'}",0.5623070463595429,0.10126765142897311,0.14583033895608705,0.19454817155966947,0.5749794427839393,0.09469171214788324,0.5743687771479941,0.1569279879460761,0.5777604976671851,0.5786017856235774,"{0: 0.6032442134137049, 1: 0.6032442134137049}","{0: 0.6032442134137049, 1: 0.6032442134137049}",0.6032442134137049,"[[426 211]
 [332 317]]",[0. 0. 0. ... 0. 1. 1.],[0. 1. 1. ... 1. 0. 0.]
614,logistic_regression,"{'penalty': 'l2', 'solver': 'saga'}",0.5623070463595429,0.10126765142897311,0.14583033895608705,0.19454817155966947,0.5749794427839393,0.09469171214788324,0.5743687771479941,0.1569279879460761,0.5777604976671851,0.5786017856235774,"{0: 0.6032732400771141, 1: 0.6032732400771142}","{0: 0.6032732400771141, 1: 0.6032732400771142}",0.6032732400771142,"[[426 211]
 [332 317]]",[0. 0. 0. ... 0. 1. 1.],[0. 1. 1. ... 1. 0. 0.]
230,logistic_regression,"{'penalty': 'l2', 'solver': 'saga'}",0.5623070463595429,0.10126765142897311,0.14583033895608705,0.19454817155966947,0.5749794427839393,0.09469171214788324,0.5743687771479941,0.1569279879460761,0.5777604976671851,0.5786017856235774,"{0: 0.6032853345202013, 1: 0.6032853345202013}","{0: 0.6032853345202013, 1: 0.6032853345202013}",0.6032853345202013,"[[426 211]
 [332 317]]",[0. 0. 0. ... 0. 1. 1.],[0. 1. 1. ... 1. 0. 0.]
122,logistic_regression,"{'penalty': 'l2', 'solver': 'saga'}",0.5623070463595429,0.10126765142897311,0.14583033895608705,0.19454817155966947,0.5749794427839393,0.09469171214788324,0.5743687771479941,0.1569279879460761,0.5777604976671851,0.5786017856235774,"{0: 0.6032563078567921, 1: 0.6032563078567921}","{0: 0.6032563078567921, 1: 0.6032563078567921}",0.6032563078567921,"[[426 211]
 [332 317]]",[0. 0. 0. ... 0. 1. 1.],[0. 1. 1. ... 1. 0. 0.]
76,logistic_regression,"{'penalty': 'l2', 'solver': 'saga'}",0.5623070463595429,0.10126765142897311,0.14583033895608705,0.19454817155966947,0.5749794427839393,0.09469171214788324,0.5743687771479941,0.1569279879460761,0.5777604976671851,0.5786017856235774,"{0: 0.6032877534088188, 1: 0.6032877534088188}","{0: 0.6032877534088188, 1: 0.6032877534088188}",0.6032877534088188,"[[426 211]
 [332 317]]",[0. 0. 0. ... 0. 1. 1.],[0. 1. 1. ... 1. 0. 0.]
490,logistic_regression,"{'penalty': 'l2', 'solver': 'saga'}",0.5623070463595429,0.10126765142897311,0.14583033895608705,0.19454817155966947,0.5749794427839393,0.09469171214788324,0.5743687771479941,0.1569279879460761,0.5777604976671851,0.5786017856235774,"{0: 0.6032466323023223, 1: 0.6032466323023224}","{0: 0.6032466323023223, 1: 0.6032466323023224}",0.6032466323023224,"[[426 211]
 [332 317]]",[0. 0. 0. ... 0. 1. 1.],[0. 1. 1. ... 1. 0. 0.]
914,logistic_regression,"{'penalty': 'l2', 'solver': 'saga'}",0.5623070463595429,0.10126765142897311,0.14583033895608705,0.19454817155966947,0.5749794427839393,0.09469171214788324,0.5743687771479941,0.1569279879460761,0.5777604976671851,0.5786017856235774,"{0: 0.6032272811933829, 1: 0.6032272811933829}","{0: 0.6032272811933829, 1: 0.6032272811933829}",0.6032272811933829,"[[426 211]
 [332 317]]",[0. 0. 0. ... 0. 1. 1.],[0. 1. 1. ... 1. 0. 0.]
489,AdaBoost,"{'algorithm': 'SAMME', 'learning_rate': 1.4061224489795918, 'n_estimators': 74}",0.56549700710393,0.07734648036622575,0.1454125393915236,0.1540331595853955,0.5723917562462059,0.07553124875914233,0.5746282157594162,0.14943593340023953,0.5746500777604977,0.574736401612915,"{0: 0.6016586319249757, 1: 0.6016586319249758}","{0: 0.6016586319249757, 1: 0.6016586319249758}",0.6016586319249758,"[[372 265]
 [282 367]]",[0. 1. 0. ... 0. 0. 1.],[0. 1. 1. ... 1. 0. 0.]
392,AdaBoost,"{'algorithm': 'SAMME', 'learning_rate': 1.4061224489795918, 'n_estimators': 74}",0.56549700710393,0.07734648036622575,0.1454125393915236,0.1540331595853955,0.5723917562462059,0.07553124875914233,0.5746282157594162,0.14943593340023953,0.5746500777604977,0.574736401612915,"{0: 0.6016586319249757, 1: 0.6016586319249758}","{0: 0.6016586319249757, 1: 0.6016586319249758}",0.6016586319249758,"[[372 265]
 [282 367]]",[0. 1. 0. ... 0. 0. 1.],[0. 1. 1. ... 1. 0. 0.]
948,AdaBoost,"{'algorithm': 'SAMME.R', 'learning_rate': 0.1816326530612245, 'n_estimators': 96}",0.5686060118199202,0.09726844048729517,0.145055284900505,0.19022099747297533,0.5742100698536485,0.09379686188370619,0.5729903082941133,0.146449857945959,0.573094867807154,0.5732536228904268,"{0: 0.5933025811960436, 1: 0.5933025811960437}","{0: 0.5933025811960436, 1: 0.5933025811960437}",0.5933025811960437,"[[376 261]
 [288 361]]",[1. 1. 0. ... 0. 0. 1.],[0. 1. 1. ... 1. 0. 0.]
681,AdaBoost,"{'algorithm': 'SAMME.R', 'learning_rate': 0.1816326530612245, 'n_estimators': 96}",0.5686060118199202,0.09726844048729517,0.145055284900505,0.19022099747297533,0.5742100698536485,0.09379686188370619,0.5729903082941133,0.146449857945959,0.573094867807154,0.5732536228904268,"{0: 0.5933025811960436, 1: 0.5933025811960437}","{0: 0.5933025811960436, 1: 0.5933025811960437}",0.5933025811960437,"[[376 261]
 [288 361]]",[1. 1. 0. ... 0. 0. 1.],[0. 1. 1. ... 1. 0. 0.]
971,AdaBoost,"{'algorithm': 'SAMME.R', 'learning_rate': 0.1816326530612245, 'n_estimators': 96}",0.5686060118199202,0.09726844048729517,0.145055284900505,0.19022099747297533,0.5742100698536485,0.09379686188370619,0.5729903082941133,0.146449857945959,0.573094867807154,0.5732536228904268,"{0: 0.5933025811960436, 1: 0.5933025811960437}","{0: 0.5933025811960436, 1: 0.5933025811960437}",0.5933025811960437,"[[376 261]
 [288 361]]",[1. 1. 0. ... 0. 0. 1.],[0. 1. 1. ... 1. 0. 0.]
38,SVC,"{'C': 1, 'gamma': 0.01, 'kernel': 'sigmoid'}",0.5535870712221448,0.09242495523108989,0.14504756101901578,0.16902786624433522,0.5736083720149716,0.0798248444626416,0.5798209316024359,0.18607791180732536,0.5917573872472783,0.593340073969614,"{0: 0.5900491760055925, 1: 0.5900491760055925}","{0: 0.5900491760055925, 1: 0.5900491760055925}",0.5900491760055925,"[[486 151]
 [374 275]]",[0. 0. 0. ... 0. 0. 1.],[0. 1. 1. ... 1. 0. 0.]
867,knn,{'n_neighbors': 27},0.5643007710073635,0.08416658609084264,0.14480973458287813,0.16215543247944333,0.5734765006392634,0.07908172215427293,0.5723270152855157,0.15047135517935173,0.5746500777604977,0.5753459615445088,"{0: 0.6015352686054865, 1: 0.6015352686054866}","{0: 0.6015352686054865, 1: 0.6015352686054866}",0.6015352686054866,"[[414 223]
 [324 325]]",[0. 0. 0. ... 0. 0. 1.],[0. 1. 1. ... 1. 0. 0.]
486,knn,{'n_neighbors': 27},0.5643007710073635,0.08416658609084264,0.14480973458287813,0.16215543247944333,0.5734765006392634,0.07908172215427293,0.5723270152855157,0.15047135517935173,0.5746500777604977,0.5753459615445088,"{0: 0.6015352686054865, 1: 0.6015352686054866}","{0: 0.6015352686054865, 1: 0.6015352686054866}",0.6015352686054866,"[[414 223]
 [324 325]]",[0. 0. 0. ... 0. 0. 1.],[0. 1. 1. ... 1. 0. 0.]
166,knn,{'n_neighbors': 27},0.5643007710073635,0.08416658609084264,0.14480973458287813,0.16215543247944333,0.5734765006392634,0.07908172215427293,0.5723270152855157,0.15047135517935173,0.5746500777604977,0.5753459615445088,"{0: 0.6015352686054865, 1: 0.6015352686054866}","{0: 0.6015352686054865, 1: 0.6015352686054866}",0.6015352686054866,"[[414 223]
 [324 325]]",[0. 0. 0. ... 0. 0. 1.],[0. 1. 1. ... 1. 0. 0.]
282,AdaBoost,"{'algorithm': 'SAMME', 'learning_rate': 1.1612244897959183, 'n_estimators': 96}",0.5646896028273367,0.09466111835406185,0.1443060254683811,0.1897755420289018,0.5730640613511173,0.08973071848200578,0.5792818747483381,0.15879011527663256,0.5793157076205288,0.5794169510876532,"{0: 0.603183741198269, 1: 0.6031837411982691}","{0: 0.603183741198269, 1: 0.6031837411982691}",0.6031837411982691,"[[376 261]
 [280 369]]",[0. 1. 0. ... 0. 0. 1.],[0. 1. 1. ... 1. 0. 0.]
255,AdaBoost,"{'algorithm': 'SAMME', 'learning_rate': 1.079591836734694, 'n_estimators': 74}",0.5631767168253257,0.10146256672950549,0.14427980118500217,0.2013838206268003,0.571090715040841,0.09945678570819161,0.5775549030479386,0.15587624479296358,0.5777604976671851,0.577977712360279,"{0: 0.6089056222228135, 1: 0.6089056222228135}","{0: 0.6089056222228135, 1: 0.6089056222228135}",0.6089056222228135,"[[383 254]
 [289 360]]",[0. 1. 0. ... 0. 0. 1.],[0. 1. 1. ... 1. 0. 0.]
152,AdaBoost,"{'algorithm': 'SAMME', 'learning_rate': 1.079591836734694, 'n_estimators': 74}",0.5631767168253257,0.10146256672950549,0.14427980118500217,0.2013838206268003,0.571090715040841,0.09945678570819161,0.5775549030479386,0.15587624479296358,0.5777604976671851,0.577977712360279,"{0: 0.6089056222228135, 1: 0.6089056222228135}","{0: 0.6089056222228135, 1: 0.6089056222228135}",0.6089056222228135,"[[383 254]
 [289 360]]",[0. 1. 0. ... 0. 0. 1.],[0. 1. 1. ... 1. 0. 0.]
29,knn,{'n_neighbors': 35},0.5621242388416723,0.10004904072228153,0.14413169362111222,0.19275348295080943,0.5736291758402148,0.09392166091278842,0.5812005327442764,0.16922857715556694,0.5839813374805599,0.5847506004890993,"{0: 0.6075365312653449, 1: 0.6075365312653448}","{0: 0.6075365312653449, 1: 0.6075365312653448}",0.6075365312653448,"[[425 212]
 [323 326]]",[0. 0. 0. ... 0. 0. 1.],[0. 1. 1. ... 1. 0. 0.]
648,knn,{'n_neighbors': 35},0.5621242388416723,0.10004904072228153,0.14413169362111222,0.19275348295080943,0.5736291758402148,0.09392166091278842,0.5812005327442764,0.16922857715556694,0.5839813374805599,0.5847506004890993,"{0: 0.6075365312653449, 1: 0.6075365312653448}","{0: 0.6075365312653449, 1: 0.6075365312653448}",0.6075365312653448,"[[425 212]
 [323 326]]",[0. 0. 0. ... 0. 0. 1.],[0. 1. 1. ... 1. 0. 0.]
327,knn,{'n_neighbors': 35},0.5621242388416723,0.10004904072228153,0.14413169362111222,0.19275348295080943,0.5736291758402148,0.09392166091278842,0.5812005327442764,0.16922857715556694,0.5839813374805599,0.5847506004890993,"{0: 0.6075365312653449, 1: 0.6075365312653448}","{0: 0.6075365312653449, 1: 0.6075365312653448}",0.6075365312653448,"[[425 212]
 [323 326]]",[0. 0. 0. ... 0. 0. 1.],[0. 1. 1. ... 1. 0. 0.]
107,SVC,"{'C': 0.1, 'gamma': 0.01, 'kernel': 'sigmoid'}",0.5545654405202873,0.0904736139303346,0.14373818350848555,0.1671144893487687,0.5719027995744049,0.08156012892988693,0.5754722755778744,0.1767283056082677,0.5870917573872473,0.5886450111631709,"{0: 0.5631608101341757, 1: 0.5631608101341758}","{0: 0.5631608101341757, 1: 0.5631608101341758}",0.5631608101341758,"[[481 156]
 [375 274]]",[0. 0. 0. ... 0. 0. 1.],[0. 1. 1. ... 1. 0. 0.]
239,AdaBoost,"{'algorithm': 'SAMME', 'learning_rate': 1.3244897959183672, 'n_estimators': 85}",0.5622151513050103,0.08952505436177498,0.1436236544345447,0.17469211516842928,0.5718072359067395,0.08524071300909002,0.575263338391926,0.1511756385923767,0.5754276827371695,0.5756229242912052,"{0: 0.5936484822683369, 1: 0.593648482268337}","{0: 0.5936484822683369, 1: 0.593648482268337}",0.593648482268337,"[[380 257]
 [289 360]]",[0. 1. 0. ... 0. 0. 1.],[0. 1. 1. ... 1. 0. 0.]
880,AdaBoost,"{'algorithm': 'SAMME.R', 'learning_rate': 0.3448979591836735, 'n_estimators': 30}",0.5679813929627588,0.10285644427586678,0.14347880995359466,0.20273519051400726,0.5733450361324045,0.10049142868573491,0.5722758841560976,0.14480827406760766,0.5723172628304821,0.5724251535389551,"{0: 0.5957613814756673, 1: 0.5957613814756672}","{0: 0.5957613814756673, 1: 0.5957613814756672}",0.5957613814756672,"[[372 265]
 [285 364]]",[1. 1. 0. ... 0. 0. 1.],[0. 1. 1. ... 1. 0. 0.]
795,AdaBoost,"{'algorithm': 'SAMME.R', 'learning_rate': 0.3448979591836735, 'n_estimators': 30}",0.5679813929627588,0.10285644427586678,0.14347880995359466,0.20273519051400726,0.5733450361324045,0.10049142868573491,0.5722758841560976,0.14480827406760766,0.5723172628304821,0.5724251535389551,"{0: 0.5957613814756673, 1: 0.5957613814756672}","{0: 0.5957613814756673, 1: 0.5957613814756672}",0.5957613814756672,"[[372 265]
 [285 364]]",[1. 1. 0. ... 0. 0. 1.],[0. 1. 1. ... 1. 0. 0.]
624,AdaBoost,"{'algorithm': 'SAMME.R', 'learning_rate': 0.3448979591836735, 'n_estimators': 30}",0.5679813929627588,0.10285644427586678,0.14347880995359466,0.20273519051400726,0.5733450361324045,0.10049142868573491,0.5722758841560976,0.14480827406760766,0.5723172628304821,0.5724251535389551,"{0: 0.5957613814756673, 1: 0.5957613814756672}","{0: 0.5957613814756673, 1: 0.5957613814756672}",0.5957613814756672,"[[372 265]
 [285 364]]",[1. 1. 0. ... 0. 0. 1.],[0. 1. 1. ... 1. 0. 0.]
704,AdaBoost,"{'algorithm': 'SAMME.R', 'learning_rate': 0.3448979591836735, 'n_estimators': 30}",0.5679813929627588,0.10285644427586678,0.14347880995359466,0.20273519051400726,0.5733450361324045,0.10049142868573491,0.5722758841560976,0.14480827406760766,0.5723172628304821,0.5724251535389551,"{0: 0.5957613814756673, 1: 0.5957613814756672}","{0: 0.5957613814756673, 1: 0.5957613814756672}",0.5957613814756672,"[[372 265]
 [285 364]]",[1. 1. 0. ... 0. 0. 1.],[0. 1. 1. ... 1. 0. 0.]
848,SVC,"{'C': 0.1, 'gamma': 1, 'kernel': 'rbf'}",0.5522440140316152,0.10131710829694497,0.143105430429192,0.17037233162546558,0.571923772478255,0.08590827133122708,0.5615446168692431,0.13628285110891825,0.5692068429237948,0.5679792362601079,"{0: 0.5816314436169158, 1: 0.5816314436169159}","{0: 0.5816314436169158, 1: 0.5816314436169159}",0.5816314436169159,"[[278 359]
 [195 454]]",[0. 1. 0. ... 1. 1. 1.],[0. 1. 1. ... 1. 0. 0.]
394,knn,{'n_neighbors': 33},0.5616415049413733,0.09799824836635979,0.142869453085249,0.18901428015509553,0.5728086265585975,0.09210294597079466,0.5746028985336731,0.15687912777851565,0.5777604976671851,0.5785727589601681,"{0: 0.6046459593675091, 1: 0.604645959367509}","{0: 0.6046459593675091, 1: 0.604645959367509}",0.604645959367509,"[[424 213]
 [330 319]]",[0. 0. 0. ... 0. 0. 1.],[0. 1. 1. ... 1. 0. 0.]
837,knn,{'n_neighbors': 33},0.5616415049413733,0.09799824836635979,0.142869453085249,0.18901428015509553,0.5728086265585975,0.09210294597079466,0.5746028985336731,0.15687912777851565,0.5777604976671851,0.5785727589601681,"{0: 0.6046459593675091, 1: 0.604645959367509}","{0: 0.6046459593675091, 1: 0.604645959367509}",0.604645959367509,"[[424 213]
 [330 319]]",[0. 0. 0. ... 0. 0. 1.],[0. 1. 1. ... 1. 0. 0.]
186,knn,{'n_neighbors': 33},0.5616415049413733,0.09799824836635979,0.142869453085249,0.18901428015509553,0.5728086265585975,0.09210294597079466,0.5746028985336731,0.15687912777851565,0.5777604976671851,0.5785727589601681,"{0: 0.6046459593675091, 1: 0.604645959367509}","{0: 0.6046459593675091, 1: 0.604645959367509}",0.604645959367509,"[[424 213]
 [330 319]]",[0. 0. 0. ... 0. 0. 1.],[0. 1. 1. ... 1. 0. 0.]
79,AdaBoost,"{'algorithm': 'SAMME.R', 'learning_rate': 0.42653061224489797, 'n_estimators': 96}",0.5678772397010649,0.09530451670604949,0.14284532306997527,0.18843708601228523,0.5722508532491686,0.09293420000712176,0.5785217923961633,0.15719851321252976,0.578538102643857,0.5786175083995907,"{0: 0.589605309944293, 1: 0.589605309944293}","{0: 0.589605309944293, 1: 0.589605309944293}",0.589605309944293,"[[374 263]
 [279 370]]",[0. 1. 0. ... 0. 0. 1.],[0. 1. 1. ... 1. 0. 0.]
272,AdaBoost,"{'algorithm': 'SAMME', 'learning_rate': 1.7326530612244897, 'n_estimators': 30}",0.5660633037615523,0.08595290633390619,0.14271581464340563,0.17349600424587447,0.5712435557404217,0.0858163558525746,0.5737570204015473,0.14801695435718754,0.5738724727838258,0.5740385522467847,"{0: 0.5907954031440714, 1: 0.5907954031440714}","{0: 0.5907954031440714, 1: 0.5907954031440714}",0.5907954031440714,"[[377 260]
 [288 361]]",[1. 0. 0. ... 0. 0. 1.],[0. 1. 1. ... 1. 0. 0.]
356,SVC,"{'C': 1, 'gamma': 0.001, 'kernel': 'sigmoid'}",0.5543986792573183,0.08729218304757687,0.14266343479709584,0.1566265721446996,0.5719224587589963,0.0759880168252157,0.5743190085431354,0.17357964615640586,0.5855365474339036,0.5870606391187505,"{0: 0.5614337236613266, 1: 0.5614337236613265}","{0: 0.5614337236613266, 1: 0.5614337236613265}",0.5614337236613265,"[[478 159]
 [374 275]]",[0. 0. 0. ... 0. 0. 1.],[0. 1. 1. ... 1. 0. 0.]
134,SVC,"{'C': 1000, 'gamma': 0.0001, 'kernel': 'sigmoid'}",0.5564151427683277,0.08793994535565493,0.14211852940640635,0.16223985088850648,0.5719446207349833,0.07811430623628136,0.5765000413555701,0.16836260710726536,0.583203732503888,0.5843865577521752,"{0: 0.5994671188375789, 1: 0.599467118837579}","{0: 0.5994671188375789, 1: 0.599467118837579}",0.599467118837579,"[[453 184]
 [352 297]]",[0. 0. 0. ... 0. 0. 1.],[0. 1. 1. ... 1. 0. 0.]
930,AdaBoost,"{'algorithm': 'SAMME.R', 'learning_rate': 0.1816326530612245, 'n_estimators': 85}",0.5671506563099085,0.09469311474713701,0.1419561310875199,0.18554646195606664,0.5730532609556525,0.09097124257534624,0.5729903082941133,0.146449857945959,0.573094867807154,0.5732536228904268,"{0: 0.5932723450883257, 1: 0.5932723450883257}","{0: 0.5932723450883257, 1: 0.5932723450883257}",0.5932723450883257,"[[376 261]
 [288 361]]",[1. 1. 0. ... 0. 0. 1.],[0. 1. 1. ... 1. 0. 0.]
706,AdaBoost,"{'algorithm': 'SAMME.R', 'learning_rate': 0.1816326530612245, 'n_estimators': 85}",0.5671506563099085,0.09469311474713701,0.1419561310875199,0.18554646195606664,0.5730532609556525,0.09097124257534624,0.5729903082941133,0.146449857945959,0.573094867807154,0.5732536228904268,"{0: 0.5932723450883257, 1: 0.5932723450883257}","{0: 0.5932723450883257, 1: 0.5932723450883257}",0.5932723450883257,"[[376 261]
 [288 361]]",[1. 1. 0. ... 0. 0. 1.],[0. 1. 1. ... 1. 0. 0.]
820,AdaBoost,"{'algorithm': 'SAMME.R', 'learning_rate': 0.1816326530612245, 'n_estimators': 85}",0.5671506563099085,0.09469311474713701,0.1419561310875199,0.18554646195606664,0.5730532609556525,0.09097124257534624,0.5729903082941133,0.146449857945959,0.573094867807154,0.5732536228904268,"{0: 0.5932723450883257, 1: 0.5932723450883257}","{0: 0.5932723450883257, 1: 0.5932723450883257}",0.5932723450883257,"[[376 261]
 [288 361]]",[1. 1. 0. ... 0. 0. 1.],[0. 1. 1. ... 1. 0. 0.]
159,AdaBoost,"{'algorithm': 'SAMME', 'learning_rate': 0.9163265306122448, 'n_estimators': 30}",0.5581626093667839,0.10965711329639469,0.14143218428117849,0.21031289808358072,0.5710674163861412,0.102933580874089,0.5757748248432721,0.1583464751384418,0.578538102643857,0.5792996349897076,"{0: 0.6247408765568572, 1: 0.6247408765568572}","{0: 0.6247408765568572, 1: 0.6247408765568572}",0.6247408765568572,"[[421 216]
 [326 323]]",[1. 1. 0. ... 0. 0. 1.],[0. 1. 1. ... 1. 0. 0.]
574,AdaBoost,"{'algorithm': 'SAMME.R', 'learning_rate': 0.9979591836734693, 'n_estimators': 30}",0.5659434591844255,0.08445427475503352,0.14131129803250828,0.1667212657283858,0.5717584119930028,0.08222407143573664,0.5792330273092957,0.15886334125635027,0.5793157076205288,0.5794604910827671,"{0: 0.5822047202192481, 1: 0.582204720219248}","{0: 0.5822047202192481, 1: 0.582204720219248}",0.582204720219248,"[[379 258]
 [283 366]]",[0. 1. 0. ... 0. 0. 1.],[0. 1. 1. ... 1. 0. 0.]
663,AdaBoost,"{'algorithm': 'SAMME.R', 'learning_rate': 0.9979591836734693, 'n_estimators': 30}",0.5659434591844255,0.08445427475503352,0.14131129803250828,0.1667212657283858,0.5717584119930028,0.08222407143573664,0.5792330273092957,0.15886334125635027,0.5793157076205288,0.5794604910827671,"{0: 0.5822047202192481, 1: 0.582204720219248}","{0: 0.5822047202192481, 1: 0.582204720219248}",0.582204720219248,"[[379 258]
 [283 366]]",[0. 1. 0. ... 0. 0. 1.],[0. 1. 1. ... 1. 0. 0.]
752,AdaBoost,"{'algorithm': 'SAMME.R', 'learning_rate': 0.9979591836734693, 'n_estimators': 30}",0.5659434591844255,0.08445427475503352,0.14131129803250828,0.1667212657283858,0.5717584119930028,0.08222407143573664,0.5792330273092957,0.15886334125635027,0.5793157076205288,0.5794604910827671,"{0: 0.5822047202192481, 1: 0.582204720219248}","{0: 0.5822047202192481, 1: 0.582204720219248}",0.582204720219248,"[[379 258]
 [283 366]]",[0. 1. 0. ... 0. 0. 1.],[0. 1. 1. ... 1. 0. 0.]
396,AdaBoost,"{'algorithm': 'SAMME', 'learning_rate': 1.1612244897959183, 'n_estimators': 74}",0.5629945539375315,0.1004770534778255,0.14110249447248183,0.20228189597879245,0.5708080561669391,0.0976481986651588,0.5776570808810629,0.15577827479900863,0.5777604976671851,0.5779196590334605,"{0: 0.6124287334941088, 1: 0.6124287334941088}","{0: 0.6124287334941088, 1: 0.6124287334941088}",0.6124287334941088,"[[379 258]
 [285 364]]",[0. 1. 0. ... 0. 0. 1.],[0. 1. 1. ... 1. 0. 0.]
190,AdaBoost,"{'algorithm': 'SAMME', 'learning_rate': 1.1612244897959183, 'n_estimators': 74}",0.5629945539375315,0.1004770534778255,0.14110249447248183,0.20228189597879245,0.5708080561669391,0.0976481986651588,0.5776570808810629,0.15577827479900863,0.5777604976671851,0.5779196590334605,"{0: 0.6124287334941088, 1: 0.6124287334941088}","{0: 0.6124287334941088, 1: 0.6124287334941088}",0.6124287334941088,"[[379 258]
 [285 364]]",[0. 1. 0. ... 0. 0. 1.],[0. 1. 1. ... 1. 0. 0.]
89,SVC,"{'C': 10, 'gamma': 1, 'kernel': 'rbf'}",0.5650113372310325,0.08646163826798961,0.14080097271122485,0.16540532838878735,0.57341284048291,0.08362890755390236,0.5727277605291634,0.15523731726413115,0.578538102643857,0.5774564418632215,"{0: 0.5789368016970923, 1: 0.5789368016970922}","{0: 0.5789368016970923, 1: 0.5789368016970922}",0.5789368016970922,"[[294 343]
 [199 450]]",[0. 0. 0. ... 0. 0. 1.],[0. 1. 1. ... 1. 0. 0.]
832,AdaBoost,"{'algorithm': 'SAMME.R', 'learning_rate': 0.9979591836734693, 'n_estimators': 52}",0.5672907469698325,0.09506929609403825,0.14060750149955706,0.19212252088638324,0.572578789351206,0.09227071609918638,0.580837209776995,0.16189994849187606,0.5808709175738724,0.5809722964686646,"{0: 0.5728399929368453, 1: 0.5728399929368453}","{0: 0.5728399929368453, 1: 0.5728399929368453}",0.5728399929368453,"[[377 260]
 [279 370]]",[0. 1. 0. ... 0. 0. 1.],[0. 1. 1. ... 1. 0. 0.]
917,AdaBoost,"{'algorithm': 'SAMME.R', 'learning_rate': 0.9979591836734693, 'n_estimators': 52}",0.5672907469698325,0.09506929609403825,0.14060750149955706,0.19212252088638324,0.572578789351206,0.09227071609918638,0.580837209776995,0.16189994849187606,0.5808709175738724,0.5809722964686646,"{0: 0.5728399929368453, 1: 0.5728399929368453}","{0: 0.5728399929368453, 1: 0.5728399929368453}",0.5728399929368453,"[[377 260]
 [279 370]]",[0. 1. 0. ... 0. 0. 1.],[0. 1. 1. ... 1. 0. 0.]
8,logistic_regression,"{'penalty': None, 'solver': 'newton-cg'}",0.5597656515692969,0.09246347708508856,0.13985815452983372,0.17915404343842387,0.5709729183891661,0.08702974820853557,0.570389104721017,0.1491772205387002,0.5738724727838258,0.5747206788369016,"{0: 0.5977968762472394, 1: 0.5977968762472394}","{0: 0.5977968762472394, 1: 0.5977968762472394}",0.5977968762472394,"[[424 213]
 [335 314]]",[0. 0. 0. ... 0. 1. 1.],[0. 1. 1. ... 1. 0. 0.]
956,logistic_regression,"{'penalty': None, 'solver': 'newton-cg'}",0.5597656515692969,0.09246347708508856,0.13985815452983372,0.17915404343842387,0.5709729183891661,0.08702974820853557,0.570389104721017,0.1491772205387002,0.5738724727838258,0.5747206788369016,"{0: 0.5977968762472394, 1: 0.5977968762472394}","{0: 0.5977968762472394, 1: 0.5977968762472394}",0.5977968762472394,"[[424 213]
 [335 314]]",[0. 0. 0. ... 0. 1. 1.],[0. 1. 1. ... 1. 0. 0.]
241,logistic_regression,"{'penalty': None, 'solver': 'newton-cg'}",0.5597656515692969,0.09246347708508856,0.13985815452983372,0.17915404343842387,0.5709729183891661,0.08702974820853557,0.570389104721017,0.1491772205387002,0.5738724727838258,0.5747206788369016,"{0: 0.5977968762472394, 1: 0.5977968762472394}","{0: 0.5977968762472394, 1: 0.5977968762472394}",0.5977968762472394,"[[424 213]
 [335 314]]",[0. 0. 0. ... 0. 1. 1.],[0. 1. 1. ... 1. 0. 0.]
330,logistic_regression,"{'penalty': None, 'solver': 'newton-cg'}",0.5597656515692969,0.09246347708508856,0.13985815452983372,0.17915404343842387,0.5709729183891661,0.08702974820853557,0.570389104721017,0.1491772205387002,0.5738724727838258,0.5747206788369016,"{0: 0.5977968762472394, 1: 0.5977968762472394}","{0: 0.5977968762472394, 1: 0.5977968762472394}",0.5977968762472394,"[[424 213]
 [335 314]]",[0. 0. 0. ... 0. 1. 1.],[0. 1. 1. ... 1. 0. 0.]
13,logistic_regression,"{'penalty': None, 'solver': 'newton-cg'}",0.5597656515692969,0.09246347708508856,0.13985815452983372,0.17915404343842387,0.5709729183891661,0.08702974820853557,0.570389104721017,0.1491772205387002,0.5738724727838258,0.5747206788369016,"{0: 0.5977968762472394, 1: 0.5977968762472394}","{0: 0.5977968762472394, 1: 0.5977968762472394}",0.5977968762472394,"[[424 213]
 [335 314]]",[0. 0. 0. ... 0. 1. 1.],[0. 1. 1. ... 1. 0. 0.]
189,logistic_regression,"{'penalty': None, 'solver': 'newton-cg'}",0.5597656515692969,0.09246347708508856,0.13985815452983372,0.17915404343842387,0.5709729183891661,0.08702974820853557,0.570389104721017,0.1491772205387002,0.5738724727838258,0.5747206788369016,"{0: 0.5977968762472394, 1: 0.5977968762472394}","{0: 0.5977968762472394, 1: 0.5977968762472394}",0.5977968762472394,"[[424 213]
 [335 314]]",[0. 0. 0. ... 0. 1. 1.],[0. 1. 1. ... 1. 0. 0.]
899,logistic_regression,"{'penalty': None, 'solver': 'newton-cg'}",0.5597656515692969,0.09246347708508856,0.13985815452983372,0.17915404343842387,0.5709729183891661,0.08702974820853557,0.570389104721017,0.1491772205387002,0.5738724727838258,0.5747206788369016,"{0: 0.5977968762472394, 1: 0.5977968762472394}","{0: 0.5977968762472394, 1: 0.5977968762472394}",0.5977968762472394,"[[424 213]
 [335 314]]",[0. 0. 0. ... 0. 1. 1.],[0. 1. 1. ... 1. 0. 0.]
844,logistic_regression,"{'penalty': None, 'solver': 'newton-cg'}",0.5597656515692969,0.09246347708508856,0.13985815452983372,0.17915404343842387,0.5709729183891661,0.08702974820853557,0.570389104721017,0.1491772205387002,0.5738724727838258,0.5747206788369016,"{0: 0.5977968762472394, 1: 0.5977968762472394}","{0: 0.5977968762472394, 1: 0.5977968762472394}",0.5977968762472394,"[[424 213]
 [335 314]]",[0. 0. 0. ... 0. 1. 1.],[0. 1. 1. ... 1. 0. 0.]
160,logistic_regression,"{'penalty': None, 'solver': 'newton-cg'}",0.5597656515692969,0.09246347708508856,0.13985815452983372,0.17915404343842387,0.5709729183891661,0.08702974820853557,0.570389104721017,0.1491772205387002,0.5738724727838258,0.5747206788369016,"{0: 0.5977968762472394, 1: 0.5977968762472394}","{0: 0.5977968762472394, 1: 0.5977968762472394}",0.5977968762472394,"[[424 213]
 [335 314]]",[0. 0. 0. ... 0. 1. 1.],[0. 1. 1. ... 1. 0. 0.]
18,logistic_regression,"{'penalty': None, 'solver': 'newton-cg'}",0.5597656515692969,0.09246347708508856,0.13985815452983372,0.17915404343842387,0.5709729183891661,0.08702974820853557,0.570389104721017,0.1491772205387002,0.5738724727838258,0.5747206788369016,"{0: 0.5977968762472394, 1: 0.5977968762472394}","{0: 0.5977968762472394, 1: 0.5977968762472394}",0.5977968762472394,"[[424 213]
 [335 314]]",[0. 0. 0. ... 0. 1. 1.],[0. 1. 1. ... 1. 0. 0.]
51,logistic_regression,"{'penalty': None, 'solver': 'sag'}",0.5596048749381519,0.09376357482156272,0.13912504357495742,0.1818672065073898,0.5711383272986761,0.08815149482282612,0.5746028985336731,0.15687912777851565,0.5777604976671851,0.5785727589601681,"{0: 0.6018001369090958, 1: 0.6018001369090957}","{0: 0.6018001369090958, 1: 0.6018001369090957}",0.6018001369090957,"[[424 213]
 [330 319]]",[0. 0. 0. ... 0. 1. 1.],[0. 1. 1. ... 1. 0. 0.]
552,logistic_regression,"{'penalty': None, 'solver': 'sag'}",0.5596048749381519,0.09376357482156272,0.13912504357495742,0.1818672065073898,0.5711383272986761,0.08815149482282612,0.5746028985336731,0.15687912777851565,0.5777604976671851,0.5785727589601681,"{0: 0.6017590158025994, 1: 0.6017590158025994}","{0: 0.6017590158025994, 1: 0.6017590158025994}",0.6017590158025994,"[[424 213]
 [330 319]]",[0. 0. 0. ... 0. 1. 1.],[0. 1. 1. ... 1. 0. 0.]
871,logistic_regression,"{'penalty': None, 'solver': 'sag'}",0.5596048749381519,0.09376357482156272,0.13912504357495742,0.1818672065073898,0.5711383272986761,0.08815149482282612,0.5746028985336731,0.15687912777851565,0.5777604976671851,0.5785727589601681,"{0: 0.6017541780253646, 1: 0.6017541780253645}","{0: 0.6017541780253646, 1: 0.6017541780253645}",0.6017541780253645,"[[424 213]
 [330 319]]",[0. 0. 0. ... 0. 1. 1.],[0. 1. 1. ... 1. 0. 0.]
627,logistic_regression,"{'penalty': None, 'solver': 'sag'}",0.5596048749381519,0.09376357482156272,0.13912504357495742,0.1818672065073898,0.5711383272986761,0.08815149482282612,0.5746028985336731,0.15687912777851565,0.5777604976671851,0.5785727589601681,"{0: 0.601812231352183, 1: 0.6018122313521829}","{0: 0.601812231352183, 1: 0.6018122313521829}",0.6018122313521829,"[[424 213]
 [330 319]]",[0. 0. 0. ... 0. 1. 1.],[0. 1. 1. ... 1. 0. 0.]
815,logistic_regression,"{'penalty': None, 'solver': 'sag'}",0.5596048749381519,0.09376357482156272,0.13912504357495742,0.1818672065073898,0.5711383272986761,0.08815149482282612,0.5746028985336731,0.15687912777851565,0.5777604976671851,0.5785727589601681,"{0: 0.6017807858001563, 1: 0.6017807858001563}","{0: 0.6017807858001563, 1: 0.6017807858001563}",0.6017807858001563,"[[424 213]
 [330 319]]",[0. 0. 0. ... 0. 1. 1.],[0. 1. 1. ... 1. 0. 0.]
731,logistic_regression,"{'penalty': None, 'solver': 'sag'}",0.5596048749381519,0.09376357482156272,0.13912504357495742,0.1818672065073898,0.5711383272986761,0.08815149482282612,0.5746028985336731,0.15687912777851565,0.5777604976671851,0.5785727589601681,"{0: 0.6017590158025993, 1: 0.6017590158025994}","{0: 0.6017590158025993, 1: 0.6017590158025994}",0.6017590158025994,"[[424 213]
 [330 319]]",[0. 0. 0. ... 0. 1. 1.],[0. 1. 1. ... 1. 0. 0.]
94,logistic_regression,"{'penalty': None, 'solver': 'sag'}",0.5596048749381519,0.09376357482156272,0.13912504357495742,0.1818672065073898,0.5711383272986761,0.08815149482282612,0.5746028985336731,0.15687912777851565,0.5777604976671851,0.5785727589601681,"{0: 0.6017711102456865, 1: 0.6017711102456865}","{0: 0.6017711102456865, 1: 0.6017711102456865}",0.6017711102456865,"[[424 213]
 [330 319]]",[0. 0. 0. ... 0. 1. 1.],[0. 1. 1. ... 1. 0. 0.]
453,logistic_regression,"{'penalty': None, 'solver': 'sag'}",0.5596048749381519,0.09376357482156272,0.13912504357495742,0.1818672065073898,0.5711383272986761,0.08815149482282612,0.5746028985336731,0.15687912777851565,0.5777604976671851,0.5785727589601681,"{0: 0.6018001369090957, 1: 0.6018001369090958}","{0: 0.6018001369090957, 1: 0.6018001369090958}",0.6018001369090958,"[[424 213]
 [330 319]]",[0. 0. 0. ... 0. 1. 1.],[0. 1. 1. ... 1. 0. 0.]
558,AdaBoost,"{'algorithm': 'SAMME.R', 'learning_rate': 1.5693877551020408, 'n_estimators': 30}",0.5653851877735913,0.07343861665174414,0.13900245480941412,0.14126408431145013,0.5704139955100878,0.07089457529674238,0.5659546670133595,0.1318904924934371,0.5660964230171073,0.5659280187125224,"{0: 0.5713971258765447, 1: 0.5713971258765448}","{0: 0.5713971258765447, 1: 0.5713971258765448}",0.5713971258765448,"[[349 288]
 [270 379]]",[0. 1. 0. ... 0. 0. 1.],[0. 1. 1. ... 1. 0. 0.]
819,AdaBoost,"{'algorithm': 'SAMME.R', 'learning_rate': 1.5693877551020408, 'n_estimators': 30}",0.5653851877735913,0.07343861665174414,0.13900245480941412,0.14126408431145013,0.5704139955100878,0.07089457529674238,0.5659546670133595,0.1318904924934371,0.5660964230171073,0.5659280187125224,"{0: 0.5713971258765447, 1: 0.5713971258765448}","{0: 0.5713971258765447, 1: 0.5713971258765448}",0.5713971258765448,"[[349 288]
 [270 379]]",[0. 1. 0. ... 0. 0. 1.],[0. 1. 1. ... 1. 0. 0.]
641,AdaBoost,"{'algorithm': 'SAMME.R', 'learning_rate': 1.5693877551020408, 'n_estimators': 30}",0.5653851877735913,0.07343861665174414,0.13900245480941412,0.14126408431145013,0.5704139955100878,0.07089457529674238,0.5659546670133595,0.1318904924934371,0.5660964230171073,0.5659280187125224,"{0: 0.5713971258765447, 1: 0.5713971258765448}","{0: 0.5713971258765447, 1: 0.5713971258765448}",0.5713971258765448,"[[349 288]
 [270 379]]",[0. 1. 0. ... 0. 0. 1.],[0. 1. 1. ... 1. 0. 0.]
902,AdaBoost,"{'algorithm': 'SAMME.R', 'learning_rate': 1.5693877551020408, 'n_estimators': 30}",0.5653851877735913,0.07343861665174414,0.13900245480941412,0.14126408431145013,0.5704139955100878,0.07089457529674238,0.5659546670133595,0.1318904924934371,0.5660964230171073,0.5659280187125224,"{0: 0.5713971258765447, 1: 0.5713971258765448}","{0: 0.5713971258765447, 1: 0.5713971258765448}",0.5713971258765448,"[[349 288]
 [270 379]]",[0. 1. 0. ... 0. 0. 1.],[0. 1. 1. ... 1. 0. 0.]
738,AdaBoost,"{'algorithm': 'SAMME.R', 'learning_rate': 1.5693877551020408, 'n_estimators': 30}",0.5653851877735913,0.07343861665174414,0.13900245480941412,0.14126408431145013,0.5704139955100878,0.07089457529674238,0.5659546670133595,0.1318904924934371,0.5660964230171073,0.5659280187125224,"{0: 0.5713971258765447, 1: 0.5713971258765448}","{0: 0.5713971258765447, 1: 0.5713971258765448}",0.5713971258765448,"[[349 288]
 [270 379]]",[0. 1. 0. ... 0. 0. 1.],[0. 1. 1. ... 1. 0. 0.]
842,AdaBoost,"{'algorithm': 'SAMME.R', 'learning_rate': 0.5081632653061224, 'n_estimators': 30}",0.5659048605303219,0.0991385004808651,0.13889317312355595,0.19549561159992082,0.5715972676061649,0.09587934385122474,0.5691318159959781,0.1386386882582087,0.5692068429237948,0.5693434894403417,"{0: 0.5882325906538981, 1: 0.5882325906538981}","{0: 0.5882325906538981, 1: 0.5882325906538981}",0.5882325906538981,"[[372 265]
 [289 360]]",[1. 1. 0. ... 0. 0. 1.],[0. 1. 1. ... 1. 0. 0.]
929,AdaBoost,"{'algorithm': 'SAMME.R', 'learning_rate': 0.5081632653061224, 'n_estimators': 30}",0.5659048605303219,0.0991385004808651,0.13889317312355595,0.19549561159992082,0.5715972676061649,0.09587934385122474,0.5691318159959781,0.1386386882582087,0.5692068429237948,0.5693434894403417,"{0: 0.5882325906538981, 1: 0.5882325906538981}","{0: 0.5882325906538981, 1: 0.5882325906538981}",0.5882325906538981,"[[372 265]
 [289 360]]",[1. 1. 0. ... 0. 0. 1.],[0. 1. 1. ... 1. 0. 0.]
759,AdaBoost,"{'algorithm': 'SAMME.R', 'learning_rate': 0.5081632653061224, 'n_estimators': 30}",0.5659048605303219,0.0991385004808651,0.13889317312355595,0.19549561159992082,0.5715972676061649,0.09587934385122474,0.5691318159959781,0.1386386882582087,0.5692068429237948,0.5693434894403417,"{0: 0.5882325906538981, 1: 0.5882325906538981}","{0: 0.5882325906538981, 1: 0.5882325906538981}",0.5882325906538981,"[[372 265]
 [289 360]]",[1. 1. 0. ... 0. 0. 1.],[0. 1. 1. ... 1. 0. 0.]
584,AdaBoost,"{'algorithm': 'SAMME.R', 'learning_rate': 0.5081632653061224, 'n_estimators': 30}",0.5659048605303219,0.0991385004808651,0.13889317312355595,0.19549561159992082,0.5715972676061649,0.09587934385122474,0.5691318159959781,0.1386386882582087,0.5692068429237948,0.5693434894403417,"{0: 0.5882325906538981, 1: 0.5882325906538981}","{0: 0.5882325906538981, 1: 0.5882325906538981}",0.5882325906538981,"[[372 265]
 [289 360]]",[1. 1. 0. ... 0. 0. 1.],[0. 1. 1. ... 1. 0. 0.]
686,AdaBoost,"{'algorithm': 'SAMME.R', 'learning_rate': 0.5081632653061224, 'n_estimators': 30}",0.5659048605303219,0.0991385004808651,0.13889317312355595,0.19549561159992082,0.5715972676061649,0.09587934385122474,0.5691318159959781,0.1386386882582087,0.5692068429237948,0.5693434894403417,"{0: 0.5882325906538981, 1: 0.5882325906538981}","{0: 0.5882325906538981, 1: 0.5882325906538981}",0.5882325906538981,"[[372 265]
 [289 360]]",[1. 1. 0. ... 0. 0. 1.],[0. 1. 1. ... 1. 0. 0.]
187,AdaBoost,"{'algorithm': 'SAMME', 'learning_rate': 1.4877551020408164, 'n_estimators': 52}",0.5637750232611013,0.0986232454341346,0.13848152127051663,0.18820832299259263,0.5697592034397576,0.09523429156897913,0.5760789315549881,0.15269338736468985,0.5762052877138414,0.5763788269841539,"{0: 0.6063065264033787, 1: 0.6063065264033787}","{0: 0.6063065264033787, 1: 0.6063065264033787}",0.6063065264033787,"[[379 258]
 [287 362]]",[0. 1. 0. ... 0. 0. 1.],[0. 1. 1. ... 1. 0. 0.]
709,AdaBoost,"{'algorithm': 'SAMME.R', 'learning_rate': 0.6714285714285714, 'n_estimators': 41}",0.5641686701983158,0.08019108405959016,0.13832220638624843,0.15794990372470694,0.5695252126265226,0.07871428819662066,0.5713870282424108,0.14339009523717416,0.5715396578538102,0.5717273041728248,"{0: 0.5817366652717743, 1: 0.5817366652717743}","{0: 0.5817366652717743, 1: 0.5817366652717743}",0.5817366652717743,"[[377 260]
 [291 358]]",[1. 1. 0. ... 0. 0. 1.],[0. 1. 1. ... 1. 0. 0.]
14,randomforest,"{'criterion': 'gini', 'max_features': 'log2', 'n_estimators': 381}",0.5655534755757272,0.07694129219139499,0.1380674040053707,0.15334776466706956,0.5686254597203593,0.07699769385607266,0.5638372737051316,0.12842471141534162,0.5645412130637636,0.5641694866876465,"{0: 0.5960951881048733, 1: 0.5960951881048734}","{0: 0.5960951881048733, 1: 0.5960951881048734}",0.5960951881048734,"[[334 303]
 [257 392]]",[0. 1. 0. ... 0. 0. 1.],[0. 1. 1. ... 1. 0. 0.]
711,AdaBoost,"{'algorithm': 'SAMME.R', 'learning_rate': 0.8346938775510203, 'n_estimators': 30}",0.5651865314313388,0.08211028543898924,0.13788816618791627,0.16176011618272979,0.570091132546441,0.08001890633194823,0.5699353022258208,0.14015606750512044,0.5699844479004665,0.5700993921332904,"{0: 0.586205561992487, 1: 0.5862055619924869}","{0: 0.586205561992487, 1: 0.5862055619924869}",0.5862055619924869,"[[371 266]
 [287 362]]",[0. 1. 0. ... 0. 0. 1.],[0. 1. 1. ... 1. 0. 0.]
967,AdaBoost,"{'algorithm': 'SAMME.R', 'learning_rate': 0.8346938775510203, 'n_estimators': 30}",0.5651865314313388,0.08211028543898924,0.13788816618791627,0.16176011618272979,0.570091132546441,0.08001890633194823,0.5699353022258208,0.14015606750512044,0.5699844479004665,0.5700993921332904,"{0: 0.586205561992487, 1: 0.5862055619924869}","{0: 0.586205561992487, 1: 0.5862055619924869}",0.5862055619924869,"[[371 266]
 [287 362]]",[0. 1. 0. ... 0. 0. 1.],[0. 1. 1. ... 1. 0. 0.]
791,AdaBoost,"{'algorithm': 'SAMME.R', 'learning_rate': 0.8346938775510203, 'n_estimators': 30}",0.5651865314313388,0.08211028543898924,0.13788816618791627,0.16176011618272979,0.570091132546441,0.08001890633194823,0.5699353022258208,0.14015606750512044,0.5699844479004665,0.5700993921332904,"{0: 0.586205561992487, 1: 0.5862055619924869}","{0: 0.586205561992487, 1: 0.5862055619924869}",0.5862055619924869,"[[371 266]
 [287 362]]",[0. 1. 0. ... 0. 0. 1.],[0. 1. 1. ... 1. 0. 0.]
607,AdaBoost,"{'algorithm': 'SAMME.R', 'learning_rate': 0.8346938775510203, 'n_estimators': 30}",0.5651865314313388,0.08211028543898924,0.13788816618791627,0.16176011618272979,0.570091132546441,0.08001890633194823,0.5699353022258208,0.14015606750512044,0.5699844479004665,0.5700993921332904,"{0: 0.586205561992487, 1: 0.5862055619924869}","{0: 0.586205561992487, 1: 0.5862055619924869}",0.5862055619924869,"[[371 266]
 [287 362]]",[0. 1. 0. ... 0. 0. 1.],[0. 1. 1. ... 1. 0. 0.]
869,AdaBoost,"{'algorithm': 'SAMME.R', 'learning_rate': 0.8346938775510203, 'n_estimators': 30}",0.5651865314313388,0.08211028543898924,0.13788816618791627,0.16176011618272979,0.570091132546441,0.08001890633194823,0.5699353022258208,0.14015606750512044,0.5699844479004665,0.5700993921332904,"{0: 0.586205561992487, 1: 0.5862055619924869}","{0: 0.586205561992487, 1: 0.5862055619924869}",0.5862055619924869,"[[371 266]
 [287 362]]",[0. 1. 0. ... 0. 0. 1.],[0. 1. 1. ... 1. 0. 0.]
363,logistic_regression,"{'penalty': None, 'solver': 'sag'}",0.559017626766572,0.09414156206143415,0.1377360503346262,0.18270474863381198,0.5704365729127112,0.08857434101224561,0.5738767816102921,0.15531418056598623,0.5769828926905132,0.5777878296038103,"{0: 0.6017783669115389, 1: 0.6017783669115389}","{0: 0.6017783669115389, 1: 0.6017783669115389}",0.6017783669115389,"[[423 214]
 [330 319]]",[0. 0. 0. ... 0. 1. 1.],[0. 1. 1. ... 1. 0. 0.]
309,logistic_regression,"{'penalty': None, 'solver': 'sag'}",0.559017626766572,0.09414156206143415,0.1377360503346262,0.18270474863381198,0.5704365729127112,0.08857434101224561,0.5738767816102921,0.15531418056598623,0.5769828926905132,0.5777878296038103,"{0: 0.6017251513619551, 1: 0.6017251513619553}","{0: 0.6017251513619551, 1: 0.6017251513619553}",0.6017251513619553,"[[423 214]
 [330 319]]",[0. 0. 0. ... 0. 1. 1.],[0. 1. 1. ... 1. 0. 0.]
679,logistic_regression,"{'penalty': None, 'solver': 'sag'}",0.559017626766572,0.09414156206143415,0.1377360503346262,0.18270474863381198,0.5704365729127112,0.08857434101224561,0.5738767816102921,0.15531418056598623,0.5769828926905132,0.5777878296038103,"{0: 0.6017614346912168, 1: 0.6017614346912168}","{0: 0.6017614346912168, 1: 0.6017614346912168}",0.6017614346912168,"[[423 214]
 [330 319]]",[0. 0. 0. ... 0. 1. 1.],[0. 1. 1. ... 1. 0. 0.]
131,logistic_regression,"{'penalty': None, 'solver': 'sag'}",0.559017626766572,0.09414156206143415,0.1377360503346262,0.18270474863381198,0.5704365729127112,0.08857434101224561,0.5738767816102921,0.15531418056598623,0.5769828926905132,0.5777878296038103,"{0: 0.6017832046887738, 1: 0.6017832046887737}","{0: 0.6017832046887738, 1: 0.6017832046887737}",0.6017832046887737,"[[423 214]
 [330 319]]",[0. 0. 0. ... 0. 1. 1.],[0. 1. 1. ... 1. 0. 0.]
984,logistic_regression,"{'penalty': None, 'solver': 'sag'}",0.559017626766572,0.09414156206143415,0.1377360503346262,0.18270474863381198,0.5704365729127112,0.08857434101224561,0.5738767816102921,0.15531418056598623,0.5769828926905132,0.5777878296038103,"{0: 0.6018025557977131, 1: 0.6018025557977131}","{0: 0.6018025557977131, 1: 0.6018025557977131}",0.6018025557977131,"[[423 214]
 [330 319]]",[0. 0. 0. ... 0. 1. 1.],[0. 1. 1. ... 1. 0. 0.]
386,logistic_regression,"{'penalty': None, 'solver': 'sag'}",0.559017626766572,0.09414156206143415,0.1377360503346262,0.18270474863381198,0.5704365729127112,0.08857434101224561,0.5738767816102921,0.15531418056598623,0.5769828926905132,0.5777878296038103,"{0: 0.6017856235773912, 1: 0.6017856235773911}","{0: 0.6017856235773912, 1: 0.6017856235773911}",0.6017856235773911,"[[423 214]
 [330 319]]",[0. 0. 0. ... 0. 1. 1.],[0. 1. 1. ... 1. 0. 0.]
474,AdaBoost,"{'algorithm': 'SAMME', 'learning_rate': 1.4877551020408164, 'n_estimators': 41}",0.5620914939158805,0.09995182365679879,0.1376532535090907,0.19670843447300707,0.5687160770927192,0.0976687503224701,0.5730109648665497,0.14642509121947567,0.573094867807154,0.5732391095587221,"{0: 0.6021158018736712, 1: 0.6021158018736712}","{0: 0.6021158018736712, 1: 0.6021158018736712}",0.6021158018736712,"[[375 262]
 [287 362]]",[0. 1. 0. ... 0. 0. 1.],[0. 1. 1. ... 1. 0. 0.]
97,SVC,"{'C': 100, 'gamma': 1, 'kernel': 'rbf'}",0.5604216057883402,0.08129184762087657,0.1375018097609303,0.15580700292203367,0.5716634372141218,0.08047124299831239,0.5666237064783327,0.14713420740593453,0.5746500777604977,0.5733866617643857,"{0: 0.5763171453244093, 1: 0.5763171453244093}","{0: 0.5763171453244093, 1: 0.5763171453244093}",0.5763171453244093,"[[279 358]
 [189 460]]",[0. 0. 0. ... 0. 1. 1.],[0. 1. 1. ... 1. 0. 0.]
678,AdaBoost,"{'algorithm': 'SAMME.R', 'learning_rate': 0.7530612244897958, 'n_estimators': 30}",0.5638225188683724,0.09780525153050844,0.13718894373734117,0.19007615573679892,0.5697032927989903,0.09401267017253202,0.569090126464338,0.13868867283555097,0.5692068429237948,0.569372516103751,"{0: 0.587577071838573, 1: 0.5875770718385731}","{0: 0.587577071838573, 1: 0.5875770718385731}",0.5875770718385731,"[[374 263]
 [291 358]]",[0. 1. 0. ... 0. 0. 1.],[0. 1. 1. ... 1. 0. 0.]
858,AdaBoost,"{'algorithm': 'SAMME.R', 'learning_rate': 0.7530612244897958, 'n_estimators': 30}",0.5638225188683724,0.09780525153050844,0.13718894373734117,0.19007615573679892,0.5697032927989903,0.09401267017253202,0.569090126464338,0.13868867283555097,0.5692068429237948,0.569372516103751,"{0: 0.587577071838573, 1: 0.5875770718385731}","{0: 0.587577071838573, 1: 0.5875770718385731}",0.5875770718385731,"[[374 263]
 [291 358]]",[0. 1. 0. ... 0. 0. 1.],[0. 1. 1. ... 1. 0. 0.]
768,AdaBoost,"{'algorithm': 'SAMME.R', 'learning_rate': 0.7530612244897958, 'n_estimators': 30}",0.5638225188683724,0.09780525153050844,0.13718894373734117,0.19007615573679892,0.5697032927989903,0.09401267017253202,0.569090126464338,0.13868867283555097,0.5692068429237948,0.569372516103751,"{0: 0.587577071838573, 1: 0.5875770718385731}","{0: 0.587577071838573, 1: 0.5875770718385731}",0.5875770718385731,"[[374 263]
 [291 358]]",[0. 1. 0. ... 0. 0. 1.],[0. 1. 1. ... 1. 0. 0.]
592,AdaBoost,"{'algorithm': 'SAMME.R', 'learning_rate': 0.7530612244897958, 'n_estimators': 30}",0.5638225188683724,0.09780525153050844,0.13718894373734117,0.19007615573679892,0.5697032927989903,0.09401267017253202,0.569090126464338,0.13868867283555097,0.5692068429237948,0.569372516103751,"{0: 0.587577071838573, 1: 0.5875770718385731}","{0: 0.587577071838573, 1: 0.5875770718385731}",0.5875770718385731,"[[374 263]
 [291 358]]",[0. 1. 0. ... 0. 0. 1.],[0. 1. 1. ... 1. 0. 0.]
947,AdaBoost,"{'algorithm': 'SAMME.R', 'learning_rate': 0.7530612244897958, 'n_estimators': 30}",0.5638225188683724,0.09780525153050844,0.13718894373734117,0.19007615573679892,0.5697032927989903,0.09401267017253202,0.569090126464338,0.13868867283555097,0.5692068429237948,0.569372516103751,"{0: 0.587577071838573, 1: 0.5875770718385731}","{0: 0.587577071838573, 1: 0.5875770718385731}",0.5875770718385731,"[[374 263]
 [291 358]]",[0. 1. 0. ... 0. 0. 1.],[0. 1. 1. ... 1. 0. 0.]
638,AdaBoost,"{'algorithm': 'SAMME.R', 'learning_rate': 0.26326530612244897, 'n_estimators': 96}",0.5638092188876329,0.08593905997711561,0.13713788065664764,0.17088326092416783,0.5697705397093662,0.08366573354261654,0.5743070359890291,0.14975669070348174,0.5746500777604977,0.5749250749250749,"{0: 0.5903600031929329, 1: 0.5903600031929329}","{0: 0.5903600031929329, 1: 0.5903600031929329}",0.5903600031929329,"[[385 252]
 [295 354]]",[1. 1. 0. ... 0. 0. 1.],[0. 1. 1. ... 1. 0. 0.]
928,logistic_regression,"{'penalty': None, 'solver': 'sag'}",0.5584525182189473,0.09509305290587645,0.13678366938224523,0.18434372400458196,0.5699603824365207,0.08942764445283383,0.5731503412183849,0.15374918800395065,0.5762052877138414,0.5770029002474524,"{0: 0.6017735291343039, 1: 0.6017735291343039}","{0: 0.6017735291343039, 1: 0.6017735291343039}",0.6017735291343039,"[[422 215]
 [330 319]]",[0. 0. 0. ... 0. 1. 1.],[0. 1. 1. ... 1. 0. 0.]
503,logistic_regression,"{'penalty': None, 'solver': 'sag'}",0.5584525182189473,0.09509305290587645,0.13678366938224523,0.18434372400458196,0.5699603824365207,0.08942764445283383,0.5731503412183849,0.15374918800395065,0.5762052877138414,0.5770029002474524,"{0: 0.6018219069066527, 1: 0.6018219069066526}","{0: 0.6018219069066527, 1: 0.6018219069066526}",0.6018219069066526,"[[422 215]
 [330 319]]",[0. 0. 0. ... 0. 1. 1.],[0. 1. 1. ... 1. 0. 0.]
995,AdaBoost,"{'algorithm': 'SAMME.R', 'learning_rate': 0.6714285714285714, 'n_estimators': 85}",0.5646551650747482,0.09237075893094134,0.1365167331815896,0.18446617130183335,0.5700513551048487,0.08875227662556084,0.5801014376283395,0.1602109993445573,0.5800933125972006,0.5801148004537835,"{0: 0.5805961592886532, 1: 0.5805961592886533}","{0: 0.5805961592886532, 1: 0.5805961592886533}",0.5805961592886533,"[[371 266]
 [274 375]]",[0. 1. 0. ... 0. 0. 1.],[0. 1. 1. ... 1. 0. 0.]
805,AdaBoost,"{'algorithm': 'SAMME.R', 'learning_rate': 0.6714285714285714, 'n_estimators': 85}",0.5646551650747482,0.09237075893094134,0.1365167331815896,0.18446617130183335,0.5700513551048487,0.08875227662556084,0.5801014376283395,0.1602109993445573,0.5800933125972006,0.5801148004537835,"{0: 0.5805961592886532, 1: 0.5805961592886533}","{0: 0.5805961592886532, 1: 0.5805961592886533}",0.5805961592886533,"[[371 266]
 [274 375]]",[0. 1. 0. ... 0. 0. 1.],[0. 1. 1. ... 1. 0. 0.]
612,AdaBoost,"{'algorithm': 'SAMME.R', 'learning_rate': 1.6510204081632653, 'n_estimators': 30}",0.5606778609399131,0.08169971842938731,0.13640191152673087,0.1650502704816582,0.5669662033438113,0.08086433600754091,0.5711546751508343,0.14356403332986856,0.5715396578538102,0.571828897494757,"{0: 0.5829400623589486, 1: 0.5829400623589486}","{0: 0.5829400623589486, 1: 0.5829400623589486}",0.5829400623589486,"[[384 253]
 [298 351]]",[0. 1. 0. ... 0. 0. 1.],[0. 1. 1. ... 1. 0. 0.]
962,AdaBoost,"{'algorithm': 'SAMME.R', 'learning_rate': 1.6510204081632653, 'n_estimators': 30}",0.5606778609399131,0.08169971842938731,0.13640191152673087,0.1650502704816582,0.5669662033438113,0.08086433600754091,0.5711546751508343,0.14356403332986856,0.5715396578538102,0.571828897494757,"{0: 0.5826643090565609, 1: 0.5826643090565609}","{0: 0.5826643090565609, 1: 0.5826643090565609}",0.5826643090565609,"[[384 253]
 [298 351]]",[0. 1. 0. ... 0. 0. 1.],[0. 1. 1. ... 1. 0. 0.]
797,AdaBoost,"{'algorithm': 'SAMME.R', 'learning_rate': 1.6510204081632653, 'n_estimators': 30}",0.5606778609399131,0.08169971842938731,0.13640191152673087,0.1650502704816582,0.5669662033438113,0.08086433600754091,0.5711546751508343,0.14356403332986856,0.5715396578538102,0.571828897494757,"{0: 0.5826643090565609, 1: 0.5826643090565609}","{0: 0.5826643090565609, 1: 0.5826643090565609}",0.5826643090565609,"[[384 253]
 [298 351]]",[0. 1. 0. ... 0. 0. 1.],[0. 1. 1. ... 1. 0. 0.]
965,knn,{'n_neighbors': 15},0.5611697136706869,0.08965272178620584,0.13595922359977514,0.17404777441107114,0.5682708547765576,0.08798614014866518,0.555604831739729,0.11437857168746746,0.5567651632970451,0.5572490463531625,"{0: 0.5840261433481773, 1: 0.5840261433481773}","{0: 0.5840261433481773, 1: 0.5840261433481773}",0.5840261433481773,"[[388 249]
 [321 328]]",[0. 0. 0. ... 0. 0. 1.],[0. 1. 1. ... 1. 0. 0.]
561,knn,{'n_neighbors': 15},0.5611697136706869,0.08965272178620584,0.13595922359977514,0.17404777441107114,0.5682708547765576,0.08798614014866518,0.555604831739729,0.11437857168746746,0.5567651632970451,0.5572490463531625,"{0: 0.5840261433481773, 1: 0.5840261433481773}","{0: 0.5840261433481773, 1: 0.5840261433481773}",0.5840261433481773,"[[388 249]
 [321 328]]",[0. 0. 0. ... 0. 0. 1.],[0. 1. 1. ... 1. 0. 0.]
216,knn,{'n_neighbors': 15},0.5611697136706869,0.08965272178620584,0.13595922359977514,0.17404777441107114,0.5682708547765576,0.08798614014866518,0.555604831739729,0.11437857168746746,0.5567651632970451,0.5572490463531625,"{0: 0.5840261433481773, 1: 0.5840261433481773}","{0: 0.5840261433481773, 1: 0.5840261433481773}",0.5840261433481773,"[[388 249]
 [321 328]]",[0. 0. 0. ... 0. 0. 1.],[0. 1. 1. ... 1. 0. 0.]
442,AdaBoost,"{'algorithm': 'SAMME.R', 'learning_rate': 1.8959183673469386, 'n_estimators': 96}",0.5605147221397132,0.11138493397439311,0.1354433556051483,0.2137343097939314,0.5655361954980923,0.10862552402889109,0.590139481268933,0.18060650318824045,0.5902021772939346,0.5903333954181411,"{0: 0.5925684485006518, 1: 0.5925684485006519}","{0: 0.5925684485006518, 1: 0.5925684485006519}",0.5925684485006519,"[[385 252]
 [275 374]]",[0. 0. 0. ... 0. 0. 1.],[0. 1. 1. ... 1. 0. 0.]
183,SVC,"{'C': 1000, 'gamma': 1, 'kernel': 'rbf'}",0.559679929839191,0.08103678117516536,0.13536353758948827,0.1563764901580288,0.570517096483876,0.0803952558336024,0.5648917177215002,0.14254402447865278,0.5723172628304821,0.571104440353835,"{0: 0.5675148096455602, 1: 0.5675148096455602}","{0: 0.5675148096455602, 1: 0.5675148096455602}",0.5675148096455602,"[[281 356]
 [194 455]]",[0. 0. 0. ... 0. 1. 1.],[0. 1. 1. ... 1. 0. 0.]
764,AdaBoost,"{'algorithm': 'SAMME.R', 'learning_rate': 0.9163265306122448, 'n_estimators': 30}",0.5637405662362082,0.08741819547187307,0.13534196709326557,0.17395131419820753,0.5677386706132941,0.08608933114927277,0.5730729258718821,0.14632600993918,0.573094867807154,0.5731810562319037,"{0: 0.5781990406687744, 1: 0.5781990406687744}","{0: 0.5781990406687744, 1: 0.5781990406687744}",0.5781990406687744,"[[371 266]
 [283 366]]",[1. 1. 0. ... 0. 0. 1.],[0. 1. 1. ... 1. 0. 0.]
936,AdaBoost,"{'algorithm': 'SAMME.R', 'learning_rate': 0.9163265306122448, 'n_estimators': 30}",0.5637405662362082,0.08741819547187307,0.13534196709326557,0.17395131419820753,0.5677386706132941,0.08608933114927277,0.5730729258718821,0.14632600993918,0.573094867807154,0.5731810562319037,"{0: 0.5781990406687744, 1: 0.5781990406687744}","{0: 0.5781990406687744, 1: 0.5781990406687744}",0.5781990406687744,"[[371 266]
 [283 366]]",[1. 1. 0. ... 0. 0. 1.],[0. 1. 1. ... 1. 0. 0.]
591,AdaBoost,"{'algorithm': 'SAMME.R', 'learning_rate': 0.9163265306122448, 'n_estimators': 30}",0.5637405662362082,0.08741819547187307,0.13534196709326557,0.17395131419820753,0.5677386706132941,0.08608933114927277,0.5730729258718821,0.14632600993918,0.573094867807154,0.5731810562319037,"{0: 0.5781990406687744, 1: 0.5781990406687744}","{0: 0.5781990406687744, 1: 0.5781990406687744}",0.5781990406687744,"[[371 266]
 [283 366]]",[1. 1. 0. ... 0. 0. 1.],[0. 1. 1. ... 1. 0. 0.]
861,AdaBoost,"{'algorithm': 'SAMME.R', 'learning_rate': 0.9163265306122448, 'n_estimators': 30}",0.5637405662362082,0.08741819547187307,0.13534196709326557,0.17395131419820753,0.5677386706132941,0.08608933114927277,0.5730729258718821,0.14632600993918,0.573094867807154,0.5731810562319037,"{0: 0.5781990406687744, 1: 0.5781990406687744}","{0: 0.5781990406687744, 1: 0.5781990406687744}",0.5781990406687744,"[[371 266]
 [283 366]]",[1. 1. 0. ... 0. 0. 1.],[0. 1. 1. ... 1. 0. 0.]
763,SVC,"{'C': 1000, 'gamma': 1, 'kernel': 'rbf'}",0.5596290044491533,0.0813984039059845,0.13504675210002381,0.1571606886826398,0.570379464001416,0.08063041600885477,0.5659500659142102,0.14414038728697887,0.573094867807154,0.5719038830418977,"{0: 0.5706617837368443, 1: 0.5706617837368443}","{0: 0.5706617837368443, 1: 0.5706617837368443}",0.5706617837368443,"[[283 354]
 [195 454]]",[0. 0. 0. ... 0. 1. 1.],[0. 1. 1. ... 1. 0. 0.]
776,SVC,"{'C': 10, 'gamma': 0.0001, 'kernel': 'sigmoid'}",0.5484254205395459,0.09083732788734873,0.1349566146387514,0.16158011425611585,0.5681474876778003,0.07818087059527208,0.5713512322943746,0.17062262672533302,0.5839813374805599,0.5855923737279669,"{0: 0.5643750922201286, 1: 0.5643750922201285}","{0: 0.5643750922201286, 1: 0.5643750922201285}",0.5643750922201285,"[[483 154]
 [381 268]]",[0. 0. 0. ... 0. 0. 1.],[0. 1. 1. ... 1. 0. 0.]
61,logistic_regression,"{'penalty': None, 'solver': 'lbfgs'}",0.557796199149173,0.09343691597366612,0.13455794474748933,0.1828148588697992,0.5688715206161264,0.0884813547060473,0.5713523699314728,0.15069290338471053,0.5746500777604977,0.5754765815298504,"{0: 0.5986991217015429, 1: 0.5986991217015429}","{0: 0.5986991217015429, 1: 0.5986991217015429}",0.5986991217015429,"[[423 214]
 [333 316]]",[0. 0. 0. ... 0. 1. 1.],[0. 1. 1. ... 1. 0. 0.]
342,logistic_regression,"{'penalty': None, 'solver': 'lbfgs'}",0.557796199149173,0.09343691597366612,0.13455794474748933,0.1828148588697992,0.5688715206161264,0.0884813547060473,0.5713523699314728,0.15069290338471053,0.5746500777604977,0.5754765815298504,"{0: 0.5986991217015429, 1: 0.5986991217015429}","{0: 0.5986991217015429, 1: 0.5986991217015429}",0.5986991217015429,"[[423 214]
 [333 316]]",[0. 0. 0. ... 0. 1. 1.],[0. 1. 1. ... 1. 0. 0.]
429,logistic_regression,"{'penalty': None, 'solver': 'lbfgs'}",0.557796199149173,0.09343691597366612,0.13455794474748933,0.1828148588697992,0.5688715206161264,0.0884813547060473,0.5713523699314728,0.15069290338471053,0.5746500777604977,0.5754765815298504,"{0: 0.5986991217015429, 1: 0.5986991217015429}","{0: 0.5986991217015429, 1: 0.5986991217015429}",0.5986991217015429,"[[423 214]
 [333 316]]",[0. 0. 0. ... 0. 1. 1.],[0. 1. 1. ... 1. 0. 0.]
287,logistic_regression,"{'penalty': None, 'solver': 'lbfgs'}",0.557796199149173,0.09343691597366612,0.13455794474748933,0.1828148588697992,0.5688715206161264,0.0884813547060473,0.5713523699314728,0.15069290338471053,0.5746500777604977,0.5754765815298504,"{0: 0.5986991217015429, 1: 0.5986991217015429}","{0: 0.5986991217015429, 1: 0.5986991217015429}",0.5986991217015429,"[[423 214]
 [333 316]]",[0. 0. 0. ... 0. 1. 1.],[0. 1. 1. ... 1. 0. 0.]
219,logistic_regression,"{'penalty': None, 'solver': 'lbfgs'}",0.557796199149173,0.09343691597366612,0.13455794474748933,0.1828148588697992,0.5688715206161264,0.0884813547060473,0.5713523699314728,0.15069290338471053,0.5746500777604977,0.5754765815298504,"{0: 0.5986991217015429, 1: 0.5986991217015429}","{0: 0.5986991217015429, 1: 0.5986991217015429}",0.5986991217015429,"[[423 214]
 [333 316]]",[0. 0. 0. ... 0. 1. 1.],[0. 1. 1. ... 1. 0. 0.]
112,logistic_regression,"{'penalty': None, 'solver': 'lbfgs'}",0.557796199149173,0.09343691597366612,0.13455794474748933,0.1828148588697992,0.5688715206161264,0.0884813547060473,0.5713523699314728,0.15069290338471053,0.5746500777604977,0.5754765815298504,"{0: 0.5986991217015429, 1: 0.5986991217015429}","{0: 0.5986991217015429, 1: 0.5986991217015429}",0.5986991217015429,"[[423 214]
 [333 316]]",[0. 0. 0. ... 0. 1. 1.],[0. 1. 1. ... 1. 0. 0.]
477,logistic_regression,"{'penalty': None, 'solver': 'lbfgs'}",0.557796199149173,0.09343691597366612,0.13455794474748933,0.1828148588697992,0.5688715206161264,0.0884813547060473,0.5713523699314728,0.15069290338471053,0.5746500777604977,0.5754765815298504,"{0: 0.5986991217015429, 1: 0.5986991217015429}","{0: 0.5986991217015429, 1: 0.5986991217015429}",0.5986991217015429,"[[423 214]
 [333 316]]",[0. 0. 0. ... 0. 1. 1.],[0. 1. 1. ... 1. 0. 0.]
576,logistic_regression,"{'penalty': None, 'solver': 'lbfgs'}",0.557796199149173,0.09343691597366612,0.13455794474748933,0.1828148588697992,0.5688715206161264,0.0884813547060473,0.5713523699314728,0.15069290338471053,0.5746500777604977,0.5754765815298504,"{0: 0.5986991217015429, 1: 0.5986991217015429}","{0: 0.5986991217015429, 1: 0.5986991217015429}",0.5986991217015429,"[[423 214]
 [333 316]]",[0. 0. 0. ... 0. 1. 1.],[0. 1. 1. ... 1. 0. 0.]
88,AdaBoost,"{'algorithm': 'SAMME.R', 'learning_rate': 0.5897959183673469, 'n_estimators': 74}",0.5633577167477621,0.09497359478246192,0.1343946847178537,0.19303725568967695,0.5681131939711661,0.09396251917560003,0.5783749622864907,0.1573941320825425,0.578538102643857,0.5787336150532276,"{0: 0.5879870734592284, 1: 0.5879870734592284}","{0: 0.5879870734592284, 1: 0.5879870734592284}",0.5879870734592284,"[[382 255]
 [287 362]]",[0. 1. 0. ... 0. 0. 1.],[0. 1. 1. ... 1. 0. 0.]
471,AdaBoost,"{'algorithm': 'SAMME.R', 'learning_rate': 0.5897959183673469, 'n_estimators': 74}",0.5633577167477621,0.09497359478246192,0.1343946847178537,0.19303725568967695,0.5681131939711661,0.09396251917560003,0.5783749622864907,0.1573941320825425,0.578538102643857,0.5787336150532276,"{0: 0.5879870734592284, 1: 0.5879870734592284}","{0: 0.5879870734592284, 1: 0.5879870734592284}",0.5879870734592284,"[[382 255]
 [287 362]]",[0. 1. 0. ... 0. 0. 1.],[0. 1. 1. ... 1. 0. 0.]
473,randomforest,"{'criterion': 'entropy', 'max_features': 'sqrt', 'n_estimators': 233}",0.5641684775488628,0.0819232940745265,0.13350749605787451,0.1630146269676531,0.567228776276488,0.08076044126044059,0.5614727833499189,0.12374283217671866,0.562208398133748,0.5618292119502772,"{0: 0.5966430663767225, 1: 0.5966430663767226}","{0: 0.5966430663767225, 1: 0.5966430663767226}",0.5966430663767226,"[[332 305]
 [258 391]]",[0. 1. 0. ... 0. 0. 1.],[0. 1. 1. ... 1. 0. 0.]
20,knn,{'n_neighbors': 21},0.5576760837555681,0.08479517412806574,0.1330430999126225,0.1639776432673292,0.5679206976397215,0.08191139815269241,0.5613810888028781,0.12872839169216876,0.5637636080870918,0.5644585438774301,"{0: 0.5934114311838282, 1: 0.5934114311838283}","{0: 0.5934114311838282, 1: 0.5934114311838283}",0.5934114311838283,"[[407 230]
 [331 318]]",[0. 0. 0. ... 0. 0. 1.],[0. 1. 1. ... 1. 0. 0.]
623,knn,{'n_neighbors': 21},0.5576760837555681,0.08479517412806574,0.1330430999126225,0.1639776432673292,0.5679206976397215,0.08191139815269241,0.5613810888028781,0.12872839169216876,0.5637636080870918,0.5644585438774301,"{0: 0.5934114311838282, 1: 0.5934114311838283}","{0: 0.5934114311838282, 1: 0.5934114311838283}",0.5934114311838283,"[[407 230]
 [331 318]]",[0. 0. 0. ... 0. 0. 1.],[0. 1. 1. ... 1. 0. 0.]
304,knn,{'n_neighbors': 21},0.5576760837555681,0.08479517412806574,0.1330430999126225,0.1639776432673292,0.5679206976397215,0.08191139815269241,0.5613810888028781,0.12872839169216876,0.5637636080870918,0.5644585438774301,"{0: 0.5934114311838282, 1: 0.5934114311838283}","{0: 0.5934114311838282, 1: 0.5934114311838283}",0.5934114311838283,"[[407 230]
 [331 318]]",[0. 0. 0. ... 0. 0. 1.],[0. 1. 1. ... 1. 0. 0.]
687,randomforest,"{'criterion': 'gini', 'max_features': 'sqrt', 'n_estimators': 287}",0.5639647282228241,0.07606157471973586,0.13275776055491112,0.15085796920190328,0.5662779801551506,0.07536618538295338,0.5583571370504512,0.11751720398614474,0.5590979782270606,0.5587185211882548,"{0: 0.5948035015831625, 1: 0.5948035015831625}","{0: 0.5948035015831625, 1: 0.5948035015831625}",0.5948035015831625,"[[330 307]
 [260 389]]",[0. 1. 0. ... 0. 1. 1.],[0. 1. 1. ... 1. 0. 0.]
661,randomforest,"{'criterion': 'gini', 'max_features': 'log2', 'n_estimators': 149}",0.5637680170971577,0.08671623926399996,0.13271417690386275,0.17396574770856973,0.5676757121571618,0.08612027326188998,0.5618408576992723,0.12513406269897576,0.5629860031104199,0.562512547984703,"{0: 0.5949788710079267, 1: 0.5949788710079268}","{0: 0.5949788710079267, 1: 0.5949788710079268}",0.5949788710079268,"[[326 311]
 [251 398]]",[0. 1. 0. ... 0. 1. 1.],[0. 1. 1. ... 1. 0. 0.]
637,knn,{'n_neighbors': 25},0.5579915284933228,0.0867629119786213,0.13262466289123462,0.16391142761392574,0.5676744011042331,0.08035182690142524,0.5639716198030055,0.1333247984849838,0.5660964230171073,0.5667552786196854,"{0: 0.5991357310969901, 1: 0.5991357310969901}","{0: 0.5991357310969901, 1: 0.5991357310969901}",0.5991357310969901,"[[406 231]
 [327 322]]",[0. 0. 0. ... 0. 0. 1.],[0. 1. 1. ... 1. 0. 0.]
994,knn,{'n_neighbors': 25},0.5579915284933228,0.0867629119786213,0.13262466289123462,0.16391142761392574,0.5676744011042331,0.08035182690142524,0.5639716198030055,0.1333247984849838,0.5660964230171073,0.5667552786196854,"{0: 0.5991357310969901, 1: 0.5991357310969901}","{0: 0.5991357310969901, 1: 0.5991357310969901}",0.5991357310969901,"[[406 231]
 [327 322]]",[0. 0. 0. ... 0. 0. 1.],[0. 1. 1. ... 1. 0. 0.]
317,knn,{'n_neighbors': 25},0.5579915284933228,0.0867629119786213,0.13262466289123462,0.16391142761392574,0.5676744011042331,0.08035182690142524,0.5639716198030055,0.1333247984849838,0.5660964230171073,0.5667552786196854,"{0: 0.5991357310969901, 1: 0.5991357310969901}","{0: 0.5991357310969901, 1: 0.5991357310969901}",0.5991357310969901,"[[406 231]
 [327 322]]",[0. 0. 0. ... 0. 0. 1.],[0. 1. 1. ... 1. 0. 0.]
23,knn,{'n_neighbors': 25},0.5579915284933228,0.0867629119786213,0.13262466289123462,0.16391142761392574,0.5676744011042331,0.08035182690142524,0.5639716198030055,0.1333247984849838,0.5660964230171073,0.5667552786196854,"{0: 0.5991357310969901, 1: 0.5991357310969901}","{0: 0.5991357310969901, 1: 0.5991357310969901}",0.5991357310969901,"[[406 231]
 [327 322]]",[0. 0. 0. ... 0. 0. 1.],[0. 1. 1. ... 1. 0. 0.]
633,AdaBoost,"{'algorithm': 'SAMME.R', 'learning_rate': 0.6714285714285714, 'n_estimators': 52}",0.5616189289748331,0.09260085019989431,0.13236416683801525,0.1830742083628968,0.5677302073004207,0.08973722318281203,0.569856236972309,0.14025585910582294,0.5699844479004665,0.5701574454601088,"{0: 0.5750556949104164, 1: 0.5750556949104164}","{0: 0.5750556949104164, 1: 0.5750556949104164}",0.5750556949104164,"[[375 262]
 [291 358]]",[1. 1. 0. ... 0. 0. 1.],[0. 1. 1. ... 1. 0. 0.]
26,AdaBoost,"{'algorithm': 'SAMME.R', 'learning_rate': 0.7530612244897958, 'n_estimators': 41}",0.5605444144009271,0.0877999372571627,0.1317662614839701,0.1717938983904189,0.5656477435697472,0.0855219745093777,0.568275500316766,0.1371715115365365,0.5684292379471229,0.5686166134108023,"{0: 0.588078991226691, 1: 0.5880789912266909}","{0: 0.588078991226691, 1: 0.5880789912266909}",0.5880789912266909,"[[375 262]
 [293 356]]",[0. 1. 0. ... 0. 0. 1.],[0. 1. 1. ... 1. 0. 0.]
244,randomforest,"{'criterion': 'entropy', 'max_features': None, 'n_estimators': 99}",0.5648867930640018,0.08232265147071195,0.13147023656441592,0.1668774343592759,0.5676221622653912,0.08195832083590751,0.569090089183126,0.13813852321583675,0.5692068429237948,0.5690532228062495,"{0: 0.594489046062896, 1: 0.594489046062896}","{0: 0.594489046062896, 1: 0.594489046062896}",0.594489046062896,"[[352 285]
 [269 380]]",[1. 1. 0. ... 0. 0. 1.],[0. 1. 1. ... 1. 0. 0.]
108,randomforest,"{'criterion': 'gini', 'max_features': 'sqrt', 'n_estimators': 33}",0.563397636208451,0.11208273274689555,0.13101743996876836,0.22585330571962253,0.5672405898311145,0.1111474617641312,0.5629140477833653,0.12680491979075637,0.5637636080870918,0.5633555306678792,"{0: 0.588031822898651, 1: 0.588031822898651}","{0: 0.588031822898651, 1: 0.588031822898651}",0.588031822898651,"[[331 306]
 [255 394]]",[0. 1. 0. ... 1. 0. 1.],[0. 1. 1. ... 1. 0. 0.]
119,knn,{'n_neighbors': 19},0.5571199155490655,0.07634230233776372,0.13078378264129337,0.1467300946698695,0.5659896412020285,0.07532668850786414,0.5599040824080185,0.12382793153018212,0.5614307931570762,0.5619876491547193,"{0: 0.5883632106392398, 1: 0.5883632106392397}","{0: 0.5883632106392398, 1: 0.5883632106392397}",0.5883632106392397,"[[396 241]
 [323 326]]",[0. 0. 0. ... 0. 0. 1.],[0. 1. 1. ... 1. 0. 0.]
754,knn,{'n_neighbors': 19},0.5571199155490655,0.07634230233776372,0.13078378264129337,0.1467300946698695,0.5659896412020285,0.07532668850786414,0.5599040824080185,0.12382793153018212,0.5614307931570762,0.5619876491547193,"{0: 0.5883632106392398, 1: 0.5883632106392397}","{0: 0.5883632106392398, 1: 0.5883632106392397}",0.5883632106392397,"[[396 241]
 [323 326]]",[0. 0. 0. ... 0. 0. 1.],[0. 1. 1. ... 1. 0. 0.]
461,knn,{'n_neighbors': 19},0.5571199155490655,0.07634230233776372,0.13078378264129337,0.1467300946698695,0.5659896412020285,0.07532668850786414,0.5599040824080185,0.12382793153018212,0.5614307931570762,0.5619876491547193,"{0: 0.5883632106392398, 1: 0.5883632106392397}","{0: 0.5883632106392398, 1: 0.5883632106392397}",0.5883632106392397,"[[396 241]
 [323 326]]",[0. 0. 0. ... 0. 0. 1.],[0. 1. 1. ... 1. 0. 0.]
978,randomforest,"{'criterion': 'entropy', 'max_features': 'log2', 'n_estimators': 571}",0.5623978346919541,0.07608468958626574,0.13071936604574563,0.15078400580868112,0.5652336205169589,0.07521892717974628,0.5599149602001849,0.1206300180814317,0.5606531881804043,0.5602738665692661,"{0: 0.5937331433699473, 1: 0.5937331433699472}","{0: 0.5937331433699473, 1: 0.5937331433699472}",0.5937331433699472,"[[331 306]
 [259 390]]",[0. 1. 0. ... 0. 1. 1.],[0. 1. 1. ... 1. 0. 0.]
937,knn,{'n_neighbors': 23},0.5564594126381716,0.08583889826835296,0.13064092725126342,0.16117775255822786,0.5667414836365615,0.07904355980652053,0.5606496715895273,0.1271626736358521,0.5629860031104199,0.5636736145210721,"{0: 0.593987126674778, 1: 0.593987126674778}","{0: 0.593987126674778, 1: 0.593987126674778}",0.593987126674778,"[[406 231]
 [331 318]]",[0. 0. 0. ... 0. 0. 1.],[0. 1. 1. ... 1. 0. 0.]
207,knn,{'n_neighbors': 23},0.5564594126381716,0.08583889826835296,0.13064092725126342,0.16117775255822786,0.5667414836365615,0.07904355980652053,0.5606496715895273,0.1271626736358521,0.5629860031104199,0.5636736145210721,"{0: 0.593987126674778, 1: 0.593987126674778}","{0: 0.593987126674778, 1: 0.593987126674778}",0.593987126674778,"[[406 231]
 [331 318]]",[0. 0. 0. ... 0. 0. 1.],[0. 1. 1. ... 1. 0. 0.]
548,knn,{'n_neighbors': 23},0.5564594126381716,0.08583889826835296,0.13064092725126342,0.16117775255822786,0.5667414836365615,0.07904355980652053,0.5606496715895273,0.1271626736358521,0.5629860031104199,0.5636736145210721,"{0: 0.593987126674778, 1: 0.593987126674778}","{0: 0.593987126674778, 1: 0.593987126674778}",0.593987126674778,"[[406 231]
 [331 318]]",[0. 0. 0. ... 0. 0. 1.],[0. 1. 1. ... 1. 0. 0.]
893,randomforest,"{'criterion': 'entropy', 'max_features': 'log2', 'n_estimators': 143}",0.5635596478764624,0.07793035025501001,0.1302596609000942,0.15751651200170752,0.5660049942565145,0.07754006657886577,0.5607761250087835,0.12222466955021083,0.5614307931570762,0.5610733092573286,"{0: 0.5909381175725, 1: 0.5909381175725001}","{0: 0.5909381175725, 1: 0.5909381175725001}",0.5909381175725001,"[[333 304]
 [260 389]]",[0. 1. 0. ... 0. 0. 1.],[0. 1. 1. ... 1. 0. 0.]
148,AdaBoost,"{'algorithm': 'SAMME', 'learning_rate': 0.9979591836734693, 'n_estimators': 74}",0.5562793988121026,0.09290358167800902,0.13012779075053982,0.18388316112919656,0.5645671979612227,0.09121662293568843,0.568914958572123,0.13883859176652902,0.5692068429237948,0.5694595960939787,"{0: 0.6087242055765059, 1: 0.6087242055765058}","{0: 0.6087242055765059, 1: 0.6087242055765058}",0.6087242055765058,"[[380 257]
 [297 352]]",[0. 1. 0. ... 0. 0. 1.],[0. 1. 1. ... 1. 0. 0.]
343,AdaBoost,"{'algorithm': 'SAMME', 'learning_rate': 0.9979591836734693, 'n_estimators': 74}",0.5562793988121026,0.09290358167800902,0.13012779075053982,0.18388316112919656,0.5645671979612227,0.09121662293568843,0.568914958572123,0.13883859176652902,0.5692068429237948,0.5694595960939787,"{0: 0.6087242055765059, 1: 0.6087242055765058}","{0: 0.6087242055765059, 1: 0.6087242055765058}",0.6087242055765058,"[[380 257]
 [297 352]]",[0. 1. 0. ... 0. 0. 1.],[0. 1. 1. ... 1. 0. 0.]
438,AdaBoost,"{'algorithm': 'SAMME', 'learning_rate': 0.9979591836734693, 'n_estimators': 74}",0.5562793988121026,0.09290358167800902,0.13012779075053982,0.18388316112919656,0.5645671979612227,0.09121662293568843,0.568914958572123,0.13883859176652902,0.5692068429237948,0.5694595960939787,"{0: 0.6087242055765059, 1: 0.6087242055765058}","{0: 0.6087242055765059, 1: 0.6087242055765058}",0.6087242055765058,"[[380 257]
 [297 352]]",[0. 1. 0. ... 0. 0. 1.],[0. 1. 1. ... 1. 0. 0.]
649,randomforest,"{'criterion': 'entropy', 'max_features': 'sqrt', 'n_estimators': 317}",0.5631153659498681,0.08275286856273288,0.1299111939746144,0.166174739015813,0.5662455506434088,0.08144813785308892,0.5660305251610239,0.1330309096674711,0.5668740279937792,0.5664662214299019,"{0: 0.5935638211667267, 1: 0.5935638211667268}","{0: 0.5935638211667267, 1: 0.5935638211667268}",0.5935638211667268,"[[333 304]
 [253 396]]",[0. 1. 0. ... 0. 0. 1.],[0. 1. 1. ... 1. 0. 0.]
371,randomforest,"{'criterion': 'gini', 'max_features': 'sqrt', 'n_estimators': 437}",0.5623466045930217,0.08252716311535235,0.12958568193231587,0.16303234076607478,0.5656544930715127,0.08149111661999202,0.5578339940574101,0.1173120921955767,0.5590979782270606,0.5586024145346179,"{0: 0.5921536091027617, 1: 0.5921536091027617}","{0: 0.5921536091027617, 1: 0.5921536091027617}",0.5921536091027617,"[[322 315]
 [252 397]]",[0. 1. 0. ... 0. 1. 1.],[0. 1. 1. ... 1. 0. 0.]
830,AdaBoost,"{'algorithm': 'SAMME.R', 'learning_rate': 1.8959183673469386, 'n_estimators': 30}",0.551696228759044,0.10256879748151908,0.12929072208829112,0.18952307154689046,0.5656856111770482,0.09100700421034723,0.5831557379276487,0.17048092788859925,0.5847589424572317,0.5853468565332972,"{0: 0.5964870480608979, 1: 0.5964870480608979}","{0: 0.5964870480608979, 1: 0.5964870480608979}",0.5964870480608979,"[[413 224]
 [310 339]]",[1. 1. 0. ... 0. 0. 1.],[0. 1. 1. ... 1. 0. 0.]
749,AdaBoost,"{'algorithm': 'SAMME.R', 'learning_rate': 1.8959183673469386, 'n_estimators': 30}",0.551696228759044,0.10256879748151908,0.12929072208829112,0.18952307154689046,0.5656856111770482,0.09100700421034723,0.5831557379276487,0.17048092788859925,0.5847589424572317,0.5853468565332972,"{0: 0.5964870480608979, 1: 0.5964870480608979}","{0: 0.5964870480608979, 1: 0.5964870480608979}",0.5964870480608979,"[[413 224]
 [310 339]]",[1. 1. 0. ... 0. 0. 1.],[0. 1. 1. ... 1. 0. 0.]
567,AdaBoost,"{'algorithm': 'SAMME.R', 'learning_rate': 1.8959183673469386, 'n_estimators': 30}",0.551696228759044,0.10256879748151908,0.12929072208829112,0.18952307154689046,0.5656856111770482,0.09100700421034723,0.5831557379276487,0.17048092788859925,0.5847589424572317,0.5853468565332972,"{0: 0.5964870480608979, 1: 0.5964870480608979}","{0: 0.5964870480608979, 1: 0.5964870480608979}",0.5964870480608979,"[[413 224]
 [310 339]]",[1. 1. 0. ... 0. 0. 1.],[0. 1. 1. ... 1. 0. 0.]
926,AdaBoost,"{'algorithm': 'SAMME.R', 'learning_rate': 1.8959183673469386, 'n_estimators': 30}",0.551696228759044,0.10256879748151908,0.12929072208829112,0.18952307154689046,0.5656856111770482,0.09100700421034723,0.5831557379276487,0.17048092788859925,0.5847589424572317,0.5853468565332972,"{0: 0.5964870480608979, 1: 0.5964870480608979}","{0: 0.5964870480608979, 1: 0.5964870480608979}",0.5964870480608979,"[[413 224]
 [310 339]]",[1. 1. 0. ... 0. 0. 1.],[0. 1. 1. ... 1. 0. 0.]
659,AdaBoost,"{'algorithm': 'SAMME.R', 'learning_rate': 1.8959183673469386, 'n_estimators': 30}",0.551696228759044,0.10256879748151908,0.12929072208829112,0.18952307154689046,0.5656856111770482,0.09100700421034723,0.5831557379276487,0.17048092788859925,0.5847589424572317,0.5853468565332972,"{0: 0.5964870480608979, 1: 0.5964870480608979}","{0: 0.5964870480608979, 1: 0.5964870480608979}",0.5964870480608979,"[[413 224]
 [310 339]]",[1. 1. 0. ... 0. 0. 1.],[0. 1. 1. ... 1. 0. 0.]
99,randomforest,"{'criterion': 'gini', 'max_features': 'sqrt', 'n_estimators': 565}",0.5610792422749491,0.08623440503212301,0.12897151541912127,0.1702013916449177,0.5641083753331824,0.08527409496361613,0.5573660213553604,0.11587091401610794,0.5583203732503889,0.5578900518367831,"{0: 0.5938395744691145, 1: 0.5938395744691144}","{0: 0.5938395744691145, 1: 0.5938395744691144}",0.5938395744691144,"[[326 311]
 [257 392]]",[0. 1. 0. ... 0. 1. 1.],[0. 1. 1. ... 1. 0. 0.]
126,randomforest,"{'criterion': 'entropy', 'max_features': None, 'n_estimators': 153}",0.561318207636655,0.10646325474970678,0.12745323151209204,0.21139747340561332,0.5639508115168723,0.10663684354727304,0.5780531637806993,0.15653762842310348,0.578538102643857,0.5782256484435662,"{0: 0.596653951375501, 1: 0.5966539513755009}","{0: 0.596653951375501, 1: 0.5966539513755009}",0.5966539513755009,"[[347 290]
 [252 397]]",[1. 1. 0. ... 0. 0. 1.],[0. 1. 1. ... 1. 0. 0.]
5,randomforest,"{'criterion': 'entropy', 'max_features': 'sqrt', 'n_estimators': 549}",0.5611153920857709,0.08129416139045269,0.12638366504183984,0.1628560871505865,0.5638546894030556,0.08065622531287768,0.5589877041596045,0.11900963686846555,0.5598755832037325,0.559459910549499,"{0: 0.5926361773819401, 1: 0.5926361773819402}","{0: 0.5926361773819401, 1: 0.5926361773819402}",0.5926361773819402,"[[328 309]
 [257 392]]",[0. 1. 0. ... 0. 1. 1.],[0. 1. 1. ... 1. 0. 0.]
960,AdaBoost,"{'algorithm': 'SAMME.R', 'learning_rate': 0.3448979591836735, 'n_estimators': 63}",0.5580571325262924,0.09529156844871293,0.1261484261547046,0.18835106275801283,0.5641516058189685,0.09210011375442338,0.569743840978562,0.14035562754602493,0.5699844479004665,0.5702154987869273,"{0: 0.5930014295631729, 1: 0.5930014295631729}","{0: 0.5930014295631729, 1: 0.5930014295631729}",0.5930014295631729,"[[379 258]
 [295 354]]",[1. 1. 0. ... 0. 0. 1.],[0. 1. 1. ... 1. 0. 0.]
953,knn,{'n_neighbors': 13},0.5581434295017186,0.08550126533358253,0.12595880831884226,0.16720169127584875,0.5645479720597258,0.08363690945733422,0.5577602276125229,0.11910359408033833,0.5590979782270606,0.5596183477539409,"{0: 0.5842063505501763, 1: 0.5842063505501761}","{0: 0.5842063505501763, 1: 0.5842063505501761}",0.5842063505501761,"[[392 245]
 [322 327]]",[0. 0. 0. ... 0. 0. 1.],[0. 1. 1. ... 1. 0. 0.]
573,knn,{'n_neighbors': 13},0.5581434295017186,0.08550126533358253,0.12595880831884226,0.16720169127584875,0.5645479720597258,0.08363690945733422,0.5577602276125229,0.11910359408033833,0.5590979782270606,0.5596183477539409,"{0: 0.5842063505501763, 1: 0.5842063505501761}","{0: 0.5842063505501763, 1: 0.5842063505501761}",0.5842063505501761,"[[392 245]
 [322 327]]",[0. 0. 0. ... 0. 0. 1.],[0. 1. 1. ... 1. 0. 0.]
228,knn,{'n_neighbors': 13},0.5581434295017186,0.08550126533358253,0.12595880831884226,0.16720169127584875,0.5645479720597258,0.08363690945733422,0.5577602276125229,0.11910359408033833,0.5590979782270606,0.5596183477539409,"{0: 0.5842063505501763, 1: 0.5842063505501761}","{0: 0.5842063505501763, 1: 0.5842063505501761}",0.5842063505501761,"[[392 245]
 [322 327]]",[0. 0. 0. ... 0. 0. 1.],[0. 1. 1. ... 1. 0. 0.]
484,randomforest,"{'criterion': 'gini', 'max_features': 'log2', 'n_estimators': 67}",0.5590659695909905,0.0979360540396042,0.12557381166434975,0.19103360970183592,0.5618559063505937,0.09703935948621394,0.5645884296493865,0.1299684603672926,0.5653188180404355,0.5649399027122999,"{0: 0.5928647623562878, 1: 0.5928647623562877}","{0: 0.5928647623562878, 1: 0.5928647623562877}",0.5928647623562877,"[[334 303]
 [256 393]]",[0. 1. 0. ... 0. 1. 1.],[0. 1. 1. ... 1. 0. 0.]
11,randomforest,"{'criterion': 'gini', 'max_features': 'log2', 'n_estimators': 127}",0.5615729126438929,0.09043517921396153,0.12537989982949327,0.1846441458405438,0.5646642903687746,0.08915393369484824,0.5646960660080007,0.13001900013312206,0.5653188180404355,0.564968929375709,"{0: 0.5932118728728899, 1: 0.5932118728728899}","{0: 0.5932118728728899, 1: 0.5932118728728899}",0.5932118728728899,"[[336 301]
 [258 391]]",[0. 1. 0. ... 0. 1. 1.],[0. 1. 1. ... 1. 0. 0.]
983,AdaBoost,"{'algorithm': 'SAMME.R', 'learning_rate': 0.26326530612244897, 'n_estimators': 63}",0.5575546524976435,0.09139455088273979,0.12531987712454307,0.18005644595247872,0.5641205770579055,0.08793900774724726,0.5673586948846578,0.13572970581622767,0.567651632970451,0.5679042507129675,"{0: 0.5924595985128673, 1: 0.5924595985128672}","{0: 0.5924595985128673, 1: 0.5924595985128672}",0.5924595985128672,"[[379 258]
 [298 351]]",[1. 1. 0. ... 0. 0. 1.],[0. 1. 1. ... 1. 0. 0.]
113,AdaBoost,"{'algorithm': 'SAMME', 'learning_rate': 1.2428571428571429, 'n_estimators': 85}",0.5534207307995992,0.11106122878410156,0.1251789157560805,0.22058017785864184,0.5623294833410791,0.10741854405597608,0.570621869982329,0.14182299990570435,0.5707620528771384,0.5709423748164668,"{0: 0.601696124698546, 1: 0.601696124698546}","{0: 0.601696124698546, 1: 0.601696124698546}",0.601696124698546,"[[376 261]
 [291 358]]",[0. 1. 0. ... 0. 0. 1.],[0. 1. 1. ... 1. 0. 0.]
423,AdaBoost,"{'algorithm': 'SAMME', 'learning_rate': 1.5693877551020408, 'n_estimators': 74}",0.5555585623487016,0.07322736750283028,0.12498610831472344,0.14672713226799933,0.5633702444268662,0.07193003149514755,0.5622155455918247,0.12445491417694754,0.562208398133748,0.5622355852380065,"{0: 0.5803651554256881, 1: 0.5803651554256881}","{0: 0.5803651554256881, 1: 0.5803651554256881}",0.5803651554256881,"[[360 277]
 [286 363]]",[0. 1. 0. ... 1. 0. 1.],[0. 1. 1. ... 1. 0. 0.]
464,AdaBoost,"{'algorithm': 'SAMME', 'learning_rate': 1.8142857142857143, 'n_estimators': 96}",0.5561184583263534,0.09481019590346226,0.12491519325041636,0.17986369478691114,0.5662295305254125,0.08576334104357256,0.5623856277076374,0.1253627520506534,0.5629860031104199,0.5626431679700445,"{0: 0.5773814563160811, 1: 0.577381456316081}","{0: 0.5773814563160811, 1: 0.577381456316081}",0.577381456316081,"[[335 302]
 [260 389]]",[1. 1. 1. ... 0. 0. 1.],[0. 1. 1. ... 1. 0. 0.]
10,AdaBoost,"{'algorithm': 'SAMME', 'learning_rate': 1.8142857142857143, 'n_estimators': 96}",0.5561184583263534,0.09481019590346226,0.12491519325041636,0.17986369478691114,0.5662295305254125,0.08576334104357256,0.5623856277076374,0.1253627520506534,0.5629860031104199,0.5626431679700445,"{0: 0.5773814563160811, 1: 0.577381456316081}","{0: 0.5773814563160811, 1: 0.577381456316081}",0.577381456316081,"[[335 302]
 [260 389]]",[1. 1. 1. ... 0. 0. 1.],[0. 1. 1. ... 1. 0. 0.]
559,randomforest,"{'criterion': 'gini', 'max_features': 'log2', 'n_estimators': 339}",0.5605891821135892,0.09359547622608538,0.12447302997911786,0.18881514949212974,0.563590584484068,0.09302813113038566,0.565597168615554,0.13163837022157143,0.5660964230171073,0.5657828853954763,"{0: 0.5953900820728908, 1: 0.5953900820728908}","{0: 0.5953900820728908, 1: 0.5953900820728908}",0.5953900820728908,"[[339 298]
 [260 389]]",[0. 1. 0. ... 0. 1. 1.],[0. 1. 1. ... 1. 0. 0.]
692,AdaBoost,"{'algorithm': 'SAMME.R', 'learning_rate': 1.1612244897959183, 'n_estimators': 30}",0.5590787333034775,0.08633825649166679,0.12437298832322483,0.17446015471457374,0.5631907194506197,0.08656248865132189,0.5629690910085678,0.12609882735321354,0.5629860031104199,0.5630640545894783,"{0: 0.565432146545948, 1: 0.5654321465459481}","{0: 0.565432146545948, 1: 0.5654321465459481}",0.5654321465459481,"[[364 273]
 [289 360]]",[1. 1. 0. ... 0. 0. 1.],[0. 1. 1. ... 1. 0. 0.]
966,AdaBoost,"{'algorithm': 'SAMME.R', 'learning_rate': 1.1612244897959183, 'n_estimators': 30}",0.5590787333034775,0.08633825649166679,0.12437298832322483,0.17446015471457374,0.5631907194506197,0.08656248865132189,0.5629690910085678,0.12609882735321354,0.5629860031104199,0.5630640545894783,"{0: 0.565432146545948, 1: 0.5654321465459481}","{0: 0.565432146545948, 1: 0.5654321465459481}",0.5654321465459481,"[[364 273]
 [289 360]]",[1. 1. 0. ... 0. 0. 1.],[0. 1. 1. ... 1. 0. 0.]
868,AdaBoost,"{'algorithm': 'SAMME.R', 'learning_rate': 1.1612244897959183, 'n_estimators': 30}",0.5590787333034775,0.08633825649166679,0.12437298832322483,0.17446015471457374,0.5631907194506197,0.08656248865132189,0.5629690910085678,0.12609882735321354,0.5629860031104199,0.5630640545894783,"{0: 0.565432146545948, 1: 0.5654321465459481}","{0: 0.565432146545948, 1: 0.5654321465459481}",0.5654321465459481,"[[364 273]
 [289 360]]",[1. 1. 0. ... 0. 0. 1.],[0. 1. 1. ... 1. 0. 0.]
602,AdaBoost,"{'algorithm': 'SAMME.R', 'learning_rate': 1.1612244897959183, 'n_estimators': 30}",0.5590787333034775,0.08633825649166679,0.12437298832322483,0.17446015471457374,0.5631907194506197,0.08656248865132189,0.5629690910085678,0.12609882735321354,0.5629860031104199,0.5630640545894783,"{0: 0.565432146545948, 1: 0.5654321465459481}","{0: 0.565432146545948, 1: 0.5654321465459481}",0.5654321465459481,"[[364 273]
 [289 360]]",[1. 1. 0. ... 0. 0. 1.],[0. 1. 1. ... 1. 0. 0.]
784,AdaBoost,"{'algorithm': 'SAMME.R', 'learning_rate': 1.1612244897959183, 'n_estimators': 30}",0.5590787333034775,0.08633825649166679,0.12437298832322483,0.17446015471457374,0.5631907194506197,0.08656248865132189,0.5629690910085678,0.12609882735321354,0.5629860031104199,0.5630640545894783,"{0: 0.565432146545948, 1: 0.5654321465459481}","{0: 0.565432146545948, 1: 0.5654321465459481}",0.5654321465459481,"[[364 273]
 [289 360]]",[1. 1. 0. ... 0. 0. 1.],[0. 1. 1. ... 1. 0. 0.]
933,AdaBoost,"{'algorithm': 'SAMME.R', 'learning_rate': 1.079591836734694, 'n_estimators': 41}",0.5586533941524868,0.09570068003364678,0.12429749380622056,0.188368913295328,0.5638880811721402,0.09270746175211675,0.5621858966591433,0.12455654571176389,0.562208398133748,0.562293638564825,"{0: 0.5647596955103008, 1: 0.5647596955103009}","{0: 0.5647596955103008, 1: 0.5647596955103009}",0.5647596955103009,"[[364 273]
 [290 359]]",[0. 1. 0. ... 0. 0. 1.],[0. 1. 1. ... 1. 0. 0.]
326,randomforest,"{'criterion': 'gini', 'max_features': 'log2', 'n_estimators': 181}",0.5597359043400713,0.08567158682296225,0.12355220000790208,0.16979687011879163,0.5629213074428201,0.08454045116475076,0.5552975495457619,0.11131738889440213,0.5559875583203733,0.5556223437579371,"{0: 0.5935747061655051, 1: 0.5935747061655051}","{0: 0.5935747061655051, 1: 0.5935747061655051}",0.5935747061655051,"[[329 308]
 [263 386]]",[0. 1. 0. ... 0. 1. 1.],[0. 1. 1. ... 1. 0. 0.]
611,knn,{'n_neighbors': 17},0.5554799493584753,0.07417897595653578,0.1225412508194859,0.14846165824741706,0.5622580683416939,0.0726145118070261,0.5651593109120319,0.13476512012755626,0.5668740279937792,0.5674676413175203,"{0: 0.5852029326605597, 1: 0.5852029326605597}","{0: 0.5852029326605597, 1: 0.5852029326605597}",0.5852029326605597,"[[402 235]
 [322 327]]",[0. 0. 0. ... 0. 0. 1.],[0. 1. 1. ... 1. 0. 0.]
256,knn,{'n_neighbors': 17},0.5554799493584753,0.07417897595653578,0.1225412508194859,0.14846165824741706,0.5622580683416939,0.0726145118070261,0.5651593109120319,0.13476512012755626,0.5668740279937792,0.5674676413175203,"{0: 0.5852029326605597, 1: 0.5852029326605597}","{0: 0.5852029326605597, 1: 0.5852029326605597}",0.5852029326605597,"[[402 235]
 [322 327]]",[0. 0. 0. ... 0. 0. 1.],[0. 1. 1. ... 1. 0. 0.]
981,knn,{'n_neighbors': 17},0.5554799493584753,0.07417897595653578,0.1225412508194859,0.14846165824741706,0.5622580683416939,0.0726145118070261,0.5651593109120319,0.13476512012755626,0.5668740279937792,0.5674676413175203,"{0: 0.5852029326605597, 1: 0.5852029326605597}","{0: 0.5852029326605597, 1: 0.5852029326605597}",0.5852029326605597,"[[402 235]
 [322 327]]",[0. 0. 0. ... 0. 0. 1.],[0. 1. 1. ... 1. 0. 0.]
387,AdaBoost,"{'algorithm': 'SAMME', 'learning_rate': 1.4877551020408164, 'n_estimators': 74}",0.5590712045904026,0.09662443188489853,0.12218837536410136,0.1951876855014507,0.5638730982687421,0.09395041158657476,0.5762081065286492,0.15247207234224713,0.5762052877138414,0.5762482069988124,"{0: 0.59442857384746, 1: 0.5944285738474602}","{0: 0.59442857384746, 1: 0.5944285738474602}",0.5944285738474602,"[[370 267]
 [278 371]]",[0. 1. 0. ... 0. 0. 1.],[0. 1. 1. ... 1. 0. 0.]
136,randomforest,"{'criterion': 'gini', 'max_features': 'log2', 'n_estimators': 477}",0.5585373619771175,0.09073482808165298,0.12144418946472336,0.17935448419520403,0.5614117453013331,0.08950584728299407,0.5496998670405735,0.1003575292958585,0.5505443234836703,0.550142351595136,"{0: 0.5887405572635598, 1: 0.5887405572635598}","{0: 0.5887405572635598, 1: 0.5887405572635598}",0.5887405572635598,"[[323 314]
 [264 385]]",[0. 1. 0. ... 0. 1. 1.],[0. 1. 1. ... 1. 0. 0.]
700,randomforest,"{'criterion': 'entropy', 'max_features': 'log2', 'n_estimators': 439}",0.5570908178587896,0.08107286766533955,0.12101022696182653,0.15990865512512284,0.5601259630954004,0.08000301341692331,0.5543742628844429,0.10969637847271807,0.5552099533437014,0.5548083877381698,"{0: 0.5931247928826622, 1: 0.5931247928826622}","{0: 0.5931247928826622, 1: 0.5931247928826622}",0.5931247928826622,"[[326 311]
 [261 388]]",[0. 1. 0. ... 0. 1. 1.],[0. 1. 1. ... 1. 0. 0.]
435,randomforest,"{'criterion': 'gini', 'max_features': 'sqrt', 'n_estimators': 255}",0.5583186245121299,0.0911945704106342,0.12093125523571531,0.18133744946170408,0.5614141773542428,0.09042248633455566,0.5583571370504512,0.11751720398614474,0.5590979782270606,0.5587185211882548,"{0: 0.5927462368140333, 1: 0.5927462368140334}","{0: 0.5927462368140333, 1: 0.5927462368140334}",0.5927462368140334,"[[330 307]
 [260 389]]",[0. 1. 0. ... 0. 1. 1.],[0. 1. 1. ... 1. 0. 0.]
804,AdaBoost,"{'algorithm': 'SAMME.R', 'learning_rate': 1.2428571428571429, 'n_estimators': 41}",0.5568843018303758,0.09894728873564358,0.12086136265347118,0.19694963279570432,0.5612233023311834,0.09745680096068388,0.5645127751108628,0.12923406550090566,0.5645412130637636,0.5646339133021941,"{0: 0.5725255374165785, 1: 0.5725255374165785}","{0: 0.5725255374165785, 1: 0.5725255374165785}",0.5725255374165785,"[[366 271]
 [289 360]]",[1. 1. 0. ... 0. 0. 1.],[0. 1. 1. ... 1. 0. 0.]
672,AdaBoost,"{'algorithm': 'SAMME.R', 'learning_rate': 1.8142857142857143, 'n_estimators': 30}",0.5552057300093244,0.11416007850912965,0.12071748384310617,0.22756347575984012,0.5614417934577365,0.10995648411462565,0.5753999509036312,0.150707465582265,0.5754276827371695,0.5753471709888175,"{0: 0.5983725717381891, 1: 0.5983725717381891}","{0: 0.5983725717381891, 1: 0.5983725717381891}",0.5983725717381891,"[[361 276]
 [270 379]]",[1. 1. 0. ... 0. 0. 1.],[0. 1. 1. ... 1. 0. 0.]
934,AdaBoost,"{'algorithm': 'SAMME.R', 'learning_rate': 1.8142857142857143, 'n_estimators': 30}",0.5552057300093244,0.11416007850912965,0.12071748384310617,0.22756347575984012,0.5614417934577365,0.10995648411462565,0.5753999509036312,0.150707465582265,0.5754276827371695,0.5753471709888175,"{0: 0.5983725717381891, 1: 0.5983725717381891}","{0: 0.5983725717381891, 1: 0.5983725717381891}",0.5983725717381891,"[[361 276]
 [270 379]]",[1. 1. 0. ... 0. 0. 1.],[0. 1. 1. ... 1. 0. 0.]
588,AdaBoost,"{'algorithm': 'SAMME.R', 'learning_rate': 1.8142857142857143, 'n_estimators': 30}",0.5552057300093244,0.11416007850912965,0.12071748384310617,0.22756347575984012,0.5614417934577365,0.10995648411462565,0.5753999509036312,0.150707465582265,0.5754276827371695,0.5753471709888175,"{0: 0.5983725717381891, 1: 0.5983725717381891}","{0: 0.5983725717381891, 1: 0.5983725717381891}",0.5983725717381891,"[[361 276]
 [270 379]]",[1. 1. 0. ... 0. 0. 1.],[0. 1. 1. ... 1. 0. 0.]
840,AdaBoost,"{'algorithm': 'SAMME.R', 'learning_rate': 1.8142857142857143, 'n_estimators': 30}",0.5552057300093244,0.11416007850912965,0.12071748384310617,0.22756347575984012,0.5614417934577365,0.10995648411462565,0.5753999509036312,0.150707465582265,0.5754276827371695,0.5753471709888175,"{0: 0.5983725717381891, 1: 0.5983725717381891}","{0: 0.5983725717381891, 1: 0.5983725717381891}",0.5983725717381891,"[[361 276]
 [270 379]]",[1. 1. 0. ... 0. 0. 1.],[0. 1. 1. ... 1. 0. 0.]
575,AdaBoost,"{'algorithm': 'SAMME.R', 'learning_rate': 1.079591836734694, 'n_estimators': 30}",0.5566148264268327,0.09038389750720038,0.11976258349716787,0.1808337298330763,0.5621741965721724,0.08730333101450462,0.5621414192683288,0.12463275388041617,0.562208398133748,0.5623371785599389,"{0: 0.5695430477512802, 1: 0.5695430477512802}","{0: 0.5695430477512802, 1: 0.5695430477512802}",0.5695430477512802,"[[367 270]
 [293 356]]",[1. 1. 0. ... 0. 0. 1.],[0. 1. 1. ... 1. 0. 0.]
836,AdaBoost,"{'algorithm': 'SAMME.R', 'learning_rate': 1.079591836734694, 'n_estimators': 30}",0.5566148264268327,0.09038389750720038,0.11976258349716787,0.1808337298330763,0.5621741965721724,0.08730333101450462,0.5621414192683288,0.12463275388041617,0.562208398133748,0.5623371785599389,"{0: 0.5695430477512802, 1: 0.5695430477512802}","{0: 0.5695430477512802, 1: 0.5695430477512802}",0.5695430477512802,"[[367 270]
 [293 356]]",[1. 1. 0. ... 0. 0. 1.],[0. 1. 1. ... 1. 0. 0.]
175,randomforest,"{'criterion': 'entropy', 'max_features': 'log2', 'n_estimators': 61}",0.5582991311300808,0.09249461215063656,0.11964283275865359,0.1844674117504941,0.5618903374798218,0.09062752961536177,0.5594150693216041,0.11921432149797795,0.5598755832037325,0.5595760172031359,"{0: 0.5887357194863247, 1: 0.5887357194863249}","{0: 0.5887357194863247, 1: 0.5887357194863249}",0.5887357194863249,"[[336 301]
 [265 384]]",[0. 1. 0. ... 0. 1. 1.],[0. 1. 1. ... 1. 0. 0.]
748,AdaBoost,"{'algorithm': 'SAMME.R', 'learning_rate': 1.079591836734694, 'n_estimators': 85}",0.5564948640773845,0.0880925067263144,0.11956303816915698,0.17718132669651027,0.5619800538018815,0.08672656658665842,0.571517635984348,0.14321608647812056,0.5715396578538102,0.5716257108508924,"{0: 0.5681775851267377, 1: 0.5681775851267377}","{0: 0.5681775851267377, 1: 0.5681775851267377}",0.5681775851267377,"[[370 267]
 [284 365]]",[0. 1. 0. ... 0. 0. 1.],[0. 1. 1. ... 1. 0. 0.]
664,AdaBoost,"{'algorithm': 'SAMME.R', 'learning_rate': 1.079591836734694, 'n_estimators': 85}",0.5564948640773845,0.0880925067263144,0.11956303816915698,0.17718132669651027,0.5619800538018815,0.08672656658665842,0.571517635984348,0.14321608647812056,0.5715396578538102,0.5716257108508924,"{0: 0.5681775851267377, 1: 0.5681775851267377}","{0: 0.5681775851267377, 1: 0.5681775851267377}",0.5681775851267377,"[[370 267]
 [284 365]]",[0. 1. 0. ... 0. 0. 1.],[0. 1. 1. ... 1. 0. 0.]
205,randomforest,"{'criterion': 'gini', 'max_features': 'sqrt', 'n_estimators': 113}",0.5569936848201248,0.08266387216542755,0.11934843032413518,0.1668634208648857,0.560807224281658,0.08158836297960739,0.5556037168836035,0.11268045505056257,0.5567651632970451,0.556291166460658,"{0: 0.5911509797708345, 1: 0.5911509797708345}","{0: 0.5911509797708345, 1: 0.5911509797708345}",0.5911509797708345,"[[322 315]
 [255 394]]",[0. 1. 0. ... 0. 1. 1.],[0. 1. 1. ... 1. 0. 0.]
739,randomforest,"{'criterion': 'gini', 'max_features': 'log2', 'n_estimators': 261}",0.5580557820914464,0.0869809228744396,0.11913516558192222,0.17425538223096448,0.5606326639907546,0.08595709614454095,0.5567993139007172,0.11440438989085777,0.557542768273717,0.5571631758072436,"{0: 0.5934537617346334, 1: 0.5934537617346334}","{0: 0.5934537617346334, 1: 0.5934537617346334}",0.5934537617346334,"[[329 308]
 [261 388]]",[0. 1. 0. ... 0. 1. 1.],[0. 1. 1. ... 1. 0. 0.]
49,randomforest,"{'criterion': 'gini', 'max_features': 'sqrt', 'n_estimators': 341}",0.5553871285139685,0.08490300504858421,0.1190582976561318,0.16669935530162364,0.5590188203761706,0.08297335888665026,0.5515191101733973,0.10483193429905835,0.5528771384136858,0.5523665196788683,"{0: 0.5926240829388529, 1: 0.5926240829388529}","{0: 0.5926240829388529, 1: 0.5926240829388529}",0.5926240829388529,"[[317 320]
 [255 394]]",[0. 1. 0. ... 0. 0. 1.],[0. 1. 1. ... 1. 0. 0.]
56,randomforest,"{'criterion': 'entropy', 'max_features': 'log2', 'n_estimators': 599}",0.555682439849964,0.08203004297065342,0.11895898000378903,0.15984191690563754,0.558768282221215,0.08021921061683907,0.5518107364182042,0.10493595532002975,0.5528771384136858,0.5524245730056868,"{0: 0.5902463154279135, 1: 0.5902463154279134}","{0: 0.5902463154279135, 1: 0.5902463154279134}",0.5902463154279134,"[[321 316]
 [259 390]]",[0. 1. 0. ... 0. 1. 1.],[0. 1. 1. ... 1. 0. 0.]
336,AdaBoost,"{'algorithm': 'SAMME.R', 'learning_rate': 1.9775510204081632, 'n_estimators': 41}",0.5330879998561576,0.08818125401677697,0.11798642215702823,0.15857277164221556,0.5575657968408627,0.07663319341444547,0.540504118766789,0.12149791688252853,0.5590979782270606,0.5609826009341747,"{0: 0.5514533892257864, 1: 0.5514533892257862}","{0: 0.5514533892257864, 1: 0.5514533892257862}",0.5514533892257862,"[[486 151]
 [416 233]]",[1. 0. 0. ... 0. 0. 1.],[0. 1. 1. ... 1. 0. 0.]
133,AdaBoost,"{'algorithm': 'SAMME.R', 'learning_rate': 1.9775510204081632, 'n_estimators': 41}",0.5330879998561576,0.08818125401677697,0.11798642215702823,0.15857277164221556,0.5575657968408627,0.07663319341444547,0.540504118766789,0.12149791688252853,0.5590979782270606,0.5609826009341747,"{0: 0.5514533892257864, 1: 0.5514533892257862}","{0: 0.5514533892257864, 1: 0.5514533892257862}",0.5514533892257862,"[[486 151]
 [416 233]]",[1. 0. 0. ... 0. 0. 1.],[0. 1. 1. ... 1. 0. 0.]
292,randomforest,"{'criterion': 'entropy', 'max_features': 'sqrt', 'n_estimators': 39}",0.556956205092589,0.0974275809525934,0.11781120003487454,0.19664534564631134,0.5611684688378039,0.09662842532088856,0.5549955138752884,0.11118830840291172,0.5559875583203733,0.5555497770994139,"{0: 0.5889860744582294, 1: 0.5889860744582294}","{0: 0.5889860744582294, 1: 0.5889860744582294}",0.5889860744582294,"[[324 313]
 [258 391]]",[0. 1. 0. ... 0. 0. 1.],[0. 1. 1. ... 1. 0. 0.]
963,randomforest,"{'criterion': 'gini', 'max_features': 'sqrt', 'n_estimators': 77}",0.5566878868249657,0.08147235447951102,0.1176815485592323,0.16303286690676666,0.5600574509039469,0.08040366854742295,0.5598573409488974,0.12060447473972391,0.5606531881804043,0.5602593532375615,"{0: 0.5863011080928757, 1: 0.5863011080928756}","{0: 0.5863011080928757, 1: 0.5863011080928756}",0.5863011080928756,"[[330 307]
 [258 391]]",[0. 1. 0. ... 0. 0. 1.],[0. 1. 1. ... 1. 0. 0.]
155,randomforest,"{'criterion': 'entropy', 'max_features': 'sqrt', 'n_estimators': 589}",0.5567639283501109,0.07962707681029574,0.11748734403294193,0.15942438975148,0.5597164955398476,0.07870021298172553,0.5581771888430282,0.11744029823648316,0.5590979782270606,0.5586749811931411,"{0: 0.5952316448684487, 1: 0.5952316448684487}","{0: 0.5952316448684487, 1: 0.5952316448684487}",0.5952316448684487,"[[327 310]
 [257 392]]",[0. 1. 0. ... 0. 1. 1.],[0. 1. 1. ... 1. 0. 0.]
117,randomforest,"{'criterion': 'entropy', 'max_features': 'log2', 'n_estimators': 597}",0.5553784490980267,0.08000134298805056,0.11743748774401506,0.15839656962474238,0.5584546766466345,0.07903342068106617,0.5549955138752884,0.11118830840291172,0.5559875583203733,0.5555497770994139,"{0: 0.5910772036680028, 1: 0.5910772036680026}","{0: 0.5910772036680028, 1: 0.5910772036680026}",0.5910772036680026,"[[324 313]
 [258 391]]",[0. 1. 0. ... 0. 1. 1.],[0. 1. 1. ... 1. 0. 0.]
838,randomforest,"{'criterion': 'entropy', 'max_features': 'sqrt', 'n_estimators': 401}",0.5568907838062376,0.08252297850174761,0.1173199455066652,0.1645975115205541,0.5598923379887343,0.08115333115686348,0.5549955138752884,0.11118830840291172,0.5559875583203733,0.5555497770994139,"{0: 0.5880197284555637, 1: 0.5880197284555638}","{0: 0.5880197284555637, 1: 0.5880197284555638}",0.5880197284555638,"[[324 313]
 [258 391]]",[0. 1. 0. ... 0. 0. 1.],[0. 1. 1. ... 1. 0. 0.]
226,randomforest,"{'criterion': 'entropy', 'max_features': 'log2', 'n_estimators': 335}",0.5566755758779469,0.08450856324145703,0.11722304433389281,0.16897522468553022,0.5596219478019219,0.08323234137735194,0.5559323948323993,0.112809328198338,0.5567651632970451,0.5563637331191811,"{0: 0.5892279633199731, 1: 0.5892279633199731}","{0: 0.5892279633199731, 1: 0.5892279633199731}",0.5892279633199731,"[[327 310]
 [260 389]]",[0. 1. 0. ... 0. 1. 1.],[0. 1. 1. ... 1. 0. 0.]
281,randomforest,"{'criterion': 'gini', 'max_features': 'sqrt', 'n_estimators': 235}",0.5540288587772427,0.0871263163589321,0.11708594285574576,0.1674579989496796,0.5585829021783006,0.08464262992489419,0.557300518427082,0.1158452298239796,0.5583203732503889,0.5578755385050784,"{0: 0.5929760312326899, 1: 0.5929760312326898}","{0: 0.5929760312326899, 1: 0.5929760312326898}",0.5929760312326898,"[[325 312]
 [256 393]]",[0. 1. 0. ... 0. 1. 1.],[0. 1. 1. ... 1. 0. 0.]
935,randomforest,"{'criterion': 'gini', 'max_features': 'log2', 'n_estimators': 85}",0.5556766873429921,0.08230267050656805,0.11701952536956321,0.16416289955234048,0.5593600148564393,0.0808927519546762,0.5501099154491226,0.1017705006936257,0.5513219284603421,0.5508402009612663,"{0: 0.5882942723136428, 1: 0.5882942723136428}","{0: 0.5882942723136428, 1: 0.5882942723136428}",0.5882942723136428,"[[318 319]
 [258 391]]",[0. 1. 0. ... 0. 1. 1.],[0. 1. 1. ... 1. 0. 0.]
572,AdaBoost,"{'algorithm': 'SAMME.R', 'learning_rate': 1.3244897959183672, 'n_estimators': 30}",0.5540118681087266,0.10947575402230594,0.11696718720019783,0.22032506355460024,0.5589653549202979,0.10833731065716823,0.5536601415440282,0.10725766463082786,0.5536547433903577,0.5536303889814785,"{0: 0.567940534042229, 1: 0.567940534042229}","{0: 0.567940534042229, 1: 0.567940534042229}",0.567940534042229,"[[351 286]
 [288 361]]",[1. 1. 0. ... 0. 0. 1.],[0. 1. 1. ... 1. 0. 0.]
431,AdaBoost,"{'algorithm': 'SAMME.R', 'learning_rate': 1.3244897959183672, 'n_estimators': 30}",0.5540118681087266,0.10947575402230594,0.11696718720019783,0.22032506355460024,0.5589653549202979,0.10833731065716823,0.5536601415440282,0.10725766463082786,0.5536547433903577,0.5536303889814785,"{0: 0.567940534042229, 1: 0.567940534042229}","{0: 0.567940534042229, 1: 0.567940534042229}",0.567940534042229,"[[351 286]
 [288 361]]",[1. 1. 0. ... 0. 0. 1.],[0. 1. 1. ... 1. 0. 0.]
3,randomforest,"{'criterion': 'entropy', 'max_features': 'sqrt', 'n_estimators': 429}",0.5544592505008977,0.07836199447148455,0.11674591700020037,0.1570166688879961,0.5581206921770523,0.07799647588337835,0.5549955138752884,0.11118830840291172,0.5559875583203733,0.5555497770994139,"{0: 0.5948288999136457, 1: 0.5948288999136457}","{0: 0.5948288999136457, 1: 0.5948288999136457}",0.5948288999136457,"[[324 313]
 [258 391]]",[0. 1. 0. ... 0. 1. 1.],[0. 1. 1. ... 1. 0. 0.]
21,AdaBoost,"{'algorithm': 'SAMME.R', 'learning_rate': 0.9163265306122448, 'n_estimators': 63}",0.5531106511118321,0.090623331909223,0.1158397473974624,0.17907684503215682,0.558313055211449,0.08822579376127375,0.5675564619462622,0.13555416387591912,0.567651632970451,0.5678026573910351,"{0: 0.5722558313357344, 1: 0.5722558313357344}","{0: 0.5722558313357344, 1: 0.5722558313357344}",0.5722558313357344,"[[372 265]
 [291 358]]",[1. 1. 0. ... 0. 0. 1.],[0. 1. 1. ... 1. 0. 0.]
922,randomforest,"{'criterion': 'entropy', 'max_features': 'sqrt', 'n_estimators': 541}",0.5539008284328876,0.08774623553904864,0.1153731378788405,0.17220465131196908,0.5572094882551356,0.08702640652758635,0.5624831698242676,0.1254135556711885,0.5629860031104199,0.5626721946334537,"{0: 0.5937307244813299, 1: 0.5937307244813298}","{0: 0.5937307244813299, 1: 0.5937307244813298}",0.5937307244813298,"[[337 300]
 [262 387]]",[0. 1. 0. ... 0. 1. 1.],[0. 1. 1. ... 1. 0. 0.]
63,randomforest,"{'criterion': 'gini', 'max_features': None, 'n_estimators': 509}",0.5555223853266608,0.10506178992651052,0.11534578764890858,0.20831416696999522,0.5581837234846063,0.10476045189985585,0.569418469007409,0.13938189642444831,0.5699844479004665,0.5696494788504474,"{0: 0.5933582156342447, 1: 0.5933582156342447}","{0: 0.5933582156342447, 1: 0.5933582156342447}",0.5933582156342447,"[[340 297]
 [256 393]]",[0. 1. 0. ... 0. 0. 1.],[0. 1. 1. ... 1. 0. 0.]
635,randomforest,"{'criterion': 'gini', 'max_features': None, 'n_estimators': 129}",0.5570047699326885,0.09369169626446257,0.11480275881682062,0.1921756618938733,0.5598186431023323,0.09243473125943197,0.5703129297977482,0.14100053969414106,0.5707620528771384,0.5704634348702144,"{0: 0.5951602876542342, 1: 0.5951602876542343}","{0: 0.5951602876542342, 1: 0.5951602876542343}",0.5951602876542343,"[[343 294]
 [258 391]]",[1. 1. 0. ... 0. 0. 1.],[0. 1. 1. ... 1. 0. 0.]
713,randomforest,"{'criterion': 'gini', 'max_features': None, 'n_estimators': 305}",0.5553385936671935,0.10105865133567488,0.11456216847514407,0.1999425429514953,0.5575876445856588,0.10085839365970646,0.5719527178363938,0.14416256676209582,0.5723172628304821,0.5720478069146351,"{0: 0.5935577739451832, 1: 0.5935577739451832}","{0: 0.5935577739451832, 1: 0.5935577739451832}",0.5935577739451832,"[[346 291]
 [259 390]]",[0. 1. 0. ... 0. 0. 1.],[0. 1. 1. ... 1. 0. 0.]
865,randomforest,"{'criterion': 'entropy', 'max_features': None, 'n_estimators': 167}",0.5562323583649733,0.0955394024722378,0.11442134712389303,0.19347489203454418,0.5587894284866802,0.09557492707471497,0.5648415990934891,0.13009479877344865,0.5653188180404355,0.565012469370823,"{0: 0.5955702892748898, 1: 0.5955702892748896}","{0: 0.5955702892748898, 1: 0.5955702892748896}",0.5955702892748896,"[[339 298]
 [261 388]]",[1. 1. 0. ... 0. 0. 1.],[0. 1. 1. ... 1. 0. 0.]
485,AdaBoost,"{'algorithm': 'SAMME.R', 'learning_rate': 0.3448979591836735, 'n_estimators': 74}",0.5522029118108189,0.09530831456308525,0.11421815105841547,0.18908399030235176,0.5577552436746934,0.09298773684321233,0.5634857264763136,0.12794484185791277,0.5637636080870918,0.5640086305945871,"{0: 0.5927160007063155, 1: 0.5927160007063155}","{0: 0.5927160007063155, 1: 0.5927160007063155}",0.5927160007063155,"[[376 261]
 [300 349]]",[1. 1. 0. ... 0. 0. 1.],[0. 1. 1. ... 1. 0. 0.]
101,AdaBoost,"{'algorithm': 'SAMME.R', 'learning_rate': 0.3448979591836735, 'n_estimators': 74}",0.5522029118108189,0.09530831456308525,0.11421815105841547,0.18908399030235176,0.5577552436746934,0.09298773684321233,0.5634857264763136,0.12794484185791277,0.5637636080870918,0.5640086305945871,"{0: 0.5927160007063155, 1: 0.5927160007063155}","{0: 0.5927160007063155, 1: 0.5927160007063155}",0.5927160007063155,"[[376 261]
 [300 349]]",[1. 1. 0. ... 0. 0. 1.],[0. 1. 1. ... 1. 0. 0.]
674,randomforest,"{'criterion': 'entropy', 'max_features': None, 'n_estimators': 207}",0.5530403900419807,0.11586624762639618,0.1128912406892126,0.2268849862718536,0.5555046581991588,0.11571398620245159,0.5727110651363803,0.1457062304127391,0.573094867807154,0.5728182229392883,"{0: 0.5991695955376343, 1: 0.5991695955376344}","{0: 0.5991695955376343, 1: 0.5991695955376344}",0.5991695955376344,"[[346 291]
 [258 391]]",[1. 1. 0. ... 0. 0. 1.],[0. 1. 1. ... 1. 0. 0.]
609,randomforest,"{'criterion': 'gini', 'max_features': 'sqrt', 'n_estimators': 171}",0.5544819566321162,0.0958578455727088,0.11261857418382708,0.18965733837792098,0.5582293573372983,0.0945848949250125,0.5652210935001047,0.1314617974780986,0.5660964230171073,0.5656812920735439,"{0: 0.5963298203007646, 1: 0.5963298203007646}","{0: 0.5963298203007646, 1: 0.5963298203007646}",0.5963298203007646,"[[332 305]
 [253 396]]",[0. 1. 0. ... 0. 1. 1.],[0. 1. 1. ... 1. 0. 0.]
765,randomforest,"{'criterion': 'gini', 'max_features': 'sqrt', 'n_estimators': 133}",0.5513412839519856,0.0940729871261886,0.11250167524462441,0.18138745264458994,0.5553395713892728,0.09171726837008767,0.5505680213017818,0.10195313350970991,0.5513219284603421,0.5509417942831987,"{0: 0.584837680479327, 1: 0.5848376804793269}","{0: 0.584837680479327, 1: 0.5848376804793269}",0.5848376804793269,"[[325 312]
 [265 384]]",[0. 1. 0. ... 0. 0. 1.],[0. 1. 1. ... 1. 0. 0.]
644,AdaBoost,"{'algorithm': 'SAMME.R', 'learning_rate': 1.9775510204081632, 'n_estimators': 85}",0.5274728887324452,0.08374289113360524,0.1120066506169351,0.1467758602572815,0.5540514551964495,0.07217953011200248,0.5376187668150356,0.11688806108606553,0.5567651632970451,0.5586713528602149,"{0: 0.5356471615551519, 1: 0.5356471615551519}","{0: 0.5356471615551519, 1: 0.5356471615551519}",0.5356471615551519,"[[486 151]
 [419 230]]",[1. 0. 1. ... 0. 0. 1.],[0. 1. 1. ... 1. 0. 0.]
907,randomforest,"{'criterion': 'gini', 'max_features': None, 'n_estimators': 89}",0.5545946527043356,0.09851226192091148,0.1108234246702497,0.20187271163840967,0.5576863748627745,0.09783196205706371,0.5642820898396108,0.1298420852589507,0.5653188180404355,0.5648673360537768,"{0: 0.5921765885446273, 1: 0.5921765885446273}","{0: 0.5921765885446273, 1: 0.5921765885446273}",0.5921765885446273,"[[329 308]
 [251 398]]",[1. 1. 0. ... 0. 0. 1.],[0. 1. 1. ... 1. 0. 0.]
227,AdaBoost,"{'algorithm': 'SAMME', 'learning_rate': 1.5693877551020408, 'n_estimators': 63}",0.5503042054534473,0.07843920031699607,0.11012867353374287,0.14713518950919455,0.5557119883667782,0.07444384806323372,0.5653154011384824,0.1307259408306347,0.5653188180404355,0.5653753026634383,"{0: 0.5855839076178059, 1: 0.5855839076178059}","{0: 0.5855839076178059, 1: 0.5855839076178059}",0.5855839076178059,"[[364 273]
 [286 363]]",[0. 1. 0. ... 1. 0. 1.],[0. 1. 1. ... 1. 0. 0.]
456,AdaBoost,"{'algorithm': 'SAMME.R', 'learning_rate': 0.7530612244897958, 'n_estimators': 63}",0.5497693640584735,0.09360407905932419,0.11006932920231971,0.1854130423035532,0.556020077426479,0.09169200861382834,0.5629278648073003,0.12617490236854512,0.5629860031104199,0.5631075945845921,"{0: 0.5799660388038113, 1: 0.5799660388038113}","{0: 0.5799660388038113, 1: 0.5799660388038113}",0.5799660388038113,"[[367 270]
 [292 357]]",[0. 1. 0. ... 0. 0. 1.],[0. 1. 1. ... 1. 0. 0.]
523,randomforest,"{'criterion': 'entropy', 'max_features': 'log2', 'n_estimators': 585}",0.5527676546749625,0.08749956144366276,0.11003729400096335,0.17519868039056286,0.5557898022857497,0.08659228761527865,0.5511959674839793,0.10344443610642429,0.552099533437014,0.5516831836444427,"{0: 0.5925829618323565, 1: 0.5925829618323566}","{0: 0.5925829618323565, 1: 0.5925829618323566}",0.5925829618323566,"[[323 314]
 [262 387]]",[0. 1. 0. ... 0. 0. 1.],[0. 1. 1. ... 1. 0. 0.]
879,randomforest,"{'criterion': 'gini', 'max_features': 'sqrt', 'n_estimators': 361}",0.5528293374793241,0.08699584022650779,0.10919910263173577,0.17455715594125484,0.5558991720051409,0.08611123296209273,0.5528757605670834,0.10660937972768525,0.5536547433903577,0.5532675556888632,"{0: 0.5955968970496814, 1: 0.5955968970496814}","{0: 0.5955968970496814, 1: 0.5955968970496814}",0.5955968970496814,"[[326 311]
 [263 386]]",[0. 1. 0. ... 0. 1. 1.],[0. 1. 1. ... 1. 0. 0.]
445,SVC,"{'C': 10, 'gamma': 0.01, 'kernel': 'sigmoid'}",0.5407257790632086,0.08686934251556462,0.10906982578454633,0.1681418844000085,0.5560694121415632,0.07833036375577053,0.5548563704236236,0.1281734552815127,0.5629860031104199,0.5642541477892568,"{0: 0.5525201191060756, 1: 0.5525201191060756}","{0: 0.5525201191060756, 1: 0.5525201191060756}",0.5525201191060756,"[[446 191]
 [371 278]]",[0. 0. 0. ... 0. 0. 1.],[0. 1. 1. ... 1. 0. 0.]
707,AdaBoost,"{'algorithm': 'SAMME.R', 'learning_rate': 1.2428571428571429, 'n_estimators': 30}",0.5499908965334948,0.10247439722673812,0.10831988922096941,0.20446089289970842,0.5552391697673293,0.100766985622023,0.5589409165398312,0.11851576043462386,0.5590979782270606,0.5592845411247349,"{0: 0.5779619895842656, 1: 0.5779619895842656}","{0: 0.5779619895842656, 1: 0.5779619895842656}",0.5779619895842656,"[[369 268]
 [299 350]]",[1. 1. 0. ... 0. 0. 1.],[0. 1. 1. ... 1. 0. 0.]
628,AdaBoost,"{'algorithm': 'SAMME.R', 'learning_rate': 1.2428571428571429, 'n_estimators': 30}",0.5499908965334948,0.10247439722673812,0.10831988922096941,0.20446089289970842,0.5552391697673293,0.100766985622023,0.5589409165398312,0.11851576043462386,0.5590979782270606,0.5592845411247349,"{0: 0.5779619895842656, 1: 0.5779619895842656}","{0: 0.5779619895842656, 1: 0.5779619895842656}",0.5779619895842656,"[[369 268]
 [299 350]]",[1. 1. 0. ... 0. 0. 1.],[0. 1. 1. ... 1. 0. 0.]
887,AdaBoost,"{'algorithm': 'SAMME.R', 'learning_rate': 1.2428571428571429, 'n_estimators': 30}",0.5499908965334948,0.10247439722673812,0.10831988922096941,0.20446089289970842,0.5552391697673293,0.100766985622023,0.5589409165398312,0.11851576043462386,0.5590979782270606,0.5592845411247349,"{0: 0.5779619895842656, 1: 0.5779619895842656}","{0: 0.5779619895842656, 1: 0.5779619895842656}",0.5779619895842656,"[[369 268]
 [299 350]]",[1. 1. 0. ... 0. 0. 1.],[0. 1. 1. ... 1. 0. 0.]
446,randomforest,"{'criterion': 'entropy', 'max_features': 'log2', 'n_estimators': 315}",0.5503799076337171,0.09326026933066169,0.10818128735800318,0.18260373830134613,0.5537284206733879,0.09179107709444183,0.5576063776152048,0.11597363586413212,0.5583203732503889,0.5579481051636015,"{0: 0.5934489239573985, 1: 0.5934489239573986}","{0: 0.5934489239573985, 1: 0.5934489239573986}",0.5934489239573986,"[[330 307]
 [261 388]]",[0. 1. 0. ... 0. 1. 1.],[0. 1. 1. ... 1. 0. 0.]
793,AdaBoost,"{'algorithm': 'SAMME.R', 'learning_rate': 1.4061224489795918, 'n_estimators': 30}",0.5460906736536334,0.0849256768146226,0.10817741873970536,0.16769442357560285,0.5554615969900778,0.0805986895931572,0.5589409165398312,0.11851576043462386,0.5590979782270606,0.5592845411247349,"{0: 0.5692080316777655, 1: 0.5692080316777653}","{0: 0.5692080316777655, 1: 0.5692080316777653}",0.5692080316777653,"[[369 268]
 [299 350]]",[1. 1. 0. ... 0. 0. 1.],[0. 1. 1. ... 1. 0. 0.]
691,AdaBoost,"{'algorithm': 'SAMME.R', 'learning_rate': 1.4061224489795918, 'n_estimators': 30}",0.5460906736536334,0.0849256768146226,0.10817741873970536,0.16769442357560285,0.5554615969900778,0.0805986895931572,0.5589409165398312,0.11851576043462386,0.5590979782270606,0.5592845411247349,"{0: 0.5692080316777655, 1: 0.5692080316777653}","{0: 0.5692080316777655, 1: 0.5692080316777653}",0.5692080316777653,"[[369 268]
 [299 350]]",[1. 1. 0. ... 0. 0. 1.],[0. 1. 1. ... 1. 0. 0.]
608,AdaBoost,"{'algorithm': 'SAMME.R', 'learning_rate': 1.4061224489795918, 'n_estimators': 30}",0.5460906736536334,0.0849256768146226,0.10817741873970536,0.16769442357560285,0.5554615969900778,0.0805986895931572,0.5589409165398312,0.11851576043462386,0.5590979782270606,0.5592845411247349,"{0: 0.5692080316777655, 1: 0.5692080316777653}","{0: 0.5692080316777655, 1: 0.5692080316777653}",0.5692080316777653,"[[369 268]
 [299 350]]",[1. 1. 0. ... 0. 0. 1.],[0. 1. 1. ... 1. 0. 0.]
959,AdaBoost,"{'algorithm': 'SAMME.R', 'learning_rate': 1.4061224489795918, 'n_estimators': 30}",0.5460906736536334,0.0849256768146226,0.10817741873970536,0.16769442357560285,0.5554615969900778,0.0805986895931572,0.5589409165398312,0.11851576043462386,0.5590979782270606,0.5592845411247349,"{0: 0.5692080316777655, 1: 0.5692080316777653}","{0: 0.5692080316777655, 1: 0.5692080316777653}",0.5692080316777653,"[[369 268]
 [299 350]]",[1. 1. 0. ... 0. 0. 1.],[0. 1. 1. ... 1. 0. 0.]
872,AdaBoost,"{'algorithm': 'SAMME.R', 'learning_rate': 1.4061224489795918, 'n_estimators': 30}",0.5460906736536334,0.0849256768146226,0.10817741873970536,0.16769442357560285,0.5554615969900778,0.0805986895931572,0.5589409165398312,0.11851576043462386,0.5590979782270606,0.5592845411247349,"{0: 0.5692080316777655, 1: 0.5692080316777653}","{0: 0.5692080316777655, 1: 0.5692080316777653}",0.5692080316777653,"[[369 268]
 [299 350]]",[1. 1. 0. ... 0. 0. 1.],[0. 1. 1. ... 1. 0. 0.]
53,AdaBoost,"{'algorithm': 'SAMME.R', 'learning_rate': 1.4061224489795918, 'n_estimators': 52}",0.5501898236009358,0.08375810392491972,0.10797656579346399,0.16787323914234092,0.5549077679563102,0.0831992069969853,0.5567651632970451,0.11345313282359293,0.5567651632970451,0.5567265664117964,"{0: 0.5716196636293489, 1: 0.5716196636293488}","{0: 0.5716196636293489, 1: 0.5716196636293488}",0.5716196636293488,"[[352 285]
 [285 364]]",[1. 1. 0. ... 0. 0. 1.],[0. 1. 1. ... 1. 0. 0.]
770,AdaBoost,"{'algorithm': 'SAMME.R', 'learning_rate': 1.8142857142857143, 'n_estimators': 85}",0.5466902017379912,0.07852988991841775,0.10746551397647165,0.14842904240581722,0.5524046342145731,0.07632852684463956,0.5627575128875378,0.12559132187509836,0.5629860031104199,0.562773787955386,"{0: 0.5694583866496699, 1: 0.5694583866496699}","{0: 0.5694583866496699, 1: 0.5694583866496699}",0.5694583866496699,"[[344 293]
 [269 380]]",[1. 1. 0. ... 0. 0. 1.],[0. 1. 1. ... 1. 0. 0.]
367,AdaBoost,"{'algorithm': 'SAMME', 'learning_rate': 1.8142857142857143, 'n_estimators': 52}",0.5428031773857647,0.08327108108218345,0.10705547767254762,0.15943847149334467,0.5561593433813563,0.07593558030883572,0.5565935302493592,0.11319572313104753,0.5567651632970451,0.5565814330947503,"{0: 0.576043810910639, 1: 0.576043810910639}","{0: 0.576043810910639, 1: 0.576043810910639}",0.576043810910639,"[[342 295]
 [275 374]]",[0. 1. 0. ... 0. 0. 1.],[0. 1. 1. ... 1. 0. 0.]
946,SVC,"{'C': 10, 'gamma': 0.01, 'kernel': 'sigmoid'}",0.5397326306712291,0.08146523288825402,0.10694147801475312,0.1587729369737383,0.5549043196593221,0.07439348529606717,0.5537754348932294,0.1266600886345598,0.562208398133748,0.5634982450963081,"{0: 0.5530123629397237, 1: 0.5530123629397238}","{0: 0.5530123629397237, 1: 0.5530123629397238}",0.5530123629397238,"[[447 190]
 [373 276]]",[0. 0. 0. ... 0. 0. 1.],[0. 1. 1. ... 1. 0. 0.]
37,randomforest,"{'criterion': 'gini', 'max_features': None, 'n_estimators': 409}",0.5525049117762948,0.09433717881666945,0.10678099381925915,0.19149379241460404,0.5550108303746858,0.09414069199103586,0.561681042190863,0.12384462908327876,0.562208398133748,0.5618872652770959,"{0: 0.5938903711300806, 1: 0.5938903711300806}","{0: 0.5938903711300806, 1: 0.5938903711300806}",0.5938903711300806,"[[336 301]
 [262 387]]",[1. 1. 0. ... 0. 0. 1.],[0. 1. 1. ... 1. 0. 0.]
436,knn,{'n_neighbors': 9},0.549248864997407,0.08196512558195682,0.10648137809747435,0.16280198457464135,0.5549962368697766,0.07980811432631689,0.555871763331115,0.11427584056916795,0.5567651632970451,0.5571909930263441,"{0: 0.5808598181479537, 1: 0.5808598181479536}","{0: 0.5808598181479537, 1: 0.5808598181479536}",0.5808598181479536,"[[384 253]
 [317 332]]",[0. 0. 0. ... 0. 0. 1.],[0. 1. 1. ... 1. 0. 0.]
767,knn,{'n_neighbors': 9},0.549248864997407,0.08196512558195682,0.10648137809747435,0.16280198457464135,0.5549962368697766,0.07980811432631689,0.555871763331115,0.11427584056916795,0.5567651632970451,0.5571909930263441,"{0: 0.5808598181479537, 1: 0.5808598181479536}","{0: 0.5808598181479537, 1: 0.5808598181479536}",0.5808598181479536,"[[384 253]
 [317 332]]",[0. 0. 0. ... 0. 0. 1.],[0. 1. 1. ... 1. 0. 0.]
100,knn,{'n_neighbors': 9},0.549248864997407,0.08196512558195682,0.10648137809747435,0.16280198457464135,0.5549962368697766,0.07980811432631689,0.555871763331115,0.11427584056916795,0.5567651632970451,0.5571909930263441,"{0: 0.5808598181479537, 1: 0.5808598181479536}","{0: 0.5808598181479537, 1: 0.5808598181479536}",0.5808598181479536,"[[384 253]
 [317 332]]",[0. 0. 0. ... 0. 0. 1.],[0. 1. 1. ... 1. 0. 0.]
311,AdaBoost,"{'algorithm': 'SAMME.R', 'learning_rate': 1.2428571428571429, 'n_estimators': 85}",0.5481997168943505,0.09356526368016072,0.10601605233763768,0.18361148550998654,0.553147086529652,0.09077421997706282,0.5575392902465053,0.11517542098860667,0.557542768273717,0.5575985757583821,"{0: 0.5589640383829246, 1: 0.5589640383829246}","{0: 0.5589640383829246, 1: 0.5589640383829246}",0.5589640383829246,"[[359 278]
 [291 358]]",[1. 1. 0. ... 1. 0. 1.],[0. 1. 1. ... 1. 0. 0.]
510,randomforest,"{'criterion': 'gini', 'max_features': 'sqrt', 'n_estimators': 393}",0.5497273490345601,0.09063982085336755,0.10574458256717141,0.18052594163762956,0.5529232462030191,0.08981389696652523,0.5495065134698123,0.1002791247152468,0.5505443234836703,0.5500988116000223,"{0: 0.5884877834030375, 1: 0.5884877834030376}","{0: 0.5884877834030375, 1: 0.5884877834030376}",0.5884877834030376,"[[320 317]
 [261 388]]",[0. 1. 0. ... 0. 1. 1.],[0. 1. 1. ... 1. 0. 0.]
91,randomforest,"{'criterion': 'entropy', 'max_features': 'log2', 'n_estimators': 309}",0.5500739932651721,0.08717781708835128,0.10528568506478575,0.1760483748144292,0.5529935247171293,0.08696887460236834,0.5537939996826197,0.1082305672205347,0.5544323483670296,0.5540815117086304,"{0: 0.5888409411411832, 1: 0.5888409411411833}","{0: 0.5888409411411832, 1: 0.5888409411411833}",0.5888409411411833,"[[329 308]
 [265 384]]",[0. 1. 0. ... 0. 1. 1.],[0. 1. 1. ... 1. 0. 0.]
851,randomforest,"{'criterion': 'gini', 'max_features': 'log2', 'n_estimators': 53}",0.5519771607955978,0.10633929468789904,0.10526717369509654,0.21925594319654756,0.5564344854303692,0.10376556064597652,0.5637812298215449,0.12839939485627827,0.5645412130637636,0.5641549733559419,"{0: 0.5852271215467342, 1: 0.5852271215467342}","{0: 0.5852271215467342, 1: 0.5852271215467342}",0.5852271215467342,"[[333 304]
 [256 393]]",[0. 1. 0. ... 0. 1. 1.],[0. 1. 1. ... 1. 0. 0.]
195,randomforest,"{'criterion': 'entropy', 'max_features': 'sqrt', 'n_estimators': 369}",0.5507642987813317,0.08071854931718701,0.10525685756029031,0.16108278715988186,0.5534509492107523,0.07963753407170539,0.5501819698602594,0.10179659564372168,0.5513219284603421,0.550854714292971,"{0: 0.5927051157075369, 1: 0.5927051157075369}","{0: 0.5927051157075369, 1: 0.5927051157075369}",0.5927051157075369,"[[319 318]
 [259 390]]",[0. 1. 0. ... 0. 1. 1.],[0. 1. 1. ... 1. 0. 0.]
376,AdaBoost,"{'algorithm': 'SAMME.R', 'learning_rate': 0.7530612244897958, 'n_estimators': 85}",0.5494108278865647,0.09615586529389547,0.10524681660133567,0.1923031449423608,0.5543630046580899,0.09451664559938197,0.5691318159959781,0.1386386882582087,0.5692068429237948,0.5693434894403417,"{0: 0.5829134545841568, 1: 0.5829134545841568}","{0: 0.5829134545841568, 1: 0.5829134545841568}",0.5829134545841568,"[[372 265]
 [289 360]]",[0. 1. 0. ... 0. 0. 1.],[0. 1. 1. ... 1. 0. 0.]
497,randomforest,"{'criterion': 'entropy', 'max_features': None, 'n_estimators': 239}",0.5496350350613827,0.1033504387343032,0.10463531706864351,0.20437683805971657,0.5522853522610267,0.10318210865610249,0.5649680622259015,0.13017058420674343,0.5653188180404355,0.5650560093659367,"{0: 0.5957190509248621, 1: 0.5957190509248621}","{0: 0.5957190509248621, 1: 0.5957190509248621}",0.5957190509248621,"[[342 295]
 [264 385]]",[1. 1. 0. ... 0. 0. 1.],[0. 1. 1. ... 1. 0. 0.]
779,randomforest,"{'criterion': 'entropy', 'max_features': 'log2', 'n_estimators': 333}",0.5508686328845118,0.08647968548414436,0.10459223453518675,0.17635716223527295,0.5539421570141652,0.08514054383664994,0.5558710094893543,0.11278355656364902,0.5567651632970451,0.5563492197874764,"{0: 0.5936823467089811, 1: 0.5936823467089811}","{0: 0.5936823467089811, 1: 0.5936823467089811}",0.5936823467089811,"[[326 311]
 [259 390]]",[0. 1. 0. ... 0. 1. 1.],[0. 1. 1. ... 1. 0. 0.]
328,AdaBoost,"{'algorithm': 'SAMME', 'learning_rate': 1.5693877551020408, 'n_estimators': 96}",0.5458216906742254,0.08462946886813479,0.10372400779112327,0.16344222242440062,0.5530082128454958,0.08221077507507311,0.5606624864075552,0.12131912783737042,0.5606531881804043,0.5606657265252907,"{0: 0.5802393732175816, 1: 0.5802393732175815}","{0: 0.5802393732175816, 1: 0.5802393732175815}",0.5802393732175815,"[[358 279]
 [286 363]]",[0. 1. 0. ... 1. 0. 1.],[0. 1. 1. ... 1. 0. 0.]
129,AdaBoost,"{'algorithm': 'SAMME', 'learning_rate': 1.5693877551020408, 'n_estimators': 96}",0.5458216906742254,0.08462946886813479,0.10372400779112327,0.16344222242440062,0.5530082128454958,0.08221077507507311,0.5606624864075552,0.12131912783737042,0.5606531881804043,0.5606657265252907,"{0: 0.5802393732175816, 1: 0.5802393732175815}","{0: 0.5802393732175816, 1: 0.5802393732175815}",0.5802393732175815,"[[358 279]
 [286 363]]",[0. 1. 0. ... 1. 0. 1.],[0. 1. 1. ... 1. 0. 0.]
156,AdaBoost,"{'algorithm': 'SAMME', 'learning_rate': 1.8142857142857143, 'n_estimators': 41}",0.541697343590448,0.08676275950749698,0.10257279419483897,0.17214529693615355,0.5512989910282289,0.08350179347596076,0.5566675675504812,0.11327296173266332,0.5567651632970451,0.5566249730898641,"{0: 0.5731399351254073, 1: 0.5731399351254073}","{0: 0.5731399351254073, 1: 0.5731399351254073}",0.5731399351254073,"[[345 292]
 [278 371]]",[0. 1. 0. ... 0. 0. 1.],[0. 1. 1. ... 1. 0. 0.]
393,randomforest,"{'criterion': 'gini', 'max_features': 'log2', 'n_estimators': 69}",0.5488730185571369,0.07403860835439292,0.10246222482678512,0.14764610239878903,0.552672436162148,0.07213864414429925,0.5496998670405735,0.1003575292958585,0.5505443234836703,0.550142351595136,"{0: 0.5789283355869312, 1: 0.5789283355869311}","{0: 0.5789283355869312, 1: 0.5789283355869311}",0.5789283355869311,"[[323 314]
 [264 385]]",[0. 1. 0. ... 0. 1. 1.],[0. 1. 1. ... 1. 0. 0.]
360,randomforest,"{'criterion': 'entropy', 'max_features': 'log2', 'n_estimators': 219}",0.5491999370189188,0.0899794957564098,0.10185746938810486,0.17947621128955127,0.5519257108885198,0.08872488704247437,0.5488264415169547,0.09876178602984786,0.5497667185069984,0.5493429089070736,"{0: 0.5886945983798284, 1: 0.5886945983798284}","{0: 0.5886945983798284, 1: 0.5886945983798284}",0.5886945983798284,"[[321 316]
 [263 386]]",[0. 1. 0. ... 0. 1. 1.],[0. 1. 1. ... 1. 0. 0.]
185,randomforest,"{'criterion': 'gini', 'max_features': None, 'n_estimators': 189}",0.5491370641651451,0.09110896772766719,0.1014974067245726,0.1840171296405445,0.5520677646196616,0.09040935797199923,0.562973395172268,0.12683028376811523,0.5637636080870918,0.5633700439995839,"{0: 0.5907881464782191, 1: 0.590788146478219}","{0: 0.5907881464782191, 1: 0.590788146478219}",0.590788146478219,"[[332 305]
 [256 393]]",[1. 1. 0. ... 0. 0. 1.],[0. 1. 1. ... 1. 0. 0.]
676,knn,{'n_neighbors': 3},0.5479365743307353,0.09262879051580238,0.10127595111454052,0.18156637602088777,0.5513495485964723,0.09399997619795065,0.5528866012112289,0.10576725399378406,0.5528771384136858,0.5528889996202344,"{0: 0.5699336982629961, 1: 0.5699336982629961}","{0: 0.5699336982629961, 1: 0.5699336982629961}",0.5699336982629961,"[[353 284]
 [291 358]]",[0. 0. 0. ... 0. 0. 1.],[0. 1. 1. ... 1. 0. 0.]
339,knn,{'n_neighbors': 3},0.5479365743307353,0.09262879051580238,0.10127595111454052,0.18156637602088777,0.5513495485964723,0.09399997619795065,0.5528866012112289,0.10576725399378406,0.5528771384136858,0.5528889996202344,"{0: 0.5699336982629961, 1: 0.5699336982629961}","{0: 0.5699336982629961, 1: 0.5699336982629961}",0.5699336982629961,"[[353 284]
 [291 358]]",[0. 0. 0. ... 0. 0. 1.],[0. 1. 1. ... 1. 0. 0.]
36,knn,{'n_neighbors': 3},0.5479365743307353,0.09262879051580238,0.10127595111454052,0.18156637602088777,0.5513495485964723,0.09399997619795065,0.5528866012112289,0.10576725399378406,0.5528771384136858,0.5528889996202344,"{0: 0.5699336982629961, 1: 0.5699336982629961}","{0: 0.5699336982629961, 1: 0.5699336982629961}",0.5699336982629961,"[[353 284]
 [291 358]]",[0. 0. 0. ... 0. 0. 1.],[0. 1. 1. ... 1. 0. 0.]
52,knn,{'n_neighbors': 11},0.546664814288652,0.09312968905582875,0.10119574183815933,0.18504100705481444,0.5513098207787955,0.09232374013267357,0.5517422049814713,0.10659700994831323,0.5528771384136858,0.5533534262347821,"{0: 0.5756930720611109, 1: 0.575693072061111}","{0: 0.5756930720611109, 1: 0.575693072061111}",0.575693072061111,"[[385 252]
 [323 326]]",[0. 0. 0. ... 0. 0. 1.],[0. 1. 1. ... 1. 0. 0.]
689,knn,{'n_neighbors': 11},0.546664814288652,0.09312968905582875,0.10119574183815933,0.18504100705481444,0.5513098207787955,0.09232374013267357,0.5517422049814713,0.10659700994831323,0.5528771384136858,0.5533534262347821,"{0: 0.5756930720611109, 1: 0.575693072061111}","{0: 0.5756930720611109, 1: 0.575693072061111}",0.575693072061111,"[[385 252]
 [323 326]]",[0. 0. 0. ... 0. 0. 1.],[0. 1. 1. ... 1. 0. 0.]
361,knn,{'n_neighbors': 11},0.546664814288652,0.09312968905582875,0.10119574183815933,0.18504100705481444,0.5513098207787955,0.09232374013267357,0.5517422049814713,0.10659700994831323,0.5528771384136858,0.5533534262347821,"{0: 0.5756930720611109, 1: 0.575693072061111}","{0: 0.5756930720611109, 1: 0.575693072061111}",0.575693072061111,"[[385 252]
 [323 326]]",[0. 0. 0. ... 0. 0. 1.],[0. 1. 1. ... 1. 0. 0.]
949,randomforest,"{'criterion': 'entropy', 'max_features': None, 'n_estimators': 595}",0.5484101172495851,0.10455588071245621,0.1009563588767913,0.2080295967326172,0.5505539831340198,0.10494650366504124,0.5656424181651151,0.13166358903864261,0.5660964230171073,0.5657973987271808,"{0: 0.5965402636104815, 1: 0.5965402636104815}","{0: 0.5965402636104815, 1: 0.5965402636104815}",0.5965402636104815,"[[340 297]
 [261 388]]",[1. 1. 0. ... 0. 0. 1.],[0. 1. 1. ... 1. 0. 0.]
234,randomforest,"{'criterion': 'gini', 'max_features': 'sqrt', 'n_estimators': 209}",0.5473561943072813,0.09762562365464574,0.10085507865047978,0.18999437501345706,0.5504757412200775,0.09698896302321205,0.5473931240554148,0.09570123862615854,0.5482115085536547,0.5478165901894716,"{0: 0.5910953453326335, 1: 0.5910953453326334}","{0: 0.5910953453326335, 1: 0.5910953453326334}",0.5910953453326334,"[[322 315]
 [266 383]]",[0. 1. 0. ... 0. 0. 1.],[0. 1. 1. ... 1. 0. 0.]
213,AdaBoost,"{'algorithm': 'SAMME.R', 'learning_rate': 1.2428571428571429, 'n_estimators': 96}",0.5461837843100512,0.09330599888206008,0.10043442936333385,0.1836884074749458,0.5505256266666677,0.09051987275916644,0.5559905118250573,0.11191067657751586,0.5559875583203733,0.5559561503871431,"{0: 0.5556816065290642, 1: 0.5556816065290642}","{0: 0.5556816065290642, 1: 0.5556816065290642}",0.5556816065290642,"[[352 285]
 [286 363]]",[1. 1. 0. ... 0. 0. 1.],[0. 1. 1. ... 1. 0. 0.]
338,randomforest,"{'criterion': 'entropy', 'max_features': 'sqrt', 'n_estimators': 379}",0.5472778095637765,0.09159898195114126,0.09970424934188529,0.18179572092720814,0.549640915811336,0.09216633077221624,0.5521822959523872,0.10509194153114043,0.5528771384136858,0.5525116529959145,"{0: 0.5926627851567319, 1: 0.5926627851567319}","{0: 0.5926627851567319, 1: 0.5926627851567319}",0.5926627851567319,"[[327 310]
 [265 384]]",[0. 1. 0. ... 0. 1. 1.],[0. 1. 1. ... 1. 0. 0.]
236,AdaBoost,"{'algorithm': 'SAMME.R', 'learning_rate': 1.9775510204081632, 'n_estimators': 96}",0.5198703473582483,0.08511334993806008,0.09899409385188146,0.14864254679323835,0.5506312626443303,0.07536135870920203,0.5458945518525803,0.09261469122384902,0.5466562986003111,0.5462757581401649,"{0: 0.5461015981597095, 1: 0.5461015981597095}","{0: 0.5461015981597095, 1: 0.5461015981597095}",0.5461015981597095,"[[322 315]
 [268 381]]",[1. 1. 1. ... 0. 0. 0.],[0. 1. 1. ... 1. 0. 0.]
215,randomforest,"{'criterion': 'gini', 'max_features': None, 'n_estimators': 321}",0.5475173648841904,0.10222371684161637,0.0989452287540375,0.20218636695154318,0.5500580776586221,0.10204552185327817,0.5646960660080007,0.13001900013312206,0.5653188180404355,0.564968929375709,"{0: 0.5945688693872714, 1: 0.5945688693872713}","{0: 0.5945688693872714, 1: 0.5945688693872713}",0.5945688693872713,"[[336 301]
 [258 391]]",[1. 1. 0. ... 0. 1. 1.],[0. 1. 1. ... 1. 0. 0.]
535,randomforest,"{'criterion': 'gini', 'max_features': None, 'n_estimators': 395}",0.5469820286400607,0.10136967357797697,0.09845330716146629,0.20068439127852847,0.5497273864243314,0.100868534692499,0.5623336564803835,0.12533734802698304,0.5629860031104199,0.5626286546383399,"{0: 0.5929276534603412, 1: 0.5929276534603412}","{0: 0.5929276534603412, 1: 0.5929276534603412}",0.5929276534603412,"[[334 303]
 [259 390]]",[1. 1. 0. ... 0. 0. 1.],[0. 1. 1. ... 1. 0. 0.]
302,randomforest,"{'criterion': 'entropy', 'max_features': 'log2', 'n_estimators': 319}",0.547585530995192,0.09113754018569813,0.09845027585425437,0.18094106555362963,0.549921657826563,0.08991695679396969,0.5474523750023141,0.09572750531913599,0.5482115085536547,0.5478311035211761,"{0: 0.5883160423111997, 1: 0.5883160423111997}","{0: 0.5883160423111997, 1: 0.5883160423111997}",0.5883160423111997,"[[323 314]
 [267 382]]",[0. 1. 0. ... 0. 1. 1.],[0. 1. 1. ... 1. 0. 0.]
823,randomforest,"{'criterion': 'gini', 'max_features': None, 'n_estimators': 513}",0.5462896511355628,0.1080287646292563,0.09770110439542658,0.21406556559903495,0.5493981690737287,0.10754920986378566,0.5636003027447216,0.1283234363539092,0.5645412130637636,0.564111433360828,"{0: 0.5937936155853831, 1: 0.5937936155853831}","{0: 0.5937936155853831, 1: 0.5937936155853831}",0.5937936155853831,"[[330 307]
 [253 396]]",[1. 1. 0. ... 0. 0. 1.],[0. 1. 1. ... 1. 0. 0.]
547,randomforest,"{'criterion': 'entropy', 'max_features': 'sqrt', 'n_estimators': 231}",0.5441795223140068,0.08663226178672478,0.09712068676651267,0.16977217272837555,0.5483049800140884,0.08536993207171324,0.5487607750153976,0.09873560519314517,0.5497667185069984,0.5493283955753689,"{0: 0.5867933519265238, 1: 0.5867933519265238}","{0: 0.5867933519265238, 1: 0.5867933519265238}",0.5867933519265238,"[[320 317]
 [262 387]]",[0. 1. 0. ... 0. 1. 1.],[0. 1. 1. ... 1. 0. 0.]
726,randomforest,"{'criterion': 'entropy', 'max_features': 'sqrt', 'n_estimators': 65}",0.5456109124297415,0.0819550875741609,0.09701794780899578,0.1621852735362876,0.5483502504223375,0.08087223024187241,0.5467023094578332,0.09418425364951566,0.5474339035769828,0.5470606874965229,"{0: 0.5840043733506204, 1: 0.5840043733506203}","{0: 0.5840043733506204, 1: 0.5840043733506203}",0.5840043733506203,"[[323 314]
 [268 381]]",[0. 1. 0. ... 0. 0. 1.],[0. 1. 1. ... 1. 0. 0.]
44,AdaBoost,"{'algorithm': 'SAMME', 'learning_rate': 1.7326530612244897, 'n_estimators': 63}",0.5408634478514289,0.08074355561340912,0.09648778495671669,0.160134970848252,0.5483303436017734,0.07890011799620465,0.5465671749083548,0.09306252797367753,0.5466562986003111,0.5465224847791434,"{0: 0.5811222675629455, 1: 0.5811222675629455}","{0: 0.5811222675629455, 1: 0.5811222675629455}",0.5811222675629455,"[[339 298]
 [285 364]]",[0. 1. 0. ... 0. 0. 1.],[0. 1. 1. ... 1. 0. 0.]
82,randomforest,"{'criterion': 'entropy', 'max_features': None, 'n_estimators': 465}",0.5455388867844507,0.10250245287077914,0.09579713430359217,0.20368036118147412,0.5479124382129076,0.1028923621971272,0.5634496559288071,0.127083842522124,0.5637636080870918,0.56351517731663,"{0: 0.5938976277959329, 1: 0.5938976277959329}","{0: 0.5938976277959329, 1: 0.5938976277959329}",0.5938976277959329,"[[342 295]
 [266 383]]",[0. 1. 0. ... 0. 0. 1.],[0. 1. 1. ... 1. 0. 0.]
417,AdaBoost,"{'algorithm': 'SAMME.R', 'learning_rate': 1.2428571428571429, 'n_estimators': 52}",0.5446110822688197,0.08685183785112996,0.09576676114420168,0.17651779918940094,0.5498452740701032,0.08561921409259415,0.5544353122167388,0.10880003096132496,0.5544323483670296,0.5544008050061319,"{0: 0.565007631593588, 1: 0.565007631593588}","{0: 0.565007631593588, 1: 0.565007631593588}",0.565007631593588,"[[351 286]
 [287 362]]",[1. 1. 0. ... 0. 0. 1.],[0. 1. 1. ... 1. 0. 0.]
985,AdaBoost,"{'algorithm': 'SAMME.R', 'learning_rate': 1.2428571428571429, 'n_estimators': 52}",0.5446110822688197,0.08685183785112996,0.09576676114420168,0.17651779918940094,0.5498452740701032,0.08561921409259415,0.5544353122167388,0.10880003096132496,0.5544323483670296,0.5544008050061319,"{0: 0.565007631593588, 1: 0.565007631593588}","{0: 0.565007631593588, 1: 0.565007631593588}",0.565007631593588,"[[351 286]
 [287 362]]",[1. 1. 0. ... 0. 0. 1.],[0. 1. 1. ... 1. 0. 0.]
424,randomforest,"{'criterion': 'entropy', 'max_features': None, 'n_estimators': 471}",0.5448316349723427,0.10187085276818378,0.09466305765448023,0.20227867190193677,0.5475694871685828,0.10195923621868765,0.5657265755503778,0.13171402227863538,0.5660964230171073,0.56582642539059,"{0: 0.5954457165110918, 1: 0.5954457165110918}","{0: 0.5954457165110918, 1: 0.5954457165110918}",0.5954457165110918,"[[342 295]
 [263 386]]",[0. 1. 0. ... 0. 0. 1.],[0. 1. 1. ... 1. 0. 0.]
646,AdaBoost,"{'algorithm': 'SAMME.R', 'learning_rate': 1.3244897959183672, 'n_estimators': 41}",0.5444313301624638,0.11058767457498483,0.094649469520206,0.22698292941490286,0.5497198902061917,0.10852327913462705,0.5458347480661199,0.09157282304984693,0.5458786936236392,0.5457810954178992,"{0: 0.5608507715045244, 1: 0.5608507715045246}","{0: 0.5608507715045244, 1: 0.5608507715045246}",0.5608507715045246,"[[341 296]
 [288 361]]",[1. 1. 0. ... 0. 0. 1.],[0. 1. 1. ... 1. 0. 0.]
571,randomforest,"{'criterion': 'entropy', 'max_features': None, 'n_estimators': 223}",0.5451898722657547,0.09846881609846925,0.09424316673864092,0.19636683910597932,0.547699299547477,0.09899434146101493,0.5600749276477145,0.12070663920400226,0.5606531881804043,0.5603174065643799,"{0: 0.5943584260775544, 1: 0.5943584260775544}","{0: 0.5943584260775544, 1: 0.5943584260775544}",0.5943584260775544,"[[334 303]
 [262 387]]",[1. 1. 0. ... 0. 0. 1.],[0. 1. 1. ... 1. 0. 0.]
262,AdaBoost,"{'algorithm': 'SAMME', 'learning_rate': 1.8142857142857143, 'n_estimators': 74}",0.5441320074910777,0.09706902657001058,0.09416727034133002,0.1951294178452819,0.5521656179105946,0.0916876631182679,0.5581760768164663,0.11633297443776391,0.5583203732503889,0.5581512918074661,"{0: 0.5732499945575006, 1: 0.5732499945575006}","{0: 0.5732499945575006, 1: 0.5732499945575006}",0.5732499945575006,"[[344 293]
 [275 374]]",[1. 1. 1. ... 0. 0. 1.],[0. 1. 1. ... 1. 0. 0.]
993,randomforest,"{'criterion': 'gini', 'max_features': None, 'n_estimators': 81}",0.5446242675387976,0.10446217751833084,0.09402435511365949,0.20804819892215262,0.5491986024221739,0.10342413828130949,0.5636627461649797,0.1283487573256903,0.5645412130637636,0.5641259466925326,"{0: 0.5907675859249709, 1: 0.5907675859249709}","{0: 0.5907675859249709, 1: 0.5907675859249709}",0.5907675859249709,"[[331 306]
 [254 395]]",[1. 1. 0. ... 0. 0. 1.],[0. 1. 1. ... 1. 0. 0.]
460,randomforest,"{'criterion': 'gini', 'max_features': None, 'n_estimators': 157}",0.545112950051009,0.11485397330702687,0.09393114588237683,0.23133001129311406,0.5478116089430229,0.114961267900311,0.56243546497352,0.12538815459867902,0.5629860031104199,0.5626576813017491,"{0: 0.5934900450638949, 1: 0.5934900450638949}","{0: 0.5934900450638949, 1: 0.5934900450638949}",0.5934900450638949,"[[336 301]
 [261 388]]",[1. 1. 0. ... 0. 0. 1.],[0. 1. 1. ... 1. 0. 0.]
45,randomforest,"{'criterion': 'entropy', 'max_features': None, 'n_estimators': 183}",0.5444256371766811,0.10439392739526558,0.09335975522255008,0.20653748398177008,0.5475731333267269,0.10394815664766259,0.5586139296708555,0.1176453504553584,0.5590979782270606,0.5587910878467779,"{0: 0.5939556811227513, 1: 0.5939556811227513}","{0: 0.5939556811227513, 1: 0.5939556811227513}",0.5939556811227513,"[[335 302]
 [265 384]]",[0. 1. 0. ... 0. 0. 1.],[0. 1. 1. ... 1. 0. 0.]
165,randomforest,"{'criterion': 'gini', 'max_features': None, 'n_estimators': 27}",0.5440885899827506,0.09702770555457652,0.09121389481242291,0.19712113569562062,0.5484020677824889,0.09510402173504565,0.5562067883183388,0.11293816391680966,0.5567651632970451,0.5564362997777041,"{0: 0.5906091487205289, 1: 0.5906091487205287}","{0: 0.5906091487205289, 1: 0.5906091487205287}",0.5906091487205287,"[[332 305]
 [265 384]]",[1. 1. 0. ... 0. 0. 1.],[0. 1. 1. ... 1. 0. 0.]
348,randomforest,"{'criterion': 'gini', 'max_features': None, 'n_estimators': 123}",0.5427677516063149,0.10199447388388398,0.09031536335157396,0.20157768785312036,0.5464648770162951,0.10107151583049155,0.5526241154527202,0.1065055667587399,0.5536547433903577,0.5532095023620447,"{0: 0.5903805637461812, 1: 0.5903805637461812}","{0: 0.5903805637461812, 1: 0.5903805637461812}",0.5903805637461812,"[[322 315]
 [259 390]]",[1. 1. 0. ... 0. 0. 1.],[0. 1. 1. ... 1. 0. 0.]
727,AdaBoost,"{'algorithm': 'SAMME.R', 'learning_rate': 1.3244897959183672, 'n_estimators': 85}",0.5441292014712901,0.08828788753397768,0.08981632273070167,0.17998383105349453,0.5474699445434326,0.08794382571457632,0.5502755779570523,0.1006710110173572,0.5505443234836703,0.5503165115755915,"{0: 0.5502451543613771, 1: 0.5502451543613771}","{0: 0.5502451543613771, 1: 0.5502451543613771}",0.5502451543613771,"[[335 302]
 [276 373]]",[1. 1. 0. ... 0. 0. 1.],[0. 1. 1. ... 1. 0. 0.]
908,AdaBoost,"{'algorithm': 'SAMME.R', 'learning_rate': 1.3244897959183672, 'n_estimators': 85}",0.5441292014712901,0.08828788753397768,0.08981632273070167,0.17998383105349453,0.5474699445434326,0.08794382571457632,0.5502755779570523,0.1006710110173572,0.5505443234836703,0.5503165115755915,"{0: 0.5502451543613771, 1: 0.5502451543613771}","{0: 0.5502451543613771, 1: 0.5502451543613771}",0.5502451543613771,"[[335 302]
 [276 373]]",[1. 1. 0. ... 0. 0. 1.],[0. 1. 1. ... 1. 0. 0.]
62,AdaBoost,"{'algorithm': 'SAMME.R', 'learning_rate': 1.4877551020408164, 'n_estimators': 41}",0.5406289447965534,0.08991011874103867,0.08959059233139254,0.1777426393057105,0.5454556617641305,0.0878980121273753,0.5443323008337165,0.0886734178072418,0.5443234836702955,0.5443418566905249,"{0: 0.538617556777363, 1: 0.538617556777363}","{0: 0.538617556777363, 1: 0.538617556777363}",0.538617556777363,"[[348 289]
 [297 352]]",[0. 0. 0. ... 0. 0. 1.],[0. 1. 1. ... 1. 0. 0.]
370,AdaBoost,"{'algorithm': 'SAMME', 'learning_rate': 1.7326530612244897, 'n_estimators': 74}",0.5389009352513112,0.0938164477110474,0.08787331235361209,0.17876212767246402,0.5441641443838567,0.09081359563227295,0.5478053348711056,0.09591132945319025,0.5482115085536547,0.5479326968431084,"{0: 0.5777055873908175, 1: 0.5777055873908175}","{0: 0.5777055873908175, 1: 0.5777055873908175}",0.5777055873908175,"[[330 307]
 [274 375]]",[0. 1. 0. ... 0. 0. 1.],[0. 1. 1. ... 1. 0. 0.]
188,AdaBoost,"{'algorithm': 'SAMME.R', 'learning_rate': 0.8346938775510203, 'n_estimators': 74}",0.5414934968928552,0.08744582262946712,0.08787238315214978,0.17619598657312588,0.5455235716165638,0.08610147208050296,0.5567651632970451,0.11360750692286292,0.5567651632970451,0.5568136464020241,"{0: 0.5711963581212975, 1: 0.5711963581212975}","{0: 0.5711963581212975, 1: 0.5711963581212975}",0.5711963581212975,"[[358 279]
 [291 358]]",[0. 1. 0. ... 0. 0. 1.],[0. 1. 1. ... 1. 0. 0.]
753,randomforest,"{'criterion': 'entropy', 'max_features': None, 'n_estimators': 539}",0.5413034730017615,0.10573910599857476,0.0874985597549749,0.2099550557659579,0.5433555669300535,0.10639850741750494,0.5592185935371834,0.1191119910734385,0.5598755832037325,0.5595179638763174,"{0: 0.5927377707038725, 1: 0.5927377707038723}","{0: 0.5927377707038725, 1: 0.5927377707038723}",0.5927377707038723,"[[332 305]
 [261 388]]",[0. 1. 0. ... 0. 0. 1.],[0. 1. 1. ... 1. 0. 0.]
315,randomforest,"{'criterion': 'gini', 'max_features': None, 'n_estimators': 131}",0.5420599023606163,0.10453128548720154,0.08738184464877234,0.21206996503482337,0.5457872694621628,0.10441271805229636,0.5508293428925638,0.10208354005774567,0.5513219284603421,0.5510143609417217,"{0: 0.5914835769557318, 1: 0.5914835769557317}","{0: 0.5914835769557318, 1: 0.5914835769557317}",0.5914835769557317,"[[330 307]
 [270 379]]",[1. 1. 0. ... 0. 0. 1.],[0. 1. 1. ... 1. 0. 0.]
671,SVC,"{'C': 100, 'gamma': 0.1, 'kernel': 'rbf'}",0.5380205483635028,0.0779927449440727,0.08666923106000941,0.1494349224488372,0.5414388898599696,0.075695727171839,0.543542290276419,0.08699901066019688,0.5435458786936236,0.5434988740073485,"{0: 0.5555074465486087, 1: 0.5555074465486087}","{0: 0.5555074465486087, 1: 0.5555074465486087}",0.5555074465486087,"[[343 294]
 [293 356]]",[0. 1. 0. ... 0. 0. 1.],[0. 1. 1. ... 1. 0. 0.]
468,AdaBoost,"{'algorithm': 'SAMME', 'learning_rate': 1.7326530612244897, 'n_estimators': 74}",0.5382002272838156,0.09433888292166467,0.08666119114149089,0.17965981214892038,0.5435580837777961,0.09125690301447344,0.5470053621072033,0.09434208838626457,0.5474339035769828,0.5471477674867506,"{0: 0.5774467663087518, 1: 0.5774467663087517}","{0: 0.5774467663087518, 1: 0.5774467663087517}",0.5774467663087517,"[[329 308]
 [274 375]]",[0. 1. 0. ... 0. 0. 1.],[0. 1. 1. ... 1. 0. 0.]
271,randomforest,"{'criterion': 'entropy', 'max_features': 'log2', 'n_estimators': 289}",0.5398778549102627,0.08327943109003152,0.08595786310826295,0.16784720874961756,0.5436460594800497,0.08301048196610028,0.5434733590395253,0.08918440532026428,0.5451010886469674,0.5445462527786983,"{0: 0.5899282315747207, 1: 0.5899282315747205}","{0: 0.5899282315747207, 1: 0.5899282315747205}",0.5899282315747205,"[[309 328]
 [257 392]]",[0. 1. 0. ... 0. 1. 1.],[0. 1. 1. ... 1. 0. 0.]
781,knn,{'n_neighbors': 7},0.5388158187603508,0.08526263638143987,0.08506648868131783,0.17016041969031032,0.544155875662067,0.08342272121457885,0.5422425139031,0.08612008808038418,0.5427682737169518,0.5430912912753106,"{0: 0.5724469235365119, 1: 0.5724469235365119}","{0: 0.5724469235365119, 1: 0.5724469235365119}",0.5724469235365119,"[[368 269]
 [319 330]]",[0. 0. 0. ... 0. 0. 1.],[0. 1. 1. ... 1. 0. 0.]
536,knn,{'n_neighbors': 7},0.5388158187603508,0.08526263638143987,0.08506648868131783,0.17016041969031032,0.544155875662067,0.08342272121457885,0.5422425139031,0.08612008808038418,0.5427682737169518,0.5430912912753106,"{0: 0.5724469235365119, 1: 0.5724469235365119}","{0: 0.5724469235365119, 1: 0.5724469235365119}",0.5724469235365119,"[[368 269]
 [319 330]]",[0. 0. 0. ... 0. 0. 1.],[0. 1. 1. ... 1. 0. 0.]
138,knn,{'n_neighbors': 7},0.5388158187603508,0.08526263638143987,0.08506648868131783,0.17016041969031032,0.544155875662067,0.08342272121457885,0.5422425139031,0.08612008808038418,0.5427682737169518,0.5430912912753106,"{0: 0.5724469235365119, 1: 0.5724469235365119}","{0: 0.5724469235365119, 1: 0.5724469235365119}",0.5724469235365119,"[[368 269]
 [319 330]]",[0. 0. 0. ... 0. 0. 1.],[0. 1. 1. ... 1. 0. 0.]
520,SVC,"{'C': 100, 'gamma': 0.1, 'kernel': 'rbf'}",0.5371818001600441,0.07841290770706785,0.08448101018282836,0.15039556907137094,0.5404700123577952,0.07611995195674985,0.5435555389756371,0.08710500538148047,0.5435458786936236,0.543556927334167,"{0: 0.5556525798656549, 1: 0.5556525798656549}","{0: 0.5556525798656549, 1: 0.5556525798656549}",0.5556525798656549,"[[347 290]
 [297 352]]",[0. 1. 0. ... 0. 0. 1.],[0. 1. 1. ... 1. 0. 0.]
459,SVC,"{'C': 100, 'gamma': 0.1, 'kernel': 'rbf'}",0.5368439173163355,0.07712166153770952,0.08414611439556854,0.14778119551781807,0.5401688698399495,0.07485523074818662,0.5435555391158319,0.0870785090084969,0.5435458786936236,0.5435424140024625,"{0: 0.5530946051527166, 1: 0.5530946051527166}","{0: 0.5530946051527166, 1: 0.5530946051527166}",0.5530946051527166,"[[346 291]
 [296 353]]",[0. 1. 0. ... 0. 0. 1.],[0. 1. 1. ... 1. 0. 0.]
2,SVC,"{'C': 100, 'gamma': 0.1, 'kernel': 'rbf'}",0.5369604948380888,0.07739676159839923,0.08387263365908477,0.14847100694160406,0.5400364762103649,0.07532438118644906,0.5427782270004671,0.0855365474339036,0.5427682737169518,0.5427719979778092,"{0: 0.552839412403577, 1: 0.552839412403577}","{0: 0.552839412403577, 1: 0.552839412403577}",0.552839412403577,"[[346 291]
 [297 352]]",[0. 1. 0. ... 0. 0. 1.],[0. 1. 1. ... 1. 0. 0.]
48,SVC,"{'C': 100, 'gamma': 0.1, 'kernel': 'rbf'}",0.5366756575972275,0.07536620187935404,0.08369206135733898,0.14431093503590514,0.5399140076827239,0.07323156742862043,0.5427771212298748,0.08551000515193363,0.5427682737169518,0.5427574846461045,"{0: 0.5535070256619894, 1: 0.5535070256619894}","{0: 0.5535070256619894, 1: 0.5535070256619894}",0.5535070256619894,"[[345 292]
 [296 353]]",[0. 1. 0. ... 0. 0. 1.],[0. 1. 1. ... 1. 0. 0.]
426,AdaBoost,"{'algorithm': 'SAMME', 'learning_rate': 1.9775510204081632, 'n_estimators': 41}",0.5340349713663863,0.10091008065176375,0.08205675672631589,0.19809371868977568,0.540736046237599,0.09845576125357522,0.5598579770888552,0.12200715841064924,0.5606531881804043,0.5610575864813152,"{0: 0.5435883728861937, 1: 0.5435883728861938}","{0: 0.5435883728861937, 1: 0.5435883728861938}",0.5435883728861938,"[[385 252]
 [313 336]]",[1. 1. 0. ... 0. 0. 1.],[0. 1. 1. ... 1. 0. 0.]
280,SVC,"{'C': 1000, 'gamma': 0.1, 'kernel': 'rbf'}",0.5369508305035035,0.09161657960818259,0.08182662355133923,0.17777211197892018,0.5401119097259546,0.0908377483280372,0.5372878219531674,0.0744754711868999,0.5373250388802489,0.5372339524881897,"{0: 0.541100545943161, 1: 0.5411005459431609}","{0: 0.541100545943161, 1: 0.5411005459431609}",0.5411005459431609,"[[336 301]
 [294 355]]",[0. 1. 0. ... 0. 0. 1.],[0. 1. 1. ... 1. 0. 0.]
843,AdaBoost,"{'algorithm': 'SAMME.R', 'learning_rate': 2.1408163265306124, 'n_estimators': 85}",0.49543876264771036,0.1001626687046997,0.08085494847179524,0.14173609119240577,0.536231369656094,0.07513158967190516,0.5323863612895133,0.11729642376322524,0.5567651632970451,0.5589035661674887,"{0: 0.540084612723838, 1: 0.5400846127238378}","{0: 0.540084612723838, 1: 0.5400846127238378}",0.5400846127238378,"[[502 135]
 [435 214]]",[1. 0. 0. ... 0. 0. 1.],[0. 1. 1. ... 1. 0. 0.]
757,AdaBoost,"{'algorithm': 'SAMME.R', 'learning_rate': 2.1408163265306124, 'n_estimators': 63}",0.49543876264771036,0.1001626687046997,0.08085494847179524,0.14173609119240577,0.536231369656094,0.07513158967190516,0.5323863612895133,0.11729642376322524,0.5567651632970451,0.5589035661674887,"{0: 0.5518815325110725, 1: 0.5518815325110725}","{0: 0.5518815325110725, 1: 0.5518815325110725}",0.5518815325110725,"[[502 135]
 [435 214]]",[1. 0. 0. ... 0. 0. 1.],[0. 1. 1. ... 1. 0. 0.]
905,SVC,"{'C': 100, 'gamma': 0.1, 'kernel': 'rbf'}",0.5352086324858005,0.07759470294991706,0.08019785891266454,0.14925316886169432,0.5383567092473012,0.07559711126011207,0.5420003620770444,0.08396804396252933,0.5419906687402799,0.5419870686214512,"{0: 0.5542992116841996, 1: 0.5542992116841996}","{0: 0.5542992116841996, 1: 0.5542992116841996}",0.5542992116841996,"[[345 292]
 [297 352]]",[0. 1. 0. ... 0. 0. 1.],[0. 1. 1. ... 1. 0. 0.]
382,randomforest,"{'criterion': 'entropy', 'max_features': None, 'n_estimators': 347}",0.5375801747249728,0.10724635623764196,0.07964859698055134,0.2139370978164874,0.5395567820239101,0.10780616070619851,0.5533143171617325,0.10684287072910437,0.5536547433903577,0.5533981756742048,"{0: 0.5921753791003186, 1: 0.5921753791003186}","{0: 0.5921753791003186, 1: 0.5921753791003186}",0.5921753791003186,"[[335 302]
 [272 377]]",[1. 1. 0. ... 0. 0. 1.],[0. 1. 1. ... 1. 0. 0.]
737,SVC,"{'C': 100, 'gamma': 0.1, 'kernel': 'rbf'}",0.5348619686475303,0.07753447346508661,0.07953988636068235,0.14903759910155537,0.5379963488869408,0.07552138749799236,0.5412219413701125,0.08239949496537569,0.5412130637636081,0.5412021392650932,"{0: 0.553019619605576, 1: 0.553019619605576}","{0: 0.553019619605576, 1: 0.553019619605576}",0.553019619605576,"[[344 293]
 [297 352]]",[0. 1. 0. ... 0. 0. 1.],[0. 1. 1. ... 1. 0. 0.]
621,randomforest,"{'criterion': 'entropy', 'max_features': 'log2', 'n_estimators': 175}",0.5380105087124807,0.08899746987811656,0.07892030906891985,0.18173380156180963,0.5420187860203801,0.08748617905170085,0.5442151835174129,0.0894489805304679,0.5451010886469674,0.5446913860957444,"{0: 0.5892194972098119, 1: 0.5892194972098119}","{0: 0.5892194972098119, 1: 0.5892194972098119}",0.5892194972098119,"[[319 318]
 [267 382]]",[0. 1. 0. ... 0. 1. 1.],[0. 1. 1. ... 1. 0. 0.]
875,AdaBoost,"{'algorithm': 'SAMME.R', 'learning_rate': 1.6510204081632653, 'n_estimators': 63}",0.5310276893971668,0.09825301053893708,0.07831861957663394,0.2037114483427229,0.5376844128904044,0.09981214760552377,0.5482210702321949,0.09640990414639983,0.5482115085536547,0.5482084501454962,"{0: 0.5666053075254044, 1: 0.5666053075254044}","{0: 0.5666053075254044, 1: 0.5666053075254044}",0.5666053075254044,"[[349 288]
 [293 356]]",[0. 0. 0. ... 1. 0. 1.],[0. 1. 1. ... 1. 0. 0.]
690,AdaBoost,"{'algorithm': 'SAMME.R', 'learning_rate': 1.4877551020408164, 'n_estimators': 30}",0.5338815127288603,0.10139002353136792,0.0782503843807166,0.20026668012558754,0.5389992701515126,0.09995856948320068,0.5318636856039912,0.06362772110530279,0.5318818040435459,0.5318120136522073,"{0: 0.5421104319409404, 1: 0.5421104319409403}","{0: 0.5421104319409404, 1: 0.5421104319409403}",0.5421104319409403,"[[334 303]
 [299 350]]",[0. 1. 0. ... 0. 1. 1.],[0. 1. 1. ... 1. 0. 0.]
596,AdaBoost,"{'algorithm': 'SAMME.R', 'learning_rate': 1.4877551020408164, 'n_estimators': 30}",0.5338815127288603,0.10139002353136792,0.0782503843807166,0.20026668012558754,0.5389992701515126,0.09995856948320068,0.5318636856039912,0.06362772110530279,0.5318818040435459,0.5318120136522073,"{0: 0.5421104319409404, 1: 0.5421104319409403}","{0: 0.5421104319409404, 1: 0.5421104319409403}",0.5421104319409403,"[[334 303]
 [299 350]]",[0. 1. 0. ... 0. 1. 1.],[0. 1. 1. ... 1. 0. 0.]
957,AdaBoost,"{'algorithm': 'SAMME.R', 'learning_rate': 1.4877551020408164, 'n_estimators': 30}",0.5338815127288603,0.10139002353136792,0.0782503843807166,0.20026668012558754,0.5389992701515126,0.09995856948320068,0.5318636856039912,0.06362772110530279,0.5318818040435459,0.5318120136522073,"{0: 0.5421104319409404, 1: 0.5421104319409403}","{0: 0.5421104319409404, 1: 0.5421104319409403}",0.5421104319409403,"[[334 303]
 [299 350]]",[0. 1. 0. ... 0. 1. 1.],[0. 1. 1. ... 1. 0. 0.]
796,AdaBoost,"{'algorithm': 'SAMME.R', 'learning_rate': 1.4877551020408164, 'n_estimators': 30}",0.5338815127288603,0.10139002353136792,0.0782503843807166,0.20026668012558754,0.5389992701515126,0.09995856948320068,0.5318636856039912,0.06362772110530279,0.5318818040435459,0.5318120136522073,"{0: 0.5421104319409404, 1: 0.5421104319409403}","{0: 0.5421104319409404, 1: 0.5421104319409403}",0.5421104319409403,"[[334 303]
 [299 350]]",[0. 1. 0. ... 0. 1. 1.],[0. 1. 1. ... 1. 0. 0.]
177,AdaBoost,"{'algorithm': 'SAMME.R', 'learning_rate': 2.3857142857142857, 'n_estimators': 41}",0.4837122554348239,0.10543149266152561,0.07715549519123548,0.14182781295930869,0.5342562592544863,0.07481715671458262,0.5341115741681606,0.11394314045286247,0.5552099533437014,0.5572030874694314,"{0: 0.5363740375846914, 1: 0.5363740375846913}","{0: 0.5363740375846914, 1: 0.5363740375846913}",0.5363740375846913,"[[491 146]
 [426 223]]",[1. 0. 0. ... 0. 0. 1.],[0. 1. 1. ... 1. 0. 0.]
673,AdaBoost,"{'algorithm': 'SAMME.R', 'learning_rate': 2.3857142857142857, 'n_estimators': 63}",0.4837122554348239,0.10543149266152561,0.07715549519123548,0.14182781295930869,0.5342562592544863,0.07481715671458262,0.5341115741681606,0.11394314045286247,0.5552099533437014,0.5572030874694314,"{0: 0.5347654766540965, 1: 0.5347654766540965}","{0: 0.5347654766540965, 1: 0.5347654766540965}",0.5347654766540965,"[[491 146]
 [426 223]]",[1. 0. 0. ... 0. 0. 1.],[0. 1. 1. ... 1. 0. 0.]
990,AdaBoost,"{'algorithm': 'SAMME.R', 'learning_rate': 1.5693877551020408, 'n_estimators': 96}",0.5314166860015194,0.09013495109159583,0.07480276424700426,0.17878780739876463,0.5372680160156371,0.08884571766897889,0.546248726729526,0.09279914814321844,0.5466562986003111,0.5463773514620973,"{0: 0.5546003633170704, 1: 0.5546003633170704}","{0: 0.5546003633170704, 1: 0.5546003633170704}",0.5546003633170704,"[[329 308]
 [275 374]]",[0. 1. 0. ... 0. 0. 1.],[0. 1. 1. ... 1. 0. 0.]
622,AdaBoost,"{'algorithm': 'SAMME.R', 'learning_rate': 2.304081632653061, 'n_estimators': 85}",0.48629900148036087,0.1031126179349339,0.07453477455759136,0.14623777051117487,0.5330958870596314,0.07659144775367238,0.5226869554770626,0.11153852634822359,0.5536547433903577,0.5560396020444447,"{0: 0.5391255233870246, 1: 0.5391255233870246}","{0: 0.5391255233870246, 1: 0.5391255233870246}",0.5391255233870246,"[[517 120]
 [454 195]]",[1. 0. 0. ... 0. 0. 1.],[0. 1. 1. ... 1. 0. 0.]
801,AdaBoost,"{'algorithm': 'SAMME.R', 'learning_rate': 2.304081632653061, 'n_estimators': 96}",0.48629900148036087,0.1031126179349339,0.07453477455759136,0.14623777051117487,0.5330958870596314,0.07659144775367238,0.5226869554770626,0.11153852634822359,0.5536547433903577,0.5560396020444447,"{0: 0.5384700045716994, 1: 0.5384700045716995}","{0: 0.5384700045716994, 1: 0.5384700045716995}",0.5384700045716995,"[[517 120]
 [454 195]]",[1. 0. 0. ... 0. 0. 1.],[0. 1. 1. ... 1. 0. 0.]
903,AdaBoost,"{'algorithm': 'SAMME.R', 'learning_rate': 4.018367346938775, 'n_estimators': 96}",0.4895973272011005,0.10055295359857273,0.07449867198393807,0.14375126658978582,0.533001810000037,0.07561388147678579,0.5254355596854583,0.1113588373666432,0.5536547433903577,0.5559380087225123,"{0: 0.5385728073379406, 1: 0.5385728073379406}","{0: 0.5385728073379406, 1: 0.5385728073379406}",0.5385728073379406,"[[510 127]
 [447 202]]",[1. 0. 0. ... 0. 0. 1.],[0. 1. 1. ... 1. 0. 0.]
724,AdaBoost,"{'algorithm': 'SAMME.R', 'learning_rate': 4.018367346938775, 'n_estimators': 96}",0.4895973272011005,0.10055295359857273,0.07449867198393807,0.14375126658978582,0.533001810000037,0.07561388147678579,0.5254355596854583,0.1113588373666432,0.5536547433903577,0.5559380087225123,"{0: 0.5385728073379406, 1: 0.5385728073379406}","{0: 0.5385728073379406, 1: 0.5385728073379406}",0.5385728073379406,"[[510 127]
 [447 202]]",[1. 0. 0. ... 0. 0. 1.],[0. 1. 1. ... 1. 0. 0.]
660,AdaBoost,"{'algorithm': 'SAMME.R', 'learning_rate': 4.1, 'n_estimators': 96}",0.4895973272011005,0.10055295359857273,0.07449867198393807,0.14375126658978582,0.533001810000037,0.07561388147678579,0.5254355596854583,0.1113588373666432,0.5536547433903577,0.5559380087225123,"{0: 0.5401039638327775, 1: 0.5401039638327774}","{0: 0.5401039638327775, 1: 0.5401039638327774}",0.5401039638327774,"[[510 127]
 [447 202]]",[1. 0. 0. ... 0. 0. 1.],[0. 1. 1. ... 1. 0. 0.]
925,AdaBoost,"{'algorithm': 'SAMME.R', 'learning_rate': 4.1, 'n_estimators': 96}",0.4895973272011005,0.10055295359857273,0.07449867198393807,0.14375126658978582,0.533001810000037,0.07561388147678579,0.5254355596854583,0.1113588373666432,0.5536547433903577,0.5559380087225123,"{0: 0.5401039638327775, 1: 0.5401039638327774}","{0: 0.5401039638327775, 1: 0.5401039638327774}",0.5401039638327774,"[[510 127]
 [447 202]]",[1. 0. 0. ... 0. 0. 1.],[0. 1. 1. ... 1. 0. 0.]
702,knn,{'n_neighbors': 5},0.5329220121609681,0.09410924733919032,0.07415796448049088,0.18633079782151316,0.53783992713334,0.09324206284617528,0.5422425139031,0.08612008808038418,0.5427682737169518,0.5430912912753106,"{0: 0.5721360963491714, 1: 0.5721360963491714}","{0: 0.5721360963491714, 1: 0.5721360963491714}",0.5721360963491714,"[[368 269]
 [319 330]]",[0. 0. 0. ... 0. 0. 1.],[0. 1. 1. ... 1. 0. 0.]
350,knn,{'n_neighbors': 5},0.5329220121609681,0.09410924733919032,0.07415796448049088,0.18633079782151316,0.53783992713334,0.09324206284617528,0.5422425139031,0.08612008808038418,0.5427682737169518,0.5430912912753106,"{0: 0.5721360963491714, 1: 0.5721360963491714}","{0: 0.5721360963491714, 1: 0.5721360963491714}",0.5721360963491714,"[[368 269]
 [319 330]]",[0. 0. 0. ... 0. 0. 1.],[0. 1. 1. ... 1. 0. 0.]
59,knn,{'n_neighbors': 5},0.5329220121609681,0.09410924733919032,0.07415796448049088,0.18633079782151316,0.53783992713334,0.09324206284617528,0.5422425139031,0.08612008808038418,0.5427682737169518,0.5430912912753106,"{0: 0.5721360963491714, 1: 0.5721360963491714}","{0: 0.5721360963491714, 1: 0.5721360963491714}",0.5721360963491714,"[[368 269]
 [319 330]]",[0. 0. 0. ... 0. 0. 1.],[0. 1. 1. ... 1. 0. 0.]
389,AdaBoost,"{'algorithm': 'SAMME.R', 'learning_rate': 3.691836734693877, 'n_estimators': 52}",0.4830085782999402,0.10594102944275549,0.07391081941133239,0.14323995899528746,0.5326208576190846,0.07516040593263136,0.520835010308666,0.11005495285800604,0.5528771384136858,0.5552982126832006,"{0: 0.5252132855038424, 1: 0.5252132855038425}","{0: 0.5252132855038424, 1: 0.5252132855038425}",0.5252132855038425,"[[519 118]
 [457 192]]",[1. 0. 0. ... 0. 0. 1.],[0. 1. 1. ... 1. 0. 0.]
839,AdaBoost,"{'algorithm': 'SAMME.R', 'learning_rate': 3.120408163265306, 'n_estimators': 96}",0.4886495700287481,0.10036548125874567,0.0730806284542988,0.14368372323155376,0.5322745372727643,0.07557804057468963,0.5244171226159268,0.10982354173337927,0.5528771384136858,0.5551675926978591,"{0: 0.5327190968837457, 1: 0.5327190968837459}","{0: 0.5327190968837457, 1: 0.5327190968837459}",0.5327190968837459,"[[510 127]
 [448 201]]",[1. 0. 0. ... 0. 0. 1.],[0. 1. 1. ... 1. 0. 0.]
740,AdaBoost,"{'algorithm': 'SAMME.R', 'learning_rate': 2.957142857142857, 'n_estimators': 52}",0.4889950569838607,0.10040899689205246,0.07303143735547975,0.14368740740702343,0.5322745372727643,0.07557804057468963,0.5247997010528801,0.1097978219571567,0.5528771384136858,0.5551530793661544,"{0: 0.5222852208324363, 1: 0.5222852208324363}","{0: 0.5222852208324363, 1: 0.5222852208324363}",0.5222852208324363,"[[509 128]
 [447 202]]",[1. 0. 0. ... 0. 0. 1.],[0. 1. 1. ... 1. 0. 0.]
744,AdaBoost,"{'algorithm': 'SAMME.R', 'learning_rate': 3.3653061224489793, 'n_estimators': 96}",0.4889950569838607,0.10040899689205246,0.07303143735547975,0.14368740740702343,0.5322745372727643,0.07557804057468963,0.5247997010528801,0.1097978219571567,0.5528771384136858,0.5551530793661544,"{0: 0.5182807507262713, 1: 0.5182807507262712}","{0: 0.5182807507262713, 1: 0.5182807507262712}",0.5182807507262712,"[[509 128]
 [447 202]]",[1. 0. 0. ... 0. 0. 1.],[0. 1. 1. ... 1. 0. 0.]
810,AdaBoost,"{'algorithm': 'SAMME.R', 'learning_rate': 2.957142857142857, 'n_estimators': 63}",0.4889950569838607,0.10040899689205246,0.07303143735547975,0.14368740740702343,0.5322745372727643,0.07557804057468963,0.5247997010528801,0.1097978219571567,0.5528771384136858,0.5551530793661544,"{0: 0.5208725898798537, 1: 0.5208725898798539}","{0: 0.5208725898798537, 1: 0.5208725898798539}",0.5208725898798539,"[[509 128]
 [447 202]]",[1. 0. 0. ... 0. 0. 1.],[0. 1. 1. ... 1. 0. 0.]
736,AdaBoost,"{'algorithm': 'SAMME.R', 'learning_rate': 2.7122448979591836, 'n_estimators': 63}",0.4889950569838607,0.10040899689205246,0.07303143735547975,0.14368740740702343,0.5322745372727643,0.07557804057468963,0.5247997010528801,0.1097978219571567,0.5528771384136858,0.5551530793661544,"{0: 0.5231088524066733, 1: 0.5231088524066733}","{0: 0.5231088524066733, 1: 0.5231088524066733}",0.5231088524066733,"[[509 128]
 [447 202]]",[1. 0. 0. ... 0. 0. 1.],[0. 1. 1. ... 1. 0. 0.]
200,AdaBoost,"{'algorithm': 'SAMME.R', 'learning_rate': 3.0387755102040814, 'n_estimators': 74}",0.4889950569838607,0.10040899689205246,0.07303143735547975,0.14368740740702343,0.5322745372727643,0.07557804057468963,0.5247997010528801,0.1097978219571567,0.5528771384136858,0.5551530793661544,"{0: 0.5245601855771347, 1: 0.5245601855771348}","{0: 0.5245601855771347, 1: 0.5245601855771348}",0.5245601855771348,"[[509 128]
 [447 202]]",[1. 0. 0. ... 0. 0. 1.],[0. 1. 1. ... 1. 0. 0.]
121,AdaBoost,"{'algorithm': 'SAMME.R', 'learning_rate': 4.018367346938775, 'n_estimators': 74}",0.4889950569838607,0.10040899689205246,0.07303143735547975,0.14368740740702343,0.5322745372727643,0.07557804057468963,0.5247997010528801,0.1097978219571567,0.5528771384136858,0.5551530793661544,"{0: 0.5439862800637618, 1: 0.5439862800637618}","{0: 0.5439862800637618, 1: 0.5439862800637618}",0.5439862800637618,"[[509 128]
 [447 202]]",[1. 0. 0. ... 0. 0. 1.],[0. 1. 1. ... 1. 0. 0.]
751,AdaBoost,"{'algorithm': 'SAMME.R', 'learning_rate': 3.7734693877551018, 'n_estimators': 41}",0.4889950569838607,0.10040899689205246,0.07303143735547975,0.14368740740702343,0.5322745372727643,0.07557804057468963,0.5247997010528801,0.1097978219571567,0.5528771384136858,0.5551530793661544,"{0: 0.5266549431198341, 1: 0.5266549431198342}","{0: 0.5266549431198341, 1: 0.5266549431198342}",0.5266549431198342,"[[509 128]
 [447 202]]",[1. 0. 0. ... 0. 0. 1.],[0. 1. 1. ... 1. 0. 0.]
154,AdaBoost,"{'algorithm': 'SAMME.R', 'learning_rate': 3.120408163265306, 'n_estimators': 74}",0.4889950569838607,0.10040899689205246,0.07303143735547975,0.14368740740702343,0.5322745372727643,0.07557804057468963,0.5247997010528801,0.1097978219571567,0.5528771384136858,0.5551530793661544,"{0: 0.5339962700737519, 1: 0.5339962700737519}","{0: 0.5339962700737519, 1: 0.5339962700737519}",0.5339962700737519,"[[509 128]
 [447 202]]",[1. 0. 0. ... 0. 0. 1.],[0. 1. 1. ... 1. 0. 0.]
631,AdaBoost,"{'algorithm': 'SAMME.R', 'learning_rate': 4.018367346938775, 'n_estimators': 63}",0.4889950569838607,0.10040899689205246,0.07303143735547975,0.14368740740702343,0.5322745372727643,0.07557804057468963,0.5247997010528801,0.1097978219571567,0.5528771384136858,0.5551530793661544,"{0: 0.5490175683880284, 1: 0.5490175683880284}","{0: 0.5490175683880284, 1: 0.5490175683880284}",0.5490175683880284,"[[509 128]
 [447 202]]",[1. 0. 0. ... 0. 0. 1.],[0. 1. 1. ... 1. 0. 0.]
886,AdaBoost,"{'algorithm': 'SAMME.R', 'learning_rate': 3.446938775510204, 'n_estimators': 85}",0.4889950569838607,0.10040899689205246,0.07303143735547975,0.14368740740702343,0.5322745372727643,0.07557804057468963,0.5247997010528801,0.1097978219571567,0.5528771384136858,0.5551530793661544,"{0: 0.5193934394902917, 1: 0.5193934394902917}","{0: 0.5193934394902917, 1: 0.5193934394902917}",0.5193934394902917,"[[509 128]
 [447 202]]",[1. 0. 0. ... 0. 0. 1.],[0. 1. 1. ... 1. 0. 0.]
618,AdaBoost,"{'algorithm': 'SAMME.R', 'learning_rate': 2.957142857142857, 'n_estimators': 96}",0.4889950569838607,0.10040899689205246,0.07303143735547975,0.14368740740702343,0.5322745372727643,0.07557804057468963,0.5247997010528801,0.1097978219571567,0.5528771384136858,0.5551530793661544,"{0: 0.5187947645574764, 1: 0.5187947645574763}","{0: 0.5187947645574764, 1: 0.5187947645574763}",0.5187947645574763,"[[509 128]
 [447 202]]",[1. 0. 0. ... 0. 0. 1.],[0. 1. 1. ... 1. 0. 0.]
889,AdaBoost,"{'algorithm': 'SAMME.R', 'learning_rate': 3.5285714285714285, 'n_estimators': 41}",0.4889950569838607,0.10040899689205246,0.07303143735547975,0.14368740740702343,0.5322745372727643,0.07557804057468963,0.5247997010528801,0.1097978219571567,0.5528771384136858,0.5551530793661544,"{0: 0.5229008279855738, 1: 0.5229008279855738}","{0: 0.5229008279855738, 1: 0.5229008279855738}",0.5229008279855738,"[[509 128]
 [447 202]]",[1. 0. 0. ... 0. 0. 1.],[0. 1. 1. ... 1. 0. 0.]
919,AdaBoost,"{'algorithm': 'SAMME.R', 'learning_rate': 2.7122448979591836, 'n_estimators': 63}",0.4889950569838607,0.10040899689205246,0.07303143735547975,0.14368740740702343,0.5322745372727643,0.07557804057468963,0.5247997010528801,0.1097978219571567,0.5528771384136858,0.5551530793661544,"{0: 0.5231088524066733, 1: 0.5231088524066733}","{0: 0.5231088524066733, 1: 0.5231088524066733}",0.5231088524066733,"[[509 128]
 [447 202]]",[1. 0. 0. ... 0. 0. 1.],[0. 1. 1. ... 1. 0. 0.]
111,AdaBoost,"{'algorithm': 'SAMME.R', 'learning_rate': 2.957142857142857, 'n_estimators': 74}",0.4889950569838607,0.10040899689205246,0.07303143735547975,0.14368740740702343,0.5322745372727643,0.07557804057468963,0.5247997010528801,0.1097978219571567,0.5528771384136858,0.5551530793661544,"{0: 0.5200211410865164, 1: 0.5200211410865163}","{0: 0.5200211410865164, 1: 0.5200211410865163}",0.5200211410865163,"[[509 128]
 [447 202]]",[1. 0. 0. ... 0. 0. 1.],[0. 1. 1. ... 1. 0. 0.]
324,AdaBoost,"{'algorithm': 'SAMME.R', 'learning_rate': 3.2020408163265306, 'n_estimators': 74}",0.4889950569838607,0.10040899689205246,0.07303143735547975,0.14368740740702343,0.5322745372727643,0.07557804057468963,0.5247997010528801,0.1097978219571567,0.5528771384136858,0.5551530793661544,"{0: 0.5346542077776945, 1: 0.5346542077776945}","{0: 0.5346542077776945, 1: 0.5346542077776945}",0.5346542077776945,"[[509 128]
 [447 202]]",[1. 0. 0. ... 0. 0. 1.],[0. 1. 1. ... 1. 0. 0.]
610,AdaBoost,"{'algorithm': 'SAMME.R', 'learning_rate': 3.446938775510204, 'n_estimators': 63}",0.4889950569838607,0.10040899689205246,0.07303143735547975,0.14368740740702343,0.5322745372727643,0.07557804057468963,0.5247997010528801,0.1097978219571567,0.5528771384136858,0.5551530793661544,"{0: 0.5201844160681933, 1: 0.5201844160681933}","{0: 0.5201844160681933, 1: 0.5201844160681933}",0.5201844160681933,"[[509 128]
 [447 202]]",[1. 0. 0. ... 0. 0. 1.],[0. 1. 1. ... 1. 0. 0.]
351,AdaBoost,"{'algorithm': 'SAMME.R', 'learning_rate': 4.1, 'n_estimators': 74}",0.4889950569838607,0.10040899689205246,0.07303143735547975,0.14368740740702343,0.5322745372727643,0.07557804057468963,0.5247997010528801,0.1097978219571567,0.5528771384136858,0.5551530793661544,"{0: 0.5470872952713146, 1: 0.5470872952713146}","{0: 0.5470872952713146, 1: 0.5470872952713146}",0.5470872952713146,"[[509 128]
 [447 202]]",[1. 0. 0. ... 0. 0. 1.],[0. 1. 1. ... 1. 0. 0.]
896,AdaBoost,"{'algorithm': 'SAMME.R', 'learning_rate': 3.8551020408163263, 'n_estimators': 63}",0.4889950569838607,0.10040899689205246,0.07303143735547975,0.14368740740702343,0.5322745372727643,0.07557804057468963,0.5247997010528801,0.1097978219571567,0.5528771384136858,0.5551530793661544,"{0: 0.5417463892040163, 1: 0.5417463892040164}","{0: 0.5417463892040163, 1: 0.5417463892040164}",0.5417463892040164,"[[509 128]
 [447 202]]",[1. 0. 0. ... 0. 0. 1.],[0. 1. 1. ... 1. 0. 0.]
964,AdaBoost,"{'algorithm': 'SAMME.R', 'learning_rate': 3.446938775510204, 'n_estimators': 52}",0.4889950569838607,0.10040899689205246,0.07303143735547975,0.14368740740702343,0.5322745372727643,0.07557804057468963,0.5247997010528801,0.1097978219571567,0.5528771384136858,0.5551530793661544,"{0: 0.520738341561586, 1: 0.5207383415615862}","{0: 0.520738341561586, 1: 0.5207383415615862}",0.5207383415615862,"[[509 128]
 [447 202]]",[1. 0. 0. ... 0. 0. 1.],[0. 1. 1. ... 1. 0. 0.]
298,AdaBoost,"{'algorithm': 'SAMME.R', 'learning_rate': 3.5285714285714285, 'n_estimators': 74}",0.4889950569838607,0.10040899689205246,0.07303143735547975,0.14368740740702343,0.5322745372727643,0.07557804057468963,0.5247997010528801,0.1097978219571567,0.5528771384136858,0.5551530793661544,"{0: 0.5212172815078385, 1: 0.5212172815078384}","{0: 0.5212172815078385, 1: 0.5212172815078384}",0.5212172815078384,"[[509 128]
 [447 202]]",[1. 0. 0. ... 0. 0. 1.],[0. 1. 1. ... 1. 0. 0.]
974,AdaBoost,"{'algorithm': 'SAMME.R', 'learning_rate': 2.957142857142857, 'n_estimators': 85}",0.4889950569838607,0.10040899689205246,0.07303143735547975,0.14368740740702343,0.5322745372727643,0.07557804057468963,0.5247997010528801,0.1097978219571567,0.5528771384136858,0.5551530793661544,"{0: 0.5197139422321021, 1: 0.5197139422321021}","{0: 0.5197139422321021, 1: 0.5197139422321021}",0.5197139422321021,"[[509 128]
 [447 202]]",[1. 0. 0. ... 0. 0. 1.],[0. 1. 1. ... 1. 0. 0.]
976,AdaBoost,"{'algorithm': 'SAMME.R', 'learning_rate': 3.5285714285714285, 'n_estimators': 41}",0.4889950569838607,0.10040899689205246,0.07303143735547975,0.14368740740702343,0.5322745372727643,0.07557804057468963,0.5247997010528801,0.1097978219571567,0.5528771384136858,0.5551530793661544,"{0: 0.5229008279855738, 1: 0.5229008279855738}","{0: 0.5229008279855738, 1: 0.5229008279855738}",0.5229008279855738,"[[509 128]
 [447 202]]",[1. 0. 0. ... 0. 0. 1.],[0. 1. 1. ... 1. 0. 0.]
883,AdaBoost,"{'algorithm': 'SAMME.R', 'learning_rate': 2.957142857142857, 'n_estimators': 96}",0.4889950569838607,0.10040899689205246,0.07303143735547975,0.14368740740702343,0.5322745372727643,0.07557804057468963,0.5247997010528801,0.1097978219571567,0.5528771384136858,0.5551530793661544,"{0: 0.5187947645574764, 1: 0.5187947645574763}","{0: 0.5187947645574764, 1: 0.5187947645574763}",0.5187947645574763,"[[509 128]
 [447 202]]",[1. 0. 0. ... 0. 0. 1.],[0. 1. 1. ... 1. 0. 0.]
652,AdaBoost,"{'algorithm': 'SAMME.R', 'learning_rate': 3.3653061224489793, 'n_estimators': 63}",0.4889950569838607,0.10040899689205246,0.07303143735547975,0.14368740740702343,0.5322745372727643,0.07557804057468963,0.5247997010528801,0.1097978219571567,0.5528771384136858,0.5551530793661544,"{0: 0.5199981616446506, 1: 0.5199981616446507}","{0: 0.5199981616446506, 1: 0.5199981616446507}",0.5199981616446507,"[[509 128]
 [447 202]]",[1. 0. 0. ... 0. 0. 1.],[0. 1. 1. ... 1. 0. 0.]
997,AdaBoost,"{'algorithm': 'SAMME.R', 'learning_rate': 3.7734693877551018, 'n_estimators': 41}",0.4889950569838607,0.10040899689205246,0.07303143735547975,0.14368740740702343,0.5322745372727643,0.07557804057468963,0.5247997010528801,0.1097978219571567,0.5528771384136858,0.5551530793661544,"{0: 0.5266549431198341, 1: 0.5266549431198342}","{0: 0.5266549431198341, 1: 0.5266549431198342}",0.5266549431198342,"[[509 128]
 [447 202]]",[1. 0. 0. ... 0. 0. 1.],[0. 1. 1. ... 1. 0. 0.]
853,knn,{'n_neighbors': 1},0.5351574251173394,0.08346860761206114,0.07282902654853624,0.16970594985157136,0.5369798495245055,0.08413916075499431,0.5473901085179482,0.09468387502570363,0.5474339035769828,0.5473364407989105,"{0: 0.5473364407989105, 1: 0.5473364407989105}","{0: 0.5473364407989105, 1: 0.5473364407989105}",0.5473364407989105,"[[342 295]
 [287 362]]",[0. 1. 0. ... 0. 0. 1.],[0. 1. 1. ... 1. 0. 0.]
157,knn,{'n_neighbors': 1},0.5351574251173394,0.08346860761206114,0.07282902654853624,0.16970594985157136,0.5369798495245055,0.08413916075499431,0.5473901085179482,0.09468387502570363,0.5474339035769828,0.5473364407989105,"{0: 0.5473364407989105, 1: 0.5473364407989105}","{0: 0.5473364407989105, 1: 0.5473364407989105}",0.5473364407989105,"[[342 295]
 [287 362]]",[0. 1. 0. ... 0. 0. 1.],[0. 1. 1. ... 1. 0. 0.]
372,knn,{'n_neighbors': 1},0.5351574251173394,0.08346860761206114,0.07282902654853624,0.16970594985157136,0.5369798495245055,0.08413916075499431,0.5473901085179482,0.09468387502570363,0.5474339035769828,0.5473364407989105,"{0: 0.5473364407989105, 1: 0.5473364407989105}","{0: 0.5473364407989105, 1: 0.5473364407989105}",0.5473364407989105,"[[342 295]
 [287 362]]",[0. 1. 0. ... 0. 0. 1.],[0. 1. 1. ... 1. 0. 0.]
864,AdaBoost,"{'algorithm': 'SAMME.R', 'learning_rate': 1.4877551020408164, 'n_estimators': 85}",0.5293611863790687,0.08700511590985738,0.0725542430314782,0.1688710874273334,0.5355391684798096,0.08495687955786975,0.5427738035329068,0.08548346132914075,0.5427682737169518,0.5427429713143999,"{0: 0.5421854174880809, 1: 0.5421854174880809}","{0: 0.5421854174880809, 1: 0.5421854174880809}",0.5421854174880809,"[[344 293]
 [295 354]]",[0. 1. 0. ... 0. 1. 1.],[0. 1. 1. ... 1. 0. 0.]
954,AdaBoost,"{'algorithm': 'SAMME.R', 'learning_rate': 3.691836734693877, 'n_estimators': 41}",0.4909180307246853,0.09725712550723707,0.0721723824097375,0.14478336310914436,0.532014797013024,0.07572432519510958,0.5252907401735094,0.1081594567586115,0.552099533437014,0.5543246100146826,"{0: 0.5404547026823057, 1: 0.5404547026823056}","{0: 0.5404547026823057, 1: 0.5404547026823056}",0.5404547026823056,"[[505 132]
 [444 205]]",[1. 0. 0. ... 0. 0. 1.],[0. 1. 1. ... 1. 0. 0.]
684,AdaBoost,"{'algorithm': 'SAMME.R', 'learning_rate': 3.691836734693877, 'n_estimators': 85}",0.4909180307246853,0.09725712550723707,0.0721723824097375,0.14478336310914436,0.532014797013024,0.07572432519510958,0.5252907401735094,0.1081594567586115,0.552099533437014,0.5543246100146826,"{0: 0.5353750365856904, 1: 0.5353750365856903}","{0: 0.5353750365856904, 1: 0.5353750365856903}",0.5353750365856903,"[[505 132]
 [444 205]]",[1. 0. 0. ... 0. 0. 1.],[0. 1. 1. ... 1. 0. 0.]
866,AdaBoost,"{'algorithm': 'SAMME.R', 'learning_rate': 3.691836734693877, 'n_estimators': 41}",0.4909180307246853,0.09725712550723707,0.0721723824097375,0.14478336310914436,0.532014797013024,0.07572432519510958,0.5252907401735094,0.1081594567586115,0.552099533437014,0.5543246100146826,"{0: 0.5404547026823057, 1: 0.5404547026823056}","{0: 0.5404547026823057, 1: 0.5404547026823056}",0.5404547026823056,"[[505 132]
 [444 205]]",[1. 0. 0. ... 0. 0. 1.],[0. 1. 1. ... 1. 0. 0.]
912,AdaBoost,"{'algorithm': 'SAMME.R', 'learning_rate': 2.630612244897959, 'n_estimators': 41}",0.48856958407484813,0.09984477781537814,0.07209580998338132,0.14246992115218024,0.5318147671578217,0.07500161902750646,0.5241637456970957,0.10823676144476213,0.552099533437014,0.5543681500097966,"{0: 0.5339237034152288, 1: 0.5339237034152289}","{0: 0.5339237034152288, 1: 0.5339237034152289}",0.5339237034152289,"[[508 129]
 [447 202]]",[1. 0. 0. ... 0. 0. 1.],[0. 1. 1. ... 1. 0. 0.]
816,AdaBoost,"{'algorithm': 'SAMME.R', 'learning_rate': 1.3244897959183672, 'n_estimators': 96}",0.5346537576022553,0.08645695046931219,0.07180408418084035,0.17885075903955006,0.5391702606481469,0.08558017670828058,0.5440852358578242,0.08825002601211329,0.5443234836702955,0.5441096433832511,"{0: 0.5496126149879177, 1: 0.5496126149879177}","{0: 0.5496126149879177, 1: 0.5496126149879177}",0.5496126149879177,"[[332 305]
 [281 368]]",[0. 1. 0. ... 0. 1. 1.],[0. 1. 1. ... 1. 0. 0.]
695,AdaBoost,"{'algorithm': 'SAMME.R', 'learning_rate': 1.7326530612244897, 'n_estimators': 63}",0.5263105933378419,0.11391096619685707,0.07113424096355488,0.20821103895678658,0.5333419352456605,0.10909655813835854,0.5469603716345823,0.09431578641664873,0.5474339035769828,0.547133254155046,"{0: 0.5552498349108519, 1: 0.5552498349108519}","{0: 0.5552498349108519, 1: 0.5552498349108519}",0.5552498349108519,"[[328 309]
 [273 376]]",[0. 1. 0. ... 1. 0. 1.],[0. 1. 1. ... 1. 0. 0.]
828,AdaBoost,"{'algorithm': 'SAMME.R', 'learning_rate': 2.059183673469388, 'n_estimators': 63}",0.4961212032609717,0.10712321604393757,0.06941007200066124,0.16705724745577788,0.5313807259074018,0.08658434008329603,0.5347224774069222,0.11227860514313115,0.5544323483670296,0.556360104786255,"{0: 0.53816764349452, 1: 0.5381676434945201}","{0: 0.53816764349452, 1: 0.5381676434945201}",0.5381676434945201,"[[486 151]
 [422 227]]",[1. 0. 0. ... 0. 0. 1.],[0. 1. 1. ... 1. 0. 0.]
150,AdaBoost,"{'algorithm': 'SAMME', 'learning_rate': 4.1, 'n_estimators': 74}",0.485025874648672,0.10116208926432912,0.06831648767997546,0.14425685369148117,0.5298705261187532,0.07600891660399084,0.5209609381500042,0.10524377120102846,0.5505443234836703,0.5528708579556038,"{0: 0.5286964851129501, 1: 0.5286964851129501}","{0: 0.5286964851129501, 1: 0.5286964851129501}",0.5286964851129501,"[[511 126]
 [452 197]]",[1. 0. 0. ... 0. 0. 1.],[0. 1. 1. ... 1. 0. 0.]
457,AdaBoost,"{'algorithm': 'SAMME', 'learning_rate': 4.1, 'n_estimators': 74}",0.485025874648672,0.10116208926432912,0.06831648767997546,0.14425685369148117,0.5298705261187532,0.07600891660399084,0.5209609381500042,0.10524377120102846,0.5505443234836703,0.5528708579556038,"{0: 0.5286964851129501, 1: 0.5286964851129501}","{0: 0.5286964851129501, 1: 0.5286964851129501}",0.5286964851129501,"[[511 126]
 [452 197]]",[1. 0. 0. ... 0. 0. 1.],[0. 1. 1. ... 1. 0. 0.]
416,AdaBoost,"{'algorithm': 'SAMME', 'learning_rate': 4.018367346938775, 'n_estimators': 63}",0.4846231355400754,0.10040862751305485,0.0675897154057688,0.1427845753143227,0.5295101657583927,0.075292059750791,0.5199345145354933,0.10370869696057783,0.5497667185069984,0.5521004419309504,"{0: 0.5242626622771901, 1: 0.5242626622771901}","{0: 0.5242626622771901, 1: 0.5242626622771901}",0.5242626622771901,"[[511 126]
 [453 196]]",[1. 0. 0. ... 0. 0. 1.],[0. 1. 1. ... 1. 0. 0.]
218,AdaBoost,"{'algorithm': 'SAMME', 'learning_rate': 4.018367346938775, 'n_estimators': 85}",0.4846231355400754,0.10040862751305485,0.0675897154057688,0.1427845753143227,0.5295101657583927,0.075292059750791,0.5199345145354933,0.10370869696057783,0.5497667185069984,0.5521004419309504,"{0: 0.5232201212830753, 1: 0.5232201212830753}","{0: 0.5232201212830753, 1: 0.5232201212830753}",0.5232201212830753,"[[511 126]
 [453 196]]",[1. 0. 0. ... 0. 0. 1.],[0. 1. 1. ... 1. 0. 0.]
260,AdaBoost,"{'algorithm': 'SAMME', 'learning_rate': 3.120408163265306, 'n_estimators': 74}",0.4902058884040105,0.08922246410771742,0.06730200284465152,0.13920278971551292,0.5339714998406946,0.07082798879988142,0.5165645060701671,0.06197026873877254,0.5295489891135303,0.5310827187340504,"{0: 0.5398124877543764, 1: 0.5398124877543764}","{0: 0.5398124877543764, 1: 0.5398124877543764}",0.5398124877543764,"[[443 194]
 [411 238]]",[1. 0. 0. ... 0. 0. 1.],[0. 1. 1. ... 1. 0. 0.]
448,AdaBoost,"{'algorithm': 'SAMME', 'learning_rate': 3.120408163265306, 'n_estimators': 74}",0.4902058884040105,0.08922246410771742,0.06730200284465152,0.13920278971551292,0.5339714998406946,0.07082798879988142,0.5165645060701671,0.06197026873877254,0.5295489891135303,0.5310827187340504,"{0: 0.5398124877543764, 1: 0.5398124877543764}","{0: 0.5398124877543764, 1: 0.5398124877543764}",0.5398124877543764,"[[443 194]
 [411 238]]",[1. 0. 0. ... 0. 0. 1.],[0. 1. 1. ... 1. 0. 0.]
428,AdaBoost,"{'algorithm': 'SAMME', 'learning_rate': 2.7122448979591836, 'n_estimators': 85}",0.4815772234466831,0.09710545186454712,0.06607367906214322,0.134800715167166,0.5288537203519473,0.07097632110014512,0.5183252665600062,0.10381225883015621,0.5497667185069984,0.5521584952577688,"{0: 0.5240498000788557, 1: 0.5240498000788557}","{0: 0.5240498000788557, 1: 0.5240498000788557}",0.5240498000788557,"[[515 122]
 [457 192]]",[1. 0. 0. ... 0. 0. 1.],[0. 1. 1. ... 1. 0. 0.]
412,AdaBoost,"{'algorithm': 'SAMME', 'learning_rate': 3.8551020408163263, 'n_estimators': 41}",0.4832512752413859,0.10071479507813302,0.06522940655850039,0.1450238109886034,0.5285345560022953,0.0756671874616493,0.5189066287749251,0.10217366706710229,0.5489891135303266,0.5513300259062971,"{0: 0.5226625674567563, 1: 0.5226625674567564}","{0: 0.5226625674567563, 1: 0.5226625674567564}",0.5226625674567564,"[[511 126]
 [454 195]]",[1. 0. 0. ... 0. 0. 1.],[0. 1. 1. ... 1. 0. 0.]
33,AdaBoost,"{'algorithm': 'SAMME', 'learning_rate': 3.936734693877551, 'n_estimators': 85}",0.4832512752413859,0.10071479507813302,0.06522940655850039,0.1450238109886034,0.5285345560022953,0.0756671874616493,0.5189066287749251,0.10217366706710229,0.5489891135303266,0.5513300259062971,"{0: 0.5224859885876835, 1: 0.5224859885876835}","{0: 0.5224859885876835, 1: 0.5224859885876835}",0.5224859885876835,"[[511 126]
 [454 195]]",[1. 0. 0. ... 0. 0. 1.],[0. 1. 1. ... 1. 0. 0.]
118,AdaBoost,"{'algorithm': 'SAMME', 'learning_rate': 3.8551020408163263, 'n_estimators': 41}",0.4832512752413859,0.10071479507813302,0.06522940655850039,0.1450238109886034,0.5285345560022953,0.0756671874616493,0.5189066287749251,0.10217366706710229,0.5489891135303266,0.5513300259062971,"{0: 0.5226625674567563, 1: 0.5226625674567564}","{0: 0.5226625674567563, 1: 0.5226625674567564}",0.5226625674567564,"[[511 126]
 [454 195]]",[1. 0. 0. ... 0. 0. 1.],[0. 1. 1. ... 1. 0. 0.]
977,SVC,"{'C': 100, 'gamma': 0.1, 'kernel': 'sigmoid'}",0.5229065136512597,0.07453315093340143,0.06483613544196101,0.14946378871460012,0.5316925622310531,0.07322961354622787,0.5336785774657995,0.08293373940281723,0.5404354587869362,0.5415637631133999,"{0: 0.5390977061679241, 1: 0.5390977061679242}","{0: 0.5390977061679241, 1: 0.5390977061679242}",0.5390977061679242,"[[422 215]
 [376 273]]",[1. 1. 0. ... 0. 1. 0.],[0. 1. 1. ... 1. 0. 0.]
142,AdaBoost,"{'algorithm': 'SAMME', 'learning_rate': 3.7734693877551018, 'n_estimators': 63}",0.48285703862528556,0.10053325879342179,0.06473869798834472,0.1448381953548826,0.5282979014372825,0.07555422184541488,0.5189066287749251,0.10217366706710229,0.5489891135303266,0.5513300259062971,"{0: 0.5234378212586445, 1: 0.5234378212586445}","{0: 0.5234378212586445, 1: 0.5234378212586445}",0.5234378212586445,"[[511 126]
 [454 195]]",[1. 0. 0. ... 0. 0. 1.],[0. 1. 1. ... 1. 0. 0.]
286,AdaBoost,"{'algorithm': 'SAMME', 'learning_rate': 3.691836734693877, 'n_estimators': 85}",0.48245429951668906,0.09976629364761888,0.06401192571413805,0.1433537494022517,0.527937541076922,0.07482543600726001,0.5178772751159546,0.10063868151868016,0.5482115085536547,0.5505596098816438,"{0: 0.5262243809459306, 1: 0.5262243809459306}","{0: 0.5262243809459306, 1: 0.5262243809459306}",0.5262243809459306,"[[511 126]
 [455 194]]",[1. 0. 0. ... 0. 0. 1.],[0. 1. 1. ... 1. 0. 0.]
130,AdaBoost,"{'algorithm': 'SAMME', 'learning_rate': 2.793877551020408, 'n_estimators': 85}",0.48044248645047005,0.09767964335914396,0.0627480889852486,0.13759923384191186,0.5271665786648057,0.0717031036647904,0.5170698857852779,0.10069064131667183,0.5482115085536547,0.550588636545053,"{0: 0.5487780984149022, 1: 0.5487780984149023}","{0: 0.5487780984149022, 1: 0.5487780984149023}",0.5487780984149023,"[[513 124]
 [457 192]]",[1. 0. 0. ... 0. 0. 1.],[0. 1. 1. ... 1. 0. 0.]
318,AdaBoost,"{'algorithm': 'SAMME', 'learning_rate': 3.610204081632653, 'n_estimators': 63}",0.48084598314664534,0.09590859774985193,0.0625812411154566,0.1356337354299706,0.5270684642078453,0.07091135650401854,0.5164420600476831,0.09912976492820258,0.5474339035769828,0.5498037071886951,"{0: 0.524194933395902, 1: 0.524194933395902}","{0: 0.524194933395902, 1: 0.524194933395902}",0.524194933395902,"[[512 125]
 [457 192]]",[1. 0. 0. ... 0. 0. 1.],[0. 1. 1. ... 1. 0. 0.]
127,AdaBoost,"{'algorithm': 'SAMME', 'learning_rate': 3.610204081632653, 'n_estimators': 63}",0.48084598314664534,0.09590859774985193,0.0625812411154566,0.1356337354299706,0.5270684642078453,0.07091135650401854,0.5164420600476831,0.09912976492820258,0.5474339035769828,0.5498037071886951,"{0: 0.524194933395902, 1: 0.524194933395902}","{0: 0.524194933395902, 1: 0.524194933395902}",0.524194933395902,"[[512 125]
 [457 192]]",[1. 0. 0. ... 0. 0. 1.],[0. 1. 1. ... 1. 0. 0.]
941,AdaBoost,"{'algorithm': 'SAMME.R', 'learning_rate': 1.7326530612244897, 'n_estimators': 52}",0.5279555934276859,0.10555333823844787,0.06250288579867759,0.21045550478045105,0.5326719292341782,0.10394656333268368,0.5398818755502666,0.08027029447285561,0.5404354587869362,0.5401124299429384,"{0: 0.5535626601001904, 1: 0.5535626601001904}","{0: 0.5535626601001904, 1: 0.5535626601001904}",0.5535626601001904,"[[322 315]
 [276 373]]",[0. 1. 0. ... 1. 0. 1.],[0. 1. 1. ... 1. 0. 0.]
167,AdaBoost,"{'algorithm': 'SAMME.R', 'learning_rate': 1.7326530612244897, 'n_estimators': 52}",0.5279555934276859,0.10555333823844787,0.06250288579867759,0.21045550478045105,0.5326719292341782,0.10394656333268368,0.5398818755502666,0.08027029447285561,0.5404354587869362,0.5401124299429384,"{0: 0.5535626601001904, 1: 0.5535626601001904}","{0: 0.5535626601001904, 1: 0.5535626601001904}",0.5535626601001904,"[[322 315]
 [276 373]]",[0. 1. 0. ... 1. 0. 1.],[0. 1. 1. ... 1. 0. 0.]
703,AdaBoost,"{'algorithm': 'SAMME.R', 'learning_rate': 1.6510204081632653, 'n_estimators': 96}",0.5276151029108592,0.08564904125139802,0.06228705658208175,0.17537245225102113,0.5328707568315985,0.08617855013427515,0.547715508181247,0.0958588158987006,0.5482115085536547,0.5479036701796993,"{0: 0.5513058370201227, 1: 0.5513058370201227}","{0: 0.5513058370201227, 1: 0.5513058370201227}",0.5513058370201227,"[[328 309]
 [272 377]]",[0. 1. 0. ... 1. 0. 1.],[0. 1. 1. ... 1. 0. 0.]
492,AdaBoost,"{'algorithm': 'SAMME', 'learning_rate': 2.957142857142857, 'n_estimators': 85}",0.4793747833105791,0.09808392517647885,0.06193398509502668,0.13695086677069468,0.5266903881886152,0.07144664424038256,0.5160345088635024,0.09915578803948799,0.5474339035769828,0.5498182205203996,"{0: 0.5291089056222228, 1: 0.5291089056222228}","{0: 0.5291089056222228, 1: 0.5291089056222228}",0.5291089056222228,"[[513 124]
 [458 191]]",[1. 0. 0. ... 0. 0. 1.],[0. 1. 1. ... 1. 0. 0.]
385,AdaBoost,"{'algorithm': 'SAMME', 'learning_rate': 2.8755102040816327, 'n_estimators': 63}",0.4787300436313567,0.09875004772813771,0.059990237212952824,0.1390187550743381,0.5257380072362342,0.07258053088250024,0.5154074757535577,0.0975949120268842,0.5466562986003111,0.5490332911640418,"{0: 0.5385026595680349, 1: 0.5385026595680349}","{0: 0.5385026595680349, 1: 0.5385026595680349}",0.5385026595680349,"[[512 125]
 [458 191]]",[1. 0. 0. ... 0. 0. 1.],[0. 1. 1. ... 1. 0. 0.]
46,AdaBoost,"{'algorithm': 'SAMME', 'learning_rate': 2.8755102040816327, 'n_estimators': 85}",0.4787300436313567,0.09875004772813771,0.059990237212952824,0.1390187550743381,0.5257380072362342,0.07258053088250024,0.5154074757535577,0.0975949120268842,0.5466562986003111,0.5490332911640418,"{0: 0.5304695304695303, 1: 0.5304695304695305}","{0: 0.5304695304695303, 1: 0.5304695304695305}",0.5304695304695305,"[[512 125]
 [458 191]]",[1. 0. 0. ... 0. 0. 1.],[0. 1. 1. ... 1. 0. 0.]
775,AdaBoost,"{'algorithm': 'SAMME.R', 'learning_rate': 2.8755102040816327, 'n_estimators': 41}",0.47742021285843983,0.09699031531231261,0.0598993525189114,0.13184486996990424,0.5270912760895031,0.06997445813117267,0.5253047984578388,0.09850475889929833,0.5474339035769828,0.5494553872277843,"{0: 0.5207468076717472, 1: 0.5207468076717471}","{0: 0.5207468076717472, 1: 0.5207468076717471}",0.5207468076717471,"[[488 149]
 [433 216]]",[1. 0. 0. ... 0. 0. 1.],[0. 1. 1. ... 1. 0. 0.]
951,AdaBoost,"{'algorithm': 'SAMME.R', 'learning_rate': 2.8755102040816327, 'n_estimators': 85}",0.47742021285843983,0.09699031531231261,0.0598993525189114,0.13184486996990424,0.5270912760895031,0.06997445813117267,0.5253047984578388,0.09850475889929833,0.5474339035769828,0.5494553872277843,"{0: 0.5214990820317698, 1: 0.5214990820317698}","{0: 0.5214990820317698, 1: 0.5214990820317698}",0.5214990820317698,"[[488 149]
 [433 216]]",[1. 0. 0. ... 0. 0. 1.],[0. 1. 1. ... 1. 0. 0.]
688,AdaBoost,"{'algorithm': 'SAMME.R', 'learning_rate': 2.8755102040816327, 'n_estimators': 41}",0.47742021285843983,0.09699031531231261,0.0598993525189114,0.13184486996990424,0.5270912760895031,0.06997445813117267,0.5253047984578388,0.09850475889929833,0.5474339035769828,0.5494553872277843,"{0: 0.5207468076717472, 1: 0.5207468076717471}","{0: 0.5207468076717472, 1: 0.5207468076717471}",0.5207468076717471,"[[488 149]
 [433 216]]",[1. 0. 0. ... 0. 0. 1.],[0. 1. 1. ... 1. 0. 0.]
206,AdaBoost,"{'algorithm': 'SAMME', 'learning_rate': 3.2836734693877547, 'n_estimators': 63}",0.4774493275120025,0.09850427900684315,0.058069454554751126,0.13979352535755724,0.524974037691777,0.07215964701524874,0.5143713972101124,0.09606010346230409,0.5458786936236392,0.5482628751393885,"{0: 0.5762736053292954, 1: 0.5762736053292955}","{0: 0.5762736053292954, 1: 0.5762736053292955}",0.5762736053292955,"[[512 125]
 [459 190]]",[1. 0. 0. ... 0. 0. 1.],[0. 1. 1. ... 1. 0. 0.]
104,AdaBoost,"{'algorithm': 'SAMME', 'learning_rate': 3.2836734693877547, 'n_estimators': 85}",0.4774493275120025,0.09850427900684315,0.058069454554751126,0.13979352535755724,0.524974037691777,0.07215964701524874,0.5143713972101124,0.09606010346230409,0.5458786936236392,0.5482628751393885,"{0: 0.5655869554174638, 1: 0.5655869554174638}","{0: 0.5655869554174638, 1: 0.5655869554174638}",0.5655869554174638,"[[512 125]
 [459 190]]",[1. 0. 0. ... 0. 0. 1.],[0. 1. 1. ... 1. 0. 0.]
822,AdaBoost,"{'algorithm': 'SAMME.R', 'learning_rate': 3.3653061224489793, 'n_estimators': 41}",0.4745936374920797,0.0965238531917822,0.05759375430959624,0.12924616013041232,0.5243466093448363,0.06827188535594572,0.5186221373283426,0.07480230509487662,0.5357698289269052,0.5375363135653692,"{0: 0.5208641237696927, 1: 0.5208641237696928}","{0: 0.5208641237696927, 1: 0.5208641237696928}",0.5208641237696928,"[[463 174]
 [423 226]]",[1. 0. 0. ... 0. 0. 1.],[0. 1. 1. ... 1. 0. 0.]
284,AdaBoost,"{'algorithm': 'SAMME.R', 'learning_rate': 1.4877551020408164, 'n_estimators': 74}",0.5226831991318206,0.08745046850726124,0.05720491262068879,0.16972699446077286,0.5284600375015889,0.08507665051895631,0.5365395863758492,0.07298724483008034,0.536547433903577,0.5364925631269457,"{0: 0.5375193813450472, 1: 0.5375193813450472}","{0: 0.5375193813450472, 1: 0.5375193813450472}",0.5375193813450472,"[[338 299]
 [297 352]]",[0. 0. 0. ... 0. 1. 1.],[0. 1. 1. ... 1. 0. 0.]
399,AdaBoost,"{'algorithm': 'SAMME', 'learning_rate': 3.446938775510204, 'n_estimators': 85}",0.4766523517873057,0.09748686250063665,0.05685197371038878,0.13799705517545358,0.5243770227664037,0.07124665541299881,0.513333818545084,0.09452533923254125,0.5451010886469674,0.5474924591147352,"{0: 0.5295297922416566, 1: 0.5295297922416567}","{0: 0.5295297922416566, 1: 0.5295297922416567}",0.5295297922416567,"[[512 125]
 [460 189]]",[1. 0. 0. ... 0. 0. 1.],[0. 1. 1. ... 1. 0. 0.]
243,AdaBoost,"{'algorithm': 'SAMME', 'learning_rate': 3.3653061224489793, 'n_estimators': 41}",0.4766523517873057,0.09748686250063665,0.05685197371038878,0.13799705517545358,0.5243770227664037,0.07124665541299881,0.513333818545084,0.09452533923254125,0.5451010886469674,0.5474924591147352,"{0: 0.5787686889381806, 1: 0.5787686889381806}","{0: 0.5787686889381806, 1: 0.5787686889381806}",0.5787686889381806,"[[512 125]
 [460 189]]",[1. 0. 0. ... 0. 0. 1.],[0. 1. 1. ... 1. 0. 0.]
434,AdaBoost,"{'algorithm': 'SAMME', 'learning_rate': 3.3653061224489793, 'n_estimators': 63}",0.4753658694524362,0.09765725779487763,0.05485197371038879,0.1391639146184769,0.5233770227664037,0.07175541758690698,0.5122947338648198,0.09299061933567465,0.5443234836702955,0.5467220430900819,"{0: 0.5715918464102484, 1: 0.5715918464102484}","{0: 0.5715918464102484, 1: 0.5715918464102484}",0.5715918464102484,"[[512 125]
 [461 188]]",[1. 0. 0. ... 0. 0. 1.],[0. 1. 1. ... 1. 0. 0.]
340,AdaBoost,"{'algorithm': 'SAMME', 'learning_rate': 3.3653061224489793, 'n_estimators': 63}",0.4753658694524362,0.09765725779487763,0.05485197371038879,0.1391639146184769,0.5233770227664037,0.07175541758690698,0.5122947338648198,0.09299061933567465,0.5443234836702955,0.5467220430900819,"{0: 0.5715918464102484, 1: 0.5715918464102484}","{0: 0.5715918464102484, 1: 0.5715918464102484}",0.5715918464102484,"[[512 125]
 [461 188]]",[1. 0. 0. ... 0. 0. 1.],[0. 1. 1. ... 1. 0. 0.]
420,AdaBoost,"{'algorithm': 'SAMME', 'learning_rate': 2.5489795918367344, 'n_estimators': 96}",0.465652709623201,0.09961133295055002,0.05406272915481832,0.12690773296913566,0.5220901529568011,0.06673901532447174,0.5230170479750338,0.07272959657368572,0.5349922239502333,0.5364756309066236,"{0: 0.5169249636561984, 1: 0.5169249636561986}","{0: 0.5169249636561984, 1: 0.5169249636561986}",0.5169249636561986,"[[443 194]
 [404 245]]",[1. 0. 0. ... 0. 0. 1.],[0. 1. 1. ... 1. 0. 0.]
352,AdaBoost,"{'algorithm': 'SAMME', 'learning_rate': 1.8959183673469386, 'n_estimators': 96}",0.5168650527953821,0.10611120652129828,0.04950258496149387,0.19974322384460147,0.5245194862593703,0.10518866819521155,0.5397770572642726,0.08021686776149395,0.5404354587869362,0.5400834032795292,"{0: 0.5524475524475525, 1: 0.5524475524475525}","{0: 0.5524475524475525, 1: 0.5524475524475525}",0.5524475524475525,"[[320 317]
 [274 375]]",[0. 0. 0. ... 0. 1. 1.],[0. 1. 1. ... 1. 0. 0.]
261,AdaBoost,"{'algorithm': 'SAMME', 'learning_rate': 1.8959183673469386, 'n_estimators': 74}",0.5123769392045486,0.09151047689276194,0.04930949648697847,0.16688423811466865,0.5231544839359912,0.0872725086729685,0.5357385945957871,0.07236792738275333,0.536547433903577,0.5361587564977396,"{0: 0.5527100018625443, 1: 0.5527100018625442}","{0: 0.5527100018625443, 1: 0.5527100018625442}",0.5527100018625442,"[[315 322]
 [274 375]]",[0. 0. 0. ... 0. 1. 1.],[0. 1. 1. ... 1. 0. 0.]
144,AdaBoost,"{'algorithm': 'SAMME', 'learning_rate': 1.8959183673469386, 'n_estimators': 74}",0.5123769392045486,0.09151047689276194,0.04930949648697847,0.16688423811466865,0.5231544839359912,0.0872725086729685,0.5357385945957871,0.07236792738275333,0.536547433903577,0.5361587564977396,"{0: 0.5527100018625443, 1: 0.5527100018625442}","{0: 0.5527100018625443, 1: 0.5527100018625442}",0.5527100018625442,"[[315 322]
 [274 375]]",[0. 0. 0. ... 0. 1. 1.],[0. 1. 1. ... 1. 0. 0.]
717,AdaBoost,"{'algorithm': 'SAMME.R', 'learning_rate': 3.5285714285714285, 'n_estimators': 30}",0.4640479714925849,0.09396124358190072,0.048243313069365676,0.12174765135334714,0.5194506789316645,0.06486867447936069,0.4816765932686516,0.06123258907203466,0.5279937791601866,0.5307900332113407,"{0: 0.5258373587671409, 1: 0.5258373587671409}","{0: 0.5258373587671409, 1: 0.5258373587671409}",0.5258373587671409,"[[529 108]
 [499 150]]",[1. 0. 0. ... 0. 0. 1.],[0. 1. 1. ... 1. 0. 0.]
620,AdaBoost,"{'algorithm': 'SAMME.R', 'learning_rate': 3.5285714285714285, 'n_estimators': 30}",0.4640479714925849,0.09396124358190072,0.048243313069365676,0.12174765135334714,0.5194506789316645,0.06486867447936069,0.4816765932686516,0.06123258907203466,0.5279937791601866,0.5307900332113407,"{0: 0.5258373587671409, 1: 0.5258373587671409}","{0: 0.5258373587671409, 1: 0.5258373587671409}",0.5258373587671409,"[[529 108]
 [499 150]]",[1. 0. 0. ... 0. 0. 1.],[0. 1. 1. ... 1. 0. 0.]
802,AdaBoost,"{'algorithm': 'SAMME.R', 'learning_rate': 3.5285714285714285, 'n_estimators': 30}",0.4640479714925849,0.09396124358190072,0.048243313069365676,0.12174765135334714,0.5194506789316645,0.06486867447936069,0.4816765932686516,0.06123258907203466,0.5279937791601866,0.5307900332113407,"{0: 0.5258373587671409, 1: 0.5258373587671409}","{0: 0.5258373587671409, 1: 0.5258373587671409}",0.5258373587671409,"[[529 108]
 [499 150]]",[1. 0. 0. ... 0. 0. 1.],[0. 1. 1. ... 1. 0. 0.]
541,AdaBoost,"{'algorithm': 'SAMME.R', 'learning_rate': 3.5285714285714285, 'n_estimators': 30}",0.4640479714925849,0.09396124358190072,0.048243313069365676,0.12174765135334714,0.5194506789316645,0.06486867447936069,0.4816765932686516,0.06123258907203466,0.5279937791601866,0.5307900332113407,"{0: 0.5258373587671409, 1: 0.5258373587671409}","{0: 0.5258373587671409, 1: 0.5258373587671409}",0.5258373587671409,"[[529 108]
 [499 150]]",[1. 0. 0. ... 0. 0. 1.],[0. 1. 1. ... 1. 0. 0.]
606,SVC,"{'C': 100, 'gamma': 0.1, 'kernel': 'sigmoid'}",0.5121902011571604,0.08479048031805211,0.04513517509774517,0.17434967759977388,0.5203116800639215,0.08489225368069407,0.5045363397512459,0.018759130256311263,0.5085536547433903,0.5093961728344295,"{0: 0.5308154315418239, 1: 0.5308154315418239}","{0: 0.5308154315418239, 1: 0.5308154315418239}",0.5308154315418239,"[[382 255]
 [377 272]]",[1. 1. 0. ... 0. 1. 0.],[0. 1. 1. ... 1. 0. 0.]
860,AdaBoost,"{'algorithm': 'SAMME.R', 'learning_rate': 2.8755102040816327, 'n_estimators': 96}",0.4749396107346582,0.10058409296949607,0.044936489588459014,0.15668087231669264,0.5190912760895031,0.08018429753897986,0.5133354582496409,0.08169183009448033,0.5388802488335925,0.5410243509517118,"{0: 0.5219272253170558, 1: 0.5219272253170559}","{0: 0.5219272253170558, 1: 0.5219272253170559}",0.5219272253170559,"[[491 146]
 [447 202]]",[1. 0. 0. ... 0. 0. 1.],[0. 1. 1. ... 1. 0. 0.]
325,AdaBoost,"{'algorithm': 'SAMME', 'learning_rate': 4.018367346938775, 'n_estimators': 74}",0.4702530413097383,0.09878114383144554,0.03969567551990187,0.15273492969440658,0.5154561117043387,0.07937791100543969,0.4941317544751011,0.042880506386432704,0.5194401244167963,0.5215317370281051,"{0: 0.5210624726363224, 1: 0.5210624726363225}","{0: 0.5210624726363224, 1: 0.5210624726363225}",0.5210624726363225,"[[475 162]
 [456 193]]",[1. 0. 0. ... 0. 0. 1.],[0. 1. 1. ... 1. 0. 0.]
263,AdaBoost,"{'algorithm': 'SAMME', 'learning_rate': 3.936734693877551, 'n_estimators': 74}",0.4702530413097383,0.09878114383144554,0.03969567551990187,0.15273492969440658,0.5154561117043387,0.07937791100543969,0.4941317544751011,0.042880506386432704,0.5194401244167963,0.5215317370281051,"{0: 0.5044604306105518, 1: 0.5044604306105517}","{0: 0.5044604306105518, 1: 0.5044604306105517}",0.5044604306105517,"[[475 162]
 [456 193]]",[1. 0. 0. ... 0. 0. 1.],[0. 1. 1. ... 1. 0. 0.]
172,AdaBoost,"{'algorithm': 'SAMME', 'learning_rate': 3.936734693877551, 'n_estimators': 74}",0.4702530413097383,0.09878114383144554,0.03969567551990187,0.15273492969440658,0.5154561117043387,0.07937791100543969,0.4941317544751011,0.042880506386432704,0.5194401244167963,0.5215317370281051,"{0: 0.5044604306105518, 1: 0.5044604306105517}","{0: 0.5044604306105518, 1: 0.5044604306105517}",0.5044604306105517,"[[475 162]
 [456 193]]",[1. 0. 0. ... 0. 0. 1.],[0. 1. 1. ... 1. 0. 0.]
158,AdaBoost,"{'algorithm': 'SAMME', 'learning_rate': 2.1408163265306124, 'n_estimators': 63}",0.47177226019210994,0.07992608654813535,0.0396202523301257,0.12706974286945594,0.5171462981788558,0.06699290549670858,0.46934862558042834,0.030049248047039456,0.5124416796267496,0.5151059594158868,"{0: 0.5296918577790247, 1: 0.5296918577790249}","{0: 0.5296918577790247, 1: 0.5296918577790249}",0.5296918577790249,"[[510 127]
 [500 149]]",[0. 1. 0. ... 0. 0. 0.],[0. 1. 1. ... 1. 0. 0.]
380,SVC,"{'C': 100, 'gamma': 0.1, 'kernel': 'sigmoid'}",0.5092175446925732,0.08984444754432985,0.03610879550184294,0.18565453660681927,0.5165580413771259,0.0904654010711426,0.4961235354039068,0.0016371789330327235,0.5,0.5008200032413107,"{0: 0.5100577388712981, 1: 0.5100577388712982}","{0: 0.5100577388712981, 1: 0.5100577388712982}",0.5100577388712982,"[[375 262]
 [381 268]]",[1. 1. 0. ... 0. 1. 0.],[0. 1. 1. ... 1. 0. 0.]
811,AdaBoost,"{'algorithm': 'SAMME.R', 'learning_rate': 2.5489795918367344, 'n_estimators': 52}",0.4445279707972625,0.09199877404270537,0.03151988707086973,0.10471180753719854,0.511384541365527,0.05758216243624108,0.4742028361515458,0.045711811610761544,0.5202177293934681,0.5229842796428753,"{0: 0.5381906229363856, 1: 0.5381906229363858}","{0: 0.5381906229363856, 1: 0.5381906229363858}",0.5381906229363858,"[[522 115]
 [502 147]]",[1. 0. 0. ... 0. 0. 1.],[0. 1. 1. ... 1. 0. 0.]
182,AdaBoost,"{'algorithm': 'SAMME', 'learning_rate': 2.2224489795918365, 'n_estimators': 63}",0.4500822441428256,0.08286964387159082,0.02502740979761433,0.12037989695038681,0.5100247338109131,0.06514552100304284,0.45034300785197245,0.013530963470967494,0.5038880248833593,0.5068055431251557,"{0: 0.5369727125175067, 1: 0.5369727125175066}","{0: 0.5369727125175067, 1: 0.5369727125175066}",0.5369727125175066,"[[522 115]
 [523 126]]",[0. 1. 0. ... 0. 0. 0.],[0. 1. 1. ... 1. 0. 0.]
214,SVC,"{'C': 10, 'gamma': 0.1, 'kernel': 'sigmoid'}",0.5011681169915376,0.08446507511623921,0.018567832947455107,0.16969545835758257,0.5071827887066883,0.08479765249303152,0.4966578365505978,0.0015214488056626285,0.5,0.5007619499144923,"{0: 0.5101290960855125, 1: 0.5101290960855126}","{0: 0.5101290960855125, 1: 0.5101290960855126}",0.5101290960855126,"[[371 266]
 [377 272]]",[1. 1. 0. ... 0. 1. 0.],[0. 1. 1. ... 1. 0. 0.]
834,SVC,"{'C': 100, 'gamma': 0.1, 'kernel': 'sigmoid'}",0.5019735084602309,0.07971900095073783,0.016948489587383885,0.16613654612122256,0.5068559597481884,0.08163753950250233,0.4942445416718887,-0.0031225473030900286,0.4976671850699845,0.49843618850882776,"{0: 0.5002237471971128, 1: 0.5002237471971129}","{0: 0.5002237471971128, 1: 0.5002237471971129}",0.5002237471971129,"[[370 267]
 [379 270]]",[1. 1. 0. ... 0. 1. 0.],[0. 1. 1. ... 1. 0. 0.]
855,AdaBoost,"{'algorithm': 'SAMME.R', 'learning_rate': 2.2224489795918365, 'n_estimators': 52}",0.34725774090809475,0.050203270440712475,0.014372469842314946,0.04105927195352847,0.4995875860888424,0.03686899418343852,0.3545399803942204,0.016623958156046892,0.5038880248833593,0.5083874962809588,"{0: 0.5140089934278798, 1: 0.5140089934278795}","{0: 0.5140089934278798, 1: 0.5140089934278795}",0.5140089934278795,"[[631   6]
 [632  17]]",[1. 0. 0. ... 0. 0. 0.],[0. 1. 1. ... 1. 0. 0.]
697,AdaBoost,"{'algorithm': 'SAMME.R', 'learning_rate': 2.2224489795918365, 'n_estimators': 52}",0.34725774090809475,0.050203270440712475,0.014372469842314946,0.04105927195352847,0.4995875860888424,0.03686899418343852,0.3545399803942204,0.016623958156046892,0.5038880248833593,0.5083874962809588,"{0: 0.5140089934278798, 1: 0.5140089934278795}","{0: 0.5140089934278798, 1: 0.5140089934278795}",0.5140089934278795,"[[631   6]
 [632  17]]",[1. 0. 0. ... 0. 0. 0.],[0. 1. 1. ... 1. 0. 0.]
782,AdaBoost,"{'algorithm': 'SAMME.R', 'learning_rate': 2.2224489795918365, 'n_estimators': 52}",0.34725774090809475,0.050203270440712475,0.014372469842314946,0.04105927195352847,0.4995875860888424,0.03686899418343852,0.3545399803942204,0.016623958156046892,0.5038880248833593,0.5083874962809588,"{0: 0.5140089934278798, 1: 0.5140089934278795}","{0: 0.5140089934278798, 1: 0.5140089934278795}",0.5140089934278795,"[[631   6]
 [632  17]]",[1. 0. 0. ... 0. 0. 0.],[0. 1. 1. ... 1. 0. 0.]
164,SVC,"{'C': 100, 'gamma': 0.1, 'kernel': 'sigmoid'}",0.500831309283734,0.0887782567764917,0.012774105457945394,0.1813465794266686,0.5057494216211,0.08929046781544746,0.49474599933163477,-0.003238840973149637,0.4976671850699845,0.49837813518200924,"{0: 0.5194635872601974, 1: 0.5194635872601975}","{0: 0.5194635872601974, 1: 0.5194635872601975}",0.5194635872601975,"[[366 271]
 [375 274]]",[1. 1. 0. ... 0. 1. 0.],[0. 1. 1. ... 1. 0. 0.]
639,AdaBoost,"{'algorithm': 'SAMME.R', 'learning_rate': 3.2020408163265306, 'n_estimators': 30}",0.33989049554670187,0.04784647838213025,0.009317504062317945,0.02544254400504456,0.4962434113200322,0.03228731247480619,0.3702409076602796,0.0084180938653442,0.5,0.5042451495235999,"{0: 0.4419890037323452, 1: 0.4419890037323451}","{0: 0.4419890037323452, 1: 0.4419890037323451}",0.4419890037323451,"[[611  26]
 [617  32]]",[0. 0. 0. ... 0. 0. 0.],[0. 1. 1. ... 1. 0. 0.]
551,AdaBoost,"{'algorithm': 'SAMME.R', 'learning_rate': 3.2020408163265306, 'n_estimators': 30}",0.33989049554670187,0.04784647838213025,0.009317504062317945,0.02544254400504456,0.4962434113200322,0.03228731247480619,0.3702409076602796,0.0084180938653442,0.5,0.5042451495235999,"{0: 0.4419890037323452, 1: 0.4419890037323451}","{0: 0.4419890037323452, 1: 0.4419890037323451}",0.4419890037323451,"[[611  26]
 [617  32]]",[0. 0. 0. ... 0. 0. 0.],[0. 1. 1. ... 1. 0. 0.]
808,AdaBoost,"{'algorithm': 'SAMME.R', 'learning_rate': 3.2020408163265306, 'n_estimators': 30}",0.33989049554670187,0.04784647838213025,0.009317504062317945,0.02544254400504456,0.4962434113200322,0.03228731247480619,0.3702409076602796,0.0084180938653442,0.5,0.5042451495235999,"{0: 0.4419890037323452, 1: 0.4419890037323451}","{0: 0.4419890037323452, 1: 0.4419890037323451}",0.4419890037323451,"[[611  26]
 [617  32]]",[0. 0. 0. ... 0. 0. 0.],[0. 1. 1. ... 1. 0. 0.]
911,AdaBoost,"{'algorithm': 'SAMME.R', 'learning_rate': 3.2020408163265306, 'n_estimators': 30}",0.33989049554670187,0.04784647838213025,0.009317504062317945,0.02544254400504456,0.4962434113200322,0.03228731247480619,0.3702409076602796,0.0084180938653442,0.5,0.5042451495235999,"{0: 0.4419890037323452, 1: 0.4419890037323451}","{0: 0.4419890037323452, 1: 0.4419890037323451}",0.4419890037323451,"[[611  26]
 [617  32]]",[0. 0. 0. ... 0. 0. 0.],[0. 1. 1. ... 1. 0. 0.]
904,AdaBoost,"{'algorithm': 'SAMME.R', 'learning_rate': 2.793877551020408, 'n_estimators': 30}",0.3380754941673191,0.044548756356318,0.009180399686716752,0.019745975819981307,0.4961765775689879,0.03150742808367849,0.36912177536686075,0.008446630581023795,0.5,0.5042596628553044,"{0: 0.4386823829923103, 1: 0.4386823829923104}","{0: 0.4386823829923103, 1: 0.4386823829923104}",0.4386823829923104,"[[612  25]
 [618  31]]",[0. 0. 0. ... 0. 0. 0.],[0. 1. 1. ... 1. 0. 0.]
814,AdaBoost,"{'algorithm': 'SAMME.R', 'learning_rate': 2.793877551020408, 'n_estimators': 30}",0.3380754941673191,0.044548756356318,0.009180399686716752,0.019745975819981307,0.4961765775689879,0.03150742808367849,0.36912177536686075,0.008446630581023795,0.5,0.5042596628553044,"{0: 0.4386823829923103, 1: 0.4386823829923104}","{0: 0.4386823829923103, 1: 0.4386823829923104}",0.4386823829923104,"[[612  25]
 [618  31]]",[0. 0. 0. ... 0. 0. 0.],[0. 1. 1. ... 1. 0. 0.]
565,AdaBoost,"{'algorithm': 'SAMME.R', 'learning_rate': 2.793877551020408, 'n_estimators': 30}",0.3380754941673191,0.044548756356318,0.009180399686716752,0.019745975819981307,0.4961765775689879,0.03150742808367849,0.36912177536686075,0.008446630581023795,0.5,0.5042596628553044,"{0: 0.4386823829923103, 1: 0.4386823829923104}","{0: 0.4386823829923103, 1: 0.4386823829923104}",0.4386823829923104,"[[612  25]
 [618  31]]",[0. 0. 0. ... 0. 0. 0.],[0. 1. 1. ... 1. 0. 0.]
643,AdaBoost,"{'algorithm': 'SAMME.R', 'learning_rate': 2.793877551020408, 'n_estimators': 30}",0.3380754941673191,0.044548756356318,0.009180399686716752,0.019745975819981307,0.4961765775689879,0.03150742808367849,0.36912177536686075,0.008446630581023795,0.5,0.5042596628553044,"{0: 0.4386823829923103, 1: 0.4386823829923104}","{0: 0.4386823829923103, 1: 0.4386823829923104}",0.4386823829923104,"[[612  25]
 [618  31]]",[0. 0. 0. ... 0. 0. 0.],[0. 1. 1. ... 1. 0. 0.]
729,AdaBoost,"{'algorithm': 'SAMME.R', 'learning_rate': 2.793877551020408, 'n_estimators': 30}",0.3380754941673191,0.044548756356318,0.009180399686716752,0.019745975819981307,0.4961765775689879,0.03150742808367849,0.36912177536686075,0.008446630581023795,0.5,0.5042596628553044,"{0: 0.4386823829923103, 1: 0.4386823829923104}","{0: 0.4386823829923103, 1: 0.4386823829923104}",0.4386823829923104,"[[612  25]
 [618  31]]",[0. 0. 0. ... 0. 0. 0.],[0. 1. 1. ... 1. 0. 0.]
305,AdaBoost,"{'algorithm': 'SAMME', 'learning_rate': 2.304081632653061, 'n_estimators': 74}",0.4499448834210488,0.06781218440708585,0.008212472622277254,0.09841521966456294,0.5063490373511768,0.04921714369701831,0.45405129931395033,0.0006372540673592608,0.5031104199066874,0.5003168744088841,"{0: 0.5070498508755168, 1: 0.5070498508755168}","{0: 0.5070498508755168, 1: 0.5070498508755168}",0.5070498508755168,"[[128 509]
 [130 519]]",[1. 0. 1. ... 1. 1. 1.],[0. 1. 1. ... 1. 0. 0.]
411,AdaBoost,"{'algorithm': 'SAMME', 'learning_rate': 2.304081632653061, 'n_estimators': 74}",0.4499448834210488,0.06781218440708585,0.008212472622277254,0.09841521966456294,0.5063490373511768,0.04921714369701831,0.45405129931395033,0.0006372540673592608,0.5031104199066874,0.5003168744088841,"{0: 0.5070498508755168, 1: 0.5070498508755168}","{0: 0.5070498508755168, 1: 0.5070498508755168}",0.5070498508755168,"[[128 509]
 [130 519]]",[1. 0. 1. ... 1. 1. 1.],[0. 1. 1. ... 1. 0. 0.]
982,AdaBoost,"{'algorithm': 'SAMME.R', 'learning_rate': 2.5489795918367344, 'n_estimators': 30}",0.3437113030609136,0.052535601137015525,0.007354947675898078,0.01927703389556568,0.49652318426187186,0.03303546332498143,0.3706625890245891,0.009974458287866028,0.5007776049766719,0.5050300788799578,"{0: 0.45766098308471187, 1: 0.45766098308471187}","{0: 0.45766098308471187, 1: 0.45766098308471187}",0.45766098308471187,"[[612  25]
 [617  32]]",[0. 0. 0. ... 0. 0. 0.],[0. 1. 1. ... 1. 0. 0.]
636,AdaBoost,"{'algorithm': 'SAMME.R', 'learning_rate': 2.5489795918367344, 'n_estimators': 30}",0.3437113030609136,0.052535601137015525,0.007354947675898078,0.01927703389556568,0.49652318426187186,0.03303546332498143,0.3706625890245891,0.009974458287866028,0.5007776049766719,0.5050300788799578,"{0: 0.45766098308471187, 1: 0.45766098308471187}","{0: 0.45766098308471187, 1: 0.45766098308471187}",0.45766098308471187,"[[612  25]
 [617  32]]",[0. 0. 0. ... 0. 0. 0.],[0. 1. 1. ... 1. 0. 0.]
555,AdaBoost,"{'algorithm': 'SAMME.R', 'learning_rate': 2.5489795918367344, 'n_estimators': 30}",0.3437113030609136,0.052535601137015525,0.007354947675898078,0.01927703389556568,0.49652318426187186,0.03303546332498143,0.3706625890245891,0.009974458287866028,0.5007776049766719,0.5050300788799578,"{0: 0.45766098308471187, 1: 0.45766098308471187}","{0: 0.45766098308471187, 1: 0.45766098308471187}",0.45766098308471187,"[[612  25]
 [617  32]]",[0. 0. 0. ... 0. 0. 0.],[0. 1. 1. ... 1. 0. 0.]
733,AdaBoost,"{'algorithm': 'SAMME.R', 'learning_rate': 2.5489795918367344, 'n_estimators': 30}",0.3437113030609136,0.052535601137015525,0.007354947675898078,0.01927703389556568,0.49652318426187186,0.03303546332498143,0.3706625890245891,0.009974458287866028,0.5007776049766719,0.5050300788799578,"{0: 0.45766098308471187, 1: 0.45766098308471187}","{0: 0.45766098308471187, 1: 0.45766098308471187}",0.45766098308471187,"[[612  25]
 [617  32]]",[0. 0. 0. ... 0. 0. 0.],[0. 1. 1. ... 1. 0. 0.]
892,AdaBoost,"{'algorithm': 'SAMME.R', 'learning_rate': 2.5489795918367344, 'n_estimators': 30}",0.3437113030609136,0.052535601137015525,0.007354947675898078,0.01927703389556568,0.49652318426187186,0.03303546332498143,0.3706625890245891,0.009974458287866028,0.5007776049766719,0.5050300788799578,"{0: 0.45766098308471187, 1: 0.45766098308471187}","{0: 0.45766098308471187, 1: 0.45766098308471187}",0.45766098308471187,"[[612  25]
 [617  32]]",[0. 0. 0. ... 0. 0. 0.],[0. 1. 1. ... 1. 0. 0.]
545,SVC,"{'C': 10, 'gamma': 1, 'kernel': 'sigmoid'}",0.4960220479235599,0.09729144282227091,0.007056720025982415,0.18977236627845215,0.5020831721287045,0.09522049126552272,0.5085346333915655,0.016964650728490738,0.5085536547433903,0.5084818329370387,"{0: 0.521034655417222, 1: 0.521034655417222}","{0: 0.521034655417222, 1: 0.521034655417222}",0.521034655417222,"[[319 318]
 [314 335]]",[1. 1. 1. ... 0. 0. 0.],[0. 1. 1. ... 1. 0. 0.]
580,AdaBoost,"{'algorithm': 'SAMME.R', 'learning_rate': 2.630612244897959, 'n_estimators': 30}",0.33616289462113114,0.042843533010757356,0.006932099661275597,0.0217294620304446,0.49535574218925743,0.033541847106246,0.34036510965288935,0.005991827147770579,0.4984447900466563,0.5030236107717948,"{0: 0.45040189834378697, 1: 0.45040189834378697}","{0: 0.45040189834378697, 1: 0.45040189834378697}",0.45040189834378697,"[[633   4]
 [641   8]]",[0. 0. 0. ... 0. 0. 0.],[0. 1. 1. ... 1. 0. 0.]
824,AdaBoost,"{'algorithm': 'SAMME.R', 'learning_rate': 2.630612244897959, 'n_estimators': 30}",0.33616289462113114,0.042843533010757356,0.006932099661275597,0.0217294620304446,0.49535574218925743,0.033541847106246,0.34036510965288935,0.005991827147770579,0.4984447900466563,0.5030236107717948,"{0: 0.45040189834378697, 1: 0.45040189834378697}","{0: 0.45040189834378697, 1: 0.45040189834378697}",0.45040189834378697,"[[633   4]
 [641   8]]",[0. 0. 0. ... 0. 0. 0.],[0. 1. 1. ... 1. 0. 0.]
651,AdaBoost,"{'algorithm': 'SAMME.R', 'learning_rate': 2.630612244897959, 'n_estimators': 30}",0.33616289462113114,0.042843533010757356,0.006932099661275597,0.0217294620304446,0.49535574218925743,0.033541847106246,0.34036510965288935,0.005991827147770579,0.4984447900466563,0.5030236107717948,"{0: 0.45040189834378697, 1: 0.45040189834378697}","{0: 0.45040189834378697, 1: 0.45040189834378697}",0.45040189834378697,"[[633   4]
 [641   8]]",[0. 0. 0. ... 0. 0. 0.],[0. 1. 1. ... 1. 0. 0.]
743,AdaBoost,"{'algorithm': 'SAMME.R', 'learning_rate': 2.630612244897959, 'n_estimators': 30}",0.33616289462113114,0.042843533010757356,0.006932099661275597,0.0217294620304446,0.49535574218925743,0.033541847106246,0.34036510965288935,0.005991827147770579,0.4984447900466563,0.5030236107717948,"{0: 0.45040189834378697, 1: 0.45040189834378697}","{0: 0.45040189834378697, 1: 0.45040189834378697}",0.45040189834378697,"[[633   4]
 [641   8]]",[0. 0. 0. ... 0. 0. 0.],[0. 1. 1. ... 1. 0. 0.]
546,AdaBoost,"{'algorithm': 'SAMME.R', 'learning_rate': 3.610204081632653, 'n_estimators': 30}",0.36924859056438686,0.07834663822894514,0.006639241543852878,0.03975668389930573,0.4949340790813032,0.0352549321882858,0.39300555510463436,0.0077898702888201665,0.5,0.5039258562260983,"{0: 0.5639409017132989, 1: 0.5639409017132988}","{0: 0.5639409017132989, 1: 0.5639409017132988}",0.5639409017132988,"[[589  48]
 [595  54]]",[1. 0. 0. ... 0. 0. 0.],[0. 1. 1. ... 1. 0. 0.]
809,AdaBoost,"{'algorithm': 'SAMME.R', 'learning_rate': 3.8551020408163263, 'n_estimators': 30}",0.3354140412530731,0.03848942180118219,0.005425960801124665,0.01778634640658635,0.4948399025481024,0.030920656799460274,0.34036510965288935,0.005991827147770579,0.4984447900466563,0.5030236107717948,"{0: 0.5631559723569408, 1: 0.5631559723569408}","{0: 0.5631559723569408, 1: 0.5631559723569408}",0.5631559723569408,"[[633   4]
 [641   8]]",[0. 0. 0. ... 0. 0. 0.],[0. 1. 1. ... 1. 0. 0.]
755,AdaBoost,"{'algorithm': 'SAMME.R', 'learning_rate': 4.1, 'n_estimators': 30}",0.3354140412530731,0.03848942180118219,0.005425960801124665,0.01778634640658635,0.4948399025481024,0.030920656799460274,0.34036510965288935,0.005991827147770579,0.4984447900466563,0.5030236107717948,"{0: 0.4911432393272587, 1: 0.49114323932725873}","{0: 0.4911432393272587, 1: 0.49114323932725873}",0.49114323932725873,"[[633   4]
 [641   8]]",[0. 0. 0. ... 0. 0. 0.],[0. 1. 1. ... 1. 0. 0.]
849,AdaBoost,"{'algorithm': 'SAMME.R', 'learning_rate': 3.936734693877551, 'n_estimators': 30}",0.3354140412530731,0.03848942180118219,0.005425960801124665,0.01778634640658635,0.4948399025481024,0.030920656799460274,0.34036510965288935,0.005991827147770579,0.4984447900466563,0.5030236107717948,"{0: 0.5717019058423417, 1: 0.5717019058423416}","{0: 0.5717019058423417, 1: 0.5717019058423416}",0.5717019058423416,"[[633   4]
 [641   8]]",[0. 0. 0. ... 0. 0. 0.],[0. 1. 1. ... 1. 0. 0.]
943,AdaBoost,"{'algorithm': 'SAMME.R', 'learning_rate': 3.936734693877551, 'n_estimators': 30}",0.3354140412530731,0.03848942180118219,0.005425960801124665,0.01778634640658635,0.4948399025481024,0.030920656799460274,0.34036510965288935,0.005991827147770579,0.4984447900466563,0.5030236107717948,"{0: 0.5717019058423417, 1: 0.5717019058423416}","{0: 0.5717019058423417, 1: 0.5717019058423416}",0.5717019058423416,"[[633   4]
 [641   8]]",[0. 0. 0. ... 0. 0. 0.],[0. 1. 1. ... 1. 0. 0.]
986,AdaBoost,"{'algorithm': 'SAMME.R', 'learning_rate': 4.018367346938775, 'n_estimators': 30}",0.3354140412530731,0.03848942180118219,0.005425960801124665,0.01778634640658635,0.4948399025481024,0.030920656799460274,0.34036510965288935,0.005991827147770579,0.4984447900466563,0.5030236107717948,"{0: 0.5727396090592217, 1: 0.5727396090592216}","{0: 0.5727396090592217, 1: 0.5727396090592216}",0.5727396090592216,"[[633   4]
 [641   8]]",[0. 0. 0. ... 0. 0. 0.],[0. 1. 1. ... 1. 0. 0.]
846,AdaBoost,"{'algorithm': 'SAMME.R', 'learning_rate': 4.1, 'n_estimators': 30}",0.3354140412530731,0.03848942180118219,0.005425960801124665,0.01778634640658635,0.4948399025481024,0.030920656799460274,0.34036510965288935,0.005991827147770579,0.4984447900466563,0.5030236107717948,"{0: 0.4911432393272587, 1: 0.49114323932725873}","{0: 0.4911432393272587, 1: 0.49114323932725873}",0.49114323932725873,"[[633   4]
 [641   8]]",[0. 0. 0. ... 0. 0. 0.],[0. 1. 1. ... 1. 0. 0.]
626,AdaBoost,"{'algorithm': 'SAMME.R', 'learning_rate': 3.8551020408163263, 'n_estimators': 30}",0.3354140412530731,0.03848942180118219,0.005425960801124665,0.01778634640658635,0.4948399025481024,0.030920656799460274,0.34036510965288935,0.005991827147770579,0.4984447900466563,0.5030236107717948,"{0: 0.5631559723569408, 1: 0.5631559723569408}","{0: 0.5631559723569408, 1: 0.5631559723569408}",0.5631559723569408,"[[633   4]
 [641   8]]",[0. 0. 0. ... 0. 0. 0.],[0. 1. 1. ... 1. 0. 0.]
783,AdaBoost,"{'algorithm': 'SAMME.R', 'learning_rate': 3.691836734693877, 'n_estimators': 30}",0.3354140412530731,0.03848942180118219,0.005425960801124665,0.01778634640658635,0.4948399025481024,0.030920656799460274,0.34036510965288935,0.005991827147770579,0.4984447900466563,0.5030236107717948,"{0: 0.5351524988328862, 1: 0.5351524988328863}","{0: 0.5351524988328862, 1: 0.5351524988328863}",0.5351524988328863,"[[633   4]
 [641   8]]",[0. 0. 0. ... 0. 0. 0.],[0. 1. 1. ... 1. 0. 0.]
549,AdaBoost,"{'algorithm': 'SAMME.R', 'learning_rate': 3.8551020408163263, 'n_estimators': 30}",0.3354140412530731,0.03848942180118219,0.005425960801124665,0.01778634640658635,0.4948399025481024,0.030920656799460274,0.34036510965288935,0.005991827147770579,0.4984447900466563,0.5030236107717948,"{0: 0.5631559723569408, 1: 0.5631559723569408}","{0: 0.5631559723569408, 1: 0.5631559723569408}",0.5631559723569408,"[[633   4]
 [641   8]]",[0. 0. 0. ... 0. 0. 0.],[0. 1. 1. ... 1. 0. 0.]
560,AdaBoost,"{'algorithm': 'SAMME.R', 'learning_rate': 4.018367346938775, 'n_estimators': 30}",0.3354140412530731,0.03848942180118219,0.005425960801124665,0.01778634640658635,0.4948399025481024,0.030920656799460274,0.34036510965288935,0.005991827147770579,0.4984447900466563,0.5030236107717948,"{0: 0.5727396090592217, 1: 0.5727396090592216}","{0: 0.5727396090592217, 1: 0.5727396090592216}",0.5727396090592216,"[[633   4]
 [641   8]]",[0. 0. 0. ... 0. 0. 0.],[0. 1. 1. ... 1. 0. 0.]
570,AdaBoost,"{'algorithm': 'SAMME.R', 'learning_rate': 3.7734693877551018, 'n_estimators': 30}",0.3354140412530731,0.03848942180118219,0.005425960801124665,0.01778634640658635,0.4948399025481024,0.030920656799460274,0.34036510965288935,0.005991827147770579,0.4984447900466563,0.5030236107717948,"{0: 0.5343518467005149, 1: 0.5343518467005148}","{0: 0.5343518467005149, 1: 0.5343518467005148}",0.5343518467005148,"[[633   4]
 [641   8]]",[0. 0. 0. ... 0. 0. 0.],[0. 1. 1. ... 1. 0. 0.]
601,AdaBoost,"{'algorithm': 'SAMME.R', 'learning_rate': 3.691836734693877, 'n_estimators': 30}",0.3354140412530731,0.03848942180118219,0.005425960801124665,0.01778634640658635,0.4948399025481024,0.030920656799460274,0.34036510965288935,0.005991827147770579,0.4984447900466563,0.5030236107717948,"{0: 0.5351524988328862, 1: 0.5351524988328863}","{0: 0.5351524988328862, 1: 0.5351524988328863}",0.5351524988328863,"[[633   4]
 [641   8]]",[0. 0. 0. ... 0. 0. 0.],[0. 1. 1. ... 1. 0. 0.]
915,AdaBoost,"{'algorithm': 'SAMME.R', 'learning_rate': 3.7734693877551018, 'n_estimators': 30}",0.3354140412530731,0.03848942180118219,0.005425960801124665,0.01778634640658635,0.4948399025481024,0.030920656799460274,0.34036510965288935,0.005991827147770579,0.4984447900466563,0.5030236107717948,"{0: 0.5343518467005149, 1: 0.5343518467005148}","{0: 0.5343518467005149, 1: 0.5343518467005148}",0.5343518467005148,"[[633   4]
 [641   8]]",[0. 0. 0. ... 0. 0. 0.],[0. 1. 1. ... 1. 0. 0.]
722,AdaBoost,"{'algorithm': 'SAMME.R', 'learning_rate': 3.8551020408163263, 'n_estimators': 30}",0.3354140412530731,0.03848942180118219,0.005425960801124665,0.01778634640658635,0.4948399025481024,0.030920656799460274,0.34036510965288935,0.005991827147770579,0.4984447900466563,0.5030236107717948,"{0: 0.5631559723569408, 1: 0.5631559723569408}","{0: 0.5631559723569408, 1: 0.5631559723569408}",0.5631559723569408,"[[633   4]
 [641   8]]",[0. 0. 0. ... 0. 0. 0.],[0. 1. 1. ... 1. 0. 0.]
657,AdaBoost,"{'algorithm': 'SAMME.R', 'learning_rate': 3.7734693877551018, 'n_estimators': 30}",0.3354140412530731,0.03848942180118219,0.005425960801124665,0.01778634640658635,0.4948399025481024,0.030920656799460274,0.34036510965288935,0.005991827147770579,0.4984447900466563,0.5030236107717948,"{0: 0.5343518467005149, 1: 0.5343518467005148}","{0: 0.5343518467005149, 1: 0.5343518467005148}",0.5343518467005148,"[[633   4]
 [641   8]]",[0. 0. 0. ... 0. 0. 0.],[0. 1. 1. ... 1. 0. 0.]
980,AdaBoost,"{'algorithm': 'SAMME.R', 'learning_rate': 3.8551020408163263, 'n_estimators': 30}",0.3354140412530731,0.03848942180118219,0.005425960801124665,0.01778634640658635,0.4948399025481024,0.030920656799460274,0.34036510965288935,0.005991827147770579,0.4984447900466563,0.5030236107717948,"{0: 0.5631559723569408, 1: 0.5631559723569408}","{0: 0.5631559723569408, 1: 0.5631559723569408}",0.5631559723569408,"[[633   4]
 [641   8]]",[0. 0. 0. ... 0. 0. 0.],[0. 1. 1. ... 1. 0. 0.]
813,AdaBoost,"{'algorithm': 'SAMME.R', 'learning_rate': 4.018367346938775, 'n_estimators': 30}",0.3354140412530731,0.03848942180118219,0.005425960801124665,0.01778634640658635,0.4948399025481024,0.030920656799460274,0.34036510965288935,0.005991827147770579,0.4984447900466563,0.5030236107717948,"{0: 0.5727396090592217, 1: 0.5727396090592216}","{0: 0.5727396090592217, 1: 0.5727396090592216}",0.5727396090592216,"[[633   4]
 [641   8]]",[0. 0. 0. ... 0. 0. 0.],[0. 1. 1. ... 1. 0. 0.]
680,AdaBoost,"{'algorithm': 'SAMME.R', 'learning_rate': 3.936734693877551, 'n_estimators': 30}",0.3354140412530731,0.03848942180118219,0.005425960801124665,0.01778634640658635,0.4948399025481024,0.030920656799460274,0.34036510965288935,0.005991827147770579,0.4984447900466563,0.5030236107717948,"{0: 0.5717019058423417, 1: 0.5717019058423416}","{0: 0.5717019058423417, 1: 0.5717019058423416}",0.5717019058423416,"[[633   4]
 [641   8]]",[0. 0. 0. ... 0. 0. 0.],[0. 1. 1. ... 1. 0. 0.]
364,AdaBoost,"{'algorithm': 'SAMME.R', 'learning_rate': 3.936734693877551, 'n_estimators': 30}",0.3354140412530731,0.03848942180118219,0.005425960801124665,0.01778634640658635,0.4948399025481024,0.030920656799460274,0.34036510965288935,0.005991827147770579,0.4984447900466563,0.5030236107717948,"{0: 0.5717019058423417, 1: 0.5717019058423416}","{0: 0.5717019058423417, 1: 0.5717019058423416}",0.5717019058423416,"[[633   4]
 [641   8]]",[0. 0. 0. ... 0. 0. 0.],[0. 1. 1. ... 1. 0. 0.]
590,AdaBoost,"{'algorithm': 'SAMME.R', 'learning_rate': 3.936734693877551, 'n_estimators': 30}",0.3354140412530731,0.03848942180118219,0.005425960801124665,0.01778634640658635,0.4948399025481024,0.030920656799460274,0.34036510965288935,0.005991827147770579,0.4984447900466563,0.5030236107717948,"{0: 0.5717019058423417, 1: 0.5717019058423416}","{0: 0.5717019058423417, 1: 0.5717019058423416}",0.5717019058423416,"[[633   4]
 [641   8]]",[0. 0. 0. ... 0. 0. 0.],[0. 1. 1. ... 1. 0. 0.]
827,AdaBoost,"{'algorithm': 'SAMME.R', 'learning_rate': 3.7734693877551018, 'n_estimators': 30}",0.3354140412530731,0.03848942180118219,0.005425960801124665,0.01778634640658635,0.4948399025481024,0.030920656799460274,0.34036510965288935,0.005991827147770579,0.4984447900466563,0.5030236107717948,"{0: 0.5343518467005149, 1: 0.5343518467005148}","{0: 0.5343518467005149, 1: 0.5343518467005148}",0.5343518467005148,"[[633   4]
 [641   8]]",[0. 0. 0. ... 0. 0. 0.],[0. 1. 1. ... 1. 0. 0.]
777,AdaBoost,"{'algorithm': 'SAMME.R', 'learning_rate': 3.936734693877551, 'n_estimators': 30}",0.3354140412530731,0.03848942180118219,0.005425960801124665,0.01778634640658635,0.4948399025481024,0.030920656799460274,0.34036510965288935,0.005991827147770579,0.4984447900466563,0.5030236107717948,"{0: 0.5717019058423417, 1: 0.5717019058423416}","{0: 0.5717019058423417, 1: 0.5717019058423416}",0.5717019058423416,"[[633   4]
 [641   8]]",[0. 0. 0. ... 0. 0. 0.],[0. 1. 1. ... 1. 0. 0.]
587,AdaBoost,"{'algorithm': 'SAMME.R', 'learning_rate': 4.1, 'n_estimators': 30}",0.3354140412530731,0.03848942180118219,0.005425960801124665,0.01778634640658635,0.4948399025481024,0.030920656799460274,0.34036510965288935,0.005991827147770579,0.4984447900466563,0.5030236107717948,"{0: 0.4911432393272587, 1: 0.49114323932725873}","{0: 0.4911432393272587, 1: 0.49114323932725873}",0.49114323932725873,"[[633   4]
 [641   8]]",[0. 0. 0. ... 0. 0. 0.],[0. 1. 1. ... 1. 0. 0.]
900,AdaBoost,"{'algorithm': 'SAMME.R', 'learning_rate': 3.0387755102040814, 'n_estimators': 30}",0.3342618584705353,0.03780410666709211,0.005375898222901885,0.017799781764504054,0.4948399025481024,0.030920656799460274,0.33904536138433944,0.006020414766313542,0.4984447900466563,0.5030381241034994,"{0: 0.5419810213999077, 1: 0.5419810213999077}","{0: 0.5419810213999077, 1: 0.5419810213999077}",0.5419810213999077,"[[634   3]
 [642   7]]",[0. 0. 0. ... 0. 0. 0.],[0. 1. 1. ... 1. 0. 0.]
583,AdaBoost,"{'algorithm': 'SAMME.R', 'learning_rate': 3.120408163265306, 'n_estimators': 30}",0.3342618584705353,0.03780410666709211,0.005375898222901885,0.017799781764504054,0.4948399025481024,0.030920656799460274,0.33904536138433944,0.006020414766313542,0.4984447900466563,0.5030381241034994,"{0: 0.43902344628736883, 1: 0.43902344628736883}","{0: 0.43902344628736883, 1: 0.43902344628736883}",0.43902344628736883,"[[634   3]
 [642   7]]",[0. 0. 0. ... 0. 0. 0.],[0. 1. 1. ... 1. 0. 0.]
543,AdaBoost,"{'algorithm': 'SAMME.R', 'learning_rate': 3.0387755102040814, 'n_estimators': 30}",0.3342618584705353,0.03780410666709211,0.005375898222901885,0.017799781764504054,0.4948399025481024,0.030920656799460274,0.33904536138433944,0.006020414766313542,0.4984447900466563,0.5030381241034994,"{0: 0.5419810213999077, 1: 0.5419810213999077}","{0: 0.5419810213999077, 1: 0.5419810213999077}",0.5419810213999077,"[[634   3]
 [642   7]]",[0. 0. 0. ... 0. 0. 0.],[0. 1. 1. ... 1. 0. 0.]
630,AdaBoost,"{'algorithm': 'SAMME.R', 'learning_rate': 3.0387755102040814, 'n_estimators': 30}",0.3342618584705353,0.03780410666709211,0.005375898222901885,0.017799781764504054,0.4948399025481024,0.030920656799460274,0.33904536138433944,0.006020414766313542,0.4984447900466563,0.5030381241034994,"{0: 0.5419810213999077, 1: 0.5419810213999077}","{0: 0.5419810213999077, 1: 0.5419810213999077}",0.5419810213999077,"[[634   3]
 [642   7]]",[0. 0. 0. ... 0. 0. 0.],[0. 1. 1. ... 1. 0. 0.]
927,AdaBoost,"{'algorithm': 'SAMME.R', 'learning_rate': 3.120408163265306, 'n_estimators': 30}",0.3342618584705353,0.03780410666709211,0.005375898222901885,0.017799781764504054,0.4948399025481024,0.030920656799460274,0.33904536138433944,0.006020414766313542,0.4984447900466563,0.5030381241034994,"{0: 0.43902344628736883, 1: 0.43902344628736883}","{0: 0.43902344628736883, 1: 0.43902344628736883}",0.43902344628736883,"[[634   3]
 [642   7]]",[0. 0. 0. ... 0. 0. 0.],[0. 1. 1. ... 1. 0. 0.]
568,AdaBoost,"{'algorithm': 'SAMME.R', 'learning_rate': 2.7122448979591836, 'n_estimators': 30}",0.3342618584705353,0.03780410666709211,0.005375898222901885,0.017799781764504054,0.4948399025481024,0.030920656799460274,0.33904536138433944,0.006020414766313542,0.4984447900466563,0.5030381241034994,"{0: 0.4499398906178568, 1: 0.44993989061785666}","{0: 0.4499398906178568, 1: 0.44993989061785666}",0.44993989061785666,"[[634   3]
 [642   7]]",[0. 0. 0. ... 0. 0. 0.],[0. 1. 1. ... 1. 0. 0.]
669,AdaBoost,"{'algorithm': 'SAMME.R', 'learning_rate': 3.120408163265306, 'n_estimators': 30}",0.3342618584705353,0.03780410666709211,0.005375898222901885,0.017799781764504054,0.4948399025481024,0.030920656799460274,0.33904536138433944,0.006020414766313542,0.4984447900466563,0.5030381241034994,"{0: 0.43902344628736883, 1: 0.43902344628736883}","{0: 0.43902344628736883, 1: 0.43902344628736883}",0.43902344628736883,"[[634   3]
 [642   7]]",[0. 0. 0. ... 0. 0. 0.],[0. 1. 1. ... 1. 0. 0.]
650,AdaBoost,"{'algorithm': 'SAMME.R', 'learning_rate': 2.7122448979591836, 'n_estimators': 30}",0.3342618584705353,0.03780410666709211,0.005375898222901885,0.017799781764504054,0.4948399025481024,0.030920656799460274,0.33904536138433944,0.006020414766313542,0.4984447900466563,0.5030381241034994,"{0: 0.4499398906178568, 1: 0.44993989061785666}","{0: 0.4499398906178568, 1: 0.44993989061785666}",0.44993989061785666,"[[634   3]
 [642   7]]",[0. 0. 0. ... 0. 0. 0.],[0. 1. 1. ... 1. 0. 0.]
992,AdaBoost,"{'algorithm': 'SAMME.R', 'learning_rate': 2.7122448979591836, 'n_estimators': 30}",0.3342618584705353,0.03780410666709211,0.005375898222901885,0.017799781764504054,0.4948399025481024,0.030920656799460274,0.33904536138433944,0.006020414766313542,0.4984447900466563,0.5030381241034994,"{0: 0.4499398906178568, 1: 0.44993989061785666}","{0: 0.4499398906178568, 1: 0.44993989061785666}",0.44993989061785666,"[[634   3]
 [642   7]]",[0. 0. 0. ... 0. 0. 0.],[0. 1. 1. ... 1. 0. 0.]
803,AdaBoost,"{'algorithm': 'SAMME.R', 'learning_rate': 3.0387755102040814, 'n_estimators': 30}",0.3342618584705353,0.03780410666709211,0.005375898222901885,0.017799781764504054,0.4948399025481024,0.030920656799460274,0.33904536138433944,0.006020414766313542,0.4984447900466563,0.5030381241034994,"{0: 0.5419810213999077, 1: 0.5419810213999077}","{0: 0.5419810213999077, 1: 0.5419810213999077}",0.5419810213999077,"[[634   3]
 [642   7]]",[0. 0. 0. ... 0. 0. 0.],[0. 1. 1. ... 1. 0. 0.]
732,AdaBoost,"{'algorithm': 'SAMME.R', 'learning_rate': 3.0387755102040814, 'n_estimators': 30}",0.3342618584705353,0.03780410666709211,0.005375898222901885,0.017799781764504054,0.4948399025481024,0.030920656799460274,0.33904536138433944,0.006020414766313542,0.4984447900466563,0.5030381241034994,"{0: 0.5419810213999077, 1: 0.5419810213999077}","{0: 0.5419810213999077, 1: 0.5419810213999077}",0.5419810213999077,"[[634   3]
 [642   7]]",[0. 0. 0. ... 0. 0. 0.],[0. 1. 1. ... 1. 0. 0.]
818,AdaBoost,"{'algorithm': 'SAMME.R', 'learning_rate': 2.7122448979591836, 'n_estimators': 30}",0.3342618584705353,0.03780410666709211,0.005375898222901885,0.017799781764504054,0.4948399025481024,0.030920656799460274,0.33904536138433944,0.006020414766313542,0.4984447900466563,0.5030381241034994,"{0: 0.4499398906178568, 1: 0.44993989061785666}","{0: 0.4499398906178568, 1: 0.44993989061785666}",0.44993989061785666,"[[634   3]
 [642   7]]",[0. 0. 0. ... 0. 0. 0.],[0. 1. 1. ... 1. 0. 0.]
979,AdaBoost,"{'algorithm': 'SAMME.R', 'learning_rate': 3.0387755102040814, 'n_estimators': 30}",0.3342618584705353,0.03780410666709211,0.005375898222901885,0.017799781764504054,0.4948399025481024,0.030920656799460274,0.33904536138433944,0.006020414766313542,0.4984447900466563,0.5030381241034994,"{0: 0.5419810213999077, 1: 0.5419810213999077}","{0: 0.5419810213999077, 1: 0.5419810213999077}",0.5419810213999077,"[[634   3]
 [642   7]]",[0. 0. 0. ... 0. 0. 0.],[0. 1. 1. ... 1. 0. 0.]
894,AdaBoost,"{'algorithm': 'SAMME.R', 'learning_rate': 3.610204081632653, 'n_estimators': 30}",0.3682976051555702,0.07862018691342838,0.005184934305071356,0.03996640521360355,0.4942133583605825,0.035051328040833586,0.3911175474999832,0.004703680149749645,0.4984447900466563,0.5023705108450871,"{0: 0.5624315152160188, 1: 0.5624315152160189}","{0: 0.5624315152160188, 1: 0.5624315152160189}",0.5624315152160189,"[[588  49]
 [596  53]]",[1. 0. 0. ... 0. 0. 0.],[0. 1. 1. ... 1. 0. 0.]
634,AdaBoost,"{'algorithm': 'SAMME.R', 'learning_rate': 3.610204081632653, 'n_estimators': 30}",0.3682976051555702,0.07862018691342838,0.005184934305071356,0.03996640521360355,0.4942133583605825,0.035051328040833586,0.3911175474999832,0.004703680149749645,0.4984447900466563,0.5023705108450871,"{0: 0.5624315152160188, 1: 0.5624315152160189}","{0: 0.5624315152160188, 1: 0.5624315152160189}",0.5624315152160189,"[[588  49]
 [596  53]]",[1. 0. 0. ... 0. 0. 0.],[0. 1. 1. ... 1. 0. 0.]
735,AdaBoost,"{'algorithm': 'SAMME.R', 'learning_rate': 3.610204081632653, 'n_estimators': 30}",0.3682976051555702,0.07862018691342838,0.005184934305071356,0.03996640521360355,0.4942133583605825,0.035051328040833586,0.3911175474999832,0.004703680149749645,0.4984447900466563,0.5023705108450871,"{0: 0.5624315152160188, 1: 0.5624315152160189}","{0: 0.5624315152160188, 1: 0.5624315152160189}",0.5624315152160189,"[[588  49]
 [596  53]]",[1. 0. 0. ... 0. 0. 0.],[0. 1. 1. ... 1. 0. 0.]
807,AdaBoost,"{'algorithm': 'SAMME.R', 'learning_rate': 3.610204081632653, 'n_estimators': 30}",0.36813404181128395,0.078694942939828,0.004464567611553405,0.04053631505853062,0.4938529980002221,0.03508259062227084,0.3906542635915423,0.0031462313619988747,0.4976671850699845,0.5015855814887292,"{0: 0.5608943114996384, 1: 0.5608943114996384}","{0: 0.5608943114996384, 1: 0.5608943114996384}",0.5608943114996384,"[[587  50]
 [596  53]]",[1. 0. 0. ... 0. 0. 0.],[0. 1. 1. ... 1. 0. 0.]
988,AdaBoost,"{'algorithm': 'SAMME.R', 'learning_rate': 3.610204081632653, 'n_estimators': 30}",0.36813404181128395,0.078694942939828,0.004464567611553405,0.04053631505853062,0.4938529980002221,0.03508259062227084,0.3906542635915423,0.0031462313619988747,0.4976671850699845,0.5015855814887292,"{0: 0.5608084409537194, 1: 0.5608084409537194}","{0: 0.5608084409537194, 1: 0.5608084409537194}",0.5608084409537194,"[[587  50]
 [596  53]]",[1. 0. 0. ... 0. 0. 0.],[0. 1. 1. ... 1. 0. 0.]
225,AdaBoost,"{'algorithm': 'SAMME.R', 'learning_rate': 3.610204081632653, 'n_estimators': 30}",0.36813404181128395,0.078694942939828,0.004464567611553405,0.04053631505853062,0.4938529980002221,0.03508259062227084,0.3906542635915423,0.0031462313619988747,0.4976671850699845,0.5015855814887292,"{0: 0.5608084409537194, 1: 0.5608084409537194}","{0: 0.5608084409537194, 1: 0.5608084409537194}",0.5608084409537194,"[[587  50]
 [596  53]]",[1. 0. 0. ... 0. 0. 0.],[0. 1. 1. ... 1. 0. 0.]
878,AdaBoost,"{'algorithm': 'SAMME.R', 'learning_rate': 2.304081632653061, 'n_estimators': 52}",0.3600043247144455,0.06561773782848485,0.0041189989336057,0.03644459409447721,0.49414757191198616,0.035174349760517455,0.37760471116438965,0.003519293742278329,0.4976671850699845,0.5017742548008891,"{0: 0.5508014987433874, 1: 0.5508014987433874}","{0: 0.5508014987433874, 1: 0.5508014987433874}",0.5508014987433874,"[[600  37]
 [609  40]]",[1. 0. 0. ... 0. 0. 0.],[0. 1. 1. ... 1. 0. 0.]
852,AdaBoost,"{'algorithm': 'SAMME.R', 'learning_rate': 2.4673469387755103, 'n_estimators': 30}",0.33496104634381246,0.041363636937994525,0.0038979052572235195,0.020908807447115443,0.493918718239759,0.032196616746485524,0.3413075161253208,0.004407778206544921,0.4976671850699845,0.5022241680837323,"{0: 0.43368012133145306, 1: 0.433680121331453}","{0: 0.43368012133145306, 1: 0.433680121331453}",0.433680121331453,"[[631   6]
 [640   9]]",[0. 0. 0. ... 0. 0. 0.],[0. 1. 1. ... 1. 0. 0.]
589,AdaBoost,"{'algorithm': 'SAMME.R', 'learning_rate': 2.4673469387755103, 'n_estimators': 30}",0.33496104634381246,0.041363636937994525,0.0038979052572235195,0.020908807447115443,0.493918718239759,0.032196616746485524,0.3413075161253208,0.004407778206544921,0.4976671850699845,0.5022241680837323,"{0: 0.43368012133145306, 1: 0.433680121331453}","{0: 0.43368012133145306, 1: 0.433680121331453}",0.433680121331453,"[[631   6]
 [640   9]]",[0. 0. 0. ... 0. 0. 0.],[0. 1. 1. ... 1. 0. 0.]
766,AdaBoost,"{'algorithm': 'SAMME.R', 'learning_rate': 2.4673469387755103, 'n_estimators': 30}",0.33496104634381246,0.041363636937994525,0.0038979052572235195,0.020908807447115443,0.493918718239759,0.032196616746485524,0.3413075161253208,0.004407778206544921,0.4976671850699845,0.5022241680837323,"{0: 0.43368012133145306, 1: 0.433680121331453}","{0: 0.43368012133145306, 1: 0.433680121331453}",0.433680121331453,"[[631   6]
 [640   9]]",[0. 0. 0. ... 0. 0. 0.],[0. 1. 1. ... 1. 0. 0.]
675,AdaBoost,"{'algorithm': 'SAMME.R', 'learning_rate': 2.4673469387755103, 'n_estimators': 30}",0.33496104634381246,0.041363636937994525,0.0038979052572235195,0.020908807447115443,0.493918718239759,0.032196616746485524,0.3413075161253208,0.004407778206544921,0.4976671850699845,0.5022241680837323,"{0: 0.43368012133145306, 1: 0.433680121331453}","{0: 0.43368012133145306, 1: 0.433680121331453}",0.433680121331453,"[[631   6]
 [640   9]]",[0. 0. 0. ... 0. 0. 0.],[0. 1. 1. ... 1. 0. 0.]
940,AdaBoost,"{'algorithm': 'SAMME.R', 'learning_rate': 2.4673469387755103, 'n_estimators': 30}",0.33496104634381246,0.041363636937994525,0.0038979052572235195,0.020908807447115443,0.493918718239759,0.032196616746485524,0.3413075161253208,0.004407778206544921,0.4976671850699845,0.5022241680837323,"{0: 0.43368012133145306, 1: 0.433680121331453}","{0: 0.43368012133145306, 1: 0.433680121331453}",0.433680121331453,"[[631   6]
 [640   9]]",[0. 0. 0. ... 0. 0. 0.],[0. 1. 1. ... 1. 0. 0.]
64,SVC,"{'C': 0.1, 'gamma': 0.001, 'kernel': 'sigmoid'}",0.3603587584597169,0.02805496833876614,0.002746781115879826,0.013456424338036331,0.5226777529248835,0.02258639252581959,0.515724335415757,0.03518072405602812,0.5171073094867807,0.5176095091349329,"{0: 0.50136788151316, 1: 0.5013678815131599}","{0: 0.50136788151316, 1: 0.5013678815131599}",0.5013678815131599,"[[364 273]
 [348 301]]",[1. 1. 1. ... 0. 0. 0.],[0. 1. 1. ... 1. 0. 0.]
918,SVC,"{'C': 0.1, 'gamma': 1, 'kernel': 'sigmoid'}",0.4955667293076684,0.09616828847998142,0.0025978458860572884,0.17865786582372775,0.5016099685466535,0.09144137700596437,0.5116168181258961,0.023129679580999762,0.5116640746500778,0.511563497035652,"{0: 0.5046539416999465, 1: 0.5046539416999465}","{0: 0.5046539416999465, 1: 0.5046539416999465}",0.5046539416999465,"[[319 318]
 [310 339]]",[1. 1. 1. ... 0. 0. 0.],[0. 1. 1. ... 1. 0. 0.]
40,AdaBoost,"{'algorithm': 'SAMME', 'learning_rate': 2.3857142857142857, 'n_estimators': 63}",0.43313652210756437,0.09272209835369923,0.001892266955552362,0.127515063515053,0.4958551505985991,0.06746294587844127,0.44524482120991105,-0.002104432777201737,0.49611197511664074,0.4989417362298718,"{0: 0.5223130380515368, 1: 0.5223130380515368}","{0: 0.5223130380515368, 1: 0.5223130380515368}",0.5223130380515368,"[[511 126]
 [522 127]]",[1. 0. 0. ... 0. 0. 1.],[0. 1. 1. ... 1. 0. 0.]
270,AdaBoost,"{'algorithm': 'SAMME', 'learning_rate': 2.3857142857142857, 'n_estimators': 41}",0.43313652210756437,0.09272209835369923,0.001892266955552362,0.127515063515053,0.4958551505985991,0.06746294587844127,0.44524482120991105,-0.002104432777201737,0.49611197511664074,0.4989417362298718,"{0: 0.5266597808970691, 1: 0.526659780897069}","{0: 0.5266597808970691, 1: 0.526659780897069}",0.526659780897069,"[[511 126]
 [522 127]]",[1. 0. 0. ... 0. 0. 1.],[0. 1. 1. ... 1. 0. 0.]
761,AdaBoost,"{'algorithm': 'SAMME.R', 'learning_rate': 3.120408163265306, 'n_estimators': 52}",0.33588085940410173,0.038996898747863946,0.0013385150453317873,0.02741263327561841,0.4927346393902077,0.03168275620216642,0.34186393474144017,0.0012679982645923404,0.49611197511664074,0.5006397960393117,"{0: 0.5370464886203383, 1: 0.5370464886203387}","{0: 0.5370464886203383, 1: 0.5370464886203387}",0.5370464886203387,"[[628   9]
 [639  10]]",[0. 0. 0. ... 0. 0. 0.],[0. 1. 1. ... 1. 0. 0.]
30,SVC,"{'C': 0.1, 'gamma': 0.0001, 'kernel': 'rbf'}",0.35763383231606255,0.025353722041708004,0.0,0.0,0.5213874303442383,0.021994472265018654,0.5149847688297329,0.033613059583382565,0.5163297045101088,0.5168245797785749,"{0: 0.5120255047615823, 1: 0.5120255047615823}","{0: 0.5120255047615823, 1: 0.5120255047615823}",0.5120255047615823,"[[363 274]
 [348 301]]",[1. 1. 1. ... 0. 0. 0.],[0. 1. 1. ... 1. 0. 0.]
391,SVC,"{'C': 0.1, 'gamma': 0.0001, 'kernel': 'rbf'}",0.35763383231606255,0.025353722041708004,0.0,0.0,0.5213874303442383,0.021994472265018654,0.5149847688297329,0.033613059583382565,0.5163297045101088,0.5168245797785749,"{0: 0.50909381175725, 1: 0.50909381175725}","{0: 0.50909381175725, 1: 0.50909381175725}",0.50909381175725,"[[363 274]
 [348 301]]",[1. 1. 1. ... 0. 0. 0.],[0. 1. 1. ... 1. 0. 0.]
194,SVC,"{'C': 1, 'gamma': 0.0001, 'kernel': 'sigmoid'}",0.35763383231606255,0.025353722041708004,0.0,0.0,0.5213874303442383,0.021994472265018654,0.5149847688297329,0.033613059583382565,0.5163297045101088,0.5168245797785749,"{0: 0.506740233132485, 1: 0.506740233132485}","{0: 0.506740233132485, 1: 0.506740233132485}",0.506740233132485,"[[363 274]
 [348 301]]",[1. 1. 1. ... 0. 0. 0.],[0. 1. 1. ... 1. 0. 0.]
658,SVC,"{'C': 1, 'gamma': 0.0001, 'kernel': 'sigmoid'}",0.35763383231606255,0.025353722041708004,0.0,0.0,0.5213874303442383,0.021994472265018654,0.5149847688297329,0.033613059583382565,0.5163297045101088,0.5168245797785749,"{0: 0.5095219550425361, 1: 0.5095219550425362}","{0: 0.5095219550425361, 1: 0.5095219550425362}",0.5095219550425362,"[[363 274]
 [348 301]]",[1. 1. 1. ... 0. 0. 0.],[0. 1. 1. ... 1. 0. 0.]
723,SVC,"{'C': 1, 'gamma': 0.0001, 'kernel': 'sigmoid'}",0.35763383231606255,0.025353722041708004,0.0,0.0,0.5213874303442383,0.021994472265018654,0.5149847688297329,0.033613059583382565,0.5163297045101088,0.5168245797785749,"{0: 0.5083463751744624, 1: 0.5083463751744624}","{0: 0.5083463751744624, 1: 0.5083463751744624}",0.5083463751744624,"[[363 274]
 [348 301]]",[1. 1. 1. ... 0. 0. 0.],[0. 1. 1. ... 1. 0. 0.]
346,SVC,"{'C': 0.1, 'gamma': 0.0001, 'kernel': 'rbf'}",0.35763383231606255,0.025353722041708004,0.0,0.0,0.5213874303442383,0.021994472265018654,0.5149847688297329,0.033613059583382565,0.5163297045101088,0.5168245797785749,"{0: 0.5080343385428131, 1: 0.5080343385428131}","{0: 0.5080343385428131, 1: 0.5080343385428131}",0.5080343385428131,"[[363 274]
 [348 301]]",[1. 1. 1. ... 0. 0. 0.],[0. 1. 1. ... 1. 0. 0.]
794,AdaBoost,"{'algorithm': 'SAMME.R', 'learning_rate': 3.446938775510204, 'n_estimators': 30}",0.3500879655319396,0.05885367374424146,-0.0014979716490229312,0.029218062784645595,0.4901773592719519,0.02874906627197621,0.3646483154522641,-0.003976639044455554,0.4937791601866252,0.4979947413361457,"{0: 0.4954391855118247, 1: 0.49543918551182475}","{0: 0.4954391855118247, 1: 0.49543918551182475}",0.49543918551182475,"[[605  32]
 [619  30]]",[0. 0. 0. ... 0. 0. 0.],[0. 1. 1. ... 1. 0. 0.]
714,AdaBoost,"{'algorithm': 'SAMME.R', 'learning_rate': 3.446938775510204, 'n_estimators': 30}",0.3500879655319396,0.05885367374424146,-0.0014979716490229312,0.029218062784645595,0.4901773592719519,0.02874906627197621,0.3646483154522641,-0.003976639044455554,0.4937791601866252,0.4979947413361457,"{0: 0.4954391855118247, 1: 0.49543918551182475}","{0: 0.4954391855118247, 1: 0.49543918551182475}",0.49543918551182475,"[[605  32]
 [619  30]]",[0. 0. 0. ... 0. 0. 0.],[0. 1. 1. ... 1. 0. 0.]
521,AdaBoost,"{'algorithm': 'SAMME.R', 'learning_rate': 2.304081632653061, 'n_estimators': 30}",0.33270118648372027,0.04357233730212,-0.0022186060660487204,0.027915484691316116,0.49070844823161863,0.0356321022757611,0.337801366437375,-0.00489701409179899,0.49300155520995337,0.4975291052772893,"{0: 0.4630272874824933, 1: 0.46302728748249333}","{0: 0.4630272874824933, 1: 0.46302728748249333}",0.46302728748249333,"[[626  11]
 [641   8]]",[1. 0. 0. ... 0. 0. 0.],[0. 1. 1. ... 1. 0. 0.]
972,AdaBoost,"{'algorithm': 'SAMME.R', 'learning_rate': 2.304081632653061, 'n_estimators': 30}",0.33270118648372027,0.04357233730212,-0.0022186060660487204,0.027915484691316116,0.49070844823161863,0.0356321022757611,0.337801366437375,-0.00489701409179899,0.49300155520995337,0.4975291052772893,"{0: 0.4630272874824933, 1: 0.46302728748249333}","{0: 0.4630272874824933, 1: 0.46302728748249333}",0.46302728748249333,"[[626  11]
 [641   8]]",[1. 0. 0. ... 0. 0. 0.],[0. 1. 1. ... 1. 0. 0.]
712,AdaBoost,"{'algorithm': 'SAMME.R', 'learning_rate': 2.304081632653061, 'n_estimators': 30}",0.33270118648372027,0.04357233730212,-0.0022186060660487204,0.027915484691316116,0.49070844823161863,0.0356321022757611,0.337801366437375,-0.00489701409179899,0.49300155520995337,0.4975291052772893,"{0: 0.4630272874824933, 1: 0.46302728748249333}","{0: 0.4630272874824933, 1: 0.46302728748249333}",0.46302728748249333,"[[626  11]
 [641   8]]",[1. 0. 0. ... 0. 0. 0.],[0. 1. 1. ... 1. 0. 0.]
569,SVC,"{'C': 1, 'gamma': 0.0001, 'kernel': 'sigmoid'}",0.35657860106325606,0.025573082296759062,-0.004464522986978477,0.02187160652604699,0.5191402393330024,0.023975617306374205,0.5108769944652026,0.025915286056339082,0.5124416796267496,0.5129724996553083,"{0: 0.5045825844857321, 1: 0.5045825844857321}","{0: 0.5045825844857321, 1: 0.5045825844857321}",0.5045825844857321,"[[363 274]
 [353 296]]",[1. 1. 1. ... 0. 0. 0.],[0. 1. 1. ... 1. 0. 0.]
719,AdaBoost,"{'algorithm': 'SAMME.R', 'learning_rate': 3.2020408163265306, 'n_estimators': 52}",0.3931200185985953,0.07817183323544305,-0.004789428674043084,0.05782074116834132,0.49107002487429485,0.03804689126631999,0.40810194794377175,0.0010133439630392038,0.4968895800933126,0.500510385498279,"{0: 0.5349202855256123, 1: 0.5349202855256124}","{0: 0.5349202855256123, 1: 0.5349202855256124}",0.5349202855256124,"[[566  71]
 [576  73]]",[1. 0. 0. ... 0. 0. 0.],[0. 1. 1. ... 1. 0. 0.]
377,AdaBoost,"{'algorithm': 'SAMME', 'learning_rate': 2.3857142857142857, 'n_estimators': 74}",0.4386919343348633,0.08063359811718761,-0.006147807956474001,0.12715611824391204,0.5020921924648482,0.06644918803111126,0.4489102042689309,-0.004186482114404644,0.5007776049766719,0.49791854634469646,"{0: 0.5182541429514795, 1: 0.5182541429514795}","{0: 0.5182541429514795, 1: 0.5182541429514795}",0.5182541429514795,"[[122 515]
 [127 522]]",[0. 1. 1. ... 1. 1. 0.],[0. 1. 1. ... 1. 0. 0.]
466,AdaBoost,"{'algorithm': 'SAMME', 'learning_rate': 2.3857142857142857, 'n_estimators': 74}",0.4386919343348633,0.08063359811718761,-0.006147807956474001,0.12715611824391204,0.5020921924648482,0.06644918803111126,0.4489102042689309,-0.004186482114404644,0.5007776049766719,0.49791854634469646,"{0: 0.5182541429514795, 1: 0.5182541429514795}","{0: 0.5182541429514795, 1: 0.5182541429514795}",0.5182541429514795,"[[122 515]
 [127 522]]",[0. 1. 1. ... 1. 1. 0.],[0. 1. 1. ... 1. 0. 0.]
7,SVC,"{'C': 1000, 'gamma': 1, 'kernel': 'sigmoid'}",0.4828356676549474,0.0979718146013326,-0.007078984332986593,0.17387331159094568,0.4947271573715966,0.08838470916680394,0.5038556259298759,0.007948810338531898,0.5038880248833593,0.5039754434427558,"{0: 0.5052187521921178, 1: 0.5052187521921179}","{0: 0.5052187521921178, 1: 0.5052187521921179}",0.5052187521921179,"[[327 310]
 [328 321]]",[0. 0. 0. ... 0. 0. 1.],[0. 1. 1. ... 1. 0. 0.]
952,AdaBoost,"{'algorithm': 'SAMME.R', 'learning_rate': 2.3857142857142857, 'n_estimators': 30}",0.3415142485651266,0.05755042557295085,-0.007479087652324816,0.07477218143801063,0.48764497149650005,0.049161620114765346,0.3850012897774854,-0.028130634469810456,0.4821150855365474,0.48582894103475216,"{0: 0.43265451255766024, 1: 0.43265451255766024}","{0: 0.43265451255766024, 1: 0.43265451255766024}",0.43265451255766024,"[[563  74]
 [592  57]]",[1. 0. 0. ... 0. 0. 0.],[0. 1. 1. ... 1. 0. 0.]
774,AdaBoost,"{'algorithm': 'SAMME.R', 'learning_rate': 2.3857142857142857, 'n_estimators': 30}",0.3415142485651266,0.05755042557295085,-0.007479087652324816,0.07477218143801063,0.48764497149650005,0.049161620114765346,0.3850012897774854,-0.028130634469810456,0.4821150855365474,0.48582894103475216,"{0: 0.43265451255766024, 1: 0.43265451255766024}","{0: 0.43265451255766024, 1: 0.43265451255766024}",0.43265451255766024,"[[563  74]
 [592  57]]",[1. 0. 0. ... 0. 0. 0.],[0. 1. 1. ... 1. 0. 0.]
594,AdaBoost,"{'algorithm': 'SAMME.R', 'learning_rate': 2.3857142857142857, 'n_estimators': 30}",0.3415142485651266,0.05755042557295085,-0.007479087652324816,0.07477218143801063,0.48764497149650005,0.049161620114765346,0.3850012897774854,-0.028130634469810456,0.4821150855365474,0.48582894103475216,"{0: 0.43265451255766024, 1: 0.43265451255766024}","{0: 0.43265451255766024, 1: 0.43265451255766024}",0.43265451255766024,"[[563  74]
 [592  57]]",[1. 0. 0. ... 0. 0. 0.],[0. 1. 1. ... 1. 0. 0.]
841,AdaBoost,"{'algorithm': 'SAMME.R', 'learning_rate': 2.3857142857142857, 'n_estimators': 30}",0.3415142485651266,0.05755042557295085,-0.007479087652324816,0.07477218143801063,0.48764497149650005,0.049161620114765346,0.3850012897774854,-0.028130634469810456,0.4821150855365474,0.48582894103475216,"{0: 0.43265451255766024, 1: 0.43265451255766024}","{0: 0.43265451255766024, 1: 0.43265451255766024}",0.43265451255766024,"[[563  74]
 [592  57]]",[1. 0. 0. ... 0. 0. 0.],[0. 1. 1. ... 1. 0. 0.]
599,AdaBoost,"{'algorithm': 'SAMME.R', 'learning_rate': 2.8755102040816327, 'n_estimators': 30}",0.3334840956006317,0.037519618255832506,-0.00835997084251984,0.07638970629833758,0.48965664136484116,0.04515932814385017,0.35390697308760277,-0.005272913434539284,0.49300155520995337,0.4973404319651293,"{0: 0.4704290866518469, 1: 0.4704290866518469}","{0: 0.4704290866518469, 1: 0.4704290866518469}",0.4704290866518469,"[[613  24]
 [628  21]]",[0. 0. 0. ... 0. 0. 0.],[0. 1. 1. ... 1. 0. 0.]
57,SVC,"{'C': 1, 'gamma': 0.0001, 'kernel': 'rbf'}",0.37073890702882145,0.07827251964448932,-0.009026968992413575,0.09663537340784467,0.5098928058931698,0.05084774306225532,0.5028323949101284,0.006667714289168014,0.5031104199066874,0.503335647403444,"{0: 0.5033489512908399, 1: 0.5033489512908399}","{0: 0.5033489512908399, 1: 0.5033489512908399}",0.5033489512908399,"[[336 301]
 [338 311]]",[1. 1. 1. ... 0. 0. 0.],[0. 1. 1. ... 1. 0. 0.]
335,SVC,"{'C': 1000, 'gamma': 1, 'kernel': 'sigmoid'}",0.49021280501680875,0.09887093637165469,-0.010396521311974194,0.19092094417554084,0.49411706728187743,0.09684670219784129,0.5015295910453124,0.0032695307304451138,0.5015552099533437,0.5016351687053866,"{0: 0.5187548528952888, 1: 0.5187548528952887}","{0: 0.5187548528952888, 1: 0.5187548528952887}",0.5187548528952887,"[[325 312]
 [329 320]]",[1. 1. 1. ... 0. 0. 1.],[0. 1. 1. ... 1. 0. 0.]
102,AdaBoost,"{'algorithm': 'SAMME', 'learning_rate': 2.304081632653061, 'n_estimators': 41}",0.43439109325340447,0.06981483784126082,-0.011399462625562809,0.10101192033412985,0.49254927225262,0.05149587394285615,0.44581237072710844,-0.0037233108603780263,0.4953343701399689,0.4981277802101047,"{0: 0.5033102490729608, 1: 0.503310249072961}","{0: 0.5033102490729608, 1: 0.503310249072961}",0.503310249072961,"[[508 129]
 [520 129]]",[0. 1. 0. ... 0. 0. 0.],[0. 1. 1. ... 1. 0. 0.]
196,AdaBoost,"{'algorithm': 'SAMME', 'learning_rate': 2.304081632653061, 'n_estimators': 85}",0.43439109325340447,0.06981483784126082,-0.011399462625562809,0.10101192033412985,0.49254927225262,0.05149587394285615,0.44581237072710844,-0.0037233108603780263,0.4953343701399689,0.4981277802101047,"{0: 0.5003180838531929, 1: 0.5003180838531929}","{0: 0.5003180838531929, 1: 0.5003180838531929}",0.5003180838531929,"[[508 129]
 [520 129]]",[0. 1. 0. ... 0. 0. 0.],[0. 1. 1. ... 1. 0. 0.]
698,SVC,"{'C': 10, 'gamma': 1, 'kernel': 'sigmoid'}",0.48888338154094557,0.10316545682593745,-0.011451347400186308,0.19530852676596153,0.49335657138032096,0.1005466602028621,0.5077721801447583,0.015452084749411621,0.5077760497667185,0.50772593024409,"{0: 0.5190318156419851, 1: 0.5190318156419851}","{0: 0.5190318156419851, 1: 0.5190318156419851}",0.5190318156419851,"[[320 317]
 [316 333]]",[1. 1. 1. ... 0. 0. 1.],[0. 1. 1. ... 1. 0. 0.]
116,SVC,"{'C': 10, 'gamma': 0.1, 'kernel': 'sigmoid'}",0.47985405011418003,0.08388522627168131,-0.012409850123291023,0.16036559581623674,0.49104982761003163,0.08054182828199492,0.4776726402969837,-0.03059547114611716,0.48367029548989116,0.4846702933870004,"{0: 0.4942757000868381, 1: 0.4942757000868381}","{0: 0.4942757000868381, 1: 0.4942757000868381}",0.4942757000868381,"[[377 260]
 [404 245]]",[1. 1. 0. ... 0. 1. 0.],[0. 1. 1. ... 1. 0. 0.]
347,AdaBoost,"{'algorithm': 'SAMME', 'learning_rate': 2.059183673469388, 'n_estimators': 74}",0.45528459056767956,0.08254717275347549,-0.013096546639237738,0.13029601724172848,0.4942865227310168,0.07072997423836397,0.4658097755440986,-0.012271235359427424,0.49611197511664074,0.4938910967966658,"{0: 0.49234058919288937, 1: 0.4923405891928895}","{0: 0.49234058919288937, 1: 0.4923405891928895}",0.4923405891928895,"[[163 474]
 [174 475]]",[1. 0. 1. ... 1. 0. 1.],[0. 1. 1. ... 1. 0. 0.]
440,AdaBoost,"{'algorithm': 'SAMME', 'learning_rate': 2.059183673469388, 'n_estimators': 74}",0.45528459056767956,0.08254717275347549,-0.013096546639237738,0.13029601724172848,0.4942865227310168,0.07072997423836397,0.4658097755440986,-0.012271235359427424,0.49611197511664074,0.4938910967966658,"{0: 0.49234058919288937, 1: 0.4923405891928895}","{0: 0.49234058919288937, 1: 0.4923405891928895}",0.4923405891928895,"[[163 474]
 [174 475]]",[1. 0. 1. ... 1. 0. 1.],[0. 1. 1. ... 1. 0. 0.]
151,AdaBoost,"{'algorithm': 'SAMME', 'learning_rate': 2.059183673469388, 'n_estimators': 96}",0.45528459056767956,0.08254717275347549,-0.013096546639237738,0.13029601724172848,0.4942865227310168,0.07072997423836397,0.4658097755440986,-0.012271235359427424,0.49611197511664074,0.4938910967966658,"{0: 0.501162275980678, 1: 0.501162275980678}","{0: 0.501162275980678, 1: 0.501162275980678}",0.501162275980678,"[[163 474]
 [174 475]]",[1. 0. 1. ... 1. 0. 1.],[0. 1. 1. ... 1. 0. 0.]
598,AdaBoost,"{'algorithm': 'SAMME.R', 'learning_rate': 2.2224489795918365, 'n_estimators': 30}",0.3359916949727317,0.046527897896544206,-0.01335877265755863,0.08645721028915578,0.4857012881281812,0.05082247146435075,0.3604464552119041,-0.03523791471013782,0.4782270606531882,0.4822381008821687,"{0: 0.41371945246037256, 1: 0.41371945246037256}","{0: 0.41371945246037256, 1: 0.41371945246037256}",0.41371945246037256,"[[581  56]
 [615  34]]",[1. 0. 0. ... 0. 0. 0.],[0. 1. 1. ... 1. 0. 0.]
955,AdaBoost,"{'algorithm': 'SAMME.R', 'learning_rate': 2.2224489795918365, 'n_estimators': 30}",0.3359916949727317,0.046527897896544206,-0.01335877265755863,0.08645721028915578,0.4857012881281812,0.05082247146435075,0.3604464552119041,-0.03523791471013782,0.4782270606531882,0.4822381008821687,"{0: 0.41371945246037256, 1: 0.41371945246037256}","{0: 0.41371945246037256, 1: 0.41371945246037256}",0.41371945246037256,"[[581  56]
 [615  34]]",[1. 0. 0. ... 0. 0. 0.],[0. 1. 1. ... 1. 0. 0.]
421,SVC,"{'C': 1000, 'gamma': 1, 'kernel': 'sigmoid'}",0.48342929468016066,0.10530024822547855,-0.020556257434901356,0.20104094482454607,0.488855414884331,0.10325718402489269,0.5044579301779296,0.00894293795836798,0.504665629860031,0.5044701061650214,"{0: 0.5164399764884027, 1: 0.5164399764884027}","{0: 0.5164399764884027, 1: 0.5164399764884027}",0.5164399764884027,"[[308 329]
 [308 341]]",[1. 1. 1. ... 0. 0. 1.],[0. 1. 1. ... 1. 0. 0.]
469,SVC,"{'C': 0.1, 'gamma': 1, 'kernel': 'sigmoid'}",0.48206128677183047,0.1109693187580586,-0.022427574348423036,0.2072773913599185,0.4879135858763613,0.10667436025072484,0.5015151157512273,0.002922314337483689,0.5015552099533437,0.5014610087249313,"{0: 0.5183605740506467, 1: 0.5183605740506467}","{0: 0.5183605740506467, 1: 0.5183605740506467}",0.5183605740506467,"[[313 324]
 [317 332]]",[1. 1. 1. ... 0. 0. 1.],[0. 1. 1. ... 1. 0. 0.]
632,SVC,"{'C': 10, 'gamma': 1, 'kernel': 'sigmoid'}",0.4832366678001822,0.10415857975693162,-0.02244407911501807,0.19799888846704147,0.48841043647941546,0.10161780312119813,0.5038015994536925,0.007516796059427899,0.5038880248833593,0.5037577434671865,"{0: 0.517407531935377, 1: 0.5174075319353769}","{0: 0.517407531935377, 1: 0.5174075319353769}",0.5174075319353769,"[[312 325]
 [313 336]]",[1. 1. 1. ... 0. 0. 1.],[0. 1. 1. ... 1. 0. 0.]
253,AdaBoost,"{'algorithm': 'SAMME', 'learning_rate': 2.059183673469388, 'n_estimators': 52}",0.4437727064998388,0.08083114423019248,-0.02484744592310877,0.12393577706877834,0.4890230668623082,0.06776021857732073,0.45491601008954885,-0.017506459791293505,0.4937791601866252,0.49128958208861356,"{0: 0.5217833014443183, 1: 0.5217833014443183}","{0: 0.5217833014443183, 1: 0.5217833014443183}",0.5217833014443183,"[[143 494]
 [157 492]]",[1. 0. 1. ... 1. 0. 1.],[0. 1. 1. ... 1. 0. 0.]
532,SVC,"{'C': 0.1, 'gamma': 0.001, 'kernel': 'rbf'}",0.35572214990357603,0.027948583352813333,-0.025270436121927323,0.07371235549642445,0.5062355762453447,0.04034909452622564,0.5007450028949536,0.0017290536635383713,0.5007776049766719,0.5008647526807333,"{0: 0.5077247207997814, 1: 0.5077247207997814}","{0: 0.5077247207997814, 1: 0.5077247207997814}",0.5077247207997814,"[[325 312]
 [330 319]]",[1. 1. 1. ... 0. 0. 0.],[0. 1. 1. ... 1. 0. 0.]
277,AdaBoost,"{'algorithm': 'SAMME', 'learning_rate': 2.2224489795918365, 'n_estimators': 52}",0.4275378983055028,0.08460679983669807,-0.025408855877322396,0.11989334123678928,0.48902920174583153,0.06498988679054779,0.44085549839826665,-0.016759069821753902,0.49455676516329705,0.49166813815724225,"{0: 0.5263707237072854, 1: 0.5263707237072854}","{0: 0.5263707237072854, 1: 0.5263707237072854}",0.5263707237072854,"[[116 521]
 [129 520]]",[1. 0. 1. ... 1. 1. 1.],[0. 1. 1. ... 1. 0. 0.]
60,AdaBoost,"{'algorithm': 'SAMME', 'learning_rate': 2.2224489795918365, 'n_estimators': 52}",0.4275378983055028,0.08460679983669807,-0.025408855877322396,0.11989334123678928,0.48902920174583153,0.06498988679054779,0.44085549839826665,-0.016759069821753902,0.49455676516329705,0.49166813815724225,"{0: 0.5263707237072854, 1: 0.5263707237072854}","{0: 0.5263707237072854, 1: 0.5263707237072854}",0.5263707237072854,"[[116 521]
 [129 520]]",[1. 0. 1. ... 1. 1. 1.],[0. 1. 1. ... 1. 0. 0.]
472,AdaBoost,"{'algorithm': 'SAMME', 'learning_rate': 2.2224489795918365, 'n_estimators': 74}",0.42697752710350345,0.08424864706312105,-0.026380185537296305,0.11986130289140776,0.4885797635435843,0.06491241790798921,0.4396952506670441,-0.018338178589239806,0.4937791601866252,0.4908832088008843,"{0: 0.5133474273910109, 1: 0.5133474273910109}","{0: 0.5133474273910109, 1: 0.5133474273910109}",0.5133474273910109,"[[115 522]
 [129 520]]",[1. 0. 1. ... 1. 1. 1.],[0. 1. 1. ... 1. 0. 0.]
508,SVC,"{'C': 1000, 'gamma': 0.01, 'kernel': 'sigmoid'}",0.4432130041384517,0.11720711378509055,-0.027245801065426442,0.19702883823659953,0.47928090376040106,0.10168749839697717,0.47605715862023057,-0.042290438147878806,0.4782270606531882,0.47882746793158415,"{0: 0.4709999443655618, 1: 0.47099994436556186}","{0: 0.4709999443655618, 1: 0.47099994436556186}",0.47099994436556186,"[[346 291]
 [380 269]]",[0. 0. 0. ... 1. 1. 1.],[0. 1. 1. ... 1. 0. 0.]
306,AdaBoost,"{'algorithm': 'SAMME', 'learning_rate': 3.2836734693877547, 'n_estimators': 96}",0.4395099891367471,0.07887973448089712,-0.02744545076625265,0.14789471073719546,0.48975677720040656,0.07492047297055528,0.4686094806390095,-0.046172386284556,0.4782270606531882,0.4769697614733934,"{0: 0.4817918159322518, 1: 0.4817918159322517}","{0: 0.4817918159322518, 1: 0.4817918159322517}",0.4817918159322517,"[[218 419]
 [252 397]]",[0. 1. 1. ... 1. 1. 0.],[0. 1. 1. ... 1. 0. 0.]
384,AdaBoost,"{'algorithm': 'SAMME', 'learning_rate': 2.2224489795918365, 'n_estimators': 30}",0.425445394318262,0.0836551694917147,-0.027908855877322395,0.11735573694342594,0.4877792017458315,0.06385537087366103,0.4396952506670441,-0.018338178589239806,0.4937791601866252,0.4908832088008843,"{0: 0.5425772774441056, 1: 0.5425772774441056}","{0: 0.5425772774441056, 1: 0.5425772774441056}",0.5425772774441056,"[[115 522]
 [129 520]]",[1. 0. 1. ... 1. 1. 1.],[0. 1. 1. ... 1. 0. 0.]
289,SVC,"{'C': 0.1, 'gamma': 1, 'kernel': 'sigmoid'}",0.47701673731648014,0.09770958509861849,-0.031091040963967562,0.1805433623808119,0.4829108278910303,0.09377467220244133,0.4937874251915837,-0.01248575941329988,0.4937791601866252,0.4937568484783981,"{0: 0.5062274287455886, 1: 0.5062274287455886}","{0: 0.5062274287455886, 1: 0.5062274287455886}",0.5062274287455886,"[[313 324]
 [327 322]]",[1. 1. 1. ... 0. 0. 1.],[0. 1. 1. ... 1. 0. 0.]
267,AdaBoost,"{'algorithm': 'SAMME', 'learning_rate': 2.1408163265306124, 'n_estimators': 74}",0.43670286114886386,0.07559056998152645,-0.031890426201050766,0.11765746243958278,0.48655252108430325,0.06304845650962937,0.4437567260110431,-0.024206550894796175,0.4906687402799378,0.48796119135102184,"{0: 0.4863477926431922, 1: 0.4863477926431921}","{0: 0.4863477926431922, 1: 0.4863477926431921}",0.4863477926431921,"[[126 511]
 [144 505]]",[1. 0. 1. ... 1. 1. 1.],[0. 1. 1. ... 1. 0. 0.]
365,AdaBoost,"{'algorithm': 'SAMME', 'learning_rate': 2.1408163265306124, 'n_estimators': 74}",0.43670286114886386,0.07559056998152645,-0.031890426201050766,0.11765746243958278,0.48655252108430325,0.06304845650962937,0.4437567260110431,-0.024206550894796175,0.4906687402799378,0.48796119135102184,"{0: 0.4863477926431922, 1: 0.4863477926431921}","{0: 0.4863477926431922, 1: 0.4863477926431921}",0.4863477926431921,"[[126 511]
 [144 505]]",[1. 0. 1. ... 1. 1. 1.],[0. 1. 1. ... 1. 0. 0.]
452,AdaBoost,"{'algorithm': 'SAMME', 'learning_rate': 2.1408163265306124, 'n_estimators': 74}",0.43670286114886386,0.07559056998152645,-0.031890426201050766,0.11765746243958278,0.48655252108430325,0.06304845650962937,0.4437567260110431,-0.024206550894796175,0.4906687402799378,0.48796119135102184,"{0: 0.4863477926431922, 1: 0.4863477926431921}","{0: 0.4863477926431922, 1: 0.4863477926431921}",0.4863477926431921,"[[126 511]
 [144 505]]",[1. 0. 1. ... 1. 1. 1.],[0. 1. 1. ... 1. 0. 0.]
862,SVC,"{'C': 1000, 'gamma': 0.01, 'kernel': 'sigmoid'}",0.4462161366118491,0.0841922618221568,-0.03444582696487955,0.16861846028590072,0.47721457399762074,0.08265084331324539,0.47834682519975935,-0.037615381456348906,0.48055987558320373,0.48116774266895335,"{0: 0.4789254329205903, 1: 0.47892543292059025}","{0: 0.4789254329205903, 1: 0.47892543292059025}",0.47892543292059025,"[[348 289]
 [379 270]]",[0. 0. 0. ... 1. 1. 1.],[0. 1. 1. ... 1. 0. 0.]
373,AdaBoost,"{'algorithm': 'SAMME', 'learning_rate': 2.4673469387755103, 'n_estimators': 96}",0.41574058465872055,0.07257723263838108,-0.04316949261896275,0.13667319596037045,0.48303811861162904,0.06954178679128437,0.41315151633305425,-0.06377957545161483,0.4712286158631415,0.4682944174469598,"{0: 0.4681045346904912, 1: 0.4681045346904911}","{0: 0.4681045346904912, 1: 0.4681045346904911}",0.4681045346904911,"[[ 98 539]
 [141 508]]",[0. 1. 1. ... 1. 1. 0.],[0. 1. 1. ... 1. 0. 0.]
224,AdaBoost,"{'algorithm': 'SAMME', 'learning_rate': 2.5489795918367344, 'n_estimators': 74}",0.41949158370751766,0.07226920635077752,-0.04995048364547339,0.13559390374436428,0.47942797902044915,0.0689797541214502,0.41423850282642083,-0.07436953227795295,0.46578538102643857,0.46301761192802354,"{0: 0.45224630091458184, 1: 0.4522463009145818}","{0: 0.45224630091458184, 1: 0.4522463009145818}",0.4522463009145818,"[[106 531]
 [156 493]]",[0. 1. 1. ... 1. 1. 0.],[0. 1. 1. ... 1. 0. 0.]
124,AdaBoost,"{'algorithm': 'SAMME', 'learning_rate': 2.5489795918367344, 'n_estimators': 74}",0.41949158370751766,0.07226920635077752,-0.04995048364547339,0.13559390374436428,0.47942797902044915,0.0689797541214502,0.41423850282642083,-0.07436953227795295,0.46578538102643857,0.46301761192802354,"{0: 0.45224630091458184, 1: 0.4522463009145818}","{0: 0.45224630091458184, 1: 0.4522463009145818}",0.4522463009145818,"[[106 531]
 [156 493]]",[0. 1. 1. ... 1. 1. 0.],[0. 1. 1. ... 1. 0. 0.]
329,AdaBoost,"{'algorithm': 'SAMME', 'learning_rate': 2.5489795918367344, 'n_estimators': 74}",0.41949158370751766,0.07226920635077752,-0.04995048364547339,0.13559390374436428,0.47942797902044915,0.0689797541214502,0.41423850282642083,-0.07436953227795295,0.46578538102643857,0.46301761192802354,"{0: 0.45224630091458184, 1: 0.4522463009145818}","{0: 0.45224630091458184, 1: 0.4522463009145818}",0.4522463009145818,"[[106 531]
 [156 493]]",[0. 1. 1. ... 1. 1. 0.],[0. 1. 1. ... 1. 0. 0.]
414,AdaBoost,"{'algorithm': 'SAMME', 'learning_rate': 3.0387755102040814, 'n_estimators': 74}",0.4166984096154192,0.07676873072496321,-0.050989464856694686,0.13978377593520527,0.4678428928727291,0.06727254674163566,0.4636419709756957,-0.07220873639551684,0.4642301710730949,0.46391501960509224,"{0: 0.45217857203329354, 1: 0.4521785720332936}","{0: 0.45217857203329354, 1: 0.4521785720332936}",0.4521785720332936,"[[274 363]
 [326 323]]",[1. 0. 0. ... 1. 1. 0.],[0. 1. 1. ... 1. 0. 0.]
313,AdaBoost,"{'algorithm': 'SAMME', 'learning_rate': 3.0387755102040814, 'n_estimators': 74}",0.4166984096154192,0.07676873072496321,-0.050989464856694686,0.13978377593520527,0.4678428928727291,0.06727254674163566,0.4636419709756957,-0.07220873639551684,0.4642301710730949,0.46391501960509224,"{0: 0.45217857203329354, 1: 0.4521785720332936}","{0: 0.45217857203329354, 1: 0.4521785720332936}",0.4521785720332936,"[[274 363]
 [326 323]]",[1. 0. 0. ... 1. 1. 0.],[0. 1. 1. ... 1. 0. 0.]
109,AdaBoost,"{'algorithm': 'SAMME', 'learning_rate': 3.0387755102040814, 'n_estimators': 74}",0.4166984096154192,0.07676873072496321,-0.050989464856694686,0.13978377593520527,0.4678428928727291,0.06727254674163566,0.4636419709756957,-0.07220873639551684,0.4642301710730949,0.46391501960509224,"{0: 0.45217857203329354, 1: 0.4521785720332936}","{0: 0.45217857203329354, 1: 0.4521785720332936}",0.4521785720332936,"[[274 363]
 [326 323]]",[1. 0. 0. ... 1. 1. 0.],[0. 1. 1. ... 1. 0. 0.]
31,AdaBoost,"{'algorithm': 'SAMME', 'learning_rate': 2.4673469387755103, 'n_estimators': 74}",0.4117044039243062,0.07317592963789553,-0.05186592138007439,0.1412971144436091,0.47881043761992964,0.07216253283261843,0.40797344147716946,-0.0731658658232468,0.4665629860031104,0.4636283813039261,"{0: 0.4774994980806119, 1: 0.4774994980806119}","{0: 0.4774994980806119, 1: 0.4774994980806119}",0.4774994980806119,"[[ 95 542]
 [144 505]]",[0. 1. 1. ... 1. 1. 0.],[0. 1. 1. ... 1. 0. 0.]
266,AdaBoost,"{'algorithm': 'SAMME', 'learning_rate': 2.4673469387755103, 'n_estimators': 74}",0.4117044039243062,0.07317592963789553,-0.05186592138007439,0.1412971144436091,0.47881043761992964,0.07216253283261843,0.40797344147716946,-0.0731658658232468,0.4665629860031104,0.4636283813039261,"{0: 0.4774994980806119, 1: 0.4774994980806119}","{0: 0.4774994980806119, 1: 0.4774994980806119}",0.4774994980806119,"[[ 95 542]
 [144 505]]",[0. 1. 1. ... 1. 1. 0.],[0. 1. 1. ... 1. 0. 0.]
163,AdaBoost,"{'algorithm': 'SAMME', 'learning_rate': 2.4673469387755103, 'n_estimators': 74}",0.4117044039243062,0.07317592963789553,-0.05186592138007439,0.1412971144436091,0.47881043761992964,0.07216253283261843,0.40797344147716946,-0.0731658658232468,0.4665629860031104,0.4636283813039261,"{0: 0.4774994980806119, 1: 0.4774994980806119}","{0: 0.4774994980806119, 1: 0.4774994980806119}",0.4774994980806119,"[[ 95 542]
 [144 505]]",[0. 1. 1. ... 1. 1. 0.],[0. 1. 1. ... 1. 0. 0.]
233,AdaBoost,"{'algorithm': 'SAMME', 'learning_rate': 3.2020408163265306, 'n_estimators': 74}",0.4277594367494577,0.06886911554471821,-0.0526956926931495,0.14070327924481982,0.4781739307845497,0.07221618450918363,0.4189669843492392,-0.08924513490063224,0.45800933125972004,0.4555892049838781,"{0: 0.47059719941075867, 1: 0.47059719941075867}","{0: 0.47059719941075867, 1: 0.47059719941075867}",0.47059719941075867,"[[125 512]
 [185 464]]",[0. 1. 1. ... 1. 1. 0.],[0. 1. 1. ... 1. 0. 0.]
419,AdaBoost,"{'algorithm': 'SAMME', 'learning_rate': 3.2020408163265306, 'n_estimators': 74}",0.4277594367494577,0.06886911554471821,-0.0526956926931495,0.14070327924481982,0.4781739307845497,0.07221618450918363,0.4189669843492392,-0.08924513490063224,0.45800933125972004,0.4555892049838781,"{0: 0.47059719941075867, 1: 0.47059719941075867}","{0: 0.47059719941075867, 1: 0.47059719941075867}",0.47059719941075867,"[[125 512]
 [185 464]]",[0. 1. 1. ... 1. 1. 0.],[0. 1. 1. ... 1. 0. 0.]
120,AdaBoost,"{'algorithm': 'SAMME', 'learning_rate': 3.2020408163265306, 'n_estimators': 74}",0.4277594367494577,0.06886911554471821,-0.0526956926931495,0.14070327924481982,0.4781739307845497,0.07221618450918363,0.4189669843492392,-0.08924513490063224,0.45800933125972004,0.4555892049838781,"{0: 0.47059719941075867, 1: 0.47059719941075867}","{0: 0.47059719941075867, 1: 0.47059719941075867}",0.47059719941075867,"[[125 512]
 [185 464]]",[0. 1. 1. ... 1. 1. 0.],[0. 1. 1. ... 1. 0. 0.]
397,AdaBoost,"{'algorithm': 'SAMME', 'learning_rate': 3.2836734693877547, 'n_estimators': 74}",0.42741870291968637,0.068966148884054,-0.053648073645530446,0.14090728572898736,0.4776977403083593,0.07234532711095606,0.41838500298671044,-0.09079199041455133,0.4572317262830482,0.4548187889592248,"{0: 0.47590907881464783, 1: 0.4759090788146478}","{0: 0.47590907881464783, 1: 0.4759090788146478}",0.4759090788146478,"[[125 512]
 [186 463]]",[0. 1. 1. ... 1. 1. 0.],[0. 1. 1. ... 1. 0. 0.]
496,AdaBoost,"{'algorithm': 'SAMME', 'learning_rate': 3.2836734693877547, 'n_estimators': 74}",0.42741870291968637,0.068966148884054,-0.053648073645530446,0.14090728572898736,0.4776977403083593,0.07234532711095606,0.41838500298671044,-0.09079199041455133,0.4572317262830482,0.4548187889592248,"{0: 0.47590907881464783, 1: 0.4759090788146478}","{0: 0.47590907881464783, 1: 0.4759090788146478}",0.4759090788146478,"[[125 512]
 [186 463]]",[0. 1. 1. ... 1. 1. 0.],[0. 1. 1. ... 1. 0. 0.]
25,AdaBoost,"{'algorithm': 'SAMME', 'learning_rate': 3.120408163265306, 'n_estimators': 52}",0.4266684224082404,0.0682866361605478,-0.05486019485765166,0.14030896996181458,0.4770916797022987,0.07209204718155172,0.4172997447060519,-0.09237065896060526,0.45645412130637636,0.4540338596028669,"{0: 0.4552384661343499, 1: 0.45523846613434993}","{0: 0.4552384661343499, 1: 0.45523846613434993}",0.45523846613434993,"[[124 513]
 [186 463]]",[0. 1. 1. ... 1. 1. 0.],[0. 1. 1. ... 1. 0. 0.]
345,AdaBoost,"{'algorithm': 'SAMME', 'learning_rate': 3.120408163265306, 'n_estimators': 52}",0.4266684224082404,0.0682866361605478,-0.05486019485765166,0.14030896996181458,0.4770916797022987,0.07209204718155172,0.4172997447060519,-0.09237065896060526,0.45645412130637636,0.4540338596028669,"{0: 0.4552384661343499, 1: 0.45523846613434993}","{0: 0.4552384661343499, 1: 0.45523846613434993}",0.45523846613434993,"[[124 513]
 [186 463]]",[0. 1. 1. ... 1. 1. 0.],[0. 1. 1. ... 1. 0. 0.]
455,AdaBoost,"{'algorithm': 'SAMME', 'learning_rate': 2.4673469387755103, 'n_estimators': 30}",0.4104221620223562,0.07287432464030791,-0.055118551781304224,0.1423002087020427,0.47713078394027597,0.0725125196059939,0.4068918855564598,-0.07626320744847792,0.46500777604976673,0.4620875492546195,"{0: 0.4898817889132659, 1: 0.48988178891326595}","{0: 0.4898817889132659, 1: 0.48988178891326595}",0.48988178891326595,"[[ 95 542]
 [146 503]]",[0. 1. 1. ... 1. 1. 0.],[0. 1. 1. ... 1. 0. 0.]
427,AdaBoost,"{'algorithm': 'SAMME', 'learning_rate': 2.630612244897959, 'n_estimators': 74}",0.4176866722010324,0.06987725690812058,-0.055221813697176325,0.13578300458188788,0.4767380893125461,0.06933716082371587,0.41315942827840424,-0.07898237567273769,0.463452566096423,0.4607208771857682,"{0: 0.445179517818743, 1: 0.445179517818743}","{0: 0.445179517818743, 1: 0.445179517818743}",0.445179517818743,"[[107 530]
 [160 489]]",[0. 1. 1. ... 1. 1. 0.],[0. 1. 1. ... 1. 0. 0.]
240,AdaBoost,"{'algorithm': 'SAMME', 'learning_rate': 2.630612244897959, 'n_estimators': 74}",0.4176866722010324,0.06987725690812058,-0.055221813697176325,0.13578300458188788,0.4767380893125461,0.06933716082371587,0.41315942827840424,-0.07898237567273769,0.463452566096423,0.4607208771857682,"{0: 0.445179517818743, 1: 0.445179517818743}","{0: 0.445179517818743, 1: 0.445179517818743}",0.445179517818743,"[[107 530]
 [160 489]]",[0. 1. 1. ... 1. 1. 0.],[0. 1. 1. ... 1. 0. 0.]
295,AdaBoost,"{'algorithm': 'SAMME', 'learning_rate': 3.446938775510204, 'n_estimators': 74}",0.4265985361432984,0.06821991101289374,-0.055648073645530455,0.1397722106748275,0.4766977403083593,0.07185570148156618,0.417802765133605,-0.09233880081562607,0.45645412130637636,0.45404837293457145,"{0: 0.43604942273223146, 1: 0.43604942273223135}","{0: 0.43604942273223146, 1: 0.43604942273223135}",0.43604942273223135,"[[125 512]
 [187 462]]",[0. 1. 1. ... 1. 1. 0.],[0. 1. 1. ... 1. 0. 0.]
211,AdaBoost,"{'algorithm': 'SAMME', 'learning_rate': 3.446938775510204, 'n_estimators': 74}",0.4265985361432984,0.06821991101289374,-0.055648073645530455,0.1397722106748275,0.4766977403083593,0.07185570148156618,0.417802765133605,-0.09233880081562607,0.45645412130637636,0.45404837293457145,"{0: 0.43604942273223146, 1: 0.43604942273223135}","{0: 0.43604942273223146, 1: 0.43604942273223135}",0.43604942273223135,"[[125 512]
 [187 462]]",[0. 1. 1. ... 1. 1. 0.],[0. 1. 1. ... 1. 0. 0.]
106,AdaBoost,"{'algorithm': 'SAMME', 'learning_rate': 3.446938775510204, 'n_estimators': 74}",0.4265985361432984,0.06821991101289374,-0.055648073645530455,0.1397722106748275,0.4766977403083593,0.07185570148156618,0.417802765133605,-0.09233880081562607,0.45645412130637636,0.45404837293457145,"{0: 0.43604942273223146, 1: 0.43604942273223135}","{0: 0.43604942273223146, 1: 0.43604942273223135}",0.43604942273223135,"[[125 512]
 [187 462]]",[0. 1. 1. ... 1. 1. 0.],[0. 1. 1. ... 1. 0. 0.]
487,AdaBoost,"{'algorithm': 'SAMME', 'learning_rate': 3.446938775510204, 'n_estimators': 96}",0.4265985361432984,0.06821991101289374,-0.055648073645530455,0.1397722106748275,0.4766977403083593,0.07185570148156618,0.417802765133605,-0.09233880081562607,0.45645412130637636,0.45404837293457145,"{0: 0.4360494227322314, 1: 0.43604942273223135}","{0: 0.4360494227322314, 1: 0.43604942273223135}",0.43604942273223135,"[[125 512]
 [187 462]]",[0. 1. 1. ... 1. 1. 0.],[0. 1. 1. ... 1. 0. 0.]
920,AdaBoost,"{'algorithm': 'SAMME.R', 'learning_rate': 1.9775510204081632, 'n_estimators': 30}",0.38964161814454257,0.08021094875973876,-0.05592868136008282,0.13216330983560337,0.46418600823159173,0.06856469574477336,0.4625147554210949,-0.07429150335963164,0.46267496111975115,0.4628386141703333,"{0: 0.47440815842752887, 1: 0.4744081584275288}","{0: 0.47440815842752887, 1: 0.4744081584275288}",0.4744081584275288,"[[306 331]
 [360 289]]",[1. 0. 0. ... 1. 1. 0.],[0. 1. 1. ... 1. 0. 0.]
742,AdaBoost,"{'algorithm': 'SAMME.R', 'learning_rate': 1.9775510204081632, 'n_estimators': 30}",0.38964161814454257,0.08021094875973876,-0.05592868136008282,0.13216330983560337,0.46418600823159173,0.06856469574477336,0.4625147554210949,-0.07429150335963164,0.46267496111975115,0.4628386141703333,"{0: 0.47440815842752887, 1: 0.4744081584275288}","{0: 0.47440815842752887, 1: 0.4744081584275288}",0.4744081584275288,"[[306 331]
 [360 289]]",[1. 0. 0. ... 1. 1. 0.],[0. 1. 1. ... 1. 0. 0.]
563,AdaBoost,"{'algorithm': 'SAMME.R', 'learning_rate': 1.9775510204081632, 'n_estimators': 30}",0.38964161814454257,0.08021094875973876,-0.05592868136008282,0.13216330983560337,0.46418600823159173,0.06856469574477336,0.4625147554210949,-0.07429150335963164,0.46267496111975115,0.4628386141703333,"{0: 0.47440815842752887, 1: 0.4744081584275288}","{0: 0.47440815842752887, 1: 0.4744081584275288}",0.4744081584275288,"[[306 331]
 [360 289]]",[1. 0. 0. ... 1. 1. 0.],[0. 1. 1. ... 1. 0. 0.]
826,AdaBoost,"{'algorithm': 'SAMME.R', 'learning_rate': 1.9775510204081632, 'n_estimators': 30}",0.38964161814454257,0.08021094875973876,-0.05592868136008282,0.13216330983560337,0.46418600823159173,0.06856469574477336,0.4625147554210949,-0.07429150335963164,0.46267496111975115,0.4628386141703333,"{0: 0.47440815842752887, 1: 0.4744081584275288}","{0: 0.47440815842752887, 1: 0.4744081584275288}",0.4744081584275288,"[[306 331]
 [360 289]]",[1. 0. 0. ... 1. 1. 0.],[0. 1. 1. ... 1. 0. 0.]
147,AdaBoost,"{'algorithm': 'SAMME', 'learning_rate': 3.3653061224489793, 'n_estimators': 74}",0.42582001641738004,0.06640978292918315,-0.05593117681706143,0.13714944213739097,0.47661510155407866,0.07039091230091944,0.4172997447060519,-0.09237065896060526,0.45645412130637636,0.4540338596028669,"{0: 0.47897502013724785, 1: 0.4789750201372477}","{0: 0.47897502013724785, 1: 0.4789750201372477}",0.4789750201372477,"[[124 513]
 [186 463]]",[0. 1. 1. ... 1. 1. 0.],[0. 1. 1. ... 1. 0. 0.]
422,AdaBoost,"{'algorithm': 'SAMME', 'learning_rate': 2.793877551020408, 'n_estimators': 74}",0.42543328236982025,0.06732514474335652,-0.05691502351808781,0.13913995644412785,0.4760916797022987,0.07159222462133494,0.41621278420524743,-0.0939493735493202,0.4556765163297045,0.4532489302465089,"{0: 0.4724960269754459, 1: 0.4724960269754458}","{0: 0.4724960269754459, 1: 0.4724960269754458}",0.4724960269754458,"[[123 514]
 [186 463]]",[0. 1. 1. ... 1. 1. 0.],[0. 1. 1. ... 1. 0. 0.]
332,AdaBoost,"{'algorithm': 'SAMME', 'learning_rate': 2.793877551020408, 'n_estimators': 74}",0.42543328236982025,0.06732514474335652,-0.05691502351808781,0.13913995644412785,0.4760916797022987,0.07159222462133494,0.41621278420524743,-0.0939493735493202,0.4556765163297045,0.4532489302465089,"{0: 0.4724960269754459, 1: 0.4724960269754458}","{0: 0.4724960269754459, 1: 0.4724960269754458}",0.4724960269754458,"[[123 514]
 [186 463]]",[0. 1. 1. ... 1. 1. 0.],[0. 1. 1. ... 1. 0. 0.]
80,SVC,"{'C': 1000, 'gamma': 0.01, 'kernel': 'sigmoid'}",0.4466033909785837,0.09067922702827416,-0.05717303635928992,0.1722392452228316,0.4678862142931047,0.08621231560254584,0.4723070085363595,-0.051915413929009,0.4735614307931571,0.4740162984715043,"{0: 0.46366708352180513, 1: 0.463667083521805}","{0: 0.46366708352180513, 1: 0.463667083521805}",0.463667083521805,"[[333 304]
 [373 276]]",[1. 0. 0. ... 1. 1. 1.],[0. 1. 1. ... 1. 0. 0.]
408,AdaBoost,"{'algorithm': 'SAMME', 'learning_rate': 3.5285714285714285, 'n_estimators': 74}",0.42584180506949415,0.0677959553863688,-0.05768909051267581,0.13803813741912171,0.4757221305522617,0.07153196626140787,0.4172202688598602,-0.09388556610583043,0.4556765163297045,0.4532779569099181,"{0: 0.4298570678715957, 1: 0.4298570678715956}","{0: 0.4298570678715957, 1: 0.4298570678715956}",0.4298570678715956,"[[125 512]
 [188 461]]",[0. 1. 1. ... 1. 1. 0.],[0. 1. 1. ... 1. 0. 0.]
204,AdaBoost,"{'algorithm': 'SAMME', 'learning_rate': 3.5285714285714285, 'n_estimators': 74}",0.42584180506949415,0.0677959553863688,-0.05768909051267581,0.13803813741912171,0.4757221305522617,0.07153196626140787,0.4172202688598602,-0.09388556610583043,0.4556765163297045,0.4532779569099181,"{0: 0.4298570678715957, 1: 0.4298570678715956}","{0: 0.4298570678715957, 1: 0.4298570678715956}",0.4298570678715956,"[[125 512]
 [188 461]]",[0. 1. 1. ... 1. 1. 0.],[0. 1. 1. ... 1. 0. 0.]
137,AdaBoost,"{'algorithm': 'SAMME', 'learning_rate': 2.630612244897959, 'n_estimators': 30}",0.41637308518712723,0.06913214002065696,-0.05870304304242233,0.1338753906644033,0.47503520682917577,0.06893448877633478,0.4120441209967349,-0.08207828212205603,0.4618973561430793,0.4591800451364616,"{0: 0.44354918689059125, 1: 0.44354918689059125}","{0: 0.44354918689059125, 1: 0.44354918689059125}",0.44354918689059125,"[[107 530]
 [162 487]]",[0. 1. 1. ... 1. 1. 0.],[0. 1. 1. ... 1. 0. 0.]
341,AdaBoost,"{'algorithm': 'SAMME', 'learning_rate': 2.630612244897959, 'n_estimators': 30}",0.41637308518712723,0.06913214002065696,-0.05870304304242233,0.1338753906644033,0.47503520682917577,0.06893448877633478,0.4120441209967349,-0.08207828212205603,0.4618973561430793,0.4591800451364616,"{0: 0.44354918689059125, 1: 0.44354918689059125}","{0: 0.44354918689059125, 1: 0.44354918689059125}",0.44354918689059125,"[[107 530]
 [162 487]]",[0. 1. 1. ... 1. 1. 0.],[0. 1. 1. ... 1. 0. 0.]
98,AdaBoost,"{'algorithm': 'SAMME', 'learning_rate': 3.5285714285714285, 'n_estimators': 30}",0.4252605006724395,0.0675357901543523,-0.059127420514896556,0.13789466071211243,0.474994857824989,0.07146625978700605,0.41663751223677714,-0.09543228628713774,0.4548989113530327,0.4525075408852649,"{0: 0.4267778226615999, 1: 0.42677782266159986}","{0: 0.4267778226615999, 1: 0.42677782266159986}",0.42677782266159986,"[[125 512]
 [189 460]]",[0. 1. 1. ... 1. 1. 0.],[0. 1. 1. ... 1. 0. 0.]
229,AdaBoost,"{'algorithm': 'SAMME', 'learning_rate': 2.793877551020408, 'n_estimators': 52}",0.42516388070680156,0.06870171893783258,-0.05919885950046184,0.14126991669274452,0.4750184743007351,0.07269381168361316,0.41505196575454256,-0.09704294737967767,0.45412130637636083,0.45170809819720226,"{0: 0.47775469082975136, 1: 0.47775469082975136}","{0: 0.47775469082975136, 1: 0.47775469082975136}",0.47775469082975136,"[[123 514]
 [188 461]]",[0. 1. 1. ... 1. 1. 0.],[0. 1. 1. ... 1. 0. 0.]
701,AdaBoost,"{'algorithm': 'SAMME.R', 'learning_rate': 3.2836734693877547, 'n_estimators': 30}",0.40791995933286834,0.07529406295109538,-0.059355427198789765,0.13654804463264963,0.4746364075714836,0.07182079338549209,0.45197775624709274,-0.08752510946393555,0.4572317262830482,0.4563136621248001,"{0: 0.4283513097072419, 1: 0.42835130970724183}","{0: 0.4283513097072419, 1: 0.42835130970724183}",0.42835130970724183,"[[228 409]
 [289 360]]",[0. 1. 1. ... 1. 1. 0.],[0. 1. 1. ... 1. 0. 0.]
615,AdaBoost,"{'algorithm': 'SAMME.R', 'learning_rate': 3.2836734693877547, 'n_estimators': 30}",0.40791995933286834,0.07529406295109538,-0.059355427198789765,0.13654804463264963,0.4746364075714836,0.07182079338549209,0.45197775624709274,-0.08752510946393555,0.4572317262830482,0.4563136621248001,"{0: 0.4283513097072419, 1: 0.42835130970724183}","{0: 0.4283513097072419, 1: 0.42835130970724183}",0.42835130970724183,"[[228 409]
 [289 360]]",[0. 1. 1. ... 1. 1. 0.],[0. 1. 1. ... 1. 0. 0.]
877,AdaBoost,"{'algorithm': 'SAMME.R', 'learning_rate': 3.2836734693877547, 'n_estimators': 30}",0.40791995933286834,0.07529406295109538,-0.059355427198789765,0.13654804463264963,0.4746364075714836,0.07182079338549209,0.45197775624709274,-0.08752510946393555,0.4572317262830482,0.4563136621248001,"{0: 0.4283513097072419, 1: 0.42835130970724183}","{0: 0.4283513097072419, 1: 0.42835130970724183}",0.42835130970724183,"[[228 409]
 [289 360]]",[0. 1. 1. ... 1. 1. 0.],[0. 1. 1. ... 1. 0. 0.]
799,AdaBoost,"{'algorithm': 'SAMME.R', 'learning_rate': 3.2836734693877547, 'n_estimators': 30}",0.40791995933286834,0.07529406295109538,-0.059355427198789765,0.13654804463264963,0.4746364075714836,0.07182079338549209,0.45197775624709274,-0.08752510946393555,0.4572317262830482,0.4563136621248001,"{0: 0.4283513097072419, 1: 0.42835130970724183}","{0: 0.4283513097072419, 1: 0.42835130970724183}",0.42835130970724183,"[[228 409]
 [289 360]]",[0. 1. 1. ... 1. 1. 0.],[0. 1. 1. ... 1. 0. 0.]
969,AdaBoost,"{'algorithm': 'SAMME.R', 'learning_rate': 3.2836734693877547, 'n_estimators': 30}",0.40791995933286834,0.07529406295109538,-0.059355427198789765,0.13654804463264963,0.4746364075714836,0.07182079338549209,0.45197775624709274,-0.08752510946393555,0.4572317262830482,0.4563136621248001,"{0: 0.4283513097072419, 1: 0.42835130970724183}","{0: 0.4283513097072419, 1: 0.42835130970724183}",0.42835130970724183,"[[228 409]
 [289 360]]",[0. 1. 1. ... 1. 1. 0.],[0. 1. 1. ... 1. 0. 0.]
413,AdaBoost,"{'algorithm': 'SAMME', 'learning_rate': 3.610204081632653, 'n_estimators': 30}",0.426264632084934,0.06705143807128816,-0.05990475828712098,0.1378213521196416,0.4747204675810866,0.07109547217521983,0.41713416553961663,-0.09540034071550241,0.4548989113530327,0.45252205421696945,"{0: 0.42729667427003987, 1: 0.42729667427003987}","{0: 0.42729667427003987, 1: 0.42729667427003987}",0.42729667427003987,"[[126 511]
 [190 459]]",[0. 1. 1. ... 1. 1. 0.],[0. 1. 1. ... 1. 0. 0.]
409,AdaBoost,"{'algorithm': 'SAMME', 'learning_rate': 2.957142857142857, 'n_estimators': 74}",0.42451346969358844,0.06705185944316842,-0.060241596264234296,0.1387503549383952,0.4745422838245446,0.07138608041848973,0.41505196575454256,-0.09704294737967767,0.45412130637636083,0.45170809819720226,"{0: 0.4280235502995794, 1: 0.4280235502995794}","{0: 0.4280235502995794, 1: 0.4280235502995794}",0.4280235502995794,"[[123 514]
 [188 461]]",[0. 1. 1. ... 1. 1. 0.],[0. 1. 1. ... 1. 0. 0.]
184,AdaBoost,"{'algorithm': 'SAMME', 'learning_rate': 2.8755102040816327, 'n_estimators': 74}",0.42499754957177893,0.06863979071623647,-0.06058236084224644,0.14112725922680858,0.47429120157346233,0.07262210991021288,0.41497313994643986,-0.0985576280454461,0.45334370139968894,0.4509521955042536,"{0: 0.43344307024694434, 1: 0.4334430702469444}","{0: 0.43344307024694434, 1: 0.4334430702469444}",0.4334430702469444,"[[124 513]
 [190 459]]",[0. 1. 1. ... 1. 1. 0.],[0. 1. 1. ... 1. 0. 0.]
275,AdaBoost,"{'algorithm': 'SAMME', 'learning_rate': 2.8755102040816327, 'n_estimators': 74}",0.42499754957177893,0.06863979071623647,-0.06058236084224644,0.14112725922680858,0.47429120157346233,0.07262210991021288,0.41497313994643986,-0.0985576280454461,0.45334370139968894,0.4509521955042536,"{0: 0.43344307024694434, 1: 0.4334430702469444}","{0: 0.43344307024694434, 1: 0.4334430702469444}",0.4334430702469444,"[[124 513]
 [190 459]]",[0. 1. 1. ... 1. 1. 0.],[0. 1. 1. ... 1. 0. 0.]
482,AdaBoost,"{'algorithm': 'SAMME', 'learning_rate': 2.8755102040816327, 'n_estimators': 74}",0.42499754957177893,0.06863979071623647,-0.06058236084224644,0.14112725922680858,0.47429120157346233,0.07262210991021288,0.41497313994643986,-0.0985576280454461,0.45334370139968894,0.4509521955042536,"{0: 0.43344307024694434, 1: 0.4334430702469444}","{0: 0.43344307024694434, 1: 0.4334430702469444}",0.4334430702469444,"[[124 513]
 [190 459]]",[0. 1. 1. ... 1. 1. 0.],[0. 1. 1. ... 1. 0. 0.]
192,AdaBoost,"{'algorithm': 'SAMME', 'learning_rate': 3.691836734693877, 'n_estimators': 96}",0.42751046299569784,0.07835330536818853,-0.06238836850543853,0.14714345395130704,0.47501783539249925,0.07652884621676326,0.46101384089712005,-0.07746340944426855,0.46111975116640747,0.4612542421259128,"{0: 0.4457261866462835, 1: 0.4457261866462835}","{0: 0.4457261866462835, 1: 0.4457261866462835}",0.4457261866462835,"[[303 334]
 [359 290]]",[1. 0. 0. ... 1. 1. 0.],[0. 1. 1. ... 1. 0. 0.]
437,AdaBoost,"{'algorithm': 'SAMME', 'learning_rate': 3.7734693877551018, 'n_estimators': 52}",0.4252449880378608,0.06973426599625983,-0.06261407382404828,0.14562730052330725,0.4732659221265411,0.07474740441113728,0.4159653931027599,-0.09849355648494895,0.45334370139968894,0.45098122216766284,"{0: 0.4239876346413877, 1: 0.42398763464138767}","{0: 0.4239876346413877, 1: 0.42398763464138767}",0.42398763464138767,"[[126 511]
 [192 457]]",[0. 1. 1. ... 1. 1. 0.],[0. 1. 1. ... 1. 0. 0.]
69,AdaBoost,"{'algorithm': 'SAMME', 'learning_rate': 3.691836734693877, 'n_estimators': 74}",0.4252449880378608,0.06973426599625983,-0.06261407382404828,0.14562730052330725,0.4732659221265411,0.07474740441113728,0.4159653931027599,-0.09849355648494895,0.45334370139968894,0.45098122216766284,"{0: 0.42704994763106147, 1: 0.4270499476310614}","{0: 0.42704994763106147, 1: 0.4270499476310614}",0.4270499476310614,"[[126 511]
 [192 457]]",[0. 1. 1. ... 1. 1. 0.],[0. 1. 1. ... 1. 0. 0.]
201,AdaBoost,"{'algorithm': 'SAMME', 'learning_rate': 2.957142857142857, 'n_estimators': 30}",0.4235891343538399,0.06690217460876308,-0.06263230721883599,0.13888994709634692,0.4733388206210814,0.07148927187813045,0.41389009896763085,-0.10013634076929234,0.4525660964230171,0.4501672661478957,"{0: 0.42474111844571893, 1: 0.42474111844571893}","{0: 0.42474111844571893, 1: 0.42474111844571893}",0.42474111844571893,"[[123 514]
 [190 459]]",[0. 1. 1. ... 1. 1. 0.],[0. 1. 1. ... 1. 0. 0.]
316,AdaBoost,"{'algorithm': 'SAMME', 'learning_rate': 2.957142857142857, 'n_estimators': 30}",0.4235891343538399,0.06690217460876308,-0.06263230721883599,0.13888994709634692,0.4733388206210814,0.07148927187813045,0.41389009896763085,-0.10013634076929234,0.4525660964230171,0.4501672661478957,"{0: 0.42474111844571893, 1: 0.42474111844571893}","{0: 0.42474111844571893, 1: 0.42474111844571893}",0.42474111844571893,"[[123 514]
 [190 459]]",[0. 1. 1. ... 1. 1. 0.],[0. 1. 1. ... 1. 0. 0.]
462,AdaBoost,"{'algorithm': 'SAMME', 'learning_rate': 3.936734693877551, 'n_estimators': 52}",0.42088153722503063,0.07112528652952543,-0.06307492368557036,0.141861421305819,0.46973725936192323,0.07174981105266515,0.4380521254810042,-0.09963055770504292,0.45178849144634525,0.4503257033523377,"{0: 0.4256361072341702, 1: 0.42563610723417017}","{0: 0.4256361072341702, 1: 0.42563610723417017}",0.42563610723417017,"[[187 450]
 [255 394]]",[0. 1. 1. ... 1. 1. 0.],[0. 1. 1. ... 1. 0. 0.]
476,AdaBoost,"{'algorithm': 'SAMME', 'learning_rate': 3.691836734693877, 'n_estimators': 30}",0.42466368364080614,0.06947636558089282,-0.06405240382626902,0.14544261145193849,0.47253864939926843,0.07466060467289092,0.4153806070170191,-0.10004009671814429,0.4525660964230171,0.4502108061430095,"{0: 0.4233708180439415, 1: 0.4233708180439415}","{0: 0.4233708180439415, 1: 0.4233708180439415}",0.4233708180439415,"[[126 511]
 [193 456]]",[0. 1. 1. ... 1. 1. 0.],[0. 1. 1. ... 1. 0. 0.]
248,AdaBoost,"{'algorithm': 'SAMME', 'learning_rate': 4.1, 'n_estimators': 30}",0.42437437574593057,0.07062514515804552,-0.06485409644778248,0.1476242146785401,0.4721927167249775,0.07576313655383744,0.41430384372325135,-0.10161871596285765,0.45178849144634525,0.4494258767866516,"{0: 0.4644532223224717, 1: 0.4644532223224717}","{0: 0.4644532223224717, 1: 0.4644532223224717}",0.4644532223224717,"[[125 512]
 [193 456]]",[0. 1. 1. ... 1. 1. 0.],[0. 1. 1. ... 1. 0. 0.]
246,AdaBoost,"{'algorithm': 'SAMME', 'learning_rate': 3.7734693877551018, 'n_estimators': 74}",0.4239914267842995,0.06867847741617271,-0.0650383162482907,0.14456088792663227,0.4720538009144199,0.07430272769296825,0.4199531089460668,-0.10123335025738323,0.45178849144634525,0.44960003676710697,"{0: 0.42451979013722363, 1: 0.4245197901372236}","{0: 0.42451979013722363, 1: 0.4245197901372236}",0.4245197901372236,"[[137 500]
 [205 444]]",[0. 1. 1. ... 1. 1. 0.],[0. 1. 1. ... 1. 0. 0.]
357,AdaBoost,"{'algorithm': 'SAMME', 'learning_rate': 3.7734693877551018, 'n_estimators': 74}",0.4239914267842995,0.06867847741617271,-0.0650383162482907,0.14456088792663227,0.4720538009144199,0.07430272769296825,0.4199531089460668,-0.10123335025738323,0.45178849144634525,0.44960003676710697,"{0: 0.42451979013722363, 1: 0.4245197901372236}","{0: 0.42451979013722363, 1: 0.4245197901372236}",0.4245197901372236,"[[137 500]
 [205 444]]",[0. 1. 1. ... 1. 1. 0.],[0. 1. 1. ... 1. 0. 0.]
582,AdaBoost,"{'algorithm': 'SAMME.R', 'learning_rate': 2.059183673469388, 'n_estimators': 30}",0.42072404791701795,0.06922982315812576,-0.0737131999564989,0.1444521096922043,0.4674688050596643,0.07378598145116769,0.4124567805173841,-0.11379455272958738,0.44556765163297046,0.4433496285796528,"{0: 0.4639779107091455, 1: 0.46397791070914557}","{0: 0.4639779107091455, 1: 0.46397791070914557}",0.46397791070914557,"[[131 506]
 [207 442]]",[0. 1. 1. ... 1. 1. 0.],[0. 1. 1. ... 1. 0. 0.]
745,AdaBoost,"{'algorithm': 'SAMME.R', 'learning_rate': 2.059183673469388, 'n_estimators': 30}",0.42072404791701795,0.06922982315812576,-0.0737131999564989,0.1444521096922043,0.4674688050596643,0.07378598145116769,0.4124567805173841,-0.11379455272958738,0.44556765163297046,0.4433496285796528,"{0: 0.4639779107091455, 1: 0.46397791070914557}","{0: 0.4639779107091455, 1: 0.46397791070914557}",0.46397791070914557,"[[131 506]
 [207 442]]",[0. 1. 1. ... 1. 1. 0.],[0. 1. 1. ... 1. 0. 0.]
921,AdaBoost,"{'algorithm': 'SAMME.R', 'learning_rate': 2.059183673469388, 'n_estimators': 30}",0.42072404791701795,0.06922982315812576,-0.0737131999564989,0.1444521096922043,0.4674688050596643,0.07378598145116769,0.4124567805173841,-0.11379455272958738,0.44556765163297046,0.4433496285796528,"{0: 0.4639779107091455, 1: 0.46397791070914557}","{0: 0.4639779107091455, 1: 0.46397791070914557}",0.46397791070914557,"[[131 506]
 [207 442]]",[0. 1. 1. ... 1. 1. 0.],[0. 1. 1. ... 1. 0. 0.]
656,AdaBoost,"{'algorithm': 'SAMME.R', 'learning_rate': 2.059183673469388, 'n_estimators': 52}",0.4264804535076185,0.07414705133480892,-0.07516260675813027,0.1499322331736791,0.4663634459151282,0.07768346995202581,0.41997331460648085,-0.11173006641492944,0.4463452566096423,0.44435225791157995,"{0: 0.4631349280259692, 1: 0.4631349280259692}","{0: 0.4631349280259692, 1: 0.4631349280259692}",0.4631349280259692,"[[147 490]
 [222 427]]",[0. 1. 1. ... 1. 1. 0.],[0. 1. 1. ... 1. 0. 0.]
562,AdaBoost,"{'algorithm': 'SAMME.R', 'learning_rate': 3.3653061224489793, 'n_estimators': 30}",0.3512196692280874,0.05258141998346232,-0.07824408953830445,0.13060859862380575,0.45756961541115404,0.06524354998513802,0.43856880184928654,-0.1015454402876137,0.447900466562986,0.4491005362676065,"{0: 0.4165882543606515, 1: 0.41658825436065144}","{0: 0.4165882543606515, 1: 0.41658825436065144}",0.41658825436065144,"[[368 269]
 [441 208]]",[0. 0. 0. ... 1. 1. 0.],[0. 1. 1. ... 1. 0. 0.]
998,AdaBoost,"{'algorithm': 'SAMME.R', 'learning_rate': 3.3653061224489793, 'n_estimators': 30}",0.3512196692280874,0.05258141998346232,-0.07824408953830445,0.13060859862380575,0.45756961541115404,0.06524354998513802,0.43856880184928654,-0.1015454402876137,0.447900466562986,0.4491005362676065,"{0: 0.4165882543606515, 1: 0.41658825436065144}","{0: 0.4165882543606515, 1: 0.41658825436065144}",0.41658825436065144,"[[368 269]
 [441 208]]",[0. 0. 0. ... 1. 1. 0.],[0. 1. 1. ... 1. 0. 0.]
909,AdaBoost,"{'algorithm': 'SAMME.R', 'learning_rate': 3.3653061224489793, 'n_estimators': 30}",0.3512196692280874,0.05258141998346232,-0.07824408953830445,0.13060859862380575,0.45756961541115404,0.06524354998513802,0.43856880184928654,-0.1015454402876137,0.447900466562986,0.4491005362676065,"{0: 0.4165882543606515, 1: 0.41658825436065144}","{0: 0.4165882543606515, 1: 0.41658825436065144}",0.41658825436065144,"[[368 269]
 [441 208]]",[0. 0. 0. ... 1. 1. 0.],[0. 1. 1. ... 1. 0. 0.]
217,AdaBoost,"{'algorithm': 'SAMME', 'learning_rate': 3.8551020408163263, 'n_estimators': 74}",0.41602007693294163,0.07207073656783057,-0.078507635503813,0.14096962820471748,0.463883186058524,0.07305299906208709,0.4552407691436681,-0.0861302756062492,0.45645412130637636,0.456892985948676,"{0: 0.4569268503893201, 1: 0.4569268503893202}","{0: 0.4569268503893201, 1: 0.4569268503893202}",0.4569268503893202,"[[321 316]
 [383 266]]",[1. 0. 0. ... 1. 1. 0.],[0. 1. 1. ... 1. 0. 0.]
320,AdaBoost,"{'algorithm': 'SAMME', 'learning_rate': 3.8551020408163263, 'n_estimators': 74}",0.41602007693294163,0.07207073656783057,-0.078507635503813,0.14096962820471748,0.463883186058524,0.07305299906208709,0.4552407691436681,-0.0861302756062492,0.45645412130637636,0.456892985948676,"{0: 0.4569268503893201, 1: 0.4569268503893202}","{0: 0.4569268503893201, 1: 0.4569268503893202}",0.4569268503893202,"[[321 316]
 [383 266]]",[1. 0. 0. ... 1. 1. 0.],[0. 1. 1. ... 1. 0. 0.]
237,AdaBoost,"{'algorithm': 'SAMME', 'learning_rate': 2.7122448979591836, 'n_estimators': 74}",0.40955075078761205,0.06192036729537139,-0.08057942781461488,0.12409730365710038,0.4604646276289408,0.06335367092822124,0.44968570740096525,-0.10018804316522378,0.45023328149300157,0.44993142450769574,"{0: 0.4287117241112398, 1: 0.42871172411123987}","{0: 0.4287117241112398, 1: 0.42871172411123987}",0.42871172411123987,"[[266 371]
 [336 313]]",[1. 0. 0. ... 1. 1. 0.],[0. 1. 1. ... 1. 0. 0.]
349,AdaBoost,"{'algorithm': 'SAMME', 'learning_rate': 2.7122448979591836, 'n_estimators': 74}",0.40955075078761205,0.06192036729537139,-0.08057942781461488,0.12409730365710038,0.4604646276289408,0.06335367092822124,0.44968570740096525,-0.10018804316522378,0.45023328149300157,0.44993142450769574,"{0: 0.4287117241112398, 1: 0.42871172411123987}","{0: 0.4287117241112398, 1: 0.42871172411123987}",0.42871172411123987,"[[266 371]
 [336 313]]",[1. 0. 0. ... 1. 1. 0.],[0. 1. 1. ... 1. 0. 0.]
139,AdaBoost,"{'algorithm': 'SAMME', 'learning_rate': 2.7122448979591836, 'n_estimators': 74}",0.40955075078761205,0.06192036729537139,-0.08057942781461488,0.12409730365710038,0.4604646276289408,0.06335367092822124,0.44968570740096525,-0.10018804316522378,0.45023328149300157,0.44993142450769574,"{0: 0.4287117241112398, 1: 0.42871172411123987}","{0: 0.4287117241112398, 1: 0.42871172411123987}",0.42871172411123987,"[[266 371]
 [336 313]]",[1. 0. 0. ... 1. 1. 0.],[0. 1. 1. ... 1. 0. 0.]
670,AdaBoost,"{'algorithm': 'SAMME.R', 'learning_rate': 2.1408163265306124, 'n_estimators': 30}",0.4204682968446564,0.07237613829156164,-0.0810249838619128,0.15222390527090338,0.4643112725920354,0.07845421508187743,0.41112991082941924,-0.11839941309222168,0.4432348367029549,0.4410528938373975,"{0: 0.459088127368999, 1: 0.459088127368999}","{0: 0.459088127368999, 1: 0.459088127368999}",0.459088127368999,"[[132 505]
 [211 438]]",[0. 1. 1. ... 1. 1. 0.],[0. 1. 1. ... 1. 0. 0.]
586,AdaBoost,"{'algorithm': 'SAMME.R', 'learning_rate': 2.1408163265306124, 'n_estimators': 30}",0.4204682968446564,0.07237613829156164,-0.0810249838619128,0.15222390527090338,0.4643112725920354,0.07845421508187743,0.41112991082941924,-0.11839941309222168,0.4432348367029549,0.4410528938373975,"{0: 0.459088127368999, 1: 0.459088127368999}","{0: 0.459088127368999, 1: 0.459088127368999}",0.459088127368999,"[[132 505]
 [211 438]]",[0. 1. 1. ... 1. 1. 0.],[0. 1. 1. ... 1. 0. 0.]
938,AdaBoost,"{'algorithm': 'SAMME.R', 'learning_rate': 2.1408163265306124, 'n_estimators': 30}",0.4204682968446564,0.07237613829156164,-0.0810249838619128,0.15222390527090338,0.4643112725920354,0.07845421508187743,0.41112991082941924,-0.11839941309222168,0.4432348367029549,0.4410528938373975,"{0: 0.459088127368999, 1: 0.459088127368999}","{0: 0.459088127368999, 1: 0.459088127368999}",0.459088127368999,"[[132 505]
 [211 438]]",[0. 1. 1. ... 1. 1. 0.],[0. 1. 1. ... 1. 0. 0.]
