trial_id,model_name,params,avg_f1,std_f1,avg_kappa,std_kappa,avg_accuracy,std_accuracy,f1_overall,kappa_overall,accuracy_overall,balanced_accuracy,roc_auc_overall,weighted_roc,roc_avg,confusion_matrix,y_pred,y_actual
359,SVC,"{'C': 10, 'gamma': 0.01, 'kernel': 'rbf'}",0.5874902686162805,0.10802782776790187,0.2007548890047771,0.19989280562086023,0.5996402418104393,0.10137549338678387,0.5976589150783008,0.1977906866012762,0.5987654320987654,0.5989283162657775,"{0: 0.6134150988330554, 1: 0.6134150988330554}","{0: 0.6134150988330554, 1: 0.6134150988330554}",0.6134150988330554,"[[421 225]
 [295 355]]",[1. 1. 0. ... 0. 0. 0.],[1. 1. 1. ... 0. 1. 0.]
317,SVC,"{'C': 10, 'gamma': 0.01, 'kernel': 'rbf'}",0.5877237763766909,0.1062244982697829,0.200605831762022,0.1960328386655177,0.5995473677822061,0.09956584794289464,0.5970427207514952,0.1962288407970859,0.5979938271604939,0.5981447963800905,"{0: 0.6135770421528935, 1: 0.6135770421528935}","{0: 0.6135770421528935, 1: 0.6135770421528935}",0.6135770421528935,"[[418 228]
 [293 357]]",[1. 1. 0. ... 0. 0. 0.],[1. 1. 1. ... 0. 1. 0.]
259,SVC,"{'C': 10, 'gamma': 0.01, 'kernel': 'rbf'}",0.5872590689326443,0.10608636512152873,0.1997136033144963,0.19585315067939954,0.5990928223276606,0.09947450928610775,0.5962993988919756,0.1946822592779529,0.5972222222222222,0.597370802572041,"{0: 0.6152905453679447, 1: 0.6152905453679447}","{0: 0.6152905453679447, 1: 0.6152905453679447}",0.6152905453679447,"[[417 229]
 [293 357]]",[1. 1. 0. ... 0. 0. 0.],[1. 1. 1. ... 0. 1. 0.]
143,SVC,"{'C': 10, 'gamma': 0.01, 'kernel': 'rbf'}",0.5868091232163186,0.10724034431552096,0.19956908159596268,0.198131198539831,0.599046869675716,0.10054844997815414,0.5962386954258164,0.19468992838640875,0.5972222222222222,0.5973755656108597,"{0: 0.6134984520123838, 1: 0.613498452012384}","{0: 0.6134984520123838, 1: 0.613498452012384}",0.613498452012384,"[[418 228]
 [294 356]]",[1. 1. 0. ... 0. 0. 0.],[1. 1. 1. ... 0. 1. 0.]
232,SVC,"{'C': 10, 'gamma': 0.01, 'kernel': 'rbf'}",0.586967057609508,0.10731745539332464,0.19956161444862025,0.1983291406142701,0.5990440133981189,0.10061938015282552,0.5961760461760462,0.19469759734879866,0.5972222222222222,0.5973803286496785,"{0: 0.6142557751845679, 1: 0.6142557751845678}","{0: 0.6142557751845679, 1: 0.6142557751845678}",0.6142557751845678,"[[419 227]
 [295 355]]",[1. 1. 0. ... 0. 0. 0.],[1. 1. 1. ... 0. 1. 0.]
813,SVC,"{'C': 10, 'gamma': 0.01, 'kernel': 'rbf'}",0.5870590322365404,0.10606094020031769,0.1993868663442952,0.195593898742132,0.5989380328018516,0.09936938122764112,0.5954958597946871,0.19314334690379265,0.5964506172839507,0.5966015718028101,"{0: 0.6138568706834961, 1: 0.613856870683496}","{0: 0.6138568706834961, 1: 0.613856870683496}",0.613856870683496,"[[417 229]
 [294 356]]",[1. 1. 0. ... 0. 0. 0.],[1. 1. 1. ... 0. 1. 0.]
571,SVC,"{'C': 10, 'gamma': 0.01, 'kernel': 'rbf'}",0.5870590322365404,0.10606094020031769,0.1993868663442952,0.195593898742132,0.5989380328018516,0.09936938122764112,0.5954958597946871,0.19314334690379265,0.5964506172839507,0.5966015718028101,"{0: 0.6140485829959514, 1: 0.6140485829959514}","{0: 0.6140485829959514, 1: 0.6140485829959514}",0.6140485829959514,"[[417 229]
 [294 356]]",[1. 1. 0. ... 0. 0. 0.],[1. 1. 1. ... 0. 1. 0.]
80,SVC,"{'C': 10, 'gamma': 0.01, 'kernel': 'rbf'}",0.586971093670236,0.10677396004179887,0.19935677529567963,0.19688703891329815,0.5989212449815875,0.09994713418277665,0.5961760461760462,0.19469759734879866,0.5972222222222222,0.5973803286496785,"{0: 0.6121600381043106, 1: 0.6121600381043105}","{0: 0.6121600381043106, 1: 0.6121600381043105}",0.6121600381043105,"[[419 227]
 [295 355]]",[1. 1. 0. ... 0. 0. 0.],[1. 1. 1. ... 0. 1. 0.]
474,SVC,"{'C': 10, 'gamma': 0.01, 'kernel': 'rbf'}",0.5870231899476139,0.10709998066005609,0.19933643654012193,0.19757836054053735,0.5989160203211904,0.10028288301867057,0.5961114493670635,0.19470526616512718,0.5972222222222222,0.5973850916884973,"{0: 0.6129757085020243, 1: 0.6129757085020243}","{0: 0.6129757085020243, 1: 0.6129757085020243}",0.6129757085020243,"[[420 226]
 [296 354]]",[1. 1. 0. ... 0. 0. 0.],[1. 1. 1. ... 0. 1. 0.]
407,SVC,"{'C': 10, 'gamma': 0.01, 'kernel': 'rbf'}",0.5869071069028298,0.10715955196508113,0.19931687983664034,0.19759040328375163,0.5989160203211904,0.10028288301867057,0.5961760461760462,0.19469759734879866,0.5972222222222222,0.5973803286496785,"{0: 0.6139866634913074, 1: 0.6139866634913074}","{0: 0.6139866634913074, 1: 0.6139866634913074}",0.6139866634913074,"[[419 227]
 [295 355]]",[1. 1. 0. ... 0. 0. 0.],[1. 1. 1. ... 0. 1. 0.]
593,SVC,"{'C': 10, 'gamma': 0.01, 'kernel': 'rbf'}",0.5869071069028298,0.10715955196508113,0.19931687983664034,0.19759040328375163,0.5989160203211904,0.10028288301867057,0.5961760461760462,0.19469759734879866,0.5972222222222222,0.5973803286496785,"{0: 0.6131852822100501, 1: 0.61318528221005}","{0: 0.6131852822100501, 1: 0.61318528221005}",0.61318528221005,"[[419 227]
 [295 355]]",[1. 1. 0. ... 0. 0. 0.],[1. 1. 1. ... 0. 1. 0.]
177,SVC,"{'C': 10, 'gamma': 0.01, 'kernel': 'rbf'}",0.5869071069028298,0.10715955196508113,0.19931687983664034,0.19759040328375163,0.5989160203211904,0.10028288301867057,0.5961760461760462,0.19469759734879866,0.5972222222222222,0.5973803286496785,"{0: 0.6136699214098595, 1: 0.6136699214098594}","{0: 0.6136699214098595, 1: 0.6136699214098594}",0.6136699214098594,"[[419 227]
 [295 355]]",[1. 1. 0. ... 0. 0. 0.],[1. 1. 1. ... 0. 1. 0.]
413,SVC,"{'C': 10, 'gamma': 0.01, 'kernel': 'rbf'}",0.5869071069028298,0.10715955196508113,0.19931687983664034,0.19759040328375163,0.5989160203211904,0.10028288301867057,0.5961760461760462,0.19469759734879866,0.5972222222222222,0.5973803286496785,"{0: 0.6150845439390331, 1: 0.6150845439390331}","{0: 0.6150845439390331, 1: 0.6150845439390331}",0.6150845439390331,"[[419 227]
 [295 355]]",[1. 1. 0. ... 0. 0. 0.],[1. 1. 1. ... 0. 1. 0.]
796,SVC,"{'C': 10, 'gamma': 0.01, 'kernel': 'rbf'}",0.5869071069028298,0.10715955196508113,0.19931687983664034,0.19759040328375163,0.5989160203211904,0.10028288301867057,0.5961760461760462,0.19469759734879866,0.5972222222222222,0.5973803286496785,"{0: 0.614374851155037, 1: 0.6143748511550369}","{0: 0.614374851155037, 1: 0.6143748511550369}",0.6143748511550369,"[[419 227]
 [295 355]]",[1. 1. 0. ... 0. 0. 0.],[1. 1. 1. ... 0. 1. 0.]
308,SVC,"{'C': 10, 'gamma': 0.01, 'kernel': 'rbf'}",0.5872149367158612,0.10653227980263416,0.19928396441504284,0.19707254474957606,0.5988968547376851,0.10009622601801944,0.5962386954258164,0.19468992838640875,0.5972222222222222,0.5973755656108597,"{0: 0.6147201714693974, 1: 0.6147201714693975}","{0: 0.6147201714693974, 1: 0.6147201714693975}",0.6147201714693975,"[[418 228]
 [294 356]]",[1. 1. 0. ... 0. 0. 0.],[1. 1. 1. ... 0. 1. 0.]
206,SVC,"{'C': 10, 'gamma': 0.01, 'kernel': 'rbf'}",0.5865849268742872,0.10745614399736134,0.19923816531699556,0.19864350741636908,0.5988586347069931,0.10075802769898354,0.5954340655015977,0.1931510306308536,0.5964506172839507,0.596606334841629,"{0: 0.6143212669683258, 1: 0.6143212669683258}","{0: 0.6143212669683258, 1: 0.6143212669683258}",0.6143212669683258,"[[418 228]
 [295 355]]",[1. 1. 0. ... 0. 0. 0.],[1. 1. 1. ... 0. 1. 0.]
951,SVC,"{'C': 10, 'gamma': 0.01, 'kernel': 'rbf'}",0.5867882577259151,0.10624377176844456,0.19918300716615364,0.19561475298179676,0.598821700007358,0.0993587524065248,0.5954958597946871,0.19314334690379265,0.5964506172839507,0.5966015718028101,"{0: 0.6135865682305311, 1: 0.613586568230531}","{0: 0.6135865682305311, 1: 0.613586568230531}",0.613586568230531,"[[417 229]
 [294 356]]",[1. 1. 0. ... 0. 0. 0.],[1. 1. 1. ... 0. 1. 0.]
725,SVC,"{'C': 10, 'gamma': 0.01, 'kernel': 'rbf'}",0.5869976522372935,0.1061111852186867,0.19909314103865494,0.19583464773203602,0.5987474294503288,0.09949007769795043,0.5955557054447757,0.19313566303038376,0.5964506172839507,0.5965968087639915,"{0: 0.6129518933079303, 1: 0.6129518933079304}","{0: 0.6129518933079303, 1: 0.6129518933079304}",0.6129518933079304,"[[416 230]
 [293 357]]",[1. 1. 0. ... 0. 0. 0.],[1. 1. 1. ... 0. 1. 0.]
147,SVC,"{'C': 10, 'gamma': 0.01, 'kernel': 'rbf'}",0.5870296740296793,0.10611897771605878,0.19906134168914932,0.19582981065297095,0.5987474294503288,0.09949007769795043,0.5954958597946871,0.19314334690379265,0.5964506172839507,0.5966015718028101,"{0: 0.6134174803524649, 1: 0.6134174803524648}","{0: 0.6134174803524649, 1: 0.6134174803524648}",0.6134174803524648,"[[417 229]
 [294 356]]",[1. 1. 0. ... 0. 0. 0.],[1. 1. 1. ... 0. 1. 0.]
872,SVC,"{'C': 10, 'gamma': 0.01, 'kernel': 'rbf'}",0.5869569893694144,0.10657825855590987,0.19902095186579996,0.19664775253901554,0.5987422047899317,0.09988027917064553,0.5954958597946871,0.19314334690379265,0.5964506172839507,0.5966015718028101,"{0: 0.6138818766372947, 1: 0.6138818766372945}","{0: 0.6138818766372947, 1: 0.6138818766372945}",0.6138818766372945,"[[417 229]
 [294 356]]",[1. 1. 0. ... 0. 0. 0.],[1. 1. 1. ... 0. 1. 0.]
798,SVC,"{'C': 10, 'gamma': 0.01, 'kernel': 'rbf'}",0.5869569893694144,0.10657825855590987,0.19902095186579996,0.19664775253901554,0.5987422047899317,0.09988027917064553,0.5954958597946871,0.19314334690379265,0.5964506172839507,0.5966015718028101,"{0: 0.6139842819718981, 1: 0.613984281971898}","{0: 0.6139842819718981, 1: 0.613984281971898}",0.613984281971898,"[[417 229]
 [294 356]]",[1. 1. 0. ... 0. 0. 0.],[1. 1. 1. ... 0. 1. 0.]
302,SVC,"{'C': 10, 'gamma': 0.01, 'kernel': 'rbf'}",0.5865799085857276,0.10856286490839744,0.1989328908634061,0.20118095888079582,0.598767725616084,0.10198900798024126,0.5961760461760462,0.19469759734879866,0.5972222222222222,0.5973803286496785,"{0: 0.6131614670159562, 1: 0.6131614670159562}","{0: 0.6131614670159562, 1: 0.6131614670159562}",0.6131614670159562,"[[419 227]
 [295 355]]",[1. 1. 0. ... 0. 0. 0.],[1. 1. 1. ... 0. 1. 0.]
638,SVC,"{'C': 10, 'gamma': 0.01, 'kernel': 'rbf'}",0.5865047769073224,0.10706095081479963,0.19871824059746207,0.1981188509224389,0.5986393482567002,0.10054523281683872,0.5954958597946871,0.19314334690379265,0.5964506172839507,0.5966015718028101,"{0: 0.6148321028816385, 1: 0.6148321028816385}","{0: 0.6148321028816385, 1: 0.6148321028816385}",0.6148321028816385,"[[417 229]
 [294 356]]",[1. 1. 0. ... 0. 0. 0.],[1. 1. 1. ... 0. 1. 0.]
358,SVC,"{'C': 10, 'gamma': 0.01, 'kernel': 'rbf'}",0.5865016704046431,0.106683210791328,0.19846546667129572,0.19680365281794543,0.598466699527042,0.09990500952625278,0.5954340655015977,0.1931510306308536,0.5964506172839507,0.596606334841629,"{0: 0.6111490831150274, 1: 0.6111490831150274}","{0: 0.6111490831150274, 1: 0.6111490831150274}",0.6111490831150274,"[[418 228]
 [295 355]]",[1. 1. 0. ... 0. 0. 0.],[1. 1. 1. ... 0. 1. 0.]
405,SVC,"{'C': 10, 'gamma': 0.01, 'kernel': 'rbf'}",0.5864263469220676,0.10755116226833315,0.1984253277467881,0.19882534537797766,0.5984906769450276,0.10086746653614109,0.5961760461760462,0.19469759734879866,0.5972222222222222,0.5973803286496785,"{0: 0.6137699452250536, 1: 0.6137699452250536}","{0: 0.6137699452250536, 1: 0.6137699452250536}",0.6137699452250536,"[[419 227]
 [295 355]]",[1. 1. 0. ... 0. 0. 0.],[1. 1. 1. ... 0. 1. 0.]
628,SVC,"{'C': 10, 'gamma': 0.01, 'kernel': 'rbf'}",0.5864423994587832,0.10701907953547564,0.19842465138911464,0.19740630736243375,0.5984614748666449,0.10018933374078998,0.5954340655015977,0.1931510306308536,0.5964506172839507,0.596606334841629,"{0: 0.6148904501071684, 1: 0.6148904501071684}","{0: 0.6148904501071684, 1: 0.6148904501071684}",0.6148904501071684,"[[418 228]
 [295 355]]",[1. 1. 0. ... 0. 0. 0.],[1. 1. 1. ... 0. 1. 0.]
578,SVC,"{'C': 10, 'gamma': 0.01, 'kernel': 'rbf'}",0.5867455134502683,0.1064423998831459,0.19839265579065896,0.19698890773488179,0.5984423092831396,0.10005405332714977,0.5954958597946871,0.19314334690379265,0.5964506172839507,0.5966015718028101,"{0: 0.6144629673731841, 1: 0.6144629673731841}","{0: 0.6144629673731841, 1: 0.6144629673731841}",0.6144629673731841,"[[417 229]
 [294 356]]",[1. 1. 0. ... 0. 0. 0.],[1. 1. 1. ... 0. 1. 0.]
931,SVC,"{'C': 10, 'gamma': 0.01, 'kernel': 'rbf'}",0.5863697147985183,0.10747411678271246,0.19838426156576527,0.1982176142352682,0.5984562502062479,0.10057680753659907,0.5954340655015977,0.1931510306308536,0.5964506172839507,0.596606334841629,"{0: 0.6124958323410336, 1: 0.6124958323410336}","{0: 0.6124958323410336, 1: 0.6124958323410336}",0.6124958323410336,"[[418 228]
 [295 355]]",[1. 1. 0. ... 0. 0. 0.],[1. 1. 1. ... 0. 1. 0.]
621,SVC,"{'C': 10, 'gamma': 0.01, 'kernel': 'rbf'}",0.5863697147985183,0.10747411678271246,0.19838426156576527,0.1982176142352682,0.5984562502062479,0.10057680753659907,0.5954340655015977,0.1931510306308536,0.5964506172839507,0.596606334841629,"{0: 0.6116122886401525, 1: 0.6116122886401525}","{0: 0.6116122886401525, 1: 0.6116122886401525}",0.6116122886401525,"[[418 228]
 [295 355]]",[1. 1. 0. ... 0. 0. 0.],[1. 1. 1. ... 0. 1. 0.]
870,SVC,"{'C': 10, 'gamma': 0.01, 'kernel': 'rbf'}",0.5863697147985183,0.10747411678271246,0.19838426156576527,0.1982176142352682,0.5984562502062479,0.10057680753659907,0.5954340655015977,0.1931510306308536,0.5964506172839507,0.596606334841629,"{0: 0.6134579661824244, 1: 0.6134579661824244}","{0: 0.6134579661824244, 1: 0.6134579661824244}",0.6134579661824244,"[[418 228]
 [295 355]]",[1. 1. 0. ... 0. 0. 0.],[1. 1. 1. ... 0. 1. 0.]
319,SVC,"{'C': 10, 'gamma': 0.01, 'kernel': 'rbf'}",0.5863697147985183,0.10747411678271246,0.19838426156576527,0.1982176142352682,0.5984562502062479,0.10057680753659907,0.5954340655015977,0.1931510306308536,0.5964506172839507,0.596606334841629,"{0: 0.613915217909026, 1: 0.6139152179090259}","{0: 0.613915217909026, 1: 0.6139152179090259}",0.6139152179090259,"[[418 228]
 [295 355]]",[1. 1. 0. ... 0. 0. 0.],[1. 1. 1. ... 0. 1. 0.]
904,SVC,"{'C': 10, 'gamma': 0.01, 'kernel': 'rbf'}",0.5871030619402264,0.10490070734576779,0.19830913799007907,0.19565455233500684,0.5984506620947379,0.09919639048933418,0.5956136041455963,0.19312797901062329,0.5964506172839507,0.5965920457251727,"{0: 0.6139580852583949, 1: 0.6139580852583948}","{0: 0.6139580852583949, 1: 0.6139580852583948}",0.6139580852583948,"[[415 231]
 [292 358]]",[1. 1. 0. ... 0. 0. 0.],[1. 1. 1. ... 0. 1. 0.]
691,SVC,"{'C': 10, 'gamma': 0.01, 'kernel': 'rbf'}",0.5865695988678673,0.10621567075792193,0.19822967546399542,0.19628793153786359,0.5983560035416615,0.09970851300297227,0.5954958597946871,0.19314334690379265,0.5964506172839507,0.5966015718028101,"{0: 0.6120028578232912, 1: 0.6120028578232913}","{0: 0.6120028578232912, 1: 0.6120028578232913}",0.6120028578232913,"[[417 229]
 [294 356]]",[1. 1. 0. ... 0. 0. 0.],[1. 1. 1. ... 0. 1. 0.]
503,SVC,"{'C': 10, 'gamma': 0.01, 'kernel': 'rbf'}",0.5865602507640864,0.10602792722300998,0.19817003306476544,0.19574462895766878,0.5982928839957833,0.09944696497789958,0.5947526532938606,0.1915967506928109,0.595679012345679,0.5958275779947606,"{0: 0.61382233865206, 1: 0.6138223386520599}","{0: 0.61382233865206, 1: 0.6138223386520599}",0.6138223386520599,"[[416 230]
 [294 356]]",[1. 1. 0. ... 0. 0. 0.],[1. 1. 1. ... 0. 1. 0.]
633,SVC,"{'C': 10, 'gamma': 0.01, 'kernel': 'rbf'}",0.5869454933442875,0.10594605094519041,0.1980856903498019,0.1974392965908582,0.5983893679081284,0.10001368817188334,0.5962386954258164,0.19468992838640875,0.5972222222222222,0.5973755656108597,"{0: 0.6147035008335319, 1: 0.6147035008335318}","{0: 0.6147035008335319, 1: 0.6147035008335318}",0.6147035008335318,"[[418 228]
 [294 356]]",[1. 1. 0. ... 0. 0. 0.],[1. 1. 1. ... 0. 1. 0.]
960,SVC,"{'C': 10, 'gamma': 0.01, 'kernel': 'rbf'}",0.5865359994238772,0.10583261548390126,0.19804794582281693,0.19532338443353264,0.5982536022898348,0.09924334164969444,0.5947526532938606,0.1915967506928109,0.595679012345679,0.5958275779947606,"{0: 0.6134984520123838, 1: 0.6134984520123838}","{0: 0.6134984520123838, 1: 0.6134984520123838}",0.6134984520123838,"[[416 230]
 [294 356]]",[1. 1. 0. ... 0. 0. 0.],[1. 1. 1. ... 0. 1. 0.]
410,SVC,"{'C': 10, 'gamma': 0.01, 'kernel': 'rbf'}",0.5866238515251677,0.10700023790439514,0.19796521629258707,0.1982557437359388,0.5982703191111495,0.1006696784828634,0.5962386954258164,0.19468992838640875,0.5972222222222222,0.5973755656108597,"{0: 0.6153119790426291, 1: 0.6153119790426291}","{0: 0.6153119790426291, 1: 0.6153119790426291}",0.6153119790426291,"[[418 228]
 [294 356]]",[1. 1. 0. ... 0. 0. 0.],[1. 1. 1. ... 0. 1. 0.]
819,SVC,"{'C': 10, 'gamma': 0.01, 'kernel': 'rbf'}",0.5865552324755269,0.10714939970845158,0.19786475861117594,0.1983175302294668,0.5982019749048741,0.10069346345495565,0.5954958597946871,0.19314334690379265,0.5964506172839507,0.5966015718028101,"{0: 0.6132579185520362, 1: 0.6132579185520363}","{0: 0.6132579185520362, 1: 0.6132579185520363}",0.6132579185520363,"[[417 229]
 [294 356]]",[1. 1. 0. ... 0. 0. 0.],[1. 1. 1. ... 0. 1. 0.]
585,SVC,"{'C': 10, 'gamma': 0.01, 'kernel': 'rbf'}",0.5865552324755269,0.10714939970845158,0.19786475861117594,0.1983175302294668,0.5982019749048741,0.10069346345495565,0.5954958597946871,0.19314334690379265,0.5964506172839507,0.5966015718028101,"{0: 0.613791378899738, 1: 0.6137913788997381}","{0: 0.613791378899738, 1: 0.6137913788997381}",0.6137913788997381,"[[417 229]
 [294 356]]",[1. 1. 0. ... 0. 0. 0.],[1. 1. 1. ... 0. 1. 0.]
752,SVC,"{'C': 10, 'gamma': 0.01, 'kernel': 'rbf'}",0.5864259420458513,0.10657967383457438,0.19779303459206082,0.19704760922325235,0.5981208938237931,0.10006606828793067,0.5954340655015977,0.1931510306308536,0.5964506172839507,0.596606334841629,"{0: 0.6143843772326744, 1: 0.6143843772326745}","{0: 0.6143843772326744, 1: 0.6143843772326745}",0.6143843772326745,"[[418 228]
 [295 355]]",[1. 1. 0. ... 0. 0. 0.],[1. 1. 1. ... 0. 1. 0.]
528,SVC,"{'C': 10, 'gamma': 0.01, 'kernel': 'rbf'}",0.5865384610579352,0.10563109128034735,0.19758100594130873,0.19668409702893436,0.598101587965176,0.09963567797849798,0.5947526532938606,0.1915967506928109,0.595679012345679,0.5958275779947606,"{0: 0.6134532031436056, 1: 0.6134532031436056}","{0: 0.6134532031436056, 1: 0.6134532031436056}",0.6134532031436056,"[[416 230]
 [294 356]]",[1. 1. 0. ... 0. 0. 0.],[1. 1. 1. ... 0. 1. 0.]
248,SVC,"{'C': 10, 'gamma': 0.01, 'kernel': 'rbf'}",0.5859729761931903,0.10692621728852678,0.19753334276473075,0.1973189302544428,0.5980069294120994,0.10014522414814564,0.5946917172473712,0.1916044491848241,0.595679012345679,0.5958323410335794,"{0: 0.61436294355799, 1: 0.61436294355799}","{0: 0.61436294355799, 1: 0.61436294355799}",0.61436294355799,"[[417 229]
 [295 355]]",[1. 1. 0. ... 0. 0. 0.],[1. 1. 1. ... 0. 1. 0.]
91,SVC,"{'C': 10, 'gamma': 0.01, 'kernel': 'rbf'}",0.5859729761931903,0.10692621728852678,0.19753334276473075,0.1973189302544428,0.5980069294120994,0.10014522414814564,0.5946917172473712,0.1916044491848241,0.595679012345679,0.5958323410335794,"{0: 0.6128101929030721, 1: 0.6128101929030721}","{0: 0.6128101929030721, 1: 0.6128101929030721}",0.6128101929030721,"[[417 229]
 [295 355]]",[1. 1. 0. ... 0. 0. 0.],[1. 1. 1. ... 0. 1. 0.]
43,SVC,"{'C': 10, 'gamma': 0.01, 'kernel': 'rbf'}",0.5859729761931903,0.10692621728852678,0.19753334276473075,0.1973189302544428,0.5980069294120994,0.10014522414814564,0.5946917172473712,0.1916044491848241,0.595679012345679,0.5958323410335794,"{0: 0.6126053822338652, 1: 0.6126053822338653}","{0: 0.6126053822338652, 1: 0.6126053822338653}",0.6126053822338653,"[[417 229]
 [295 355]]",[1. 1. 0. ... 0. 0. 0.],[1. 1. 1. ... 0. 1. 0.]
945,SVC,"{'C': 10, 'gamma': 0.01, 'kernel': 'rbf'}",0.5859050073544717,0.10733172935001636,0.1974920331182396,0.19802989949160138,0.5980017047517024,0.10048145207106314,0.5946917172473712,0.1916044491848241,0.595679012345679,0.5958323410335794,"{0: 0.614239104548702, 1: 0.6142391045487021}","{0: 0.614239104548702, 1: 0.6142391045487021}",0.6142391045487021,"[[417 229]
 [295 355]]",[1. 1. 0. ... 0. 0. 0.],[1. 1. 1. ... 0. 1. 0.]
551,SVC,"{'C': 10, 'gamma': 0.01, 'kernel': 'rbf'}",0.5861488504000968,0.10709373528676878,0.1974192222376028,0.19821365076008418,0.5979773145078,0.1006295293956444,0.5947526532938606,0.1915967506928109,0.595679012345679,0.5958275779947606,"{0: 0.6138104310550131, 1: 0.6138104310550131}","{0: 0.6138104310550131, 1: 0.6138104310550131}",0.6138104310550131,"[[416 230]
 [294 356]]",[1. 1. 0. ... 0. 0. 0.],[1. 1. 1. ... 0. 1. 0.]
600,SVC,"{'C': 10, 'gamma': 0.01, 'kernel': 'rbf'}",0.5859487248529812,0.1067324159203651,0.19741125552278227,0.1969006589984564,0.5979676477061511,0.09994291106725368,0.5946917172473712,0.1916044491848241,0.595679012345679,0.5958323410335794,"{0: 0.6129221243153131, 1: 0.6129221243153131}","{0: 0.6129221243153131, 1: 0.6129221243153131}",0.6129221243153131,"[[417 229]
 [295 355]]",[1. 1. 0. ... 0. 0. 0.],[1. 1. 1. ... 0. 1. 0.]
727,SVC,"{'C': 10, 'gamma': 0.01, 'kernel': 'rbf'}",0.5858760401927163,0.10718833535725543,0.19737086569943293,0.19771383375706492,0.597962423045754,0.10033131082204226,0.5946917172473712,0.1916044491848241,0.595679012345679,0.5958323410335794,"{0: 0.6128792569659444, 1: 0.6128792569659443}","{0: 0.6128792569659444, 1: 0.6128792569659443}",0.6128792569659443,"[[417 229]
 [295 355]]",[1. 1. 0. ... 0. 0. 0.],[1. 1. 1. ... 0. 1. 0.]
801,SVC,"{'C': 10, 'gamma': 0.01, 'kernel': 'rbf'}",0.585911264974768,0.10763869021582093,0.19735063787863877,0.19931958893634708,0.5979629323170379,0.10109582836994759,0.5954340655015977,0.1931510306308536,0.5964506172839507,0.596606334841629,"{0: 0.6146939747558943, 1: 0.6146939747558943}","{0: 0.6146939747558943, 1: 0.6146939747558943}",0.6146939747558943,"[[418 228]
 [295 355]]",[1. 1. 0. ... 0. 0. 0.],[1. 1. 1. ... 0. 1. 0.]
818,SVC,"{'C': 10, 'gamma': 0.01, 'kernel': 'rbf'}",0.5861001756022745,0.10612266814536865,0.1973383668396115,0.19619917061560635,0.597901458087116,0.09966370957625507,0.5947526532938606,0.1915967506928109,0.595679012345679,0.5958275779947606,"{0: 0.6146034770183377, 1: 0.6146034770183377}","{0: 0.6146034770183377, 1: 0.6146034770183377}",0.6146034770183377,"[[416 230]
 [294 356]]",[1. 1. 0. ... 0. 0. 0.],[1. 1. 1. ... 0. 1. 0.]
721,SVC,"{'C': 10, 'gamma': 0.01, 'kernel': 'rbf'}",0.5860136859095796,0.10743552394057558,0.19731097845374326,0.19863584433237452,0.5979504470599699,0.10076780493310922,0.5962386954258164,0.19468992838640875,0.5972222222222222,0.5973755656108597,"{0: 0.6146368182900691, 1: 0.614636818290069}","{0: 0.6146368182900691, 1: 0.614636818290069}",0.614636818290069,"[[418 228]
 [294 356]]",[1. 1. 0. ... 0. 0. 0.],[1. 1. 1. ... 0. 1. 0.]
894,SVC,"{'C': 10, 'gamma': 0.01, 'kernel': 'rbf'}",0.5859553111114962,0.10803034219944428,0.19727850933650856,0.1998989423176168,0.5979160203211904,0.10138288152927372,0.5953703208149583,0.19315871421157138,0.5964506172839507,0.5966110978804477,"{0: 0.6134817813765182, 1: 0.6134817813765182}","{0: 0.6134817813765182, 1: 0.6134817813765182}",0.6134817813765182,"[[419 227]
 [296 354]]",[1. 1. 0. ... 0. 0. 0.],[1. 1. 1. ... 0. 1. 0.]
675,SVC,"{'C': 10, 'gamma': 0.01, 'kernel': 'rbf'}",0.5859553111114962,0.10803034219944428,0.19727850933650856,0.1998989423176168,0.5979160203211904,0.10138288152927372,0.5953703208149583,0.19315871421157138,0.5964506172839507,0.5966110978804477,"{0: 0.6144224815432245, 1: 0.6144224815432245}","{0: 0.6144224815432245, 1: 0.6144224815432245}",0.6144224815432245,"[[419 227]
 [296 354]]",[1. 1. 0. ... 0. 0. 0.],[1. 1. 1. ... 0. 1. 0.]
328,SVC,"{'C': 10, 'gamma': 0.01, 'kernel': 'rbf'}",0.5859679579046307,0.10803833836226999,0.19722806831114126,0.19987059447735384,0.5979160203211904,0.10138288152927372,0.5954340655015977,0.1931510306308536,0.5964506172839507,0.596606334841629,"{0: 0.6135532269587998, 1: 0.6135532269587998}","{0: 0.6135532269587998, 1: 0.6135532269587998}",0.6135532269587998,"[[418 228]
 [295 355]]",[1. 1. 0. ... 0. 0. 0.],[1. 1. 1. ... 0. 1. 0.]
153,SVC,"{'C': 10, 'gamma': 0.01, 'kernel': 'rbf'}",0.5859679579046307,0.10803833836226999,0.19722806831114126,0.19987059447735384,0.5979160203211904,0.10138288152927372,0.5954340655015977,0.1931510306308536,0.5964506172839507,0.596606334841629,"{0: 0.6144796380090498, 1: 0.6144796380090498}","{0: 0.6144796380090498, 1: 0.6144796380090498}",0.6144796380090498,"[[418 228]
 [295 355]]",[1. 1. 0. ... 0. 0. 0.],[1. 1. 1. ... 0. 1. 0.]
515,SVC,"{'C': 10, 'gamma': 0.01, 'kernel': 'rbf'}",0.585605265682091,0.10736626375117068,0.19716700652129135,0.19773238595998655,0.5978460902512603,0.100319652584464,0.5946917172473712,0.1916044491848241,0.595679012345679,0.5958323410335794,"{0: 0.6137699452250536, 1: 0.6137699452250536}","{0: 0.6137699452250536, 1: 0.6137699452250536}",0.6137699452250536,"[[417 229]
 [295 355]]",[1. 1. 0. ... 0. 0. 0.],[1. 1. 1. ... 0. 1. 0.]
360,SVC,"{'C': 10, 'gamma': 0.01, 'kernel': 'rbf'}",0.5855325810218261,0.10781927143104472,0.19712661669794201,0.19854210453193785,0.5978408655908634,0.10070659304706416,0.5946917172473712,0.1916044491848241,0.595679012345679,0.5958323410335794,"{0: 0.6129983329364134, 1: 0.6129983329364135}","{0: 0.6129983329364134, 1: 0.6129983329364135}",0.6129983329364135,"[[417 229]
 [295 355]]",[1. 1. 0. ... 0. 0. 0.],[1. 1. 1. ... 0. 1. 0.]
470,SVC,"{'C': 10, 'gamma': 0.01, 'kernel': 'rbf'}",0.5858513142680898,0.10748066982302934,0.19710590326665886,0.19858181130659763,0.5978349392401094,0.10075954910684888,0.5954340655015977,0.1931510306308536,0.5964506172839507,0.596606334841629,"{0: 0.6146189568944987, 1: 0.6146189568944986}","{0: 0.6146189568944987, 1: 0.6146189568944986}",0.6146189568944986,"[[418 228]
 [295 355]]",[1. 1. 0. ... 0. 0. 0.],[1. 1. 1. ... 0. 1. 0.]
455,SVC,"{'C': 10, 'gamma': 0.01, 'kernel': 'rbf'}",0.5858513142680898,0.10748066982302934,0.19710590326665886,0.19858181130659763,0.5978349392401094,0.10075954910684888,0.5954340655015977,0.1931510306308536,0.5964506172839507,0.596606334841629,"{0: 0.6124648725887116, 1: 0.6124648725887116}","{0: 0.6124648725887116, 1: 0.6124648725887116}",0.6124648725887116,"[[418 228]
 [295 355]]",[1. 1. 0. ... 0. 0. 0.],[1. 1. 1. ... 0. 1. 0.]
502,SVC,"{'C': 10, 'gamma': 0.01, 'kernel': 'rbf'}",0.5858513142680898,0.10748066982302934,0.19710590326665886,0.19858181130659763,0.5978349392401094,0.10075954910684888,0.5954340655015977,0.1931510306308536,0.5964506172839507,0.596606334841629,"{0: 0.6109478447249345, 1: 0.6109478447249345}","{0: 0.6109478447249345, 1: 0.6109478447249345}",0.6109478447249345,"[[418 228]
 [295 355]]",[1. 1. 0. ... 0. 0. 0.],[1. 1. 1. ... 0. 1. 0.]
205,SVC,"{'C': 10, 'gamma': 0.01, 'kernel': 'rbf'}",0.5858146601934693,0.10723737503733018,0.19707714039379268,0.19794901309500984,0.5977718196942312,0.1004490002790999,0.5947526532938606,0.1915967506928109,0.595679012345679,0.5958275779947606,"{0: 0.6138890211955228, 1: 0.6138890211955228}","{0: 0.6138890211955228, 1: 0.6138890211955228}",0.6138890211955228,"[[416 230]
 [294 356]]",[1. 1. 0. ... 0. 0. 0.],[1. 1. 1. ... 0. 1. 0.]
403,SVC,"{'C': 10, 'gamma': 0.01, 'kernel': 'rbf'}",0.5857613505324557,0.10769107362815471,0.197055392246305,0.1987812998152649,0.5977665950338341,0.10083544054286259,0.5946288279621613,0.19161214753021172,0.595679012345679,0.5958371040723982,"{0: 0.6138247201714694, 1: 0.6138247201714695}","{0: 0.6138247201714694, 1: 0.6138247201714695}",0.6138247201714695,"[[418 228]
 [296 354]]",[1. 1. 0. ... 0. 0. 0.],[1. 1. 1. ... 0. 1. 0.]
273,SVC,"{'C': 10, 'gamma': 0.01, 'kernel': 'rbf'}",0.5858306294491394,0.10777631542241019,0.1970460174019605,0.1993591199376961,0.5978010217726137,0.10112559095399916,0.5954340655015977,0.1931510306308536,0.5964506172839507,0.596606334841629,"{0: 0.6152988806858776, 1: 0.6152988806858776}","{0: 0.6152988806858776, 1: 0.6152988806858776}",0.6152988806858776,"[[418 228]
 [295 355]]",[1. 1. 0. ... 0. 0. 0.],[1. 1. 1. ... 0. 1. 0.]
921,SVC,"{'C': 10, 'gamma': 0.01, 'kernel': 'rbf'}",0.5857739973255902,0.10769911775634278,0.1970049512209377,0.19875273594284323,0.5977665950338341,0.10083544054286259,0.5946917172473712,0.1916044491848241,0.595679012345679,0.5958323410335794,"{0: 0.6123291259823767, 1: 0.6123291259823768}","{0: 0.6123291259823767, 1: 0.6123291259823768}",0.6123291259823768,"[[417 229]
 [295 355]]",[1. 1. 0. ... 0. 0. 0.],[1. 1. 1. ... 0. 1. 0.]
937,SVC,"{'C': 10, 'gamma': 0.01, 'kernel': 'rbf'}",0.5857739973255902,0.10769911775634278,0.1970049512209377,0.19875273594284323,0.5977665950338341,0.10083544054286259,0.5946917172473712,0.1916044491848241,0.595679012345679,0.5958323410335794,"{0: 0.6137663729459395, 1: 0.6137663729459395}","{0: 0.6137663729459395, 1: 0.6137663729459395}",0.6137663729459395,"[[417 229]
 [295 355]]",[1. 1. 0. ... 0. 0. 0.],[1. 1. 1. ... 0. 1. 0.]
792,SVC,"{'C': 10, 'gamma': 0.01, 'kernel': 'rbf'}",0.5857739973255902,0.10769911775634278,0.1970049512209377,0.19875273594284323,0.5977665950338341,0.10083544054286259,0.5946917172473712,0.1916044491848241,0.595679012345679,0.5958323410335794,"{0: 0.6123874732079067, 1: 0.6123874732079067}","{0: 0.6123874732079067, 1: 0.6123874732079067}",0.6123874732079067,"[[417 229]
 [295 355]]",[1. 1. 0. ... 0. 0. 0.],[1. 1. 1. ... 0. 1. 0.]
946,SVC,"{'C': 10, 'gamma': 0.01, 'kernel': 'rbf'}",0.5857739973255902,0.10769911775634278,0.1970049512209377,0.19875273594284323,0.5977665950338341,0.10083544054286259,0.5946917172473712,0.1916044491848241,0.595679012345679,0.5958323410335794,"{0: 0.6151655155989522, 1: 0.6151655155989522}","{0: 0.6151655155989522, 1: 0.6151655155989522}",0.6151655155989522,"[[417 229]
 [295 355]]",[1. 1. 0. ... 0. 0. 0.],[1. 1. 1. ... 0. 1. 0.]
393,SVC,"{'C': 10, 'gamma': 0.01, 'kernel': 'rbf'}",0.5857739973255902,0.10769911775634278,0.1970049512209377,0.19875273594284323,0.5977665950338341,0.10083544054286259,0.5946917172473712,0.1916044491848241,0.595679012345679,0.5958323410335794,"{0: 0.6123791378899739, 1: 0.6123791378899738}","{0: 0.6123791378899739, 1: 0.6123791378899738}",0.6123791378899738,"[[417 229]
 [295 355]]",[1. 1. 0. ... 0. 0. 0.],[1. 1. 1. ... 0. 1. 0.]
263,SVC,"{'C': 10, 'gamma': 0.01, 'kernel': 'rbf'}",0.5860051935780808,0.10745420145823055,0.1969825813656682,0.19896419734922235,0.5977422047899317,0.10098294200896481,0.5946917172473712,0.1916044491848241,0.595679012345679,0.5958323410335794,"{0: 0.6130650154798761, 1: 0.6130650154798761}","{0: 0.6130650154798761, 1: 0.6130650154798761}",0.6130650154798761,"[[417 229]
 [295 355]]",[1. 1. 0. ... 0. 0. 0.],[1. 1. 1. ... 0. 1. 0.]
520,SVC,"{'C': 10, 'gamma': 0.01, 'kernel': 'rbf'}",0.5858177148240997,0.1071019136303769,0.1969241736254804,0.1976274266784075,0.5977325379882827,0.10029872041793977,0.5946917172473712,0.1916044491848241,0.595679012345679,0.5958323410335794,"{0: 0.613057870921648, 1: 0.613057870921648}","{0: 0.613057870921648, 1: 0.613057870921648}",0.613057870921648,"[[417 229]
 [295 355]]",[1. 1. 0. ... 0. 0. 0.],[1. 1. 1. ... 0. 1. 0.]
780,SVC,"{'C': 10, 'gamma': 0.01, 'kernel': 'rbf'}",0.5858177148240997,0.1071019136303769,0.1969241736254804,0.1976274266784075,0.5977325379882827,0.10029872041793977,0.5946917172473712,0.1916044491848241,0.595679012345679,0.5958323410335794,"{0: 0.6147975708502024, 1: 0.6147975708502024}","{0: 0.6147975708502024, 1: 0.6147975708502024}",0.6147975708502024,"[[417 229]
 [295 355]]",[1. 1. 0. ... 0. 0. 0.],[1. 1. 1. ... 0. 1. 0.]
858,SVC,"{'C': 10, 'gamma': 0.01, 'kernel': 'rbf'}",0.5858177148240997,0.1071019136303769,0.1969241736254804,0.1976274266784075,0.5977325379882827,0.10029872041793977,0.5946917172473712,0.1916044491848241,0.595679012345679,0.5958323410335794,"{0: 0.6133507978090021, 1: 0.6133507978090023}","{0: 0.6133507978090021, 1: 0.6133507978090023}",0.6133507978090023,"[[417 229]
 [295 355]]",[1. 1. 0. ... 0. 0. 0.],[1. 1. 1. ... 0. 1. 0.]
849,SVC,"{'C': 10, 'gamma': 0.01, 'kernel': 'rbf'}",0.5858177148240997,0.1071019136303769,0.1969241736254804,0.1976274266784075,0.5977325379882827,0.10029872041793977,0.5946917172473712,0.1916044491848241,0.595679012345679,0.5958323410335794,"{0: 0.6132388663967611, 1: 0.6132388663967612}","{0: 0.6132388663967611, 1: 0.6132388663967612}",0.6132388663967612,"[[417 229]
 [295 355]]",[1. 1. 0. ... 0. 0. 0.],[1. 1. 1. ... 0. 1. 0.]
929,SVC,"{'C': 10, 'gamma': 0.01, 'kernel': 'rbf'}",0.5860331523407992,0.10610702460174416,0.19689118040134893,0.19622311066877351,0.5976715730296448,0.09968378900689209,0.5947526532938606,0.1915967506928109,0.595679012345679,0.5958275779947606,"{0: 0.6116384853536556, 1: 0.6116384853536556}","{0: 0.6116384853536556, 1: 0.6116384853536556}",0.6116384853536556,"[[416 230]
 [294 356]]",[1. 1. 0. ... 0. 0. 0.],[1. 1. 1. ... 0. 1. 0.]
679,SVC,"{'C': 10, 'gamma': 0.01, 'kernel': 'rbf'}",0.5860615578697248,0.10686360693448914,0.19685136274484358,0.19781134279362425,0.5977081477443804,0.1004470017644605,0.5947526532938606,0.1915967506928109,0.595679012345679,0.5958275779947606,"{0: 0.6153893784234341, 1: 0.6153893784234341}","{0: 0.6153893784234341, 1: 0.6153893784234341}",0.6153893784234341,"[[416 230]
 [294 356]]",[1. 1. 0. ... 0. 0. 0.],[1. 1. 1. ... 0. 1. 0.]
130,SVC,"{'C': 10, 'gamma': 0.01, 'kernel': 'rbf'}",0.5857034979294198,0.10642199961915388,0.19685086317736547,0.1962959522480357,0.5977013372203285,0.0996875973369465,0.5947526532938606,0.1915967506928109,0.595679012345679,0.5958275779947606,"{0: 0.6111002619671351, 1: 0.611100261967135}","{0: 0.6111002619671351, 1: 0.611100261967135}",0.611100261967135,"[[416 230]
 [294 356]]",[1. 1. 0. ... 0. 0. 0.],[1. 1. 1. ... 0. 1. 0.]
494,SVC,"{'C': 10, 'gamma': 0.01, 'kernel': 'rbf'}",0.5859761460130516,0.10753099900403731,0.19685082674662843,0.19913398740706584,0.5977175742480597,0.10110305431489314,0.5946917172473712,0.1916044491848241,0.595679012345679,0.5958323410335794,"{0: 0.6126244343891403, 1: 0.6126244343891403}","{0: 0.6126244343891403, 1: 0.6126244343891403}",0.6126244343891403,"[[417 229]
 [295 355]]",[1. 1. 0. ... 0. 0. 0.],[1. 1. 1. ... 0. 1. 0.]
440,SVC,"{'C': 10, 'gamma': 0.01, 'kernel': 'rbf'}",0.5855428747028504,0.10758550691754518,0.19678038230540057,0.19839436473781974,0.5976793247396672,0.10065045825151439,0.5954340655015977,0.1931510306308536,0.5964506172839507,0.596606334841629,"{0: 0.6131459871397952, 1: 0.6131459871397952}","{0: 0.6131459871397952, 1: 0.6131459871397952}",0.6131459871397952,"[[418 228]
 [295 355]]",[1. 1. 0. ... 0. 0. 0.],[1. 1. 1. ... 0. 1. 0.]
260,SVC,"{'C': 10, 'gamma': 0.01, 'kernel': 'rbf'}",0.5855241159509876,0.10887667123044535,0.19672191429342462,0.20215055910613774,0.597686644535003,0.1024561721970551,0.5954340655015977,0.1931510306308536,0.5964506172839507,0.596606334841629,"{0: 0.6154251012145749, 1: 0.6154251012145748}","{0: 0.6154251012145749, 1: 0.6154251012145748}",0.6154251012145748,"[[418 228]
 [295 355]]",[1. 1. 0. ... 0. 0. 0.],[1. 1. 1. ... 0. 1. 0.]
44,SVC,"{'C': 10, 'gamma': 0.01, 'kernel': 'rbf'}",0.5854742556532095,0.10773316988646098,0.19667992462398945,0.1984555083145789,0.5976109805333921,0.1006738465584224,0.5946917172473712,0.1916044491848241,0.595679012345679,0.5958323410335794,"{0: 0.6126827816146702, 1: 0.6126827816146702}","{0: 0.6126827816146702, 1: 0.6126827816146702}",0.6126827816146702,"[[417 229]
 [295 355]]",[1. 1. 0. ... 0. 0. 0.],[1. 1. 1. ... 0. 1. 0.]
553,SVC,"{'C': 10, 'gamma': 0.01, 'kernel': 'rbf'}",0.5854742556532095,0.10773316988646098,0.19667992462398945,0.1984555083145789,0.5976109805333921,0.1006738465584224,0.5946917172473712,0.1916044491848241,0.595679012345679,0.5958323410335794,"{0: 0.612579185520362, 1: 0.612579185520362}","{0: 0.612579185520362, 1: 0.612579185520362}",0.612579185520362,"[[417 229]
 [295 355]]",[1. 1. 0. ... 0. 0. 0.],[1. 1. 1. ... 0. 1. 0.]
132,SVC,"{'C': 10, 'gamma': 0.01, 'kernel': 'rbf'}",0.5857842910066146,0.1074650687533098,0.1966587168283963,0.19860494073152524,0.5976050541826382,0.10077925846675012,0.5954340655015977,0.1931510306308536,0.5964506172839507,0.596606334841629,"{0: 0.6145356037151702, 1: 0.6145356037151702}","{0: 0.6145356037151702, 1: 0.6145356037151702}",0.6145356037151702,"[[418 228]
 [295 355]]",[1. 1. 0. ... 0. 0. 0.],[1. 1. 1. ... 0. 1. 0.]
320,SVC,"{'C': 10, 'gamma': 0.01, 'kernel': 'rbf'}",0.5857842910066146,0.1074650687533098,0.1966587168283963,0.19860494073152524,0.5976050541826382,0.10077925846675012,0.5954340655015977,0.1931510306308536,0.5964506172839507,0.596606334841629,"{0: 0.6153095975232198, 1: 0.6153095975232198}","{0: 0.6153095975232198, 1: 0.6153095975232198}",0.6153095975232198,"[[418 228]
 [295 355]]",[1. 1. 0. ... 0. 0. 0.],[1. 1. 1. ... 0. 1. 0.]
412,SVC,"{'C': 10, 'gamma': 0.01, 'kernel': 'rbf'}",0.5854355840888789,0.10723678545893162,0.19660072449385566,0.19793859815994344,0.597547159297157,0.100435389986481,0.5939489988378791,0.19005785301049927,0.5949074074074074,0.5950583472255299,"{0: 0.6126482495832342, 1: 0.6126482495832342}","{0: 0.6126482495832342, 1: 0.6126482495832342}",0.6126482495832342,"[[416 230]
 [295 355]]",[1. 1. 0. ... 0. 0. 0.],[1. 1. 1. ... 0. 1. 0.]
154,SVC,"{'C': 10, 'gamma': 0.01, 'kernel': 'rbf'}",0.5857231446330133,0.10639855875766509,0.19644713601776156,0.19699299928028077,0.5974887120077033,0.1000452697776604,0.5940090733432261,0.19005013975325336,0.5949074074074074,0.5950535841867111,"{0: 0.6118599666587283, 1: 0.6118599666587283}","{0: 0.6118599666587283, 1: 0.6118599666587283}",0.6118599666587283,"[[415 231]
 [294 356]]",[1. 1. 0. ... 0. 0. 0.],[1. 1. 1. ... 0. 1. 0.]
912,SVC,"{'C': 10, 'gamma': 0.01, 'kernel': 'rbf'}",0.5860733676075636,0.10685071084815373,0.1964440652625654,0.19968681651126532,0.5976192529655995,0.10109225253583809,0.5954958597946871,0.19314334690379265,0.5964506172839507,0.5966015718028101,"{0: 0.6146284829721362, 1: 0.6146284829721362}","{0: 0.6146284829721362, 1: 0.6146284829721362}",0.6146284829721362,"[[417 229]
 [294 356]]",[1. 1. 0. ... 0. 0. 0.],[1. 1. 1. ... 0. 1. 0.]
149,SVC,"{'C': 10, 'gamma': 0.01, 'kernel': 'rbf'}",0.5854712286681982,0.10788684787154837,0.1963676392131212,0.1996844453370372,0.597461474866645,0.1012858605391527,0.5947526532938606,0.1915967506928109,0.595679012345679,0.5958275779947606,"{0: 0.6148035246487258, 1: 0.6148035246487259}","{0: 0.6148035246487258, 1: 0.6148035246487259}",0.6148035246487259,"[[416 230]
 [294 356]]",[1. 1. 0. ... 0. 0. 0.],[1. 1. 1. ... 0. 1. 0.]
618,SVC,"{'C': 10, 'gamma': 0.01, 'kernel': 'rbf'}",0.5854712286681982,0.10788684787154837,0.1963676392131212,0.1996844453370372,0.597461474866645,0.1012858605391527,0.5947526532938606,0.1915967506928109,0.595679012345679,0.5958275779947606,"{0: 0.6150059537985234, 1: 0.6150059537985234}","{0: 0.6150059537985234, 1: 0.6150059537985234}",0.6150059537985234,"[[416 230]
 [294 356]]",[1. 1. 0. ... 0. 0. 0.],[1. 1. 1. ... 0. 1. 0.]
336,SVC,"{'C': 10, 'gamma': 0.01, 'kernel': 'rbf'}",0.5856065009964724,0.10583198015446216,0.19632497097327914,0.19568477765340436,0.5974076309266222,0.09941320224538372,0.5940090733432261,0.19005013975325336,0.5949074074074074,0.5950535841867111,"{0: 0.6140604905929983, 1: 0.6140604905929984}","{0: 0.6140604905929983, 1: 0.6140604905929984}",0.6140604905929984,"[[415 231]
 [294 356]]",[1. 1. 0. ... 0. 0. 0.],[1. 1. 1. ... 0. 1. 0.]
804,SVC,"{'C': 10, 'gamma': 0.01, 'kernel': 'rbf'}",0.5854305658003193,0.10834569384352442,0.19629545004026624,0.20048095553550874,0.5974562502062478,0.10166910403198501,0.5946917172473712,0.1916044491848241,0.595679012345679,0.5958323410335794,"{0: 0.6136961181233628, 1: 0.6136961181233627}","{0: 0.6136961181233628, 1: 0.6136961181233627}",0.6136961181233627,"[[417 229]
 [295 355]]",[1. 1. 0. ... 0. 0. 0.],[1. 1. 1. ... 0. 1. 0.]
608,SVC,"{'C': 10, 'gamma': 0.01, 'kernel': 'rbf'}",0.5853866068240432,0.10733604671067926,0.19621367481913318,0.19838869198132264,0.597380393785564,0.10066156120446237,0.5946917172473712,0.1916044491848241,0.595679012345679,0.5958323410335794,"{0: 0.6148011431293166, 1: 0.6148011431293166}","{0: 0.6148011431293166, 1: 0.6148011431293166}",0.6148011431293166,"[[417 229]
 [295 355]]",[1. 1. 0. ... 0. 0. 0.],[1. 1. 1. ... 0. 1. 0.]
384,SVC,"{'C': 10, 'gamma': 0.01, 'kernel': 'rbf'}",0.5853866068240432,0.10733604671067926,0.19621367481913318,0.19838869198132264,0.597380393785564,0.10066156120446237,0.5946917172473712,0.1916044491848241,0.595679012345679,0.5958323410335794,"{0: 0.6131709930935938, 1: 0.6131709930935938}","{0: 0.6131709930935938, 1: 0.6131709930935938}",0.6131709930935938,"[[417 229]
 [295 355]]",[1. 1. 0. ... 0. 0. 0.],[1. 1. 1. ... 0. 1. 0.]
639,SVC,"{'C': 10, 'gamma': 0.01, 'kernel': 'rbf'}",0.5853866068240432,0.10733604671067926,0.19621367481913318,0.19838869198132264,0.597380393785564,0.10066156120446237,0.5946917172473712,0.1916044491848241,0.595679012345679,0.5958323410335794,"{0: 0.6130030959752322, 1: 0.6130030959752322}","{0: 0.6130030959752322, 1: 0.6130030959752322}",0.6130030959752322,"[[417 229]
 [295 355]]",[1. 1. 0. ... 0. 0. 0.],[1. 1. 1. ... 0. 1. 0.]
61,SVC,"{'C': 10, 'gamma': 0.01, 'kernel': 'rbf'}",0.5853139221637783,0.10778903393770092,0.19617328499578382,0.1991955494251914,0.5973751691251669,0.10104716832443845,0.5946917172473712,0.1916044491848241,0.595679012345679,0.5958323410335794,"{0: 0.6129459395094069, 1: 0.612945939509407}","{0: 0.6129459395094069, 1: 0.612945939509407}",0.612945939509407,"[[417 229]
 [295 355]]",[1. 1. 0. ... 0. 0. 0.],[1. 1. 1. ... 0. 1. 0.]
347,SVC,"{'C': 10, 'gamma': 0.01, 'kernel': 'rbf'}",0.5853139221637783,0.10778903393770092,0.19617328499578382,0.1991955494251914,0.5973751691251669,0.10104716832443845,0.5946917172473712,0.1916044491848241,0.595679012345679,0.5958323410335794,"{0: 0.6104370088116218, 1: 0.6104370088116218}","{0: 0.6104370088116218, 1: 0.6104370088116218}",0.6104370088116218,"[[417 229]
 [295 355]]",[1. 1. 0. ... 0. 0. 0.],[1. 1. 1. ... 0. 1. 0.]
42,SVC,"{'C': 10, 'gamma': 0.01, 'kernel': 'rbf'}",0.5853772587202623,0.1071501630547754,0.19615403241990315,0.19785055048240802,0.5973172742396858,0.10040188256243952,0.5939489988378791,0.19005785301049927,0.5949074074074074,0.5950583472255299,"{0: 0.6133436532507739, 1: 0.6133436532507739}","{0: 0.6133436532507739, 1: 0.6133436532507739}",0.6133436532507739,"[[416 230]
 [295 355]]",[1. 1. 0. ... 0. 0. 0.],[1. 1. 1. ... 0. 1. 0.]
702,SVC,"{'C': 10, 'gamma': 0.01, 'kernel': 'rbf'}",0.5856304498696683,0.1070992425398651,0.1961408639384964,0.19857164249776438,0.5973560035416615,0.1008092236471803,0.5947526532938606,0.1915967506928109,0.595679012345679,0.5958275779947606,"{0: 0.6139175994284354, 1: 0.6139175994284354}","{0: 0.6139175994284354, 1: 0.6139175994284354}",0.6139175994284354,"[[416 230]
 [294 356]]",[1. 1. 0. ... 0. 0. 0.],[1. 1. 1. ... 0. 1. 0.]
446,SVC,"{'C': 10, 'gamma': 0.01, 'kernel': 'rbf'}",0.5853092898815436,0.10755445431895043,0.196112722773412,0.19855932923044053,0.5973120495792886,0.10073721807892451,0.5939489988378791,0.19005785301049927,0.5949074074074074,0.5950583472255299,"{0: 0.6136865920457253, 1: 0.6136865920457252}","{0: 0.6136865920457253, 1: 0.6136865920457252}",0.6136865920457252,"[[416 230]
 [295 355]]",[1. 1. 0. ... 0. 0. 0.],[1. 1. 1. ... 0. 1. 0.]
915,SVC,"{'C': 10, 'gamma': 0.01, 'kernel': 'rbf'}",0.5855577652094034,0.10755339192074061,0.19610047411514703,0.19937774481462692,0.5973507788812644,0.10119426683243182,0.5947526532938606,0.1915967506928109,0.595679012345679,0.5958275779947606,"{0: 0.6138747320790665, 1: 0.6138747320790665}","{0: 0.6138747320790665, 1: 0.6138747320790665}",0.6138747320790665,"[[416 230]
 [294 356]]",[1. 1. 0. ... 0. 0. 0.],[1. 1. 1. ... 0. 1. 0.]
811,SVC,"{'C': 10, 'gamma': 0.01, 'kernel': 'rbf'}",0.5853576396622878,0.10719251840351253,0.1960925074003265,0.19807241676107212,0.5973411120796155,0.10051144617788697,0.5946917172473712,0.1916044491848241,0.595679012345679,0.5958323410335794,"{0: 0.6154298642533936, 1: 0.6154298642533937}","{0: 0.6154298642533936, 1: 0.6154298642533937}",0.6154298642533937,"[[417 229]
 [295 355]]",[1. 1. 0. ... 0. 0. 0.],[1. 1. 1. ... 0. 1. 0.]
660,SVC,"{'C': 10, 'gamma': 0.01, 'kernel': 'rbf'}",0.5853576396622878,0.10719251840351253,0.1960925074003265,0.19807241676107212,0.5973411120796155,0.10051144617788697,0.5946917172473712,0.1916044491848241,0.595679012345679,0.5958323410335794,"{0: 0.6149083115027387, 1: 0.6149083115027388}","{0: 0.6149083115027387, 1: 0.6149083115027388}",0.6149083115027388,"[[417 229]
 [295 355]]",[1. 1. 0. ... 0. 0. 0.],[1. 1. 1. ... 0. 1. 0.]
806,SVC,"{'C': 10, 'gamma': 0.01, 'kernel': 'rbf'}",0.5853576396622878,0.10719251840351253,0.1960925074003265,0.19807241676107212,0.5973411120796155,0.10051144617788697,0.5946917172473712,0.1916044491848241,0.595679012345679,0.5958323410335794,"{0: 0.6134889259347464, 1: 0.6134889259347465}","{0: 0.6134889259347464, 1: 0.6134889259347465}",0.6134889259347465,"[[417 229]
 [295 355]]",[1. 1. 0. ... 0. 0. 0.],[1. 1. 1. ... 0. 1. 0.]
656,SVC,"{'C': 10, 'gamma': 0.01, 'kernel': 'rbf'}",0.5856014827079128,0.10695546249586788,0.19601969651968973,0.19825561463716163,0.597316721835713,0.10065931931429392,0.5947526532938606,0.1915967506928109,0.595679012345679,0.5958275779947606,"{0: 0.6147654203381758, 1: 0.6147654203381757}","{0: 0.6147654203381758, 1: 0.6147654203381757}",0.6147654203381757,"[[416 230]
 [294 356]]",[1. 1. 0. ... 0. 0. 0.],[1. 1. 1. ... 0. 1. 0.]
225,SVC,"{'C': 10, 'gamma': 0.01, 'kernel': 'rbf'}",0.5852803227197882,0.10741119700828537,0.19599155535460533,0.19824326454070665,0.5972727678733402,0.10058718927168266,0.5939489988378791,0.19005785301049927,0.5949074074074074,0.5950583472255299,"{0: 0.6124946415813288, 1: 0.6124946415813288}","{0: 0.6124946415813288, 1: 0.6124946415813288}",0.6124946415813288,"[[416 230]
 [295 355]]",[1. 1. 0. ... 0. 0. 0.],[1. 1. 1. ... 0. 1. 0.]
266,SVC,"{'C': 10, 'gamma': 0.01, 'kernel': 'rbf'}",0.5852387904853732,0.10627528949903357,0.1959586347298398,0.19609942142996806,0.5972467917657831,0.0995879449247538,0.5940090733432261,0.19005013975325336,0.5949074074074074,0.5950535841867111,"{0: 0.6126030007144558, 1: 0.6126030007144558}","{0: 0.6126030007144558, 1: 0.6126030007144558}",0.6126030007144558,"[[415 231]
 [294 356]]",[1. 1. 0. ... 0. 0. 0.],[1. 1. 1. ... 0. 1. 0.]
411,SVC,"{'C': 10, 'gamma': 0.01, 'kernel': 'rbf'}",0.5852793026793702,0.10724869682680976,0.1959409820000449,0.1993039016968766,0.5972593362215157,0.10113178793345842,0.5940090733432261,0.19005013975325336,0.5949074074074074,0.5950535841867111,"{0: 0.6144915456060966, 1: 0.6144915456060966}","{0: 0.6144915456060966, 1: 0.6144915456060966}",0.6144915456060966,"[[415 231]
 [294 356]]",[1. 1. 0. ... 0. 0. 0.],[1. 1. 1. ... 0. 1. 0.]
577,SVC,"{'C': 10, 'gamma': 0.01, 'kernel': 'rbf'}",0.5855241657654133,0.10717480070038754,0.19591874447396854,0.1984262676374496,0.5972483776294378,0.10073493467392683,0.5940090733432261,0.19005013975325336,0.5949074074074074,0.5950535841867111,"{0: 0.6138211478923553, 1: 0.6138211478923553}","{0: 0.6138211478923553, 1: 0.6138211478923553}",0.6138211478923553,"[[415 231]
 [294 356]]",[1. 1. 0. ... 0. 0. 0.],[1. 1. 1. ... 0. 1. 0.]
617,SVC,"{'C': 10, 'gamma': 0.01, 'kernel': 'rbf'}",0.5854364892906277,0.10675642479738308,0.19591774684829277,0.19744520142191987,0.5972065782543052,0.10025781572179414,0.5940090733432261,0.19005013975325336,0.5949074074074074,0.5950535841867111,"{0: 0.6127006430102405, 1: 0.6127006430102405}","{0: 0.6127006430102405, 1: 0.6127006430102405}",0.6127006430102405,"[[415 231]
 [294 356]]",[1. 1. 0. ... 0. 0. 0.],[1. 1. 1. ... 0. 1. 0.]
707,SVC,"{'C': 10, 'gamma': 0.01, 'kernel': 'rbf'}",0.5854364892906277,0.10675642479738308,0.19591774684829277,0.19744520142191987,0.5972065782543052,0.10025781572179414,0.5940090733432261,0.19005013975325336,0.5949074074074074,0.5950535841867111,"{0: 0.6149678494879733, 1: 0.6149678494879733}","{0: 0.6149678494879733, 1: 0.6149678494879733}",0.6149678494879733,"[[415 231]
 [294 356]]",[1. 1. 0. ... 0. 0. 0.],[1. 1. 1. ... 0. 1. 0.]
510,SVC,"{'C': 10, 'gamma': 0.01, 'kernel': 'rbf'}",0.5854362271991088,0.1078792077468416,0.195888653425353,0.19970054540882046,0.5972315898091738,0.101304620024416,0.5946917172473712,0.1916044491848241,0.595679012345679,0.5958323410335794,"{0: 0.6130185758513932, 1: 0.6130185758513932}","{0: 0.6130185758513932, 1: 0.6130185758513932}",0.6130185758513932,"[[417 229]
 [295 355]]",[1. 1. 0. ... 0. 0. 0.],[1. 1. 1. ... 0. 1. 0.]
148,SVC,"{'C': 10, 'gamma': 0.01, 'kernel': 'rbf'}",0.5853722404317027,0.1082599560139745,0.19584875796631368,0.20039334442476214,0.5972263651487766,0.1016357977177765,0.5946917172473712,0.1916044491848241,0.595679012345679,0.5958323410335794,"{0: 0.6153203143605621, 1: 0.6153203143605621}","{0: 0.6153203143605621, 1: 0.6153203143605621}",0.6153203143605621,"[[417 229]
 [295 355]]",[1. 1. 0. ... 0. 0. 0.],[1. 1. 1. ... 0. 1. 0.]
77,SVC,"{'C': 10, 'gamma': 0.01, 'kernel': 'rbf'}",0.5850688191550228,0.10725395993057281,0.19582851145864488,0.1976608428502715,0.5971616597392436,0.10029159944753785,0.5939489988378791,0.19005785301049927,0.5949074074074074,0.5950583472255299,"{0: 0.6130292926887353, 1: 0.6130292926887354}","{0: 0.6130292926887353, 1: 0.6130292926887354}",0.6130292926887354,"[[416 230]
 [295 355]]",[1. 1. 0. ... 0. 0. 0.],[1. 1. 1. ... 0. 1. 0.]
68,SVC,"{'C': 10, 'gamma': 0.01, 'kernel': 'rbf'}",0.5852580235370227,0.107586887743789,0.19577544751819878,0.19907997364066374,0.5971951643808224,0.10103260630659439,0.5947526532938606,0.1915967506928109,0.595679012345679,0.5958275779947606,"{0: 0.6117313646106216, 1: 0.6117313646106216}","{0: 0.6117313646106216, 1: 0.6117313646106216}",0.6117313646106216,"[[416 230]
 [294 356]]",[1. 1. 0. ... 0. 0. 0.],[1. 1. 1. ... 0. 1. 0.]
854,SVC,"{'C': 10, 'gamma': 0.01, 'kernel': 'rbf'}",0.5853305460735388,0.10832796553768062,0.19576744437264126,0.20058980999273573,0.5972017346069047,0.10175501452962064,0.5946288279621613,0.19161214753021172,0.595679012345679,0.5958371040723982,"{0: 0.6138235294117647, 1: 0.6138235294117648}","{0: 0.6138235294117647, 1: 0.6138235294117648}",0.6138235294117648,"[[418 228]
 [296 354]]",[1. 1. 0. ... 0. 0. 0.],[1. 1. 1. ... 0. 1. 0.]
620,SVC,"{'C': 10, 'gamma': 0.01, 'kernel': 'rbf'}",0.5852555967951617,0.10770278980773719,0.19572659292183126,0.19910709863739268,0.5971452840676956,0.10101347242220526,0.5946917172473712,0.1916044491848241,0.595679012345679,0.5958323410335794,"{0: 0.6139175994284354, 1: 0.6139175994284354}","{0: 0.6139175994284354, 1: 0.6139175994284354}",0.6139175994284354,"[[417 229]
 [295 355]]",[1. 1. 0. ... 0. 0. 0.],[1. 1. 1. ... 0. 1. 0.]
66,SVC,"{'C': 10, 'gamma': 0.01, 'kernel': 'rbf'}",0.5852555967951617,0.10770278980773719,0.19572659292183126,0.19910709863739268,0.5971452840676956,0.10101347242220526,0.5946917172473712,0.1916044491848241,0.595679012345679,0.5958323410335794,"{0: 0.6131364610621577, 1: 0.6131364610621577}","{0: 0.6131364610621577, 1: 0.6131364610621577}",0.6131364610621577,"[[417 229]
 [295 355]]",[1. 1. 0. ... 0. 0. 0.],[1. 1. 1. ... 0. 1. 0.]
417,SVC,"{'C': 10, 'gamma': 0.01, 'kernel': 'rbf'}",0.5849419094830768,0.10694605790201228,0.1955873286275233,0.19742495092851362,0.5970533321366632,0.10018506580916717,0.5932059076957454,0.188511242107669,0.5941358024691358,0.5942843534174803,"{0: 0.6139747558942605, 1: 0.6139747558942605}","{0: 0.6139747558942605, 1: 0.6139747558942605}",0.6139747558942605,"[[415 231]
 [295 355]]",[1. 1. 0. ... 0. 0. 0.],[1. 1. 1. ... 0. 1. 0.]
491,SVC,"{'C': 10, 'gamma': 0.01, 'kernel': 'rbf'}",0.5849190184383847,0.10648652864452243,0.1955697810887142,0.19623676824116432,0.5970194146691674,0.09958612568303453,0.5932651173607387,0.1885035140849095,0.5941358024691358,0.5942795903786615,"{0: 0.6151452726839723, 1: 0.6151452726839723}","{0: 0.6151452726839723, 1: 0.6151452726839723}",0.6151452726839723,"[[414 232]
 [294 356]]",[1. 1. 0. ... 0. 0. 0.],[1. 1. 1. ... 0. 1. 0.]
586,SVC,"{'C': 10, 'gamma': 0.01, 'kernel': 'rbf'}",0.5855359755032521,0.1071620012868101,0.19551144699169037,0.2002940871143442,0.5971594828506571,0.10137794967711235,0.5947526532938606,0.1915967506928109,0.595679012345679,0.5958275779947606,"{0: 0.6140319123600857, 1: 0.6140319123600857}","{0: 0.6140319123600857, 1: 0.6140319123600857}",0.6140319123600857,"[[416 230]
 [294 356]]",[1. 1. 0. ... 0. 0. 0.],[1. 1. 1. ... 0. 1. 0.]
887,SVC,"{'C': 10, 'gamma': 0.01, 'kernel': 'rbf'}",0.5847729990479618,0.10802897680827789,0.19550414449076187,0.19927191505387354,0.5970428828158689,0.10106423141379407,0.5932059076957454,0.188511242107669,0.5941358024691358,0.5942843534174803,"{0: 0.6115384615384615, 1: 0.6115384615384616}","{0: 0.6115384615384615, 1: 0.6115384615384616}",0.6115384615384616,"[[415 231]
 [295 355]]",[1. 1. 0. ... 0. 0. 0.],[1. 1. 1. ... 0. 1. 0.]
187,SVC,"{'C': 10, 'gamma': 0.01, 'kernel': 'rbf'}",0.5851077804564917,0.10664549890243985,0.19547155283253786,0.19682555285350364,0.5970116820479148,0.0999433222318597,0.5940090733432261,0.19005013975325336,0.5949074074074074,0.5950535841867111,"{0: 0.6135579899976185, 1: 0.6135579899976185}","{0: 0.6135579899976185, 1: 0.6135579899976185}",0.6135579899976185,"[[415 231]
 [294 356]]",[1. 1. 0. ... 0. 0. 0.],[1. 1. 1. ... 0. 1. 0.]
961,SVC,"{'C': 10, 'gamma': 0.01, 'kernel': 'rbf'}",0.5855796930017616,0.10656188469159948,0.19543066939623302,0.19917688063721498,0.5971254258051057,0.10084391194238473,0.5947526532938606,0.1915967506928109,0.595679012345679,0.5958275779947606,"{0: 0.6132186234817814, 1: 0.6132186234817814}","{0: 0.6132186234817814, 1: 0.6132186234817814}",0.6132186234817814,"[[416 230]
 [294 356]]",[1. 1. 0. ... 0. 0. 0.],[1. 1. 1. ... 0. 1. 0.]
189,SVC,"{'C': 10, 'gamma': 0.01, 'kernel': 'rbf'}",0.5849658583562727,0.10820041988095382,0.19540322159274054,0.200286057023033,0.5970017047517024,0.10157029890579611,0.5939489988378791,0.19005785301049927,0.5949074074074074,0.5950583472255299,"{0: 0.6134746368182901, 1: 0.6134746368182902}","{0: 0.6134746368182901, 1: 0.6134746368182902}",0.6134746368182902,"[[416 230]
 [295 355]]",[1. 1. 0. ... 0. 0. 0.],[1. 1. 1. ... 0. 1. 0.]
269,SVC,"{'C': 10, 'gamma': 0.01, 'kernel': 'rbf'}",0.5849658583562727,0.10820041988095382,0.19540322159274054,0.200286057023033,0.5970017047517024,0.10157029890579611,0.5939489988378791,0.19005785301049927,0.5949074074074074,0.5950583472255299,"{0: 0.6143248392474399, 1: 0.6143248392474399}","{0: 0.6143248392474399, 1: 0.6143248392474399}",0.6143248392474399,"[[416 230]
 [295 355]]",[1. 1. 0. ... 0. 0. 0.],[1. 1. 1. ... 0. 1. 0.]
795,SVC,"{'C': 10, 'gamma': 0.01, 'kernel': 'rbf'}",0.5850691088921609,0.10614389456578212,0.1953923527024041,0.19630386320907384,0.5969478608116796,0.09970273488560209,0.5932651173607387,0.1885035140849095,0.5941358024691358,0.5942795903786615,"{0: 0.6110228625863301, 1: 0.6110228625863301}","{0: 0.6110228625863301, 1: 0.6110228625863301}",0.6110228625863301,"[[414 232]
 [294 356]]",[1. 1. 0. ... 0. 0. 0.],[1. 1. 1. ... 0. 1. 0.]
208,SVC,"{'C': 10, 'gamma': 0.01, 'kernel': 'rbf'}",0.5849429673115805,0.10774624559966947,0.19538567405393145,0.1991149319794811,0.5969677872842066,0.10097955800577885,0.5940090733432261,0.19005013975325336,0.5949074074074074,0.5950535841867111,"{0: 0.6135270302452965, 1: 0.6135270302452964}","{0: 0.6135270302452965, 1: 0.6135270302452964}",0.6135270302452964,"[[415 231]
 [294 356]]",[1. 1. 0. ... 0. 0. 0.],[1. 1. 1. ... 0. 1. 0.]
454,SVC,"{'C': 10, 'gamma': 0.01, 'kernel': 'rbf'}",0.5849913170923247,0.10738512104521906,0.19536545868084587,0.19862930750319935,0.5969968497845335,0.10075442844747846,0.5947526532938606,0.1915967506928109,0.595679012345679,0.5958275779947606,"{0: 0.6122552988806859, 1: 0.6122552988806859}","{0: 0.6122552988806859, 1: 0.6122552988806859}",0.6122552988806859,"[[416 230]
 [294 356]]",[1. 1. 0. ... 0. 0. 0.],[1. 1. 1. ... 0. 1. 0.]
150,SVC,"{'C': 10, 'gamma': 0.01, 'kernel': 'rbf'}",0.5846878958156448,0.10636976499948506,0.19534521217317702,0.1958721484425326,0.5969321443750006,0.09939816241773977,0.5940090733432261,0.19005013975325336,0.5949074074074074,0.5950535841867111,"{0: 0.6142224339128365, 1: 0.6142224339128364}","{0: 0.6142224339128365, 1: 0.6142224339128364}",0.6142224339128364,"[[415 231]
 [294 356]]",[1. 1. 0. ... 0. 0. 0.],[1. 1. 1. ... 0. 1. 0.]
401,SVC,"{'C': 10, 'gamma': 0.01, 'kernel': 'rbf'}",0.5846336750942384,0.10802459018618182,0.19532285180523823,0.1998534554300581,0.5969322839530561,0.10132259363935774,0.5939489988378791,0.19005785301049927,0.5949074074074074,0.5950583472255299,"{0: 0.6134484401047868, 1: 0.6134484401047868}","{0: 0.6134484401047868, 1: 0.6134484401047868}",0.6134484401047868,"[[416 230]
 [295 355]]",[1. 1. 0. ... 0. 0. 0.],[1. 1. 1. ... 0. 1. 0.]
146,SVC,"{'C': 10, 'gamma': 0.01, 'kernel': 'rbf'}",0.5848171929273459,0.10763417425452204,0.19531285589776373,0.19900420837540084,0.5969206236706214,0.10094738937416789,0.5940090733432261,0.19005013975325336,0.5949074074074074,0.5950535841867111,"{0: 0.613799714217671, 1: 0.613799714217671}","{0: 0.613799714217671, 1: 0.613799714217671}",0.613799714217671,"[[415 231]
 [294 356]]",[1. 1. 0. ... 0. 0. 0.],[1. 1. 1. ... 0. 1. 0.]
396,SVC,"{'C': 10, 'gamma': 0.01, 'kernel': 'rbf'}",0.5848492147197317,0.10764250514954779,0.19528105654825811,0.19899884426285222,0.5969206236706214,0.10094738937416789,0.5939489988378791,0.19005785301049927,0.5949074074074074,0.5950583472255299,"{0: 0.6140509645153607, 1: 0.6140509645153608}","{0: 0.6140509645153607, 1: 0.6140509645153608}",0.6140509645153608,"[[416 230]
 [295 355]]",[1. 1. 0. ... 0. 0. 0.],[1. 1. 1. ... 0. 1. 0.]
534,SVC,"{'C': 10, 'gamma': 0.01, 'kernel': 'rbf'}",0.5848492147197317,0.10764250514954779,0.19528105654825811,0.19899884426285222,0.5969206236706214,0.10094738937416789,0.5939489988378791,0.19005785301049927,0.5949074074074074,0.5950583472255299,"{0: 0.6139545129792807, 1: 0.6139545129792807}","{0: 0.6139545129792807, 1: 0.6139545129792807}",0.6139545129792807,"[[416 230]
 [295 355]]",[1. 1. 0. ... 0. 0. 0.],[1. 1. 1. ... 0. 1. 0.]
409,SVC,"{'C': 10, 'gamma': 0.01, 'kernel': 'rbf'}",0.5848492147197317,0.10764250514954779,0.19528105654825811,0.19899884426285222,0.5969206236706214,0.10094738937416789,0.5939489988378791,0.19005785301049927,0.5949074074074074,0.5950583472255299,"{0: 0.613853298404382, 1: 0.6138532984043821}","{0: 0.613853298404382, 1: 0.6138532984043821}",0.6138532984043821,"[[416 230]
 [295 355]]",[1. 1. 0. ... 0. 0. 0.],[1. 1. 1. ... 0. 1. 0.]
775,SVC,"{'C': 10, 'gamma': 0.01, 'kernel': 'rbf'}",0.5848492147197317,0.10764250514954779,0.19528105654825811,0.19899884426285222,0.5969206236706214,0.10094738937416789,0.5939489988378791,0.19005785301049927,0.5949074074074074,0.5950583472255299,"{0: 0.6133186472969755, 1: 0.6133186472969755}","{0: 0.6133186472969755, 1: 0.6133186472969755}",0.6133186472969755,"[[416 230]
 [295 355]]",[1. 1. 0. ... 0. 0. 0.],[1. 1. 1. ... 0. 1. 0.]
110,SVC,"{'C': 10, 'gamma': 0.01, 'kernel': 'rbf'}",0.5851610266040753,0.10700288788425476,0.19524955531411245,0.1984745226361407,0.596901458087116,0.10076039858334397,0.5940090733432261,0.19005013975325336,0.5949074074074074,0.5950535841867111,"{0: 0.6125077399380805, 1: 0.6125077399380805}","{0: 0.6125077399380805, 1: 0.6125077399380805}",0.6125077399380805,"[[415 231]
 [294 356]]",[1. 1. 0. ... 0. 0. 0.],[1. 1. 1. ... 0. 1. 0.]
812,SVC,"{'C': 10, 'gamma': 0.01, 'kernel': 'rbf'}",0.5845741989719775,0.10738249243195729,0.19522099238408394,0.19783458160488532,0.5968924929758239,0.10035789672268576,0.5932059076957454,0.188511242107669,0.5941358024691358,0.5942843534174803,"{0: 0.6134079542748274, 1: 0.6134079542748274}","{0: 0.6134079542748274, 1: 0.6134079542748274}",0.6134079542748274,"[[415 231]
 [295 355]]",[1. 1. 0. ... 0. 0. 0.],[1. 1. 1. ... 0. 1. 0.]
902,SVC,"{'C': 10, 'gamma': 0.01, 'kernel': 'rbf'}",0.5853857324227212,0.10621723994846236,0.19520755230602943,0.19805308184316256,0.5969760005177495,0.10029235119645157,0.5940090733432261,0.19005013975325336,0.5949074074074074,0.5950535841867111,"{0: 0.6121100261967135, 1: 0.6121100261967135}","{0: 0.6121100261967135, 1: 0.6121100261967135}",0.6121100261967135,"[[415 231]
 [294 356]]",[1. 1. 0. ... 0. 0. 0.],[1. 1. 1. ... 0. 1. 0.]
883,SVC,"{'C': 10, 'gamma': 0.01, 'kernel': 'rbf'}",0.5848929322182411,0.10704536286560448,0.1952002789528008,0.19787423087552786,0.59688656662507,0.10041098070874638,0.5939489988378791,0.19005785301049927,0.5949074074074074,0.5950583472255299,"{0: 0.6137937604191475, 1: 0.6137937604191475}","{0: 0.6137937604191475, 1: 0.6137937604191475}",0.6137937604191475,"[[416 230]
 [295 355]]",[1. 1. 0. ... 0. 0. 0.],[1. 1. 1. ... 0. 1. 0.]
145,SVC,"{'C': 10, 'gamma': 0.01, 'kernel': 'rbf'}",0.5848929322182411,0.10704536286560448,0.1952002789528008,0.19787423087552786,0.59688656662507,0.10041098070874638,0.5939489988378791,0.19005785301049927,0.5949074074074074,0.5950583472255299,"{0: 0.61598475827578, 1: 0.6159847582757799}","{0: 0.61598475827578, 1: 0.6159847582757799}",0.6159847582757799,"[[416 230]
 [295 355]]",[1. 1. 0. ... 0. 0. 0.],[1. 1. 1. ... 0. 1. 0.]
790,SVC,"{'C': 10, 'gamma': 0.01, 'kernel': 'rbf'}",0.5852908724944966,0.10662429111250206,0.1951666734545514,0.1987667146430332,0.5969459734647339,0.10062440693989234,0.5940090733432261,0.19005013975325336,0.5949074074074074,0.5950535841867111,"{0: 0.6128721124077161, 1: 0.6128721124077161}","{0: 0.6128721124077161, 1: 0.6128721124077161}",0.6128721124077161,"[[415 231]
 [294 356]]",[1. 1. 0. ... 0. 0. 0.],[1. 1. 1. ... 0. 1. 0.]
844,SVC,"{'C': 10, 'gamma': 0.01, 'kernel': 'rbf'}",0.5848202475579763,0.10749924120491573,0.19515988912945142,0.19868297155912834,0.596881341964673,0.1007975208474965,0.5939489988378791,0.19005785301049927,0.5949074074074074,0.5950583472255299,"{0: 0.6164539175994284, 1: 0.6164539175994284}","{0: 0.6164539175994284, 1: 0.6164539175994284}",0.6164539175994284,"[[416 230]
 [295 355]]",[1. 1. 0. ... 0. 0. 0.],[1. 1. 1. ... 0. 1. 0.]
262,SVC,"{'C': 10, 'gamma': 0.01, 'kernel': 'rbf'}",0.5848333970398386,0.10797471631972108,0.19511987273456147,0.2002581373595667,0.596833382854155,0.10156933919836188,0.5938869682377413,0.1900655661208378,0.5949074074074074,0.5950631102643487,"{0: 0.6146094308168611, 1: 0.6146094308168611}","{0: 0.6146094308168611, 1: 0.6146094308168611}",0.6146094308168611,"[[417 229]
 [296 354]]",[1. 1. 0. ... 0. 0. 0.],[1. 1. 1. ... 0. 1. 0.]
265,SVC,"{'C': 10, 'gamma': 0.01, 'kernel': 'rbf'}",0.5849635052441624,0.10795941705031893,0.1951074282255664,0.20016548042646334,0.5968401639005064,0.10151330634647421,0.5946288279621613,0.19161214753021172,0.595679012345679,0.5958371040723982,"{0: 0.614810669206954, 1: 0.614810669206954}","{0: 0.614810669206954, 1: 0.614810669206954}",0.614810669206954,"[[418 228]
 [296 354]]",[1. 1. 0. ... 0. 0. 0.],[1. 1. 1. ... 0. 1. 0.]
678,SVC,"{'C': 10, 'gamma': 0.01, 'kernel': 'rbf'}",0.5848156152757416,0.10726400650999754,0.19509932690707962,0.19804479481721401,0.5968182224187948,0.10048649037857112,0.5932059076957454,0.188511242107669,0.5941358024691358,0.5942843534174803,"{0: 0.6142593474636819, 1: 0.6142593474636819}","{0: 0.6142593474636819, 1: 0.6142593474636819}",0.6142593474636819,"[[415 231]
 [295 355]]",[1. 1. 0. ... 0. 0. 0.],[1. 1. 1. ... 0. 1. 0.]
65,SVC,"{'C': 10, 'gamma': 0.01, 'kernel': 'rbf'}",0.5850640906036013,0.10726408482947634,0.19508707824881466,0.198865265523261,0.5968569517207706,0.10094486382792203,0.5940090733432261,0.19005013975325336,0.5949074074074074,0.5950535841867111,"{0: 0.6128387711359848, 1: 0.6128387711359847}","{0: 0.6128387711359848, 1: 0.6128387711359847}",0.6128387711359847,"[[415 231]
 [294 356]]",[1. 1. 0. ... 0. 0. 0.],[1. 1. 1. ... 0. 1. 0.]
696,SVC,"{'C': 10, 'gamma': 0.01, 'kernel': 'rbf'}",0.5850274365289809,0.10702002804935706,0.19505831537594848,0.19823307922922875,0.5967938321748923,0.10063427345510402,0.5933223697388296,0.18849578591495642,0.5941358024691358,0.5942748273398428,"{0: 0.6137997142176709, 1: 0.613799714217671}","{0: 0.6137997142176709, 1: 0.613799714217671}",0.613799714217671,"[[413 233]
 [293 357]]",[1. 1. 0. ... 0. 0. 0.],[1. 1. 1. ... 0. 1. 0.]
340,SVC,"{'C': 10, 'gamma': 0.01, 'kernel': 'rbf'}",0.5849670660250349,0.10665890679760427,0.19502643822390886,0.19734651951213386,0.5967520327997597,0.10020804420036368,0.5932651173607387,0.1885035140849095,0.5941358024691358,0.5942795903786615,"{0: 0.6126184805906169, 1: 0.6126184805906169}","{0: 0.6126184805906169, 1: 0.6126184805906169}",0.6126184805906169,"[[414 232]
 [294 356]]",[1. 1. 0. ... 0. 0. 0.],[1. 1. 1. ... 0. 1. 0.]
683,SVC,"{'C': 10, 'gamma': 0.01, 'kernel': 'rbf'}",0.5849121652698908,0.10834770081150787,0.1950170917411598,0.20082775261905514,0.5968349392401093,0.10184378535136894,0.5946917172473712,0.1916044491848241,0.595679012345679,0.5958323410335794,"{0: 0.6142557751845678, 1: 0.6142557751845678}","{0: 0.6142557751845678, 1: 0.6142557751845678}",0.6142557751845678,"[[417 229]
 [295 355]]",[1. 1. 0. ... 0. 0. 0.],[1. 1. 1. ... 0. 1. 0.]
579,SVC,"{'C': 10, 'gamma': 0.01, 'kernel': 'rbf'}",0.5849121652698908,0.10834770081150787,0.1950170917411598,0.20082775261905514,0.5968349392401093,0.10184378535136894,0.5946917172473712,0.1916044491848241,0.595679012345679,0.5958323410335794,"{0: 0.6139747558942604, 1: 0.6139747558942605}","{0: 0.6139747558942604, 1: 0.6139747558942605}",0.6139747558942605,"[[417 229]
 [295 355]]",[1. 1. 0. ... 0. 0. 0.],[1. 1. 1. ... 0. 1. 0.]
267,SVC,"{'C': 10, 'gamma': 0.01, 'kernel': 'rbf'}",0.5849121652698908,0.10834770081150787,0.1950170917411598,0.20082775261905514,0.5968349392401093,0.10184378535136894,0.5946917172473712,0.1916044491848241,0.595679012345679,0.5958323410335794,"{0: 0.6135222672064777, 1: 0.6135222672064777}","{0: 0.6135222672064777, 1: 0.6135222672064777}",0.6135222672064777,"[[417 229]
 [295 355]]",[1. 1. 0. ... 0. 0. 0.],[1. 1. 1. ... 0. 1. 0.]
377,SVC,"{'C': 10, 'gamma': 0.01, 'kernel': 'rbf'}",0.5849075329876561,0.1081143161457433,0.194956529518788,0.200196369828209,0.5967718196942312,0.10153593106117202,0.5939489988378791,0.19005785301049927,0.5949074074074074,0.5950583472255299,"{0: 0.6132043343653251, 1: 0.6132043343653251}","{0: 0.6132043343653251, 1: 0.6132043343653251}",0.6132043343653251,"[[416 230]
 [295 355]]",[1. 1. 0. ... 0. 0. 0.],[1. 1. 1. ... 0. 1. 0.]
990,SVC,"{'C': 10, 'gamma': 0.01, 'kernel': 'rbf'}",0.5849075329876561,0.1081143161457433,0.194956529518788,0.200196369828209,0.5967718196942312,0.10153593106117202,0.5939489988378791,0.19005785301049927,0.5949074074074074,0.5950583472255299,"{0: 0.6132269587997142, 1: 0.6132269587997142}","{0: 0.6132269587997142, 1: 0.6132269587997142}",0.6132269587997142,"[[416 230]
 [295 355]]",[1. 1. 0. ... 0. 0. 0.],[1. 1. 1. ... 0. 1. 0.]
550,SVC,"{'C': 10, 'gamma': 0.01, 'kernel': 'rbf'}",0.5845899852413481,0.1086351329720743,0.19493837722151505,0.20186229187085153,0.596777553625912,0.10231051405264473,0.5939489988378791,0.19005785301049927,0.5949074074074074,0.5950583472255299,"{0: 0.6137413669921409, 1: 0.613741366992141}","{0: 0.6137413669921409, 1: 0.613741366992141}",0.613741366992141,"[[416 230]
 [295 355]]",[1. 1. 0. ... 0. 0. 0.],[1. 1. 1. ... 0. 1. 0.]
969,SVC,"{'C': 10, 'gamma': 0.01, 'kernel': 'rbf'}",0.5849471848755415,0.10782473665774993,0.19493581978139243,0.19982241315247015,0.596800882194558,0.1013642433589907,0.5946917172473712,0.1916044491848241,0.595679012345679,0.5958323410335794,"{0: 0.6136984996427721, 1: 0.6136984996427721}","{0: 0.6136984996427721, 1: 0.6136984996427721}",0.6136984996427721,"[[417 229]
 [295 355]]",[1. 1. 0. ... 0. 0. 0.],[1. 1. 1. ... 0. 1. 0.]
406,SVC,"{'C': 10, 'gamma': 0.01, 'kernel': 'rbf'}",0.5848698464900415,0.10646989352132621,0.19492357650347597,0.19664864964397674,0.5967290527893953,0.0998095831235505,0.5946917172473712,0.1916044491848241,0.595679012345679,0.5958323410335794,"{0: 0.6131578947368421, 1: 0.6131578947368421}","{0: 0.6131578947368421, 1: 0.6131578947368421}",0.6131578947368421,"[[417 229]
 [295 355]]",[1. 1. 0. ... 0. 0. 0.],[1. 1. 1. ... 0. 1. 0.]
258,SVC,"{'C': 10, 'gamma': 0.01, 'kernel': 'rbf'}",0.5848348483273912,0.10856373532063722,0.19491613969543864,0.2009957182264925,0.5967665950338342,0.10191819886330825,0.5939489988378791,0.19005785301049927,0.5949074074074074,0.5950583472255299,"{0: 0.6144534412955465, 1: 0.6144534412955467}","{0: 0.6144534412955465, 1: 0.6144534412955467}",0.6144534412955467,"[[416 230]
 [295 355]]",[1. 1. 0. ... 0. 0. 0.],[1. 1. 1. ... 0. 1. 0.]
163,SVC,"{'C': 10, 'gamma': 0.01, 'kernel': 'rbf'}",0.5848348483273912,0.10856373532063722,0.19491613969543864,0.2009957182264925,0.5967665950338342,0.10191819886330825,0.5939489988378791,0.19005785301049927,0.5949074074074074,0.5950583472255299,"{0: 0.6137175517980471, 1: 0.6137175517980471}","{0: 0.6137175517980471, 1: 0.6137175517980471}",0.6137175517980471,"[[416 230]
 [295 355]]",[1. 1. 0. ... 0. 0. 0.],[1. 1. 1. ... 0. 1. 0.]
890,SVC,"{'C': 10, 'gamma': 0.01, 'kernel': 'rbf'}",0.5848348483273912,0.10856373532063722,0.19491613969543864,0.2009957182264925,0.5967665950338342,0.10191819886330825,0.5939489988378791,0.19005785301049927,0.5949074074074074,0.5950583472255299,"{0: 0.614270064301024, 1: 0.614270064301024}","{0: 0.614270064301024, 1: 0.614270064301024}",0.614270064301024,"[[416 230]
 [295 355]]",[1. 1. 0. ... 0. 0. 0.],[1. 1. 1. ... 0. 1. 0.]
589,SVC,"{'C': 10, 'gamma': 0.01, 'kernel': 'rbf'}",0.5847782425579805,0.10754772107727313,0.19488480549967285,0.1989373942146601,0.5966907386131501,0.10091262467822451,0.5938869682377413,0.1900655661208378,0.5949074074074074,0.5950631102643487,"{0: 0.6124910693022148, 1: 0.6124910693022148}","{0: 0.6124910693022148, 1: 0.6124910693022148}",0.6124910693022148,"[[417 229]
 [296 354]]",[1. 1. 0. ... 0. 0. 0.],[1. 1. 1. ... 0. 1. 0.]
408,SVC,"{'C': 10, 'gamma': 0.01, 'kernel': 'rbf'}",0.5848658386294923,0.10818223812479444,0.19487521592511556,0.20039266647003479,0.5967471891523592,0.10165515485823577,0.5938869682377413,0.1900655661208378,0.5949074074074074,0.5950631102643487,"{0: 0.6130721600381044, 1: 0.6130721600381044}","{0: 0.6130721600381044, 1: 0.6130721600381044}",0.6130721600381044,"[[417 229]
 [296 354]]",[1. 1. 0. ... 0. 0. 0.],[1. 1. 1. ... 0. 1. 0.]
128,SVC,"{'C': 10, 'gamma': 0.01, 'kernel': 'rbf'}",0.5848785658259006,0.10797169387878176,0.19483536209998134,0.19988219284819383,0.5967325379882829,0.10138687485790564,0.5939489988378791,0.19005785301049927,0.5949074074074074,0.5950583472255299,"{0: 0.6121552750654917, 1: 0.6121552750654917}","{0: 0.6121552750654917, 1: 0.6121552750654917}",0.6121552750654917,"[[416 230]
 [295 355]]",[1. 1. 0. ... 0. 0. 0.],[1. 1. 1. ... 0. 1. 0.]
104,SVC,"{'C': 10, 'gamma': 0.01, 'kernel': 'rbf'}",0.584790889351115,0.10755589152413385,0.19483436447430555,0.19890830232093412,0.5966907386131501,0.10091262467822451,0.5939489988378791,0.19005785301049927,0.5949074074074074,0.5950583472255299,"{0: 0.6130602524410573, 1: 0.6130602524410573}","{0: 0.6130602524410573, 1: 0.6130602524410573}",0.6130602524410573,"[[416 230]
 [295 355]]",[1. 1. 0. ... 0. 0. 0.],[1. 1. 1. ... 0. 1. 0.]
374,SVC,"{'C': 10, 'gamma': 0.01, 'kernel': 'rbf'}",0.584790889351115,0.10755589152413385,0.19483436447430555,0.19890830232093412,0.5966907386131501,0.10091262467822451,0.5939489988378791,0.19005785301049927,0.5949074074074074,0.5950583472255299,"{0: 0.6122076684924982, 1: 0.6122076684924982}","{0: 0.6122076684924982, 1: 0.6122076684924982}",0.6122076684924982,"[[416 230]
 [295 355]]",[1. 1. 0. ... 0. 0. 0.],[1. 1. 1. ... 0. 1. 0.]
337,SVC,"{'C': 10, 'gamma': 0.01, 'kernel': 'rbf'}",0.584790889351115,0.10755589152413385,0.19483436447430555,0.19890830232093412,0.5966907386131501,0.10091262467822451,0.5939489988378791,0.19005785301049927,0.5949074074074074,0.5950583472255299,"{0: 0.613536556322934, 1: 0.613536556322934}","{0: 0.613536556322934, 1: 0.613536556322934}",0.613536556322934,"[[416 230]
 [295 355]]",[1. 1. 0. ... 0. 0. 0.],[1. 1. 1. ... 0. 1. 0.]
657,SVC,"{'C': 10, 'gamma': 0.01, 'kernel': 'rbf'}",0.584790889351115,0.10755589152413385,0.19483436447430555,0.19890830232093412,0.5966907386131501,0.10091262467822451,0.5939489988378791,0.19005785301049927,0.5949074074074074,0.5950583472255299,"{0: 0.6141938556799239, 1: 0.6141938556799238}","{0: 0.6141938556799239, 1: 0.6141938556799238}",0.6141938556799238,"[[416 230]
 [295 355]]",[1. 1. 0. ... 0. 0. 0.],[1. 1. 1. ... 0. 1. 0.]
580,SVC,"{'C': 10, 'gamma': 0.01, 'kernel': 'rbf'}",0.584790889351115,0.10755589152413385,0.19483436447430555,0.19890830232093412,0.5966907386131501,0.10091262467822451,0.5939489988378791,0.19005785301049927,0.5949074074074074,0.5950583472255299,"{0: 0.6115479876160991, 1: 0.611547987616099}","{0: 0.6115479876160991, 1: 0.611547987616099}",0.611547987616099,"[[416 230]
 [295 355]]",[1. 1. 0. ... 0. 0. 0.],[1. 1. 1. ... 0. 1. 0.]
850,SVC,"{'C': 10, 'gamma': 0.01, 'kernel': 'rbf'}",0.5847182046908502,0.10800755582945439,0.19479397465095624,0.19971278155575706,0.596685513952753,0.1012972405117126,0.5939489988378791,0.19005785301049927,0.5949074074074074,0.5950583472255299,"{0: 0.6140557275541796, 1: 0.6140557275541796}","{0: 0.6140557275541796, 1: 0.6140557275541796}",0.6140557275541796,"[[416 230]
 [295 355]]",[1. 1. 0. ... 0. 0. 0.],[1. 1. 1. ... 0. 1. 0.]
920,SVC,"{'C': 10, 'gamma': 0.01, 'kernel': 'rbf'}",0.5847182046908502,0.10800755582945439,0.19479397465095624,0.19971278155575706,0.596685513952753,0.1012972405117126,0.5939489988378791,0.19005785301049927,0.5949074074074074,0.5950583472255299,"{0: 0.6134341509883304, 1: 0.6134341509883305}","{0: 0.6134341509883304, 1: 0.6134341509883305}",0.6134341509883305,"[[416 230]
 [295 355]]",[1. 1. 0. ... 0. 0. 0.],[1. 1. 1. ... 0. 1. 0.]
847,SVC,"{'C': 10, 'gamma': 0.01, 'kernel': 'rbf'}",0.5841846129309115,0.1105703149214317,0.1947754215579816,0.20283121597383574,0.5966256977405453,0.1030182355555435,0.5946288279621613,0.19161214753021172,0.595679012345679,0.5958371040723982,"{0: 0.6143105501309836, 1: 0.6143105501309835}","{0: 0.6143105501309836, 1: 0.6143105501309835}",0.6143105501309835,"[[418 228]
 [296 354]]",[1. 1. 0. ... 0. 0. 0.],[1. 1. 1. ... 0. 1. 0.]
699,SVC,"{'C': 10, 'gamma': 0.01, 'kernel': 'rbf'}",0.5847619221893596,0.10741249632734873,0.1947131970554989,0.19859201306386776,0.5966514569072018,0.10076261482531791,0.5939489988378791,0.19005785301049927,0.5949074074074074,0.5950583472255299,"{0: 0.6142283877113598, 1: 0.6142283877113598}","{0: 0.6142283877113598, 1: 0.6142283877113598}",0.6142283877113598,"[[416 230]
 [295 355]]",[1. 1. 0. ... 0. 0. 0.],[1. 1. 1. ... 0. 1. 0.]
95,SVC,"{'C': 10, 'gamma': 0.01, 'kernel': 'rbf'}",0.5846673243526542,0.10669102392270616,0.19470141162696064,0.19704390718946996,0.5965964182993175,0.10004385874538825,0.5932651173607387,0.1885035140849095,0.5941358024691358,0.5942795903786615,"{0: 0.6131162181471779, 1: 0.6131162181471779}","{0: 0.6131162181471779, 1: 0.6131162181471779}",0.6131162181471779,"[[414 232]
 [294 356]]",[1. 1. 0. ... 0. 0. 0.],[1. 1. 1. ... 0. 1. 0.]
788,SVC,"{'C': 10, 'gamma': 0.01, 'kernel': 'rbf'}",0.5844837882975451,0.10809399722230044,0.19456235399372396,0.2002154720533376,0.596547159297157,0.10152025354741212,0.593144739068926,0.18851896998323947,0.5941358024691358,0.5942891164562991,"{0: 0.6140747797094546, 1: 0.6140747797094547}","{0: 0.6140747797094546, 1: 0.6140747797094547}",0.6140747797094547,"[[416 230]
 [296 354]]",[1. 1. 0. ... 0. 0. 0.],[1. 1. 1. ... 0. 1. 0.]
888,SVC,"{'C': 10, 'gamma': 0.01, 'kernel': 'rbf'}",0.5844964350906797,0.10810216082916772,0.19451191296835668,0.20018648464681296,0.596547159297157,0.10152025354741212,0.5932059076957454,0.188511242107669,0.5941358024691358,0.5942843534174803,"{0: 0.6119052155275065, 1: 0.6119052155275067}","{0: 0.6119052155275065, 1: 0.6119052155275067}",0.6119052155275067,"[[415 231]
 [295 355]]",[1. 1. 0. ... 0. 0. 0.],[1. 1. 1. ... 0. 1. 0.]
531,SVC,"{'C': 10, 'gamma': 0.01, 'kernel': 'rbf'}",0.5844964350906797,0.10810216082916772,0.19451191296835668,0.20018648464681296,0.596547159297157,0.10152025354741212,0.5932059076957454,0.188511242107669,0.5941358024691358,0.5942843534174803,"{0: 0.6174732079066445, 1: 0.6174732079066444}","{0: 0.6174732079066445, 1: 0.6174732079066444}",0.6174732079066444,"[[415 231]
 [295 355]]",[1. 1. 0. ... 0. 0. 0.],[1. 1. 1. ... 0. 1. 0.]
222,SVC,"{'C': 10, 'gamma': 0.01, 'kernel': 'rbf'}",0.5844184630184694,0.10803858160140353,0.194468948054008,0.19941338119591898,0.5965298994523109,0.10113472095625028,0.5939489988378791,0.19005785301049927,0.5949074074074074,0.5950583472255299,"{0: 0.613691355084544, 1: 0.613691355084544}","{0: 0.613691355084544, 1: 0.613691355084544}",0.613691355084544,"[[416 230]
 [295 355]]",[1. 1. 0. ... 0. 0. 0.],[1. 1. 1. ... 0. 1. 0.]
244,SVC,"{'C': 10, 'gamma': 0.01, 'kernel': 'rbf'}",0.5844184630184694,0.10803858160140353,0.194468948054008,0.19941338119591898,0.5965298994523109,0.10113472095625028,0.5939489988378791,0.19005785301049927,0.5949074074074074,0.5950583472255299,"{0: 0.6152131459871398, 1: 0.6152131459871397}","{0: 0.6152131459871398, 1: 0.6152131459871397}",0.6152131459871397,"[[416 230]
 [295 355]]",[1. 1. 0. ... 0. 0. 0.],[1. 1. 1. ... 0. 1. 0.]
793,SVC,"{'C': 10, 'gamma': 0.01, 'kernel': 'rbf'}",0.5844636910340129,0.10894774442672134,0.19445037550107133,0.20246698744638345,0.5965424439080437,0.1026050629682386,0.5939489988378791,0.19005785301049927,0.5949074074074074,0.5950583472255299,"{0: 0.6118671112169565, 1: 0.6118671112169565}","{0: 0.6118671112169565, 1: 0.6118671112169565}",0.6118671112169565,"[[416 230]
 [295 355]]",[1. 1. 0. ... 0. 0. 0.],[1. 1. 1. ... 0. 1. 0.]
802,SVC,"{'C': 10, 'gamma': 0.01, 'kernel': 'rbf'}",0.5846623060640946,0.10780551049852308,0.19439613717337118,0.19959475601328874,0.5965055092084086,0.1012814887508949,0.5940090733432261,0.19005013975325336,0.5949074074074074,0.5950535841867111,"{0: 0.6141676589664206, 1: 0.6141676589664206}","{0: 0.6141676589664206, 1: 0.6141676589664206}",0.6141676589664206,"[[415 231]
 [294 356]]",[1. 1. 0. ... 0. 0. 0.],[1. 1. 1. ... 0. 1. 0.]
588,SVC,"{'C': 10, 'gamma': 0.01, 'kernel': 'rbf'}",0.5843797914541389,0.10754322720616769,0.1943897479238742,0.1988980800356063,0.5964660782160759,0.10089666977608444,0.5932059076957454,0.188511242107669,0.5941358024691358,0.5942843534174803,"{0: 0.6145748987854251, 1: 0.614574898785425}","{0: 0.6145748987854251, 1: 0.614574898785425}",0.614574898785425,"[[415 231]
 [295 355]]",[1. 1. 0. ... 0. 0. 0.],[1. 1. 1. ... 0. 1. 0.]
935,SVC,"{'C': 10, 'gamma': 0.01, 'kernel': 'rbf'}",0.5843797914541389,0.10754322720616769,0.1943897479238742,0.1988980800356063,0.5964660782160759,0.10089666977608444,0.5932059076957454,0.188511242107669,0.5941358024691358,0.5942843534174803,"{0: 0.6136270540604906, 1: 0.6136270540604907}","{0: 0.6136270540604906, 1: 0.6136270540604907}",0.6136270540604907,"[[415 231]
 [295 355]]",[1. 1. 0. ... 0. 0. 0.],[1. 1. 1. ... 0. 1. 0.]
435,SVC,"{'C': 10, 'gamma': 0.01, 'kernel': 'rbf'}",0.5843577956777213,0.10806680216064052,0.1943881900556795,0.19946447231343237,0.5965298994523109,0.10113472095625028,0.5938869682377413,0.1900655661208378,0.5949074074074074,0.5950631102643487,"{0: 0.6132698261490831, 1: 0.6132698261490831}","{0: 0.6132698261490831, 1: 0.6132698261490831}",0.6132698261490831,"[[417 229]
 [296 354]]",[1. 1. 0. ... 0. 0. 0.],[1. 1. 1. ... 0. 1. 0.]
613,SVC,"{'C': 10, 'gamma': 0.01, 'kernel': 'rbf'}",0.5843555401139297,0.10735017982635951,0.19426766068192575,0.19848120297265268,0.5964267965101275,0.10069526538170348,0.5932059076957454,0.188511242107669,0.5941358024691358,0.5942843534174803,"{0: 0.6136246725410812, 1: 0.6136246725410812}","{0: 0.6136246725410812, 1: 0.6136246725410812}",0.6136246725410812,"[[415 231]
 [295 355]]",[1. 1. 0. ... 0. 0. 0.],[1. 1. 1. ... 0. 1. 0.]
787,SVC,"{'C': 10, 'gamma': 0.01, 'kernel': 'rbf'}",0.5843555401139297,0.10735017982635951,0.19426766068192575,0.19848120297265268,0.5964267965101275,0.10069526538170348,0.5932059076957454,0.188511242107669,0.5941358024691358,0.5942843534174803,"{0: 0.614486782567278, 1: 0.614486782567278}","{0: 0.614486782567278, 1: 0.614486782567278}",0.614486782567278,"[[415 231]
 [295 355]]",[1. 1. 0. ... 0. 0. 0.],[1. 1. 1. ... 0. 1. 0.]
805,SVC,"{'C': 10, 'gamma': 0.01, 'kernel': 'rbf'}",0.5843555401139297,0.10735017982635951,0.19426766068192575,0.19848120297265268,0.5964267965101275,0.10069526538170348,0.5932059076957454,0.188511242107669,0.5941358024691358,0.5942843534174803,"{0: 0.6150226244343892, 1: 0.6150226244343892}","{0: 0.6150226244343892, 1: 0.6150226244343892}",0.6150226244343892,"[[415 231]
 [295 355]]",[1. 1. 0. ... 0. 0. 0.],[1. 1. 1. ... 0. 1. 0.]
760,SVC,"{'C': 10, 'gamma': 0.01, 'kernel': 'rbf'}",0.5844386958816201,0.1078217555802848,0.1942668022712163,0.19958526585527375,0.5964685958852602,0.10123088645639793,0.5932059076957454,0.188511242107669,0.5941358024691358,0.5942843534174803,"{0: 0.6128316265777567, 1: 0.6128316265777566}","{0: 0.6128316265777567, 1: 0.6128316265777566}",0.6128316265777566,"[[415 231]
 [295 355]]",[1. 1. 0. ... 0. 0. 0.],[1. 1. 1. ... 0. 1. 0.]
880,SVC,"{'C': 10, 'gamma': 0.01, 'kernel': 'rbf'}",0.5845900350557738,0.10692941866423822,0.19413520740205897,0.1981253518726502,0.596339286720347,0.10058282298327535,0.5925207827623886,0.18695687368756875,0.5933641975308642,0.5935055965706121,"{0: 0.6115408430578709, 1: 0.6115408430578709}","{0: 0.6115408430578709, 1: 0.6115408430578709}",0.6115408430578709,"[[413 233]
 [294 356]]",[1. 1. 0. ... 0. 0. 0.],[1. 1. 1. ... 0. 1. 0.]
770,SVC,"{'C': 10, 'gamma': 0.01, 'kernel': 'rbf'}",0.5843621263724447,0.10864082254169499,0.19413491449565207,0.20145389288542973,0.5963751691251669,0.1021238491471886,0.5938869682377413,0.1900655661208378,0.5949074074074074,0.5950631102643487,"{0: 0.6126053822338653, 1: 0.6126053822338653}","{0: 0.6126053822338653, 1: 0.6126053822338653}",0.6126053822338653,"[[417 229]
 [296 354]]",[1. 1. 0. ... 0. 0. 0.],[1. 1. 1. ... 0. 1. 0.]
717,SVC,"{'C': 10, 'gamma': 0.01, 'kernel': 'rbf'}",0.5844474578258442,0.10820020309569214,0.1941248632936341,0.20062750597099643,0.5963803937855638,0.10174237412057403,0.5939489988378791,0.19005785301049927,0.5949074074074074,0.5950583472255299,"{0: 0.6117075494165278, 1: 0.6117075494165278}","{0: 0.6117075494165278, 1: 0.6117075494165278}",0.6117075494165278,"[[416 230]
 [295 355]]",[1. 1. 0. ... 0. 0. 0.],[1. 1. 1. ... 0. 1. 0.]
827,SVC,"{'C': 10, 'gamma': 0.01, 'kernel': 'rbf'}",0.5844474578258442,0.10820020309569214,0.1941248632936341,0.20062750597099643,0.5963803937855638,0.10174237412057403,0.5939489988378791,0.19005785301049927,0.5949074074074074,0.5950583472255299,"{0: 0.6157823291259823, 1: 0.6157823291259824}","{0: 0.6157823291259823, 1: 0.6157823291259824}",0.6157823291259824,"[[416 230]
 [295 355]]",[1. 1. 0. ... 0. 0. 0.],[1. 1. 1. ... 0. 1. 0.]
268,SVC,"{'C': 10, 'gamma': 0.01, 'kernel': 'rbf'}",0.5844474578258442,0.10820020309569214,0.1941248632936341,0.20062750597099643,0.5963803937855638,0.10174237412057403,0.5939489988378791,0.19005785301049927,0.5949074074074074,0.5950583472255299,"{0: 0.6122695879971422, 1: 0.6122695879971423}","{0: 0.6122695879971422, 1: 0.6122695879971423}",0.6122695879971423,"[[416 230]
 [295 355]]",[1. 1. 0. ... 0. 0. 0.],[1. 1. 1. ... 0. 1. 0.]
261,SVC,"{'C': 10, 'gamma': 0.01, 'kernel': 'rbf'}",0.5844474578258442,0.10820020309569214,0.1941248632936341,0.20062750597099643,0.5963803937855638,0.10174237412057403,0.5939489988378791,0.19005785301049927,0.5949074074074074,0.5950583472255299,"{0: 0.6123338890211955, 1: 0.6123338890211956}","{0: 0.6123338890211955, 1: 0.6123338890211956}",0.6123338890211956,"[[416 230]
 [295 355]]",[1. 1. 0. ... 0. 0. 0.],[1. 1. 1. ... 0. 1. 0.]
167,SVC,"{'C': 10, 'gamma': 0.01, 'kernel': 'rbf'}",0.584424566781152,0.10774591776442943,0.19410731575482498,0.19945827329899915,0.5963464763180681,0.10115242982910268,0.5940090733432261,0.19005013975325336,0.5949074074074074,0.5950535841867111,"{0: 0.6139271255060729, 1: 0.6139271255060729}","{0: 0.6139271255060729, 1: 0.6139271255060729}",0.6139271255060729,"[[415 231]
 [294 356]]",[1. 1. 0. ... 0. 0. 0.],[1. 1. 1. ... 0. 1. 0.]
484,SVC,"{'C': 10, 'gamma': 0.01, 'kernel': 'rbf'}",0.5843747731655793,0.1086489592230087,0.1940844734702848,0.2014249766623517,0.5963751691251669,0.1021238491471886,0.5939489988378791,0.19005785301049927,0.5949074074074074,0.5950583472255299,"{0: 0.6115086925458443, 1: 0.6115086925458443}","{0: 0.6115086925458443, 1: 0.6115086925458443}",0.6115086925458443,"[[416 230]
 [295 355]]",[1. 1. 0. ... 0. 0. 0.],[1. 1. 1. ... 0. 1. 0.]
892,SVC,"{'C': 10, 'gamma': 0.01, 'kernel': 'rbf'}",0.5843747731655793,0.1086489592230087,0.1940844734702848,0.2014249766623517,0.5963751691251669,0.1021238491471886,0.5939489988378791,0.19005785301049927,0.5949074074074074,0.5950583472255299,"{0: 0.6145510835913313, 1: 0.6145510835913313}","{0: 0.6145510835913313, 1: 0.6145510835913313}",0.6145510835913313,"[[416 230]
 [295 355]]",[1. 1. 0. ... 0. 0. 0.],[1. 1. 1. ... 0. 1. 0.]
570,SVC,"{'C': 10, 'gamma': 0.01, 'kernel': 'rbf'}",0.5843518821208871,0.10819654272451389,0.19406692593147562,0.200260396587096,0.5963412516576712,0.10153611957753716,0.5940090733432261,0.19005013975325336,0.5949074074074074,0.5950535841867111,"{0: 0.614432007620862, 1: 0.6144320076208621}","{0: 0.614432007620862, 1: 0.6144320076208621}",0.6144320076208621,"[[415 231]
 [294 356]]",[1. 1. 0. ... 0. 0. 0.],[1. 1. 1. ... 0. 1. 0.]
185,SVC,"{'C': 10, 'gamma': 0.01, 'kernel': 'rbf'}",0.584080049781758,0.10757344394881468,0.19406472132692595,0.1985967898940635,0.5963104637156339,0.10073316496938836,0.5932059076957454,0.188511242107669,0.5941358024691358,0.5942843534174803,"{0: 0.6136127649440344, 1: 0.6136127649440343}","{0: 0.6136127649440344, 1: 0.6136127649440343}",0.6136127649440343,"[[415 231]
 [295 355]]",[1. 1. 0. ... 0. 0. 0.],[1. 1. 1. ... 0. 1. 0.]
900,SVC,"{'C': 10, 'gamma': 0.01, 'kernel': 'rbf'}",0.5843701408833446,0.10841620010893631,0.19402391124791293,0.20079519050747038,0.5963120495792887,0.10181655663711758,0.5932059076957454,0.188511242107669,0.5941358024691358,0.5942843534174803,"{0: 0.613810431055013, 1: 0.6138104310550131}","{0: 0.613810431055013, 1: 0.6138104310550131}",0.6138104310550131,"[[415 231]
 [295 355]]",[1. 1. 0. ... 0. 0. 0.],[1. 1. 1. ... 0. 1. 0.]
459,SVC,"{'C': 10, 'gamma': 0.01, 'kernel': 'rbf'}",0.5843701408833446,0.10841620010893631,0.19402391124791293,0.20079519050747038,0.5963120495792887,0.10181655663711758,0.5932059076957454,0.188511242107669,0.5941358024691358,0.5942843534174803,"{0: 0.6130483448440105, 1: 0.6130483448440105}","{0: 0.6130483448440105, 1: 0.6130483448440105}",0.6130483448440105,"[[415 231]
 [295 355]]",[1. 1. 0. ... 0. 0. 0.],[1. 1. 1. ... 0. 1. 0.]
303,SVC,"{'C': 10, 'gamma': 0.01, 'kernel': 'rbf'}",0.5844184906640887,0.10805757085552772,0.19400369587482744,0.20031350213066546,0.5963411120796155,0.10159346946004699,0.5939489988378791,0.19005785301049927,0.5949074074074074,0.5950583472255299,"{0: 0.6115241724220053, 1: 0.6115241724220052}","{0: 0.6115241724220053, 1: 0.6115241724220052}",0.6115241724220052,"[[416 230]
 [295 355]]",[1. 1. 0. ... 0. 0. 0.],[1. 1. 1. ... 0. 1. 0.]
800,SVC,"{'C': 10, 'gamma': 0.01, 'kernel': 'rbf'}",0.5842882233517424,0.10893715639021763,0.1939830266668602,0.20170021265729182,0.5963068249188916,0.10224944885995928,0.5932059076957454,0.188511242107669,0.5941358024691358,0.5942843534174803,"{0: 0.6115075017861396, 1: 0.6115075017861396}","{0: 0.6115075017861396, 1: 0.6115075017861396}",0.6115075017861396,"[[415 231]
 [295 355]]",[1. 1. 0. ... 0. 0. 0.],[1. 1. 1. ... 0. 1. 0.]
785,SVC,"{'C': 10, 'gamma': 0.01, 'kernel': 'rbf'}",0.584413858381854,0.10782353699466035,0.19394313365245566,0.1996801859454591,0.5962779925337374,0.10128454659226473,0.5932059076957454,0.188511242107669,0.5941358024691358,0.5942843534174803,"{0: 0.6139914265301263, 1: 0.6139914265301263}","{0: 0.6139914265301263, 1: 0.6139914265301263}",0.6139914265301263,"[[415 231]
 [295 355]]",[1. 1. 0. ... 0. 0. 0.],[1. 1. 1. ... 0. 1. 0.]
715,SVC,"{'C': 10, 'gamma': 0.01, 'kernel': 'rbf'}",0.5843318041748077,0.10651822476349292,0.19393181019768094,0.19660537394199817,0.5962061631285747,0.09978004755843065,0.5932059076957454,0.188511242107669,0.5941358024691358,0.5942843534174803,"{0: 0.6147535127411288, 1: 0.6147535127411289}","{0: 0.6147535127411288, 1: 0.6147535127411289}",0.6147535127411289,"[[415 231]
 [295 355]]",[1. 1. 0. ... 0. 0. 0.],[1. 1. 1. ... 0. 1. 0.]
257,SVC,"{'C': 10, 'gamma': 0.01, 'kernel': 'rbf'}",0.5843411737215891,0.10827383172311086,0.1939027438291063,0.20048138828939613,0.5962727678733403,0.10166773421948574,0.5932059076957454,0.188511242107669,0.5941358024691358,0.5942843534174803,"{0: 0.6149869016432484, 1: 0.6149869016432483}","{0: 0.6149869016432484, 1: 0.6149869016432483}",0.6149869016432483,"[[415 231]
 [295 355]]",[1. 1. 0. ... 0. 0. 0.],[1. 1. 1. ... 0. 1. 0.]
952,SVC,"{'C': 10, 'gamma': 0.01, 'kernel': 'rbf'}",0.5843411737215891,0.10827383172311086,0.1939027438291063,0.20048138828939613,0.5962727678733403,0.10166773421948574,0.5932059076957454,0.188511242107669,0.5941358024691358,0.5942843534174803,"{0: 0.6139652298166229, 1: 0.6139652298166229}","{0: 0.6139652298166229, 1: 0.6139652298166229}",0.6139652298166229,"[[415 231]
 [295 355]]",[1. 1. 0. ... 0. 0. 0.],[1. 1. 1. ... 0. 1. 0.]
46,SVC,"{'C': 10, 'gamma': 0.01, 'kernel': 'rbf'}",0.5843411737215891,0.10827383172311086,0.1939027438291063,0.20048138828939613,0.5962727678733403,0.10166773421948574,0.5932059076957454,0.188511242107669,0.5941358024691358,0.5942843534174803,"{0: 0.6145963324601096, 1: 0.6145963324601096}","{0: 0.6145963324601096, 1: 0.6145963324601096}",0.6145963324601096,"[[415 231]
 [295 355]]",[1. 1. 0. ... 0. 0. 0.],[1. 1. 1. ... 0. 1. 0.]
738,SVC,"{'C': 10, 'gamma': 0.01, 'kernel': 'rbf'}",0.5839831137812841,0.10783228714352654,0.19390224426162816,0.19898632524754503,0.5962659573492884,0.10091741935508149,0.5932059076957454,0.188511242107669,0.5941358024691358,0.5942843534174803,"{0: 0.6133317456537272, 1: 0.6133317456537271}","{0: 0.6133317456537272, 1: 0.6133317456537271}",0.6133317456537271,"[[415 231]
 [295 355]]",[1. 1. 0. ... 0. 0. 0.],[1. 1. 1. ... 0. 1. 0.]
840,SVC,"{'C': 10, 'gamma': 0.01, 'kernel': 'rbf'}",0.5842534972468036,0.10785875729495424,0.19390174620343054,0.1995104180338193,0.5962309684982076,0.10119461038569477,0.5932059076957454,0.188511242107669,0.5941358024691358,0.5942843534174803,"{0: 0.6146725410812098, 1: 0.6146725410812098}","{0: 0.6146725410812098, 1: 0.6146725410812098}",0.6146725410812098,"[[415 231]
 [295 355]]",[1. 1. 0. ... 0. 0. 0.],[1. 1. 1. ... 0. 1. 0.]
957,SVC,"{'C': 10, 'gamma': 0.01, 'kernel': 'rbf'}",0.5842534972468036,0.10785875729495424,0.19390174620343054,0.1995104180338193,0.5962309684982076,0.10119461038569477,0.5932059076957454,0.188511242107669,0.5941358024691358,0.5942843534174803,"{0: 0.6145653727077875, 1: 0.6145653727077875}","{0: 0.6145653727077875, 1: 0.6145653727077875}",0.6145653727077875,"[[415 231]
 [295 355]]",[1. 1. 0. ... 0. 0. 0.],[1. 1. 1. ... 0. 1. 0.]
736,SVC,"{'C': 10, 'gamma': 0.01, 'kernel': 'rbf'}",0.5840464503377679,0.10719446036846607,0.19388299168574746,0.1976396812488364,0.5962080624638074,0.10027065816881027,0.5924624412416764,0.18696461647612284,0.5933641975308642,0.5935103596094308,"{0: 0.6141700404858299, 1: 0.61417004048583}","{0: 0.6141700404858299, 1: 0.61417004048583}",0.61417004048583,"[[414 232]
 [295 355]]",[1. 1. 0. ... 0. 0. 0.],[1. 1. 1. ... 0. 1. 0.]
117,SVC,"{'C': 10, 'gamma': 0.01, 'kernel': 'rbf'}",0.5842245300850482,0.10771562076823064,0.19378057878462385,0.19919451754176218,0.5961916867922592,0.10104484042736084,0.5932059076957454,0.188511242107669,0.5941358024691358,0.5942843534174803,"{0: 0.6146391998094785, 1: 0.6146391998094785}","{0: 0.6146391998094785, 1: 0.6146391998094785}",0.6146391998094785,"[[415 231]
 [295 355]]",[1. 1. 0. ... 0. 0. 0.],[1. 1. 1. ... 0. 1. 0.]
582,SVC,"{'C': 10, 'gamma': 0.01, 'kernel': 'rbf'}",0.5842245300850482,0.10771562076823064,0.19378057878462385,0.19919451754176218,0.5961916867922592,0.10104484042736084,0.5932059076957454,0.188511242107669,0.5941358024691358,0.5942843534174803,"{0: 0.614664205763277, 1: 0.614664205763277}","{0: 0.614664205763277, 1: 0.614664205763277}",0.614664205763277,"[[415 231]
 [295 355]]",[1. 1. 0. ... 0. 0. 0.],[1. 1. 1. ... 0. 1. 0.]
985,SVC,"{'C': 10, 'gamma': 0.01, 'kernel': 'rbf'}",0.5842245300850482,0.10771562076823064,0.19378057878462385,0.19919451754176218,0.5961916867922592,0.10104484042736084,0.5932059076957454,0.188511242107669,0.5941358024691358,0.5942843534174803,"{0: 0.6152953084067635, 1: 0.6152953084067636}","{0: 0.6152953084067635, 1: 0.6152953084067636}",0.6152953084067636,"[[415 231]
 [295 355]]",[1. 1. 0. ... 0. 0. 0.],[1. 1. 1. ... 0. 1. 0.]
756,SVC,"{'C': 10, 'gamma': 0.01, 'kernel': 'rbf'}",0.5845410577909381,0.10702857804542801,0.19374815772733642,0.19857021670940783,0.5961725212087537,0.10080666524933596,0.5932651173607387,0.1885035140849095,0.5941358024691358,0.5942795903786615,"{0: 0.6125648964039057, 1: 0.6125648964039057}","{0: 0.6125648964039057, 1: 0.6125648964039057}",0.6125648964039057,"[[414 232]
 [294 356]]",[1. 1. 0. ... 0. 0. 0.],[1. 1. 1. ... 0. 1. 0.]
803,SVC,"{'C': 10, 'gamma': 0.01, 'kernel': 'rbf'}",0.5845410577909381,0.10702857804542801,0.19374815772733642,0.19857021670940783,0.5961725212087537,0.10080666524933596,0.5932651173607387,0.1885035140849095,0.5941358024691358,0.5942795903786615,"{0: 0.61299237913789, 1: 0.61299237913789}","{0: 0.61299237913789, 1: 0.61299237913789}",0.61299237913789,"[[414 232]
 [294 356]]",[1. 1. 0. ... 0. 0. 0.],[1. 1. 1. ... 0. 1. 0.]
824,SVC,"{'C': 10, 'gamma': 0.01, 'kernel': 'rbf'}",0.584348412771983,0.10817540808631855,0.1937094762048771,0.2006493299217357,0.5961505087280926,0.10175860718412255,0.5940090733432261,0.19005013975325336,0.5949074074074074,0.5950535841867111,"{0: 0.6142450583472255, 1: 0.6142450583472255}","{0: 0.6142450583472255, 1: 0.6142450583472255}",0.6142450583472255,"[[415 231]
 [294 356]]",[1. 1. 0. ... 0. 0. 0.],[1. 1. 1. ... 0. 1. 0.]
367,SVC,"{'C': 1, 'gamma': 0.01, 'kernel': 'rbf'}",0.5826559044391886,0.11515495825884157,0.19370607991220712,0.21126820572191357,0.5966919738181595,0.10692431790564022,0.5904394537864145,0.1855498319415746,0.5925925925925926,0.5928173374613004,"{0: 0.6058823529411764, 1: 0.6058823529411764}","{0: 0.6058823529411764, 1: 0.6058823529411764}",0.6058823529411764,"[[430 216]
 [312 338]]",[1. 1. 0. ... 0. 0. 0.],[1. 1. 1. ... 0. 1. 0.]
671,SVC,"{'C': 10, 'gamma': 0.01, 'kernel': 'rbf'}",0.5840543466742482,0.10897091241795934,0.19369956100863817,0.201893495692223,0.5961856371572289,0.10232337784694011,0.5939489988378791,0.19005785301049927,0.5949074074074074,0.5950583472255299,"{0: 0.6149618956894498, 1: 0.6149618956894499}","{0: 0.6149618956894498, 1: 0.6149618956894499}",0.6149618956894499,"[[416 230]
 [295 355]]",[1. 1. 0. ... 0. 0. 0.],[1. 1. 1. ... 0. 1. 0.]
993,SVC,"{'C': 10, 'gamma': 0.01, 'kernel': 'rbf'}",0.5840703992109638,0.10844614693844974,0.19369888465096474,0.20049615814775115,0.5961564350788465,0.10165429563036879,0.5932059076957454,0.188511242107669,0.5941358024691358,0.5942843534174803,"{0: 0.6135556084782091, 1: 0.613555608478209}","{0: 0.6135556084782091, 1: 0.613555608478209}",0.613555608478209,"[[415 231]
 [295 355]]",[1. 1. 0. ... 0. 0. 0.],[1. 1. 1. ... 0. 1. 0.]
45,SVC,"{'C': 10, 'gamma': 0.01, 'kernel': 'rbf'}",0.5843804345643688,0.10818383605890843,0.19367767685537152,0.20064375567659712,0.5961505087280926,0.10175860718412255,0.5939489988378791,0.19005785301049927,0.5949074074074074,0.5950583472255299,"{0: 0.6139676113360324, 1: 0.6139676113360324}","{0: 0.6139676113360324, 1: 0.6139676113360324}",0.6139676113360324,"[[416 230]
 [295 355]]",[1. 1. 0. ... 0. 0. 0.],[1. 1. 1. ... 0. 1. 0.]
838,SVC,"{'C': 10, 'gamma': 0.01, 'kernel': 'rbf'}",0.584081922800205,0.10770534353076443,0.19364877327016786,0.2000353267306687,0.5961262126297434,0.10141641646175277,0.5939489988378791,0.19005785301049927,0.5949074074074074,0.5950583472255299,"{0: 0.6113598475827577, 1: 0.6113598475827577}","{0: 0.6113598475827577, 1: 0.6113598475827577}",0.6113598475827577,"[[416 230]
 [295 355]]",[1. 1. 0. ... 0. 0. 0.],[1. 1. 1. ... 0. 1. 0.]
532,SVC,"{'C': 10, 'gamma': 0.01, 'kernel': 'rbf'}",0.5843164477969627,0.1085628936744354,0.19363778139633223,0.20133287096080618,0.5961452840676956,0.1020882568120693,0.5939489988378791,0.19005785301049927,0.5949074074074074,0.5950583472255299,"{0: 0.6138580614432008, 1: 0.6138580614432008}","{0: 0.6138580614432008, 1: 0.6138580614432008}",0.6138580614432008,"[[416 230]
 [295 355]]",[1. 1. 0. ... 0. 0. 0.],[1. 1. 1. ... 0. 1. 0.]
791,SVC,"{'C': 10, 'gamma': 0.01, 'kernel': 'rbf'}",0.5843164477969627,0.1085628936744354,0.19363778139633223,0.20133287096080618,0.5961452840676956,0.1020882568120693,0.5939489988378791,0.19005785301049927,0.5949074074074074,0.5950583472255299,"{0: 0.6132174327220767, 1: 0.6132174327220766}","{0: 0.6132174327220767, 1: 0.6132174327220766}",0.6132174327220766,"[[416 230]
 [295 355]]",[1. 1. 0. ... 0. 0. 0.],[1. 1. 1. ... 0. 1. 0.]
735,SVC,"{'C': 10, 'gamma': 0.01, 'kernel': 'rbf'}",0.5843164477969627,0.1085628936744354,0.19363778139633223,0.20133287096080618,0.5961452840676956,0.1020882568120693,0.5939489988378791,0.19005785301049927,0.5949074074074074,0.5950583472255299,"{0: 0.6141819480828768, 1: 0.6141819480828768}","{0: 0.6141819480828768, 1: 0.6141819480828768}",0.6141819480828768,"[[416 230]
 [295 355]]",[1. 1. 0. ... 0. 0. 0.],[1. 1. 1. ... 0. 1. 0.]
560,SVC,"{'C': 10, 'gamma': 0.01, 'kernel': 'rbf'}",0.5843164477969627,0.1085628936744354,0.19363778139633223,0.20133287096080618,0.5961452840676956,0.1020882568120693,0.5939489988378791,0.19005785301049927,0.5949074074074074,0.5950583472255299,"{0: 0.6121076446773042, 1: 0.6121076446773042}","{0: 0.6121076446773042, 1: 0.6121076446773042}",0.6121076446773042,"[[416 230]
 [295 355]]",[1. 1. 0. ... 0. 0. 0.],[1. 1. 1. ... 0. 1. 0.]
282,SVC,"{'C': 10, 'gamma': 0.01, 'kernel': 'rbf'}",0.5845775934534035,0.1067225628215163,0.1936058226778323,0.19957735324041934,0.5962111102356177,0.10102517420290376,0.5932651173607387,0.1885035140849095,0.5941358024691358,0.5942795903786615,"{0: 0.6142224339128364, 1: 0.6142224339128364}","{0: 0.6142224339128364, 1: 0.6142224339128364}",0.6142224339128364,"[[414 232]
 [294 356]]",[1. 1. 0. ... 0. 0. 0.],[1. 1. 1. ... 0. 1. 0.]
542,SVC,"{'C': 1, 'gamma': 0.01, 'kernel': 'rbf'}",0.5824682094312147,0.11664029160133564,0.19357796200813093,0.21479513134988712,0.5965887318174589,0.10860103912043802,0.5911689048805162,0.18709622132189463,0.5933641975308642,0.5935913312693499,"{0: 0.610108359133127, 1: 0.6101083591331269}","{0: 0.610108359133127, 1: 0.6101083591331269}",0.6101083591331269,"[[431 215]
 [312 338]]",[1. 1. 0. ... 0. 0. 0.],[1. 1. 1. ... 0. 1. 0.]
757,SVC,"{'C': 10, 'gamma': 0.01, 'kernel': 'rbf'}",0.5842747534387989,0.10863030830831456,0.19355646780265978,0.2015275285106237,0.5961206535258237,0.10220668533856221,0.5938869682377413,0.1900655661208378,0.5949074074074074,0.5950631102643487,"{0: 0.6126220528697309, 1: 0.6126220528697309}","{0: 0.6126220528697309, 1: 0.6126220528697309}",0.6126220528697309,"[[417 229]
 [296 354]]",[1. 1. 0. ... 0. 0. 0.],[1. 1. 1. ... 0. 1. 0.]
677,SVC,"{'C': 10, 'gamma': 0.01, 'kernel': 'rbf'}",0.5842747534387989,0.10863030830831456,0.19355646780265978,0.2015275285106237,0.5961206535258237,0.10220668533856221,0.5938869682377413,0.1900655661208378,0.5949074074074074,0.5950631102643487,"{0: 0.6096761133603239, 1: 0.6096761133603239}","{0: 0.6096761133603239, 1: 0.6096761133603239}",0.6096761133603239,"[[417 229]
 [296 354]]",[1. 1. 0. ... 0. 0. 0.],[1. 1. 1. ... 0. 1. 0.]
982,SVC,"{'C': 10, 'gamma': 0.01, 'kernel': 'rbf'}",0.583881070914158,0.1083382506788924,0.19353632978313293,0.2000122725828643,0.5960701293373684,0.10141535996329173,0.5932059076957454,0.188511242107669,0.5941358024691358,0.5942843534174803,"{0: 0.6109240295308407, 1: 0.6109240295308407}","{0: 0.6109240295308407, 1: 0.6109240295308407}",0.6109240295308407,"[[415 231]
 [295 355]]",[1. 1. 0. ... 0. 0. 0.],[1. 1. 1. ... 0. 1. 0.]
488,SVC,"{'C': 10, 'gamma': 0.01, 'kernel': 'rbf'}",0.5840027604848778,0.10780946643559614,0.1934985171020243,0.19966801861319744,0.5960533321366631,0.10126773462194404,0.5924624412416764,0.18696461647612284,0.5933641975308642,0.5935103596094308,"{0: 0.6141414622529173, 1: 0.6141414622529173}","{0: 0.6141414622529173, 1: 0.6141414622529173}",0.6141414622529173,"[[414 232]
 [295 355]]",[1. 1. 0. ... 0. 0. 0.],[1. 1. 1. ... 0. 1. 0.]
799,SVC,"{'C': 10, 'gamma': 0.01, 'kernel': 'rbf'}",0.5841249139597832,0.10810703778302959,0.19346351890249613,0.20019276560920518,0.596045739093466,0.10156161178995039,0.5932651173607387,0.1885035140849095,0.5941358024691358,0.5942795903786615,"{0: 0.6159347463681829, 1: 0.6159347463681829}","{0: 0.6159347463681829, 1: 0.6159347463681829}",0.6159347463681829,"[[414 232]
 [294 356]]",[1. 1. 0. ... 0. 0. 0.],[1. 1. 1. ... 0. 1. 0.]
464,SVC,"{'C': 10, 'gamma': 0.01, 'kernel': 'rbf'}",0.5838861168483368,0.10724847051173979,0.19337635205754183,0.19837562264658365,0.595972251055582,0.10064218840503117,0.5924624412416764,0.18696461647612284,0.5933641975308642,0.5935103596094308,"{0: 0.6144367706596809, 1: 0.6144367706596809}","{0: 0.6144367706596809, 1: 0.6144367706596809}",0.6144367706596809,"[[414 232]
 [295 355]]",[1. 1. 0. ... 0. 0. 0.],[1. 1. 1. ... 0. 1. 0.]
644,SVC,"{'C': 10, 'gamma': 0.01, 'kernel': 'rbf'}",0.5838861168483368,0.10724847051173979,0.19337635205754183,0.19837562264658365,0.595972251055582,0.10064218840503117,0.5924624412416764,0.18696461647612284,0.5933641975308642,0.5935103596094308,"{0: 0.6121219337937605, 1: 0.6121219337937605}","{0: 0.6121219337937605, 1: 0.6121219337937605}",0.6121219337937605,"[[414 232]
 [295 355]]",[1. 1. 0. ... 0. 0. 0.],[1. 1. 1. ... 0. 1. 0.]
741,SVC,"{'C': 10, 'gamma': 0.01, 'kernel': 'rbf'}",0.5838861168483368,0.10724847051173979,0.19337635205754183,0.19837562264658365,0.595972251055582,0.10064218840503117,0.5924624412416764,0.18696461647612284,0.5933641975308642,0.5935103596094308,"{0: 0.6117980471540843, 1: 0.6117980471540843}","{0: 0.6117980471540843, 1: 0.6117980471540843}",0.6117980471540843,"[[414 232]
 [295 355]]",[1. 1. 0. ... 0. 0. 0.],[1. 1. 1. ... 0. 1. 0.]
75,SVC,"{'C': 10, 'gamma': 0.01, 'kernel': 'rbf'}",0.5836415276288408,0.10858432092987415,0.19324204720337915,0.20123413990701297,0.5959601488085071,0.10196772456702785,0.5939489988378791,0.19005785301049927,0.5949074074074074,0.5950583472255299,"{0: 0.6132603000714456, 1: 0.6132603000714456}","{0: 0.6132603000714456, 1: 0.6132603000714456}",0.6132603000714456,"[[416 230]
 [295 355]]",[1. 1. 0. ... 0. 0. 0.],[1. 1. 1. ... 0. 1. 0.]
402,SVC,"{'C': 10, 'gamma': 0.01, 'kernel': 'rbf'}",0.5839551435155591,0.10764488338375432,0.19321600713044107,0.1993524935402962,0.5958919308635227,0.1010992317410831,0.5932651173607387,0.1885035140849095,0.5941358024691358,0.5942795903786615,"{0: 0.6143796141938557, 1: 0.6143796141938557}","{0: 0.6143796141938557, 1: 0.6143796141938557}",0.6143796141938557,"[[414 232]
 [294 356]]",[1. 1. 0. ... 0. 0. 0.],[1. 1. 1. ... 0. 1. 0.]
697,SVC,"{'C': 10, 'gamma': 0.01, 'kernel': 'rbf'}",0.5838551528844547,0.10803784402206335,0.1932064968334556,0.20006101503360776,0.5958867062031257,0.10143218842638632,0.5933223697388296,0.18849578591495642,0.5941358024691358,0.5942748273398428,"{0: 0.6130828768754465, 1: 0.6130828768754466}","{0: 0.6130828768754465, 1: 0.6130828768754466}",0.6130828768754466,"[[413 233]
 [293 357]]",[1. 1. 0. ... 0. 0. 0.],[1. 1. 1. ... 0. 1. 0.]
419,SVC,"{'C': 10, 'gamma': 0.01, 'kernel': 'rbf'}",0.5839100657215327,0.10849956939467327,0.19319224502275908,0.20122118908416883,0.5959206236706214,0.10202066785118154,0.5932059076957454,0.188511242107669,0.5941358024691358,0.5942843534174803,"{0: 0.6140176232436295, 1: 0.6140176232436294}","{0: 0.6140176232436295, 1: 0.6140176232436294}",0.6140176232436294,"[[415 231]
 [295 355]]",[1. 1. 0. ... 0. 0. 0.],[1. 1. 1. ... 0. 1. 0.]
47,SVC,"{'C': 10, 'gamma': 0.01, 'kernel': 'rbf'}",0.5839100657215327,0.10849956939467327,0.19319224502275908,0.20122118908416883,0.5959206236706214,0.10202066785118154,0.5932059076957454,0.188511242107669,0.5941358024691358,0.5942843534174803,"{0: 0.6134460585853775, 1: 0.6134460585853775}","{0: 0.6134460585853775, 1: 0.6134460585853775}",0.6134460585853775,"[[415 231]
 [295 355]]",[1. 1. 0. ... 0. 0. 0.],[1. 1. 1. ... 0. 1. 0.]
171,SVC,"{'C': 10, 'gamma': 0.01, 'kernel': 'rbf'}",0.5839100657215327,0.10849956939467327,0.19319224502275908,0.20122118908416883,0.5959206236706214,0.10202066785118154,0.5932059076957454,0.188511242107669,0.5941358024691358,0.5942843534174803,"{0: 0.6138675875208383, 1: 0.6138675875208384}","{0: 0.6138675875208383, 1: 0.6138675875208384}",0.6138675875208384,"[[415 231]
 [295 355]]",[1. 1. 0. ... 0. 0. 0.],[1. 1. 1. ... 0. 1. 0.]
373,SVC,"{'C': 10, 'gamma': 0.01, 'kernel': 'rbf'}",0.583888070824617,0.10830733799713936,0.19318304364889635,0.2007190063443983,0.5958575041247433,0.10176355195604073,0.592402137881071,0.1869723591172059,0.5933641975308642,0.5935151226482496,"{0: 0.6136877828054298, 1: 0.6136877828054299}","{0: 0.6136877828054298, 1: 0.6136877828054299}",0.6136877828054299,"[[415 231]
 [296 354]]",[1. 1. 0. ... 0. 0. 0.],[1. 1. 1. ... 0. 1. 0.]
744,SVC,"{'C': 10, 'gamma': 0.01, 'kernel': 'rbf'}",0.5838871746768405,0.10804642891297393,0.19317469748394991,0.20005534444601134,0.5958867062031257,0.10143218842638632,0.5932651173607387,0.1885035140849095,0.5941358024691358,0.5942795903786615,"{0: 0.6127970945463205, 1: 0.6127970945463206}","{0: 0.6127970945463205, 1: 0.6127970945463206}",0.6127970945463206,"[[414 232]
 [294 356]]",[1. 1. 0. ... 0. 0. 0.],[1. 1. 1. ... 0. 1. 0.]
794,SVC,"{'C': 10, 'gamma': 0.01, 'kernel': 'rbf'}",0.5838871746768405,0.10804642891297393,0.19317469748394991,0.20005534444601134,0.5958867062031257,0.10143218842638632,0.5932651173607387,0.1885035140849095,0.5941358024691358,0.5942795903786615,"{0: 0.61181471778995, 1: 0.6118147177899501}","{0: 0.61181471778995, 1: 0.6118147177899501}",0.6118147177899501,"[[414 232]
 [294 356]]",[1. 1. 0. ... 0. 0. 0.],[1. 1. 1. ... 0. 1. 0.]
705,SVC,"{'C': 10, 'gamma': 0.01, 'kernel': 'rbf'}",0.5839007176177516,0.10831555508004577,0.19313260262352905,0.20068974499444228,0.5958575041247433,0.10176355195604073,0.5924624412416764,0.18696461647612284,0.5933641975308642,0.5935103596094308,"{0: 0.6138818766372947, 1: 0.6138818766372947}","{0: 0.6138818766372947, 1: 0.6138818766372947}",0.6138818766372947,"[[414 232]
 [295 355]]",[1. 1. 0. ... 0. 0. 0.],[1. 1. 1. ... 0. 1. 0.]
647,SVC,"{'C': 10, 'gamma': 0.01, 'kernel': 'rbf'}",0.5838810985597772,0.10835718755407907,0.1930710776039524,0.2009075506651243,0.5958813419646729,0.1018719926816534,0.5932059076957454,0.188511242107669,0.5941358024691358,0.5942843534174803,"{0: 0.6130614432007622, 1: 0.6130614432007621}","{0: 0.6130614432007622, 1: 0.6130614432007621}",0.6130614432007621,"[[415 231]
 [295 355]]",[1. 1. 0. ... 0. 0. 0.],[1. 1. 1. ... 0. 1. 0.]
496,SVC,"{'C': 10, 'gamma': 0.01, 'kernel': 'rbf'}",0.5838810985597772,0.10835718755407907,0.1930710776039524,0.2009075506651243,0.5958813419646729,0.1018719926816534,0.5932059076957454,0.188511242107669,0.5941358024691358,0.5942843534174803,"{0: 0.614046201476542, 1: 0.614046201476542}","{0: 0.614046201476542, 1: 0.614046201476542}",0.614046201476542,"[[415 231]
 [295 355]]",[1. 1. 0. ... 0. 0. 0.],[1. 1. 1. ... 0. 1. 0.]
67,SVC,"{'C': 10, 'gamma': 0.01, 'kernel': 'rbf'}",0.583944435116261,0.10772252875001695,0.1930518250280717,0.19957379056048688,0.5958234470791919,0.10123111042915893,0.5924624412416764,0.18696461647612284,0.5933641975308642,0.5935103596094308,"{0: 0.614058109073589, 1: 0.6140581090735889}","{0: 0.614058109073589, 1: 0.6140581090735889}",0.6140581090735889,"[[414 232]
 [295 355]]",[1. 1. 0. ... 0. 0. 0.],[1. 1. 1. ... 0. 1. 0.]
193,SVC,"{'C': 10, 'gamma': 0.01, 'kernel': 'rbf'}",0.5838764662775425,0.10812377919203327,0.1930105153815806,0.2002758309800518,0.5958182224187948,0.10156363125371332,0.5924624412416764,0.18696461647612284,0.5933641975308642,0.5935103596094308,"{0: 0.6142498213860442, 1: 0.6142498213860443}","{0: 0.6142498213860442, 1: 0.6142498213860443}",0.6142498213860443,"[[414 232]
 [295 355]]",[1. 1. 0. ... 0. 0. 0.],[1. 1. 1. ... 0. 1. 0.]
215,SVC,"{'C': 10, 'gamma': 0.01, 'kernel': 'rbf'}",0.5838764662775425,0.10812377919203327,0.1930105153815806,0.2002758309800518,0.5958182224187948,0.10156363125371332,0.5924624412416764,0.18696461647612284,0.5933641975308642,0.5935103596094308,"{0: 0.6140295308406764, 1: 0.6140295308406764}","{0: 0.6140295308406764, 1: 0.6140295308406764}",0.6140295308406764,"[[414 232]
 [295 355]]",[1. 1. 0. ... 0. 0. 0.],[1. 1. 1. ... 0. 1. 0.]
786,SVC,"{'C': 10, 'gamma': 0.01, 'kernel': 'rbf'}",0.5838764662775425,0.10812377919203327,0.1930105153815806,0.2002758309800518,0.5958182224187948,0.10156363125371332,0.5924624412416764,0.18696461647612284,0.5933641975308642,0.5935103596094308,"{0: 0.6124434389140271, 1: 0.6124434389140272}","{0: 0.6124434389140271, 1: 0.6124434389140272}",0.6124434389140272,"[[414 232]
 [295 355]]",[1. 1. 0. ... 0. 0. 0.],[1. 1. 1. ... 0. 1. 0.]
765,SVC,"{'C': 10, 'gamma': 0.01, 'kernel': 'rbf'}",0.5837840739812107,0.107757083483991,0.19301043757904662,0.19940374706990033,0.5957764230436621,0.10114091537211477,0.5924624412416764,0.18696461647612284,0.5933641975308642,0.5935103596094308,"{0: 0.6139259347463681, 1: 0.6139259347463681}","{0: 0.6139259347463681, 1: 0.6139259347463681}",0.6139259347463681,"[[414 232]
 [295 355]]",[1. 1. 0. ... 0. 0. 0.],[1. 1. 1. ... 0. 1. 0.]
942,SVC,"{'C': 10, 'gamma': 0.01, 'kernel': 'rbf'}",0.5838277914797201,0.10716101421557943,0.1929296599835893,0.19828050519873738,0.5957423659981109,0.10060515121779755,0.5924624412416764,0.18696461647612284,0.5933641975308642,0.5935103596094308,"{0: 0.6122183853298404, 1: 0.6122183853298404}","{0: 0.6122183853298404, 1: 0.6122183853298404}",0.6122183853298404,"[[414 232]
 [295 355]]",[1. 1. 0. ... 0. 0. 0.],[1. 1. 1. ... 0. 1. 0.]
864,SVC,"{'C': 10, 'gamma': 0.01, 'kernel': 'rbf'}",0.5836009759453709,0.10834423104440759,0.1928075760265808,0.20038910960676717,0.595701889624301,0.10160051010526062,0.5924624412416764,0.18696461647612284,0.5933641975308642,0.5935103596094308,"{0: 0.613996189568945, 1: 0.613996189568945}","{0: 0.613996189568945, 1: 0.613996189568945}",0.613996189568945,"[[414 232]
 [295 355]]",[1. 1. 0. ... 0. 0. 0.],[1. 1. 1. ... 0. 1. 0.]
284,SVC,"{'C': 10, 'gamma': 0.01, 'kernel': 'rbf'}",0.5836009759453709,0.10834423104440759,0.1928075760265808,0.20038910960676717,0.595701889624301,0.10160051010526062,0.5924624412416764,0.18696461647612284,0.5933641975308642,0.5935103596094308,"{0: 0.6148868778280543, 1: 0.6148868778280543}","{0: 0.6148868778280543, 1: 0.6148868778280543}",0.6148868778280543,"[[414 232]
 [295 355]]",[1. 1. 0. ... 0. 0. 0.],[1. 1. 1. ... 0. 1. 0.]
556,SVC,"{'C': 10, 'gamma': 0.01, 'kernel': 'rbf'}",0.5840140037759122,0.1063925592262295,0.19280429380422062,0.19697214049656037,0.5956827210637813,0.10000806796418482,0.5925207827623886,0.18695687368756875,0.5933641975308642,0.5935055965706121,"{0: 0.6129161705167897, 1: 0.6129161705167898}","{0: 0.6129161705167897, 1: 0.6129161705167898}",0.6129161705167898,"[[413 233]
 [294 356]]",[1. 1. 0. ... 0. 0. 0.],[1. 1. 1. ... 0. 1. 0.]
537,SVC,"{'C': 10, 'gamma': 0.01, 'kernel': 'rbf'}",0.5838667107244361,0.10771827406302777,0.1927948695189376,0.19958849137417256,0.5957238281289982,0.10122551371972326,0.5939489988378791,0.19005785301049927,0.5949074074074074,0.5950583472255299,"{0: 0.6130531078828293, 1: 0.6130531078828293}","{0: 0.6130531078828293, 1: 0.6130531078828293}",0.6130531078828293,"[[416 230]
 [295 355]]",[1. 1. 0. ... 0. 0. 0.],[1. 1. 1. ... 0. 1. 0.]
48,SVC,"{'C': 10, 'gamma': 0.01, 'kernel': 'rbf'}",0.5838197185605302,0.1084045689250945,0.19277735229831217,0.20113271670090502,0.5956907386131501,0.10198401490760454,0.5932651173607387,0.1885035140849095,0.5941358024691358,0.5942795903786615,"{0: 0.6149023577042153, 1: 0.6149023577042153}","{0: 0.6149023577042153, 1: 0.6149023577042153}",0.6149023577042153,"[[414 232]
 [294 356]]",[1. 1. 0. ... 0. 0. 0.],[1. 1. 1. ... 0. 1. 0.]
730,SVC,"{'C': 10, 'gamma': 0.01, 'kernel': 'rbf'}",0.5830565216422314,0.10998417077356651,0.1927687673958684,0.20141896732920495,0.595567181544098,0.10232126872531686,0.592402137881071,0.1869723591172059,0.5933641975308642,0.5935151226482496,"{0: 0.6138890211955227, 1: 0.6138890211955228}","{0: 0.6138890211955227, 1: 0.6138890211955228}",0.6138890211955228,"[[415 231]
 [296 354]]",[1. 1. 0. ... 0. 0. 0.],[1. 1. 1. ... 0. 1. 0.]
438,SVC,"{'C': 10, 'gamma': 0.01, 'kernel': 'rbf'}",0.5835813568873964,0.10838579824698859,0.19274605100700412,0.20060714200342591,0.5957257274642309,0.10170916113555019,0.5932059076957454,0.188511242107669,0.5941358024691358,0.5942843534174803,"{0: 0.6152726839723743, 1: 0.6152726839723743}","{0: 0.6152726839723743, 1: 0.6152726839723743}",0.6152726839723743,"[[415 231]
 [295 355]]",[1. 1. 0. ... 0. 0. 0.],[1. 1. 1. ... 0. 1. 0.]
995,SVC,"{'C': 10, 'gamma': 0.01, 'kernel': 'rbf'}",0.583851740352916,0.10841313524240195,0.19274555294880652,0.20112700847869042,0.5956907386131501,0.10198401490760454,0.5932059076957454,0.188511242107669,0.5941358024691358,0.5942843534174803,"{0: 0.613768754465349, 1: 0.6137687544653487}","{0: 0.613768754465349, 1: 0.6137687544653487}",0.6137687544653487,"[[415 231]
 [295 355]]",[1. 1. 0. ... 0. 0. 0.],[1. 1. 1. ... 0. 1. 0.]
828,SVC,"{'C': 10, 'gamma': 0.01, 'kernel': 'rbf'}",0.583851740352916,0.10841313524240195,0.19274555294880652,0.20112700847869042,0.5956907386131501,0.10198401490760454,0.5932059076957454,0.188511242107669,0.5941358024691358,0.5942843534174803,"{0: 0.6120004763038819, 1: 0.612000476303882}","{0: 0.6120004763038819, 1: 0.612000476303882}",0.612000476303882,"[[415 231]
 [295 355]]",[1. 1. 0. ... 0. 0. 0.],[1. 1. 1. ... 0. 1. 0.]
353,SVC,"{'C': 10, 'gamma': 0.01, 'kernel': 'rbf'}",0.5837790556926512,0.10886061585503294,0.19270516312545716,0.2019222305509514,0.595685513952753,0.102364554232377,0.5932059076957454,0.188511242107669,0.5941358024691358,0.5942843534174803,"{0: 0.6152321981424149, 1: 0.6152321981424149}","{0: 0.6152321981424149, 1: 0.6152321981424149}",0.6152321981424149,"[[415 231]
 [295 355]]",[1. 1. 0. ... 0. 0. 0.],[1. 1. 1. ... 0. 1. 0.]
596,SVC,"{'C': 10, 'gamma': 0.01, 'kernel': 'rbf'}",0.5835606720684462,0.10867854956129029,0.1926861651423058,0.20137533651433379,0.5956918099967352,0.10207109674258272,0.5932059076957454,0.188511242107669,0.5941358024691358,0.5942843534174803,"{0: 0.6137032626815908, 1: 0.6137032626815908}","{0: 0.6137032626815908, 1: 0.6137032626815908}",0.6137032626815908,"[[415 231]
 [295 355]]",[1. 1. 0. ... 0. 0. 0.],[1. 1. 1. ... 0. 1. 0.]
932,SVC,"{'C': 10, 'gamma': 0.01, 'kernel': 'rbf'}",0.5838867599585668,0.1078908324584868,0.19266428098903915,0.20012224986448804,0.5956566815675989,0.10150475150225106,0.5932059076957454,0.188511242107669,0.5941358024691358,0.5942843534174803,"{0: 0.6129364134317694, 1: 0.6129364134317695}","{0: 0.6129364134317694, 1: 0.6129364134317695}",0.6129364134317695,"[[415 231]
 [295 355]]",[1. 1. 0. ... 0. 0. 0.],[1. 1. 1. ... 0. 1. 0.]
709,SVC,"{'C': 10, 'gamma': 0.01, 'kernel': 'rbf'}",0.5834163634701114,0.10818631116978843,0.19264410133560722,0.19980459643861523,0.595615583882823,0.10131008849936621,0.5924624412416764,0.18696461647612284,0.5933641975308642,0.5935103596094308,"{0: 0.6163515122648249, 1: 0.6163515122648251}","{0: 0.6163515122648249, 1: 0.6163515122648251}",0.6163515122648251,"[[414 232]
 [295 355]]",[1. 1. 0. ... 0. 0. 0.],[1. 1. 1. ... 0. 1. 0.]
242,SVC,"{'C': 10, 'gamma': 0.01, 'kernel': 'rbf'}",0.5834163634701114,0.10818631116978843,0.19264410133560722,0.19980459643861523,0.595615583882823,0.10131008849936621,0.5924624412416764,0.18696461647612284,0.5933641975308642,0.5935103596094308,"{0: 0.6149285544177184, 1: 0.6149285544177185}","{0: 0.6149285544177184, 1: 0.6149285544177185}",0.6149285544177185,"[[414 232]
 [295 355]]",[1. 1. 0. ... 0. 0. 0.],[1. 1. 1. ... 0. 1. 0.]
478,SVC,"{'C': 10, 'gamma': 0.01, 'kernel': 'rbf'}",0.5838227731911606,0.10827062413160324,0.19262438552999986,0.20081295343764224,0.5956514569072017,0.10183519755099306,0.5932059076957454,0.188511242107669,0.5941358024691358,0.5942843534174803,"{0: 0.615127411288402, 1: 0.615127411288402}","{0: 0.615127411288402, 1: 0.615127411288402}",0.615127411288402,"[[415 231]
 [295 355]]",[1. 1. 0. ... 0. 0. 0.],[1. 1. 1. ... 0. 1. 0.]
878,SVC,"{'C': 10, 'gamma': 0.01, 'kernel': 'rbf'}",0.5838227731911606,0.10827062413160324,0.19262438552999986,0.20081295343764224,0.5956514569072017,0.10183519755099306,0.5932059076957454,0.188511242107669,0.5941358024691358,0.5942843534174803,"{0: 0.6141057394617766, 1: 0.6141057394617766}","{0: 0.6141057394617766, 1: 0.6141057394617766}",0.6141057394617766,"[[415 231]
 [295 355]]",[1. 1. 0. ... 0. 0. 0.],[1. 1. 1. ... 0. 1. 0.]
155,SVC,"{'C': 10, 'gamma': 0.01, 'kernel': 'rbf'}",0.5838227731911606,0.10827062413160324,0.19262438552999986,0.20081295343764224,0.5956514569072017,0.10183519755099306,0.5932059076957454,0.188511242107669,0.5941358024691358,0.5942843534174803,"{0: 0.6096546796856394, 1: 0.6096546796856395}","{0: 0.6096546796856394, 1: 0.6096546796856395}",0.6096546796856395,"[[415 231]
 [295 355]]",[1. 1. 0. ... 0. 0. 0.],[1. 1. 1. ... 0. 1. 0.]
875,SVC,"{'C': 10, 'gamma': 0.01, 'kernel': 'rbf'}",0.5836727501453957,0.10737424671815979,0.192571752428734,0.19846406010213352,0.5955744028416419,0.10067396332825976,0.5932059076957454,0.188511242107669,0.5941358024691358,0.5942843534174803,"{0: 0.6128780662062396, 1: 0.6128780662062396}","{0: 0.6128780662062396, 1: 0.6128780662062396}",0.6128780662062396,"[[415 231]
 [295 355]]",[1. 1. 0. ... 0. 0. 0.],[1. 1. 1. ... 0. 1. 0.]
641,SVC,"{'C': 10, 'gamma': 0.01, 'kernel': 'rbf'}",0.5836602065157366,0.10795582251060898,0.19257129045497046,0.19998495205544856,0.5955911936389205,0.10145638280408466,0.5925207827623886,0.18695687368756875,0.5933641975308642,0.5935055965706121,"{0: 0.6109549892831627, 1: 0.6109549892831627}","{0: 0.6109549892831627, 1: 0.6109549892831627}",0.6109549892831627,"[[413 233]
 [294 356]]",[1. 1. 0. ... 0. 0. 0.],[1. 1. 1. ... 0. 1. 0.]
810,SVC,"{'C': 10, 'gamma': 0.01, 'kernel': 'rbf'}",0.5834793140202703,0.10888881337559339,0.19238013652850897,0.20162274384433748,0.595529899452311,0.10220220928044184,0.5932059076957454,0.188511242107669,0.5941358024691358,0.5942843534174803,"{0: 0.6127768516313408, 1: 0.6127768516313409}","{0: 0.6127768516313408, 1: 0.6127768516313409}",0.6127768516313409,"[[415 231]
 [295 355]]",[1. 1. 0. ... 0. 0. 0.],[1. 1. 1. ... 0. 1. 0.]
330,SVC,"{'C': 1, 'gamma': 0.01, 'kernel': 'rbf'}",0.5824169165043075,0.11344510122878722,0.19235633319845305,0.21074117010891172,0.5958727661914964,0.10674230575483196,0.5896173637225675,0.18401119749389416,0.591820987654321,0.5920481066920695,"{0: 0.6072529173612764, 1: 0.6072529173612765}","{0: 0.6072529173612764, 1: 0.6072529173612765}",0.6072529173612765,"[[430 216]
 [313 337]]",[1. 1. 0. ... 0. 0. 0.],[1. 1. 1. ... 0. 1. 0.]
421,SVC,"{'C': 10, 'gamma': 0.01, 'kernel': 'rbf'}",0.5840061273206846,0.10713303477146024,0.19234859957495318,0.20049070348132936,0.5955607367691523,0.10146799279321826,0.5925207827623886,0.18695687368756875,0.5933641975308642,0.5935055965706121,"{0: 0.6150631102643487, 1: 0.6150631102643487}","{0: 0.6150631102643487, 1: 0.6150631102643487}",0.6150631102643487,"[[413 233]
 [294 356]]",[1. 1. 0. ... 0. 0. 0.],[1. 1. 1. ... 0. 1. 0.]
977,SVC,"{'C': 10, 'gamma': 0.01, 'kernel': 'rbf'}",0.5835871182539563,0.10799582378916393,0.19231995484612383,0.1998909757428436,0.5954774010779735,0.10140606864543471,0.592402137881071,0.1869723591172059,0.5933641975308642,0.5935151226482496,"{0: 0.6121243153131698, 1: 0.6121243153131699}","{0: 0.6121243153131698, 1: 0.6121243153131699}",0.6121243153131699,"[[415 231]
 [296 354]]",[1. 1. 0. ... 0. 0. 0.],[1. 1. 1. ... 0. 1. 0.]
829,SVC,"{'C': 10, 'gamma': 0.01, 'kernel': 'rbf'}",0.5834177514112476,0.10794333882151406,0.19228338885956603,0.19994572321835655,0.5954321607485802,0.10137707568498834,0.5925207827623886,0.18695687368756875,0.5933641975308642,0.5935055965706121,"{0: 0.613946177661348, 1: 0.613946177661348}","{0: 0.613946177661348, 1: 0.613946177661348}",0.613946177661348,"[[413 233]
 [294 356]]",[1. 1. 0. ... 0. 0. 0.],[1. 1. 1. ... 0. 1. 0.]
667,SVC,"{'C': 10, 'gamma': 0.01, 'kernel': 'rbf'}",0.5831787027627561,0.11029552634568462,0.19226851701715975,0.2028239705010907,0.5953708011282055,0.10306248810244288,0.5932059076957454,0.188511242107669,0.5941358024691358,0.5942843534174803,"{0: 0.6150142891164563, 1: 0.6150142891164564}","{0: 0.6150142891164563, 1: 0.6150142891164564}",0.6150142891164564,"[[415 231]
 [295 355]]",[1. 1. 0. ... 0. 0. 0.],[1. 1. 1. ... 0. 1. 0.]
428,SVC,"{'C': 1, 'gamma': 0.01, 'kernel': 'rbf'}",0.5826125119284761,0.11415323171377578,0.19218460901299697,0.2123114388885286,0.5958535659311539,0.10756663014231083,0.590530592188967,0.1855420768981737,0.5925925925925926,0.5928125744224815,"{0: 0.6097773279352227, 1: 0.6097773279352227}","{0: 0.6097773279352227, 1: 0.6097773279352227}",0.6097773279352227,"[[429 217]
 [311 339]]",[1. 1. 0. ... 0. 0. 0.],[1. 1. 1. ... 0. 1. 0.]
783,SVC,"{'C': 10, 'gamma': 0.01, 'kernel': 'rbf'}",0.5832903993754086,0.10746017666553823,0.19199704171271426,0.19887558972705124,0.5952825958831682,0.10088367428106401,0.5917185968944296,0.18541797611565058,0.5925925925925926,0.5927363658013813,"{0: 0.6140200047630389, 1: 0.6140200047630388}","{0: 0.6140200047630389, 1: 0.6140200047630388}",0.6140200047630388,"[[413 233]
 [295 355]]",[1. 1. 0. ... 0. 0. 0.],[1. 1. 1. ... 0. 1. 0.]
852,SVC,"{'C': 10, 'gamma': 0.01, 'kernel': 'rbf'}",0.5832903993754086,0.10746017666553823,0.19199704171271426,0.19887558972705124,0.5952825958831682,0.10088367428106401,0.5917185968944296,0.18541797611565058,0.5925925925925926,0.5927363658013813,"{0: 0.6121624196237199, 1: 0.6121624196237199}","{0: 0.6121624196237199, 1: 0.6121624196237199}",0.6121624196237199,"[[413 233]
 [295 355]]",[1. 1. 0. ... 0. 0. 0.],[1. 1. 1. ... 0. 1. 0.]
404,SVC,"{'C': 10, 'gamma': 0.01, 'kernel': 'rbf'}",0.5835342424210338,0.1072284136287649,0.19192423083207746,0.19905655039194928,0.5952582056392659,0.10103050565581821,0.5917760669621712,0.1854102185610209,0.5925925925925926,0.5927316027625625,"{0: 0.6111264586806382, 1: 0.6111264586806382}","{0: 0.6111264586806382, 1: 0.6111264586806382}",0.6111264586806382,"[[412 234]
 [294 356]]",[1. 1. 0. ... 0. 0. 0.],[1. 1. 1. ... 0. 1. 0.]
590,SVC,"{'C': 10, 'gamma': 0.01, 'kernel': 'rbf'}",0.5833293186201246,0.10801608675648391,0.19186225124806255,0.20017905964494362,0.5952640580140557,0.10150225054843544,0.5932059076957454,0.188511242107669,0.5941358024691358,0.5942843534174803,"{0: 0.6134472493450822, 1: 0.6134472493450822}","{0: 0.6134472493450822, 1: 0.6134472493450822}",0.6134472493450822,"[[415 231]
 [295 355]]",[1. 1. 0. ... 0. 0. 0.],[1. 1. 1. ... 0. 1. 0.]
437,SVC,"{'C': 10, 'gamma': 0.01, 'kernel': 'rbf'}",0.5833823170873231,0.10831024060902593,0.1918542443244226,0.20101606883788184,0.5952361931586048,0.10192832663099057,0.5924624412416764,0.18696461647612284,0.5933641975308642,0.5935103596094308,"{0: 0.6146272922124316, 1: 0.6146272922124316}","{0: 0.6146272922124316, 1: 0.6146272922124316}",0.6146272922124316,"[[414 232]
 [295 355]]",[1. 1. 0. ... 0. 0. 0.],[1. 1. 1. ... 0. 1. 0.]
355,SVC,"{'C': 10, 'gamma': 0.01, 'kernel': 'rbf'}",0.5833823170873231,0.10831024060902593,0.1918542443244226,0.20101606883788184,0.5952361931586048,0.10192832663099057,0.5924624412416764,0.18696461647612284,0.5933641975308642,0.5935103596094308,"{0: 0.6110431055013099, 1: 0.6110431055013099}","{0: 0.6110431055013099, 1: 0.6110431055013099}",0.6110431055013099,"[[414 232]
 [295 355]]",[1. 1. 0. ... 0. 0. 0.],[1. 1. 1. ... 0. 1. 0.]
973,SVC,"{'C': 10, 'gamma': 0.01, 'kernel': 'rbf'}",0.5831166494433498,0.10823263864159476,0.19185382255947844,0.20039656378942106,0.5952711820096854,0.10160265331944213,0.5924624412416764,0.18696461647612284,0.5933641975308642,0.5935103596094308,"{0: 0.6145701357466063, 1: 0.6145701357466063}","{0: 0.6145701357466063, 1: 0.6145701357466063}",0.6145701357466063,"[[414 232]
 [295 355]]",[1. 1. 0. ... 0. 0. 0.],[1. 1. 1. ... 0. 1. 0.]
820,SVC,"{'C': 1, 'gamma': 0.01, 'kernel': 'rbf'}",0.5818153565493699,0.11562789120749406,0.1918531358195704,0.21395755891872476,0.5957610543376075,0.10815325826821581,0.590530592188967,0.1855420768981737,0.5925925925925926,0.5928125744224815,"{0: 0.6099130745415574, 1: 0.6099130745415575}","{0: 0.6099130745415574, 1: 0.6099130745415575}",0.6099130745415575,"[[429 217]
 [311 339]]",[1. 1. 0. ... 0. 0. 0.],[1. 1. 1. ... 0. 1. 0.]
476,SVC,"{'C': 10, 'gamma': 0.01, 'kernel': 'rbf'}",0.5833143482486045,0.10870897034851874,0.19181293467793148,0.20171284436999598,0.5952309684982076,0.10225855029340568,0.5924624412416764,0.18696461647612284,0.5933641975308642,0.5935103596094308,"{0: 0.6132341033579424, 1: 0.6132341033579424}","{0: 0.6132341033579424, 1: 0.6132341033579424}",0.6132341033579424,"[[414 232]
 [295 355]]",[1. 1. 0. ... 0. 0. 0.],[1. 1. 1. ... 0. 1. 0.]
911,SVC,"{'C': 10, 'gamma': 0.01, 'kernel': 'rbf'}",0.5833143482486045,0.10870897034851874,0.19181293467793148,0.20171284436999598,0.5952309684982076,0.10225855029340568,0.5924624412416764,0.18696461647612284,0.5933641975308642,0.5935103596094308,"{0: 0.612274351035961, 1: 0.612274351035961}","{0: 0.612274351035961, 1: 0.612274351035961}",0.612274351035961,"[[414 232]
 [295 355]]",[1. 1. 0. ... 0. 0. 0.],[1. 1. 1. ... 0. 1. 0.]
576,SVC,"{'C': 10, 'gamma': 0.01, 'kernel': 'rbf'}",0.5820789372565509,0.10898500847206131,0.19179664725582554,0.1991039959347132,0.5951217567223291,0.10105249206425224,0.5916591620976305,0.185425733522527,0.5925925925925926,0.5927411288402,"{0: 0.6154691593236485, 1: 0.6154691593236485}","{0: 0.6154691593236485, 1: 0.6154691593236485}",0.6154691593236485,"[[414 232]
 [296 354]]",[1. 1. 0. ... 0. 0. 0.],[1. 1. 1. ... 0. 1. 0.]
323,SVC,"{'C': 10, 'gamma': 0.01, 'kernel': 'rbf'}",0.5833406227291593,0.10837745302883361,0.19177293073075014,0.20121031210576198,0.5952115626167327,0.10204672133860719,0.592402137881071,0.1869723591172059,0.5933641975308642,0.5935151226482496,"{0: 0.6130519171231246, 1: 0.6130519171231246}","{0: 0.6130519171231246, 1: 0.6130519171231246}",0.6130519171231246,"[[415 231]
 [296 354]]",[1. 1. 0. ... 0. 0. 0.],[1. 1. 1. ... 0. 1. 0.]
860,SVC,"{'C': 10, 'gamma': 0.01, 'kernel': 'rbf'}",0.5833406227291593,0.10837745302883361,0.19177293073075014,0.20121031210576198,0.5952115626167327,0.10204672133860719,0.592402137881071,0.1869723591172059,0.5933641975308642,0.5935151226482496,"{0: 0.6141486068111455, 1: 0.6141486068111455}","{0: 0.6141486068111455, 1: 0.6141486068111455}",0.6141486068111455,"[[415 231]
 [296 354]]",[1. 1. 0. ... 0. 0. 0.],[1. 1. 1. ... 0. 1. 0.]
998,SVC,"{'C': 10, 'gamma': 0.01, 'kernel': 'rbf'}",0.5833260439547281,0.10810960311413473,0.19176395643197977,0.2006079339306702,0.5951969114526563,0.10172848983551759,0.5925207827623886,0.18695687368756875,0.5933641975308642,0.5935055965706121,"{0: 0.612417242200524, 1: 0.6124172422005238}","{0: 0.612417242200524, 1: 0.6124172422005238}",0.6124172422005238,"[[413 233]
 [294 356]]",[1. 1. 0. ... 0. 0. 0.],[1. 1. 1. ... 0. 1. 0.]
599,SVC,"{'C': 10, 'gamma': 0.01, 'kernel': 'rbf'}",0.5829469402045185,0.10808130967076528,0.19175279271122336,0.1996924693123182,0.5951610384282775,0.10125369219137981,0.5917185968944296,0.18541797611565058,0.5925925925925926,0.5927363658013813,"{0: 0.611737318409145, 1: 0.611737318409145}","{0: 0.611737318409145, 1: 0.611737318409145}",0.611737318409145,"[[413 233]
 [295 355]]",[1. 1. 0. ... 0. 0. 0.],[1. 1. 1. ... 0. 1. 0.]
587,SVC,"{'C': 10, 'gamma': 0.01, 'kernel': 'rbf'}",0.5832853810868491,0.10856670418478527,0.1916917672591248,0.2013991417724973,0.5951916867922593,0.10210995617752137,0.5924624412416764,0.18696461647612284,0.5933641975308642,0.5935103596094308,"{0: 0.6146511074065254, 1: 0.6146511074065254}","{0: 0.6146511074065254, 1: 0.6146511074065254}",0.6146511074065254,"[[414 232]
 [295 355]]",[1. 1. 0. ... 0. 0. 0.],[1. 1. 1. ... 0. 1. 0.]
522,SVC,"{'C': 10, 'gamma': 0.01, 'kernel': 'rbf'}",0.5832853810868491,0.10856670418478527,0.1916917672591248,0.2013991417724973,0.5951916867922593,0.10210995617752137,0.5924624412416764,0.18696461647612284,0.5933641975308642,0.5935103596094308,"{0: 0.6143867587520838, 1: 0.6143867587520838}","{0: 0.6143867587520838, 1: 0.6143867587520838}",0.6143867587520838,"[[414 232]
 [295 355]]",[1. 1. 0. ... 0. 0. 0.],[1. 1. 1. ... 0. 1. 0.]
714,SVC,"{'C': 10, 'gamma': 0.01, 'kernel': 'rbf'}",0.5833885646456697,0.10764943473717584,0.1916490290863216,0.19972220814580646,0.595162854407105,0.10130804781313334,0.5924624412416764,0.18696461647612284,0.5933641975308642,0.5935103596094308,"{0: 0.6135127411288401, 1: 0.6135127411288401}","{0: 0.6135127411288401, 1: 0.6135127411288401}",0.6135127411288401,"[[414 232]
 [295 355]]",[1. 1. 0. ... 0. 0. 0.],[1. 1. 1. ... 0. 1. 0.]
584,SVC,"{'C': 10, 'gamma': 0.01, 'kernel': 'rbf'}",0.5831790755395937,0.10707576509557895,0.19155835656240164,0.19793114932357916,0.595080575681148,0.10041453251513387,0.5924624412416764,0.18696461647612284,0.5933641975308642,0.5935103596094308,"{0: 0.6156322934031913, 1: 0.6156322934031913}","{0: 0.6156322934031913, 1: 0.6156322934031913}",0.6156322934031913,"[[414 232]
 [295 355]]",[1. 1. 0. ... 0. 0. 0.],[1. 1. 1. ... 0. 1. 0.]
984,SVC,"{'C': 1, 'gamma': 0.01, 'kernel': 'rbf'}",0.5814079146782004,0.1152510185052727,0.1915001633572441,0.21212754376527423,0.5955444959501347,0.10726592266383919,0.5896173637225675,0.18401119749389416,0.591820987654321,0.5920481066920695,"{0: 0.6069385567992379, 1: 0.606938556799238}","{0: 0.6069385567992379, 1: 0.606938556799238}",0.606938556799238,"[[430 216]
 [313 337]]",[1. 1. 0. ... 0. 0. 0.],[1. 1. 1. ... 0. 1. 0.]
974,SVC,"{'C': 100, 'gamma': 0.01, 'kernel': 'rbf'}",0.5845481706724011,0.08587799935887733,0.1914962245694849,0.16361690731370418,0.5948418699705303,0.08323942128305468,0.5904506286726201,0.18393349426502315,0.591820987654321,0.5920004763038819,"{0: 0.6169707073112646, 1: 0.6169707073112646}","{0: 0.6169707073112646, 1: 0.6169707073112646}",0.6169707073112646,"[[420 226]
 [303 347]]",[1. 1. 0. ... 0. 0. 1.],[1. 1. 1. ... 0. 1. 0.]
591,SVC,"{'C': 10, 'gamma': 0.01, 'kernel': 'rbf'}",0.5830146065762238,0.10873592618757606,0.19148790808098326,0.20141160649905454,0.5950753539977656,0.10209534396333303,0.5924624412416764,0.18696461647612284,0.5933641975308642,0.5935103596094308,"{0: 0.6137735175041676, 1: 0.6137735175041676}","{0: 0.6137735175041676, 1: 0.6137735175041676}",0.6137735175041676,"[[414 232]
 [295 355]]",[1. 1. 0. ... 0. 0. 0.],[1. 1. 1. ... 0. 1. 0.]
949,SVC,"{'C': 10, 'gamma': 0.01, 'kernel': 'rbf'}",0.5833349800189143,0.1075482816219405,0.1914554546331493,0.19938842344519353,0.5950393976169814,0.10113229549696456,0.5932059076957454,0.188511242107669,0.5941358024691358,0.5942843534174803,"{0: 0.6147082638723506, 1: 0.6147082638723506}","{0: 0.6147082638723506, 1: 0.6147082638723506}",0.6147082638723506,"[[415 231]
 [295 355]]",[1. 1. 0. ... 0. 0. 0.],[1. 1. 1. ... 0. 1. 0.]
789,SVC,"{'C': 10, 'gamma': 0.01, 'kernel': 'rbf'}",0.582941921915959,0.1091815265580739,0.1914475182576339,0.20220545811502286,0.5950701293373685,0.10247543849703095,0.5924624412416764,0.18696461647612284,0.5933641975308642,0.5935103596094308,"{0: 0.6154620147654204, 1: 0.6154620147654203}","{0: 0.6154620147654204, 1: 0.6154620147654203}",0.6154620147654203,"[[414 232]
 [295 355]]",[1. 1. 0. ... 0. 0. 0.],[1. 1. 1. ... 0. 1. 0.]
581,SVC,"{'C': 10, 'gamma': 0.01, 'kernel': 'rbf'}",0.5831416438615593,0.10913527743793751,0.19124453918695714,0.202601559716827,0.5949712282384674,0.10271762185851373,0.592402137881071,0.1869723591172059,0.5933641975308642,0.5935151226482496,"{0: 0.6115670397713742, 1: 0.6115670397713742}","{0: 0.6115670397713742, 1: 0.6115670397713742}",0.6115670397713742,"[[415 231]
 [296 354]]",[1. 1. 0. ... 0. 0. 0.],[1. 1. 1. ... 0. 1. 0.]
505,SVC,"{'C': 1, 'gamma': 0.01, 'kernel': 'rbf'}",0.5811481986362748,0.11534103754933824,0.19100103133266977,0.21240018668757044,0.5952717686774074,0.1073976658675136,0.5895230442252524,0.1840189670029374,0.591820987654321,0.5920528697308883,"{0: 0.6077613717551797, 1: 0.6077613717551799}","{0: 0.6077613717551797, 1: 0.6077613717551799}",0.6077613717551799,"[[431 215]
 [314 336]]",[1. 1. 0. ... 0. 0. 0.],[1. 1. 1. ... 0. 1. 0.]
649,SVC,"{'C': 1, 'gamma': 0.01, 'kernel': 'rbf'}",0.5818716249370474,0.11242693255039778,0.19092629067505063,0.20908361783076537,0.5951177716025439,0.10576447106720706,0.5889795717048343,0.1824570090076365,0.5910493827160493,0.5912693498452013,"{0: 0.6085853774708264, 1: 0.6085853774708264}","{0: 0.6085853774708264, 1: 0.6085853774708264}",0.6085853774708264,"[[428 218]
 [312 338]]",[1. 1. 0. ... 0. 0. 0.],[1. 1. 1. ... 0. 1. 0.]
495,SVC,"{'C': 10, 'gamma': 0.01, 'kernel': 'rbf'}",0.5828449249830117,0.10860403322722348,0.1909216260535476,0.20159810384491939,0.5947764230436622,0.10220096676840491,0.5917185968944296,0.18541797611565058,0.5925925925925926,0.5927363658013813,"{0: 0.6147320790664443, 1: 0.6147320790664444}","{0: 0.6147320790664443, 1: 0.6147320790664444}",0.6147320790664444,"[[413 233]
 [295 355]]",[1. 1. 0. ... 0. 0. 0.],[1. 1. 1. ... 0. 1. 0.]
264,SVC,"{'C': 10, 'gamma': 0.01, 'kernel': 'rbf'}",0.5828449249830117,0.10860403322722348,0.1909216260535476,0.20159810384491939,0.5947764230436622,0.10220096676840491,0.5917185968944296,0.18541797611565058,0.5925925925925926,0.5927363658013813,"{0: 0.6158466301500357, 1: 0.6158466301500357}","{0: 0.6158466301500357, 1: 0.6158466301500357}",0.6158466301500357,"[[413 233]
 [295 355]]",[1. 1. 0. ... 0. 0. 0.],[1. 1. 1. ... 0. 1. 0.]
815,SVC,"{'C': 10, 'gamma': 0.01, 'kernel': 'rbf'}",0.5828552630722971,0.10767612048725164,0.19091038040130684,0.1994286286011679,0.5947463930136321,0.1011340518411174,0.5917185968944296,0.18541797611565058,0.5925925925925926,0.5927363658013813,"{0: 0.613679447487497, 1: 0.613679447487497}","{0: 0.613679447487497, 1: 0.613679447487497}",0.613679447487497,"[[413 233]
 [295 355]]",[1. 1. 0. ... 0. 0. 0.],[1. 1. 1. ... 0. 1. 0.]
669,SVC,"{'C': 10, 'gamma': 0.01, 'kernel': 'rbf'}",0.5828886424815211,0.10801301807858871,0.19084084845809024,0.20048631477452977,0.5947423659981108,0.10167045383764219,0.5917185968944296,0.18541797611565058,0.5925925925925926,0.5927363658013813,"{0: 0.6139664205763278, 1: 0.6139664205763277}","{0: 0.6139664205763278, 1: 0.6139664205763277}",0.6139664205763277,"[[413 233]
 [295 355]]",[1. 1. 0. ... 0. 0. 0.],[1. 1. 1. ... 0. 1. 0.]
583,SVC,"{'C': 10, 'gamma': 0.01, 'kernel': 'rbf'}",0.5827886518504166,0.1084036605307045,0.19083133816110476,0.20119073112468855,0.5947371413377138,0.10200148705636009,0.5917760669621712,0.1854102185610209,0.5925925925925926,0.5927316027625625,"{0: 0.6138128125744224, 1: 0.6138128125744224}","{0: 0.6138128125744224, 1: 0.6138128125744224}",0.6138128125744224,"[[412 234]
 [294 356]]",[1. 1. 0. ... 0. 0. 0.],[1. 1. 1. ... 0. 1. 0.]
991,SVC,"{'C': 10, 'gamma': 0.01, 'kernel': 'rbf'}",0.5828206736428024,0.10841253146622971,0.19079953881159908,0.20118471696085669,0.5947371413377138,0.10200148705636009,0.5917185968944296,0.18541797611565058,0.5925925925925926,0.5927363658013813,"{0: 0.6129792807811383, 1: 0.6129792807811384}","{0: 0.6129792807811383, 1: 0.6129792807811384}",0.6129792807811384,"[[413 233]
 [295 355]]",[1. 1. 0. ... 0. 0. 0.],[1. 1. 1. ... 0. 1. 0.]
512,SVC,"{'C': 10, 'gamma': 0.01, 'kernel': 'rbf'}",0.5828206736428024,0.10841253146622971,0.19079953881159908,0.20118471696085669,0.5947371413377138,0.10200148705636009,0.5917185968944296,0.18541797611565058,0.5925925925925926,0.5927363658013813,"{0: 0.61235532269588, 1: 0.61235532269588}","{0: 0.61235532269588, 1: 0.61235532269588}",0.61235532269588,"[[413 233]
 [295 355]]",[1. 1. 0. ... 0. 0. 0.],[1. 1. 1. ... 0. 1. 0.]
281,SVC,"{'C': 10, 'gamma': 0.01, 'kernel': 'rbf'}",0.5828206736428024,0.10841253146622971,0.19079953881159908,0.20118471696085669,0.5947371413377138,0.10200148705636009,0.5917185968944296,0.18541797611565058,0.5925925925925926,0.5927363658013813,"{0: 0.6123934270064302, 1: 0.6123934270064302}","{0: 0.6123934270064302, 1: 0.6123934270064302}",0.6123934270064302,"[[413 233]
 [295 355]]",[1. 1. 0. ... 0. 0. 0.],[1. 1. 1. ... 0. 1. 0.]
108,SVC,"{'C': 10, 'gamma': 0.01, 'kernel': 'rbf'}",0.5827823369342656,0.10651393306358256,0.1907074377613671,0.1970016774913,0.5946312548869997,0.0999670772011681,0.5917185968944296,0.18541797611565058,0.5925925925925926,0.5927363658013813,"{0: 0.6131007382710169, 1: 0.6131007382710169}","{0: 0.6131007382710169, 1: 0.6131007382710169}",0.6131007382710169,"[[413 233]
 [295 355]]",[1. 1. 0. ... 0. 0. 0.],[1. 1. 1. ... 0. 1. 0.]
797,SVC,"{'C': 10, 'gamma': 0.01, 'kernel': 'rbf'}",0.5825451833106309,0.10862971983497591,0.19059659945659932,0.20129525509694615,0.5946208085432201,0.1020369751195675,0.5917185968944296,0.18541797611565058,0.5925925925925926,0.5927363658013813,"{0: 0.6119052155275067, 1: 0.6119052155275065}","{0: 0.6119052155275067, 1: 0.6119052155275065}",0.6119052155275065,"[[413 233]
 [295 355]]",[1. 1. 0. ... 0. 0. 0.],[1. 1. 1. ... 0. 1. 0.]
447,SVC,"{'C': 1, 'gamma': 0.01, 'kernel': 'rbf'}",0.5813189886047351,0.11542518014109894,0.1905692742847654,0.2133675297716366,0.5951001783972785,0.10793998985834344,0.5896173637225675,0.18401119749389416,0.591820987654321,0.5920481066920695,"{0: 0.6088092402953085, 1: 0.6088092402953084}","{0: 0.6088092402953085, 1: 0.6088092402953084}",0.6088092402953084,"[[430 216]
 [313 337]]",[1. 1. 0. ... 0. 0. 0.],[1. 1. 1. ... 0. 1. 0.]
881,SVC,"{'C': 1, 'gamma': 0.01, 'kernel': 'rbf'}",0.5814199624434536,0.11241060247930845,0.19049423818969138,0.2087416709926787,0.5949569324417047,0.1057056601155333,0.5886990918121187,0.1824803618186146,0.5910493827160493,0.5912836389616576,"{0: 0.6068980709692784, 1: 0.6068980709692784}","{0: 0.6068980709692784, 1: 0.6068980709692784}",0.6068980709692784,"[[431 215]
 [315 335]]",[1. 1. 0. ... 0. 0. 0.],[1. 1. 1. ... 0. 1. 0.]
226,SVC,"{'C': 10, 'gamma': 0.01, 'kernel': 'rbf'}",0.5825209319704218,0.1084381964016702,0.1904745122146509,0.2008810474537013,0.5945815268372716,0.10183711415420868,0.5917185968944296,0.18541797611565058,0.5925925925925926,0.5927363658013813,"{0: 0.613455584663015, 1: 0.613455584663015}","{0: 0.613455584663015, 1: 0.613455584663015}",0.613455584663015,"[[413 233]
 [295 355]]",[1. 1. 0. ... 0. 0. 0.],[1. 1. 1. ... 0. 1. 0.]
652,SVC,"{'C': 10, 'gamma': 0.01, 'kernel': 'rbf'}",0.5825209319704218,0.1084381964016702,0.1904745122146509,0.2008810474537013,0.5945815268372716,0.10183711415420868,0.5917185968944296,0.18541797611565058,0.5925925925925926,0.5927363658013813,"{0: 0.6133889021195522, 1: 0.6133889021195522}","{0: 0.6133889021195522, 1: 0.6133889021195522}",0.6133889021195522,"[[413 233]
 [295 355]]",[1. 1. 0. ... 0. 0. 0.],[1. 1. 1. ... 0. 1. 0.]
688,SVC,"{'C': 1, 'gamma': 0.01, 'kernel': 'rbf'}",0.5809805965030239,0.11581511498156533,0.1904604933492649,0.21318401171950196,0.5950042101489792,0.10777366925594813,0.5895230442252524,0.1840189670029374,0.591820987654321,0.5920528697308883,"{0: 0.6098475827577995, 1: 0.6098475827577994}","{0: 0.6098475827577995, 1: 0.6098475827577994}",0.6098475827577994,"[[431 215]
 [314 336]]",[1. 1. 0. ... 0. 0. 0.],[1. 1. 1. ... 0. 1. 0.]
385,SVC,"{'C': 1, 'gamma': 0.01, 'kernel': 'rbf'}",0.581124405970319,0.11593474827849175,0.19000940637449173,0.21421495867017012,0.5948326198688505,0.10834160738226277,0.5897096768987105,0.18400342783689216,0.591820987654321,0.5920433436532508,"{0: 0.6104691593236484, 1: 0.6104691593236484}","{0: 0.6104691593236484, 1: 0.6104691593236484}",0.6104691593236484,"[[429 217]
 [312 338]]",[1. 1. 0. ... 0. 0. 0.],[1. 1. 1. ... 0. 1. 0.]
869,SVC,"{'C': 10, 'gamma': 0.01, 'kernel': 'rbf'}",0.5820077912063194,0.10891852048984339,0.18966398118572428,0.2018706750922765,0.5941610384282775,0.10230656019651548,0.5909743720707847,0.18387132102604153,0.591820987654321,0.5919623719933318,"{0: 0.612436294355799, 1: 0.612436294355799}","{0: 0.612436294355799, 1: 0.612436294355799}",0.612436294355799,"[[412 234]
 [295 355]]",[1. 1. 0. ... 0. 0. 0.],[1. 1. 1. ... 0. 1. 0.]
573,SVC,"{'C': 10, 'gamma': 0.01, 'kernel': 'rbf'}",0.5819835398661103,0.1087273859161563,0.18954189394377582,0.20145708536107154,0.5941217567223291,0.1021070500300563,0.5909743720707847,0.18387132102604153,0.591820987654321,0.5919623719933318,"{0: 0.6140319123600857, 1: 0.6140319123600857}","{0: 0.6140319123600857, 1: 0.6140319123600857}",0.6140319123600857,"[[412 234]
 [295 355]]",[1. 1. 0. ... 0. 0. 0.],[1. 1. 1. ... 0. 1. 0.]
561,SVC,"{'C': 1, 'gamma': 0.01, 'kernel': 'rbf'}",0.5806190186182415,0.1158271932472056,0.18932778978307208,0.2142440404904309,0.5944444406923606,0.10841509750601219,0.5888880880810599,0.1824647934262018,0.5910493827160493,0.59127411288402,"{0: 0.6069814241486068, 1: 0.6069814241486069}","{0: 0.6069814241486068, 1: 0.6069814241486069}",0.6069814241486069,"[[429 217]
 [313 337]]",[1. 1. 0. ... 0. 0. 0.],[1. 1. 1. ... 0. 1. 0.]
923,SVC,"{'C': 1, 'gamma': 0.01, 'kernel': 'rbf'}",0.5809357009615876,0.11231012488630975,0.18906330709215863,0.20873776379657233,0.5942020421272991,0.10559399962339482,0.5888880880810599,0.1824647934262018,0.5910493827160493,0.59127411288402,"{0: 0.6069659442724459, 1: 0.6069659442724458}","{0: 0.6069659442724459, 1: 0.6069659442724458}",0.6069659442724458,"[[429 217]
 [313 337]]",[1. 1. 0. ... 0. 0. 0.],[1. 1. 1. ... 0. 1. 0.]
292,SVC,"{'C': 1, 'gamma': 0.01, 'kernel': 'rbf'}",0.5815340531238622,0.11367056452536789,0.1884450837681236,0.21268283392025136,0.5938684348744787,0.10771212320064466,0.5891565230577641,0.18244143972576654,0.5910493827160493,0.5912598237675637,"{0: 0.6065682305310789, 1: 0.6065682305310788}","{0: 0.6065682305310789, 1: 0.6065682305310788}",0.6065682305310788,"[[426 220]
 [310 340]]",[1. 1. 0. ... 0. 0. 0.],[1. 1. 1. ... 0. 1. 0.]
235,SVC,"{'C': 1, 'gamma': 0.01, 'kernel': 'rbf'}",0.5799510244310456,0.11430708659858656,0.1883051276255794,0.211568498808705,0.5938687038287384,0.10712453337310873,0.5880658225646188,0.1809261736658938,0.5902777777777778,0.5905048821147892,"{0: 0.609204572517266, 1: 0.609204572517266}","{0: 0.609204572517266, 1: 0.609204572517266}",0.609204572517266,"[[429 217]
 [314 336]]",[1. 1. 0. ... 0. 0. 0.],[1. 1. 1. ... 0. 1. 0.]
767,SVC,"{'C': 1, 'gamma': 0.01, 'kernel': 'rbf'}",0.5801708684030907,0.11608693293416102,0.18819562698545794,0.21514485026184132,0.5938334222768371,0.10876881995777091,0.5888880880810599,0.1824647934262018,0.5910493827160493,0.59127411288402,"{0: 0.6057775660871636, 1: 0.6057775660871636}","{0: 0.6057775660871636, 1: 0.6057775660871636}",0.6057775660871636,"[[429 217]
 [313 337]]",[1. 1. 0. ... 0. 0. 0.],[1. 1. 1. ... 0. 1. 0.]
664,SVC,"{'C': 100, 'gamma': 0.01, 'kernel': 'rbf'}",0.5830089066027424,0.08756276193775919,0.18808462394090708,0.1677558906002254,0.5931320998555879,0.08525325316768996,0.5888275882805423,0.18085597703174328,0.5902777777777778,0.5904620147654203,"{0: 0.6175065491783758, 1: 0.6175065491783758}","{0: 0.6175065491783758, 1: 0.6175065491783758}",0.6175065491783758,"[[420 226]
 [305 345]]",[1. 1. 0. ... 0. 0. 1.],[1. 1. 1. ... 0. 1. 0.]
524,SVC,"{'C': 1, 'gamma': 0.01, 'kernel': 'rbf'}",0.5800261648720779,0.11664101808086001,0.18750940637449173,0.21604535530747973,0.5935826198688505,0.10924449844200165,0.5888880880810599,0.1824647934262018,0.5910493827160493,0.59127411288402,"{0: 0.6094796380090499, 1: 0.6094796380090498}","{0: 0.6094796380090499, 1: 0.6094796380090498}",0.6094796380090498,"[[429 217]
 [313 337]]",[1. 1. 0. ... 0. 0. 0.],[1. 1. 1. ... 0. 1. 0.]
466,SVC,"{'C': 1, 'gamma': 0.01, 'kernel': 'rbf'}",0.5789782786482665,0.11558821064718265,0.18725426740506662,0.21258031846898182,0.5934256660876766,0.10744661436885126,0.5878744537520068,0.1809417712841167,0.5902777777777778,0.5905144081924267,"{0: 0.6071683734222434, 1: 0.6071683734222434}","{0: 0.6071683734222434, 1: 0.6071683734222434}",0.6071683734222434,"[[431 215]
 [316 334]]",[1. 1. 0. ... 0. 0. 0.],[1. 1. 1. ... 0. 1. 0.]
348,SVC,"{'C': 1, 'gamma': 0.01, 'kernel': 'rbf'}",0.5797747126899494,0.11246218298097492,0.1871439440083135,0.20952989361479504,0.5932744574865709,0.1059123759982113,0.5871470129132964,0.17939538205189232,0.5895061728395061,0.5897404143843772,"{0: 0.6057013574660634, 1: 0.6057013574660634}","{0: 0.6057013574660634, 1: 0.6057013574660634}",0.6057013574660634,"[[430 216]
 [316 334]]",[1. 1. 0. ... 0. 0. 0.],[1. 1. 1. ... 0. 1. 0.]
423,SVC,"{'C': 100, 'gamma': 0.01, 'kernel': 'rbf'}",0.5818157561344905,0.08830223109095776,0.1868330605083199,0.1683587529068649,0.5924228752116643,0.08565333176158019,0.5896394271789002,0.18239472832193793,0.5910493827160493,0.5912312455346511,"{0: 0.6167516075256013, 1: 0.6167516075256013}","{0: 0.6167516075256013, 1: 0.6167516075256013}",0.6167516075256013,"[[420 226]
 [304 346]]",[1. 1. 0. ... 0. 0. 1.],[1. 1. 1. ... 0. 1. 0.]
962,SVC,"{'C': 1, 'gamma': 0.01, 'kernel': 'rbf'}",0.57943675462339,0.11456415212432612,0.1866521547760102,0.21210554726356942,0.5931204691778142,0.10729906978197652,0.5871470129132964,0.17939538205189232,0.5895061728395061,0.5897404143843772,"{0: 0.6079376041914742, 1: 0.6079376041914741}","{0: 0.6079376041914742, 1: 0.6079376041914741}",0.6079376041914741,"[[430 216]
 [316 334]]",[1. 1. 0. ... 0. 0. 0.],[1. 1. 1. ... 0. 1. 0.]
833,SVC,"{'C': 100, 'gamma': 0.01, 'kernel': 'rbf'}",0.5815157228973947,0.08775431294445457,0.18648533322803384,0.16692880732354995,0.5922779530394766,0.08490922948971256,0.5888275882805423,0.18085597703174328,0.5902777777777778,0.5904620147654203,"{0: 0.6159156942129078, 1: 0.6159156942129078}","{0: 0.6159156942129078, 1: 0.6159156942129078}",0.6159156942129078,"[[420 226]
 [305 345]]",[1. 1. 0. ... 0. 0. 1.],[1. 1. 1. ... 0. 1. 0.]
414,SVC,"{'C': 1, 'gamma': 0.01, 'kernel': 'rbf'}",0.5784936512202179,0.1177201554289552,0.18603223874733085,0.21730935122657405,0.5928115904508147,0.1099269244230138,0.5881584847508795,0.18091837463400706,0.5902777777777778,0.5905001190759704,"{0: 0.6064432007620862, 1: 0.6064432007620862}","{0: 0.6064432007620862, 1: 0.6064432007620862}",0.6064432007620862,"[[428 218]
 [313 337]]",[1. 1. 0. ... 0. 0. 0.],[1. 1. 1. ... 0. 1. 0.]
310,SVC,"{'C': 1, 'gamma': 0.01, 'kernel': 'rbf'}",0.5782644352081493,0.11598623415210847,0.1858608493933624,0.21348172254378253,0.5926563840620227,0.10773292212111264,0.5871470129132964,0.17939538205189232,0.5895061728395061,0.5897404143843772,"{0: 0.6067897118361515, 1: 0.6067897118361515}","{0: 0.6067897118361515, 1: 0.6067897118361515}",0.6067897118361515,"[[430 216]
 [316 334]]",[1. 1. 0. ... 0. 0. 0.],[1. 1. 1. ... 0. 1. 0.]
197,SVC,"{'C': 1, 'gamma': 0.01, 'kernel': 'rbf'}",0.5781773811194048,0.11639027234682706,0.18545018560564336,0.21525814454431114,0.5924771420836004,0.1088093405863738,0.5870491268444497,0.17940319539923455,0.5895061728395061,0.5897451774231961,"{0: 0.6059514170040485, 1: 0.6059514170040485}","{0: 0.6059514170040485, 1: 0.6059514170040485}",0.6059514170040485,"[[431 215]
 [317 333]]",[1. 1. 0. ... 0. 0. 0.],[1. 1. 1. ... 0. 1. 0.]
594,SVC,"{'C': 1, 'gamma': 0.01, 'kernel': 'rbf'}",0.5786710469501558,0.11768032038993136,0.18537705787119751,0.21725911214342936,0.5924523786749362,0.10991595879771589,0.5875183663419445,0.17936412717456518,0.5895061728395061,0.5897213622291022,"{0: 0.6072541081209812, 1: 0.6072541081209811}","{0: 0.6072541081209812, 1: 0.6072541081209811}",0.6072541081209811,"[[426 220]
 [312 338]]",[1. 1. 0. ... 0. 0. 0.],[1. 1. 1. ... 0. 1. 0.]
610,SVC,"{'C': 1, 'gamma': 0.01, 'kernel': 'rbf'}",0.5781485285017756,0.11690429958576126,0.18477316535923383,0.2155323252343851,0.5921692609745272,0.10902868626380774,0.5872428771717327,0.17938756855575866,0.5895061728395061,0.5897356513455585,"{0: 0.6058894974994047, 1: 0.6058894974994046}","{0: 0.6058894974994047, 1: 0.6058894974994046}",0.6058894974994046,"[[429 217]
 [315 335]]",[1. 1. 0. ... 0. 0. 0.],[1. 1. 1. ... 0. 1. 0.]
841,SVC,"{'C': 1, 'gamma': 0.01, 'kernel': 'rbf'}",0.5773717922797369,0.1150600299262325,0.18394600092937977,0.21213948472210573,0.591703614738234,0.10726090221491937,0.5847699298631329,0.17477184112429833,0.5871913580246914,0.5874279590378662,"{0: 0.608949749940462, 1: 0.608949749940462}","{0: 0.608949749940462, 1: 0.608949749940462}",0.608949749940462,"[[429 217]
 [318 332]]",[1. 1. 0. ... 0. 0. 0.],[1. 1. 1. ... 0. 1. 0.]
602,knn,{'n_neighbors': 47},0.5793925308018616,0.10988319808873115,0.18105642743455586,0.20152905114164119,0.5903930711973433,0.10204087869872734,0.592402137881071,0.1869723591172059,0.5933641975308642,0.5935151226482496,"{0: 0.6153310311979042, 1: 0.6153310311979042}","{0: 0.6153310311979042, 1: 0.6153310311979042}",0.6153310311979042,"[[415 231]
 [296 354]]",[1. 0. 0. ... 0. 0. 1.],[1. 1. 1. ... 0. 1. 0.]
233,knn,{'n_neighbors': 47},0.5793925308018616,0.10988319808873115,0.18105642743455586,0.20152905114164119,0.5903930711973433,0.10204087869872734,0.592402137881071,0.1869723591172059,0.5933641975308642,0.5935151226482496,"{0: 0.6153310311979042, 1: 0.6153310311979042}","{0: 0.6153310311979042, 1: 0.6153310311979042}",0.6153310311979042,"[[415 231]
 [296 354]]",[1. 0. 0. ... 0. 0. 1.],[1. 1. 1. ... 0. 1. 0.]
970,knn,{'n_neighbors': 47},0.5793925308018616,0.10988319808873115,0.18105642743455586,0.20152905114164119,0.5903930711973433,0.10204087869872734,0.592402137881071,0.1869723591172059,0.5933641975308642,0.5935151226482496,"{0: 0.6153310311979042, 1: 0.6153310311979042}","{0: 0.6153310311979042, 1: 0.6153310311979042}",0.6153310311979042,"[[415 231]
 [296 354]]",[1. 0. 0. ... 0. 0. 1.],[1. 1. 1. ... 0. 1. 0.]
278,knn,{'n_neighbors': 35},0.5798500985309378,0.09094163991879238,0.17988517369692034,0.16803464611387003,0.5905318117963594,0.08475802857003659,0.5975926238438936,0.19779832588966872,0.5987654320987654,0.5989330793045964,"{0: 0.612818528221005, 1: 0.6128185282210051}","{0: 0.612818528221005, 1: 0.6128185282210051}",0.6128185282210051,"[[422 224]
 [296 354]]",[1. 0. 0. ... 0. 0. 1.],[1. 1. 1. ... 0. 1. 0.]
243,knn,{'n_neighbors': 35},0.5798500985309378,0.09094163991879238,0.17988517369692034,0.16803464611387003,0.5905318117963594,0.08475802857003659,0.5975926238438936,0.19779832588966872,0.5987654320987654,0.5989330793045964,"{0: 0.612818528221005, 1: 0.6128185282210051}","{0: 0.612818528221005, 1: 0.6128185282210051}",0.6128185282210051,"[[422 224]
 [296 354]]",[1. 0. 0. ... 0. 0. 1.],[1. 1. 1. ... 0. 1. 0.]
784,knn,{'n_neighbors': 35},0.5798500985309378,0.09094163991879238,0.17988517369692034,0.16803464611387003,0.5905318117963594,0.08475802857003659,0.5975926238438936,0.19779832588966872,0.5987654320987654,0.5989330793045964,"{0: 0.612818528221005, 1: 0.6128185282210051}","{0: 0.612818528221005, 1: 0.6128185282210051}",0.6128185282210051,"[[422 224]
 [296 354]]",[1. 0. 0. ... 0. 0. 1.],[1. 1. 1. ... 0. 1. 0.]
133,knn,{'n_neighbors': 37},0.5804979781035662,0.099815132007119,0.17895207660684645,0.18579383267652294,0.5898321497087164,0.09350655317803769,0.593144739068926,0.18851896998323947,0.5941358024691358,0.5942891164562991,"{0: 0.609455822814956, 1: 0.609455822814956}","{0: 0.609455822814956, 1: 0.609455822814956}",0.609455822814956,"[[416 230]
 [296 354]]",[1. 0. 0. ... 0. 0. 1.],[1. 1. 1. ... 0. 1. 0.]
871,knn,{'n_neighbors': 37},0.5804979781035662,0.099815132007119,0.17895207660684645,0.18579383267652294,0.5898321497087164,0.09350655317803769,0.593144739068926,0.18851896998323947,0.5941358024691358,0.5942891164562991,"{0: 0.609455822814956, 1: 0.609455822814956}","{0: 0.609455822814956, 1: 0.609455822814956}",0.609455822814956,"[[416 230]
 [296 354]]",[1. 0. 0. ... 0. 0. 1.],[1. 1. 1. ... 0. 1. 0.]
492,knn,{'n_neighbors': 37},0.5804979781035662,0.099815132007119,0.17895207660684645,0.18579383267652294,0.5898321497087164,0.09350655317803769,0.593144739068926,0.18851896998323947,0.5941358024691358,0.5942891164562991,"{0: 0.609455822814956, 1: 0.609455822814956}","{0: 0.609455822814956, 1: 0.609455822814956}",0.609455822814956,"[[416 230]
 [296 354]]",[1. 0. 0. ... 0. 0. 1.],[1. 1. 1. ... 0. 1. 0.]
256,knn,{'n_neighbors': 49},0.5763537794658815,0.1128700940688589,0.1784131594789763,0.2001567297579274,0.5890688032832492,0.10179332419254344,0.5907282977267935,0.18390240882967734,0.591820987654321,0.5919814241486068,"{0: 0.6129757085020242, 1: 0.6129757085020242}","{0: 0.6129757085020242, 1: 0.6129757085020242}",0.6129757085020242,"[[416 230]
 [299 351]]",[1. 0. 0. ... 0. 0. 1.],[1. 1. 1. ... 0. 1. 0.]
955,knn,{'n_neighbors': 49},0.5763537794658815,0.1128700940688589,0.1784131594789763,0.2001567297579274,0.5890688032832492,0.10179332419254344,0.5907282977267935,0.18390240882967734,0.591820987654321,0.5919814241486068,"{0: 0.6129757085020242, 1: 0.6129757085020242}","{0: 0.6129757085020242, 1: 0.6129757085020242}",0.6129757085020242,"[[416 230]
 [299 351]]",[1. 0. 0. ... 0. 0. 1.],[1. 1. 1. ... 0. 1. 0.]
516,knn,{'n_neighbors': 49},0.5763537794658815,0.1128700940688589,0.1784131594789763,0.2001567297579274,0.5890688032832492,0.10179332419254344,0.5907282977267935,0.18390240882967734,0.591820987654321,0.5919814241486068,"{0: 0.6129757085020242, 1: 0.6129757085020242}","{0: 0.6129757085020242, 1: 0.6129757085020242}",0.6129757085020242,"[[416 230]
 [299 351]]",[1. 0. 0. ... 0. 0. 1.],[1. 1. 1. ... 0. 1. 0.]
361,AdaBoost,"{'algorithm': 'SAMME', 'learning_rate': 0.6714285714285714, 'n_estimators': 74}",0.5797444400395843,0.10768863320310029,0.17599006659168082,0.2065091540465527,0.5874770160769549,0.10326178121749989,0.5831209721402225,0.16845939575744595,0.5841049382716049,0.5842557751845677,"{0: 0.6007573231721839, 1: 0.6007573231721839}","{0: 0.6007573231721839, 1: 0.6007573231721839}",0.6007573231721839,"[[409 237]
 [302 348]]",[1. 1. 0. ... 0. 0. 0.],[1. 1. 1. ... 0. 1. 0.]
546,SVC,"{'C': 10, 'gamma': 0.001, 'kernel': 'rbf'}",0.573836463437112,0.11543389988123882,0.17341981465749945,0.2202983495316689,0.5867969455200275,0.11105137211002235,0.5774580258718819,0.16251172222724708,0.5810185185185185,0.5813026911169326,"{0: 0.5913622291021672, 1: 0.5913622291021672}","{0: 0.5913622291021672, 1: 0.5913622291021672}",0.5913622291021672,"[[435 211]
 [332 318]]",[1. 1. 0. ... 0. 0. 0.],[1. 1. 1. ... 0. 1. 0.]
517,SVC,"{'C': 100, 'gamma': 0.0001, 'kernel': 'rbf'}",0.5752196260032865,0.11641517661934378,0.17336395575063773,0.2232618249117282,0.5866864756437142,0.1125387475679509,0.5779241450674562,0.1624798274803273,0.5810185185185185,0.5812836389616576,"{0: 0.5888747320790664, 1: 0.5888747320790665}","{0: 0.5888747320790664, 1: 0.5888747320790665}",0.5888747320790665,"[[431 215]
 [328 322]]",[1. 1. 0. ... 0. 0. 0.],[1. 1. 1. ... 0. 1. 0.]
202,knn,{'n_neighbors': 43},0.5760791232605112,0.11291195066677641,0.17331151859846938,0.20862344552724388,0.5868689524579105,0.10508259649010303,0.5967848239377715,0.19625945729753413,0.5979938271604939,0.5981638485353655,"{0: 0.6133829483210288, 1: 0.6133829483210288}","{0: 0.6133829483210288, 1: 0.6133829483210288}",0.6133829483210288,"[[422 224]
 [297 353]]",[1. 0. 0. ... 0. 0. 1.],[1. 1. 1. ... 0. 1. 0.]
927,knn,{'n_neighbors': 43},0.5760791232605112,0.11291195066677641,0.17331151859846938,0.20862344552724388,0.5868689524579105,0.10508259649010303,0.5967848239377715,0.19625945729753413,0.5979938271604939,0.5981638485353655,"{0: 0.6133829483210288, 1: 0.6133829483210288}","{0: 0.6133829483210288, 1: 0.6133829483210288}",0.6133829483210288,"[[422 224]
 [297 353]]",[1. 0. 0. ... 0. 0. 1.],[1. 1. 1. ... 0. 1. 0.]
480,knn,{'n_neighbors': 43},0.5760791232605112,0.11291195066677641,0.17331151859846938,0.20862344552724388,0.5868689524579105,0.10508259649010303,0.5967848239377715,0.19625945729753413,0.5979938271604939,0.5981638485353655,"{0: 0.6133829483210288, 1: 0.6133829483210288}","{0: 0.6133829483210288, 1: 0.6133829483210288}",0.6133829483210288,"[[422 224]
 [297 353]]",[1. 0. 0. ... 0. 0. 1.],[1. 1. 1. ... 0. 1. 0.]
605,SVC,"{'C': 1000, 'gamma': 0.01, 'kernel': 'rbf'}",0.5796853664706487,0.08163339059107427,0.17304285142246256,0.15789436535356832,0.5862782401315284,0.07982043153536635,0.5876336156680168,0.17773153857508128,0.5887345679012346,0.5888949749940462,"{0: 0.6144391521790903, 1: 0.6144391521790903}","{0: 0.6144391521790903, 1: 0.6144391521790903}",0.6144391521790903,"[[414 232]
 [301 349]]",[1. 1. 0. ... 0. 0. 1.],[1. 1. 1. ... 0. 1. 0.]
468,knn,{'n_neighbors': 45},0.5745726326919941,0.11421757209689677,0.17230714228885677,0.2038302010896287,0.5862469158685812,0.10304886752233147,0.5930165179445889,0.18853442529282927,0.5941358024691358,0.5942986425339367,"{0: 0.6153417480352465, 1: 0.6153417480352464}","{0: 0.6153417480352465, 1: 0.6153417480352464}",0.6153417480352464,"[[418 228]
 [298 352]]",[1. 0. 0. ... 0. 0. 1.],[1. 1. 1. ... 0. 1. 0.]
830,knn,{'n_neighbors': 45},0.5745726326919941,0.11421757209689677,0.17230714228885677,0.2038302010896287,0.5862469158685812,0.10304886752233147,0.5930165179445889,0.18853442529282927,0.5941358024691358,0.5942986425339367,"{0: 0.6153417480352465, 1: 0.6153417480352464}","{0: 0.6153417480352465, 1: 0.6153417480352464}",0.6153417480352464,"[[418 228]
 [298 352]]",[1. 0. 0. ... 0. 0. 1.],[1. 1. 1. ... 0. 1. 0.]
124,knn,{'n_neighbors': 45},0.5745726326919941,0.11421757209689677,0.17230714228885677,0.2038302010896287,0.5862469158685812,0.10304886752233147,0.5930165179445889,0.18853442529282927,0.5941358024691358,0.5942986425339367,"{0: 0.6153417480352465, 1: 0.6153417480352464}","{0: 0.6153417480352465, 1: 0.6153417480352464}",0.6153417480352464,"[[418 228]
 [298 352]]",[1. 0. 0. ... 0. 0. 1.],[1. 1. 1. ... 0. 1. 0.]
135,SVC,"{'C': 1000, 'gamma': 0.0001, 'kernel': 'rbf'}",0.5743380480811695,0.11490427744208764,0.17219623587401128,0.21997922788221694,0.5861811202269965,0.11082266995878004,0.574465925923407,0.1563343472858918,0.5779320987654321,0.5782114789235532,"{0: 0.5888354370088116, 1: 0.5888354370088116}","{0: 0.5888354370088116, 1: 0.5888354370088116}",0.5888354370088116,"[[432 214]
 [333 317]]",[1. 1. 0. ... 0. 0. 0.],[1. 1. 1. ... 0. 1. 0.]
658,SVC,"{'C': 10, 'gamma': 0.01, 'kernel': 'sigmoid'}",0.5746882271198169,0.1159946823493995,0.17145058125452123,0.22302017549569753,0.5857335107443599,0.11214932563310076,0.5728308834277276,0.15801698206602444,0.5787037037037037,0.5790664443915219,"{0: 0.5695927601809955, 1: 0.5695927601809955}","{0: 0.5695927601809955, 1: 0.5695927601809955}",0.5695927601809955,"[[450 196]
 [350 300]]",[1. 1. 0. ... 0. 0. 0.],[1. 1. 1. ... 0. 1. 0.]
604,SVC,"{'C': 100, 'gamma': 0.0001, 'kernel': 'rbf'}",0.5731821434241458,0.11794224772978518,0.1709273814430999,0.22455537772869005,0.5855788646303,0.11311623085116597,0.5768589076049685,0.16095740426909377,0.5802469135802469,0.5805239342700643,"{0: 0.5885401286020481, 1: 0.5885401286020482}","{0: 0.5885401286020481, 1: 0.5885401286020482}",0.5885401286020482,"[[433 213]
 [331 319]]",[1. 1. 0. ... 0. 0. 0.],[1. 1. 1. ... 0. 1. 0.]
917,SVC,"{'C': 1000, 'gamma': 0.01, 'kernel': 'rbf'}",0.5782265797954106,0.08277642311873018,0.1708586334943561,0.15839189091210887,0.585074703851857,0.07999592772688612,0.5868266550996396,0.17619274354823355,0.5879629629629629,0.5881257442248153,"{0: 0.6147463681829007, 1: 0.6147463681829007}","{0: 0.6147463681829007, 1: 0.6147463681829007}",0.6147463681829007,"[[414 232]
 [302 348]]",[1. 1. 0. ... 0. 0. 1.],[1. 1. 1. ... 0. 1. 0.]
701,SVC,"{'C': 100, 'gamma': 0.0001, 'kernel': 'rbf'}",0.5733249525894553,0.1170709259396738,0.17081721714078577,0.22303457564060203,0.5854829980378642,0.11234990450089778,0.5751839670370904,0.15788070643118957,0.5787037037037037,0.5789854727316027,"{0: 0.5889116456299118, 1: 0.5889116456299119}","{0: 0.5889116456299118, 1: 0.5889116456299119}",0.5889116456299119,"[[433 213]
 [333 317]]",[1. 1. 0. ... 0. 0. 0.],[1. 1. 1. ... 0. 1. 0.]
172,knn,{'n_neighbors': 39},0.5756080523756618,0.10787583422791348,0.1707726483928138,0.19956215555900875,0.5858059394557362,0.10083063654342779,0.5907282977267935,0.18390240882967734,0.591820987654321,0.5919814241486068,"{0: 0.6116396761133602, 1: 0.6116396761133603}","{0: 0.6116396761133602, 1: 0.6116396761133603}",0.6116396761133603,"[[416 230]
 [299 351]]",[1. 0. 0. ... 0. 0. 1.],[1. 1. 1. ... 0. 1. 0.]
899,knn,{'n_neighbors': 39},0.5756080523756618,0.10787583422791348,0.1707726483928138,0.19956215555900875,0.5858059394557362,0.10083063654342779,0.5907282977267935,0.18390240882967734,0.591820987654321,0.5919814241486068,"{0: 0.6116396761133602, 1: 0.6116396761133603}","{0: 0.6116396761133602, 1: 0.6116396761133603}",0.6116396761133603,"[[416 230]
 [299 351]]",[1. 0. 0. ... 0. 0. 1.],[1. 1. 1. ... 0. 1. 0.]
529,knn,{'n_neighbors': 39},0.5756080523756618,0.10787583422791348,0.1707726483928138,0.19956215555900875,0.5858059394557362,0.10083063654342779,0.5907282977267935,0.18390240882967734,0.591820987654321,0.5919814241486068,"{0: 0.6116396761133602, 1: 0.6116396761133603}","{0: 0.6116396761133602, 1: 0.6116396761133603}",0.6116396761133603,"[[416 230]
 [299 351]]",[1. 0. 0. ... 0. 0. 1.],[1. 1. 1. ... 0. 1. 0.]
246,SVC,"{'C': 100, 'gamma': 0.0001, 'kernel': 'rbf'}",0.5729875101162294,0.11730753414190832,0.17064229707720885,0.2233621517768154,0.585432230793716,0.11251363864576533,0.5759017018419442,0.15942705085423503,0.5794753086419753,0.5797594665396523,"{0: 0.5880030959752321, 1: 0.5880030959752321}","{0: 0.5880030959752321, 1: 0.5880030959752321}",0.5880030959752321,"[[434 212]
 [333 317]]",[1. 1. 0. ... 0. 0. 0.],[1. 1. 1. ... 0. 1. 0.]
874,SVC,"{'C': 100, 'gamma': 0.0001, 'kernel': 'rbf'}",0.5735071609182573,0.11547772678061745,0.17034795674216496,0.22198243578845736,0.5852741406725201,0.11166331081446909,0.5732560281901157,0.15482016032293067,0.5771604938271605,0.5774565372707787,"{0: 0.5871219337937603, 1: 0.5871219337937604}","{0: 0.5871219337937603, 1: 0.5871219337937604}",0.5871219337937604,"[[435 211]
 [337 313]]",[1. 1. 0. ... 0. 0. 0.],[1. 1. 1. ... 0. 1. 0.]
808,SVC,"{'C': 10, 'gamma': 0.001, 'kernel': 'rbf'}",0.5715406887184721,0.11830312806294059,0.17011497450070162,0.22440615193547495,0.5851546394669339,0.1129986115599425,0.5757794898372598,0.15943505352901133,0.5794753086419753,0.5797642295784711,"{0: 0.5917099309359372, 1: 0.5917099309359372}","{0: 0.5917099309359372, 1: 0.5917099309359372}",0.5917099309359372,"[[435 211]
 [334 316]]",[1. 1. 0. ... 0. 0. 0.],[1. 1. 1. ... 0. 1. 0.]
682,SVC,"{'C': 100, 'gamma': 0.0001, 'kernel': 'rbf'}",0.5723727805210168,0.11538496658880584,0.1693273731766017,0.2199698075403568,0.5847873816814757,0.11074842377462281,0.5729975169731382,0.15483625285605485,0.5771604938271605,0.5774660633484163,"{0: 0.5848868778280543, 1: 0.5848868778280543}","{0: 0.5848868778280543, 1: 0.5848868778280543}",0.5848868778280543,"[[437 209]
 [339 311]]",[1. 1. 0. ... 0. 0. 0.],[1. 1. 1. ... 0. 1. 0.]
210,SVC,"{'C': 100, 'gamma': 0.0001, 'kernel': 'rbf'}",0.5722066952176367,0.11714888834739863,0.16909583416722676,0.22284163183105957,0.5847418770458588,0.1120503434132398,0.5750625854888827,0.15788872386610298,0.5787037037037037,0.5789902357704215,"{0: 0.5878816384853537, 1: 0.5878816384853537}","{0: 0.5878816384853537, 1: 0.5878816384853537}",0.5878816384853537,"[[434 212]
 [334 316]]",[1. 1. 0. ... 0. 0. 0.],[1. 1. 1. ... 0. 1. 0.]
424,SVC,"{'C': 1000, 'gamma': 0.0001, 'kernel': 'rbf'}",0.5727618712275939,0.11707996854865481,0.1690832344418193,0.2244822975458247,0.5848472350631482,0.11288539799146258,0.5726659448085424,0.15326576951821502,0.5763888888888888,0.5766777804239105,"{0: 0.5876053822338653, 1: 0.5876053822338652}","{0: 0.5876053822338653, 1: 0.5876053822338652}",0.5876053822338652,"[[433 213]
 [336 314]]",[1. 1. 0. ... 0. 0. 0.],[1. 1. 1. ... 0. 1. 0.]
764,SVC,"{'C': 1000, 'gamma': 0.01, 'kernel': 'rbf'}",0.5772272353275102,0.08272172032022555,0.1689554450210416,0.1594799151774524,0.5841953213918932,0.08049380392156896,0.5852108584237057,0.17311519745550463,0.5864197530864198,0.5865872826863539,"{0: 0.6149083115027388, 1: 0.6149083115027387}","{0: 0.6149083115027388, 1: 0.6149083115027387}",0.6149083115027387,"[[414 232]
 [304 346]]",[1. 1. 0. ... 0. 0. 1.],[1. 1. 1. ... 0. 1. 0.]
62,SVC,"{'C': 1000, 'gamma': 0.0001, 'kernel': 'rbf'}",0.5725338205800888,0.11641319715496086,0.16891305218348118,0.22277225270236922,0.5846861657668198,0.11216873800078458,0.5727890537820685,0.15325770810821104,0.5763888888888888,0.5766730173850917,"{0: 0.5910931174089069, 1: 0.5910931174089069}","{0: 0.5910931174089069, 1: 0.5910931174089069}",0.5910931174089069,"[[432 214]
 [335 315]]",[1. 1. 0. ... 0. 0. 0.],[1. 1. 1. ... 0. 1. 0.]
720,SVC,"{'C': 100, 'gamma': 0.0001, 'kernel': 'rbf'}",0.5723632687341882,0.11829079570955857,0.1687594735387174,0.22566597639882346,0.5844861232092002,0.11370410330648272,0.5760218091924256,0.15941904802707674,0.5794753086419753,0.5797547035008335,"{0: 0.5903989045010717, 1: 0.5903989045010717}","{0: 0.5903989045010717, 1: 0.5903989045010717}",0.5903989045010717,"[[433 213]
 [332 318]]",[1. 1. 0. ... 0. 0. 0.],[1. 1. 1. ... 0. 1. 0.]
565,SVC,"{'C': 10, 'gamma': 0.001, 'kernel': 'rbf'}",0.5710851704140605,0.12040210779627562,0.16869817124404057,0.22907174204957262,0.5844701922224368,0.11531272629584453,0.5759017018419442,0.15942705085423503,0.5794753086419753,0.5797594665396523,"{0: 0.5900500119075971, 1: 0.5900500119075971}","{0: 0.5900500119075971, 1: 0.5900500119075971}",0.5900500119075971,"[[434 212]
 [333 317]]",[1. 1. 0. ... 0. 0. 0.],[1. 1. 1. ... 0. 1. 0.]
814,SVC,"{'C': 100, 'gamma': 0.0001, 'kernel': 'rbf'}",0.5723184126212649,0.11802406481998683,0.16857535903911486,0.22534230384224727,0.5843140626920174,0.11355158968519793,0.5742227173229012,0.15635041152361318,0.5779320987654321,0.5782210050011908,"{0: 0.5890688259109311, 1: 0.5890688259109311}","{0: 0.5890688259109311, 1: 0.5890688259109311}",0.5890688259109311,"[[434 212]
 [335 315]]",[1. 1. 0. ... 0. 0. 0.],[1. 1. 1. ... 0. 1. 0.]
914,SVC,"{'C': 100, 'gamma': 0.0001, 'kernel': 'rbf'}",0.5714693583610377,0.11642039203088397,0.16851387664149572,0.2222767263126126,0.5841755006077962,0.11197821909963966,0.5742227173229012,0.15635041152361318,0.5779320987654321,0.5782210050011908,"{0: 0.5845225053584187, 1: 0.5845225053584187}","{0: 0.5845225053584187, 1: 0.5845225053584187}",0.5845225053584187,"[[434 212]
 [335 315]]",[1. 1. 0. ... 0. 0. 0.],[1. 1. 1. ... 0. 1. 0.]
109,AdaBoost,"{'algorithm': 'SAMME.R', 'learning_rate': 1.9775510204081632, 'n_estimators': 52}",0.5579597433613105,0.15870794759219464,0.16850596872810036,0.2774115262034654,0.5855259419269012,0.13755445682012185,0.561179042873478,0.1301185319179321,0.5648148148148148,0.56509645153608,"{0: 0.5812157656584902, 1: 0.58121576565849}","{0: 0.5812157656584902, 1: 0.58121576565849}",0.58121576565849,"[[424 222]
 [342 308]]",[1. 1. 0. ... 0. 1. 0.],[1. 1. 1. ... 0. 1. 0.]
442,SVC,"{'C': 100, 'gamma': 0.0001, 'kernel': 'rbf'}",0.5723039784672579,0.1185510180175317,0.1683972691521858,0.22654787474709231,0.5843500346050506,0.1141705500270172,0.5755354848946754,0.15785665321045017,0.5787037037037037,0.5789711836151465,"{0: 0.5895737080257205, 1: 0.5895737080257204}","{0: 0.5895737080257205, 1: 0.5895737080257204}",0.5895737080257204,"[[430 216]
 [330 320]]",[1. 1. 0. ... 0. 0. 0.],[1. 1. 1. ... 0. 1. 0.]
473,SVC,"{'C': 10, 'gamma': 0.01, 'kernel': 'sigmoid'}",0.5724931673519102,0.11822346859016762,0.16835154283432296,0.22438006204435332,0.584209709619712,0.1130768877128254,0.57196975581924,0.15647890340544002,0.5779320987654321,0.578297213622291,"{0: 0.575146463443677, 1: 0.5751464634436771}","{0: 0.575146463443677, 1: 0.5751464634436771}",0.5751464634436771,"[[450 196]
 [351 299]]",[1. 1. 0. ... 0. 0. 0.],[1. 1. 1. ... 0. 1. 0.]
913,knn,{'n_neighbors': 41},0.5741476039239667,0.11142254686146387,0.16814436958701948,0.20674279232663118,0.584267743971309,0.10392354981381328,0.5922756387561817,0.18698784395697532,0.5933641975308642,0.5935246487258872,"{0: 0.6145975232198142, 1: 0.6145975232198143}","{0: 0.6145975232198142, 1: 0.6145975232198143}",0.6145975232198143,"[[417 229]
 [298 352]]",[1. 0. 0. ... 0. 0. 1.],[1. 1. 1. ... 0. 1. 0.]
564,knn,{'n_neighbors': 41},0.5741476039239667,0.11142254686146387,0.16814436958701948,0.20674279232663118,0.584267743971309,0.10392354981381328,0.5922756387561817,0.18698784395697532,0.5933641975308642,0.5935246487258872,"{0: 0.6145975232198142, 1: 0.6145975232198143}","{0: 0.6145975232198142, 1: 0.6145975232198143}",0.6145975232198143,"[[417 229]
 [298 352]]",[1. 0. 0. ... 0. 0. 1.],[1. 1. 1. ... 0. 1. 0.]
182,knn,{'n_neighbors': 41},0.5741476039239667,0.11142254686146387,0.16814436958701948,0.20674279232663118,0.584267743971309,0.10392354981381328,0.5922756387561817,0.18698784395697532,0.5933641975308642,0.5935246487258872,"{0: 0.6145975232198142, 1: 0.6145975232198143}","{0: 0.6145975232198142, 1: 0.6145975232198143}",0.6145975232198143,"[[417 229]
 [298 352]]",[1. 0. 0. ... 0. 0. 1.],[1. 1. 1. ... 0. 1. 0.]
751,SVC,"{'C': 10, 'gamma': 0.001, 'kernel': 'rbf'}",0.5700616276487853,0.12114364764458213,0.16814232899812395,0.22829679954344578,0.5842049943745073,0.11504635588676655,0.5763709476923776,0.16098935623298227,0.5802469135802469,0.5805429864253394,"{0: 0.5881185996665873, 1: 0.5881185996665872}","{0: 0.5881185996665873, 1: 0.5881185996665872}",0.5881185996665872,"[[437 209]
 [335 315]]",[1. 1. 0. ... 0. 0. 0.],[1. 1. 1. ... 0. 1. 0.]
643,SVC,"{'C': 100, 'gamma': 0.0001, 'kernel': 'rbf'}",0.5719279391281604,0.11851972191249809,0.16783084734610734,0.2262578455858499,0.5840263530942578,0.11399794156650755,0.5753032418241044,0.1578726888436125,0.5787037037037037,0.5789807096927839,"{0: 0.5842486306263396, 1: 0.5842486306263397}","{0: 0.5842486306263396, 1: 0.5842486306263397}",0.5842486306263397,"[[432 214]
 [332 318]]",[1. 1. 0. ... 0. 0. 0.],[1. 1. 1. ... 0. 1. 0.]
684,SVC,"{'C': 1000, 'gamma': 0.01, 'kernel': 'rbf'}",0.5767526236613231,0.08306479083242883,0.16782783118785707,0.15928933140004464,0.5837398690085075,0.08058672455855877,0.5858786631507571,0.1746696821806928,0.5871913580246914,0.5873660395332222,"{0: 0.6145272683972374, 1: 0.6145272683972375}","{0: 0.6145272683972374, 1: 0.6145272683972375}",0.6145272683972375,"[[416 230]
 [305 345]]",[1. 1. 0. ... 0. 0. 1.],[1. 1. 1. ... 0. 1. 0.]
622,SVC,"{'C': 100, 'gamma': 0.0001, 'kernel': 'rbf'}",0.5710654732452004,0.1162865131499391,0.16781895297702998,0.22197936877448216,0.5840032345825786,0.11178770308645845,0.573382093996837,0.15481211382655635,0.5771604938271605,0.57745177423196,"{0: 0.5873850916884973, 1: 0.5873850916884973}","{0: 0.5873850916884973, 1: 0.5873850916884973}",0.5873850916884973,"[[434 212]
 [336 314]]",[1. 1. 0. ... 0. 0. 0.],[1. 1. 1. ... 0. 1. 0.]
965,SVC,"{'C': 10, 'gamma': 0.001, 'kernel': 'rbf'}",0.5700949675353542,0.11770427380317627,0.16763024547702085,0.22268129314154672,0.5838474248719945,0.11237716351511488,0.5742227173229012,0.15635041152361318,0.5779320987654321,0.5782210050011908,"{0: 0.5895570373898548, 1: 0.5895570373898547}","{0: 0.5895570373898548, 1: 0.5895570373898547}",0.5895570373898547,"[[434 212]
 [335 315]]",[1. 1. 0. ... 0. 0. 0.],[1. 1. 1. ... 0. 1. 0.]
398,SVC,"{'C': 100, 'gamma': 0.0001, 'kernel': 'rbf'}",0.5712911315802338,0.11630863909995316,0.16749952866325601,0.2222023662521659,0.5837593400533367,0.11183816121582173,0.5731278370937715,0.15482820666609554,0.5771604938271605,0.5774613003095975,"{0: 0.5860252441057394, 1: 0.5860252441057394}","{0: 0.5860252441057394, 1: 0.5860252441057394}",0.5860252441057394,"[[436 210]
 [338 312]]",[1. 1. 0. ... 0. 0. 0.],[1. 1. 1. ... 0. 1. 0.]
996,SVC,"{'C': 100, 'gamma': 0.0001, 'kernel': 'rbf'}",0.5718625748972552,0.1164181539603739,0.16731127459494113,0.22220315816670827,0.5838544799167849,0.1119483165497499,0.5727890537820685,0.15325770810821104,0.5763888888888888,0.5766730173850917,"{0: 0.5907537508930698, 1: 0.5907537508930698}","{0: 0.5907537508930698, 1: 0.5907537508930698}",0.5907537508930698,"[[432 214]
 [335 315]]",[1. 1. 0. ... 0. 0. 0.],[1. 1. 1. ... 0. 1. 0.]
388,SVC,"{'C': 10, 'gamma': 0.001, 'kernel': 'rbf'}",0.5701521770538232,0.11881053251949153,0.16721374085483695,0.22547611284143504,0.583629564352631,0.1135746140974977,0.5745843651568753,0.15632631493761517,0.5779320987654321,0.5782067158847345,"{0: 0.5918718742557751, 1: 0.5918718742557751}","{0: 0.5918718742557751, 1: 0.5918718742557751}",0.5918718742557751,"[[431 215]
 [332 318]]",[1. 1. 0. ... 0. 0. 0.],[1. 1. 1. ... 0. 1. 0.]
898,SVC,"{'C': 1000, 'gamma': 0.01, 'kernel': 'rbf'}",0.5762070498904014,0.0861081304559076,0.166999291273132,0.16453295752077418,0.5831626706375781,0.08323749320017342,0.5845389336092403,0.17156066832048533,0.5856481481481481,0.5858085258394856,"{0: 0.615748987854251, 1: 0.615748987854251}","{0: 0.615748987854251, 1: 0.615748987854251}",0.615748987854251,"[[412 234]
 [303 347]]",[1. 1. 0. ... 0. 0. 1.],[1. 1. 1. ... 0. 1. 0.]
867,SVC,"{'C': 10, 'gamma': 0.001, 'kernel': 'rbf'}",0.5699528709402365,0.1104353113426776,0.16646278264671022,0.21046808956257018,0.5831999599826925,0.10603104733841388,0.5766191327947843,0.16097338055523813,0.5802469135802469,0.5805334603477018,"{0: 0.5907120743034056, 1: 0.5907120743034056}","{0: 0.5907120743034056, 1: 0.5907120743034056}",0.5907120743034056,"[[435 211]
 [333 317]]",[1. 1. 0. ... 0. 0. 0.],[1. 1. 1. ... 0. 1. 0.]
575,SVC,"{'C': 100, 'gamma': 0.0001, 'kernel': 'rbf'}",0.5708475355779051,0.11739334971396063,0.16635181935567758,0.22426345973213183,0.5832851583365937,0.11286776986337368,0.574465925923407,0.1563343472858918,0.5779320987654321,0.5782114789235532,"{0: 0.5835127411288403, 1: 0.5835127411288402}","{0: 0.5835127411288403, 1: 0.5835127411288402}",0.5835127411288402,"[[432 214]
 [333 317]]",[1. 1. 0. ... 0. 0. 0.],[1. 1. 1. ... 0. 1. 0.]
981,SVC,"{'C': 1000, 'gamma': 0.01, 'kernel': 'rbf'}",0.5760803577025758,0.08537344953881022,0.1663224538255416,0.16379715011537258,0.582978086764883,0.08282780689667268,0.5852108584237057,0.17311519745550463,0.5864197530864198,0.5865872826863539,"{0: 0.6146844486782567, 1: 0.6146844486782568}","{0: 0.6146844486782567, 1: 0.6146844486782568}",0.6146844486782568,"[[414 232]
 [304 346]]",[1. 1. 0. ... 0. 0. 1.],[1. 1. 1. ... 0. 1. 0.]
332,SVC,"{'C': 10, 'gamma': 0.001, 'kernel': 'rbf'}",0.5693488873332617,0.12105649253840924,0.16631744844980595,0.22884114090729468,0.5831871766919072,0.11536068160726116,0.5750625854888827,0.15788872386610298,0.5787037037037037,0.5789902357704215,"{0: 0.5874112884020005, 1: 0.5874112884020005}","{0: 0.5874112884020005, 1: 0.5874112884020005}",0.5874112884020005,"[[434 212]
 [334 316]]",[1. 1. 0. ... 0. 0. 0.],[1. 1. 1. ... 0. 1. 0.]
304,SVC,"{'C': 100, 'gamma': 0.0001, 'kernel': 'rbf'}",0.570777133729976,0.11734583538110865,0.1663026385155937,0.22401876388385594,0.5832251088524388,0.11287104048591315,0.5735060381829813,0.15480406717696782,0.5771604938271605,0.5774470111931412,"{0: 0.5867706596808764, 1: 0.5867706596808764}","{0: 0.5867706596808764, 1: 0.5867706596808764}",0.5867706596808764,"[[433 213]
 [335 315]]",[1. 1. 0. ... 0. 0. 0.],[1. 1. 1. ... 0. 1. 0.]
569,AdaBoost,"{'algorithm': 'SAMME', 'learning_rate': 0.5897959183673469, 'n_estimators': 85}",0.5754959519754895,0.11593893179772075,0.1661934168330003,0.22492723153492747,0.5830466940339987,0.11291278566805835,0.5771716849971036,0.15608527334803124,0.5779320987654321,0.5780638247201715,"{0: 0.6027185044058109, 1: 0.6027185044058109}","{0: 0.6027185044058109, 1: 0.6027185044058109}",0.6027185044058109,"[[401 245]
 [302 348]]",[1. 1. 0. ... 0. 0. 0.],[1. 1. 1. ... 0. 1. 0.]
536,SVC,"{'C': 100, 'gamma': 0.0001, 'kernel': 'rbf'}",0.5702602667303577,0.11764048170488685,0.1660973441161862,0.22329498246241,0.5831787011626478,0.11244367027569266,0.5735060381829813,0.15480406717696782,0.5771604938271605,0.5774470111931412,"{0: 0.5855727554179566, 1: 0.5855727554179566}","{0: 0.5855727554179566, 1: 0.5855727554179566}",0.5855727554179566,"[[433 213]
 [335 315]]",[1. 1. 0. ... 0. 0. 0.],[1. 1. 1. ... 0. 1. 0.]
483,SVC,"{'C': 1000, 'gamma': 0.01, 'kernel': 'rbf'}",0.5757037528132218,0.08528855167711492,0.1660695179002741,0.16270829920163757,0.5827575316260984,0.08240375527151476,0.5852108584237057,0.17311519745550463,0.5864197530864198,0.5865872826863539,"{0: 0.6158394855918076, 1: 0.6158394855918076}","{0: 0.6158394855918076, 1: 0.6158394855918076}",0.6158394855918076,"[[414 232]
 [304 346]]",[1. 1. 0. ... 0. 0. 1.],[1. 1. 1. ... 0. 1. 0.]
181,SVC,"{'C': 10, 'gamma': 0.01, 'kernel': 'sigmoid'}",0.5713173785036569,0.10653603674084872,0.16606513730141872,0.20295233603482585,0.5830090689317919,0.10201994232579512,0.5726730937366296,0.15802499690632343,0.5787037037037037,0.5790712074303406,"{0: 0.5713896165753751, 1: 0.5713896165753751}","{0: 0.5713896165753751, 1: 0.5713896165753751}",0.5713896165753751,"[[451 195]
 [351 299]]",[1. 1. 0. ... 0. 0. 0.],[1. 1. 1. ... 0. 1. 0.]
158,SVC,"{'C': 100, 'gamma': 0.0001, 'kernel': 'rbf'}",0.5697522724200544,0.11794057831354716,0.1660500873937576,0.22416921495638636,0.5831332998396126,0.11283731696191114,0.5732560281901157,0.15482016032293067,0.5771604938271605,0.5774565372707787,"{0: 0.5893022148130507, 1: 0.5893022148130507}","{0: 0.5893022148130507, 1: 0.5893022148130507}",0.5893022148130507,"[[435 211]
 [337 313]]",[1. 1. 0. ... 0. 0. 0.],[1. 1. 1. ... 0. 1. 0.]
479,SVC,"{'C': 100, 'gamma': 0.0001, 'kernel': 'rbf'}",0.5707351098022833,0.11692966807888415,0.16604186383439892,0.22366567078914215,0.5832400192072016,0.11249939309029985,0.5732560281901157,0.15482016032293067,0.5771604938271605,0.5774565372707787,"{0: 0.5808871159799953, 1: 0.5808871159799952}","{0: 0.5808871159799953, 1: 0.5808871159799952}",0.5808871159799952,"[[435 211]
 [337 313]]",[1. 1. 0. ... 0. 0. 0.],[1. 1. 1. ... 0. 1. 0.]
778,SVC,"{'C': 100, 'gamma': 0.0001, 'kernel': 'rbf'}",0.5708603746470604,0.11498492416898831,0.16593422263771068,0.21957072453525422,0.5829692149966399,0.11049811304710695,0.5719494908770798,0.15171941048783266,0.5756172839506173,0.575903786615861,"{0: 0.5802095737080257, 1: 0.5802095737080257}","{0: 0.5802095737080257, 1: 0.5802095737080257}",0.5802095737080257,"[[432 214]
 [336 314]]",[1. 1. 0. ... 0. 0. 0.],[1. 1. 1. ... 0. 1. 0.]
625,SVC,"{'C': 1000, 'gamma': 0.01, 'kernel': 'rbf'}",0.5753209279117347,0.08407519022752499,0.16588043264638405,0.1604317116518819,0.5826633739403355,0.08133415342367051,0.5850681836520616,0.17313094569243814,0.5864197530864198,0.5865968087639915,"{0: 0.6137235055965706, 1: 0.6137235055965706}","{0: 0.6137235055965706, 1: 0.6137235055965706}",0.6137235055965706,"[[416 230]
 [306 344]]",[1. 1. 0. ... 0. 0. 1.],[1. 1. 1. ... 0. 1. 0.]
926,SVC,"{'C': 10, 'gamma': 0.001, 'kernel': 'rbf'}",0.5694798949933285,0.1192484139137807,0.1658167656449123,0.2269690704602275,0.58289948239639,0.11451840584710671,0.5742227173229012,0.15635041152361318,0.5779320987654321,0.5782210050011908,"{0: 0.5915979995236961, 1: 0.5915979995236961}","{0: 0.5915979995236961, 1: 0.5915979995236961}",0.5915979995236961,"[[434 212]
 [335 315]]",[1. 1. 0. ... 0. 0. 0.],[1. 1. 1. ... 0. 1. 0.]
739,SVC,"{'C': 100, 'gamma': 0.0001, 'kernel': 'rbf'}",0.570684582039998,0.11885075970212625,0.16565722777620756,0.22719780801158201,0.58291283768012,0.11447474474865242,0.5743453778120063,0.1563423794812231,0.5779320987654321,0.578216241962372,"{0: 0.5894641581328889, 1: 0.5894641581328888}","{0: 0.5894641581328889, 1: 0.5894641581328888}",0.5894641581328888,"[[433 213]
 [334 316]]",[1. 1. 0. ... 0. 0. 0.],[1. 1. 1. ... 0. 1. 0.]
777,SVC,"{'C': 10, 'gamma': 0.01, 'kernel': 'sigmoid'}",0.5700510306302976,0.11769335431511842,0.16562611752979225,0.2207210740080081,0.5826569448314924,0.1114231200372766,0.5721267440748781,0.15647087380951252,0.5779320987654321,0.5782924505834723,"{0: 0.5674196237199334, 1: 0.5674196237199333}","{0: 0.5674196237199334, 1: 0.5674196237199333}",0.5674196237199333,"[[449 197]
 [350 300]]",[1. 1. 0. ... 0. 0. 1.],[1. 1. 1. ... 0. 1. 0.]
99,SVC,"{'C': 10, 'gamma': 0.01, 'kernel': 'sigmoid'}",0.5711811821367191,0.11314632137855583,0.16559657922130033,0.21365519476216288,0.5827631010576959,0.1076701861646245,0.575857407624979,0.16260739189414308,0.5810185185185185,0.5813598475827578,"{0: 0.572768516313408, 1: 0.572768516313408}","{0: 0.572768516313408, 1: 0.572768516313408}",0.572768516313408,"[[447 199]
 [344 306]]",[1. 1. 0. ... 0. 0. 0.],[1. 1. 1. ... 0. 1. 0.]
174,SVC,"{'C': 100, 'gamma': 0.0001, 'kernel': 'rbf'}",0.5706697319928563,0.11806211223322538,0.1655850204253895,0.22476566230336462,0.5829332836860732,0.11326675143857458,0.5739806698210296,0.1547718790463859,0.5771604938271605,0.5774279590378661,"{0: 0.5895594189092641, 1: 0.5895594189092641}","{0: 0.5895594189092641, 1: 0.5895594189092641}",0.5895594189092641,"[[429 217]
 [331 319]]",[1. 1. 0. ... 0. 0. 0.],[1. 1. 1. ... 0. 1. 0.]
954,SVC,"{'C': 100, 'gamma': 0.0001, 'kernel': 'rbf'}",0.5706058116753894,0.11814173963947884,0.1655113953301749,0.22496649611380323,0.5828850649826821,0.11331985686944397,0.5736278643522446,0.15479602037416096,0.5771604938271605,0.5774422481543224,"{0: 0.5862729221243154, 1: 0.5862729221243153}","{0: 0.5862729221243154, 1: 0.5862729221243153}",0.5862729221243153,"[[432 214]
 [334 316]]",[1. 1. 0. ... 0. 0. 0.],[1. 1. 1. ... 0. 1. 0.]
554,SVC,"{'C': 100, 'gamma': 0.0001, 'kernel': 'sigmoid'}",0.5688822734884177,0.11669745728378302,0.16538660657436807,0.22063265081280226,0.5825311118527544,0.1111775687609868,0.5749390936537829,0.15789674114835728,0.5787037037037037,0.5789949988092403,"{0: 0.5843057870921647, 1: 0.5843057870921649}","{0: 0.5843057870921647, 1: 0.5843057870921649}",0.5843057870921649,"[[435 211]
 [335 315]]",[1. 1. 0. ... 0. 0. 0.],[1. 1. 1. ... 0. 1. 0.]
636,SVC,"{'C': 10, 'gamma': 0.001, 'kernel': 'rbf'}",0.5694244295686804,0.11710607004274015,0.16531622252717118,0.22363582576734392,0.5825928540537474,0.11285108239315221,0.5730289149380703,0.1532415848276979,0.5763888888888888,0.5766634913074542,"{0: 0.5899142653012622, 1: 0.5899142653012622}","{0: 0.5899142653012622, 1: 0.5899142653012622}",0.5899142653012622,"[[430 216]
 [333 317]]",[1. 1. 0. ... 0. 0. 0.],[1. 1. 1. ... 0. 1. 0.]
934,SVC,"{'C': 100, 'gamma': 0.0001, 'kernel': 'rbf'}",0.57037536235312,0.11808517354015895,0.16524208307969782,0.2257892986587038,0.5829013199527553,0.1135970485118415,0.5742227173229012,0.15635041152361318,0.5779320987654321,0.5782210050011908,"{0: 0.5861205048821148, 1: 0.5861205048821148}","{0: 0.5861205048821148, 1: 0.5861205048821148}",0.5861205048821148,"[[434 212]
 [335 315]]",[1. 1. 0. ... 0. 0. 0.],[1. 1. 1. ... 0. 1. 0.]
343,SVC,"{'C': 100, 'gamma': 0.0001, 'kernel': 'rbf'}",0.5706566399954199,0.1182743410546957,0.1651711978194834,0.22618095522614504,0.5826412327418484,0.1138477302295008,0.5738651767297601,0.15477992630887438,0.5771604938271605,0.577432722076685,"{0: 0.5893260300071446, 1: 0.5893260300071446}","{0: 0.5893260300071446, 1: 0.5893260300071446}",0.5893260300071446,"[[430 216]
 [332 318]]",[1. 1. 0. ... 0. 0. 0.],[1. 1. 1. ... 0. 1. 0.]
379,SVC,"{'C': 100, 'gamma': 0.0001, 'kernel': 'rbf'}",0.569541229871859,0.11958480462828369,0.16484566784766908,0.22755920365509605,0.5826847276400057,0.1143001814408018,0.5732560281901157,0.15482016032293067,0.5771604938271605,0.5774565372707787,"{0: 0.5892236246725411, 1: 0.5892236246725411}","{0: 0.5892236246725411, 1: 0.5892236246725411}",0.5892236246725411,"[[435 211]
 [337 313]]",[1. 1. 0. ... 0. 0. 0.],[1. 1. 1. ... 0. 1. 0.]
746,SVC,"{'C': 1000, 'gamma': 0.01, 'kernel': 'rbf'}",0.5748945374813352,0.08512257971531886,0.16481252571952318,0.16242391480619767,0.5819099864064602,0.0822246728489821,0.5844714781050653,0.17156855742997124,0.5856481481481481,0.5858132888783043,"{0: 0.6132055251250298, 1: 0.6132055251250298}","{0: 0.6132055251250298, 1: 0.6132055251250298}",0.6132055251250298,"[[413 233]
 [304 346]]",[1. 1. 0. ... 0. 0. 1.],[1. 1. 1. ... 0. 1. 0.]
498,SVC,"{'C': 100, 'gamma': 0.0001, 'kernel': 'rbf'}",0.5694205815807082,0.1179437262307672,0.1648105196976718,0.2240487940754571,0.5824226813948389,0.1129283195514184,0.5716985684389848,0.15173556236790486,0.5756172839506173,0.5759133126934984,"{0: 0.58716241962372, 1: 0.58716241962372}","{0: 0.58716241962372, 1: 0.58716241962372}",0.58716241962372,"[[434 212]
 [338 312]]",[1. 1. 0. ... 0. 0. 0.],[1. 1. 1. ... 0. 1. 0.]
733,SVC,"{'C': 10, 'gamma': 0.01, 'kernel': 'sigmoid'}",0.5710985518818277,0.1177488042192086,0.16477393320355987,0.22453801045892832,0.5823802773379902,0.11315029917319486,0.5725846627617919,0.1564467841044851,0.5779320987654321,0.5782781614670159,"{0: 0.5692926887354132, 1: 0.5692926887354133}","{0: 0.5692926887354132, 1: 0.5692926887354133}",0.5692926887354133,"[[446 200]
 [347 303]]",[1. 1. 0. ... 0. 0. 1.],[1. 1. 1. ... 0. 1. 0.]
971,SVC,"{'C': 10, 'gamma': 0.01, 'kernel': 'sigmoid'}",0.5703283314000628,0.10929326056372302,0.16477155824278902,0.2058183082084028,0.5823397897251478,0.10380199548440527,0.5739975049177357,0.1595390744363372,0.5794753086419753,0.579826149083115,"{0: 0.5718599666587283, 1: 0.5718599666587283}","{0: 0.5718599666587283, 1: 0.5718599666587283}",0.5718599666587283,"[[448 198]
 [347 303]]",[1. 1. 0. ... 0. 0. 1.],[1. 1. 1. ... 0. 1. 0.]
362,SVC,"{'C': 100, 'gamma': 0.0001, 'kernel': 'rbf'}",0.5705232808477465,0.11777298471924671,0.1647478746513461,0.22530668761621614,0.582494109028303,0.11352190597046898,0.5732603234659917,0.1532254609331486,0.5763888888888888,0.5766539652298166,"{0: 0.5830090497737557, 1: 0.5830090497737557}","{0: 0.5830090497737557, 1: 0.5830090497737557}",0.5830090497737557,"[[428 218]
 [331 319]]",[1. 1. 0. ... 0. 0. 0.],[1. 1. 1. ... 0. 1. 0.]
240,SVC,"{'C': 10, 'gamma': 0.001, 'kernel': 'sigmoid'}",0.5668048759694185,0.12106012047812871,0.16470448814495994,0.22348390686480366,0.5821530586145738,0.11305776372430178,0.574555920195864,0.15792079207920784,0.5787037037037037,0.5790092879256965,"{0: 0.5812443438914028, 1: 0.5812443438914028}","{0: 0.5812443438914028, 1: 0.5812443438914028}",0.5812443438914028,"[[438 208]
 [338 312]]",[1. 1. 0. ... 0. 0. 0.],[1. 1. 1. ... 0. 1. 0.]
909,SVC,"{'C': 10, 'gamma': 0.01, 'kernel': 'sigmoid'}",0.5707630819220456,0.10558457006451767,0.16452280932826024,0.20278593442699488,0.5823065802579709,0.10180607161766345,0.5729864974088337,0.15800896707313583,0.5787037037037037,0.579061681352703,"{0: 0.5750369135508454, 1: 0.5750369135508454}","{0: 0.5750369135508454, 1: 0.5750369135508454}",0.5750369135508454,"[[449 197]
 [349 301]]",[1. 1. 0. ... 0. 0. 0.],[1. 1. 1. ... 0. 1. 0.]
773,SVC,"{'C': 10, 'gamma': 0.001, 'kernel': 'rbf'}",0.5687948201307205,0.118964072044508,0.16446083418967322,0.2265542847889491,0.5823386245059915,0.11405614170245243,0.5726659448085424,0.15326576951821502,0.5763888888888888,0.5766777804239105,"{0: 0.5854846391998094, 1: 0.5854846391998094}","{0: 0.5854846391998094, 1: 0.5854846391998094}",0.5854846391998094,"[[433 213]
 [336 314]]",[1. 1. 0. ... 0. 0. 0.],[1. 1. 1. ... 0. 1. 0.]
612,SVC,"{'C': 10, 'gamma': 0.001, 'kernel': 'rbf'}",0.5685169510480996,0.11936832036108655,0.16443745530008472,0.2268199623631732,0.5822098272239762,0.11444447167305986,0.573382093996837,0.15481211382655635,0.5771604938271605,0.57745177423196,"{0: 0.5880995475113122, 1: 0.5880995475113122}","{0: 0.5880995475113122, 1: 0.5880995475113122}",0.5880995475113122,"[[434 212]
 [336 314]]",[1. 1. 0. ... 0. 0. 0.],[1. 1. 1. ... 0. 1. 0.]
956,SVC,"{'C': 10, 'gamma': 0.01, 'kernel': 'sigmoid'}",0.5706342715476047,0.10791162802605284,0.16425444562758598,0.20526873535948667,0.5821101448072729,0.10323589788819656,0.5739975049177357,0.1595390744363372,0.5794753086419753,0.579826149083115,"{0: 0.5746463443677066, 1: 0.5746463443677066}","{0: 0.5746463443677066, 1: 0.5746463443677066}",0.5746463443677066,"[[448 198]
 [347 303]]",[1. 1. 0. ... 0. 0. 1.],[1. 1. 1. ... 0. 1. 0.]
672,AdaBoost,"{'algorithm': 'SAMME', 'learning_rate': 0.8346938775510203, 'n_estimators': 41}",0.571836473531253,0.11330821375908405,0.1642085820404314,0.21872050344383637,0.5817322691166215,0.1099417877191442,0.5752548874329103,0.15304805755669726,0.5763888888888888,0.5765491783758038,"{0: 0.5998380566801619, 1: 0.599838056680162}","{0: 0.5998380566801619, 1: 0.599838056680162}",0.599838056680162,"[[406 240]
 [309 341]]",[1. 1. 0. ... 0. 0. 0.],[1. 1. 1. ... 0. 1. 0.]
366,SVC,"{'C': 10, 'gamma': 0.01, 'kernel': 'sigmoid'}",0.5695964311445135,0.1130664893250793,0.16379146714053847,0.21135961210213627,0.5817490621598269,0.10672774463208237,0.5711077937136869,0.1549408393858338,0.5771604938271605,0.5775279828530603,"{0: 0.5678375803762801, 1: 0.5678375803762801}","{0: 0.5678375803762801, 1: 0.5678375803762801}",0.5678375803762801,"[[450 196]
 [352 298]]",[1. 1. 0. ... 0. 0. 0.],[1. 1. 1. ... 0. 1. 0.]
286,SVC,"{'C': 100, 'gamma': 0.0001, 'kernel': 'rbf'}",0.5696917497113979,0.11680718227091129,0.16375949873512202,0.22254002682730112,0.5819882205583965,0.11209502529456582,0.5719494908770798,0.15171941048783266,0.5756172839506173,0.575903786615861,"{0: 0.5898237675637057, 1: 0.5898237675637057}","{0: 0.5898237675637057, 1: 0.5898237675637057}",0.5898237675637057,"[[432 214]
 [336 314]]",[1. 1. 0. ... 0. 0. 0.],[1. 1. 1. ... 0. 1. 0.]
74,SVC,"{'C': 10, 'gamma': 0.01, 'kernel': 'sigmoid'}",0.5695932970203984,0.1127909692429649,0.1636349467382794,0.20992741508194943,0.5816910822217044,0.106028034957164,0.5741474245067213,0.15953107374212872,0.5794753086419753,0.5798213860442962,"{0: 0.569108120981186, 1: 0.569108120981186}","{0: 0.569108120981186, 1: 0.569108120981186}",0.569108120981186,"[[447 199]
 [346 304]]",[1. 1. 0. ... 0. 0. 1.],[1. 1. 1. ... 0. 1. 0.]
325,SVC,"{'C': 100, 'gamma': 0.0001, 'kernel': 'rbf'}",0.5687724645658272,0.11750688843714559,0.16360357658616193,0.22316056621057812,0.5818026937931596,0.11250714957480878,0.5709834834208574,0.15018921813637998,0.5748456790123457,0.5751393188854489,"{0: 0.5878661586091927, 1: 0.5878661586091927}","{0: 0.5878661586091927, 1: 0.5878661586091927}",0.5878661586091927,"[[433 213]
 [338 312]]",[1. 1. 0. ... 0. 0. 0.],[1. 1. 1. ... 0. 1. 0.]
203,SVC,"{'C': 10, 'gamma': 0.01, 'kernel': 'sigmoid'}",0.5700207951663848,0.11159235587365125,0.16354103869037398,0.21158528380793573,0.5817649700907196,0.10667385645589224,0.5715763503156215,0.15491670633031895,0.5771604938271605,0.5775136937366039,"{0: 0.5688747320790664, 1: 0.5688747320790664}","{0: 0.5688747320790664, 1: 0.5688747320790664}",0.5688747320790664,"[[447 199]
 [349 301]]",[1. 1. 0. ... 0. 0. 0.],[1. 1. 1. ... 0. 1. 0.]
96,knn,{'n_neighbors': 31},0.570444218102578,0.09966730185218649,0.16313360434127297,0.18032880699371898,0.5820944067951005,0.0914536235089987,0.5905934200826893,0.18391795184336956,0.591820987654321,0.5919909502262444,"{0: 0.607532745891879, 1: 0.607532745891879}","{0: 0.607532745891879, 1: 0.607532745891879}",0.607532745891879,"[[418 228]
 [301 349]]",[1. 0. 0. ... 0. 0. 1.],[1. 1. 1. ... 0. 1. 0.]
334,knn,{'n_neighbors': 31},0.570444218102578,0.09966730185218649,0.16313360434127297,0.18032880699371898,0.5820944067951005,0.0914536235089987,0.5905934200826893,0.18391795184336956,0.591820987654321,0.5919909502262444,"{0: 0.607532745891879, 1: 0.607532745891879}","{0: 0.607532745891879, 1: 0.607532745891879}",0.607532745891879,"[[418 228]
 [301 349]]",[1. 0. 0. ... 0. 0. 1.],[1. 1. 1. ... 0. 1. 0.]
706,knn,{'n_neighbors': 31},0.570444218102578,0.09966730185218649,0.16313360434127297,0.18032880699371898,0.5820944067951005,0.0914536235089987,0.5905934200826893,0.18391795184336956,0.591820987654321,0.5919909502262444,"{0: 0.607532745891879, 1: 0.607532745891879}","{0: 0.607532745891879, 1: 0.607532745891879}",0.607532745891879,"[[418 228]
 [301 349]]",[1. 0. 0. ... 0. 0. 1.],[1. 1. 1. ... 0. 1. 0.]
392,SVC,"{'C': 10, 'gamma': 0.01, 'kernel': 'sigmoid'}",0.5689369138187216,0.10775309051150861,0.16279676778204716,0.2035820643170272,0.5813628888732637,0.10268137956809792,0.5722815549476413,0.15646284406071376,0.5779320987654321,0.5782876875446534,"{0: 0.5703596094308169, 1: 0.5703596094308169}","{0: 0.5703596094308169, 1: 0.5703596094308169}",0.5703596094308169,"[[448 198]
 [349 301]]",[1. 1. 0. ... 0. 0. 0.],[1. 1. 1. ... 0. 1. 0.]
228,SVC,"{'C': 1000, 'gamma': 0.0001, 'kernel': 'sigmoid'}",0.5698369275119177,0.11466345554594735,0.1627228799186332,0.22025079624936675,0.5812190685149525,0.11133536871950962,0.5677737181753246,0.1456151707855755,0.5725308641975309,0.5728554417718504,"{0: 0.5864920219099785, 1: 0.5864920219099785}","{0: 0.5864920219099785, 1: 0.5864920219099785}",0.5864920219099785,"[[438 208]
 [346 304]]",[1. 1. 0. ... 0. 0. 0.],[1. 1. 1. ... 0. 1. 0.]
908,SVC,"{'C': 10, 'gamma': 0.001, 'kernel': 'rbf'}",0.567440919236183,0.12012987901971856,0.1623808137831778,0.22852725837355256,0.5811835676265021,0.11531115895029033,0.5716985684389848,0.15173556236790486,0.5756172839506173,0.5759133126934984,"{0: 0.5924041438437724, 1: 0.5924041438437723}","{0: 0.5924041438437724, 1: 0.5924041438437723}",0.5924041438437723,"[[434 212]
 [338 312]]",[1. 1. 0. ... 0. 0. 0.],[1. 1. 1. ... 0. 1. 0.]
597,SVC,"{'C': 10, 'gamma': 0.001, 'kernel': 'rbf'}",0.566899678135666,0.12247912556811551,0.1623592974608961,0.22882427914980913,0.581356255609144,0.11518318693508629,0.5732560281901157,0.15482016032293067,0.5771604938271605,0.5774565372707787,"{0: 0.5921326506311027, 1: 0.5921326506311027}","{0: 0.5921326506311027, 1: 0.5921326506311027}",0.5921326506311027,"[[435 211]
 [337 313]]",[1. 1. 0. ... 0. 0. 0.],[1. 1. 1. ... 0. 1. 0.]
432,SVC,"{'C': 10, 'gamma': 0.01, 'kernel': 'sigmoid'}",0.570016788229992,0.10773196202603091,0.16221860295952475,0.20667122087345166,0.5811502424399015,0.10400298816862225,0.5734403307258683,0.15798492117888963,0.5787037037037037,0.5790473922362467,"{0: 0.5750607287449393, 1: 0.5750607287449392}","{0: 0.5750607287449393, 1: 0.5750607287449392}",0.5750607287449392,"[[446 200]
 [346 304]]",[1. 1. 0. ... 0. 0. 1.],[1. 1. 1. ... 0. 1. 0.]
694,SVC,"{'C': 10, 'gamma': 0.001, 'kernel': 'rbf'}",0.5669001694079382,0.12182694409615165,0.16219445720920006,0.23025479131866294,0.5810207787327007,0.11613445100488637,0.5726659448085424,0.15326576951821502,0.5763888888888888,0.5766777804239105,"{0: 0.5867456537270779, 1: 0.5867456537270779}","{0: 0.5867456537270779, 1: 0.5867456537270779}",0.5867456537270779,"[[433 213]
 [336 314]]",[1. 1. 0. ... 0. 0. 0.],[1. 1. 1. ... 0. 1. 0.]
218,SVC,"{'C': 10, 'gamma': 0.001, 'kernel': 'rbf'}",0.566553035507634,0.12082369119256402,0.16213867179097402,0.22786743586447852,0.580886391380922,0.11503538841113428,0.5714391137504125,0.15175171363290174,0.5756172839506173,0.575922838771136,"{0: 0.589648725887116, 1: 0.5896487258871159}","{0: 0.589648725887116, 1: 0.5896487258871159}",0.5896487258871159,"[[436 210]
 [340 310]]",[1. 1. 0. ... 0. 0. 0.],[1. 1. 1. ... 0. 1. 0.]
450,SVC,"{'C': 10, 'gamma': 0.001, 'kernel': 'rbf'}",0.5669418703893405,0.12091415454827673,0.16209419227302077,0.22857859405104522,0.5811328456938726,0.11521836808731187,0.5735060381829813,0.15480406717696782,0.5771604938271605,0.5774470111931412,"{0: 0.5930161943319838, 1: 0.5930161943319838}","{0: 0.5930161943319838, 1: 0.5930161943319838}",0.5930161943319838,"[[433 213]
 [335 315]]",[1. 1. 0. ... 0. 0. 0.],[1. 1. 1. ... 0. 1. 0.]
72,SVC,"{'C': 1, 'gamma': 0.1, 'kernel': 'rbf'}",0.5702276678149943,0.09925732619888994,0.16192330889104833,0.18878882533920774,0.5807231908317402,0.09600881562911377,0.5813514808081407,0.16374753564387556,0.5817901234567902,0.5818909264110502,"{0: 0.6105477494641581, 1: 0.6105477494641581}","{0: 0.6105477494641581, 1: 0.6105477494641581}",0.6105477494641581,"[[397 249]
 [293 357]]",[1. 1. 0. ... 0. 0. 1.],[1. 1. 1. ... 0. 1. 0.]
112,SVC,"{'C': 10, 'gamma': 0.01, 'kernel': 'sigmoid'}",0.568917081548412,0.10530154995488993,0.16129503614695206,0.20041658900980144,0.5806583757099515,0.10080743402219369,0.5725846627617919,0.1564467841044851,0.5779320987654321,0.5782781614670159,"{0: 0.5719337937604192, 1: 0.5719337937604192}","{0: 0.5719337937604192, 1: 0.5719337937604192}",0.5719337937604192,"[[446 200]
 [347 303]]",[1. 1. 0. ... 0. 0. 1.],[1. 1. 1. ... 0. 1. 0.]
270,SVC,"{'C': 100, 'gamma': 0.0001, 'kernel': 'rbf'}",0.5685590548447459,0.11793786196464984,0.16123811707354332,0.22549152968421335,0.5807468918147964,0.11353325366294102,0.5708710396737379,0.14860233071825735,0.5740740740740741,0.5743415098833056,"{0: 0.587293403191236, 1: 0.587293403191236}","{0: 0.587293403191236, 1: 0.587293403191236}",0.587293403191236,"[[427 219]
 [333 317]]",[1. 1. 0. ... 0. 0. 0.],[1. 1. 1. ... 0. 1. 0.]
461,SVC,"{'C': 100, 'gamma': 0.0001, 'kernel': 'rbf'}",0.5682446210092877,0.11685206153922906,0.16118980169772038,0.22342125513356992,0.5808117444390744,0.11239836790156658,0.5701411086878538,0.14865096441287906,0.5740740740740741,0.5743700881162181,"{0: 0.5920338175756132, 1: 0.5920338175756132}","{0: 0.5920338175756132, 1: 0.5920338175756132}",0.5920338175756132,"[[433 213]
 [339 311]]",[1. 1. 0. ... 0. 0. 0.],[1. 1. 1. ... 0. 1. 0.]
832,SVC,"{'C': 10, 'gamma': 0.01, 'kernel': 'sigmoid'}",0.5690932640753685,0.11156254007402519,0.16107341136676362,0.21065994465321958,0.5805183213048697,0.10617930015920601,0.5717281807270234,0.154908661672172,0.5771604938271605,0.5775089306977852,"{0: 0.5746344367706597, 1: 0.5746344367706597}","{0: 0.5746344367706597, 1: 0.5746344367706597}",0.5746344367706597,"[[446 200]
 [348 302]]",[1. 1. 0. ... 0. 0. 1.],[1. 1. 1. ... 0. 1. 0.]
137,SVC,"{'C': 10, 'gamma': 0.01, 'kernel': 'sigmoid'}",0.5680966228408241,0.10904049685348559,0.16101240567817052,0.20639142382341755,0.5804001670038066,0.10397240296949967,0.5712661613890013,0.15493279518714542,0.5771604938271605,0.5775232198142415,"{0: 0.5719909502262444, 1: 0.5719909502262444}","{0: 0.5719909502262444, 1: 0.5719909502262444}",0.5719909502262444,"[[449 197]
 [351 299]]",[1. 1. 0. ... 0. 0. 0.],[1. 1. 1. ... 0. 1. 0.]
339,SVC,"{'C': 10, 'gamma': 0.01, 'kernel': 'sigmoid'}",0.5685856252193672,0.10532464131564724,0.1609832976102384,0.19992762455722557,0.5805369161124001,0.10049905477713535,0.5721267440748781,0.15647087380951252,0.5779320987654321,0.5782924505834723,"{0: 0.5765729935698977, 1: 0.5765729935698976}","{0: 0.5765729935698977, 1: 0.5765729935698976}",0.5765729935698976,"[[449 197]
 [350 300]]",[1. 1. 0. ... 0. 0. 1.],[1. 1. 1. ... 0. 1. 0.]
298,SVC,"{'C': 10, 'gamma': 0.01, 'kernel': 'sigmoid'}",0.5683225778535175,0.10786446064370075,0.16088920487562375,0.20347149724891933,0.5803485402496849,0.10256357063868451,0.5697014393502751,0.1518486083082664,0.5756172839506173,0.5759799952369612,"{0: 0.5697975708502024, 1: 0.5697975708502024}","{0: 0.5697975708502024, 1: 0.5697975708502024}",0.5697975708502024,"[[448 198]
 [352 298]]",[1. 1. 0. ... 0. 0. 0.],[1. 1. 1. ... 0. 1. 0.]
314,SVC,"{'C': 10, 'gamma': 0.001, 'kernel': 'rbf'}",0.5669966453605401,0.11328367677309326,0.1608283391411779,0.21581803327479526,0.5804108276739419,0.10855728586847808,0.5742227173229012,0.15635041152361318,0.5779320987654321,0.5782210050011908,"{0: 0.5866468206715885, 1: 0.5866468206715886}","{0: 0.5866468206715885, 1: 0.5866468206715886}",0.5866468206715886,"[[434 212]
 [335 315]]",[1. 1. 0. ... 0. 0. 0.],[1. 1. 1. ... 0. 1. 0.]
748,SVC,"{'C': 1, 'gamma': 0.01, 'kernel': 'sigmoid'}",0.5662714866584122,0.11725372960213391,0.16067300877913987,0.2200007975610261,0.580296093010876,0.11094634113207706,0.5721919102623761,0.15170325799264994,0.5756172839506173,0.5758942605382233,"{0: 0.5812526792093355, 1: 0.5812526792093355}","{0: 0.5812526792093355, 1: 0.5812526792093355}",0.5812526792093355,"[[430 216]
 [334 316]]",[1. 1. 0. ... 0. 0. 0.],[1. 1. 1. ... 0. 1. 0.]
718,SVC,"{'C': 10, 'gamma': 0.01, 'kernel': 'sigmoid'}",0.5677305538943777,0.10652712016129488,0.15981644413204024,0.20094329764232416,0.5797902052268488,0.10127805502858118,0.5693813516800009,0.151864755268719,0.5756172839506173,0.5759895213145987,"{0: 0.5696094308168611, 1: 0.5696094308168611}","{0: 0.5696094308168611, 1: 0.5696094308168611}",0.5696094308168611,"[[450 196]
 [354 296]]",[1. 1. 0. ... 0. 0. 1.],[1. 1. 1. ... 0. 1. 0.]
115,knn,{'n_neighbors': 33},0.5686952086841653,0.09398170280609394,0.15966654651159448,0.17218953565961728,0.5806831152739141,0.08629182613114848,0.5898540204562761,0.1823713706183162,0.5910493827160493,0.5912169564181948,"{0: 0.6104810669206954, 1: 0.6104810669206953}","{0: 0.6104810669206954, 1: 0.6104810669206953}",0.6104810669206953,"[[417 229]
 [301 349]]",[1. 0. 0. ... 0. 0. 1.],[1. 1. 1. ... 0. 1. 0.]
456,knn,{'n_neighbors': 33},0.5686952086841653,0.09398170280609394,0.15966654651159448,0.17218953565961728,0.5806831152739141,0.08629182613114848,0.5898540204562761,0.1823713706183162,0.5910493827160493,0.5912169564181948,"{0: 0.6104810669206954, 1: 0.6104810669206953}","{0: 0.6104810669206954, 1: 0.6104810669206953}",0.6104810669206953,"[[417 229]
 [301 349]]",[1. 0. 0. ... 0. 0. 1.],[1. 1. 1. ... 0. 1. 0.]
758,knn,{'n_neighbors': 33},0.5686952086841653,0.09398170280609394,0.15966654651159448,0.17218953565961728,0.5806831152739141,0.08629182613114848,0.5898540204562761,0.1823713706183162,0.5910493827160493,0.5912169564181948,"{0: 0.6104810669206954, 1: 0.6104810669206953}","{0: 0.6104810669206954, 1: 0.6104810669206953}",0.6104810669206953,"[[417 229]
 [301 349]]",[1. 0. 0. ... 0. 0. 1.],[1. 1. 1. ... 0. 1. 0.]
295,SVC,"{'C': 10, 'gamma': 0.001, 'kernel': 'rbf'}",0.5661536633045745,0.12196664818113143,0.1594882341546492,0.23150880551704997,0.5797819195526651,0.11674388959709348,0.5713541593853697,0.1501649458035217,0.5748456790123457,0.5751250297689926,"{0: 0.5907156465825196, 1: 0.5907156465825196}","{0: 0.5907156465825196, 1: 0.5907156465825196}",0.5907156465825196,"[[430 216]
 [335 315]]",[1. 1. 0. ... 0. 0. 0.],[1. 1. 1. ... 0. 1. 0.]
275,SVC,"{'C': 1, 'gamma': 0.01, 'kernel': 'sigmoid'}",0.5655110749801238,0.1145647967302325,0.15933000481533158,0.21574413476908735,0.5795209586104323,0.10894083104723329,0.5696764057221928,0.14708836536218717,0.5733024691358025,0.5735865682305311,"{0: 0.5829590378661585, 1: 0.5829590378661587}","{0: 0.5829590378661585, 1: 0.5829590378661587}",0.5829590378661587,"[[430 216]
 [337 313]]",[1. 1. 0. ... 0. 0. 0.],[1. 1. 1. ... 0. 1. 0.]
853,SVC,"{'C': 100, 'gamma': 0.0001, 'kernel': 'rbf'}",0.5673046719684298,0.11811513560034483,0.15922557785721508,0.22610766699673235,0.5797007194375907,0.11370725159724376,0.568120081692255,0.14400369398917512,0.5717592592592593,0.5720433436532508,"{0: 0.5907001667063587, 1: 0.5907001667063586}","{0: 0.5907001667063587, 1: 0.5907001667063586}",0.5907001667063586,"[[429 217]
 [338 312]]",[1. 1. 0. ... 0. 0. 0.],[1. 1. 1. ... 0. 1. 0.]
541,SVC,"{'C': 10, 'gamma': 0.01, 'kernel': 'sigmoid'}",0.5682570317456075,0.10765288032330161,0.15922116635360475,0.2055787500788299,0.5796120333614975,0.1034399571072165,0.57071768494745,0.15337861314320267,0.5763888888888888,0.5767444629673733,"{0: 0.5703310311979043, 1: 0.5703310311979043}","{0: 0.5703310311979043, 1: 0.5703310311979043}",0.5703310311979043,"[[447 199]
 [350 300]]",[1. 1. 0. ... 0. 0. 1.],[1. 1. 1. ... 0. 1. 0.]
918,SVC,"{'C': 10, 'gamma': 0.1, 'kernel': 'rbf'}",0.5692975229682059,0.0999748189376605,0.15900146037571777,0.19092502680504245,0.5791736646059246,0.0958453341281579,0.5766281890747422,0.1545062333926991,0.5771604938271605,0.5772707787568468,"{0: 0.5917742319599906, 1: 0.5917742319599906}","{0: 0.5917742319599906, 1: 0.5917742319599906}",0.5917742319599906,"[[396 250]
 [298 352]]",[1. 0. 0. ... 0. 0. 1.],[1. 1. 1. ... 0. 1. 0.]
431,knn,{'n_neighbors': 27},0.5655582633605318,0.10661811656818516,0.15876022636907608,0.18553859556529298,0.5805845302036965,0.09177009040106168,0.5925057634261148,0.18858851424055156,0.5941358024691358,0.594331983805668,"{0: 0.6043045963324601, 1: 0.60430459633246}","{0: 0.6043045963324601, 1: 0.60430459633246}",0.60430459633246,"[[425 221]
 [305 345]]",[1. 0. 0. ... 0. 0. 1.],[1. 1. 1. ... 0. 1. 0.]
88,knn,{'n_neighbors': 27},0.5655582633605318,0.10661811656818516,0.15876022636907608,0.18553859556529298,0.5805845302036965,0.09177009040106168,0.5925057634261148,0.18858851424055156,0.5941358024691358,0.594331983805668,"{0: 0.6043045963324601, 1: 0.60430459633246}","{0: 0.6043045963324601, 1: 0.60430459633246}",0.60430459633246,"[[425 221]
 [305 345]]",[1. 0. 0. ... 0. 0. 1.],[1. 1. 1. ... 0. 1. 0.]
732,knn,{'n_neighbors': 27},0.5655582633605318,0.10661811656818516,0.15876022636907608,0.18553859556529298,0.5805845302036965,0.09177009040106168,0.5925057634261148,0.18858851424055156,0.5941358024691358,0.594331983805668,"{0: 0.6043045963324601, 1: 0.60430459633246}","{0: 0.6043045963324601, 1: 0.60430459633246}",0.60430459633246,"[[425 221]
 [305 345]]",[1. 0. 0. ... 0. 0. 1.],[1. 1. 1. ... 0. 1. 0.]
59,SVC,"{'C': 10, 'gamma': 0.01, 'kernel': 'sigmoid'}",0.5674905284907793,0.1086326188426975,0.15859689661129941,0.20502795065619542,0.5792699105569079,0.10331884856630077,0.5705623080385889,0.15338667225122915,0.5763888888888888,0.5767492260061919,"{0: 0.5732733984281971, 1: 0.5732733984281972}","{0: 0.5732733984281971, 1: 0.5732733984281972}",0.5732733984281972,"[[448 198]
 [351 299]]",[1. 1. 0. ... 0. 0. 1.],[1. 1. 1. ... 0. 1. 0.]
686,SVC,"{'C': 10, 'gamma': 0.1, 'kernel': 'rbf'}",0.5695038740862508,0.10185933950566087,0.1580618851654888,0.1945593601640701,0.5786666189519364,0.09761322973717158,0.5759655541948857,0.1529431933445401,0.5763888888888888,0.5764872588711598,"{0: 0.5926708740176233, 1: 0.5926708740176232}","{0: 0.5926708740176233, 1: 0.5926708740176232}",0.5926708740176232,"[[393 253]
 [296 354]]",[1. 0. 0. ... 0. 0. 1.],[1. 1. 1. ... 0. 1. 0.]
50,SVC,"{'C': 10, 'gamma': 0.01, 'kernel': 'sigmoid'}",0.5669802212100953,0.09820505650591363,0.15793211689097889,0.1874873563380874,0.5788567202522971,0.09420420515784213,0.5712661613890013,0.15493279518714542,0.5771604938271605,0.5775232198142415,"{0: 0.5676006191950465, 1: 0.5676006191950465}","{0: 0.5676006191950465, 1: 0.5676006191950465}",0.5676006191950465,"[[449 197]
 [351 299]]",[1. 1. 0. ... 0. 0. 0.],[1. 1. 1. ... 0. 1. 0.]
626,SVC,"{'C': 10, 'gamma': 0.1, 'kernel': 'rbf'}",0.5689550463274926,0.10137037450615662,0.15779465249405605,0.19403923670406878,0.578508629132851,0.09743458435869606,0.5758786165712456,0.1529593279903999,0.5763888888888888,0.5764967849487973,"{0: 0.5922338652060014, 1: 0.5922338652060014}","{0: 0.5922338652060014, 1: 0.5922338652060014}",0.5922338652060014,"[[395 251]
 [298 352]]",[1. 0. 0. ... 0. 0. 1.],[1. 1. 1. ... 0. 1. 0.]
81,AdaBoost,"{'algorithm': 'SAMME.R', 'learning_rate': 0.1816326530612245, 'n_estimators': 41}",0.5701019265810628,0.10028446728857451,0.15773555332995154,0.19224745627985426,0.5786140117608847,0.09662559260544044,0.5777999126976489,0.1576481343923205,0.5787037037037037,0.5788473446058585,"{0: 0.5973612764944034, 1: 0.5973612764944034}","{0: 0.5973612764944034, 1: 0.5973612764944034}",0.5973612764944034,"[[404 242]
 [304 346]]",[1. 1. 0. ... 0. 0. 0.],[1. 1. 1. ... 0. 1. 0.]
169,SVC,"{'C': 10, 'gamma': 0.01, 'kernel': 'sigmoid'}",0.5667921276150353,0.1088458738536078,0.15762351377559478,0.20583354409466909,0.5787449612690959,0.10373853752111808,0.5698581933605468,0.15184053459748115,0.5756172839506173,0.5759752321981424,"{0: 0.5709668968802095, 1: 0.5709668968802095}","{0: 0.5709668968802095, 1: 0.5709668968802095}",0.5709668968802095,"[[447 199]
 [351 299]]",[1. 1. 0. ... 0. 0. 1.],[1. 1. 1. ... 0. 1. 0.]
378,SVC,"{'C': 10, 'gamma': 0.01, 'kernel': 'sigmoid'}",0.5673586715818283,0.1062026821491267,0.15731343658095745,0.2028928530975917,0.5786608920619954,0.10207919532471682,0.5689978720022996,0.1503024706929459,0.5748456790123457,0.5752060014289117,"{0: 0.5682436294355799, 1: 0.5682436294355799}","{0: 0.5682436294355799, 1: 0.5682436294355799}",0.5682436294355799,"[[447 199]
 [352 298]]",[1. 1. 0. ... 0. 0. 1.],[1. 1. 1. ... 0. 1. 0.]
458,SVC,"{'C': 10, 'gamma': 0.01, 'kernel': 'sigmoid'}",0.5660717580581665,0.10048591357768002,0.1570521548600871,0.1889186012306609,0.5783146974359663,0.0951539879202143,0.5717281807270234,0.154908661672172,0.5771604938271605,0.5775089306977852,"{0: 0.5705918075732317, 1: 0.5705918075732317}","{0: 0.5705918075732317, 1: 0.5705918075732317}",0.5705918075732317,"[[446 200]
 [348 302]]",[1. 1. 0. ... 0. 0. 1.],[1. 1. 1. ... 0. 1. 0.]
606,SVC,"{'C': 10, 'gamma': 0.1, 'kernel': 'rbf'}",0.5689373870278431,0.1004632462328099,0.15698617967694486,0.19333814502430405,0.5782515991890906,0.09688855579998912,0.5758786165712456,0.1529593279903999,0.5763888888888888,0.5764967849487973,"{0: 0.5934889259347463, 1: 0.5934889259347464}","{0: 0.5934889259347463, 1: 0.5934889259347464}",0.5934889259347464,"[[395 251]
 [298 352]]",[1. 0. 0. ... 0. 0. 1.],[1. 1. 1. ... 0. 1. 0.]
252,SVC,"{'C': 1, 'gamma': 0.01, 'kernel': 'sigmoid'}",0.5646829755272904,0.11228584223241372,0.1569624910144654,0.21307445852901055,0.5783164848707137,0.10744035485677428,0.5695523997798251,0.14709648550741883,0.5733024691358025,0.5735913312693499,"{0: 0.5838092402953085, 1: 0.5838092402953085}","{0: 0.5838092402953085, 1: 0.5838092402953085}",0.5838092402953085,"[[431 215]
 [338 312]]",[1. 1. 0. ... 0. 0. 0.],[1. 1. 1. ... 0. 1. 0.]
939,SVC,"{'C': 10, 'gamma': 0.1, 'kernel': 'rbf'}",0.568462060566282,0.10147945774161965,0.15674508219194824,0.19450062360962042,0.577994532947113,0.09764644047996963,0.5759231005836208,0.15295126074430343,0.5763888888888888,0.5764920219099786,"{0: 0.5935460824005716, 1: 0.5935460824005716}","{0: 0.5935460824005716, 1: 0.5935460824005716}",0.5935460824005716,"[[394 252]
 [297 353]]",[1. 0. 0. ... 0. 0. 1.],[1. 1. 1. ... 0. 1. 0.]
40,knn,{'n_neighbors': 29},0.5652069506885621,0.0982985548980907,0.1566939856928793,0.17838457998142734,0.5789497432327179,0.08951398643017193,0.5885090467375861,0.1808871770211915,0.5902777777777778,0.5904810669206955,"{0: 0.6039211717075494, 1: 0.6039211717075496}","{0: 0.6039211717075494, 1: 0.6039211717075496}",0.6039211717075496,"[[424 222]
 [309 341]]",[1. 0. 0. ... 0. 0. 1.],[1. 1. 1. ... 0. 1. 0.]
666,knn,{'n_neighbors': 29},0.5652069506885621,0.0982985548980907,0.1566939856928793,0.17838457998142734,0.5789497432327179,0.08951398643017193,0.5885090467375861,0.1808871770211915,0.5902777777777778,0.5904810669206955,"{0: 0.6039211717075494, 1: 0.6039211717075496}","{0: 0.6039211717075494, 1: 0.6039211717075496}",0.6039211717075496,"[[424 222]
 [309 341]]",[1. 0. 0. ... 0. 0. 1.],[1. 1. 1. ... 0. 1. 0.]
390,knn,{'n_neighbors': 29},0.5652069506885621,0.0982985548980907,0.1566939856928793,0.17838457998142734,0.5789497432327179,0.08951398643017193,0.5885090467375861,0.1808871770211915,0.5902777777777778,0.5904810669206955,"{0: 0.6039211717075494, 1: 0.6039211717075496}","{0: 0.6039211717075494, 1: 0.6039211717075496}",0.6039211717075496,"[[424 222]
 [309 341]]",[1. 0. 0. ... 0. 0. 1.],[1. 1. 1. ... 0. 1. 0.]
418,SVC,"{'C': 10, 'gamma': 0.01, 'kernel': 'sigmoid'}",0.5667123771485163,0.1026330976499761,0.15657359945031765,0.19401220453071003,0.578102209204225,0.09771049114617394,0.5725846627617919,0.1564467841044851,0.5779320987654321,0.5782781614670159,"{0: 0.5697106453917599, 1: 0.56971064539176}","{0: 0.5697106453917599, 1: 0.56971064539176}",0.56971064539176,"[[446 200]
 [347 303]]",[1. 1. 0. ... 0. 0. 1.],[1. 1. 1. ... 0. 1. 0.]
27,randomforest,"{'criterion': 'gini', 'max_features': None, 'n_estimators': 365}",0.5712729471886391,0.09870403303379634,0.15625121806183348,0.1920344258867392,0.5780927138571851,0.09698272651759145,0.5676386481847042,0.13567073170731714,0.5679012345679012,0.5678256727792331,"{0: 0.586783758037628, 1: 0.5867837580376281}","{0: 0.586783758037628, 1: 0.5867837580376281}",0.5867837580376281,"[[351 295]
 [265 385]]",[1. 1. 0. ... 0. 0. 0.],[1. 1. 1. ... 0. 1. 0.]
978,SVC,"{'C': 10, 'gamma': 0.1, 'kernel': 'rbf'}",0.568028136835285,0.1006879825310722,0.15613473124649696,0.19276395240563735,0.5777272862926847,0.09671208770682198,0.5751721668717295,0.1514043258378811,0.5756172839506173,0.5757180281019291,"{0: 0.5916623005477495, 1: 0.5916623005477494}","{0: 0.5916623005477495, 1: 0.5916623005477494}",0.5916623005477494,"[[393 253]
 [297 353]]",[1. 0. 0. ... 0. 0. 1.],[1. 1. 1. ... 0. 1. 0.]
123,SVC,"{'C': 10, 'gamma': 0.01, 'kernel': 'sigmoid'}",0.5648122326166617,0.10527578914637703,0.1558863588995005,0.1942267618235324,0.5776726890493239,0.09810762649600084,0.5695424936907442,0.15185668186534418,0.5756172839506173,0.57598475827578,"{0: 0.5753226958799714, 1: 0.5753226958799714}","{0: 0.5753226958799714, 1: 0.5753226958799714}",0.5753226958799714,"[[449 197]
 [353 297]]",[1. 1. 0. ... 0. 0. 0.],[1. 1. 1. ... 0. 1. 0.]
191,SVC,"{'C': 100, 'gamma': 0.0001, 'kernel': 'sigmoid'}",0.5628992740575747,0.11490206425572243,0.15585774903359004,0.21327031961183965,0.5776951451836152,0.10774593683876219,0.5725396574162007,0.15167902809646672,0.5756172839506173,0.5758799714217671,"{0: 0.5848844963086449, 1: 0.5848844963086449}","{0: 0.5848844963086449, 1: 0.5848844963086449}",0.5848844963086449,"[[427 219]
 [331 319]]",[1. 1. 0. ... 0. 0. 0.],[1. 1. 1. ... 0. 1. 0.]
426,SVC,"{'C': 10, 'gamma': 0.1, 'kernel': 'rbf'}",0.5685133410037051,0.09875521717948864,0.15570105372692708,0.1880216294513032,0.5774661810729368,0.0943731358554418,0.5744999099703596,0.14984118215716058,0.5748456790123457,0.5749345082162419,"{0: 0.5928459156942129, 1: 0.592845915694213}","{0: 0.5928459156942129, 1: 0.592845915694213}",0.592845915694213,"[[390 256]
 [295 355]]",[1. 0. 0. ... 0. 0. 1.],[1. 1. 1. ... 0. 1. 0.]
481,SVC,"{'C': 10, 'gamma': 0.1, 'kernel': 'rbf'}",0.5681905285819545,0.10022982839590176,0.1554810047876224,0.19079503678358892,0.5772981675187383,0.09573060057925546,0.5752136812121525,0.15139624366642535,0.5756172839506173,0.5757132650631103,"{0: 0.5937151702786377, 1: 0.5937151702786377}","{0: 0.5937151702786377, 1: 0.5937151702786377}",0.5937151702786377,"[[392 254]
 [296 354]]",[1. 0. 0. ... 0. 0. 1.],[1. 1. 1. ... 0. 1. 0.]
507,SVC,"{'C': 10, 'gamma': 0.001, 'kernel': 'rbf'}",0.563712261536514,0.11519281846620112,0.15539113776278718,0.21776152395941523,0.5776205238531925,0.109704071841217,0.5719494908770798,0.15171941048783266,0.5756172839506173,0.575903786615861,"{0: 0.5905787092164801, 1: 0.5905787092164801}","{0: 0.5905787092164801, 1: 0.5905787092164801}",0.5905787092164801,"[[432 214]
 [336 314]]",[1. 1. 0. ... 0. 0. 0.],[1. 1. 1. ... 0. 1. 0.]
36,knn,{'n_neighbors': 15},0.5659818458994225,0.09967648924194551,0.15498031550459912,0.17372311010949862,0.5774371982400924,0.08816678430183224,0.583731723677165,0.17002190267593564,0.5848765432098766,0.5850392950702548,"{0: 0.602995951417004, 1: 0.602995951417004}","{0: 0.602995951417004, 1: 0.602995951417004}",0.602995951417004,"[[412 234]
 [304 346]]",[1. 1. 0. ... 0. 0. 1.],[1. 1. 1. ... 0. 1. 0.]
693,knn,{'n_neighbors': 15},0.5659818458994225,0.09967648924194551,0.15498031550459912,0.17372311010949862,0.5774371982400924,0.08816678430183224,0.583731723677165,0.17002190267593564,0.5848765432098766,0.5850392950702548,"{0: 0.602995951417004, 1: 0.602995951417004}","{0: 0.602995951417004, 1: 0.602995951417004}",0.602995951417004,"[[412 234]
 [304 346]]",[1. 1. 0. ... 0. 0. 1.],[1. 1. 1. ... 0. 1. 0.]
37,knn,{'n_neighbors': 15},0.5659818458994225,0.09967648924194551,0.15498031550459912,0.17372311010949862,0.5774371982400924,0.08816678430183224,0.583731723677165,0.17002190267593564,0.5848765432098766,0.5850392950702548,"{0: 0.602995951417004, 1: 0.602995951417004}","{0: 0.602995951417004, 1: 0.602995951417004}",0.602995951417004,"[[412 234]
 [304 346]]",[1. 1. 0. ... 0. 0. 1.],[1. 1. 1. ... 0. 1. 0.]
380,knn,{'n_neighbors': 15},0.5659818458994225,0.09967648924194551,0.15498031550459912,0.17372311010949862,0.5774371982400924,0.08816678430183224,0.583731723677165,0.17002190267593564,0.5848765432098766,0.5850392950702548,"{0: 0.602995951417004, 1: 0.602995951417004}","{0: 0.602995951417004, 1: 0.602995951417004}",0.602995951417004,"[[412 234]
 [304 346]]",[1. 1. 0. ... 0. 0. 1.],[1. 1. 1. ... 0. 1. 0.]
288,SVC,"{'C': 10, 'gamma': 0.01, 'kernel': 'sigmoid'}",0.5650437290674193,0.10365044300169077,0.1548814333719713,0.1926531094912703,0.5771824448173127,0.0972878653257181,0.5695424936907442,0.15185668186534418,0.5756172839506173,0.57598475827578,"{0: 0.5659490354846392, 1: 0.5659490354846393}","{0: 0.5659490354846392, 1: 0.5659490354846393}",0.5659490354846393,"[[449 197]
 [353 297]]",[1. 1. 0. ... 0. 0. 0.],[1. 1. 1. ... 0. 1. 0.]
743,SVC,"{'C': 10, 'gamma': 0.1, 'kernel': 'rbf'}",0.5676412068193819,0.10127753065238326,0.1548474541933173,0.19356436828319953,0.5770715485877665,0.09712484617459098,0.57442080211545,0.14985737619825423,0.5748456790123457,0.5749440342938795,"{0: 0.5948082876875447, 1: 0.5948082876875447}","{0: 0.5948082876875447, 1: 0.5948082876875447}",0.5948082876875447,"[[392 254]
 [297 353]]",[1. 0. 0. ... 0. 0. 1.],[1. 1. 1. ... 0. 1. 0.]
897,SVC,"{'C': 10, 'gamma': 0.1, 'kernel': 'rbf'}",0.5671765327203581,0.10094267483114161,0.15483379771481398,0.19330175669653346,0.577020489856401,0.09710038864232613,0.5735836321942844,0.14832663479304364,0.5740740740740741,0.5741795665634675,"{0: 0.5913503215051202, 1: 0.5913503215051202}","{0: 0.5913503215051202, 1: 0.5913503215051202}",0.5913503215051202,"[[393 253]
 [299 351]]",[1. 0. 0. ... 0. 0. 1.],[1. 1. 1. ... 0. 1. 0.]
460,AdaBoost,"{'algorithm': 'SAMME.R', 'learning_rate': 0.9163265306122448, 'n_estimators': 41}",0.5702758050701054,0.094186595025318,0.1548265174444518,0.18240671274751505,0.5781231861509808,0.09138410772726334,0.5731603512987219,0.14839152048454374,0.5740740740740741,0.5742176708740176,"{0: 0.6003107882829245, 1: 0.6003107882829244}","{0: 0.6003107882829245, 1: 0.6003107882829244}",0.6003107882829244,"[[401 245]
 [307 343]]",[1. 1. 0. ... 0. 0. 0.],[1. 1. 1. ... 0. 1. 0.]
905,AdaBoost,"{'algorithm': 'SAMME.R', 'learning_rate': 1.2428571428571429, 'n_estimators': 41}",0.5701546167780648,0.10414926643197239,0.15429480662048692,0.20206424989545013,0.5776449347342956,0.10139054385904685,0.5737462162184824,0.14829418823932794,0.5740740740740741,0.5741605144081924,"{0: 0.5940164324839248, 1: 0.5940164324839248}","{0: 0.5940164324839248, 1: 0.5940164324839248}",0.5940164324839248,"[[389 257]
 [295 355]]",[1. 1. 1. ... 0. 0. 0.],[1. 1. 1. ... 0. 1. 0.]
861,SVC,"{'C': 1, 'gamma': 0.01, 'kernel': 'sigmoid'}",0.56269088392997,0.11412623038325122,0.15361086893294393,0.21589863526615646,0.5765758716256736,0.10898242727939438,0.5668961266863813,0.14248993231085605,0.5709876543209876,0.5712884020004763,"{0: 0.57691116932603, 1: 0.57691116932603}","{0: 0.57691116932603, 1: 0.57691116932603}",0.57691116932603,"[[432 214]
 [342 308]]",[1. 1. 0. ... 0. 0. 0.],[1. 1. 1. ... 0. 1. 0.]
601,SVC,"{'C': 10, 'gamma': 0.01, 'kernel': 'sigmoid'}",0.5643583124164513,0.10653128243018081,0.15287935383139564,0.20162564392084031,0.5762920372737033,0.10165604584314289,0.5655482175034079,0.14415036148248273,0.5717592592592593,0.5721290783519886,"{0: 0.5631912360085735, 1: 0.5631912360085735}","{0: 0.5631912360085735, 1: 0.5631912360085735}",0.5631912360085735,"[[447 199]
 [356 294]]",[1. 1. 0. ... 0. 0. 1.],[1. 1. 1. ... 0. 1. 0.]
568,SVC,"{'C': 10, 'gamma': 0.01, 'kernel': 'sigmoid'}",0.5642678773554873,0.1017220301529174,0.15260957795002295,0.1917619149870033,0.5761354300503343,0.09654428911894913,0.5697014393502751,0.1518486083082664,0.5756172839506173,0.5759799952369612,"{0: 0.5734139080733508, 1: 0.5734139080733508}","{0: 0.5734139080733508, 1: 0.5734139080733508}",0.5734139080733508,"[[448 198]
 [352 298]]",[1. 1. 0. ... 0. 0. 1.],[1. 1. 1. ... 0. 1. 0.]
740,randomforest,"{'criterion': 'gini', 'max_features': None, 'n_estimators': 75}",0.5716607117438872,0.1085149076206673,0.15259377529898008,0.21436654883419315,0.5767320338144897,0.1075851242231883,0.5682828820272066,0.1371854053822299,0.5686728395061729,0.5685806144320076,"{0: 0.5856596808763992, 1: 0.5856596808763992}","{0: 0.5856596808763992, 1: 0.5856596808763992}",0.5856596808763992,"[[348 298]
 [261 389]]",[1. 1. 0. ... 0. 0. 0.],[1. 1. 1. ... 0. 1. 0.]
893,SVC,"{'C': 100, 'gamma': 0.0001, 'kernel': 'sigmoid'}",0.561130704678657,0.11168410590124882,0.15234771869748132,0.20746693226962235,0.5759490635175858,0.10490449861642626,0.5690805787006481,0.1455338271416874,0.5725308641975309,0.5728078113836628,"{0: 0.5791998094784472, 1: 0.5791998094784473}","{0: 0.5791998094784472, 1: 0.5791998094784473}",0.5791998094784473,"[[428 218]
 [336 314]]",[1. 1. 0. ... 0. 0. 0.],[1. 1. 1. ... 0. 1. 0.]
368,knn,{'n_neighbors': 17},0.5660527125797545,0.08868935023485454,0.15216007427689882,0.1671644100356953,0.5762753482982569,0.08415891281766485,0.583731723677165,0.17002190267593564,0.5848765432098766,0.5850392950702548,"{0: 0.5998452012383901, 1: 0.5998452012383901}","{0: 0.5998452012383901, 1: 0.5998452012383901}",0.5998452012383901,"[[412 234]
 [304 346]]",[1. 0. 0. ... 0. 0. 1.],[1. 1. 1. ... 0. 1. 0.]
39,knn,{'n_neighbors': 17},0.5660527125797545,0.08868935023485454,0.15216007427689882,0.1671644100356953,0.5762753482982569,0.08415891281766485,0.583731723677165,0.17002190267593564,0.5848765432098766,0.5850392950702548,"{0: 0.5998452012383901, 1: 0.5998452012383901}","{0: 0.5998452012383901, 1: 0.5998452012383901}",0.5998452012383901,"[[412 234]
 [304 346]]",[1. 0. 0. ... 0. 0. 1.],[1. 1. 1. ... 0. 1. 0.]
680,knn,{'n_neighbors': 17},0.5660527125797545,0.08868935023485454,0.15216007427689882,0.1671644100356953,0.5762753482982569,0.08415891281766485,0.583731723677165,0.17002190267593564,0.5848765432098766,0.5850392950702548,"{0: 0.5998452012383901, 1: 0.5998452012383901}","{0: 0.5998452012383901, 1: 0.5998452012383901}",0.5998452012383901,"[[412 234]
 [304 346]]",[1. 0. 0. ... 0. 0. 1.],[1. 1. 1. ... 0. 1. 0.]
630,SVC,"{'C': 1, 'gamma': 0.01, 'kernel': 'sigmoid'}",0.5611877720346226,0.11948910157739596,0.15185531033235183,0.22038131877471298,0.5756661805995538,0.11150782446863744,0.5657233016534736,0.13938078373129204,0.5694444444444444,0.5697308883067397,"{0: 0.5814050964515362, 1: 0.581405096451536}","{0: 0.5814050964515362, 1: 0.581405096451536}",0.581405096451536,"[[428 218]
 [340 310]]",[1. 1. 0. ... 0. 0. 0.],[1. 1. 1. ... 0. 1. 0.]
511,randomforest,"{'criterion': 'entropy', 'max_features': None, 'n_estimators': 95}",0.5673251645185529,0.09171892526852497,0.15137194735023218,0.1800961175397254,0.5752125626358929,0.09186426966375745,0.5653387419997371,0.1310445358015634,0.5655864197530864,0.5655132174327221,"{0: 0.5877959037866158, 1: 0.587795903786616}","{0: 0.5877959037866158, 1: 0.587795903786616}",0.587795903786616,"[[350 296]
 [267 383]]",[1. 1. 0. ... 0. 0. 0.],[1. 1. 1. ... 0. 1. 0.]
23,randomforest,"{'criterion': 'gini', 'max_features': None, 'n_estimators': 291}",0.5698168789968302,0.09424779523705996,0.15096873249586212,0.18515915234222208,0.5755815628932056,0.09341818069219421,0.5660945004996497,0.13258384146341473,0.566358024691358,0.5662824482019528,"{0: 0.5902667301738509, 1: 0.5902667301738509}","{0: 0.5902667301738509, 1: 0.5902667301738509}",0.5902667301738509,"[[350 296]
 [266 384]]",[1. 1. 0. ... 0. 0. 0.],[1. 1. 1. ... 0. 1. 0.]
759,SVC,"{'C': 100, 'gamma': 0.0001, 'kernel': 'rbf'}",0.5626400732660309,0.11692646221063777,0.1505546757138297,0.22258814845926994,0.5755969298408684,0.11191589745702825,0.563197339744285,0.1347661549446627,0.5671296296296297,0.5674231959990474,"{0: 0.5844808287687544, 1: 0.5844808287687544}","{0: 0.5844808287687544, 1: 0.5844808287687544}",0.5844808287687544,"[[428 218]
 [343 307]]",[1. 1. 0. ... 0. 0. 0.],[1. 1. 1. ... 0. 1. 0.]
895,randomforest,"{'criterion': 'entropy', 'max_features': None, 'n_estimators': 189}",0.5671577974630644,0.09508057502134895,0.1504180792497073,0.1834630709007765,0.5746829530465251,0.0928164882432856,0.5669137946307764,0.13413966073274486,0.5671296296296297,0.5670612050488211,"{0: 0.5907728030483448, 1: 0.5907728030483449}","{0: 0.5907728030483448, 1: 0.5907728030483449}",0.5907728030483449,"[[352 294]
 [267 383]]",[1. 1. 0. ... 0. 0. 0.],[1. 1. 1. ... 0. 1. 0.]
941,knn,{'n_neighbors': 25},0.5615467262542873,0.10445902667726467,0.1483312603218942,0.18642673298416956,0.5754372811432449,0.09188515345360918,0.5865423662519486,0.1762241224979526,0.5879629629629629,0.5881447963800905,"{0: 0.6051583710407241, 1: 0.605158371040724}","{0: 0.6051583710407241, 1: 0.605158371040724}",0.605158371040724,"[[418 228]
 [306 344]]",[1. 0. 0. ... 0. 0. 1.],[1. 1. 1. ... 0. 1. 0.]
540,knn,{'n_neighbors': 25},0.5615467262542873,0.10445902667726467,0.1483312603218942,0.18642673298416956,0.5754372811432449,0.09188515345360918,0.5865423662519486,0.1762241224979526,0.5879629629629629,0.5881447963800905,"{0: 0.6051583710407241, 1: 0.605158371040724}","{0: 0.6051583710407241, 1: 0.605158371040724}",0.605158371040724,"[[418 228]
 [306 344]]",[1. 0. 0. ... 0. 0. 1.],[1. 1. 1. ... 0. 1. 0.]
223,knn,{'n_neighbors': 25},0.5615467262542873,0.10445902667726467,0.1483312603218942,0.18642673298416956,0.5754372811432449,0.09188515345360918,0.5865423662519486,0.1762241224979526,0.5879629629629629,0.5881447963800905,"{0: 0.6051583710407241, 1: 0.605158371040724}","{0: 0.6051583710407241, 1: 0.605158371040724}",0.605158371040724,"[[418 228]
 [306 344]]",[1. 0. 0. ... 0. 0. 1.],[1. 1. 1. ... 0. 1. 0.]
514,SVC,"{'C': 10, 'gamma': 0.01, 'kernel': 'sigmoid'}",0.5626786684380342,0.10278060179211783,0.14801797777703304,0.19527878486231326,0.5739701469511432,0.09837041829519495,0.5690478274286745,0.14871580069683754,0.5740740740740741,0.5744081924267683,"{0: 0.5743581805191712, 1: 0.5743581805191713}","{0: 0.5743581805191712, 1: 0.5743581805191713}",0.5743581805191713,"[[441 205]
 [347 303]]",[1. 1. 0. ... 0. 0. 1.],[1. 1. 1. ... 0. 1. 0.]
726,randomforest,"{'criterion': 'gini', 'max_features': 'sqrt', 'n_estimators': 59}",0.5649098242302347,0.0907108270402627,0.145825149754718,0.1788318314686743,0.5725459885890993,0.08903847016163038,0.5754727005148899,0.15113753286841214,0.5756172839506173,0.5755608478209098,"{0: 0.5886389616575375, 1: 0.5886389616575375}","{0: 0.5886389616575375, 1: 0.5886389616575375}",0.5886389616575375,"[[360 286]
 [264 386]]",[1. 1. 0. ... 0. 1. 0.],[1. 1. 1. ... 0. 1. 0.]
700,randomforest,"{'criterion': 'entropy', 'max_features': None, 'n_estimators': 361}",0.5650753681158086,0.09652569591921516,0.14548972532189514,0.186674766678574,0.5724519470299974,0.09442895761175846,0.5605996625582823,0.12175880713622178,0.5609567901234568,0.5608692545844249,"{0: 0.5895879971421767, 1: 0.5895879971421767}","{0: 0.5895879971421767, 1: 0.5895879971421767}",0.5895879971421767,"[[344 302]
 [267 383]]",[1. 1. 0. ... 0. 0. 0.],[1. 1. 1. ... 0. 1. 0.]
34,randomforest,"{'criterion': 'entropy', 'max_features': None, 'n_estimators': 373}",0.5633575023591282,0.09483482845446839,0.14512335290345946,0.18478497947036152,0.5729279402004006,0.09350926600207392,0.563688592874217,0.12793273467832222,0.5640432098765432,0.5639557037389855,"{0: 0.5893760419147416, 1: 0.5893760419147416}","{0: 0.5893760419147416, 1: 0.5893760419147416}",0.5893760419147416,"[[346 300]
 [265 385]]",[1. 1. 0. ... 0. 0. 0.],[1. 1. 1. ... 0. 1. 0.]
837,randomforest,"{'criterion': 'entropy', 'max_features': 'sqrt', 'n_estimators': 269}",0.5653501715420793,0.0932633796873059,0.14434660977840913,0.1815712126669972,0.5725012813420591,0.09048140826537047,0.5685605820894125,0.13725938522657444,0.5686728395061729,0.5686234817813766,"{0: 0.589949988092403, 1: 0.5899499880924028}","{0: 0.589949988092403, 1: 0.5899499880924028}",0.5899499880924028,"[[357 289]
 [270 380]]",[1. 1. 0. ... 0. 0. 0.],[1. 1. 1. ... 0. 1. 0.]
623,randomforest,"{'criterion': 'entropy', 'max_features': None, 'n_estimators': 397}",0.5635603122206785,0.09887294193748312,0.14411272257587765,0.1896910886151663,0.5721383720791264,0.09517178441189733,0.5644413579069744,0.129472069514182,0.5648148148148148,0.5647249345082161,"{0: 0.5905144081924267, 1: 0.5905144081924268}","{0: 0.5905144081924267, 1: 0.5905144081924268}",0.5905144081924268,"[[346 300]
 [264 386]]",[1. 1. 0. ... 0. 0. 0.],[1. 1. 1. ... 0. 1. 0.]
31,randomforest,"{'criterion': 'gini', 'max_features': None, 'n_estimators': 495}",0.5649262410432508,0.09950301589057292,0.1439368506247678,0.1959141540053256,0.5718040629870945,0.09973160170332747,0.5613522895233359,0.12329811256038181,0.5617283950617284,0.5616384853536557,"{0: 0.5909002143367469, 1: 0.5909002143367468}","{0: 0.5909002143367469, 1: 0.5909002143367468}",0.5909002143367468,"[[344 302]
 [266 384]]",[1. 1. 0. ... 0. 0. 0.],[1. 1. 1. ... 0. 1. 0.]
448,AdaBoost,"{'algorithm': 'SAMME', 'learning_rate': 0.26326530612244897, 'n_estimators': 74}",0.5511471013972503,0.10249740680514949,0.14384244749459468,0.1954349829751926,0.5719975675360488,0.09850378753890242,0.5602917627402406,0.1475104079933388,0.5733024691358025,0.5738342462491068,"{0: 0.6077018337699452, 1: 0.6077018337699452}","{0: 0.6077018337699452, 1: 0.6077018337699452}",0.6077018337699452,"[[482 164]
 [389 261]]",[1. 0. 0. ... 0. 0. 0.],[1. 1. 1. ... 0. 1. 0.]
745,knn,{'n_neighbors': 23},0.5580420304617221,0.10125007755492232,0.14358681704878148,0.1753623108462183,0.5729077897888264,0.08655997301302372,0.5850681836520616,0.17313094569243814,0.5864197530864198,0.5865968087639915,"{0: 0.6006501547987615, 1: 0.6006501547987616}","{0: 0.6006501547987615, 1: 0.6006501547987616}",0.6006501547987616,"[[416 230]
 [306 344]]",[1. 0. 0. ... 0. 0. 1.],[1. 1. 1. ... 0. 1. 0.]
162,knn,{'n_neighbors': 23},0.5580420304617221,0.10125007755492232,0.14358681704878148,0.1753623108462183,0.5729077897888264,0.08655997301302372,0.5850681836520616,0.17313094569243814,0.5864197530864198,0.5865968087639915,"{0: 0.6006501547987615, 1: 0.6006501547987616}","{0: 0.6006501547987615, 1: 0.6006501547987616}",0.6006501547987616,"[[416 230]
 [306 344]]",[1. 0. 0. ... 0. 0. 1.],[1. 1. 1. ... 0. 1. 0.]
289,knn,{'n_neighbors': 23},0.5580420304617221,0.10125007755492232,0.14358681704878148,0.1753623108462183,0.5729077897888264,0.08655997301302372,0.5850681836520616,0.17313094569243814,0.5864197530864198,0.5865968087639915,"{0: 0.6006501547987615, 1: 0.6006501547987616}","{0: 0.6006501547987615, 1: 0.6006501547987616}",0.6006501547987616,"[[416 230]
 [306 344]]",[1. 0. 0. ... 0. 0. 1.],[1. 1. 1. ... 0. 1. 0.]
504,knn,{'n_neighbors': 7},0.5651414138223422,0.08070644745492198,0.14327914829973928,0.158576094319833,0.5710258421761547,0.08001067909622324,0.5653698452208715,0.1312928312561612,0.5655864197530864,0.5656561085972851,"{0: 0.5872291021671827, 1: 0.5872291021671826}","{0: 0.5872291021671827, 1: 0.5872291021671826}",0.5872291021671826,"[[380 266]
 [297 353]]",[1. 0. 0. ... 0. 0. 0.],[1. 1. 1. ... 0. 1. 0.]
843,knn,{'n_neighbors': 7},0.5651414138223422,0.08070644745492198,0.14327914829973928,0.158576094319833,0.5710258421761547,0.08001067909622324,0.5653698452208715,0.1312928312561612,0.5655864197530864,0.5656561085972851,"{0: 0.5872291021671827, 1: 0.5872291021671826}","{0: 0.5872291021671827, 1: 0.5872291021671826}",0.5872291021671826,"[[380 266]
 [297 353]]",[1. 0. 0. ... 0. 0. 0.],[1. 1. 1. ... 0. 1. 0.]
142,knn,{'n_neighbors': 7},0.5651414138223422,0.08070644745492198,0.14327914829973928,0.158576094319833,0.5710258421761547,0.08001067909622324,0.5653698452208715,0.1312928312561612,0.5655864197530864,0.5656561085972851,"{0: 0.5872291021671827, 1: 0.5872291021671826}","{0: 0.5872291021671827, 1: 0.5872291021671826}",0.5872291021671826,"[[380 266]
 [297 353]]",[1. 0. 0. ... 0. 0. 0.],[1. 1. 1. ... 0. 1. 0.]
499,randomforest,"{'criterion': 'gini', 'max_features': 'log2', 'n_estimators': 439}",0.565179795326908,0.09600477085916397,0.14312838381173182,0.18580190498147614,0.5708243505871144,0.09411993978131755,0.5638258359472169,0.12796596847415487,0.5640432098765432,0.5639747558942605,"{0: 0.5908585377470826, 1: 0.5908585377470826}","{0: 0.5908585377470826, 1: 0.5908585377470826}",0.5908585377470826,"[[350 296]
 [269 381]]",[1. 1. 0. ... 0. 0. 0.],[1. 1. 1. ... 0. 1. 0.]
427,randomforest,"{'criterion': 'gini', 'max_features': 'sqrt', 'n_estimators': 25}",0.5674505500738068,0.10176652377096165,0.1428718505246891,0.1996763723656784,0.5713548622080904,0.1001139619553924,0.5685605820894125,0.13725938522657444,0.5686728395061729,0.5686234817813766,"{0: 0.5820385806144319, 1: 0.5820385806144319}","{0: 0.5820385806144319, 1: 0.5820385806144319}",0.5820385806144319,"[[357 289]
 [270 380]]",[1. 1. 0. ... 0. 1. 0.],[1. 1. 1. ... 0. 1. 0.]
272,AdaBoost,"{'algorithm': 'SAMME', 'learning_rate': 0.3448979591836735, 'n_estimators': 41}",0.5454748473292134,0.10456531880879281,0.14196657842456054,0.19463287040081845,0.5712370269388805,0.09863720049867954,0.5535041075079261,0.14771316446664295,0.5733024691358025,0.5739533222195761,"{0: 0.5940914503453203, 1: 0.5940914503453203}","{0: 0.5940914503453203, 1: 0.5940914503453203}",0.5940914503453203,"[[507 139]
 [414 236]]",[1. 0. 0. ... 0. 0. 0.],[1. 1. 1. ... 0. 1. 0.]
779,randomforest,"{'criterion': 'entropy', 'max_features': None, 'n_estimators': 333}",0.5617448929924326,0.09818762733845202,0.14093933733045552,0.18676422761151687,0.5703167774209256,0.0945041628932269,0.565305592023095,0.13103625684192477,0.5655864197530864,0.5655084543939033,"{0: 0.5881281257442248, 1: 0.5881281257442248}","{0: 0.5881281257442248, 1: 0.5881281257442248}",0.5881281257442248,"[[349 297]
 [266 384]]",[1. 1. 0. ... 0. 0. 0.],[1. 1. 1. ... 0. 1. 0.]
160,randomforest,"{'criterion': 'entropy', 'max_features': 'log2', 'n_estimators': 231}",0.5642470598621921,0.09148629927354002,0.1407136732402157,0.1779415430712096,0.5699244770217575,0.08926033282196369,0.567530426290613,0.13564602646798207,0.5679012345679012,0.5678113836627768,"{0: 0.5876577756608716, 1: 0.5876577756608715}","{0: 0.5876577756608716, 1: 0.5876577756608715}",0.5876577756608715,"[[348 298]
 [262 388]]",[1. 1. 0. ... 0. 0. 0.],[1. 1. 1. ... 0. 1. 0.]
168,randomforest,"{'criterion': 'gini', 'max_features': 'log2', 'n_estimators': 101}",0.5638511228073096,0.09200983418162488,0.14053488172999434,0.17790067091738596,0.5696619500461444,0.08969629375855621,0.563688592874217,0.12793273467832222,0.5640432098765432,0.5639557037389855,"{0: 0.5839676113360325, 1: 0.5839676113360325}","{0: 0.5839676113360325, 1: 0.5839676113360325}",0.5839676113360325,"[[346 300]
 [265 385]]",[1. 1. 0. ... 0. 0. 0.],[1. 1. 1. ... 0. 1. 0.]
239,randomforest,"{'criterion': 'entropy', 'max_features': 'log2', 'n_estimators': 275}",0.5642905809867848,0.09115785201553354,0.13884029214504282,0.17950003436833287,0.5690997615076641,0.08995430315129008,0.5660603725418539,0.13257557713011747,0.566358024691358,0.5662776851631341,"{0: 0.5869540366753989, 1: 0.5869540366753989}","{0: 0.5869540366753989, 1: 0.5869540366753989}",0.5869540366753989,"[[349 297]
 [265 385]]",[1. 1. 0. ... 0. 0. 0.],[1. 1. 1. ... 0. 1. 0.]
936,randomforest,"{'criterion': 'gini', 'max_features': None, 'n_estimators': 507}",0.5635599084757724,0.1142352304275248,0.13866869478996022,0.22355990719533073,0.5688950192031179,0.1135313174668954,0.5576794311548819,0.11562700964630224,0.5578703703703703,0.557806620623958,"{0: 0.5890759704691593, 1: 0.5890759704691593}","{0: 0.5890759704691593, 1: 0.5890759704691593}",0.5890759704691593,"[[347 299]
 [274 376]]",[1. 1. 0. ... 0. 0. 0.],[1. 1. 1. ... 0. 1. 0.]
661,randomforest,"{'criterion': 'gini', 'max_features': None, 'n_estimators': 593}",0.5618713831737536,0.10391634724822936,0.13806282892392296,0.19989331932331136,0.5685767539526773,0.10160471092653371,0.5574284428626242,0.11556802644930464,0.5578703703703703,0.5577732793522268,"{0: 0.5877577994760658, 1: 0.5877577994760658}","{0: 0.5877577994760658, 1: 0.5877577994760658}",0.5877577994760658,"[[340 306]
 [267 383]]",[1. 1. 0. ... 0. 0. 0.],[1. 1. 1. ... 0. 1. 0.]
907,randomforest,"{'criterion': 'gini', 'max_features': 'log2', 'n_estimators': 237}",0.56125304669144,0.09888692186890835,0.13699886329952013,0.1904830504093883,0.5682913173347806,0.09678191246212596,0.5615529644537114,0.12334822747063245,0.5617283950617284,0.5616670635865683,"{0: 0.5916396761133603, 1: 0.5916396761133603}","{0: 0.5916396761133603, 1: 0.5916396761133603}",0.5916396761133603,"[[350 296]
 [272 378]]",[1. 1. 0. ... 0. 0. 0.],[1. 1. 1. ... 0. 1. 0.]
885,knn,{'n_neighbors': 9},0.5625400676038396,0.07727879559429925,0.1368873158413001,0.15176648021729172,0.5682964592391393,0.07625745072810267,0.5727884789870652,0.1467878112544465,0.5733024691358025,0.5734103357942367,"{0: 0.5895463205525124, 1: 0.5895463205525125}","{0: 0.5895463205525124, 1: 0.5895463205525125}",0.5895463205525125,"[[393 253]
 [300 350]]",[1. 0. 0. ... 0. 0. 1.],[1. 1. 1. ... 0. 1. 0.]
552,knn,{'n_neighbors': 9},0.5625400676038396,0.07727879559429925,0.1368873158413001,0.15176648021729172,0.5682964592391393,0.07625745072810267,0.5727884789870652,0.1467878112544465,0.5733024691358025,0.5734103357942367,"{0: 0.5895463205525124, 1: 0.5895463205525125}","{0: 0.5895463205525124, 1: 0.5895463205525125}",0.5895463205525125,"[[393 253]
 [300 350]]",[1. 0. 0. ... 0. 0. 1.],[1. 1. 1. ... 0. 1. 0.]
192,knn,{'n_neighbors': 9},0.5625400676038396,0.07727879559429925,0.1368873158413001,0.15176648021729172,0.5682964592391393,0.07625745072810267,0.5727884789870652,0.1467878112544465,0.5733024691358025,0.5734103357942367,"{0: 0.5895463205525124, 1: 0.5895463205525125}","{0: 0.5895463205525124, 1: 0.5895463205525125}",0.5895463205525125,"[[393 253]
 [300 350]]",[1. 0. 0. ... 0. 0. 1.],[1. 1. 1. ... 0. 1. 0.]
397,randomforest,"{'criterion': 'entropy', 'max_features': None, 'n_estimators': 385}",0.5605659892797181,0.0963353080861988,0.1360196749826991,0.18953050048278852,0.5678257596955882,0.095945310324651,0.5575107322423476,0.11558487959412145,0.5578703703703703,0.5577828054298642,"{0: 0.589154560609669, 1: 0.5891545606096691}","{0: 0.589154560609669, 1: 0.5891545606096691}",0.5891545606096691,"[[342 304]
 [269 381]]",[1. 1. 0. ... 0. 0. 0.],[1. 1. 1. ... 0. 1. 0.]
420,knn,{'n_neighbors': 19},0.5536091646218748,0.10560624147199378,0.1360064626679421,0.18584323119372106,0.5689319182836372,0.09123063441868,0.5787997139345693,0.16079760793798914,0.5802469135802469,0.580428673493689,"{0: 0.592575613241248, 1: 0.592575613241248}","{0: 0.592575613241248, 1: 0.592575613241248}",0.592575613241248,"[[413 233]
 [311 339]]",[1. 0. 0. ... 0. 0. 1.],[1. 1. 1. ... 0. 1. 0.]
719,knn,{'n_neighbors': 19},0.5536091646218748,0.10560624147199378,0.1360064626679421,0.18584323119372106,0.5689319182836372,0.09123063441868,0.5787997139345693,0.16079760793798914,0.5802469135802469,0.580428673493689,"{0: 0.592575613241248, 1: 0.592575613241248}","{0: 0.592575613241248, 1: 0.592575613241248}",0.592575613241248,"[[413 233]
 [311 339]]",[1. 0. 0. ... 0. 0. 1.],[1. 1. 1. ... 0. 1. 0.]
82,knn,{'n_neighbors': 19},0.5536091646218748,0.10560624147199378,0.1360064626679421,0.18584323119372106,0.5689319182836372,0.09123063441868,0.5787997139345693,0.16079760793798914,0.5802469135802469,0.580428673493689,"{0: 0.592575613241248, 1: 0.592575613241248}","{0: 0.592575613241248, 1: 0.592575613241248}",0.592575613241248,"[[413 233]
 [311 339]]",[1. 0. 0. ... 0. 0. 1.],[1. 1. 1. ... 0. 1. 0.]
93,randomforest,"{'criterion': 'entropy', 'max_features': 'sqrt', 'n_estimators': 353}",0.5605364524367902,0.09856889470195515,0.13570557900949448,0.18966076573868615,0.5678044767588551,0.09486118335204631,0.5630686830931542,0.12642670680817825,0.5632716049382716,0.5632055251250299,"{0: 0.5870671588473446, 1: 0.5870671588473446}","{0: 0.5870671588473446, 1: 0.5870671588473446}",0.5870671588473446,"[[350 296]
 [270 380]]",[1. 1. 0. ... 0. 0. 0.],[1. 1. 1. ... 0. 1. 0.]
451,randomforest,"{'criterion': 'gini', 'max_features': 'sqrt', 'n_estimators': 323}",0.5602756384892449,0.10122627805500373,0.13519246280303615,0.1912096489251446,0.5667917933002138,0.09689311129920464,0.5614620574444857,0.1233231707317074,0.5617283950617284,0.5616527744701119,"{0: 0.5885437008811623, 1: 0.5885437008811621}","{0: 0.5885437008811623, 1: 0.5885437008811621}",0.5885437008811621,"[[347 299]
 [269 381]]",[1. 1. 0. ... 0. 0. 0.],[1. 1. 1. ... 0. 1. 0.]
497,AdaBoost,"{'algorithm': 'SAMME', 'learning_rate': 1.079591836734694, 'n_estimators': 30}",0.5573438759231368,0.10212409618980268,0.135138301000358,0.1953256647696924,0.5669561142884327,0.09815004816958738,0.5627218157231826,0.1267345403289556,0.5632716049382716,0.5633817575613241,"{0: 0.5909228387711359, 1: 0.590922838771136}","{0: 0.5909228387711359, 1: 0.590922838771136}",0.590922838771136,"[[387 259]
 [307 343]]",[1. 1. 0. ... 0. 0. 0.],[1. 1. 1. ... 0. 1. 0.]
713,randomforest,"{'criterion': 'entropy', 'max_features': 'log2', 'n_estimators': 253}",0.561149264437711,0.09317222125504114,0.13502970561963498,0.18063985105464858,0.5670860682795144,0.09128141489306206,0.561524756178289,0.12333987538347213,0.5617283950617284,0.5616623005477495,"{0: 0.5904191474160514, 1: 0.5904191474160515}","{0: 0.5904191474160514, 1: 0.5904191474160515}",0.5904191474160515,"[[349 297]
 [271 379]]",[1. 1. 0. ... 0. 0. 0.],[1. 1. 1. ... 0. 1. 0.]
877,AdaBoost,"{'algorithm': 'SAMME.R', 'learning_rate': 0.7530612244897958, 'n_estimators': 30}",0.559304245729316,0.10679560165742034,0.13480570259887895,0.20804212259620133,0.5677461500022782,0.10556753677980808,0.567375655626131,0.1376373063902525,0.5686728395061729,0.5688425815670397,"{0: 0.5870969278399619, 1: 0.5870969278399618}","{0: 0.5870969278399619, 1: 0.5870969278399618}",0.5870969278399618,"[[403 243]
 [316 334]]",[1. 1. 0. ... 0. 0. 0.],[1. 1. 1. ... 0. 1. 0.]
120,randomforest,"{'criterion': 'entropy', 'max_features': 'log2', 'n_estimators': 279}",0.559554463506365,0.10608821487045415,0.1346054656874621,0.20210083327489142,0.5678116153056763,0.10063995264845531,0.5639692201101377,0.12801581441874876,0.5640432098765432,0.5640033341271731,"{0: 0.590065491783758, 1: 0.5900654917837581}","{0: 0.590065491783758, 1: 0.5900654917837581}",0.5900654917837581,"[[356 290]
 [275 375]]",[1. 1. 0. ... 0. 0. 0.],[1. 1. 1. ... 0. 1. 0.]
11,randomforest,"{'criterion': 'gini', 'max_features': 'log2', 'n_estimators': 127}",0.5614730155220261,0.0998645110805118,0.1345910131372483,0.19533111718713195,0.5672802061899042,0.09887587606533443,0.5607378772636573,0.12179227621556477,0.5609567901234568,0.5608883067396999,"{0: 0.5909633246010955, 1: 0.5909633246010955}","{0: 0.5909633246010955, 1: 0.5909633246010955}",0.5909633246010955,"[[348 298]
 [271 379]]",[1. 1. 0. ... 0. 0. 0.],[1. 1. 1. ... 0. 1. 0.]
14,randomforest,"{'criterion': 'gini', 'max_features': 'log2', 'n_estimators': 381}",0.5607422403225527,0.09461993573761225,0.1336126282147031,0.18170069212884477,0.566587312085896,0.09103780466857919,0.5614275651312688,0.12331481816709378,0.5617283950617284,0.5616480114312932,"{0: 0.5918349607049298, 1: 0.5918349607049298}","{0: 0.5918349607049298, 1: 0.5918349607049298}",0.5918349607049298,"[[346 300]
 [268 382]]",[1. 1. 0. ... 0. 0. 0.],[1. 1. 1. ... 0. 1. 0.]
318,randomforest,"{'criterion': 'gini', 'max_features': 'log2', 'n_estimators': 511}",0.558699452379102,0.09745904768463759,0.13341901945778362,0.18401649038149076,0.5657524270756806,0.09327112301724903,0.5591623830938718,0.1186970336459906,0.5594135802469136,0.5593403191236008,"{0: 0.588872350559657, 1: 0.588872350559657}","{0: 0.588872350559657, 1: 0.588872350559657}",0.588872350559657,"[[346 300]
 [271 379]]",[1. 1. 0. ... 0. 0. 0.],[1. 1. 1. ... 0. 1. 0.]
363,randomforest,"{'criterion': 'entropy', 'max_features': None, 'n_estimators': 187}",0.5610135790955274,0.08992668142934553,0.13310816563482117,0.17669948989363554,0.5661270508873637,0.0885312441700592,0.560819506668581,0.12181737635105194,0.5609567901234568,0.5609025958561562,"{0: 0.5860776375327459, 1: 0.5860776375327459}","{0: 0.5860776375327459, 1: 0.5860776375327459}",0.5860776375327459,"[[351 295]
 [274 376]]",[1. 1. 0. ... 0. 0. 0.],[1. 1. 1. ... 0. 1. 0.]
217,AdaBoost,"{'algorithm': 'SAMME', 'learning_rate': 0.9979591836734693, 'n_estimators': 85}",0.55598242172827,0.10575166224396246,0.133031201781003,0.19947903021901264,0.5666851984197545,0.10056286951833865,0.5675181822859687,0.13762088192020727,0.5686728395061729,0.5688330554894022,"{0: 0.5958740176232438, 1: 0.5958740176232437}","{0: 0.5958740176232438, 1: 0.5958740176232437}",0.5958740176232437,"[[401 245]
 [314 336]]",[1. 1. 0. ... 0. 0. 0.],[1. 1. 1. ... 0. 1. 0.]
547,randomforest,"{'criterion': 'entropy', 'max_features': None, 'n_estimators': 163}",0.5605425357273982,0.10564566030655145,0.13302712067632508,0.20703664184767193,0.5660327774292027,0.10441021571119208,0.5564395290013967,0.1139865270459548,0.5570987654320988,0.5569802333889021,"{0: 0.5827399380804954, 1: 0.5827399380804954}","{0: 0.5827399380804954, 1: 0.5827399380804954}",0.5827399380804954,"[[335 311]
 [263 387]]",[1. 1. 0. ... 0. 0. 0.],[1. 1. 1. ... 0. 1. 0.]
979,randomforest,"{'criterion': 'entropy', 'max_features': None, 'n_estimators': 49}",0.5589086962660171,0.10315050931087398,0.13275645420980248,0.1993471739861844,0.5668744749454071,0.09966434590958351,0.5617115762837136,0.12477072087738272,0.5625,0.5623696118123362,"{0: 0.582582757799476, 1: 0.582582757799476}","{0: 0.582582757799476, 1: 0.582582757799476}",0.582582757799476,"[[336 310]
 [257 393]]",[1. 1. 1. ... 0. 0. 0.],[1. 1. 1. ... 0. 1. 0.]
329,randomforest,"{'criterion': 'entropy', 'max_features': None, 'n_estimators': 531}",0.5580061877044394,0.10089438800821433,0.13247959444211055,0.1942674117791275,0.5662397902371334,0.09784614388559773,0.5615790798044681,0.12335657939865108,0.5617283950617284,0.561671826625387,"{0: 0.5903488925934747, 1: 0.5903488925934747}","{0: 0.5903488925934747, 1: 0.5903488925934747}",0.5903488925934747,"[[351 295]
 [273 377]]",[1. 1. 0. ... 0. 0. 0.],[1. 1. 1. ... 0. 1. 0.]
87,randomforest,"{'criterion': 'entropy', 'max_features': 'sqrt', 'n_estimators': 443}",0.5603153961022482,0.08739083903457866,0.1322185292047293,0.17395115862052146,0.5662019810133861,0.08673733801294636,0.5622505625468044,0.124870784723777,0.5625,0.5624267682781614,"{0: 0.5922291021671826, 1: 0.5922291021671826}","{0: 0.5922291021671826, 1: 0.5922291021671826}",0.5922291021671826,"[[348 298]
 [269 381]]",[1. 1. 0. ... 0. 0. 0.],[1. 1. 1. ... 0. 1. 0.]
138,randomforest,"{'criterion': 'entropy', 'max_features': 'sqrt', 'n_estimators': 441}",0.5598714806210201,0.08979092610508572,0.1320031389032888,0.17465410159194691,0.5652578344917916,0.0881742192420393,0.5591623830938718,0.1186970336459906,0.5594135802469136,0.5593403191236008,"{0: 0.5897130269111693, 1: 0.5897130269111693}","{0: 0.5897130269111693, 1: 0.5897130269111693}",0.5897130269111693,"[[346 300]
 [271 379]]",[1. 1. 0. ... 0. 0. 0.],[1. 1. 1. ... 0. 1. 0.]
753,randomforest,"{'criterion': 'entropy', 'max_features': 'log2', 'n_estimators': 461}",0.5589800976362242,0.09400748993075683,0.13106737547109593,0.18157621819192646,0.5650993316980673,0.09147901880025615,0.5605996625582823,0.12175880713622178,0.5609567901234568,0.5608692545844249,"{0: 0.58882233865206, 1: 0.58882233865206}","{0: 0.58882233865206, 1: 0.58882233865206}",0.58882233865206,"[[344 302]
 [267 383]]",[1. 1. 0. ... 0. 0. 0.],[1. 1. 1. ... 0. 1. 0.]
383,AdaBoost,"{'algorithm': 'SAMME', 'learning_rate': 0.42653061224489797, 'n_estimators': 41}",0.545536053328251,0.10992222937091932,0.13104866173809268,0.20383995861432513,0.5653612054692949,0.10328609957661032,0.5582103276988308,0.13659205116491546,0.5679012345679012,0.568359133126935,"{0: 0.6066646820671588, 1: 0.6066646820671588}","{0: 0.6066646820671588, 1: 0.6066646820671588}",0.6066646820671588,"[[463 183]
 [377 273]]",[1. 0. 0. ... 0. 0. 0.],[1. 1. 1. ... 0. 1. 0.]
247,AdaBoost,"{'algorithm': 'SAMME', 'learning_rate': 1.4061224489795918, 'n_estimators': 74}",0.5608404854433572,0.08142044660883821,0.13047658326159947,0.16053033583070758,0.5652032339192632,0.08075009299040789,0.56297188284314,0.12668463611859837,0.5632716049382716,0.5633531793284116,"{0: 0.6001131221719457, 1: 0.6001131221719458}","{0: 0.6001131221719457, 1: 0.6001131221719458}",0.6001131221719458,"[[381 265]
 [301 349]]",[1. 0. 0. ... 0. 1. 0.],[1. 1. 1. ... 0. 1. 0.]
761,logistic_regression,"{'penalty': None, 'solver': 'newton-cg'}",0.5503546501085299,0.11011988133181976,0.1299176175636265,0.20575716789144766,0.5647295355683623,0.10340460713684116,0.5568777040109248,0.12083936324167877,0.5601851851851852,0.5604524886877829,"{0: 0.5881185996665873, 1: 0.5881185996665874}","{0: 0.5881185996665873, 1: 0.5881185996665874}",0.5881185996665874,"[[418 228]
 [342 308]]",[1. 1. 0. ... 0. 0. 0.],[1. 1. 1. ... 0. 1. 0.]
603,logistic_regression,"{'penalty': None, 'solver': 'newton-cg'}",0.5503546501085299,0.11011988133181976,0.1299176175636265,0.20575716789144766,0.5647295355683623,0.10340460713684116,0.5568777040109248,0.12083936324167877,0.5601851851851852,0.5604524886877829,"{0: 0.5881185996665873, 1: 0.5881185996665874}","{0: 0.5881185996665873, 1: 0.5881185996665874}",0.5881185996665874,"[[418 228]
 [342 308]]",[1. 1. 0. ... 0. 0. 0.],[1. 1. 1. ... 0. 1. 0.]
194,logistic_regression,"{'penalty': None, 'solver': 'newton-cg'}",0.5503546501085299,0.11011988133181976,0.1299176175636265,0.20575716789144766,0.5647295355683623,0.10340460713684116,0.5568777040109248,0.12083936324167877,0.5601851851851852,0.5604524886877829,"{0: 0.5881185996665873, 1: 0.5881185996665874}","{0: 0.5881185996665873, 1: 0.5881185996665874}",0.5881185996665874,"[[418 228]
 [342 308]]",[1. 1. 0. ... 0. 0. 0.],[1. 1. 1. ... 0. 1. 0.]
8,logistic_regression,"{'penalty': None, 'solver': 'newton-cg'}",0.5503546501085299,0.11011988133181976,0.1299176175636265,0.20575716789144766,0.5647295355683623,0.10340460713684116,0.5568777040109248,0.12083936324167877,0.5601851851851852,0.5604524886877829,"{0: 0.5881185996665873, 1: 0.5881185996665874}","{0: 0.5881185996665873, 1: 0.5881185996665874}",0.5881185996665874,"[[418 228]
 [342 308]]",[1. 1. 0. ... 0. 0. 0.],[1. 1. 1. ... 0. 1. 0.]
164,logistic_regression,"{'penalty': None, 'solver': 'newton-cg'}",0.5503546501085299,0.11011988133181976,0.1299176175636265,0.20575716789144766,0.5647295355683623,0.10340460713684116,0.5568777040109248,0.12083936324167877,0.5601851851851852,0.5604524886877829,"{0: 0.5881185996665873, 1: 0.5881185996665874}","{0: 0.5881185996665873, 1: 0.5881185996665874}",0.5881185996665874,"[[418 228]
 [342 308]]",[1. 1. 0. ... 0. 0. 0.],[1. 1. 1. ... 0. 1. 0.]
846,logistic_regression,"{'penalty': None, 'solver': 'newton-cg'}",0.5503546501085299,0.11011988133181976,0.1299176175636265,0.20575716789144766,0.5647295355683623,0.10340460713684116,0.5568777040109248,0.12083936324167877,0.5601851851851852,0.5604524886877829,"{0: 0.5881185996665873, 1: 0.5881185996665874}","{0: 0.5881185996665873, 1: 0.5881185996665874}",0.5881185996665874,"[[418 228]
 [342 308]]",[1. 1. 0. ... 0. 0. 0.],[1. 1. 1. ... 0. 1. 0.]
708,logistic_regression,"{'penalty': None, 'solver': 'newton-cg'}",0.5503546501085299,0.11011988133181976,0.1299176175636265,0.20575716789144766,0.5647295355683623,0.10340460713684116,0.5568777040109248,0.12083936324167877,0.5601851851851852,0.5604524886877829,"{0: 0.5881185996665873, 1: 0.5881185996665874}","{0: 0.5881185996665873, 1: 0.5881185996665874}",0.5881185996665874,"[[418 228]
 [342 308]]",[1. 1. 0. ... 0. 0. 0.],[1. 1. 1. ... 0. 1. 0.]
13,logistic_regression,"{'penalty': None, 'solver': 'newton-cg'}",0.5503546501085299,0.11011988133181976,0.1299176175636265,0.20575716789144766,0.5647295355683623,0.10340460713684116,0.5568777040109248,0.12083936324167877,0.5601851851851852,0.5604524886877829,"{0: 0.5881185996665873, 1: 0.5881185996665874}","{0: 0.5881185996665873, 1: 0.5881185996665874}",0.5881185996665874,"[[418 228]
 [342 308]]",[1. 1. 0. ... 0. 0. 0.],[1. 1. 1. ... 0. 1. 0.]
901,logistic_regression,"{'penalty': None, 'solver': 'newton-cg'}",0.5503546501085299,0.11011988133181976,0.1299176175636265,0.20575716789144766,0.5647295355683623,0.10340460713684116,0.5568777040109248,0.12083936324167877,0.5601851851851852,0.5604524886877829,"{0: 0.5881185996665873, 1: 0.5881185996665874}","{0: 0.5881185996665873, 1: 0.5881185996665874}",0.5881185996665874,"[[418 228]
 [342 308]]",[1. 1. 0. ... 0. 0. 0.],[1. 1. 1. ... 0. 1. 0.]
958,logistic_regression,"{'penalty': None, 'solver': 'newton-cg'}",0.5503546501085299,0.11011988133181976,0.1299176175636265,0.20575716789144766,0.5647295355683623,0.10340460713684116,0.5568777040109248,0.12083936324167877,0.5601851851851852,0.5604524886877829,"{0: 0.5881185996665873, 1: 0.5881185996665874}","{0: 0.5881185996665873, 1: 0.5881185996665874}",0.5881185996665874,"[[418 228]
 [342 308]]",[1. 1. 0. ... 0. 0. 0.],[1. 1. 1. ... 0. 1. 0.]
433,logistic_regression,"{'penalty': None, 'solver': 'newton-cg'}",0.5503546501085299,0.11011988133181976,0.1299176175636265,0.20575716789144766,0.5647295355683623,0.10340460713684116,0.5568777040109248,0.12083936324167877,0.5601851851851852,0.5604524886877829,"{0: 0.5881185996665873, 1: 0.5881185996665874}","{0: 0.5881185996665873, 1: 0.5881185996665874}",0.5881185996665874,"[[418 228]
 [342 308]]",[1. 1. 0. ... 0. 0. 0.],[1. 1. 1. ... 0. 1. 0.]
214,logistic_regression,"{'penalty': None, 'solver': 'newton-cg'}",0.5503546501085299,0.11011988133181976,0.1299176175636265,0.20575716789144766,0.5647295355683623,0.10340460713684116,0.5568777040109248,0.12083936324167877,0.5601851851851852,0.5604524886877829,"{0: 0.5881185996665873, 1: 0.5881185996665874}","{0: 0.5881185996665873, 1: 0.5881185996665874}",0.5881185996665874,"[[418 228]
 [342 308]]",[1. 1. 0. ... 0. 0. 0.],[1. 1. 1. ... 0. 1. 0.]
18,logistic_regression,"{'penalty': None, 'solver': 'newton-cg'}",0.5503546501085299,0.11011988133181976,0.1299176175636265,0.20575716789144766,0.5647295355683623,0.10340460713684116,0.5568777040109248,0.12083936324167877,0.5601851851851852,0.5604524886877829,"{0: 0.5881185996665873, 1: 0.5881185996665874}","{0: 0.5881185996665873, 1: 0.5881185996665874}",0.5881185996665874,"[[418 228]
 [342 308]]",[1. 1. 0. ... 0. 0. 0.],[1. 1. 1. ... 0. 1. 0.]
200,randomforest,"{'criterion': 'entropy', 'max_features': 'sqrt', 'n_estimators': 431}",0.5578576277349289,0.09609269727012293,0.1297922934398971,0.18653315519015495,0.5644328782020132,0.09364986376693175,0.5622818566054371,0.12487912234485976,0.5625,0.5624315313169803,"{0: 0.5877042152893547, 1: 0.5877042152893546}","{0: 0.5877042152893547, 1: 0.5877042152893546}",0.5877042152893546,"[[349 297]
 [270 380]]",[1. 1. 0. ... 0. 0. 0.],[1. 1. 1. ... 0. 1. 0.]
654,knn,{'n_neighbors': 21},0.5497595671480306,0.10400806335220926,0.12942908336861975,0.18268943649318783,0.5656509945609861,0.09002520116784714,0.5782811090637999,0.15922693444941216,0.5794753086419753,0.5796403905691832,"{0: 0.5970278637770898, 1: 0.5970278637770898}","{0: 0.5970278637770898, 1: 0.5970278637770898}",0.5970278637770898,"[[409 237]
 [308 342]]",[1. 0. 0. ... 1. 0. 1.],[1. 1. 1. ... 0. 1. 0.]
38,knn,{'n_neighbors': 21},0.5497595671480306,0.10400806335220926,0.12942908336861975,0.18268943649318783,0.5656509945609861,0.09002520116784714,0.5782811090637999,0.15922693444941216,0.5794753086419753,0.5796403905691832,"{0: 0.5970278637770898, 1: 0.5970278637770898}","{0: 0.5970278637770898, 1: 0.5970278637770898}",0.5970278637770898,"[[409 237]
 [308 342]]",[1. 0. 0. ... 1. 0. 1.],[1. 1. 1. ... 0. 1. 0.]
345,knn,{'n_neighbors': 21},0.5497595671480306,0.10400806335220926,0.12942908336861975,0.18268943649318783,0.5656509945609861,0.09002520116784714,0.5782811090637999,0.15922693444941216,0.5794753086419753,0.5796403905691832,"{0: 0.5970278637770898, 1: 0.5970278637770898}","{0: 0.5970278637770898, 1: 0.5970278637770898}",0.5970278637770898,"[[409 237]
 [308 342]]",[1. 0. 0. ... 1. 0. 1.],[1. 1. 1. ... 0. 1. 0.]
964,randomforest,"{'criterion': 'gini', 'max_features': 'sqrt', 'n_estimators': 299}",0.5569440098676419,0.09666807340323104,0.12914688502520896,0.18541446094254868,0.5642599209362864,0.09303980577768056,0.5592758142491385,0.11873061844718924,0.5594135802469136,0.5593593712788759,"{0: 0.5878054298642534, 1: 0.5878054298642534}","{0: 0.5878054298642534, 1: 0.5878054298642534}",0.5878054298642534,"[[350 296]
 [275 375]]",[1. 1. 0. ... 0. 0. 0.],[1. 1. 1. ... 0. 1. 0.]
439,randomforest,"{'criterion': 'entropy', 'max_features': None, 'n_estimators': 93}",0.5562387762080323,0.10533718120039973,0.12913785376163225,0.20742709973015955,0.5650037918249465,0.10462419949750099,0.5585757436930431,0.11721667555826532,0.558641975308642,0.5586044296261015,"{0: 0.5904096213384139, 1: 0.5904096213384139}","{0: 0.5904096213384139, 1: 0.5904096213384139}",0.5904096213384139,"[[353 293]
 [279 371]]",[1. 1. 1. ... 0. 0. 0.],[1. 1. 1. ... 0. 1. 0.]
341,randomforest,"{'criterion': 'gini', 'max_features': 'sqrt', 'n_estimators': 411}",0.5563358296407428,0.09537463835808158,0.12905950015052242,0.18316711145341885,0.5648569673390814,0.09217713180974628,0.5570143639048017,0.11412158106833581,0.5570987654320988,0.5570564420100024,"{0: 0.5918528221005002, 1: 0.5918528221005}","{0: 0.5918528221005002, 1: 0.5918528221005}",0.5918528221005,"[[351 295]
 [279 371]]",[1. 1. 0. ... 0. 0. 0.],[1. 1. 1. ... 0. 1. 0.]
655,logistic_regression,"{'penalty': None, 'solver': 'saga'}",0.5497381101513689,0.11183598432559183,0.12879622928474022,0.20885940218932406,0.5640699510536151,0.10503236421248409,0.5567575743356993,0.12084773356944956,0.5601851851851852,0.5604572517266015,"{0: 0.5891712312455346, 1: 0.5891712312455347}","{0: 0.5891712312455346, 1: 0.5891712312455347}",0.5891712312455347,"[[419 227]
 [343 307]]",[1. 1. 0. ... 0. 0. 0.],[1. 1. 1. ... 0. 1. 0.]
245,logistic_regression,"{'penalty': None, 'solver': 'saga'}",0.5497381101513689,0.11183598432559183,0.12879622928474022,0.20885940218932406,0.5640699510536151,0.10503236421248409,0.5567575743356993,0.12084773356944956,0.5601851851851852,0.5604572517266015,"{0: 0.589185520361991, 1: 0.5891855203619909}","{0: 0.589185520361991, 1: 0.5891855203619909}",0.5891855203619909,"[[419 227]
 [343 307]]",[1. 1. 0. ... 0. 0. 0.],[1. 1. 1. ... 0. 1. 0.]
335,logistic_regression,"{'penalty': None, 'solver': 'saga'}",0.5497381101513689,0.11183598432559183,0.12879622928474022,0.20885940218932406,0.5640699510536151,0.10503236421248409,0.5567575743356993,0.12084773356944956,0.5601851851851852,0.5604572517266015,"{0: 0.5891331269349845, 1: 0.5891331269349845}","{0: 0.5891331269349845, 1: 0.5891331269349845}",0.5891331269349845,"[[419 227]
 [343 307]]",[1. 1. 0. ... 0. 0. 0.],[1. 1. 1. ... 0. 1. 0.]
183,logistic_regression,"{'penalty': None, 'solver': 'saga'}",0.5497381101513689,0.11183598432559183,0.12879622928474022,0.20885940218932406,0.5640699510536151,0.10503236421248409,0.5567575743356993,0.12084773356944956,0.5601851851851852,0.5604572517266015,"{0: 0.5891759942843534, 1: 0.5891759942843534}","{0: 0.5891759942843534, 1: 0.5891759942843534}",0.5891759942843534,"[[419 227]
 [343 307]]",[1. 1. 0. ... 0. 0. 0.],[1. 1. 1. ... 0. 1. 0.]
15,logistic_regression,"{'penalty': None, 'solver': 'saga'}",0.5497381101513689,0.11183598432559183,0.12879622928474022,0.20885940218932406,0.5640699510536151,0.10503236421248409,0.5567575743356993,0.12084773356944956,0.5601851851851852,0.5604572517266015,"{0: 0.5891879018814004, 1: 0.5891879018814004}","{0: 0.5891879018814004, 1: 0.5891879018814004}",0.5891879018814004,"[[419 227]
 [343 307]]",[1. 1. 0. ... 0. 0. 0.],[1. 1. 1. ... 0. 1. 0.]
530,logistic_regression,"{'penalty': None, 'solver': 'saga'}",0.5497381101513689,0.11183598432559183,0.12879622928474022,0.20885940218932406,0.5640699510536151,0.10503236421248409,0.5567575743356993,0.12084773356944956,0.5601851851851852,0.5604572517266015,"{0: 0.5891688497261253, 1: 0.5891688497261254}","{0: 0.5891688497261253, 1: 0.5891688497261254}",0.5891688497261254,"[[419 227]
 [343 307]]",[1. 1. 0. ... 0. 0. 0.],[1. 1. 1. ... 0. 1. 0.]
766,randomforest,"{'criterion': 'gini', 'max_features': 'sqrt', 'n_estimators': 327}",0.5565303492300928,0.09891591272053961,0.12858485214645285,0.18864411459827346,0.5638643309089896,0.0953478218796596,0.5607064728203381,0.1217839091848838,0.5609567901234568,0.5608835437008812,"{0: 0.5876625386996904, 1: 0.5876625386996903}","{0: 0.5876625386996904, 1: 0.5876625386996903}",0.5876625386996903,"[[347 299]
 [270 380]]",[1. 1. 0. ... 0. 0. 0.],[1. 1. 1. ... 0. 1. 0.]
305,AdaBoost,"{'algorithm': 'SAMME.R', 'learning_rate': 0.5081632653061224, 'n_estimators': 52}",0.5546919681802347,0.10227348052685399,0.12847087475341226,0.19473743181503744,0.5648701088587428,0.09769282362108098,0.5666970417182712,0.13442829046682514,0.5671296296296297,0.567227911407478,"{0: 0.589876160990712, 1: 0.589876160990712}","{0: 0.589876160990712, 1: 0.589876160990712}",0.589876160990712,"[[387 259]
 [302 348]]",[1. 1. 0. ... 0. 0. 0.],[1. 1. 1. ... 0. 1. 0.]
346,logistic_regression,"{'penalty': None, 'solver': 'lbfgs'}",0.5496474911581014,0.11096333129873247,0.12825427323844596,0.2070749900382981,0.5639049094534135,0.10413435982130147,0.5561596442606215,0.11929278359349338,0.5594135802469136,0.5596784948797333,"{0: 0.5880924029530841, 1: 0.5880924029530841}","{0: 0.5880924029530841, 1: 0.5880924029530841}",0.5880924029530841,"[[417 229]
 [342 308]]",[1. 1. 0. ... 0. 0. 0.],[1. 1. 1. ... 0. 1. 0.]
97,logistic_regression,"{'penalty': None, 'solver': 'lbfgs'}",0.5496474911581014,0.11096333129873247,0.12825427323844596,0.2070749900382981,0.5639049094534135,0.10413435982130147,0.5561596442606215,0.11929278359349338,0.5594135802469136,0.5596784948797333,"{0: 0.5880924029530841, 1: 0.5880924029530841}","{0: 0.5880924029530841, 1: 0.5880924029530841}",0.5880924029530841,"[[417 229]
 [342 308]]",[1. 1. 0. ... 0. 0. 0.],[1. 1. 1. ... 0. 1. 0.]
78,logistic_regression,"{'penalty': None, 'solver': 'lbfgs'}",0.5496474911581014,0.11096333129873247,0.12825427323844596,0.2070749900382981,0.5639049094534135,0.10413435982130147,0.5561596442606215,0.11929278359349338,0.5594135802469136,0.5596784948797333,"{0: 0.5880924029530841, 1: 0.5880924029530841}","{0: 0.5880924029530841, 1: 0.5880924029530841}",0.5880924029530841,"[[417 229]
 [342 308]]",[1. 1. 0. ... 0. 0. 0.],[1. 1. 1. ... 0. 1. 0.]
134,logistic_regression,"{'penalty': None, 'solver': 'lbfgs'}",0.5496474911581014,0.11096333129873247,0.12825427323844596,0.2070749900382981,0.5639049094534135,0.10413435982130147,0.5561596442606215,0.11929278359349338,0.5594135802469136,0.5596784948797333,"{0: 0.5880924029530841, 1: 0.5880924029530841}","{0: 0.5880924029530841, 1: 0.5880924029530841}",0.5880924029530841,"[[417 229]
 [342 308]]",[1. 1. 0. ... 0. 0. 0.],[1. 1. 1. ... 0. 1. 0.]
290,logistic_regression,"{'penalty': None, 'solver': 'lbfgs'}",0.5496474911581014,0.11096333129873247,0.12825427323844596,0.2070749900382981,0.5639049094534135,0.10413435982130147,0.5561596442606215,0.11929278359349338,0.5594135802469136,0.5596784948797333,"{0: 0.5880924029530841, 1: 0.5880924029530841}","{0: 0.5880924029530841, 1: 0.5880924029530841}",0.5880924029530841,"[[417 229]
 [342 308]]",[1. 1. 0. ... 0. 0. 0.],[1. 1. 1. ... 0. 1. 0.]
285,randomforest,"{'criterion': 'entropy', 'max_features': 'sqrt', 'n_estimators': 165}",0.5578842390161964,0.09907192994808152,0.12807992340120877,0.19179289410626676,0.56386909139319,0.0971377333420231,0.5553490485188283,0.11099254968464789,0.5555555555555556,0.5554894022386282,"{0: 0.5832603000714456, 1: 0.5832603000714456}","{0: 0.5832603000714456, 1: 0.5832603000714456}",0.5832603000714456,"[[345 301]
 [275 375]]",[1. 1. 0. ... 0. 0. 0.],[1. 1. 1. ... 0. 1. 0.]
274,randomforest,"{'criterion': 'gini', 'max_features': 'log2', 'n_estimators': 591}",0.5566134545797218,0.1009596531083078,0.1280279125758118,0.19250812041200427,0.5642875812756336,0.0962854778082543,0.5623110601480247,0.12488745980707394,0.5625,0.562436294355799,"{0: 0.5915658490116694, 1: 0.5915658490116694}","{0: 0.5915658490116694, 1: 0.5915658490116694}",0.5915658490116694,"[[350 296]
 [271 379]]",[1. 1. 0. ... 0. 0. 0.],[1. 1. 1. ... 0. 1. 0.]
572,randomforest,"{'criterion': 'entropy', 'max_features': 'log2', 'n_estimators': 97}",0.5566354316110778,0.10652808954233448,0.1278318889394826,0.20451441679487636,0.56420519655026,0.10198622471829905,0.5605598566609671,0.12175043946777953,0.5609567901234568,0.5608644915456061,"{0: 0.5822683972374375, 1: 0.5822683972374374}","{0: 0.5822683972374375, 1: 0.5822683972374374}",0.5822683972374374,"[[343 303]
 [266 384]]",[1. 1. 1. ... 0. 0. 0.],[1. 1. 1. ... 0. 1. 0.]
482,logistic_regression,"{'penalty': None, 'solver': 'saga'}",0.5492708968998419,0.11189482785942115,0.127779507674931,0.20910268379294836,0.5635761238931214,0.10515822764356972,0.5560404005467717,0.11930116868588292,0.5594135802469136,0.559683257918552,"{0: 0.5891879018814004, 1: 0.5891879018814004}","{0: 0.5891879018814004, 1: 0.5891879018814004}",0.5891879018814004,"[[418 228]
 [343 307]]",[1. 1. 0. ... 0. 0. 0.],[1. 1. 1. ... 0. 1. 0.]
313,logistic_regression,"{'penalty': None, 'solver': 'sag'}",0.5494309509352402,0.10967052800906811,0.12762722990867123,0.20468452971368994,0.5635725601012467,0.10286026792387822,0.5554412437128485,0.11774618922032543,0.558641975308642,0.5589045010716838,"{0: 0.5887425577518457, 1: 0.5887425577518457}","{0: 0.5887425577518457, 1: 0.5887425577518457}",0.5887425577518457,"[[416 230]
 [342 308]]",[1. 1. 0. ... 0. 0. 0.],[1. 1. 1. ... 0. 1. 0.]
734,logistic_regression,"{'penalty': None, 'solver': 'sag'}",0.5494309509352402,0.10967052800906811,0.12762722990867123,0.20468452971368994,0.5635725601012467,0.10286026792387822,0.5554412437128485,0.11774618922032543,0.558641975308642,0.5589045010716838,"{0: 0.5887235055965706, 1: 0.5887235055965706}","{0: 0.5887235055965706, 1: 0.5887235055965706}",0.5887235055965706,"[[416 230]
 [342 308]]",[1. 1. 0. ... 0. 0. 0.],[1. 1. 1. ... 0. 1. 0.]
629,logistic_regression,"{'penalty': None, 'solver': 'sag'}",0.5494309509352402,0.10967052800906811,0.12762722990867123,0.20468452971368994,0.5635725601012467,0.10286026792387822,0.5554412437128485,0.11774618922032543,0.558641975308642,0.5589045010716838,"{0: 0.5887497023100738, 1: 0.5887497023100738}","{0: 0.5887497023100738, 1: 0.5887497023100738}",0.5887497023100738,"[[416 230]
 [342 308]]",[1. 1. 0. ... 0. 0. 0.],[1. 1. 1. ... 0. 1. 0.]
506,logistic_regression,"{'penalty': None, 'solver': 'sag'}",0.5494309509352402,0.10967052800906811,0.12762722990867123,0.20468452971368994,0.5635725601012467,0.10286026792387822,0.5554412437128485,0.11774618922032543,0.558641975308642,0.5589045010716838,"{0: 0.5887354131936176, 1: 0.5887354131936176}","{0: 0.5887354131936176, 1: 0.5887354131936176}",0.5887354131936176,"[[416 230]
 [342 308]]",[1. 1. 0. ... 0. 0. 0.],[1. 1. 1. ... 0. 1. 0.]
555,logistic_regression,"{'penalty': None, 'solver': 'sag'}",0.5494309509352402,0.10967052800906811,0.12762722990867123,0.20468452971368994,0.5635725601012467,0.10286026792387822,0.5554412437128485,0.11774618922032543,0.558641975308642,0.5589045010716838,"{0: 0.5886711121695641, 1: 0.5886711121695642}","{0: 0.5886711121695641, 1: 0.5886711121695642}",0.5886711121695642,"[[416 230]
 [342 308]]",[1. 1. 0. ... 0. 0. 0.],[1. 1. 1. ... 0. 1. 0.]
457,logistic_regression,"{'penalty': None, 'solver': 'sag'}",0.5494309509352402,0.10967052800906811,0.12762722990867123,0.20468452971368994,0.5635725601012467,0.10286026792387822,0.5554412437128485,0.11774618922032543,0.558641975308642,0.5589045010716838,"{0: 0.5887663729459395, 1: 0.5887663729459395}","{0: 0.5887663729459395, 1: 0.5887663729459395}",0.5887663729459395,"[[416 230]
 [342 308]]",[1. 1. 0. ... 0. 0. 0.],[1. 1. 1. ... 0. 1. 0.]
369,logistic_regression,"{'penalty': None, 'solver': 'sag'}",0.5494309509352402,0.10967052800906811,0.12762722990867123,0.20468452971368994,0.5635725601012467,0.10286026792387822,0.5554412437128485,0.11774618922032543,0.558641975308642,0.5589045010716838,"{0: 0.5887282686353894, 1: 0.5887282686353894}","{0: 0.5887282686353894, 1: 0.5887282686353894}",0.5887282686353894,"[[416 230]
 [342 308]]",[1. 1. 0. ... 0. 0. 0.],[1. 1. 1. ... 0. 1. 0.]
116,logistic_regression,"{'penalty': None, 'solver': 'sag'}",0.5494309509352402,0.10967052800906811,0.12762722990867123,0.20468452971368994,0.5635725601012467,0.10286026792387822,0.5554412437128485,0.11774618922032543,0.558641975308642,0.5589045010716838,"{0: 0.5888140033341271, 1: 0.5888140033341271}","{0: 0.5888140033341271, 1: 0.5888140033341271}",0.5888140033341271,"[[416 230]
 [342 308]]",[1. 1. 0. ... 0. 0. 0.],[1. 1. 1. ... 0. 1. 0.]
391,logistic_regression,"{'penalty': None, 'solver': 'sag'}",0.5494309509352402,0.10967052800906811,0.12762722990867123,0.20468452971368994,0.5635725601012467,0.10286026792387822,0.5554412437128485,0.11774618922032543,0.558641975308642,0.5589045010716838,"{0: 0.5887687544653489, 1: 0.5887687544653488}","{0: 0.5887687544653489, 1: 0.5887687544653488}",0.5887687544653488,"[[416 230]
 [342 308]]",[1. 1. 0. ... 0. 0. 0.],[1. 1. 1. ... 0. 1. 0.]
873,logistic_regression,"{'penalty': None, 'solver': 'sag'}",0.5494309509352402,0.10967052800906811,0.12762722990867123,0.20468452971368994,0.5635725601012467,0.10286026792387822,0.5554412437128485,0.11774618922032543,0.558641975308642,0.5589045010716838,"{0: 0.5886615860919266, 1: 0.5886615860919266}","{0: 0.5886615860919266, 1: 0.5886615860919266}",0.5886615860919266,"[[416 230]
 [342 308]]",[1. 1. 0. ... 0. 0. 0.],[1. 1. 1. ... 0. 1. 0.]
817,logistic_regression,"{'penalty': None, 'solver': 'sag'}",0.5494309509352402,0.10967052800906811,0.12762722990867123,0.20468452971368994,0.5635725601012467,0.10286026792387822,0.5554412437128485,0.11774618922032543,0.558641975308642,0.5589045010716838,"{0: 0.5887544653488925, 1: 0.5887544653488925}","{0: 0.5887544653488925, 1: 0.5887544653488925}",0.5887544653488925,"[[416 230]
 [342 308]]",[1. 1. 0. ... 0. 0. 0.],[1. 1. 1. ... 0. 1. 0.]
930,logistic_regression,"{'penalty': None, 'solver': 'sag'}",0.5494309509352402,0.10967052800906811,0.12762722990867123,0.20468452971368994,0.5635725601012467,0.10286026792387822,0.5554412437128485,0.11774618922032543,0.558641975308642,0.5589045010716838,"{0: 0.5887616099071207, 1: 0.5887616099071208}","{0: 0.5887616099071207, 1: 0.5887616099071208}",0.5887616099071208,"[[416 230]
 [342 308]]",[1. 1. 0. ... 0. 0. 0.],[1. 1. 1. ... 0. 1. 0.]
986,logistic_regression,"{'penalty': None, 'solver': 'sag'}",0.5494309509352402,0.10967052800906811,0.12762722990867123,0.20468452971368994,0.5635725601012467,0.10286026792387822,0.5554412437128485,0.11774618922032543,0.558641975308642,0.5589045010716838,"{0: 0.5887115979995237, 1: 0.5887115979995237}","{0: 0.5887115979995237, 1: 0.5887115979995237}",0.5887115979995237,"[[416 230]
 [342 308]]",[1. 1. 0. ... 0. 0. 0.],[1. 1. 1. ... 0. 1. 0.]
681,logistic_regression,"{'penalty': None, 'solver': 'sag'}",0.5494309509352402,0.10967052800906811,0.12762722990867123,0.20468452971368994,0.5635725601012467,0.10286026792387822,0.5554412437128485,0.11774618922032543,0.558641975308642,0.5589045010716838,"{0: 0.588787806620624, 1: 0.5887878066206239}","{0: 0.588787806620624, 1: 0.5887878066206239}",0.5887878066206239,"[[416 230]
 [342 308]]",[1. 1. 0. ... 0. 0. 0.],[1. 1. 1. ... 0. 1. 0.]
307,randomforest,"{'criterion': 'gini', 'max_features': None, 'n_estimators': 453}",0.5560352500136082,0.1040079237250396,0.1273376039804201,0.20129589518200225,0.5632562536635648,0.1021920196657755,0.5561059392383181,0.11253173782767967,0.5563271604938271,0.5562586330078589,"{0: 0.5904882114789235, 1: 0.5904882114789236}","{0: 0.5904882114789235, 1: 0.5904882114789236}",0.5904882114789236,"[[345 301]
 [274 376]]",[1. 1. 0. ... 0. 0. 0.],[1. 1. 1. ... 0. 1. 0.]
60,logistic_regression,"{'penalty': None, 'solver': 'saga'}",0.5487194833751868,0.11283147957829817,0.12616654604509972,0.21107302336165853,0.56277962847297,0.10620132309429363,0.5560404005467717,0.11930116868588292,0.5594135802469136,0.559683257918552,"{0: 0.5891236008573469, 1: 0.5891236008573469}","{0: 0.5891236008573469, 1: 0.5891236008573469}",0.5891236008573469,"[[418 228]
 [343 307]]",[1. 1. 0. ... 0. 0. 0.],[1. 1. 1. ... 0. 1. 0.]
668,logistic_regression,"{'penalty': 'l2', 'solver': 'newton-cg'}",0.5477189091063424,0.11209332547888595,0.12495253979959968,0.20893527259928615,0.562108942580395,0.10518063500943159,0.5543635123124122,0.11622482350869012,0.5578703703703703,0.5581447963800905,"{0: 0.5893831864729697, 1: 0.5893831864729697}","{0: 0.5893831864729697, 1: 0.5893831864729697}",0.5893831864729697,"[[418 228]
 [345 305]]",[1. 1. 0. ... 0. 0. 0.],[1. 1. 1. ... 0. 1. 0.]
972,logistic_regression,"{'penalty': 'l2', 'solver': 'saga'}",0.5477189091063424,0.11209332547888595,0.12495253979959968,0.20893527259928615,0.562108942580395,0.10518063500943159,0.5543635123124122,0.11622482350869012,0.5578703703703703,0.5581447963800905,"{0: 0.5894689211717076, 1: 0.5894689211717076}","{0: 0.5894689211717076, 1: 0.5894689211717076}",0.5894689211717076,"[[418 228]
 [345 305]]",[1. 1. 0. ... 0. 0. 0.],[1. 1. 1. ... 0. 1. 0.]
56,logistic_regression,"{'penalty': 'l2', 'solver': 'sag'}",0.5477189091063424,0.11209332547888595,0.12495253979959968,0.20893527259928615,0.562108942580395,0.10518063500943159,0.5543635123124122,0.11622482350869012,0.5578703703703703,0.5581447963800905,"{0: 0.5894141462252918, 1: 0.5894141462252918}","{0: 0.5894141462252918, 1: 0.5894141462252918}",0.5894141462252918,"[[418 228]
 [345 305]]",[1. 1. 0. ... 0. 0. 0.],[1. 1. 1. ... 0. 1. 0.]
722,logistic_regression,"{'penalty': 'l2', 'solver': 'saga'}",0.5477189091063424,0.11209332547888595,0.12495253979959968,0.20893527259928615,0.562108942580395,0.10518063500943159,0.5543635123124122,0.11622482350869012,0.5578703703703703,0.5581447963800905,"{0: 0.5894855918075732, 1: 0.5894855918075732}","{0: 0.5894855918075732, 1: 0.5894855918075732}",0.5894855918075732,"[[418 228]
 [345 305]]",[1. 1. 0. ... 0. 0. 0.],[1. 1. 1. ... 0. 1. 0.]
4,logistic_regression,"{'penalty': 'l2', 'solver': 'saga'}",0.5477189091063424,0.11209332547888595,0.12495253979959968,0.20893527259928615,0.562108942580395,0.10518063500943159,0.5543635123124122,0.11622482350869012,0.5578703703703703,0.5581447963800905,"{0: 0.5894736842105263, 1: 0.5894736842105264}","{0: 0.5894736842105263, 1: 0.5894736842105264}",0.5894736842105264,"[[418 228]
 [345 305]]",[1. 1. 0. ... 0. 0. 0.],[1. 1. 1. ... 0. 1. 0.]
71,logistic_regression,"{'penalty': 'l2', 'solver': 'sag'}",0.5477189091063424,0.11209332547888595,0.12495253979959968,0.20893527259928615,0.562108942580395,0.10518063500943159,0.5543635123124122,0.11622482350869012,0.5578703703703703,0.5581447963800905,"{0: 0.5894117647058823, 1: 0.5894117647058823}","{0: 0.5894117647058823, 1: 0.5894117647058823}",0.5894117647058823,"[[418 228]
 [345 305]]",[1. 1. 0. ... 0. 0. 0.],[1. 1. 1. ... 0. 1. 0.]
19,logistic_regression,"{'penalty': 'l2', 'solver': 'sag'}",0.5477189091063424,0.11209332547888595,0.12495253979959968,0.20893527259928615,0.562108942580395,0.10518063500943159,0.5543635123124122,0.11622482350869012,0.5578703703703703,0.5581447963800905,"{0: 0.5893998571088355, 1: 0.5893998571088355}","{0: 0.5893998571088355, 1: 0.5893998571088355}",0.5893998571088355,"[[418 228]
 [345 305]]",[1. 1. 0. ... 0. 0. 0.],[1. 1. 1. ... 0. 1. 0.]
301,logistic_regression,"{'penalty': 'l2', 'solver': 'newton-cg'}",0.5477189091063424,0.11209332547888595,0.12495253979959968,0.20893527259928615,0.562108942580395,0.10518063500943159,0.5543635123124122,0.11622482350869012,0.5578703703703703,0.5581447963800905,"{0: 0.5893831864729697, 1: 0.5893831864729697}","{0: 0.5893831864729697, 1: 0.5893831864729697}",0.5893831864729697,"[[418 228]
 [345 305]]",[1. 1. 0. ... 0. 0. 0.],[1. 1. 1. ... 0. 1. 0.]
86,logistic_regression,"{'penalty': 'l2', 'solver': 'saga'}",0.5477189091063424,0.11209332547888595,0.12495253979959968,0.20893527259928615,0.562108942580395,0.10518063500943159,0.5543635123124122,0.11622482350869012,0.5578703703703703,0.5581447963800905,"{0: 0.5894832102881639, 1: 0.5894832102881638}","{0: 0.5894832102881639, 1: 0.5894832102881638}",0.5894832102881638,"[[418 228]
 [345 305]]",[1. 1. 0. ... 0. 0. 0.],[1. 1. 1. ... 0. 1. 0.]
107,logistic_regression,"{'penalty': 'l2', 'solver': 'newton-cg'}",0.5477189091063424,0.11209332547888595,0.12495253979959968,0.20893527259928615,0.562108942580395,0.10518063500943159,0.5543635123124122,0.11622482350869012,0.5578703703703703,0.5581447963800905,"{0: 0.5893831864729697, 1: 0.5893831864729697}","{0: 0.5893831864729697, 1: 0.5893831864729697}",0.5893831864729697,"[[418 228]
 [345 305]]",[1. 1. 0. ... 0. 0. 0.],[1. 1. 1. ... 0. 1. 0.]
382,logistic_regression,"{'penalty': 'l2', 'solver': 'saga'}",0.5477189091063424,0.11209332547888595,0.12495253979959968,0.20893527259928615,0.562108942580395,0.10518063500943159,0.5543635123124122,0.11622482350869012,0.5578703703703703,0.5581447963800905,"{0: 0.5894713026911169, 1: 0.5894713026911169}","{0: 0.5894713026911169, 1: 0.5894713026911169}",0.5894713026911169,"[[418 228]
 [345 305]]",[1. 1. 0. ... 0. 0. 0.],[1. 1. 1. ... 0. 1. 0.]
916,logistic_regression,"{'penalty': 'l2', 'solver': 'saga'}",0.5477189091063424,0.11209332547888595,0.12495253979959968,0.20893527259928615,0.562108942580395,0.10518063500943159,0.5543635123124122,0.11622482350869012,0.5578703703703703,0.5581447963800905,"{0: 0.5894665396522982, 1: 0.5894665396522982}","{0: 0.5894665396522982, 1: 0.5894665396522982}",0.5894665396522982,"[[418 228]
 [345 305]]",[1. 1. 0. ... 0. 0. 0.],[1. 1. 1. ... 0. 1. 0.]
224,logistic_regression,"{'penalty': 'l2', 'solver': 'sag'}",0.5477189091063424,0.11209332547888595,0.12495253979959968,0.20893527259928615,0.562108942580395,0.10518063500943159,0.5543635123124122,0.11622482350869012,0.5578703703703703,0.5581447963800905,"{0: 0.5894117647058824, 1: 0.5894117647058823}","{0: 0.5894117647058824, 1: 0.5894117647058823}",0.5894117647058823,"[[418 228]
 [345 305]]",[1. 1. 0. ... 0. 0. 0.],[1. 1. 1. ... 0. 1. 0.]
204,logistic_regression,"{'penalty': 'l2', 'solver': 'sag'}",0.5477189091063424,0.11209332547888595,0.12495253979959968,0.20893527259928615,0.562108942580395,0.10518063500943159,0.5543635123124122,0.11622482350869012,0.5578703703703703,0.5581447963800905,"{0: 0.5893998571088355, 1: 0.5893998571088355}","{0: 0.5893998571088355, 1: 0.5893998571088355}",0.5893998571088355,"[[418 228]
 [345 305]]",[1. 1. 0. ... 0. 0. 0.],[1. 1. 1. ... 0. 1. 0.]
445,logistic_regression,"{'penalty': 'l2', 'solver': 'saga'}",0.5477189091063424,0.11209332547888595,0.12495253979959968,0.20893527259928615,0.562108942580395,0.10518063500943159,0.5543635123124122,0.11622482350869012,0.5578703703703703,0.5581447963800905,"{0: 0.5894951178852107, 1: 0.5894951178852108}","{0: 0.5894951178852107, 1: 0.5894951178852108}",0.5894951178852108,"[[418 228]
 [345 305]]",[1. 1. 0. ... 0. 0. 0.],[1. 1. 1. ... 0. 1. 0.]
616,logistic_regression,"{'penalty': 'l2', 'solver': 'saga'}",0.5477189091063424,0.11209332547888595,0.12495253979959968,0.20893527259928615,0.562108942580395,0.10518063500943159,0.5543635123124122,0.11622482350869012,0.5578703703703703,0.5581447963800905,"{0: 0.5894760657299357, 1: 0.5894760657299357}","{0: 0.5894760657299357, 1: 0.5894760657299357}",0.5894760657299357,"[[418 228]
 [345 305]]",[1. 1. 0. ... 0. 0. 0.],[1. 1. 1. ... 0. 1. 0.]
774,logistic_regression,"{'penalty': 'l2', 'solver': 'saga'}",0.5477189091063424,0.11209332547888595,0.12495253979959968,0.20893527259928615,0.562108942580395,0.10518063500943159,0.5543635123124122,0.11622482350869012,0.5578703703703703,0.5581447963800905,"{0: 0.5894641581328888, 1: 0.5894641581328888}","{0: 0.5894641581328888, 1: 0.5894641581328888}",0.5894641581328888,"[[418 228]
 [345 305]]",[1. 1. 0. ... 0. 0. 0.],[1. 1. 1. ... 0. 1. 0.]
859,logistic_regression,"{'penalty': 'l2', 'solver': 'saga'}",0.5477189091063424,0.11209332547888595,0.12495253979959968,0.20893527259928615,0.562108942580395,0.10518063500943159,0.5543635123124122,0.11622482350869012,0.5578703703703703,0.5581447963800905,"{0: 0.5894784472493451, 1: 0.5894784472493451}","{0: 0.5894784472493451, 1: 0.5894784472493451}",0.5894784472493451,"[[418 228]
 [345 305]]",[1. 1. 0. ... 0. 0. 0.],[1. 1. 1. ... 0. 1. 0.]
324,logistic_regression,"{'penalty': 'l2', 'solver': 'newton-cg'}",0.5477189091063424,0.11209332547888595,0.12495253979959968,0.20893527259928615,0.562108942580395,0.10518063500943159,0.5543635123124122,0.11622482350869012,0.5578703703703703,0.5581447963800905,"{0: 0.5893831864729697, 1: 0.5893831864729697}","{0: 0.5893831864729697, 1: 0.5893831864729697}",0.5893831864729697,"[[418 228]
 [345 305]]",[1. 1. 0. ... 0. 0. 0.],[1. 1. 1. ... 0. 1. 0.]
144,logistic_regression,"{'penalty': 'l2', 'solver': 'saga'}",0.5477189091063424,0.11209332547888595,0.12495253979959968,0.20893527259928615,0.562108942580395,0.10518063500943159,0.5543635123124122,0.11622482350869012,0.5578703703703703,0.5581447963800905,"{0: 0.5894689211717076, 1: 0.5894689211717076}","{0: 0.5894689211717076, 1: 0.5894689211717076}",0.5894689211717076,"[[418 228]
 [345 305]]",[1. 1. 0. ... 0. 0. 0.],[1. 1. 1. ... 0. 1. 0.]
544,logistic_regression,"{'penalty': 'l2', 'solver': 'newton-cg'}",0.5477189091063424,0.11209332547888595,0.12495253979959968,0.20893527259928615,0.562108942580395,0.10518063500943159,0.5543635123124122,0.11622482350869012,0.5578703703703703,0.5581447963800905,"{0: 0.5893831864729697, 1: 0.5893831864729697}","{0: 0.5893831864729697, 1: 0.5893831864729697}",0.5893831864729697,"[[418 228]
 [345 305]]",[1. 1. 0. ... 0. 0. 0.],[1. 1. 1. ... 0. 1. 0.]
280,logistic_regression,"{'penalty': 'l2', 'solver': 'saga'}",0.5477189091063424,0.11209332547888595,0.12495253979959968,0.20893527259928615,0.562108942580395,0.10518063500943159,0.5543635123124122,0.11622482350869012,0.5578703703703703,0.5581447963800905,"{0: 0.5894760657299357, 1: 0.5894760657299358}","{0: 0.5894760657299357, 1: 0.5894760657299358}",0.5894760657299358,"[[418 228]
 [345 305]]",[1. 1. 0. ... 0. 0. 0.],[1. 1. 1. ... 0. 1. 0.]
125,logistic_regression,"{'penalty': 'l2', 'solver': 'sag'}",0.5477189091063424,0.11209332547888595,0.12495253979959968,0.20893527259928615,0.562108942580395,0.10518063500943159,0.5543635123124122,0.11622482350869012,0.5578703703703703,0.5581447963800905,"{0: 0.5894141462252918, 1: 0.5894141462252918}","{0: 0.5894141462252918, 1: 0.5894141462252918}",0.5894141462252918,"[[418 228]
 [345 305]]",[1. 1. 0. ... 0. 0. 0.],[1. 1. 1. ... 0. 1. 0.]
493,logistic_regression,"{'penalty': 'l2', 'solver': 'newton-cg'}",0.5477189091063424,0.11209332547888595,0.12495253979959968,0.20893527259928615,0.562108942580395,0.10518063500943159,0.5543635123124122,0.11622482350869012,0.5578703703703703,0.5581447963800905,"{0: 0.5893831864729697, 1: 0.5893831864729697}","{0: 0.5893831864729697, 1: 0.5893831864729697}",0.5893831864729697,"[[418 228]
 [345 305]]",[1. 1. 0. ... 0. 0. 0.],[1. 1. 1. ... 0. 1. 0.]
357,logistic_regression,"{'penalty': 'l2', 'solver': 'newton-cg'}",0.5477189091063424,0.11209332547888595,0.12495253979959968,0.20893527259928615,0.562108942580395,0.10518063500943159,0.5543635123124122,0.11622482350869012,0.5578703703703703,0.5581447963800905,"{0: 0.5893831864729697, 1: 0.5893831864729697}","{0: 0.5893831864729697, 1: 0.5893831864729697}",0.5893831864729697,"[[418 228]
 [345 305]]",[1. 1. 0. ... 0. 0. 0.],[1. 1. 1. ... 0. 1. 0.]
173,logistic_regression,"{'penalty': 'l2', 'solver': 'lbfgs'}",0.5469191998209187,0.11240028473417764,0.12369494406044167,0.20935318180939824,0.5614935579650104,0.10536203887435346,0.5536471011731429,0.11467824398046322,0.5570987654320988,0.557370802572041,"{0: 0.5894474874970231, 1: 0.5894474874970231}","{0: 0.5894474874970231, 1: 0.5894474874970231}",0.5894474874970231,"[[417 229]
 [345 305]]",[1. 1. 0. ... 0. 0. 0.],[1. 1. 1. ... 0. 1. 0.]
469,logistic_regression,"{'penalty': 'l2', 'solver': 'lbfgs'}",0.5469191998209187,0.11240028473417764,0.12369494406044167,0.20935318180939824,0.5614935579650104,0.10536203887435346,0.5536471011731429,0.11467824398046322,0.5570987654320988,0.557370802572041,"{0: 0.5894474874970231, 1: 0.5894474874970231}","{0: 0.5894474874970231, 1: 0.5894474874970231}",0.5894474874970231,"[[417 229]
 [345 305]]",[1. 1. 0. ... 0. 0. 0.],[1. 1. 1. ... 0. 1. 0.]
944,logistic_regression,"{'penalty': 'l2', 'solver': 'lbfgs'}",0.5469191998209187,0.11240028473417764,0.12369494406044167,0.20935318180939824,0.5614935579650104,0.10536203887435346,0.5536471011731429,0.11467824398046322,0.5570987654320988,0.557370802572041,"{0: 0.5894474874970231, 1: 0.5894474874970231}","{0: 0.5894474874970231, 1: 0.5894474874970231}",0.5894474874970231,"[[417 229]
 [345 305]]",[1. 1. 0. ... 0. 0. 0.],[1. 1. 1. ... 0. 1. 0.]
422,logistic_regression,"{'penalty': 'l2', 'solver': 'lbfgs'}",0.5469191998209187,0.11240028473417764,0.12369494406044167,0.20935318180939824,0.5614935579650104,0.10536203887435346,0.5536471011731429,0.11467824398046322,0.5570987654320988,0.557370802572041,"{0: 0.5894474874970231, 1: 0.5894474874970231}","{0: 0.5894474874970231, 1: 0.5894474874970231}",0.5894474874970231,"[[417 229]
 [345 305]]",[1. 1. 0. ... 0. 0. 0.],[1. 1. 1. ... 0. 1. 0.]
889,logistic_regression,"{'penalty': 'l2', 'solver': 'lbfgs'}",0.5469191998209187,0.11240028473417764,0.12369494406044167,0.20935318180939824,0.5614935579650104,0.10536203887435346,0.5536471011731429,0.11467824398046322,0.5570987654320988,0.557370802572041,"{0: 0.5894474874970231, 1: 0.5894474874970231}","{0: 0.5894474874970231, 1: 0.5894474874970231}",0.5894474874970231,"[[417 229]
 [345 305]]",[1. 1. 0. ... 0. 0. 0.],[1. 1. 1. ... 0. 1. 0.]
695,logistic_regression,"{'penalty': 'l2', 'solver': 'lbfgs'}",0.5469191998209187,0.11240028473417764,0.12369494406044167,0.20935318180939824,0.5614935579650104,0.10536203887435346,0.5536471011731429,0.11467824398046322,0.5570987654320988,0.557370802572041,"{0: 0.5894474874970231, 1: 0.5894474874970231}","{0: 0.5894474874970231, 1: 0.5894474874970231}",0.5894474874970231,"[[417 229]
 [345 305]]",[1. 1. 0. ... 0. 0. 0.],[1. 1. 1. ... 0. 1. 0.]
1,logistic_regression,"{'penalty': 'l2', 'solver': 'lbfgs'}",0.5469191998209187,0.11240028473417764,0.12369494406044167,0.20935318180939824,0.5614935579650104,0.10536203887435346,0.5536471011731429,0.11467824398046322,0.5570987654320988,0.557370802572041,"{0: 0.5894474874970231, 1: 0.5894474874970231}","{0: 0.5894474874970231, 1: 0.5894474874970231}",0.5894474874970231,"[[417 229]
 [345 305]]",[1. 1. 0. ... 0. 0. 0.],[1. 1. 1. ... 0. 1. 0.]
642,logistic_regression,"{'penalty': 'l2', 'solver': 'lbfgs'}",0.5469191998209187,0.11240028473417764,0.12369494406044167,0.20935318180939824,0.5614935579650104,0.10536203887435346,0.5536471011731429,0.11467824398046322,0.5570987654320988,0.557370802572041,"{0: 0.5894474874970231, 1: 0.5894474874970231}","{0: 0.5894474874970231, 1: 0.5894474874970231}",0.5894474874970231,"[[417 229]
 [345 305]]",[1. 1. 0. ... 0. 0. 0.],[1. 1. 1. ... 0. 1. 0.]
254,logistic_regression,"{'penalty': 'l2', 'solver': 'lbfgs'}",0.5469191998209187,0.11240028473417764,0.12369494406044167,0.20935318180939824,0.5614935579650104,0.10536203887435346,0.5536471011731429,0.11467824398046322,0.5570987654320988,0.557370802572041,"{0: 0.5894474874970231, 1: 0.5894474874970231}","{0: 0.5894474874970231, 1: 0.5894474874970231}",0.5894474874970231,"[[417 229]
 [345 305]]",[1. 1. 0. ... 0. 0. 0.],[1. 1. 1. ... 0. 1. 0.]
234,logistic_regression,"{'penalty': 'l2', 'solver': 'lbfgs'}",0.5469191998209187,0.11240028473417764,0.12369494406044167,0.20935318180939824,0.5614935579650104,0.10536203887435346,0.5536471011731429,0.11467824398046322,0.5570987654320988,0.557370802572041,"{0: 0.5894474874970231, 1: 0.5894474874970231}","{0: 0.5894474874970231, 1: 0.5894474874970231}",0.5894474874970231,"[[417 229]
 [345 305]]",[1. 1. 0. ... 0. 0. 0.],[1. 1. 1. ... 0. 1. 0.]
747,logistic_regression,"{'penalty': 'l2', 'solver': 'lbfgs'}",0.5469191998209187,0.11240028473417764,0.12369494406044167,0.20935318180939824,0.5614935579650104,0.10536203887435346,0.5536471011731429,0.11467824398046322,0.5570987654320988,0.557370802572041,"{0: 0.5894474874970231, 1: 0.5894474874970231}","{0: 0.5894474874970231, 1: 0.5894474874970231}",0.5894474874970231,"[[417 229]
 [345 305]]",[1. 1. 0. ... 0. 0. 0.],[1. 1. 1. ... 0. 1. 0.]
6,logistic_regression,"{'penalty': 'l2', 'solver': 'lbfgs'}",0.5469191998209187,0.11240028473417764,0.12369494406044167,0.20935318180939824,0.5614935579650104,0.10536203887435346,0.5536471011731429,0.11467824398046322,0.5570987654320988,0.557370802572041,"{0: 0.5894474874970231, 1: 0.5894474874970231}","{0: 0.5894474874970231, 1: 0.5894474874970231}",0.5894474874970231,"[[417 229]
 [345 305]]",[1. 1. 0. ... 0. 0. 0.],[1. 1. 1. ... 0. 1. 0.]
566,logistic_regression,"{'penalty': 'l2', 'solver': 'lbfgs'}",0.5469191998209187,0.11240028473417764,0.12369494406044167,0.20935318180939824,0.5614935579650104,0.10536203887435346,0.5536471011731429,0.11467824398046322,0.5570987654320988,0.557370802572041,"{0: 0.5894474874970231, 1: 0.5894474874970231}","{0: 0.5894474874970231, 1: 0.5894474874970231}",0.5894474874970231,"[[417 229]
 [345 305]]",[1. 1. 0. ... 0. 0. 0.],[1. 1. 1. ... 0. 1. 0.]
518,logistic_regression,"{'penalty': 'l2', 'solver': 'lbfgs'}",0.5469191998209187,0.11240028473417764,0.12369494406044167,0.20935318180939824,0.5614935579650104,0.10536203887435346,0.5536471011731429,0.11467824398046322,0.5570987654320988,0.557370802572041,"{0: 0.5894474874970231, 1: 0.5894474874970231}","{0: 0.5894474874970231, 1: 0.5894474874970231}",0.5894474874970231,"[[417 229]
 [345 305]]",[1. 1. 0. ... 0. 0. 0.],[1. 1. 1. ... 0. 1. 0.]
831,logistic_regression,"{'penalty': 'l2', 'solver': 'lbfgs'}",0.5469191998209187,0.11240028473417764,0.12369494406044167,0.20935318180939824,0.5614935579650104,0.10536203887435346,0.5536471011731429,0.11467824398046322,0.5570987654320988,0.557370802572041,"{0: 0.5894474874970231, 1: 0.5894474874970231}","{0: 0.5894474874970231, 1: 0.5894474874970231}",0.5894474874970231,"[[417 229]
 [345 305]]",[1. 1. 0. ... 0. 0. 0.],[1. 1. 1. ... 0. 1. 0.]
26,randomforest,"{'criterion': 'gini', 'max_features': None, 'n_estimators': 391}",0.5538266302099628,0.10155861960531139,0.12316524688706842,0.19678590074175706,0.5618784830677783,0.09905424325446831,0.5557926075745643,0.11246409124040646,0.5563271604938271,0.556220528697309,"{0: 0.5874386758752084, 1: 0.5874386758752084}","{0: 0.5874386758752084, 1: 0.5874386758752084}",0.5874386758752084,"[[337 309]
 [266 384]]",[1. 1. 0. ... 0. 0. 0.],[1. 1. 1. ... 0. 1. 0.]
851,randomforest,"{'criterion': 'gini', 'max_features': None, 'n_estimators': 147}",0.5543247746240615,0.10747864379255806,0.12314288158331023,0.20942828736705488,0.5622497650035357,0.10444355815611096,0.5552504885838219,0.11096713954972892,0.5555555555555556,0.555475113122172,"{0: 0.5833722314836866, 1: 0.5833722314836866}","{0: 0.5833722314836866, 1: 0.5833722314836866}",0.5833722314836866,"[[342 304]
 [272 378]]",[1. 1. 0. ... 0. 0. 0.],[1. 1. 1. ... 0. 1. 0.]
463,randomforest,"{'criterion': 'entropy', 'max_features': 'log2', 'n_estimators': 355}",0.5532827832221473,0.08863618117364494,0.12311325091979984,0.1696248894375471,0.56172677887065,0.08529634496230756,0.5578269311778958,0.11568598497658855,0.5578703703703703,0.5578399618956895,"{0: 0.5824672541081208, 1: 0.5824672541081211}","{0: 0.5824672541081208, 1: 0.5824672541081211}",0.5824672541081211,"[[354 292]
 [281 369]]",[1. 1. 0. ... 0. 0. 0.],[1. 1. 1. ... 0. 1. 0.]
25,randomforest,"{'criterion': 'gini', 'max_features': None, 'n_estimators': 297}",0.5559333819997165,0.10477332996049227,0.12247689520005696,0.20488773152898768,0.5613277941760519,0.10233298701293585,0.5599808292634239,0.12025304395876613,0.5601851851851852,0.5601190759704692,"{0: 0.5890462014765421, 1: 0.5890462014765421}","{0: 0.5890462014765421, 1: 0.5890462014765421}",0.5890462014765421,"[[348 298]
 [272 378]]",[1. 1. 0. ... 0. 0. 0.],[1. 1. 1. ... 0. 1. 0.]
609,randomforest,"{'criterion': 'gini', 'max_features': 'sqrt', 'n_estimators': 77}",0.5563210765663331,0.09919115296944829,0.12246690095403956,0.195399495120989,0.5613341809180266,0.0983126691523532,0.5589731952435574,0.11865504904459512,0.5594135802469136,0.559316503929507,"{0: 0.5815265539414147, 1: 0.5815265539414147}","{0: 0.5815265539414147, 1: 0.5815265539414147}",0.5815265539414147,"[[341 305]
 [266 384]]",[1. 1. 1. ... 0. 0. 0.],[1. 1. 1. ... 0. 1. 0.]
249,randomforest,"{'criterion': 'gini', 'max_features': None, 'n_estimators': 533}",0.552802259399769,0.10553905376450136,0.12204525884003643,0.2041114924842208,0.5607984309779479,0.1029623608946405,0.5561630512754382,0.11254864786330487,0.5563271604938271,0.5562681590854965,"{0: 0.5900226244343891, 1: 0.5900226244343891}","{0: 0.5900226244343891, 1: 0.5900226244343891}",0.5900226244343891,"[[347 299]
 [276 374]]",[1. 1. 0. ... 0. 0. 0.],[1. 1. 1. ... 0. 1. 0.]
196,AdaBoost,"{'algorithm': 'SAMME.R', 'learning_rate': 0.7530612244897958, 'n_estimators': 96}",0.5525223564605611,0.10274014316582178,0.12188927041118276,0.20009600241349432,0.5611167097997783,0.09965783927918091,0.5615297992106841,0.12525415093351355,0.5625,0.5626458680638247,"{0: 0.5686044296261015, 1: 0.5686044296261015}","{0: 0.5686044296261015, 1: 0.5686044296261015}",0.5686044296261015,"[[394 252]
 [315 335]]",[1. 1. 0. ... 0. 0. 0.],[1. 1. 1. ... 0. 1. 0.]
386,randomforest,"{'criterion': 'gini', 'max_features': 'log2', 'n_estimators': 103}",0.5542904282148406,0.10224087110688049,0.12177094929195648,0.20104304646196403,0.5606661628728091,0.09987503955039566,0.5608990118888528,0.12185084096657572,0.5609567901234568,0.5609216480114313,"{0: 0.5860550130983567, 1: 0.5860550130983567}","{0: 0.5860550130983567, 1: 0.5860550130983567}",0.5860550130983567,"[[355 291]
 [278 372]]",[1. 1. 1. ... 0. 0. 0.],[1. 1. 1. ... 0. 1. 0.]
857,knn,{'n_neighbors': 13},0.5515547479741117,0.08249103726609172,0.12156726608364193,0.15666155521596412,0.5605289838719429,0.07885417235690183,0.5682417937977069,0.1375141076131109,0.5686728395061729,0.5687711359847583,"{0: 0.5966087163610384, 1: 0.5966087163610383}","{0: 0.5966087163610384, 1: 0.5966087163610383}",0.5966087163610383,"[[388 258]
 [301 349]]",[1. 1. 0. ... 0. 0. 1.],[1. 1. 1. ... 0. 1. 0.]
213,knn,{'n_neighbors': 13},0.5515547479741117,0.08249103726609172,0.12156726608364193,0.15666155521596412,0.5605289838719429,0.07885417235690183,0.5682417937977069,0.1375141076131109,0.5686728395061729,0.5687711359847583,"{0: 0.5966087163610384, 1: 0.5966087163610383}","{0: 0.5966087163610384, 1: 0.5966087163610383}",0.5966087163610383,"[[388 258]
 [301 349]]",[1. 1. 0. ... 0. 0. 1.],[1. 1. 1. ... 0. 1. 0.]
356,knn,{'n_neighbors': 13},0.5515547479741117,0.08249103726609172,0.12156726608364193,0.15666155521596412,0.5605289838719429,0.07885417235690183,0.5682417937977069,0.1375141076131109,0.5686728395061729,0.5687711359847583,"{0: 0.5966087163610384, 1: 0.5966087163610383}","{0: 0.5966087163610384, 1: 0.5966087163610383}",0.5966087163610383,"[[388 258]
 [301 349]]",[1. 1. 0. ... 0. 0. 1.],[1. 1. 1. ... 0. 1. 0.]
100,AdaBoost,"{'algorithm': 'SAMME.R', 'learning_rate': 0.8346938775510203, 'n_estimators': 30}",0.5495981292875476,0.09874539331957267,0.12117835682219466,0.18916196366283072,0.5611329522449787,0.09565091936865269,0.5560172627862424,0.114467469145208,0.5570987654320988,0.5572517266015717,"{0: 0.5880173850916885, 1: 0.5880173850916885}","{0: 0.5880173850916885, 1: 0.5880173850916885}",0.5880173850916885,"[[392 254]
 [320 330]]",[1. 1. 0. ... 0. 0. 0.],[1. 1. 1. ... 0. 1. 0.]
73,AdaBoost,"{'algorithm': 'SAMME', 'learning_rate': 1.4877551020408164, 'n_estimators': 41}",0.5527228684744212,0.0761535621896151,0.12090464590339443,0.14400899060974962,0.5613667452313604,0.07173416585231382,0.5662929559308468,0.1327821382305876,0.566358024691358,0.5663967611336033,"{0: 0.5973195999047393, 1: 0.5973195999047393}","{0: 0.5973195999047393, 1: 0.5973195999047393}",0.5973195999047393,"[[374 272]
 [290 360]]",[1. 0. 1. ... 0. 0. 0.],[1. 1. 1. ... 0. 1. 0.]
823,randomforest,"{'criterion': 'gini', 'max_features': 'log2', 'n_estimators': 437}",0.5522625790021657,0.09649269473954714,0.12050497548688174,0.18405339836110393,0.5600363516253659,0.09225226452926216,0.5575845545812318,0.11560173209666591,0.5578703703703703,0.5577923315075017,"{0: 0.5894760657299356, 1: 0.5894760657299356}","{0: 0.5894760657299356, 1: 0.5894760657299356}",0.5894760657299356,"[[344 302]
 [271 379]]",[1. 1. 0. ... 0. 0. 0.],[1. 1. 1. ... 0. 1. 0.]
485,AdaBoost,"{'algorithm': 'SAMME.R', 'learning_rate': 1.1612244897959183, 'n_estimators': 52}",0.550974746086536,0.10541857525503161,0.12018485211274715,0.19710296408674693,0.5609645060512927,0.09767015748353391,0.5601657929860181,0.12214354759603252,0.5609567901234568,0.5610883543700881,"{0: 0.5833877113598476, 1: 0.5833877113598476}","{0: 0.5833877113598476, 1: 0.5833877113598476}",0.5833877113598476,"[[390 256]
 [313 337]]",[1. 0. 0. ... 0. 0. 0.],[1. 1. 1. ... 0. 1. 0.]
834,AdaBoost,"{'algorithm': 'SAMME', 'learning_rate': 1.8959183673469386, 'n_estimators': 52}",0.5551914448669842,0.07979086512988356,0.1200127166777604,0.1532090070137578,0.5616183120945203,0.07487534262810114,0.5640128386028773,0.12804073525419046,0.5640432098765432,0.5640176232436294,"{0: 0.5736854012860204, 1: 0.5736854012860204}","{0: 0.5736854012860204, 1: 0.5736854012860204}",0.5736854012860204,"[[359 287]
 [278 372]]",[0. 1. 0. ... 1. 1. 0.],[1. 1. 1. ... 0. 1. 0.]
737,AdaBoost,"{'algorithm': 'SAMME.R', 'learning_rate': 1.4877551020408164, 'n_estimators': 74}",0.5539863442895476,0.09585037843925716,0.1196529546168662,0.18638350937680007,0.5601603221356248,0.09357598730638404,0.5556401773913641,0.11286981614548364,0.5563271604938271,0.5564491545606096,"{0: 0.5730447725648964, 1: 0.5730447725648964}","{0: 0.5730447725648964, 1: 0.5730447725648964}",0.5730447725648964,"[[385 261]
 [314 336]]",[1. 1. 0. ... 1. 0. 0.],[1. 1. 1. ... 0. 1. 0.]
92,SVC,"{'C': 100, 'gamma': 0.1, 'kernel': 'rbf'}",0.5537087738428945,0.09885591216549643,0.11964007069072118,0.19440874848660902,0.5608074393038347,0.09548321955566717,0.5688037367724867,0.13909391339130095,0.5694444444444444,0.5695641819480829,"{0: 0.5851821862348178, 1: 0.5851821862348179}","{0: 0.5851821862348178, 1: 0.5851821862348179}",0.5851821862348179,"[[393 253]
 [305 345]]",[1. 0. 1. ... 0. 0. 1.],[1. 1. 1. ... 0. 1. 0.]
102,randomforest,"{'criterion': 'entropy', 'max_features': 'sqrt', 'n_estimators': 285}",0.5497584067322319,0.10681806010064035,0.11835662245205128,0.19901892894709383,0.5594645152696299,0.09783667579392367,0.5585378871382195,0.11719985519120468,0.558641975308642,0.5585949035484639,"{0: 0.5885460824005716, 1: 0.5885460824005715}","{0: 0.5885460824005716, 1: 0.5885460824005715}",0.5885460824005715,"[[351 295]
 [277 373]]",[1. 1. 0. ... 0. 0. 0.],[1. 1. 1. ... 0. 1. 0.]
687,randomforest,"{'criterion': 'gini', 'max_features': 'sqrt', 'n_estimators': 417}",0.5522421038052124,0.09948094815884337,0.11815567551991432,0.19324047399934766,0.5590868440019867,0.09579605863315455,0.5583021802412107,0.11713256731263932,0.558641975308642,0.5585567992379138,"{0: 0.5909835675160753, 1: 0.5909835675160753}","{0: 0.5909835675160753, 1: 0.5909835675160753}",0.5909835675160753,"[[343 303]
 [269 381]]",[1. 1. 0. ... 0. 0. 0.],[1. 1. 1. ... 0. 1. 0.]
322,knn,{'n_neighbors': 11},0.5516511248550929,0.08190240619020274,0.11785361934230892,0.16093844885287412,0.558859564662565,0.08075179994267397,0.5658121209124182,0.1329060276764541,0.566358024691358,0.5664682067158847,"{0: 0.5915563229340319, 1: 0.5915563229340319}","{0: 0.5915563229340319, 1: 0.5915563229340319}",0.5915563229340319,"[[389 257]
 [305 345]]",[1. 1. 0. ... 1. 0. 1.],[1. 1. 1. ... 0. 1. 0.]
29,knn,{'n_neighbors': 11},0.5516511248550929,0.08190240619020274,0.11785361934230892,0.16093844885287412,0.558859564662565,0.08075179994267397,0.5658121209124182,0.1329060276764541,0.566358024691358,0.5664682067158847,"{0: 0.5915563229340319, 1: 0.5915563229340319}","{0: 0.5915563229340319, 1: 0.5915563229340319}",0.5915563229340319,"[[389 257]
 [305 345]]",[1. 1. 0. ... 1. 0. 1.],[1. 1. 1. ... 0. 1. 0.]
640,knn,{'n_neighbors': 11},0.5516511248550929,0.08190240619020274,0.11785361934230892,0.16093844885287412,0.558859564662565,0.08075179994267397,0.5658121209124182,0.1329060276764541,0.566358024691358,0.5664682067158847,"{0: 0.5915563229340319, 1: 0.5915563229340319}","{0: 0.5915563229340319, 1: 0.5915563229340319}",0.5915563229340319,"[[389 257]
 [305 345]]",[1. 1. 0. ... 1. 0. 1.],[1. 1. 1. ... 0. 1. 0.]
975,AdaBoost,"{'algorithm': 'SAMME', 'learning_rate': 0.3448979591836735, 'n_estimators': 30}",0.5224395014473449,0.11281643500468937,0.11775047473008333,0.1900390143188375,0.5582309561445574,0.09571731448020049,0.53931483996053,0.12308724129893978,0.5609567901234568,0.5616265777566087,"{0: 0.588061443200762, 1: 0.5880614432007623}","{0: 0.588061443200762, 1: 0.5880614432007623}",0.5880614432007623,"[[503 143]
 [426 224]]",[1. 1. 0. ... 0. 0. 0.],[1. 1. 1. ... 0. 1. 0.]
326,SVC,"{'C': 1000, 'gamma': 0.1, 'kernel': 'sigmoid'}",0.5332575418862827,0.08080647379134073,0.11725472450088376,0.13421872476445448,0.5573812570926446,0.0691629088504165,0.539198619370979,0.10587518794130513,0.5524691358024691,0.5529935698975947,"{0: 0.5392545844248631, 1: 0.5392545844248631}","{0: 0.5392545844248631, 1: 0.5392545844248631}",0.5392545844248631,"[[467 179]
 [401 249]]",[1. 1. 1. ... 0. 0. 0.],[1. 1. 1. ... 0. 1. 0.]
114,SVC,"{'C': 100, 'gamma': 0.1, 'kernel': 'rbf'}",0.552460897226896,0.09929377366892755,0.11689846449726268,0.19469123340212688,0.5594088251780618,0.09572653928099752,0.5673572735070359,0.13599177135020346,0.5679012345679012,0.568011431293165,"{0: 0.5854512979280782, 1: 0.5854512979280782}","{0: 0.5854512979280782, 1: 0.5854512979280782}",0.5854512979280782,"[[390 256]
 [304 346]]",[1. 0. 1. ... 0. 0. 1.],[1. 1. 1. ... 0. 1. 0.]
296,randomforest,"{'criterion': 'gini', 'max_features': 'log2', 'n_estimators': 57}",0.5501660271810137,0.0856483813403957,0.11682291211864058,0.16169832761717007,0.5580391671344949,0.08172101547517185,0.5605598566609671,0.12175043946777953,0.5609567901234568,0.5608644915456061,"{0: 0.589953560371517, 1: 0.589953560371517}","{0: 0.589953560371517, 1: 0.589953560371517}",0.589953560371517,"[[343 303]
 [266 384]]",[1. 1. 0. ... 0. 0. 0.],[1. 1. 1. ... 0. 1. 0.]
5,randomforest,"{'criterion': 'entropy', 'max_features': 'sqrt', 'n_estimators': 549}",0.5516874192156562,0.10310387763890035,0.11680313453307203,0.19942018148592244,0.5583007670951382,0.09927598144370882,0.5591938979218776,0.11870543008626977,0.5594135802469136,0.5593450821624196,"{0: 0.5859919028340081, 1: 0.5859919028340081}","{0: 0.5859919028340081, 1: 0.5859919028340081}",0.5859919028340081,"[[347 299]
 [272 378]]",[1. 1. 0. ... 0. 0. 0.],[1. 1. 1. ... 0. 1. 0.]
161,SVC,"{'C': 1, 'gamma': 1, 'kernel': 'rbf'}",0.5485159956467756,0.09206215030723432,0.11680295555488923,0.1719525473124948,0.5574385338448276,0.08766741918178389,0.5544464715708392,0.11377542267884033,0.5570987654320988,0.556861157418433,"{0: 0.5639009287925697, 1: 0.5639009287925696}","{0: 0.5639009287925697, 1: 0.5639009287925696}",0.5639009287925696,"[[310 336]
 [238 412]]",[1. 1. 1. ... 0. 0. 1.],[1. 1. 1. ... 0. 1. 0.]
179,SVC,"{'C': 1, 'gamma': 1, 'kernel': 'rbf'}",0.5486076117666175,0.09213095940849746,0.11680295555488923,0.1719525473124948,0.5574385338448276,0.08766741918178389,0.5543385947468721,0.11376697641172273,0.5570987654320988,0.5568563943796142,"{0: 0.5639414146225292, 1: 0.5639414146225291}","{0: 0.5639414146225292, 1: 0.5639414146225291}",0.5639414146225291,"[[309 337]
 [237 413]]",[1. 1. 1. ... 0. 0. 1.],[1. 1. 1. ... 0. 1. 0.]
922,randomforest,"{'criterion': 'entropy', 'max_features': 'sqrt', 'n_estimators': 455}",0.5499425209282143,0.10012831521348912,0.11639061582860499,0.19144182707080531,0.5583659897448177,0.09558799303382476,0.5553490485188283,0.11099254968464789,0.5555555555555556,0.5554894022386282,"{0: 0.5888973565134555, 1: 0.5888973565134555}","{0: 0.5888973565134555, 1: 0.5888973565134555}",0.5888973565134555,"[[345 301]
 [275 375]]",[1. 1. 0. ... 0. 0. 0.],[1. 1. 1. ... 0. 1. 0.]
670,SVC,"{'C': 1, 'gamma': 1, 'kernel': 'rbf'}",0.5487280132460072,0.09094545728294394,0.11635192442708356,0.1695943909706646,0.5573545676200057,0.08647620207315211,0.5542285271481657,0.11375852998360714,0.5570987654320988,0.5568516313407954,"{0: 0.5648178137651821, 1: 0.5648178137651821}","{0: 0.5648178137651821, 1: 0.5648178137651821}",0.5648178137651821,"[[308 338]
 [236 414]]",[1. 1. 1. ... 0. 0. 1.],[1. 1. 1. ... 0. 1. 0.]
188,randomforest,"{'criterion': 'gini', 'max_features': None, 'n_estimators': 145}",0.5489460452291219,0.09172764889394158,0.11550002085499277,0.1805482594122941,0.5582305709934452,0.0914354506871239,0.5511574000014293,0.10320284697508897,0.5516975308641975,0.551590854965468,"{0: 0.5816503929507025, 1: 0.5816503929507024}","{0: 0.5816503929507025, 1: 0.5816503929507024}",0.5816503929507024,"[[334 312]
 [269 381]]",[1. 1. 0. ... 0. 0. 0.],[1. 1. 1. ... 0. 1. 0.]
807,SVC,"{'C': 1, 'gamma': 1, 'kernel': 'rbf'}",0.5478343167990145,0.09158478726455363,0.11542364521006164,0.17108383777010255,0.5567488786724137,0.08723387210361361,0.5533959681346704,0.11221032466511327,0.5563271604938271,0.5560776375327459,"{0: 0.5645391759942844, 1: 0.5645391759942843}","{0: 0.5645391759942844, 1: 0.5645391759942843}",0.5645391759942843,"[[307 339]
 [236 414]]",[1. 1. 1. ... 0. 0. 1.],[1. 1. 1. ... 0. 1. 0.]
879,randomforest,"{'criterion': 'gini', 'max_features': 'sqrt', 'n_estimators': 543}",0.5508308116814509,0.09950654714952725,0.11541737853097006,0.19252680281266524,0.557559656400407,0.09602426895505269,0.5568929754336934,0.1140793811093539,0.5570987654320988,0.5570326268159085,"{0: 0.5880364372469635, 1: 0.5880364372469635}","{0: 0.5880364372469635, 1: 0.5880364372469635}",0.5880364372469635,"[[346 300]
 [274 376]]",[1. 1. 0. ... 0. 0. 0.],[1. 1. 1. ... 0. 1. 0.]
674,randomforest,"{'criterion': 'entropy', 'max_features': 'log2', 'n_estimators': 135}",0.5498791199350604,0.09859818225563244,0.1154160068592303,0.18748468477526206,0.5581204612682585,0.0937890054923621,0.5559662670843802,0.11249791582307123,0.5563271604938271,0.556239580852584,"{0: 0.5813503215051203, 1: 0.5813503215051203}","{0: 0.5813503215051203, 1: 0.5813503215051203}",0.5813503215051203,"[[341 305]
 [270 380]]",[1. 1. 0. ... 0. 0. 0.],[1. 1. 1. ... 0. 1. 0.]
376,randomforest,"{'criterion': 'gini', 'max_features': None, 'n_estimators': 47}",0.5517846020406513,0.07672357694764158,0.11532362558209043,0.1530134323183411,0.5574190823079919,0.07687800358824763,0.5583390268575454,0.11714097885841135,0.558641975308642,0.5585615622767326,"{0: 0.5836544415336985, 1: 0.5836544415336984}","{0: 0.5836544415336985, 1: 0.5836544415336984}",0.5836544415336984,"[[344 302]
 [270 380]]",[1. 1. 0. ... 0. 0. 0.],[1. 1. 1. ... 0. 1. 0.]
219,randomforest,"{'criterion': 'gini', 'max_features': 'sqrt', 'n_estimators': 311}",0.5513135655584904,0.09494188318033912,0.11483240385197645,0.1836930620877591,0.5567891691597733,0.09286663563165515,0.552289998914001,0.10482741537494167,0.5524691358024691,0.5524077161228864,"{0: 0.5861800428673494, 1: 0.5861800428673495}","{0: 0.5861800428673494, 1: 0.5861800428673495}",0.5861800428673495,"[[344 302]
 [278 372]]",[1. 1. 0. ... 0. 0. 0.],[1. 1. 1. ... 0. 1. 0.]
943,SVC,"{'C': 1, 'gamma': 1, 'kernel': 'rbf'}",0.547425336660822,0.09302616181799919,0.11478934813154235,0.17365293860313444,0.5563356735102889,0.08862559559462171,0.5543385947468721,0.11376697641172273,0.5570987654320988,0.5568563943796142,"{0: 0.5674065253631817, 1: 0.5674065253631817}","{0: 0.5674065253631817, 1: 0.5674065253631817}",0.5674065253631817,"[[309 337]
 [237 413]]",[1. 1. 1. ... 0. 0. 1.],[1. 1. 1. ... 0. 1. 0.]
2,SVC,"{'C': 100, 'gamma': 0.1, 'kernel': 'rbf'}",0.5517072699459981,0.100202246941033,0.11457172631501614,0.19712489128515537,0.5581819874794823,0.09697936364773241,0.5649656465287873,0.13137556487826252,0.5655864197530864,0.5657037389854727,"{0: 0.5856132412479162, 1: 0.5856132412479161}","{0: 0.5856132412479162, 1: 0.5856132412479161}",0.5856132412479161,"[[390 256]
 [307 343]]",[1. 0. 1. ... 0. 0. 1.],[1. 1. 1. ... 0. 1. 0.]
487,randomforest,"{'criterion': 'entropy', 'max_features': 'sqrt', 'n_estimators': 341}",0.5502506299308421,0.09766291159999854,0.1139046179224606,0.1931913518713532,0.556749589181227,0.09581041391764926,0.5537742860800916,0.10789721896704485,0.5540123456790124,0.5539414146225292,"{0: 0.5852524410573946, 1: 0.5852524410573947}","{0: 0.5852524410573946, 1: 0.5852524410573947}",0.5852524410573947,"[[343 303]
 [275 375]]",[1. 1. 0. ... 0. 0. 0.],[1. 1. 1. ... 0. 1. 0.]
865,randomforest,"{'criterion': 'entropy', 'max_features': 'log2', 'n_estimators': 91}",0.5488794347286045,0.10039322947735803,0.11376845090930919,0.1921744670693649,0.5573841687522366,0.09586495448220828,0.5528773367684455,0.1063239882809709,0.5532407407407407,0.5531531316980234,"{0: 0.5839211717075494, 1: 0.5839211717075494}","{0: 0.5839211717075494, 1: 0.5839211717075494}",0.5839211717075494,"[[339 307]
 [272 378]]",[1. 1. 0. ... 0. 0. 0.],[1. 1. 1. ... 0. 1. 0.]
32,randomforest,"{'criterion': 'gini', 'max_features': None, 'n_estimators': 249}",0.5490226931460895,0.11357023901120868,0.11357313021146112,0.21597678661503586,0.5575168360197927,0.10624862235797743,0.5537062194469602,0.10788021989538765,0.5540123456790124,0.5539318885448916,"{0: 0.5806120504882115, 1: 0.5806120504882115}","{0: 0.5806120504882115, 1: 0.5806120504882115}",0.5806120504882115,"[[341 305]
 [273 377]]",[1. 1. 0. ... 0. 0. 0.],[1. 1. 1. ... 0. 1. 0.]
903,SVC,"{'C': 1, 'gamma': 1, 'kernel': 'rbf'}",0.5466255733138111,0.09195467388459332,0.11341987171636843,0.17173629197941903,0.5556400213363759,0.08766057955075128,0.5527857675508683,0.11067905646890641,0.5555555555555556,0.5553131698023339,"{0: 0.562818528221005, 1: 0.562818528221005}","{0: 0.562818528221005, 1: 0.562818528221005}",0.562818528221005,"[[308 338]
 [238 412]]",[1. 1. 1. ... 0. 0. 1.],[1. 1. 1. ... 0. 1. 0.]
230,SVC,"{'C': 100, 'gamma': 0.1, 'kernel': 'rbf'}",0.5508861062736953,0.09832073774016216,0.11299747939867708,0.1934936394769085,0.5573951653413135,0.09512514089042713,0.5650154331750441,0.13136729222520105,0.5655864197530864,0.565698975946654,"{0: 0.5862657775660871, 1: 0.5862657775660872}","{0: 0.5862657775660871, 1: 0.5862657775660872}",0.5862657775660872,"[[389 257]
 [306 344]]",[1. 0. 0. ... 0. 0. 1.],[1. 1. 1. ... 0. 1. 0.]
508,SVC,"{'C': 0.1, 'gamma': 1, 'kernel': 'rbf'}",0.5263301236642739,0.07851818595062628,0.11292046425834038,0.12407678301288902,0.555864871837224,0.06418127877629576,0.5415211497868624,0.12231972529568869,0.5617283950617284,0.5610812098118599,"{0: 0.5751393188854489, 1: 0.5751393188854489}","{0: 0.5751393188854489, 1: 0.5751393188854489}",0.5751393188854489,"[[227 419]
 [149 501]]",[1. 1. 1. ... 0. 0. 1.],[1. 1. 1. ... 0. 1. 0.]
79,SVC,"{'C': 100, 'gamma': 0.1, 'kernel': 'rbf'}",0.5503930561551907,0.10173888759065076,0.1128734675734866,0.20004387211332983,0.5572806247280223,0.09854670285665246,0.5649137736892835,0.1313838373737518,0.5655864197530864,0.5657085020242916,"{0: 0.5869135508454394, 1: 0.5869135508454393}","{0: 0.5869135508454394, 1: 0.5869135508454393}",0.5869135508454393,"[[391 255]
 [308 342]]",[1. 0. 1. ... 0. 0. 1.],[1. 1. 1. ... 0. 1. 0.]
728,SVC,"{'C': 1, 'gamma': 1, 'kernel': 'rbf'}",0.5463595275793393,0.09187904889048039,0.11278437187333391,0.17141279211437457,0.5553588595916669,0.08743463687778683,0.5521711900779319,0.10914783205386624,0.5547839506172839,0.5545487020719219,"{0: 0.5633079304596332, 1: 0.5633079304596332}","{0: 0.5633079304596332, 1: 0.5633079304596332}",0.5633079304596332,"[[309 337]
 [240 410]]",[1. 1. 1. ... 0. 0. 1.],[1. 1. 1. ... 0. 1. 0.]
535,randomforest,"{'criterion': 'entropy', 'max_features': 'log2', 'n_estimators': 317}",0.5483214081467075,0.10440030249445846,0.11230949508151808,0.19876973066213924,0.5556216888832846,0.10053009888913807,0.5490734120363749,0.09861946093236407,0.5493827160493827,0.5493022148130507,"{0: 0.5876077637532746, 1: 0.5876077637532746}","{0: 0.5876077637532746, 1: 0.5876077637532746}",0.5876077637532746,"[[338 308]
 [276 374]]",[1. 1. 0. ... 0. 0. 0.],[1. 1. 1. ... 0. 1. 0.]
139,SVC,"{'C': 100, 'gamma': 0.1, 'kernel': 'rbf'}",0.5506062709351682,0.09898662090139396,0.11217891639511203,0.19554455955850894,0.557080323479303,0.0961160670405565,0.5642669683178004,0.12982028400270484,0.5648148148148148,0.5649249821386044,"{0: 0.5859204572517266, 1: 0.5859204572517266}","{0: 0.5859204572517266, 1: 0.5859204572517266}",0.5859204572517266,"[[388 258]
 [306 344]]",[1. 0. 0. ... 0. 0. 1.],[1. 1. 1. ... 0. 1. 0.]
52,SVC,"{'C': 100, 'gamma': 0.1, 'kernel': 'rbf'}",0.5501343756802496,0.09928071194383409,0.11185152530764206,0.1957357613261976,0.5567825116009285,0.09640000682242678,0.5651087534218188,0.13135074644634392,0.5655864197530864,0.5656894498690164,"{0: 0.5872398190045248, 1: 0.5872398190045249}","{0: 0.5872398190045248, 1: 0.5872398190045249}",0.5872398190045249,"[[387 259]
 [304 346]]",[1. 0. 0. ... 0. 0. 1.],[1. 1. 1. ... 0. 1. 0.]
559,randomforest,"{'criterion': 'gini', 'max_features': 'sqrt', 'n_estimators': 265}",0.5497062053300698,0.10044169500071508,0.1117423876055158,0.19519614059266122,0.5549837979880187,0.09832619263440051,0.5492023437340975,0.09865381134304463,0.5493827160493827,0.5493212669683258,"{0: 0.5850678733031675, 1: 0.5850678733031675}","{0: 0.5850678733031675, 1: 0.5850678733031675}",0.5850678733031675,"[[342 304]
 [280 370]]",[1. 1. 0. ... 0. 0. 0.],[1. 1. 1. ... 0. 1. 0.]
947,AdaBoost,"{'algorithm': 'SAMME', 'learning_rate': 1.4061224489795918, 'n_estimators': 63}",0.5497422255521045,0.07929585677391185,0.1111573385577945,0.15442821605707158,0.5560100925197508,0.07804556072720566,0.5544961848681691,0.10970783627401959,0.5547839506172839,0.5548630626339606,"{0: 0.5980340557275542, 1: 0.5980340557275542}","{0: 0.5980340557275542, 1: 0.5980340557275542}",0.5980340557275542,"[[375 271]
 [306 344]]",[1. 1. 0. ... 0. 1. 0.],[1. 1. 1. ... 0. 1. 0.]
723,SVC,"{'C': 1000, 'gamma': 0.1, 'kernel': 'rbf'}",0.5526960641725994,0.07957919536727343,0.11112780615268365,0.15524616330077573,0.555402691997993,0.07832762208201192,0.5610762051734274,0.12366548890010565,0.5617283950617284,0.5618480590616814,"{0: 0.5570302452964992, 1: 0.5570302452964991}","{0: 0.5570302452964992, 1: 0.5570302452964991}",0.5570302452964991,"[[388 258]
 [310 340]]",[1. 0. 1. ... 1. 0. 1.],[1. 1. 1. ... 0. 1. 0.]
776,AdaBoost,"{'algorithm': 'SAMME', 'learning_rate': 1.9775510204081632, 'n_estimators': 41}",0.5356872530361023,0.07894495144609913,0.11108663366551143,0.16821355174173785,0.5559355969688852,0.08382420605880535,0.5471897015535663,0.11972021982727854,0.5594135802469136,0.5599214098594903,"{0: 0.5589985710883543, 1: 0.5589985710883545}","{0: 0.5589985710883543, 1: 0.5589985710883545}",0.5589985710883545,"[[468 178]
 [393 257]]",[1. 1. 0. ... 0. 0. 0.],[1. 1. 1. ... 0. 1. 0.]
129,randomforest,"{'criterion': 'entropy', 'max_features': 'sqrt', 'n_estimators': 563}",0.5468507389445827,0.10917867226664016,0.11081165544127697,0.20787837593821235,0.5557595467595506,0.10183474056239714,0.5567947577206837,0.11405405920407008,0.5570987654320988,0.5570183376994522,"{0: 0.5911300309597524, 1: 0.5911300309597523}","{0: 0.5911300309597524, 1: 0.5911300309597523}",0.5911300309597523,"[[343 303]
 [271 379]]",[1. 1. 0. ... 0. 0. 0.],[1. 1. 1. ... 0. 1. 0.]
3,randomforest,"{'criterion': 'entropy', 'max_features': 'sqrt', 'n_estimators': 429}",0.5484854304309178,0.09641496105985921,0.1105389034733384,0.18733719436636126,0.5549753174185903,0.09315692053096371,0.5531010445713681,0.10638358683173832,0.5532407407407407,0.5531864729697547,"{0: 0.5854274827339843, 1: 0.5854274827339843}","{0: 0.5854274827339843, 1: 0.5854274827339843}",0.5854274827339843,"[[346 300]
 [279 371]]",[1. 1. 0. ... 0. 0. 0.],[1. 1. 1. ... 0. 1. 0.]
992,randomforest,"{'criterion': 'gini', 'max_features': 'log2', 'n_estimators': 579}",0.5482188187090784,0.09803596883457148,0.11044629584630261,0.19038780642000364,0.554790932223746,0.09481154519125654,0.5546447369908107,0.10947034473560102,0.5547839506172839,0.554729697547035,"{0: 0.5888890211955227, 1: 0.5888890211955228}","{0: 0.5888890211955227, 1: 0.5888890211955228}",0.5888890211955228,"[[347 299]
 [278 372]]",[1. 1. 0. ... 0. 0. 0.],[1. 1. 1. ... 0. 1. 0.]
229,randomforest,"{'criterion': 'entropy', 'max_features': 'sqrt', 'n_estimators': 79}",0.5495026689709762,0.09698440996384987,0.11030535993104772,0.19051898758088193,0.5549289183870862,0.09562455394088555,0.553927355987762,0.10794821229529283,0.5540123456790124,0.5539699928554418,"{0: 0.5813967611336033, 1: 0.5813967611336033}","{0: 0.5813967611336033, 1: 0.5813967611336033}",0.5813967611336033,"[[349 297]
 [281 369]]",[1. 1. 0. ... 0. 0. 0.],[1. 1. 1. ... 0. 1. 0.]
352,randomforest,"{'criterion': 'gini', 'max_features': 'log2', 'n_estimators': 167}",0.5458291881826837,0.10099904098057345,0.11016823361760739,0.19342415677034633,0.5551138227133252,0.09663719926416012,0.5539071656746344,0.10793971381209144,0.5540123456790124,0.553965229816623,"{0: 0.5862705406049059, 1: 0.5862705406049059}","{0: 0.5862705406049059, 1: 0.5862705406049059}",0.5862705406049059,"[[348 298]
 [280 370]]",[1. 1. 0. ... 0. 0. 0.],[1. 1. 1. ... 0. 1. 0.]
836,SVC,"{'C': 1000, 'gamma': 0.1, 'kernel': 'rbf'}",0.5519484272826787,0.08033292047487364,0.10941550862452103,0.1567708631298744,0.5546183782725028,0.0790712641705466,0.5604279286503437,0.12210174431063303,0.5609567901234568,0.5610645391759943,"{0: 0.5581614670159561, 1: 0.5581614670159563}","{0: 0.5581614670159561, 1: 0.5581614670159563}",0.5581614670159563,"[[385 261]
 [308 342]]",[1. 0. 1. ... 1. 0. 1.],[1. 1. 1. ... 0. 1. 0.]
959,SVC,"{'C': 1000, 'gamma': 0.1, 'kernel': 'rbf'}",0.5520454702259756,0.0832563779813695,0.10928308666375801,0.16256710656117207,0.5545788535590941,0.08185032286601994,0.560474033209618,0.12209338317578988,0.5609567901234568,0.5610597761371755,"{0: 0.5576994522505359, 1: 0.5576994522505359}","{0: 0.5576994522505359, 1: 0.5576994522505359}",0.5576994522505359,"[[384 262]
 [307 343]]",[1. 0. 1. ... 1. 0. 1.],[1. 1. 1. ... 0. 1. 0.]
475,randomforest,"{'criterion': 'gini', 'max_features': None, 'n_estimators': 131}",0.5472447639832904,0.09317275446074973,0.10904926454326415,0.18419252620872908,0.5550606795631676,0.0932158896873376,0.5469003671281429,0.09402792399262605,0.5470679012345679,0.5470088116218147,"{0: 0.5790795427482734, 1: 0.5790795427482733}","{0: 0.5790795427482734, 1: 0.5790795427482733}",0.5790795427482733,"[[341 305]
 [282 368]]",[1. 1. 0. ... 0. 0. 0.],[1. 1. 1. ... 0. 1. 0.]
782,SVC,"{'C': 1000, 'gamma': 0.1, 'kernel': 'rbf'}",0.5518149177732521,0.07843976987655037,0.1090476615698003,0.15318396753789745,0.5542821733832856,0.0772986292770091,0.5605180334005282,0.1220850218816818,0.5609567901234568,0.5610550130983567,"{0: 0.5573755656108598, 1: 0.5573755656108598}","{0: 0.5573755656108598, 1: 0.5573755656108598}",0.5573755656108598,"[[383 263]
 [306 344]]",[1. 0. 1. ... 1. 0. 1.],[1. 1. 1. ... 0. 1. 0.]
558,SVC,"{'C': 1000, 'gamma': 0.1, 'kernel': 'rbf'}",0.5515630586432322,0.07844588330932575,0.10874564166370904,0.1528042572446986,0.5542669357601407,0.07714832635670248,0.5596315105339473,0.12056305298145709,0.5601851851851852,0.5602953084067634,"{0: 0.5559633246010955, 1: 0.5559633246010955}","{0: 0.5559633246010955, 1: 0.5559633246010955}",0.5559633246010955,"[[385 261]
 [309 341]]",[1. 0. 1. ... 1. 0. 1.],[1. 1. 1. ... 0. 1. 0.]
519,SVC,"{'C': 1000, 'gamma': 0.1, 'kernel': 'rbf'}",0.551513339211454,0.08012428167635036,0.1086222110978089,0.15648215728337964,0.5541752401501465,0.0789485976201539,0.5596315105339473,0.12056305298145709,0.5601851851851852,0.5602953084067634,"{0: 0.5567420814479638, 1: 0.5567420814479638}","{0: 0.5567420814479638, 1: 0.5567420814479638}",0.5567420814479638,"[[385 261]
 [309 341]]",[1. 0. 1. ... 1. 0. 1.],[1. 1. 1. ... 0. 1. 0.]
635,randomforest,"{'criterion': 'gini', 'max_features': 'log2', 'n_estimators': 561}",0.5468289039335468,0.10377167118330174,0.10858187335096606,0.200162745937172,0.5541313307637928,0.09994447256744596,0.5543389381007576,0.1093939812587239,0.5547839506172839,0.5546868301976662,"{0: 0.590537032626816, 1: 0.5905370326268158}","{0: 0.590537032626816, 1: 0.5905370326268158}",0.5905370326268158,"[[338 308]
 [269 381]]",[1. 1. 0. ... 0. 0. 0.],[1. 1. 1. ... 0. 1. 0.]
111,randomforest,"{'criterion': 'entropy', 'max_features': 'log2', 'n_estimators': 257}",0.5454888505301778,0.10043576515683822,0.10816844543808607,0.19307653383770015,0.5541273109825838,0.09614894262600839,0.5515573521519255,0.10329682892787562,0.5516975308641975,0.5516432483924744,"{0: 0.5879423672302928, 1: 0.5879423672302929}","{0: 0.5879423672302928, 1: 0.5879423672302929}",0.5879423672302929,"[[345 301]
 [280 370]]",[1. 1. 0. ... 0. 0. 0.],[1. 1. 1. ... 0. 1. 0.]
212,SVC,"{'C': 1000, 'gamma': 0.1, 'kernel': 'rbf'}",0.5512137394794414,0.07894380350904169,0.10769110596051262,0.15404909497238434,0.5537731085996469,0.07772899817720737,0.5590153256403119,0.11899081389202393,0.5594135802469136,0.5595070254822577,"{0: 0.5581400333412718, 1: 0.5581400333412716}","{0: 0.5581400333412718, 1: 0.5581400333412716}",0.5581400333412716,"[[381 265]
 [306 344]]",[1. 0. 1. ... 1. 0. 1.],[1. 1. 1. ... 0. 1. 0.]
592,SVC,"{'C': 1000, 'gamma': 0.1, 'kernel': 'rbf'}",0.5512350700723588,0.07953195389963166,0.10767549582052834,0.15451706045208533,0.5536296153497392,0.07826752375593449,0.5596315105339473,0.12056305298145709,0.5601851851851852,0.5602953084067634,"{0: 0.5580352464872589, 1: 0.5580352464872589}","{0: 0.5580352464872589, 1: 0.5580352464872589}",0.5580352464872589,"[[385 261]
 [309 341]]",[1. 0. 1. ... 1. 0. 1.],[1. 1. 1. ... 0. 1. 0.]
462,SVC,"{'C': 1000, 'gamma': 0.1, 'kernel': 'rbf'}",0.5510344742881629,0.07846345860214034,0.1076234056432458,0.15265126971535858,0.553733847725041,0.07707687340536716,0.5595306988536155,0.12057980400186663,0.5601851851851852,0.560304834484401,"{0: 0.5576470588235294, 1: 0.5576470588235294}","{0: 0.5576470588235294, 1: 0.5576470588235294}",0.5576470588235294,"[[387 259]
 [311 339]]",[1. 0. 1. ... 1. 0. 1.],[1. 1. 1. ... 0. 1. 0.]
271,SVC,"{'C': 1000, 'gamma': 0.1, 'kernel': 'rbf'}",0.5509039841995588,0.08117716213871642,0.10724536538614443,0.15817507315714963,0.5534801173098753,0.0796698054179188,0.5587839860886991,0.11903276651063566,0.5594135802469136,0.5595308406763515,"{0: 0.5577423195999047, 1: 0.5577423195999047}","{0: 0.5577423195999047, 1: 0.5577423195999047}",0.5577423195999047,"[[386 260]
 [311 339]]",[1. 0. 1. ... 1. 0. 1.],[1. 1. 1. ... 0. 1. 0.]
35,randomforest,"{'criterion': 'gini', 'max_features': None, 'n_estimators': 451}",0.5457783721246797,0.11186618164138962,0.10701497682117694,0.21814311334231556,0.553712393033846,0.10965112642606237,0.5492291947285376,0.09866239853664116,0.5493827160493827,0.5493260300071445,"{0: 0.5881793284115265, 1: 0.5881793284115265}","{0: 0.5881793284115265, 1: 0.5881793284115265}",0.5881793284115265,"[[343 303]
 [281 369]]",[1. 1. 0. ... 0. 0. 0.],[1. 1. 1. ... 0. 1. 0.]
400,SVC,"{'C': 1000, 'gamma': 0.1, 'kernel': 'rbf'}",0.5507389183761051,0.07819221924470846,0.10664570126134405,0.15231101187204363,0.5531820986755985,0.07682861387841416,0.5596315105339473,0.12056305298145709,0.5601851851851852,0.5602953084067634,"{0: 0.5564050964515361, 1: 0.5564050964515361}","{0: 0.5564050964515361, 1: 0.5564050964515361}",0.5564050964515361,"[[385 261]
 [309 341]]",[1. 0. 1. ... 1. 0. 1.],[1. 1. 1. ... 0. 1. 0.]
665,SVC,"{'C': 1000, 'gamma': 0.1, 'kernel': 'rbf'}",0.5505074474257001,0.07807494920236212,0.10643132508826572,0.15198190537556816,0.5531064637046894,0.07663197223674022,0.5580368346488565,0.1174857142857143,0.558641975308642,0.558756846868302,"{0: 0.5570933555608477, 1: 0.5570933555608478}","{0: 0.5570933555608477, 1: 0.5570933555608478}",0.5570933555608478,"[[385 261]
 [311 339]]",[1. 0. 1. ... 1. 0. 1.],[1. 1. 1. ... 0. 1. 0.]
999,SVC,"{'C': 1000, 'gamma': 0.1, 'kernel': 'rbf'}",0.5501541106442811,0.07867739188159491,0.10627632292000827,0.15351670616474558,0.5529987763829202,0.07747870903780872,0.5580368346488565,0.1174857142857143,0.558641975308642,0.558756846868302,"{0: 0.5557180281019289, 1: 0.555718028101929}","{0: 0.5557180281019289, 1: 0.555718028101929}",0.555718028101929,"[[385 261]
 [311 339]]",[1. 0. 1. ... 1. 0. 1.],[1. 1. 1. ... 0. 1. 0.]
364,SVC,"{'C': 1000, 'gamma': 0.1, 'kernel': 'rbf'}",0.5503238029838774,0.08137576273082031,0.10566522633085983,0.159056191794527,0.552769106187234,0.08008454294113568,0.5580863579393295,0.11747730930770772,0.558641975308642,0.5587520838294833,"{0: 0.5571243153131699, 1: 0.5571243153131697}","{0: 0.5571243153131699, 1: 0.5571243153131697}",0.5571243153131697,"[[384 262]
 [310 340]]",[1. 0. 1. ... 1. 0. 1.],[1. 1. 1. ... 0. 1. 0.]
178,randomforest,"{'criterion': 'entropy', 'max_features': 'sqrt', 'n_estimators': 243}",0.546318627631798,0.10179411171354233,0.10534166250532864,0.19695417870849935,0.5533507500515091,0.09816720366949389,0.5511574000014293,0.10320284697508897,0.5516975308641975,0.551590854965468,"{0: 0.5800488211478924, 1: 0.5800488211478925}","{0: 0.5800488211478924, 1: 0.5800488211478925}",0.5800488211478925,"[[334 312]
 [269 381]]",[1. 1. 0. ... 0. 0. 0.],[1. 1. 1. ... 0. 1. 0.]
176,SVC,"{'C': 1000, 'gamma': 0.1, 'kernel': 'rbf'}",0.5499382415284945,0.08096431761588864,0.10488077615099256,0.15728378158890066,0.5522421527171781,0.07949830456775564,0.5587313761573374,0.11904115655490632,0.5594135802469136,0.5595356037151703,"{0: 0.5570766849249822, 1: 0.5570766849249822}","{0: 0.5570766849249822, 1: 0.5570766849249822}",0.5570766849249822,"[[387 259]
 [312 338]]",[1. 0. 1. ... 1. 0. 1.],[1. 1. 1. ... 0. 1. 0.]
227,AdaBoost,"{'algorithm': 'SAMME.R', 'learning_rate': 1.2428571428571429, 'n_estimators': 30}",0.5459883255228108,0.09569210805703465,0.10432026245362808,0.18907648522874512,0.5525912345525485,0.09531051264103224,0.5501460974652174,0.10208279763435324,0.5509259259259259,0.5510550130983567,"{0: 0.589505834722553, 1: 0.5895058347225529}","{0: 0.589505834722553, 1: 0.5895058347225529}",0.5895058347225529,"[[383 263]
 [319 331]]",[1. 1. 1. ... 0. 0. 0.],[1. 1. 1. ... 0. 1. 0.]
209,randomforest,"{'criterion': 'entropy', 'max_features': 'log2', 'n_estimators': 53}",0.5457656494880473,0.09630308474146407,0.10429727146751507,0.18732093977170042,0.5515905660973486,0.09400043446706847,0.5439366777070445,0.08790648712244997,0.5439814814814815,0.5439509407001667,"{0: 0.5769885687068349, 1: 0.576988568706835}","{0: 0.5769885687068349, 1: 0.576988568706835}",0.576988568706835,"[[345 301]
 [290 360]]",[1. 1. 0. ... 0. 0. 0.],[1. 1. 1. ... 0. 1. 0.]
557,AdaBoost,"{'algorithm': 'SAMME.R', 'learning_rate': 1.3244897959183672, 'n_estimators': 41}",0.5460148281958117,0.09604861680999081,0.10388726848528966,0.1879542112672649,0.552549117475683,0.0943850368899413,0.5487648801310003,0.0989714285714286,0.5493827160493827,0.5494974994046202,"{0: 0.5915729935698976, 1: 0.5915729935698976}","{0: 0.5915729935698976, 1: 0.5915729935698976}",0.5915729935698976,"[[379 267]
 [317 333]]",[1. 0. 0. ... 0. 0. 0.],[1. 1. 1. ... 0. 1. 0.]
22,randomforest,"{'criterion': 'gini', 'max_features': 'log2', 'n_estimators': 489}",0.5446461774397636,0.1160629417763347,0.10310372522442886,0.22522112286882295,0.552141860555918,0.11070122544503933,0.5544218019264129,0.109410952052021,0.5547839506172839,0.5546963562753036,"{0: 0.5875291736127648, 1: 0.5875291736127649}","{0: 0.5875291736127648, 1: 0.5875291736127649}",0.5875291736127649,"[[340 306]
 [271 379]]",[1. 1. 0. ... 0. 0. 0.],[1. 1. 1. ... 0. 1. 0.]
856,SVC,"{'C': 1000, 'gamma': 0.1, 'kernel': 'rbf'}",0.5481407877409642,0.07855926019563296,0.101988182330709,0.15352162249801693,0.5511729573234807,0.07711919691200289,0.5596787506354023,0.12055467723194724,0.5601851851851852,0.5602905453679448,"{0: 0.5575291736127649, 1: 0.557529173612765}","{0: 0.5575291736127649, 1: 0.557529173612765}",0.557529173612765,"[[384 262]
 [308 342]]",[1. 0. 1. ... 1. 0. 1.],[1. 1. 1. ... 0. 1. 0.]
306,SVC,"{'C': 1000, 'gamma': 0.1, 'kernel': 'rbf'}",0.54806985669976,0.08129476771017748,0.10184820450478149,0.1589329152154202,0.5507981644726798,0.08010246317715673,0.5565887769556507,0.11438313110725917,0.5570987654320988,0.5572040962133842,"{0: 0.5575208382948321, 1: 0.5575208382948321}","{0: 0.5575208382948321, 1: 0.5575208382948321}",0.5575208382948321,"[[382 264]
 [310 340]]",[1. 0. 1. ... 1. 0. 1.],[1. 1. 1. ... 0. 1. 0.]
523,randomforest,"{'criterion': 'gini', 'max_features': 'sqrt', 'n_estimators': 223}",0.5448430294814954,0.1065443580551617,0.10177849089318954,0.20680018247943285,0.5515902436659313,0.10075273873490175,0.5515317092017906,0.10328828592796546,0.5516975308641975,0.5516384853536557,"{0: 0.585416765896642, 1: 0.585416765896642}","{0: 0.585416765896642, 1: 0.585416765896642}",0.585416765896642,"[[344 302]
 [279 371]]",[1. 1. 0. ... 0. 0. 0.],[1. 1. 1. ... 0. 1. 0.]
250,SVC,"{'C': 1000, 'gamma': 0.1, 'kernel': 'rbf'}",0.5478826803262568,0.08090364037710243,0.10166663834312704,0.1581066138998253,0.5510196502319219,0.07931445516925696,0.5588828598582535,0.11901598594265639,0.5594135802469136,0.5595213145987139,"{0: 0.5561026434865444, 1: 0.5561026434865445}","{0: 0.5561026434865444, 1: 0.5561026434865445}",0.5561026434865445,"[[384 262]
 [309 341]]",[1. 0. 1. ... 1. 0. 1.],[1. 1. 1. ... 0. 1. 0.]
645,AdaBoost,"{'algorithm': 'SAMME', 'learning_rate': 1.6510204081632653, 'n_estimators': 63}",0.5432223611048697,0.08902088301903138,0.10154933285973494,0.16137465610986423,0.5523153179591985,0.07833480600114212,0.5523838593420657,0.10501500214316328,0.5524691358024691,0.5525125029768992,"{0: 0.5816884972612527, 1: 0.5816884972612527}","{0: 0.5816884972612527, 1: 0.5816884972612527}",0.5816884972612527,"[[366 280]
 [300 350]]",[1. 0. 1. ... 0. 0. 0.],[1. 1. 1. ... 0. 1. 0.]
21,randomforest,"{'criterion': 'gini', 'max_features': 'log2', 'n_estimators': 35}",0.5446591068454187,0.09681954529568781,0.10126752258670799,0.18913876438794947,0.5500134684946029,0.09541409688665735,0.5491733408593675,0.09864522398582354,0.5493827160493827,0.549316503929507,"{0: 0.5789819004524888, 1: 0.5789819004524887}","{0: 0.5789819004524888, 1: 0.5789819004524887}",0.5789819004524887,"[[341 305]
 [279 371]]",[1. 1. 1. ... 0. 0. 0.],[1. 1. 1. ... 0. 1. 0.]
291,SVC,"{'C': 1000, 'gamma': 0.1, 'kernel': 'rbf'}",0.5472988596313534,0.07795446474893718,0.10027489034674984,0.1521633437635098,0.5503106859648105,0.07637578820043057,0.5580368346488565,0.1174857142857143,0.558641975308642,0.558756846868302,"{0: 0.5569183138842582, 1: 0.5569183138842582}","{0: 0.5569183138842582, 1: 0.5569183138842582}",0.5569183138842582,"[[385 261]
 [311 339]]",[1. 0. 1. ... 1. 0. 1.],[1. 1. 1. ... 0. 1. 0.]
381,SVC,"{'C': 1000, 'gamma': 0.1, 'kernel': 'rbf'}",0.5477035555761494,0.07980127353721363,0.10000803235872407,0.15557555967152709,0.5499603987161267,0.07859391644534737,0.5567187557928298,0.11435782656316973,0.5570987654320988,0.5571898070969279,"{0: 0.5568897356513456, 1: 0.5568897356513456}","{0: 0.5568897356513456, 1: 0.5568897356513456}",0.5568897356513456,"[[379 267]
 [307 343]]",[1. 0. 1. ... 1. 0. 1.],[1. 1. 1. ... 0. 1. 0.]
344,SVC,"{'C': 1000, 'gamma': 0.1, 'kernel': 'rbf'}",0.5463550257068088,0.07891141947832116,0.09926870492099325,0.15376976693680797,0.5496857001407034,0.07737571645345406,0.5578755459623786,0.11751092825919252,0.558641975308642,0.5587711359847582,"{0: 0.5545737080257204, 1: 0.5545737080257205}","{0: 0.5545737080257204, 1: 0.5545737080257205}",0.5545737080257205,"[[388 258]
 [314 336]]",[1. 0. 1. ... 1. 0. 1.],[1. 1. 1. ... 0. 1. 0.]
539,SVC,"{'C': 1000, 'gamma': 0.1, 'kernel': 'rbf'}",0.5472546804924885,0.08134597396219921,0.0990057882930046,0.15893352258919424,0.5494957803827957,0.0801343255412918,0.5559261160125732,0.11281912081946366,0.5563271604938271,0.556420576327697,"{0: 0.556606334841629, 1: 0.556606334841629}","{0: 0.556606334841629, 1: 0.556606334841629}",0.556606334841629,"[[379 267]
 [308 342]]",[1. 0. 1. ... 1. 0. 1.],[1. 1. 1. ... 0. 1. 0.]
648,randomforest,"{'criterion': 'entropy', 'max_features': 'sqrt', 'n_estimators': 303}",0.5400088026184937,0.1005588084848715,0.09826599608362989,0.19275769976492935,0.5486680235974134,0.09620404585015441,0.5476854590940462,0.09557562592889002,0.5478395061728395,0.5477828054298642,"{0: 0.5884008097165991, 1: 0.5884008097165991}","{0: 0.5884008097165991, 1: 0.5884008097165991}",0.5884008097165991,"[[342 304]
 [282 368]]",[1. 1. 0. ... 0. 0. 0.],[1. 1. 1. ... 0. 1. 0.]
195,SVC,"{'C': 1000, 'gamma': 0.1, 'kernel': 'rbf'}",0.5455922618129757,0.07629648714813048,0.09696886347963585,0.14881925567396068,0.5486363114369529,0.07479761725982534,0.5556401773913641,0.11286981614548364,0.5563271604938271,0.5564491545606096,"{0: 0.5555025005953799, 1: 0.5555025005953798}","{0: 0.5555025005953799, 1: 0.5555025005953798}",0.5555025005953798,"[[385 261]
 [314 336]]",[1. 0. 1. ... 1. 0. 1.],[1. 1. 1. ... 0. 1. 0.]
634,SVC,"{'C': 0.1, 'gamma': 0.01, 'kernel': 'rbf'}",0.5215735577831861,0.10573307173354496,0.09586475699251523,0.17316539104035653,0.548149668162244,0.08846380279286628,0.5417576901542818,0.10892445899392844,0.5540123456790124,0.5545177423195999,"{0: 0.57528935460824, 1: 0.57528935460824}","{0: 0.57528935460824, 1: 0.57528935460824}",0.57528935460824,"[[464 182]
 [396 254]]",[0. 0. 1. ... 0. 0. 0.],[1. 1. 1. ... 0. 1. 0.]
950,randomforest,"{'criterion': 'entropy', 'max_features': 'log2', 'n_estimators': 107}",0.5376892754257981,0.10753215136385169,0.09425224686533902,0.2032616001707724,0.5474351406999918,0.09978378675711584,0.5506176811732367,0.10170638058670523,0.5509259259259259,0.550845439390331,"{0: 0.5823565134555847, 1: 0.5823565134555848}","{0: 0.5823565134555847, 1: 0.5823565134555848}",0.5823565134555848,"[[339 307]
 [275 375]]",[1. 1. 0. ... 0. 0. 0.],[1. 1. 1. ... 0. 1. 0.]
712,SVC,"{'C': 0.1, 'gamma': 1, 'kernel': 'rbf'}",0.49325507722010464,0.09794056895740455,0.0935852495226974,0.12277390016062767,0.5428275880798281,0.06373410890837762,0.5332421639861464,0.06912077911558567,0.5347222222222222,0.534548702071922,"{0: 0.5584353417480352, 1: 0.5584353417480352}","{0: 0.5584353417480352, 1: 0.5584353417480352}",0.5584353417480352,"[[309 337]
 [266 384]]",[1. 1. 1. ... 0. 0. 1.],[1. 1. 1. ... 0. 1. 0.]
619,AdaBoost,"{'algorithm': 'SAMME', 'learning_rate': 0.1, 'n_estimators': 30}",0.45345637783308845,0.0945522620249368,0.0923234240122828,0.11999412496849267,0.5468323558598222,0.0633673818815591,0.47775354425764094,0.11477513007531315,0.5563271604938271,0.5575256013336509,"{0: 0.5181245534651108, 1: 0.5181185996665872}","{0: 0.5181245534651108, 1: 0.5181185996665872}",0.5181185996665872,"[[611  35]
 [540 110]]",[0. 0. 0. ... 0. 0. 0.],[1. 1. 1. ... 0. 1. 0.]
711,AdaBoost,"{'algorithm': 'SAMME.R', 'learning_rate': 3.8551020408163263, 'n_estimators': 52}",0.4527291424004186,0.09373291820204634,0.09138747587583092,0.1188200230901102,0.5463385286993282,0.06286251689908112,0.47647649049990864,0.1132398221005817,0.5555555555555556,0.5567563705644201,"{0: 0.5372350559657062, 1: 0.5372350559657062}","{0: 0.5372350559657062, 1: 0.5372350559657062}",0.5372350559657062,"[[611  35]
 [541 109]]",[0. 0. 0. ... 0. 0. 0.],[1. 1. 1. ... 0. 1. 0.]
51,AdaBoost,"{'algorithm': 'SAMME.R', 'learning_rate': 3.8551020408163263, 'n_estimators': 85}",0.4527291424004186,0.09373291820204634,0.09138747587583092,0.1188200230901102,0.5463385286993282,0.06286251689908112,0.47647649049990864,0.1132398221005817,0.5555555555555556,0.5567563705644201,"{0: 0.5368587758990235, 1: 0.5368587758990235}","{0: 0.5368587758990235, 1: 0.5368587758990235}",0.5368587758990235,"[[611  35]
 [541 109]]",[0. 0. 0. ... 0. 0. 0.],[1. 1. 1. ... 0. 1. 0.]
763,AdaBoost,"{'algorithm': 'SAMME.R', 'learning_rate': 3.936734693877551, 'n_estimators': 85}",0.4527291424004186,0.09373291820204634,0.09138747587583092,0.1188200230901102,0.5463385286993282,0.06286251689908112,0.47647649049990864,0.1132398221005817,0.5555555555555556,0.5567563705644201,"{0: 0.5162467254108121, 1: 0.5162467254108122}","{0: 0.5162467254108121, 1: 0.5162467254108122}",0.5162467254108122,"[[611  35]
 [541 109]]",[0. 0. 0. ... 0. 0. 0.],[1. 1. 1. ... 0. 1. 0.]
866,SVC,"{'C': 0.1, 'gamma': 0.01, 'kernel': 'rbf'}",0.517642826909361,0.10258535064710686,0.09086473191625273,0.16783172574999522,0.5449502747804346,0.086055332834852,0.5333912182993169,0.09979447362411509,0.5493827160493827,0.5499547511312217,"{0: 0.5700702548225768, 1: 0.5700702548225768}","{0: 0.5700702548225768, 1: 0.5700702548225768}",0.5700702548225768,"[[475 171]
 [413 237]]",[0. 0. 1. ... 0. 0. 0.],[1. 1. 1. ... 0. 1. 0.]
238,SVC,"{'C': 0.1, 'gamma': 0.01, 'kernel': 'rbf'}",0.5092686527322502,0.1087597602350748,0.09027581410097053,0.17568612782089466,0.5450818132711923,0.09111884723920266,0.5247413199592813,0.09534659163880077,0.5470679012345679,0.5477375565610859,"{0: 0.5684162895927602, 1: 0.5684162895927602}","{0: 0.5684162895927602, 1: 0.5684162895927602}",0.5684162895927602,"[[494 152]
 [435 215]]",[0. 0. 1. ... 0. 0. 0.],[1. 1. 1. ... 0. 1. 0.]
395,AdaBoost,"{'algorithm': 'SAMME.R', 'learning_rate': 4.1, 'n_estimators': 96}",0.4522256104798535,0.09337834858310572,0.09009418833136662,0.11867887833584748,0.5456827909944102,0.06265811593350479,0.47593703484636307,0.11169608704948808,0.5547839506172839,0.5559823767563705,"{0: 0.515972850678733, 1: 0.515972850678733}","{0: 0.515972850678733, 1: 0.515972850678733}",0.515972850678733,"[[610  36]
 [541 109]]",[0. 0. 0. ... 0. 0. 0.],[1. 1. 1. ... 0. 1. 0.]
338,AdaBoost,"{'algorithm': 'SAMME.R', 'learning_rate': 3.446938775510204, 'n_estimators': 52}",0.4522256104798535,0.09337834858310572,0.09009418833136662,0.11867887833584748,0.5456827909944102,0.06265811593350479,0.47593703484636307,0.11169608704948808,0.5547839506172839,0.5559823767563705,"{0: 0.5154084305787093, 1: 0.5154084305787093}","{0: 0.5154084305787093, 1: 0.5154084305787093}",0.5154084305787093,"[[610  36]
 [541 109]]",[0. 0. 0. ... 0. 0. 0.],[1. 1. 1. ... 0. 1. 0.]
659,AdaBoost,"{'algorithm': 'SAMME.R', 'learning_rate': 3.2836734693877547, 'n_estimators': 85}",0.4522256104798535,0.09337834858310572,0.09009418833136662,0.11867887833584748,0.5456827909944102,0.06265811593350479,0.47593703484636307,0.11169608704948808,0.5547839506172839,0.5559823767563705,"{0: 0.5169778518694927, 1: 0.5169778518694927}","{0: 0.5169778518694927, 1: 0.5169778518694927}",0.5169778518694927,"[[610  36]
 [541 109]]",[0. 0. 0. ... 0. 0. 0.],[1. 1. 1. ... 0. 1. 0.]
349,AdaBoost,"{'algorithm': 'SAMME.R', 'learning_rate': 3.610204081632653, 'n_estimators': 85}",0.4522256104798535,0.09337834858310572,0.09009418833136662,0.11867887833584748,0.5456827909944102,0.06265811593350479,0.47593703484636307,0.11169608704948808,0.5547839506172839,0.5559823767563705,"{0: 0.5180733507978089, 1: 0.518073350797809}","{0: 0.5180733507978089, 1: 0.518073350797809}",0.518073350797809,"[[610  36]
 [541 109]]",[0. 0. 0. ... 0. 0. 0.],[1. 1. 1. ... 0. 1. 0.]
283,AdaBoost,"{'algorithm': 'SAMME.R', 'learning_rate': 4.018367346938775, 'n_estimators': 63}",0.4522256104798535,0.09337834858310572,0.09009418833136662,0.11867887833584748,0.5456827909944102,0.06265811593350479,0.47593703484636307,0.11169608704948808,0.5547839506172839,0.5559823767563705,"{0: 0.5159537985234579, 1: 0.515953798523458}","{0: 0.5159537985234579, 1: 0.515953798523458}",0.515953798523458,"[[610  36]
 [541 109]]",[0. 0. 0. ... 0. 0. 0.],[1. 1. 1. ... 0. 1. 0.]
822,AdaBoost,"{'algorithm': 'SAMME.R', 'learning_rate': 3.120408163265306, 'n_estimators': 96}",0.4522256104798535,0.09337834858310572,0.09009418833136662,0.11867887833584748,0.5456827909944102,0.06265811593350479,0.47593703484636307,0.11169608704948808,0.5547839506172839,0.5559823767563705,"{0: 0.517135032150512, 1: 0.517135032150512}","{0: 0.517135032150512, 1: 0.517135032150512}",0.517135032150512,"[[610  36]
 [541 109]]",[0. 0. 0. ... 0. 0. 0.],[1. 1. 1. ... 0. 1. 0.]
436,AdaBoost,"{'algorithm': 'SAMME.R', 'learning_rate': 3.3653061224489793, 'n_estimators': 52}",0.4522256104798535,0.09337834858310572,0.09009418833136662,0.11867887833584748,0.5456827909944102,0.06265811593350479,0.47593703484636307,0.11169608704948808,0.5547839506172839,0.5559823767563705,"{0: 0.5153869969040249, 1: 0.5153869969040248}","{0: 0.5153869969040249, 1: 0.5153869969040248}",0.5153869969040248,"[[610  36]
 [541 109]]",[0. 0. 0. ... 0. 0. 0.],[1. 1. 1. ... 0. 1. 0.]
989,AdaBoost,"{'algorithm': 'SAMME.R', 'learning_rate': 3.0387755102040814, 'n_estimators': 85}",0.4522256104798535,0.09337834858310572,0.09009418833136662,0.11867887833584748,0.5456827909944102,0.06265811593350479,0.47593703484636307,0.11169608704948808,0.5547839506172839,0.5559823767563705,"{0: 0.5364086687306501, 1: 0.5364086687306502}","{0: 0.5364086687306501, 1: 0.5364086687306502}",0.5364086687306502,"[[610  36]
 [541 109]]",[0. 0. 0. ... 0. 0. 0.],[1. 1. 1. ... 0. 1. 0.]
30,AdaBoost,"{'algorithm': 'SAMME.R', 'learning_rate': 3.2836734693877547, 'n_estimators': 52}",0.4522256104798535,0.09337834858310572,0.09009418833136662,0.11867887833584748,0.5456827909944102,0.06265811593350479,0.47593703484636307,0.11169608704948808,0.5547839506172839,0.5559823767563705,"{0: 0.516811145510836, 1: 0.516811145510836}","{0: 0.516811145510836, 1: 0.516811145510836}",0.516811145510836,"[[610  36]
 [541 109]]",[0. 0. 0. ... 0. 0. 0.],[1. 1. 1. ... 0. 1. 0.]
127,AdaBoost,"{'algorithm': 'SAMME.R', 'learning_rate': 3.120408163265306, 'n_estimators': 96}",0.4522256104798535,0.09337834858310572,0.09009418833136662,0.11867887833584748,0.5456827909944102,0.06265811593350479,0.47593703484636307,0.11169608704948808,0.5547839506172839,0.5559823767563705,"{0: 0.517135032150512, 1: 0.517135032150512}","{0: 0.517135032150512, 1: 0.517135032150512}",0.517135032150512,"[[610  36]
 [541 109]]",[0. 0. 0. ... 0. 0. 0.],[1. 1. 1. ... 0. 1. 0.]
607,AdaBoost,"{'algorithm': 'SAMME.R', 'learning_rate': 3.5285714285714285, 'n_estimators': 52}",0.4522256104798535,0.09337834858310572,0.09009418833136662,0.11867887833584748,0.5456827909944102,0.06265811593350479,0.47593703484636307,0.11169608704948808,0.5547839506172839,0.5559823767563705,"{0: 0.5153226958799715, 1: 0.5153226958799714}","{0: 0.5153226958799715, 1: 0.5153226958799714}",0.5153226958799714,"[[610  36]
 [541 109]]",[0. 0. 0. ... 0. 0. 0.],[1. 1. 1. ... 0. 1. 0.]
175,AdaBoost,"{'algorithm': 'SAMME.R', 'learning_rate': 2.793877551020408, 'n_estimators': 63}",0.4519253724831212,0.09276900517107149,0.08939794153991241,0.11709444479314064,0.5453349649074537,0.06194122097156263,0.4753976065540384,0.11015233732787222,0.5540123456790124,0.555208382948321,"{0: 0.5178387711359846, 1: 0.5178387711359848}","{0: 0.5178387711359846, 1: 0.5178387711359848}",0.5178387711359848,"[[609  37]
 [541 109]]",[0. 0. 0. ... 0. 0. 0.],[1. 1. 1. ... 0. 1. 0.]
938,naive_bayes,{},0.4941369863760896,0.11557998835962421,0.0886562875770334,0.1740820943743237,0.5440939548925755,0.08886566548865972,0.5115825386332553,0.0987546895282655,0.5486111111111112,0.5494617766134794,"{0: 0.5706572993569898, 1: 0.5706572993569897}","{0: 0.5706572993569898, 1: 0.5706572993569897}",0.5706572993569897,"[[533 113]
 [472 178]]",[0. 0. 0. ... 0. 0. 0.],[1. 1. 1. ... 0. 1. 0.]
839,naive_bayes,{},0.4941369863760896,0.11557998835962421,0.0886562875770334,0.1740820943743237,0.5440939548925755,0.08886566548865972,0.5115825386332553,0.0987546895282655,0.5486111111111112,0.5494617766134794,"{0: 0.5706572993569898, 1: 0.5706572993569897}","{0: 0.5706572993569898, 1: 0.5706572993569897}",0.5706572993569897,"[[533 113]
 [472 178]]",[0. 0. 0. ... 0. 0. 0.],[1. 1. 1. ... 0. 1. 0.]
855,naive_bayes,{},0.4941369863760896,0.11557998835962421,0.0886562875770334,0.1740820943743237,0.5440939548925755,0.08886566548865972,0.5115825386332553,0.0987546895282655,0.5486111111111112,0.5494617766134794,"{0: 0.5706572993569898, 1: 0.5706572993569897}","{0: 0.5706572993569898, 1: 0.5706572993569897}",0.5706572993569897,"[[533 113]
 [472 178]]",[0. 0. 0. ... 0. 0. 0.],[1. 1. 1. ... 0. 1. 0.]
953,naive_bayes,{},0.4941369863760896,0.11557998835962421,0.0886562875770334,0.1740820943743237,0.5440939548925755,0.08886566548865972,0.5115825386332553,0.0987546895282655,0.5486111111111112,0.5494617766134794,"{0: 0.5706572993569898, 1: 0.5706572993569897}","{0: 0.5706572993569898, 1: 0.5706572993569897}",0.5706572993569897,"[[533 113]
 [472 178]]",[0. 0. 0. ... 0. 0. 0.],[1. 1. 1. ... 0. 1. 0.]
966,naive_bayes,{},0.4941369863760896,0.11557998835962421,0.0886562875770334,0.1740820943743237,0.5440939548925755,0.08886566548865972,0.5115825386332553,0.0987546895282655,0.5486111111111112,0.5494617766134794,"{0: 0.5706572993569898, 1: 0.5706572993569897}","{0: 0.5706572993569898, 1: 0.5706572993569897}",0.5706572993569897,"[[533 113]
 [472 178]]",[0. 0. 0. ... 0. 0. 0.],[1. 1. 1. ... 0. 1. 0.]
980,naive_bayes,{},0.4941369863760896,0.11557998835962421,0.0886562875770334,0.1740820943743237,0.5440939548925755,0.08886566548865972,0.5115825386332553,0.0987546895282655,0.5486111111111112,0.5494617766134794,"{0: 0.5706572993569898, 1: 0.5706572993569897}","{0: 0.5706572993569898, 1: 0.5706572993569897}",0.5706572993569897,"[[533 113]
 [472 178]]",[0. 0. 0. ... 0. 0. 0.],[1. 1. 1. ... 0. 1. 0.]
826,naive_bayes,{},0.4941369863760896,0.11557998835962421,0.0886562875770334,0.1740820943743237,0.5440939548925755,0.08886566548865972,0.5115825386332553,0.0987546895282655,0.5486111111111112,0.5494617766134794,"{0: 0.5706572993569898, 1: 0.5706572993569897}","{0: 0.5706572993569898, 1: 0.5706572993569897}",0.5706572993569897,"[[533 113]
 [472 178]]",[0. 0. 0. ... 0. 0. 0.],[1. 1. 1. ... 0. 1. 0.]
868,naive_bayes,{},0.4941369863760896,0.11557998835962421,0.0886562875770334,0.1740820943743237,0.5440939548925755,0.08886566548865972,0.5115825386332553,0.0987546895282655,0.5486111111111112,0.5494617766134794,"{0: 0.5706572993569898, 1: 0.5706572993569897}","{0: 0.5706572993569898, 1: 0.5706572993569897}",0.5706572993569897,"[[533 113]
 [472 178]]",[0. 0. 0. ... 0. 0. 0.],[1. 1. 1. ... 0. 1. 0.]
924,naive_bayes,{},0.4941369863760896,0.11557998835962421,0.0886562875770334,0.1740820943743237,0.5440939548925755,0.08886566548865972,0.5115825386332553,0.0987546895282655,0.5486111111111112,0.5494617766134794,"{0: 0.5706572993569898, 1: 0.5706572993569897}","{0: 0.5706572993569898, 1: 0.5706572993569897}",0.5706572993569897,"[[533 113]
 [472 178]]",[0. 0. 0. ... 0. 0. 0.],[1. 1. 1. ... 0. 1. 0.]
882,naive_bayes,{},0.4941369863760896,0.11557998835962421,0.0886562875770334,0.1740820943743237,0.5440939548925755,0.08886566548865972,0.5115825386332553,0.0987546895282655,0.5486111111111112,0.5494617766134794,"{0: 0.5706572993569898, 1: 0.5706572993569897}","{0: 0.5706572993569898, 1: 0.5706572993569897}",0.5706572993569897,"[[533 113]
 [472 178]]",[0. 0. 0. ... 0. 0. 0.],[1. 1. 1. ... 0. 1. 0.]
910,naive_bayes,{},0.4941369863760896,0.11557998835962421,0.0886562875770334,0.1740820943743237,0.5440939548925755,0.08886566548865972,0.5115825386332553,0.0987546895282655,0.5486111111111112,0.5494617766134794,"{0: 0.5706572993569898, 1: 0.5706572993569897}","{0: 0.5706572993569898, 1: 0.5706572993569897}",0.5706572993569897,"[[533 113]
 [472 178]]",[0. 0. 0. ... 0. 0. 0.],[1. 1. 1. ... 0. 1. 0.]
994,naive_bayes,{},0.4941369863760896,0.11557998835962421,0.0886562875770334,0.1740820943743237,0.5440939548925755,0.08886566548865972,0.5115825386332553,0.0987546895282655,0.5486111111111112,0.5494617766134794,"{0: 0.5706572993569898, 1: 0.5706572993569897}","{0: 0.5706572993569898, 1: 0.5706572993569897}",0.5706572993569897,"[[533 113]
 [472 178]]",[0. 0. 0. ... 0. 0. 0.],[1. 1. 1. ... 0. 1. 0.]
896,naive_bayes,{},0.4941369863760896,0.11557998835962421,0.0886562875770334,0.1740820943743237,0.5440939548925755,0.08886566548865972,0.5115825386332553,0.0987546895282655,0.5486111111111112,0.5494617766134794,"{0: 0.5706572993569898, 1: 0.5706572993569897}","{0: 0.5706572993569898, 1: 0.5706572993569897}",0.5706572993569897,"[[533 113]
 [472 178]]",[0. 0. 0. ... 0. 0. 0.],[1. 1. 1. ... 0. 1. 0.]
0,naive_bayes,{},0.4941369863760896,0.11557998835962421,0.0886562875770334,0.1740820943743237,0.5440939548925755,0.08886566548865972,0.5115825386332553,0.0987546895282655,0.5486111111111112,0.5494617766134794,"{0: 0.5706572993569898, 1: 0.5706572993569897}","{0: 0.5706572993569898, 1: 0.5706572993569897}",0.5706572993569897,"[[533 113]
 [472 178]]",[0. 0. 0. ... 0. 0. 0.],[1. 1. 1. ... 0. 1. 0.]
781,naive_bayes,{},0.4941369863760896,0.11557998835962421,0.0886562875770334,0.1740820943743237,0.5440939548925755,0.08886566548865972,0.5115825386332553,0.0987546895282655,0.5486111111111112,0.5494617766134794,"{0: 0.5706572993569898, 1: 0.5706572993569897}","{0: 0.5706572993569898, 1: 0.5706572993569897}",0.5706572993569897,"[[533 113]
 [472 178]]",[0. 0. 0. ... 0. 0. 0.],[1. 1. 1. ... 0. 1. 0.]
549,naive_bayes,{},0.4941369863760896,0.11557998835962421,0.0886562875770334,0.1740820943743237,0.5440939548925755,0.08886566548865972,0.5115825386332553,0.0987546895282655,0.5486111111111112,0.5494617766134794,"{0: 0.5706572993569898, 1: 0.5706572993569897}","{0: 0.5706572993569898, 1: 0.5706572993569897}",0.5706572993569897,"[[533 113]
 [472 178]]",[0. 0. 0. ... 0. 0. 0.],[1. 1. 1. ... 0. 1. 0.]
251,naive_bayes,{},0.4941369863760896,0.11557998835962421,0.0886562875770334,0.1740820943743237,0.5440939548925755,0.08886566548865972,0.5115825386332553,0.0987546895282655,0.5486111111111112,0.5494617766134794,"{0: 0.5706572993569898, 1: 0.5706572993569897}","{0: 0.5706572993569898, 1: 0.5706572993569897}",0.5706572993569897,"[[533 113]
 [472 178]]",[0. 0. 0. ... 0. 0. 0.],[1. 1. 1. ... 0. 1. 0.]
276,naive_bayes,{},0.4941369863760896,0.11557998835962421,0.0886562875770334,0.1740820943743237,0.5440939548925755,0.08886566548865972,0.5115825386332553,0.0987546895282655,0.5486111111111112,0.5494617766134794,"{0: 0.5706572993569898, 1: 0.5706572993569897}","{0: 0.5706572993569898, 1: 0.5706572993569897}",0.5706572993569897,"[[533 113]
 [472 178]]",[0. 0. 0. ... 0. 0. 0.],[1. 1. 1. ... 0. 1. 0.]
287,naive_bayes,{},0.4941369863760896,0.11557998835962421,0.0886562875770334,0.1740820943743237,0.5440939548925755,0.08886566548865972,0.5115825386332553,0.0987546895282655,0.5486111111111112,0.5494617766134794,"{0: 0.5706572993569898, 1: 0.5706572993569897}","{0: 0.5706572993569898, 1: 0.5706572993569897}",0.5706572993569897,"[[533 113]
 [472 178]]",[0. 0. 0. ... 0. 0. 0.],[1. 1. 1. ... 0. 1. 0.]
299,naive_bayes,{},0.4941369863760896,0.11557998835962421,0.0886562875770334,0.1740820943743237,0.5440939548925755,0.08886566548865972,0.5115825386332553,0.0987546895282655,0.5486111111111112,0.5494617766134794,"{0: 0.5706572993569898, 1: 0.5706572993569897}","{0: 0.5706572993569898, 1: 0.5706572993569897}",0.5706572993569897,"[[533 113]
 [472 178]]",[0. 0. 0. ... 0. 0. 0.],[1. 1. 1. ... 0. 1. 0.]
309,naive_bayes,{},0.4941369863760896,0.11557998835962421,0.0886562875770334,0.1740820943743237,0.5440939548925755,0.08886566548865972,0.5115825386332553,0.0987546895282655,0.5486111111111112,0.5494617766134794,"{0: 0.5706572993569898, 1: 0.5706572993569897}","{0: 0.5706572993569898, 1: 0.5706572993569897}",0.5706572993569897,"[[533 113]
 [472 178]]",[0. 0. 0. ... 0. 0. 0.],[1. 1. 1. ... 0. 1. 0.]
321,naive_bayes,{},0.4941369863760896,0.11557998835962421,0.0886562875770334,0.1740820943743237,0.5440939548925755,0.08886566548865972,0.5115825386332553,0.0987546895282655,0.5486111111111112,0.5494617766134794,"{0: 0.5706572993569898, 1: 0.5706572993569897}","{0: 0.5706572993569898, 1: 0.5706572993569897}",0.5706572993569897,"[[533 113]
 [472 178]]",[0. 0. 0. ... 0. 0. 0.],[1. 1. 1. ... 0. 1. 0.]
331,naive_bayes,{},0.4941369863760896,0.11557998835962421,0.0886562875770334,0.1740820943743237,0.5440939548925755,0.08886566548865972,0.5115825386332553,0.0987546895282655,0.5486111111111112,0.5494617766134794,"{0: 0.5706572993569898, 1: 0.5706572993569897}","{0: 0.5706572993569898, 1: 0.5706572993569897}",0.5706572993569897,"[[533 113]
 [472 178]]",[0. 0. 0. ... 0. 0. 0.],[1. 1. 1. ... 0. 1. 0.]
354,naive_bayes,{},0.4941369863760896,0.11557998835962421,0.0886562875770334,0.1740820943743237,0.5440939548925755,0.08886566548865972,0.5115825386332553,0.0987546895282655,0.5486111111111112,0.5494617766134794,"{0: 0.5706572993569898, 1: 0.5706572993569897}","{0: 0.5706572993569898, 1: 0.5706572993569897}",0.5706572993569897,"[[533 113]
 [472 178]]",[0. 0. 0. ... 0. 0. 0.],[1. 1. 1. ... 0. 1. 0.]
365,naive_bayes,{},0.4941369863760896,0.11557998835962421,0.0886562875770334,0.1740820943743237,0.5440939548925755,0.08886566548865972,0.5115825386332553,0.0987546895282655,0.5486111111111112,0.5494617766134794,"{0: 0.5706572993569898, 1: 0.5706572993569897}","{0: 0.5706572993569898, 1: 0.5706572993569897}",0.5706572993569897,"[[533 113]
 [472 178]]",[0. 0. 0. ... 0. 0. 0.],[1. 1. 1. ... 0. 1. 0.]
375,naive_bayes,{},0.4941369863760896,0.11557998835962421,0.0886562875770334,0.1740820943743237,0.5440939548925755,0.08886566548865972,0.5115825386332553,0.0987546895282655,0.5486111111111112,0.5494617766134794,"{0: 0.5706572993569898, 1: 0.5706572993569897}","{0: 0.5706572993569898, 1: 0.5706572993569897}",0.5706572993569897,"[[533 113]
 [472 178]]",[0. 0. 0. ... 0. 0. 0.],[1. 1. 1. ... 0. 1. 0.]
389,naive_bayes,{},0.4941369863760896,0.11557998835962421,0.0886562875770334,0.1740820943743237,0.5440939548925755,0.08886566548865972,0.5115825386332553,0.0987546895282655,0.5486111111111112,0.5494617766134794,"{0: 0.5706572993569898, 1: 0.5706572993569897}","{0: 0.5706572993569898, 1: 0.5706572993569897}",0.5706572993569897,"[[533 113]
 [472 178]]",[0. 0. 0. ... 0. 0. 0.],[1. 1. 1. ... 0. 1. 0.]
399,naive_bayes,{},0.4941369863760896,0.11557998835962421,0.0886562875770334,0.1740820943743237,0.5440939548925755,0.08886566548865972,0.5115825386332553,0.0987546895282655,0.5486111111111112,0.5494617766134794,"{0: 0.5706572993569898, 1: 0.5706572993569897}","{0: 0.5706572993569898, 1: 0.5706572993569897}",0.5706572993569897,"[[533 113]
 [472 178]]",[0. 0. 0. ... 0. 0. 0.],[1. 1. 1. ... 0. 1. 0.]
429,naive_bayes,{},0.4941369863760896,0.11557998835962421,0.0886562875770334,0.1740820943743237,0.5440939548925755,0.08886566548865972,0.5115825386332553,0.0987546895282655,0.5486111111111112,0.5494617766134794,"{0: 0.5706572993569898, 1: 0.5706572993569897}","{0: 0.5706572993569898, 1: 0.5706572993569897}",0.5706572993569897,"[[533 113]
 [472 178]]",[0. 0. 0. ... 0. 0. 0.],[1. 1. 1. ... 0. 1. 0.]
441,naive_bayes,{},0.4941369863760896,0.11557998835962421,0.0886562875770334,0.1740820943743237,0.5440939548925755,0.08886566548865972,0.5115825386332553,0.0987546895282655,0.5486111111111112,0.5494617766134794,"{0: 0.5706572993569898, 1: 0.5706572993569897}","{0: 0.5706572993569898, 1: 0.5706572993569897}",0.5706572993569897,"[[533 113]
 [472 178]]",[0. 0. 0. ... 0. 0. 0.],[1. 1. 1. ... 0. 1. 0.]
453,naive_bayes,{},0.4941369863760896,0.11557998835962421,0.0886562875770334,0.1740820943743237,0.5440939548925755,0.08886566548865972,0.5115825386332553,0.0987546895282655,0.5486111111111112,0.5494617766134794,"{0: 0.5706572993569898, 1: 0.5706572993569897}","{0: 0.5706572993569898, 1: 0.5706572993569897}",0.5706572993569897,"[[533 113]
 [472 178]]",[0. 0. 0. ... 0. 0. 0.],[1. 1. 1. ... 0. 1. 0.]
465,naive_bayes,{},0.4941369863760896,0.11557998835962421,0.0886562875770334,0.1740820943743237,0.5440939548925755,0.08886566548865972,0.5115825386332553,0.0987546895282655,0.5486111111111112,0.5494617766134794,"{0: 0.5706572993569898, 1: 0.5706572993569897}","{0: 0.5706572993569898, 1: 0.5706572993569897}",0.5706572993569897,"[[533 113]
 [472 178]]",[0. 0. 0. ... 0. 0. 0.],[1. 1. 1. ... 0. 1. 0.]
477,naive_bayes,{},0.4941369863760896,0.11557998835962421,0.0886562875770334,0.1740820943743237,0.5440939548925755,0.08886566548865972,0.5115825386332553,0.0987546895282655,0.5486111111111112,0.5494617766134794,"{0: 0.5706572993569898, 1: 0.5706572993569897}","{0: 0.5706572993569898, 1: 0.5706572993569897}",0.5706572993569897,"[[533 113]
 [472 178]]",[0. 0. 0. ... 0. 0. 0.],[1. 1. 1. ... 0. 1. 0.]
489,naive_bayes,{},0.4941369863760896,0.11557998835962421,0.0886562875770334,0.1740820943743237,0.5440939548925755,0.08886566548865972,0.5115825386332553,0.0987546895282655,0.5486111111111112,0.5494617766134794,"{0: 0.5706572993569898, 1: 0.5706572993569897}","{0: 0.5706572993569898, 1: 0.5706572993569897}",0.5706572993569897,"[[533 113]
 [472 178]]",[0. 0. 0. ... 0. 0. 0.],[1. 1. 1. ... 0. 1. 0.]
501,naive_bayes,{},0.4941369863760896,0.11557998835962421,0.0886562875770334,0.1740820943743237,0.5440939548925755,0.08886566548865972,0.5115825386332553,0.0987546895282655,0.5486111111111112,0.5494617766134794,"{0: 0.5706572993569898, 1: 0.5706572993569897}","{0: 0.5706572993569898, 1: 0.5706572993569897}",0.5706572993569897,"[[533 113]
 [472 178]]",[0. 0. 0. ... 0. 0. 0.],[1. 1. 1. ... 0. 1. 0.]
513,naive_bayes,{},0.4941369863760896,0.11557998835962421,0.0886562875770334,0.1740820943743237,0.5440939548925755,0.08886566548865972,0.5115825386332553,0.0987546895282655,0.5486111111111112,0.5494617766134794,"{0: 0.5706572993569898, 1: 0.5706572993569897}","{0: 0.5706572993569898, 1: 0.5706572993569897}",0.5706572993569897,"[[533 113]
 [472 178]]",[0. 0. 0. ... 0. 0. 0.],[1. 1. 1. ... 0. 1. 0.]
525,naive_bayes,{},0.4941369863760896,0.11557998835962421,0.0886562875770334,0.1740820943743237,0.5440939548925755,0.08886566548865972,0.5115825386332553,0.0987546895282655,0.5486111111111112,0.5494617766134794,"{0: 0.5706572993569898, 1: 0.5706572993569897}","{0: 0.5706572993569898, 1: 0.5706572993569897}",0.5706572993569897,"[[533 113]
 [472 178]]",[0. 0. 0. ... 0. 0. 0.],[1. 1. 1. ... 0. 1. 0.]
241,naive_bayes,{},0.4941369863760896,0.11557998835962421,0.0886562875770334,0.1740820943743237,0.5440939548925755,0.08886566548865972,0.5115825386332553,0.0987546895282655,0.5486111111111112,0.5494617766134794,"{0: 0.5706572993569898, 1: 0.5706572993569897}","{0: 0.5706572993569898, 1: 0.5706572993569897}",0.5706572993569897,"[[533 113]
 [472 178]]",[0. 0. 0. ... 0. 0. 0.],[1. 1. 1. ... 0. 1. 0.]
231,naive_bayes,{},0.4941369863760896,0.11557998835962421,0.0886562875770334,0.1740820943743237,0.5440939548925755,0.08886566548865972,0.5115825386332553,0.0987546895282655,0.5486111111111112,0.5494617766134794,"{0: 0.5706572993569898, 1: 0.5706572993569897}","{0: 0.5706572993569898, 1: 0.5706572993569897}",0.5706572993569897,"[[533 113]
 [472 178]]",[0. 0. 0. ... 0. 0. 0.],[1. 1. 1. ... 0. 1. 0.]
221,naive_bayes,{},0.4941369863760896,0.11557998835962421,0.0886562875770334,0.1740820943743237,0.5440939548925755,0.08886566548865972,0.5115825386332553,0.0987546895282655,0.5486111111111112,0.5494617766134794,"{0: 0.5706572993569898, 1: 0.5706572993569897}","{0: 0.5706572993569898, 1: 0.5706572993569897}",0.5706572993569897,"[[533 113]
 [472 178]]",[0. 0. 0. ... 0. 0. 0.],[1. 1. 1. ... 0. 1. 0.]
94,naive_bayes,{},0.4941369863760896,0.11557998835962421,0.0886562875770334,0.1740820943743237,0.5440939548925755,0.08886566548865972,0.5115825386332553,0.0987546895282655,0.5486111111111112,0.5494617766134794,"{0: 0.5706572993569898, 1: 0.5706572993569897}","{0: 0.5706572993569898, 1: 0.5706572993569897}",0.5706572993569897,"[[533 113]
 [472 178]]",[0. 0. 0. ... 0. 0. 0.],[1. 1. 1. ... 0. 1. 0.]
9,naive_bayes,{},0.4941369863760896,0.11557998835962421,0.0886562875770334,0.1740820943743237,0.5440939548925755,0.08886566548865972,0.5115825386332553,0.0987546895282655,0.5486111111111112,0.5494617766134794,"{0: 0.5706572993569898, 1: 0.5706572993569897}","{0: 0.5706572993569898, 1: 0.5706572993569897}",0.5706572993569897,"[[533 113]
 [472 178]]",[0. 0. 0. ... 0. 0. 0.],[1. 1. 1. ... 0. 1. 0.]
12,naive_bayes,{},0.4941369863760896,0.11557998835962421,0.0886562875770334,0.1740820943743237,0.5440939548925755,0.08886566548865972,0.5115825386332553,0.0987546895282655,0.5486111111111112,0.5494617766134794,"{0: 0.5706572993569898, 1: 0.5706572993569897}","{0: 0.5706572993569898, 1: 0.5706572993569897}",0.5706572993569897,"[[533 113]
 [472 178]]",[0. 0. 0. ... 0. 0. 0.],[1. 1. 1. ... 0. 1. 0.]
16,naive_bayes,{},0.4941369863760896,0.11557998835962421,0.0886562875770334,0.1740820943743237,0.5440939548925755,0.08886566548865972,0.5115825386332553,0.0987546895282655,0.5486111111111112,0.5494617766134794,"{0: 0.5706572993569898, 1: 0.5706572993569897}","{0: 0.5706572993569898, 1: 0.5706572993569897}",0.5706572993569897,"[[533 113]
 [472 178]]",[0. 0. 0. ... 0. 0. 0.],[1. 1. 1. ... 0. 1. 0.]
41,naive_bayes,{},0.4941369863760896,0.11557998835962421,0.0886562875770334,0.1740820943743237,0.5440939548925755,0.08886566548865972,0.5115825386332553,0.0987546895282655,0.5486111111111112,0.5494617766134794,"{0: 0.5706572993569898, 1: 0.5706572993569897}","{0: 0.5706572993569898, 1: 0.5706572993569897}",0.5706572993569897,"[[533 113]
 [472 178]]",[0. 0. 0. ... 0. 0. 0.],[1. 1. 1. ... 0. 1. 0.]
53,naive_bayes,{},0.4941369863760896,0.11557998835962421,0.0886562875770334,0.1740820943743237,0.5440939548925755,0.08886566548865972,0.5115825386332553,0.0987546895282655,0.5486111111111112,0.5494617766134794,"{0: 0.5706572993569898, 1: 0.5706572993569897}","{0: 0.5706572993569898, 1: 0.5706572993569897}",0.5706572993569897,"[[533 113]
 [472 178]]",[0. 0. 0. ... 0. 0. 0.],[1. 1. 1. ... 0. 1. 0.]
58,naive_bayes,{},0.4941369863760896,0.11557998835962421,0.0886562875770334,0.1740820943743237,0.5440939548925755,0.08886566548865972,0.5115825386332553,0.0987546895282655,0.5486111111111112,0.5494617766134794,"{0: 0.5706572993569898, 1: 0.5706572993569897}","{0: 0.5706572993569898, 1: 0.5706572993569897}",0.5706572993569897,"[[533 113]
 [472 178]]",[0. 0. 0. ... 0. 0. 0.],[1. 1. 1. ... 0. 1. 0.]
64,naive_bayes,{},0.4941369863760896,0.11557998835962421,0.0886562875770334,0.1740820943743237,0.5440939548925755,0.08886566548865972,0.5115825386332553,0.0987546895282655,0.5486111111111112,0.5494617766134794,"{0: 0.5706572993569898, 1: 0.5706572993569897}","{0: 0.5706572993569898, 1: 0.5706572993569897}",0.5706572993569897,"[[533 113]
 [472 178]]",[0. 0. 0. ... 0. 0. 0.],[1. 1. 1. ... 0. 1. 0.]
76,naive_bayes,{},0.4941369863760896,0.11557998835962421,0.0886562875770334,0.1740820943743237,0.5440939548925755,0.08886566548865972,0.5115825386332553,0.0987546895282655,0.5486111111111112,0.5494617766134794,"{0: 0.5706572993569898, 1: 0.5706572993569897}","{0: 0.5706572993569898, 1: 0.5706572993569897}",0.5706572993569897,"[[533 113]
 [472 178]]",[0. 0. 0. ... 0. 0. 0.],[1. 1. 1. ... 0. 1. 0.]
84,naive_bayes,{},0.4941369863760896,0.11557998835962421,0.0886562875770334,0.1740820943743237,0.5440939548925755,0.08886566548865972,0.5115825386332553,0.0987546895282655,0.5486111111111112,0.5494617766134794,"{0: 0.5706572993569898, 1: 0.5706572993569897}","{0: 0.5706572993569898, 1: 0.5706572993569897}",0.5706572993569897,"[[533 113]
 [472 178]]",[0. 0. 0. ... 0. 0. 0.],[1. 1. 1. ... 0. 1. 0.]
103,naive_bayes,{},0.4941369863760896,0.11557998835962421,0.0886562875770334,0.1740820943743237,0.5440939548925755,0.08886566548865972,0.5115825386332553,0.0987546895282655,0.5486111111111112,0.5494617766134794,"{0: 0.5706572993569898, 1: 0.5706572993569897}","{0: 0.5706572993569898, 1: 0.5706572993569897}",0.5706572993569897,"[[533 113]
 [472 178]]",[0. 0. 0. ... 0. 0. 0.],[1. 1. 1. ... 0. 1. 0.]
211,naive_bayes,{},0.4941369863760896,0.11557998835962421,0.0886562875770334,0.1740820943743237,0.5440939548925755,0.08886566548865972,0.5115825386332553,0.0987546895282655,0.5486111111111112,0.5494617766134794,"{0: 0.5706572993569898, 1: 0.5706572993569897}","{0: 0.5706572993569898, 1: 0.5706572993569897}",0.5706572993569897,"[[533 113]
 [472 178]]",[0. 0. 0. ... 0. 0. 0.],[1. 1. 1. ... 0. 1. 0.]
113,naive_bayes,{},0.4941369863760896,0.11557998835962421,0.0886562875770334,0.1740820943743237,0.5440939548925755,0.08886566548865972,0.5115825386332553,0.0987546895282655,0.5486111111111112,0.5494617766134794,"{0: 0.5706572993569898, 1: 0.5706572993569897}","{0: 0.5706572993569898, 1: 0.5706572993569897}",0.5706572993569897,"[[533 113]
 [472 178]]",[0. 0. 0. ... 0. 0. 0.],[1. 1. 1. ... 0. 1. 0.]
122,naive_bayes,{},0.4941369863760896,0.11557998835962421,0.0886562875770334,0.1740820943743237,0.5440939548925755,0.08886566548865972,0.5115825386332553,0.0987546895282655,0.5486111111111112,0.5494617766134794,"{0: 0.5706572993569898, 1: 0.5706572993569897}","{0: 0.5706572993569898, 1: 0.5706572993569897}",0.5706572993569897,"[[533 113]
 [472 178]]",[0. 0. 0. ... 0. 0. 0.],[1. 1. 1. ... 0. 1. 0.]
131,naive_bayes,{},0.4941369863760896,0.11557998835962421,0.0886562875770334,0.1740820943743237,0.5440939548925755,0.08886566548865972,0.5115825386332553,0.0987546895282655,0.5486111111111112,0.5494617766134794,"{0: 0.5706572993569898, 1: 0.5706572993569897}","{0: 0.5706572993569898, 1: 0.5706572993569897}",0.5706572993569897,"[[533 113]
 [472 178]]",[0. 0. 0. ... 0. 0. 0.],[1. 1. 1. ... 0. 1. 0.]
140,naive_bayes,{},0.4941369863760896,0.11557998835962421,0.0886562875770334,0.1740820943743237,0.5440939548925755,0.08886566548865972,0.5115825386332553,0.0987546895282655,0.5486111111111112,0.5494617766134794,"{0: 0.5706572993569898, 1: 0.5706572993569897}","{0: 0.5706572993569898, 1: 0.5706572993569897}",0.5706572993569897,"[[533 113]
 [472 178]]",[0. 0. 0. ... 0. 0. 0.],[1. 1. 1. ... 0. 1. 0.]
159,naive_bayes,{},0.4941369863760896,0.11557998835962421,0.0886562875770334,0.1740820943743237,0.5440939548925755,0.08886566548865972,0.5115825386332553,0.0987546895282655,0.5486111111111112,0.5494617766134794,"{0: 0.5706572993569898, 1: 0.5706572993569897}","{0: 0.5706572993569898, 1: 0.5706572993569897}",0.5706572993569897,"[[533 113]
 [472 178]]",[0. 0. 0. ... 0. 0. 0.],[1. 1. 1. ... 0. 1. 0.]
170,naive_bayes,{},0.4941369863760896,0.11557998835962421,0.0886562875770334,0.1740820943743237,0.5440939548925755,0.08886566548865972,0.5115825386332553,0.0987546895282655,0.5486111111111112,0.5494617766134794,"{0: 0.5706572993569898, 1: 0.5706572993569897}","{0: 0.5706572993569898, 1: 0.5706572993569897}",0.5706572993569897,"[[533 113]
 [472 178]]",[0. 0. 0. ... 0. 0. 0.],[1. 1. 1. ... 0. 1. 0.]
180,naive_bayes,{},0.4941369863760896,0.11557998835962421,0.0886562875770334,0.1740820943743237,0.5440939548925755,0.08886566548865972,0.5115825386332553,0.0987546895282655,0.5486111111111112,0.5494617766134794,"{0: 0.5706572993569898, 1: 0.5706572993569897}","{0: 0.5706572993569898, 1: 0.5706572993569897}",0.5706572993569897,"[[533 113]
 [472 178]]",[0. 0. 0. ... 0. 0. 0.],[1. 1. 1. ... 0. 1. 0.]
190,naive_bayes,{},0.4941369863760896,0.11557998835962421,0.0886562875770334,0.1740820943743237,0.5440939548925755,0.08886566548865972,0.5115825386332553,0.0987546895282655,0.5486111111111112,0.5494617766134794,"{0: 0.5706572993569898, 1: 0.5706572993569897}","{0: 0.5706572993569898, 1: 0.5706572993569897}",0.5706572993569897,"[[533 113]
 [472 178]]",[0. 0. 0. ... 0. 0. 0.],[1. 1. 1. ... 0. 1. 0.]
199,naive_bayes,{},0.4941369863760896,0.11557998835962421,0.0886562875770334,0.1740820943743237,0.5440939548925755,0.08886566548865972,0.5115825386332553,0.0987546895282655,0.5486111111111112,0.5494617766134794,"{0: 0.5706572993569898, 1: 0.5706572993569897}","{0: 0.5706572993569898, 1: 0.5706572993569897}",0.5706572993569897,"[[533 113]
 [472 178]]",[0. 0. 0. ... 0. 0. 0.],[1. 1. 1. ... 0. 1. 0.]
538,naive_bayes,{},0.4941369863760896,0.11557998835962421,0.0886562875770334,0.1740820943743237,0.5440939548925755,0.08886566548865972,0.5115825386332553,0.0987546895282655,0.5486111111111112,0.5494617766134794,"{0: 0.5706572993569898, 1: 0.5706572993569897}","{0: 0.5706572993569898, 1: 0.5706572993569897}",0.5706572993569897,"[[533 113]
 [472 178]]",[0. 0. 0. ... 0. 0. 0.],[1. 1. 1. ... 0. 1. 0.]
342,naive_bayes,{},0.4941369863760896,0.11557998835962421,0.0886562875770334,0.1740820943743237,0.5440939548925755,0.08886566548865972,0.5115825386332553,0.0987546895282655,0.5486111111111112,0.5494617766134794,"{0: 0.5706572993569898, 1: 0.5706572993569897}","{0: 0.5706572993569898, 1: 0.5706572993569897}",0.5706572993569897,"[[533 113]
 [472 178]]",[0. 0. 0. ... 0. 0. 0.],[1. 1. 1. ... 0. 1. 0.]
624,naive_bayes,{},0.4941369863760896,0.11557998835962421,0.0886562875770334,0.1740820943743237,0.5440939548925755,0.08886566548865972,0.5115825386332553,0.0987546895282655,0.5486111111111112,0.5494617766134794,"{0: 0.5706572993569898, 1: 0.5706572993569897}","{0: 0.5706572993569898, 1: 0.5706572993569897}",0.5706572993569897,"[[533 113]
 [472 178]]",[0. 0. 0. ... 0. 0. 0.],[1. 1. 1. ... 0. 1. 0.]
729,naive_bayes,{},0.4941369863760896,0.11557998835962421,0.0886562875770334,0.1740820943743237,0.5440939548925755,0.08886566548865972,0.5115825386332553,0.0987546895282655,0.5486111111111112,0.5494617766134794,"{0: 0.5706572993569898, 1: 0.5706572993569897}","{0: 0.5706572993569898, 1: 0.5706572993569897}",0.5706572993569897,"[[533 113]
 [472 178]]",[0. 0. 0. ... 0. 0. 0.],[1. 1. 1. ... 0. 1. 0.]
689,naive_bayes,{},0.4941369863760896,0.11557998835962421,0.0886562875770334,0.1740820943743237,0.5440939548925755,0.08886566548865972,0.5115825386332553,0.0987546895282655,0.5486111111111112,0.5494617766134794,"{0: 0.5706572993569898, 1: 0.5706572993569897}","{0: 0.5706572993569898, 1: 0.5706572993569897}",0.5706572993569897,"[[533 113]
 [472 178]]",[0. 0. 0. ... 0. 0. 0.],[1. 1. 1. ... 0. 1. 0.]
716,naive_bayes,{},0.4941369863760896,0.11557998835962421,0.0886562875770334,0.1740820943743237,0.5440939548925755,0.08886566548865972,0.5115825386332553,0.0987546895282655,0.5486111111111112,0.5494617766134794,"{0: 0.5706572993569898, 1: 0.5706572993569897}","{0: 0.5706572993569898, 1: 0.5706572993569897}",0.5706572993569897,"[[533 113]
 [472 178]]",[0. 0. 0. ... 0. 0. 0.],[1. 1. 1. ... 0. 1. 0.]
742,naive_bayes,{},0.4941369863760896,0.11557998835962421,0.0886562875770334,0.1740820943743237,0.5440939548925755,0.08886566548865972,0.5115825386332553,0.0987546895282655,0.5486111111111112,0.5494617766134794,"{0: 0.5706572993569898, 1: 0.5706572993569897}","{0: 0.5706572993569898, 1: 0.5706572993569897}",0.5706572993569897,"[[533 113]
 [472 178]]",[0. 0. 0. ... 0. 0. 0.],[1. 1. 1. ... 0. 1. 0.]
574,naive_bayes,{},0.4941369863760896,0.11557998835962421,0.0886562875770334,0.1740820943743237,0.5440939548925755,0.08886566548865972,0.5115825386332553,0.0987546895282655,0.5486111111111112,0.5494617766134794,"{0: 0.5706572993569898, 1: 0.5706572993569897}","{0: 0.5706572993569898, 1: 0.5706572993569897}",0.5706572993569897,"[[533 113]
 [472 178]]",[0. 0. 0. ... 0. 0. 0.],[1. 1. 1. ... 0. 1. 0.]
651,naive_bayes,{},0.4941369863760896,0.11557998835962421,0.0886562875770334,0.1740820943743237,0.5440939548925755,0.08886566548865972,0.5115825386332553,0.0987546895282655,0.5486111111111112,0.5494617766134794,"{0: 0.5706572993569898, 1: 0.5706572993569897}","{0: 0.5706572993569898, 1: 0.5706572993569897}",0.5706572993569897,"[[533 113]
 [472 178]]",[0. 0. 0. ... 0. 0. 0.],[1. 1. 1. ... 0. 1. 0.]
663,naive_bayes,{},0.4941369863760896,0.11557998835962421,0.0886562875770334,0.1740820943743237,0.5440939548925755,0.08886566548865972,0.5115825386332553,0.0987546895282655,0.5486111111111112,0.5494617766134794,"{0: 0.5706572993569898, 1: 0.5706572993569897}","{0: 0.5706572993569898, 1: 0.5706572993569897}",0.5706572993569897,"[[533 113]
 [472 178]]",[0. 0. 0. ... 0. 0. 0.],[1. 1. 1. ... 0. 1. 0.]
755,naive_bayes,{},0.4941369863760896,0.11557998835962421,0.0886562875770334,0.1740820943743237,0.5440939548925755,0.08886566548865972,0.5115825386332553,0.0987546895282655,0.5486111111111112,0.5494617766134794,"{0: 0.5706572993569898, 1: 0.5706572993569897}","{0: 0.5706572993569898, 1: 0.5706572993569897}",0.5706572993569897,"[[533 113]
 [472 178]]",[0. 0. 0. ... 0. 0. 0.],[1. 1. 1. ... 0. 1. 0.]
703,naive_bayes,{},0.4941369863760896,0.11557998835962421,0.0886562875770334,0.1740820943743237,0.5440939548925755,0.08886566548865972,0.5115825386332553,0.0987546895282655,0.5486111111111112,0.5494617766134794,"{0: 0.5706572993569898, 1: 0.5706572993569897}","{0: 0.5706572993569898, 1: 0.5706572993569897}",0.5706572993569897,"[[533 113]
 [472 178]]",[0. 0. 0. ... 0. 0. 0.],[1. 1. 1. ... 0. 1. 0.]
563,naive_bayes,{},0.4941369863760896,0.11557998835962421,0.0886562875770334,0.1740820943743237,0.5440939548925755,0.08886566548865972,0.5115825386332553,0.0987546895282655,0.5486111111111112,0.5494617766134794,"{0: 0.5706572993569898, 1: 0.5706572993569897}","{0: 0.5706572993569898, 1: 0.5706572993569897}",0.5706572993569897,"[[533 113]
 [472 178]]",[0. 0. 0. ... 0. 0. 0.],[1. 1. 1. ... 0. 1. 0.]
676,naive_bayes,{},0.4941369863760896,0.11557998835962421,0.0886562875770334,0.1740820943743237,0.5440939548925755,0.08886566548865972,0.5115825386332553,0.0987546895282655,0.5486111111111112,0.5494617766134794,"{0: 0.5706572993569898, 1: 0.5706572993569897}","{0: 0.5706572993569898, 1: 0.5706572993569897}",0.5706572993569897,"[[533 113]
 [472 178]]",[0. 0. 0. ... 0. 0. 0.],[1. 1. 1. ... 0. 1. 0.]
768,naive_bayes,{},0.4941369863760896,0.11557998835962421,0.0886562875770334,0.1740820943743237,0.5440939548925755,0.08886566548865972,0.5115825386332553,0.0987546895282655,0.5486111111111112,0.5494617766134794,"{0: 0.5706572993569898, 1: 0.5706572993569897}","{0: 0.5706572993569898, 1: 0.5706572993569897}",0.5706572993569897,"[[533 113]
 [472 178]]",[0. 0. 0. ... 0. 0. 0.],[1. 1. 1. ... 0. 1. 0.]
637,naive_bayes,{},0.4941369863760896,0.11557998835962421,0.0886562875770334,0.1740820943743237,0.5440939548925755,0.08886566548865972,0.5115825386332553,0.0987546895282655,0.5486111111111112,0.5494617766134794,"{0: 0.5706572993569898, 1: 0.5706572993569897}","{0: 0.5706572993569898, 1: 0.5706572993569897}",0.5706572993569897,"[[533 113]
 [472 178]]",[0. 0. 0. ... 0. 0. 0.],[1. 1. 1. ... 0. 1. 0.]
611,naive_bayes,{},0.4941369863760896,0.11557998835962421,0.0886562875770334,0.1740820943743237,0.5440939548925755,0.08886566548865972,0.5115825386332553,0.0987546895282655,0.5486111111111112,0.5494617766134794,"{0: 0.5706572993569898, 1: 0.5706572993569897}","{0: 0.5706572993569898, 1: 0.5706572993569897}",0.5706572993569897,"[[533 113]
 [472 178]]",[0. 0. 0. ... 0. 0. 0.],[1. 1. 1. ... 0. 1. 0.]
443,knn,{'n_neighbors': 5},0.5376329293001124,0.08026262635055055,0.08781956900713014,0.15815109878858857,0.5431453868682871,0.0796672325913883,0.5470622382586016,0.09415737508156441,0.5470679012345679,0.5470802572040963,"{0: 0.5755810907358895, 1: 0.5755810907358894}","{0: 0.5755810907358895, 1: 0.5755810907358894}",0.5755810907358894,"[[356 290]
 [297 353]]",[1. 0. 0. ... 0. 0. 0.],[1. 1. 1. ... 0. 1. 0.]
105,knn,{'n_neighbors': 5},0.5376329293001124,0.08026262635055055,0.08781956900713014,0.15815109878858857,0.5431453868682871,0.0796672325913883,0.5470622382586016,0.09415737508156441,0.5470679012345679,0.5470802572040963,"{0: 0.5755810907358895, 1: 0.5755810907358894}","{0: 0.5755810907358895, 1: 0.5755810907358894}",0.5755810907358894,"[[356 290]
 [297 353]]",[1. 0. 0. ... 0. 0. 0.],[1. 1. 1. ... 0. 1. 0.]
771,knn,{'n_neighbors': 5},0.5376329293001124,0.08026262635055055,0.08781956900713014,0.15815109878858857,0.5431453868682871,0.0796672325913883,0.5470622382586016,0.09415737508156441,0.5470679012345679,0.5470802572040963,"{0: 0.5755810907358895, 1: 0.5755810907358894}","{0: 0.5755810907358895, 1: 0.5755810907358894}",0.5755810907358894,"[[356 290]
 [297 353]]",[1. 0. 0. ... 0. 0. 0.],[1. 1. 1. ... 0. 1. 0.]
237,AdaBoost,"{'algorithm': 'SAMME.R', 'learning_rate': 3.7734693877551018, 'n_estimators': 85}",0.44833599148552866,0.09591790570923428,0.08738175341517282,0.12013805597471731,0.5452574476182472,0.06318450674646253,0.48712043235652125,0.11156099856004331,0.5547839506172839,0.5559061681352703,"{0: 0.5631400333412717, 1: 0.5631400333412717}","{0: 0.5631400333412717, 1: 0.5631400333412717}",0.5631400333412717,"[[594  52]
 [525 125]]",[0. 0. 0. ... 0. 0. 0.],[1. 1. 1. ... 0. 1. 0.]
63,AdaBoost,"{'algorithm': 'SAMME.R', 'learning_rate': 1.6510204081632653, 'n_estimators': 30}",0.5390295839477969,0.08983662924876461,0.08703268636875572,0.17837048650070822,0.543990121123974,0.08884743177236872,0.5457251371823877,0.09279135991771359,0.5462962962962963,0.5464062872112407,"{0: 0.5733805668016195, 1: 0.5733805668016194}","{0: 0.5733805668016195, 1: 0.5733805668016194}",0.5733805668016194,"[[376 270]
 [318 332]]",[1. 0. 1. ... 0. 0. 0.],[1. 1. 1. ... 0. 1. 0.]
17,AdaBoost,"{'algorithm': 'SAMME', 'learning_rate': 0.1, 'n_estimators': 63}",0.454612355367113,0.09321271135929993,0.08629866817080158,0.11897365355264629,0.543971564033513,0.06310751049614734,0.48356494141965134,0.10540197601973167,0.5516975308641975,0.5528197189807097,"{0: 0.5756811145510836, 1: 0.5756668254346273}","{0: 0.5756811145510836, 1: 0.5756668254346273}",0.5756668254346273,"[[592  54]
 [527 123]]",[0. 0. 0. ... 0. 0. 0.],[1. 1. 1. ... 0. 1. 0.]
963,AdaBoost,"{'algorithm': 'SAMME.R', 'learning_rate': 2.8755102040816327, 'n_estimators': 74}",0.45053319659580937,0.0927995240450414,0.08470481017367046,0.11848582396213551,0.5429766391019735,0.06187824953739126,0.47377946267982635,0.10552100013779919,0.5516975308641975,0.5528864015241723,"{0: 0.5131531316980233, 1: 0.5131531316980233}","{0: 0.5131531316980233, 1: 0.5131531316980233}",0.5131531316980233,"[[606  40]
 [541 109]]",[0. 0. 0. ... 0. 0. 0.],[1. 1. 1. ... 0. 1. 0.]
848,AdaBoost,"{'algorithm': 'SAMME.R', 'learning_rate': 2.2224489795918365, 'n_estimators': 63}",0.4494786467073675,0.09852232255300404,0.08464761676845872,0.12304103168765873,0.5439742206269961,0.06380161793994474,0.49107708613488504,0.10995779628151015,0.5540123456790124,0.5550988330554895,"{0: 0.5308716361038343, 1: 0.5308716361038343}","{0: 0.5308716361038343, 1: 0.5308716361038343}",0.5308716361038343,"[[586  60]
 [518 132]]",[0. 0. 0. ... 0. 0. 0.],[1. 1. 1. ... 0. 1. 0.]
119,AdaBoost,"{'algorithm': 'SAMME', 'learning_rate': 1.8959183673469386, 'n_estimators': 85}",0.5368556733346945,0.11393415942150668,0.08401607087975921,0.22338609826639363,0.542514241576516,0.10973166569786037,0.5485904171200737,0.09726091988512164,0.5486111111111112,0.548633007859014,"{0: 0.5742176708740176, 1: 0.5742176708740176}","{0: 0.5742176708740176, 1: 0.5742176708740176}",0.5742176708740176,"[[359 287]
 [298 352]]",[0. 1. 1. ... 1. 1. 0.],[1. 1. 1. ... 0. 1. 0.]
509,AdaBoost,"{'algorithm': 'SAMME.R', 'learning_rate': 1.5693877551020408, 'n_estimators': 96}",0.5341596484827489,0.08450412198586521,0.08283797198178357,0.16318661805225015,0.5419365343339725,0.08075303766507227,0.5412307757091248,0.08350794315973942,0.5416666666666666,0.5417623243629435,"{0: 0.5531900452488687, 1: 0.5531900452488687}","{0: 0.5531900452488687, 1: 0.5531900452488687}",0.5531900452488687,"[[370 276]
 [318 332]]",[1. 1. 1. ... 0. 0. 0.],[1. 1. 1. ... 0. 1. 0.]
906,SVC,"{'C': 0.1, 'gamma': 0.01, 'kernel': 'rbf'}",0.5114816802430312,0.10917268565423653,0.08118117591201149,0.1845545087897192,0.5406858588066377,0.09448467337433063,0.5338682670070478,0.10291151284490963,0.5509259259259259,0.5515170278637771,"{0: 0.5695070254822577, 1: 0.5695070254822577}","{0: 0.5695070254822577, 1: 0.5695070254822577}",0.5695070254822577,"[[480 166]
 [416 234]]",[0. 0. 1. ... 0. 0. 0.],[1. 1. 1. ... 0. 1. 0.]
300,knn,{'n_neighbors': 3},0.5334433532533955,0.0865078614955805,0.08108621662633662,0.16649562281084632,0.5392269171536038,0.08494884794679892,0.5362662603860239,0.07253528170590562,0.5362654320987654,0.5362681590854965,"{0: 0.5484258156703977, 1: 0.5484258156703977}","{0: 0.5484258156703977, 1: 0.5484258156703977}",0.5484258156703977,"[[347 299]
 [302 348]]",[1. 0. 1. ... 0. 0. 0.],[1. 1. 1. ... 0. 1. 0.]
614,knn,{'n_neighbors': 3},0.5334433532533955,0.0865078614955805,0.08108621662633662,0.16649562281084632,0.5392269171536038,0.08494884794679892,0.5362662603860239,0.07253528170590562,0.5362654320987654,0.5362681590854965,"{0: 0.5484258156703977, 1: 0.5484258156703977}","{0: 0.5484258156703977, 1: 0.5484258156703977}",0.5484258156703977,"[[347 299]
 [302 348]]",[1. 0. 1. ... 0. 0. 0.],[1. 1. 1. ... 0. 1. 0.]
983,knn,{'n_neighbors': 3},0.5334433532533955,0.0865078614955805,0.08108621662633662,0.16649562281084632,0.5392269171536038,0.08494884794679892,0.5362662603860239,0.07253528170590562,0.5362654320987654,0.5362681590854965,"{0: 0.5484258156703977, 1: 0.5484258156703977}","{0: 0.5484258156703977, 1: 0.5484258156703977}",0.5484258156703977,"[[347 299]
 [302 348]]",[1. 0. 1. ... 0. 0. 0.],[1. 1. 1. ... 0. 1. 0.]
20,knn,{'n_neighbors': 3},0.5334433532533955,0.0865078614955805,0.08108621662633662,0.16649562281084632,0.5392269171536038,0.08494884794679892,0.5362662603860239,0.07253528170590562,0.5362654320987654,0.5362681590854965,"{0: 0.5484258156703977, 1: 0.5484258156703977}","{0: 0.5484258156703977, 1: 0.5484258156703977}",0.5484258156703977,"[[347 299]
 [302 348]]",[1. 0. 1. ... 0. 0. 0.],[1. 1. 1. ... 0. 1. 0.]
809,SVC,"{'C': 0.1, 'gamma': 0.01, 'kernel': 'rbf'}",0.5132811782665906,0.10464775220200756,0.07923607604987656,0.1720486940779604,0.5396597812105272,0.08787028064988758,0.5303324095950295,0.08892198331850432,0.5439814814814815,0.5445082162419623,"{0: 0.5725113122171945, 1: 0.5725113122171945}","{0: 0.5725113122171945, 1: 0.5725113122171945}",0.5725113122171945,"[[462 184]
 [407 243]]",[0. 0. 1. ... 0. 0. 0.],[1. 1. 1. ... 0. 1. 0.]
968,SVC,"{'C': 0.1, 'gamma': 0.01, 'kernel': 'rbf'}",0.5112408447103247,0.106686110540454,0.0789370552590741,0.17887360887041057,0.5392683881670665,0.0918778993860853,0.5278254359613335,0.0921347459360713,0.5455246913580247,0.5461228864015242,"{0: 0.5686592045725173, 1: 0.5686592045725173}","{0: 0.5686592045725173, 1: 0.5686592045725173}",0.5686592045725173,"[[478 168]
 [421 229]]",[0. 0. 1. ... 0. 0. 0.],[1. 1. 1. ... 0. 1. 0.]
772,SVC,"{'C': 0.1, 'gamma': 0.01, 'kernel': 'rbf'}",0.5097300297705359,0.09572431855241362,0.07864704919098468,0.1555055280395891,0.5394166934239959,0.07980900799214606,0.5337740775039898,0.10134874759152213,0.5501543209876543,0.55073350797809,"{0: 0.5644355798999763, 1: 0.5644355798999762}","{0: 0.5644355798999763, 1: 0.5644355798999762}",0.5644355798999762,"[[477 169]
 [414 236]]",[0. 0. 1. ... 0. 0. 0.],[1. 1. 1. ... 0. 1. 0.]
333,SVC,"{'C': 0.1, 'gamma': 1, 'kernel': 'rbf'}",0.4894617901184123,0.09042632068529378,0.07829857373977525,0.11629159931209149,0.5373095968589667,0.06060564200936607,0.5193087335944478,0.05478119935170178,0.5277777777777778,0.5273684210526316,"{0: 0.5549249821386044, 1: 0.5549249821386044}","{0: 0.5549249821386044, 1: 0.5549249821386044}",0.5549249821386044,"[[255 391]
 [221 429]]",[1. 1. 1. ... 1. 0. 1.],[1. 1. 1. ... 0. 1. 0.]
933,AdaBoost,"{'algorithm': 'SAMME.R', 'learning_rate': 0.9979591836734693, 'n_estimators': 96}",0.5311171209821783,0.09574684242937813,0.07766606102019456,0.18916815348780952,0.5390407448927285,0.09487689698896828,0.5358462534322722,0.07270311584782196,0.5362654320987654,0.5363586568230532,"{0: 0.5659883305548941, 1: 0.5659883305548941}","{0: 0.5659883305548941, 1: 0.5659883305548941}",0.5659883305548941,"[[366 280]
 [321 329]]",[1. 0. 0. ... 0. 0. 0.],[1. 1. 1. ... 0. 1. 0.]
692,SVC,"{'C': 0.1, 'gamma': 0.01, 'kernel': 'rbf'}",0.5042120616895699,0.10628617883934333,0.07608851524386959,0.1685828709391789,0.5385804416829117,0.08506382081513181,0.5228226537742935,0.08914734213342845,0.5439814814814815,0.5446320552512502,"{0: 0.5663919980947845, 1: 0.5663919980947846}","{0: 0.5663919980947845, 1: 0.5663919980947846}",0.5663919980947846,"[[488 158]
 [433 217]]",[0. 0. 1. ... 0. 0. 0.],[1. 1. 1. ... 0. 1. 0.]
121,SVC,"{'C': 1000, 'gamma': 1, 'kernel': 'rbf'}",0.5293067839460156,0.10503674646125791,0.07356297798656916,0.20046807042768888,0.5362061678796363,0.10071260307043972,0.5285073064819985,0.06578401795799316,0.533179012345679,0.5328721124077161,"{0: 0.532945939509407, 1: 0.5329459395094069}","{0: 0.532945939509407, 1: 0.5329459395094069}",0.5329459395094069,"[[280 366]
 [239 411]]",[1. 1. 1. ... 0. 0. 0.],[1. 1. 1. ... 0. 1. 0.]
10,AdaBoost,"{'algorithm': 'SAMME', 'learning_rate': 1.8142857142857143, 'n_estimators': 96}",0.5322006022762321,0.08834130326560008,0.07247953567906099,0.17677896098349632,0.5371647868243186,0.08708230789825128,0.5376883638618257,0.0757097341086711,0.5378086419753086,0.5378590140509645,"{0: 0.5527851869492737, 1: 0.5527851869492736}","{0: 0.5527851869492737, 1: 0.5527851869492736}",0.5527851869492736,"[[358 288]
 [311 339]]",[1. 0. 0. ... 1. 0. 0.],[1. 1. 1. ... 0. 1. 0.]
98,SVC,"{'C': 1000, 'gamma': 1, 'kernel': 'rbf'}",0.5290286839451794,0.09862102052831093,0.07223741156697269,0.18875005918831886,0.5353874353665681,0.0951124911849565,0.5272376213414026,0.06271356879715195,0.5316358024691358,0.5313384139080733,"{0: 0.5328554417718504, 1: 0.5328554417718505}","{0: 0.5328554417718504, 1: 0.5328554417718505}",0.5328554417718505,"[[281 365]
 [242 408]]",[1. 1. 1. ... 0. 0. 0.],[1. 1. 1. ... 0. 1. 0.]
236,SVC,"{'C': 10, 'gamma': 1, 'kernel': 'rbf'}",0.5285869585510279,0.10089766065754055,0.07181058470174978,0.1933467994588854,0.535076970398375,0.09769136877816657,0.5258213257786272,0.059634273622807044,0.5300925925925926,0.5297999523696117,"{0: 0.526320552512503, 1: 0.526320552512503}","{0: 0.526320552512503, 1: 0.526320552512503}",0.526320552512503,"[[281 365]
 [244 406]]",[1. 1. 1. ... 0. 0. 0.],[1. 1. 1. ... 0. 1. 0.]
598,SVC,"{'C': 0.1, 'gamma': 0.01, 'kernel': 'rbf'}",0.5074857651932622,0.10216866407851681,0.07159500998665584,0.17167758286030368,0.5357341445740762,0.08836866597800168,0.5327301004180199,0.09824873567374437,0.5486111111111112,0.5491807573231722,"{0: 0.5756965944272445, 1: 0.5756965944272445}","{0: 0.5756965944272445, 1: 0.5756965944272445}",0.5756965944272445,"[[474 172]
 [413 237]]",[0. 0. 1. ... 0. 0. 0.],[1. 1. 1. ... 0. 1. 0.]
698,AdaBoost,"{'algorithm': 'SAMME', 'learning_rate': 0.1816326530612245, 'n_estimators': 30}",0.44814781095114353,0.09282004238768916,0.07126744077562176,0.13029630752690988,0.5360110427434269,0.06868732655396181,0.47645395954591163,0.09308393093910838,0.5455246913580247,0.5466468206715884,"{0: 0.5753989045010716, 1: 0.575401286020481}","{0: 0.5753989045010716, 1: 0.575401286020481}",0.575401286020481,"[[588  58]
 [531 119]]",[0. 0. 0. ... 0. 0. 0.],[1. 1. 1. ... 0. 1. 0.]
467,SVC,"{'C': 10, 'gamma': 1, 'kernel': 'rbf'}",0.5276840973061068,0.09978949118395616,0.0695478371457519,0.1911506213284711,0.5339324005602485,0.09661372864815959,0.5253864519233096,0.0581126032959387,0.529320987654321,0.5290402476780186,"{0: 0.5247404143843772, 1: 0.5247404143843772}","{0: 0.5247404143843772, 1: 0.5247404143843772}",0.5247404143843772,"[[283 363]
 [247 403]]",[1. 1. 1. ... 0. 0. 0.],[1. 1. 1. ... 0. 1. 0.]
70,SVC,"{'C': 100, 'gamma': 1, 'kernel': 'rbf'}",0.52738327241945,0.10192035764754698,0.0695164100701599,0.1942762935294593,0.5340385840367103,0.09780918183303813,0.5273785628039848,0.06272250260926748,0.5316358024691358,0.5313431769468921,"{0: 0.533617527982853, 1: 0.533617527982853}","{0: 0.533617527982853, 1: 0.533617527982853}",0.533617527982853,"[[282 364]
 [243 407]]",[1. 1. 1. ... 0. 0. 0.],[1. 1. 1. ... 0. 1. 0.]
449,SVC,"{'C': 10, 'gamma': 1, 'kernel': 'rbf'}",0.5273112654656307,0.10084817495488747,0.06945476173947891,0.19311546122988038,0.5339317805205738,0.09751093179069546,0.5234147162417204,0.054997426463579746,0.5277777777777778,0.527482733984282,"{0: 0.5235032150512027, 1: 0.5235032150512027}","{0: 0.5235032150512027, 1: 0.5235032150512027}",0.5235032150512027,"[[279 367]
 [245 405]]",[1. 1. 1. ... 0. 0. 0.],[1. 1. 1. ... 0. 1. 0.]
631,SVC,"{'C': 10, 'gamma': 1, 'kernel': 'rbf'}",0.5276431879344078,0.10218714388932816,0.0694530456135371,0.19670124207613973,0.5338555761278004,0.0991976222883391,0.5244035872336064,0.05655503714894372,0.5285493827160493,0.5282614908311503,"{0: 0.5258752083829483, 1: 0.5258752083829483}","{0: 0.5258752083829483, 1: 0.5258752083829483}",0.5258752083829483,"[[281 365]
 [246 404]]",[1. 1. 1. ... 0. 0. 0.],[1. 1. 1. ... 0. 1. 0.]
387,SVC,"{'C': 10, 'gamma': 1, 'kernel': 'rbf'}",0.5271427151037246,0.10081218452358251,0.06889816999686899,0.19363521416069762,0.53367288993362,0.09784656132176855,0.5242640887532697,0.056546044636346715,0.5285493827160493,0.5282567277923316,"{0: 0.5250845439390331, 1: 0.525084543939033}","{0: 0.5250845439390331, 1: 0.525084543939033}",0.525084543939033,"[[280 366]
 [245 405]]",[1. 1. 1. ... 0. 0. 0.],[1. 1. 1. ... 0. 1. 0.]
562,SVC,"{'C': 10, 'gamma': 1, 'kernel': 'rbf'}",0.5269344952719057,0.09840881098939265,0.06879974009643956,0.1883366614219899,0.5335761378483621,0.09519778395380933,0.5242640887532697,0.056546044636346715,0.5285493827160493,0.5282567277923316,"{0: 0.5249821386044295, 1: 0.5249821386044295}","{0: 0.5249821386044295, 1: 0.5249821386044295}",0.5249821386044295,"[[280 366]
 [245 405]]",[1. 1. 1. ... 0. 0. 0.],[1. 1. 1. ... 0. 1. 0.]
198,SVC,"{'C': 10, 'gamma': 1, 'kernel': 'rbf'}",0.5271011717444058,0.10181924735610673,0.06838095499209734,0.19563649383753431,0.5334426916732737,0.09878463740574982,0.5252507258573901,0.05810362575774908,0.529320987654321,0.5290354846391998,"{0: 0.5240592998332936, 1: 0.5240592998332936}","{0: 0.5240592998332936, 1: 0.5240592998332936}",0.5240592998332936,"[[282 364]
 [246 404]]",[1. 1. 1. ... 0. 0. 0.],[1. 1. 1. ... 0. 1. 0.]
967,SVC,"{'C': 10, 'gamma': 1, 'kernel': 'rbf'}",0.5268928918066371,0.10228782894404173,0.06811136487604913,0.19673786046543873,0.5333176949820762,0.09928136756841337,0.5235556303310954,0.05500643377972647,0.5277777777777778,0.5274874970231007,"{0: 0.5250416765896642, 1: 0.5250416765896642}","{0: 0.5250416765896642, 1: 0.5250416765896642}",0.5250416765896642,"[[280 366]
 [246 404]]",[1. 1. 1. ... 0. 0. 0.],[1. 1. 1. ... 0. 1. 0.]
821,SVC,"{'C': 10, 'gamma': 1, 'kernel': 'rbf'}",0.526646260032456,0.10004742294273189,0.06802292453113151,0.19171717309688777,0.5330939068824276,0.09694006077389752,0.5256508348908439,0.05813055785891974,0.529320987654321,0.5290497737556561,"{0: 0.5221255060728744, 1: 0.5221255060728744}","{0: 0.5221255060728744, 1: 0.5221255060728744}",0.5221255060728744,"[[285 361]
 [249 401]]",[1. 1. 1. ... 0. 0. 0.],[1. 1. 1. ... 0. 1. 0.]
253,SVC,"{'C': 10, 'gamma': 1, 'kernel': 'rbf'}",0.5267773016567763,0.10056431909870382,0.06799397440004981,0.19288765399846117,0.5331780797111736,0.0974454375552443,0.5228468068317523,0.053466837597876404,0.5270061728395061,0.52671826625387,"{0: 0.5254012860204811, 1: 0.5254012860204811}","{0: 0.5254012860204811, 1: 0.5254012860204811}",0.5254012860204811,"[[280 366]
 [247 403]]",[1. 1. 1. ... 0. 0. 0.],[1. 1. 1. ... 0. 1. 0.]
294,SVC,"{'C': 10, 'gamma': 1, 'kernel': 'rbf'}",0.5265900205417611,0.10195834795769741,0.06766584056755102,0.19596914307423993,0.5330935438562857,0.09891036714294707,0.5232714244181076,0.05498841897572271,0.5277777777777778,0.5274779709454631,"{0: 0.5258168611574184, 1: 0.5258168611574184}","{0: 0.5258168611574184, 1: 0.5258168611574184}",0.5258168611574184,"[[278 368]
 [244 406]]",[1. 1. 1. ... 0. 0. 0.],[1. 1. 1. ... 0. 1. 0.]
543,SVC,"{'C': 10, 'gamma': 1, 'kernel': 'rbf'}",0.5264808016325052,0.10206688406988006,0.06761471325838353,0.1956930256193778,0.5329979880258121,0.09882841902238539,0.5235556303310954,0.05500643377972647,0.5277777777777778,0.5274874970231007,"{0: 0.5250702548225767, 1: 0.5250702548225769}","{0: 0.5250702548225767, 1: 0.5250702548225769}",0.5250702548225769,"[[280 366]
 [246 404]]",[1. 1. 1. ... 0. 0. 0.],[1. 1. 1. ... 0. 1. 0.]
57,SVC,"{'C': 1000, 'gamma': 1, 'kernel': 'rbf'}",0.526499645371736,0.10224206272661818,0.06740079019312338,0.19722882672869285,0.5330352805118955,0.09928608986962331,0.5263872974611264,0.06116496525692716,0.5308641975308642,0.5305644201000238,"{0: 0.5320838294832103, 1: 0.5320838294832103}","{0: 0.5320838294832103, 1: 0.5320838294832103}",0.5320838294832103,"[[280 366]
 [242 408]]",[1. 1. 1. ... 0. 0. 0.],[1. 1. 1. ... 0. 1. 0.]
430,SVC,"{'C': 10, 'gamma': 1, 'kernel': 'rbf'}",0.5265732894712378,0.10202687162754989,0.06727269134067895,0.195642913389899,0.532737472422013,0.09868521153251673,0.5240955917265516,0.05504246132730961,0.5277777777777778,0.5275065491783758,"{0: 0.5223136461062158, 1: 0.5223136461062158}","{0: 0.5223136461062158, 1: 0.5223136461062158}",0.5223136461062158,"[[284 362]
 [250 400]]",[1. 1. 1. ... 0. 0. 0.],[1. 1. 1. ... 0. 1. 0.]
152,SVC,"{'C': 10, 'gamma': 1, 'kernel': 'rbf'}",0.526081010260597,0.09947382848610947,0.06704553184908427,0.19055668846577342,0.5326913069225839,0.09632265581468702,0.5228468068317523,0.053466837597876404,0.5270061728395061,0.52671826625387,"{0: 0.5255358418671112, 1: 0.5255358418671112}","{0: 0.5255358418671112, 1: 0.5255358418671112}",0.5255358418671112,"[[280 366]
 [247 403]]",[1. 1. 1. ... 0. 0. 0.],[1. 1. 1. ... 0. 1. 0.]
220,SVC,"{'C': 0.1, 'gamma': 0.01, 'kernel': 'rbf'}",0.49635854745608526,0.10394012293889637,0.06690761522031466,0.1579993948688354,0.5337514410128024,0.08202267485463298,0.5253280001629583,0.08907801283484529,0.5439814814814815,0.5445939509407002,"{0: 0.5701595618004287, 1: 0.5701595618004287}","{0: 0.5701595618004287, 1: 0.5701595618004287}",0.5701595618004287,"[[480 166]
 [425 225]]",[0. 0. 1. ... 0. 0. 0.],[1. 1. 1. ... 0. 1. 0.]
415,SVC,"{'C': 10, 'gamma': 1, 'kernel': 'rbf'}",0.525982534686568,0.10159921881669406,0.06656110115248419,0.19498942596331365,0.5324435141474324,0.09831996794593191,0.5232714244181076,0.05498841897572271,0.5277777777777778,0.5274779709454631,"{0: 0.5252024291497975, 1: 0.5252024291497975}","{0: 0.5252024291497975, 1: 0.5252024291497975}",0.5252024291497975,"[[278 368]
 [244 406]]",[1. 1. 1. ... 0. 0. 0.],[1. 1. 1. ... 0. 1. 0.]
277,SVC,"{'C': 10, 'gamma': 1, 'kernel': 'rbf'}",0.5258034995340202,0.09932192311935037,0.06619497041957138,0.19043688100587136,0.5322702215424459,0.0962226825952181,0.5228468068317523,0.053466837597876404,0.5270061728395061,0.52671826625387,"{0: 0.5258037628006669, 1: 0.5258037628006669}","{0: 0.5258037628006669, 1: 0.5258037628006669}",0.5258037628006669,"[[280 366]
 [247 403]]",[1. 1. 1. ... 0. 0. 0.],[1. 1. 1. ... 0. 1. 0.]
526,SVC,"{'C': 10, 'gamma': 1, 'kernel': 'rbf'}",0.5253174754375963,0.10009758151500699,0.06563078805160602,0.19170272869789753,0.5320103653033905,0.09683032638565821,0.5221376158630122,0.05192725609058679,0.5262345679012346,0.5259490354846392,"{0: 0.5244534412955466, 1: 0.5244534412955465}","{0: 0.5244534412955466, 1: 0.5244534412955465}",0.5244534412955465,"[[280 366]
 [248 402]]",[1. 1. 1. ... 0. 0. 0.],[1. 1. 1. ... 0. 1. 0.]
370,SVC,"{'C': 10, 'gamma': 1, 'kernel': 'rbf'}",0.5251887287717694,0.09978112788427203,0.06541463423057899,0.19141288361657224,0.5318750645003494,0.09672485886667961,0.5219986225870794,0.051918219511032704,0.5262345679012346,0.5259442724458204,"{0: 0.5265241724220052, 1: 0.5265241724220052}","{0: 0.5265241724220052, 1: 0.5265241724220052}",0.5265241724220052,"[[279 367]
 [247 403]]",[1. 1. 1. ... 0. 0. 0.],[1. 1. 1. ... 0. 1. 0.]
862,SVC,"{'C': 10, 'gamma': 1, 'kernel': 'rbf'}",0.5256257830088721,0.10182182452422993,0.06537547591289901,0.19572482431314137,0.5319916856916069,0.09881345785314412,0.5218572479941443,0.05190918275921241,0.5262345679012346,0.5259395094070016,"{0: 0.5270278637770898, 1: 0.5270278637770898}","{0: 0.5270278637770898, 1: 0.5270278637770898}",0.5270278637770898,"[[278 368]
 [246 404]]",[1. 1. 1. ... 0. 0. 0.],[1. 1. 1. ... 0. 1. 0.]
769,SVC,"{'C': 10, 'gamma': 1, 'kernel': 'rbf'}",0.5251919759652395,0.10224046671562806,0.06526766710945904,0.19640278967078426,0.5318915325085843,0.09900716482748372,0.5218572479941443,0.05190918275921241,0.5262345679012346,0.5259395094070016,"{0: 0.5254012860204811, 1: 0.5254012860204811}","{0: 0.5254012860204811, 1: 0.5254012860204811}",0.5254012860204811,"[[278 368]
 [246 404]]",[1. 1. 1. ... 0. 0. 0.],[1. 1. 1. ... 0. 1. 0.]
650,SVC,"{'C': 10, 'gamma': 1, 'kernel': 'rbf'}",0.5251944242496664,0.09988865402144924,0.06481760346103824,0.19199495830939625,0.5315512358937364,0.0970241746230332,0.5231195949825894,0.053484880977911264,0.5270061728395061,0.5267277923315075,"{0: 0.524636818290069, 1: 0.5246368182900691}","{0: 0.524636818290069, 1: 0.5246368182900691}",0.5246368182900691,"[[282 364]
 [249 401]]",[1. 1. 1. ... 0. 0. 0.],[1. 1. 1. ... 0. 1. 0.]
595,SVC,"{'C': 10, 'gamma': 1, 'kernel': 'rbf'}",0.5246892706362,0.09961972083796679,0.06451484627639943,0.19107724648966,0.5314358321742332,0.0963993605238415,0.5215673380328879,0.05189110873875247,0.5262345679012346,0.5259299833293641,"{0: 0.5247654203381757, 1: 0.5247654203381757}","{0: 0.5247654203381757, 1: 0.5247654203381757}",0.5247654203381757,"[[276 370]
 [244 406]]",[1. 1. 1. ... 0. 0. 0.],[1. 1. 1. ... 0. 1. 0.]
632,AdaBoost,"{'algorithm': 'SAMME.R', 'learning_rate': 1.8142857142857143, 'n_estimators': 74}",0.5253741425828603,0.07957277339085671,0.0641036353345471,0.15244486063366994,0.5311740819236683,0.07763304179113859,0.5274908521354019,0.05569948186528495,0.5277777777777778,0.5278542510121458,"{0: 0.5424660633484163, 1: 0.5424660633484162}","{0: 0.5424660633484163, 1: 0.5424660633484162}",0.5424660633484162,"[[357 289]
 [323 327]]",[0. 1. 0. ... 0. 0. 0.],[1. 1. 1. ... 0. 1. 0.]
754,SVC,"{'C': 0.1, 'gamma': 0.01, 'kernel': 'rbf'}",0.4916896714990141,0.09651962315252403,0.06310800737057894,0.1427165916951699,0.5311790010126433,0.07323848885474524,0.520775435127287,0.09076207418118165,0.5447530864197531,0.54544415336985,"{0: 0.5557204096213384, 1: 0.5557204096213384}","{0: 0.5557204096213384, 1: 0.5557204096213384}",0.5557204096213384,"[[497 149]
 [441 209]]",[0. 0. 1. ... 0. 0. 0.],[1. 1. 1. ... 0. 1. 0.]
884,SVC,"{'C': 10, 'gamma': 1, 'kernel': 'rbf'}",0.5245489242010565,0.10141417036087201,0.06300599006746462,0.1949953060240266,0.5306886442942019,0.0983350372090021,0.5207181219422274,0.04884813709884961,0.5246913580246914,0.5244105739461777,"{0: 0.5253786615860919, 1: 0.5253786615860919}","{0: 0.5253786615860919, 1: 0.5253786615860919}",0.5253786615860919,"[[280 366]
 [250 400]]",[1. 1. 1. ... 0. 0. 0.],[1. 1. 1. ... 0. 1. 0.]
350,SVC,"{'C': 10, 'gamma': 1, 'kernel': 'rbf'}",0.5242624513790201,0.10237393429498737,0.06237593162697011,0.19686396857854815,0.530373796351447,0.09929460774833715,0.5205810608658235,0.048839071257005706,0.5246913580246914,0.5244058109073588,"{0: 0.5247416051440819, 1: 0.524741605144082}","{0: 0.5247416051440819, 1: 0.524741605144082}",0.524741605144082,"[[279 367]
 [249 401]]",[1. 1. 1. ... 0. 0. 0.],[1. 1. 1. ... 0. 1. 0.]
749,SVC,"{'C': 10, 'gamma': 1, 'kernel': 'rbf'}",0.5233768826267171,0.09812056791150152,0.06167937949117074,0.18792574052986258,0.5300125040290933,0.09495974356600453,0.5211496147025545,0.050369586663425836,0.5254629629629629,0.5251702786377709,"{0: 0.5259287925696594, 1: 0.5259287925696594}","{0: 0.5259287925696594, 1: 0.5259287925696594}",0.5259287925696594,"[[278 368]
 [247 403]]",[1. 1. 1. ... 0. 0. 0.],[1. 1. 1. ... 0. 1. 0.]
394,SVC,"{'C': 0.1, 'gamma': 0.01, 'kernel': 'rbf'}",0.49224411233974086,0.0928991522060002,0.061564753324838455,0.13046228256192377,0.5309071167233417,0.06801561846481269,0.5227998259725011,0.08602145422543594,0.5424382716049383,0.5430650154798762,"{0: 0.5641676589664206, 1: 0.5641676589664206}","{0: 0.5641676589664206, 1: 0.5641676589664206}",0.5641676589664206,"[[482 164]
 [429 221]]",[0. 0. 1. ... 0. 0. 0.],[1. 1. 1. ... 0. 1. 0.]
710,SVC,"{'C': 1, 'gamma': 0.001, 'kernel': 'rbf'}",0.49599305251785863,0.10856114522824856,0.060536072484344894,0.17033584249654432,0.5304734120114822,0.08828989269071678,0.5337740775039898,0.10134874759152213,0.5501543209876543,0.55073350797809,"{0: 0.5525113122171946, 1: 0.5525113122171946}","{0: 0.5525113122171946, 1: 0.5525113122171946}",0.5525113122171946,"[[477 169]
 [414 236]]",[0. 0. 1. ... 0. 0. 0.],[1. 1. 1. ... 0. 1. 0.]
842,SVC,"{'C': 10, 'gamma': 1, 'kernel': 'rbf'}",0.5228718853122093,0.10021366804623896,0.060454374549868364,0.1921211488159449,0.5293707387516234,0.09703456280900652,0.5197332460280444,0.04729043849574188,0.5239197530864198,0.5236318170993093,"{0: 0.5261109788044773, 1: 0.5261109788044773}","{0: 0.5261109788044773, 1: 0.5261109788044773}",0.5261109788044773,"[[278 368]
 [249 401]]",[1. 1. 1. ... 0. 0. 0.],[1. 1. 1. ... 0. 1. 0.]
835,SVC,"{'C': 10, 'gamma': 0.0001, 'kernel': 'rbf'}",0.4964284422805558,0.1061660846266988,0.0599925030007509,0.1628643416608377,0.5298248406539385,0.08487768070640865,0.5334073752647034,0.09666000570939193,0.5478395061728395,0.5483829483210289,"{0: 0.5588878304358181, 1: 0.558887830435818}","{0: 0.5588878304358181, 1: 0.558887830435818}",0.558887830435818,"[[468 178]
 [408 242]]",[0. 0. 1. ... 0. 0. 0.],[1. 1. 1. ... 0. 1. 0.]
452,SVC,"{'C': 0.1, 'gamma': 0.01, 'kernel': 'rbf'}",0.49678758975986903,0.10295188942117083,0.05964981595920433,0.15757221749953715,0.5300714791959734,0.08085104316017347,0.5296912139792724,0.09051117116431318,0.5447530864197531,0.5453060252441058,"{0: 0.5708490116694451, 1: 0.5708490116694451}","{0: 0.5708490116694451, 1: 0.5708490116694451}",0.5708490116694451,"[[468 178]
 [412 238]]",[0. 0. 1. ... 0. 0. 0.],[1. 1. 1. ... 0. 1. 0.]
500,SVC,"{'C': 1000, 'gamma': 0.1, 'kernel': 'sigmoid'}",0.471783138757097,0.09743153931241387,0.056762393259353845,0.12565478438978533,0.5254229649292784,0.06718118653911895,0.5020657296761084,0.05843967448430687,0.5285493827160493,0.5292617289830912,"{0: 0.5231031197904263, 1: 0.5231031197904263}","{0: 0.5231031197904263, 1: 0.5231031197904263}",0.5231031197904263,"[[491 155]
 [456 194]]",[0. 0. 0. ... 0. 0. 0.],[1. 1. 1. ... 0. 1. 0.]
567,SVC,"{'C': 0.1, 'gamma': 0.01, 'kernel': 'rbf'}",0.4942535643515636,0.10168751030754027,0.05592240861357787,0.15419017545452704,0.5278743172783547,0.07971064900844259,0.5233101082109417,0.08287781694663676,0.5408950617283951,0.5414884496308645,"{0: 0.5580412002857824, 1: 0.5580412002857823}","{0: 0.5580412002857824, 1: 0.5580412002857823}",0.5580412002857823,"[[474 172]
 [423 227]]",[0. 0. 1. ... 0. 0. 0.],[1. 1. 1. ... 0. 1. 0.]
315,SVC,"{'C': 0.1, 'gamma': 0.01, 'kernel': 'rbf'}",0.49456820848326166,0.10148754180275016,0.054647472638966674,0.15589586793461888,0.5272481188425584,0.08040708768760792,0.5283647700508515,0.0874194745506276,0.5432098765432098,0.5437580376280067,"{0: 0.5669992855441772, 1: 0.5669992855441772}","{0: 0.5669992855441772, 1: 0.5669992855441772}",0.5669992855441772,"[[466 180]
 [412 238]]",[0. 0. 1. ... 0. 0. 0.],[1. 1. 1. ... 0. 1. 0.]
24,knn,{'n_neighbors': 1},0.5226733438537727,0.09612840138907003,0.05460198665582964,0.18917019229425738,0.526499151915299,0.09566438947585208,0.5223751213653418,0.044739436720346415,0.5223765432098766,0.5223696118123362,"{0: 0.5223696118123363, 1: 0.5223696118123362}","{0: 0.5223696118123363, 1: 0.5223696118123362}",0.5223696118123362,"[[336 310]
 [309 341]]",[1. 0. 1. ... 0. 0. 0.],[1. 1. 1. ... 0. 1. 0.]
997,knn,{'n_neighbors': 1},0.5226733438537727,0.09612840138907003,0.05460198665582964,0.18917019229425738,0.526499151915299,0.09566438947585208,0.5223751213653418,0.044739436720346415,0.5223765432098766,0.5223696118123362,"{0: 0.5223696118123363, 1: 0.5223696118123362}","{0: 0.5223696118123363, 1: 0.5223696118123362}",0.5223696118123362,"[[336 310]
 [309 341]]",[1. 0. 1. ... 0. 0. 0.],[1. 1. 1. ... 0. 1. 0.]
311,knn,{'n_neighbors': 1},0.5226733438537727,0.09612840138907003,0.05460198665582964,0.18917019229425738,0.526499151915299,0.09566438947585208,0.5223751213653418,0.044739436720346415,0.5223765432098766,0.5223696118123362,"{0: 0.5223696118123363, 1: 0.5223696118123362}","{0: 0.5223696118123363, 1: 0.5223696118123362}",0.5223696118123362,"[[336 310]
 [309 341]]",[1. 0. 1. ... 0. 0. 0.],[1. 1. 1. ... 0. 1. 0.]
627,knn,{'n_neighbors': 1},0.5226733438537727,0.09612840138907003,0.05460198665582964,0.18917019229425738,0.526499151915299,0.09566438947585208,0.5223751213653418,0.044739436720346415,0.5223765432098766,0.5223696118123362,"{0: 0.5223696118123363, 1: 0.5223696118123362}","{0: 0.5223696118123363, 1: 0.5223696118123362}",0.5223696118123362,"[[336 310]
 [309 341]]",[1. 0. 1. ... 0. 0. 0.],[1. 1. 1. ... 0. 1. 0.]
976,SVC,"{'C': 10, 'gamma': 0.0001, 'kernel': 'rbf'}",0.4931546305947838,0.10341444110573264,0.05437147352871111,0.15739213609087774,0.5274663357928363,0.08150959497430069,0.5308870695606274,0.09203971814769174,0.5455246913580247,0.5460704929745177,"{0: 0.56200762086211, 1: 0.5620076208621101}","{0: 0.56200762086211, 1: 0.5620076208621101}",0.5620076208621101,"[[467 179]
 [410 240]]",[0. 0. 1. ... 0. 0. 0.],[1. 1. 1. ... 0. 1. 0.]
928,SVC,"{'C': 0.1, 'gamma': 0.01, 'kernel': 'rbf'}",0.49196593494471735,0.1012213896788192,0.0518171962457426,0.15667452334816917,0.5263902293994253,0.0808197481680255,0.5278264985714237,0.08743684165453447,0.5432098765432098,0.5437675637056443,"{0: 0.5758263872350559, 1: 0.575826387235056}","{0: 0.5758263872350559, 1: 0.575826387235056}",0.575826387235056,"[[468 178]
 [414 236]]",[0. 0. 1. ... 0. 0. 0.],[1. 1. 1. ... 0. 1. 0.]
297,SVC,"{'C': 0.1, 'gamma': 0.01, 'kernel': 'rbf'}",0.489016304843108,0.10302163307512995,0.051477702211181864,0.149745273830619,0.5258450703460595,0.07706063177697331,0.5271646900166105,0.08589100078502276,0.5424382716049383,0.5429935698975947,"{0: 0.5772612526792094, 1: 0.5772612526792094}","{0: 0.5772612526792094, 1: 0.5772612526792094}",0.5772612526792094,"[[467 179]
 [414 236]]",[0. 0. 1. ... 0. 0. 0.],[1. 1. 1. ... 0. 1. 0.]
141,SVC,"{'C': 1, 'gamma': 0.001, 'kernel': 'rbf'}",0.4911272041229914,0.1032133065389227,0.050260057375363223,0.1599649331697903,0.5250950772928177,0.08285087674217251,0.5269993171801294,0.08746289107102079,0.5432098765432098,0.5437818528221005,"{0: 0.5549118837818529, 1: 0.5549118837818529}","{0: 0.5549118837818529, 1: 0.5549118837818529}",0.5549118837818529,"[[471 175]
 [417 233]]",[0. 0. 1. ... 0. 0. 0.],[1. 1. 1. ... 0. 1. 0.]
662,SVC,"{'C': 10, 'gamma': 0.0001, 'kernel': 'rbf'}",0.4901385007499006,0.10472459643596778,0.048960026867834544,0.1581806037575618,0.5245199460581358,0.08223872028801996,0.5275534165678548,0.08744552495860847,0.5432098765432098,0.543772326744463,"{0: 0.557706596808764, 1: 0.557706596808764}","{0: 0.557706596808764, 1: 0.557706596808764}",0.557706596808764,"[[469 177]
 [415 235]]",[0. 0. 1. ... 0. 0. 0.],[1. 1. 1. ... 0. 1. 0.]
444,SVC,"{'C': 1000, 'gamma': 0.1, 'kernel': 'sigmoid'}",0.4779772515019852,0.09984433540732857,0.04629892367488769,0.1551399053405273,0.5227354011489637,0.07775370603936756,0.49742178590906844,0.050748142722611744,0.5246913580246914,0.5254108120981186,"{0: 0.51799237913789, 1: 0.51799237913789}","{0: 0.51799237913789, 1: 0.51799237913789}",0.51799237913789,"[[490 156]
 [460 190]]",[0. 0. 0. ... 0. 0. 0.],[1. 1. 1. ... 0. 1. 0.]
548,SVC,"{'C': 0.1, 'gamma': 0.01, 'kernel': 'rbf'}",0.48205545288177654,0.10322272014240376,0.04530723679827725,0.14968717368665407,0.5225897006322652,0.077723507348565,0.5021779659977499,0.05687623070117864,0.5277777777777778,0.5284782090974041,"{0: 0.552884020004763, 1: 0.5528840200047631}","{0: 0.552884020004763, 1: 0.5528840200047631}",0.5528840200047631,"[[488 158]
 [454 196]]",[0. 0. 1. ... 0. 0. 0.],[1. 1. 1. ... 0. 1. 0.]
157,SVC,"{'C': 1000, 'gamma': 0.1, 'kernel': 'sigmoid'}",0.4816732383835381,0.10241223066052858,0.04452899076268588,0.1609685669160115,0.5218859855281601,0.08270371578993364,0.49992171398137786,0.0522485671478512,0.5254629629629629,0.5261609907120743,"{0: 0.5217861395570373, 1: 0.5217861395570375}","{0: 0.5217861395570373, 1: 0.5217861395570375}",0.5217861395570375,"[[486 160]
 [455 195]]",[0. 0. 0. ... 0. 0. 0.],[1. 1. 1. ... 0. 1. 0.]
704,SVC,"{'C': 1000, 'gamma': 0.1, 'kernel': 'sigmoid'}",0.48579630364395404,0.10022546031061144,0.042500093374056525,0.15609266877471212,0.5213940984743124,0.0787602088105205,0.501999926495432,0.05375812174773342,0.5262345679012346,0.5269159323648488,"{0: 0.5219599904739223, 1: 0.5219599904739224}","{0: 0.5219599904739223, 1: 0.5219599904739224}",0.5219599904739224,"[[483 163]
 [451 199]]",[1. 1. 1. ... 0. 1. 1.],[1. 1. 1. ... 0. 1. 0.]
533,AdaBoost,"{'algorithm': 'SAMME.R', 'learning_rate': 1.7326530612244897, 'n_estimators': 74}",0.5052334706713895,0.08475641850201023,0.033419100259216426,0.1509955200507256,0.5165854484964979,0.07362810588638176,0.5313688074656141,0.06340989508674522,0.5316358024691358,0.5317099309359371,"{0: 0.5370457251726601, 1: 0.5370457251726601}","{0: 0.5370457251726601, 1: 0.5370457251726601}",0.5370457251726601,"[[359 287]
 [320 330]]",[0. 0. 1. ... 0. 0. 0.],[1. 1. 1. ... 0. 1. 0.]
216,SVC,"{'C': 1, 'gamma': 1, 'kernel': 'sigmoid'}",0.4745865419577976,0.09864254780334603,0.03032136822813973,0.14642595708342784,0.513184708118975,0.07197219912862274,0.49480055165423437,0.02894331221099511,0.5138888888888888,0.5144891640866873,"{0: 0.4928971183615146, 1: 0.4928971183615146}","{0: 0.4928971183615146, 1: 0.4928971183615146}",0.4928971183615146,"[[458 188]
 [442 208]]",[0. 0. 0. ... 0. 1. 0.],[1. 1. 1. ... 0. 1. 0.]
876,SVC,"{'C': 1000, 'gamma': 0.1, 'kernel': 'sigmoid'}",0.4737860336220351,0.0754507261765637,0.02898157221987986,0.10845458222535649,0.5130861820310106,0.05810343838835061,0.48528527634180835,0.02450950082047132,0.5115740740740741,0.5122719695165515,"{0: 0.5087628006668254, 1: 0.5087628006668254}","{0: 0.5087628006668254, 1: 0.5087628006668254}",0.5087628006668254,"[[477 169]
 [464 186]]",[0. 0. 0. ... 0. 1. 1.],[1. 1. 1. ... 0. 1. 0.]
940,SVC,"{'C': 1000, 'gamma': 0.01, 'kernel': 'sigmoid'}",0.3964974994739894,0.08917212207623447,0.026471297407470406,0.10983962330500109,0.5126616603696789,0.059456296507436196,0.40160232207723245,0.02417983335391871,0.5108024691358025,0.5121219337937604,"{0: 0.49166825434627287, 1: 0.49166825434627287}","{0: 0.49166825434627287, 1: 0.49166825434627287}",0.49166825434627287,"[[607  39]
 [595  55]]",[0. 0. 0. ... 0. 0. 0.],[1. 1. 1. ... 0. 1. 0.]
545,AdaBoost,"{'algorithm': 'SAMME', 'learning_rate': 2.630612244897959, 'n_estimators': 63}",0.36061224827934646,0.06231205211435085,0.024263821178179965,0.06209050886100143,0.5122528514476735,0.03889673024578556,0.3507502274493052,0.013775909965097255,0.5054012345679012,0.5069087878066206,"{0: 0.5190509645153609, 1: 0.5190509645153608}","{0: 0.5190509645153609, 1: 0.5190509645153608}",0.5190509645153608,"[[643   3]
 [638  12]]",[0. 0. 0. ... 0. 0. 0.],[1. 1. 1. ... 0. 1. 0.]
83,SVC,"{'C': 1000, 'gamma': 1, 'kernel': 'sigmoid'}",0.4965718485468675,0.09819939487799609,0.023992232642375485,0.17574301024455152,0.511786237207438,0.08910958990774616,0.5074691618591999,0.028462636839600264,0.5138888888888888,0.5142414860681115,"{0: 0.5045975232198142, 1: 0.5045975232198142}","{0: 0.5045975232198142, 1: 0.5045975232198142}",0.5045975232198142,"[[406 240]
 [390 260]]",[0. 1. 1. ... 0. 0. 0.],[1. 1. 1. ... 0. 1. 0.]
151,SVC,"{'C': 0.1, 'gamma': 0.01, 'kernel': 'rbf'}",0.47824305489733904,0.09843413309667766,0.023563274634183375,0.17132453086658742,0.5119016739665609,0.08769745112171948,0.4857547869231532,0.007298158808696886,0.5030864197530864,0.5036532507739938,"{0: 0.548042391045487, 1: 0.548042391045487}","{0: 0.548042391045487, 1: 0.548042391045487}",0.548042391045487,"[[444 202]
 [442 208]]",[0. 0. 1. ... 0. 0. 0.],[1. 1. 1. ... 0. 1. 0.]
690,SVC,"{'C': 10, 'gamma': 1, 'kernel': 'sigmoid'}",0.48070086810242607,0.11284907778407606,0.021052606924586024,0.19608992635335276,0.5123421708704294,0.09866316910019536,0.4955301471054345,0.014803922968207983,0.5069444444444444,0.5074089068825911,"{0: 0.5039842819718982, 1: 0.503984281971898}","{0: 0.5039842819718982, 1: 0.503984281971898}",0.503984281971898,"[[425 221]
 [418 232]]",[0. 0. 0. ... 0. 0. 0.],[1. 1. 1. ... 0. 1. 0.]
327,AdaBoost,"{'algorithm': 'SAMME', 'learning_rate': 2.304081632653061, 'n_estimators': 63}",0.35712664250647463,0.07778517233429741,0.017767538287904335,0.08615906728652864,0.5085198804282828,0.04856911773840162,0.3406215258494503,-0.001609801267896671,0.4976851851851852,0.4991926649202191,"{0: 0.51803048344844, 1: 0.5180304834484403}","{0: 0.51803048344844, 1: 0.5180304834484403}",0.5180304834484403,"[[638   8]
 [643   7]]",[0. 0. 0. ... 0. 0. 0.],[1. 1. 1. ... 0. 1. 0.]
646,SVC,"{'C': 1000, 'gamma': 0.1, 'kernel': 'sigmoid'}",0.4814798205201471,0.09392717875892306,0.01772911807186629,0.16165188491468327,0.5063275701904743,0.08393077186353518,0.49365940246677814,0.016443987667009163,0.5077160493827161,0.5082305310788283,"{0: 0.4986115741843296, 1: 0.4986115741843296}","{0: 0.4986115741843296, 1: 0.4986115741843296}",0.4986115741843296,"[[436 210]
 [428 222]]",[1. 1. 1. ... 0. 1. 1.],[1. 1. 1. ... 0. 1. 0.]
207,AdaBoost,"{'algorithm': 'SAMME', 'learning_rate': 3.0387755102040814, 'n_estimators': 41}",0.3529821045879675,0.04637844389345426,0.01628502029288004,0.03801831041927546,0.5082476267872765,0.028945349191731768,0.3494637895094293,0.013785276394079449,0.5054012345679012,0.5069135508454393,"{0: 0.5240747797094547, 1: 0.5240747797094546}","{0: 0.5240747797094547, 1: 0.5240747797094546}",0.5240747797094546,"[[644   2]
 [639  11]]",[0. 0. 0. ... 0. 0. 0.],[1. 1. 1. ... 0. 1. 0.]
750,AdaBoost,"{'algorithm': 'SAMME', 'learning_rate': 2.7122448979591836, 'n_estimators': 63}",0.3564918178479616,0.05121318011522075,0.01544276376490751,0.05396055756544404,0.5083654011400235,0.03147047504751831,0.34963318146950884,0.00914608086161195,0.5030864197530864,0.504586806382472,"{0: 0.5194022386282449, 1: 0.5194022386282449}","{0: 0.5194022386282449, 1: 0.5194022386282449}",0.5194022386282449,"[[640   6]
 [638  12]]",[0. 0. 0. ... 0. 0. 0.],[1. 1. 1. ... 0. 1. 0.]
136,AdaBoost,"{'algorithm': 'SAMME', 'learning_rate': 3.2020408163265306, 'n_estimators': 63}",0.34498148989627736,0.029298229194030058,0.009196412697943334,0.019230467120955514,0.5051707037103534,0.020143178238007424,0.34649897874535557,0.012260791110688896,0.5046296296296297,0.5061490831150274,"{0: 0.5395570373898547, 1: 0.5395570373898547}","{0: 0.5395570373898547, 1: 0.5395570373898547}",0.5395570373898547,"[[645   1]
 [641   9]]",[0. 0. 0. ... 0. 0. 0.],[1. 1. 1. ... 0. 1. 0.]
416,SVC,"{'C': 0.1, 'gamma': 0.001, 'kernel': 'rbf'}",0.3590882359788229,0.03777489505942437,0.008909547248891272,0.035066355073190586,0.5179023495040856,0.019414949682702222,0.5183545007954287,0.03714710252600284,0.5185185185185185,0.5185758513931888,"{0: 0.49948797332698264, 1: 0.49948797332698264}","{0: 0.49948797332698264, 1: 0.49948797332698264}",0.49948797332698264,"[[347 299]
 [325 325]]",[0. 0. 0. ... 0. 0. 0.],[1. 1. 1. ... 0. 1. 0.]
891,AdaBoost,"{'algorithm': 'SAMME', 'learning_rate': 2.793877551020408, 'n_estimators': 85}",0.3456654252115754,0.027325342506249038,0.007734204521022492,0.019199403453199,0.504475684299487,0.02100393849453708,0.34743403534253203,0.010708163371908164,0.503858024691358,0.505370326268159,"{0: 0.53279947606573, 1: 0.5327994760657299}","{0: 0.53279947606573, 1: 0.5327994760657299}",0.5327994760657299,"[[643   3]
 [640  10]]",[0. 0. 0. ... 0. 0. 0.],[1. 1. 1. ... 0. 1. 0.]
925,SVC,"{'C': 10, 'gamma': 1, 'kernel': 'sigmoid'}",0.49509545605081196,0.10454359843065665,0.00721425050853489,0.21222482878017646,0.503443247413223,0.10518332305899146,0.4979283976197556,0.0036084584551226984,0.5015432098765432,0.5018051917123124,"{0: 0.48105977613717554, 1: 0.4810597761371755}","{0: 0.48105977613717554, 1: 0.4810597761371755}",0.4810597761371755,"[[379 267]
 [379 271]]",[1. 0. 0. ... 1. 1. 0.],[1. 1. 1. ... 0. 1. 0.]
987,SVC,"{'C': 10, 'gamma': 1, 'kernel': 'sigmoid'}",0.4563161429936723,0.08152008012462614,0.006738424357754962,0.12277357935844627,0.5023782467594107,0.06073065853349997,0.48273677906762485,-0.0020078219414019216,0.4984567901234568,0.4989949988092403,"{0: 0.47888306739699926, 1: 0.47888306739699926}","{0: 0.47888306739699926, 1: 0.47888306739699926}",0.47888306739699926,"[[435 211]
 [439 211]]",[0. 1. 0. ... 0. 0. 0.],[1. 1. 1. ... 0. 1. 0.]
54,SVC,"{'C': 0.1, 'gamma': 0.001, 'kernel': 'rbf'}",0.3570300600899946,0.031727076013367335,0.006477095676609301,0.03039821897676423,0.5171519759621008,0.01967504584734642,0.5158101729772285,0.03223685777576635,0.5162037037037037,0.516115741843296,"{0: 0.5027768516313408, 1: 0.5027768516313409}","{0: 0.5027768516313408, 1: 0.5027768516313409}",0.5027768516313409,"[[315 331]
 [296 354]]",[0. 0. 0. ... 0. 0. 0.],[1. 1. 1. ... 0. 1. 0.]
106,SVC,"{'C': 0.1, 'gamma': 0.001, 'kernel': 'rbf'}",0.35342816699780305,0.03496040680075783,0.006282692718089771,0.021487547699539488,0.5138913919242682,0.019993222966727914,0.5081310513351172,0.025248486233291345,0.5123456790123457,0.5126315789473684,"{0: 0.502501786139557, 1: 0.5025017861395571}","{0: 0.502501786139557, 1: 0.5025017861395571}",0.5025017861395571,"[[391 255]
 [377 273]]",[0. 0. 0. ... 0. 0. 0.],[1. 1. 1. ... 0. 1. 0.]
201,SVC,"{'C': 0.1, 'gamma': 0.001, 'kernel': 'rbf'}",0.3589130146080726,0.04678950921739868,0.004769571884645294,0.0263466351407502,0.514519988262542,0.019329331518198573,0.5105988773593313,0.02666571448975219,0.5131172839506173,0.5133388902119552,"{0: 0.5063372231483687, 1: 0.5063372231483686}","{0: 0.5063372231483687, 1: 0.5063372231483686}",0.5063372231483686,"[[378 268]
 [363 287]]",[0. 0. 0. ... 0. 0. 0.],[1. 1. 1. ... 0. 1. 0.]
471,SVC,"{'C': 0.1, 'gamma': 0.001, 'kernel': 'rbf'}",0.3544760755728813,0.03430468671683318,0.003428978157391338,0.028690394200481795,0.5155429433264177,0.019683882566059206,0.5150590370480425,0.030697993483107533,0.5154320987654321,0.5153465110740653,"{0: 0.4943534174803525, 1: 0.4943534174803525}","{0: 0.4943534174803525, 1: 0.4943534174803525}",0.4943534174803525,"[[315 331]
 [297 353]]",[0. 0. 0. ... 0. 0. 0.],[1. 1. 1. ... 0. 1. 0.]
825,SVC,"{'C': 0.1, 'gamma': 0.001, 'kernel': 'rbf'}",0.35681119958366175,0.03481975637707889,0.003152435438165009,0.029231016862432194,0.5153489134756715,0.020887089703807673,0.5144184970102644,0.02918689233671401,0.5146604938271605,0.5145915694212908,"{0: 0.4962479161705168, 1: 0.4962479161705168}","{0: 0.4962479161705168, 1: 0.4962479161705168}",0.4962479161705168,"[[318 328]
 [301 349]]",[0. 0. 0. ... 0. 0. 0.],[1. 1. 1. ... 0. 1. 0.]
521,AdaBoost,"{'algorithm': 'SAMME', 'learning_rate': 2.957142857142857, 'n_estimators': 30}",0.33753199751685287,0.025144741677213475,0.003020407940849705,0.014628031141000702,0.5010646549031903,0.019942643451139247,0.34152114592166,0.0046677400398452695,0.503858024691358,0.5023267444629674,"{0: 0.5223362705406049, 1: 0.5223362705406048}","{0: 0.5223362705406049, 1: 0.5223362705406048}",0.5223362705406048,"[[  4 642]
 [  1 649]]",[1. 1. 1. ... 1. 1. 1.],[1. 1. 1. ... 0. 1. 0.]
919,AdaBoost,"{'algorithm': 'SAMME', 'learning_rate': 3.7734693877551018, 'n_estimators': 52}",0.33753199751685287,0.025144741677213475,0.003020407940849705,0.014628031141000702,0.5010646549031903,0.019942643451139247,0.34152114592166,0.0046677400398452695,0.503858024691358,0.5023267444629674,"{0: 0.5238211478923553, 1: 0.5238211478923553}","{0: 0.5238211478923553, 1: 0.5238211478923553}",0.5238211478923553,"[[  4 642]
 [  1 649]]",[1. 1. 1. ... 1. 1. 1.],[1. 1. 1. ... 0. 1. 0.]
316,AdaBoost,"{'algorithm': 'SAMME', 'learning_rate': 3.691836734693877, 'n_estimators': 96}",0.33753199751685287,0.025144741677213475,0.003020407940849705,0.014628031141000702,0.5010646549031903,0.019942643451139247,0.34152114592166,0.0046677400398452695,0.503858024691358,0.5023267444629674,"{0: 0.5279292688735414, 1: 0.5279292688735413}","{0: 0.5279292688735414, 1: 0.5279292688735413}",0.5279292688735413,"[[  4 642]
 [  1 649]]",[1. 1. 1. ... 1. 1. 1.],[1. 1. 1. ... 0. 1. 0.]
673,SVC,"{'C': 0.1, 'gamma': 0.001, 'kernel': 'sigmoid'}",0.3527623109579914,0.03689261813395286,0.002982005141388173,0.014608782013514062,0.5128370609734766,0.016953807144395285,0.5122527570761818,0.0247749678525504,0.5123456790123457,0.5123886639676113,"{0: 0.5041676589664206, 1: 0.5041676589664205}","{0: 0.5041676589664206, 1: 0.5041676589664205}",0.5041676589664205,"[[340 306]
 [326 324]]",[0. 0. 0. ... 0. 0. 0.],[1. 1. 1. ... 0. 1. 0.]
762,SVC,"{'C': 10, 'gamma': 0.1, 'kernel': 'sigmoid'}",0.4581077078852898,0.08450542183548972,0.002778692698909562,0.1428220436498259,0.5008114527392131,0.07014947589637194,0.48091197550012443,0.013689247424347628,0.5061728395061729,0.5068540128602048,"{0: 0.4800261967135033, 1: 0.48002619671350316}","{0: 0.4800261967135033, 1: 0.48002619671350316}",0.48002619671350316,"[[470 176]
 [464 186]]",[1. 1. 1. ... 0. 0. 0.],[1. 1. 1. ... 0. 1. 0.]
156,AdaBoost,"{'algorithm': 'SAMME', 'learning_rate': 2.2224489795918365, 'n_estimators': 52}",0.3579905819175265,0.05811675305229259,0.0024496624731352146,0.04352886745143446,0.5003151811522623,0.02668371802976702,0.378850320316318,0.0049624828653442865,0.503858024691358,0.5024743986663491,"{0: 0.4961252679209335, 1: 0.49612526792093364}","{0: 0.4961252679209335, 1: 0.49612526792093364}",0.49612526792093364,"[[ 35 611]
 [ 32 618]]",[1. 1. 1. ... 1. 1. 1.],[1. 1. 1. ... 0. 1. 0.]
85,SVC,"{'C': 1, 'gamma': 0.0001, 'kernel': 'rbf'}",0.3498754591297978,0.025025653510654024,0.002001019972452718,0.017171060843314333,0.5130291629891081,0.018430790213337017,0.5131181535833297,0.02623920591751494,0.5131172839506173,0.5131197904262921,"{0: 0.5030019052155276, 1: 0.5030019052155276}","{0: 0.5030019052155276, 1: 0.5030019052155276}",0.5030019052155276,"[[332 314]
 [317 333]]",[0. 0. 0. ... 0. 0. 0.],[1. 1. 1. ... 0. 1. 0.]
948,SVC,"{'C': 0.1, 'gamma': 0.001, 'kernel': 'rbf'}",0.3521288089765627,0.02266424443621782,0.0019464720194647268,0.009535726492586612,0.5149743158754374,0.014646036227865875,0.5142217044635295,0.029140643981077963,0.5146604938271605,0.5145677542271969,"{0: 0.49427482733984285, 1: 0.4942748273398428}","{0: 0.49427482733984285, 1: 0.4942748273398428}",0.4942748273398428,"[[313 333]
 [296 354]]",[0. 0. 0. ... 0. 0. 0.],[1. 1. 1. ... 0. 1. 0.]
279,SVC,"{'C': 0.1, 'gamma': 0.001, 'kernel': 'rbf'}",0.3528320427507354,0.02504789748378248,0.0019377162629757817,0.009492832221166658,0.5149172748772198,0.014407955557504997,0.5142657078192612,0.029149894004716237,0.5146604938271605,0.5145725172660157,"{0: 0.49649678494879734, 1: 0.49649678494879734}","{0: 0.49649678494879734, 1: 0.49649678494879734}",0.49649678494879734,"[[314 332]
 [297 353]]",[0. 0. 0. ... 0. 0. 0.],[1. 1. 1. ... 0. 1. 0.]
89,SVC,"{'C': 0.1, 'gamma': 0.001, 'kernel': 'sigmoid'}",0.3528320427507354,0.02504789748378248,0.0019377162629757817,0.009492832221166658,0.5149172748772198,0.014407955557504997,0.5142657078192612,0.029149894004716237,0.5146604938271605,0.5145725172660157,"{0: 0.5026172898309121, 1: 0.5026172898309121}","{0: 0.5026172898309121, 1: 0.5026172898309121}",0.5026172898309121,"[[314 332]
 [297 353]]",[0. 0. 0. ... 0. 0. 0.],[1. 1. 1. ... 0. 1. 0.]
33,SVC,"{'C': 0.1, 'gamma': 0.001, 'kernel': 'rbf'}",0.35913691426782485,0.04792678671535257,0.0016510014172797004,0.06469958996738025,0.5142659000260024,0.035762118392750064,0.5081699149533064,0.016820773727008964,0.5084876543209876,0.508409145034532,"{0: 0.4940759704691593, 1: 0.4940759704691593}","{0: 0.4940759704691593, 1: 0.4940759704691593}",0.4940759704691593,"[[312 334]
 [303 347]]",[0. 0. 0. ... 0. 0. 0.],[1. 1. 1. ... 0. 1. 0.]
816,SVC,"{'C': 1000, 'gamma': 0.1, 'kernel': 'sigmoid'}",0.4469784165046753,0.10694689861842394,0.0010449574316832332,0.16770442938820185,0.49847120473088224,0.08742667910888288,0.4646572318452937,0.01870931852436486,0.5084876543209876,0.5093712788759228,"{0: 0.5085615622767325, 1: 0.5085615622767325}","{0: 0.5085615622767325, 1: 0.5085615622767325}",0.5085615622767325,"[[514 132]
 [505 145]]",[0. 0. 0. ... 0. 1. 1.],[1. 1. 1. ... 0. 1. 0.]
685,AdaBoost,"{'algorithm': 'SAMME.R', 'learning_rate': 2.059183673469388, 'n_estimators': 96}",0.36769915480724863,0.053958848588785545,0.00037047127331680586,0.05407576854770163,0.5008846584909006,0.03569340705032995,0.3745690120538792,0.0012112230502869803,0.4992283950617284,0.5006072874493926,"{0: 0.44808168611574184, 1: 0.44808168611574184}","{0: 0.44808168611574184, 1: 0.44808168611574184}",0.44808168611574184,"[[612  34]
 [615  35]]",[0. 0. 0. ... 0. 0. 0.],[1. 1. 1. ... 0. 1. 0.]
527,SVC,"{'C': 0.1, 'gamma': 0.001, 'kernel': 'sigmoid'}",0.349318418495584,0.015081312310983006,0.0,0.0,0.5141900021499471,0.013261430922438146,0.5133789253943276,0.027583249964270307,0.5138888888888888,0.5137889973803287,"{0: 0.5037628006668254, 1: 0.5037628006668254}","{0: 0.5037628006668254, 1: 0.5037628006668254}",0.5037628006668254,"[[311 335]
 [295 355]]",[0. 0. 0. ... 0. 0. 0.],[1. 1. 1. ... 0. 1. 0.]
845,SVC,"{'C': 0.1, 'gamma': 0.001, 'kernel': 'sigmoid'}",0.349318418495584,0.015081312310983006,0.0,0.0,0.5141900021499471,0.013261430922438146,0.5133789253943276,0.027583249964270307,0.5138888888888888,0.5137889973803287,"{0: 0.5063110264348654, 1: 0.5063110264348655}","{0: 0.5063110264348654, 1: 0.5063110264348655}",0.5063110264348655,"[[311 335]
 [295 355]]",[0. 0. 0. ... 0. 0. 0.],[1. 1. 1. ... 0. 1. 0.]
351,SVC,"{'C': 0.1, 'gamma': 0.001, 'kernel': 'sigmoid'}",0.349318418495584,0.015081312310983006,0.0,0.0,0.5141900021499471,0.013261430922438146,0.5133789253943276,0.027583249964270307,0.5138888888888888,0.5137889973803287,"{0: 0.506046677780424, 1: 0.5060466777804239}","{0: 0.506046677780424, 1: 0.5060466777804239}",0.5060466777804239,"[[311 335]
 [295 355]]",[0. 0. 0. ... 0. 0. 0.],[1. 1. 1. ... 0. 1. 0.]
166,AdaBoost,"{'algorithm': 'SAMME.R', 'learning_rate': 3.936734693877551, 'n_estimators': 30}",0.33687383982124997,0.021850010099241087,-0.0004018157630755326,0.012988640136453447,0.5002999372242861,0.019286432006241926,0.3356902979038973,-2.8490840194850264e-05,0.4984567901234568,0.49998571088354365,"{0: 0.41031436056203857, 1: 0.4103143605620386}","{0: 0.41031436056203857, 1: 0.4103143605620386}",0.4103143605620386,"[[643   3]
 [647   3]]",[0. 0. 0. ... 0. 0. 0.],[1. 1. 1. ... 0. 1. 0.]
312,SVC,"{'C': 10, 'gamma': 1, 'kernel': 'sigmoid'}",0.4625518977755903,0.10012120385794733,-0.00044441673890859956,0.16991859741559595,0.4980260816936978,0.08572743147417625,0.4678537527646764,-0.02817015324449179,0.4853395061728395,0.4858990235770422,"{0: 0.4706263396046678, 1: 0.47062633960466776}","{0: 0.4706263396046678, 1: 0.47062633960466776}",0.47062633960466776,"[[431 215]
 [452 198]]",[0. 1. 1. ... 0. 0. 0.],[1. 1. 1. ... 0. 1. 0.]
118,SVC,"{'C': 1, 'gamma': 0.0001, 'kernel': 'rbf'}",0.34872141751658836,0.01699115083231709,-0.0007650942366381441,0.011691525053148641,0.5124966944946752,0.014624489012911673,0.513094961782861,0.026192823766450823,0.5131172839506173,0.5130959752321982,"{0: 0.5031936175279828, 1: 0.5031936175279829}","{0: 0.5031936175279828, 1: 0.5031936175279829}",0.5031936175279829,"[[327 319]
 [312 338]]",[0. 0. 0. ... 0. 0. 0.],[1. 1. 1. ... 0. 1. 0.]
293,AdaBoost,"{'algorithm': 'SAMME', 'learning_rate': 2.8755102040816327, 'n_estimators': 96}",0.3386728982885152,0.030951581870824408,-0.0015447584214953913,0.03371470025731864,0.4987150045535398,0.02995013132928727,0.3441846469315431,0.004686760975190385,0.503858024691358,0.5023362705406049,"{0: 0.519077161228864, 1: 0.519077161228864}","{0: 0.519077161228864, 1: 0.519077161228864}",0.519077161228864,"[[  6 640]
 [  3 647]]",[1. 1. 1. ... 1. 1. 1.],[1. 1. 1. ... 0. 1. 0.]
28,SVC,"{'C': 1, 'gamma': 0.0001, 'kernel': 'sigmoid'}",0.3488668966249934,0.015100056744931136,-0.0019715639810426477,0.009658651497609468,0.5132023478289596,0.013810375074819735,0.5118818143232692,0.024505507069629173,0.5123456790123457,0.5122505358418672,"{0: 0.5070957370802572, 1: 0.5070957370802572}","{0: 0.5070957370802572, 1: 0.5070957370802572}",0.5070957370802572,"[[311 335]
 [297 353]]",[0. 0. 0. ... 0. 0. 0.],[1. 1. 1. ... 0. 1. 0.]
863,AdaBoost,"{'algorithm': 'SAMME', 'learning_rate': 2.5489795918367344, 'n_estimators': 74}",0.3372747777595066,0.02933717764426663,-0.002631183835637949,0.03394957148846781,0.49825523443859737,0.029926867077506147,0.3425013918271257,0.0031340773582021475,0.5030864197530864,0.5015622767325554,"{0: 0.517694689211717, 1: 0.517694689211717}","{0: 0.517694689211717, 1: 0.517694689211717}",0.517694689211717,"[[  5 641]
 [  3 647]]",[1. 1. 1. ... 1. 1. 1.],[1. 1. 1. ... 0. 1. 0.]
186,AdaBoost,"{'algorithm': 'SAMME', 'learning_rate': 2.5489795918367344, 'n_estimators': 74}",0.3372747777595066,0.02933717764426663,-0.002631183835637949,0.03394957148846781,0.49825523443859737,0.029926867077506147,0.3425013918271257,0.0031340773582021475,0.5030864197530864,0.5015622767325554,"{0: 0.5176946892117171, 1: 0.517694689211717}","{0: 0.5176946892117171, 1: 0.517694689211717}",0.517694689211717,"[[  5 641]
 [  3 647]]",[1. 1. 1. ... 1. 1. 1.],[1. 1. 1. ... 0. 1. 0.]
371,SVC,"{'C': 0.1, 'gamma': 0.001, 'kernel': 'rbf'}",0.3519413830803273,0.018784017902129087,-0.002771819032040579,0.018299905259291586,0.5126628404656013,0.016579764212757187,0.5120109527516935,0.024533389228174718,0.5123456790123457,0.5122648249583234,"{0: 0.4985865682305311, 1: 0.49858656823053105}","{0: 0.4985865682305311, 1: 0.49858656823053105}",0.49858656823053105,"[[314 332]
 [300 350]]",[0. 0. 0. ... 0. 0. 0.],[1. 1. 1. ... 0. 1. 0.]
69,SVC,"{'C': 0.1, 'gamma': 0.001, 'kernel': 'rbf'}",0.35126569456538015,0.0238325912899639,-0.0030083053964091943,0.02879052200688737,0.5115124154723606,0.023499528753939982,0.5123282577676184,0.024654193499218824,0.5123456790123457,0.5123267444629673,"{0: 0.5052762562514884, 1: 0.5052762562514885}","{0: 0.5052762562514884, 1: 0.5052762562514885}",0.5052762562514885,"[[327 319]
 [313 337]]",[0. 0. 0. ... 0. 0. 0.],[1. 1. 1. ... 0. 1. 0.]
126,SVC,"{'C': 0.1, 'gamma': 0.001, 'kernel': 'rbf'}",0.3467249225227301,0.022966591115096382,-0.0038382134916943225,0.03139716087015638,0.5085664763017484,0.022090014096019586,0.4986238628347246,0.014672637886150253,0.5069444444444444,0.5073422243391283,"{0: 0.5033841390807335, 1: 0.5033841390807334}","{0: 0.5033841390807335, 1: 0.5033841390807334}",0.5033841390807334,"[[411 235]
 [404 246]]",[0. 0. 0. ... 0. 0. 0.],[1. 1. 1. ... 0. 1. 0.]
472,AdaBoost,"{'algorithm': 'SAMME', 'learning_rate': 2.3857142857142857, 'n_estimators': 85}",0.34405975743649747,0.026819129376257366,-0.004010854548231921,0.030175422574725552,0.49863751172852766,0.022657212206700018,0.34575588564304677,-0.0016478532793231526,0.4976851851851852,0.49917361276494404,"{0: 0.5230685877589902, 1: 0.5230685877589902}","{0: 0.5230685877589902, 1: 0.5230685877589902}",0.5230685877589902,"[[634  12]
 [639  11]]",[0. 0. 0. ... 0. 0. 0.],[1. 1. 1. ... 0. 1. 0.]
434,SVC,"{'C': 0.1, 'gamma': 0.001, 'kernel': 'rbf'}",0.35826894501926737,0.03824017297503375,-0.004014475465917249,0.03448015047831115,0.510094350215826,0.021790518875965743,0.5098496521261293,0.02017840049148234,0.5100308641975309,0.5100904977375565,"{0: 0.4985734698737795, 1: 0.49857346987377943}","{0: 0.4985734698737795, 1: 0.49857346987377943}",0.49857346987377943,"[[342 304]
 [331 319]]",[0. 0. 0. ... 0. 0. 0.],[1. 1. 1. ... 0. 1. 0.]
165,SVC,"{'C': 0.1, 'gamma': 0.001, 'kernel': 'rbf'}",0.3558637890491134,0.022906048407632704,-0.004562268284741928,0.018705312733840993,0.5116257741098199,0.01750890853597733,0.5106870986811733,0.02151172760703457,0.5108024691358025,0.5107549416527745,"{0: 0.5031400333412717, 1: 0.5031400333412717}","{0: 0.5031400333412717, 1: 0.5031400333412717}",0.5031400333412717,"[[320 326]
 [308 342]]",[0. 0. 0. ... 0. 0. 0.],[1. 1. 1. ... 0. 1. 0.]
184,SVC,"{'C': 0.1, 'gamma': 0.001, 'kernel': 'rbf'}",0.34175810377877497,0.021548654308969177,-0.00508927055513483,0.03178241102791814,0.5037186918931431,0.023590778460377382,0.4994799135613971,0.011466350616155752,0.5054012345679012,0.5057370802572041,"{0: 0.49829006906406287, 1: 0.49829006906406287}","{0: 0.49829006906406287, 1: 0.49829006906406287}",0.49829006906406287,"[[397 249]
 [392 258]]",[0. 0. 0. ... 0. 0. 0.],[1. 1. 1. ... 0. 1. 0.]
90,AdaBoost,"{'algorithm': 'SAMME', 'learning_rate': 2.7122448979591836, 'n_estimators': 74}",0.33623081819436484,0.03016879448786749,-0.005317286855441155,0.033634166577256354,0.49678477199540033,0.02938237377778412,0.3421447858022478,0.0015909188631381133,0.5023148148148148,0.5007930459633246,"{0: 0.5192450583472255, 1: 0.5192450583472255}","{0: 0.5192450583472255, 1: 0.5192450583472255}",0.5192450583472255,"[[  5 641]
 [  4 646]]",[1. 1. 1. ... 1. 1. 1.],[1. 1. 1. ... 0. 1. 0.]
724,AdaBoost,"{'algorithm': 'SAMME', 'learning_rate': 3.2020408163265306, 'n_estimators': 96}",0.33768242776364965,0.029442376535977106,-0.005348368854496291,0.03498016233366482,0.49687222400640657,0.029367197964415045,0.34310676466902856,5.732958780013675e-05,0.5015432098765432,0.5000285782329126,"{0: 0.5358918790188141, 1: 0.535891879018814}","{0: 0.5358918790188141, 1: 0.535891879018814}",0.535891879018814,"[[  6 640]
 [  6 644]]",[1. 1. 1. ... 1. 1. 1.],[1. 1. 1. ... 0. 1. 0.]
49,SVC,"{'C': 1, 'gamma': 0.0001, 'kernel': 'rbf'}",0.34845314197022326,0.03966504478284393,-0.005385997441548507,0.055489045761807694,0.5055497399623349,0.0326809495962544,0.4846129500003681,0.0010657734470158609,0.5,0.5005334603477019,"{0: 0.49005715646582526, 1: 0.49005715646582515}","{0: 0.49005715646582526, 1: 0.49005715646582515}",0.49005715646582515,"[[435 211]
 [437 213]]",[0. 0. 0. ... 0. 0. 0.],[1. 1. 1. ... 0. 1. 0.]
653,SVC,"{'C': 0.1, 'gamma': 0.001, 'kernel': 'rbf'}",0.3490240000599008,0.019045868555002277,-0.0065574702981797415,0.024227942881957815,0.508449001271984,0.019691727577020823,0.5075483517748133,0.01554463367241965,0.5077160493827161,0.5077732793522267,"{0: 0.4987949511788521, 1: 0.4987949511788521}","{0: 0.4987949511788521, 1: 0.4987949511788521}",0.4987949511788521,"[[340 306]
 [332 318]]",[0. 0. 0. ... 0. 0. 0.],[1. 1. 1. ... 0. 1. 0.]
255,SVC,"{'C': 0.1, 'gamma': 0.001, 'kernel': 'rbf'}",0.35588071929047643,0.03646638259574171,-0.007381619721263002,0.05509898166605134,0.50981662616406,0.030230096601480246,0.5061163806082506,0.012279815945660189,0.5061728395061729,0.5061395570373899,"{0: 0.498663967611336, 1: 0.498663967611336}","{0: 0.498663967611336, 1: 0.498663967611336}",0.498663967611336,"[[320 326]
 [314 336]]",[0. 0. 0. ... 0. 0. 0.],[1. 1. 1. ... 0. 1. 0.]
490,SVC,"{'C': 0.1, 'gamma': 0.001, 'kernel': 'rbf'}",0.34978768581476577,0.0167142169112713,-0.007678978416339186,0.023996612037969992,0.5092910212017859,0.02100497754663843,0.5100294056009564,0.020047725876284228,0.5100308641975309,0.5100238151940939,"{0: 0.5027482733984283, 1: 0.5027482733984282}","{0: 0.5027482733984283, 1: 0.5027482733984282}",0.5027482733984282,"[[328 318]
 [317 333]]",[0. 0. 0. ... 0. 0. 0.],[1. 1. 1. ... 0. 1. 0.]
731,SVC,"{'C': 0.1, 'gamma': 0.001, 'kernel': 'rbf'}",0.34910337783780926,0.02164196830031581,-0.008481312627770273,0.031723857023485826,0.5062793947590939,0.024364498405817878,0.5048054521350972,0.011014443063472323,0.5054012345679012,0.5055084543939034,"{0: 0.4976315789473684, 1: 0.49763157894736837}","{0: 0.4976315789473684, 1: 0.49763157894736837}",0.49763157894736837,"[[349 297]
 [344 306]]",[0. 0. 0. ... 0. 0. 0.],[1. 1. 1. ... 0. 1. 0.]
615,SVC,"{'C': 0.1, 'gamma': 1, 'kernel': 'sigmoid'}",0.4794042548858555,0.10590896367668319,-0.008648617373369416,0.2237123403435669,0.4954308483105356,0.11219144403621016,0.4789025837252496,-0.02387207310108508,0.4876543209876543,0.4880542986425339,"{0: 0.46645391759942845, 1: 0.4664539175994284}","{0: 0.46645391759942845, 1: 0.4664539175994284}",0.4664539175994284,"[[399 247]
 [417 233]]",[0. 1. 1. ... 1. 1. 0.],[1. 1. 1. ... 0. 1. 0.]
886,SVC,"{'C': 0.1, 'gamma': 0.001, 'kernel': 'rbf'}",0.3431624998176733,0.02092638105560012,-0.009004046700582524,0.04070484282778152,0.5030188318621078,0.027562517157740257,0.48415775209993317,0.004215233836053045,0.5015432098765432,0.5021100261967135,"{0: 0.5001809954751132, 1: 0.5001809954751131}","{0: 0.5001809954751132, 1: 0.5001809954751131}",0.5001809954751131,"[[443 203]
 [443 207]]",[0. 0. 0. ... 0. 0. 0.],[1. 1. 1. ... 0. 1. 0.]
988,SVC,"{'C': 0.1, 'gamma': 0.001, 'kernel': 'rbf'}",0.35156382217643517,0.027129564242047422,-0.00962644019002624,0.06187938109657706,0.5084520665233085,0.03348258994599779,0.503260383343007,0.00792868469549568,0.503858024691358,0.5039652298166231,"{0: 0.4982686353893785, 1: 0.4982686353893784}","{0: 0.4982686353893785, 1: 0.4982686353893784}",0.4982686353893784,"[[348 298]
 [345 305]]",[0. 0. 0. ... 0. 0. 0.],[1. 1. 1. ... 0. 1. 0.]
486,SVC,"{'C': 1, 'gamma': 1, 'kernel': 'sigmoid'}",0.47045959799308695,0.1159375334593416,-0.014751256289766866,0.21264764388245241,0.49338383808343445,0.10582408818434504,0.483185934519578,-0.014600902324341858,0.49228395061728397,0.4926934984520124,"{0: 0.4743510359609431, 1: 0.474351035960943}","{0: 0.4743510359609431, 1: 0.474351035960943}",0.474351035960943,"[[404 242]
 [416 234]]",[0. 0. 0. ... 0. 0. 0.],[1. 1. 1. ... 0. 1. 0.]
372,AdaBoost,"{'algorithm': 'SAMME.R', 'learning_rate': 2.4673469387755103, 'n_estimators': 30}",0.3352643066993802,0.030297637843501576,-0.017758537466910293,0.08632337399779119,0.4926185612328603,0.04432552925824397,0.36732847139276786,-0.035871563555517794,0.4807098765432099,0.48201714693974756,"{0: 0.42596213384139087, 1: 0.42596213384139076}","{0: 0.42596213384139087, 1: 0.42596213384139076}",0.42596213384139076,"[[585  61]
 [612  38]]",[0. 0. 0. ... 0. 0. 0.],[1. 1. 1. ... 0. 1. 0.]
7,SVC,"{'C': 1000, 'gamma': 1, 'kernel': 'sigmoid'}",0.4546833645795871,0.11047885776002614,-0.018870996430295016,0.1801182695436657,0.49157241537567503,0.08905744926214888,0.4735421952115019,-0.018950333284169396,0.48996913580246915,0.49051440819242675,"{0: 0.490590616813527, 1: 0.4905906168135271}","{0: 0.490590616813527, 1: 0.4905906168135271}",0.4905906168135271,"[[431 215]
 [446 204]]",[0. 0. 0. ... 0. 0. 0.],[1. 1. 1. ... 0. 1. 0.]
425,AdaBoost,"{'algorithm': 'SAMME', 'learning_rate': 2.1408163265306124, 'n_estimators': 63}",0.395564355452704,0.07416829463775798,-0.020804973611109064,0.11933370582088265,0.4905325666923219,0.060551006695928854,0.4256846408720448,-0.014853296956619078,0.49151234567901236,0.49255775184567757,"{0: 0.4999892831626578, 1: 0.4999892831626578}","{0: 0.4999892831626578, 1: 0.4999892831626578}",0.4999892831626578,"[[537 109]
 [550 100]]",[0. 0. 0. ... 0. 0. 0.],[1. 1. 1. ... 0. 1. 0.]
101,SVC,"{'C': 1, 'gamma': 0.0001, 'kernel': 'rbf'}",0.3416978306195441,0.02707806793214801,-0.033424135371022914,0.08912937836978181,0.4889596884375912,0.04911727230909793,0.4363122465412639,-0.0430093721915521,0.47762345679012347,0.4784591569421291,"{0: 0.4786472969754703, 1: 0.4786472969754703}","{0: 0.4786472969754703, 1: 0.4786472969754703}",0.4786472969754703,"[[484 162]
 [515 135]]",[0. 0. 0. ... 0. 0. 0.],[1. 1. 1. ... 0. 1. 0.]
55,AdaBoost,"{'algorithm': 'SAMME', 'learning_rate': 2.059183673469388, 'n_estimators': 74}",0.4174281115489508,0.11979471474447995,-0.09597108231069525,0.23157442976611553,0.45224012955541537,0.1173700218689727,0.4477502388842933,-0.05540479313222857,0.4729938271604938,0.4723338890211955,"{0: 0.4699285544177186, 1: 0.4699285544177185}","{0: 0.4699285544177186, 1: 0.4699285544177185}",0.4699285544177185,"[[167 479]
 [204 446]]",[0. 0. 1. ... 1. 1. 1.],[1. 1. 1. ... 0. 1. 0.]
