trial_id,model_name,params,avg_f1,std_f1,avg_kappa,std_kappa,avg_accuracy,std_accuracy,f1_overall,kappa_overall,accuracy_overall,balanced_accuracy,roc_auc_overall,weighted_roc,roc_avg,confusion_matrix,y_pred,y_actual
417,knn,{'n_neighbors': 35},0.6005839841551728,0.09522326470186004,0.21783570405170705,0.1838390712057915,0.6087859735525324,0.09263181896551358,0.6026996585136121,0.20612331243509363,0.6031007751937985,0.6030517470145953,"{0: 0.6396638174720689, 1: 0.639663817472069}","{0: 0.6396638174720689, 1: 0.639663817472069}",0.639663817472069,"[[410 236]
 [276 368]]",[0. 1. 0. ... 0. 0. 1.],[1. 1. 1. ... 0. 1. 0.]
650,knn,{'n_neighbors': 35},0.6005839841551728,0.09522326470186004,0.21783570405170705,0.1838390712057915,0.6087859735525324,0.09263181896551358,0.6026996585136121,0.20612331243509363,0.6031007751937985,0.6030517470145953,"{0: 0.6396638174720689, 1: 0.639663817472069}","{0: 0.6396638174720689, 1: 0.639663817472069}",0.639663817472069,"[[410 236]
 [276 368]]",[0. 1. 0. ... 0. 0. 1.],[1. 1. 1. ... 0. 1. 0.]
665,knn,{'n_neighbors': 35},0.6005839841551728,0.09522326470186004,0.21783570405170705,0.1838390712057915,0.6087859735525324,0.09263181896551358,0.6026996585136121,0.20612331243509363,0.6031007751937985,0.6030517470145953,"{0: 0.6396638174720689, 1: 0.639663817472069}","{0: 0.6396638174720689, 1: 0.639663817472069}",0.639663817472069,"[[410 236]
 [276 368]]",[0. 1. 0. ... 0. 0. 1.],[1. 1. 1. ... 0. 1. 0.]
233,knn,{'n_neighbors': 35},0.6005839841551728,0.09522326470186004,0.21783570405170705,0.1838390712057915,0.6087859735525324,0.09263181896551358,0.6026996585136121,0.20612331243509363,0.6031007751937985,0.6030517470145953,"{0: 0.6396638174720689, 1: 0.639663817472069}","{0: 0.6396638174720689, 1: 0.639663817472069}",0.639663817472069,"[[410 236]
 [276 368]]",[0. 1. 0. ... 0. 0. 1.],[1. 1. 1. ... 0. 1. 0.]
866,knn,{'n_neighbors': 35},0.6005839841551728,0.09522326470186004,0.21783570405170705,0.1838390712057915,0.6087859735525324,0.09263181896551358,0.6026996585136121,0.20612331243509363,0.6031007751937985,0.6030517470145953,"{0: 0.6396638174720689, 1: 0.639663817472069}","{0: 0.6396638174720689, 1: 0.639663817472069}",0.639663817472069,"[[410 236]
 [276 368]]",[0. 1. 0. ... 0. 0. 1.],[1. 1. 1. ... 0. 1. 0.]
943,knn,{'n_neighbors': 35},0.6005839841551728,0.09522326470186004,0.21783570405170705,0.1838390712057915,0.6087859735525324,0.09263181896551358,0.6026996585136121,0.20612331243509363,0.6031007751937985,0.6030517470145953,"{0: 0.6396638174720689, 1: 0.639663817472069}","{0: 0.6396638174720689, 1: 0.639663817472069}",0.639663817472069,"[[410 236]
 [276 368]]",[0. 1. 0. ... 0. 0. 1.],[1. 1. 1. ... 0. 1. 0.]
244,knn,{'n_neighbors': 35},0.6005839841551728,0.09522326470186004,0.21783570405170705,0.1838390712057915,0.6087859735525324,0.09263181896551358,0.6026996585136121,0.20612331243509363,0.6031007751937985,0.6030517470145953,"{0: 0.6396638174720689, 1: 0.639663817472069}","{0: 0.6396638174720689, 1: 0.639663817472069}",0.639663817472069,"[[410 236]
 [276 368]]",[0. 1. 0. ... 0. 0. 1.],[1. 1. 1. ... 0. 1. 0.]
494,knn,{'n_neighbors': 35},0.6005839841551728,0.09522326470186004,0.21783570405170705,0.1838390712057915,0.6087859735525324,0.09263181896551358,0.6026996585136121,0.20612331243509363,0.6031007751937985,0.6030517470145953,"{0: 0.6396638174720689, 1: 0.639663817472069}","{0: 0.6396638174720689, 1: 0.639663817472069}",0.639663817472069,"[[410 236]
 [276 368]]",[0. 1. 0. ... 0. 0. 1.],[1. 1. 1. ... 0. 1. 0.]
940,knn,{'n_neighbors': 35},0.6005839841551728,0.09522326470186004,0.21783570405170705,0.1838390712057915,0.6087859735525324,0.09263181896551358,0.6026996585136121,0.20612331243509363,0.6031007751937985,0.6030517470145953,"{0: 0.6396638174720689, 1: 0.639663817472069}","{0: 0.6396638174720689, 1: 0.639663817472069}",0.639663817472069,"[[410 236]
 [276 368]]",[0. 1. 0. ... 0. 0. 1.],[1. 1. 1. ... 0. 1. 0.]
249,knn,{'n_neighbors': 35},0.6005839841551728,0.09522326470186004,0.21783570405170705,0.1838390712057915,0.6087859735525324,0.09263181896551358,0.6026996585136121,0.20612331243509363,0.6031007751937985,0.6030517470145953,"{0: 0.6396638174720689, 1: 0.639663817472069}","{0: 0.6396638174720689, 1: 0.639663817472069}",0.639663817472069,"[[410 236]
 [276 368]]",[0. 1. 0. ... 0. 0. 1.],[1. 1. 1. ... 0. 1. 0.]
257,knn,{'n_neighbors': 35},0.6005839841551728,0.09522326470186004,0.21783570405170705,0.1838390712057915,0.6087859735525324,0.09263181896551358,0.6026996585136121,0.20612331243509363,0.6031007751937985,0.6030517470145953,"{0: 0.6396638174720689, 1: 0.639663817472069}","{0: 0.6396638174720689, 1: 0.639663817472069}",0.639663817472069,"[[410 236]
 [276 368]]",[0. 1. 0. ... 0. 0. 1.],[1. 1. 1. ... 0. 1. 0.]
258,knn,{'n_neighbors': 35},0.6005839841551728,0.09522326470186004,0.21783570405170705,0.1838390712057915,0.6087859735525324,0.09263181896551358,0.6026996585136121,0.20612331243509363,0.6031007751937985,0.6030517470145953,"{0: 0.6396638174720689, 1: 0.639663817472069}","{0: 0.6396638174720689, 1: 0.639663817472069}",0.639663817472069,"[[410 236]
 [276 368]]",[0. 1. 0. ... 0. 0. 1.],[1. 1. 1. ... 0. 1. 0.]
259,knn,{'n_neighbors': 35},0.6005839841551728,0.09522326470186004,0.21783570405170705,0.1838390712057915,0.6087859735525324,0.09263181896551358,0.6026996585136121,0.20612331243509363,0.6031007751937985,0.6030517470145953,"{0: 0.6396638174720689, 1: 0.639663817472069}","{0: 0.6396638174720689, 1: 0.639663817472069}",0.639663817472069,"[[410 236]
 [276 368]]",[0. 1. 0. ... 0. 0. 1.],[1. 1. 1. ... 0. 1. 0.]
260,knn,{'n_neighbors': 35},0.6005839841551728,0.09522326470186004,0.21783570405170705,0.1838390712057915,0.6087859735525324,0.09263181896551358,0.6026996585136121,0.20612331243509363,0.6031007751937985,0.6030517470145953,"{0: 0.6396638174720689, 1: 0.639663817472069}","{0: 0.6396638174720689, 1: 0.639663817472069}",0.639663817472069,"[[410 236]
 [276 368]]",[0. 1. 0. ... 0. 0. 1.],[1. 1. 1. ... 0. 1. 0.]
264,knn,{'n_neighbors': 35},0.6005839841551728,0.09522326470186004,0.21783570405170705,0.1838390712057915,0.6087859735525324,0.09263181896551358,0.6026996585136121,0.20612331243509363,0.6031007751937985,0.6030517470145953,"{0: 0.6396638174720689, 1: 0.639663817472069}","{0: 0.6396638174720689, 1: 0.639663817472069}",0.639663817472069,"[[410 236]
 [276 368]]",[0. 1. 0. ... 0. 0. 1.],[1. 1. 1. ... 0. 1. 0.]
649,knn,{'n_neighbors': 35},0.6005839841551728,0.09522326470186004,0.21783570405170705,0.1838390712057915,0.6087859735525324,0.09263181896551358,0.6026996585136121,0.20612331243509363,0.6031007751937985,0.6030517470145953,"{0: 0.6396638174720689, 1: 0.639663817472069}","{0: 0.6396638174720689, 1: 0.639663817472069}",0.639663817472069,"[[410 236]
 [276 368]]",[0. 1. 0. ... 0. 0. 1.],[1. 1. 1. ... 0. 1. 0.]
930,knn,{'n_neighbors': 35},0.6005839841551728,0.09522326470186004,0.21783570405170705,0.1838390712057915,0.6087859735525324,0.09263181896551358,0.6026996585136121,0.20612331243509363,0.6031007751937985,0.6030517470145953,"{0: 0.6396638174720689, 1: 0.639663817472069}","{0: 0.6396638174720689, 1: 0.639663817472069}",0.639663817472069,"[[410 236]
 [276 368]]",[0. 1. 0. ... 0. 0. 1.],[1. 1. 1. ... 0. 1. 0.]
270,knn,{'n_neighbors': 35},0.6005839841551728,0.09522326470186004,0.21783570405170705,0.1838390712057915,0.6087859735525324,0.09263181896551358,0.6026996585136121,0.20612331243509363,0.6031007751937985,0.6030517470145953,"{0: 0.6396638174720689, 1: 0.639663817472069}","{0: 0.6396638174720689, 1: 0.639663817472069}",0.639663817472069,"[[410 236]
 [276 368]]",[0. 1. 0. ... 0. 0. 1.],[1. 1. 1. ... 0. 1. 0.]
271,knn,{'n_neighbors': 35},0.6005839841551728,0.09522326470186004,0.21783570405170705,0.1838390712057915,0.6087859735525324,0.09263181896551358,0.6026996585136121,0.20612331243509363,0.6031007751937985,0.6030517470145953,"{0: 0.6396638174720689, 1: 0.639663817472069}","{0: 0.6396638174720689, 1: 0.639663817472069}",0.639663817472069,"[[410 236]
 [276 368]]",[0. 1. 0. ... 0. 0. 1.],[1. 1. 1. ... 0. 1. 0.]
644,knn,{'n_neighbors': 35},0.6005839841551728,0.09522326470186004,0.21783570405170705,0.1838390712057915,0.6087859735525324,0.09263181896551358,0.6026996585136121,0.20612331243509363,0.6031007751937985,0.6030517470145953,"{0: 0.6396638174720689, 1: 0.639663817472069}","{0: 0.6396638174720689, 1: 0.639663817472069}",0.639663817472069,"[[410 236]
 [276 368]]",[0. 1. 0. ... 0. 0. 1.],[1. 1. 1. ... 0. 1. 0.]
642,knn,{'n_neighbors': 35},0.6005839841551728,0.09522326470186004,0.21783570405170705,0.1838390712057915,0.6087859735525324,0.09263181896551358,0.6026996585136121,0.20612331243509363,0.6031007751937985,0.6030517470145953,"{0: 0.6396638174720689, 1: 0.639663817472069}","{0: 0.6396638174720689, 1: 0.639663817472069}",0.639663817472069,"[[410 236]
 [276 368]]",[0. 1. 0. ... 0. 0. 1.],[1. 1. 1. ... 0. 1. 0.]
632,knn,{'n_neighbors': 35},0.6005839841551728,0.09522326470186004,0.21783570405170705,0.1838390712057915,0.6087859735525324,0.09263181896551358,0.6026996585136121,0.20612331243509363,0.6031007751937985,0.6030517470145953,"{0: 0.6396638174720689, 1: 0.639663817472069}","{0: 0.6396638174720689, 1: 0.639663817472069}",0.639663817472069,"[[410 236]
 [276 368]]",[0. 1. 0. ... 0. 0. 1.],[1. 1. 1. ... 0. 1. 0.]
284,knn,{'n_neighbors': 35},0.6005839841551728,0.09522326470186004,0.21783570405170705,0.1838390712057915,0.6087859735525324,0.09263181896551358,0.6026996585136121,0.20612331243509363,0.6031007751937985,0.6030517470145953,"{0: 0.6396638174720689, 1: 0.639663817472069}","{0: 0.6396638174720689, 1: 0.639663817472069}",0.639663817472069,"[[410 236]
 [276 368]]",[0. 1. 0. ... 0. 0. 1.],[1. 1. 1. ... 0. 1. 0.]
628,knn,{'n_neighbors': 35},0.6005839841551728,0.09522326470186004,0.21783570405170705,0.1838390712057915,0.6087859735525324,0.09263181896551358,0.6026996585136121,0.20612331243509363,0.6031007751937985,0.6030517470145953,"{0: 0.6396638174720689, 1: 0.639663817472069}","{0: 0.6396638174720689, 1: 0.639663817472069}",0.639663817472069,"[[410 236]
 [276 368]]",[0. 1. 0. ... 0. 0. 1.],[1. 1. 1. ... 0. 1. 0.]
627,knn,{'n_neighbors': 35},0.6005839841551728,0.09522326470186004,0.21783570405170705,0.1838390712057915,0.6087859735525324,0.09263181896551358,0.6026996585136121,0.20612331243509363,0.6031007751937985,0.6030517470145953,"{0: 0.6396638174720689, 1: 0.639663817472069}","{0: 0.6396638174720689, 1: 0.639663817472069}",0.639663817472069,"[[410 236]
 [276 368]]",[0. 1. 0. ... 0. 0. 1.],[1. 1. 1. ... 0. 1. 0.]
289,knn,{'n_neighbors': 35},0.6005839841551728,0.09522326470186004,0.21783570405170705,0.1838390712057915,0.6087859735525324,0.09263181896551358,0.6026996585136121,0.20612331243509363,0.6031007751937985,0.6030517470145953,"{0: 0.6396638174720689, 1: 0.639663817472069}","{0: 0.6396638174720689, 1: 0.639663817472069}",0.639663817472069,"[[410 236]
 [276 368]]",[0. 1. 0. ... 0. 0. 1.],[1. 1. 1. ... 0. 1. 0.]
875,knn,{'n_neighbors': 35},0.6005839841551728,0.09522326470186004,0.21783570405170705,0.1838390712057915,0.6087859735525324,0.09263181896551358,0.6026996585136121,0.20612331243509363,0.6031007751937985,0.6030517470145953,"{0: 0.6396638174720689, 1: 0.639663817472069}","{0: 0.6396638174720689, 1: 0.639663817472069}",0.639663817472069,"[[410 236]
 [276 368]]",[0. 1. 0. ... 0. 0. 1.],[1. 1. 1. ... 0. 1. 0.]
303,knn,{'n_neighbors': 35},0.6005839841551728,0.09522326470186004,0.21783570405170705,0.1838390712057915,0.6087859735525324,0.09263181896551358,0.6026996585136121,0.20612331243509363,0.6031007751937985,0.6030517470145953,"{0: 0.6396638174720689, 1: 0.639663817472069}","{0: 0.6396638174720689, 1: 0.639663817472069}",0.639663817472069,"[[410 236]
 [276 368]]",[0. 1. 0. ... 0. 0. 1.],[1. 1. 1. ... 0. 1. 0.]
304,knn,{'n_neighbors': 35},0.6005839841551728,0.09522326470186004,0.21783570405170705,0.1838390712057915,0.6087859735525324,0.09263181896551358,0.6026996585136121,0.20612331243509363,0.6031007751937985,0.6030517470145953,"{0: 0.6396638174720689, 1: 0.639663817472069}","{0: 0.6396638174720689, 1: 0.639663817472069}",0.639663817472069,"[[410 236]
 [276 368]]",[0. 1. 0. ... 0. 0. 1.],[1. 1. 1. ... 0. 1. 0.]
616,knn,{'n_neighbors': 35},0.6005839841551728,0.09522326470186004,0.21783570405170705,0.1838390712057915,0.6087859735525324,0.09263181896551358,0.6026996585136121,0.20612331243509363,0.6031007751937985,0.6030517470145953,"{0: 0.6396638174720689, 1: 0.639663817472069}","{0: 0.6396638174720689, 1: 0.639663817472069}",0.639663817472069,"[[410 236]
 [276 368]]",[0. 1. 0. ... 0. 0. 1.],[1. 1. 1. ... 0. 1. 0.]
669,knn,{'n_neighbors': 35},0.6005839841551728,0.09522326470186004,0.21783570405170705,0.1838390712057915,0.6087859735525324,0.09263181896551358,0.6026996585136121,0.20612331243509363,0.6031007751937985,0.6030517470145953,"{0: 0.6396638174720689, 1: 0.639663817472069}","{0: 0.6396638174720689, 1: 0.639663817472069}",0.639663817472069,"[[410 236]
 [276 368]]",[0. 1. 0. ... 0. 0. 1.],[1. 1. 1. ... 0. 1. 0.]
223,knn,{'n_neighbors': 35},0.6005839841551728,0.09522326470186004,0.21783570405170705,0.1838390712057915,0.6087859735525324,0.09263181896551358,0.6026996585136121,0.20612331243509363,0.6031007751937985,0.6030517470145953,"{0: 0.6396638174720689, 1: 0.639663817472069}","{0: 0.6396638174720689, 1: 0.639663817472069}",0.639663817472069,"[[410 236]
 [276 368]]",[0. 1. 0. ... 0. 0. 1.],[1. 1. 1. ... 0. 1. 0.]
864,knn,{'n_neighbors': 35},0.6005839841551728,0.09522326470186004,0.21783570405170705,0.1838390712057915,0.6087859735525324,0.09263181896551358,0.6026996585136121,0.20612331243509363,0.6031007751937985,0.6030517470145953,"{0: 0.6396638174720689, 1: 0.639663817472069}","{0: 0.6396638174720689, 1: 0.639663817472069}",0.639663817472069,"[[410 236]
 [276 368]]",[0. 1. 0. ... 0. 0. 1.],[1. 1. 1. ... 0. 1. 0.]
676,knn,{'n_neighbors': 35},0.6005839841551728,0.09522326470186004,0.21783570405170705,0.1838390712057915,0.6087859735525324,0.09263181896551358,0.6026996585136121,0.20612331243509363,0.6031007751937985,0.6030517470145953,"{0: 0.6396638174720689, 1: 0.639663817472069}","{0: 0.6396638174720689, 1: 0.639663817472069}",0.639663817472069,"[[410 236]
 [276 368]]",[0. 1. 0. ... 0. 0. 1.],[1. 1. 1. ... 0. 1. 0.]
849,knn,{'n_neighbors': 35},0.6005839841551728,0.09522326470186004,0.21783570405170705,0.1838390712057915,0.6087859735525324,0.09263181896551358,0.6026996585136121,0.20612331243509363,0.6031007751937985,0.6030517470145953,"{0: 0.6396638174720689, 1: 0.639663817472069}","{0: 0.6396638174720689, 1: 0.639663817472069}",0.639663817472069,"[[410 236]
 [276 368]]",[0. 1. 0. ... 0. 0. 1.],[1. 1. 1. ... 0. 1. 0.]
737,knn,{'n_neighbors': 35},0.6005839841551728,0.09522326470186004,0.21783570405170705,0.1838390712057915,0.6087859735525324,0.09263181896551358,0.6026996585136121,0.20612331243509363,0.6031007751937985,0.6030517470145953,"{0: 0.6396638174720689, 1: 0.639663817472069}","{0: 0.6396638174720689, 1: 0.639663817472069}",0.639663817472069,"[[410 236]
 [276 368]]",[0. 1. 0. ... 0. 0. 1.],[1. 1. 1. ... 0. 1. 0.]
966,knn,{'n_neighbors': 35},0.6005839841551728,0.09522326470186004,0.21783570405170705,0.1838390712057915,0.6087859735525324,0.09263181896551358,0.6026996585136121,0.20612331243509363,0.6031007751937985,0.6030517470145953,"{0: 0.6396638174720689, 1: 0.639663817472069}","{0: 0.6396638174720689, 1: 0.639663817472069}",0.639663817472069,"[[410 236]
 [276 368]]",[0. 1. 0. ... 0. 0. 1.],[1. 1. 1. ... 0. 1. 0.]
729,knn,{'n_neighbors': 35},0.6005839841551728,0.09522326470186004,0.21783570405170705,0.1838390712057915,0.6087859735525324,0.09263181896551358,0.6026996585136121,0.20612331243509363,0.6031007751937985,0.6030517470145953,"{0: 0.6396638174720689, 1: 0.639663817472069}","{0: 0.6396638174720689, 1: 0.639663817472069}",0.639663817472069,"[[410 236]
 [276 368]]",[0. 1. 0. ... 0. 0. 1.],[1. 1. 1. ... 0. 1. 0.]
144,knn,{'n_neighbors': 35},0.6005839841551728,0.09522326470186004,0.21783570405170705,0.1838390712057915,0.6087859735525324,0.09263181896551358,0.6026996585136121,0.20612331243509363,0.6031007751937985,0.6030517470145953,"{0: 0.6396638174720689, 1: 0.639663817472069}","{0: 0.6396638174720689, 1: 0.639663817472069}",0.639663817472069,"[[410 236]
 [276 368]]",[0. 1. 0. ... 0. 0. 1.],[1. 1. 1. ... 0. 1. 0.]
145,knn,{'n_neighbors': 35},0.6005839841551728,0.09522326470186004,0.21783570405170705,0.1838390712057915,0.6087859735525324,0.09263181896551358,0.6026996585136121,0.20612331243509363,0.6031007751937985,0.6030517470145953,"{0: 0.6396638174720689, 1: 0.639663817472069}","{0: 0.6396638174720689, 1: 0.639663817472069}",0.639663817472069,"[[410 236]
 [276 368]]",[0. 1. 0. ... 0. 0. 1.],[1. 1. 1. ... 0. 1. 0.]
147,knn,{'n_neighbors': 35},0.6005839841551728,0.09522326470186004,0.21783570405170705,0.1838390712057915,0.6087859735525324,0.09263181896551358,0.6026996585136121,0.20612331243509363,0.6031007751937985,0.6030517470145953,"{0: 0.6396638174720689, 1: 0.639663817472069}","{0: 0.6396638174720689, 1: 0.639663817472069}",0.639663817472069,"[[410 236]
 [276 368]]",[0. 1. 0. ... 0. 0. 1.],[1. 1. 1. ... 0. 1. 0.]
852,knn,{'n_neighbors': 35},0.6005839841551728,0.09522326470186004,0.21783570405170705,0.1838390712057915,0.6087859735525324,0.09263181896551358,0.6026996585136121,0.20612331243509363,0.6031007751937985,0.6030517470145953,"{0: 0.6396638174720689, 1: 0.639663817472069}","{0: 0.6396638174720689, 1: 0.639663817472069}",0.639663817472069,"[[410 236]
 [276 368]]",[0. 1. 0. ... 0. 0. 1.],[1. 1. 1. ... 0. 1. 0.]
153,knn,{'n_neighbors': 35},0.6005839841551728,0.09522326470186004,0.21783570405170705,0.1838390712057915,0.6087859735525324,0.09263181896551358,0.6026996585136121,0.20612331243509363,0.6031007751937985,0.6030517470145953,"{0: 0.6396638174720689, 1: 0.639663817472069}","{0: 0.6396638174720689, 1: 0.639663817472069}",0.639663817472069,"[[410 236]
 [276 368]]",[0. 1. 0. ... 0. 0. 1.],[1. 1. 1. ... 0. 1. 0.]
154,knn,{'n_neighbors': 35},0.6005839841551728,0.09522326470186004,0.21783570405170705,0.1838390712057915,0.6087859735525324,0.09263181896551358,0.6026996585136121,0.20612331243509363,0.6031007751937985,0.6030517470145953,"{0: 0.6396638174720689, 1: 0.639663817472069}","{0: 0.6396638174720689, 1: 0.639663817472069}",0.639663817472069,"[[410 236]
 [276 368]]",[0. 1. 0. ... 0. 0. 1.],[1. 1. 1. ... 0. 1. 0.]
156,knn,{'n_neighbors': 35},0.6005839841551728,0.09522326470186004,0.21783570405170705,0.1838390712057915,0.6087859735525324,0.09263181896551358,0.6026996585136121,0.20612331243509363,0.6031007751937985,0.6030517470145953,"{0: 0.6396638174720689, 1: 0.639663817472069}","{0: 0.6396638174720689, 1: 0.639663817472069}",0.639663817472069,"[[410 236]
 [276 368]]",[0. 1. 0. ... 0. 0. 1.],[1. 1. 1. ... 0. 1. 0.]
157,knn,{'n_neighbors': 35},0.6005839841551728,0.09522326470186004,0.21783570405170705,0.1838390712057915,0.6087859735525324,0.09263181896551358,0.6026996585136121,0.20612331243509363,0.6031007751937985,0.6030517470145953,"{0: 0.6396638174720689, 1: 0.639663817472069}","{0: 0.6396638174720689, 1: 0.639663817472069}",0.639663817472069,"[[410 236]
 [276 368]]",[0. 1. 0. ... 0. 0. 1.],[1. 1. 1. ... 0. 1. 0.]
854,knn,{'n_neighbors': 35},0.6005839841551728,0.09522326470186004,0.21783570405170705,0.1838390712057915,0.6087859735525324,0.09263181896551358,0.6026996585136121,0.20612331243509363,0.6031007751937985,0.6030517470145953,"{0: 0.6396638174720689, 1: 0.639663817472069}","{0: 0.6396638174720689, 1: 0.639663817472069}",0.639663817472069,"[[410 236]
 [276 368]]",[0. 1. 0. ... 0. 0. 1.],[1. 1. 1. ... 0. 1. 0.]
722,knn,{'n_neighbors': 35},0.6005839841551728,0.09522326470186004,0.21783570405170705,0.1838390712057915,0.6087859735525324,0.09263181896551358,0.6026996585136121,0.20612331243509363,0.6031007751937985,0.6030517470145953,"{0: 0.6396638174720689, 1: 0.639663817472069}","{0: 0.6396638174720689, 1: 0.639663817472069}",0.639663817472069,"[[410 236]
 [276 368]]",[0. 1. 0. ... 0. 0. 1.],[1. 1. 1. ... 0. 1. 0.]
718,knn,{'n_neighbors': 35},0.6005839841551728,0.09522326470186004,0.21783570405170705,0.1838390712057915,0.6087859735525324,0.09263181896551358,0.6026996585136121,0.20612331243509363,0.6031007751937985,0.6030517470145953,"{0: 0.6396638174720689, 1: 0.639663817472069}","{0: 0.6396638174720689, 1: 0.639663817472069}",0.639663817472069,"[[410 236]
 [276 368]]",[0. 1. 0. ... 0. 0. 1.],[1. 1. 1. ... 0. 1. 0.]
178,knn,{'n_neighbors': 35},0.6005839841551728,0.09522326470186004,0.21783570405170705,0.1838390712057915,0.6087859735525324,0.09263181896551358,0.6026996585136121,0.20612331243509363,0.6031007751937985,0.6030517470145953,"{0: 0.6396638174720689, 1: 0.639663817472069}","{0: 0.6396638174720689, 1: 0.639663817472069}",0.639663817472069,"[[410 236]
 [276 368]]",[0. 1. 0. ... 0. 0. 1.],[1. 1. 1. ... 0. 1. 0.]
707,knn,{'n_neighbors': 35},0.6005839841551728,0.09522326470186004,0.21783570405170705,0.1838390712057915,0.6087859735525324,0.09263181896551358,0.6026996585136121,0.20612331243509363,0.6031007751937985,0.6030517470145953,"{0: 0.6396638174720689, 1: 0.639663817472069}","{0: 0.6396638174720689, 1: 0.639663817472069}",0.639663817472069,"[[410 236]
 [276 368]]",[0. 1. 0. ... 0. 0. 1.],[1. 1. 1. ... 0. 1. 0.]
701,knn,{'n_neighbors': 35},0.6005839841551728,0.09522326470186004,0.21783570405170705,0.1838390712057915,0.6087859735525324,0.09263181896551358,0.6026996585136121,0.20612331243509363,0.6031007751937985,0.6030517470145953,"{0: 0.6396638174720689, 1: 0.639663817472069}","{0: 0.6396638174720689, 1: 0.639663817472069}",0.639663817472069,"[[410 236]
 [276 368]]",[0. 1. 0. ... 0. 0. 1.],[1. 1. 1. ... 0. 1. 0.]
956,knn,{'n_neighbors': 35},0.6005839841551728,0.09522326470186004,0.21783570405170705,0.1838390712057915,0.6087859735525324,0.09263181896551358,0.6026996585136121,0.20612331243509363,0.6031007751937985,0.6030517470145953,"{0: 0.6396638174720689, 1: 0.639663817472069}","{0: 0.6396638174720689, 1: 0.639663817472069}",0.639663817472069,"[[410 236]
 [276 368]]",[0. 1. 0. ... 0. 0. 1.],[1. 1. 1. ... 0. 1. 0.]
699,knn,{'n_neighbors': 35},0.6005839841551728,0.09522326470186004,0.21783570405170705,0.1838390712057915,0.6087859735525324,0.09263181896551358,0.6026996585136121,0.20612331243509363,0.6031007751937985,0.6030517470145953,"{0: 0.6396638174720689, 1: 0.639663817472069}","{0: 0.6396638174720689, 1: 0.639663817472069}",0.639663817472069,"[[410 236]
 [276 368]]",[0. 1. 0. ... 0. 0. 1.],[1. 1. 1. ... 0. 1. 0.]
859,knn,{'n_neighbors': 35},0.6005839841551728,0.09522326470186004,0.21783570405170705,0.1838390712057915,0.6087859735525324,0.09263181896551358,0.6026996585136121,0.20612331243509363,0.6031007751937985,0.6030517470145953,"{0: 0.6396638174720689, 1: 0.639663817472069}","{0: 0.6396638174720689, 1: 0.639663817472069}",0.639663817472069,"[[410 236]
 [276 368]]",[0. 1. 0. ... 0. 0. 1.],[1. 1. 1. ... 0. 1. 0.]
197,knn,{'n_neighbors': 35},0.6005839841551728,0.09522326470186004,0.21783570405170705,0.1838390712057915,0.6087859735525324,0.09263181896551358,0.6026996585136121,0.20612331243509363,0.6031007751937985,0.6030517470145953,"{0: 0.6396638174720689, 1: 0.639663817472069}","{0: 0.6396638174720689, 1: 0.639663817472069}",0.639663817472069,"[[410 236]
 [276 368]]",[0. 1. 0. ... 0. 0. 1.],[1. 1. 1. ... 0. 1. 0.]
198,knn,{'n_neighbors': 35},0.6005839841551728,0.09522326470186004,0.21783570405170705,0.1838390712057915,0.6087859735525324,0.09263181896551358,0.6026996585136121,0.20612331243509363,0.6031007751937985,0.6030517470145953,"{0: 0.6396638174720689, 1: 0.639663817472069}","{0: 0.6396638174720689, 1: 0.639663817472069}",0.639663817472069,"[[410 236]
 [276 368]]",[0. 1. 0. ... 0. 0. 1.],[1. 1. 1. ... 0. 1. 0.]
953,knn,{'n_neighbors': 35},0.6005839841551728,0.09522326470186004,0.21783570405170705,0.1838390712057915,0.6087859735525324,0.09263181896551358,0.6026996585136121,0.20612331243509363,0.6031007751937985,0.6030517470145953,"{0: 0.6396638174720689, 1: 0.639663817472069}","{0: 0.6396638174720689, 1: 0.639663817472069}",0.639663817472069,"[[410 236]
 [276 368]]",[0. 1. 0. ... 0. 0. 1.],[1. 1. 1. ... 0. 1. 0.]
693,knn,{'n_neighbors': 35},0.6005839841551728,0.09522326470186004,0.21783570405170705,0.1838390712057915,0.6087859735525324,0.09263181896551358,0.6026996585136121,0.20612331243509363,0.6031007751937985,0.6030517470145953,"{0: 0.6396638174720689, 1: 0.639663817472069}","{0: 0.6396638174720689, 1: 0.639663817472069}",0.639663817472069,"[[410 236]
 [276 368]]",[0. 1. 0. ... 0. 0. 1.],[1. 1. 1. ... 0. 1. 0.]
690,knn,{'n_neighbors': 35},0.6005839841551728,0.09522326470186004,0.21783570405170705,0.1838390712057915,0.6087859735525324,0.09263181896551358,0.6026996585136121,0.20612331243509363,0.6031007751937985,0.6030517470145953,"{0: 0.6396638174720689, 1: 0.639663817472069}","{0: 0.6396638174720689, 1: 0.639663817472069}",0.639663817472069,"[[410 236]
 [276 368]]",[0. 1. 0. ... 0. 0. 1.],[1. 1. 1. ... 0. 1. 0.]
211,knn,{'n_neighbors': 35},0.6005839841551728,0.09522326470186004,0.21783570405170705,0.1838390712057915,0.6087859735525324,0.09263181896551358,0.6026996585136121,0.20612331243509363,0.6031007751937985,0.6030517470145953,"{0: 0.6396638174720689, 1: 0.639663817472069}","{0: 0.6396638174720689, 1: 0.639663817472069}",0.639663817472069,"[[410 236]
 [276 368]]",[0. 1. 0. ... 0. 0. 1.],[1. 1. 1. ... 0. 1. 0.]
612,knn,{'n_neighbors': 35},0.6005839841551728,0.09522326470186004,0.21783570405170705,0.1838390712057915,0.6087859735525324,0.09263181896551358,0.6026996585136121,0.20612331243509363,0.6031007751937985,0.6030517470145953,"{0: 0.6396638174720689, 1: 0.639663817472069}","{0: 0.6396638174720689, 1: 0.639663817472069}",0.639663817472069,"[[410 236]
 [276 368]]",[0. 1. 0. ... 0. 0. 1.],[1. 1. 1. ... 0. 1. 0.]
316,knn,{'n_neighbors': 35},0.6005839841551728,0.09522326470186004,0.21783570405170705,0.1838390712057915,0.6087859735525324,0.09263181896551358,0.6026996585136121,0.20612331243509363,0.6031007751937985,0.6030517470145953,"{0: 0.6396638174720689, 1: 0.639663817472069}","{0: 0.6396638174720689, 1: 0.639663817472069}",0.639663817472069,"[[410 236]
 [276 368]]",[0. 1. 0. ... 0. 0. 1.],[1. 1. 1. ... 0. 1. 0.]
125,knn,{'n_neighbors': 35},0.6005839841551728,0.09522326470186004,0.21783570405170705,0.1838390712057915,0.6087859735525324,0.09263181896551358,0.6026996585136121,0.20612331243509363,0.6031007751937985,0.6030517470145953,"{0: 0.6396638174720689, 1: 0.639663817472069}","{0: 0.6396638174720689, 1: 0.639663817472069}",0.639663817472069,"[[410 236]
 [276 368]]",[0. 1. 0. ... 0. 0. 1.],[1. 1. 1. ... 0. 1. 0.]
445,knn,{'n_neighbors': 35},0.6005839841551728,0.09522326470186004,0.21783570405170705,0.1838390712057915,0.6087859735525324,0.09263181896551358,0.6026996585136121,0.20612331243509363,0.6031007751937985,0.6030517470145953,"{0: 0.6396638174720689, 1: 0.639663817472069}","{0: 0.6396638174720689, 1: 0.639663817472069}",0.639663817472069,"[[410 236]
 [276 368]]",[0. 1. 0. ... 0. 0. 1.],[1. 1. 1. ... 0. 1. 0.]
407,knn,{'n_neighbors': 35},0.6005839841551728,0.09522326470186004,0.21783570405170705,0.1838390712057915,0.6087859735525324,0.09263181896551358,0.6026996585136121,0.20612331243509363,0.6031007751937985,0.6030517470145953,"{0: 0.6396638174720689, 1: 0.639663817472069}","{0: 0.6396638174720689, 1: 0.639663817472069}",0.639663817472069,"[[410 236]
 [276 368]]",[0. 1. 0. ... 0. 0. 1.],[1. 1. 1. ... 0. 1. 0.]
408,knn,{'n_neighbors': 35},0.6005839841551728,0.09522326470186004,0.21783570405170705,0.1838390712057915,0.6087859735525324,0.09263181896551358,0.6026996585136121,0.20612331243509363,0.6031007751937985,0.6030517470145953,"{0: 0.6396638174720689, 1: 0.639663817472069}","{0: 0.6396638174720689, 1: 0.639663817472069}",0.639663817472069,"[[410 236]
 [276 368]]",[0. 1. 0. ... 0. 0. 1.],[1. 1. 1. ... 0. 1. 0.]
416,knn,{'n_neighbors': 35},0.6005839841551728,0.09522326470186004,0.21783570405170705,0.1838390712057915,0.6087859735525324,0.09263181896551358,0.6026996585136121,0.20612331243509363,0.6031007751937985,0.6030517470145953,"{0: 0.6396638174720689, 1: 0.639663817472069}","{0: 0.6396638174720689, 1: 0.639663817472069}",0.639663817472069,"[[410 236]
 [276 368]]",[0. 1. 0. ... 0. 0. 1.],[1. 1. 1. ... 0. 1. 0.]
836,knn,{'n_neighbors': 35},0.6005839841551728,0.09522326470186004,0.21783570405170705,0.1838390712057915,0.6087859735525324,0.09263181896551358,0.6026996585136121,0.20612331243509363,0.6031007751937985,0.6030517470145953,"{0: 0.6396638174720689, 1: 0.639663817472069}","{0: 0.6396638174720689, 1: 0.639663817472069}",0.639663817472069,"[[410 236]
 [276 368]]",[0. 1. 0. ... 0. 0. 1.],[1. 1. 1. ... 0. 1. 0.]
559,knn,{'n_neighbors': 35},0.6005839841551728,0.09522326470186004,0.21783570405170705,0.1838390712057915,0.6087859735525324,0.09263181896551358,0.6026996585136121,0.20612331243509363,0.6031007751937985,0.6030517470145953,"{0: 0.6396638174720689, 1: 0.639663817472069}","{0: 0.6396638174720689, 1: 0.639663817472069}",0.639663817472069,"[[410 236]
 [276 368]]",[0. 1. 0. ... 0. 0. 1.],[1. 1. 1. ... 0. 1. 0.]
883,knn,{'n_neighbors': 35},0.6005839841551728,0.09522326470186004,0.21783570405170705,0.1838390712057915,0.6087859735525324,0.09263181896551358,0.6026996585136121,0.20612331243509363,0.6031007751937985,0.6030517470145953,"{0: 0.6396638174720689, 1: 0.639663817472069}","{0: 0.6396638174720689, 1: 0.639663817472069}",0.639663817472069,"[[410 236]
 [276 368]]",[0. 1. 0. ... 0. 0. 1.],[1. 1. 1. ... 0. 1. 0.]
423,knn,{'n_neighbors': 35},0.6005839841551728,0.09522326470186004,0.21783570405170705,0.1838390712057915,0.6087859735525324,0.09263181896551358,0.6026996585136121,0.20612331243509363,0.6031007751937985,0.6030517470145953,"{0: 0.6396638174720689, 1: 0.639663817472069}","{0: 0.6396638174720689, 1: 0.639663817472069}",0.639663817472069,"[[410 236]
 [276 368]]",[0. 1. 0. ... 0. 0. 1.],[1. 1. 1. ... 0. 1. 0.]
550,knn,{'n_neighbors': 35},0.6005839841551728,0.09522326470186004,0.21783570405170705,0.1838390712057915,0.6087859735525324,0.09263181896551358,0.6026996585136121,0.20612331243509363,0.6031007751937985,0.6030517470145953,"{0: 0.6396638174720689, 1: 0.639663817472069}","{0: 0.6396638174720689, 1: 0.639663817472069}",0.639663817472069,"[[410 236]
 [276 368]]",[0. 1. 0. ... 0. 0. 1.],[1. 1. 1. ... 0. 1. 0.]
431,knn,{'n_neighbors': 35},0.6005839841551728,0.09522326470186004,0.21783570405170705,0.1838390712057915,0.6087859735525324,0.09263181896551358,0.6026996585136121,0.20612331243509363,0.6031007751937985,0.6030517470145953,"{0: 0.6396638174720689, 1: 0.639663817472069}","{0: 0.6396638174720689, 1: 0.639663817472069}",0.639663817472069,"[[410 236]
 [276 368]]",[0. 1. 0. ... 0. 0. 1.],[1. 1. 1. ... 0. 1. 0.]
545,knn,{'n_neighbors': 35},0.6005839841551728,0.09522326470186004,0.21783570405170705,0.1838390712057915,0.6087859735525324,0.09263181896551358,0.6026996585136121,0.20612331243509363,0.6031007751937985,0.6030517470145953,"{0: 0.6396638174720689, 1: 0.639663817472069}","{0: 0.6396638174720689, 1: 0.639663817472069}",0.639663817472069,"[[410 236]
 [276 368]]",[0. 1. 0. ... 0. 0. 1.],[1. 1. 1. ... 0. 1. 0.]
887,knn,{'n_neighbors': 35},0.6005839841551728,0.09522326470186004,0.21783570405170705,0.1838390712057915,0.6087859735525324,0.09263181896551358,0.6026996585136121,0.20612331243509363,0.6031007751937985,0.6030517470145953,"{0: 0.6396638174720689, 1: 0.639663817472069}","{0: 0.6396638174720689, 1: 0.639663817472069}",0.639663817472069,"[[410 236]
 [276 368]]",[0. 1. 0. ... 0. 0. 1.],[1. 1. 1. ... 0. 1. 0.]
888,knn,{'n_neighbors': 35},0.6005839841551728,0.09522326470186004,0.21783570405170705,0.1838390712057915,0.6087859735525324,0.09263181896551358,0.6026996585136121,0.20612331243509363,0.6031007751937985,0.6030517470145953,"{0: 0.6396638174720689, 1: 0.639663817472069}","{0: 0.6396638174720689, 1: 0.639663817472069}",0.639663817472069,"[[410 236]
 [276 368]]",[0. 1. 0. ... 0. 0. 1.],[1. 1. 1. ... 0. 1. 0.]
530,knn,{'n_neighbors': 35},0.6005839841551728,0.09522326470186004,0.21783570405170705,0.1838390712057915,0.6087859735525324,0.09263181896551358,0.6026996585136121,0.20612331243509363,0.6031007751937985,0.6030517470145953,"{0: 0.6396638174720689, 1: 0.639663817472069}","{0: 0.6396638174720689, 1: 0.639663817472069}",0.639663817472069,"[[410 236]
 [276 368]]",[0. 1. 0. ... 0. 0. 1.],[1. 1. 1. ... 0. 1. 0.]
446,knn,{'n_neighbors': 35},0.6005839841551728,0.09522326470186004,0.21783570405170705,0.1838390712057915,0.6087859735525324,0.09263181896551358,0.6026996585136121,0.20612331243509363,0.6031007751937985,0.6030517470145953,"{0: 0.6396638174720689, 1: 0.639663817472069}","{0: 0.6396638174720689, 1: 0.639663817472069}",0.639663817472069,"[[410 236]
 [276 368]]",[0. 1. 0. ... 0. 0. 1.],[1. 1. 1. ... 0. 1. 0.]
606,knn,{'n_neighbors': 35},0.6005839841551728,0.09522326470186004,0.21783570405170705,0.1838390712057915,0.6087859735525324,0.09263181896551358,0.6026996585136121,0.20612331243509363,0.6031007751937985,0.6030517470145953,"{0: 0.6396638174720689, 1: 0.639663817472069}","{0: 0.6396638174720689, 1: 0.639663817472069}",0.639663817472069,"[[410 236]
 [276 368]]",[0. 1. 0. ... 0. 0. 1.],[1. 1. 1. ... 0. 1. 0.]
906,knn,{'n_neighbors': 35},0.6005839841551728,0.09522326470186004,0.21783570405170705,0.1838390712057915,0.6087859735525324,0.09263181896551358,0.6026996585136121,0.20612331243509363,0.6031007751937985,0.6030517470145953,"{0: 0.6396638174720689, 1: 0.639663817472069}","{0: 0.6396638174720689, 1: 0.639663817472069}",0.639663817472069,"[[410 236]
 [276 368]]",[0. 1. 0. ... 0. 0. 1.],[1. 1. 1. ... 0. 1. 0.]
450,knn,{'n_neighbors': 35},0.6005839841551728,0.09522326470186004,0.21783570405170705,0.1838390712057915,0.6087859735525324,0.09263181896551358,0.6026996585136121,0.20612331243509363,0.6031007751937985,0.6030517470145953,"{0: 0.6396638174720689, 1: 0.639663817472069}","{0: 0.6396638174720689, 1: 0.639663817472069}",0.639663817472069,"[[410 236]
 [276 368]]",[0. 1. 0. ... 0. 0. 1.],[1. 1. 1. ... 0. 1. 0.]
527,knn,{'n_neighbors': 35},0.6005839841551728,0.09522326470186004,0.21783570405170705,0.1838390712057915,0.6087859735525324,0.09263181896551358,0.6026996585136121,0.20612331243509363,0.6031007751937985,0.6030517470145953,"{0: 0.6396638174720689, 1: 0.639663817472069}","{0: 0.6396638174720689, 1: 0.639663817472069}",0.639663817472069,"[[410 236]
 [276 368]]",[0. 1. 0. ... 0. 0. 1.],[1. 1. 1. ... 0. 1. 0.]
525,knn,{'n_neighbors': 35},0.6005839841551728,0.09522326470186004,0.21783570405170705,0.1838390712057915,0.6087859735525324,0.09263181896551358,0.6026996585136121,0.20612331243509363,0.6031007751937985,0.6030517470145953,"{0: 0.6396638174720689, 1: 0.639663817472069}","{0: 0.6396638174720689, 1: 0.639663817472069}",0.639663817472069,"[[410 236]
 [276 368]]",[0. 1. 0. ... 0. 0. 1.],[1. 1. 1. ... 0. 1. 0.]
462,knn,{'n_neighbors': 35},0.6005839841551728,0.09522326470186004,0.21783570405170705,0.1838390712057915,0.6087859735525324,0.09263181896551358,0.6026996585136121,0.20612331243509363,0.6031007751937985,0.6030517470145953,"{0: 0.6396638174720689, 1: 0.639663817472069}","{0: 0.6396638174720689, 1: 0.639663817472069}",0.639663817472069,"[[410 236]
 [276 368]]",[0. 1. 0. ... 0. 0. 1.],[1. 1. 1. ... 0. 1. 0.]
517,knn,{'n_neighbors': 35},0.6005839841551728,0.09522326470186004,0.21783570405170705,0.1838390712057915,0.6087859735525324,0.09263181896551358,0.6026996585136121,0.20612331243509363,0.6031007751937985,0.6030517470145953,"{0: 0.6396638174720689, 1: 0.639663817472069}","{0: 0.6396638174720689, 1: 0.639663817472069}",0.639663817472069,"[[410 236]
 [276 368]]",[0. 1. 0. ... 0. 0. 1.],[1. 1. 1. ... 0. 1. 0.]
473,knn,{'n_neighbors': 35},0.6005839841551728,0.09522326470186004,0.21783570405170705,0.1838390712057915,0.6087859735525324,0.09263181896551358,0.6026996585136121,0.20612331243509363,0.6031007751937985,0.6030517470145953,"{0: 0.6396638174720689, 1: 0.639663817472069}","{0: 0.6396638174720689, 1: 0.639663817472069}",0.639663817472069,"[[410 236]
 [276 368]]",[0. 1. 0. ... 0. 0. 1.],[1. 1. 1. ... 0. 1. 0.]
475,knn,{'n_neighbors': 35},0.6005839841551728,0.09522326470186004,0.21783570405170705,0.1838390712057915,0.6087859735525324,0.09263181896551358,0.6026996585136121,0.20612331243509363,0.6031007751937985,0.6030517470145953,"{0: 0.6396638174720689, 1: 0.639663817472069}","{0: 0.6396638174720689, 1: 0.639663817472069}",0.639663817472069,"[[410 236]
 [276 368]]",[0. 1. 0. ... 0. 0. 1.],[1. 1. 1. ... 0. 1. 0.]
899,knn,{'n_neighbors': 35},0.6005839841551728,0.09522326470186004,0.21783570405170705,0.1838390712057915,0.6087859735525324,0.09263181896551358,0.6026996585136121,0.20612331243509363,0.6031007751937985,0.6030517470145953,"{0: 0.6396638174720689, 1: 0.639663817472069}","{0: 0.6396638174720689, 1: 0.639663817472069}",0.639663817472069,"[[410 236]
 [276 368]]",[0. 1. 0. ... 0. 0. 1.],[1. 1. 1. ... 0. 1. 0.]
508,knn,{'n_neighbors': 35},0.6005839841551728,0.09522326470186004,0.21783570405170705,0.1838390712057915,0.6087859735525324,0.09263181896551358,0.6026996585136121,0.20612331243509363,0.6031007751937985,0.6030517470145953,"{0: 0.6396638174720689, 1: 0.639663817472069}","{0: 0.6396638174720689, 1: 0.639663817472069}",0.639663817472069,"[[410 236]
 [276 368]]",[0. 1. 0. ... 0. 0. 1.],[1. 1. 1. ... 0. 1. 0.]
504,knn,{'n_neighbors': 35},0.6005839841551728,0.09522326470186004,0.21783570405170705,0.1838390712057915,0.6087859735525324,0.09263181896551358,0.6026996585136121,0.20612331243509363,0.6031007751937985,0.6030517470145953,"{0: 0.6396638174720689, 1: 0.639663817472069}","{0: 0.6396638174720689, 1: 0.639663817472069}",0.639663817472069,"[[410 236]
 [276 368]]",[0. 1. 0. ... 0. 0. 1.],[1. 1. 1. ... 0. 1. 0.]
484,knn,{'n_neighbors': 35},0.6005839841551728,0.09522326470186004,0.21783570405170705,0.1838390712057915,0.6087859735525324,0.09263181896551358,0.6026996585136121,0.20612331243509363,0.6031007751937985,0.6030517470145953,"{0: 0.6396638174720689, 1: 0.639663817472069}","{0: 0.6396638174720689, 1: 0.639663817472069}",0.639663817472069,"[[410 236]
 [276 368]]",[0. 1. 0. ... 0. 0. 1.],[1. 1. 1. ... 0. 1. 0.]
485,knn,{'n_neighbors': 35},0.6005839841551728,0.09522326470186004,0.21783570405170705,0.1838390712057915,0.6087859735525324,0.09263181896551358,0.6026996585136121,0.20612331243509363,0.6031007751937985,0.6030517470145953,"{0: 0.6396638174720689, 1: 0.639663817472069}","{0: 0.6396638174720689, 1: 0.639663817472069}",0.639663817472069,"[[410 236]
 [276 368]]",[0. 1. 0. ... 0. 0. 1.],[1. 1. 1. ... 0. 1. 0.]
405,knn,{'n_neighbors': 35},0.6005839841551728,0.09522326470186004,0.21783570405170705,0.1838390712057915,0.6087859735525324,0.09263181896551358,0.6026996585136121,0.20612331243509363,0.6031007751937985,0.6030517470145953,"{0: 0.6396638174720689, 1: 0.639663817472069}","{0: 0.6396638174720689, 1: 0.639663817472069}",0.639663817472069,"[[410 236]
 [276 368]]",[0. 1. 0. ... 0. 0. 1.],[1. 1. 1. ... 0. 1. 0.]
404,knn,{'n_neighbors': 35},0.6005839841551728,0.09522326470186004,0.21783570405170705,0.1838390712057915,0.6087859735525324,0.09263181896551358,0.6026996585136121,0.20612331243509363,0.6031007751937985,0.6030517470145953,"{0: 0.6396638174720689, 1: 0.639663817472069}","{0: 0.6396638174720689, 1: 0.639663817472069}",0.639663817472069,"[[410 236]
 [276 368]]",[0. 1. 0. ... 0. 0. 1.],[1. 1. 1. ... 0. 1. 0.]
403,knn,{'n_neighbors': 35},0.6005839841551728,0.09522326470186004,0.21783570405170705,0.1838390712057915,0.6087859735525324,0.09263181896551358,0.6026996585136121,0.20612331243509363,0.6031007751937985,0.6030517470145953,"{0: 0.6396638174720689, 1: 0.639663817472069}","{0: 0.6396638174720689, 1: 0.639663817472069}",0.639663817472069,"[[410 236]
 [276 368]]",[0. 1. 0. ... 0. 0. 1.],[1. 1. 1. ... 0. 1. 0.]
402,knn,{'n_neighbors': 35},0.6005839841551728,0.09522326470186004,0.21783570405170705,0.1838390712057915,0.6087859735525324,0.09263181896551358,0.6026996585136121,0.20612331243509363,0.6031007751937985,0.6030517470145953,"{0: 0.6396638174720689, 1: 0.639663817472069}","{0: 0.6396638174720689, 1: 0.639663817472069}",0.639663817472069,"[[410 236]
 [276 368]]",[0. 1. 0. ... 0. 0. 1.],[1. 1. 1. ... 0. 1. 0.]
327,knn,{'n_neighbors': 35},0.6005839841551728,0.09522326470186004,0.21783570405170705,0.1838390712057915,0.6087859735525324,0.09263181896551358,0.6026996585136121,0.20612331243509363,0.6031007751937985,0.6030517470145953,"{0: 0.6396638174720689, 1: 0.639663817472069}","{0: 0.6396638174720689, 1: 0.639663817472069}",0.639663817472069,"[[410 236]
 [276 368]]",[0. 1. 0. ... 0. 0. 1.],[1. 1. 1. ... 0. 1. 0.]
328,knn,{'n_neighbors': 35},0.6005839841551728,0.09522326470186004,0.21783570405170705,0.1838390712057915,0.6087859735525324,0.09263181896551358,0.6026996585136121,0.20612331243509363,0.6031007751937985,0.6030517470145953,"{0: 0.6396638174720689, 1: 0.639663817472069}","{0: 0.6396638174720689, 1: 0.639663817472069}",0.639663817472069,"[[410 236]
 [276 368]]",[0. 1. 0. ... 0. 0. 1.],[1. 1. 1. ... 0. 1. 0.]
603,knn,{'n_neighbors': 35},0.6005839841551728,0.09522326470186004,0.21783570405170705,0.1838390712057915,0.6087859735525324,0.09263181896551358,0.6026996585136121,0.20612331243509363,0.6031007751937985,0.6030517470145953,"{0: 0.6396638174720689, 1: 0.639663817472069}","{0: 0.6396638174720689, 1: 0.639663817472069}",0.639663817472069,"[[410 236]
 [276 368]]",[0. 1. 0. ... 0. 0. 1.],[1. 1. 1. ... 0. 1. 0.]
339,knn,{'n_neighbors': 35},0.6005839841551728,0.09522326470186004,0.21783570405170705,0.1838390712057915,0.6087859735525324,0.09263181896551358,0.6026996585136121,0.20612331243509363,0.6031007751937985,0.6030517470145953,"{0: 0.6396638174720689, 1: 0.639663817472069}","{0: 0.6396638174720689, 1: 0.639663817472069}",0.639663817472069,"[[410 236]
 [276 368]]",[0. 1. 0. ... 0. 0. 1.],[1. 1. 1. ... 0. 1. 0.]
594,knn,{'n_neighbors': 35},0.6005839841551728,0.09522326470186004,0.21783570405170705,0.1838390712057915,0.6087859735525324,0.09263181896551358,0.6026996585136121,0.20612331243509363,0.6031007751937985,0.6030517470145953,"{0: 0.6396638174720689, 1: 0.639663817472069}","{0: 0.6396638174720689, 1: 0.639663817472069}",0.639663817472069,"[[410 236]
 [276 368]]",[0. 1. 0. ... 0. 0. 1.],[1. 1. 1. ... 0. 1. 0.]
593,knn,{'n_neighbors': 35},0.6005839841551728,0.09522326470186004,0.21783570405170705,0.1838390712057915,0.6087859735525324,0.09263181896551358,0.6026996585136121,0.20612331243509363,0.6031007751937985,0.6030517470145953,"{0: 0.6396638174720689, 1: 0.639663817472069}","{0: 0.6396638174720689, 1: 0.639663817472069}",0.639663817472069,"[[410 236]
 [276 368]]",[0. 1. 0. ... 0. 0. 1.],[1. 1. 1. ... 0. 1. 0.]
346,knn,{'n_neighbors': 35},0.6005839841551728,0.09522326470186004,0.21783570405170705,0.1838390712057915,0.6087859735525324,0.09263181896551358,0.6026996585136121,0.20612331243509363,0.6031007751937985,0.6030517470145953,"{0: 0.6396638174720689, 1: 0.639663817472069}","{0: 0.6396638174720689, 1: 0.639663817472069}",0.639663817472069,"[[410 236]
 [276 368]]",[0. 1. 0. ... 0. 0. 1.],[1. 1. 1. ... 0. 1. 0.]
347,knn,{'n_neighbors': 35},0.6005839841551728,0.09522326470186004,0.21783570405170705,0.1838390712057915,0.6087859735525324,0.09263181896551358,0.6026996585136121,0.20612331243509363,0.6031007751937985,0.6030517470145953,"{0: 0.6396638174720689, 1: 0.639663817472069}","{0: 0.6396638174720689, 1: 0.639663817472069}",0.639663817472069,"[[410 236]
 [276 368]]",[0. 1. 0. ... 0. 0. 1.],[1. 1. 1. ... 0. 1. 0.]
921,knn,{'n_neighbors': 35},0.6005839841551728,0.09522326470186004,0.21783570405170705,0.1838390712057915,0.6087859735525324,0.09263181896551358,0.6026996585136121,0.20612331243509363,0.6031007751937985,0.6030517470145953,"{0: 0.6396638174720689, 1: 0.639663817472069}","{0: 0.6396638174720689, 1: 0.639663817472069}",0.639663817472069,"[[410 236]
 [276 368]]",[0. 1. 0. ... 0. 0. 1.],[1. 1. 1. ... 0. 1. 0.]
587,knn,{'n_neighbors': 35},0.6005839841551728,0.09522326470186004,0.21783570405170705,0.1838390712057915,0.6087859735525324,0.09263181896551358,0.6026996585136121,0.20612331243509363,0.6031007751937985,0.6030517470145953,"{0: 0.6396638174720689, 1: 0.639663817472069}","{0: 0.6396638174720689, 1: 0.639663817472069}",0.639663817472069,"[[410 236]
 [276 368]]",[0. 1. 0. ... 0. 0. 1.],[1. 1. 1. ... 0. 1. 0.]
585,knn,{'n_neighbors': 35},0.6005839841551728,0.09522326470186004,0.21783570405170705,0.1838390712057915,0.6087859735525324,0.09263181896551358,0.6026996585136121,0.20612331243509363,0.6031007751937985,0.6030517470145953,"{0: 0.6396638174720689, 1: 0.639663817472069}","{0: 0.6396638174720689, 1: 0.639663817472069}",0.639663817472069,"[[410 236]
 [276 368]]",[0. 1. 0. ... 0. 0. 1.],[1. 1. 1. ... 0. 1. 0.]
583,knn,{'n_neighbors': 35},0.6005839841551728,0.09522326470186004,0.21783570405170705,0.1838390712057915,0.6087859735525324,0.09263181896551358,0.6026996585136121,0.20612331243509363,0.6031007751937985,0.6030517470145953,"{0: 0.6396638174720689, 1: 0.639663817472069}","{0: 0.6396638174720689, 1: 0.639663817472069}",0.639663817472069,"[[410 236]
 [276 368]]",[0. 1. 0. ... 0. 0. 1.],[1. 1. 1. ... 0. 1. 0.]
582,knn,{'n_neighbors': 35},0.6005839841551728,0.09522326470186004,0.21783570405170705,0.1838390712057915,0.6087859735525324,0.09263181896551358,0.6026996585136121,0.20612331243509363,0.6031007751937985,0.6030517470145953,"{0: 0.6396638174720689, 1: 0.639663817472069}","{0: 0.6396638174720689, 1: 0.639663817472069}",0.639663817472069,"[[410 236]
 [276 368]]",[0. 1. 0. ... 0. 0. 1.],[1. 1. 1. ... 0. 1. 0.]
581,knn,{'n_neighbors': 35},0.6005839841551728,0.09522326470186004,0.21783570405170705,0.1838390712057915,0.6087859735525324,0.09263181896551358,0.6026996585136121,0.20612331243509363,0.6031007751937985,0.6030517470145953,"{0: 0.6396638174720689, 1: 0.639663817472069}","{0: 0.6396638174720689, 1: 0.639663817472069}",0.639663817472069,"[[410 236]
 [276 368]]",[0. 1. 0. ... 0. 0. 1.],[1. 1. 1. ... 0. 1. 0.]
368,knn,{'n_neighbors': 35},0.6005839841551728,0.09522326470186004,0.21783570405170705,0.1838390712057915,0.6087859735525324,0.09263181896551358,0.6026996585136121,0.20612331243509363,0.6031007751937985,0.6030517470145953,"{0: 0.6396638174720689, 1: 0.639663817472069}","{0: 0.6396638174720689, 1: 0.639663817472069}",0.639663817472069,"[[410 236]
 [276 368]]",[0. 1. 0. ... 0. 0. 1.],[1. 1. 1. ... 0. 1. 0.]
580,knn,{'n_neighbors': 35},0.6005839841551728,0.09522326470186004,0.21783570405170705,0.1838390712057915,0.6087859735525324,0.09263181896551358,0.6026996585136121,0.20612331243509363,0.6031007751937985,0.6030517470145953,"{0: 0.6396638174720689, 1: 0.639663817472069}","{0: 0.6396638174720689, 1: 0.639663817472069}",0.639663817472069,"[[410 236]
 [276 368]]",[0. 1. 0. ... 0. 0. 1.],[1. 1. 1. ... 0. 1. 0.]
579,knn,{'n_neighbors': 35},0.6005839841551728,0.09522326470186004,0.21783570405170705,0.1838390712057915,0.6087859735525324,0.09263181896551358,0.6026996585136121,0.20612331243509363,0.6031007751937985,0.6030517470145953,"{0: 0.6396638174720689, 1: 0.639663817472069}","{0: 0.6396638174720689, 1: 0.639663817472069}",0.639663817472069,"[[410 236]
 [276 368]]",[0. 1. 0. ... 0. 0. 1.],[1. 1. 1. ... 0. 1. 0.]
916,knn,{'n_neighbors': 35},0.6005839841551728,0.09522326470186004,0.21783570405170705,0.1838390712057915,0.6087859735525324,0.09263181896551358,0.6026996585136121,0.20612331243509363,0.6031007751937985,0.6030517470145953,"{0: 0.6396638174720689, 1: 0.639663817472069}","{0: 0.6396638174720689, 1: 0.639663817472069}",0.639663817472069,"[[410 236]
 [276 368]]",[0. 1. 0. ... 0. 0. 1.],[1. 1. 1. ... 0. 1. 0.]
578,knn,{'n_neighbors': 35},0.6005839841551728,0.09522326470186004,0.21783570405170705,0.1838390712057915,0.6087859735525324,0.09263181896551358,0.6026996585136121,0.20612331243509363,0.6031007751937985,0.6030517470145953,"{0: 0.6396638174720689, 1: 0.639663817472069}","{0: 0.6396638174720689, 1: 0.639663817472069}",0.639663817472069,"[[410 236]
 [276 368]]",[0. 1. 0. ... 0. 0. 1.],[1. 1. 1. ... 0. 1. 0.]
577,knn,{'n_neighbors': 35},0.6005839841551728,0.09522326470186004,0.21783570405170705,0.1838390712057915,0.6087859735525324,0.09263181896551358,0.6026996585136121,0.20612331243509363,0.6031007751937985,0.6030517470145953,"{0: 0.6396638174720689, 1: 0.639663817472069}","{0: 0.6396638174720689, 1: 0.639663817472069}",0.639663817472069,"[[410 236]
 [276 368]]",[0. 1. 0. ... 0. 0. 1.],[1. 1. 1. ... 0. 1. 0.]
576,knn,{'n_neighbors': 35},0.6005839841551728,0.09522326470186004,0.21783570405170705,0.1838390712057915,0.6087859735525324,0.09263181896551358,0.6026996585136121,0.20612331243509363,0.6031007751937985,0.6030517470145953,"{0: 0.6396638174720689, 1: 0.639663817472069}","{0: 0.6396638174720689, 1: 0.639663817472069}",0.639663817472069,"[[410 236]
 [276 368]]",[0. 1. 0. ... 0. 0. 1.],[1. 1. 1. ... 0. 1. 0.]
377,knn,{'n_neighbors': 35},0.6005839841551728,0.09522326470186004,0.21783570405170705,0.1838390712057915,0.6087859735525324,0.09263181896551358,0.6026996585136121,0.20612331243509363,0.6031007751937985,0.6030517470145953,"{0: 0.6396638174720689, 1: 0.639663817472069}","{0: 0.6396638174720689, 1: 0.639663817472069}",0.639663817472069,"[[410 236]
 [276 368]]",[0. 1. 0. ... 0. 0. 1.],[1. 1. 1. ... 0. 1. 0.]
913,knn,{'n_neighbors': 35},0.6005839841551728,0.09522326470186004,0.21783570405170705,0.1838390712057915,0.6087859735525324,0.09263181896551358,0.6026996585136121,0.20612331243509363,0.6031007751937985,0.6030517470145953,"{0: 0.6396638174720689, 1: 0.639663817472069}","{0: 0.6396638174720689, 1: 0.639663817472069}",0.639663817472069,"[[410 236]
 [276 368]]",[0. 1. 0. ... 0. 0. 1.],[1. 1. 1. ... 0. 1. 0.]
386,knn,{'n_neighbors': 35},0.6005839841551728,0.09522326470186004,0.21783570405170705,0.1838390712057915,0.6087859735525324,0.09263181896551358,0.6026996585136121,0.20612331243509363,0.6031007751937985,0.6030517470145953,"{0: 0.6396638174720689, 1: 0.639663817472069}","{0: 0.6396638174720689, 1: 0.639663817472069}",0.639663817472069,"[[410 236]
 [276 368]]",[0. 1. 0. ... 0. 0. 1.],[1. 1. 1. ... 0. 1. 0.]
387,knn,{'n_neighbors': 35},0.6005839841551728,0.09522326470186004,0.21783570405170705,0.1838390712057915,0.6087859735525324,0.09263181896551358,0.6026996585136121,0.20612331243509363,0.6031007751937985,0.6030517470145953,"{0: 0.6396638174720689, 1: 0.639663817472069}","{0: 0.6396638174720689, 1: 0.639663817472069}",0.639663817472069,"[[410 236]
 [276 368]]",[0. 1. 0. ... 0. 0. 1.],[1. 1. 1. ... 0. 1. 0.]
399,knn,{'n_neighbors': 35},0.6005839841551728,0.09522326470186004,0.21783570405170705,0.1838390712057915,0.6087859735525324,0.09263181896551358,0.6026996585136121,0.20612331243509363,0.6031007751937985,0.6030517470145953,"{0: 0.6396638174720689, 1: 0.639663817472069}","{0: 0.6396638174720689, 1: 0.639663817472069}",0.639663817472069,"[[410 236]
 [276 368]]",[0. 1. 0. ... 0. 0. 1.],[1. 1. 1. ... 0. 1. 0.]
401,knn,{'n_neighbors': 35},0.6005839841551728,0.09522326470186004,0.21783570405170705,0.1838390712057915,0.6087859735525324,0.09263181896551358,0.6026996585136121,0.20612331243509363,0.6031007751937985,0.6030517470145953,"{0: 0.6396638174720689, 1: 0.639663817472069}","{0: 0.6396638174720689, 1: 0.639663817472069}",0.639663817472069,"[[410 236]
 [276 368]]",[0. 1. 0. ... 0. 0. 1.],[1. 1. 1. ... 0. 1. 0.]
969,knn,{'n_neighbors': 35},0.6005839841551728,0.09522326470186004,0.21783570405170705,0.1838390712057915,0.6087859735525324,0.09263181896551358,0.6026996585136121,0.20612331243509363,0.6031007751937985,0.6030517470145953,"{0: 0.6396638174720689, 1: 0.639663817472069}","{0: 0.6396638174720689, 1: 0.639663817472069}",0.639663817472069,"[[410 236]
 [276 368]]",[0. 1. 0. ... 0. 0. 1.],[1. 1. 1. ... 0. 1. 0.]
941,knn,{'n_neighbors': 35},0.6005839841551728,0.09522326470186004,0.21783570405170705,0.1838390712057915,0.6087859735525324,0.09263181896551358,0.6026996585136121,0.20612331243509363,0.6031007751937985,0.6030517470145953,"{0: 0.6396638174720689, 1: 0.639663817472069}","{0: 0.6396638174720689, 1: 0.639663817472069}",0.639663817472069,"[[410 236]
 [276 368]]",[0. 1. 0. ... 0. 0. 1.],[1. 1. 1. ... 0. 1. 0.]
896,knn,{'n_neighbors': 35},0.6005839841551728,0.09522326470186004,0.21783570405170705,0.1838390712057915,0.6087859735525324,0.09263181896551358,0.6026996585136121,0.20612331243509363,0.6031007751937985,0.6030517470145953,"{0: 0.6396638174720689, 1: 0.639663817472069}","{0: 0.6396638174720689, 1: 0.639663817472069}",0.639663817472069,"[[410 236]
 [276 368]]",[0. 1. 0. ... 0. 0. 1.],[1. 1. 1. ... 0. 1. 0.]
34,knn,{'n_neighbors': 35},0.6005839841551728,0.09522326470186004,0.21783570405170705,0.1838390712057915,0.6087859735525324,0.09263181896551358,0.6026996585136121,0.20612331243509363,0.6031007751937985,0.6030517470145953,"{0: 0.6396638174720689, 1: 0.639663817472069}","{0: 0.6396638174720689, 1: 0.639663817472069}",0.639663817472069,"[[410 236]
 [276 368]]",[0. 1. 0. ... 0. 0. 1.],[1. 1. 1. ... 0. 1. 0.]
753,knn,{'n_neighbors': 35},0.6005839841551728,0.09522326470186004,0.21783570405170705,0.1838390712057915,0.6087859735525324,0.09263181896551358,0.6026996585136121,0.20612331243509363,0.6031007751937985,0.6030517470145953,"{0: 0.6396638174720689, 1: 0.639663817472069}","{0: 0.6396638174720689, 1: 0.639663817472069}",0.639663817472069,"[[410 236]
 [276 368]]",[0. 1. 0. ... 0. 0. 1.],[1. 1. 1. ... 0. 1. 0.]
800,knn,{'n_neighbors': 35},0.6005839841551728,0.09522326470186004,0.21783570405170705,0.1838390712057915,0.6087859735525324,0.09263181896551358,0.6026996585136121,0.20612331243509363,0.6031007751937985,0.6030517470145953,"{0: 0.6396638174720689, 1: 0.639663817472069}","{0: 0.6396638174720689, 1: 0.639663817472069}",0.639663817472069,"[[410 236]
 [276 368]]",[0. 1. 0. ... 0. 0. 1.],[1. 1. 1. ... 0. 1. 0.]
799,knn,{'n_neighbors': 35},0.6005839841551728,0.09522326470186004,0.21783570405170705,0.1838390712057915,0.6087859735525324,0.09263181896551358,0.6026996585136121,0.20612331243509363,0.6031007751937985,0.6030517470145953,"{0: 0.6396638174720689, 1: 0.639663817472069}","{0: 0.6396638174720689, 1: 0.639663817472069}",0.639663817472069,"[[410 236]
 [276 368]]",[0. 1. 0. ... 0. 0. 1.],[1. 1. 1. ... 0. 1. 0.]
793,knn,{'n_neighbors': 35},0.6005839841551728,0.09522326470186004,0.21783570405170705,0.1838390712057915,0.6087859735525324,0.09263181896551358,0.6026996585136121,0.20612331243509363,0.6031007751937985,0.6030517470145953,"{0: 0.6396638174720689, 1: 0.639663817472069}","{0: 0.6396638174720689, 1: 0.639663817472069}",0.639663817472069,"[[410 236]
 [276 368]]",[0. 1. 0. ... 0. 0. 1.],[1. 1. 1. ... 0. 1. 0.]
100,knn,{'n_neighbors': 35},0.6005839841551728,0.09522326470186004,0.21783570405170705,0.1838390712057915,0.6087859735525324,0.09263181896551358,0.6026996585136121,0.20612331243509363,0.6031007751937985,0.6030517470145953,"{0: 0.6396638174720689, 1: 0.639663817472069}","{0: 0.6396638174720689, 1: 0.639663817472069}",0.639663817472069,"[[410 236]
 [276 368]]",[0. 1. 0. ... 0. 0. 1.],[1. 1. 1. ... 0. 1. 0.]
792,knn,{'n_neighbors': 35},0.6005839841551728,0.09522326470186004,0.21783570405170705,0.1838390712057915,0.6087859735525324,0.09263181896551358,0.6026996585136121,0.20612331243509363,0.6031007751937985,0.6030517470145953,"{0: 0.6396638174720689, 1: 0.639663817472069}","{0: 0.6396638174720689, 1: 0.639663817472069}",0.639663817472069,"[[410 236]
 [276 368]]",[0. 1. 0. ... 0. 0. 1.],[1. 1. 1. ... 0. 1. 0.]
791,knn,{'n_neighbors': 35},0.6005839841551728,0.09522326470186004,0.21783570405170705,0.1838390712057915,0.6087859735525324,0.09263181896551358,0.6026996585136121,0.20612331243509363,0.6031007751937985,0.6030517470145953,"{0: 0.6396638174720689, 1: 0.639663817472069}","{0: 0.6396638174720689, 1: 0.639663817472069}",0.639663817472069,"[[410 236]
 [276 368]]",[0. 1. 0. ... 0. 0. 1.],[1. 1. 1. ... 0. 1. 0.]
790,knn,{'n_neighbors': 35},0.6005839841551728,0.09522326470186004,0.21783570405170705,0.1838390712057915,0.6087859735525324,0.09263181896551358,0.6026996585136121,0.20612331243509363,0.6031007751937985,0.6030517470145953,"{0: 0.6396638174720689, 1: 0.639663817472069}","{0: 0.6396638174720689, 1: 0.639663817472069}",0.639663817472069,"[[410 236]
 [276 368]]",[0. 1. 0. ... 0. 0. 1.],[1. 1. 1. ... 0. 1. 0.]
789,knn,{'n_neighbors': 35},0.6005839841551728,0.09522326470186004,0.21783570405170705,0.1838390712057915,0.6087859735525324,0.09263181896551358,0.6026996585136121,0.20612331243509363,0.6031007751937985,0.6030517470145953,"{0: 0.6396638174720689, 1: 0.639663817472069}","{0: 0.6396638174720689, 1: 0.639663817472069}",0.639663817472069,"[[410 236]
 [276 368]]",[0. 1. 0. ... 0. 0. 1.],[1. 1. 1. ... 0. 1. 0.]
788,knn,{'n_neighbors': 35},0.6005839841551728,0.09522326470186004,0.21783570405170705,0.1838390712057915,0.6087859735525324,0.09263181896551358,0.6026996585136121,0.20612331243509363,0.6031007751937985,0.6030517470145953,"{0: 0.6396638174720689, 1: 0.639663817472069}","{0: 0.6396638174720689, 1: 0.639663817472069}",0.639663817472069,"[[410 236]
 [276 368]]",[0. 1. 0. ... 0. 0. 1.],[1. 1. 1. ... 0. 1. 0.]
985,knn,{'n_neighbors': 35},0.6005839841551728,0.09522326470186004,0.21783570405170705,0.1838390712057915,0.6087859735525324,0.09263181896551358,0.6026996585136121,0.20612331243509363,0.6031007751937985,0.6030517470145953,"{0: 0.6396638174720689, 1: 0.639663817472069}","{0: 0.6396638174720689, 1: 0.639663817472069}",0.639663817472069,"[[410 236]
 [276 368]]",[0. 1. 0. ... 0. 0. 1.],[1. 1. 1. ... 0. 1. 0.]
984,knn,{'n_neighbors': 35},0.6005839841551728,0.09522326470186004,0.21783570405170705,0.1838390712057915,0.6087859735525324,0.09263181896551358,0.6026996585136121,0.20612331243509363,0.6031007751937985,0.6030517470145953,"{0: 0.6396638174720689, 1: 0.639663817472069}","{0: 0.6396638174720689, 1: 0.639663817472069}",0.639663817472069,"[[410 236]
 [276 368]]",[0. 1. 0. ... 0. 0. 1.],[1. 1. 1. ... 0. 1. 0.]
61,knn,{'n_neighbors': 35},0.6005839841551728,0.09522326470186004,0.21783570405170705,0.1838390712057915,0.6087859735525324,0.09263181896551358,0.6026996585136121,0.20612331243509363,0.6031007751937985,0.6030517470145953,"{0: 0.6396638174720689, 1: 0.639663817472069}","{0: 0.6396638174720689, 1: 0.639663817472069}",0.639663817472069,"[[410 236]
 [276 368]]",[0. 1. 0. ... 0. 0. 1.],[1. 1. 1. ... 0. 1. 0.]
787,knn,{'n_neighbors': 35},0.6005839841551728,0.09522326470186004,0.21783570405170705,0.1838390712057915,0.6087859735525324,0.09263181896551358,0.6026996585136121,0.20612331243509363,0.6031007751937985,0.6030517470145953,"{0: 0.6396638174720689, 1: 0.639663817472069}","{0: 0.6396638174720689, 1: 0.639663817472069}",0.639663817472069,"[[410 236]
 [276 368]]",[0. 1. 0. ... 0. 0. 1.],[1. 1. 1. ... 0. 1. 0.]
974,knn,{'n_neighbors': 35},0.6005839841551728,0.09522326470186004,0.21783570405170705,0.1838390712057915,0.6087859735525324,0.09263181896551358,0.6026996585136121,0.20612331243509363,0.6031007751937985,0.6030517470145953,"{0: 0.6396638174720689, 1: 0.639663817472069}","{0: 0.6396638174720689, 1: 0.639663817472069}",0.639663817472069,"[[410 236]
 [276 368]]",[0. 1. 0. ... 0. 0. 1.],[1. 1. 1. ... 0. 1. 0.]
759,knn,{'n_neighbors': 35},0.6005839841551728,0.09522326470186004,0.21783570405170705,0.1838390712057915,0.6087859735525324,0.09263181896551358,0.6026996585136121,0.20612331243509363,0.6031007751937985,0.6030517470145953,"{0: 0.6396638174720689, 1: 0.639663817472069}","{0: 0.6396638174720689, 1: 0.639663817472069}",0.639663817472069,"[[410 236]
 [276 368]]",[0. 1. 0. ... 0. 0. 1.],[1. 1. 1. ... 0. 1. 0.]
786,knn,{'n_neighbors': 35},0.6005839841551728,0.09522326470186004,0.21783570405170705,0.1838390712057915,0.6087859735525324,0.09263181896551358,0.6026996585136121,0.20612331243509363,0.6031007751937985,0.6030517470145953,"{0: 0.6396638174720689, 1: 0.639663817472069}","{0: 0.6396638174720689, 1: 0.639663817472069}",0.639663817472069,"[[410 236]
 [276 368]]",[0. 1. 0. ... 0. 0. 1.],[1. 1. 1. ... 0. 1. 0.]
65,knn,{'n_neighbors': 35},0.6005839841551728,0.09522326470186004,0.21783570405170705,0.1838390712057915,0.6087859735525324,0.09263181896551358,0.6026996585136121,0.20612331243509363,0.6031007751937985,0.6030517470145953,"{0: 0.6396638174720689, 1: 0.639663817472069}","{0: 0.6396638174720689, 1: 0.639663817472069}",0.639663817472069,"[[410 236]
 [276 368]]",[0. 1. 0. ... 0. 0. 1.],[1. 1. 1. ... 0. 1. 0.]
785,knn,{'n_neighbors': 35},0.6005839841551728,0.09522326470186004,0.21783570405170705,0.1838390712057915,0.6087859735525324,0.09263181896551358,0.6026996585136121,0.20612331243509363,0.6031007751937985,0.6030517470145953,"{0: 0.6396638174720689, 1: 0.639663817472069}","{0: 0.6396638174720689, 1: 0.639663817472069}",0.639663817472069,"[[410 236]
 [276 368]]",[0. 1. 0. ... 0. 0. 1.],[1. 1. 1. ... 0. 1. 0.]
68,knn,{'n_neighbors': 35},0.6005839841551728,0.09522326470186004,0.21783570405170705,0.1838390712057915,0.6087859735525324,0.09263181896551358,0.6026996585136121,0.20612331243509363,0.6031007751937985,0.6030517470145953,"{0: 0.6396638174720689, 1: 0.639663817472069}","{0: 0.6396638174720689, 1: 0.639663817472069}",0.639663817472069,"[[410 236]
 [276 368]]",[0. 1. 0. ... 0. 0. 1.],[1. 1. 1. ... 0. 1. 0.]
761,knn,{'n_neighbors': 35},0.6005839841551728,0.09522326470186004,0.21783570405170705,0.1838390712057915,0.6087859735525324,0.09263181896551358,0.6026996585136121,0.20612331243509363,0.6031007751937985,0.6030517470145953,"{0: 0.6396638174720689, 1: 0.639663817472069}","{0: 0.6396638174720689, 1: 0.639663817472069}",0.639663817472069,"[[410 236]
 [276 368]]",[0. 1. 0. ... 0. 0. 1.],[1. 1. 1. ... 0. 1. 0.]
102,knn,{'n_neighbors': 35},0.6005839841551728,0.09522326470186004,0.21783570405170705,0.1838390712057915,0.6087859735525324,0.09263181896551358,0.6026996585136121,0.20612331243509363,0.6031007751937985,0.6030517470145953,"{0: 0.6396638174720689, 1: 0.639663817472069}","{0: 0.6396638174720689, 1: 0.639663817472069}",0.639663817472069,"[[410 236]
 [276 368]]",[0. 1. 0. ... 0. 0. 1.],[1. 1. 1. ... 0. 1. 0.]
778,knn,{'n_neighbors': 35},0.6005839841551728,0.09522326470186004,0.21783570405170705,0.1838390712057915,0.6087859735525324,0.09263181896551358,0.6026996585136121,0.20612331243509363,0.6031007751937985,0.6030517470145953,"{0: 0.6396638174720689, 1: 0.639663817472069}","{0: 0.6396638174720689, 1: 0.639663817472069}",0.639663817472069,"[[410 236]
 [276 368]]",[0. 1. 0. ... 0. 0. 1.],[1. 1. 1. ... 0. 1. 0.]
36,knn,{'n_neighbors': 35},0.6005839841551728,0.09522326470186004,0.21783570405170705,0.1838390712057915,0.6087859735525324,0.09263181896551358,0.6026996585136121,0.20612331243509363,0.6031007751937985,0.6030517470145953,"{0: 0.6396638174720689, 1: 0.639663817472069}","{0: 0.6396638174720689, 1: 0.639663817472069}",0.639663817472069,"[[410 236]
 [276 368]]",[0. 1. 0. ... 0. 0. 1.],[1. 1. 1. ... 0. 1. 0.]
794,knn,{'n_neighbors': 35},0.6005839841551728,0.09522326470186004,0.21783570405170705,0.1838390712057915,0.6087859735525324,0.09263181896551358,0.6026996585136121,0.20612331243509363,0.6031007751937985,0.6030517470145953,"{0: 0.6396638174720689, 1: 0.639663817472069}","{0: 0.6396638174720689, 1: 0.639663817472069}",0.639663817472069,"[[410 236]
 [276 368]]",[0. 1. 0. ... 0. 0. 1.],[1. 1. 1. ... 0. 1. 0.]
814,knn,{'n_neighbors': 35},0.6005839841551728,0.09522326470186004,0.21783570405170705,0.1838390712057915,0.6087859735525324,0.09263181896551358,0.6026996585136121,0.20612331243509363,0.6031007751937985,0.6030517470145953,"{0: 0.6396638174720689, 1: 0.639663817472069}","{0: 0.6396638174720689, 1: 0.639663817472069}",0.639663817472069,"[[410 236]
 [276 368]]",[0. 1. 0. ... 0. 0. 1.],[1. 1. 1. ... 0. 1. 0.]
993,knn,{'n_neighbors': 35},0.6005839841551728,0.09522326470186004,0.21783570405170705,0.1838390712057915,0.6087859735525324,0.09263181896551358,0.6026996585136121,0.20612331243509363,0.6031007751937985,0.6030517470145953,"{0: 0.6396638174720689, 1: 0.639663817472069}","{0: 0.6396638174720689, 1: 0.639663817472069}",0.639663817472069,"[[410 236]
 [276 368]]",[0. 1. 0. ... 0. 0. 1.],[1. 1. 1. ... 0. 1. 0.]
745,knn,{'n_neighbors': 35},0.6005839841551728,0.09522326470186004,0.21783570405170705,0.1838390712057915,0.6087859735525324,0.09263181896551358,0.6026996585136121,0.20612331243509363,0.6031007751937985,0.6030517470145953,"{0: 0.6396638174720689, 1: 0.639663817472069}","{0: 0.6396638174720689, 1: 0.639663817472069}",0.639663817472069,"[[410 236]
 [276 368]]",[0. 1. 0. ... 0. 0. 1.],[1. 1. 1. ... 0. 1. 0.]
809,knn,{'n_neighbors': 35},0.6005839841551728,0.09522326470186004,0.21783570405170705,0.1838390712057915,0.6087859735525324,0.09263181896551358,0.6026996585136121,0.20612331243509363,0.6031007751937985,0.6030517470145953,"{0: 0.6396638174720689, 1: 0.639663817472069}","{0: 0.6396638174720689, 1: 0.639663817472069}",0.639663817472069,"[[410 236]
 [276 368]]",[0. 1. 0. ... 0. 0. 1.],[1. 1. 1. ... 0. 1. 0.]
994,knn,{'n_neighbors': 35},0.6005839841551728,0.09522326470186004,0.21783570405170705,0.1838390712057915,0.6087859735525324,0.09263181896551358,0.6026996585136121,0.20612331243509363,0.6031007751937985,0.6030517470145953,"{0: 0.6396638174720689, 1: 0.639663817472069}","{0: 0.6396638174720689, 1: 0.639663817472069}",0.639663817472069,"[[410 236]
 [276 368]]",[0. 1. 0. ... 0. 0. 1.],[1. 1. 1. ... 0. 1. 0.]
33,knn,{'n_neighbors': 35},0.6005839841551728,0.09522326470186004,0.21783570405170705,0.1838390712057915,0.6087859735525324,0.09263181896551358,0.6026996585136121,0.20612331243509363,0.6031007751937985,0.6030517470145953,"{0: 0.6396638174720689, 1: 0.639663817472069}","{0: 0.6396638174720689, 1: 0.639663817472069}",0.639663817472069,"[[410 236]
 [276 368]]",[0. 1. 0. ... 0. 0. 1.],[1. 1. 1. ... 0. 1. 0.]
805,knn,{'n_neighbors': 35},0.6005839841551728,0.09522326470186004,0.21783570405170705,0.1838390712057915,0.6087859735525324,0.09263181896551358,0.6026996585136121,0.20612331243509363,0.6031007751937985,0.6030517470145953,"{0: 0.6396638174720689, 1: 0.639663817472069}","{0: 0.6396638174720689, 1: 0.639663817472069}",0.639663817472069,"[[410 236]
 [276 368]]",[0. 1. 0. ... 0. 0. 1.],[1. 1. 1. ... 0. 1. 0.]
89,knn,{'n_neighbors': 35},0.6005839841551728,0.09522326470186004,0.21783570405170705,0.1838390712057915,0.6087859735525324,0.09263181896551358,0.6026996585136121,0.20612331243509363,0.6031007751937985,0.6030517470145953,"{0: 0.6396638174720689, 1: 0.639663817472069}","{0: 0.6396638174720689, 1: 0.639663817472069}",0.639663817472069,"[[410 236]
 [276 368]]",[0. 1. 0. ... 0. 0. 1.],[1. 1. 1. ... 0. 1. 0.]
746,knn,{'n_neighbors': 35},0.6005839841551728,0.09522326470186004,0.21783570405170705,0.1838390712057915,0.6087859735525324,0.09263181896551358,0.6026996585136121,0.20612331243509363,0.6031007751937985,0.6030517470145953,"{0: 0.6396638174720689, 1: 0.639663817472069}","{0: 0.6396638174720689, 1: 0.639663817472069}",0.639663817472069,"[[410 236]
 [276 368]]",[0. 1. 0. ... 0. 0. 1.],[1. 1. 1. ... 0. 1. 0.]
92,knn,{'n_neighbors': 35},0.6005839841551728,0.09522326470186004,0.21783570405170705,0.1838390712057915,0.6087859735525324,0.09263181896551358,0.6026996585136121,0.20612331243509363,0.6031007751937985,0.6030517470145953,"{0: 0.6396638174720689, 1: 0.639663817472069}","{0: 0.6396638174720689, 1: 0.639663817472069}",0.639663817472069,"[[410 236]
 [276 368]]",[0. 1. 0. ... 0. 0. 1.],[1. 1. 1. ... 0. 1. 0.]
824,knn,{'n_neighbors': 35},0.6005839841551728,0.09522326470186004,0.21783570405170705,0.1838390712057915,0.6087859735525324,0.09263181896551358,0.6026996585136121,0.20612331243509363,0.6031007751937985,0.6030517470145953,"{0: 0.6396638174720689, 1: 0.639663817472069}","{0: 0.6396638174720689, 1: 0.639663817472069}",0.639663817472069,"[[410 236]
 [276 368]]",[0. 1. 0. ... 0. 0. 1.],[1. 1. 1. ... 0. 1. 0.]
771,knn,{'n_neighbors': 35},0.6005839841551728,0.09522326470186004,0.21783570405170705,0.1838390712057915,0.6087859735525324,0.09263181896551358,0.6026996585136121,0.20612331243509363,0.6031007751937985,0.6030517470145953,"{0: 0.6396638174720689, 1: 0.639663817472069}","{0: 0.6396638174720689, 1: 0.639663817472069}",0.639663817472069,"[[410 236]
 [276 368]]",[0. 1. 0. ... 0. 0. 1.],[1. 1. 1. ... 0. 1. 0.]
838,knn,{'n_neighbors': 35},0.6005839841551728,0.09522326470186004,0.21783570405170705,0.1838390712057915,0.6087859735525324,0.09263181896551358,0.6026996585136121,0.20612331243509363,0.6031007751937985,0.6030517470145953,"{0: 0.6396638174720689, 1: 0.639663817472069}","{0: 0.6396638174720689, 1: 0.639663817472069}",0.639663817472069,"[[410 236]
 [276 368]]",[0. 1. 0. ... 0. 0. 1.],[1. 1. 1. ... 0. 1. 0.]
96,knn,{'n_neighbors': 35},0.6005839841551728,0.09522326470186004,0.21783570405170705,0.1838390712057915,0.6087859735525324,0.09263181896551358,0.6026996585136121,0.20612331243509363,0.6031007751937985,0.6030517470145953,"{0: 0.6396638174720689, 1: 0.639663817472069}","{0: 0.6396638174720689, 1: 0.639663817472069}",0.639663817472069,"[[410 236]
 [276 368]]",[0. 1. 0. ... 0. 0. 1.],[1. 1. 1. ... 0. 1. 0.]
31,knn,{'n_neighbors': 35},0.6005839841551728,0.09522326470186004,0.21783570405170705,0.1838390712057915,0.6087859735525324,0.09263181896551358,0.6026996585136121,0.20612331243509363,0.6031007751937985,0.6030517470145953,"{0: 0.6396638174720689, 1: 0.639663817472069}","{0: 0.6396638174720689, 1: 0.639663817472069}",0.639663817472069,"[[410 236]
 [276 368]]",[0. 1. 0. ... 0. 0. 1.],[1. 1. 1. ... 0. 1. 0.]
828,knn,{'n_neighbors': 35},0.6005839841551728,0.09522326470186004,0.21783570405170705,0.1838390712057915,0.6087859735525324,0.09263181896551358,0.6026996585136121,0.20612331243509363,0.6031007751937985,0.6030517470145953,"{0: 0.6396638174720689, 1: 0.639663817472069}","{0: 0.6396638174720689, 1: 0.639663817472069}",0.639663817472069,"[[410 236]
 [276 368]]",[0. 1. 0. ... 0. 0. 1.],[1. 1. 1. ... 0. 1. 0.]
812,knn,{'n_neighbors': 35},0.6005839841551728,0.09522326470186004,0.21783570405170705,0.1838390712057915,0.6087859735525324,0.09263181896551358,0.6026996585136121,0.20612331243509363,0.6031007751937985,0.6030517470145953,"{0: 0.6396638174720689, 1: 0.639663817472069}","{0: 0.6396638174720689, 1: 0.639663817472069}",0.639663817472069,"[[410 236]
 [276 368]]",[0. 1. 0. ... 0. 0. 1.],[1. 1. 1. ... 0. 1. 0.]
989,SVC,"{'C': 1000, 'gamma': 0.01, 'kernel': 'rbf'}",0.6021234571932426,0.10057289513095866,0.217010965985473,0.19477318246689682,0.6084646979888839,0.09720585437434619,0.6051190471877966,0.2107844197803307,0.6054263565891473,0.6053833432686575,"{0: 0.6299937022864066, 1: 0.6299937022864065}","{0: 0.6299937022864066, 1: 0.6299937022864065}",0.6299937022864065,"[[409 237]
 [272 372]]",[1. 1. 1. ... 0. 0. 1.],[1. 1. 1. ... 0. 1. 0.]
35,SVC,"{'C': 10, 'gamma': 0.01, 'kernel': 'rbf'}",0.5959893945553972,0.10255875912406548,0.2147015480419787,0.1903973758044235,0.6072376813629387,0.09526765108031907,0.6031282506013694,0.20764528125894,0.603875968992248,0.603808914870296,"{0: 0.6409810491702401, 1: 0.6409810491702401}","{0: 0.6409810491702401, 1: 0.6409810491702401}",0.6409810491702401,"[[418 228]
 [283 361]]",[1. 0. 1. ... 0. 0. 0.],[1. 1. 1. ... 0. 1. 0.]
256,SVC,"{'C': 10, 'gamma': 0.01, 'kernel': 'rbf'}",0.5959177452995136,0.10200514334718487,0.2143559953350886,0.1890438506201003,0.6070845206834622,0.09460011036856421,0.6039828806889657,0.20920158087563578,0.6046511627906976,0.6045877160933023,"{0: 0.642359575409111, 1: 0.642359575409111}","{0: 0.642359575409111, 1: 0.642359575409111}",0.642359575409111,"[[417 229]
 [281 363]]",[1. 0. 1. ... 0. 0. 0.],[1. 1. 1. ... 0. 1. 0.]
683,SVC,"{'C': 1000, 'gamma': 0.01, 'kernel': 'rbf'}",0.6000161316019313,0.10193547128116112,0.21316010389791384,0.1977353187922156,0.6065701251287938,0.09872164585228102,0.6028410993679202,0.20613857958806892,0.6031007751937985,0.603061361844509,"{0: 0.6283820164221295, 1: 0.6283820164221294}","{0: 0.6283820164221295, 1: 0.6283820164221294}",0.6283820164221294,"[[406 240]
 [272 372]]",[1. 1. 1. ... 0. 0. 1.],[1. 1. 1. ... 0. 1. 0.]
358,knn,{'n_neighbors': 29},0.5966189194702559,0.09758080364139998,0.21276168447212548,0.18794242704102887,0.6061362123140688,0.09460496010167772,0.6000745991172476,0.20144673546953995,0.6007751937984496,0.6007105359306193,"{0: 0.6352337845893506, 1: 0.6352337845893506}","{0: 0.6352337845893506, 1: 0.6352337845893506}",0.6352337845893506,"[[415 231]
 [284 360]]",[0. 1. 0. ... 0. 0. 1.],[1. 1. 1. ... 0. 1. 0.]
255,knn,{'n_neighbors': 29},0.5966189194702559,0.09758080364139998,0.21276168447212548,0.18794242704102887,0.6061362123140688,0.09460496010167772,0.6000745991172476,0.20144673546953995,0.6007751937984496,0.6007105359306193,"{0: 0.6352337845893506, 1: 0.6352337845893506}","{0: 0.6352337845893506, 1: 0.6352337845893506}",0.6352337845893506,"[[415 231]
 [284 360]]",[0. 1. 0. ... 0. 0. 1.],[1. 1. 1. ... 0. 1. 0.]
774,knn,{'n_neighbors': 29},0.5966189194702559,0.09758080364139998,0.21276168447212548,0.18794242704102887,0.6061362123140688,0.09460496010167772,0.6000745991172476,0.20144673546953995,0.6007751937984496,0.6007105359306193,"{0: 0.6352337845893506, 1: 0.6352337845893506}","{0: 0.6352337845893506, 1: 0.6352337845893506}",0.6352337845893506,"[[415 231]
 [284 360]]",[0. 1. 0. ... 0. 0. 1.],[1. 1. 1. ... 0. 1. 0.]
70,knn,{'n_neighbors': 29},0.5966189194702559,0.09758080364139998,0.21276168447212548,0.18794242704102887,0.6061362123140688,0.09460496010167772,0.6000745991172476,0.20144673546953995,0.6007751937984496,0.6007105359306193,"{0: 0.6352337845893506, 1: 0.6352337845893506}","{0: 0.6352337845893506, 1: 0.6352337845893506}",0.6352337845893506,"[[415 231]
 [284 360]]",[0. 1. 0. ... 0. 0. 1.],[1. 1. 1. ... 0. 1. 0.]
573,knn,{'n_neighbors': 29},0.5966189194702559,0.09758080364139998,0.21276168447212548,0.18794242704102887,0.6061362123140688,0.09460496010167772,0.6000745991172476,0.20144673546953995,0.6007751937984496,0.6007105359306193,"{0: 0.6352337845893506, 1: 0.6352337845893506}","{0: 0.6352337845893506, 1: 0.6352337845893506}",0.6352337845893506,"[[415 231]
 [284 360]]",[0. 1. 0. ... 0. 0. 1.],[1. 1. 1. ... 0. 1. 0.]
620,knn,{'n_neighbors': 29},0.5966189194702559,0.09758080364139998,0.21276168447212548,0.18794242704102887,0.6061362123140688,0.09460496010167772,0.6000745991172476,0.20144673546953995,0.6007751937984496,0.6007105359306193,"{0: 0.6352337845893506, 1: 0.6352337845893506}","{0: 0.6352337845893506, 1: 0.6352337845893506}",0.6352337845893506,"[[415 231]
 [284 360]]",[0. 1. 0. ... 0. 0. 1.],[1. 1. 1. ... 0. 1. 0.]
300,knn,{'n_neighbors': 29},0.5966189194702559,0.09758080364139998,0.21276168447212548,0.18794242704102887,0.6061362123140688,0.09460496010167772,0.6000745991172476,0.20144673546953995,0.6007751937984496,0.6007105359306193,"{0: 0.6352337845893506, 1: 0.6352337845893506}","{0: 0.6352337845893506, 1: 0.6352337845893506}",0.6352337845893506,"[[415 231]
 [284 360]]",[0. 1. 0. ... 0. 0. 1.],[1. 1. 1. ... 0. 1. 0.]
185,knn,{'n_neighbors': 29},0.5966189194702559,0.09758080364139998,0.21276168447212548,0.18794242704102887,0.6061362123140688,0.09460496010167772,0.6000745991172476,0.20144673546953995,0.6007751937984496,0.6007105359306193,"{0: 0.6352337845893506, 1: 0.6352337845893506}","{0: 0.6352337845893506, 1: 0.6352337845893506}",0.6352337845893506,"[[415 231]
 [284 360]]",[0. 1. 0. ... 0. 0. 1.],[1. 1. 1. ... 0. 1. 0.]
410,knn,{'n_neighbors': 29},0.5966189194702559,0.09758080364139998,0.21276168447212548,0.18794242704102887,0.6061362123140688,0.09460496010167772,0.6000745991172476,0.20144673546953995,0.6007751937984496,0.6007105359306193,"{0: 0.6352337845893506, 1: 0.6352337845893506}","{0: 0.6352337845893506, 1: 0.6352337845893506}",0.6352337845893506,"[[415 231]
 [284 360]]",[0. 1. 0. ... 0. 0. 1.],[1. 1. 1. ... 0. 1. 0.]
981,knn,{'n_neighbors': 29},0.5966189194702559,0.09758080364139998,0.21276168447212548,0.18794242704102887,0.6061362123140688,0.09460496010167772,0.6000745991172476,0.20144673546953995,0.6007751937984496,0.6007105359306193,"{0: 0.6352337845893506, 1: 0.6352337845893506}","{0: 0.6352337845893506, 1: 0.6352337845893506}",0.6352337845893506,"[[415 231]
 [284 360]]",[0. 1. 0. ... 0. 0. 1.],[1. 1. 1. ... 0. 1. 0.]
518,knn,{'n_neighbors': 29},0.5966189194702559,0.09758080364139998,0.21276168447212548,0.18794242704102887,0.6061362123140688,0.09460496010167772,0.6000745991172476,0.20144673546953995,0.6007751937984496,0.6007105359306193,"{0: 0.6352337845893506, 1: 0.6352337845893506}","{0: 0.6352337845893506, 1: 0.6352337845893506}",0.6352337845893506,"[[415 231]
 [284 360]]",[0. 1. 0. ... 0. 0. 1.],[1. 1. 1. ... 0. 1. 0.]
133,knn,{'n_neighbors': 29},0.5966189194702559,0.09758080364139998,0.21276168447212548,0.18794242704102887,0.6061362123140688,0.09460496010167772,0.6000745991172476,0.20144673546953995,0.6007751937984496,0.6007105359306193,"{0: 0.6352337845893506, 1: 0.6352337845893506}","{0: 0.6352337845893506, 1: 0.6352337845893506}",0.6352337845893506,"[[415 231]
 [284 360]]",[0. 1. 0. ... 0. 0. 1.],[1. 1. 1. ... 0. 1. 0.]
674,knn,{'n_neighbors': 29},0.5966189194702559,0.09758080364139998,0.21276168447212548,0.18794242704102887,0.6061362123140688,0.09460496010167772,0.6000745991172476,0.20144673546953995,0.6007751937984496,0.6007105359306193,"{0: 0.6352337845893506, 1: 0.6352337845893506}","{0: 0.6352337845893506, 1: 0.6352337845893506}",0.6352337845893506,"[[415 231]
 [284 360]]",[0. 1. 0. ... 0. 0. 1.],[1. 1. 1. ... 0. 1. 0.]
719,knn,{'n_neighbors': 29},0.5966189194702559,0.09758080364139998,0.21276168447212548,0.18794242704102887,0.6061362123140688,0.09460496010167772,0.6000745991172476,0.20144673546953995,0.6007751937984496,0.6007105359306193,"{0: 0.6352337845893506, 1: 0.6352337845893506}","{0: 0.6352337845893506, 1: 0.6352337845893506}",0.6352337845893506,"[[415 231]
 [284 360]]",[0. 1. 0. ... 0. 0. 1.],[1. 1. 1. ... 0. 1. 0.]
820,knn,{'n_neighbors': 29},0.5966189194702559,0.09758080364139998,0.21276168447212548,0.18794242704102887,0.6061362123140688,0.09460496010167772,0.6000745991172476,0.20144673546953995,0.6007751937984496,0.6007105359306193,"{0: 0.6352337845893506, 1: 0.6352337845893506}","{0: 0.6352337845893506, 1: 0.6352337845893506}",0.6352337845893506,"[[415 231]
 [284 360]]",[0. 1. 0. ... 0. 0. 1.],[1. 1. 1. ... 0. 1. 0.]
877,knn,{'n_neighbors': 29},0.5966189194702559,0.09758080364139998,0.21276168447212548,0.18794242704102887,0.6061362123140688,0.09460496010167772,0.6000745991172476,0.20144673546953995,0.6007751937984496,0.6007105359306193,"{0: 0.6352337845893506, 1: 0.6352337845893506}","{0: 0.6352337845893506, 1: 0.6352337845893506}",0.6352337845893506,"[[415 231]
 [284 360]]",[0. 1. 0. ... 0. 0. 1.],[1. 1. 1. ... 0. 1. 0.]
456,knn,{'n_neighbors': 29},0.5966189194702559,0.09758080364139998,0.21276168447212548,0.18794242704102887,0.6061362123140688,0.09460496010167772,0.6000745991172476,0.20144673546953995,0.6007751937984496,0.6007105359306193,"{0: 0.6352337845893506, 1: 0.6352337845893506}","{0: 0.6352337845893506, 1: 0.6352337845893506}",0.6352337845893506,"[[415 231]
 [284 360]]",[0. 1. 0. ... 0. 0. 1.],[1. 1. 1. ... 0. 1. 0.]
928,knn,{'n_neighbors': 29},0.5966189194702559,0.09758080364139998,0.21276168447212548,0.18794242704102887,0.6061362123140688,0.09460496010167772,0.6000745991172476,0.20144673546953995,0.6007751937984496,0.6007105359306193,"{0: 0.6352337845893506, 1: 0.6352337845893506}","{0: 0.6352337845893506, 1: 0.6352337845893506}",0.6352337845893506,"[[415 231]
 [284 360]]",[0. 1. 0. ... 0. 0. 1.],[1. 1. 1. ... 0. 1. 0.]
458,SVC,"{'C': 1, 'gamma': 0.1, 'kernel': 'rbf'}",0.5976917041835886,0.10933552238865764,0.21188520073650072,0.20819460645530993,0.605762244024412,0.10408134109796756,0.5945699889260025,0.1891550829389297,0.5945736434108527,0.5945786781531834,"{0: 0.6328408937945887, 1: 0.6328408937945887}","{0: 0.6328408937945887, 1: 0.6328408937945887}",0.6328408937945887,"[[382 264]
 [259 385]]",[1. 1. 1. ... 0. 0. 1.],[1. 1. 1. ... 0. 1. 0.]
261,knn,{'n_neighbors': 27},0.5952156723121328,0.09871693228137765,0.20901246840730828,0.19058554700727157,0.6042516544565375,0.09605704283320207,0.5994685268227868,0.19990961060440693,0.6,0.5999437532450052,"{0: 0.6318385477760898, 1: 0.6318385477760898}","{0: 0.6318385477760898, 1: 0.6318385477760898}",0.6318385477760898,"[[411 235]
 [281 363]]",[0. 1. 0. ... 0. 0. 1.],[1. 1. 1. ... 0. 1. 0.]
987,knn,{'n_neighbors': 27},0.5952156723121328,0.09871693228137765,0.20901246840730828,0.19058554700727157,0.6042516544565375,0.09605704283320207,0.5994685268227868,0.19990961060440693,0.6,0.5999437532450052,"{0: 0.6318385477760898, 1: 0.6318385477760898}","{0: 0.6318385477760898, 1: 0.6318385477760898}",0.6318385477760898,"[[411 235]
 [281 363]]",[0. 1. 0. ... 0. 0. 1.],[1. 1. 1. ... 0. 1. 0.]
75,knn,{'n_neighbors': 27},0.5952156723121328,0.09871693228137765,0.20901246840730828,0.19058554700727157,0.6042516544565375,0.09605704283320207,0.5994685268227868,0.19990961060440693,0.6,0.5999437532450052,"{0: 0.6318385477760898, 1: 0.6318385477760898}","{0: 0.6318385477760898, 1: 0.6318385477760898}",0.6318385477760898,"[[411 235]
 [281 363]]",[0. 1. 0. ... 0. 0. 1.],[1. 1. 1. ... 0. 1. 0.]
783,knn,{'n_neighbors': 27},0.5952156723121328,0.09871693228137765,0.20901246840730828,0.19058554700727157,0.6042516544565375,0.09605704283320207,0.5994685268227868,0.19990961060440693,0.6,0.5999437532450052,"{0: 0.6318385477760898, 1: 0.6318385477760898}","{0: 0.6318385477760898, 1: 0.6318385477760898}",0.6318385477760898,"[[411 235]
 [281 363]]",[0. 1. 0. ... 0. 0. 1.],[1. 1. 1. ... 0. 1. 0.]
626,knn,{'n_neighbors': 27},0.5952156723121328,0.09871693228137765,0.20901246840730828,0.19058554700727157,0.6042516544565375,0.09605704283320207,0.5994685268227868,0.19990961060440693,0.6,0.5999437532450052,"{0: 0.6318385477760898, 1: 0.6318385477760898}","{0: 0.6318385477760898, 1: 0.6318385477760898}",0.6318385477760898,"[[411 235]
 [281 363]]",[0. 1. 0. ... 0. 0. 1.],[1. 1. 1. ... 0. 1. 0.]
934,knn,{'n_neighbors': 27},0.5952156723121328,0.09871693228137765,0.20901246840730828,0.19058554700727157,0.6042516544565375,0.09605704283320207,0.5994685268227868,0.19990961060440693,0.6,0.5999437532450052,"{0: 0.6318385477760898, 1: 0.6318385477760898}","{0: 0.6318385477760898, 1: 0.6318385477760898}",0.6318385477760898,"[[411 235]
 [281 363]]",[0. 1. 0. ... 0. 0. 1.],[1. 1. 1. ... 0. 1. 0.]
367,knn,{'n_neighbors': 27},0.5952156723121328,0.09871693228137765,0.20901246840730828,0.19058554700727157,0.6042516544565375,0.09605704283320207,0.5994685268227868,0.19990961060440693,0.6,0.5999437532450052,"{0: 0.6318385477760898, 1: 0.6318385477760898}","{0: 0.6318385477760898, 1: 0.6318385477760898}",0.6318385477760898,"[[411 235]
 [281 363]]",[0. 1. 0. ... 0. 0. 1.],[1. 1. 1. ... 0. 1. 0.]
571,knn,{'n_neighbors': 27},0.5952156723121328,0.09871693228137765,0.20901246840730828,0.19058554700727157,0.6042516544565375,0.09605704283320207,0.5994685268227868,0.19990961060440693,0.6,0.5999437532450052,"{0: 0.6318385477760898, 1: 0.6318385477760898}","{0: 0.6318385477760898, 1: 0.6318385477760898}",0.6318385477760898,"[[411 235]
 [281 363]]",[0. 1. 0. ... 0. 0. 1.],[1. 1. 1. ... 0. 1. 0.]
412,knn,{'n_neighbors': 27},0.5952156723121328,0.09871693228137765,0.20901246840730828,0.19058554700727157,0.6042516544565375,0.09605704283320207,0.5994685268227868,0.19990961060440693,0.6,0.5999437532450052,"{0: 0.6318385477760898, 1: 0.6318385477760898}","{0: 0.6318385477760898, 1: 0.6318385477760898}",0.6318385477760898,"[[411 235]
 [281 363]]",[0. 1. 0. ... 0. 0. 1.],[1. 1. 1. ... 0. 1. 0.]
882,knn,{'n_neighbors': 27},0.5952156723121328,0.09871693228137765,0.20901246840730828,0.19058554700727157,0.6042516544565375,0.09605704283320207,0.5994685268227868,0.19990961060440693,0.6,0.5999437532450052,"{0: 0.6318385477760898, 1: 0.6318385477760898}","{0: 0.6318385477760898, 1: 0.6318385477760898}",0.6318385477760898,"[[411 235]
 [281 363]]",[0. 1. 0. ... 0. 0. 1.],[1. 1. 1. ... 0. 1. 0.]
521,knn,{'n_neighbors': 27},0.5952156723121328,0.09871693228137765,0.20901246840730828,0.19058554700727157,0.6042516544565375,0.09605704283320207,0.5994685268227868,0.19990961060440693,0.6,0.5999437532450052,"{0: 0.6318385477760898, 1: 0.6318385477760898}","{0: 0.6318385477760898, 1: 0.6318385477760898}",0.6318385477760898,"[[411 235]
 [281 363]]",[0. 1. 0. ... 0. 0. 1.],[1. 1. 1. ... 0. 1. 0.]
467,knn,{'n_neighbors': 27},0.5952156723121328,0.09871693228137765,0.20901246840730828,0.19058554700727157,0.6042516544565375,0.09605704283320207,0.5994685268227868,0.19990961060440693,0.6,0.5999437532450052,"{0: 0.6318385477760898, 1: 0.6318385477760898}","{0: 0.6318385477760898, 1: 0.6318385477760898}",0.6318385477760898,"[[411 235]
 [281 363]]",[0. 1. 0. ... 0. 0. 1.],[1. 1. 1. ... 0. 1. 0.]
826,knn,{'n_neighbors': 27},0.5952156723121328,0.09871693228137765,0.20901246840730828,0.19058554700727157,0.6042516544565375,0.09605704283320207,0.5994685268227868,0.19990961060440693,0.6,0.5999437532450052,"{0: 0.6318385477760898, 1: 0.6318385477760898}","{0: 0.6318385477760898, 1: 0.6318385477760898}",0.6318385477760898,"[[411 235]
 [281 363]]",[0. 1. 0. ... 0. 0. 1.],[1. 1. 1. ... 0. 1. 0.]
679,knn,{'n_neighbors': 27},0.5952156723121328,0.09871693228137765,0.20901246840730828,0.19058554700727157,0.6042516544565375,0.09605704283320207,0.5994685268227868,0.19990961060440693,0.6,0.5999437532450052,"{0: 0.6318385477760898, 1: 0.6318385477760898}","{0: 0.6318385477760898, 1: 0.6318385477760898}",0.6318385477760898,"[[411 235]
 [281 363]]",[0. 1. 0. ... 0. 0. 1.],[1. 1. 1. ... 0. 1. 0.]
309,knn,{'n_neighbors': 27},0.5952156723121328,0.09871693228137765,0.20901246840730828,0.19058554700727157,0.6042516544565375,0.09605704283320207,0.5994685268227868,0.19990961060440693,0.6,0.5999437532450052,"{0: 0.6318385477760898, 1: 0.6318385477760898}","{0: 0.6318385477760898, 1: 0.6318385477760898}",0.6318385477760898,"[[411 235]
 [281 363]]",[0. 1. 0. ... 0. 0. 1.],[1. 1. 1. ... 0. 1. 0.]
195,knn,{'n_neighbors': 27},0.5952156723121328,0.09871693228137765,0.20901246840730828,0.19058554700727157,0.6042516544565375,0.09605704283320207,0.5994685268227868,0.19990961060440693,0.6,0.5999437532450052,"{0: 0.6318385477760898, 1: 0.6318385477760898}","{0: 0.6318385477760898, 1: 0.6318385477760898}",0.6318385477760898,"[[411 235]
 [281 363]]",[0. 1. 0. ... 0. 0. 1.],[1. 1. 1. ... 0. 1. 0.]
731,knn,{'n_neighbors': 27},0.5952156723121328,0.09871693228137765,0.20901246840730828,0.19058554700727157,0.6042516544565375,0.09605704283320207,0.5994685268227868,0.19990961060440693,0.6,0.5999437532450052,"{0: 0.6318385477760898, 1: 0.6318385477760898}","{0: 0.6318385477760898, 1: 0.6318385477760898}",0.6318385477760898,"[[411 235]
 [281 363]]",[0. 1. 0. ... 0. 0. 1.],[1. 1. 1. ... 0. 1. 0.]
142,knn,{'n_neighbors': 27},0.5952156723121328,0.09871693228137765,0.20901246840730828,0.19058554700727157,0.6042516544565375,0.09605704283320207,0.5994685268227868,0.19990961060440693,0.6,0.5999437532450052,"{0: 0.6318385477760898, 1: 0.6318385477760898}","{0: 0.6318385477760898, 1: 0.6318385477760898}",0.6318385477760898,"[[411 235]
 [281 363]]",[0. 1. 0. ... 0. 0. 1.],[1. 1. 1. ... 0. 1. 0.]
241,knn,{'n_neighbors': 33},0.5926145404148785,0.09721152009784025,0.2055552268291476,0.1856373587137774,0.6025733403720361,0.09371123574503232,0.5993740204021196,0.1999019169467322,0.6,0.5999389458300484,"{0: 0.6364188123762091, 1: 0.6364188123762091}","{0: 0.6364188123762091, 1: 0.6364188123762091}",0.6364188123762091,"[[413 233]
 [283 361]]",[0. 1. 0. ... 1. 0. 1.],[1. 1. 1. ... 0. 1. 0.]
66,knn,{'n_neighbors': 33},0.5926145404148785,0.09721152009784025,0.2055552268291476,0.1856373587137774,0.6025733403720361,0.09371123574503232,0.5993740204021196,0.1999019169467322,0.6,0.5999389458300484,"{0: 0.6364188123762091, 1: 0.6364188123762091}","{0: 0.6364188123762091, 1: 0.6364188123762091}",0.6364188123762091,"[[413 233]
 [283 361]]",[0. 1. 0. ... 1. 0. 1.],[1. 1. 1. ... 0. 1. 0.]
359,knn,{'n_neighbors': 33},0.5926145404148785,0.09721152009784025,0.2055552268291476,0.1856373587137774,0.6025733403720361,0.09371123574503232,0.5993740204021196,0.1999019169467322,0.6,0.5999389458300484,"{0: 0.6364188123762091, 1: 0.6364188123762091}","{0: 0.6364188123762091, 1: 0.6364188123762091}",0.6364188123762091,"[[413 233]
 [283 361]]",[0. 1. 0. ... 1. 0. 1.],[1. 1. 1. ... 0. 1. 0.]
819,knn,{'n_neighbors': 33},0.5926145404148785,0.09721152009784025,0.2055552268291476,0.1856373587137774,0.6025733403720361,0.09371123574503232,0.5993740204021196,0.1999019169467322,0.6,0.5999389458300484,"{0: 0.6364188123762091, 1: 0.6364188123762091}","{0: 0.6364188123762091, 1: 0.6364188123762091}",0.6364188123762091,"[[413 233]
 [283 361]]",[0. 1. 0. ... 1. 0. 1.],[1. 1. 1. ... 0. 1. 0.]
975,knn,{'n_neighbors': 33},0.5926145404148785,0.09721152009784025,0.2055552268291476,0.1856373587137774,0.6025733403720361,0.09371123574503232,0.5993740204021196,0.1999019169467322,0.6,0.5999389458300484,"{0: 0.6364188123762091, 1: 0.6364188123762091}","{0: 0.6364188123762091, 1: 0.6364188123762091}",0.6364188123762091,"[[413 233]
 [283 361]]",[0. 1. 0. ... 1. 0. 1.],[1. 1. 1. ... 0. 1. 0.]
713,knn,{'n_neighbors': 33},0.5926145404148785,0.09721152009784025,0.2055552268291476,0.1856373587137774,0.6025733403720361,0.09371123574503232,0.5993740204021196,0.1999019169467322,0.6,0.5999389458300484,"{0: 0.6364188123762091, 1: 0.6364188123762091}","{0: 0.6364188123762091, 1: 0.6364188123762091}",0.6364188123762091,"[[413 233]
 [283 361]]",[0. 1. 0. ... 1. 0. 1.],[1. 1. 1. ... 0. 1. 0.]
461,knn,{'n_neighbors': 33},0.5926145404148785,0.09721152009784025,0.2055552268291476,0.1856373587137774,0.6025733403720361,0.09371123574503232,0.5993740204021196,0.1999019169467322,0.6,0.5999389458300484,"{0: 0.6364188123762091, 1: 0.6364188123762091}","{0: 0.6364188123762091, 1: 0.6364188123762091}",0.6364188123762091,"[[413 233]
 [283 361]]",[0. 1. 0. ... 1. 0. 1.],[1. 1. 1. ... 0. 1. 0.]
670,knn,{'n_neighbors': 33},0.5926145404148785,0.09721152009784025,0.2055552268291476,0.1856373587137774,0.6025733403720361,0.09371123574503232,0.5993740204021196,0.1999019169467322,0.6,0.5999389458300484,"{0: 0.6364188123762091, 1: 0.6364188123762091}","{0: 0.6364188123762091, 1: 0.6364188123762091}",0.6364188123762091,"[[413 233]
 [283 361]]",[0. 1. 0. ... 1. 0. 1.],[1. 1. 1. ... 0. 1. 0.]
301,knn,{'n_neighbors': 33},0.5926145404148785,0.09721152009784025,0.2055552268291476,0.1856373587137774,0.6025733403720361,0.09371123574503232,0.5993740204021196,0.1999019169467322,0.6,0.5999389458300484,"{0: 0.6364188123762091, 1: 0.6364188123762091}","{0: 0.6364188123762091, 1: 0.6364188123762091}",0.6364188123762091,"[[413 233]
 [283 361]]",[0. 1. 0. ... 1. 0. 1.],[1. 1. 1. ... 0. 1. 0.]
777,knn,{'n_neighbors': 33},0.5926145404148785,0.09721152009784025,0.2055552268291476,0.1856373587137774,0.6025733403720361,0.09371123574503232,0.5993740204021196,0.1999019169467322,0.6,0.5999389458300484,"{0: 0.6364188123762091, 1: 0.6364188123762091}","{0: 0.6364188123762091, 1: 0.6364188123762091}",0.6364188123762091,"[[413 233]
 [283 361]]",[0. 1. 0. ... 1. 0. 1.],[1. 1. 1. ... 0. 1. 0.]
611,knn,{'n_neighbors': 33},0.5926145404148785,0.09721152009784025,0.2055552268291476,0.1856373587137774,0.6025733403720361,0.09371123574503232,0.5993740204021196,0.1999019169467322,0.6,0.5999389458300484,"{0: 0.6364188123762091, 1: 0.6364188123762091}","{0: 0.6364188123762091, 1: 0.6364188123762091}",0.6364188123762091,"[[413 233]
 [283 361]]",[0. 1. 0. ... 1. 0. 1.],[1. 1. 1. ... 0. 1. 0.]
872,knn,{'n_neighbors': 33},0.5926145404148785,0.09721152009784025,0.2055552268291476,0.1856373587137774,0.6025733403720361,0.09371123574503232,0.5993740204021196,0.1999019169467322,0.6,0.5999389458300484,"{0: 0.6364188123762091, 1: 0.6364188123762091}","{0: 0.6364188123762091, 1: 0.6364188123762091}",0.6364188123762091,"[[413 233]
 [283 361]]",[0. 1. 0. ... 1. 0. 1.],[1. 1. 1. ... 0. 1. 0.]
414,knn,{'n_neighbors': 33},0.5926145404148785,0.09721152009784025,0.2055552268291476,0.1856373587137774,0.6025733403720361,0.09371123574503232,0.5993740204021196,0.1999019169467322,0.6,0.5999389458300484,"{0: 0.6364188123762091, 1: 0.6364188123762091}","{0: 0.6364188123762091, 1: 0.6364188123762091}",0.6364188123762091,"[[413 233]
 [283 361]]",[0. 1. 0. ... 1. 0. 1.],[1. 1. 1. ... 0. 1. 0.]
129,knn,{'n_neighbors': 33},0.5926145404148785,0.09721152009784025,0.2055552268291476,0.1856373587137774,0.6025733403720361,0.09371123574503232,0.5993740204021196,0.1999019169467322,0.6,0.5999389458300484,"{0: 0.6364188123762091, 1: 0.6364188123762091}","{0: 0.6364188123762091, 1: 0.6364188123762091}",0.6364188123762091,"[[413 233]
 [283 361]]",[0. 1. 0. ... 1. 0. 1.],[1. 1. 1. ... 0. 1. 0.]
511,knn,{'n_neighbors': 33},0.5926145404148785,0.09721152009784025,0.2055552268291476,0.1856373587137774,0.6025733403720361,0.09371123574503232,0.5993740204021196,0.1999019169467322,0.6,0.5999389458300484,"{0: 0.6364188123762091, 1: 0.6364188123762091}","{0: 0.6364188123762091, 1: 0.6364188123762091}",0.6364188123762091,"[[413 233]
 [283 361]]",[0. 1. 0. ... 1. 0. 1.],[1. 1. 1. ... 0. 1. 0.]
570,knn,{'n_neighbors': 33},0.5926145404148785,0.09721152009784025,0.2055552268291476,0.1856373587137774,0.6025733403720361,0.09371123574503232,0.5993740204021196,0.1999019169467322,0.6,0.5999389458300484,"{0: 0.6364188123762091, 1: 0.6364188123762091}","{0: 0.6364188123762091, 1: 0.6364188123762091}",0.6364188123762091,"[[413 233]
 [283 361]]",[0. 1. 0. ... 1. 0. 1.],[1. 1. 1. ... 0. 1. 0.]
191,knn,{'n_neighbors': 33},0.5926145404148785,0.09721152009784025,0.2055552268291476,0.1856373587137774,0.6025733403720361,0.09371123574503232,0.5993740204021196,0.1999019169467322,0.6,0.5999389458300484,"{0: 0.6364188123762091, 1: 0.6364188123762091}","{0: 0.6364188123762091, 1: 0.6364188123762091}",0.6364188123762091,"[[413 233]
 [283 361]]",[0. 1. 0. ... 1. 0. 1.],[1. 1. 1. ... 0. 1. 0.]
923,knn,{'n_neighbors': 33},0.5926145404148785,0.09721152009784025,0.2055552268291476,0.1856373587137774,0.6025733403720361,0.09371123574503232,0.5993740204021196,0.1999019169467322,0.6,0.5999389458300484,"{0: 0.6364188123762091, 1: 0.6364188123762091}","{0: 0.6364188123762091, 1: 0.6364188123762091}",0.6364188123762091,"[[413 233]
 [283 361]]",[0. 1. 0. ... 1. 0. 1.],[1. 1. 1. ... 0. 1. 0.]
873,knn,{'n_neighbors': 31},0.5934920703633574,0.10106845918831989,0.20459519872862522,0.19698157932255345,0.6021927193763421,0.09921950507992247,0.5946121173789635,0.1905906675962209,0.5953488372093023,0.595282964444359,"{0: 0.636111137818972, 1: 0.6361111378189721}","{0: 0.636111137818972, 1: 0.6361111378189721}",0.6361111378189721,"[[412 234]
 [288 356]]",[0. 1. 0. ... 0. 0. 1.],[1. 1. 1. ... 0. 1. 0.]
772,knn,{'n_neighbors': 31},0.5934920703633574,0.10106845918831989,0.20459519872862522,0.19698157932255345,0.6021927193763421,0.09921950507992247,0.5946121173789635,0.1905906675962209,0.5953488372093023,0.595282964444359,"{0: 0.636111137818972, 1: 0.6361111378189721}","{0: 0.636111137818972, 1: 0.6361111378189721}",0.6361111378189721,"[[412 234]
 [288 356]]",[0. 1. 0. ... 0. 0. 1.],[1. 1. 1. ... 0. 1. 0.]
245,knn,{'n_neighbors': 31},0.5934920703633574,0.10106845918831989,0.20459519872862522,0.19698157932255345,0.6021927193763421,0.09921950507992247,0.5946121173789635,0.1905906675962209,0.5953488372093023,0.595282964444359,"{0: 0.636111137818972, 1: 0.6361111378189721}","{0: 0.636111137818972, 1: 0.6361111378189721}",0.6361111378189721,"[[412 234]
 [288 356]]",[0. 1. 0. ... 0. 0. 1.],[1. 1. 1. ... 0. 1. 0.]
726,knn,{'n_neighbors': 31},0.5934920703633574,0.10106845918831989,0.20459519872862522,0.19698157932255345,0.6021927193763421,0.09921950507992247,0.5946121173789635,0.1905906675962209,0.5953488372093023,0.595282964444359,"{0: 0.636111137818972, 1: 0.6361111378189721}","{0: 0.636111137818972, 1: 0.6361111378189721}",0.6361111378189721,"[[412 234]
 [288 356]]",[0. 1. 0. ... 0. 0. 1.],[1. 1. 1. ... 0. 1. 0.]
973,knn,{'n_neighbors': 31},0.5934920703633574,0.10106845918831989,0.20459519872862522,0.19698157932255345,0.6021927193763421,0.09921950507992247,0.5946121173789635,0.1905906675962209,0.5953488372093023,0.595282964444359,"{0: 0.636111137818972, 1: 0.6361111378189721}","{0: 0.636111137818972, 1: 0.6361111378189721}",0.6361111378189721,"[[412 234]
 [288 356]]",[0. 1. 0. ... 0. 0. 1.],[1. 1. 1. ... 0. 1. 0.]
927,knn,{'n_neighbors': 31},0.5934920703633574,0.10106845918831989,0.20459519872862522,0.19698157932255345,0.6021927193763421,0.09921950507992247,0.5946121173789635,0.1905906675962209,0.5953488372093023,0.595282964444359,"{0: 0.636111137818972, 1: 0.6361111378189721}","{0: 0.636111137818972, 1: 0.6361111378189721}",0.6361111378189721,"[[412 234]
 [288 356]]",[0. 1. 0. ... 0. 0. 1.],[1. 1. 1. ... 0. 1. 0.]
292,knn,{'n_neighbors': 31},0.5934920703633574,0.10106845918831989,0.20459519872862522,0.19698157932255345,0.6021927193763421,0.09921950507992247,0.5946121173789635,0.1905906675962209,0.5953488372093023,0.595282964444359,"{0: 0.636111137818972, 1: 0.6361111378189721}","{0: 0.636111137818972, 1: 0.6361111378189721}",0.6361111378189721,"[[412 234]
 [288 356]]",[0. 1. 0. ... 0. 0. 1.],[1. 1. 1. ... 0. 1. 0.]
413,knn,{'n_neighbors': 31},0.5934920703633574,0.10106845918831989,0.20459519872862522,0.19698157932255345,0.6021927193763421,0.09921950507992247,0.5946121173789635,0.1905906675962209,0.5953488372093023,0.595282964444359,"{0: 0.636111137818972, 1: 0.6361111378189721}","{0: 0.636111137818972, 1: 0.6361111378189721}",0.6361111378189721,"[[412 234]
 [288 356]]",[0. 1. 0. ... 0. 0. 1.],[1. 1. 1. ... 0. 1. 0.]
69,knn,{'n_neighbors': 31},0.5934920703633574,0.10106845918831989,0.20459519872862522,0.19698157932255345,0.6021927193763421,0.09921950507992247,0.5946121173789635,0.1905906675962209,0.5953488372093023,0.595282964444359,"{0: 0.636111137818972, 1: 0.6361111378189721}","{0: 0.636111137818972, 1: 0.6361111378189721}",0.6361111378189721,"[[412 234]
 [288 356]]",[0. 1. 0. ... 0. 0. 1.],[1. 1. 1. ... 0. 1. 0.]
187,knn,{'n_neighbors': 31},0.5934920703633574,0.10106845918831989,0.20459519872862522,0.19698157932255345,0.6021927193763421,0.09921950507992247,0.5946121173789635,0.1905906675962209,0.5953488372093023,0.595282964444359,"{0: 0.636111137818972, 1: 0.6361111378189721}","{0: 0.636111137818972, 1: 0.6361111378189721}",0.6361111378189721,"[[412 234]
 [288 356]]",[0. 1. 0. ... 0. 0. 1.],[1. 1. 1. ... 0. 1. 0.]
563,knn,{'n_neighbors': 31},0.5934920703633574,0.10106845918831989,0.20459519872862522,0.19698157932255345,0.6021927193763421,0.09921950507992247,0.5946121173789635,0.1905906675962209,0.5953488372093023,0.595282964444359,"{0: 0.636111137818972, 1: 0.6361111378189721}","{0: 0.636111137818972, 1: 0.6361111378189721}",0.6361111378189721,"[[412 234]
 [288 356]]",[0. 1. 0. ... 0. 0. 1.],[1. 1. 1. ... 0. 1. 0.]
515,knn,{'n_neighbors': 31},0.5934920703633574,0.10106845918831989,0.20459519872862522,0.19698157932255345,0.6021927193763421,0.09921950507992247,0.5946121173789635,0.1905906675962209,0.5953488372093023,0.595282964444359,"{0: 0.636111137818972, 1: 0.6361111378189721}","{0: 0.636111137818972, 1: 0.6361111378189721}",0.6361111378189721,"[[412 234]
 [288 356]]",[0. 1. 0. ... 0. 0. 1.],[1. 1. 1. ... 0. 1. 0.]
356,knn,{'n_neighbors': 31},0.5934920703633574,0.10106845918831989,0.20459519872862522,0.19698157932255345,0.6021927193763421,0.09921950507992247,0.5946121173789635,0.1905906675962209,0.5953488372093023,0.595282964444359,"{0: 0.636111137818972, 1: 0.6361111378189721}","{0: 0.636111137818972, 1: 0.6361111378189721}",0.6361111378189721,"[[412 234]
 [288 356]]",[0. 1. 0. ... 0. 0. 1.],[1. 1. 1. ... 0. 1. 0.]
672,knn,{'n_neighbors': 31},0.5934920703633574,0.10106845918831989,0.20459519872862522,0.19698157932255345,0.6021927193763421,0.09921950507992247,0.5946121173789635,0.1905906675962209,0.5953488372093023,0.595282964444359,"{0: 0.636111137818972, 1: 0.6361111378189721}","{0: 0.636111137818972, 1: 0.6361111378189721}",0.6361111378189721,"[[412 234]
 [288 356]]",[0. 1. 0. ... 0. 0. 1.],[1. 1. 1. ... 0. 1. 0.]
135,knn,{'n_neighbors': 31},0.5934920703633574,0.10106845918831989,0.20459519872862522,0.19698157932255345,0.6021927193763421,0.09921950507992247,0.5946121173789635,0.1905906675962209,0.5953488372093023,0.595282964444359,"{0: 0.636111137818972, 1: 0.6361111378189721}","{0: 0.636111137818972, 1: 0.6361111378189721}",0.6361111378189721,"[[412 234]
 [288 356]]",[0. 1. 0. ... 0. 0. 1.],[1. 1. 1. ... 0. 1. 0.]
822,knn,{'n_neighbors': 31},0.5934920703633574,0.10106845918831989,0.20459519872862522,0.19698157932255345,0.6021927193763421,0.09921950507992247,0.5946121173789635,0.1905906675962209,0.5953488372093023,0.595282964444359,"{0: 0.636111137818972, 1: 0.6361111378189721}","{0: 0.636111137818972, 1: 0.6361111378189721}",0.6361111378189721,"[[412 234]
 [288 356]]",[0. 1. 0. ... 0. 0. 1.],[1. 1. 1. ... 0. 1. 0.]
617,knn,{'n_neighbors': 31},0.5934920703633574,0.10106845918831989,0.20459519872862522,0.19698157932255345,0.6021927193763421,0.09921950507992247,0.5946121173789635,0.1905906675962209,0.5953488372093023,0.595282964444359,"{0: 0.636111137818972, 1: 0.6361111378189721}","{0: 0.636111137818972, 1: 0.6361111378189721}",0.6361111378189721,"[[412 234]
 [288 356]]",[0. 1. 0. ... 0. 0. 1.],[1. 1. 1. ... 0. 1. 0.]
455,knn,{'n_neighbors': 31},0.5934920703633574,0.10106845918831989,0.20459519872862522,0.19698157932255345,0.6021927193763421,0.09921950507992247,0.5946121173789635,0.1905906675962209,0.5953488372093023,0.595282964444359,"{0: 0.636111137818972, 1: 0.6361111378189721}","{0: 0.636111137818972, 1: 0.6361111378189721}",0.6361111378189721,"[[412 234]
 [288 356]]",[0. 1. 0. ... 0. 0. 1.],[1. 1. 1. ... 0. 1. 0.]
235,SVC,"{'C': 10, 'gamma': 0.1, 'kernel': 'rbf'}",0.5935147760185467,0.10182341659213606,0.2042466839176439,0.19000162055012265,0.6020069831788544,0.09488928353025698,0.5914377589608141,0.1829221682976253,0.5914728682170542,0.5914586658462012,"{0: 0.6119598869296002, 1: 0.6119598869296001}","{0: 0.6119598869296002, 1: 0.6119598869296001}",0.6119598869296001,"[[388 258]
 [269 375]]",[0. 1. 0. ... 0. 0. 1.],[1. 1. 1. ... 0. 1. 0.]
557,knn,{'n_neighbors': 49},0.5906951369165683,0.09786969950189442,0.2037569927034994,0.18702511105270028,0.6015652601395921,0.09396865570871246,0.597325228693102,0.19527533312339085,0.5976744186046512,0.5976289829432917,"{0: 0.6450024517816281, 1: 0.6450024517816281}","{0: 0.6450024517816281, 1: 0.6450024517816281}",0.6450024517816281,"[[405 241]
 [278 366]]",[0. 0. 1. ... 0. 0. 1.],[1. 1. 1. ... 0. 1. 0.]
509,knn,{'n_neighbors': 49},0.5906951369165683,0.09786969950189442,0.2037569927034994,0.18702511105270028,0.6015652601395921,0.09396865570871246,0.597325228693102,0.19527533312339085,0.5976744186046512,0.5976289829432917,"{0: 0.6450024517816281, 1: 0.6450024517816281}","{0: 0.6450024517816281, 1: 0.6450024517816281}",0.6450024517816281,"[[405 241]
 [278 366]]",[0. 0. 1. ... 0. 0. 1.],[1. 1. 1. ... 0. 1. 0.]
409,knn,{'n_neighbors': 49},0.5906951369165683,0.09786969950189442,0.2037569927034994,0.18702511105270028,0.6015652601395921,0.09396865570871246,0.597325228693102,0.19527533312339085,0.5976744186046512,0.5976289829432917,"{0: 0.6450024517816281, 1: 0.6450024517816281}","{0: 0.6450024517816281, 1: 0.6450024517816281}",0.6450024517816281,"[[405 241]
 [278 366]]",[0. 0. 1. ... 0. 0. 1.],[1. 1. 1. ... 0. 1. 0.]
610,knn,{'n_neighbors': 49},0.5906951369165683,0.09786969950189442,0.2037569927034994,0.18702511105270028,0.6015652601395921,0.09396865570871246,0.597325228693102,0.19527533312339085,0.5976744186046512,0.5976289829432917,"{0: 0.6450024517816281, 1: 0.6450024517816281}","{0: 0.6450024517816281, 1: 0.6450024517816281}",0.6450024517816281,"[[405 241]
 [278 366]]",[0. 0. 1. ... 0. 0. 1.],[1. 1. 1. ... 0. 1. 0.]
123,knn,{'n_neighbors': 49},0.5906951369165683,0.09786969950189442,0.2037569927034994,0.18702511105270028,0.6015652601395921,0.09396865570871246,0.597325228693102,0.19527533312339085,0.5976744186046512,0.5976289829432917,"{0: 0.6450024517816281, 1: 0.6450024517816281}","{0: 0.6450024517816281, 1: 0.6450024517816281}",0.6450024517816281,"[[405 241]
 [278 366]]",[0. 0. 1. ... 0. 0. 1.],[1. 1. 1. ... 0. 1. 0.]
63,knn,{'n_neighbors': 49},0.5906951369165683,0.09786969950189442,0.2037569927034994,0.18702511105270028,0.6015652601395921,0.09396865570871246,0.597325228693102,0.19527533312339085,0.5976744186046512,0.5976289829432917,"{0: 0.6450024517816281, 1: 0.6450024517816281}","{0: 0.6450024517816281, 1: 0.6450024517816281}",0.6450024517816281,"[[405 241]
 [278 366]]",[0. 0. 1. ... 0. 0. 1.],[1. 1. 1. ... 0. 1. 0.]
869,knn,{'n_neighbors': 49},0.5906951369165683,0.09786969950189442,0.2037569927034994,0.18702511105270028,0.6015652601395921,0.09396865570871246,0.597325228693102,0.19527533312339085,0.5976744186046512,0.5976289829432917,"{0: 0.6450024517816281, 1: 0.6450024517816281}","{0: 0.6450024517816281, 1: 0.6450024517816281}",0.6450024517816281,"[[405 241]
 [278 366]]",[0. 0. 1. ... 0. 0. 1.],[1. 1. 1. ... 0. 1. 0.]
463,knn,{'n_neighbors': 49},0.5906951369165683,0.09786969950189442,0.2037569927034994,0.18702511105270028,0.6015652601395921,0.09396865570871246,0.597325228693102,0.19527533312339085,0.5976744186046512,0.5976289829432917,"{0: 0.6450024517816281, 1: 0.6450024517816281}","{0: 0.6450024517816281, 1: 0.6450024517816281}",0.6450024517816281,"[[405 241]
 [278 366]]",[0. 0. 1. ... 0. 0. 1.],[1. 1. 1. ... 0. 1. 0.]
716,knn,{'n_neighbors': 49},0.5906951369165683,0.09786969950189442,0.2037569927034994,0.18702511105270028,0.6015652601395921,0.09396865570871246,0.597325228693102,0.19527533312339085,0.5976744186046512,0.5976289829432917,"{0: 0.6450024517816281, 1: 0.6450024517816281}","{0: 0.6450024517816281, 1: 0.6450024517816281}",0.6450024517816281,"[[405 241]
 [278 366]]",[0. 0. 1. ... 0. 0. 1.],[1. 1. 1. ... 0. 1. 0.]
350,knn,{'n_neighbors': 49},0.5906951369165683,0.09786969950189442,0.2037569927034994,0.18702511105270028,0.6015652601395921,0.09396865570871246,0.597325228693102,0.19527533312339085,0.5976744186046512,0.5976289829432917,"{0: 0.6450024517816281, 1: 0.6450024517816281}","{0: 0.6450024517816281, 1: 0.6450024517816281}",0.6450024517816281,"[[405 241]
 [278 366]]",[0. 0. 1. ... 0. 0. 1.],[1. 1. 1. ... 0. 1. 0.]
818,knn,{'n_neighbors': 49},0.5906951369165683,0.09786969950189442,0.2037569927034994,0.18702511105270028,0.6015652601395921,0.09396865570871246,0.597325228693102,0.19527533312339085,0.5976744186046512,0.5976289829432917,"{0: 0.6450024517816281, 1: 0.6450024517816281}","{0: 0.6450024517816281, 1: 0.6450024517816281}",0.6450024517816281,"[[405 241]
 [278 366]]",[0. 0. 1. ... 0. 0. 1.],[1. 1. 1. ... 0. 1. 0.]
920,knn,{'n_neighbors': 49},0.5906951369165683,0.09786969950189442,0.2037569927034994,0.18702511105270028,0.6015652601395921,0.09396865570871246,0.597325228693102,0.19527533312339085,0.5976744186046512,0.5976289829432917,"{0: 0.6450024517816281, 1: 0.6450024517816281}","{0: 0.6450024517816281, 1: 0.6450024517816281}",0.6450024517816281,"[[405 241]
 [278 366]]",[0. 0. 1. ... 0. 0. 1.],[1. 1. 1. ... 0. 1. 0.]
294,knn,{'n_neighbors': 49},0.5906951369165683,0.09786969950189442,0.2037569927034994,0.18702511105270028,0.6015652601395921,0.09396865570871246,0.597325228693102,0.19527533312339085,0.5976744186046512,0.5976289829432917,"{0: 0.6450024517816281, 1: 0.6450024517816281}","{0: 0.6450024517816281, 1: 0.6450024517816281}",0.6450024517816281,"[[405 241]
 [278 366]]",[0. 0. 1. ... 0. 0. 1.],[1. 1. 1. ... 0. 1. 0.]
248,knn,{'n_neighbors': 49},0.5906951369165683,0.09786969950189442,0.2037569927034994,0.18702511105270028,0.6015652601395921,0.09396865570871246,0.597325228693102,0.19527533312339085,0.5976744186046512,0.5976289829432917,"{0: 0.6450024517816281, 1: 0.6450024517816281}","{0: 0.6450024517816281, 1: 0.6450024517816281}",0.6450024517816281,"[[405 241]
 [278 366]]",[0. 0. 1. ... 0. 0. 1.],[1. 1. 1. ... 0. 1. 0.]
768,knn,{'n_neighbors': 49},0.5906951369165683,0.09786969950189442,0.2037569927034994,0.18702511105270028,0.6015652601395921,0.09396865570871246,0.597325228693102,0.19527533312339085,0.5976744186046512,0.5976289829432917,"{0: 0.6450024517816281, 1: 0.6450024517816281}","{0: 0.6450024517816281, 1: 0.6450024517816281}",0.6450024517816281,"[[405 241]
 [278 366]]",[0. 0. 1. ... 0. 0. 1.],[1. 1. 1. ... 0. 1. 0.]
978,knn,{'n_neighbors': 49},0.5906951369165683,0.09786969950189442,0.2037569927034994,0.18702511105270028,0.6015652601395921,0.09396865570871246,0.597325228693102,0.19527533312339085,0.5976744186046512,0.5976289829432917,"{0: 0.6450024517816281, 1: 0.6450024517816281}","{0: 0.6450024517816281, 1: 0.6450024517816281}",0.6450024517816281,"[[405 241]
 [278 366]]",[0. 0. 1. ... 0. 0. 1.],[1. 1. 1. ... 0. 1. 0.]
659,knn,{'n_neighbors': 49},0.5906951369165683,0.09786969950189442,0.2037569927034994,0.18702511105270028,0.6015652601395921,0.09396865570871246,0.597325228693102,0.19527533312339085,0.5976744186046512,0.5976289829432917,"{0: 0.6450024517816281, 1: 0.6450024517816281}","{0: 0.6450024517816281, 1: 0.6450024517816281}",0.6450024517816281,"[[405 241]
 [278 366]]",[0. 0. 1. ... 0. 0. 1.],[1. 1. 1. ... 0. 1. 0.]
183,knn,{'n_neighbors': 49},0.5906951369165683,0.09786969950189442,0.2037569927034994,0.18702511105270028,0.6015652601395921,0.09396865570871246,0.597325228693102,0.19527533312339085,0.5976744186046512,0.5976289829432917,"{0: 0.6450024517816281, 1: 0.6450024517816281}","{0: 0.6450024517816281, 1: 0.6450024517816281}",0.6450024517816281,"[[405 241]
 [278 366]]",[0. 0. 1. ... 0. 0. 1.],[1. 1. 1. ... 0. 1. 0.]
275,knn,{'n_neighbors': 39},0.5912517787164959,0.10664109960003955,0.2031772760127717,0.203571032043336,0.60142788891754,0.10254268085048514,0.5981540287537839,0.19683165460708196,0.5984496124031008,0.598407784166298,"{0: 0.6409197546295405, 1: 0.6409197546295407}","{0: 0.6409197546295405, 1: 0.6409197546295407}",0.6409197546295407,"[[404 242]
 [276 368]]",[0. 1. 1. ... 0. 0. 1.],[1. 1. 1. ... 0. 1. 0.]
111,knn,{'n_neighbors': 39},0.5912517787164959,0.10664109960003955,0.2031772760127717,0.203571032043336,0.60142788891754,0.10254268085048514,0.5981540287537839,0.19683165460708196,0.5984496124031008,0.598407784166298,"{0: 0.6409197546295405, 1: 0.6409197546295407}","{0: 0.6409197546295405, 1: 0.6409197546295407}",0.6409197546295407,"[[404 242]
 [276 368]]",[0. 1. 1. ... 0. 0. 1.],[1. 1. 1. ... 0. 1. 0.]
48,knn,{'n_neighbors': 39},0.5912517787164959,0.10664109960003955,0.2031772760127717,0.203571032043336,0.60142788891754,0.10254268085048514,0.5981540287537839,0.19683165460708196,0.5984496124031008,0.598407784166298,"{0: 0.6409197546295405, 1: 0.6409197546295407}","{0: 0.6409197546295405, 1: 0.6409197546295407}",0.6409197546295407,"[[404 242]
 [276 368]]",[0. 1. 1. ... 0. 0. 1.],[1. 1. 1. ... 0. 1. 0.]
962,knn,{'n_neighbors': 39},0.5912517787164959,0.10664109960003955,0.2031772760127717,0.203571032043336,0.60142788891754,0.10254268085048514,0.5981540287537839,0.19683165460708196,0.5984496124031008,0.598407784166298,"{0: 0.6409197546295405, 1: 0.6409197546295407}","{0: 0.6409197546295405, 1: 0.6409197546295407}",0.6409197546295407,"[[404 242]
 [276 368]]",[0. 1. 1. ... 0. 0. 1.],[1. 1. 1. ... 0. 1. 0.]
702,knn,{'n_neighbors': 39},0.5912517787164959,0.10664109960003955,0.2031772760127717,0.203571032043336,0.60142788891754,0.10254268085048514,0.5981540287537839,0.19683165460708196,0.5984496124031008,0.598407784166298,"{0: 0.6409197546295405, 1: 0.6409197546295407}","{0: 0.6409197546295405, 1: 0.6409197546295407}",0.6409197546295407,"[[404 242]
 [276 368]]",[0. 1. 1. ... 0. 0. 1.],[1. 1. 1. ... 0. 1. 0.]
755,knn,{'n_neighbors': 39},0.5912517787164959,0.10664109960003955,0.2031772760127717,0.203571032043336,0.60142788891754,0.10254268085048514,0.5981540287537839,0.19683165460708196,0.5984496124031008,0.598407784166298,"{0: 0.6409197546295405, 1: 0.6409197546295407}","{0: 0.6409197546295405, 1: 0.6409197546295407}",0.6409197546295407,"[[404 242]
 [276 368]]",[0. 1. 1. ... 0. 0. 1.],[1. 1. 1. ... 0. 1. 0.]
336,knn,{'n_neighbors': 39},0.5912517787164959,0.10664109960003955,0.2031772760127717,0.203571032043336,0.60142788891754,0.10254268085048514,0.5981540287537839,0.19683165460708196,0.5984496124031008,0.598407784166298,"{0: 0.6409197546295405, 1: 0.6409197546295407}","{0: 0.6409197546295405, 1: 0.6409197546295407}",0.6409197546295407,"[[404 242]
 [276 368]]",[0. 1. 1. ... 0. 0. 1.],[1. 1. 1. ... 0. 1. 0.]
168,knn,{'n_neighbors': 39},0.5912517787164959,0.10664109960003955,0.2031772760127717,0.203571032043336,0.60142788891754,0.10254268085048514,0.5981540287537839,0.19683165460708196,0.5984496124031008,0.598407784166298,"{0: 0.6409197546295405, 1: 0.6409197546295407}","{0: 0.6409197546295405, 1: 0.6409197546295407}",0.6409197546295407,"[[404 242]
 [276 368]]",[0. 1. 1. ... 0. 0. 1.],[1. 1. 1. ... 0. 1. 0.]
599,knn,{'n_neighbors': 39},0.5912517787164959,0.10664109960003955,0.2031772760127717,0.203571032043336,0.60142788891754,0.10254268085048514,0.5981540287537839,0.19683165460708196,0.5984496124031008,0.598407784166298,"{0: 0.6409197546295405, 1: 0.6409197546295407}","{0: 0.6409197546295405, 1: 0.6409197546295407}",0.6409197546295407,"[[404 242]
 [276 368]]",[0. 1. 1. ... 0. 0. 1.],[1. 1. 1. ... 0. 1. 0.]
395,knn,{'n_neighbors': 39},0.5912517787164959,0.10664109960003955,0.2031772760127717,0.203571032043336,0.60142788891754,0.10254268085048514,0.5981540287537839,0.19683165460708196,0.5984496124031008,0.598407784166298,"{0: 0.6409197546295405, 1: 0.6409197546295407}","{0: 0.6409197546295405, 1: 0.6409197546295407}",0.6409197546295407,"[[404 242]
 [276 368]]",[0. 1. 1. ... 0. 0. 1.],[1. 1. 1. ... 0. 1. 0.]
552,knn,{'n_neighbors': 39},0.5912517787164959,0.10664109960003955,0.2031772760127717,0.203571032043336,0.60142788891754,0.10254268085048514,0.5981540287537839,0.19683165460708196,0.5984496124031008,0.598407784166298,"{0: 0.6409197546295405, 1: 0.6409197546295407}","{0: 0.6409197546295405, 1: 0.6409197546295407}",0.6409197546295407,"[[404 242]
 [276 368]]",[0. 1. 1. ... 0. 0. 1.],[1. 1. 1. ... 0. 1. 0.]
237,knn,{'n_neighbors': 39},0.5912517787164959,0.10664109960003955,0.2031772760127717,0.203571032043336,0.60142788891754,0.10254268085048514,0.5981540287537839,0.19683165460708196,0.5984496124031008,0.598407784166298,"{0: 0.6409197546295405, 1: 0.6409197546295407}","{0: 0.6409197546295405, 1: 0.6409197546295407}",0.6409197546295407,"[[404 242]
 [276 368]]",[0. 1. 1. ... 0. 0. 1.],[1. 1. 1. ... 0. 1. 0.]
863,knn,{'n_neighbors': 39},0.5912517787164959,0.10664109960003955,0.2031772760127717,0.203571032043336,0.60142788891754,0.10254268085048514,0.5981540287537839,0.19683165460708196,0.5984496124031008,0.598407784166298,"{0: 0.6409197546295405, 1: 0.6409197546295407}","{0: 0.6409197546295405, 1: 0.6409197546295407}",0.6409197546295407,"[[404 242]
 [276 368]]",[0. 1. 1. ... 0. 0. 1.],[1. 1. 1. ... 0. 1. 0.]
506,knn,{'n_neighbors': 39},0.5912517787164959,0.10664109960003955,0.2031772760127717,0.203571032043336,0.60142788891754,0.10254268085048514,0.5981540287537839,0.19683165460708196,0.5984496124031008,0.598407784166298,"{0: 0.6409197546295405, 1: 0.6409197546295407}","{0: 0.6409197546295405, 1: 0.6409197546295407}",0.6409197546295407,"[[404 242]
 [276 368]]",[0. 1. 1. ... 0. 0. 1.],[1. 1. 1. ... 0. 1. 0.]
442,knn,{'n_neighbors': 39},0.5912517787164959,0.10664109960003955,0.2031772760127717,0.203571032043336,0.60142788891754,0.10254268085048514,0.5981540287537839,0.19683165460708196,0.5984496124031008,0.598407784166298,"{0: 0.6409197546295405, 1: 0.6409197546295407}","{0: 0.6409197546295405, 1: 0.6409197546295407}",0.6409197546295407,"[[404 242]
 [276 368]]",[0. 1. 1. ... 0. 0. 1.],[1. 1. 1. ... 0. 1. 0.]
808,knn,{'n_neighbors': 39},0.5912517787164959,0.10664109960003955,0.2031772760127717,0.203571032043336,0.60142788891754,0.10254268085048514,0.5981540287537839,0.19683165460708196,0.5984496124031008,0.598407784166298,"{0: 0.6409197546295405, 1: 0.6409197546295407}","{0: 0.6409197546295405, 1: 0.6409197546295407}",0.6409197546295407,"[[404 242]
 [276 368]]",[0. 1. 1. ... 0. 0. 1.],[1. 1. 1. ... 0. 1. 0.]
657,knn,{'n_neighbors': 39},0.5912517787164959,0.10664109960003955,0.2031772760127717,0.203571032043336,0.60142788891754,0.10254268085048514,0.5981540287537839,0.19683165460708196,0.5984496124031008,0.598407784166298,"{0: 0.6409197546295405, 1: 0.6409197546295407}","{0: 0.6409197546295405, 1: 0.6409197546295407}",0.6409197546295407,"[[404 242]
 [276 368]]",[0. 1. 1. ... 0. 0. 1.],[1. 1. 1. ... 0. 1. 0.]
910,knn,{'n_neighbors': 39},0.5912517787164959,0.10664109960003955,0.2031772760127717,0.203571032043336,0.60142788891754,0.10254268085048514,0.5981540287537839,0.19683165460708196,0.5984496124031008,0.598407784166298,"{0: 0.6409197546295405, 1: 0.6409197546295407}","{0: 0.6409197546295405, 1: 0.6409197546295407}",0.6409197546295407,"[[404 242]
 [276 368]]",[0. 1. 1. ... 0. 0. 1.],[1. 1. 1. ... 0. 1. 0.]
121,knn,{'n_neighbors': 47},0.5907889923664532,0.09983962329209724,0.2027064424577102,0.19101559453313452,0.6009220244809871,0.09609694922778507,0.5964918406778872,0.193718989191892,0.5968992248062015,0.5968501817202854,"{0: 0.6435638328557969, 1: 0.6435638328557968}","{0: 0.6435638328557969, 1: 0.6435638328557968}",0.6435638328557968,"[[406 240]
 [280 364]]",[0. 1. 1. ... 0. 0. 1.],[1. 1. 1. ... 0. 1. 0.]
231,knn,{'n_neighbors': 47},0.5907889923664532,0.09983962329209724,0.2027064424577102,0.19101559453313452,0.6009220244809871,0.09609694922778507,0.5964918406778872,0.193718989191892,0.5968992248062015,0.5968501817202854,"{0: 0.6435638328557969, 1: 0.6435638328557968}","{0: 0.6435638328557969, 1: 0.6435638328557968}",0.6435638328557968,"[[406 240]
 [280 364]]",[0. 1. 1. ... 0. 0. 1.],[1. 1. 1. ... 0. 1. 0.]
663,knn,{'n_neighbors': 47},0.5907889923664532,0.09983962329209724,0.2027064424577102,0.19101559453313452,0.6009220244809871,0.09609694922778507,0.5964918406778872,0.193718989191892,0.5968992248062015,0.5968501817202854,"{0: 0.6435638328557969, 1: 0.6435638328557968}","{0: 0.6435638328557969, 1: 0.6435638328557968}",0.6435638328557968,"[[406 240]
 [280 364]]",[0. 1. 1. ... 0. 0. 1.],[1. 1. 1. ... 0. 1. 0.]
51,knn,{'n_neighbors': 47},0.5907889923664532,0.09983962329209724,0.2027064424577102,0.19101559453313452,0.6009220244809871,0.09609694922778507,0.5964918406778872,0.193718989191892,0.5968992248062015,0.5968501817202854,"{0: 0.6435638328557969, 1: 0.6435638328557968}","{0: 0.6435638328557969, 1: 0.6435638328557968}",0.6435638328557968,"[[406 240]
 [280 364]]",[0. 1. 1. ... 0. 0. 1.],[1. 1. 1. ... 0. 1. 0.]
813,knn,{'n_neighbors': 47},0.5907889923664532,0.09983962329209724,0.2027064424577102,0.19101559453313452,0.6009220244809871,0.09609694922778507,0.5964918406778872,0.193718989191892,0.5968992248062015,0.5968501817202854,"{0: 0.6435638328557969, 1: 0.6435638328557968}","{0: 0.6435638328557969, 1: 0.6435638328557968}",0.6435638328557968,"[[406 240]
 [280 364]]",[0. 1. 1. ... 0. 0. 1.],[1. 1. 1. ... 0. 1. 0.]
767,knn,{'n_neighbors': 47},0.5907889923664532,0.09983962329209724,0.2027064424577102,0.19101559453313452,0.6009220244809871,0.09609694922778507,0.5964918406778872,0.193718989191892,0.5968992248062015,0.5968501817202854,"{0: 0.6435638328557969, 1: 0.6435638328557968}","{0: 0.6435638328557969, 1: 0.6435638328557968}",0.6435638328557968,"[[406 240]
 [280 364]]",[0. 1. 1. ... 0. 0. 1.],[1. 1. 1. ... 0. 1. 0.]
858,knn,{'n_neighbors': 47},0.5907889923664532,0.09983962329209724,0.2027064424577102,0.19101559453313452,0.6009220244809871,0.09609694922778507,0.5964918406778872,0.193718989191892,0.5968992248062015,0.5968501817202854,"{0: 0.6435638328557969, 1: 0.6435638328557968}","{0: 0.6435638328557969, 1: 0.6435638328557968}",0.6435638328557968,"[[406 240]
 [280 364]]",[0. 1. 1. ... 0. 0. 1.],[1. 1. 1. ... 0. 1. 0.]
459,knn,{'n_neighbors': 47},0.5907889923664532,0.09983962329209724,0.2027064424577102,0.19101559453313452,0.6009220244809871,0.09609694922778507,0.5964918406778872,0.193718989191892,0.5968992248062015,0.5968501817202854,"{0: 0.6435638328557969, 1: 0.6435638328557968}","{0: 0.6435638328557969, 1: 0.6435638328557968}",0.6435638328557968,"[[406 240]
 [280 364]]",[0. 1. 1. ... 0. 0. 1.],[1. 1. 1. ... 0. 1. 0.]
497,knn,{'n_neighbors': 47},0.5907889923664532,0.09983962329209724,0.2027064424577102,0.19101559453313452,0.6009220244809871,0.09609694922778507,0.5964918406778872,0.193718989191892,0.5968992248062015,0.5968501817202854,"{0: 0.6435638328557969, 1: 0.6435638328557968}","{0: 0.6435638328557969, 1: 0.6435638328557968}",0.6435638328557968,"[[406 240]
 [280 364]]",[0. 1. 1. ... 0. 0. 1.],[1. 1. 1. ... 0. 1. 0.]
608,knn,{'n_neighbors': 47},0.5907889923664532,0.09983962329209724,0.2027064424577102,0.19101559453313452,0.6009220244809871,0.09609694922778507,0.5964918406778872,0.193718989191892,0.5968992248062015,0.5968501817202854,"{0: 0.6435638328557969, 1: 0.6435638328557968}","{0: 0.6435638328557969, 1: 0.6435638328557968}",0.6435638328557968,"[[406 240]
 [280 364]]",[0. 1. 1. ... 0. 0. 1.],[1. 1. 1. ... 0. 1. 0.]
711,knn,{'n_neighbors': 47},0.5907889923664532,0.09983962329209724,0.2027064424577102,0.19101559453313452,0.6009220244809871,0.09609694922778507,0.5964918406778872,0.193718989191892,0.5968992248062015,0.5968501817202854,"{0: 0.6435638328557969, 1: 0.6435638328557968}","{0: 0.6435638328557969, 1: 0.6435638328557968}",0.6435638328557968,"[[406 240]
 [280 364]]",[0. 1. 1. ... 0. 0. 1.],[1. 1. 1. ... 0. 1. 0.]
286,knn,{'n_neighbors': 47},0.5907889923664532,0.09983962329209724,0.2027064424577102,0.19101559453313452,0.6009220244809871,0.09609694922778507,0.5964918406778872,0.193718989191892,0.5968992248062015,0.5968501817202854,"{0: 0.6435638328557969, 1: 0.6435638328557968}","{0: 0.6435638328557969, 1: 0.6435638328557968}",0.6435638328557968,"[[406 240]
 [280 364]]",[0. 1. 1. ... 0. 0. 1.],[1. 1. 1. ... 0. 1. 0.]
341,knn,{'n_neighbors': 47},0.5907889923664532,0.09983962329209724,0.2027064424577102,0.19101559453313452,0.6009220244809871,0.09609694922778507,0.5964918406778872,0.193718989191892,0.5968992248062015,0.5968501817202854,"{0: 0.6435638328557969, 1: 0.6435638328557968}","{0: 0.6435638328557969, 1: 0.6435638328557968}",0.6435638328557968,"[[406 240]
 [280 364]]",[0. 1. 1. ... 0. 0. 1.],[1. 1. 1. ... 0. 1. 0.]
965,knn,{'n_neighbors': 47},0.5907889923664532,0.09983962329209724,0.2027064424577102,0.19101559453313452,0.6009220244809871,0.09609694922778507,0.5964918406778872,0.193718989191892,0.5968992248062015,0.5968501817202854,"{0: 0.6435638328557969, 1: 0.6435638328557968}","{0: 0.6435638328557969, 1: 0.6435638328557968}",0.6435638328557968,"[[406 240]
 [280 364]]",[0. 1. 1. ... 0. 0. 1.],[1. 1. 1. ... 0. 1. 0.]
175,knn,{'n_neighbors': 47},0.5907889923664532,0.09983962329209724,0.2027064424577102,0.19101559453313452,0.6009220244809871,0.09609694922778507,0.5964918406778872,0.193718989191892,0.5968992248062015,0.5968501817202854,"{0: 0.6435638328557969, 1: 0.6435638328557968}","{0: 0.6435638328557969, 1: 0.6435638328557968}",0.6435638328557968,"[[406 240]
 [280 364]]",[0. 1. 1. ... 0. 0. 1.],[1. 1. 1. ... 0. 1. 0.]
555,knn,{'n_neighbors': 47},0.5907889923664532,0.09983962329209724,0.2027064424577102,0.19101559453313452,0.6009220244809871,0.09609694922778507,0.5964918406778872,0.193718989191892,0.5968992248062015,0.5968501817202854,"{0: 0.6435638328557969, 1: 0.6435638328557968}","{0: 0.6435638328557969, 1: 0.6435638328557968}",0.6435638328557968,"[[406 240]
 [280 364]]",[0. 1. 1. ... 0. 0. 1.],[1. 1. 1. ... 0. 1. 0.]
914,knn,{'n_neighbors': 47},0.5907889923664532,0.09983962329209724,0.2027064424577102,0.19101559453313452,0.6009220244809871,0.09609694922778507,0.5964918406778872,0.193718989191892,0.5968992248062015,0.5968501817202854,"{0: 0.6435638328557969, 1: 0.6435638328557968}","{0: 0.6435638328557969, 1: 0.6435638328557968}",0.6435638328557968,"[[406 240]
 [280 364]]",[0. 1. 1. ... 0. 0. 1.],[1. 1. 1. ... 0. 1. 0.]
406,knn,{'n_neighbors': 47},0.5907889923664532,0.09983962329209724,0.2027064424577102,0.19101559453313452,0.6009220244809871,0.09609694922778507,0.5964918406778872,0.193718989191892,0.5968992248062015,0.5968501817202854,"{0: 0.6435638328557969, 1: 0.6435638328557968}","{0: 0.6435638328557969, 1: 0.6435638328557968}",0.6435638328557968,"[[406 240]
 [280 364]]",[0. 1. 1. ... 0. 0. 1.],[1. 1. 1. ... 0. 1. 0.]
764,SVC,"{'C': 1, 'gamma': 0.01, 'kernel': 'rbf'}",0.5884830523740164,0.09957964171883693,0.20117487619630608,0.1870900926196928,0.6012029562324418,0.09308665652717943,0.5973510942866056,0.19828002798500732,0.5992248062015504,0.5991192815799089,"{0: 0.6343672480433821, 1: 0.6343672480433822}","{0: 0.6343672480433821, 1: 0.6343672480433822}",0.6343672480433822,"[[431 215]
 [302 342]]",[1. 0. 1. ... 0. 0. 0.],[1. 1. 1. ... 0. 1. 0.]
389,SVC,"{'C': 100, 'gamma': 0.001, 'kernel': 'rbf'}",0.589637588375859,0.10299014253250337,0.20068217513626124,0.19893123834133666,0.6006875759315373,0.09918093419666223,0.5968018340836697,0.19825689727715334,0.5992248062015504,0.5991048593350383,"{0: 0.6355763129050247, 1: 0.6355763129050247}","{0: 0.6355763129050247, 1: 0.6355763129050247}",0.6355763129050247,"[[437 209]
 [308 336]]",[1. 0. 1. ... 0. 0. 0.],[1. 1. 1. ... 0. 1. 0.]
164,SVC,"{'C': 1, 'gamma': 0.01, 'kernel': 'rbf'}",0.588173742060722,0.0999724028833149,0.20032842255078662,0.18845033423184832,0.6007563852595551,0.09376509546300288,0.5975182990768438,0.19828773792436916,0.5992248062015504,0.5991240889948657,"{0: 0.6332567351883545, 1: 0.6332567351883545}","{0: 0.6332567351883545, 1: 0.6332567351883545}",0.6332567351883545,"[[429 217]
 [300 344]]",[1. 0. 1. ... 0. 0. 0.],[1. 1. 1. ... 0. 1. 0.]
99,SVC,"{'C': 1, 'gamma': 0.01, 'kernel': 'rbf'}",0.5878763308961515,0.10060935929194745,0.2000580381788555,0.18943421172310682,0.600610094768437,0.09425446996515534,0.5975182990768438,0.19828773792436916,0.5992248062015504,0.5991240889948657,"{0: 0.6318409514835681, 1: 0.6318409514835683}","{0: 0.6318409514835681, 1: 0.6318409514835683}",0.6318409514835683,"[[429 217]
 [300 344]]",[1. 0. 1. ... 0. 0. 0.],[1. 1. 1. ... 0. 1. 0.]
932,SVC,"{'C': 1, 'gamma': 0.01, 'kernel': 'rbf'}",0.5874204489005743,0.10038103884366667,0.19911630133866542,0.1890518110842598,0.6001503246534945,0.09407111998041344,0.5966986659455561,0.1967351060249075,0.5984496124031008,0.5983476914793378,"{0: 0.6351797011710862, 1: 0.6351797011710862}","{0: 0.6351797011710862, 1: 0.6351797011710862}",0.6351797011710862,"[[429 217]
 [301 343]]",[1. 0. 1. ... 0. 0. 0.],[1. 1. 1. ... 0. 1. 0.]
499,knn,{'n_neighbors': 45},0.5865891063087046,0.10637328230280346,0.19886747085252915,0.19693402182356334,0.5990447250248303,0.09937395005532212,0.5973610716905039,0.19527920209428618,0.5976744186046512,0.5976313866507701,"{0: 0.6441166855758321, 1: 0.6441166855758321}","{0: 0.6441166855758321, 1: 0.6441166855758321}",0.6441166855758321,"[[404 242]
 [277 367]]",[0. 1. 1. ... 0. 0. 1.],[1. 1. 1. ... 0. 1. 0.]
177,knn,{'n_neighbors': 45},0.5865891063087046,0.10637328230280346,0.19886747085252915,0.19693402182356334,0.5990447250248303,0.09937395005532212,0.5973610716905039,0.19527920209428618,0.5976744186046512,0.5976313866507701,"{0: 0.6441166855758321, 1: 0.6441166855758321}","{0: 0.6441166855758321, 1: 0.6441166855758321}",0.6441166855758321,"[[404 242]
 [277 367]]",[0. 1. 1. ... 0. 0. 1.],[1. 1. 1. ... 0. 1. 0.]
344,knn,{'n_neighbors': 45},0.5865891063087046,0.10637328230280346,0.19886747085252915,0.19693402182356334,0.5990447250248303,0.09937395005532212,0.5973610716905039,0.19527920209428618,0.5976744186046512,0.5976313866507701,"{0: 0.6441166855758321, 1: 0.6441166855758321}","{0: 0.6441166855758321, 1: 0.6441166855758321}",0.6441166855758321,"[[404 242]
 [277 367]]",[0. 1. 1. ... 0. 0. 1.],[1. 1. 1. ... 0. 1. 0.]
596,knn,{'n_neighbors': 45},0.5865891063087046,0.10637328230280346,0.19886747085252915,0.19693402182356334,0.5990447250248303,0.09937395005532212,0.5973610716905039,0.19527920209428618,0.5976744186046512,0.5976313866507701,"{0: 0.6441166855758321, 1: 0.6441166855758321}","{0: 0.6441166855758321, 1: 0.6441166855758321}",0.6441166855758321,"[[404 242]
 [277 367]]",[0. 1. 1. ... 0. 0. 1.],[1. 1. 1. ... 0. 1. 0.]
857,knn,{'n_neighbors': 45},0.5865891063087046,0.10637328230280346,0.19886747085252915,0.19693402182356334,0.5990447250248303,0.09937395005532212,0.5973610716905039,0.19527920209428618,0.5976744186046512,0.5976313866507701,"{0: 0.6441166855758321, 1: 0.6441166855758321}","{0: 0.6441166855758321, 1: 0.6441166855758321}",0.6441166855758321,"[[404 242]
 [277 367]]",[0. 1. 1. ... 0. 0. 1.],[1. 1. 1. ... 0. 1. 0.]
239,knn,{'n_neighbors': 45},0.5865891063087046,0.10637328230280346,0.19886747085252915,0.19693402182356334,0.5990447250248303,0.09937395005532212,0.5973610716905039,0.19527920209428618,0.5976744186046512,0.5976313866507701,"{0: 0.6441166855758321, 1: 0.6441166855758321}","{0: 0.6441166855758321, 1: 0.6441166855758321}",0.6441166855758321,"[[404 242]
 [277 367]]",[0. 1. 1. ... 0. 0. 1.],[1. 1. 1. ... 0. 1. 0.]
715,knn,{'n_neighbors': 45},0.5865891063087046,0.10637328230280346,0.19886747085252915,0.19693402182356334,0.5990447250248303,0.09937395005532212,0.5973610716905039,0.19527920209428618,0.5976744186046512,0.5976313866507701,"{0: 0.6441166855758321, 1: 0.6441166855758321}","{0: 0.6441166855758321, 1: 0.6441166855758321}",0.6441166855758321,"[[404 242]
 [277 367]]",[0. 1. 1. ... 0. 0. 1.],[1. 1. 1. ... 0. 1. 0.]
391,knn,{'n_neighbors': 45},0.5865891063087046,0.10637328230280346,0.19886747085252915,0.19693402182356334,0.5990447250248303,0.09937395005532212,0.5973610716905039,0.19527920209428618,0.5976744186046512,0.5976313866507701,"{0: 0.6441166855758321, 1: 0.6441166855758321}","{0: 0.6441166855758321, 1: 0.6441166855758321}",0.6441166855758321,"[[404 242]
 [277 367]]",[0. 1. 1. ... 0. 0. 1.],[1. 1. 1. ... 0. 1. 0.]
660,knn,{'n_neighbors': 45},0.5865891063087046,0.10637328230280346,0.19886747085252915,0.19693402182356334,0.5990447250248303,0.09937395005532212,0.5973610716905039,0.19527920209428618,0.5976744186046512,0.5976313866507701,"{0: 0.6441166855758321, 1: 0.6441166855758321}","{0: 0.6441166855758321, 1: 0.6441166855758321}",0.6441166855758321,"[[404 242]
 [277 367]]",[0. 1. 1. ... 0. 0. 1.],[1. 1. 1. ... 0. 1. 0.]
444,knn,{'n_neighbors': 45},0.5865891063087046,0.10637328230280346,0.19886747085252915,0.19693402182356334,0.5990447250248303,0.09937395005532212,0.5973610716905039,0.19527920209428618,0.5976744186046512,0.5976313866507701,"{0: 0.6441166855758321, 1: 0.6441166855758321}","{0: 0.6441166855758321, 1: 0.6441166855758321}",0.6441166855758321,"[[404 242]
 [277 367]]",[0. 1. 1. ... 0. 0. 1.],[1. 1. 1. ... 0. 1. 0.]
762,knn,{'n_neighbors': 45},0.5865891063087046,0.10637328230280346,0.19886747085252915,0.19693402182356334,0.5990447250248303,0.09937395005532212,0.5973610716905039,0.19527920209428618,0.5976744186046512,0.5976313866507701,"{0: 0.6441166855758321, 1: 0.6441166855758321}","{0: 0.6441166855758321, 1: 0.6441166855758321}",0.6441166855758321,"[[404 242]
 [277 367]]",[0. 1. 1. ... 0. 0. 1.],[1. 1. 1. ... 0. 1. 0.]
810,knn,{'n_neighbors': 45},0.5865891063087046,0.10637328230280346,0.19886747085252915,0.19693402182356334,0.5990447250248303,0.09937395005532212,0.5973610716905039,0.19527920209428618,0.5976744186046512,0.5976313866507701,"{0: 0.6441166855758321, 1: 0.6441166855758321}","{0: 0.6441166855758321, 1: 0.6441166855758321}",0.6441166855758321,"[[404 242]
 [277 367]]",[0. 1. 1. ... 0. 0. 1.],[1. 1. 1. ... 0. 1. 0.]
291,knn,{'n_neighbors': 45},0.5865891063087046,0.10637328230280346,0.19886747085252915,0.19693402182356334,0.5990447250248303,0.09937395005532212,0.5973610716905039,0.19527920209428618,0.5976744186046512,0.5976313866507701,"{0: 0.6441166855758321, 1: 0.6441166855758321}","{0: 0.6441166855758321, 1: 0.6441166855758321}",0.6441166855758321,"[[404 242]
 [277 367]]",[0. 1. 1. ... 0. 0. 1.],[1. 1. 1. ... 0. 1. 0.]
915,knn,{'n_neighbors': 45},0.5865891063087046,0.10637328230280346,0.19886747085252915,0.19693402182356334,0.5990447250248303,0.09937395005532212,0.5973610716905039,0.19527920209428618,0.5976744186046512,0.5976313866507701,"{0: 0.6441166855758321, 1: 0.6441166855758321}","{0: 0.6441166855758321, 1: 0.6441166855758321}",0.6441166855758321,"[[404 242]
 [277 367]]",[0. 1. 1. ... 0. 0. 1.],[1. 1. 1. ... 0. 1. 0.]
118,knn,{'n_neighbors': 45},0.5865891063087046,0.10637328230280346,0.19886747085252915,0.19693402182356334,0.5990447250248303,0.09937395005532212,0.5973610716905039,0.19527920209428618,0.5976744186046512,0.5976313866507701,"{0: 0.6441166855758321, 1: 0.6441166855758321}","{0: 0.6441166855758321, 1: 0.6441166855758321}",0.6441166855758321,"[[404 242]
 [277 367]]",[0. 1. 1. ... 0. 0. 1.],[1. 1. 1. ... 0. 1. 0.]
25,knn,{'n_neighbors': 45},0.5865891063087046,0.10637328230280346,0.19886747085252915,0.19693402182356334,0.5990447250248303,0.09937395005532212,0.5973610716905039,0.19527920209428618,0.5976744186046512,0.5976313866507701,"{0: 0.6441166855758321, 1: 0.6441166855758321}","{0: 0.6441166855758321, 1: 0.6441166855758321}",0.6441166855758321,"[[404 242]
 [277 367]]",[0. 1. 1. ... 0. 0. 1.],[1. 1. 1. ... 0. 1. 0.]
964,knn,{'n_neighbors': 45},0.5865891063087046,0.10637328230280346,0.19886747085252915,0.19693402182356334,0.5990447250248303,0.09937395005532212,0.5973610716905039,0.19527920209428618,0.5976744186046512,0.5976313866507701,"{0: 0.6441166855758321, 1: 0.6441166855758321}","{0: 0.6441166855758321, 1: 0.6441166855758321}",0.6441166855758321,"[[404 242]
 [277 367]]",[0. 1. 1. ... 0. 0. 1.],[1. 1. 1. ... 0. 1. 0.]
26,knn,{'n_neighbors': 45},0.5865891063087046,0.10637328230280346,0.19886747085252915,0.19693402182356334,0.5990447250248303,0.09937395005532212,0.5973610716905039,0.19527920209428618,0.5976744186046512,0.5976313866507701,"{0: 0.6441166855758321, 1: 0.6441166855758321}","{0: 0.6441166855758321, 1: 0.6441166855758321}",0.6441166855758321,"[[404 242]
 [277 367]]",[0. 1. 1. ... 0. 0. 1.],[1. 1. 1. ... 0. 1. 0.]
27,knn,{'n_neighbors': 45},0.5865891063087046,0.10637328230280346,0.19886747085252915,0.19693402182356334,0.5990447250248303,0.09937395005532212,0.5973610716905039,0.19527920209428618,0.5976744186046512,0.5976313866507701,"{0: 0.6441166855758321, 1: 0.6441166855758321}","{0: 0.6441166855758321, 1: 0.6441166855758321}",0.6441166855758321,"[[404 242]
 [277 367]]",[0. 1. 1. ... 0. 0. 1.],[1. 1. 1. ... 0. 1. 0.]
561,knn,{'n_neighbors': 45},0.5865891063087046,0.10637328230280346,0.19886747085252915,0.19693402182356334,0.5990447250248303,0.09937395005532212,0.5973610716905039,0.19527920209428618,0.5976744186046512,0.5976313866507701,"{0: 0.6441166855758321, 1: 0.6441166855758321}","{0: 0.6441166855758321, 1: 0.6441166855758321}",0.6441166855758321,"[[404 242]
 [277 367]]",[0. 1. 1. ... 0. 0. 1.],[1. 1. 1. ... 0. 1. 0.]
29,knn,{'n_neighbors': 45},0.5865891063087046,0.10637328230280346,0.19886747085252915,0.19693402182356334,0.5990447250248303,0.09937395005532212,0.5973610716905039,0.19527920209428618,0.5976744186046512,0.5976313866507701,"{0: 0.6441166855758321, 1: 0.6441166855758321}","{0: 0.6441166855758321, 1: 0.6441166855758321}",0.6441166855758321,"[[404 242]
 [277 367]]",[0. 1. 1. ... 0. 0. 1.],[1. 1. 1. ... 0. 1. 0.]
126,SVC,"{'C': 10, 'gamma': 0.1, 'kernel': 'rbf'}",0.5905647078752583,0.10281755366321618,0.198719040135631,0.19136205561088898,0.5992455823222154,0.09564061606459227,0.5883367172830973,0.176720439024742,0.5883720930232558,0.5883578831990461,"{0: 0.6106366459627329, 1: 0.6106366459627329}","{0: 0.6106366459627329, 1: 0.6106366459627329}",0.6106366459627329,"[[386 260]
 [271 373]]",[0. 1. 0. ... 0. 0. 1.],[1. 1. 1. ... 0. 1. 0.]
744,knn,{'n_neighbors': 41},0.5875497884945071,0.10402689648137618,0.1972487075412737,0.19961965127239134,0.5984770166320063,0.10054510642694427,0.5956956761243238,0.19216650680436453,0.5961240310077519,0.5960737842047574,"{0: 0.6413464127069592, 1: 0.6413464127069592}","{0: 0.6413464127069592, 1: 0.6413464127069592}",0.6413464127069592,"[[406 240]
 [281 363]]",[0. 1. 1. ... 0. 0. 1.],[1. 1. 1. ... 0. 1. 0.]
30,knn,{'n_neighbors': 41},0.5875497884945071,0.10402689648137618,0.1972487075412737,0.19961965127239134,0.5984770166320063,0.10054510642694427,0.5956956761243238,0.19216650680436453,0.5961240310077519,0.5960737842047574,"{0: 0.6413464127069592, 1: 0.6413464127069592}","{0: 0.6413464127069592, 1: 0.6413464127069592}",0.6413464127069592,"[[406 240]
 [281 363]]",[0. 1. 1. ... 0. 0. 1.],[1. 1. 1. ... 0. 1. 0.]
951,knn,{'n_neighbors': 41},0.5875497884945071,0.10402689648137618,0.1972487075412737,0.19961965127239134,0.5984770166320063,0.10054510642694427,0.5956956761243238,0.19216650680436453,0.5961240310077519,0.5960737842047574,"{0: 0.6413464127069592, 1: 0.6413464127069592}","{0: 0.6413464127069592, 1: 0.6413464127069592}",0.6413464127069592,"[[406 240]
 [281 363]]",[0. 1. 1. ... 0. 0. 1.],[1. 1. 1. ... 0. 1. 0.]
542,knn,{'n_neighbors': 41},0.5875497884945071,0.10402689648137618,0.1972487075412737,0.19961965127239134,0.5984770166320063,0.10054510642694427,0.5956956761243238,0.19216650680436453,0.5961240310077519,0.5960737842047574,"{0: 0.6413464127069592, 1: 0.6413464127069592}","{0: 0.6413464127069592, 1: 0.6413464127069592}",0.6413464127069592,"[[406 240]
 [281 363]]",[0. 1. 1. ... 0. 0. 1.],[1. 1. 1. ... 0. 1. 0.]
636,knn,{'n_neighbors': 41},0.5875497884945071,0.10402689648137618,0.1972487075412737,0.19961965127239134,0.5984770166320063,0.10054510642694427,0.5956956761243238,0.19216650680436453,0.5961240310077519,0.5960737842047574,"{0: 0.6413464127069592, 1: 0.6413464127069592}","{0: 0.6413464127069592, 1: 0.6413464127069592}",0.6413464127069592,"[[406 240]
 [281 363]]",[0. 1. 1. ... 0. 0. 1.],[1. 1. 1. ... 0. 1. 0.]
688,knn,{'n_neighbors': 41},0.5875497884945071,0.10402689648137618,0.1972487075412737,0.19961965127239134,0.5984770166320063,0.10054510642694427,0.5956956761243238,0.19216650680436453,0.5961240310077519,0.5960737842047574,"{0: 0.6413464127069592, 1: 0.6413464127069592}","{0: 0.6413464127069592, 1: 0.6413464127069592}",0.6413464127069592,"[[406 240]
 [281 363]]",[0. 1. 1. ... 0. 0. 1.],[1. 1. 1. ... 0. 1. 0.]
900,knn,{'n_neighbors': 41},0.5875497884945071,0.10402689648137618,0.1972487075412737,0.19961965127239134,0.5984770166320063,0.10054510642694427,0.5956956761243238,0.19216650680436453,0.5961240310077519,0.5960737842047574,"{0: 0.6413464127069592, 1: 0.6413464127069592}","{0: 0.6413464127069592, 1: 0.6413464127069592}",0.6413464127069592,"[[406 240]
 [281 363]]",[0. 1. 1. ... 0. 0. 1.],[1. 1. 1. ... 0. 1. 0.]
212,knn,{'n_neighbors': 41},0.5875497884945071,0.10402689648137618,0.1972487075412737,0.19961965127239134,0.5984770166320063,0.10054510642694427,0.5956956761243238,0.19216650680436453,0.5961240310077519,0.5960737842047574,"{0: 0.6413464127069592, 1: 0.6413464127069592}","{0: 0.6413464127069592, 1: 0.6413464127069592}",0.6413464127069592,"[[406 240]
 [281 363]]",[0. 1. 1. ... 0. 0. 1.],[1. 1. 1. ... 0. 1. 0.]
801,knn,{'n_neighbors': 41},0.5875497884945071,0.10402689648137618,0.1972487075412737,0.19961965127239134,0.5984770166320063,0.10054510642694427,0.5956956761243238,0.19216650680436453,0.5961240310077519,0.5960737842047574,"{0: 0.6413464127069592, 1: 0.6413464127069592}","{0: 0.6413464127069592, 1: 0.6413464127069592}",0.6413464127069592,"[[406 240]
 [281 363]]",[0. 1. 1. ... 0. 0. 1.],[1. 1. 1. ... 0. 1. 0.]
381,knn,{'n_neighbors': 41},0.5875497884945071,0.10402689648137618,0.1972487075412737,0.19961965127239134,0.5984770166320063,0.10054510642694427,0.5956956761243238,0.19216650680436453,0.5961240310077519,0.5960737842047574,"{0: 0.6413464127069592, 1: 0.6413464127069592}","{0: 0.6413464127069592, 1: 0.6413464127069592}",0.6413464127069592,"[[406 240]
 [281 363]]",[0. 1. 1. ... 0. 0. 1.],[1. 1. 1. ... 0. 1. 0.]
845,knn,{'n_neighbors': 41},0.5875497884945071,0.10402689648137618,0.1972487075412737,0.19961965127239134,0.5984770166320063,0.10054510642694427,0.5956956761243238,0.19216650680436453,0.5961240310077519,0.5960737842047574,"{0: 0.6413464127069592, 1: 0.6413464127069592}","{0: 0.6413464127069592, 1: 0.6413464127069592}",0.6413464127069592,"[[406 240]
 [281 363]]",[0. 1. 1. ... 0. 0. 1.],[1. 1. 1. ... 0. 1. 0.]
325,knn,{'n_neighbors': 41},0.5875497884945071,0.10402689648137618,0.1972487075412737,0.19961965127239134,0.5984770166320063,0.10054510642694427,0.5956956761243238,0.19216650680436453,0.5961240310077519,0.5960737842047574,"{0: 0.6413464127069592, 1: 0.6413464127069592}","{0: 0.6413464127069592, 1: 0.6413464127069592}",0.6413464127069592,"[[406 240]
 [281 363]]",[0. 1. 1. ... 0. 0. 1.],[1. 1. 1. ... 0. 1. 0.]
269,knn,{'n_neighbors': 41},0.5875497884945071,0.10402689648137618,0.1972487075412737,0.19961965127239134,0.5984770166320063,0.10054510642694427,0.5956956761243238,0.19216650680436453,0.5961240310077519,0.5960737842047574,"{0: 0.6413464127069592, 1: 0.6413464127069592}","{0: 0.6413464127069592, 1: 0.6413464127069592}",0.6413464127069592,"[[406 240]
 [281 363]]",[0. 1. 1. ... 0. 0. 1.],[1. 1. 1. ... 0. 1. 0.]
433,knn,{'n_neighbors': 41},0.5875497884945071,0.10402689648137618,0.1972487075412737,0.19961965127239134,0.5984770166320063,0.10054510642694427,0.5956956761243238,0.19216650680436453,0.5961240310077519,0.5960737842047574,"{0: 0.6413464127069592, 1: 0.6413464127069592}","{0: 0.6413464127069592, 1: 0.6413464127069592}",0.6413464127069592,"[[406 240]
 [281 363]]",[0. 1. 1. ... 0. 0. 1.],[1. 1. 1. ... 0. 1. 0.]
97,knn,{'n_neighbors': 41},0.5875497884945071,0.10402689648137618,0.1972487075412737,0.19961965127239134,0.5984770166320063,0.10054510642694427,0.5956956761243238,0.19216650680436453,0.5961240310077519,0.5960737842047574,"{0: 0.6413464127069592, 1: 0.6413464127069592}","{0: 0.6413464127069592, 1: 0.6413464127069592}",0.6413464127069592,"[[406 240]
 [281 363]]",[0. 1. 1. ... 0. 0. 1.],[1. 1. 1. ... 0. 1. 0.]
490,knn,{'n_neighbors': 41},0.5875497884945071,0.10402689648137618,0.1972487075412737,0.19961965127239134,0.5984770166320063,0.10054510642694427,0.5956956761243238,0.19216650680436453,0.5961240310077519,0.5960737842047574,"{0: 0.6413464127069592, 1: 0.6413464127069592}","{0: 0.6413464127069592, 1: 0.6413464127069592}",0.6413464127069592,"[[406 240]
 [281 363]]",[0. 1. 1. ... 0. 0. 1.],[1. 1. 1. ... 0. 1. 0.]
160,knn,{'n_neighbors': 41},0.5875497884945071,0.10402689648137618,0.1972487075412737,0.19961965127239134,0.5984770166320063,0.10054510642694427,0.5956956761243238,0.19216650680436453,0.5961240310077519,0.5960737842047574,"{0: 0.6413464127069592, 1: 0.6413464127069592}","{0: 0.6413464127069592, 1: 0.6413464127069592}",0.6413464127069592,"[[406 240]
 [281 363]]",[0. 1. 1. ... 0. 0. 1.],[1. 1. 1. ... 0. 1. 0.]
591,knn,{'n_neighbors': 41},0.5875497884945071,0.10402689648137618,0.1972487075412737,0.19961965127239134,0.5984770166320063,0.10054510642694427,0.5956956761243238,0.19216650680436453,0.5961240310077519,0.5960737842047574,"{0: 0.6413464127069592, 1: 0.6413464127069592}","{0: 0.6413464127069592, 1: 0.6413464127069592}",0.6413464127069592,"[[406 240]
 [281 363]]",[0. 1. 1. ... 0. 0. 1.],[1. 1. 1. ... 0. 1. 0.]
194,SVC,"{'C': 10, 'gamma': 0.1, 'kernel': 'rbf'}",0.5895455951442912,0.10224890351690562,0.1972234817649752,0.19081571529482824,0.5984610813873386,0.09526598585685263,0.5883565087311656,0.17672835485088356,0.5883720930232558,0.588362690614003,"{0: 0.6121473761129166, 1: 0.6121473761129166}","{0: 0.6121473761129166, 1: 0.6121473761129166}",0.6121473761129166,"[[384 262]
 [269 375]]",[0. 1. 0. ... 0. 0. 1.],[1. 1. 1. ... 0. 1. 0.]
132,knn,{'n_neighbors': 7},0.5927176752889413,0.09646831326384192,0.19591141734503748,0.19033665353563442,0.5974149250055159,0.0955749321783467,0.5850161977840335,0.1704788301726231,0.5852713178294574,0.5852330634771071,"{0: 0.6056225121627599, 1: 0.6056225121627599}","{0: 0.6056225121627599, 1: 0.6056225121627599}",0.6056225121627599,"[[394 252]
 [283 361]]",[0. 1. 1. ... 0. 0. 1.],[1. 1. 1. ... 0. 1. 0.]
59,knn,{'n_neighbors': 7},0.5927176752889413,0.09646831326384192,0.19591141734503748,0.19033665353563442,0.5974149250055159,0.0955749321783467,0.5850161977840335,0.1704788301726231,0.5852713178294574,0.5852330634771071,"{0: 0.6056225121627599, 1: 0.6056225121627599}","{0: 0.6056225121627599, 1: 0.6056225121627599}",0.6056225121627599,"[[394 252]
 [283 361]]",[0. 1. 1. ... 0. 0. 1.],[1. 1. 1. ... 0. 1. 0.]
296,knn,{'n_neighbors': 7},0.5927176752889413,0.09646831326384192,0.19591141734503748,0.19033665353563442,0.5974149250055159,0.0955749321783467,0.5850161977840335,0.1704788301726231,0.5852713178294574,0.5852330634771071,"{0: 0.6056225121627599, 1: 0.6056225121627599}","{0: 0.6056225121627599, 1: 0.6056225121627599}",0.6056225121627599,"[[394 252]
 [283 361]]",[0. 1. 1. ... 0. 0. 1.],[1. 1. 1. ... 0. 1. 0.]
234,knn,{'n_neighbors': 7},0.5927176752889413,0.09646831326384192,0.19591141734503748,0.19033665353563442,0.5974149250055159,0.0955749321783467,0.5850161977840335,0.1704788301726231,0.5852713178294574,0.5852330634771071,"{0: 0.6056225121627599, 1: 0.6056225121627599}","{0: 0.6056225121627599, 1: 0.6056225121627599}",0.6056225121627599,"[[394 252]
 [283 361]]",[0. 1. 1. ... 0. 0. 1.],[1. 1. 1. ... 0. 1. 0.]
815,knn,{'n_neighbors': 7},0.5927176752889413,0.09646831326384192,0.19591141734503748,0.19033665353563442,0.5974149250055159,0.0955749321783467,0.5850161977840335,0.1704788301726231,0.5852713178294574,0.5852330634771071,"{0: 0.6056225121627599, 1: 0.6056225121627599}","{0: 0.6056225121627599, 1: 0.6056225121627599}",0.6056225121627599,"[[394 252]
 [283 361]]",[0. 1. 1. ... 0. 0. 1.],[1. 1. 1. ... 0. 1. 0.]
865,knn,{'n_neighbors': 7},0.5927176752889413,0.09646831326384192,0.19591141734503748,0.19033665353563442,0.5974149250055159,0.0955749321783467,0.5850161977840335,0.1704788301726231,0.5852713178294574,0.5852330634771071,"{0: 0.6056225121627599, 1: 0.6056225121627599}","{0: 0.6056225121627599, 1: 0.6056225121627599}",0.6056225121627599,"[[394 252]
 [283 361]]",[0. 1. 1. ... 0. 0. 1.],[1. 1. 1. ... 0. 1. 0.]
765,knn,{'n_neighbors': 7},0.5927176752889413,0.09646831326384192,0.19591141734503748,0.19033665353563442,0.5974149250055159,0.0955749321783467,0.5850161977840335,0.1704788301726231,0.5852713178294574,0.5852330634771071,"{0: 0.6056225121627599, 1: 0.6056225121627599}","{0: 0.6056225121627599, 1: 0.6056225121627599}",0.6056225121627599,"[[394 252]
 [283 361]]",[0. 1. 1. ... 0. 0. 1.],[1. 1. 1. ... 0. 1. 0.]
564,knn,{'n_neighbors': 7},0.5927176752889413,0.09646831326384192,0.19591141734503748,0.19033665353563442,0.5974149250055159,0.0955749321783467,0.5850161977840335,0.1704788301726231,0.5852713178294574,0.5852330634771071,"{0: 0.6056225121627599, 1: 0.6056225121627599}","{0: 0.6056225121627599, 1: 0.6056225121627599}",0.6056225121627599,"[[394 252]
 [283 361]]",[0. 1. 1. ... 0. 0. 1.],[1. 1. 1. ... 0. 1. 0.]
658,knn,{'n_neighbors': 7},0.5927176752889413,0.09646831326384192,0.19591141734503748,0.19033665353563442,0.5974149250055159,0.0955749321783467,0.5850161977840335,0.1704788301726231,0.5852713178294574,0.5852330634771071,"{0: 0.6056225121627599, 1: 0.6056225121627599}","{0: 0.6056225121627599, 1: 0.6056225121627599}",0.6056225121627599,"[[394 252]
 [283 361]]",[0. 1. 1. ... 0. 0. 1.],[1. 1. 1. ... 0. 1. 0.]
398,knn,{'n_neighbors': 7},0.5927176752889413,0.09646831326384192,0.19591141734503748,0.19033665353563442,0.5974149250055159,0.0955749321783467,0.5850161977840335,0.1704788301726231,0.5852713178294574,0.5852330634771071,"{0: 0.6056225121627599, 1: 0.6056225121627599}","{0: 0.6056225121627599, 1: 0.6056225121627599}",0.6056225121627599,"[[394 252]
 [283 361]]",[0. 1. 1. ... 0. 0. 1.],[1. 1. 1. ... 0. 1. 0.]
502,knn,{'n_neighbors': 7},0.5927176752889413,0.09646831326384192,0.19591141734503748,0.19033665353563442,0.5974149250055159,0.0955749321783467,0.5850161977840335,0.1704788301726231,0.5852713178294574,0.5852330634771071,"{0: 0.6056225121627599, 1: 0.6056225121627599}","{0: 0.6056225121627599, 1: 0.6056225121627599}",0.6056225121627599,"[[394 252]
 [283 361]]",[0. 1. 1. ... 0. 0. 1.],[1. 1. 1. ... 0. 1. 0.]
604,knn,{'n_neighbors': 7},0.5927176752889413,0.09646831326384192,0.19591141734503748,0.19033665353563442,0.5974149250055159,0.0955749321783467,0.5850161977840335,0.1704788301726231,0.5852713178294574,0.5852330634771071,"{0: 0.6056225121627599, 1: 0.6056225121627599}","{0: 0.6056225121627599, 1: 0.6056225121627599}",0.6056225121627599,"[[394 252]
 [283 361]]",[0. 1. 1. ... 0. 0. 1.],[1. 1. 1. ... 0. 1. 0.]
352,knn,{'n_neighbors': 7},0.5927176752889413,0.09646831326384192,0.19591141734503748,0.19033665353563442,0.5974149250055159,0.0955749321783467,0.5850161977840335,0.1704788301726231,0.5852713178294574,0.5852330634771071,"{0: 0.6056225121627599, 1: 0.6056225121627599}","{0: 0.6056225121627599, 1: 0.6056225121627599}",0.6056225121627599,"[[394 252]
 [283 361]]",[0. 1. 1. ... 0. 0. 1.],[1. 1. 1. ... 0. 1. 0.]
706,knn,{'n_neighbors': 7},0.5927176752889413,0.09646831326384192,0.19591141734503748,0.19033665353563442,0.5974149250055159,0.0955749321783467,0.5850161977840335,0.1704788301726231,0.5852713178294574,0.5852330634771071,"{0: 0.6056225121627599, 1: 0.6056225121627599}","{0: 0.6056225121627599, 1: 0.6056225121627599}",0.6056225121627599,"[[394 252]
 [283 361]]",[0. 1. 1. ... 0. 0. 1.],[1. 1. 1. ... 0. 1. 0.]
453,knn,{'n_neighbors': 7},0.5927176752889413,0.09646831326384192,0.19591141734503748,0.19033665353563442,0.5974149250055159,0.0955749321783467,0.5850161977840335,0.1704788301726231,0.5852713178294574,0.5852330634771071,"{0: 0.6056225121627599, 1: 0.6056225121627599}","{0: 0.6056225121627599, 1: 0.6056225121627599}",0.6056225121627599,"[[394 252]
 [283 361]]",[0. 1. 1. ... 0. 0. 1.],[1. 1. 1. ... 0. 1. 0.]
970,knn,{'n_neighbors': 7},0.5927176752889413,0.09646831326384192,0.19591141734503748,0.19033665353563442,0.5974149250055159,0.0955749321783467,0.5850161977840335,0.1704788301726231,0.5852713178294574,0.5852330634771071,"{0: 0.6056225121627599, 1: 0.6056225121627599}","{0: 0.6056225121627599, 1: 0.6056225121627599}",0.6056225121627599,"[[394 252]
 [283 361]]",[0. 1. 1. ... 0. 0. 1.],[1. 1. 1. ... 0. 1. 0.]
922,knn,{'n_neighbors': 7},0.5927176752889413,0.09646831326384192,0.19591141734503748,0.19033665353563442,0.5974149250055159,0.0955749321783467,0.5850161977840335,0.1704788301726231,0.5852713178294574,0.5852330634771071,"{0: 0.6056225121627599, 1: 0.6056225121627599}","{0: 0.6056225121627599, 1: 0.6056225121627599}",0.6056225121627599,"[[394 252]
 [283 361]]",[0. 1. 1. ... 0. 0. 1.],[1. 1. 1. ... 0. 1. 0.]
190,knn,{'n_neighbors': 7},0.5927176752889413,0.09646831326384192,0.19591141734503748,0.19033665353563442,0.5974149250055159,0.0955749321783467,0.5850161977840335,0.1704788301726231,0.5852713178294574,0.5852330634771071,"{0: 0.6056225121627599, 1: 0.6056225121627599}","{0: 0.6056225121627599, 1: 0.6056225121627599}",0.6056225121627599,"[[394 252]
 [283 361]]",[0. 1. 1. ... 0. 0. 1.],[1. 1. 1. ... 0. 1. 0.]
136,SVC,"{'C': 1000, 'gamma': 0.001, 'kernel': 'rbf'}",0.5847700040482033,0.11598467516207553,0.19155755558791276,0.21892207772886882,0.5959068466833861,0.10967087927359086,0.5935097604991669,0.1890186292399011,0.5945736434108527,0.594494548391439,"{0: 0.6336990173643828, 1: 0.6336990173643828}","{0: 0.6336990173643828, 1: 0.6336990173643828}",0.6336990173643828,"[[417 229]
 [294 350]]",[1. 0. 1. ... 0. 0. 0.],[1. 1. 1. ... 0. 1. 0.]
939,knn,{'n_neighbors': 43},0.5848059054903665,0.10070153942929251,0.19106163674764748,0.1930066819109223,0.5954568621098,0.09710888591700073,0.5917947219230729,0.18441182551168067,0.5922480620155038,0.5921966040420745,"{0: 0.6408945157010173, 1: 0.6408945157010172}","{0: 0.6408945157010173, 1: 0.6408945157010172}",0.6408945157010172,"[[404 242]
 [284 360]]",[0. 1. 1. ... 0. 0. 1.],[1. 1. 1. ... 0. 1. 0.]
262,knn,{'n_neighbors': 43},0.5848059054903665,0.10070153942929251,0.19106163674764748,0.1930066819109223,0.5954568621098,0.09710888591700073,0.5917947219230729,0.18441182551168067,0.5922480620155038,0.5921966040420745,"{0: 0.6408945157010173, 1: 0.6408945157010172}","{0: 0.6408945157010173, 1: 0.6408945157010172}",0.6408945157010172,"[[404 242]
 [284 360]]",[0. 1. 1. ... 0. 0. 1.],[1. 1. 1. ... 0. 1. 0.]
146,knn,{'n_neighbors': 43},0.5848059054903665,0.10070153942929251,0.19106163674764748,0.1930066819109223,0.5954568621098,0.09710888591700073,0.5917947219230729,0.18441182551168067,0.5922480620155038,0.5921966040420745,"{0: 0.6408945157010173, 1: 0.6408945157010172}","{0: 0.6408945157010173, 1: 0.6408945157010172}",0.6408945157010172,"[[404 242]
 [284 360]]",[0. 1. 1. ... 0. 0. 1.],[1. 1. 1. ... 0. 1. 0.]
780,knn,{'n_neighbors': 43},0.5848059054903665,0.10070153942929251,0.19106163674764748,0.1930066819109223,0.5954568621098,0.09710888591700073,0.5917947219230729,0.18441182551168067,0.5922480620155038,0.5921966040420745,"{0: 0.6408945157010173, 1: 0.6408945157010172}","{0: 0.6408945157010173, 1: 0.6408945157010172}",0.6408945157010172,"[[404 242]
 [284 360]]",[0. 1. 1. ... 0. 0. 1.],[1. 1. 1. ... 0. 1. 0.]
528,knn,{'n_neighbors': 43},0.5848059054903665,0.10070153942929251,0.19106163674764748,0.1930066819109223,0.5954568621098,0.09710888591700073,0.5917947219230729,0.18441182551168067,0.5922480620155038,0.5921966040420745,"{0: 0.6408945157010173, 1: 0.6408945157010172}","{0: 0.6408945157010173, 1: 0.6408945157010172}",0.6408945157010172,"[[404 242]
 [284 360]]",[0. 1. 1. ... 0. 0. 1.],[1. 1. 1. ... 0. 1. 0.]
418,knn,{'n_neighbors': 43},0.5848059054903665,0.10070153942929251,0.19106163674764748,0.1930066819109223,0.5954568621098,0.09710888591700073,0.5917947219230729,0.18441182551168067,0.5922480620155038,0.5921966040420745,"{0: 0.6408945157010173, 1: 0.6408945157010172}","{0: 0.6408945157010173, 1: 0.6408945157010172}",0.6408945157010172,"[[404 242]
 [284 360]]",[0. 1. 1. ... 0. 0. 1.],[1. 1. 1. ... 0. 1. 0.]
370,knn,{'n_neighbors': 43},0.5848059054903665,0.10070153942929251,0.19106163674764748,0.1930066819109223,0.5954568621098,0.09710888591700073,0.5917947219230729,0.18441182551168067,0.5922480620155038,0.5921966040420745,"{0: 0.6408945157010173, 1: 0.6408945157010172}","{0: 0.6408945157010173, 1: 0.6408945157010172}",0.6408945157010172,"[[404 242]
 [284 360]]",[0. 1. 1. ... 0. 0. 1.],[1. 1. 1. ... 0. 1. 0.]
80,knn,{'n_neighbors': 43},0.5848059054903665,0.10070153942929251,0.19106163674764748,0.1930066819109223,0.5954568621098,0.09710888591700073,0.5917947219230729,0.18441182551168067,0.5922480620155038,0.5921966040420745,"{0: 0.6408945157010173, 1: 0.6408945157010172}","{0: 0.6408945157010173, 1: 0.6408945157010172}",0.6408945157010172,"[[404 242]
 [284 360]]",[0. 1. 1. ... 0. 0. 1.],[1. 1. 1. ... 0. 1. 0.]
682,knn,{'n_neighbors': 43},0.5848059054903665,0.10070153942929251,0.19106163674764748,0.1930066819109223,0.5954568621098,0.09710888591700073,0.5917947219230729,0.18441182551168067,0.5922480620155038,0.5921966040420745,"{0: 0.6408945157010173, 1: 0.6408945157010172}","{0: 0.6408945157010173, 1: 0.6408945157010172}",0.6408945157010172,"[[404 242]
 [284 360]]",[0. 1. 1. ... 0. 0. 1.],[1. 1. 1. ... 0. 1. 0.]
891,knn,{'n_neighbors': 43},0.5848059054903665,0.10070153942929251,0.19106163674764748,0.1930066819109223,0.5954568621098,0.09710888591700073,0.5917947219230729,0.18441182551168067,0.5922480620155038,0.5921966040420745,"{0: 0.6408945157010173, 1: 0.6408945157010172}","{0: 0.6408945157010173, 1: 0.6408945157010172}",0.6408945157010172,"[[404 242]
 [284 360]]",[0. 1. 1. ... 0. 0. 1.],[1. 1. 1. ... 0. 1. 0.]
471,knn,{'n_neighbors': 43},0.5848059054903665,0.10070153942929251,0.19106163674764748,0.1930066819109223,0.5954568621098,0.09710888591700073,0.5917947219230729,0.18441182551168067,0.5922480620155038,0.5921966040420745,"{0: 0.6408945157010173, 1: 0.6408945157010172}","{0: 0.6408945157010173, 1: 0.6408945157010172}",0.6408945157010172,"[[404 242]
 [284 360]]",[0. 1. 1. ... 0. 0. 1.],[1. 1. 1. ... 0. 1. 0.]
625,knn,{'n_neighbors': 43},0.5848059054903665,0.10070153942929251,0.19106163674764748,0.1930066819109223,0.5954568621098,0.09710888591700073,0.5917947219230729,0.18441182551168067,0.5922480620155038,0.5921966040420745,"{0: 0.6408945157010173, 1: 0.6408945157010172}","{0: 0.6408945157010173, 1: 0.6408945157010172}",0.6408945157010172,"[[404 242]
 [284 360]]",[0. 1. 1. ... 0. 0. 1.],[1. 1. 1. ... 0. 1. 0.]
832,knn,{'n_neighbors': 43},0.5848059054903665,0.10070153942929251,0.19106163674764748,0.1930066819109223,0.5954568621098,0.09710888591700073,0.5917947219230729,0.18441182551168067,0.5922480620155038,0.5921966040420745,"{0: 0.6408945157010173, 1: 0.6408945157010172}","{0: 0.6408945157010173, 1: 0.6408945157010172}",0.6408945157010172,"[[404 242]
 [284 360]]",[0. 1. 1. ... 0. 0. 1.],[1. 1. 1. ... 0. 1. 0.]
988,knn,{'n_neighbors': 43},0.5848059054903665,0.10070153942929251,0.19106163674764748,0.1930066819109223,0.5954568621098,0.09710888591700073,0.5917947219230729,0.18441182551168067,0.5922480620155038,0.5921966040420745,"{0: 0.6408945157010173, 1: 0.6408945157010172}","{0: 0.6408945157010173, 1: 0.6408945157010172}",0.6408945157010172,"[[404 242]
 [284 360]]",[0. 1. 1. ... 0. 0. 1.],[1. 1. 1. ... 0. 1. 0.]
205,knn,{'n_neighbors': 43},0.5848059054903665,0.10070153942929251,0.19106163674764748,0.1930066819109223,0.5954568621098,0.09710888591700073,0.5917947219230729,0.18441182551168067,0.5922480620155038,0.5921966040420745,"{0: 0.6408945157010173, 1: 0.6408945157010172}","{0: 0.6408945157010173, 1: 0.6408945157010172}",0.6408945157010172,"[[404 242]
 [284 360]]",[0. 1. 1. ... 0. 0. 1.],[1. 1. 1. ... 0. 1. 0.]
318,knn,{'n_neighbors': 43},0.5848059054903665,0.10070153942929251,0.19106163674764748,0.1930066819109223,0.5954568621098,0.09710888591700073,0.5917947219230729,0.18441182551168067,0.5922480620155038,0.5921966040420745,"{0: 0.6408945157010173, 1: 0.6408945157010172}","{0: 0.6408945157010173, 1: 0.6408945157010172}",0.6408945157010172,"[[404 242]
 [284 360]]",[0. 1. 1. ... 0. 0. 1.],[1. 1. 1. ... 0. 1. 0.]
732,knn,{'n_neighbors': 43},0.5848059054903665,0.10070153942929251,0.19106163674764748,0.1930066819109223,0.5954568621098,0.09710888591700073,0.5917947219230729,0.18441182551168067,0.5922480620155038,0.5921966040420745,"{0: 0.6408945157010173, 1: 0.6408945157010172}","{0: 0.6408945157010173, 1: 0.6408945157010172}",0.6408945157010172,"[[404 242]
 [284 360]]",[0. 1. 1. ... 0. 0. 1.],[1. 1. 1. ... 0. 1. 0.]
584,knn,{'n_neighbors': 43},0.5848059054903665,0.10070153942929251,0.19106163674764748,0.1930066819109223,0.5954568621098,0.09710888591700073,0.5917947219230729,0.18441182551168067,0.5922480620155038,0.5921966040420745,"{0: 0.6408945157010173, 1: 0.6408945157010172}","{0: 0.6408945157010173, 1: 0.6408945157010172}",0.6408945157010172,"[[404 242]
 [284 360]]",[0. 1. 1. ... 0. 0. 1.],[1. 1. 1. ... 0. 1. 0.]
311,randomforest,"{'criterion': 'gini', 'max_features': None, 'n_estimators': 205}",0.5854875202783293,0.12209238252710691,0.18973834591430702,0.22760365029322296,0.5947881125623009,0.11395066803191801,0.5897807406080705,0.17989227230446414,0.5899224806201551,0.5899515412572351,"{0: 0.6149693286925754, 1: 0.6149693286925755}","{0: 0.6149693286925754, 1: 0.6149693286925755}",0.6149693286925755,"[[369 277]
 [252 392]]",[1. 1. 1. ... 0. 0. 1.],[1. 1. 1. ... 0. 1. 0.]
152,knn,{'n_neighbors': 17},0.5867855874382376,0.09625852040486244,0.18963091182965772,0.1828911204212361,0.5946714046874626,0.09184308056573524,0.5817273885432064,0.1642567124137284,0.5821705426356589,0.5821202622925601,"{0: 0.6253809876353288, 1: 0.6253809876353287}","{0: 0.6253809876353288, 1: 0.6253809876353287}",0.6253809876353287,"[[397 249]
 [290 354]]",[1. 1. 1. ... 0. 0. 1.],[1. 1. 1. ... 0. 1. 0.]
842,knn,{'n_neighbors': 17},0.5867855874382376,0.09625852040486244,0.18963091182965772,0.1828911204212361,0.5946714046874626,0.09184308056573524,0.5817273885432064,0.1642567124137284,0.5821705426356589,0.5821202622925601,"{0: 0.6253809876353288, 1: 0.6253809876353287}","{0: 0.6253809876353288, 1: 0.6253809876353287}",0.6253809876353287,"[[397 249]
 [290 354]]",[1. 1. 1. ... 0. 0. 1.],[1. 1. 1. ... 0. 1. 0.]
482,knn,{'n_neighbors': 17},0.5867855874382376,0.09625852040486244,0.18963091182965772,0.1828911204212361,0.5946714046874626,0.09184308056573524,0.5817273885432064,0.1642567124137284,0.5821705426356589,0.5821202622925601,"{0: 0.6253809876353288, 1: 0.6253809876353287}","{0: 0.6253809876353288, 1: 0.6253809876353287}",0.6253809876353287,"[[397 249]
 [290 354]]",[1. 1. 1. ... 0. 0. 1.],[1. 1. 1. ... 0. 1. 0.]
321,knn,{'n_neighbors': 17},0.5867855874382376,0.09625852040486244,0.18963091182965772,0.1828911204212361,0.5946714046874626,0.09184308056573524,0.5817273885432064,0.1642567124137284,0.5821705426356589,0.5821202622925601,"{0: 0.6253809876353288, 1: 0.6253809876353287}","{0: 0.6253809876353288, 1: 0.6253809876353287}",0.6253809876353287,"[[397 249]
 [290 354]]",[1. 1. 1. ... 0. 0. 1.],[1. 1. 1. ... 0. 1. 0.]
897,knn,{'n_neighbors': 17},0.5867855874382376,0.09625852040486244,0.18963091182965772,0.1828911204212361,0.5946714046874626,0.09184308056573524,0.5817273885432064,0.1642567124137284,0.5821705426356589,0.5821202622925601,"{0: 0.6253809876353288, 1: 0.6253809876353287}","{0: 0.6253809876353288, 1: 0.6253809876353287}",0.6253809876353287,"[[397 249]
 [290 354]]",[1. 1. 1. ... 0. 0. 1.],[1. 1. 1. ... 0. 1. 0.]
268,knn,{'n_neighbors': 17},0.5867855874382376,0.09625852040486244,0.18963091182965772,0.1828911204212361,0.5946714046874626,0.09184308056573524,0.5817273885432064,0.1642567124137284,0.5821705426356589,0.5821202622925601,"{0: 0.6253809876353288, 1: 0.6253809876353287}","{0: 0.6253809876353288, 1: 0.6253809876353287}",0.6253809876353287,"[[397 249]
 [290 354]]",[1. 1. 1. ... 0. 0. 1.],[1. 1. 1. ... 0. 1. 0.]
28,knn,{'n_neighbors': 17},0.5867855874382376,0.09625852040486244,0.18963091182965772,0.1828911204212361,0.5946714046874626,0.09184308056573524,0.5817273885432064,0.1642567124137284,0.5821705426356589,0.5821202622925601,"{0: 0.6253809876353288, 1: 0.6253809876353287}","{0: 0.6253809876353288, 1: 0.6253809876353287}",0.6253809876353287,"[[397 249]
 [290 354]]",[1. 1. 1. ... 0. 0. 1.],[1. 1. 1. ... 0. 1. 0.]
430,knn,{'n_neighbors': 17},0.5867855874382376,0.09625852040486244,0.18963091182965772,0.1828911204212361,0.5946714046874626,0.09184308056573524,0.5817273885432064,0.1642567124137284,0.5821705426356589,0.5821202622925601,"{0: 0.6253809876353288, 1: 0.6253809876353287}","{0: 0.6253809876353288, 1: 0.6253809876353287}",0.6253809876353287,"[[397 249]
 [290 354]]",[1. 1. 1. ... 0. 0. 1.],[1. 1. 1. ... 0. 1. 0.]
797,knn,{'n_neighbors': 17},0.5867855874382376,0.09625852040486244,0.18963091182965772,0.1828911204212361,0.5946714046874626,0.09184308056573524,0.5817273885432064,0.1642567124137284,0.5821705426356589,0.5821202622925601,"{0: 0.6253809876353288, 1: 0.6253809876353287}","{0: 0.6253809876353288, 1: 0.6253809876353287}",0.6253809876353287,"[[397 249]
 [290 354]]",[1. 1. 1. ... 0. 0. 1.],[1. 1. 1. ... 0. 1. 0.]
948,knn,{'n_neighbors': 17},0.5867855874382376,0.09625852040486244,0.18963091182965772,0.1828911204212361,0.5946714046874626,0.09184308056573524,0.5817273885432064,0.1642567124137284,0.5821705426356589,0.5821202622925601,"{0: 0.6253809876353288, 1: 0.6253809876353287}","{0: 0.6253809876353288, 1: 0.6253809876353287}",0.6253809876353287,"[[397 249]
 [290 354]]",[1. 1. 1. ... 0. 0. 1.],[1. 1. 1. ... 0. 1. 0.]
536,knn,{'n_neighbors': 17},0.5867855874382376,0.09625852040486244,0.18963091182965772,0.1828911204212361,0.5946714046874626,0.09184308056573524,0.5817273885432064,0.1642567124137284,0.5821705426356589,0.5821202622925601,"{0: 0.6253809876353288, 1: 0.6253809876353287}","{0: 0.6253809876353288, 1: 0.6253809876353287}",0.6253809876353287,"[[397 249]
 [290 354]]",[1. 1. 1. ... 0. 0. 1.],[1. 1. 1. ... 0. 1. 0.]
692,knn,{'n_neighbors': 17},0.5867855874382376,0.09625852040486244,0.18963091182965772,0.1828911204212361,0.5946714046874626,0.09184308056573524,0.5817273885432064,0.1642567124137284,0.5821705426356589,0.5821202622925601,"{0: 0.6253809876353288, 1: 0.6253809876353287}","{0: 0.6253809876353288, 1: 0.6253809876353287}",0.6253809876353287,"[[397 249]
 [290 354]]",[1. 1. 1. ... 0. 0. 1.],[1. 1. 1. ... 0. 1. 0.]
379,knn,{'n_neighbors': 17},0.5867855874382376,0.09625852040486244,0.18963091182965772,0.1828911204212361,0.5946714046874626,0.09184308056573524,0.5817273885432064,0.1642567124137284,0.5821705426356589,0.5821202622925601,"{0: 0.6253809876353288, 1: 0.6253809876353287}","{0: 0.6253809876353288, 1: 0.6253809876353287}",0.6253809876353287,"[[397 249]
 [290 354]]",[1. 1. 1. ... 0. 0. 1.],[1. 1. 1. ... 0. 1. 0.]
637,knn,{'n_neighbors': 17},0.5867855874382376,0.09625852040486244,0.18963091182965772,0.1828911204212361,0.5946714046874626,0.09184308056573524,0.5817273885432064,0.1642567124137284,0.5821705426356589,0.5821202622925601,"{0: 0.6253809876353288, 1: 0.6253809876353287}","{0: 0.6253809876353288, 1: 0.6253809876353287}",0.6253809876353287,"[[397 249]
 [290 354]]",[1. 1. 1. ... 0. 0. 1.],[1. 1. 1. ... 0. 1. 0.]
95,knn,{'n_neighbors': 17},0.5867855874382376,0.09625852040486244,0.18963091182965772,0.1828911204212361,0.5946714046874626,0.09184308056573524,0.5817273885432064,0.1642567124137284,0.5821705426356589,0.5821202622925601,"{0: 0.6253809876353288, 1: 0.6253809876353287}","{0: 0.6253809876353288, 1: 0.6253809876353287}",0.6253809876353287,"[[397 249]
 [290 354]]",[1. 1. 1. ... 0. 0. 1.],[1. 1. 1. ... 0. 1. 0.]
218,knn,{'n_neighbors': 17},0.5867855874382376,0.09625852040486244,0.18963091182965772,0.1828911204212361,0.5946714046874626,0.09184308056573524,0.5817273885432064,0.1642567124137284,0.5821705426356589,0.5821202622925601,"{0: 0.6253809876353288, 1: 0.6253809876353287}","{0: 0.6253809876353288, 1: 0.6253809876353287}",0.6253809876353287,"[[397 249]
 [290 354]]",[1. 1. 1. ... 0. 0. 1.],[1. 1. 1. ... 0. 1. 0.]
742,knn,{'n_neighbors': 17},0.5867855874382376,0.09625852040486244,0.18963091182965772,0.1828911204212361,0.5946714046874626,0.09184308056573524,0.5817273885432064,0.1642567124137284,0.5821705426356589,0.5821202622925601,"{0: 0.6253809876353288, 1: 0.6253809876353287}","{0: 0.6253809876353288, 1: 0.6253809876353287}",0.6253809876353287,"[[397 249]
 [290 354]]",[1. 1. 1. ... 0. 0. 1.],[1. 1. 1. ... 0. 1. 0.]
590,knn,{'n_neighbors': 17},0.5867855874382376,0.09625852040486244,0.18963091182965772,0.1828911204212361,0.5946714046874626,0.09184308056573524,0.5817273885432064,0.1642567124137284,0.5821705426356589,0.5821202622925601,"{0: 0.6253809876353288, 1: 0.6253809876353287}","{0: 0.6253809876353288, 1: 0.6253809876353287}",0.6253809876353287,"[[397 249]
 [290 354]]",[1. 1. 1. ... 0. 0. 1.],[1. 1. 1. ... 0. 1. 0.]
139,AdaBoost,"{'algorithm': 'SAMME.R', 'learning_rate': 0.26326530612244897, 'n_estimators': 41}",0.587640772276234,0.09479549918523437,0.18948354094657593,0.18564563316307992,0.5962125634796851,0.09170929010320132,0.5898957318019962,0.18278858983759871,0.5914728682170542,0.5913769397919351,"{0: 0.6164992885025864, 1: 0.6164992885025864}","{0: 0.6164992885025864, 1: 0.6164992885025864}",0.6164992885025864,"[[422 224]
 [303 341]]",[1. 0. 1. ... 0. 0. 1.],[1. 1. 1. ... 0. 1. 0.]
811,knn,{'n_neighbors': 37},0.5838636781247802,0.10165578456528893,0.188030890381206,0.19495840693420485,0.5940204179260214,0.09828563174136913,0.5925916122174087,0.1859643302731121,0.5930232558139535,0.5929730015576025,"{0: 0.6394799338499702, 1: 0.6394799338499702}","{0: 0.6394799338499702, 1: 0.6394799338499702}",0.6394799338499702,"[[404 242]
 [283 361]]",[0. 1. 1. ... 0. 0. 1.],[1. 1. 1. ... 0. 1. 0.]
554,knn,{'n_neighbors': 37},0.5838636781247802,0.10165578456528893,0.188030890381206,0.19495840693420485,0.5940204179260214,0.09828563174136913,0.5925916122174087,0.1859643302731121,0.5930232558139535,0.5929730015576025,"{0: 0.6394799338499702, 1: 0.6394799338499702}","{0: 0.6394799338499702, 1: 0.6394799338499702}",0.6394799338499702,"[[404 242]
 [283 361]]",[0. 1. 1. ... 0. 0. 1.],[1. 1. 1. ... 0. 1. 0.]
116,knn,{'n_neighbors': 37},0.5838636781247802,0.10165578456528893,0.188030890381206,0.19495840693420485,0.5940204179260214,0.09828563174136913,0.5925916122174087,0.1859643302731121,0.5930232558139535,0.5929730015576025,"{0: 0.6394799338499702, 1: 0.6394799338499702}","{0: 0.6394799338499702, 1: 0.6394799338499702}",0.6394799338499702,"[[404 242]
 [283 361]]",[0. 1. 1. ... 0. 0. 1.],[1. 1. 1. ... 0. 1. 0.]
503,knn,{'n_neighbors': 37},0.5838636781247802,0.10165578456528893,0.188030890381206,0.19495840693420485,0.5940204179260214,0.09828563174136913,0.5925916122174087,0.1859643302731121,0.5930232558139535,0.5929730015576025,"{0: 0.6394799338499702, 1: 0.6394799338499702}","{0: 0.6394799338499702, 1: 0.6394799338499702}",0.6394799338499702,"[[404 242]
 [283 361]]",[0. 1. 1. ... 0. 0. 1.],[1. 1. 1. ... 0. 1. 0.]
448,knn,{'n_neighbors': 37},0.5838636781247802,0.10165578456528893,0.188030890381206,0.19495840693420485,0.5940204179260214,0.09828563174136913,0.5925916122174087,0.1859643302731121,0.5930232558139535,0.5929730015576025,"{0: 0.6394799338499702, 1: 0.6394799338499702}","{0: 0.6394799338499702, 1: 0.6394799338499702}",0.6394799338499702,"[[404 242]
 [283 361]]",[0. 1. 1. ... 0. 0. 1.],[1. 1. 1. ... 0. 1. 0.]
228,knn,{'n_neighbors': 37},0.5838636781247802,0.10165578456528893,0.188030890381206,0.19495840693420485,0.5940204179260214,0.09828563174136913,0.5925916122174087,0.1859643302731121,0.5930232558139535,0.5929730015576025,"{0: 0.6394799338499702, 1: 0.6394799338499702}","{0: 0.6394799338499702, 1: 0.6394799338499702}",0.6394799338499702,"[[404 242]
 [283 361]]",[0. 1. 1. ... 0. 0. 1.],[1. 1. 1. ... 0. 1. 0.]
654,knn,{'n_neighbors': 37},0.5838636781247802,0.10165578456528893,0.188030890381206,0.19495840693420485,0.5940204179260214,0.09828563174136913,0.5925916122174087,0.1859643302731121,0.5930232558139535,0.5929730015576025,"{0: 0.6394799338499702, 1: 0.6394799338499702}","{0: 0.6394799338499702, 1: 0.6394799338499702}",0.6394799338499702,"[[404 242]
 [283 361]]",[0. 1. 1. ... 0. 0. 1.],[1. 1. 1. ... 0. 1. 0.]
911,knn,{'n_neighbors': 37},0.5838636781247802,0.10165578456528893,0.188030890381206,0.19495840693420485,0.5940204179260214,0.09828563174136913,0.5925916122174087,0.1859643302731121,0.5930232558139535,0.5929730015576025,"{0: 0.6394799338499702, 1: 0.6394799338499702}","{0: 0.6394799338499702, 1: 0.6394799338499702}",0.6394799338499702,"[[404 242]
 [283 361]]",[0. 1. 1. ... 0. 0. 1.],[1. 1. 1. ... 0. 1. 0.]
862,knn,{'n_neighbors': 37},0.5838636781247802,0.10165578456528893,0.188030890381206,0.19495840693420485,0.5940204179260214,0.09828563174136913,0.5925916122174087,0.1859643302731121,0.5930232558139535,0.5929730015576025,"{0: 0.6394799338499702, 1: 0.6394799338499702}","{0: 0.6394799338499702, 1: 0.6394799338499702}",0.6394799338499702,"[[404 242]
 [283 361]]",[0. 1. 1. ... 0. 0. 1.],[1. 1. 1. ... 0. 1. 0.]
600,knn,{'n_neighbors': 37},0.5838636781247802,0.10165578456528893,0.188030890381206,0.19495840693420485,0.5940204179260214,0.09828563174136913,0.5925916122174087,0.1859643302731121,0.5930232558139535,0.5929730015576025,"{0: 0.6394799338499702, 1: 0.6394799338499702}","{0: 0.6394799338499702, 1: 0.6394799338499702}",0.6394799338499702,"[[404 242]
 [283 361]]",[0. 1. 1. ... 0. 0. 1.],[1. 1. 1. ... 0. 1. 0.]
173,knn,{'n_neighbors': 37},0.5838636781247802,0.10165578456528893,0.188030890381206,0.19495840693420485,0.5940204179260214,0.09828563174136913,0.5925916122174087,0.1859643302731121,0.5930232558139535,0.5929730015576025,"{0: 0.6394799338499702, 1: 0.6394799338499702}","{0: 0.6394799338499702, 1: 0.6394799338499702}",0.6394799338499702,"[[404 242]
 [283 361]]",[0. 1. 1. ... 0. 0. 1.],[1. 1. 1. ... 0. 1. 0.]
57,knn,{'n_neighbors': 37},0.5838636781247802,0.10165578456528893,0.188030890381206,0.19495840693420485,0.5940204179260214,0.09828563174136913,0.5925916122174087,0.1859643302731121,0.5930232558139535,0.5929730015576025,"{0: 0.6394799338499702, 1: 0.6394799338499702}","{0: 0.6394799338499702, 1: 0.6394799338499702}",0.6394799338499702,"[[404 242]
 [283 361]]",[0. 1. 1. ... 0. 0. 1.],[1. 1. 1. ... 0. 1. 0.]
340,knn,{'n_neighbors': 37},0.5838636781247802,0.10165578456528893,0.188030890381206,0.19495840693420485,0.5940204179260214,0.09828563174136913,0.5925916122174087,0.1859643302731121,0.5930232558139535,0.5929730015576025,"{0: 0.6394799338499702, 1: 0.6394799338499702}","{0: 0.6394799338499702, 1: 0.6394799338499702}",0.6394799338499702,"[[404 242]
 [283 361]]",[0. 1. 1. ... 0. 0. 1.],[1. 1. 1. ... 0. 1. 0.]
710,knn,{'n_neighbors': 37},0.5838636781247802,0.10165578456528893,0.188030890381206,0.19495840693420485,0.5940204179260214,0.09828563174136913,0.5925916122174087,0.1859643302731121,0.5930232558139535,0.5929730015576025,"{0: 0.6394799338499702, 1: 0.6394799338499702}","{0: 0.6394799338499702, 1: 0.6394799338499702}",0.6394799338499702,"[[404 242]
 [283 361]]",[0. 1. 1. ... 0. 0. 1.],[1. 1. 1. ... 0. 1. 0.]
960,knn,{'n_neighbors': 37},0.5838636781247802,0.10165578456528893,0.188030890381206,0.19495840693420485,0.5940204179260214,0.09828563174136913,0.5925916122174087,0.1859643302731121,0.5930232558139535,0.5929730015576025,"{0: 0.6394799338499702, 1: 0.6394799338499702}","{0: 0.6394799338499702, 1: 0.6394799338499702}",0.6394799338499702,"[[404 242]
 [283 361]]",[0. 1. 1. ... 0. 0. 1.],[1. 1. 1. ... 0. 1. 0.]
400,knn,{'n_neighbors': 37},0.5838636781247802,0.10165578456528893,0.188030890381206,0.19495840693420485,0.5940204179260214,0.09828563174136913,0.5925916122174087,0.1859643302731121,0.5930232558139535,0.5929730015576025,"{0: 0.6394799338499702, 1: 0.6394799338499702}","{0: 0.6394799338499702, 1: 0.6394799338499702}",0.6394799338499702,"[[404 242]
 [283 361]]",[0. 1. 1. ... 0. 0. 1.],[1. 1. 1. ... 0. 1. 0.]
283,knn,{'n_neighbors': 37},0.5838636781247802,0.10165578456528893,0.188030890381206,0.19495840693420485,0.5940204179260214,0.09828563174136913,0.5925916122174087,0.1859643302731121,0.5930232558139535,0.5929730015576025,"{0: 0.6394799338499702, 1: 0.6394799338499702}","{0: 0.6394799338499702, 1: 0.6394799338499702}",0.6394799338499702,"[[404 242]
 [283 361]]",[0. 1. 1. ... 0. 0. 1.],[1. 1. 1. ... 0. 1. 0.]
758,knn,{'n_neighbors': 37},0.5838636781247802,0.10165578456528893,0.188030890381206,0.19495840693420485,0.5940204179260214,0.09828563174136913,0.5925916122174087,0.1859643302731121,0.5930232558139535,0.5929730015576025,"{0: 0.6394799338499702, 1: 0.6394799338499702}","{0: 0.6394799338499702, 1: 0.6394799338499702}",0.6394799338499702,"[[404 242]
 [283 361]]",[0. 1. 1. ... 0. 0. 1.],[1. 1. 1. ... 0. 1. 0.]
365,knn,{'n_neighbors': 21},0.5852033993041389,0.09363369023031107,0.1878926269387275,0.17696750238717435,0.5935874244168954,0.08906497272372915,0.5869515094068365,0.17509267406135964,0.5875968992248062,0.5875358152414284,"{0: 0.6332531296271368, 1: 0.6332531296271368}","{0: 0.6332531296271368, 1: 0.6332531296271368}",0.6332531296271368,"[[405 241]
 [291 353]]",[1. 1. 1. ... 1. 0. 1.],[1. 1. 1. ... 0. 1. 0.]
201,knn,{'n_neighbors': 21},0.5852033993041389,0.09363369023031107,0.1878926269387275,0.17696750238717435,0.5935874244168954,0.08906497272372915,0.5869515094068365,0.17509267406135964,0.5875968992248062,0.5875358152414284,"{0: 0.6332531296271368, 1: 0.6332531296271368}","{0: 0.6332531296271368, 1: 0.6332531296271368}",0.6332531296271368,"[[405 241]
 [291 353]]",[1. 1. 1. ... 1. 0. 1.],[1. 1. 1. ... 0. 1. 0.]
71,knn,{'n_neighbors': 21},0.5852033993041389,0.09363369023031107,0.1878926269387275,0.17696750238717435,0.5935874244168954,0.08906497272372915,0.5869515094068365,0.17509267406135964,0.5875968992248062,0.5875358152414284,"{0: 0.6332531296271368, 1: 0.6332531296271368}","{0: 0.6332531296271368, 1: 0.6332531296271368}",0.6332531296271368,"[[405 241]
 [291 353]]",[1. 1. 1. ... 1. 0. 1.],[1. 1. 1. ... 0. 1. 0.]
138,knn,{'n_neighbors': 21},0.5852033993041389,0.09363369023031107,0.1878926269387275,0.17696750238717435,0.5935874244168954,0.08906497272372915,0.5869515094068365,0.17509267406135964,0.5875968992248062,0.5875358152414284,"{0: 0.6332531296271368, 1: 0.6332531296271368}","{0: 0.6332531296271368, 1: 0.6332531296271368}",0.6332531296271368,"[[405 241]
 [291 353]]",[1. 1. 1. ... 1. 0. 1.],[1. 1. 1. ... 0. 1. 0.]
668,knn,{'n_neighbors': 21},0.5852033993041389,0.09363369023031107,0.1878926269387275,0.17696750238717435,0.5935874244168954,0.08906497272372915,0.5869515094068365,0.17509267406135964,0.5875968992248062,0.5875358152414284,"{0: 0.6332531296271368, 1: 0.6332531296271368}","{0: 0.6332531296271368, 1: 0.6332531296271368}",0.6332531296271368,"[[405 241]
 [291 353]]",[1. 1. 1. ... 1. 0. 1.],[1. 1. 1. ... 0. 1. 0.]
933,knn,{'n_neighbors': 21},0.5852033993041389,0.09363369023031107,0.1878926269387275,0.17696750238717435,0.5935874244168954,0.08906497272372915,0.5869515094068365,0.17509267406135964,0.5875968992248062,0.5875358152414284,"{0: 0.6332531296271368, 1: 0.6332531296271368}","{0: 0.6332531296271368, 1: 0.6332531296271368}",0.6332531296271368,"[[405 241]
 [291 353]]",[1. 1. 1. ... 1. 0. 1.],[1. 1. 1. ... 0. 1. 0.]
623,knn,{'n_neighbors': 21},0.5852033993041389,0.09363369023031107,0.1878926269387275,0.17696750238717435,0.5935874244168954,0.08906497272372915,0.5869515094068365,0.17509267406135964,0.5875968992248062,0.5875358152414284,"{0: 0.6332531296271368, 1: 0.6332531296271368}","{0: 0.6332531296271368, 1: 0.6332531296271368}",0.6332531296271368,"[[405 241]
 [291 353]]",[1. 1. 1. ... 1. 0. 1.],[1. 1. 1. ... 0. 1. 0.]
520,knn,{'n_neighbors': 21},0.5852033993041389,0.09363369023031107,0.1878926269387275,0.17696750238717435,0.5935874244168954,0.08906497272372915,0.5869515094068365,0.17509267406135964,0.5875968992248062,0.5875358152414284,"{0: 0.6332531296271368, 1: 0.6332531296271368}","{0: 0.6332531296271368, 1: 0.6332531296271368}",0.6332531296271368,"[[405 241]
 [291 353]]",[1. 1. 1. ... 1. 0. 1.],[1. 1. 1. ... 0. 1. 0.]
466,knn,{'n_neighbors': 21},0.5852033993041389,0.09363369023031107,0.1878926269387275,0.17696750238717435,0.5935874244168954,0.08906497272372915,0.5869515094068365,0.17509267406135964,0.5875968992248062,0.5875358152414284,"{0: 0.6332531296271368, 1: 0.6332531296271368}","{0: 0.6332531296271368, 1: 0.6332531296271368}",0.6332531296271368,"[[405 241]
 [291 353]]",[1. 1. 1. ... 1. 0. 1.],[1. 1. 1. ... 0. 1. 0.]
880,knn,{'n_neighbors': 21},0.5852033993041389,0.09363369023031107,0.1878926269387275,0.17696750238717435,0.5935874244168954,0.08906497272372915,0.5869515094068365,0.17509267406135964,0.5875968992248062,0.5875358152414284,"{0: 0.6332531296271368, 1: 0.6332531296271368}","{0: 0.6332531296271368, 1: 0.6332531296271368}",0.6332531296271368,"[[405 241]
 [291 353]]",[1. 1. 1. ... 1. 0. 1.],[1. 1. 1. ... 0. 1. 0.]
310,knn,{'n_neighbors': 21},0.5852033993041389,0.09363369023031107,0.1878926269387275,0.17696750238717435,0.5935874244168954,0.08906497272372915,0.5869515094068365,0.17509267406135964,0.5875968992248062,0.5875358152414284,"{0: 0.6332531296271368, 1: 0.6332531296271368}","{0: 0.6332531296271368, 1: 0.6332531296271368}",0.6332531296271368,"[[405 241]
 [291 353]]",[1. 1. 1. ... 1. 0. 1.],[1. 1. 1. ... 0. 1. 0.]
830,knn,{'n_neighbors': 21},0.5852033993041389,0.09363369023031107,0.1878926269387275,0.17696750238717435,0.5935874244168954,0.08906497272372915,0.5869515094068365,0.17509267406135964,0.5875968992248062,0.5875358152414284,"{0: 0.6332531296271368, 1: 0.6332531296271368}","{0: 0.6332531296271368, 1: 0.6332531296271368}",0.6332531296271368,"[[405 241]
 [291 353]]",[1. 1. 1. ... 1. 0. 1.],[1. 1. 1. ... 0. 1. 0.]
982,knn,{'n_neighbors': 21},0.5852033993041389,0.09363369023031107,0.1878926269387275,0.17696750238717435,0.5935874244168954,0.08906497272372915,0.5869515094068365,0.17509267406135964,0.5875968992248062,0.5875358152414284,"{0: 0.6332531296271368, 1: 0.6332531296271368}","{0: 0.6332531296271368, 1: 0.6332531296271368}",0.6332531296271368,"[[405 241]
 [291 353]]",[1. 1. 1. ... 1. 0. 1.],[1. 1. 1. ... 0. 1. 0.]
795,knn,{'n_neighbors': 21},0.5852033993041389,0.09363369023031107,0.1878926269387275,0.17696750238717435,0.5935874244168954,0.08906497272372915,0.5869515094068365,0.17509267406135964,0.5875968992248062,0.5875358152414284,"{0: 0.6332531296271368, 1: 0.6332531296271368}","{0: 0.6332531296271368, 1: 0.6332531296271368}",0.6332531296271368,"[[405 241]
 [291 353]]",[1. 1. 1. ... 1. 0. 1.],[1. 1. 1. ... 0. 1. 0.]
725,knn,{'n_neighbors': 21},0.5852033993041389,0.09363369023031107,0.1878926269387275,0.17696750238717435,0.5935874244168954,0.08906497272372915,0.5869515094068365,0.17509267406135964,0.5875968992248062,0.5875358152414284,"{0: 0.6332531296271368, 1: 0.6332531296271368}","{0: 0.6332531296271368, 1: 0.6332531296271368}",0.6332531296271368,"[[405 241]
 [291 353]]",[1. 1. 1. ... 1. 0. 1.],[1. 1. 1. ... 0. 1. 0.]
415,knn,{'n_neighbors': 21},0.5852033993041389,0.09363369023031107,0.1878926269387275,0.17696750238717435,0.5935874244168954,0.08906497272372915,0.5869515094068365,0.17509267406135964,0.5875968992248062,0.5875358152414284,"{0: 0.6332531296271368, 1: 0.6332531296271368}","{0: 0.6332531296271368, 1: 0.6332531296271368}",0.6332531296271368,"[[405 241]
 [291 353]]",[1. 1. 1. ... 1. 0. 1.],[1. 1. 1. ... 0. 1. 0.]
566,knn,{'n_neighbors': 21},0.5852033993041389,0.09363369023031107,0.1878926269387275,0.17696750238717435,0.5935874244168954,0.08906497272372915,0.5869515094068365,0.17509267406135964,0.5875968992248062,0.5875358152414284,"{0: 0.6332531296271368, 1: 0.6332531296271368}","{0: 0.6332531296271368, 1: 0.6332531296271368}",0.6332531296271368,"[[405 241]
 [291 353]]",[1. 1. 1. ... 1. 0. 1.],[1. 1. 1. ... 0. 1. 0.]
254,knn,{'n_neighbors': 21},0.5852033993041389,0.09363369023031107,0.1878926269387275,0.17696750238717435,0.5935874244168954,0.08906497272372915,0.5869515094068365,0.17509267406135964,0.5875968992248062,0.5875358152414284,"{0: 0.6332531296271368, 1: 0.6332531296271368}","{0: 0.6332531296271368, 1: 0.6332531296271368}",0.6332531296271368,"[[405 241]
 [291 353]]",[1. 1. 1. ... 1. 0. 1.],[1. 1. 1. ... 0. 1. 0.]
41,AdaBoost,"{'algorithm': 'SAMME.R', 'learning_rate': 0.1816326530612245, 'n_estimators': 52}",0.5854944124183806,0.09916041192185587,0.18714054291027582,0.19187017669753498,0.5950119422928697,0.09506591837618794,0.5906341538177393,0.184337314638509,0.5922480620155038,0.5921509335999846,"{0: 0.6148912081995269, 1: 0.6148912081995269}","{0: 0.6148912081995269, 1: 0.6148912081995269}",0.6148912081995269,"[[423 223]
 [303 341]]",[1. 0. 1. ... 0. 0. 1.],[1. 1. 1. ... 0. 1. 0.]
694,knn,{'n_neighbors': 19},0.5850263441901837,0.09972754622644904,0.18665753745153796,0.18912857736580108,0.5929863207091488,0.095036261737798,0.5831439962043892,0.16734579075285405,0.5837209302325581,0.5836634424937023,"{0: 0.6291451935465262, 1: 0.6291451935465262}","{0: 0.6291451935465262, 1: 0.6291451935465262}",0.6291451935465262,"[[401 245]
 [292 352]]",[1. 1. 1. ... 1. 0. 1.],[1. 1. 1. ... 0. 1. 0.]
540,knn,{'n_neighbors': 19},0.5850263441901837,0.09972754622644904,0.18665753745153796,0.18912857736580108,0.5929863207091488,0.095036261737798,0.5831439962043892,0.16734579075285405,0.5837209302325581,0.5836634424937023,"{0: 0.6291451935465262, 1: 0.6291451935465262}","{0: 0.6291451935465262, 1: 0.6291451935465262}",0.6291451935465262,"[[401 245]
 [292 352]]",[1. 1. 1. ... 1. 0. 1.],[1. 1. 1. ... 0. 1. 0.]
226,knn,{'n_neighbors': 19},0.5850263441901837,0.09972754622644904,0.18665753745153796,0.18912857736580108,0.5929863207091488,0.095036261737798,0.5831439962043892,0.16734579075285405,0.5837209302325581,0.5836634424937023,"{0: 0.6291451935465262, 1: 0.6291451935465262}","{0: 0.6291451935465262, 1: 0.6291451935465262}",0.6291451935465262,"[[401 245]
 [292 352]]",[1. 1. 1. ... 1. 0. 1.],[1. 1. 1. ... 0. 1. 0.]
949,knn,{'n_neighbors': 19},0.5850263441901837,0.09972754622644904,0.18665753745153796,0.18912857736580108,0.5929863207091488,0.095036261737798,0.5831439962043892,0.16734579075285405,0.5837209302325581,0.5836634424937023,"{0: 0.6291451935465262, 1: 0.6291451935465262}","{0: 0.6291451935465262, 1: 0.6291451935465262}",0.6291451935465262,"[[401 245]
 [292 352]]",[1. 1. 1. ... 1. 0. 1.],[1. 1. 1. ... 0. 1. 0.]
273,knn,{'n_neighbors': 19},0.5850263441901837,0.09972754622644904,0.18665753745153796,0.18912857736580108,0.5929863207091488,0.095036261737798,0.5831439962043892,0.16734579075285405,0.5837209302325581,0.5836634424937023,"{0: 0.6291451935465262, 1: 0.6291451935465262}","{0: 0.6291451935465262, 1: 0.6291451935465262}",0.6291451935465262,"[[401 245]
 [292 352]]",[1. 1. 1. ... 1. 0. 1.],[1. 1. 1. ... 0. 1. 0.]
165,knn,{'n_neighbors': 19},0.5850263441901837,0.09972754622644904,0.18665753745153796,0.18912857736580108,0.5929863207091488,0.095036261737798,0.5831439962043892,0.16734579075285405,0.5837209302325581,0.5836634424937023,"{0: 0.6291451935465262, 1: 0.6291451935465262}","{0: 0.6291451935465262, 1: 0.6291451935465262}",0.6291451935465262,"[[401 245]
 [292 352]]",[1. 1. 1. ... 1. 0. 1.],[1. 1. 1. ... 0. 1. 0.]
904,knn,{'n_neighbors': 19},0.5850263441901837,0.09972754622644904,0.18665753745153796,0.18912857736580108,0.5929863207091488,0.095036261737798,0.5831439962043892,0.16734579075285405,0.5837209302325581,0.5836634424937023,"{0: 0.6291451935465262, 1: 0.6291451935465262}","{0: 0.6291451935465262, 1: 0.6291451935465262}",0.6291451935465262,"[[401 245]
 [292 352]]",[1. 1. 1. ... 1. 0. 1.],[1. 1. 1. ... 0. 1. 0.]
105,knn,{'n_neighbors': 19},0.5850263441901837,0.09972754622644904,0.18665753745153796,0.18912857736580108,0.5929863207091488,0.095036261737798,0.5831439962043892,0.16734579075285405,0.5837209302325581,0.5836634424937023,"{0: 0.6291451935465262, 1: 0.6291451935465262}","{0: 0.6291451935465262, 1: 0.6291451935465262}",0.6291451935465262,"[[401 245]
 [292 352]]",[1. 1. 1. ... 1. 0. 1.],[1. 1. 1. ... 0. 1. 0.]
843,knn,{'n_neighbors': 19},0.5850263441901837,0.09972754622644904,0.18665753745153796,0.18912857736580108,0.5929863207091488,0.095036261737798,0.5831439962043892,0.16734579075285405,0.5837209302325581,0.5836634424937023,"{0: 0.6291451935465262, 1: 0.6291451935465262}","{0: 0.6291451935465262, 1: 0.6291451935465262}",0.6291451935465262,"[[401 245]
 [292 352]]",[1. 1. 1. ... 1. 0. 1.],[1. 1. 1. ... 0. 1. 0.]
804,knn,{'n_neighbors': 19},0.5850263441901837,0.09972754622644904,0.18665753745153796,0.18912857736580108,0.5929863207091488,0.095036261737798,0.5831439962043892,0.16734579075285405,0.5837209302325581,0.5836634424937023,"{0: 0.6291451935465262, 1: 0.6291451935465262}","{0: 0.6291451935465262, 1: 0.6291451935465262}",0.6291451935465262,"[[401 245]
 [292 352]]",[1. 1. 1. ... 1. 0. 1.],[1. 1. 1. ... 0. 1. 0.]
382,knn,{'n_neighbors': 19},0.5850263441901837,0.09972754622644904,0.18665753745153796,0.18912857736580108,0.5929863207091488,0.095036261737798,0.5831439962043892,0.16734579075285405,0.5837209302325581,0.5836634424937023,"{0: 0.6291451935465262, 1: 0.6291451935465262}","{0: 0.6291451935465262, 1: 0.6291451935465262}",0.6291451935465262,"[[401 245]
 [292 352]]",[1. 1. 1. ... 1. 0. 1.],[1. 1. 1. ... 0. 1. 0.]
37,knn,{'n_neighbors': 19},0.5850263441901837,0.09972754622644904,0.18665753745153796,0.18912857736580108,0.5929863207091488,0.095036261737798,0.5831439962043892,0.16734579075285405,0.5837209302325581,0.5836634424937023,"{0: 0.6291451935465262, 1: 0.6291451935465262}","{0: 0.6291451935465262, 1: 0.6291451935465262}",0.6291451935465262,"[[401 245]
 [292 352]]",[1. 1. 1. ... 1. 0. 1.],[1. 1. 1. ... 0. 1. 0.]
597,knn,{'n_neighbors': 19},0.5850263441901837,0.09972754622644904,0.18665753745153796,0.18912857736580108,0.5929863207091488,0.095036261737798,0.5831439962043892,0.16734579075285405,0.5837209302325581,0.5836634424937023,"{0: 0.6291451935465262, 1: 0.6291451935465262}","{0: 0.6291451935465262, 1: 0.6291451935465262}",0.6291451935465262,"[[401 245]
 [292 352]]",[1. 1. 1. ... 1. 0. 1.],[1. 1. 1. ... 0. 1. 0.]
488,knn,{'n_neighbors': 19},0.5850263441901837,0.09972754622644904,0.18665753745153796,0.18912857736580108,0.5929863207091488,0.095036261737798,0.5831439962043892,0.16734579075285405,0.5837209302325581,0.5836634424937023,"{0: 0.6291451935465262, 1: 0.6291451935465262}","{0: 0.6291451935465262, 1: 0.6291451935465262}",0.6291451935465262,"[[401 245]
 [292 352]]",[1. 1. 1. ... 1. 0. 1.],[1. 1. 1. ... 0. 1. 0.]
332,knn,{'n_neighbors': 19},0.5850263441901837,0.09972754622644904,0.18665753745153796,0.18912857736580108,0.5929863207091488,0.095036261737798,0.5831439962043892,0.16734579075285405,0.5837209302325581,0.5836634424937023,"{0: 0.6291451935465262, 1: 0.6291451935465262}","{0: 0.6291451935465262, 1: 0.6291451935465262}",0.6291451935465262,"[[401 245]
 [292 352]]",[1. 1. 1. ... 1. 0. 1.],[1. 1. 1. ... 0. 1. 0.]
640,knn,{'n_neighbors': 19},0.5850263441901837,0.09972754622644904,0.18665753745153796,0.18912857736580108,0.5929863207091488,0.095036261737798,0.5831439962043892,0.16734579075285405,0.5837209302325581,0.5836634424937023,"{0: 0.6291451935465262, 1: 0.6291451935465262}","{0: 0.6291451935465262, 1: 0.6291451935465262}",0.6291451935465262,"[[401 245]
 [292 352]]",[1. 1. 1. ... 1. 0. 1.],[1. 1. 1. ... 0. 1. 0.]
435,knn,{'n_neighbors': 19},0.5850263441901837,0.09972754622644904,0.18665753745153796,0.18912857736580108,0.5929863207091488,0.095036261737798,0.5831439962043892,0.16734579075285405,0.5837209302325581,0.5836634424937023,"{0: 0.6291451935465262, 1: 0.6291451935465262}","{0: 0.6291451935465262, 1: 0.6291451935465262}",0.6291451935465262,"[[401 245]
 [292 352]]",[1. 1. 1. ... 1. 0. 1.],[1. 1. 1. ... 0. 1. 0.]
748,knn,{'n_neighbors': 19},0.5850263441901837,0.09972754622644904,0.18665753745153796,0.18912857736580108,0.5929863207091488,0.095036261737798,0.5831439962043892,0.16734579075285405,0.5837209302325581,0.5836634424937023,"{0: 0.6291451935465262, 1: 0.6291451935465262}","{0: 0.6291451935465262, 1: 0.6291451935465262}",0.6291451935465262,"[[401 245]
 [292 352]]",[1. 1. 1. ... 1. 0. 1.],[1. 1. 1. ... 0. 1. 0.]
695,randomforest,"{'criterion': 'entropy', 'max_features': 'log2', 'n_estimators': 477}",0.5843688280133156,0.12299306424563715,0.18495406010115314,0.2338094308443848,0.5923090094279133,0.11708277714898155,0.5820261232282609,0.1643892906845107,0.5821705426356589,0.5821995846393477,"{0: 0.6115608714881834, 1: 0.6115608714881834}","{0: 0.6115608714881834, 1: 0.6115608714881834}",0.6115608714881834,"[[364 282]
 [257 387]]",[1. 1. 1. ... 0. 0. 1.],[1. 1. 1. ... 0. 1. 0.]
357,SVC,"{'C': 10, 'gamma': 0.01, 'kernel': 'sigmoid'}",0.5784370062396359,0.09037869815747974,0.18235266256272242,0.1684969220641522,0.5924033858508717,0.08309237029001658,0.5840774009498375,0.18260779650501502,0.5914728682170542,0.5912663692479281,"{0: 0.5939296771340115, 1: 0.5939296771340115}","{0: 0.5939296771340115, 1: 0.5939296771340115}",0.5939296771340115,"[[468 178]
 [349 295]]",[1. 0. 1. ... 0. 0. 0.],[1. 1. 1. ... 0. 1. 0.]
306,knn,{'n_neighbors': 23},0.582732964342076,0.09461756101950197,0.1817046808946944,0.18505239176965568,0.5908913070967929,0.09277139454818835,0.5845435155878205,0.17043495820622112,0.5852713178294574,0.5852066226948445,"{0: 0.6288098763532872, 1: 0.6288098763532873}","{0: 0.6288098763532872, 1: 0.6288098763532873}",0.6288098763532873,"[[405 241]
 [294 350]]",[0. 1. 1. ... 1. 0. 1.],[1. 1. 1. ... 0. 1. 0.]
827,knn,{'n_neighbors': 23},0.582732964342076,0.09461756101950197,0.1817046808946944,0.18505239176965568,0.5908913070967929,0.09277139454818835,0.5845435155878205,0.17043495820622112,0.5852713178294574,0.5852066226948445,"{0: 0.6288098763532872, 1: 0.6288098763532873}","{0: 0.6288098763532872, 1: 0.6288098763532873}",0.6288098763532873,"[[405 241]
 [294 350]]",[0. 1. 1. ... 1. 0. 1.],[1. 1. 1. ... 0. 1. 0.]
776,knn,{'n_neighbors': 23},0.582732964342076,0.09461756101950197,0.1817046808946944,0.18505239176965568,0.5908913070967929,0.09277139454818835,0.5845435155878205,0.17043495820622112,0.5852713178294574,0.5852066226948445,"{0: 0.6288098763532872, 1: 0.6288098763532873}","{0: 0.6288098763532872, 1: 0.6288098763532873}",0.6288098763532873,"[[405 241]
 [294 350]]",[0. 1. 1. ... 1. 0. 1.],[1. 1. 1. ... 0. 1. 0.]
420,knn,{'n_neighbors': 23},0.582732964342076,0.09461756101950197,0.1817046808946944,0.18505239176965568,0.5908913070967929,0.09277139454818835,0.5845435155878205,0.17043495820622112,0.5852713178294574,0.5852066226948445,"{0: 0.6288098763532872, 1: 0.6288098763532873}","{0: 0.6288098763532872, 1: 0.6288098763532873}",0.6288098763532873,"[[405 241]
 [294 350]]",[0. 1. 1. ... 1. 0. 1.],[1. 1. 1. ... 0. 1. 0.]
727,knn,{'n_neighbors': 23},0.582732964342076,0.09461756101950197,0.1817046808946944,0.18505239176965568,0.5908913070967929,0.09277139454818835,0.5845435155878205,0.17043495820622112,0.5852713178294574,0.5852066226948445,"{0: 0.6288098763532872, 1: 0.6288098763532873}","{0: 0.6288098763532872, 1: 0.6288098763532873}",0.6288098763532873,"[[405 241]
 [294 350]]",[0. 1. 1. ... 1. 0. 1.],[1. 1. 1. ... 0. 1. 0.]
675,knn,{'n_neighbors': 23},0.582732964342076,0.09461756101950197,0.1817046808946944,0.18505239176965568,0.5908913070967929,0.09277139454818835,0.5845435155878205,0.17043495820622112,0.5852713178294574,0.5852066226948445,"{0: 0.6288098763532872, 1: 0.6288098763532873}","{0: 0.6288098763532872, 1: 0.6288098763532873}",0.6288098763532873,"[[405 241]
 [294 350]]",[0. 1. 1. ... 1. 0. 1.],[1. 1. 1. ... 0. 1. 0.]
929,knn,{'n_neighbors': 23},0.582732964342076,0.09461756101950197,0.1817046808946944,0.18505239176965568,0.5908913070967929,0.09277139454818835,0.5845435155878205,0.17043495820622112,0.5852713178294574,0.5852066226948445,"{0: 0.6288098763532872, 1: 0.6288098763532873}","{0: 0.6288098763532872, 1: 0.6288098763532873}",0.6288098763532873,"[[405 241]
 [294 350]]",[0. 1. 1. ... 1. 0. 1.],[1. 1. 1. ... 0. 1. 0.]
878,knn,{'n_neighbors': 23},0.582732964342076,0.09461756101950197,0.1817046808946944,0.18505239176965568,0.5908913070967929,0.09277139454818835,0.5845435155878205,0.17043495820622112,0.5852713178294574,0.5852066226948445,"{0: 0.6288098763532872, 1: 0.6288098763532873}","{0: 0.6288098763532872, 1: 0.6288098763532873}",0.6288098763532873,"[[405 241]
 [294 350]]",[0. 1. 1. ... 1. 0. 1.],[1. 1. 1. ... 0. 1. 0.]
469,knn,{'n_neighbors': 23},0.582732964342076,0.09461756101950197,0.1817046808946944,0.18505239176965568,0.5908913070967929,0.09277139454818835,0.5845435155878205,0.17043495820622112,0.5852713178294574,0.5852066226948445,"{0: 0.6288098763532872, 1: 0.6288098763532873}","{0: 0.6288098763532872, 1: 0.6288098763532873}",0.6288098763532873,"[[405 241]
 [294 350]]",[0. 1. 1. ... 1. 0. 1.],[1. 1. 1. ... 0. 1. 0.]
252,knn,{'n_neighbors': 23},0.582732964342076,0.09461756101950197,0.1817046808946944,0.18505239176965568,0.5908913070967929,0.09277139454818835,0.5845435155878205,0.17043495820622112,0.5852713178294574,0.5852066226948445,"{0: 0.6288098763532872, 1: 0.6288098763532873}","{0: 0.6288098763532872, 1: 0.6288098763532873}",0.6288098763532873,"[[405 241]
 [294 350]]",[0. 1. 1. ... 1. 0. 1.],[1. 1. 1. ... 0. 1. 0.]
141,knn,{'n_neighbors': 23},0.582732964342076,0.09461756101950197,0.1817046808946944,0.18505239176965568,0.5908913070967929,0.09277139454818835,0.5845435155878205,0.17043495820622112,0.5852713178294574,0.5852066226948445,"{0: 0.6288098763532872, 1: 0.6288098763532873}","{0: 0.6288098763532872, 1: 0.6288098763532873}",0.6288098763532873,"[[405 241]
 [294 350]]",[0. 1. 1. ... 1. 0. 1.],[1. 1. 1. ... 0. 1. 0.]
977,knn,{'n_neighbors': 23},0.582732964342076,0.09461756101950197,0.1817046808946944,0.18505239176965568,0.5908913070967929,0.09277139454818835,0.5845435155878205,0.17043495820622112,0.5852713178294574,0.5852066226948445,"{0: 0.6288098763532872, 1: 0.6288098763532873}","{0: 0.6288098763532872, 1: 0.6288098763532873}",0.6288098763532873,"[[405 241]
 [294 350]]",[0. 1. 1. ... 1. 0. 1.],[1. 1. 1. ... 0. 1. 0.]
574,knn,{'n_neighbors': 23},0.582732964342076,0.09461756101950197,0.1817046808946944,0.18505239176965568,0.5908913070967929,0.09277139454818835,0.5845435155878205,0.17043495820622112,0.5852713178294574,0.5852066226948445,"{0: 0.6288098763532872, 1: 0.6288098763532873}","{0: 0.6288098763532872, 1: 0.6288098763532873}",0.6288098763532873,"[[405 241]
 [294 350]]",[0. 1. 1. ... 1. 0. 1.],[1. 1. 1. ... 0. 1. 0.]
72,knn,{'n_neighbors': 23},0.582732964342076,0.09461756101950197,0.1817046808946944,0.18505239176965568,0.5908913070967929,0.09277139454818835,0.5845435155878205,0.17043495820622112,0.5852713178294574,0.5852066226948445,"{0: 0.6288098763532872, 1: 0.6288098763532873}","{0: 0.6288098763532872, 1: 0.6288098763532873}",0.6288098763532873,"[[405 241]
 [294 350]]",[0. 1. 1. ... 1. 0. 1.],[1. 1. 1. ... 0. 1. 0.]
622,knn,{'n_neighbors': 23},0.582732964342076,0.09461756101950197,0.1817046808946944,0.18505239176965568,0.5908913070967929,0.09277139454818835,0.5845435155878205,0.17043495820622112,0.5852713178294574,0.5852066226948445,"{0: 0.6288098763532872, 1: 0.6288098763532873}","{0: 0.6288098763532872, 1: 0.6288098763532873}",0.6288098763532873,"[[405 241]
 [294 350]]",[0. 1. 1. ... 1. 0. 1.],[1. 1. 1. ... 0. 1. 0.]
193,knn,{'n_neighbors': 23},0.582732964342076,0.09461756101950197,0.1817046808946944,0.18505239176965568,0.5908913070967929,0.09277139454818835,0.5845435155878205,0.17043495820622112,0.5852713178294574,0.5852066226948445,"{0: 0.6288098763532872, 1: 0.6288098763532873}","{0: 0.6288098763532872, 1: 0.6288098763532873}",0.6288098763532873,"[[405 241]
 [294 350]]",[0. 1. 1. ... 1. 0. 1.],[1. 1. 1. ... 0. 1. 0.]
523,knn,{'n_neighbors': 23},0.582732964342076,0.09461756101950197,0.1817046808946944,0.18505239176965568,0.5908913070967929,0.09277139454818835,0.5845435155878205,0.17043495820622112,0.5852713178294574,0.5852066226948445,"{0: 0.6288098763532872, 1: 0.6288098763532873}","{0: 0.6288098763532872, 1: 0.6288098763532873}",0.6288098763532873,"[[405 241]
 [294 350]]",[0. 1. 1. ... 1. 0. 1.],[1. 1. 1. ... 0. 1. 0.]
362,knn,{'n_neighbors': 23},0.582732964342076,0.09461756101950197,0.1817046808946944,0.18505239176965568,0.5908913070967929,0.09277139454818835,0.5845435155878205,0.17043495820622112,0.5852713178294574,0.5852066226948445,"{0: 0.6288098763532872, 1: 0.6288098763532873}","{0: 0.6288098763532872, 1: 0.6288098763532873}",0.6288098763532873,"[[405 241]
 [294 350]]",[0. 1. 1. ... 1. 0. 1.],[1. 1. 1. ... 0. 1. 0.]
242,randomforest,"{'criterion': 'gini', 'max_features': 'sqrt', 'n_estimators': 199}",0.5832117567240066,0.1328560805402666,0.1814680921877305,0.25207901850946024,0.5907633735937177,0.12588952009062085,0.5796024475094242,0.15975253331282324,0.57984496124031,0.5798824106301559,"{0: 0.615650779762706, 1: 0.615650779762706}","{0: 0.615650779762706, 1: 0.615650779762706}",0.615650779762706,"[[359 287]
 [255 389]]",[1. 1. 1. ... 0. 0. 1.],[1. 1. 1. ... 0. 1. 0.]
98,randomforest,"{'criterion': 'gini', 'max_features': 'log2', 'n_estimators': 503}",0.5830755733400731,0.1325227562293628,0.18064778267526396,0.2545307085463451,0.5904147970860132,0.12725811792499714,0.5796327765246229,0.1597484941858508,0.57984496124031,0.5798800069226775,"{0: 0.6131593369613292, 1: 0.6131593369613292}","{0: 0.6131593369613292, 1: 0.6131593369613292}",0.6131593369613292,"[[360 286]
 [256 388]]",[1. 1. 1. ... 0. 0. 1.],[1. 1. 1. ... 0. 1. 0.]
645,SVC,"{'C': 10, 'gamma': 0.001, 'kernel': 'rbf'}",0.5800629924617516,0.09632733395634971,0.18036904159185366,0.18892462927075224,0.590968962357546,0.09391743732655003,0.5857393158307417,0.17806341787126,0.5891472868217055,0.5890068842182181,"{0: 0.6205038651616253, 1: 0.6205038651616253}","{0: 0.6205038651616253, 1: 0.6205038651616253}",0.6205038651616253,"[[439 207]
 [323 321]]",[1. 0. 1. ... 0. 0. 0.],[1. 1. 1. ... 0. 1. 0.]
432,randomforest,"{'criterion': 'gini', 'max_features': 'sqrt', 'n_estimators': 395}",0.5820266213728105,0.1155411294468795,0.1800070683779155,0.2181558323119827,0.5901393748638255,0.10934707874777325,0.5836401168832445,0.16747788089211924,0.5837209302325581,0.58374276484049,"{0: 0.6115356325596599, 1: 0.6115356325596599}","{0: 0.6115356325596599, 1: 0.6115356325596599}",0.6115356325596599,"[[368 278]
 [259 385]]",[1. 1. 1. ... 0. 0. 1.],[1. 1. 1. ... 0. 1. 0.]
58,logistic_regression,"{'penalty': None, 'solver': 'sag'}",0.5797158402807627,0.10401990325036381,0.1800026156652944,0.19876949064617275,0.5908884365272621,0.09886704341236732,0.5922201938214341,0.18895623510856463,0.5945736434108527,0.5944560890717843,"{0: 0.6215386612310828, 1: 0.6215386612310828}","{0: 0.6215386612310828, 1: 0.6215386612310828}",0.6215386612310828,"[[433 213]
 [310 334]]",[1. 0. 1. ... 0. 0. 0.],[1. 1. 1. ... 0. 1. 0.]
333,randomforest,"{'criterion': 'entropy', 'max_features': 'sqrt', 'n_estimators': 323}",0.5809553313350733,0.12835883089249667,0.17960846801466243,0.24094102226285843,0.5896545709771562,0.12092101015506625,0.5805952042391287,0.16126047087384476,0.5806201550387597,0.5806323673634213,"{0: 0.6125944657039017, 1: 0.6125944657039017}","{0: 0.6125944657039017, 1: 0.6125944657039017}",0.6125944657039017,"[[370 276]
 [265 379]]",[1. 1. 1. ... 0. 0. 1.],[1. 1. 1. ... 0. 1. 0.]
698,knn,{'n_neighbors': 25},0.5808645806763997,0.09474465052533534,0.17935589357358755,0.1857778805574146,0.589846167423569,0.09317981456676386,0.5843723613098123,0.17042299231906533,0.5852713178294574,0.5851994115724093,"{0: 0.631166711535873, 1: 0.631166711535873}","{0: 0.631166711535873, 1: 0.631166711535873}",0.631166711535873,"[[408 238]
 [297 347]]",[0. 1. 1. ... 1. 0. 1.],[1. 1. 1. ... 0. 1. 0.]
653,knn,{'n_neighbors': 25},0.5808645806763997,0.09474465052533534,0.17935589357358755,0.1857778805574146,0.589846167423569,0.09317981456676386,0.5843723613098123,0.17042299231906533,0.5852713178294574,0.5851994115724093,"{0: 0.631166711535873, 1: 0.631166711535873}","{0: 0.631166711535873, 1: 0.631166711535873}",0.631166711535873,"[[408 238]
 [297 347]]",[0. 1. 1. ... 1. 0. 1.],[1. 1. 1. ... 0. 1. 0.]
807,knn,{'n_neighbors': 25},0.5808645806763997,0.09474465052533534,0.17935589357358755,0.1857778805574146,0.589846167423569,0.09317981456676386,0.5843723613098123,0.17042299231906533,0.5852713178294574,0.5851994115724093,"{0: 0.631166711535873, 1: 0.631166711535873}","{0: 0.631166711535873, 1: 0.631166711535873}",0.631166711535873,"[[408 238]
 [297 347]]",[0. 1. 1. ... 1. 0. 1.],[1. 1. 1. ... 0. 1. 0.]
850,knn,{'n_neighbors': 25},0.5808645806763997,0.09474465052533534,0.17935589357358755,0.1857778805574146,0.589846167423569,0.09317981456676386,0.5843723613098123,0.17042299231906533,0.5852713178294574,0.5851994115724093,"{0: 0.631166711535873, 1: 0.631166711535873}","{0: 0.631166711535873, 1: 0.631166711535873}",0.631166711535873,"[[408 238]
 [297 347]]",[0. 1. 1. ... 1. 0. 1.],[1. 1. 1. ... 0. 1. 0.]
549,knn,{'n_neighbors': 25},0.5808645806763997,0.09474465052533534,0.17935589357358755,0.1857778805574146,0.589846167423569,0.09317981456676386,0.5843723613098123,0.17042299231906533,0.5852713178294574,0.5851994115724093,"{0: 0.631166711535873, 1: 0.631166711535873}","{0: 0.631166711535873, 1: 0.631166711535873}",0.631166711535873,"[[408 238]
 [297 347]]",[0. 1. 1. ... 1. 0. 1.],[1. 1. 1. ... 0. 1. 0.]
751,knn,{'n_neighbors': 25},0.5808645806763997,0.09474465052533534,0.17935589357358755,0.1857778805574146,0.589846167423569,0.09317981456676386,0.5843723613098123,0.17042299231906533,0.5852713178294574,0.5851994115724093,"{0: 0.631166711535873, 1: 0.631166711535873}","{0: 0.631166711535873, 1: 0.631166711535873}",0.631166711535873,"[[408 238]
 [297 347]]",[0. 1. 1. ... 1. 0. 1.],[1. 1. 1. ... 0. 1. 0.]
601,knn,{'n_neighbors': 25},0.5808645806763997,0.09474465052533534,0.17935589357358755,0.1857778805574146,0.589846167423569,0.09317981456676386,0.5843723613098123,0.17042299231906533,0.5852713178294574,0.5851994115724093,"{0: 0.631166711535873, 1: 0.631166711535873}","{0: 0.631166711535873, 1: 0.631166711535873}",0.631166711535873,"[[408 238]
 [297 347]]",[0. 1. 1. ... 1. 0. 1.],[1. 1. 1. ... 0. 1. 0.]
999,knn,{'n_neighbors': 25},0.5808645806763997,0.09474465052533534,0.17935589357358755,0.1857778805574146,0.589846167423569,0.09317981456676386,0.5843723613098123,0.17042299231906533,0.5852713178294574,0.5851994115724093,"{0: 0.631166711535873, 1: 0.631166711535873}","{0: 0.631166711535873, 1: 0.631166711535873}",0.631166711535873,"[[408 238]
 [297 347]]",[0. 1. 1. ... 1. 0. 1.],[1. 1. 1. ... 0. 1. 0.]
330,knn,{'n_neighbors': 25},0.5808645806763997,0.09474465052533534,0.17935589357358755,0.1857778805574146,0.589846167423569,0.09317981456676386,0.5843723613098123,0.17042299231906533,0.5852713178294574,0.5851994115724093,"{0: 0.631166711535873, 1: 0.631166711535873}","{0: 0.631166711535873, 1: 0.631166711535873}",0.631166711535873,"[[408 238]
 [297 347]]",[0. 1. 1. ... 1. 0. 1.],[1. 1. 1. ... 0. 1. 0.]
385,knn,{'n_neighbors': 25},0.5808645806763997,0.09474465052533534,0.17935589357358755,0.1857778805574146,0.589846167423569,0.09317981456676386,0.5843723613098123,0.17042299231906533,0.5852713178294574,0.5851994115724093,"{0: 0.631166711535873, 1: 0.631166711535873}","{0: 0.631166711535873, 1: 0.631166711535873}",0.631166711535873,"[[408 238]
 [297 347]]",[0. 1. 1. ... 1. 0. 1.],[1. 1. 1. ... 0. 1. 0.]
163,knn,{'n_neighbors': 25},0.5808645806763997,0.09474465052533534,0.17935589357358755,0.1857778805574146,0.589846167423569,0.09317981456676386,0.5843723613098123,0.17042299231906533,0.5852713178294574,0.5851994115724093,"{0: 0.631166711535873, 1: 0.631166711535873}","{0: 0.631166711535873, 1: 0.631166711535873}",0.631166711535873,"[[408 238]
 [297 347]]",[0. 1. 1. ... 1. 0. 1.],[1. 1. 1. ... 0. 1. 0.]
280,knn,{'n_neighbors': 25},0.5808645806763997,0.09474465052533534,0.17935589357358755,0.1857778805574146,0.589846167423569,0.09317981456676386,0.5843723613098123,0.17042299231906533,0.5852713178294574,0.5851994115724093,"{0: 0.631166711535873, 1: 0.631166711535873}","{0: 0.631166711535873, 1: 0.631166711535873}",0.631166711535873,"[[408 238]
 [297 347]]",[0. 1. 1. ... 1. 0. 1.],[1. 1. 1. ... 0. 1. 0.]
902,knn,{'n_neighbors': 25},0.5808645806763997,0.09474465052533534,0.17935589357358755,0.1857778805574146,0.589846167423569,0.09317981456676386,0.5843723613098123,0.17042299231906533,0.5852713178294574,0.5851994115724093,"{0: 0.631166711535873, 1: 0.631166711535873}","{0: 0.631166711535873, 1: 0.631166711535873}",0.631166711535873,"[[408 238]
 [297 347]]",[0. 1. 1. ... 1. 0. 1.],[1. 1. 1. ... 0. 1. 0.]
217,knn,{'n_neighbors': 25},0.5808645806763997,0.09474465052533534,0.17935589357358755,0.1857778805574146,0.589846167423569,0.09317981456676386,0.5843723613098123,0.17042299231906533,0.5852713178294574,0.5851994115724093,"{0: 0.631166711535873, 1: 0.631166711535873}","{0: 0.631166711535873, 1: 0.631166711535873}",0.631166711535873,"[[408 238]
 [297 347]]",[0. 1. 1. ... 1. 0. 1.],[1. 1. 1. ... 0. 1. 0.]
437,knn,{'n_neighbors': 25},0.5808645806763997,0.09474465052533534,0.17935589357358755,0.1857778805574146,0.589846167423569,0.09317981456676386,0.5843723613098123,0.17042299231906533,0.5852713178294574,0.5851994115724093,"{0: 0.631166711535873, 1: 0.631166711535873}","{0: 0.631166711535873, 1: 0.631166711535873}",0.631166711535873,"[[408 238]
 [297 347]]",[0. 1. 1. ... 1. 0. 1.],[1. 1. 1. ... 0. 1. 0.]
42,knn,{'n_neighbors': 25},0.5808645806763997,0.09474465052533534,0.17935589357358755,0.1857778805574146,0.589846167423569,0.09317981456676386,0.5843723613098123,0.17042299231906533,0.5852713178294574,0.5851994115724093,"{0: 0.631166711535873, 1: 0.631166711535873}","{0: 0.631166711535873, 1: 0.631166711535873}",0.631166711535873,"[[408 238]
 [297 347]]",[0. 1. 1. ... 1. 0. 1.],[1. 1. 1. ... 0. 1. 0.]
954,knn,{'n_neighbors': 25},0.5808645806763997,0.09474465052533534,0.17935589357358755,0.1857778805574146,0.589846167423569,0.09317981456676386,0.5843723613098123,0.17042299231906533,0.5852713178294574,0.5851994115724093,"{0: 0.631166711535873, 1: 0.631166711535873}","{0: 0.631166711535873, 1: 0.631166711535873}",0.631166711535873,"[[408 238]
 [297 347]]",[0. 1. 1. ... 1. 0. 1.],[1. 1. 1. ... 0. 1. 0.]
109,knn,{'n_neighbors': 25},0.5808645806763997,0.09474465052533534,0.17935589357358755,0.1857778805574146,0.589846167423569,0.09317981456676386,0.5843723613098123,0.17042299231906533,0.5852713178294574,0.5851994115724093,"{0: 0.631166711535873, 1: 0.631166711535873}","{0: 0.631166711535873, 1: 0.631166711535873}",0.631166711535873,"[[408 238]
 [297 347]]",[0. 1. 1. ... 1. 0. 1.],[1. 1. 1. ... 0. 1. 0.]
491,knn,{'n_neighbors': 25},0.5808645806763997,0.09474465052533534,0.17935589357358755,0.1857778805574146,0.589846167423569,0.09317981456676386,0.5843723613098123,0.17042299231906533,0.5852713178294574,0.5851994115724093,"{0: 0.631166711535873, 1: 0.631166711535873}","{0: 0.631166711535873, 1: 0.631166711535873}",0.631166711535873,"[[408 238]
 [297 347]]",[0. 1. 1. ... 1. 0. 1.],[1. 1. 1. ... 0. 1. 0.]
717,logistic_regression,"{'penalty': None, 'solver': 'sag'}",0.579261173322487,0.10431695815810782,0.17907299733285784,0.19949911180000554,0.5904286664123195,0.09923450524103393,0.5914886560643701,0.18740743590236775,0.5937984496124031,0.5936820952637347,"{0: 0.6215891390881295, 1: 0.6215891390881295}","{0: 0.6215891390881295, 1: 0.6215891390881295}",0.6215891390881295,"[[432 214]
 [310 334]]",[1. 0. 1. ... 0. 0. 0.],[1. 1. 1. ... 0. 1. 0.]
661,logistic_regression,"{'penalty': None, 'solver': 'sag'}",0.579261173322487,0.10431695815810782,0.17907299733285784,0.19949911180000554,0.5904286664123195,0.09923450524103393,0.5914886560643701,0.18740743590236775,0.5937984496124031,0.5936820952637347,"{0: 0.621591542795608, 1: 0.621591542795608}","{0: 0.621591542795608, 1: 0.621591542795608}",0.621591542795608,"[[432 214]
 [310 334]]",[1. 0. 1. ... 0. 0. 0.],[1. 1. 1. ... 0. 1. 0.]
364,logistic_regression,"{'penalty': None, 'solver': 'saga'}",0.5792463861668229,0.10437378557076164,0.1789928929952306,0.20018753402851674,0.5902843715396098,0.09964621284742192,0.5914886560643701,0.18740743590236775,0.5937984496124031,0.5936820952637347,"{0: 0.6207863007903389, 1: 0.620786300790339}","{0: 0.6207863007903389, 1: 0.620786300790339}",0.620786300790339,"[[432 214]
 [310 334]]",[1. 0. 1. ... 0. 0. 0.],[1. 1. 1. ... 0. 1. 0.]
131,logistic_regression,"{'penalty': None, 'solver': 'saga'}",0.5792463861668229,0.10437378557076164,0.1789928929952306,0.20018753402851674,0.5902843715396098,0.09964621284742192,0.5914886560643701,0.18740743590236775,0.5937984496124031,0.5936820952637347,"{0: 0.6207406303482491, 1: 0.6207406303482492}","{0: 0.6207406303482491, 1: 0.6207406303482492}",0.6207406303482492,"[[432 214]
 [310 334]]",[1. 0. 1. ... 0. 0. 0.],[1. 1. 1. ... 0. 1. 0.]
967,AdaBoost,"{'algorithm': 'SAMME', 'learning_rate': 0.3448979591836735, 'n_estimators': 85}",0.5796766398022193,0.10195053859558104,0.17898585397858985,0.19701847880925888,0.5906819386422015,0.09737157658892512,0.5862212731878047,0.17960437890565828,0.5899224806201551,0.5897760706113109,"{0: 0.6194390227486877, 1: 0.6194390227486875}","{0: 0.6194390227486877, 1: 0.6194390227486875}",0.6194390227486875,"[[442 204]
 [325 319]]",[1. 1. 0. ... 0. 0. 1.],[1. 1. 1. ... 0. 1. 0.]
396,logistic_regression,"{'penalty': None, 'solver': 'sag'}",0.5791132659399365,0.1039410298196996,0.17867891505661604,0.19863367706870344,0.590232698822344,0.09881529562478612,0.5914886560643701,0.18740743590236775,0.5937984496124031,0.5936820952637347,"{0: 0.6215506797684749, 1: 0.6215506797684749}","{0: 0.6215506797684749, 1: 0.6215506797684749}",0.6215506797684749,"[[432 214]
 [310 334]]",[1. 0. 1. ... 0. 0. 0.],[1. 1. 1. ... 0. 1. 0.]
614,logistic_regression,"{'penalty': None, 'solver': 'sag'}",0.5791132659399365,0.1039410298196996,0.17867891505661604,0.19863367706870344,0.590232698822344,0.09881529562478612,0.5914886560643701,0.18740743590236775,0.5937984496124031,0.5936820952637347,"{0: 0.6215939465030864, 1: 0.6215939465030864}","{0: 0.6215939465030864, 1: 0.6215939465030864}",0.6215939465030864,"[[432 214]
 [310 334]]",[1. 0. 1. ... 0. 0. 0.],[1. 1. 1. ... 0. 1. 0.]
297,logistic_regression,"{'penalty': None, 'solver': 'sag'}",0.5791132659399365,0.1039410298196996,0.17867891505661604,0.19863367706870344,0.590232698822344,0.09881529562478612,0.5914886560643701,0.18740743590236775,0.5937984496124031,0.5936820952637347,"{0: 0.621574716843259, 1: 0.621574716843259}","{0: 0.621574716843259, 1: 0.621574716843259}",0.621574716843259,"[[432 214]
 [310 334]]",[1. 0. 1. ... 0. 0. 0.],[1. 1. 1. ... 0. 1. 0.]
609,AdaBoost,"{'algorithm': 'SAMME', 'learning_rate': 0.6714285714285714, 'n_estimators': 41}",0.5806140149956045,0.11093500262533583,0.17859471171317762,0.21344400327178994,0.59048548189842,0.10517035052360907,0.589309576387659,0.18124774612333217,0.5906976744186047,0.5906077533988424,"{0: 0.6229856931330885, 1: 0.6229856931330885}","{0: 0.6229856931330885, 1: 0.6229856931330885}",0.6229856931330885,"[[419 227]
 [301 343]]",[1. 1. 1. ... 0. 0. 1.],[1. 1. 1. ... 0. 1. 0.]
287,logistic_regression,"{'penalty': 'l2', 'solver': 'newton-cg'}",0.5788592208394138,0.10511441779307598,0.17805290355273043,0.20207881845783907,0.5898666605955829,0.10051273813002085,0.5915834527964947,0.18741134325487463,0.5937984496124031,0.5936844989712132,"{0: 0.6206204449743284, 1: 0.6206204449743284}","{0: 0.6206204449743284, 1: 0.6206204449743284}",0.6206204449743284,"[[431 215]
 [309 335]]",[1. 0. 1. ... 0. 0. 0.],[1. 1. 1. ... 0. 1. 0.]
388,logistic_regression,"{'penalty': 'l2', 'solver': 'newton-cg'}",0.5788592208394138,0.10511441779307598,0.17805290355273043,0.20207881845783907,0.5898666605955829,0.10051273813002085,0.5915834527964947,0.18741134325487463,0.5937984496124031,0.5936844989712132,"{0: 0.6206204449743284, 1: 0.6206204449743284}","{0: 0.6206204449743284, 1: 0.6206204449743284}",0.6206204449743284,"[[431 215]
 [309 335]]",[1. 0. 1. ... 0. 0. 0.],[1. 1. 1. ... 0. 1. 0.]
307,logistic_regression,"{'penalty': 'l2', 'solver': 'newton-cg'}",0.5788592208394138,0.10511441779307598,0.17805290355273043,0.20207881845783907,0.5898666605955829,0.10051273813002085,0.5915834527964947,0.18741134325487463,0.5937984496124031,0.5936844989712132,"{0: 0.6206204449743284, 1: 0.6206204449743284}","{0: 0.6206204449743284, 1: 0.6206204449743284}",0.6206204449743284,"[[431 215]
 [309 335]]",[1. 0. 1. ... 0. 0. 0.],[1. 1. 1. ... 0. 1. 0.]
343,logistic_regression,"{'penalty': 'l2', 'solver': 'newton-cg'}",0.5788592208394138,0.10511441779307598,0.17805290355273043,0.20207881845783907,0.5898666605955829,0.10051273813002085,0.5915834527964947,0.18741134325487463,0.5937984496124031,0.5936844989712132,"{0: 0.6206204449743284, 1: 0.6206204449743284}","{0: 0.6206204449743284, 1: 0.6206204449743284}",0.6206204449743284,"[[431 215]
 [309 335]]",[1. 0. 1. ... 0. 0. 0.],[1. 1. 1. ... 0. 1. 0.]
140,logistic_regression,"{'penalty': 'l2', 'solver': 'newton-cg'}",0.5788592208394138,0.10511441779307598,0.17805290355273043,0.20207881845783907,0.5898666605955829,0.10051273813002085,0.5915834527964947,0.18741134325487463,0.5937984496124031,0.5936844989712132,"{0: 0.6206204449743284, 1: 0.6206204449743284}","{0: 0.6206204449743284, 1: 0.6206204449743284}",0.6206204449743284,"[[431 215]
 [309 335]]",[1. 0. 1. ... 0. 0. 0.],[1. 1. 1. ... 0. 1. 0.]
220,logistic_regression,"{'penalty': 'l2', 'solver': 'newton-cg'}",0.5788592208394138,0.10511441779307598,0.17805290355273043,0.20207881845783907,0.5898666605955829,0.10051273813002085,0.5915834527964947,0.18741134325487463,0.5937984496124031,0.5936844989712132,"{0: 0.6206204449743284, 1: 0.6206204449743284}","{0: 0.6206204449743284, 1: 0.6206204449743284}",0.6206204449743284,"[[431 215]
 [309 335]]",[1. 0. 1. ... 0. 0. 0.],[1. 1. 1. ... 0. 1. 0.]
46,AdaBoost,"{'algorithm': 'SAMME', 'learning_rate': 0.9163265306122448, 'n_estimators': 74}",0.5825761458267571,0.10076188978466251,0.1777931672702943,0.19790388740044096,0.5900052992912584,0.09796996704416952,0.5841830246023983,0.17041102608670566,0.5852713178294574,0.5851922004499741,"{0: 0.6180076149452916, 1: 0.6180076149452916}","{0: 0.6180076149452916, 1: 0.6180076149452916}",0.6180076149452916,"[[411 235]
 [300 344]]",[1. 1. 0. ... 0. 0. 1.],[1. 1. 1. ... 0. 1. 0.]
876,SVC,"{'C': 10, 'gamma': 0.001, 'kernel': 'rbf'}",0.5776624304976007,0.10341799403381377,0.17776487295023005,0.19909417697814988,0.5900569616982562,0.09805820174337507,0.5864620440207865,0.17961226908900307,0.5899224806201551,0.5897808780262677,"{0: 0.6219364748187605, 1: 0.6219364748187605}","{0: 0.6219364748187605, 1: 0.6219364748187605}",0.6219364748187605,"[[440 206]
 [323 321]]",[1. 0. 1. ... 0. 0. 0.],[1. 1. 1. ... 0. 1. 0.]
62,logistic_regression,"{'penalty': None, 'solver': 'sag'}",0.5786585989816608,0.10423568115496579,0.1777492967241794,0.19935762285496172,0.5897729287074014,0.09917990940479737,0.5907567959748208,0.18585864414359188,0.5930232558139535,0.5929081014556853,"{0: 0.6215771205507374, 1: 0.6215771205507374}","{0: 0.6215771205507374, 1: 0.6215771205507374}",0.6215771205507374,"[[431 215]
 [310 334]]",[1. 0. 1. ... 0. 0. 0.],[1. 1. 1. ... 0. 1. 0.]
122,logistic_regression,"{'penalty': None, 'solver': 'sag'}",0.5786585989816608,0.10423568115496579,0.1777492967241794,0.19935762285496172,0.5897729287074014,0.09917990940479737,0.5907567959748208,0.18585864414359188,0.5930232558139535,0.5929081014556853,"{0: 0.6215771205507374, 1: 0.6215771205507374}","{0: 0.6215771205507374, 1: 0.6215771205507374}",0.6215771205507374,"[[431 215]
 [310 334]]",[1. 0. 1. ... 0. 0. 0.],[1. 1. 1. ... 0. 1. 0.]
538,logistic_regression,"{'penalty': None, 'solver': 'sag'}",0.5786585989816608,0.10423568115496579,0.1777492967241794,0.19935762285496172,0.5897729287074014,0.09917990940479737,0.5907567959748208,0.18585864414359188,0.5930232558139535,0.5929081014556853,"{0: 0.6215699094283021, 1: 0.6215699094283023}","{0: 0.6215699094283021, 1: 0.6215699094283023}",0.6215699094283023,"[[431 215]
 [310 334]]",[1. 0. 1. ... 0. 0. 0.],[1. 1. 1. ... 0. 1. 0.]
200,logistic_regression,"{'penalty': None, 'solver': 'sag'}",0.5786585989816608,0.10423568115496579,0.1777492967241794,0.19935762285496172,0.5897729287074014,0.09917990940479737,0.5907567959748208,0.18585864414359188,0.5930232558139535,0.5929081014556853,"{0: 0.6216035613330001, 1: 0.621603561333}","{0: 0.6216035613330001, 1: 0.621603561333}",0.621603561333,"[[431 215]
 [310 334]]",[1. 0. 1. ... 0. 0. 0.],[1. 1. 1. ... 0. 1. 0.]
115,randomforest,"{'criterion': 'gini', 'max_features': 'log2', 'n_estimators': 355}",0.5804504872145575,0.12120281683265705,0.17752113575322903,0.23077369225284566,0.5889154035926168,0.11550662546423843,0.5813228912393006,0.1628249071007255,0.5813953488372093,0.5814159760013846,"{0: 0.6124778858911986, 1: 0.6124778858911986}","{0: 0.6124778858911986, 1: 0.6124778858911986}",0.6124778858911986,"[[367 279]
 [261 383]]",[0. 1. 1. ... 0. 0. 1.],[1. 1. 1. ... 0. 1. 0.]
551,logistic_regression,"{'penalty': 'l2', 'solver': 'lbfgs'}",0.5783942239921666,0.10541126297364298,0.17712278835505352,0.20279034120417475,0.5894068904806404,0.10086954802936762,0.5908507624013385,0.185862558934054,0.5930232558139535,0.5929105051631637,"{0: 0.6206276560967636, 1: 0.6206276560967636}","{0: 0.6206276560967636, 1: 0.6206276560967636}",0.6206276560967636,"[[430 216]
 [309 335]]",[1. 0. 1. ... 0. 0. 0.],[1. 1. 1. ... 0. 1. 0.]
170,logistic_regression,"{'penalty': 'l2', 'solver': 'sag'}",0.5783942239921666,0.10541126297364298,0.17712278835505352,0.20279034120417475,0.5894068904806404,0.10086954802936762,0.5908507624013385,0.185862558934054,0.5930232558139535,0.5929105051631637,"{0: 0.6206276560967636, 1: 0.6206276560967636}","{0: 0.6206276560967636, 1: 0.6206276560967636}",0.6206276560967636,"[[430 216]
 [309 335]]",[1. 0. 1. ... 0. 0. 0.],[1. 1. 1. ... 0. 1. 0.]
782,logistic_regression,"{'penalty': 'l2', 'solver': 'sag'}",0.5783942239921666,0.10541126297364298,0.17712278835505352,0.20279034120417475,0.5894068904806404,0.10086954802936762,0.5908507624013385,0.185862558934054,0.5930232558139535,0.5929105051631637,"{0: 0.6206300598042421, 1: 0.620630059804242}","{0: 0.6206300598042421, 1: 0.620630059804242}",0.620630059804242,"[[430 216]
 [309 335]]",[1. 0. 1. ... 0. 0. 0.],[1. 1. 1. ... 0. 1. 0.]
353,logistic_regression,"{'penalty': 'l2', 'solver': 'sag'}",0.5783942239921666,0.10541126297364298,0.17712278835505352,0.20279034120417475,0.5894068904806404,0.10086954802936762,0.5908507624013385,0.185862558934054,0.5930232558139535,0.5929105051631637,"{0: 0.6206276560967636, 1: 0.6206276560967636}","{0: 0.6206276560967636, 1: 0.6206276560967636}",0.6206276560967636,"[[430 216]
 [309 335]]",[1. 0. 1. ... 0. 0. 0.],[1. 1. 1. ... 0. 1. 0.]
104,logistic_regression,"{'penalty': 'l2', 'solver': 'sag'}",0.5783942239921666,0.10541126297364298,0.17712278835505352,0.20279034120417475,0.5894068904806404,0.10086954802936762,0.5908507624013385,0.185862558934054,0.5930232558139535,0.5929105051631637,"{0: 0.6206252523892852, 1: 0.6206252523892852}","{0: 0.6206252523892852, 1: 0.6206252523892852}",0.6206252523892852,"[[430 216]
 [309 335]]",[1. 0. 1. ... 0. 0. 0.],[1. 1. 1. ... 0. 1. 0.]
730,logistic_regression,"{'penalty': 'l2', 'solver': 'lbfgs'}",0.5783942239921666,0.10541126297364298,0.17712278835505352,0.20279034120417475,0.5894068904806404,0.10086954802936762,0.5908507624013385,0.185862558934054,0.5930232558139535,0.5929105051631637,"{0: 0.6206276560967636, 1: 0.6206276560967636}","{0: 0.6206276560967636, 1: 0.6206276560967636}",0.6206276560967636,"[[430 216]
 [309 335]]",[1. 0. 1. ... 0. 0. 0.],[1. 1. 1. ... 0. 1. 0.]
113,logistic_regression,"{'penalty': 'l2', 'solver': 'lbfgs'}",0.5783942239921666,0.10541126297364298,0.17712278835505352,0.20279034120417475,0.5894068904806404,0.10086954802936762,0.5908507624013385,0.185862558934054,0.5930232558139535,0.5929105051631637,"{0: 0.6206276560967636, 1: 0.6206276560967636}","{0: 0.6206276560967636, 1: 0.6206276560967636}",0.6206276560967636,"[[430 216]
 [309 335]]",[1. 0. 1. ... 0. 0. 0.],[1. 1. 1. ... 0. 1. 0.]
925,logistic_regression,"{'penalty': 'l2', 'solver': 'sag'}",0.5783942239921666,0.10541126297364298,0.17712278835505352,0.20279034120417475,0.5894068904806404,0.10086954802936762,0.5908507624013385,0.185862558934054,0.5930232558139535,0.5929105051631637,"{0: 0.6206348672191988, 1: 0.6206348672191989}","{0: 0.6206348672191988, 1: 0.6206348672191989}",0.6206348672191989,"[[430 216]
 [309 335]]",[1. 0. 1. ... 0. 0. 0.],[1. 1. 1. ... 0. 1. 0.]
983,logistic_regression,"{'penalty': 'l2', 'solver': 'sag'}",0.5783942239921666,0.10541126297364298,0.17712278835505352,0.20279034120417475,0.5894068904806404,0.10086954802936762,0.5908507624013385,0.185862558934054,0.5930232558139535,0.5929105051631637,"{0: 0.6206252523892852, 1: 0.6206252523892852}","{0: 0.6206252523892852, 1: 0.6206252523892852}",0.6206252523892852,"[[430 216]
 [309 335]]",[1. 0. 1. ... 0. 0. 0.],[1. 1. 1. ... 0. 1. 0.]
624,logistic_regression,"{'penalty': 'l2', 'solver': 'lbfgs'}",0.5783942239921666,0.10541126297364298,0.17712278835505352,0.20279034120417475,0.5894068904806404,0.10086954802936762,0.5908507624013385,0.185862558934054,0.5930232558139535,0.5929105051631637,"{0: 0.6206276560967636, 1: 0.6206276560967636}","{0: 0.6206276560967636, 1: 0.6206276560967636}",0.6206276560967636,"[[430 216]
 [309 335]]",[1. 0. 1. ... 0. 0. 0.],[1. 1. 1. ... 0. 1. 0.]
22,logistic_regression,"{'penalty': 'l2', 'solver': 'lbfgs'}",0.5783942239921666,0.10541126297364298,0.17712278835505352,0.20279034120417475,0.5894068904806404,0.10086954802936762,0.5908507624013385,0.185862558934054,0.5930232558139535,0.5929105051631637,"{0: 0.6206276560967636, 1: 0.6206276560967636}","{0: 0.6206276560967636, 1: 0.6206276560967636}",0.6206276560967636,"[[430 216]
 [309 335]]",[1. 0. 1. ... 0. 0. 0.],[1. 1. 1. ... 0. 1. 0.]
240,logistic_regression,"{'penalty': 'l2', 'solver': 'lbfgs'}",0.5783942239921666,0.10541126297364298,0.17712278835505352,0.20279034120417475,0.5894068904806404,0.10086954802936762,0.5908507624013385,0.185862558934054,0.5930232558139535,0.5929105051631637,"{0: 0.6206276560967636, 1: 0.6206276560967636}","{0: 0.6206276560967636, 1: 0.6206276560967636}",0.6206276560967636,"[[430 216]
 [309 335]]",[1. 0. 1. ... 0. 0. 0.],[1. 1. 1. ... 0. 1. 0.]
452,logistic_regression,"{'penalty': 'l2', 'solver': 'sag'}",0.5783942239921666,0.10541126297364298,0.17712278835505352,0.20279034120417475,0.5894068904806404,0.10086954802936762,0.5908507624013385,0.185862558934054,0.5930232558139535,0.5929105051631637,"{0: 0.6206276560967636, 1: 0.6206276560967636}","{0: 0.6206276560967636, 1: 0.6206276560967636}",0.6206276560967636,"[[430 216]
 [309 335]]",[1. 0. 1. ... 0. 0. 0.],[1. 1. 1. ... 0. 1. 0.]
19,logistic_regression,"{'penalty': 'l2', 'solver': 'sag'}",0.5783942239921666,0.10541126297364298,0.17712278835505352,0.20279034120417475,0.5894068904806404,0.10086954802936762,0.5908507624013385,0.185862558934054,0.5930232558139535,0.5929105051631637,"{0: 0.6206204449743284, 1: 0.6206204449743284}","{0: 0.6206204449743284, 1: 0.6206204449743284}",0.6206204449743284,"[[430 216]
 [309 335]]",[1. 0. 1. ... 0. 0. 0.],[1. 1. 1. ... 0. 1. 0.]
1,logistic_regression,"{'penalty': 'l2', 'solver': 'lbfgs'}",0.5783942239921666,0.10541126297364298,0.17712278835505352,0.20279034120417475,0.5894068904806404,0.10086954802936762,0.5908507624013385,0.185862558934054,0.5930232558139535,0.5929105051631637,"{0: 0.6206276560967636, 1: 0.6206276560967636}","{0: 0.6206276560967636, 1: 0.6206276560967636}",0.6206276560967636,"[[430 216]
 [309 335]]",[1. 0. 1. ... 0. 0. 0.],[1. 1. 1. ... 0. 1. 0.]
870,logistic_regression,"{'penalty': 'l2', 'solver': 'sag'}",0.5783942239921666,0.10541126297364298,0.17712278835505352,0.20279034120417475,0.5894068904806404,0.10086954802936762,0.5908507624013385,0.185862558934054,0.5930232558139535,0.5929105051631637,"{0: 0.6206324635117204, 1: 0.6206324635117204}","{0: 0.6206324635117204, 1: 0.6206324635117204}",0.6206324635117204,"[[430 216]
 [309 335]]",[1. 0. 1. ... 0. 0. 0.],[1. 1. 1. ... 0. 1. 0.]
501,logistic_regression,"{'penalty': 'l2', 'solver': 'sag'}",0.5783942239921666,0.10541126297364298,0.17712278835505352,0.20279034120417475,0.5894068904806404,0.10086954802936762,0.5908507624013385,0.185862558934054,0.5930232558139535,0.5929105051631637,"{0: 0.6206324635117204, 1: 0.6206324635117205}","{0: 0.6206324635117204, 1: 0.6206324635117205}",0.6206324635117205,"[[430 216]
 [309 335]]",[1. 0. 1. ... 0. 0. 0.],[1. 1. 1. ... 0. 1. 0.]
678,logistic_regression,"{'penalty': 'l2', 'solver': 'lbfgs'}",0.5783942239921666,0.10541126297364298,0.17712278835505352,0.20279034120417475,0.5894068904806404,0.10086954802936762,0.5908507624013385,0.185862558934054,0.5930232558139535,0.5929105051631637,"{0: 0.6206276560967636, 1: 0.6206276560967636}","{0: 0.6206276560967636, 1: 0.6206276560967636}",0.6206276560967636,"[[430 216]
 [309 335]]",[1. 0. 1. ... 0. 0. 0.],[1. 1. 1. ... 0. 1. 0.]
6,logistic_regression,"{'penalty': 'l2', 'solver': 'lbfgs'}",0.5783942239921666,0.10541126297364298,0.17712278835505352,0.20279034120417475,0.5894068904806404,0.10086954802936762,0.5908507624013385,0.185862558934054,0.5930232558139535,0.5929105051631637,"{0: 0.6206276560967636, 1: 0.6206276560967636}","{0: 0.6206276560967636, 1: 0.6206276560967636}",0.6206276560967636,"[[430 216]
 [309 335]]",[1. 0. 1. ... 0. 0. 0.],[1. 1. 1. ... 0. 1. 0.]
23,logistic_regression,"{'penalty': 'l2', 'solver': 'lbfgs'}",0.5783942239921666,0.10541126297364298,0.17712278835505352,0.20279034120417475,0.5894068904806404,0.10086954802936762,0.5908507624013385,0.185862558934054,0.5930232558139535,0.5929105051631637,"{0: 0.6206276560967636, 1: 0.6206276560967636}","{0: 0.6206276560967636, 1: 0.6206276560967636}",0.6206276560967636,"[[430 216]
 [309 335]]",[1. 0. 1. ... 0. 0. 0.],[1. 1. 1. ... 0. 1. 0.]
210,logistic_regression,"{'penalty': 'l2', 'solver': 'lbfgs'}",0.5783942239921666,0.10541126297364298,0.17712278835505352,0.20279034120417475,0.5894068904806404,0.10086954802936762,0.5908507624013385,0.185862558934054,0.5930232558139535,0.5929105051631637,"{0: 0.6206276560967636, 1: 0.6206276560967636}","{0: 0.6206276560967636, 1: 0.6206276560967636}",0.6206276560967636,"[[430 216]
 [309 335]]",[1. 0. 1. ... 0. 0. 0.],[1. 1. 1. ... 0. 1. 0.]
997,logistic_regression,"{'penalty': None, 'solver': 'saga'}",0.5779960605984179,0.10513885003026817,0.17693695228282322,0.20140145081430405,0.5893541389814702,0.10004968797949262,0.5906608064173096,0.18585472931548075,0.5930232558139535,0.5929056977482068,"{0: 0.6207478414706844, 1: 0.6207478414706844}","{0: 0.6207478414706844, 1: 0.6207478414706844}",0.6207478414706844,"[[432 214]
 [311 333]]",[1. 0. 1. ... 0. 0. 0.],[1. 1. 1. ... 0. 1. 0.]
15,logistic_regression,"{'penalty': None, 'solver': 'saga'}",0.5779960605984179,0.10513885003026817,0.17693695228282322,0.20140145081430405,0.5893541389814702,0.10004968797949262,0.5906608064173096,0.18585472931548075,0.5930232558139535,0.5929056977482068,"{0: 0.6207382266407707, 1: 0.6207382266407707}","{0: 0.6207382266407707, 1: 0.6207382266407707}",0.6207382266407707,"[[432 214]
 [311 333]]",[1. 0. 1. ... 0. 0. 0.],[1. 1. 1. ... 0. 1. 0.]
230,logistic_regression,"{'penalty': None, 'solver': 'saga'}",0.5779960605984179,0.10513885003026817,0.17693695228282322,0.20140145081430405,0.5893541389814702,0.10004968797949262,0.5906608064173096,0.18585472931548075,0.5930232558139535,0.5929056977482068,"{0: 0.620774282252947, 1: 0.620774282252947}","{0: 0.620774282252947, 1: 0.620774282252947}",0.620774282252947,"[[432 214]
 [311 333]]",[1. 0. 1. ... 0. 0. 0.],[1. 1. 1. ... 0. 1. 0.]
86,logistic_regression,"{'penalty': None, 'solver': 'saga'}",0.5779960605984179,0.10513885003026817,0.17693695228282322,0.20140145081430405,0.5893541389814702,0.10004968797949262,0.5906608064173096,0.18585472931548075,0.5930232558139535,0.5929056977482068,"{0: 0.6208175489875585, 1: 0.6208175489875584}","{0: 0.6208175489875585, 1: 0.6208175489875584}",0.6208175489875584,"[[432 214]
 [311 333]]",[1. 0. 1. ... 0. 0. 0.],[1. 1. 1. ... 0. 1. 0.]
320,logistic_regression,"{'penalty': None, 'solver': 'saga'}",0.5779960605984179,0.10513885003026817,0.17693695228282322,0.20140145081430405,0.5893541389814702,0.10004968797949262,0.5906608064173096,0.18585472931548075,0.5930232558139535,0.5929056977482068,"{0: 0.6208007230352096, 1: 0.6208007230352095}","{0: 0.6208007230352096, 1: 0.6208007230352095}",0.6208007230352095,"[[432 214]
 [311 333]]",[1. 0. 1. ... 0. 0. 0.],[1. 1. 1. ... 0. 1. 0.]
756,AdaBoost,"{'algorithm': 'SAMME.R', 'learning_rate': 0.26326530612244897, 'n_estimators': 74}",0.5822796252517115,0.09337058513967803,0.17688322822381053,0.18438925342588736,0.589863117189684,0.09106540362818424,0.5835651384368556,0.16887038301391466,0.5844961240310077,0.5844230140568814,"{0: 0.6107087571870854, 1: 0.6107087571870853}","{0: 0.6107087571870854, 1: 0.6107087571870853}",0.6107087571870853,"[[408 238]
 [298 346]]",[1. 0. 1. ... 0. 0. 1.],[1. 1. 1. ... 0. 1. 0.]
290,SVC,"{'C': 1000, 'gamma': 0.0001, 'kernel': 'sigmoid'}",0.5785324725419092,0.09613515146636387,0.17621852071772004,0.18840400757529124,0.5888134355293214,0.09374805902583154,0.5821211669145498,0.17031927350191023,0.5852713178294574,0.5851369151779705,"{0: 0.6194774820683423, 1: 0.6194774820683422}","{0: 0.6194774820683423, 1: 0.6194774820683422}",0.6194774820683422,"[[434 212]
 [323 321]]",[1. 0. 1. ... 0. 0. 0.],[1. 1. 1. ... 0. 1. 0.]
489,AdaBoost,"{'algorithm': 'SAMME', 'learning_rate': 0.7530612244897958, 'n_estimators': 30}",0.5797344583004499,0.09920241572654236,0.17607539118236826,0.19060235910184103,0.5890628932256156,0.09465574332059543,0.5810741126368089,0.16420849170230722,0.5821705426356589,0.582091417802819,"{0: 0.618804443974386, 1: 0.618804443974386}","{0: 0.618804443974386, 1: 0.618804443974386}",0.618804443974386,"[[409 237]
 [302 342]]",[1. 1. 1. ... 0. 0. 1.],[1. 1. 1. ... 0. 1. 0.]
222,randomforest,"{'criterion': 'entropy', 'max_features': 'sqrt', 'n_estimators': 41}",0.5802181142666044,0.1064277771225391,0.17596483033850294,0.20368086899324603,0.588112722478997,0.10231327001381817,0.5813832741674516,0.16280478424736566,0.5813953488372093,0.5814039574639924,"{0: 0.6053917562448322, 1: 0.6053917562448321}","{0: 0.6053917562448322, 1: 0.6053917562448321}",0.6053917562448321,"[[372 274]
 [266 378]]",[1. 1. 1. ... 0. 0. 1.],[1. 1. 1. ... 0. 1. 0.]
76,logistic_regression,"{'penalty': 'l2', 'solver': 'saga'}",0.5773149115385121,0.10741683746793033,0.17577456530386296,0.20637191446097758,0.5888166855830892,0.10247243941164018,0.5900246110132753,0.1843098598321833,0.5922480620155038,0.5921341076476357,"{0: 0.6205098744303214, 1: 0.6205098744303214}","{0: 0.6205098744303214, 1: 0.6205098744303214}",0.6205098744303214,"[[430 216]
 [310 334]]",[1. 0. 1. ... 0. 0. 0.],[1. 1. 1. ... 0. 1. 0.]
757,logistic_regression,"{'penalty': 'l2', 'solver': 'saga'}",0.5773149115385121,0.10741683746793033,0.17577456530386296,0.20637191446097758,0.5888166855830892,0.10247243941164018,0.5900246110132753,0.1843098598321833,0.5922480620155038,0.5921341076476357,"{0: 0.620507470722843, 1: 0.6205074707228428}","{0: 0.620507470722843, 1: 0.6205074707228428}",0.6205074707228428,"[[430 216]
 [310 334]]",[1. 0. 1. ... 0. 0. 0.],[1. 1. 1. ... 0. 1. 0.]
526,logistic_regression,"{'penalty': 'l2', 'solver': 'saga'}",0.5773149115385121,0.10741683746793033,0.17577456530386296,0.20637191446097758,0.5888166855830892,0.10247243941164018,0.5900246110132753,0.1843098598321833,0.5922480620155038,0.5921341076476357,"{0: 0.620507470722843, 1: 0.620507470722843}","{0: 0.620507470722843, 1: 0.620507470722843}",0.620507470722843,"[[430 216]
 [310 334]]",[1. 0. 1. ... 0. 0. 0.],[1. 1. 1. ... 0. 1. 0.]
575,logistic_regression,"{'penalty': 'l2', 'solver': 'saga'}",0.5773149115385121,0.10741683746793033,0.17577456530386296,0.20637191446097758,0.5888166855830892,0.10247243941164018,0.5900246110132753,0.1843098598321833,0.5922480620155038,0.5921341076476357,"{0: 0.6205146818452781, 1: 0.6205146818452782}","{0: 0.6205146818452781, 1: 0.6205146818452782}",0.6205146818452782,"[[430 216]
 [310 334]]",[1. 0. 1. ... 0. 0. 0.],[1. 1. 1. ... 0. 1. 0.]
704,logistic_regression,"{'penalty': 'l2', 'solver': 'saga'}",0.5773149115385121,0.10741683746793033,0.17577456530386296,0.20637191446097758,0.5888166855830892,0.10247243941164018,0.5900246110132753,0.1843098598321833,0.5922480620155038,0.5921341076476357,"{0: 0.6205146818452781, 1: 0.6205146818452782}","{0: 0.6205146818452781, 1: 0.6205146818452782}",0.6205146818452782,"[[430 216]
 [310 334]]",[1. 0. 1. ... 0. 0. 0.],[1. 1. 1. ... 0. 1. 0.]
429,logistic_regression,"{'penalty': 'l2', 'solver': 'saga'}",0.5773149115385121,0.10741683746793033,0.17577456530386296,0.20637191446097758,0.5888166855830892,0.10247243941164018,0.5900246110132753,0.1843098598321833,0.5922480620155038,0.5921341076476357,"{0: 0.6205098744303214, 1: 0.6205098744303214}","{0: 0.6205098744303214, 1: 0.6205098744303214}",0.6205098744303214,"[[430 216]
 [310 334]]",[1. 0. 1. ... 0. 0. 0.],[1. 1. 1. ... 0. 1. 0.]
251,logistic_regression,"{'penalty': 'l2', 'solver': 'saga'}",0.5773149115385121,0.10741683746793033,0.17577456530386296,0.20637191446097758,0.5888166855830892,0.10247243941164018,0.5900246110132753,0.1843098598321833,0.5922480620155038,0.5921341076476357,"{0: 0.6205122781377999, 1: 0.6205122781377999}","{0: 0.6205122781377999, 1: 0.6205122781377999}",0.6205122781377999,"[[430 216]
 [310 334]]",[1. 0. 1. ... 0. 0. 0.],[1. 1. 1. ... 0. 1. 0.]
841,logistic_regression,"{'penalty': 'l2', 'solver': 'saga'}",0.5773149115385121,0.10741683746793033,0.17577456530386296,0.20637191446097758,0.5888166855830892,0.10247243941164018,0.5900246110132753,0.1843098598321833,0.5922480620155038,0.5921341076476357,"{0: 0.6205050670153646, 1: 0.6205050670153646}","{0: 0.6205050670153646, 1: 0.6205050670153646}",0.6205050670153646,"[[430 216]
 [310 334]]",[1. 0. 1. ... 0. 0. 0.],[1. 1. 1. ... 0. 1. 0.]
4,logistic_regression,"{'penalty': 'l2', 'solver': 'saga'}",0.5773149115385121,0.10741683746793033,0.17577456530386296,0.20637191446097758,0.5888166855830892,0.10247243941164018,0.5900246110132753,0.1843098598321833,0.5922480620155038,0.5921341076476357,"{0: 0.620507470722843, 1: 0.620507470722843}","{0: 0.620507470722843, 1: 0.620507470722843}",0.620507470722843,"[[430 216]
 [310 334]]",[1. 0. 1. ... 0. 0. 0.],[1. 1. 1. ... 0. 1. 0.]
479,logistic_regression,"{'penalty': 'l2', 'solver': 'saga'}",0.5773149115385121,0.10741683746793033,0.17577456530386296,0.20637191446097758,0.5888166855830892,0.10247243941164018,0.5900246110132753,0.1843098598321833,0.5922480620155038,0.5921341076476357,"{0: 0.6205146818452781, 1: 0.6205146818452782}","{0: 0.6205146818452781, 1: 0.6205146818452782}",0.6205146818452782,"[[430 216]
 [310 334]]",[1. 0. 1. ... 0. 0. 0.],[1. 1. 1. ... 0. 1. 0.]
955,logistic_regression,"{'penalty': 'l2', 'solver': 'saga'}",0.5773149115385121,0.10741683746793033,0.17577456530386296,0.20637191446097758,0.5888166855830892,0.10247243941164018,0.5900246110132753,0.1843098598321833,0.5922480620155038,0.5921341076476357,"{0: 0.6205339115051055, 1: 0.6205339115051054}","{0: 0.6205339115051055, 1: 0.6205339115051054}",0.6205339115051054,"[[430 216]
 [310 334]]",[1. 0. 1. ... 0. 0. 0.],[1. 1. 1. ... 0. 1. 0.]
651,logistic_regression,"{'penalty': 'l2', 'solver': 'saga'}",0.5773149115385121,0.10741683746793033,0.17577456530386296,0.20637191446097758,0.5888166855830892,0.10247243941164018,0.5900246110132753,0.1843098598321833,0.5922480620155038,0.5921341076476357,"{0: 0.6205218929677134, 1: 0.6205218929677134}","{0: 0.6205218929677134, 1: 0.6205218929677134}",0.6205218929677134,"[[430 216]
 [310 334]]",[1. 0. 1. ... 0. 0. 0.],[1. 1. 1. ... 0. 1. 0.]
189,logistic_regression,"{'penalty': 'l2', 'solver': 'saga'}",0.5773149115385121,0.10741683746793033,0.17577456530386296,0.20637191446097758,0.5888166855830892,0.10247243941164018,0.5900246110132753,0.1843098598321833,0.5922480620155038,0.5921341076476357,"{0: 0.6205170855527565, 1: 0.6205170855527566}","{0: 0.6205170855527565, 1: 0.6205170855527566}",0.6205170855527566,"[[430 216]
 [310 334]]",[1. 0. 1. ... 0. 0. 0.],[1. 1. 1. ... 0. 1. 0.]
898,logistic_regression,"{'penalty': 'l2', 'solver': 'saga'}",0.5773149115385121,0.10741683746793033,0.17577456530386296,0.20637191446097758,0.5888166855830892,0.10247243941164018,0.5900246110132753,0.1843098598321833,0.5922480620155038,0.5921341076476357,"{0: 0.6205122781377997, 1: 0.6205122781377997}","{0: 0.6205122781377997, 1: 0.6205122781377997}",0.6205122781377997,"[[430 216]
 [310 334]]",[1. 0. 1. ... 0. 0. 0.],[1. 1. 1. ... 0. 1. 0.]
664,AdaBoost,"{'algorithm': 'SAMME', 'learning_rate': 0.9163265306122448, 'n_estimators': 85}",0.5804108246227415,0.10261294821761828,0.1756112719050432,0.2003247371921659,0.5887138673140889,0.09941599598178351,0.5837396454312727,0.16888237132485517,0.5844961240310077,0.5844302251793165,"{0: 0.6160233544218603, 1: 0.6160233544218603}","{0: 0.6160233544218603, 1: 0.6160233544218603}",0.6160233544218603,"[[405 241]
 [295 349]]",[1. 1. 0. ... 0. 0. 1.],[1. 1. 1. ... 0. 1. 0.]
621,AdaBoost,"{'algorithm': 'SAMME.R', 'learning_rate': 0.1816326530612245, 'n_estimators': 63}",0.5823468156649695,0.09803562712783936,0.17552628797819142,0.19494077113504513,0.5890314501943841,0.0966403329384404,0.5847167683069092,0.17194772473746966,0.586046511627907,0.5859589831355883,"{0: 0.6153635367190354, 1: 0.6153635367190354}","{0: 0.6153635367190354, 1: 0.6153635367190354}",0.6153635367190354,"[[415 231]
 [303 341]]",[1. 0. 1. ... 0. 0. 1.],[1. 1. 1. ... 0. 1. 0.]
721,randomforest,"{'criterion': 'entropy', 'max_features': 'sqrt', 'n_estimators': 133}",0.5804790949423274,0.1104064839180214,0.17549755222035301,0.2077729507303516,0.5878967183061179,0.10383199289539877,0.5820492367503141,0.16438527377916445,0.5821705426356589,0.5821971809318693,"{0: 0.6104311289733285, 1: 0.6104311289733284}","{0: 0.6104311289733285, 1: 0.6104311289733284}",0.6104311289733284,"[[365 281]
 [258 386]]",[1. 1. 1. ... 0. 0. 1.],[1. 1. 1. ... 0. 1. 0.]
225,SVC,"{'C': 100, 'gamma': 0.001, 'kernel': 'sigmoid'}",0.5773850547192853,0.09685522162854125,0.1742946025068367,0.18915221226579942,0.587859488937804,0.0943621257728184,0.581650931815271,0.17030331445883085,0.5852713178294574,0.5851273003480568,"{0: 0.6212406015037595, 1: 0.6212406015037594}","{0: 0.6212406015037595, 1: 0.6212406015037594}",0.6212406015037594,"[[438 208]
 [327 317]]",[1. 0. 1. ... 0. 0. 0.],[1. 1. 1. ... 0. 1. 0.]
553,randomforest,"{'criterion': 'gini', 'max_features': 'log2', 'n_estimators': 453}",0.5789945326179032,0.12908458879775533,0.17325457721613166,0.24580952748790474,0.5866932343162382,0.12317410636324944,0.5772910269080348,0.1550996863395464,0.5775193798449613,0.5775556217910505,"{0: 0.6098037613214622, 1: 0.6098037613214622}","{0: 0.6098037613214622, 1: 0.6098037613214622}",0.6098037613214622,"[[358 288]
 [257 387]]",[1. 1. 1. ... 0. 0. 1.],[1. 1. 1. ... 0. 1. 0.]
931,randomforest,"{'criterion': 'gini', 'max_features': 'log2', 'n_estimators': 203}",0.5792835472770601,0.11422507710329331,0.17320206455771722,0.2157432270713907,0.5869207613311047,0.10750186800834899,0.5789688194188888,0.1581800045668137,0.5790697674418605,0.579093994577236,"{0: 0.6131509239851546, 1: 0.6131509239851548}","{0: 0.6131509239851546, 1: 0.6131509239851548}",0.6131509239851548,"[[364 282]
 [261 383]]",[1. 1. 1. ... 0. 0. 1.],[1. 1. 1. ... 0. 1. 0.]
691,logistic_regression,"{'penalty': None, 'solver': 'newton-cg'}",0.5762247945156014,0.10212009140615237,0.17317487978078472,0.1938860289697024,0.5875035431974978,0.0964855734412854,0.593234719306772,0.1905167190790802,0.5953488372093023,0.5952372940022691,"{0: 0.622026613849201, 1: 0.622026613849201}","{0: 0.622026613849201, 1: 0.622026613849201}",0.622026613849201,"[[431 215]
 [307 337]]",[1. 0. 1. ... 0. 0. 0.],[1. 1. 1. ... 0. 1. 0.]
514,logistic_regression,"{'penalty': None, 'solver': 'newton-cg'}",0.5762247945156014,0.10212009140615237,0.17317487978078472,0.1938860289697024,0.5875035431974978,0.0964855734412854,0.593234719306772,0.1905167190790802,0.5953488372093023,0.5952372940022691,"{0: 0.622026613849201, 1: 0.622026613849201}","{0: 0.622026613849201, 1: 0.622026613849201}",0.622026613849201,"[[431 215]
 [307 337]]",[1. 0. 1. ... 0. 0. 0.],[1. 1. 1. ... 0. 1. 0.]
94,logistic_regression,"{'penalty': None, 'solver': 'newton-cg'}",0.5762247945156014,0.10212009140615237,0.17317487978078472,0.1938860289697024,0.5875035431974978,0.0964855734412854,0.593234719306772,0.1905167190790802,0.5953488372093023,0.5952372940022691,"{0: 0.622026613849201, 1: 0.622026613849201}","{0: 0.622026613849201, 1: 0.622026613849201}",0.622026613849201,"[[431 215]
 [307 337]]",[1. 0. 1. ... 0. 0. 0.],[1. 1. 1. ... 0. 1. 0.]
638,logistic_regression,"{'penalty': None, 'solver': 'newton-cg'}",0.5762247945156014,0.10212009140615237,0.17317487978078472,0.1938860289697024,0.5875035431974978,0.0964855734412854,0.593234719306772,0.1905167190790802,0.5953488372093023,0.5952372940022691,"{0: 0.622026613849201, 1: 0.622026613849201}","{0: 0.622026613849201, 1: 0.622026613849201}",0.622026613849201,"[[431 215]
 [307 337]]",[1. 0. 1. ... 0. 0. 0.],[1. 1. 1. ... 0. 1. 0.]
829,logistic_regression,"{'penalty': None, 'solver': 'newton-cg'}",0.5762247945156014,0.10212009140615237,0.17317487978078472,0.1938860289697024,0.5875035431974978,0.0964855734412854,0.593234719306772,0.1905167190790802,0.5953488372093023,0.5952372940022691,"{0: 0.622026613849201, 1: 0.622026613849201}","{0: 0.622026613849201, 1: 0.622026613849201}",0.622026613849201,"[[431 215]
 [307 337]]",[1. 0. 1. ... 0. 0. 0.],[1. 1. 1. ... 0. 1. 0.]
465,logistic_regression,"{'penalty': None, 'solver': 'newton-cg'}",0.5762247945156014,0.10212009140615237,0.17317487978078472,0.1938860289697024,0.5875035431974978,0.0964855734412854,0.593234719306772,0.1905167190790802,0.5953488372093023,0.5952372940022691,"{0: 0.622026613849201, 1: 0.622026613849201}","{0: 0.622026613849201, 1: 0.622026613849201}",0.622026613849201,"[[431 215]
 [307 337]]",[1. 0. 1. ... 0. 0. 0.],[1. 1. 1. ... 0. 1. 0.]
743,logistic_regression,"{'penalty': None, 'solver': 'newton-cg'}",0.5762247945156014,0.10212009140615237,0.17317487978078472,0.1938860289697024,0.5875035431974978,0.0964855734412854,0.593234719306772,0.1905167190790802,0.5953488372093023,0.5952372940022691,"{0: 0.622026613849201, 1: 0.622026613849201}","{0: 0.622026613849201, 1: 0.622026613849201}",0.622026613849201,"[[431 215]
 [307 337]]",[1. 0. 1. ... 0. 0. 0.],[1. 1. 1. ... 0. 1. 0.]
13,logistic_regression,"{'penalty': None, 'solver': 'newton-cg'}",0.5762247945156014,0.10212009140615237,0.17317487978078472,0.1938860289697024,0.5875035431974978,0.0964855734412854,0.593234719306772,0.1905167190790802,0.5953488372093023,0.5952372940022691,"{0: 0.622026613849201, 1: 0.622026613849201}","{0: 0.622026613849201, 1: 0.622026613849201}",0.622026613849201,"[[431 215]
 [307 337]]",[1. 0. 1. ... 0. 0. 0.],[1. 1. 1. ... 0. 1. 0.]
884,logistic_regression,"{'penalty': None, 'solver': 'newton-cg'}",0.5762247945156014,0.10212009140615237,0.17317487978078472,0.1938860289697024,0.5875035431974978,0.0964855734412854,0.593234719306772,0.1905167190790802,0.5953488372093023,0.5952372940022691,"{0: 0.622026613849201, 1: 0.622026613849201}","{0: 0.622026613849201, 1: 0.622026613849201}",0.622026613849201,"[[431 215]
 [307 337]]",[1. 0. 1. ... 0. 0. 0.],[1. 1. 1. ... 0. 1. 0.]
562,logistic_regression,"{'penalty': None, 'solver': 'newton-cg'}",0.5762247945156014,0.10212009140615237,0.17317487978078472,0.1938860289697024,0.5875035431974978,0.0964855734412854,0.593234719306772,0.1905167190790802,0.5953488372093023,0.5952372940022691,"{0: 0.622026613849201, 1: 0.622026613849201}","{0: 0.622026613849201, 1: 0.622026613849201}",0.622026613849201,"[[431 215]
 [307 337]]",[1. 0. 1. ... 0. 0. 0.],[1. 1. 1. ... 0. 1. 0.]
942,logistic_regression,"{'penalty': None, 'solver': 'newton-cg'}",0.5762247945156014,0.10212009140615237,0.17317487978078472,0.1938860289697024,0.5875035431974978,0.0964855734412854,0.593234719306772,0.1905167190790802,0.5953488372093023,0.5952372940022691,"{0: 0.622026613849201, 1: 0.622026613849201}","{0: 0.622026613849201, 1: 0.622026613849201}",0.622026613849201,"[[431 215]
 [307 337]]",[1. 0. 1. ... 0. 0. 0.],[1. 1. 1. ... 0. 1. 0.]
18,logistic_regression,"{'penalty': None, 'solver': 'newton-cg'}",0.5762247945156014,0.10212009140615237,0.17317487978078472,0.1938860289697024,0.5875035431974978,0.0964855734412854,0.593234719306772,0.1905167190790802,0.5953488372093023,0.5952372940022691,"{0: 0.622026613849201, 1: 0.622026613849201}","{0: 0.622026613849201, 1: 0.622026613849201}",0.622026613849201,"[[431 215]
 [307 337]]",[1. 0. 1. ... 0. 0. 0.],[1. 1. 1. ... 0. 1. 0.]
8,logistic_regression,"{'penalty': None, 'solver': 'newton-cg'}",0.5762247945156014,0.10212009140615237,0.17317487978078472,0.1938860289697024,0.5875035431974978,0.0964855734412854,0.593234719306772,0.1905167190790802,0.5953488372093023,0.5952372940022691,"{0: 0.622026613849201, 1: 0.622026613849201}","{0: 0.622026613849201, 1: 0.622026613849201}",0.622026613849201,"[[431 215]
 [307 337]]",[1. 0. 1. ... 0. 0. 0.],[1. 1. 1. ... 0. 1. 0.]
161,logistic_regression,"{'penalty': None, 'solver': 'newton-cg'}",0.5762247945156014,0.10212009140615237,0.17317487978078472,0.1938860289697024,0.5875035431974978,0.0964855734412854,0.593234719306772,0.1905167190790802,0.5953488372093023,0.5952372940022691,"{0: 0.622026613849201, 1: 0.622026613849201}","{0: 0.622026613849201, 1: 0.622026613849201}",0.622026613849201,"[[431 215]
 [307 337]]",[1. 0. 1. ... 0. 0. 0.],[1. 1. 1. ... 0. 1. 0.]
355,randomforest,"{'criterion': 'entropy', 'max_features': 'log2', 'n_estimators': 39}",0.5777466772898774,0.12759538094123785,0.17315151887099792,0.2426203401570231,0.5865022059878724,0.12142564015337824,0.5712809891184012,0.14266038837891826,0.5713178294573643,0.5713324231294349,"{0: 0.6024964905870815, 1: 0.6024964905870814}","{0: 0.6024964905870815, 1: 0.6024964905870814}",0.6024964905870814,"[[363 283]
 [270 374]]",[1. 1. 1. ... 0. 0. 1.],[1. 1. 1. ... 0. 1. 0.]
547,knn,{'n_neighbors': 15},0.5778291375331063,0.09754872714591373,0.17305610722981504,0.18598936724351203,0.5861457239860688,0.09339985007350446,0.5759735940400652,0.15337644541673678,0.5767441860465117,0.5766782685614291,"{0: 0.6205543430186721, 1: 0.620554343018672}","{0: 0.6205543430186721, 1: 0.620554343018672}",0.620554343018672,"[[400 246]
 [300 344]]",[1. 1. 1. ... 0. 0. 1.],[1. 1. 1. ... 0. 1. 0.]
700,knn,{'n_neighbors': 15},0.5778291375331063,0.09754872714591373,0.17305610722981504,0.18598936724351203,0.5861457239860688,0.09339985007350446,0.5759735940400652,0.15337644541673678,0.5767441860465117,0.5766782685614291,"{0: 0.6205543430186721, 1: 0.620554343018672}","{0: 0.6205543430186721, 1: 0.620554343018672}",0.620554343018672,"[[400 246]
 [300 344]]",[1. 1. 1. ... 0. 0. 1.],[1. 1. 1. ... 0. 1. 0.]
440,knn,{'n_neighbors': 15},0.5778291375331063,0.09754872714591373,0.17305610722981504,0.18598936724351203,0.5861457239860688,0.09339985007350446,0.5759735940400652,0.15337644541673678,0.5767441860465117,0.5766782685614291,"{0: 0.6205543430186721, 1: 0.620554343018672}","{0: 0.6205543430186721, 1: 0.620554343018672}",0.620554343018672,"[[400 246]
 [300 344]]",[1. 1. 1. ... 0. 0. 1.],[1. 1. 1. ... 0. 1. 0.]
958,knn,{'n_neighbors': 15},0.5778291375331063,0.09754872714591373,0.17305610722981504,0.18598936724351203,0.5861457239860688,0.09339985007350446,0.5759735940400652,0.15337644541673678,0.5767441860465117,0.5766782685614291,"{0: 0.6205543430186721, 1: 0.620554343018672}","{0: 0.6205543430186721, 1: 0.620554343018672}",0.620554343018672,"[[400 246]
 [300 344]]",[1. 1. 1. ... 0. 0. 1.],[1. 1. 1. ... 0. 1. 0.]
903,knn,{'n_neighbors': 15},0.5778291375331063,0.09754872714591373,0.17305610722981504,0.18598936724351203,0.5861457239860688,0.09339985007350446,0.5759735940400652,0.15337644541673678,0.5767441860465117,0.5766782685614291,"{0: 0.6205543430186721, 1: 0.620554343018672}","{0: 0.6205543430186721, 1: 0.620554343018672}",0.620554343018672,"[[400 246]
 [300 344]]",[1. 1. 1. ... 0. 0. 1.],[1. 1. 1. ... 0. 1. 0.]
221,knn,{'n_neighbors': 15},0.5778291375331063,0.09754872714591373,0.17305610722981504,0.18598936724351203,0.5861457239860688,0.09339985007350446,0.5759735940400652,0.15337644541673678,0.5767441860465117,0.5766782685614291,"{0: 0.6205543430186721, 1: 0.620554343018672}","{0: 0.6205543430186721, 1: 0.620554343018672}",0.620554343018672,"[[400 246]
 [300 344]]",[1. 1. 1. ... 0. 0. 1.],[1. 1. 1. ... 0. 1. 0.]
498,knn,{'n_neighbors': 15},0.5778291375331063,0.09754872714591373,0.17305610722981504,0.18598936724351203,0.5861457239860688,0.09339985007350446,0.5759735940400652,0.15337644541673678,0.5767441860465117,0.5766782685614291,"{0: 0.6205543430186721, 1: 0.620554343018672}","{0: 0.6205543430186721, 1: 0.620554343018672}",0.620554343018672,"[[400 246]
 [300 344]]",[1. 1. 1. ... 0. 0. 1.],[1. 1. 1. ... 0. 1. 0.]
171,knn,{'n_neighbors': 15},0.5778291375331063,0.09754872714591373,0.17305610722981504,0.18598936724351203,0.5861457239860688,0.09339985007350446,0.5759735940400652,0.15337644541673678,0.5767441860465117,0.5766782685614291,"{0: 0.6205543430186721, 1: 0.620554343018672}","{0: 0.6205543430186721, 1: 0.620554343018672}",0.620554343018672,"[[400 246]
 [300 344]]",[1. 1. 1. ... 0. 0. 1.],[1. 1. 1. ... 0. 1. 0.]
803,knn,{'n_neighbors': 15},0.5778291375331063,0.09754872714591373,0.17305610722981504,0.18598936724351203,0.5861457239860688,0.09339985007350446,0.5759735940400652,0.15337644541673678,0.5767441860465117,0.5766782685614291,"{0: 0.6205543430186721, 1: 0.620554343018672}","{0: 0.6205543430186721, 1: 0.620554343018672}",0.620554343018672,"[[400 246]
 [300 344]]",[1. 1. 1. ... 0. 0. 1.],[1. 1. 1. ... 0. 1. 0.]
855,knn,{'n_neighbors': 15},0.5778291375331063,0.09754872714591373,0.17305610722981504,0.18598936724351203,0.5861457239860688,0.09339985007350446,0.5759735940400652,0.15337644541673678,0.5767441860465117,0.5766782685614291,"{0: 0.6205543430186721, 1: 0.620554343018672}","{0: 0.6205543430186721, 1: 0.620554343018672}",0.620554343018672,"[[400 246]
 [300 344]]",[1. 1. 1. ... 0. 0. 1.],[1. 1. 1. ... 0. 1. 0.]
338,knn,{'n_neighbors': 15},0.5778291375331063,0.09754872714591373,0.17305610722981504,0.18598936724351203,0.5861457239860688,0.09339985007350446,0.5759735940400652,0.15337644541673678,0.5767441860465117,0.5766782685614291,"{0: 0.6205543430186721, 1: 0.620554343018672}","{0: 0.6205543430186721, 1: 0.620554343018672}",0.620554343018672,"[[400 246]
 [300 344]]",[1. 1. 1. ... 0. 0. 1.],[1. 1. 1. ... 0. 1. 0.]
598,knn,{'n_neighbors': 15},0.5778291375331063,0.09754872714591373,0.17305610722981504,0.18598936724351203,0.5861457239860688,0.09339985007350446,0.5759735940400652,0.15337644541673678,0.5767441860465117,0.5766782685614291,"{0: 0.6205543430186721, 1: 0.620554343018672}","{0: 0.6205543430186721, 1: 0.620554343018672}",0.620554343018672,"[[400 246]
 [300 344]]",[1. 1. 1. ... 0. 0. 1.],[1. 1. 1. ... 0. 1. 0.]
43,knn,{'n_neighbors': 15},0.5778291375331063,0.09754872714591373,0.17305610722981504,0.18598936724351203,0.5861457239860688,0.09339985007350446,0.5759735940400652,0.15337644541673678,0.5767441860465117,0.5766782685614291,"{0: 0.6205543430186721, 1: 0.620554343018672}","{0: 0.6205543430186721, 1: 0.620554343018672}",0.620554343018672,"[[400 246]
 [300 344]]",[1. 1. 1. ... 0. 0. 1.],[1. 1. 1. ... 0. 1. 0.]
279,knn,{'n_neighbors': 15},0.5778291375331063,0.09754872714591373,0.17305610722981504,0.18598936724351203,0.5861457239860688,0.09339985007350446,0.5759735940400652,0.15337644541673678,0.5767441860465117,0.5766782685614291,"{0: 0.6205543430186721, 1: 0.620554343018672}","{0: 0.6205543430186721, 1: 0.620554343018672}",0.620554343018672,"[[400 246]
 [300 344]]",[1. 1. 1. ... 0. 0. 1.],[1. 1. 1. ... 0. 1. 0.]
754,knn,{'n_neighbors': 15},0.5778291375331063,0.09754872714591373,0.17305610722981504,0.18598936724351203,0.5861457239860688,0.09339985007350446,0.5759735940400652,0.15337644541673678,0.5767441860465117,0.5766782685614291,"{0: 0.6205543430186721, 1: 0.620554343018672}","{0: 0.6205543430186721, 1: 0.620554343018672}",0.620554343018672,"[[400 246]
 [300 344]]",[1. 1. 1. ... 0. 0. 1.],[1. 1. 1. ... 0. 1. 0.]
393,knn,{'n_neighbors': 15},0.5778291375331063,0.09754872714591373,0.17305610722981504,0.18598936724351203,0.5861457239860688,0.09339985007350446,0.5759735940400652,0.15337644541673678,0.5767441860465117,0.5766782685614291,"{0: 0.6205543430186721, 1: 0.620554343018672}","{0: 0.6205543430186721, 1: 0.620554343018672}",0.620554343018672,"[[400 246]
 [300 344]]",[1. 1. 1. ... 0. 0. 1.],[1. 1. 1. ... 0. 1. 0.]
114,knn,{'n_neighbors': 15},0.5778291375331063,0.09754872714591373,0.17305610722981504,0.18598936724351203,0.5861457239860688,0.09339985007350446,0.5759735940400652,0.15337644541673678,0.5767441860465117,0.5766782685614291,"{0: 0.6205543430186721, 1: 0.620554343018672}","{0: 0.6205543430186721, 1: 0.620554343018672}",0.620554343018672,"[[400 246]
 [300 344]]",[1. 1. 1. ... 0. 0. 1.],[1. 1. 1. ... 0. 1. 0.]
648,knn,{'n_neighbors': 15},0.5778291375331063,0.09754872714591373,0.17305610722981504,0.18598936724351203,0.5861457239860688,0.09339985007350446,0.5759735940400652,0.15337644541673678,0.5767441860465117,0.5766782685614291,"{0: 0.6205543430186721, 1: 0.620554343018672}","{0: 0.6205543430186721, 1: 0.620554343018672}",0.620554343018672,"[[400 246]
 [300 344]]",[1. 1. 1. ... 0. 0. 1.],[1. 1. 1. ... 0. 1. 0.]
959,randomforest,"{'criterion': 'gini', 'max_features': 'sqrt', 'n_estimators': 25}",0.5779828909631133,0.0914321999267795,0.17292164768825413,0.17284533186924245,0.5861742282045096,0.08669774046338291,0.5874164103913132,0.17524732485362415,0.5875968992248062,0.5876295598330865,"{0: 0.6072798684691267, 1: 0.6072798684691267}","{0: 0.6072798684691267, 1: 0.6072798684691267}",0.6072798684691267,"[[366 280]
 [252 392]]",[1. 1. 1. ... 0. 0. 1.],[1. 1. 1. ... 0. 1. 0.]
213,randomforest,"{'criterion': 'gini', 'max_features': None, 'n_estimators': 169}",0.5785966922570822,0.12488820425172009,0.17269347548554698,0.24006703131635365,0.5861053300713812,0.12017009076544637,0.5796873580171609,0.15974041581540677,0.57984496124031,0.5798751995077207,"{0: 0.6109551372036228, 1: 0.6109551372036228}","{0: 0.6109551372036228, 1: 0.6109551372036228}",0.6109551372036228,"[[362 284]
 [258 386]]",[1. 1. 1. ... 0. 0. 1.],[1. 1. 1. ... 0. 1. 0.]
769,logistic_regression,"{'penalty': None, 'solver': 'lbfgs'}",0.5756175158143663,0.10210831228207248,0.1718497604147551,0.1939263125291591,0.5868478054925796,0.0965209648269239,0.5925010219585634,0.18896793473948925,0.5945736434108527,0.5944633001942196,"{0: 0.6221011287810319, 1: 0.6221011287810319}","{0: 0.6221011287810319, 1: 0.6221011287810319}",0.6221011287810319,"[[430 216]
 [307 337]]",[1. 0. 1. ... 0. 0. 0.],[1. 1. 1. ... 0. 1. 0.]
856,logistic_regression,"{'penalty': None, 'solver': 'lbfgs'}",0.5756175158143663,0.10210831228207248,0.1718497604147551,0.1939263125291591,0.5868478054925796,0.0965209648269239,0.5925010219585634,0.18896793473948925,0.5945736434108527,0.5944633001942196,"{0: 0.6221011287810319, 1: 0.6221011287810319}","{0: 0.6221011287810319, 1: 0.6221011287810319}",0.6221011287810319,"[[430 216]
 [307 337]]",[1. 0. 1. ... 0. 0. 0.],[1. 1. 1. ... 0. 1. 0.]
376,logistic_regression,"{'penalty': None, 'solver': 'lbfgs'}",0.5756175158143663,0.10210831228207248,0.1718497604147551,0.1939263125291591,0.5868478054925796,0.0965209648269239,0.5925010219585634,0.18896793473948925,0.5945736434108527,0.5944633001942196,"{0: 0.6221011287810319, 1: 0.6221011287810319}","{0: 0.6221011287810319, 1: 0.6221011287810319}",0.6221011287810319,"[[430 216]
 [307 337]]",[1. 0. 1. ... 0. 0. 0.],[1. 1. 1. ... 0. 1. 0.]
180,logistic_regression,"{'penalty': None, 'solver': 'lbfgs'}",0.5756175158143663,0.10210831228207248,0.1718497604147551,0.1939263125291591,0.5868478054925796,0.0965209648269239,0.5925010219585634,0.18896793473948925,0.5945736434108527,0.5944633001942196,"{0: 0.6221011287810319, 1: 0.6221011287810319}","{0: 0.6221011287810319, 1: 0.6221011287810319}",0.6221011287810319,"[[430 216]
 [307 337]]",[1. 0. 1. ... 0. 0. 0.],[1. 1. 1. ... 0. 1. 0.]
331,logistic_regression,"{'penalty': None, 'solver': 'lbfgs'}",0.5756175158143663,0.10210831228207248,0.1718497604147551,0.1939263125291591,0.5868478054925796,0.0965209648269239,0.5925010219585634,0.18896793473948925,0.5945736434108527,0.5944633001942196,"{0: 0.6221011287810319, 1: 0.6221011287810319}","{0: 0.6221011287810319, 1: 0.6221011287810319}",0.6221011287810319,"[[430 216]
 [307 337]]",[1. 0. 1. ... 0. 0. 0.],[1. 1. 1. ... 0. 1. 0.]
912,logistic_regression,"{'penalty': None, 'solver': 'lbfgs'}",0.5756175158143663,0.10210831228207248,0.1718497604147551,0.1939263125291591,0.5868478054925796,0.0965209648269239,0.5925010219585634,0.18896793473948925,0.5945736434108527,0.5944633001942196,"{0: 0.6221011287810319, 1: 0.6221011287810319}","{0: 0.6221011287810319, 1: 0.6221011287810319}",0.6221011287810319,"[[430 216]
 [307 337]]",[1. 0. 1. ... 0. 0. 0.],[1. 1. 1. ... 0. 1. 0.]
487,logistic_regression,"{'penalty': None, 'solver': 'lbfgs'}",0.5756175158143663,0.10210831228207248,0.1718497604147551,0.1939263125291591,0.5868478054925796,0.0965209648269239,0.5925010219585634,0.18896793473948925,0.5945736434108527,0.5944633001942196,"{0: 0.6221011287810319, 1: 0.6221011287810319}","{0: 0.6221011287810319, 1: 0.6221011287810319}",0.6221011287810319,"[[430 216]
 [307 337]]",[1. 0. 1. ... 0. 0. 0.],[1. 1. 1. ... 0. 1. 0.]
968,logistic_regression,"{'penalty': None, 'solver': 'lbfgs'}",0.5756175158143663,0.10210831228207248,0.1718497604147551,0.1939263125291591,0.5868478054925796,0.0965209648269239,0.5925010219585634,0.18896793473948925,0.5945736434108527,0.5944633001942196,"{0: 0.6221011287810319, 1: 0.6221011287810319}","{0: 0.6221011287810319, 1: 0.6221011287810319}",0.6221011287810319,"[[430 216]
 [307 337]]",[1. 0. 1. ... 0. 0. 0.],[1. 1. 1. ... 0. 1. 0.]
277,logistic_regression,"{'penalty': None, 'solver': 'lbfgs'}",0.5756175158143663,0.10210831228207248,0.1718497604147551,0.1939263125291591,0.5868478054925796,0.0965209648269239,0.5925010219585634,0.18896793473948925,0.5945736434108527,0.5944633001942196,"{0: 0.6221011287810319, 1: 0.6221011287810319}","{0: 0.6221011287810319, 1: 0.6221011287810319}",0.6221011287810319,"[[430 216]
 [307 337]]",[1. 0. 1. ... 0. 0. 0.],[1. 1. 1. ... 0. 1. 0.]
441,logistic_regression,"{'penalty': None, 'solver': 'lbfgs'}",0.5756175158143663,0.10210831228207248,0.1718497604147551,0.1939263125291591,0.5868478054925796,0.0965209648269239,0.5925010219585634,0.18896793473948925,0.5945736434108527,0.5944633001942196,"{0: 0.6221011287810319, 1: 0.6221011287810319}","{0: 0.6221011287810319, 1: 0.6221011287810319}",0.6221011287810319,"[[430 216]
 [307 337]]",[1. 0. 1. ... 0. 0. 0.],[1. 1. 1. ... 0. 1. 0.]
766,AdaBoost,"{'algorithm': 'SAMME', 'learning_rate': 0.5081632653061224, 'n_estimators': 52}",0.5741020279993271,0.09303627432699739,0.17176021620274307,0.1760254894747832,0.5870510437428927,0.08665133654998945,0.5861927285695516,0.17807922753632943,0.5891472868217055,0.5890164990481319,"{0: 0.6204810299405803, 1: 0.6204810299405804}","{0: 0.6204810299405803, 1: 0.6204810299405804}",0.6204810299405804,"[[435 211]
 [319 325]]",[1. 1. 1. ... 0. 0. 1.],[1. 1. 1. ... 0. 1. 0.]
655,randomforest,"{'criterion': 'gini', 'max_features': 'log2', 'n_estimators': 209}",0.5771038930442263,0.1198142650514808,0.1705055967726588,0.22642347656917305,0.5856778940849661,0.11304057201705178,0.5758673005932453,0.15197875229842928,0.575968992248062,0.575993211930081,"{0: 0.6104094956060228, 1: 0.6104094956060226}","{0: 0.6104094956060228, 1: 0.6104094956060226}",0.6104094956060226,"[[362 284]
 [263 381]]",[1. 1. 1. ... 0. 0. 1.],[1. 1. 1. ... 0. 1. 0.]
299,randomforest,"{'criterion': 'entropy', 'max_features': 'log2', 'n_estimators': 337}",0.5767800369552244,0.127887604595616,0.17011970224991962,0.2434592733223633,0.5851053172714721,0.12168635267746025,0.5790447244026745,0.15815977021164085,0.5790697674418605,0.5790819760398439,"{0: 0.6109659538872757, 1: 0.6109659538872758}","{0: 0.6109659538872757, 1: 0.6109659538872758}",0.6109659538872758,"[[369 277]
 [266 378]]",[1. 1. 1. ... 0. 0. 1.],[1. 1. 1. ... 0. 1. 0.]
643,randomforest,"{'criterion': 'entropy', 'max_features': 'sqrt', 'n_estimators': 579}",0.5768125051435452,0.12295550399455961,0.1698152439449573,0.23330959021799422,0.5850250197261585,0.11655496669626755,0.5736126639833035,0.14730936745858536,0.5736434108527132,0.5736568082610618,"{0: 0.610956339057362, 1: 0.610956339057362}","{0: 0.610956339057362, 1: 0.610956339057362}",0.610956339057362,"[[365 281]
 [269 375]]",[1. 1. 1. ... 0. 0. 1.],[1. 1. 1. ... 0. 1. 0.]
54,SVC,"{'C': 10, 'gamma': 0.001, 'kernel': 'sigmoid'}",0.573878210373405,0.09924166880271224,0.16964972270983578,0.18942772404999583,0.5858405876768582,0.09319497406398299,0.5802697826186074,0.16568491207486014,0.5829457364341085,0.5828221448762572,"{0: 0.6140402957521681, 1: 0.6140402957521682}","{0: 0.6140402957521681, 1: 0.6140402957521682}",0.6140402957521682,"[[428 218]
 [320 324]]",[1. 0. 1. ... 0. 0. 0.],[1. 1. 1. ... 0. 1. 0.]
363,AdaBoost,"{'algorithm': 'SAMME.R', 'learning_rate': 0.3448979591836735, 'n_estimators': 85}",0.5782970411148673,0.0850126864932669,0.16961874667804358,0.16444651430822652,0.5863362567286646,0.08059979265602359,0.5819488284038691,0.16576514200816417,0.5829457364341085,0.5828702190258255,"{0: 0.6031190508239909, 1: 0.603119050823991}","{0: 0.6031190508239909, 1: 0.603119050823991}",0.603119050823991,"[[408 238]
 [300 344]]",[1. 0. 1. ... 0. 0. 1.],[1. 1. 1. ... 0. 1. 0.]
760,randomforest,"{'criterion': 'gini', 'max_features': 'sqrt', 'n_estimators': 73}",0.5776539581451915,0.11754430133889185,0.16948795319472645,0.22618539934865373,0.5849946079838724,0.11296471830535725,0.5787419588866999,0.15821237751195139,0.5790697674418605,0.5791132242370632,"{0: 0.6055083360575352, 1: 0.6055083360575351}","{0: 0.6055083360575352, 1: 0.6055083360575351}",0.6055083360575351,"[[356 290]
 [253 391]]",[0. 1. 1. ... 0. 0. 1.],[1. 1. 1. ... 0. 1. 0.]
971,randomforest,"{'criterion': 'entropy', 'max_features': 'log2', 'n_estimators': 481}",0.5757696152091816,0.12218363755969756,0.16924727656837632,0.23141836816120132,0.584723045181439,0.11563249926374551,0.5781363888585527,0.1566398269438769,0.5782945736434109,0.5783248081841432,"{0: 0.6118637386304637, 1: 0.6118637386304637}","{0: 0.6118637386304637, 1: 0.6118637386304637}",0.6118637386304637,"[[361 285]
 [259 385]]",[1. 1. 1. ... 0. 0. 1.],[1. 1. 1. ... 0. 1. 0.]
421,SVC,"{'C': 1, 'gamma': 0.01, 'kernel': 'sigmoid'}",0.5728207895875912,0.10291250353505649,0.1690674116928858,0.19371334940541685,0.5856991169471523,0.09527464027222375,0.5791100129857172,0.16412007261099026,0.5821705426356589,0.5820385362382939,"{0: 0.6078856027536873, 1: 0.6078856027536872}","{0: 0.6078856027536873, 1: 0.6078856027536872}",0.6078856027536872,"[[431 215]
 [324 320]]",[1. 0. 1. ... 0. 0. 0.],[1. 1. 1. ... 0. 1. 0.]
874,randomforest,"{'criterion': 'gini', 'max_features': 'sqrt', 'n_estimators': 467}",0.5753953969522645,0.1392014689166768,0.16897642107741362,0.2623929151876234,0.5847081583283761,0.13131544574123422,0.5726373501400498,0.14579803151025705,0.5728682170542636,0.572904447820318,"{0: 0.6104659827317656, 1: 0.6104659827317654}","{0: 0.6104659827317656, 1: 0.6104659827317654}",0.6104659827317654,"[[355 291]
 [260 384]]",[1. 1. 1. ... 0. 0. 1.],[1. 1. 1. ... 0. 1. 0.]
937,AdaBoost,"{'algorithm': 'SAMME', 'learning_rate': 0.8346938775510203, 'n_estimators': 63}",0.5763805139457947,0.10412081158462365,0.16837386682732475,0.20181269264668433,0.5854298620573863,0.10031643251509437,0.5802632458875923,0.16265584506128017,0.5813953488372093,0.5813150202872911,"{0: 0.6150258158183182, 1: 0.6150258158183182}","{0: 0.6150258158183182, 1: 0.6150258158183182}",0.6150258158183182,"[[409 237]
 [303 341]]",[1. 1. 1. ... 0. 0. 1.],[1. 1. 1. ... 0. 1. 0.]
480,randomforest,"{'criterion': 'gini', 'max_features': 'log2', 'n_estimators': 179}",0.5755808700095624,0.11397623301532071,0.1680658612071197,0.2188770025080375,0.5840849901220027,0.10956019348797659,0.5797338425187532,0.15973233728962666,0.57984496124031,0.5798703920927639,"{0: 0.608371151664327, 1: 0.6083711516643271}","{0: 0.608371151664327, 1: 0.6083711516643271}",0.6083711516643271,"[[364 282]
 [260 384]]",[1. 1. 1. ... 0. 0. 1.],[1. 1. 1. ... 0. 1. 0.]
232,randomforest,"{'criterion': 'entropy', 'max_features': 'log2', 'n_estimators': 67}",0.5750489388007907,0.12800317457383656,0.16771940447835568,0.24276328757861898,0.5840368143360434,0.12153289059471792,0.5742459134824585,0.14889040045571333,0.5744186046511628,0.5744500317289387,"{0: 0.6120103647866468, 1: 0.6120103647866469}","{0: 0.6120103647866468, 1: 0.6120103647866469}",0.6120103647866469,"[[358 288]
 [261 383]]",[1. 1. 1. ... 0. 0. 1.],[1. 1. 1. ... 0. 1. 0.]
541,randomforest,"{'criterion': 'entropy', 'max_features': 'sqrt', 'n_estimators': 527}",0.5756974235252501,0.12375735757817106,0.16766591503195463,0.23413267626256706,0.5837962252933885,0.11729724780812555,0.5782033270131622,0.15662766438165188,0.5782945736434109,0.5783175970617079,"{0: 0.6103253658442782, 1: 0.6103253658442782}","{0: 0.6103253658442782, 1: 0.6103253658442782}",0.6103253658442782,"[[364 282]
 [262 382]]",[1. 1. 1. ... 0. 0. 1.],[1. 1. 1. ... 0. 1. 0.]
143,randomforest,"{'criterion': 'gini', 'max_features': 'log2', 'n_estimators': 519}",0.5767891483650412,0.11438388208041368,0.16754464422071536,0.2176373497016188,0.5840728123776635,0.10873784892468244,0.5758224293244132,0.15198690538854798,0.575968992248062,0.5759980193450378,"{0: 0.612137761283003, 1: 0.6121377612830029}","{0: 0.612137761283003, 1: 0.6121377612830029}",0.6121377612830029,"[[360 286]
 [261 383]]",[1. 1. 1. ... 0. 0. 1.],[1. 1. 1. ... 0. 1. 0.]
106,randomforest,"{'criterion': 'entropy', 'max_features': 'sqrt', 'n_estimators': 281}",0.5750483506264827,0.12768923202486646,0.16677104825093914,0.24295421986791532,0.583423295711549,0.12170856024238193,0.5759040066530042,0.15197059905153576,0.575968992248062,0.5759884045151241,"{0: 0.6103662288714112, 1: 0.6103662288714111}","{0: 0.6103662288714112, 1: 0.6103662288714111}",0.6103662288714111,"[[364 282]
 [265 379]]",[1. 1. 1. ... 0. 0. 1.],[1. 1. 1. ... 0. 1. 0.]
5,randomforest,"{'criterion': 'entropy', 'max_features': 'sqrt', 'n_estimators': 549}",0.5742401788569838,0.1198599586903027,0.16626357008451526,0.2249378342843226,0.5831270230570968,0.11255547300738808,0.578924276276337,0.15818809803652933,0.5790697674418605,0.5790988019921928,"{0: 0.6123540949560602, 1: 0.6123540949560603}","{0: 0.6123540949560602, 1: 0.6123540949560603}",0.6123540949560603,"[[362 284]
 [259 385]]",[1. 1. 1. ... 0. 0. 1.],[1. 1. 1. ... 0. 1. 0.]
117,SVC,"{'C': 100, 'gamma': 0.0001, 'kernel': 'sigmoid'}",0.572007085269694,0.10082591271211065,0.165943722228719,0.19340873630824243,0.5839972403446765,0.09528977932642167,0.5776597562467213,0.16102251170305615,0.5806201550387597,0.5804905486221948,"{0: 0.6115296232909639, 1: 0.6115296232909639}","{0: 0.6115296232909639, 1: 0.6115296232909639}",0.6115296232909639,"[[429 217]
 [324 320]]",[1. 0. 1. ... 0. 0. 0.],[1. 1. 1. ... 0. 1. 0.]
844,randomforest,"{'criterion': 'gini', 'max_features': 'log2', 'n_estimators': 543}",0.5738663820528486,0.1262973667820093,0.16583461382085546,0.23624692452504828,0.582906599616347,0.1183660732120677,0.5750344505413361,0.15043864920081718,0.5751937984496124,0.5752240255369883,"{0: 0.6124538488164144, 1: 0.6124538488164144}","{0: 0.6124538488164144, 1: 0.6124538488164144}",0.6124538488164144,"[[359 287]
 [261 383]]",[1. 1. 1. ... 0. 0. 1.],[1. 1. 1. ... 0. 1. 0.]
11,randomforest,"{'criterion': 'gini', 'max_features': 'log2', 'n_estimators': 127}",0.5746030227071457,0.12445256225829698,0.1658017519597454,0.23715818346608686,0.5831066310357889,0.11817908795337541,0.5717780648810673,0.14425803970581164,0.5720930232558139,0.5721352614272253,"{0: 0.6072450147106898, 1: 0.6072450147106898}","{0: 0.6072450147106898, 1: 0.6072450147106898}",0.6072450147106898,"[[352 294]
 [258 386]]",[1. 1. 1. ... 0. 0. 1.],[1. 1. 1. ... 0. 1. 0.]
468,randomforest,"{'criterion': 'entropy', 'max_features': 'sqrt', 'n_estimators': 495}",0.5733672875603024,0.12190827925858057,0.1657831443189658,0.2252885788614786,0.5828934970151745,0.11288640858071226,0.5750344505413361,0.15043864920081718,0.5751937984496124,0.5752240255369883,"{0: 0.6145510835913313, 1: 0.6145510835913313}","{0: 0.6145510835913313, 1: 0.6145510835913313}",0.6145510835913313,"[[359 287]
 [261 383]]",[1. 1. 1. ... 0. 0. 1.],[1. 1. 1. ... 0. 1. 0.]
946,SVC,"{'C': 10, 'gamma': 0.001, 'kernel': 'sigmoid'}",0.5713748632517279,0.10207420884210619,0.16549275280357942,0.1951030625293428,0.5838133322986995,0.09615049875303161,0.5783850442029395,0.1625712884332413,0.5813953488372093,0.5812645424302444,"{0: 0.6153022421783358, 1: 0.6153022421783358}","{0: 0.6153022421783358, 1: 0.6153022421783358}",0.6153022421783358,"[[430 216]
 [324 320]]",[1. 0. 1. ... 0. 0. 0.],[1. 1. 1. ... 0. 1. 0.]
519,SVC,"{'C': 1, 'gamma': 0.01, 'kernel': 'sigmoid'}",0.5715088623641421,0.10006279337363655,0.16532900430041844,0.18888151212788407,0.5836829295580026,0.09321888617702202,0.5776597562467213,0.16102251170305615,0.5806201550387597,0.5804905486221948,"{0: 0.6112892525431226, 1: 0.6112892525431225}","{0: 0.6112892525431226, 1: 0.6112892525431225}",0.6112892525431225,"[[429 217]
 [324 320]]",[1. 0. 1. ... 0. 0. 0.],[1. 1. 1. ... 0. 1. 0.]
886,randomforest,"{'criterion': 'entropy', 'max_features': 'log2', 'n_estimators': 223}",0.57261216033829,0.13436493672753738,0.16507848994324575,0.2518392913879133,0.5825086351743345,0.12599089058401078,0.5735080934002064,0.14733396146598465,0.5736434108527132,0.5736712305059324,"{0: 0.6123853431532796, 1: 0.6123853431532796}","{0: 0.6123853431532796, 1: 0.6123853431532796}",0.6123853431532796,"[[359 287]
 [263 381]]",[1. 1. 1. ... 0. 0. 1.],[1. 1. 1. ... 0. 1. 0.]
773,randomforest,"{'criterion': 'entropy', 'max_features': 'log2', 'n_estimators': 399}",0.573114250377689,0.12584681201555428,0.16472330039885696,0.23505519814802792,0.5825440334806832,0.1175548657317727,0.5726948967738336,0.14578981903660848,0.5728682170542636,0.5728996404053612,"{0: 0.6136472895794474, 1: 0.6136472895794474}","{0: 0.6136472895794474, 1: 0.6136472895794474}",0.6136472895794474,"[[357 289]
 [262 382]]",[1. 1. 1. ... 0. 0. 1.],[1. 1. 1. ... 0. 1. 0.]
322,randomforest,"{'criterion': 'gini', 'max_features': 'log2', 'n_estimators': 177}",0.5747218039518773,0.12484802514876635,0.16460666327904108,0.23925940132392481,0.5824516459166217,0.11936808980314204,0.5711438800652087,0.14268923761750363,0.5713178294573643,0.5713492490817837,"{0: 0.606568371055516, 1: 0.6065683710555161}","{0: 0.606568371055516, 1: 0.6065683710555161}",0.6065683710555161,"[[356 290]
 [263 381]]",[1. 1. 1. ... 0. 0. 1.],[1. 1. 1. ... 0. 1. 0.]
90,randomforest,"{'criterion': 'entropy', 'max_features': None, 'n_estimators': 387}",0.5741701767551827,0.11685644558025941,0.16455801005353063,0.22537570062909357,0.5821236075454153,0.11267561817410326,0.5727442104813043,0.14578160640504567,0.5728682170542636,0.5728948329904044,"{0: 0.6073207314962599, 1: 0.6073207314962599}","{0: 0.6073207314962599, 1: 0.6073207314962599}",0.6073207314962599,"[[359 287]
 [264 380]]",[1. 1. 1. ... 0. 0. 1.],[1. 1. 1. ... 0. 1. 0.]
831,randomforest,"{'criterion': 'entropy', 'max_features': 'sqrt', 'n_estimators': 465}",0.5737236356962689,0.1230081008772392,0.1639163221518922,0.23272341946688826,0.5818060596839263,0.11647853812205353,0.5735080934002064,0.14733396146598465,0.5736434108527132,0.5736712305059324,"{0: 0.6089071784320136, 1: 0.6089071784320135}","{0: 0.6089071784320136, 1: 0.6089071784320135}",0.6089071784320135,"[[359 287]
 [263 381]]",[1. 1. 1. ... 0. 0. 1.],[1. 1. 1. ... 0. 1. 0.]
861,SVC,"{'C': 1, 'gamma': 0.01, 'kernel': 'sigmoid'}",0.5706166476010581,0.10004917392180196,0.16379497401663015,0.19074281562970888,0.5829490001725762,0.09413314677138726,0.5767107592650096,0.15946565876599494,0.57984496124031,0.5797117473991885,"{0: 0.6074361094552236, 1: 0.6074361094552236}","{0: 0.6074361094552236, 1: 0.6074361094552236}",0.6074361094552236,"[[430 216]
 [326 318]]",[1. 0. 1. ... 0. 0. 0.],[1. 1. 1. ... 0. 1. 0.]
174,SVC,"{'C': 1000, 'gamma': 0.001, 'kernel': 'sigmoid'}",0.5723505388889741,0.09506718389491849,0.16350020672723306,0.18725809176555705,0.5825021353294452,0.09336810586317926,0.5735789867332163,0.15478683629036716,0.5775193798449613,0.5773705363152126,"{0: 0.6166423090975521, 1: 0.616642309097552}","{0: 0.6166423090975521, 1: 0.616642309097552}",0.616642309097552,"[[435 211]
 [334 310]]",[1. 0. 1. ... 0. 0. 0.],[1. 1. 1. ... 0. 1. 0.]
505,randomforest,"{'criterion': 'gini', 'max_features': 'sqrt', 'n_estimators': 313}",0.5732175240103821,0.09487863703840631,0.16336870824361094,0.17831554027360524,0.5816945214553684,0.08929651296307155,0.5796327765246229,0.1597484941858508,0.57984496124031,0.5798800069226775,"{0: 0.614578726227333, 1: 0.614578726227333}","{0: 0.614578726227333, 1: 0.614578726227333}",0.614578726227333,"[[360 286]
 [256 388]]",[0. 1. 1. ... 0. 0. 1.],[1. 1. 1. ... 0. 1. 0.]
366,randomforest,"{'criterion': 'gini', 'max_features': 'sqrt', 'n_estimators': 145}",0.5725351835988038,0.10469315653608231,0.16315684527541138,0.19557023742077725,0.5819941173900762,0.09818597325099385,0.5782378023299793,0.1566195558119412,0.5782945736434109,0.5783127896467511,"{0: 0.6096102628694499, 1: 0.6096102628694499}","{0: 0.6096102628694499, 1: 0.6096102628694499}",0.6096102628694499,"[[366 280]
 [264 380]]",[1. 1. 1. ... 0. 0. 1.],[1. 1. 1. ... 0. 1. 0.]
605,SVC,"{'C': 1, 'gamma': 1, 'kernel': 'rbf'}",0.5720541595248667,0.08983463662753483,0.16283343309095324,0.16858793907471795,0.580761977574092,0.08434361427680506,0.5728638644394659,0.15216215891477525,0.575968992248062,0.5761013787666096,"{0: 0.5828413745360845, 1: 0.5828413745360845}","{0: 0.5828413745360845, 1: 0.5828413745360845}",0.5828413745360845,"[[317 329]
 [218 426]]",[1. 1. 1. ... 0. 0. 1.],[1. 1. 1. ... 0. 1. 0.]
278,randomforest,"{'criterion': 'gini', 'max_features': 'sqrt', 'n_estimators': 583}",0.572628493663108,0.116247607477489,0.16247610284422176,0.21628707659314797,0.5812801399958033,0.10842486258405755,0.5764998825463942,0.15355144499778872,0.5767441860465117,0.576781627983001,"{0: 0.6120981001096091, 1: 0.6120981001096091}","{0: 0.6120981001096091, 1: 0.6120981001096091}",0.6120981001096091,"[[357 289]
 [257 387]]",[1. 1. 1. ... 0. 0. 1.],[1. 1. 1. ... 0. 1. 0.]
390,randomforest,"{'criterion': 'gini', 'max_features': 'log2', 'n_estimators': 563}",0.5725605862981505,0.12254743301241768,0.16212403520017055,0.231510887661577,0.5812799581781178,0.11560173507237247,0.5742459134824585,0.14889040045571333,0.5744186046511628,0.5744500317289387,"{0: 0.6155221814126108, 1: 0.6155221814126108}","{0: 0.6155221814126108, 1: 0.6155221814126108}",0.6155221814126108,"[[358 288]
 [261 383]]",[1. 1. 1. ... 0. 0. 1.],[1. 1. 1. ... 0. 1. 0.]
957,knn,{'n_neighbors': 11},0.5744188325169487,0.09713825341262383,0.16140501823643918,0.193005327068505,0.580525809206144,0.09689017362942938,0.5715244705546093,0.144089350879133,0.5720930232558139,0.5720367094206104,"{0: 0.605960233063477, 1: 0.605960233063477}","{0: 0.605960233063477, 1: 0.605960233063477}",0.605960233063477,"[[393 253]
 [299 345]]",[1. 1. 0. ... 0. 0. 1.],[1. 1. 1. ... 0. 1. 0.]
705,knn,{'n_neighbors': 11},0.5744188325169487,0.09713825341262383,0.16140501823643918,0.193005327068505,0.580525809206144,0.09689017362942938,0.5715244705546093,0.144089350879133,0.5720930232558139,0.5720367094206104,"{0: 0.605960233063477, 1: 0.605960233063477}","{0: 0.605960233063477, 1: 0.605960233063477}",0.605960233063477,"[[393 253]
 [299 345]]",[1. 1. 0. ... 0. 0. 1.],[1. 1. 1. ... 0. 1. 0.]
806,knn,{'n_neighbors': 11},0.5744188325169487,0.09713825341262383,0.16140501823643918,0.193005327068505,0.580525809206144,0.09689017362942938,0.5715244705546093,0.144089350879133,0.5720930232558139,0.5720367094206104,"{0: 0.605960233063477, 1: 0.605960233063477}","{0: 0.605960233063477, 1: 0.605960233063477}",0.605960233063477,"[[393 253]
 [299 345]]",[1. 1. 0. ... 0. 0. 1.],[1. 1. 1. ... 0. 1. 0.]
53,knn,{'n_neighbors': 11},0.5744188325169487,0.09713825341262383,0.16140501823643918,0.193005327068505,0.580525809206144,0.09689017362942938,0.5715244705546093,0.144089350879133,0.5720930232558139,0.5720367094206104,"{0: 0.605960233063477, 1: 0.605960233063477}","{0: 0.605960233063477, 1: 0.605960233063477}",0.605960233063477,"[[393 253]
 [299 345]]",[1. 1. 0. ... 0. 0. 1.],[1. 1. 1. ... 0. 1. 0.]
167,knn,{'n_neighbors': 11},0.5744188325169487,0.09713825341262383,0.16140501823643918,0.193005327068505,0.580525809206144,0.09689017362942938,0.5715244705546093,0.144089350879133,0.5720930232558139,0.5720367094206104,"{0: 0.605960233063477, 1: 0.605960233063477}","{0: 0.605960233063477, 1: 0.605960233063477}",0.605960233063477,"[[393 253]
 [299 345]]",[1. 1. 0. ... 0. 0. 1.],[1. 1. 1. ... 0. 1. 0.]
224,knn,{'n_neighbors': 11},0.5744188325169487,0.09713825341262383,0.16140501823643918,0.193005327068505,0.580525809206144,0.09689017362942938,0.5715244705546093,0.144089350879133,0.5720930232558139,0.5720367094206104,"{0: 0.605960233063477, 1: 0.605960233063477}","{0: 0.605960233063477, 1: 0.605960233063477}",0.605960233063477,"[[393 253]
 [299 345]]",[1. 1. 0. ... 0. 0. 1.],[1. 1. 1. ... 0. 1. 0.]
847,knn,{'n_neighbors': 11},0.5744188325169487,0.09713825341262383,0.16140501823643918,0.193005327068505,0.580525809206144,0.09689017362942938,0.5715244705546093,0.144089350879133,0.5720930232558139,0.5720367094206104,"{0: 0.605960233063477, 1: 0.605960233063477}","{0: 0.605960233063477, 1: 0.605960233063477}",0.605960233063477,"[[393 253]
 [299 345]]",[1. 1. 0. ... 0. 0. 1.],[1. 1. 1. ... 0. 1. 0.]
107,knn,{'n_neighbors': 11},0.5744188325169487,0.09713825341262383,0.16140501823643918,0.193005327068505,0.580525809206144,0.09689017362942938,0.5715244705546093,0.144089350879133,0.5720930232558139,0.5720367094206104,"{0: 0.605960233063477, 1: 0.605960233063477}","{0: 0.605960233063477, 1: 0.605960233063477}",0.605960233063477,"[[393 253]
 [299 345]]",[1. 1. 0. ... 0. 0. 1.],[1. 1. 1. ... 0. 1. 0.]
749,knn,{'n_neighbors': 11},0.5744188325169487,0.09713825341262383,0.16140501823643918,0.193005327068505,0.580525809206144,0.09689017362942938,0.5715244705546093,0.144089350879133,0.5720930232558139,0.5720367094206104,"{0: 0.605960233063477, 1: 0.605960233063477}","{0: 0.605960233063477, 1: 0.605960233063477}",0.605960233063477,"[[393 253]
 [299 345]]",[1. 1. 0. ... 0. 0. 1.],[1. 1. 1. ... 0. 1. 0.]
493,knn,{'n_neighbors': 11},0.5744188325169487,0.09713825341262383,0.16140501823643918,0.193005327068505,0.580525809206144,0.09689017362942938,0.5715244705546093,0.144089350879133,0.5720930232558139,0.5720367094206104,"{0: 0.605960233063477, 1: 0.605960233063477}","{0: 0.605960233063477, 1: 0.605960233063477}",0.605960233063477,"[[393 253]
 [299 345]]",[1. 1. 0. ... 0. 0. 1.],[1. 1. 1. ... 0. 1. 0.]
647,knn,{'n_neighbors': 11},0.5744188325169487,0.09713825341262383,0.16140501823643918,0.193005327068505,0.580525809206144,0.09689017362942938,0.5715244705546093,0.144089350879133,0.5720930232558139,0.5720367094206104,"{0: 0.605960233063477, 1: 0.605960233063477}","{0: 0.605960233063477, 1: 0.605960233063477}",0.605960233063477,"[[393 253]
 [299 345]]",[1. 1. 0. ... 0. 0. 1.],[1. 1. 1. ... 0. 1. 0.]
334,knn,{'n_neighbors': 11},0.5744188325169487,0.09713825341262383,0.16140501823643918,0.193005327068505,0.580525809206144,0.09689017362942938,0.5715244705546093,0.144089350879133,0.5720930232558139,0.5720367094206104,"{0: 0.605960233063477, 1: 0.605960233063477}","{0: 0.605960233063477, 1: 0.605960233063477}",0.605960233063477,"[[393 253]
 [299 345]]",[1. 1. 0. ... 0. 0. 1.],[1. 1. 1. ... 0. 1. 0.]
439,knn,{'n_neighbors': 11},0.5744188325169487,0.09713825341262383,0.16140501823643918,0.193005327068505,0.580525809206144,0.09689017362942938,0.5715244705546093,0.144089350879133,0.5720930232558139,0.5720367094206104,"{0: 0.605960233063477, 1: 0.605960233063477}","{0: 0.605960233063477, 1: 0.605960233063477}",0.605960233063477,"[[393 253]
 [299 345]]",[1. 1. 0. ... 0. 0. 1.],[1. 1. 1. ... 0. 1. 0.]
907,knn,{'n_neighbors': 11},0.5744188325169487,0.09713825341262383,0.16140501823643918,0.193005327068505,0.580525809206144,0.09689017362942938,0.5715244705546093,0.144089350879133,0.5720930232558139,0.5720367094206104,"{0: 0.605960233063477, 1: 0.605960233063477}","{0: 0.605960233063477, 1: 0.605960233063477}",0.605960233063477,"[[393 253]
 [299 345]]",[1. 1. 0. ... 0. 0. 1.],[1. 1. 1. ... 0. 1. 0.]
276,knn,{'n_neighbors': 11},0.5744188325169487,0.09713825341262383,0.16140501823643918,0.193005327068505,0.580525809206144,0.09689017362942938,0.5715244705546093,0.144089350879133,0.5720930232558139,0.5720367094206104,"{0: 0.605960233063477, 1: 0.605960233063477}","{0: 0.605960233063477, 1: 0.605960233063477}",0.605960233063477,"[[393 253]
 [299 345]]",[1. 1. 0. ... 0. 0. 1.],[1. 1. 1. ... 0. 1. 0.]
543,knn,{'n_neighbors': 11},0.5744188325169487,0.09713825341262383,0.16140501823643918,0.193005327068505,0.580525809206144,0.09689017362942938,0.5715244705546093,0.144089350879133,0.5720930232558139,0.5720367094206104,"{0: 0.605960233063477, 1: 0.605960233063477}","{0: 0.605960233063477, 1: 0.605960233063477}",0.605960233063477,"[[393 253]
 [299 345]]",[1. 1. 0. ... 0. 0. 1.],[1. 1. 1. ... 0. 1. 0.]
392,knn,{'n_neighbors': 11},0.5744188325169487,0.09713825341262383,0.16140501823643918,0.193005327068505,0.580525809206144,0.09689017362942938,0.5715244705546093,0.144089350879133,0.5720930232558139,0.5720367094206104,"{0: 0.605960233063477, 1: 0.605960233063477}","{0: 0.605960233063477, 1: 0.605960233063477}",0.605960233063477,"[[393 253]
 [299 345]]",[1. 1. 0. ... 0. 0. 1.],[1. 1. 1. ... 0. 1. 0.]
595,knn,{'n_neighbors': 11},0.5744188325169487,0.09713825341262383,0.16140501823643918,0.193005327068505,0.580525809206144,0.09689017362942938,0.5715244705546093,0.144089350879133,0.5720930232558139,0.5720367094206104,"{0: 0.605960233063477, 1: 0.605960233063477}","{0: 0.605960233063477, 1: 0.605960233063477}",0.605960233063477,"[[393 253]
 [299 345]]",[1. 1. 0. ... 0. 0. 1.],[1. 1. 1. ... 0. 1. 0.]
3,randomforest,"{'criterion': 'entropy', 'max_features': 'sqrt', 'n_estimators': 429}",0.5725917967458648,0.11833034436391128,0.16139760711730053,0.22351663542663341,0.5808586551815598,0.11185027728128033,0.5726948967738336,0.14578981903660848,0.5728682170542636,0.5728996404053612,"{0: 0.6079529065630829, 1: 0.6079529065630829}","{0: 0.6079529065630829, 1: 0.6079529065630829}",0.6079529065630829,"[[357 289]
 [262 382]]",[1. 1. 1. ... 0. 0. 1.],[1. 1. 1. ... 0. 1. 0.]
288,randomforest,"{'criterion': 'entropy', 'max_features': 'sqrt', 'n_estimators': 109}",0.5722031190929427,0.1284448232324045,0.1610351075798447,0.24278759584740642,0.5808366047282754,0.12172933422887135,0.5743932848933117,0.1488576682250291,0.5744186046511628,0.5744308020691113,"{0: 0.6078940157298617, 1: 0.6078940157298619}","{0: 0.6078940157298617, 1: 0.6078940157298619}",0.6078940157298619,"[[366 280]
 [269 375]]",[1. 1. 1. ... 0. 0. 1.],[1. 1. 1. ... 0. 1. 0.]
516,randomforest,"{'criterion': 'entropy', 'max_features': 'log2', 'n_estimators': 183}",0.5700321701438338,0.12185166624105918,0.16075396477597387,0.22308228851066275,0.5801611576501866,0.11203013884781597,0.5735080934002064,0.14733396146598465,0.5736434108527132,0.5736712305059324,"{0: 0.6053917562448321, 1: 0.605391756244832}","{0: 0.6053917562448321, 1: 0.605391756244832}",0.605391756244832,"[[359 287]
 [263 381]]",[1. 1. 1. ... 0. 0. 1.],[1. 1. 1. ... 0. 1. 0.]
775,SVC,"{'C': 10, 'gamma': 0.001, 'kernel': 'sigmoid'}",0.5683414687993289,0.10307853965547792,0.1607332341887055,0.1955690983389357,0.5814936415776768,0.09680582209196968,0.5756381275175811,0.1579047339682479,0.5790697674418605,0.5789305424687037,"{0: 0.6152265253927658, 1: 0.6152265253927658}","{0: 0.6152265253927658, 1: 0.6152265253927658}",0.6152265253927658,"[[432 214]
 [329 315]]",[1. 0. 1. ... 0. 0. 0.],[1. 1. 1. ... 0. 1. 0.]
615,randomforest,"{'criterion': 'entropy', 'max_features': 'log2', 'n_estimators': 305}",0.5712760813882959,0.12691642535221662,0.16058895192668007,0.23628134945412244,0.5804132165291178,0.11790787536386198,0.5751018808882591,0.15042639720798756,0.5751937984496124,0.5752168144145531,"{0: 0.6117291310116724, 1: 0.6117291310116724}","{0: 0.6117291310116724, 1: 0.6117291310116724}",0.6117291310116724,"[[362 284]
 [264 380]]",[1. 1. 1. ... 0. 0. 1.],[1. 1. 1. ... 0. 1. 0.]
747,randomforest,"{'criterion': 'entropy', 'max_features': None, 'n_estimators': 541}",0.5710632293000972,0.13090908293805317,0.16033343430273303,0.24817374773299572,0.5801319894906716,0.12402323464372288,0.5758224293244132,0.15198690538854798,0.575968992248062,0.5759980193450378,"{0: 0.608365142395631, 1: 0.608365142395631}","{0: 0.608365142395631, 1: 0.608365142395631}",0.608365142395631,"[[360 286]
 [261 383]]",[1. 1. 1. ... 0. 0. 1.],[1. 1. 1. ... 0. 1. 0.]
317,knn,{'n_neighbors': 9},0.5745424410242347,0.08411060769326165,0.15975646394206605,0.16486583932439075,0.5800071311777949,0.08269682091376922,0.5741568085671671,0.14877173413975708,0.5744186046511628,0.5743803242120646,"{0: 0.6031779416572121, 1: 0.6031779416572122}","{0: 0.6031779416572121, 1: 0.6031779416572122}",0.6031779416572122,"[[387 259]
 [290 354]]",[1. 1. 0. ... 0. 0. 1.],[1. 1. 1. ... 0. 1. 0.]
992,knn,{'n_neighbors': 9},0.5745424410242347,0.08411060769326165,0.15975646394206605,0.16486583932439075,0.5800071311777949,0.08269682091376922,0.5741568085671671,0.14877173413975708,0.5744186046511628,0.5743803242120646,"{0: 0.6031779416572121, 1: 0.6031779416572122}","{0: 0.6031779416572121, 1: 0.6031779416572122}",0.6031779416572122,"[[387 259]
 [290 354]]",[1. 1. 0. ... 0. 0. 1.],[1. 1. 1. ... 0. 1. 0.]
733,knn,{'n_neighbors': 9},0.5745424410242347,0.08411060769326165,0.15975646394206605,0.16486583932439075,0.5800071311777949,0.08269682091376922,0.5741568085671671,0.14877173413975708,0.5744186046511628,0.5743803242120646,"{0: 0.6031779416572121, 1: 0.6031779416572122}","{0: 0.6031779416572121, 1: 0.6031779416572122}",0.6031779416572122,"[[387 259]
 [290 354]]",[1. 1. 0. ... 0. 0. 1.],[1. 1. 1. ... 0. 1. 0.]
629,knn,{'n_neighbors': 9},0.5745424410242347,0.08411060769326165,0.15975646394206605,0.16486583932439075,0.5800071311777949,0.08269682091376922,0.5741568085671671,0.14877173413975708,0.5744186046511628,0.5743803242120646,"{0: 0.6031779416572121, 1: 0.6031779416572122}","{0: 0.6031779416572121, 1: 0.6031779416572122}",0.6031779416572122,"[[387 259]
 [290 354]]",[1. 1. 0. ... 0. 0. 1.],[1. 1. 1. ... 0. 1. 0.]
472,knn,{'n_neighbors': 9},0.5745424410242347,0.08411060769326165,0.15975646394206605,0.16486583932439075,0.5800071311777949,0.08269682091376922,0.5741568085671671,0.14877173413975708,0.5744186046511628,0.5743803242120646,"{0: 0.6031779416572121, 1: 0.6031779416572122}","{0: 0.6031779416572121, 1: 0.6031779416572122}",0.6031779416572122,"[[387 259]
 [290 354]]",[1. 1. 0. ... 0. 0. 1.],[1. 1. 1. ... 0. 1. 0.]
202,knn,{'n_neighbors': 9},0.5745424410242347,0.08411060769326165,0.15975646394206605,0.16486583932439075,0.5800071311777949,0.08269682091376922,0.5741568085671671,0.14877173413975708,0.5744186046511628,0.5743803242120646,"{0: 0.6031779416572121, 1: 0.6031779416572122}","{0: 0.6031779416572121, 1: 0.6031779416572122}",0.6031779416572122,"[[387 259]
 [290 354]]",[1. 1. 0. ... 0. 0. 1.],[1. 1. 1. ... 0. 1. 0.]
149,knn,{'n_neighbors': 9},0.5745424410242347,0.08411060769326165,0.15975646394206605,0.16486583932439075,0.5800071311777949,0.08269682091376922,0.5741568085671671,0.14877173413975708,0.5744186046511628,0.5743803242120646,"{0: 0.6031779416572121, 1: 0.6031779416572122}","{0: 0.6031779416572121, 1: 0.6031779416572122}",0.6031779416572122,"[[387 259]
 [290 354]]",[1. 1. 0. ... 0. 0. 1.],[1. 1. 1. ... 0. 1. 0.]
938,knn,{'n_neighbors': 9},0.5745424410242347,0.08411060769326165,0.15975646394206605,0.16486583932439075,0.5800071311777949,0.08269682091376922,0.5741568085671671,0.14877173413975708,0.5744186046511628,0.5743803242120646,"{0: 0.6031779416572121, 1: 0.6031779416572122}","{0: 0.6031779416572121, 1: 0.6031779416572122}",0.6031779416572122,"[[387 259]
 [290 354]]",[1. 1. 0. ... 0. 0. 1.],[1. 1. 1. ... 0. 1. 0.]
371,knn,{'n_neighbors': 9},0.5745424410242347,0.08411060769326165,0.15975646394206605,0.16486583932439075,0.5800071311777949,0.08269682091376922,0.5741568085671671,0.14877173413975708,0.5744186046511628,0.5743803242120646,"{0: 0.6031779416572121, 1: 0.6031779416572122}","{0: 0.6031779416572121, 1: 0.6031779416572122}",0.6031779416572122,"[[387 259]
 [290 354]]",[1. 1. 0. ... 0. 0. 1.],[1. 1. 1. ... 0. 1. 0.]
529,knn,{'n_neighbors': 9},0.5745424410242347,0.08411060769326165,0.15975646394206605,0.16486583932439075,0.5800071311777949,0.08269682091376922,0.5741568085671671,0.14877173413975708,0.5744186046511628,0.5743803242120646,"{0: 0.6031779416572121, 1: 0.6031779416572122}","{0: 0.6031779416572121, 1: 0.6031779416572122}",0.6031779416572122,"[[387 259]
 [290 354]]",[1. 1. 0. ... 0. 0. 1.],[1. 1. 1. ... 0. 1. 0.]
422,knn,{'n_neighbors': 9},0.5745424410242347,0.08411060769326165,0.15975646394206605,0.16486583932439075,0.5800071311777949,0.08269682091376922,0.5741568085671671,0.14877173413975708,0.5744186046511628,0.5743803242120646,"{0: 0.6031779416572121, 1: 0.6031779416572122}","{0: 0.6031779416572121, 1: 0.6031779416572122}",0.6031779416572122,"[[387 259]
 [290 354]]",[1. 1. 0. ... 0. 0. 1.],[1. 1. 1. ... 0. 1. 0.]
885,knn,{'n_neighbors': 9},0.5745424410242347,0.08411060769326165,0.15975646394206605,0.16486583932439075,0.5800071311777949,0.08269682091376922,0.5741568085671671,0.14877173413975708,0.5744186046511628,0.5743803242120646,"{0: 0.6031779416572121, 1: 0.6031779416572122}","{0: 0.6031779416572121, 1: 0.6031779416572122}",0.6031779416572122,"[[387 259]
 [290 354]]",[1. 1. 0. ... 0. 0. 1.],[1. 1. 1. ... 0. 1. 0.]
586,knn,{'n_neighbors': 9},0.5745424410242347,0.08411060769326165,0.15975646394206605,0.16486583932439075,0.5800071311777949,0.08269682091376922,0.5741568085671671,0.14877173413975708,0.5744186046511628,0.5743803242120646,"{0: 0.6031779416572121, 1: 0.6031779416572122}","{0: 0.6031779416572121, 1: 0.6031779416572122}",0.6031779416572122,"[[387 259]
 [290 354]]",[1. 1. 0. ... 0. 0. 1.],[1. 1. 1. ... 0. 1. 0.]
681,knn,{'n_neighbors': 9},0.5745424410242347,0.08411060769326165,0.15975646394206605,0.16486583932439075,0.5800071311777949,0.08269682091376922,0.5741568085671671,0.14877173413975708,0.5744186046511628,0.5743803242120646,"{0: 0.6031779416572121, 1: 0.6031779416572122}","{0: 0.6031779416572121, 1: 0.6031779416572122}",0.6031779416572122,"[[387 259]
 [290 354]]",[1. 1. 0. ... 0. 0. 1.],[1. 1. 1. ... 0. 1. 0.]
833,knn,{'n_neighbors': 9},0.5745424410242347,0.08411060769326165,0.15975646394206605,0.16486583932439075,0.5800071311777949,0.08269682091376922,0.5741568085671671,0.14877173413975708,0.5744186046511628,0.5743803242120646,"{0: 0.6031779416572121, 1: 0.6031779416572122}","{0: 0.6031779416572121, 1: 0.6031779416572122}",0.6031779416572122,"[[387 259]
 [290 354]]",[1. 1. 0. ... 0. 0. 1.],[1. 1. 1. ... 0. 1. 0.]
784,knn,{'n_neighbors': 9},0.5745424410242347,0.08411060769326165,0.15975646394206605,0.16486583932439075,0.5800071311777949,0.08269682091376922,0.5741568085671671,0.14877173413975708,0.5744186046511628,0.5743803242120646,"{0: 0.6031779416572121, 1: 0.6031779416572122}","{0: 0.6031779416572121, 1: 0.6031779416572122}",0.6031779416572122,"[[387 259]
 [290 354]]",[1. 1. 0. ... 0. 0. 1.],[1. 1. 1. ... 0. 1. 0.]
263,knn,{'n_neighbors': 9},0.5745424410242347,0.08411060769326165,0.15975646394206605,0.16486583932439075,0.5800071311777949,0.08269682091376922,0.5741568085671671,0.14877173413975708,0.5744186046511628,0.5743803242120646,"{0: 0.6031779416572121, 1: 0.6031779416572122}","{0: 0.6031779416572121, 1: 0.6031779416572122}",0.6031779416572122,"[[387 259]
 [290 354]]",[1. 1. 0. ... 0. 0. 1.],[1. 1. 1. ... 0. 1. 0.]
83,knn,{'n_neighbors': 9},0.5745424410242347,0.08411060769326165,0.15975646394206605,0.16486583932439075,0.5800071311777949,0.08269682091376922,0.5741568085671671,0.14877173413975708,0.5744186046511628,0.5743803242120646,"{0: 0.6031779416572121, 1: 0.6031779416572122}","{0: 0.6031779416572121, 1: 0.6031779416572122}",0.6031779416572122,"[[387 259]
 [290 354]]",[1. 1. 0. ... 0. 0. 1.],[1. 1. 1. ... 0. 1. 0.]
425,knn,{'n_neighbors': 5},0.5724363024948079,0.09021692192161758,0.15820256890289916,0.17402075855392934,0.5783341745171338,0.08731348942077827,0.5658163285844829,0.131747466394877,0.5658914728682171,0.5658711997384767,"{0: 0.594459694633002, 1: 0.594459694633002}","{0: 0.594459694633002, 1: 0.594459694633002}",0.594459694633002,"[[374 272]
 [288 356]]",[0. 1. 0. ... 0. 0. 1.],[1. 1. 1. ... 0. 1. 0.]
313,knn,{'n_neighbors': 5},0.5724363024948079,0.09021692192161758,0.15820256890289916,0.17402075855392934,0.5783341745171338,0.08731348942077827,0.5658163285844829,0.131747466394877,0.5658914728682171,0.5658711997384767,"{0: 0.594459694633002, 1: 0.594459694633002}","{0: 0.594459694633002, 1: 0.594459694633002}",0.594459694633002,"[[374 272]
 [288 356]]",[0. 1. 0. ... 0. 0. 1.],[1. 1. 1. ... 0. 1. 0.]
736,knn,{'n_neighbors': 5},0.5724363024948079,0.09021692192161758,0.15820256890289916,0.17402075855392934,0.5783341745171338,0.08731348942077827,0.5658163285844829,0.131747466394877,0.5658914728682171,0.5658711997384767,"{0: 0.594459694633002, 1: 0.594459694633002}","{0: 0.594459694633002, 1: 0.594459694633002}",0.594459694633002,"[[374 272]
 [288 356]]",[0. 1. 0. ... 0. 0. 1.],[1. 1. 1. ... 0. 1. 0.]
21,knn,{'n_neighbors': 5},0.5724363024948079,0.09021692192161758,0.15820256890289916,0.17402075855392934,0.5783341745171338,0.08731348942077827,0.5658163285844829,0.131747466394877,0.5658914728682171,0.5658711997384767,"{0: 0.594459694633002, 1: 0.594459694633002}","{0: 0.594459694633002, 1: 0.594459694633002}",0.594459694633002,"[[374 272]
 [288 356]]",[0. 1. 0. ... 0. 0. 1.],[1. 1. 1. ... 0. 1. 0.]
374,knn,{'n_neighbors': 5},0.5724363024948079,0.09021692192161758,0.15820256890289916,0.17402075855392934,0.5783341745171338,0.08731348942077827,0.5658163285844829,0.131747466394877,0.5658914728682171,0.5658711997384767,"{0: 0.594459694633002, 1: 0.594459694633002}","{0: 0.594459694633002, 1: 0.594459694633002}",0.594459694633002,"[[374 272]
 [288 356]]",[0. 1. 0. ... 0. 0. 1.],[1. 1. 1. ... 0. 1. 0.]
151,knn,{'n_neighbors': 5},0.5724363024948079,0.09021692192161758,0.15820256890289916,0.17402075855392934,0.5783341745171338,0.08731348942077827,0.5658163285844829,0.131747466394877,0.5658914728682171,0.5658711997384767,"{0: 0.594459694633002, 1: 0.594459694633002}","{0: 0.594459694633002, 1: 0.594459694633002}",0.594459694633002,"[[374 272]
 [288 356]]",[0. 1. 0. ... 0. 0. 1.],[1. 1. 1. ... 0. 1. 0.]
588,knn,{'n_neighbors': 5},0.5724363024948079,0.09021692192161758,0.15820256890289916,0.17402075855392934,0.5783341745171338,0.08731348942077827,0.5658163285844829,0.131747466394877,0.5658914728682171,0.5658711997384767,"{0: 0.594459694633002, 1: 0.594459694633002}","{0: 0.594459694633002, 1: 0.594459694633002}",0.594459694633002,"[[374 272]
 [288 356]]",[0. 1. 0. ... 0. 0. 1.],[1. 1. 1. ... 0. 1. 0.]
535,knn,{'n_neighbors': 5},0.5724363024948079,0.09021692192161758,0.15820256890289916,0.17402075855392934,0.5783341745171338,0.08731348942077827,0.5658163285844829,0.131747466394877,0.5658914728682171,0.5658711997384767,"{0: 0.594459694633002, 1: 0.594459694633002}","{0: 0.594459694633002, 1: 0.594459694633002}",0.594459694633002,"[[374 272]
 [288 356]]",[0. 1. 0. ... 0. 0. 1.],[1. 1. 1. ... 0. 1. 0.]
798,knn,{'n_neighbors': 5},0.5724363024948079,0.09021692192161758,0.15820256890289916,0.17402075855392934,0.5783341745171338,0.08731348942077827,0.5658163285844829,0.131747466394877,0.5658914728682171,0.5658711997384767,"{0: 0.594459694633002, 1: 0.594459694633002}","{0: 0.594459694633002, 1: 0.594459694633002}",0.594459694633002,"[[374 272]
 [288 356]]",[0. 1. 0. ... 0. 0. 1.],[1. 1. 1. ... 0. 1. 0.]
87,knn,{'n_neighbors': 5},0.5724363024948079,0.09021692192161758,0.15820256890289916,0.17402075855392934,0.5783341745171338,0.08731348942077827,0.5658163285844829,0.131747466394877,0.5658914728682171,0.5658711997384767,"{0: 0.594459694633002, 1: 0.594459694633002}","{0: 0.594459694633002, 1: 0.594459694633002}",0.594459694633002,"[[374 272]
 [288 356]]",[0. 1. 0. ... 0. 0. 1.],[1. 1. 1. ... 0. 1. 0.]
265,knn,{'n_neighbors': 5},0.5724363024948079,0.09021692192161758,0.15820256890289916,0.17402075855392934,0.5783341745171338,0.08731348942077827,0.5658163285844829,0.131747466394877,0.5658914728682171,0.5658711997384767,"{0: 0.594459694633002, 1: 0.594459694633002}","{0: 0.594459694633002, 1: 0.594459694633002}",0.594459694633002,"[[374 272]
 [288 356]]",[0. 1. 0. ... 0. 0. 1.],[1. 1. 1. ... 0. 1. 0.]
481,knn,{'n_neighbors': 5},0.5724363024948079,0.09021692192161758,0.15820256890289916,0.17402075855392934,0.5783341745171338,0.08731348942077827,0.5658163285844829,0.131747466394877,0.5658914728682171,0.5658711997384767,"{0: 0.594459694633002, 1: 0.594459694633002}","{0: 0.594459694633002, 1: 0.594459694633002}",0.594459694633002,"[[374 272]
 [288 356]]",[0. 1. 0. ... 0. 0. 1.],[1. 1. 1. ... 0. 1. 0.]
840,knn,{'n_neighbors': 5},0.5724363024948079,0.09021692192161758,0.15820256890289916,0.17402075855392934,0.5783341745171338,0.08731348942077827,0.5658163285844829,0.131747466394877,0.5658914728682171,0.5658711997384767,"{0: 0.594459694633002, 1: 0.594459694633002}","{0: 0.594459694633002, 1: 0.594459694633002}",0.594459694633002,"[[374 272]
 [288 356]]",[0. 1. 0. ... 0. 0. 1.],[1. 1. 1. ... 0. 1. 0.]
936,knn,{'n_neighbors': 5},0.5724363024948079,0.09021692192161758,0.15820256890289916,0.17402075855392934,0.5783341745171338,0.08731348942077827,0.5658163285844829,0.131747466394877,0.5658914728682171,0.5658711997384767,"{0: 0.594459694633002, 1: 0.594459694633002}","{0: 0.594459694633002, 1: 0.594459694633002}",0.594459694633002,"[[374 272]
 [288 356]]",[0. 1. 0. ... 0. 0. 1.],[1. 1. 1. ... 0. 1. 0.]
892,knn,{'n_neighbors': 5},0.5724363024948079,0.09021692192161758,0.15820256890289916,0.17402075855392934,0.5783341745171338,0.08731348942077827,0.5658163285844829,0.131747466394877,0.5658914728682171,0.5658711997384767,"{0: 0.594459694633002, 1: 0.594459694633002}","{0: 0.594459694633002, 1: 0.594459694633002}",0.594459694633002,"[[374 272]
 [288 356]]",[0. 1. 0. ... 0. 0. 1.],[1. 1. 1. ... 0. 1. 0.]
689,knn,{'n_neighbors': 5},0.5724363024948079,0.09021692192161758,0.15820256890289916,0.17402075855392934,0.5783341745171338,0.08731348942077827,0.5658163285844829,0.131747466394877,0.5658914728682171,0.5658711997384767,"{0: 0.594459694633002, 1: 0.594459694633002}","{0: 0.594459694633002, 1: 0.594459694633002}",0.594459694633002,"[[374 272]
 [288 356]]",[0. 1. 0. ... 0. 0. 1.],[1. 1. 1. ... 0. 1. 0.]
996,knn,{'n_neighbors': 5},0.5724363024948079,0.09021692192161758,0.15820256890289916,0.17402075855392934,0.5783341745171338,0.08731348942077827,0.5658163285844829,0.131747466394877,0.5658914728682171,0.5658711997384767,"{0: 0.594459694633002, 1: 0.594459694633002}","{0: 0.594459694633002, 1: 0.594459694633002}",0.594459694633002,"[[374 272]
 [288 356]]",[0. 1. 0. ... 0. 0. 1.],[1. 1. 1. ... 0. 1. 0.]
206,knn,{'n_neighbors': 5},0.5724363024948079,0.09021692192161758,0.15820256890289916,0.17402075855392934,0.5783341745171338,0.08731348942077827,0.5658163285844829,0.131747466394877,0.5658914728682171,0.5658711997384767,"{0: 0.594459694633002, 1: 0.594459694633002}","{0: 0.594459694633002, 1: 0.594459694633002}",0.594459694633002,"[[374 272]
 [288 356]]",[0. 1. 0. ... 0. 0. 1.],[1. 1. 1. ... 0. 1. 0.]
639,knn,{'n_neighbors': 5},0.5724363024948079,0.09021692192161758,0.15820256890289916,0.17402075855392934,0.5783341745171338,0.08731348942077827,0.5658163285844829,0.131747466394877,0.5658914728682171,0.5658711997384767,"{0: 0.594459694633002, 1: 0.594459694633002}","{0: 0.594459694633002, 1: 0.594459694633002}",0.594459694633002,"[[374 272]
 [288 356]]",[0. 1. 0. ... 0. 0. 1.],[1. 1. 1. ... 0. 1. 0.]
55,randomforest,"{'criterion': 'entropy', 'max_features': 'log2', 'n_estimators': 567}",0.5706393687954878,0.11683366924353386,0.15736021159157076,0.22120292559688665,0.5787715674144671,0.11047544555398985,0.5695348989613933,0.13959692829073078,0.5697674418604651,0.569803665173163,"{0: 0.6113601619137358, 1: 0.6113601619137357}","{0: 0.6113601619137358, 1: 0.6113601619137357}",0.6113601619137357,"[[353 293]
 [262 382]]",[1. 1. 1. ... 0. 0. 1.],[1. 1. 1. ... 0. 1. 0.]
602,randomforest,"{'criterion': 'gini', 'max_features': 'sqrt', 'n_estimators': 411}",0.5697287728324347,0.1196818212686859,0.1565073732986995,0.22298164430019166,0.5784748905097421,0.11178052353286679,0.5742459134824585,0.14889040045571333,0.5744186046511628,0.5744500317289387,"{0: 0.6094540218833528, 1: 0.6094540218833528}","{0: 0.6094540218833528, 1: 0.6094540218833528}",0.6094540218833528,"[[358 288]
 [261 383]]",[0. 1. 1. ... 0. 0. 1.],[1. 1. 1. ... 0. 1. 0.]
734,randomforest,"{'criterion': 'gini', 'max_features': 'log2', 'n_estimators': 389}",0.5697512289961183,0.11446241738793192,0.15639822982113813,0.21425297910769767,0.5783976504360553,0.10702217708843444,0.5742459134824585,0.14889040045571333,0.5744186046511628,0.5744500317289387,"{0: 0.6128636809414841, 1: 0.6128636809414841}","{0: 0.6128636809414841, 1: 0.6128636809414841}",0.6128636809414841,"[[358 288]
 [261 383]]",[1. 1. 1. ... 0. 0. 1.],[1. 1. 1. ... 0. 1. 0.]
124,randomforest,"{'criterion': 'entropy', 'max_features': None, 'n_estimators': 345}",0.5700967601187827,0.12822345059824242,0.15622177564162182,0.24246031851479458,0.5781665298284218,0.12137980250760969,0.5727852968392322,0.14577339361556374,0.5728682170542636,0.5728900255754477,"{0: 0.606950560544584, 1: 0.606950560544584}","{0: 0.606950560544584, 1: 0.606950560544584}",0.606950560544584,"[[361 285]
 [266 378]]",[1. 1. 1. ... 0. 0. 1.],[1. 1. 1. ... 0. 1. 0.]
14,randomforest,"{'criterion': 'gini', 'max_features': 'log2', 'n_estimators': 381}",0.5691487461231444,0.13146494966170266,0.1555054672544304,0.2490751409620813,0.5776809224883004,0.12468629087887284,0.5695928633565835,0.13958865619839878,0.5697674418604651,0.5697988577582063,"{0: 0.610851777782051, 1: 0.610851777782051}","{0: 0.610851777782051, 1: 0.610851777782051}",0.610851777782051,"[[355 291]
 [264 380]]",[1. 1. 1. ... 0. 0. 1.],[1. 1. 1. ... 0. 1. 0.]
986,randomforest,"{'criterion': 'gini', 'max_features': None, 'n_estimators': 383}",0.569309531969253,0.12219187419182151,0.15532888664026318,0.2340898649444136,0.5775632237678207,0.11706588510582609,0.5719798543733426,0.14422924388168623,0.5720930232558139,0.5721184354748765,"{0: 0.6074889910197488, 1: 0.6074889910197488}","{0: 0.6074889910197488, 1: 0.6074889910197488}",0.6074889910197488,"[[359 287]
 [265 379]]",[1. 1. 1. ... 0. 0. 1.],[1. 1. 1. ... 0. 1. 0.]
901,randomforest,"{'criterion': 'gini', 'max_features': None, 'n_estimators': 161}",0.5683294940628189,0.12145390796337592,0.15529841137567504,0.22852630402438914,0.577558705559685,0.1141947142550349,0.5695348989613933,0.13959692829073078,0.5697674418604651,0.569803665173163,"{0: 0.6067486491163971, 1: 0.6067486491163971}","{0: 0.6067486491163971, 1: 0.6067486491163971}",0.6067486491163971,"[[353 293]
 [262 382]]",[1. 1. 1. ... 0. 0. 1.],[1. 1. 1. ... 0. 1. 0.]
708,randomforest,"{'criterion': 'gini', 'max_features': None, 'n_estimators': 299}",0.5688499444874597,0.12154459163104864,0.15495124255857026,0.2319723005054058,0.5774580322362971,0.11593320899430658,0.5704497117009043,0.14112449644749114,0.5705426356589147,0.5705656404438205,"{0: 0.6028390189027557, 1: 0.6028390189027556}","{0: 0.6028390189027557, 1: 0.6028390189027556}",0.6028390189027556,"[[359 287]
 [267 377]]",[1. 0. 1. ... 0. 0. 1.],[1. 1. 1. ... 0. 1. 0.]
680,randomforest,"{'criterion': 'gini', 'max_features': 'sqrt', 'n_estimators': 253}",0.5678587515098397,0.129077199924544,0.154577463935523,0.239541839907153,0.5773256188115092,0.12042922783167687,0.5733644843520648,0.1473544553884315,0.5736434108527132,0.5736832490433244,"{0: 0.6110572947714554, 1: 0.6110572947714554}","{0: 0.6110572947714554, 1: 0.6110572947714554}",0.6110572947714554,"[[354 292]
 [258 386]]",[1. 1. 1. ... 0. 0. 1.],[1. 1. 1. ... 0. 1. 0.]
492,randomforest,"{'criterion': 'entropy', 'max_features': None, 'n_estimators': 125}",0.5700548667965519,0.10924907694831226,0.15440643033896245,0.20670215790134214,0.5768706610690831,0.10364261035000433,0.574368729763266,0.14886585151872778,0.5744186046511628,0.5744356094840681,"{0: 0.6113589600599965, 1: 0.6113589600599965}","{0: 0.6113589600599965, 1: 0.6113589600599965}",0.6113589600599965,"[[364 282]
 [267 377]]",[1. 0. 1. ... 0. 0. 1.],[1. 1. 1. ... 0. 1. 0.]
302,SVC,"{'C': 0.1, 'gamma': 1, 'kernel': 'rbf'}",0.5389124402629967,0.0878403357062924,0.15370307867086072,0.13839589386862053,0.5752105719272835,0.06916649256361639,0.5516457252166881,0.16190107913237084,0.5806201550387597,0.5810145568524893,"{0: 0.5910488337211315, 1: 0.5910488337211315}","{0: 0.5910488337211315, 1: 0.5910488337211315}",0.5910488337211315,"[[211 435]
 [106 538]]",[1. 1. 1. ... 1. 0. 1.],[1. 1. 1. ... 0. 1. 0.]
419,randomforest,"{'criterion': 'entropy', 'max_features': None, 'n_estimators': 173}",0.567839538544855,0.11562303853047327,0.15323925257454504,0.2152229186961597,0.5768386146085486,0.10721253180690027,0.5735080934002064,0.14733396146598465,0.5736434108527132,0.5736712305059324,"{0: 0.6066585100859565, 1: 0.6066585100859566}","{0: 0.6066585100859565, 1: 0.6066585100859566}",0.6066585100859566,"[[359 287]
 [263 381]]",[1. 1. 1. ... 0. 0. 1.],[1. 1. 1. ... 0. 1. 0.]
203,randomforest,"{'criterion': 'gini', 'max_features': 'log2', 'n_estimators': 211}",0.5688434300948694,0.11868467952826657,0.15280481082411526,0.22805830592651902,0.5763205955924796,0.1137731172840736,0.5735080934002064,0.14733396146598465,0.5736434108527132,0.5736712305059324,"{0: 0.6048485183547102, 1: 0.6048485183547103}","{0: 0.6048485183547102, 1: 0.6048485183547103}",0.6048485183547103,"[[359 287]
 [263 381]]",[1. 1. 1. ... 0. 0. 1.],[1. 1. 1. ... 0. 1. 0.]
457,randomforest,"{'criterion': 'gini', 'max_features': None, 'n_estimators': 123}",0.5678451800122812,0.10850713314375576,0.15269534246191174,0.2045142393876852,0.5760883337155189,0.10231310213769323,0.5734280942593035,0.14734625793767153,0.5736434108527132,0.5736784416283676,"{0: 0.6079204565121243, 1: 0.6079204565121243}","{0: 0.6079204565121243, 1: 0.6079204565121243}",0.6079204565121243,"[[356 290]
 [260 384]]",[1. 1. 1. ... 0. 0. 1.],[1. 1. 1. ... 0. 1. 0.]
77,AdaBoost,"{'algorithm': 'SAMME.R', 'learning_rate': 0.5081632653061224, 'n_estimators': 30}",0.5697662315753613,0.07343308055665156,0.15258782041529872,0.14376164605137698,0.5775751286184913,0.0702075693771473,0.5763423280749632,0.1549006267474763,0.5775193798449613,0.5774378401246082,"{0: 0.6091787973770744, 1: 0.6091787973770745}","{0: 0.6091787973770744, 1: 0.6091787973770745}",0.6091787973770745,"[[407 239]
 [306 338]]",[1. 0. 1. ... 0. 0. 1.],[1. 1. 1. ... 0. 1. 0.]
342,AdaBoost,"{'algorithm': 'SAMME.R', 'learning_rate': 0.42653061224489797, 'n_estimators': 52}",0.5689628977763581,0.08029355619414727,0.15254802506672738,0.16131609096748153,0.5776536583305585,0.07958106233778478,0.5741783605303351,0.1502589178819218,0.5751937984496124,0.5751182624079381,"{0: 0.6073820260369595, 1: 0.6073820260369593}","{0: 0.6073820260369595, 1: 0.6073820260369593}",0.6073820260369593,"[[403 243]
 [305 339]]",[1. 0. 1. ... 0. 0. 0.],[1. 1. 1. ... 0. 1. 0.]
397,AdaBoost,"{'algorithm': 'SAMME', 'learning_rate': 0.5897959183673469, 'n_estimators': 96}",0.5697722254746971,0.09946710211622266,0.15252739303859975,0.19618380724926746,0.5773850389300713,0.09704135106916698,0.5803300122271589,0.16265987114145597,0.5813953488372093,0.5813174239947695,"{0: 0.6165064996250216, 1: 0.6165064996250217}","{0: 0.6165064996250216, 1: 0.6165064996250217}",0.6165064996250217,"[[408 238]
 [302 342]]",[1. 1. 1. ... 0. 0. 1.],[1. 1. 1. ... 0. 1. 0.]
531,randomforest,"{'criterion': 'gini', 'max_features': None, 'n_estimators': 581}",0.5687381904149301,0.11827877313391327,0.15239119848659302,0.2281079445775428,0.5760125232547275,0.11430083148195529,0.5696642629419583,0.13957624776166033,0.5697674418604651,0.569791646635771,"{0: 0.6068447974155338, 1: 0.6068447974155338}","{0: 0.6068447974155338, 1: 0.6068447974155338}",0.6068447974155338,"[[358 288]
 [267 377]]",[0. 1. 1. ... 0. 0. 1.],[1. 1. 1. ... 0. 1. 0.]
860,randomforest,"{'criterion': 'entropy', 'max_features': None, 'n_estimators': 553}",0.5670740542716173,0.1278036384692915,0.15215638951721117,0.24227197029623046,0.5760387343550307,0.12096809670451437,0.5697304682833864,0.1395597026226033,0.5697674418604651,0.5697820318058573,"{0: 0.6062258427398419, 1: 0.6062258427398419}","{0: 0.6062258427398419, 1: 0.6062258427398419}",0.6062258427398419,"[[362 284]
 [271 373]]",[1. 1. 1. ... 0. 0. 1.],[1. 1. 1. ... 0. 1. 0.]
944,randomforest,"{'criterion': 'entropy', 'max_features': None, 'n_estimators': 181}",0.5688220478187956,0.1178722424923408,0.15152411505598004,0.22581684884020234,0.5759720760825842,0.11282363368817909,0.5726373501400498,0.14579803151025705,0.5728682170542636,0.572904447820318,"{0: 0.6097665038555469, 1: 0.6097665038555468}","{0: 0.6097665038555469, 1: 0.6097665038555468}",0.6097665038555468,"[[355 291]
 [260 384]]",[1. 1. 1. ... 0. 0. 1.],[1. 1. 1. ... 0. 1. 0.]
81,randomforest,"{'criterion': 'entropy', 'max_features': 'sqrt', 'n_estimators': 105}",0.5668088666734247,0.11476116929965495,0.15131416668298164,0.21085116049081937,0.5757297963215895,0.10591637503537145,0.576558947506874,0.15354330708661423,0.5767441860465117,0.5767768205680441,"{0: 0.6044507047670328, 1: 0.6044507047670327}","{0: 0.6044507047670328, 1: 0.6044507047670327}",0.6044507047670327,"[[359 287]
 [259 385]]",[1. 1. 1. ... 0. 0. 1.],[1. 1. 1. ... 0. 1. 0.]
44,randomforest,"{'criterion': 'entropy', 'max_features': None, 'n_estimators': 221}",0.5675616441082597,0.11830241626516817,0.15126778072234603,0.22384152321307932,0.5759584195175701,0.11177565513722107,0.5736229133832282,0.14730526831941615,0.5736434108527132,0.5736544045535834,"{0: 0.6092004307443801, 1: 0.6092004307443801}","{0: 0.6092004307443801, 1: 0.6092004307443801}",0.6092004307443801,"[[366 280]
 [270 374]]",[1. 1. 1. ... 0. 0. 1.],[1. 1. 1. ... 0. 1. 0.]
214,knn,{'n_neighbors': 13},0.5672922665501566,0.09984740860049085,0.15126623358029623,0.19308201003130587,0.5751975997858311,0.09711602694026851,0.5662070690086315,0.13324582975746602,0.5666666666666667,0.5666163490567853,"{0: 0.6118517200930715, 1: 0.6118517200930715}","{0: 0.6118517200930715, 1: 0.6118517200930715}",0.6118517200930715,"[[387 259]
 [300 344]]",[1. 1. 0. ... 1. 0. 1.],[1. 1. 1. ... 0. 1. 0.]
85,knn,{'n_neighbors': 13},0.5672922665501566,0.09984740860049085,0.15126623358029623,0.19308201003130587,0.5751975997858311,0.09711602694026851,0.5662070690086315,0.13324582975746602,0.5666666666666667,0.5666163490567853,"{0: 0.6118517200930715, 1: 0.6118517200930715}","{0: 0.6118517200930715, 1: 0.6118517200930715}",0.6118517200930715,"[[387 259]
 [300 344]]",[1. 1. 0. ... 1. 0. 1.],[1. 1. 1. ... 0. 1. 0.]
848,knn,{'n_neighbors': 13},0.5672922665501566,0.09984740860049085,0.15126623358029623,0.19308201003130587,0.5751975997858311,0.09711602694026851,0.5662070690086315,0.13324582975746602,0.5666666666666667,0.5666163490567853,"{0: 0.6118517200930715, 1: 0.6118517200930715}","{0: 0.6118517200930715, 1: 0.6118517200930715}",0.6118517200930715,"[[387 259]
 [300 344]]",[1. 1. 0. ... 1. 0. 1.],[1. 1. 1. ... 0. 1. 0.]
478,knn,{'n_neighbors': 13},0.5672922665501566,0.09984740860049085,0.15126623358029623,0.19308201003130587,0.5751975997858311,0.09711602694026851,0.5662070690086315,0.13324582975746602,0.5666666666666667,0.5666163490567853,"{0: 0.6118517200930715, 1: 0.6118517200930715}","{0: 0.6118517200930715, 1: 0.6118517200930715}",0.6118517200930715,"[[387 259]
 [300 344]]",[1. 1. 0. ... 1. 0. 1.],[1. 1. 1. ... 0. 1. 0.]
424,knn,{'n_neighbors': 13},0.5672922665501566,0.09984740860049085,0.15126623358029623,0.19308201003130587,0.5751975997858311,0.09711602694026851,0.5662070690086315,0.13324582975746602,0.5666666666666667,0.5666163490567853,"{0: 0.6118517200930715, 1: 0.6118517200930715}","{0: 0.6118517200930715, 1: 0.6118517200930715}",0.6118517200930715,"[[387 259]
 [300 344]]",[1. 1. 0. ... 1. 0. 1.],[1. 1. 1. ... 0. 1. 0.]
947,knn,{'n_neighbors': 13},0.5672922665501566,0.09984740860049085,0.15126623358029623,0.19308201003130587,0.5751975997858311,0.09711602694026851,0.5662070690086315,0.13324582975746602,0.5666666666666667,0.5666163490567853,"{0: 0.6118517200930715, 1: 0.6118517200930715}","{0: 0.6118517200930715, 1: 0.6118517200930715}",0.6118517200930715,"[[387 259]
 [300 344]]",[1. 1. 0. ... 1. 0. 1.],[1. 1. 1. ... 0. 1. 0.]
375,knn,{'n_neighbors': 13},0.5672922665501566,0.09984740860049085,0.15126623358029623,0.19308201003130587,0.5751975997858311,0.09711602694026851,0.5662070690086315,0.13324582975746602,0.5666666666666667,0.5666163490567853,"{0: 0.6118517200930715, 1: 0.6118517200930715}","{0: 0.6118517200930715, 1: 0.6118517200930715}",0.6118517200930715,"[[387 259]
 [300 344]]",[1. 1. 0. ... 1. 0. 1.],[1. 1. 1. ... 0. 1. 0.]
893,knn,{'n_neighbors': 13},0.5672922665501566,0.09984740860049085,0.15126623358029623,0.19308201003130587,0.5751975997858311,0.09711602694026851,0.5662070690086315,0.13324582975746602,0.5666666666666667,0.5666163490567853,"{0: 0.6118517200930715, 1: 0.6118517200930715}","{0: 0.6118517200930715, 1: 0.6118517200930715}",0.6118517200930715,"[[387 259]
 [300 344]]",[1. 1. 0. ... 1. 0. 1.],[1. 1. 1. ... 0. 1. 0.]
267,knn,{'n_neighbors': 13},0.5672922665501566,0.09984740860049085,0.15126623358029623,0.19308201003130587,0.5751975997858311,0.09711602694026851,0.5662070690086315,0.13324582975746602,0.5666666666666667,0.5666163490567853,"{0: 0.6118517200930715, 1: 0.6118517200930715}","{0: 0.6118517200930715, 1: 0.6118517200930715}",0.6118517200930715,"[[387 259]
 [300 344]]",[1. 1. 0. ... 1. 0. 1.],[1. 1. 1. ... 0. 1. 0.]
998,knn,{'n_neighbors': 13},0.5672922665501566,0.09984740860049085,0.15126623358029623,0.19308201003130587,0.5751975997858311,0.09711602694026851,0.5662070690086315,0.13324582975746602,0.5666666666666667,0.5666163490567853,"{0: 0.6118517200930715, 1: 0.6118517200930715}","{0: 0.6118517200930715, 1: 0.6118517200930715}",0.6118517200930715,"[[387 259]
 [300 344]]",[1. 1. 0. ... 1. 0. 1.],[1. 1. 1. ... 0. 1. 0.]
802,knn,{'n_neighbors': 13},0.5672922665501566,0.09984740860049085,0.15126623358029623,0.19308201003130587,0.5751975997858311,0.09711602694026851,0.5662070690086315,0.13324582975746602,0.5666666666666667,0.5666163490567853,"{0: 0.6118517200930715, 1: 0.6118517200930715}","{0: 0.6118517200930715, 1: 0.6118517200930715}",0.6118517200930715,"[[387 259]
 [300 344]]",[1. 1. 0. ... 1. 0. 1.],[1. 1. 1. ... 0. 1. 0.]
641,knn,{'n_neighbors': 13},0.5672922665501566,0.09984740860049085,0.15126623358029623,0.19308201003130587,0.5751975997858311,0.09711602694026851,0.5662070690086315,0.13324582975746602,0.5666666666666667,0.5666163490567853,"{0: 0.6118517200930715, 1: 0.6118517200930715}","{0: 0.6118517200930715, 1: 0.6118517200930715}",0.6118517200930715,"[[387 259]
 [300 344]]",[1. 1. 0. ... 1. 0. 1.],[1. 1. 1. ... 0. 1. 0.]
150,knn,{'n_neighbors': 13},0.5672922665501566,0.09984740860049085,0.15126623358029623,0.19308201003130587,0.5751975997858311,0.09711602694026851,0.5662070690086315,0.13324582975746602,0.5666666666666667,0.5666163490567853,"{0: 0.6118517200930715, 1: 0.6118517200930715}","{0: 0.6118517200930715, 1: 0.6118517200930715}",0.6118517200930715,"[[387 259]
 [300 344]]",[1. 1. 0. ... 1. 0. 1.],[1. 1. 1. ... 0. 1. 0.]
534,knn,{'n_neighbors': 13},0.5672922665501566,0.09984740860049085,0.15126623358029623,0.19308201003130587,0.5751975997858311,0.09711602694026851,0.5662070690086315,0.13324582975746602,0.5666666666666667,0.5666163490567853,"{0: 0.6118517200930715, 1: 0.6118517200930715}","{0: 0.6118517200930715, 1: 0.6118517200930715}",0.6118517200930715,"[[387 259]
 [300 344]]",[1. 1. 0. ... 1. 0. 1.],[1. 1. 1. ... 0. 1. 0.]
314,knn,{'n_neighbors': 13},0.5672922665501566,0.09984740860049085,0.15126623358029623,0.19308201003130587,0.5751975997858311,0.09711602694026851,0.5662070690086315,0.13324582975746602,0.5666666666666667,0.5666163490567853,"{0: 0.6118517200930715, 1: 0.6118517200930715}","{0: 0.6118517200930715, 1: 0.6118517200930715}",0.6118517200930715,"[[387 259]
 [300 344]]",[1. 1. 0. ... 1. 0. 1.],[1. 1. 1. ... 0. 1. 0.]
20,knn,{'n_neighbors': 13},0.5672922665501566,0.09984740860049085,0.15126623358029623,0.19308201003130587,0.5751975997858311,0.09711602694026851,0.5662070690086315,0.13324582975746602,0.5666666666666667,0.5666163490567853,"{0: 0.6118517200930715, 1: 0.6118517200930715}","{0: 0.6118517200930715, 1: 0.6118517200930715}",0.6118517200930715,"[[387 259]
 [300 344]]",[1. 1. 0. ... 1. 0. 1.],[1. 1. 1. ... 0. 1. 0.]
685,knn,{'n_neighbors': 13},0.5672922665501566,0.09984740860049085,0.15126623358029623,0.19308201003130587,0.5751975997858311,0.09711602694026851,0.5662070690086315,0.13324582975746602,0.5666666666666667,0.5666163490567853,"{0: 0.6118517200930715, 1: 0.6118517200930715}","{0: 0.6118517200930715, 1: 0.6118517200930715}",0.6118517200930715,"[[387 259]
 [300 344]]",[1. 1. 0. ... 1. 0. 1.],[1. 1. 1. ... 0. 1. 0.]
589,knn,{'n_neighbors': 13},0.5672922665501566,0.09984740860049085,0.15126623358029623,0.19308201003130587,0.5751975997858311,0.09711602694026851,0.5662070690086315,0.13324582975746602,0.5666666666666667,0.5666163490567853,"{0: 0.6118517200930715, 1: 0.6118517200930715}","{0: 0.6118517200930715, 1: 0.6118517200930715}",0.6118517200930715,"[[387 259]
 [300 344]]",[1. 1. 0. ... 1. 0. 1.],[1. 1. 1. ... 0. 1. 0.]
741,knn,{'n_neighbors': 13},0.5672922665501566,0.09984740860049085,0.15126623358029623,0.19308201003130587,0.5751975997858311,0.09711602694026851,0.5662070690086315,0.13324582975746602,0.5666666666666667,0.5666163490567853,"{0: 0.6118517200930715, 1: 0.6118517200930715}","{0: 0.6118517200930715, 1: 0.6118517200930715}",0.6118517200930715,"[[387 259]
 [300 344]]",[1. 1. 0. ... 1. 0. 1.],[1. 1. 1. ... 0. 1. 0.]
345,randomforest,"{'criterion': 'gini', 'max_features': None, 'n_estimators': 79}",0.5673387162222496,0.10271457067199735,0.1503642630257318,0.19189246628308343,0.5752312902983433,0.09597630605740469,0.5749792648256333,0.1504468169997163,0.5751937984496124,0.575228832951945,"{0: 0.6080658808145684, 1: 0.6080658808145684}","{0: 0.6080658808145684, 1: 0.6080658808145684}",0.6080658808145684,"[[357 289]
 [259 385]]",[1. 1. 1. ... 0. 0. 1.],[1. 1. 1. ... 0. 1. 0.]
378,randomforest,"{'criterion': 'entropy', 'max_features': None, 'n_estimators': 277}",0.5649003165126151,0.12946199465205718,0.1498433143276963,0.24563793048260865,0.5745407559865807,0.12337011982337372,0.569741845383949,0.13955556623841747,0.5697674418604651,0.5697796280983789,"{0: 0.6053593061938733, 1: 0.6053593061938735}","{0: 0.6053593061938733, 1: 0.6053593061938735}",0.6053593061938735,"[[363 283]
 [272 372]]",[1. 1. 1. ... 0. 0. 1.],[1. 1. 1. ... 0. 1. 0.]
134,randomforest,"{'criterion': 'gini', 'max_features': None, 'n_estimators': 463}",0.567317795228972,0.10930679769192071,0.14904577012611894,0.20750074035768462,0.5745396204322862,0.10405324498864336,0.5719325122241196,0.14423747145775745,0.5720930232558139,0.5721232428898333,"{0: 0.605942205257389, 1: 0.6059422052573891}","{0: 0.605942205257389, 1: 0.6059422052573891}",0.6059422052573891,"[[357 289]
 [263 381]]",[1. 1. 1. ... 0. 0. 1.],[1. 1. 1. ... 0. 1. 0.]
253,randomforest,"{'criterion': 'entropy', 'max_features': None, 'n_estimators': 251}",0.5656800894786328,0.11806215601118852,0.149026022084327,0.21925011864866709,0.574533676492674,0.10975704847874765,0.5735080934002064,0.14733396146598465,0.5736434108527132,0.5736712305059324,"{0: 0.6054097840509202, 1: 0.60540978405092}","{0: 0.6054097840509202, 1: 0.60540978405092}",0.60540978405092,"[[359 287]
 [263 381]]",[1. 1. 1. ... 0. 0. 1.],[1. 1. 1. ... 0. 1. 0.]
162,randomforest,"{'criterion': 'entropy', 'max_features': 'sqrt', 'n_estimators': 559}",0.5652943782786928,0.10839068416695136,0.14862630222680356,0.19982893638624488,0.5744007613790566,0.09979174091055212,0.5712521310404229,0.14266863121663487,0.5713178294573643,0.5713372305443917,"{0: 0.6105981866430783, 1: 0.6105981866430782}","{0: 0.6105981866430783, 1: 0.6105981866430782}",0.6105981866430782,"[[361 285]
 [268 376]]",[1. 1. 1. ... 0. 0. 1.],[1. 1. 1. ... 0. 1. 0.]
565,randomforest,"{'criterion': 'entropy', 'max_features': None, 'n_estimators': 499}",0.5657301487473216,0.12546174833514967,0.14758717002460098,0.23917024940688664,0.5738101753347035,0.11959767507202514,0.5688989886384527,0.13802386286065893,0.5689922480620155,0.569015249120243,"{0: 0.60865478914678, 1: 0.60865478914678}","{0: 0.60865478914678, 1: 0.60865478914678}",0.60865478914678,"[[358 288]
 [268 376]]",[1. 0. 1. ... 0. 0. 1.],[1. 1. 1. ... 0. 1. 0.]
38,randomforest,"{'criterion': 'gini', 'max_features': None, 'n_estimators': 513}",0.5646486781341151,0.09885075052488435,0.14687170683995684,0.1848531252578721,0.5733933295586161,0.09267633652377881,0.570189318205734,0.14116165379198298,0.5705426356589147,0.5705872738111263,"{0: 0.6042716285598907, 1: 0.6042716285598908}","{0: 0.6042716285598907, 1: 0.6042716285598908}",0.6042716285598908,"[[350 296]
 [258 386]]",[1. 1. 1. ... 0. 0. 1.],[1. 1. 1. ... 0. 1. 0.]
667,randomforest,"{'criterion': 'entropy', 'max_features': None, 'n_estimators': 151}",0.5637300888908124,0.10835120293287799,0.14603199322540372,0.20229837286875468,0.5729557406852361,0.10147446819454498,0.5697304682833864,0.1395597026226033,0.5697674418604651,0.5697820318058573,"{0: 0.6000050477857046, 1: 0.6000050477857046}","{0: 0.6000050477857046, 1: 0.6000050477857046}",0.6000050477857046,"[[362 284]
 [271 373]]",[1. 1. 1. ... 0. 0. 1.],[1. 1. 1. ... 0. 1. 0.]
905,SVC,"{'C': 100, 'gamma': 0.1, 'kernel': 'rbf'}",0.5645492754203427,0.07970747603801968,0.1457864953264835,0.1415386038166734,0.5727465632425889,0.07061876051843681,0.5703254827200314,0.14250786728627307,0.5713178294573643,0.5712434859527336,"{0: 0.5732674076495586, 1: 0.5732674076495587}","{0: 0.5732674076495586, 1: 0.5732674076495587}",0.5732674076495587,"[[400 246]
 [307 337]]",[0. 1. 0. ... 1. 0. 1.],[1. 1. 1. ... 0. 1. 0.]
443,randomforest,"{'criterion': 'entropy', 'max_features': 'log2', 'n_estimators': 187}",0.5638186572871643,0.1070506056414782,0.1452526027899889,0.20265263824401067,0.5725633163709026,0.10128304825226275,0.5719798543733426,0.14422924388168623,0.5720930232558139,0.5721184354748765,"{0: 0.6142241793742669, 1: 0.6142241793742668}","{0: 0.6142241793742669, 1: 0.6142241793742668}",0.6142241793742668,"[[359 287]
 [265 379]]",[1. 1. 1. ... 0. 0. 1.],[1. 1. 1. ... 0. 1. 0.]
630,randomforest,"{'criterion': 'gini', 'max_features': None, 'n_estimators': 231}",0.5648325496071798,0.12317115958392594,0.1444288722949881,0.2337618118010231,0.5720127972210808,0.11689299091743174,0.568743470138819,0.13804872421020253,0.5689922480620155,0.5690296713651135,"{0: 0.6108361536834414, 1: 0.6108361536834415}","{0: 0.6108361536834414, 1: 0.6108361536834415}",0.6108361536834415,"[[352 294]
 [262 382]]",[1. 1. 1. ... 0. 0. 1.],[1. 1. 1. ... 0. 1. 0.]
816,randomforest,"{'criterion': 'gini', 'max_features': None, 'n_estimators': 475}",0.564816924113225,0.10916121266758205,0.1439487859819909,0.20832929800919867,0.5720996115062876,0.10413447105377403,0.5711160355463638,0.1426933587788094,0.5713178294573643,0.5713516527892621,"{0: 0.6072798684691267, 1: 0.6072798684691267}","{0: 0.6072798684691267, 1: 0.6072798684691267}",0.6072798684691267,"[[355 291]
 [262 382]]",[1. 1. 1. ... 0. 0. 1.],[1. 1. 1. ... 0. 1. 0.]
917,randomforest,"{'criterion': 'entropy', 'max_features': 'sqrt', 'n_estimators': 87}",0.5614482246981694,0.10792650977937349,0.14276875995081195,0.2051668474438298,0.5715935535208824,0.10268620729478525,0.5640560731015644,0.12875127986963364,0.5643410852713179,0.5643809011018595,"{0: 0.6094600311520488, 1: 0.6094600311520489}","{0: 0.6094600311520488, 1: 0.6094600311520489}",0.6094600311520489,"[[348 298]
 [264 380]]",[1. 1. 1. ... 0. 0. 1.],[1. 1. 1. ... 0. 1. 0.]
274,AdaBoost,"{'algorithm': 'SAMME.R', 'learning_rate': 1.079591836734694, 'n_estimators': 96}",0.5652098698504368,0.10950199870090595,0.14259181504160737,0.21744996661857605,0.5722788439577523,0.10801942082749605,0.5576929792046071,0.11619196892188155,0.5581395348837209,0.5580903986308483,"{0: 0.576915033748053, 1: 0.576915033748053}","{0: 0.576915033748053, 1: 0.576915033748053}",0.576915033748053,"[[381 265]
 [305 339]]",[1. 0. 1. ... 0. 0. 1.],[1. 1. 1. ... 0. 1. 0.]
64,randomforest,"{'criterion': 'gini', 'max_features': None, 'n_estimators': 297}",0.5632410398894685,0.12340884044019068,0.14234178620035304,0.23634857356994307,0.5711521322486623,0.11849741199401642,0.5650653140203865,0.13026182641531203,0.5651162790697675,0.5651332615426032,"{0: 0.6031527027286887, 1: 0.6031527027286887}","{0: 0.6031527027286887, 1: 0.6031527027286887}",0.6031527027286887,"[[358 288]
 [273 371]]",[1. 1. 1. ... 0. 0. 1.],[1. 1. 1. ... 0. 1. 0.]
49,randomforest,"{'criterion': 'gini', 'max_features': 'sqrt', 'n_estimators': 291}",0.562417940958229,0.11336673941960954,0.14211517217025324,0.21389865080701656,0.5711603645300313,0.10715665640932122,0.5695928633565835,0.13958865619839878,0.5697674418604651,0.5697988577582063,"{0: 0.6097725131242429, 1: 0.6097725131242429}","{0: 0.6097725131242429, 1: 0.6097725131242429}",0.6097725131242429,"[[355 291]
 [264 380]]",[1. 1. 1. ... 0. 0. 1.],[1. 1. 1. ... 0. 1. 0.]
120,AdaBoost,"{'algorithm': 'SAMME.R', 'learning_rate': 1.4877551020408164, 'n_estimators': 74}",0.5639505469074031,0.09902158237257765,0.13998982722312292,0.19464928922644184,0.5706377770520491,0.0963803685345738,0.5627885958278793,0.12558770082782889,0.5627906976744186,0.5627944541661059,"{0: 0.5807333230775147, 1: 0.5807333230775148}","{0: 0.5807333230775147, 1: 0.5807333230775148}",0.5807333230775148,"[[362 284]
 [280 364]]",[1. 1. 0. ... 0. 0. 0.],[1. 1. 1. ... 0. 1. 0.]
172,randomforest,"{'criterion': 'entropy', 'max_features': None, 'n_estimators': 83}",0.5634544272513916,0.11300196023386777,0.13996787949363054,0.2142164681390576,0.5700643683462296,0.10752288589225067,0.5666002554278416,0.13336666338173409,0.5666666666666667,0.5666860565736591,"{0: 0.6064770301713364, 1: 0.6064770301713364}","{0: 0.6064770301713364, 1: 0.6064770301713364}",0.6064770301713364,"[[358 288]
 [271 373]]",[0. 1. 1. ... 0. 0. 1.],[1. 1. 1. ... 0. 1. 0.]
677,AdaBoost,"{'algorithm': 'SAMME.R', 'learning_rate': 0.9979591836734693, 'n_estimators': 52}",0.5634560167325552,0.07812016240098747,0.13941926665283425,0.15501589511571423,0.5707467017729335,0.07696851776222755,0.567714369366675,0.13634276565516223,0.568217054263566,0.5681643366728842,"{0: 0.5871367998000115, 1: 0.5871367998000114}","{0: 0.5871367998000115, 1: 0.5871367998000114}",0.5871367998000114,"[[389 257]
 [300 344]]",[1. 1. 1. ... 0. 0. 1.],[1. 1. 1. ... 0. 1. 0.]
192,randomforest,"{'criterion': 'entropy', 'max_features': 'sqrt', 'n_estimators': 165}",0.5610266783672629,0.1254826268746614,0.1385932631652329,0.2396220831924226,0.5694601288512265,0.11971917825087326,0.5619778641083122,0.12405627384102857,0.562015503875969,0.5620300751879699,"{0: 0.6047691960079227, 1: 0.6047691960079227}","{0: 0.6047691960079227, 1: 0.6047691960079227}",0.6047691960079227,"[[357 289]
 [276 368]]",[1. 1. 1. ... 0. 0. 1.],[1. 1. 1. ... 0. 1. 0.]
281,SVC,"{'C': 100, 'gamma': 0.1, 'kernel': 'rbf'}",0.5599500578005457,0.08177423533227313,0.13764364752061786,0.1456613183822774,0.5686152019430899,0.07289093480847587,0.566127693247936,0.13473605254427168,0.5674418604651162,0.5673566909601369,"{0: 0.5713636713266542, 1: 0.5713636713266542}","{0: 0.5713636713266542, 1: 0.5713636713266542}",0.5713636713266542,"[[402 244]
 [314 330]]",[0. 1. 0. ... 1. 0. 1.],[1. 1. 1. ... 0. 1. 0.]
851,AdaBoost,"{'algorithm': 'SAMME', 'learning_rate': 1.4877551020408164, 'n_estimators': 41}",0.5590882730584742,0.09724664577970936,0.13687289544451653,0.1824729776160959,0.5697257887123314,0.08954305952065111,0.5746764602851427,0.1502956872926583,0.5751937984496124,0.5751398957752438,"{0: 0.593451339345807, 1: 0.5934513393458068}","{0: 0.593451339345807, 1: 0.5934513393458068}",0.5934513393458068,"[[394 252]
 [296 348]]",[1. 1. 1. ... 0. 0. 1.],[1. 1. 1. ... 0. 1. 0.]
324,SVC,"{'C': 100, 'gamma': 0.1, 'kernel': 'rbf'}",0.558950762574833,0.08085917778606029,0.1365861627324334,0.14385030252065062,0.5679561544620275,0.07195798533831917,0.565236135606506,0.13317914850547308,0.5666666666666667,0.5665778897371305,"{0: 0.5701425879276196, 1: 0.5701425879276196}","{0: 0.5701425879276196, 1: 0.5701425879276196}",0.5701425879276196,"[[403 243]
 [316 328]]",[0. 1. 0. ... 1. 0. 1.],[1. 1. 1. ... 0. 1. 0.]
2,SVC,"{'C': 100, 'gamma': 0.1, 'kernel': 'rbf'}",0.5582044959521327,0.07983575274669279,0.13518850149393816,0.1417569903769592,0.5672881382676956,0.07102051347460768,0.5644969854903917,0.13163057275839518,0.5658914728682171,0.565803895929081,"{0: 0.5719333499990386, 1: 0.5719333499990384}","{0: 0.5719333499990386, 1: 0.5719333499990384}",0.5719333499990384,"[[402 244]
 [316 328]]",[0. 1. 0. ... 1. 0. 1.],[1. 1. 1. ... 0. 1. 0.]
24,AdaBoost,"{'algorithm': 'SAMME.R', 'learning_rate': 0.6714285714285714, 'n_estimators': 30}",0.5594461445286634,0.07536515006779623,0.13508283653669814,0.14366623733305828,0.5691135751139066,0.07021321904552279,0.5716782069161556,0.1455967804364393,0.5728682170542636,0.5727866661538757,"{0: 0.5982287079591562, 1: 0.5982287079591562}","{0: 0.5982287079591562, 1: 0.5982287079591562}",0.5982287079591562,"[[404 242]
 [309 335]]",[1. 0. 1. ... 0. 0. 1.],[1. 1. 1. ... 0. 1. 0.]
179,AdaBoost,"{'algorithm': 'SAMME.R', 'learning_rate': 0.8346938775510203, 'n_estimators': 96}",0.559256884383573,0.07816352003860781,0.13493732283321686,0.1571870040167199,0.5682549581978134,0.07773617869517097,0.567714369366675,0.13634276565516223,0.568217054263566,0.5681643366728842,"{0: 0.5858832663500182, 1: 0.5858832663500183}","{0: 0.5858832663500182, 1: 0.5858832663500183}",0.5858832663500183,"[[389 257]
 [300 344]]",[1. 0. 1. ... 0. 0. 0.],[1. 1. 1. ... 0. 1. 0.]
182,randomforest,"{'criterion': 'gini', 'max_features': 'log2', 'n_estimators': 103}",0.5593751888343715,0.09689439067723324,0.13314845672692396,0.18353147511214563,0.5667733866273394,0.09188776218412097,0.5711696588965274,0.14268511641657589,0.5713178294573643,0.5713468453743054,"{0: 0.609808568736419, 1: 0.609808568736419}","{0: 0.609808568736419, 1: 0.609808568736419}",0.609808568736419,"[[357 289]
 [264 380]]",[1. 1. 1. ... 0. 0. 1.],[1. 1. 1. ... 0. 1. 0.]
512,AdaBoost,"{'algorithm': 'SAMME', 'learning_rate': 1.6510204081632653, 'n_estimators': 96}",0.5609896292893387,0.0710247768191244,0.13164762493030316,0.13977171414995138,0.566518046533122,0.06982614658485811,0.565011979688313,0.13019074289972477,0.5651162790697675,0.5650923985154703,"{0: 0.5861332519277733, 1: 0.5861332519277734}","{0: 0.5861332519277733, 1: 0.5861332519277734}",0.5861332519277734,"[[375 271]
 [290 354]]",[1. 0. 1. ... 0. 0. 0.],[1. 1. 1. ... 0. 1. 0.]
93,AdaBoost,"{'algorithm': 'SAMME.R', 'learning_rate': 0.9979591836734693, 'n_estimators': 63}",0.5585478043076506,0.07784333418224748,0.13010905009381957,0.15498685119906544,0.5660539286944484,0.07673073513403907,0.561550973148259,0.12394256496058731,0.562015503875969,0.5619651750860527,"{0: 0.5894683960540739, 1: 0.5894683960540738}","{0: 0.5894683960540739, 1: 0.5894683960540738}",0.5894683960540738,"[[384 262]
 [303 341]]",[1. 0. 1. ... 0. 0. 0.],[1. 1. 1. ... 0. 1. 0.]
103,AdaBoost,"{'algorithm': 'SAMME.R', 'learning_rate': 1.2428571428571429, 'n_estimators': 85}",0.5540999876964589,0.09413397037576422,0.12145234015044248,0.18623128984285314,0.561286076451391,0.09263932589734784,0.5595247490261238,0.11932692307692305,0.5596899224806201,0.559660019614253,"{0: 0.5710968597965502, 1: 0.5710968597965502}","{0: 0.5710968597965502, 1: 0.5710968597965502}",0.5710968597965502,"[[374 272]
 [296 348]]",[1. 0. 1. ... 0. 0. 1.],[1. 1. 1. ... 0. 1. 0.]
73,SVC,"{'C': 0.1, 'gamma': 0.01, 'kernel': 'rbf'}",0.5365739725825097,0.08687649043036721,0.11474920778127873,0.15450981748240042,0.5581432499556446,0.07722528738286802,0.5523486640890992,0.12516713641217048,0.5627906976744186,0.5625540834182643,"{0: 0.5911101282618311, 1: 0.591110128261831}","{0: 0.5911101282618311, 1: 0.591110128261831}",0.591110128261831,"[[462 184]
 [380 264]]",[1. 0. 0. ... 0. 0. 0.],[1. 1. 1. ... 0. 1. 0.]
295,AdaBoost,"{'algorithm': 'SAMME.R', 'learning_rate': 1.4061224489795918, 'n_estimators': 74}",0.5505442619059228,0.09393507078400908,0.11433599789924616,0.1860757645241263,0.5577567466869761,0.09283552936804337,0.5587622622904258,0.1177785630323005,0.5589147286821705,0.5588860258062035,"{0: 0.5819664250139415, 1: 0.5819664250139415}","{0: 0.5819664250139415, 1: 0.5819664250139415}",0.5819664250139415,"[[373 273]
 [296 348]]",[1. 0. 0. ... 0. 1. 1.],[1. 1. 1. ... 0. 1. 0.]
980,AdaBoost,"{'algorithm': 'SAMME.R', 'learning_rate': 1.4061224489795918, 'n_estimators': 74}",0.5505442619059228,0.09393507078400908,0.11433599789924616,0.1860757645241263,0.5577567466869761,0.09283552936804337,0.5587622622904258,0.1177785630323005,0.5589147286821705,0.5588860258062035,"{0: 0.5819664250139415, 1: 0.5819664250139415}","{0: 0.5819664250139415, 1: 0.5819664250139415}",0.5819664250139415,"[[373 273]
 [296 348]]",[1. 0. 0. ... 0. 1. 1.],[1. 1. 1. ... 0. 1. 0.]
839,AdaBoost,"{'algorithm': 'SAMME.R', 'learning_rate': 1.2428571428571429, 'n_estimators': 63}",0.5490342991207708,0.08323483733445095,0.11291978071994822,0.16121707547140718,0.5575057648023498,0.07999582304612676,0.557258182534807,0.11468612156103897,0.5573643410852713,0.5573404418975828,"{0: 0.5803559410034037, 1: 0.5803559410034036}","{0: 0.5803559410034037, 1: 0.5803559410034036}",0.5803559410034036,"[[370 276]
 [295 349]]",[1. 0. 1. ... 0. 0. 1.],[1. 1. 1. ... 0. 1. 0.]
384,AdaBoost,"{'algorithm': 'SAMME.R', 'learning_rate': 1.1612244897959183, 'n_estimators': 30}",0.5432209219397527,0.0839889571751044,0.10395208970497424,0.16031689060298382,0.5530461834295589,0.07893530008206308,0.5684231361372295,0.13938594023844042,0.5697674418604651,0.5696810760917639,"{0: 0.5930499201969117, 1: 0.5930499201969117}","{0: 0.5930499201969117, 1: 0.5930499201969117}",0.5930499201969117,"[[404 242]
 [313 331]]",[1. 1. 1. ... 0. 0. 1.],[1. 1. 1. ... 0. 1. 0.]
572,AdaBoost,"{'algorithm': 'SAMME.R', 'learning_rate': 1.3244897959183672, 'n_estimators': 30}",0.5448970484736458,0.09758012847419845,0.10366405808958958,0.1923507331617893,0.5530773149440594,0.0953520799585623,0.548934991555748,0.09911653344551963,0.5496124031007752,0.5495524296675192,"{0: 0.5696510297482837, 1: 0.5696510297482837}","{0: 0.5696510297482837, 1: 0.5696510297482837}",0.5696510297482837,"[[380 266]
 [315 329]]",[1. 1. 1. ... 0. 0. 0.],[1. 1. 1. ... 0. 1. 0.]
10,AdaBoost,"{'algorithm': 'SAMME', 'learning_rate': 1.8142857142857143, 'n_estimators': 96}",0.5473345244432938,0.06975770436043918,0.10220802932546678,0.1359600810855254,0.5523690478246917,0.0661502288057684,0.5573550311253831,0.11471591441737028,0.5573643410852713,0.5573572678499318,"{0: 0.5701654231486645, 1: 0.5701654231486645}","{0: 0.5701654231486645, 1: 0.5701654231486645}",0.5701654231486645,"[[363 283]
 [288 356]]",[1. 1. 0. ... 0. 0. 0.],[1. 1. 1. ... 0. 1. 0.]
548,AdaBoost,"{'algorithm': 'SAMME.R', 'learning_rate': 1.8959183673469386, 'n_estimators': 85}",0.5391011322168353,0.12673891180412933,0.09909982687335468,0.24330176756697555,0.549549793113709,0.12170694192000803,0.5234822882751421,0.049457035222390755,0.5248062015503876,0.5247245351229737,"{0: 0.5476342710997443, 1: 0.5476342710997443}","{0: 0.5476342710997443, 1: 0.5476342710997443}",0.5476342710997443,"[[373 273]
 [340 304]]",[1. 1. 1. ... 0. 0. 0.],[1. 1. 1. ... 0. 1. 0.]
652,AdaBoost,"{'algorithm': 'SAMME.R', 'learning_rate': 1.8142857142857143, 'n_estimators': 74}",0.5416079919064707,0.07140276359796878,0.09878483591486723,0.13180539868346902,0.5492973920815561,0.0660830557979612,0.5472258738329466,0.0945409966106584,0.5472868217054263,0.5472689075630253,"{0: 0.5651741245697364, 1: 0.5651741245697364}","{0: 0.5651741245697364, 1: 0.5651741245697364}",0.5651741245697364,"[[361 285]
 [299 345]]",[1. 1. 0. ... 0. 0. 0.],[1. 1. 1. ... 0. 1. 0.]
709,SVC,"{'C': 10, 'gamma': 0.0001, 'kernel': 'rbf'}",0.5253259694969487,0.10240201868693331,0.09714847192895544,0.17890511506573165,0.5505553302393315,0.08867644705281079,0.5521276978957624,0.12823583734957145,0.5643410852713179,0.5640852450820145,"{0: 0.5940041920658424, 1: 0.5940041920658424}","{0: 0.5940041920658424, 1: 0.5940041920658424}",0.5940041920658424,"[[471 175]
 [387 257]]",[0. 0. 0. ... 0. 0. 0.],[1. 1. 1. ... 0. 1. 0.]
428,AdaBoost,"{'algorithm': 'SAMME.R', 'learning_rate': 2.2224489795918365, 'n_estimators': 63}",0.4585235826951656,0.08690153522906256,0.09389010637971655,0.11737387312907466,0.5491249943600104,0.05832337178663736,0.4805202911068952,0.11367196994674267,0.5573643410852713,0.5567683595177201,"{0: 0.5451007634174952, 1: 0.5451007634174952}","{0: 0.5451007634174952, 1: 0.5451007634174952}",0.5451007634174952,"[[608  38]
 [533 111]]",[0. 0. 0. ... 0. 0. 0.],[1. 1. 1. ... 0. 1. 0.]
507,SVC,"{'C': 10, 'gamma': 0.0001, 'kernel': 'rbf'}",0.5230043121762757,0.0964932233094101,0.09176868616006015,0.17360076771083835,0.5474170288008794,0.08581816967248712,0.5446461527822163,0.11119635037022968,0.5558139534883721,0.5555713131934696,"{0: 0.5813438647770321, 1: 0.581343864777032}","{0: 0.5813438647770321, 1: 0.581343864777032}",0.581343864777032,"[[460 186]
 [387 257]]",[0. 0. 0. ... 0. 0. 0.],[1. 1. 1. ... 0. 1. 0.]
348,SVC,"{'C': 1, 'gamma': 0.001, 'kernel': 'rbf'}",0.5246665300574788,0.09735749114085658,0.09149431587046601,0.17723320729756292,0.5469897754677681,0.08774075272707536,0.5471196764644785,0.11431567151078204,0.5573643410852713,0.5571313193469607,"{0: 0.5898397688594889, 1: 0.5898397688594889}","{0: 0.5898397688594889, 1: 0.5898397688594889}",0.5898397688594889,"[[457 189]
 [382 262]]",[0. 0. 0. ... 0. 0. 0.],[1. 1. 1. ... 0. 1. 0.]
427,knn,{'n_neighbors': 3},0.5384620527459321,0.08659355020291801,0.08878866933173647,0.16885711744283594,0.5441499627172262,0.08462229815612253,0.5425894800430495,0.08524273338269095,0.5426356589147286,0.5426201372997712,"{0: 0.5589749629829048, 1: 0.5589749629829048}","{0: 0.5589749629829048, 1: 0.5589749629829048}",0.5589749629829048,"[[357 289]
 [301 343]]",[1. 1. 0. ... 1. 0. 1.],[1. 1. 1. ... 0. 1. 0.]
634,knn,{'n_neighbors': 3},0.5384620527459321,0.08659355020291801,0.08878866933173647,0.16885711744283594,0.5441499627172262,0.08462229815612253,0.5425894800430495,0.08524273338269095,0.5426356589147286,0.5426201372997712,"{0: 0.5589749629829048, 1: 0.5589749629829048}","{0: 0.5589749629829048, 1: 0.5589749629829048}",0.5589749629829048,"[[357 289]
 [301 343]]",[1. 1. 0. ... 1. 0. 1.],[1. 1. 1. ... 0. 1. 0.]
208,knn,{'n_neighbors': 3},0.5384620527459321,0.08659355020291801,0.08878866933173647,0.16885711744283594,0.5441499627172262,0.08462229815612253,0.5425894800430495,0.08524273338269095,0.5426356589147286,0.5426201372997712,"{0: 0.5589749629829048, 1: 0.5589749629829048}","{0: 0.5589749629829048, 1: 0.5589749629829048}",0.5589749629829048,"[[357 289]
 [301 343]]",[1. 1. 0. ... 1. 0. 1.],[1. 1. 1. ... 0. 1. 0.]
477,knn,{'n_neighbors': 3},0.5384620527459321,0.08659355020291801,0.08878866933173647,0.16885711744283594,0.5441499627172262,0.08462229815612253,0.5425894800430495,0.08524273338269095,0.5426356589147286,0.5426201372997712,"{0: 0.5589749629829048, 1: 0.5589749629829048}","{0: 0.5589749629829048, 1: 0.5589749629829048}",0.5589749629829048,"[[357 289]
 [301 343]]",[1. 1. 0. ... 1. 0. 1.],[1. 1. 1. ... 0. 1. 0.]
266,knn,{'n_neighbors': 3},0.5384620527459321,0.08659355020291801,0.08878866933173647,0.16885711744283594,0.5441499627172262,0.08462229815612253,0.5425894800430495,0.08524273338269095,0.5426356589147286,0.5426201372997712,"{0: 0.5589749629829048, 1: 0.5589749629829048}","{0: 0.5589749629829048, 1: 0.5589749629829048}",0.5589749629829048,"[[357 289]
 [301 343]]",[1. 1. 0. ... 1. 0. 1.],[1. 1. 1. ... 0. 1. 0.]
684,knn,{'n_neighbors': 3},0.5384620527459321,0.08659355020291801,0.08878866933173647,0.16885711744283594,0.5441499627172262,0.08462229815612253,0.5425894800430495,0.08524273338269095,0.5426356589147286,0.5426201372997712,"{0: 0.5589749629829048, 1: 0.5589749629829048}","{0: 0.5589749629829048, 1: 0.5589749629829048}",0.5589749629829048,"[[357 289]
 [301 343]]",[1. 1. 0. ... 1. 0. 1.],[1. 1. 1. ... 0. 1. 0.]
323,knn,{'n_neighbors': 3},0.5384620527459321,0.08659355020291801,0.08878866933173647,0.16885711744283594,0.5441499627172262,0.08462229815612253,0.5425894800430495,0.08524273338269095,0.5426356589147286,0.5426201372997712,"{0: 0.5589749629829048, 1: 0.5589749629829048}","{0: 0.5589749629829048, 1: 0.5589749629829048}",0.5589749629829048,"[[357 289]
 [301 343]]",[1. 1. 0. ... 1. 0. 1.],[1. 1. 1. ... 0. 1. 0.]
837,knn,{'n_neighbors': 3},0.5384620527459321,0.08659355020291801,0.08878866933173647,0.16885711744283594,0.5441499627172262,0.08462229815612253,0.5425894800430495,0.08524273338269095,0.5426356589147286,0.5426201372997712,"{0: 0.5589749629829048, 1: 0.5589749629829048}","{0: 0.5589749629829048, 1: 0.5589749629829048}",0.5589749629829048,"[[357 289]
 [301 343]]",[1. 1. 0. ... 1. 0. 1.],[1. 1. 1. ... 0. 1. 0.]
361,knn,{'n_neighbors': 3},0.5384620527459321,0.08659355020291801,0.08878866933173647,0.16885711744283594,0.5441499627172262,0.08462229815612253,0.5425894800430495,0.08524273338269095,0.5426356589147286,0.5426201372997712,"{0: 0.5589749629829048, 1: 0.5589749629829048}","{0: 0.5589749629829048, 1: 0.5589749629829048}",0.5589749629829048,"[[357 289]
 [301 343]]",[1. 1. 0. ... 1. 0. 1.],[1. 1. 1. ... 0. 1. 0.]
990,knn,{'n_neighbors': 3},0.5384620527459321,0.08659355020291801,0.08878866933173647,0.16885711744283594,0.5441499627172262,0.08462229815612253,0.5425894800430495,0.08524273338269095,0.5426356589147286,0.5426201372997712,"{0: 0.5589749629829048, 1: 0.5589749629829048}","{0: 0.5589749629829048, 1: 0.5589749629829048}",0.5589749629829048,"[[357 289]
 [301 343]]",[1. 1. 0. ... 1. 0. 1.],[1. 1. 1. ... 0. 1. 0.]
945,knn,{'n_neighbors': 3},0.5384620527459321,0.08659355020291801,0.08878866933173647,0.16885711744283594,0.5441499627172262,0.08462229815612253,0.5425894800430495,0.08524273338269095,0.5426356589147286,0.5426201372997712,"{0: 0.5589749629829048, 1: 0.5589749629829048}","{0: 0.5589749629829048, 1: 0.5589749629829048}",0.5589749629829048,"[[357 289]
 [301 343]]",[1. 1. 0. ... 1. 0. 1.],[1. 1. 1. ... 0. 1. 0.]
796,knn,{'n_neighbors': 3},0.5384620527459321,0.08659355020291801,0.08878866933173647,0.16885711744283594,0.5441499627172262,0.08462229815612253,0.5425894800430495,0.08524273338269095,0.5426356589147286,0.5426201372997712,"{0: 0.5589749629829048, 1: 0.5589749629829048}","{0: 0.5589749629829048, 1: 0.5589749629829048}",0.5589749629829048,"[[357 289]
 [301 343]]",[1. 1. 0. ... 1. 0. 1.],[1. 1. 1. ... 0. 1. 0.]
889,knn,{'n_neighbors': 3},0.5384620527459321,0.08659355020291801,0.08878866933173647,0.16885711744283594,0.5441499627172262,0.08462229815612253,0.5425894800430495,0.08524273338269095,0.5426356589147286,0.5426201372997712,"{0: 0.5589749629829048, 1: 0.5589749629829048}","{0: 0.5589749629829048, 1: 0.5589749629829048}",0.5589749629829048,"[[357 289]
 [301 343]]",[1. 1. 0. ... 1. 0. 1.],[1. 1. 1. ... 0. 1. 0.]
78,knn,{'n_neighbors': 3},0.5384620527459321,0.08659355020291801,0.08878866933173647,0.16885711744283594,0.5441499627172262,0.08462229815612253,0.5425894800430495,0.08524273338269095,0.5426356589147286,0.5426201372997712,"{0: 0.5589749629829048, 1: 0.5589749629829048}","{0: 0.5589749629829048, 1: 0.5589749629829048}",0.5589749629829048,"[[357 289]
 [301 343]]",[1. 1. 0. ... 1. 0. 1.],[1. 1. 1. ... 0. 1. 0.]
148,knn,{'n_neighbors': 3},0.5384620527459321,0.08659355020291801,0.08878866933173647,0.16885711744283594,0.5441499627172262,0.08462229815612253,0.5425894800430495,0.08524273338269095,0.5426356589147286,0.5426201372997712,"{0: 0.5589749629829048, 1: 0.5589749629829048}","{0: 0.5589749629829048, 1: 0.5589749629829048}",0.5589749629829048,"[[357 289]
 [301 343]]",[1. 1. 0. ... 1. 0. 1.],[1. 1. 1. ... 0. 1. 0.]
592,knn,{'n_neighbors': 3},0.5384620527459321,0.08659355020291801,0.08878866933173647,0.16885711744283594,0.5441499627172262,0.08462229815612253,0.5425894800430495,0.08524273338269095,0.5426356589147286,0.5426201372997712,"{0: 0.5589749629829048, 1: 0.5589749629829048}","{0: 0.5589749629829048, 1: 0.5589749629829048}",0.5589749629829048,"[[357 289]
 [301 343]]",[1. 1. 0. ... 1. 0. 1.],[1. 1. 1. ... 0. 1. 0.]
740,knn,{'n_neighbors': 3},0.5384620527459321,0.08659355020291801,0.08878866933173647,0.16885711744283594,0.5441499627172262,0.08462229815612253,0.5425894800430495,0.08524273338269095,0.5426356589147286,0.5426201372997712,"{0: 0.5589749629829048, 1: 0.5589749629829048}","{0: 0.5589749629829048, 1: 0.5589749629829048}",0.5589749629829048,"[[357 289]
 [301 343]]",[1. 1. 0. ... 1. 0. 1.],[1. 1. 1. ... 0. 1. 0.]
539,knn,{'n_neighbors': 3},0.5384620527459321,0.08659355020291801,0.08878866933173647,0.16885711744283594,0.5441499627172262,0.08462229815612253,0.5425894800430495,0.08524273338269095,0.5426356589147286,0.5426201372997712,"{0: 0.5589749629829048, 1: 0.5589749629829048}","{0: 0.5589749629829048, 1: 0.5589749629829048}",0.5589749629829048,"[[357 289]
 [301 343]]",[1. 1. 0. ... 1. 0. 1.],[1. 1. 1. ... 0. 1. 0.]
894,AdaBoost,"{'algorithm': 'SAMME.R', 'learning_rate': 1.7326530612244897, 'n_estimators': 52}",0.5383647319926057,0.0748481989112588,0.08793972034561591,0.14459509141557483,0.5445787242045519,0.07284060694874765,0.5479536259505998,0.09608057595461594,0.548062015503876,0.5480380939561179,"{0: 0.5567395150279791, 1: 0.5567395150279791}","{0: 0.5567395150279791, 1: 0.5567395150279791}",0.5567395150279791,"[[364 282]
 [301 343]]",[1. 1. 1. ... 0. 0. 0.],[1. 1. 1. ... 0. 1. 0.]
952,AdaBoost,"{'algorithm': 'SAMME.R', 'learning_rate': 1.079591836734694, 'n_estimators': 41}",0.5348689420506768,0.08393072657332558,0.0873780392518028,0.16298093729245702,0.545188335366201,0.08007671324509279,0.5532973976694244,0.10839854314665898,0.5542635658914729,0.5541915851008596,"{0: 0.5831790954368017, 1: 0.5831790954368017}","{0: 0.5831790954368017, 1: 0.5831790954368017}",0.5831790954368017,"[[388 258]
 [317 327]]",[1. 0. 1. ... 0. 0. 1.],[1. 1. 1. ... 0. 1. 0.]
434,SVC,"{'C': 10, 'gamma': 1, 'kernel': 'rbf'}",0.5314781561728029,0.08054904851639179,0.08658034982554966,0.15286030362344868,0.5419787159206743,0.0764206773686791,0.5386273073622532,0.08395873434695167,0.541860465116279,0.5419903659404265,"{0: 0.5520042112955023, 1: 0.5520042112955021}","{0: 0.5520042112955023, 1: 0.5520042112955021}",0.5520042112955021,"[[296 350]
 [241 403]]",[1. 1. 1. ... 0. 0. 1.],[1. 1. 1. ... 0. 1. 0.]
451,AdaBoost,"{'algorithm': 'SAMME.R', 'learning_rate': 2.3857142857142857, 'n_estimators': 85}",0.44805518173951997,0.07897334277253688,0.08629962013098648,0.10769379560897947,0.5457833304937619,0.05153933674669397,0.46534116703460143,0.10275663889330133,0.5519379844961241,0.5513143472491971,"{0: 0.5500067303809395, 1: 0.5500067303809395}","{0: 0.5500067303809395, 1: 0.5500067303809395}",0.5500067303809395,"[[616  30]
 [548  96]]",[0. 0. 0. ... 0. 0. 0.],[1. 1. 1. ... 0. 1. 0.]
908,naive_bayes,{},0.4964568829521502,0.10428327559378685,0.08623103417364543,0.16277846627985276,0.5449768049238949,0.08009382916675477,0.5114008868586578,0.0968994485984006,0.5488372093023256,0.5484082649077937,"{0: 0.5943046555006442, 1: 0.5943046555006442}","{0: 0.5943046555006442, 1: 0.5943046555006442}",0.5943046555006442,"[[533 113]
 [469 175]]",[0. 0. 0. ... 0. 0. 0.],[1. 1. 1. ... 0. 1. 0.]
950,naive_bayes,{},0.4964568829521502,0.10428327559378685,0.08623103417364543,0.16277846627985276,0.5449768049238949,0.08009382916675477,0.5114008868586578,0.0968994485984006,0.5488372093023256,0.5484082649077937,"{0: 0.5943046555006442, 1: 0.5943046555006442}","{0: 0.5943046555006442, 1: 0.5943046555006442}",0.5943046555006442,"[[533 113]
 [469 175]]",[0. 0. 0. ... 0. 0. 0.],[1. 1. 1. ... 0. 1. 0.]
935,naive_bayes,{},0.4964568829521502,0.10428327559378685,0.08623103417364543,0.16277846627985276,0.5449768049238949,0.08009382916675477,0.5114008868586578,0.0968994485984006,0.5488372093023256,0.5484082649077937,"{0: 0.5943046555006442, 1: 0.5943046555006442}","{0: 0.5943046555006442, 1: 0.5943046555006442}",0.5943046555006442,"[[533 113]
 [469 175]]",[0. 0. 0. ... 0. 0. 0.],[1. 1. 1. ... 0. 1. 0.]
853,naive_bayes,{},0.4964568829521502,0.10428327559378685,0.08623103417364543,0.16277846627985276,0.5449768049238949,0.08009382916675477,0.5114008868586578,0.0968994485984006,0.5488372093023256,0.5484082649077937,"{0: 0.5943046555006442, 1: 0.5943046555006442}","{0: 0.5943046555006442, 1: 0.5943046555006442}",0.5943046555006442,"[[533 113]
 [469 175]]",[0. 0. 0. ... 0. 0. 0.],[1. 1. 1. ... 0. 1. 0.]
963,naive_bayes,{},0.4964568829521502,0.10428327559378685,0.08623103417364543,0.16277846627985276,0.5449768049238949,0.08009382916675477,0.5114008868586578,0.0968994485984006,0.5488372093023256,0.5484082649077937,"{0: 0.5943046555006442, 1: 0.5943046555006442}","{0: 0.5943046555006442, 1: 0.5943046555006442}",0.5943046555006442,"[[533 113]
 [469 175]]",[0. 0. 0. ... 0. 0. 0.],[1. 1. 1. ... 0. 1. 0.]
979,naive_bayes,{},0.4964568829521502,0.10428327559378685,0.08623103417364543,0.16277846627985276,0.5449768049238949,0.08009382916675477,0.5114008868586578,0.0968994485984006,0.5488372093023256,0.5484082649077937,"{0: 0.5943046555006442, 1: 0.5943046555006442}","{0: 0.5943046555006442, 1: 0.5943046555006442}",0.5943046555006442,"[[533 113]
 [469 175]]",[0. 0. 0. ... 0. 0. 0.],[1. 1. 1. ... 0. 1. 0.]
879,naive_bayes,{},0.4964568829521502,0.10428327559378685,0.08623103417364543,0.16277846627985276,0.5449768049238949,0.08009382916675477,0.5114008868586578,0.0968994485984006,0.5488372093023256,0.5484082649077937,"{0: 0.5943046555006442, 1: 0.5943046555006442}","{0: 0.5943046555006442, 1: 0.5943046555006442}",0.5943046555006442,"[[533 113]
 [469 175]]",[0. 0. 0. ... 0. 0. 0.],[1. 1. 1. ... 0. 1. 0.]
895,naive_bayes,{},0.4964568829521502,0.10428327559378685,0.08623103417364543,0.16277846627985276,0.5449768049238949,0.08009382916675477,0.5114008868586578,0.0968994485984006,0.5488372093023256,0.5484082649077937,"{0: 0.5943046555006442, 1: 0.5943046555006442}","{0: 0.5943046555006442, 1: 0.5943046555006442}",0.5943046555006442,"[[533 113]
 [469 175]]",[0. 0. 0. ... 0. 0. 0.],[1. 1. 1. ... 0. 1. 0.]
991,naive_bayes,{},0.4964568829521502,0.10428327559378685,0.08623103417364543,0.16277846627985276,0.5449768049238949,0.08009382916675477,0.5114008868586578,0.0968994485984006,0.5488372093023256,0.5484082649077937,"{0: 0.5943046555006442, 1: 0.5943046555006442}","{0: 0.5943046555006442, 1: 0.5943046555006442}",0.5943046555006442,"[[533 113]
 [469 175]]",[0. 0. 0. ... 0. 0. 0.],[1. 1. 1. ... 0. 1. 0.]
868,naive_bayes,{},0.4964568829521502,0.10428327559378685,0.08623103417364543,0.16277846627985276,0.5449768049238949,0.08009382916675477,0.5114008868586578,0.0968994485984006,0.5488372093023256,0.5484082649077937,"{0: 0.5943046555006442, 1: 0.5943046555006442}","{0: 0.5943046555006442, 1: 0.5943046555006442}",0.5943046555006442,"[[533 113]
 [469 175]]",[0. 0. 0. ... 0. 0. 0.],[1. 1. 1. ... 0. 1. 0.]
919,naive_bayes,{},0.4964568829521502,0.10428327559378685,0.08623103417364543,0.16277846627985276,0.5449768049238949,0.08009382916675477,0.5114008868586578,0.0968994485984006,0.5488372093023256,0.5484082649077937,"{0: 0.5943046555006442, 1: 0.5943046555006442}","{0: 0.5943046555006442, 1: 0.5943046555006442}",0.5943046555006442,"[[533 113]
 [469 175]]",[0. 0. 0. ... 0. 0. 0.],[1. 1. 1. ... 0. 1. 0.]
0,naive_bayes,{},0.4964568829521502,0.10428327559378685,0.08623103417364543,0.16277846627985276,0.5449768049238949,0.08009382916675477,0.5114008868586578,0.0968994485984006,0.5488372093023256,0.5484082649077937,"{0: 0.5943046555006442, 1: 0.5943046555006442}","{0: 0.5943046555006442, 1: 0.5943046555006442}",0.5943046555006442,"[[533 113]
 [469 175]]",[0. 0. 0. ... 0. 0. 0.],[1. 1. 1. ... 0. 1. 0.]
236,naive_bayes,{},0.4964568829521502,0.10428327559378685,0.08623103417364543,0.16277846627985276,0.5449768049238949,0.08009382916675477,0.5114008868586578,0.0968994485984006,0.5488372093023256,0.5484082649077937,"{0: 0.5943046555006442, 1: 0.5943046555006442}","{0: 0.5943046555006442, 1: 0.5943046555006442}",0.5943046555006442,"[[533 113]
 [469 175]]",[0. 0. 0. ... 0. 0. 0.],[1. 1. 1. ... 0. 1. 0.]
186,naive_bayes,{},0.4964568829521502,0.10428327559378685,0.08623103417364543,0.16277846627985276,0.5449768049238949,0.08009382916675477,0.5114008868586578,0.0968994485984006,0.5488372093023256,0.5484082649077937,"{0: 0.5943046555006442, 1: 0.5943046555006442}","{0: 0.5943046555006442, 1: 0.5943046555006442}",0.5943046555006442,"[[533 113]
 [469 175]]",[0. 0. 0. ... 0. 0. 0.],[1. 1. 1. ... 0. 1. 0.]
533,naive_bayes,{},0.4964568829521502,0.10428327559378685,0.08623103417364543,0.16277846627985276,0.5449768049238949,0.08009382916675477,0.5114008868586578,0.0968994485984006,0.5488372093023256,0.5484082649077937,"{0: 0.5943046555006442, 1: 0.5943046555006442}","{0: 0.5943046555006442, 1: 0.5943046555006442}",0.5943046555006442,"[[533 113]
 [469 175]]",[0. 0. 0. ... 0. 0. 0.],[1. 1. 1. ... 0. 1. 0.]
360,naive_bayes,{},0.4964568829521502,0.10428327559378685,0.08623103417364543,0.16277846627985276,0.5449768049238949,0.08009382916675477,0.5114008868586578,0.0968994485984006,0.5488372093023256,0.5484082649077937,"{0: 0.5943046555006442, 1: 0.5943046555006442}","{0: 0.5943046555006442, 1: 0.5943046555006442}",0.5943046555006442,"[[533 113]
 [469 175]]",[0. 0. 0. ... 0. 0. 0.],[1. 1. 1. ... 0. 1. 0.]
546,naive_bayes,{},0.4964568829521502,0.10428327559378685,0.08623103417364543,0.16277846627985276,0.5449768049238949,0.08009382916675477,0.5114008868586578,0.0968994485984006,0.5488372093023256,0.5484082649077937,"{0: 0.5943046555006442, 1: 0.5943046555006442}","{0: 0.5943046555006442, 1: 0.5943046555006442}",0.5943046555006442,"[[533 113]
 [469 175]]",[0. 0. 0. ... 0. 0. 0.],[1. 1. 1. ... 0. 1. 0.]
110,naive_bayes,{},0.4964568829521502,0.10428327559378685,0.08623103417364543,0.16277846627985276,0.5449768049238949,0.08009382916675477,0.5114008868586578,0.0968994485984006,0.5488372093023256,0.5484082649077937,"{0: 0.5943046555006442, 1: 0.5943046555006442}","{0: 0.5943046555006442, 1: 0.5943046555006442}",0.5943046555006442,"[[533 113]
 [469 175]]",[0. 0. 0. ... 0. 0. 0.],[1. 1. 1. ... 0. 1. 0.]
558,naive_bayes,{},0.4964568829521502,0.10428327559378685,0.08623103417364543,0.16277846627985276,0.5449768049238949,0.08009382916675477,0.5114008868586578,0.0968994485984006,0.5488372093023256,0.5484082649077937,"{0: 0.5943046555006442, 1: 0.5943046555006442}","{0: 0.5943046555006442, 1: 0.5943046555006442}",0.5943046555006442,"[[533 113]
 [469 175]]",[0. 0. 0. ... 0. 0. 0.],[1. 1. 1. ... 0. 1. 0.]
101,naive_bayes,{},0.4964568829521502,0.10428327559378685,0.08623103417364543,0.16277846627985276,0.5449768049238949,0.08009382916675477,0.5114008868586578,0.0968994485984006,0.5488372093023256,0.5484082649077937,"{0: 0.5943046555006442, 1: 0.5943046555006442}","{0: 0.5943046555006442, 1: 0.5943046555006442}",0.5943046555006442,"[[533 113]
 [469 175]]",[0. 0. 0. ... 0. 0. 0.],[1. 1. 1. ... 0. 1. 0.]
349,naive_bayes,{},0.4964568829521502,0.10428327559378685,0.08623103417364543,0.16277846627985276,0.5449768049238949,0.08009382916675477,0.5114008868586578,0.0968994485984006,0.5488372093023256,0.5484082649077937,"{0: 0.5943046555006442, 1: 0.5943046555006442}","{0: 0.5943046555006442, 1: 0.5943046555006442}",0.5943046555006442,"[[533 113]
 [469 175]]",[0. 0. 0. ... 0. 0. 0.],[1. 1. 1. ... 0. 1. 0.]
522,naive_bayes,{},0.4964568829521502,0.10428327559378685,0.08623103417364543,0.16277846627985276,0.5449768049238949,0.08009382916675477,0.5114008868586578,0.0968994485984006,0.5488372093023256,0.5484082649077937,"{0: 0.5943046555006442, 1: 0.5943046555006442}","{0: 0.5943046555006442, 1: 0.5943046555006442}",0.5943046555006442,"[[533 113]
 [469 175]]",[0. 0. 0. ... 0. 0. 0.],[1. 1. 1. ... 0. 1. 0.]
337,naive_bayes,{},0.4964568829521502,0.10428327559378685,0.08623103417364543,0.16277846627985276,0.5449768049238949,0.08009382916675477,0.5114008868586578,0.0968994485984006,0.5488372093023256,0.5484082649077937,"{0: 0.5943046555006442, 1: 0.5943046555006442}","{0: 0.5943046555006442, 1: 0.5943046555006442}",0.5943046555006442,"[[533 113]
 [469 175]]",[0. 0. 0. ... 0. 0. 0.],[1. 1. 1. ... 0. 1. 0.]
569,naive_bayes,{},0.4964568829521502,0.10428327559378685,0.08623103417364543,0.16277846627985276,0.5449768049238949,0.08009382916675477,0.5114008868586578,0.0968994485984006,0.5488372093023256,0.5484082649077937,"{0: 0.5943046555006442, 1: 0.5943046555006442}","{0: 0.5943046555006442, 1: 0.5943046555006442}",0.5943046555006442,"[[533 113]
 [469 175]]",[0. 0. 0. ... 0. 0. 0.],[1. 1. 1. ... 0. 1. 0.]
607,naive_bayes,{},0.4964568829521502,0.10428327559378685,0.08623103417364543,0.16277846627985276,0.5449768049238949,0.08009382916675477,0.5114008868586578,0.0968994485984006,0.5488372093023256,0.5484082649077937,"{0: 0.5943046555006442, 1: 0.5943046555006442}","{0: 0.5943046555006442, 1: 0.5943046555006442}",0.5943046555006442,"[[533 113]
 [469 175]]",[0. 0. 0. ... 0. 0. 0.],[1. 1. 1. ... 0. 1. 0.]
91,naive_bayes,{},0.4964568829521502,0.10428327559378685,0.08623103417364543,0.16277846627985276,0.5449768049238949,0.08009382916675477,0.5114008868586578,0.0968994485984006,0.5488372093023256,0.5484082649077937,"{0: 0.5943046555006442, 1: 0.5943046555006442}","{0: 0.5943046555006442, 1: 0.5943046555006442}",0.5943046555006442,"[[533 113]
 [469 175]]",[0. 0. 0. ... 0. 0. 0.],[1. 1. 1. ... 0. 1. 0.]
394,naive_bayes,{},0.4964568829521502,0.10428327559378685,0.08623103417364543,0.16277846627985276,0.5449768049238949,0.08009382916675477,0.5114008868586578,0.0968994485984006,0.5488372093023256,0.5484082649077937,"{0: 0.5943046555006442, 1: 0.5943046555006442}","{0: 0.5943046555006442, 1: 0.5943046555006442}",0.5943046555006442,"[[533 113]
 [469 175]]",[0. 0. 0. ... 0. 0. 0.],[1. 1. 1. ... 0. 1. 0.]
631,naive_bayes,{},0.4964568829521502,0.10428327559378685,0.08623103417364543,0.16277846627985276,0.5449768049238949,0.08009382916675477,0.5114008868586578,0.0968994485984006,0.5488372093023256,0.5484082649077937,"{0: 0.5943046555006442, 1: 0.5943046555006442}","{0: 0.5943046555006442, 1: 0.5943046555006442}",0.5943046555006442,"[[533 113]
 [469 175]]",[0. 0. 0. ... 0. 0. 0.],[1. 1. 1. ... 0. 1. 0.]
227,naive_bayes,{},0.4964568829521502,0.10428327559378685,0.08623103417364543,0.16277846627985276,0.5449768049238949,0.08009382916675477,0.5114008868586578,0.0968994485984006,0.5488372093023256,0.5484082649077937,"{0: 0.5943046555006442, 1: 0.5943046555006442}","{0: 0.5943046555006442, 1: 0.5943046555006442}",0.5943046555006442,"[[533 113]
 [469 175]]",[0. 0. 0. ... 0. 0. 0.],[1. 1. 1. ... 0. 1. 0.]
834,naive_bayes,{},0.4964568829521502,0.10428327559378685,0.08623103417364543,0.16277846627985276,0.5449768049238949,0.08009382916675477,0.5114008868586578,0.0968994485984006,0.5488372093023256,0.5484082649077937,"{0: 0.5943046555006442, 1: 0.5943046555006442}","{0: 0.5943046555006442, 1: 0.5943046555006442}",0.5943046555006442,"[[533 113]
 [469 175]]",[0. 0. 0. ... 0. 0. 0.],[1. 1. 1. ... 0. 1. 0.]
326,naive_bayes,{},0.4964568829521502,0.10428327559378685,0.08623103417364543,0.16277846627985276,0.5449768049238949,0.08009382916675477,0.5114008868586578,0.0968994485984006,0.5488372093023256,0.5484082649077937,"{0: 0.5943046555006442, 1: 0.5943046555006442}","{0: 0.5943046555006442, 1: 0.5943046555006442}",0.5943046555006442,"[[533 113]
 [469 175]]",[0. 0. 0. ... 0. 0. 0.],[1. 1. 1. ... 0. 1. 0.]
166,naive_bayes,{},0.4964568829521502,0.10428327559378685,0.08623103417364543,0.16277846627985276,0.5449768049238949,0.08009382916675477,0.5114008868586578,0.0968994485984006,0.5488372093023256,0.5484082649077937,"{0: 0.5943046555006442, 1: 0.5943046555006442}","{0: 0.5943046555006442, 1: 0.5943046555006442}",0.5943046555006442,"[[533 113]
 [469 175]]",[0. 0. 0. ... 0. 0. 0.],[1. 1. 1. ... 0. 1. 0.]
426,naive_bayes,{},0.4964568829521502,0.10428327559378685,0.08623103417364543,0.16277846627985276,0.5449768049238949,0.08009382916675477,0.5114008868586578,0.0968994485984006,0.5488372093023256,0.5484082649077937,"{0: 0.5943046555006442, 1: 0.5943046555006442}","{0: 0.5943046555006442, 1: 0.5943046555006442}",0.5943046555006442,"[[533 113]
 [469 175]]",[0. 0. 0. ... 0. 0. 0.],[1. 1. 1. ... 0. 1. 0.]
158,naive_bayes,{},0.4964568829521502,0.10428327559378685,0.08623103417364543,0.16277846627985276,0.5449768049238949,0.08009382916675477,0.5114008868586578,0.0968994485984006,0.5488372093023256,0.5484082649077937,"{0: 0.5943046555006442, 1: 0.5943046555006442}","{0: 0.5943046555006442, 1: 0.5943046555006442}",0.5943046555006442,"[[533 113]
 [469 175]]",[0. 0. 0. ... 0. 0. 0.],[1. 1. 1. ... 0. 1. 0.]
436,naive_bayes,{},0.4964568829521502,0.10428327559378685,0.08623103417364543,0.16277846627985276,0.5449768049238949,0.08009382916675477,0.5114008868586578,0.0968994485984006,0.5488372093023256,0.5484082649077937,"{0: 0.5943046555006442, 1: 0.5943046555006442}","{0: 0.5943046555006442, 1: 0.5943046555006442}",0.5943046555006442,"[[533 113]
 [469 175]]",[0. 0. 0. ... 0. 0. 0.],[1. 1. 1. ... 0. 1. 0.]
137,naive_bayes,{},0.4964568829521502,0.10428327559378685,0.08623103417364543,0.16277846627985276,0.5449768049238949,0.08009382916675477,0.5114008868586578,0.0968994485984006,0.5488372093023256,0.5484082649077937,"{0: 0.5943046555006442, 1: 0.5943046555006442}","{0: 0.5943046555006442, 1: 0.5943046555006442}",0.5943046555006442,"[[533 113]
 [469 175]]",[0. 0. 0. ... 0. 0. 0.],[1. 1. 1. ... 0. 1. 0.]
128,naive_bayes,{},0.4964568829521502,0.10428327559378685,0.08623103417364543,0.16277846627985276,0.5449768049238949,0.08009382916675477,0.5114008868586578,0.0968994485984006,0.5488372093023256,0.5484082649077937,"{0: 0.5943046555006442, 1: 0.5943046555006442}","{0: 0.5943046555006442, 1: 0.5943046555006442}",0.5943046555006442,"[[533 113]
 [469 175]]",[0. 0. 0. ... 0. 0. 0.],[1. 1. 1. ... 0. 1. 0.]
449,naive_bayes,{},0.4964568829521502,0.10428327559378685,0.08623103417364543,0.16277846627985276,0.5449768049238949,0.08009382916675477,0.5114008868586578,0.0968994485984006,0.5488372093023256,0.5484082649077937,"{0: 0.5943046555006442, 1: 0.5943046555006442}","{0: 0.5943046555006442, 1: 0.5943046555006442}",0.5943046555006442,"[[533 113]
 [469 175]]",[0. 0. 0. ... 0. 0. 0.],[1. 1. 1. ... 0. 1. 0.]
460,naive_bayes,{},0.4964568829521502,0.10428327559378685,0.08623103417364543,0.16277846627985276,0.5449768049238949,0.08009382916675477,0.5114008868586578,0.0968994485984006,0.5488372093023256,0.5484082649077937,"{0: 0.5943046555006442, 1: 0.5943046555006442}","{0: 0.5943046555006442, 1: 0.5943046555006442}",0.5943046555006442,"[[533 113]
 [469 175]]",[0. 0. 0. ... 0. 0. 0.],[1. 1. 1. ... 0. 1. 0.]
510,naive_bayes,{},0.4964568829521502,0.10428327559378685,0.08623103417364543,0.16277846627985276,0.5449768049238949,0.08009382916675477,0.5114008868586578,0.0968994485984006,0.5488372093023256,0.5484082649077937,"{0: 0.5943046555006442, 1: 0.5943046555006442}","{0: 0.5943046555006442, 1: 0.5943046555006442}",0.5943046555006442,"[[533 113]
 [469 175]]",[0. 0. 0. ... 0. 0. 0.],[1. 1. 1. ... 0. 1. 0.]
176,naive_bayes,{},0.4964568829521502,0.10428327559378685,0.08623103417364543,0.16277846627985276,0.5449768049238949,0.08009382916675477,0.5114008868586578,0.0968994485984006,0.5488372093023256,0.5484082649077937,"{0: 0.5943046555006442, 1: 0.5943046555006442}","{0: 0.5943046555006442, 1: 0.5943046555006442}",0.5943046555006442,"[[533 113]
 [469 175]]",[0. 0. 0. ... 0. 0. 0.],[1. 1. 1. ... 0. 1. 0.]
372,naive_bayes,{},0.4964568829521502,0.10428327559378685,0.08623103417364543,0.16277846627985276,0.5449768049238949,0.08009382916675477,0.5114008868586578,0.0968994485984006,0.5488372093023256,0.5484082649077937,"{0: 0.5943046555006442, 1: 0.5943046555006442}","{0: 0.5943046555006442, 1: 0.5943046555006442}",0.5943046555006442,"[[533 113]
 [469 175]]",[0. 0. 0. ... 0. 0. 0.],[1. 1. 1. ... 0. 1. 0.]
474,naive_bayes,{},0.4964568829521502,0.10428327559378685,0.08623103417364543,0.16277846627985276,0.5449768049238949,0.08009382916675477,0.5114008868586578,0.0968994485984006,0.5488372093023256,0.5484082649077937,"{0: 0.5943046555006442, 1: 0.5943046555006442}","{0: 0.5943046555006442, 1: 0.5943046555006442}",0.5943046555006442,"[[533 113]
 [469 175]]",[0. 0. 0. ... 0. 0. 0.],[1. 1. 1. ... 0. 1. 0.]
486,naive_bayes,{},0.4964568829521502,0.10428327559378685,0.08623103417364543,0.16277846627985276,0.5449768049238949,0.08009382916675477,0.5114008868586578,0.0968994485984006,0.5488372093023256,0.5484082649077937,"{0: 0.5943046555006442, 1: 0.5943046555006442}","{0: 0.5943046555006442, 1: 0.5943046555006442}",0.5943046555006442,"[[533 113]
 [469 175]]",[0. 0. 0. ... 0. 0. 0.],[1. 1. 1. ... 0. 1. 0.]
119,naive_bayes,{},0.4964568829521502,0.10428327559378685,0.08623103417364543,0.16277846627985276,0.5449768049238949,0.08009382916675477,0.5114008868586578,0.0968994485984006,0.5488372093023256,0.5484082649077937,"{0: 0.5943046555006442, 1: 0.5943046555006442}","{0: 0.5943046555006442, 1: 0.5943046555006442}",0.5943046555006442,"[[533 113]
 [469 175]]",[0. 0. 0. ... 0. 0. 0.],[1. 1. 1. ... 0. 1. 0.]
496,naive_bayes,{},0.4964568829521502,0.10428327559378685,0.08623103417364543,0.16277846627985276,0.5449768049238949,0.08009382916675477,0.5114008868586578,0.0968994485984006,0.5488372093023256,0.5484082649077937,"{0: 0.5943046555006442, 1: 0.5943046555006442}","{0: 0.5943046555006442, 1: 0.5943046555006442}",0.5943046555006442,"[[533 113]
 [469 175]]",[0. 0. 0. ... 0. 0. 0.],[1. 1. 1. ... 0. 1. 0.]
82,naive_bayes,{},0.4964568829521502,0.10428327559378685,0.08623103417364543,0.16277846627985276,0.5449768049238949,0.08009382916675477,0.5114008868586578,0.0968994485984006,0.5488372093023256,0.5484082649077937,"{0: 0.5943046555006442, 1: 0.5943046555006442}","{0: 0.5943046555006442, 1: 0.5943046555006442}",0.5943046555006442,"[[533 113]
 [469 175]]",[0. 0. 0. ... 0. 0. 0.],[1. 1. 1. ... 0. 1. 0.]
619,naive_bayes,{},0.4964568829521502,0.10428327559378685,0.08623103417364543,0.16277846627985276,0.5449768049238949,0.08009382916675477,0.5114008868586578,0.0968994485984006,0.5488372093023256,0.5484082649077937,"{0: 0.5943046555006442, 1: 0.5943046555006442}","{0: 0.5943046555006442, 1: 0.5943046555006442}",0.5943046555006442,"[[533 113]
 [469 175]]",[0. 0. 0. ... 0. 0. 0.],[1. 1. 1. ... 0. 1. 0.]
74,naive_bayes,{},0.4964568829521502,0.10428327559378685,0.08623103417364543,0.16277846627985276,0.5449768049238949,0.08009382916675477,0.5114008868586578,0.0968994485984006,0.5488372093023256,0.5484082649077937,"{0: 0.5943046555006442, 1: 0.5943046555006442}","{0: 0.5943046555006442, 1: 0.5943046555006442}",0.5943046555006442,"[[533 113]
 [469 175]]",[0. 0. 0. ... 0. 0. 0.],[1. 1. 1. ... 0. 1. 0.]
646,naive_bayes,{},0.4964568829521502,0.10428327559378685,0.08623103417364543,0.16277846627985276,0.5449768049238949,0.08009382916675477,0.5114008868586578,0.0968994485984006,0.5488372093023256,0.5484082649077937,"{0: 0.5943046555006442, 1: 0.5943046555006442}","{0: 0.5943046555006442, 1: 0.5943046555006442}",0.5943046555006442,"[[533 113]
 [469 175]]",[0. 0. 0. ... 0. 0. 0.],[1. 1. 1. ... 0. 1. 0.]
9,naive_bayes,{},0.4964568829521502,0.10428327559378685,0.08623103417364543,0.16277846627985276,0.5449768049238949,0.08009382916675477,0.5114008868586578,0.0968994485984006,0.5488372093023256,0.5484082649077937,"{0: 0.5943046555006442, 1: 0.5943046555006442}","{0: 0.5943046555006442, 1: 0.5943046555006442}",0.5943046555006442,"[[533 113]
 [469 175]]",[0. 0. 0. ... 0. 0. 0.],[1. 1. 1. ... 0. 1. 0.]
823,naive_bayes,{},0.4964568829521502,0.10428327559378685,0.08623103417364543,0.16277846627985276,0.5449768049238949,0.08009382916675477,0.5114008868586578,0.0968994485984006,0.5488372093023256,0.5484082649077937,"{0: 0.5943046555006442, 1: 0.5943046555006442}","{0: 0.5943046555006442, 1: 0.5943046555006442}",0.5943046555006442,"[[533 113]
 [469 175]]",[0. 0. 0. ... 0. 0. 0.],[1. 1. 1. ... 0. 1. 0.]
12,naive_bayes,{},0.4964568829521502,0.10428327559378685,0.08623103417364543,0.16277846627985276,0.5449768049238949,0.08009382916675477,0.5114008868586578,0.0968994485984006,0.5488372093023256,0.5484082649077937,"{0: 0.5943046555006442, 1: 0.5943046555006442}","{0: 0.5943046555006442, 1: 0.5943046555006442}",0.5943046555006442,"[[533 113]
 [469 175]]",[0. 0. 0. ... 0. 0. 0.],[1. 1. 1. ... 0. 1. 0.]
16,naive_bayes,{},0.4964568829521502,0.10428327559378685,0.08623103417364543,0.16277846627985276,0.5449768049238949,0.08009382916675477,0.5114008868586578,0.0968994485984006,0.5488372093023256,0.5484082649077937,"{0: 0.5943046555006442, 1: 0.5943046555006442}","{0: 0.5943046555006442, 1: 0.5943046555006442}",0.5943046555006442,"[[533 113]
 [469 175]]",[0. 0. 0. ... 0. 0. 0.],[1. 1. 1. ... 0. 1. 0.]
779,naive_bayes,{},0.4964568829521502,0.10428327559378685,0.08623103417364543,0.16277846627985276,0.5449768049238949,0.08009382916675477,0.5114008868586578,0.0968994485984006,0.5488372093023256,0.5484082649077937,"{0: 0.5943046555006442, 1: 0.5943046555006442}","{0: 0.5943046555006442, 1: 0.5943046555006442}",0.5943046555006442,"[[533 113]
 [469 175]]",[0. 0. 0. ... 0. 0. 0.],[1. 1. 1. ... 0. 1. 0.]
216,naive_bayes,{},0.4964568829521502,0.10428327559378685,0.08623103417364543,0.16277846627985276,0.5449768049238949,0.08009382916675477,0.5114008868586578,0.0968994485984006,0.5488372093023256,0.5484082649077937,"{0: 0.5943046555006442, 1: 0.5943046555006442}","{0: 0.5943046555006442, 1: 0.5943046555006442}",0.5943046555006442,"[[533 113]
 [469 175]]",[0. 0. 0. ... 0. 0. 0.],[1. 1. 1. ... 0. 1. 0.]
763,naive_bayes,{},0.4964568829521502,0.10428327559378685,0.08623103417364543,0.16277846627985276,0.5449768049238949,0.08009382916675477,0.5114008868586578,0.0968994485984006,0.5488372093023256,0.5484082649077937,"{0: 0.5943046555006442, 1: 0.5943046555006442}","{0: 0.5943046555006442, 1: 0.5943046555006442}",0.5943046555006442,"[[533 113]
 [469 175]]",[0. 0. 0. ... 0. 0. 0.],[1. 1. 1. ... 0. 1. 0.]
752,naive_bayes,{},0.4964568829521502,0.10428327559378685,0.08623103417364543,0.16277846627985276,0.5449768049238949,0.08009382916675477,0.5114008868586578,0.0968994485984006,0.5488372093023256,0.5484082649077937,"{0: 0.5943046555006442, 1: 0.5943046555006442}","{0: 0.5943046555006442, 1: 0.5943046555006442}",0.5943046555006442,"[[533 113]
 [469 175]]",[0. 0. 0. ... 0. 0. 0.],[1. 1. 1. ... 0. 1. 0.]
247,naive_bayes,{},0.4964568829521502,0.10428327559378685,0.08623103417364543,0.16277846627985276,0.5449768049238949,0.08009382916675477,0.5114008868586578,0.0968994485984006,0.5488372093023256,0.5484082649077937,"{0: 0.5943046555006442, 1: 0.5943046555006442}","{0: 0.5943046555006442, 1: 0.5943046555006442}",0.5943046555006442,"[[533 113]
 [469 175]]",[0. 0. 0. ... 0. 0. 0.],[1. 1. 1. ... 0. 1. 0.]
272,naive_bayes,{},0.4964568829521502,0.10428327559378685,0.08623103417364543,0.16277846627985276,0.5449768049238949,0.08009382916675477,0.5114008868586578,0.0968994485984006,0.5488372093023256,0.5484082649077937,"{0: 0.5943046555006442, 1: 0.5943046555006442}","{0: 0.5943046555006442, 1: 0.5943046555006442}",0.5943046555006442,"[[533 113]
 [469 175]]",[0. 0. 0. ... 0. 0. 0.],[1. 1. 1. ... 0. 1. 0.]
738,naive_bayes,{},0.4964568829521502,0.10428327559378685,0.08623103417364543,0.16277846627985276,0.5449768049238949,0.08009382916675477,0.5114008868586578,0.0968994485984006,0.5488372093023256,0.5484082649077937,"{0: 0.5943046555006442, 1: 0.5943046555006442}","{0: 0.5943046555006442, 1: 0.5943046555006442}",0.5943046555006442,"[[533 113]
 [469 175]]",[0. 0. 0. ... 0. 0. 0.],[1. 1. 1. ... 0. 1. 0.]
282,naive_bayes,{},0.4964568829521502,0.10428327559378685,0.08623103417364543,0.16277846627985276,0.5449768049238949,0.08009382916675477,0.5114008868586578,0.0968994485984006,0.5488372093023256,0.5484082649077937,"{0: 0.5943046555006442, 1: 0.5943046555006442}","{0: 0.5943046555006442, 1: 0.5943046555006442}",0.5943046555006442,"[[533 113]
 [469 175]]",[0. 0. 0. ... 0. 0. 0.],[1. 1. 1. ... 0. 1. 0.]
293,naive_bayes,{},0.4964568829521502,0.10428327559378685,0.08623103417364543,0.16277846627985276,0.5449768049238949,0.08009382916675477,0.5114008868586578,0.0968994485984006,0.5488372093023256,0.5484082649077937,"{0: 0.5943046555006442, 1: 0.5943046555006442}","{0: 0.5943046555006442, 1: 0.5943046555006442}",0.5943046555006442,"[[533 113]
 [469 175]]",[0. 0. 0. ... 0. 0. 0.],[1. 1. 1. ... 0. 1. 0.]
724,naive_bayes,{},0.4964568829521502,0.10428327559378685,0.08623103417364543,0.16277846627985276,0.5449768049238949,0.08009382916675477,0.5114008868586578,0.0968994485984006,0.5488372093023256,0.5484082649077937,"{0: 0.5943046555006442, 1: 0.5943046555006442}","{0: 0.5943046555006442, 1: 0.5943046555006442}",0.5943046555006442,"[[533 113]
 [469 175]]",[0. 0. 0. ... 0. 0. 0.],[1. 1. 1. ... 0. 1. 0.]
39,naive_bayes,{},0.4964568829521502,0.10428327559378685,0.08623103417364543,0.16277846627985276,0.5449768049238949,0.08009382916675477,0.5114008868586578,0.0968994485984006,0.5488372093023256,0.5484082649077937,"{0: 0.5943046555006442, 1: 0.5943046555006442}","{0: 0.5943046555006442, 1: 0.5943046555006442}",0.5943046555006442,"[[533 113]
 [469 175]]",[0. 0. 0. ... 0. 0. 0.],[1. 1. 1. ... 0. 1. 0.]
305,naive_bayes,{},0.4964568829521502,0.10428327559378685,0.08623103417364543,0.16277846627985276,0.5449768049238949,0.08009382916675477,0.5114008868586578,0.0968994485984006,0.5488372093023256,0.5484082649077937,"{0: 0.5943046555006442, 1: 0.5943046555006442}","{0: 0.5943046555006442, 1: 0.5943046555006442}",0.5943046555006442,"[[533 113]
 [469 175]]",[0. 0. 0. ... 0. 0. 0.],[1. 1. 1. ... 0. 1. 0.]
686,naive_bayes,{},0.4964568829521502,0.10428327559378685,0.08623103417364543,0.16277846627985276,0.5449768049238949,0.08009382916675477,0.5114008868586578,0.0968994485984006,0.5488372093023256,0.5484082649077937,"{0: 0.5943046555006442, 1: 0.5943046555006442}","{0: 0.5943046555006442, 1: 0.5943046555006442}",0.5943046555006442,"[[533 113]
 [469 175]]",[0. 0. 0. ... 0. 0. 0.],[1. 1. 1. ... 0. 1. 0.]
196,naive_bayes,{},0.4964568829521502,0.10428327559378685,0.08623103417364543,0.16277846627985276,0.5449768049238949,0.08009382916675477,0.5114008868586578,0.0968994485984006,0.5488372093023256,0.5484082649077937,"{0: 0.5943046555006442, 1: 0.5943046555006442}","{0: 0.5943046555006442, 1: 0.5943046555006442}",0.5943046555006442,"[[533 113]
 [469 175]]",[0. 0. 0. ... 0. 0. 0.],[1. 1. 1. ... 0. 1. 0.]
315,naive_bayes,{},0.4964568829521502,0.10428327559378685,0.08623103417364543,0.16277846627985276,0.5449768049238949,0.08009382916675477,0.5114008868586578,0.0968994485984006,0.5488372093023256,0.5484082649077937,"{0: 0.5943046555006442, 1: 0.5943046555006442}","{0: 0.5943046555006442, 1: 0.5943046555006442}",0.5943046555006442,"[[533 113]
 [469 175]]",[0. 0. 0. ... 0. 0. 0.],[1. 1. 1. ... 0. 1. 0.]
662,naive_bayes,{},0.4964568829521502,0.10428327559378685,0.08623103417364543,0.16277846627985276,0.5449768049238949,0.08009382916675477,0.5114008868586578,0.0968994485984006,0.5488372093023256,0.5484082649077937,"{0: 0.5943046555006442, 1: 0.5943046555006442}","{0: 0.5943046555006442, 1: 0.5943046555006442}",0.5943046555006442,"[[533 113]
 [469 175]]",[0. 0. 0. ... 0. 0. 0.],[1. 1. 1. ... 0. 1. 0.]
207,naive_bayes,{},0.4964568829521502,0.10428327559378685,0.08623103417364543,0.16277846627985276,0.5449768049238949,0.08009382916675477,0.5114008868586578,0.0968994485984006,0.5488372093023256,0.5484082649077937,"{0: 0.5943046555006442, 1: 0.5943046555006442}","{0: 0.5943046555006442, 1: 0.5943046555006442}",0.5943046555006442,"[[533 113]
 [469 175]]",[0. 0. 0. ... 0. 0. 0.],[1. 1. 1. ... 0. 1. 0.]
56,naive_bayes,{},0.4964568829521502,0.10428327559378685,0.08623103417364543,0.16277846627985276,0.5449768049238949,0.08009382916675477,0.5114008868586578,0.0968994485984006,0.5488372093023256,0.5484082649077937,"{0: 0.5943046555006442, 1: 0.5943046555006442}","{0: 0.5943046555006442, 1: 0.5943046555006442}",0.5943046555006442,"[[533 113]
 [469 175]]",[0. 0. 0. ... 0. 0. 0.],[1. 1. 1. ... 0. 1. 0.]
673,naive_bayes,{},0.4964568829521502,0.10428327559378685,0.08623103417364543,0.16277846627985276,0.5449768049238949,0.08009382916675477,0.5114008868586578,0.0968994485984006,0.5488372093023256,0.5484082649077937,"{0: 0.5943046555006442, 1: 0.5943046555006442}","{0: 0.5943046555006442, 1: 0.5943046555006442}",0.5943046555006442,"[[533 113]
 [469 175]]",[0. 0. 0. ... 0. 0. 0.],[1. 1. 1. ... 0. 1. 0.]
383,naive_bayes,{},0.4964568829521502,0.10428327559378685,0.08623103417364543,0.16277846627985276,0.5449768049238949,0.08009382916675477,0.5114008868586578,0.0968994485984006,0.5488372093023256,0.5484082649077937,"{0: 0.5943046555006442, 1: 0.5943046555006442}","{0: 0.5943046555006442, 1: 0.5943046555006442}",0.5943046555006442,"[[533 113]
 [469 175]]",[0. 0. 0. ... 0. 0. 0.],[1. 1. 1. ... 0. 1. 0.]
696,naive_bayes,{},0.4964568829521502,0.10428327559378685,0.08623103417364543,0.16277846627985276,0.5449768049238949,0.08009382916675477,0.5114008868586578,0.0968994485984006,0.5488372093023256,0.5484082649077937,"{0: 0.5943046555006442, 1: 0.5943046555006442}","{0: 0.5943046555006442, 1: 0.5943046555006442}",0.5943046555006442,"[[533 113]
 [469 175]]",[0. 0. 0. ... 0. 0. 0.],[1. 1. 1. ... 0. 1. 0.]
50,naive_bayes,{},0.4964568829521502,0.10428327559378685,0.08623103417364543,0.16277846627985276,0.5449768049238949,0.08009382916675477,0.5114008868586578,0.0968994485984006,0.5488372093023256,0.5484082649077937,"{0: 0.5943046555006442, 1: 0.5943046555006442}","{0: 0.5943046555006442, 1: 0.5943046555006442}",0.5943046555006442,"[[533 113]
 [469 175]]",[0. 0. 0. ... 0. 0. 0.],[1. 1. 1. ... 0. 1. 0.]
712,naive_bayes,{},0.4964568829521502,0.10428327559378685,0.08623103417364543,0.16277846627985276,0.5449768049238949,0.08009382916675477,0.5114008868586578,0.0968994485984006,0.5488372093023256,0.5484082649077937,"{0: 0.5943046555006442, 1: 0.5943046555006442}","{0: 0.5943046555006442, 1: 0.5943046555006442}",0.5943046555006442,"[[533 113]
 [469 175]]",[0. 0. 0. ... 0. 0. 0.],[1. 1. 1. ... 0. 1. 0.]
45,naive_bayes,{},0.4964568829521502,0.10428327559378685,0.08623103417364543,0.16277846627985276,0.5449768049238949,0.08009382916675477,0.5114008868586578,0.0968994485984006,0.5488372093023256,0.5484082649077937,"{0: 0.5943046555006442, 1: 0.5943046555006442}","{0: 0.5943046555006442, 1: 0.5943046555006442}",0.5943046555006442,"[[533 113]
 [469 175]]",[0. 0. 0. ... 0. 0. 0.],[1. 1. 1. ... 0. 1. 0.]
703,AdaBoost,"{'algorithm': 'SAMME.R', 'learning_rate': 2.059183673469388, 'n_estimators': 41}",0.4650168815809572,0.08820948487241374,0.08550705484334198,0.11023963956089622,0.5454044923843682,0.054381534125786085,0.49905411174676073,0.11379140248084019,0.5573643410852713,0.5568356633271158,"{0: 0.5486294059958079, 1: 0.5486294059958079}","{0: 0.5486294059958079, 1: 0.5486294059958079}",0.5486294059958079,"[[580  66]
 [505 139]]",[0. 0. 0. ... 0. 0. 0.],[1. 1. 1. ... 0. 1. 0.]
846,SVC,"{'C': 1000, 'gamma': 1, 'kernel': 'rbf'}",0.5318800984085296,0.0894940425538238,0.0854317392878859,0.17166456804227706,0.5415200232353109,0.08564569989022594,0.5366954277109873,0.07929329097436832,0.5395348837209303,0.5396563659788858,"{0: 0.5541891813933811, 1: 0.5541891813933811}","{0: 0.5541891813933811, 1: 0.5541891813933811}",0.5541891813933811,"[[298 348]
 [246 398]]",[1. 1. 1. ... 0. 0. 1.],[1. 1. 1. ... 0. 1. 0.]
483,SVC,"{'C': 100, 'gamma': 1, 'kernel': 'rbf'}",0.5313271649864483,0.08592885319230605,0.08499763542784222,0.16405843648246218,0.5412634118421099,0.08178885369362117,0.5364645295398818,0.0793021411578112,0.5395348837209303,0.5396611733938427,"{0: 0.5540978405092014, 1: 0.5540978405092014}","{0: 0.5540978405092014, 1: 0.5540978405092014}",0.5540978405092014,"[[296 350]
 [244 400]]",[1. 1. 1. ... 0. 0. 1.],[1. 1. 1. ... 0. 1. 0.]
532,SVC,"{'C': 100, 'gamma': 1, 'kernel': 'rbf'}",0.5273110299389665,0.08947230692784006,0.07894285710837227,0.17067788089219735,0.538070622175636,0.08518049087896257,0.5380252550296465,0.08240213394852569,0.5410852713178295,0.5412115647174202,"{0: 0.554832173143857, 1: 0.554832173143857}","{0: 0.554832173143857, 1: 0.554832173143857}",0.554832173143857,"[[297 349]
 [243 401]]",[1. 1. 1. ... 0. 0. 1.],[1. 1. 1. ... 0. 1. 0.]
524,AdaBoost,"{'algorithm': 'SAMME.R', 'learning_rate': 1.5693877551020408, 'n_estimators': 41}",0.5334186413750143,0.11971209610120166,0.07752729982279656,0.23667784401738334,0.5396295541630641,0.11807374177390495,0.5416128204865394,0.08365485162081276,0.541860465116279,0.5418245101244159,"{0: 0.5613894871449725, 1: 0.5613894871449724}","{0: 0.5613894871449725, 1: 0.5613894871449724}",0.5613894871449724,"[[365 281]
 [310 334]]",[1. 1. 1. ... 0. 0. 0.],[1. 1. 1. ... 0. 1. 0.]
181,knn,{'n_neighbors': 1},0.5340729528770184,0.08939856589143952,0.07751983849368459,0.17720887686732748,0.5381209561641194,0.0884496761124374,0.5371917813397742,0.0744364028815021,0.5372093023255814,0.5372190065957734,"{0: 0.5372190065957733, 1: 0.5372190065957734}","{0: 0.5372190065957733, 1: 0.5372190065957734}",0.5372190065957734,"[[343 303]
 [294 350]]",[1. 1. 1. ... 1. 0. 0.],[1. 1. 1. ... 0. 1. 0.]
298,knn,{'n_neighbors': 1},0.5340729528770184,0.08939856589143952,0.07751983849368459,0.17720887686732748,0.5381209561641194,0.0884496761124374,0.5371917813397742,0.0744364028815021,0.5372093023255814,0.5372190065957734,"{0: 0.5372190065957733, 1: 0.5372190065957734}","{0: 0.5372190065957733, 1: 0.5372190065957734}",0.5372190065957734,"[[343 303]
 [294 350]]",[1. 1. 1. ... 1. 0. 0.],[1. 1. 1. ... 0. 1. 0.]
354,knn,{'n_neighbors': 1},0.5340729528770184,0.08939856589143952,0.07751983849368459,0.17720887686732748,0.5381209561641194,0.0884496761124374,0.5371917813397742,0.0744364028815021,0.5372093023255814,0.5372190065957734,"{0: 0.5372190065957733, 1: 0.5372190065957734}","{0: 0.5372190065957733, 1: 0.5372190065957734}",0.5372190065957734,"[[343 303]
 [294 350]]",[1. 1. 1. ... 1. 0. 0.],[1. 1. 1. ... 0. 1. 0.]
243,knn,{'n_neighbors': 1},0.5340729528770184,0.08939856589143952,0.07751983849368459,0.17720887686732748,0.5381209561641194,0.0884496761124374,0.5371917813397742,0.0744364028815021,0.5372093023255814,0.5372190065957734,"{0: 0.5372190065957733, 1: 0.5372190065957734}","{0: 0.5372190065957733, 1: 0.5372190065957734}",0.5372190065957734,"[[343 303]
 [294 350]]",[1. 1. 1. ... 1. 0. 0.],[1. 1. 1. ... 0. 1. 0.]
926,knn,{'n_neighbors': 1},0.5340729528770184,0.08939856589143952,0.07751983849368459,0.17720887686732748,0.5381209561641194,0.0884496761124374,0.5371917813397742,0.0744364028815021,0.5372093023255814,0.5372190065957734,"{0: 0.5372190065957733, 1: 0.5372190065957734}","{0: 0.5372190065957733, 1: 0.5372190065957734}",0.5372190065957734,"[[343 303]
 [294 350]]",[1. 1. 1. ... 1. 0. 0.],[1. 1. 1. ... 0. 1. 0.]
972,knn,{'n_neighbors': 1},0.5340729528770184,0.08939856589143952,0.07751983849368459,0.17720887686732748,0.5381209561641194,0.0884496761124374,0.5371917813397742,0.0744364028815021,0.5372093023255814,0.5372190065957734,"{0: 0.5372190065957733, 1: 0.5372190065957734}","{0: 0.5372190065957733, 1: 0.5372190065957734}",0.5372190065957734,"[[343 303]
 [294 350]]",[1. 1. 1. ... 1. 0. 0.],[1. 1. 1. ... 0. 1. 0.]
411,knn,{'n_neighbors': 1},0.5340729528770184,0.08939856589143952,0.07751983849368459,0.17720887686732748,0.5381209561641194,0.0884496761124374,0.5371917813397742,0.0744364028815021,0.5372093023255814,0.5372190065957734,"{0: 0.5372190065957733, 1: 0.5372190065957734}","{0: 0.5372190065957733, 1: 0.5372190065957734}",0.5372190065957734,"[[343 303]
 [294 350]]",[1. 1. 1. ... 1. 0. 0.],[1. 1. 1. ... 0. 1. 0.]
567,knn,{'n_neighbors': 1},0.5340729528770184,0.08939856589143952,0.07751983849368459,0.17720887686732748,0.5381209561641194,0.0884496761124374,0.5371917813397742,0.0744364028815021,0.5372093023255814,0.5372190065957734,"{0: 0.5372190065957733, 1: 0.5372190065957734}","{0: 0.5372190065957733, 1: 0.5372190065957734}",0.5372190065957734,"[[343 303]
 [294 350]]",[1. 1. 1. ... 1. 0. 0.],[1. 1. 1. ... 0. 1. 0.]
817,knn,{'n_neighbors': 1},0.5340729528770184,0.08939856589143952,0.07751983849368459,0.17720887686732748,0.5381209561641194,0.0884496761124374,0.5371917813397742,0.0744364028815021,0.5372093023255814,0.5372190065957734,"{0: 0.5372190065957733, 1: 0.5372190065957734}","{0: 0.5372190065957733, 1: 0.5372190065957734}",0.5372190065957734,"[[343 303]
 [294 350]]",[1. 1. 1. ... 1. 0. 0.],[1. 1. 1. ... 0. 1. 0.]
770,knn,{'n_neighbors': 1},0.5340729528770184,0.08939856589143952,0.07751983849368459,0.17720887686732748,0.5381209561641194,0.0884496761124374,0.5371917813397742,0.0744364028815021,0.5372093023255814,0.5372190065957734,"{0: 0.5372190065957733, 1: 0.5372190065957734}","{0: 0.5372190065957733, 1: 0.5372190065957734}",0.5372190065957734,"[[343 303]
 [294 350]]",[1. 1. 1. ... 1. 0. 0.],[1. 1. 1. ... 0. 1. 0.]
720,knn,{'n_neighbors': 1},0.5340729528770184,0.08939856589143952,0.07751983849368459,0.17720887686732748,0.5381209561641194,0.0884496761124374,0.5371917813397742,0.0744364028815021,0.5372093023255814,0.5372190065957734,"{0: 0.5372190065957733, 1: 0.5372190065957734}","{0: 0.5372190065957733, 1: 0.5372190065957734}",0.5372190065957734,"[[343 303]
 [294 350]]",[1. 1. 1. ... 1. 0. 0.],[1. 1. 1. ... 0. 1. 0.]
666,knn,{'n_neighbors': 1},0.5340729528770184,0.08939856589143952,0.07751983849368459,0.17720887686732748,0.5381209561641194,0.0884496761124374,0.5371917813397742,0.0744364028815021,0.5372093023255814,0.5372190065957734,"{0: 0.5372190065957733, 1: 0.5372190065957734}","{0: 0.5372190065957733, 1: 0.5372190065957734}",0.5372190065957734,"[[343 303]
 [294 350]]",[1. 1. 1. ... 1. 0. 0.],[1. 1. 1. ... 0. 1. 0.]
454,knn,{'n_neighbors': 1},0.5340729528770184,0.08939856589143952,0.07751983849368459,0.17720887686732748,0.5381209561641194,0.0884496761124374,0.5371917813397742,0.0744364028815021,0.5372093023255814,0.5372190065957734,"{0: 0.5372190065957733, 1: 0.5372190065957734}","{0: 0.5372190065957733, 1: 0.5372190065957734}",0.5372190065957734,"[[343 303]
 [294 350]]",[1. 1. 1. ... 1. 0. 0.],[1. 1. 1. ... 0. 1. 0.]
871,knn,{'n_neighbors': 1},0.5340729528770184,0.08939856589143952,0.07751983849368459,0.17720887686732748,0.5381209561641194,0.0884496761124374,0.5371917813397742,0.0744364028815021,0.5372093023255814,0.5372190065957734,"{0: 0.5372190065957733, 1: 0.5372190065957734}","{0: 0.5372190065957733, 1: 0.5372190065957734}",0.5372190065957734,"[[343 303]
 [294 350]]",[1. 1. 1. ... 1. 0. 0.],[1. 1. 1. ... 0. 1. 0.]
613,knn,{'n_neighbors': 1},0.5340729528770184,0.08939856589143952,0.07751983849368459,0.17720887686732748,0.5381209561641194,0.0884496761124374,0.5371917813397742,0.0744364028815021,0.5372093023255814,0.5372190065957734,"{0: 0.5372190065957733, 1: 0.5372190065957734}","{0: 0.5372190065957733, 1: 0.5372190065957734}",0.5372190065957734,"[[343 303]
 [294 350]]",[1. 1. 1. ... 1. 0. 0.],[1. 1. 1. ... 0. 1. 0.]
67,knn,{'n_neighbors': 1},0.5340729528770184,0.08939856589143952,0.07751983849368459,0.17720887686732748,0.5381209561641194,0.0884496761124374,0.5371917813397742,0.0744364028815021,0.5372093023255814,0.5372190065957734,"{0: 0.5372190065957733, 1: 0.5372190065957734}","{0: 0.5372190065957733, 1: 0.5372190065957734}",0.5372190065957734,"[[343 303]
 [294 350]]",[1. 1. 1. ... 1. 0. 0.],[1. 1. 1. ... 0. 1. 0.]
127,knn,{'n_neighbors': 1},0.5340729528770184,0.08939856589143952,0.07751983849368459,0.17720887686732748,0.5381209561641194,0.0884496761124374,0.5371917813397742,0.0744364028815021,0.5372093023255814,0.5372190065957734,"{0: 0.5372190065957733, 1: 0.5372190065957734}","{0: 0.5372190065957733, 1: 0.5372190065957734}",0.5372190065957734,"[[343 303]
 [294 350]]",[1. 1. 1. ... 1. 0. 0.],[1. 1. 1. ... 0. 1. 0.]
513,knn,{'n_neighbors': 1},0.5340729528770184,0.08939856589143952,0.07751983849368459,0.17720887686732748,0.5381209561641194,0.0884496761124374,0.5371917813397742,0.0744364028815021,0.5372093023255814,0.5372190065957734,"{0: 0.5372190065957733, 1: 0.5372190065957734}","{0: 0.5372190065957733, 1: 0.5372190065957734}",0.5372190065957734,"[[343 303]
 [294 350]]",[1. 1. 1. ... 1. 0. 0.],[1. 1. 1. ... 0. 1. 0.]
735,SVC,"{'C': 100, 'gamma': 1, 'kernel': 'rbf'}",0.5255875484578919,0.07876076737442468,0.07341219922805525,0.15170403406981312,0.535459726383252,0.07548503769257124,0.5328523202063933,0.07154100330429558,0.5356589147286822,0.5357791858162029,"{0: 0.5536243101359537, 1: 0.5536243101359537}","{0: 0.5536243101359537, 1: 0.5536243101359537}",0.5536243101359537,"[[296 350]
 [249 395]]",[1. 1. 1. ... 0. 0. 1.],[1. 1. 1. ... 0. 1. 0.]
215,SVC,"{'C': 1000, 'gamma': 1, 'kernel': 'rbf'}",0.5250180627816603,0.09049698954610398,0.07303597420817581,0.17410842038092492,0.5353969817297388,0.08655342347310946,0.534412078736589,0.07464103334334626,0.5372093023255814,0.5373295771397804,"{0: 0.5541218775839856, 1: 0.5541218775839856}","{0: 0.5541218775839856, 1: 0.5541218775839856}",0.5541218775839856,"[[297 349]
 [248 396]]",[1. 1. 1. ... 0. 0. 1.],[1. 1. 1. ... 0. 1. 0.]
924,AdaBoost,"{'algorithm': 'SAMME.R', 'learning_rate': 2.630612244897959, 'n_estimators': 96}",0.4344029763164222,0.07499101713090363,0.07149703018781621,0.10349067151339995,0.538596803507135,0.048833838072468286,0.46649976167691176,0.09038620742765813,0.5457364341085271,0.5451392227371498,"{0: 0.5389304463204047, 1: 0.5389304463204044}","{0: 0.5389304463204047, 1: 0.5389304463204044}",0.5389304463204044,"[[601  45]
 [541 103]]",[0. 0. 0. ... 0. 0. 0.],[1. 1. 1. ... 0. 1. 0.]
500,AdaBoost,"{'algorithm': 'SAMME.R', 'learning_rate': 3.3653061224489793, 'n_estimators': 63}",0.43355307613428246,0.07479559204603349,0.07051909635961062,0.10333519601616985,0.5381370333921924,0.04865363836601197,0.45163848064821904,0.08875721131282588,0.5449612403100775,0.5443219621944888,"{0: 0.5243243178278176, 1: 0.5243243178278176}","{0: 0.5243243178278176, 1: 0.5243243178278176}",0.5243243178278176,"[[618  28]
 [559  85]]",[0. 0. 0. ... 0. 0. 0.],[1. 1. 1. ... 0. 1. 0.]
188,AdaBoost,"{'algorithm': 'SAMME.R', 'learning_rate': 3.2836734693877547, 'n_estimators': 63}",0.43355307613428246,0.07479559204603349,0.07051909635961062,0.10333519601616985,0.5381370333921924,0.04865363836601197,0.45163848064821904,0.08875721131282588,0.5449612403100775,0.5443219621944888,"{0: 0.524384410514778, 1: 0.524384410514778}","{0: 0.524384410514778, 1: 0.524384410514778}",0.524384410514778,"[[618  28]
 [559  85]]",[0. 0. 0. ... 0. 0. 0.],[1. 1. 1. ... 0. 1. 0.]
867,AdaBoost,"{'algorithm': 'SAMME.R', 'learning_rate': 3.2836734693877547, 'n_estimators': 85}",0.43355307613428246,0.07479559204603349,0.07051909635961062,0.10333519601616985,0.5381370333921924,0.04865363836601197,0.45163848064821904,0.08875721131282588,0.5449612403100775,0.5443219621944888,"{0: 0.5243459511951234, 1: 0.5243459511951234}","{0: 0.5243459511951234, 1: 0.5243459511951234}",0.5243459511951234,"[[618  28]
 [559  85]]",[0. 0. 0. ... 0. 0. 0.],[1. 1. 1. ... 0. 1. 0.]
728,AdaBoost,"{'algorithm': 'SAMME.R', 'learning_rate': 2.8755102040816327, 'n_estimators': 63}",0.43354055924004825,0.07449990556485549,0.07026555268102262,0.10412101562318783,0.5380166174097075,0.04903465070688221,0.45163848064821904,0.08875721131282588,0.5449612403100775,0.5443219621944888,"{0: 0.5371877583985539, 1: 0.5371877583985538}","{0: 0.5371877583985539, 1: 0.5371877583985538}",0.5371877583985538,"[[618  28]
 [559  85]]",[0. 0. 0. ... 0. 0. 0.],[1. 1. 1. ... 0. 1. 0.]
209,AdaBoost,"{'algorithm': 'SAMME.R', 'learning_rate': 3.120408163265306, 'n_estimators': 52}",0.4329681795493859,0.07530745431497403,0.06841383320171587,0.10526849689163331,0.537084401813245,0.04973990164230915,0.4511272269205399,0.08720703548065678,0.5441860465116279,0.5435479683864393,"{0: 0.5368163855931389, 1: 0.5368163855931388}","{0: 0.5368163855931389, 1: 0.5368163855931388}",0.5368163855931388,"[[617  29]
 [559  85]]",[0. 0. 0. ... 0. 0. 0.],[1. 1. 1. ... 0. 1. 0.]
17,AdaBoost,"{'algorithm': 'SAMME', 'learning_rate': 0.1, 'n_estimators': 63}",0.44876389068004713,0.07842024854850922,0.0682965339374139,0.10893787000943406,0.5369539602794889,0.052027496831695955,0.46891500008559894,0.08885370015185168,0.5449612403100775,0.5443748437590139,"{0: 0.5741772109301387, 1: 0.5741772109301386}","{0: 0.5741772109301387, 1: 0.5741772109301386}",0.5741772109301386,"[[596  50]
 [537 107]]",[0. 0. 0. ... 0. 0. 0.],[1. 1. 1. ... 0. 1. 0.]
52,AdaBoost,"{'algorithm': 'SAMME.R', 'learning_rate': 2.957142857142857, 'n_estimators': 85}",0.4313936528512637,0.07464159992490275,0.06790830850798944,0.10417854586051116,0.5368671921223511,0.04900970674595306,0.4489184798240747,0.0856480645790163,0.5434108527131783,0.5427691671634329,"{0: 0.5268073476530201, 1: 0.52680734765302}","{0: 0.5268073476530201, 1: 0.52680734765302}",0.52680734765302,"[[618  28]
 [561  83]]",[0. 0. 0. ... 0. 0. 0.],[1. 1. 1. ... 0. 1. 0.]
476,AdaBoost,"{'algorithm': 'SAMME.R', 'learning_rate': 3.8551020408163263, 'n_estimators': 74}",0.43014859371648884,0.07395259811871095,0.0667181423816401,0.10205975929603224,0.5361305151202279,0.04855814159659905,0.4475541141467075,0.08409347998748462,0.5426356589147286,0.541992769647905,"{0: 0.5223052035459493, 1: 0.5223052035459493}","{0: 0.5223052035459493, 1: 0.5223052035459493}",0.5223052035459493,"[[618  28]
 [562  82]]",[0. 0. 0. ... 0. 0. 0.],[1. 1. 1. ... 0. 1. 0.]
329,AdaBoost,"{'algorithm': 'SAMME.R', 'learning_rate': 3.936734693877551, 'n_estimators': 63}",0.43014859371648884,0.07395259811871095,0.0667181423816401,0.10205975929603224,0.5361305151202279,0.04855814159659905,0.4475541141467075,0.08409347998748462,0.5426356589147286,0.541992769647905,"{0: 0.5226080706882296, 1: 0.5226080706882296}","{0: 0.5226080706882296, 1: 0.5226080706882296}",0.5226080706882296,"[[618  28]
 [562  82]]",[0. 0. 0. ... 0. 0. 0.],[1. 1. 1. ... 0. 1. 0.]
312,SVC,"{'C': 1, 'gamma': 0.001, 'kernel': 'sigmoid'}",0.48931258860191507,0.07580696991702232,0.06655979815637991,0.13087456423912416,0.5346453598378585,0.06376633092772338,0.5043767650149671,0.08139551667893585,0.5410852713178295,0.5406635194123416,"{0: 0.5548345768513355, 1: 0.5548345768513355}","{0: 0.5548345768513355, 1: 0.5548345768513355}",0.5548345768513355,"[[525 121]
 [471 173]]",[0. 0. 0. ... 0. 0. 0.],[1. 1. 1. ... 0. 1. 0.]
568,SVC,"{'C': 10, 'gamma': 0.0001, 'kernel': 'sigmoid'}",0.4627126408388357,0.07951812112256156,0.05922935079256412,0.10959065078562621,0.531824508514816,0.053973726958217616,0.4869036680791289,0.07660936202976298,0.5387596899224806,0.5382670230563621,"{0: 0.5638713151164356, 1: 0.5638713151164356}","{0: 0.5638713151164356, 1: 0.5638713151164356}",0.5638713151164356,"[[553  93]
 [502 142]]",[0. 0. 0. ... 0. 0. 0.],[1. 1. 1. ... 0. 1. 0.]
537,AdaBoost,"{'algorithm': 'SAMME', 'learning_rate': 0.1, 'n_estimators': 74}",0.4524254302411911,0.07939298374637416,0.057894107252880606,0.11046877953769876,0.5307082861507385,0.054222197578353386,0.4743420091250448,0.07342526932304094,0.5372093023255814,0.5366733649981732,"{0: 0.5964715977924351, 1: 0.5964715977924352}","{0: 0.5964715977924351, 1: 0.5964715977924352}",0.5964715977924352,"[[570  76]
 [521 123]]",[0. 0. 0. ... 0. 0. 0.],[1. 1. 1. ... 0. 1. 0.]
976,SVC,"{'C': 100, 'gamma': 0.1, 'kernel': 'sigmoid'}",0.46788094450943846,0.07021342027826487,0.05308027108937096,0.10991176545376193,0.5280049496694386,0.05396353438638212,0.486322762508809,0.07505967046504469,0.537984496124031,0.5374930292483125,"{0: 0.5377237851662404, 1: 0.5377237851662404}","{0: 0.5377237851662404, 1: 0.5377237851662404}",0.5377237851662404,"[[552  94]
 [502 142]]",[0. 1. 0. ... 0. 0. 1.],[1. 1. 1. ... 0. 1. 0.]
238,AdaBoost,"{'algorithm': 'SAMME.R', 'learning_rate': 1.9775510204081632, 'n_estimators': 85}",0.46014880212102427,0.08934223177799455,0.05292474724657411,0.14552577942897132,0.5297517029266771,0.07143647397295456,0.5002867412514883,0.08290088126393891,0.541860465116279,0.541413476145607,"{0: 0.5384220621887199, 1: 0.5384220621887199}","{0: 0.5384220621887199, 1: 0.5384220621887199}",0.5384220621887199,"[[536 110]
 [481 163]]",[0. 0. 0. ... 0. 0. 0.],[1. 1. 1. ... 0. 1. 0.]
544,SVC,"{'C': 1000, 'gamma': 0.1, 'kernel': 'sigmoid'}",0.45779953092884346,0.07358660456432073,0.05272079865730359,0.08758662857381855,0.5273289313769619,0.042352964315050735,0.47539877696696903,0.0579772912651495,0.5294573643410853,0.5289598676999404,"{0: 0.5283132703882468, 1: 0.5283132703882468}","{0: 0.5283132703882468, 1: 0.5283132703882468}",0.5283132703882468,"[[549  97]
 [510 134]]",[0. 0. 0. ... 0. 0. 1.],[1. 1. 1. ... 0. 1. 0.]
470,SVC,"{'C': 1000, 'gamma': 0.01, 'kernel': 'sigmoid'}",0.4179345448997819,0.07077679885718698,0.04784085330236923,0.08706041004100626,0.525882648642973,0.04469998627934277,0.4402802605424957,0.0670329749673283,0.5341085271317829,0.5334740303444032,"{0: 0.5284983558640848, 1: 0.5284983558640848}","{0: 0.5284983558640848, 1: 0.5284983558640848}",0.5284983558640848,"[[609  37]
 [564  80]]",[0. 0. 0. ... 0. 0. 0.],[1. 1. 1. ... 0. 1. 0.]
750,SVC,"{'C': 1000, 'gamma': 0.1, 'kernel': 'sigmoid'}",0.4697200041766386,0.06890047748668877,0.046701453060327705,0.10961877910208728,0.5251675882306007,0.05361201488917164,0.4786860072215124,0.05182431700891399,0.5263565891472868,0.5258879295425264,"{0: 0.5247197277080168, 1: 0.5247197277080168}","{0: 0.5247197277080168, 1: 0.5247197277080168}",0.5247197277080168,"[[535 111]
 [500 144]]",[1. 1. 0. ... 0. 0. 1.],[1. 1. 1. ... 0. 1. 0.]
835,SVC,"{'C': 100, 'gamma': 0.1, 'kernel': 'sigmoid'}",0.47244009979016843,0.07183377738877829,0.04379117100357121,0.09397082743293797,0.5231315688399406,0.045882903002338604,0.49563287221322044,0.05815858414062369,0.5294573643410853,0.5290560159990769,"{0: 0.5129968463357883, 1: 0.5129968463357883}","{0: 0.5129968463357883, 1: 0.5129968463357883}",0.5129968463357883,"[[509 137]
 [470 174]]",[0. 0. 1. ... 0. 0. 0.],[1. 1. 1. ... 0. 1. 0.]
47,SVC,"{'C': 1000, 'gamma': 0.1, 'kernel': 'sigmoid'}",0.4669753510007561,0.09101011101328799,0.04265003199852124,0.13865837331999928,0.5232738620696796,0.06684891783690565,0.4940149333098834,0.0704911525183145,0.5356589147286822,0.5352143145587754,"{0: 0.5433977366690383, 1: 0.5433977366690383}","{0: 0.5433977366690383, 1: 0.5433977366690383}",0.5433977366690383,"[[531 115]
 [484 160]]",[0. 0. 1. ... 0. 0. 0.],[1. 1. 1. ... 0. 1. 0.]
697,SVC,"{'C': 1, 'gamma': 0.1, 'kernel': 'sigmoid'}",0.46284510298320525,0.08807224397416355,0.042363446523190657,0.1440080100995031,0.5222573885454657,0.07048902386998598,0.4842747827641642,0.059594841689923794,0.5302325581395348,0.5297699171201662,"{0: 0.5228448358748534, 1: 0.5228448358748534}","{0: 0.5228448358748534, 1: 0.5228448358748534}",0.5228448358748534,"[[535 111]
 [495 149]]",[0. 0. 0. ... 0. 0. 1.],[1. 1. 1. ... 0. 1. 0.]
219,AdaBoost,"{'algorithm': 'SAMME', 'learning_rate': 1.7326530612244897, 'n_estimators': 30}",0.5154265697925621,0.08199976950560858,0.04142179435128467,0.15930533885766784,0.5214922656122576,0.07956047973298513,0.5306424824137859,0.061934329994302706,0.5310077519379846,0.5309645597369382,"{0: 0.5545052689267926, 1: 0.5545052689267926}","{0: 0.5545052689267926, 1: 0.5545052689267926}",0.5545052689267926,"[[361 285]
 [320 324]]",[1. 1. 0. ... 0. 0. 0.],[1. 1. 1. ... 0. 1. 0.]
60,AdaBoost,"{'algorithm': 'SAMME', 'learning_rate': 2.059183673469388, 'n_estimators': 41}",0.46978343761996827,0.10340088216556129,0.036362578657461606,0.15591445023321018,0.519521245342552,0.0780401250665188,0.48700446677317055,0.030299166989399162,0.5155038759689923,0.5151385496990558,"{0: 0.5127552737342076, 1: 0.5127552737342076}","{0: 0.5127552737342076, 1: 0.5127552737342076}",0.5127552737342076,"[[485 161]
 [464 180]]",[0. 1. 0. ... 0. 1. 0.],[1. 1. 1. ... 0. 1. 0.]
246,SVC,"{'C': 0.1, 'gamma': 0.01, 'kernel': 'sigmoid'}",0.46715449584840235,0.08676016084178631,0.03392700273290829,0.16137221222997813,0.5202547838923363,0.0800870495708985,0.4749227259346482,0.022454556826820293,0.5116279069767442,0.5112181028017614,"{0: 0.530012691575486, 1: 0.530012691575486}","{0: 0.530012691575486, 1: 0.530012691575486}",0.530012691575486,"[[501 145]
 [485 159]]",[0. 0. 0. ... 0. 0. 0.],[1. 1. 1. ... 0. 1. 0.]
618,SVC,"{'C': 1000, 'gamma': 0.1, 'kernel': 'sigmoid'}",0.46837675260497896,0.09361036295593222,0.032514094262078526,0.1543807482296402,0.5166430487688974,0.07625296286962147,0.4984955667174515,0.05202046564883667,0.5263565891472868,0.5259912889640983,"{0: 0.5364137645905045, 1: 0.5364137645905043}","{0: 0.5364137645905045, 1: 0.5364137645905043}",0.5364137645905043,"[[492 154]
 [457 187]]",[0. 0. 1. ... 0. 0. 0.],[1. 1. 1. ... 0. 1. 0.]
155,SVC,"{'C': 100, 'gamma': 1, 'kernel': 'sigmoid'}",0.49989975121113095,0.08993237908860463,0.027145042926444707,0.1673202994510662,0.5132847439917557,0.08291110776622632,0.51578257473081,0.04155405730333839,0.5209302325581395,0.5207704363209815,"{0: 0.5192188431436648, 1: 0.5192188431436647}","{0: 0.5192188431436648, 1: 0.5192188431436647}",0.5192188431436647,"[[403 243]
 [375 269]]",[1. 1. 0. ... 1. 0. 0.],[1. 1. 1. ... 0. 1. 0.]
7,SVC,"{'C': 1000, 'gamma': 1, 'kernel': 'sigmoid'}",0.5059402183091323,0.08446500049415423,0.026406110381791366,0.1679201232775091,0.5144714030703166,0.08372882288842248,0.5188137942545923,0.043180861934242976,0.5217054263565891,0.5215852931561641,"{0: 0.5267905217006711, 1: 0.5267905217006711}","{0: 0.5267905217006711, 1: 0.5267905217006711}",0.5267905217006711,"[[387 259]
 [358 286]]",[1. 1. 0. ... 1. 0. 0.],[1. 1. 1. ... 0. 1. 0.]
671,SVC,"{'C': 100, 'gamma': 1, 'kernel': 'sigmoid'}",0.5070283241588719,0.07860676545053505,0.024536053338697142,0.15798565555167535,0.5127006933689904,0.07834943371553166,0.5166468831295982,0.038535515762343486,0.5193798449612403,0.5192633117320155,"{0: 0.5231621252620041, 1: 0.5231621252620041}","{0: 0.5231621252620041, 1: 0.5231621252620041}",0.5231621252620041,"[[384 262]
 [358 286]]",[1. 1. 0. ... 1. 0. 0.],[1. 1. 1. ... 0. 1. 0.]
633,SVC,"{'C': 100, 'gamma': 0.01, 'kernel': 'sigmoid'}",0.4218388201897394,0.07452819948013542,0.02415280532666987,0.11590943261250748,0.5142538355749529,0.058665012744210245,0.4456907699805228,0.05623234165852453,0.5286821705426357,0.5280825144703191,"{0: 0.5325702363325193, 1: 0.5325702363325193}","{0: 0.5325702363325193, 1: 0.5325702363325193}",0.5325702363325193,"[[591  55]
 [553  91]]",[0. 0. 0. ... 0. 0. 0.],[1. 1. 1. ... 0. 1. 0.]
380,SVC,"{'C': 1000, 'gamma': 0.1, 'kernel': 'sigmoid'}",0.4467930456285106,0.08906978372298047,0.023001948207147432,0.1257420460951468,0.5146493015483881,0.06272841865576403,0.4836788708894379,0.048780135735611574,0.5248062015503876,0.5243687864161684,"{0: 0.5167850893217699, 1: 0.5167850893217698}","{0: 0.5167850893217699, 1: 0.5167850893217698}",0.5167850893217698,"[[521 125]
 [488 156]]",[0. 0. 0. ... 0. 0. 1.],[1. 1. 1. ... 0. 1. 0.]
918,SVC,"{'C': 1000, 'gamma': 1, 'kernel': 'sigmoid'}",0.4991503629581956,0.08685619398047317,0.021265225506657853,0.17064657127890714,0.5104849584488029,0.08446673974241839,0.5158380898670473,0.043084232825097435,0.5217054263565891,0.5215348152991174,"{0: 0.5165399111589716, 1: 0.5165399111589717}","{0: 0.5165399111589716, 1: 0.5165399111589717}",0.5165399111589717,"[[408 238]
 [379 265]]",[1. 0. 0. ... 0. 0. 0.],[1. 1. 1. ... 0. 1. 0.]
739,AdaBoost,"{'algorithm': 'SAMME', 'learning_rate': 2.793877551020408, 'n_estimators': 85}",0.3580456762339781,0.04626016169145974,0.015799103224925566,0.04379637782935202,0.5095793515263782,0.029373507011586874,0.3584990106242785,0.014029749424053217,0.5077519379844961,0.5070044035921004,"{0: 0.5112120935330654, 1: 0.5112120935330654}","{0: 0.5112120935330654, 1: 0.5112120935330654}",0.5112120935330654,"[[639   7]
 [628  16]]",[0. 0. 0. ... 0. 0. 0.],[1. 1. 1. ... 0. 1. 0.]
32,SVC,"{'C': 1, 'gamma': 0.001, 'kernel': 'sigmoid'}",0.4401264077836599,0.08977400754465524,0.01540009511859267,0.14864755637141525,0.5094947430345528,0.07525888979937741,0.4542241909683771,0.006823278060610782,0.5038759689922481,0.503408457204392,"{0: 0.522755898698152, 1: 0.5227558986981521}","{0: 0.522755898698152, 1: 0.5227558986981521}",0.5227558986981521,"[[520 126]
 [514 130]]",[0. 0. 0. ... 0. 0. 0.],[1. 1. 1. ... 0. 1. 0.]
373,AdaBoost,"{'algorithm': 'SAMME', 'learning_rate': 2.4673469387755103, 'n_estimators': 41}",0.3550053281545981,0.04286487168419497,0.012635362906788808,0.03968065371723802,0.5080141983333182,0.02757788286048236,0.35521878958127606,0.010919569283655894,0.506201550387597,0.5054516085610445,"{0: 0.5125245178162798, 1: 0.5125245178162798}","{0: 0.5125245178162798, 1: 0.5125245178162798}",0.5125245178162798,"[[639   7]
 [630  14]]",[0. 0. 0. ... 0. 0. 0.],[1. 1. 1. ... 0. 1. 0.]
199,AdaBoost,"{'algorithm': 'SAMME', 'learning_rate': 2.7122448979591836, 'n_estimators': 85}",0.35399937903162887,0.03953810177270475,0.01201763977221805,0.037813631781269175,0.5078292588307906,0.02656383827526532,0.35395002974561496,0.010914807209454147,0.506201550387597,0.5054492048535661,"{0: 0.5161637309385998, 1: 0.5161637309385997}","{0: 0.5161637309385998, 1: 0.5161637309385997}",0.5161637309385997,"[[640   6]
 [631  13]]",[0. 0. 0. ... 0. 0. 0.],[1. 1. 1. ... 0. 1. 0.]
229,AdaBoost,"{'algorithm': 'SAMME', 'learning_rate': 3.691836734693877, 'n_estimators': 41}",0.34868288539730485,0.03992133694901106,0.011320802089526438,0.03290594491878064,0.5073979468240796,0.02548610469195762,0.34710361167034925,0.009340619658634086,0.5054263565891473,0.5046631925081245,"{0: 0.5168019152741188, 1: 0.5168019152741187}","{0: 0.5168019152741188, 1: 0.5168019152741187}",0.5168019152741187,"[[644   2]
 [636   8]]",[0. 0. 0. ... 0. 0. 0.],[1. 1. 1. ... 0. 1. 0.]
250,AdaBoost,"{'algorithm': 'SAMME', 'learning_rate': 3.2020408163265306, 'n_estimators': 63}",0.34845351089807963,0.039769505341701955,0.010401962406367713,0.03284268108476793,0.506938176709137,0.02519908723891988,0.34673864817944344,0.007790250631332762,0.5046511627906977,0.503889198700075,"{0: 0.5122168432590428, 1: 0.5122168432590427}","{0: 0.5122168432590428, 1: 0.5122168432590427}",0.5122168432590427,"[[643   3]
 [636   8]]",[0. 0. 0. ... 0. 0. 0.],[1. 1. 1. ... 0. 1. 0.]
438,AdaBoost,"{'algorithm': 'SAMME', 'learning_rate': 3.446938775510204, 'n_estimators': 41}",0.3476770459836837,0.03948922287693415,0.010336388635875911,0.03286174211332964,0.506938176709137,0.02519908723891988,0.3454195076006271,0.0077854733755589045,0.5046511627906977,0.5038867949925966,"{0: 0.5115990904370902, 1: 0.5115990904370902}","{0: 0.5115990904370902, 1: 0.5115990904370902}",0.5115990904370902,"[[644   2]
 [637   7]]",[0. 0. 0. ... 0. 0. 0.],[1. 1. 1. ... 0. 1. 0.]
335,SVC,"{'C': 1000, 'gamma': 1, 'kernel': 'sigmoid'}",0.4964513819384483,0.08725968311307186,0.009731433767758282,0.17182320524889033,0.5057768896278133,0.08385738792075775,0.5081286443049751,0.0214796275325837,0.5108527131782946,0.5107373613060785,"{0: 0.5256451550872066, 1: 0.5256451550872066}","{0: 0.5256451550872066, 1: 0.5256451550872066}",0.5256451550872066,"[[378 268]
 [363 281]]",[1. 0. 0. ... 1. 0. 0.],[1. 1. 1. ... 0. 1. 0.]
108,SVC,"{'C': 0.1, 'gamma': 1, 'kernel': 'sigmoid'}",0.49665904599700605,0.07871374998162625,0.007299023499985382,0.15163023724821512,0.5040476596321194,0.07476132242845224,0.5086156269997489,0.02301862840326596,0.5116279069767442,0.5115065476991713,"{0: 0.5214759244658962, 1: 0.5214759244658962}","{0: 0.5214759244658962, 1: 0.5214759244658962}",0.5214759244658962,"[[381 265]
 [365 279]]",[1. 0. 0. ... 0. 0. 0.],[1. 1. 1. ... 0. 1. 0.]
84,AdaBoost,"{'algorithm': 'SAMME', 'learning_rate': 4.1, 'n_estimators': 41}",0.3468632088361051,0.03972995130474176,0.0069175437245648785,0.03599451211174725,0.5052298074252716,0.026551494043160158,0.3446940117105216,0.004684742808582665,0.5031007751937985,0.5023388073764975,"{0: 0.5122264580889564, 1: 0.5122264580889564}","{0: 0.5122264580889564, 1: 0.5122264580889564}",0.5122264580889564,"[[642   4]
 [637   7]]",[0. 0. 0. ... 0. 0. 0.],[1. 1. 1. ... 0. 1. 0.]
88,SVC,"{'C': 100, 'gamma': 1, 'kernel': 'sigmoid'}",0.4872144764010848,0.09112428607462014,0.005975795108667525,0.16416723473532183,0.5028637050200857,0.0817421183464397,0.50113676072416,0.01668317831619648,0.5085271317829457,0.5083384612426206,"{0: 0.5160038843912851, 1: 0.5160038843912851}","{0: 0.5160038843912851, 1: 0.5160038843912851}",0.5160038843912851,"[[407 239]
 [395 249]]",[1. 1. 0. ... 1. 0. 0.],[1. 1. 1. ... 0. 1. 0.]
159,AdaBoost,"{'algorithm': 'SAMME', 'learning_rate': 2.1408163265306124, 'n_estimators': 30}",0.40056195786625237,0.09778354317310047,0.004035913160869771,0.11141269193227385,0.49993597249980826,0.05695372829770931,0.4334288306423709,-0.016045605828478582,0.49147286821705427,0.49196921331461646,"{0: 0.49644491663942464, 1: 0.4964449166394247}","{0: 0.49644491663942464, 1: 0.4964449166394247}",0.4964449166394247,"[[111 535]
 [121 523]]",[1. 1. 1. ... 1. 1. 1.],[1. 1. 1. ... 0. 1. 0.]
714,AdaBoost,"{'algorithm': 'SAMME', 'learning_rate': 4.1, 'n_estimators': 96}",0.33576561681908174,0.018351496357790386,0.003334669604621654,0.012867853115770177,0.4997076911648321,0.014712229776575438,0.33726663391635076,0.0030864049382477443,0.5007751937984496,0.5015455839086207,"{0: 0.5111135415264504, 1: 0.5111135415264504}","{0: 0.5111135415264504, 1: 0.5111135415264504}",0.5111135415264504,"[[  3 643]
 [  1 643]]",[1. 1. 1. ... 1. 1. 1.],[1. 1. 1. ... 0. 1. 0.]
79,SVC,"{'C': 1, 'gamma': 0.0001, 'kernel': 'rbf'}",0.3467894732314065,0.015710265716356038,0.000673877624565411,0.00917215259439247,0.5110128189428539,0.012461353695617315,0.49516318652755004,0.02380254553666239,0.5116279069767442,0.5119079668480665,"{0: 0.4941205315077976, 1: 0.49412053150779756}","{0: 0.4941205315077976, 1: 0.49412053150779756}",0.49412053150779756,"[[214 432]
 [198 446]]",[1. 1. 1. ... 1. 1. 1.],[1. 1. 1. ... 0. 1. 0.]
890,SVC,"{'C': 0.1, 'gamma': 0.0001, 'kernel': 'sigmoid'}",0.34539468626530956,0.01238214873373296,0.0,0.0,0.5107318483170556,0.010965522573985259,0.4948696126250603,0.02380723586220157,0.5116279069767442,0.5119103705555449,"{0: 0.5074274561083014, 1: 0.5074274561083014}","{0: 0.5074274561083014, 1: 0.5074274561083014}",0.5074274561083014,"[[213 433]
 [197 447]]",[1. 1. 1. ... 1. 1. 1.],[1. 1. 1. ... 0. 1. 0.]
961,SVC,"{'C': 0.1, 'gamma': 0.0001, 'kernel': 'rbf'}",0.34539468626530956,0.01238214873373296,0.0,0.0,0.5107318483170556,0.010965522573985259,0.4948696126250603,0.02380723586220157,0.5116279069767442,0.5119103705555449,"{0: 0.5069779628098379, 1: 0.5069779628098379}","{0: 0.5069779628098379, 1: 0.5069779628098379}",0.5069779628098379,"[[213 433]
 [197 447]]",[1. 1. 1. ... 1. 1. 1.],[1. 1. 1. ... 0. 1. 0.]
821,SVC,"{'C': 0.1, 'gamma': 0.0001, 'kernel': 'rbf'}",0.34539468626530956,0.01238214873373296,0.0,0.0,0.5107318483170556,0.010965522573985259,0.4994794970523926,0.023727494197863574,0.5116279069767442,0.5118695075284119,"{0: 0.5059071111282042, 1: 0.5059071111282042}","{0: 0.5059071111282042, 1: 0.5059071111282042}",0.5059071111282042,"[[230 416]
 [214 430]]",[1. 1. 1. ... 0. 0. 0.],[1. 1. 1. ... 0. 1. 0.]
369,SVC,"{'C': 0.1, 'gamma': 0.0001, 'kernel': 'rbf'}",0.34539468626530956,0.01238214873373296,0.0,0.0,0.5107318483170556,0.010965522573985259,0.4948696126250603,0.02380723586220157,0.5116279069767442,0.5119103705555449,"{0: 0.5068193181162626, 1: 0.5068193181162626}","{0: 0.5068193181162626, 1: 0.5068193181162626}",0.5068193181162626,"[[213 433]
 [197 447]]",[1. 1. 1. ... 1. 1. 1.],[1. 1. 1. ... 0. 1. 0.]
184,SVC,"{'C': 0.1, 'gamma': 0.0001, 'kernel': 'sigmoid'}",0.34539468626530956,0.01238214873373296,0.0,0.0,0.5107318483170556,0.010965522573985259,0.4948696126250603,0.02380723586220157,0.5116279069767442,0.5119103705555449,"{0: 0.5072591965848123, 1: 0.5072591965848124}","{0: 0.5072591965848123, 1: 0.5072591965848124}",0.5072591965848124,"[[213 433]
 [197 447]]",[1. 1. 1. ... 1. 1. 1.],[1. 1. 1. ... 0. 1. 0.]
204,SVC,"{'C': 1, 'gamma': 0.0001, 'kernel': 'sigmoid'}",0.34539468626530956,0.01238214873373296,0.0,0.0,0.5107318483170556,0.010965522573985259,0.4948696126250603,0.02380723586220157,0.5116279069767442,0.5119103705555449,"{0: 0.5009470607464954, 1: 0.5009470607464954}","{0: 0.5009470607464954, 1: 0.5009470607464954}",0.5009470607464954,"[[213 433]
 [197 447]]",[1. 1. 1. ... 1. 1. 1.],[1. 1. 1. ... 0. 1. 0.]
447,SVC,"{'C': 0.1, 'gamma': 0.0001, 'kernel': 'sigmoid'}",0.34539468626530956,0.01238214873373296,0.0,0.0,0.5107318483170556,0.010965522573985259,0.4948696126250603,0.02380723586220157,0.5116279069767442,0.5119103705555449,"{0: 0.5056198680845336, 1: 0.5056198680845336}","{0: 0.5056198680845336, 1: 0.5056198680845336}",0.5056198680845336,"[[213 433]
 [197 447]]",[1. 1. 1. ... 1. 1. 1.],[1. 1. 1. ... 0. 1. 0.]
995,AdaBoost,"{'algorithm': 'SAMME', 'learning_rate': 3.2020408163265306, 'n_estimators': 52}",0.33712221539456527,0.02772745790922078,-0.0008593329300051655,0.0356973434473264,0.49767086627291457,0.024726397107492817,0.33959750173490627,0.001526420759322189,0.5,0.5007643789781359,"{0: 0.5081497702055651, 1: 0.5081497702055651}","{0: 0.5081497702055651, 1: 0.5081497702055651}",0.5081497702055651,"[[  5 641]
 [  4 640]]",[1. 1. 1. ... 1. 1. 1.],[1. 1. 1. ... 0. 1. 0.]
351,AdaBoost,"{'algorithm': 'SAMME', 'learning_rate': 3.7734693877551018, 'n_estimators': 74}",0.33265396492300553,0.020899608079576516,-0.001684377068007441,0.011559279181795938,0.49703089951794077,0.018371703340047955,0.33485829800040545,-0.001560006240024947,0.49844961240310076,0.4992187950695152,"{0: 0.5136975270657462, 1: 0.5136975270657462}","{0: 0.5136975270657462, 1: 0.5136975270657462}",0.5136975270657462,"[[  2 644]
 [  3 641]]",[1. 1. 1. ... 1. 1. 1.],[1. 1. 1. ... 0. 1. 0.]
656,SVC,"{'C': 0.1, 'gamma': 0.0001, 'kernel': 'rbf'}",0.344716508007487,0.0267823063679506,-0.0017167381974249009,0.008410265211272755,0.505663622196198,0.0121847836558673,0.49975624538962177,0.014320726608678891,0.5069767441860465,0.5071630482856758,"{0: 0.5019373882276023, 1: 0.5019373882276023}","{0: 0.5019373882276023, 1: 0.5019373882276023}",0.5019373882276023,"[[250 396]
 [240 404]]",[1. 1. 1. ... 1. 1. 1.],[1. 1. 1. ... 0. 1. 0.]
909,AdaBoost,"{'algorithm': 'SAMME', 'learning_rate': 4.018367346938775, 'n_estimators': 30}",0.3356000695420986,0.02140957976836679,-0.0018090920384574538,0.029066167905608963,0.49712704600354174,0.021401428436123672,0.33790541626851645,-1.9200215042314284e-05,0.4992248062015504,0.4999903851700863,"{0: 0.5125317289387151, 1: 0.5125317289387151}","{0: 0.5125317289387151, 1: 0.5125317289387151}",0.5125317289387151,"[[  4 642]
 [  4 640]]",[1. 1. 1. ... 1. 1. 1.],[1. 1. 1. ... 0. 1. 0.]
169,AdaBoost,"{'algorithm': 'SAMME', 'learning_rate': 4.018367346938775, 'n_estimators': 74}",0.3356000695420986,0.02140957976836679,-0.0018090920384574538,0.029066167905608963,0.49712704600354174,0.021401428436123672,0.33790541626851645,-1.9200215042314284e-05,0.4992248062015504,0.4999903851700863,"{0: 0.5111135415264504, 1: 0.5111135415264504}","{0: 0.5111135415264504, 1: 0.5111135415264504}",0.5111135415264504,"[[  4 642]
 [  4 640]]",[1. 1. 1. ... 1. 1. 1.],[1. 1. 1. ... 0. 1. 0.]
825,AdaBoost,"{'algorithm': 'SAMME', 'learning_rate': 3.120408163265306, 'n_estimators': 96}",0.3354248549049443,0.027093002459581166,-0.0030665626926577928,0.034102854446440754,0.4964703554172313,0.025282750323880165,0.33754974205036337,-0.0015696213468503473,0.49844961240310076,0.4992139876545584,"{0: 0.5085764282829837, 1: 0.5085764282829837}","{0: 0.5085764282829837, 1: 0.5085764282829837}",0.5085764282829837,"[[  4 642]
 [  5 639]]",[1. 1. 1. ... 1. 1. 1.],[1. 1. 1. ... 0. 1. 0.]
319,AdaBoost,"{'algorithm': 'SAMME', 'learning_rate': 3.5285714285714285, 'n_estimators': 30}",0.33404598064826113,0.028180478414172528,-0.00342672702499875,0.03314375526704711,0.49618938479143304,0.025635297424988625,0.336208855067706,-0.0015648137703612175,0.49844961240310076,0.4992163913620368,"{0: 0.5086148876026383, 1: 0.5086148876026383}","{0: 0.5086148876026383, 1: 0.5086148876026383}",0.5086148876026383,"[[  3 643]
 [  4 640]]",[1. 1. 1. ... 1. 1. 1.],[1. 1. 1. ... 0. 1. 0.]
464,AdaBoost,"{'algorithm': 'SAMME', 'learning_rate': 3.610204081632653, 'n_estimators': 52}",0.33404598064826113,0.028180478414172528,-0.00342672702499875,0.03314375526704711,0.49618938479143304,0.025635297424988625,0.336208855067706,-0.0015648137703612175,0.49844961240310076,0.4992163913620368,"{0: 0.5071594427244581, 1: 0.5071594427244582}","{0: 0.5071594427244581, 1: 0.5071594427244582}",0.5071594427244582,"[[  3 643]
 [  4 640]]",[1. 1. 1. ... 1. 1. 1.],[1. 1. 1. ... 0. 1. 0.]
556,SVC,"{'C': 0.1, 'gamma': 0.001, 'kernel': 'rbf'}",0.3421986311283734,0.014604671677363311,-0.0037699330192841707,0.013413733516867924,0.5067400782234737,0.014454117420476798,0.5011876954392855,0.015853983800006244,0.5077519379844961,0.5079298309712901,"{0: 0.4937671865084707, 1: 0.4937671865084706}","{0: 0.4937671865084707, 1: 0.4937671865084706}",0.4937671865084706,"[[254 392]
 [243 401]]",[1. 1. 1. ... 1. 1. 1.],[1. 1. 1. ... 0. 1. 0.]
560,AdaBoost,"{'algorithm': 'SAMME', 'learning_rate': 3.0387755102040814, 'n_estimators': 52}",0.3326860659361076,0.0244092839321639,-0.004799724736669231,0.029925899667996348,0.49550288593559777,0.024567289059283653,0.334507796437183,-0.0031104199066873672,0.49767441860465117,0.4984423975539873,"{0: 0.5100979751168202, 1: 0.5100979751168201}","{0: 0.5100979751168202, 1: 0.5100979751168201}",0.5100979751168201,"[[  2 644]
 [  4 640]]",[1. 1. 1. ... 1. 1. 1.],[1. 1. 1. ... 0. 1. 0.]
308,AdaBoost,"{'algorithm': 'SAMME', 'learning_rate': 2.5489795918367344, 'n_estimators': 96}",0.3387465400923243,0.02997907021863047,-0.004855995558117279,0.042217627931388536,0.49570761044672723,0.027766623833992452,0.34078677769036975,-0.004684953666480363,0.4968992248062015,0.49765398150106727,"{0: 0.5035779185816204, 1: 0.5035779185816203}","{0: 0.5035779185816204, 1: 0.5035779185816203}",0.5035779185816203,"[[  7 639]
 [ 10 634]]",[1. 1. 1. ... 1. 1. 1.],[1. 1. 1. ... 0. 1. 0.]
881,AdaBoost,"{'algorithm': 'SAMME', 'learning_rate': 2.7122448979591836, 'n_estimators': 74}",0.33237064225260055,0.024260809072997613,-0.006189734044767276,0.0304727282640857,0.4948072337616847,0.02430559104581663,0.333805759403306,-0.006211269566219091,0.49612403100775193,0.4968896025229314,"{0: 0.511152000846105, 1: 0.5111520008461051}","{0: 0.511152000846105, 1: 0.5111520008461051}",0.5111520008461051,"[[  2 644]
 [  6 638]]",[1. 1. 1. ... 1. 1. 1.],[1. 1. 1. ... 0. 1. 0.]
130,AdaBoost,"{'algorithm': 'SAMME', 'learning_rate': 2.793877551020408, 'n_estimators': 52}",0.3330776930602164,0.024060493807719584,-0.006478155918487425,0.030213898175129626,0.49469528973369875,0.024712860662867275,0.3351480379982933,-0.006216099457591273,0.49612403100775193,0.49688719881545296,"{0: 0.5053422398707766, 1: 0.5053422398707766}","{0: 0.5053422398707766, 1: 0.5053422398707766}",0.5053422398707766,"[[  3 643]
 [  7 637]]",[1. 1. 1. ... 1. 1. 1.],[1. 1. 1. ... 0. 1. 0.]
40,SVC,"{'C': 0.1, 'gamma': 0.0001, 'kernel': 'rbf'}",0.34349436813169343,0.014382701288884981,-0.007841658812441104,0.0384161256549596,0.506781231033105,0.02081574941571695,0.48962721739613196,0.011392137455195406,0.5054263565891473,0.5056991904313213,"{0: 0.5039180431898159, 1: 0.5039180431898159}","{0: 0.5039180431898159, 1: 0.5039180431898159}",0.5039180431898159,"[[213 433]
 [205 439]]",[1. 1. 1. ... 1. 1. 1.],[1. 1. 1. ... 0. 1. 0.]
495,SVC,"{'C': 0.1, 'gamma': 0.001, 'kernel': 'sigmoid'}",0.34799137024013743,0.01815447801992124,-0.00838216476918535,0.034688629141040074,0.5050737888067794,0.02248524395742799,0.5046216915444357,0.009278511592130112,0.5046511627906977,0.5046391554333404,"{0: 0.5056487125742746, 1: 0.5056487125742746}","{0: 0.5056487125742746, 1: 0.5056487125742746}",0.5056487125742746,"[[331 315]
 [324 320]]",[0. 0. 0. ... 1. 1. 1.],[1. 1. 1. ... 0. 1. 0.]
285,AdaBoost,"{'algorithm': 'SAMME', 'learning_rate': 2.630612244897959, 'n_estimators': 52}",0.33223091886666806,0.02484807391157354,-0.010206969477809448,0.03461596719903975,0.4928348246174197,0.026782934617438452,0.3344391299315171,-0.009316993793470951,0.4945736434108527,0.4953344037843971,"{0: 0.5061138299713478, 1: 0.5061138299713478}","{0: 0.5061138299713478, 1: 0.5061138299713478}",0.5061138299713478,"[[  3 643]
 [  9 635]]",[1. 1. 1. ... 1. 1. 1.],[1. 1. 1. ... 0. 1. 0.]
112,AdaBoost,"{'algorithm': 'SAMME', 'learning_rate': 2.8755102040816327, 'n_estimators': 96}",0.33223091886666806,0.02484807391157354,-0.010206969477809448,0.03461596719903975,0.4928348246174197,0.026782934617438452,0.3344391299315171,-0.009316993793470951,0.4945736434108527,0.4953344037843971,"{0: 0.5021429052170067, 1: 0.5021429052170068}","{0: 0.5021429052170067, 1: 0.5021429052170068}",0.5021429052170068,"[[  3 643]
 [  9 635]]",[1. 1. 1. ... 1. 1. 1.],[1. 1. 1. ... 0. 1. 0.]
687,AdaBoost,"{'algorithm': 'SAMME', 'learning_rate': 2.957142857142857, 'n_estimators': 30}",0.33223091886666806,0.02484807391157354,-0.010206969477809448,0.03461596719903975,0.4928348246174197,0.026782934617438452,0.3344391299315171,-0.009316993793470951,0.4945736434108527,0.4953344037843971,"{0: 0.5035058073572679, 1: 0.5035058073572679}","{0: 0.5035058073572679, 1: 0.5035058073572679}",0.5035058073572679,"[[  3 643]
 [  9 635]]",[1. 1. 1. ... 1. 1. 1.],[1. 1. 1. ... 0. 1. 0.]
723,SVC,"{'C': 0.1, 'gamma': 0.001, 'kernel': 'sigmoid'}",0.3425468828220391,0.018263068075460805,-0.017595414089606267,0.08619957266502634,0.5013405439692296,0.04683527069549939,0.4814817783091088,-0.018183696662878335,0.4906976744186046,0.49090437090167877,"{0: 0.5042449474068804, 1: 0.5042449474068804}","{0: 0.5042449474068804, 1: 0.5042449474068804}",0.5042449474068804,"[[231 415]
 [242 402]]",[1. 1. 1. ... 1. 1. 1.],[1. 1. 1. ... 0. 1. 0.]
635,AdaBoost,"{'algorithm': 'SAMME', 'learning_rate': 2.304081632653061, 'n_estimators': 96}",0.33405799958826604,0.025622235192994253,-0.018102717087201,0.04124890115960905,0.4889764645533645,0.02790330614492326,0.3369386166850885,-0.015533495900616368,0.49147286821705427,0.49222160259985,"{0: 0.49407966848066465, 1: 0.4940796684806646}","{0: 0.49407966848066465, 1: 0.4940796684806646}",0.4940796684806646,"[[  6 640]
 [ 16 628]]",[1. 1. 1. ... 1. 1. 1.],[1. 1. 1. ... 0. 1. 0.]
781,AdaBoost,"{'algorithm': 'SAMME.R', 'learning_rate': 2.1408163265306124, 'n_estimators': 30}",0.3541948802494296,0.05435196783304139,-0.08153800614072569,0.11131282003890029,0.4571857822069172,0.054358182233454844,0.3510117038445429,-0.1025535143233045,0.448062015503876,0.4486616156760187,"{0: 0.4377175355267965, 1: 0.4377175355267965}","{0: 0.4377175355267965, 1: 0.4377175355267965}",0.4377175355267965,"[[ 40 606]
 [106 538]]",[1. 1. 1. ... 1. 1. 1.],[1. 1. 1. ... 0. 1. 0.]
