trial_id,model_name,params,avg_f1,std_f1,avg_kappa,std_kappa,avg_accuracy,std_accuracy,f1_overall,kappa_overall,accuracy_overall,balanced_accuracy,roc_auc_overall,weighted_roc,roc_avg,confusion_matrix,y_pred,y_actual
878,AdaBoost,"{'algorithm': 'SAMME', 'learning_rate': 0.8346938775510203, 'n_estimators': 63}",0.6017845110280224,0.10743339363056724,0.2204025116445127,0.1991845191101889,0.6102012558222564,0.09959225955509446,0.6163152658772183,0.23390894819466246,0.6169544740973313,0.6169544740973312,"{0: 0.6442273806032497, 1: 0.6442273806032496}","{0: 0.6442273806032497, 1: 0.6442273806032496}",0.6442273806032496,"[[419 218]
 [270 367]]",[1. 0. 1. ... 0. 1. 0.],[0. 1. 1. ... 1. 0. 0.]
886,AdaBoost,"{'algorithm': 'SAMME', 'learning_rate': 0.8346938775510203, 'n_estimators': 63}",0.6017845110280224,0.10743339363056724,0.2204025116445127,0.1991845191101889,0.6102012558222564,0.09959225955509446,0.6163152658772183,0.23390894819466246,0.6169544740973313,0.6169544740973312,"{0: 0.6443555323349, 1: 0.6443555323349}","{0: 0.6443555323349, 1: 0.6443555323349}",0.6443555323349,"[[419 218]
 [270 367]]",[1. 0. 1. ... 0. 1. 0.],[0. 1. 1. ... 1. 0. 0.]
824,AdaBoost,"{'algorithm': 'SAMME', 'learning_rate': 0.8346938775510203, 'n_estimators': 63}",0.6017845110280224,0.10743339363056724,0.2204025116445127,0.1991845191101889,0.6102012558222564,0.09959225955509446,0.6163152658772183,0.23390894819466246,0.6169544740973313,0.6169544740973312,"{0: 0.6442273806032497, 1: 0.6442273806032496}","{0: 0.6442273806032497, 1: 0.6442273806032496}",0.6442273806032496,"[[419 218]
 [270 367]]",[1. 0. 1. ... 0. 1. 0.],[0. 1. 1. ... 1. 0. 0.]
826,AdaBoost,"{'algorithm': 'SAMME', 'learning_rate': 0.8346938775510203, 'n_estimators': 63}",0.6017845110280224,0.10743339363056724,0.2204025116445127,0.1991845191101889,0.6102012558222564,0.09959225955509446,0.6163152658772183,0.23390894819466246,0.6169544740973313,0.6169544740973312,"{0: 0.6442273806032497, 1: 0.6442273806032496}","{0: 0.6442273806032497, 1: 0.6442273806032496}",0.6442273806032496,"[[419 218]
 [270 367]]",[1. 0. 1. ... 0. 1. 0.],[0. 1. 1. ... 1. 0. 0.]
786,AdaBoost,"{'algorithm': 'SAMME', 'learning_rate': 0.8346938775510203, 'n_estimators': 63}",0.6017845110280224,0.10743339363056724,0.2204025116445127,0.1991845191101889,0.6102012558222564,0.09959225955509446,0.6163152658772183,0.23390894819466246,0.6169544740973313,0.6169544740973312,"{0: 0.6442273806032497, 1: 0.6442273806032496}","{0: 0.6442273806032497, 1: 0.6442273806032496}",0.6442273806032496,"[[419 218]
 [270 367]]",[1. 0. 1. ... 0. 1. 0.],[0. 1. 1. ... 1. 0. 0.]
773,AdaBoost,"{'algorithm': 'SAMME', 'learning_rate': 0.8346938775510203, 'n_estimators': 63}",0.6017845110280224,0.10743339363056724,0.2204025116445127,0.1991845191101889,0.6102012558222564,0.09959225955509446,0.6163152658772183,0.23390894819466246,0.6169544740973313,0.6169544740973312,"{0: 0.6443555323349, 1: 0.6443555323349}","{0: 0.6443555323349, 1: 0.6443555323349}",0.6443555323349,"[[419 218]
 [270 367]]",[1. 0. 1. ... 0. 1. 0.],[0. 1. 1. ... 1. 0. 0.]
901,AdaBoost,"{'algorithm': 'SAMME', 'learning_rate': 0.8346938775510203, 'n_estimators': 63}",0.6017845110280224,0.10743339363056724,0.2204025116445127,0.1991845191101889,0.6102012558222564,0.09959225955509446,0.6163152658772183,0.23390894819466246,0.6169544740973313,0.6169544740973312,"{0: 0.6442273806032497, 1: 0.6442273806032496}","{0: 0.6442273806032497, 1: 0.6442273806032496}",0.6442273806032496,"[[419 218]
 [270 367]]",[1. 0. 1. ... 0. 1. 0.],[0. 1. 1. ... 1. 0. 0.]
844,AdaBoost,"{'algorithm': 'SAMME', 'learning_rate': 0.8346938775510203, 'n_estimators': 63}",0.6017845110280224,0.10743339363056724,0.2204025116445127,0.1991845191101889,0.6102012558222564,0.09959225955509446,0.6163152658772183,0.23390894819466246,0.6169544740973313,0.6169544740973312,"{0: 0.6442273806032497, 1: 0.6442273806032496}","{0: 0.6442273806032497, 1: 0.6442273806032496}",0.6442273806032496,"[[419 218]
 [270 367]]",[1. 0. 1. ... 0. 1. 0.],[0. 1. 1. ... 1. 0. 0.]
785,AdaBoost,"{'algorithm': 'SAMME', 'learning_rate': 0.8346938775510203, 'n_estimators': 63}",0.6017845110280224,0.10743339363056724,0.2204025116445127,0.1991845191101889,0.6102012558222564,0.09959225955509446,0.6163152658772183,0.23390894819466246,0.6169544740973313,0.6169544740973312,"{0: 0.6442273806032497, 1: 0.6442273806032496}","{0: 0.6442273806032497, 1: 0.6442273806032496}",0.6442273806032496,"[[419 218]
 [270 367]]",[1. 0. 1. ... 0. 1. 0.],[0. 1. 1. ... 1. 0. 0.]
924,AdaBoost,"{'algorithm': 'SAMME', 'learning_rate': 0.8346938775510203, 'n_estimators': 63}",0.6017845110280224,0.10743339363056724,0.2204025116445127,0.1991845191101889,0.6102012558222564,0.09959225955509446,0.6163152658772183,0.23390894819466246,0.6169544740973313,0.6169544740973312,"{0: 0.6443555323349, 1: 0.6443555323349}","{0: 0.6443555323349, 1: 0.6443555323349}",0.6443555323349,"[[419 218]
 [270 367]]",[1. 0. 1. ... 0. 1. 0.],[0. 1. 1. ... 1. 0. 0.]
854,AdaBoost,"{'algorithm': 'SAMME', 'learning_rate': 0.8346938775510203, 'n_estimators': 63}",0.6017845110280224,0.10743339363056724,0.2204025116445127,0.1991845191101889,0.6102012558222564,0.09959225955509446,0.6163152658772183,0.23390894819466246,0.6169544740973313,0.6169544740973312,"{0: 0.6443555323349, 1: 0.6443555323349}","{0: 0.6443555323349, 1: 0.6443555323349}",0.6443555323349,"[[419 218]
 [270 367]]",[1. 0. 1. ... 0. 1. 0.],[0. 1. 1. ... 1. 0. 0.]
889,AdaBoost,"{'algorithm': 'SAMME', 'learning_rate': 0.8346938775510203, 'n_estimators': 63}",0.6017845110280224,0.10743339363056724,0.2204025116445127,0.1991845191101889,0.6102012558222564,0.09959225955509446,0.6163152658772183,0.23390894819466246,0.6169544740973313,0.6169544740973312,"{0: 0.6443555323349, 1: 0.6443555323349}","{0: 0.6443555323349, 1: 0.6443555323349}",0.6443555323349,"[[419 218]
 [270 367]]",[1. 0. 1. ... 0. 1. 0.],[0. 1. 1. ... 1. 0. 0.]
856,AdaBoost,"{'algorithm': 'SAMME', 'learning_rate': 0.8346938775510203, 'n_estimators': 63}",0.6017845110280224,0.10743339363056724,0.2204025116445127,0.1991845191101889,0.6102012558222564,0.09959225955509446,0.6163152658772183,0.23390894819466246,0.6169544740973313,0.6169544740973312,"{0: 0.6442273806032497, 1: 0.6442273806032496}","{0: 0.6442273806032497, 1: 0.6442273806032496}",0.6442273806032496,"[[419 218]
 [270 367]]",[1. 0. 1. ... 0. 1. 0.],[0. 1. 1. ... 1. 0. 0.]
938,AdaBoost,"{'algorithm': 'SAMME', 'learning_rate': 0.8346938775510203, 'n_estimators': 63}",0.6017845110280224,0.10743339363056724,0.2204025116445127,0.1991845191101889,0.6102012558222564,0.09959225955509446,0.6163152658772183,0.23390894819466246,0.6169544740973313,0.6169544740973312,"{0: 0.6442273806032497, 1: 0.6442273806032496}","{0: 0.6442273806032497, 1: 0.6442273806032496}",0.6442273806032496,"[[419 218]
 [270 367]]",[1. 0. 1. ... 0. 1. 0.],[0. 1. 1. ... 1. 0. 0.]
770,AdaBoost,"{'algorithm': 'SAMME', 'learning_rate': 0.8346938775510203, 'n_estimators': 63}",0.6017845110280224,0.10743339363056724,0.2204025116445127,0.1991845191101889,0.6102012558222564,0.09959225955509446,0.6163152658772183,0.23390894819466246,0.6169544740973313,0.6169544740973312,"{0: 0.6443555323349, 1: 0.6443555323349}","{0: 0.6443555323349, 1: 0.6443555323349}",0.6443555323349,"[[419 218]
 [270 367]]",[1. 0. 1. ... 0. 1. 0.],[0. 1. 1. ... 1. 0. 0.]
942,AdaBoost,"{'algorithm': 'SAMME', 'learning_rate': 0.8346938775510203, 'n_estimators': 63}",0.6017845110280224,0.10743339363056724,0.2204025116445127,0.1991845191101889,0.6102012558222564,0.09959225955509446,0.6163152658772183,0.23390894819466246,0.6169544740973313,0.6169544740973312,"{0: 0.6442273806032497, 1: 0.6442273806032496}","{0: 0.6442273806032497, 1: 0.6442273806032496}",0.6442273806032496,"[[419 218]
 [270 367]]",[1. 0. 1. ... 0. 1. 0.],[0. 1. 1. ... 1. 0. 0.]
868,AdaBoost,"{'algorithm': 'SAMME', 'learning_rate': 0.8346938775510203, 'n_estimators': 63}",0.6017845110280224,0.10743339363056724,0.2204025116445127,0.1991845191101889,0.6102012558222564,0.09959225955509446,0.6163152658772183,0.23390894819466246,0.6169544740973313,0.6169544740973312,"{0: 0.6443555323349, 1: 0.6443555323349}","{0: 0.6443555323349, 1: 0.6443555323349}",0.6443555323349,"[[419 218]
 [270 367]]",[1. 0. 1. ... 0. 1. 0.],[0. 1. 1. ... 1. 0. 0.]
977,AdaBoost,"{'algorithm': 'SAMME', 'learning_rate': 0.8346938775510203, 'n_estimators': 63}",0.6017845110280224,0.10743339363056724,0.2204025116445127,0.1991845191101889,0.6102012558222564,0.09959225955509446,0.6163152658772183,0.23390894819466246,0.6169544740973313,0.6169544740973312,"{0: 0.6442273806032497, 1: 0.6442273806032496}","{0: 0.6442273806032497, 1: 0.6442273806032496}",0.6442273806032496,"[[419 218]
 [270 367]]",[1. 0. 1. ... 0. 1. 0.],[0. 1. 1. ... 1. 0. 0.]
813,AdaBoost,"{'algorithm': 'SAMME', 'learning_rate': 0.8346938775510203, 'n_estimators': 63}",0.6017845110280224,0.10743339363056724,0.2204025116445127,0.1991845191101889,0.6102012558222564,0.09959225955509446,0.6163152658772183,0.23390894819466246,0.6169544740973313,0.6169544740973312,"{0: 0.6443555323349, 1: 0.6443555323349}","{0: 0.6443555323349, 1: 0.6443555323349}",0.6443555323349,"[[419 218]
 [270 367]]",[1. 0. 1. ... 0. 1. 0.],[0. 1. 1. ... 1. 0. 0.]
804,AdaBoost,"{'algorithm': 'SAMME', 'learning_rate': 0.8346938775510203, 'n_estimators': 63}",0.6017845110280224,0.10743339363056724,0.2204025116445127,0.1991845191101889,0.6102012558222564,0.09959225955509446,0.6163152658772183,0.23390894819466246,0.6169544740973313,0.6169544740973312,"{0: 0.6442273806032497, 1: 0.6442273806032496}","{0: 0.6442273806032497, 1: 0.6442273806032496}",0.6442273806032496,"[[419 218]
 [270 367]]",[1. 0. 1. ... 0. 1. 0.],[0. 1. 1. ... 1. 0. 0.]
794,AdaBoost,"{'algorithm': 'SAMME', 'learning_rate': 0.8346938775510203, 'n_estimators': 63}",0.6017845110280224,0.10743339363056724,0.2204025116445127,0.1991845191101889,0.6102012558222564,0.09959225955509446,0.6163152658772183,0.23390894819466246,0.6169544740973313,0.6169544740973312,"{0: 0.6442273806032497, 1: 0.6442273806032496}","{0: 0.6442273806032497, 1: 0.6442273806032496}",0.6442273806032496,"[[419 218]
 [270 367]]",[1. 0. 1. ... 0. 1. 0.],[0. 1. 1. ... 1. 0. 0.]
788,AdaBoost,"{'algorithm': 'SAMME', 'learning_rate': 0.8346938775510203, 'n_estimators': 63}",0.6017845110280224,0.10743339363056724,0.2204025116445127,0.1991845191101889,0.6102012558222564,0.09959225955509446,0.6163152658772183,0.23390894819466246,0.6169544740973313,0.6169544740973312,"{0: 0.6442273806032497, 1: 0.6442273806032496}","{0: 0.6442273806032497, 1: 0.6442273806032496}",0.6442273806032496,"[[419 218]
 [270 367]]",[1. 0. 1. ... 0. 1. 0.],[0. 1. 1. ... 1. 0. 0.]
787,AdaBoost,"{'algorithm': 'SAMME', 'learning_rate': 0.8346938775510203, 'n_estimators': 63}",0.6017845110280224,0.10743339363056724,0.2204025116445127,0.1991845191101889,0.6102012558222564,0.09959225955509446,0.6163152658772183,0.23390894819466246,0.6169544740973313,0.6169544740973312,"{0: 0.6443555323349, 1: 0.6443555323349}","{0: 0.6443555323349, 1: 0.6443555323349}",0.6443555323349,"[[419 218]
 [270 367]]",[1. 0. 1. ... 0. 1. 0.],[0. 1. 1. ... 1. 0. 0.]
797,AdaBoost,"{'algorithm': 'SAMME', 'learning_rate': 0.8346938775510203, 'n_estimators': 63}",0.6017845110280224,0.10743339363056724,0.2204025116445127,0.1991845191101889,0.6102012558222564,0.09959225955509446,0.6163152658772183,0.23390894819466246,0.6169544740973313,0.6169544740973312,"{0: 0.6442273806032497, 1: 0.6442273806032496}","{0: 0.6442273806032497, 1: 0.6442273806032496}",0.6442273806032496,"[[419 218]
 [270 367]]",[1. 0. 1. ... 0. 1. 0.],[0. 1. 1. ... 1. 0. 0.]
991,AdaBoost,"{'algorithm': 'SAMME', 'learning_rate': 0.8346938775510203, 'n_estimators': 63}",0.6017845110280224,0.10743339363056724,0.2204025116445127,0.1991845191101889,0.6102012558222564,0.09959225955509446,0.6163152658772183,0.23390894819466246,0.6169544740973313,0.6169544740973312,"{0: 0.6442273806032497, 1: 0.6442273806032496}","{0: 0.6442273806032497, 1: 0.6442273806032496}",0.6442273806032496,"[[419 218]
 [270 367]]",[1. 0. 1. ... 0. 1. 0.],[0. 1. 1. ... 1. 0. 0.]
809,AdaBoost,"{'algorithm': 'SAMME', 'learning_rate': 0.8346938775510203, 'n_estimators': 63}",0.6017845110280224,0.10743339363056724,0.2204025116445127,0.1991845191101889,0.6102012558222564,0.09959225955509446,0.6163152658772183,0.23390894819466246,0.6169544740973313,0.6169544740973312,"{0: 0.6442273806032497, 1: 0.6442273806032496}","{0: 0.6442273806032497, 1: 0.6442273806032496}",0.6442273806032496,"[[419 218]
 [270 367]]",[1. 0. 1. ... 0. 1. 0.],[0. 1. 1. ... 1. 0. 0.]
912,AdaBoost,"{'algorithm': 'SAMME', 'learning_rate': 0.8346938775510203, 'n_estimators': 63}",0.6017845110280224,0.10743339363056724,0.2204025116445127,0.1991845191101889,0.6102012558222564,0.09959225955509446,0.6163152658772183,0.23390894819466246,0.6169544740973313,0.6169544740973312,"{0: 0.6443555323349, 1: 0.6443555323349}","{0: 0.6443555323349, 1: 0.6443555323349}",0.6443555323349,"[[419 218]
 [270 367]]",[1. 0. 1. ... 0. 1. 0.],[0. 1. 1. ... 1. 0. 0.]
986,AdaBoost,"{'algorithm': 'SAMME', 'learning_rate': 0.8346938775510203, 'n_estimators': 63}",0.6017845110280224,0.10743339363056724,0.2204025116445127,0.1991845191101889,0.6102012558222564,0.09959225955509446,0.6163152658772183,0.23390894819466246,0.6169544740973313,0.6169544740973312,"{0: 0.6442273806032497, 1: 0.6442273806032496}","{0: 0.6442273806032497, 1: 0.6442273806032496}",0.6442273806032496,"[[419 218]
 [270 367]]",[1. 0. 1. ... 0. 1. 0.],[0. 1. 1. ... 1. 0. 0.]
947,AdaBoost,"{'algorithm': 'SAMME', 'learning_rate': 0.8346938775510203, 'n_estimators': 63}",0.6017845110280224,0.10743339363056724,0.2204025116445127,0.1991845191101889,0.6102012558222564,0.09959225955509446,0.6163152658772183,0.23390894819466246,0.6169544740973313,0.6169544740973312,"{0: 0.6442273806032497, 1: 0.6442273806032496}","{0: 0.6442273806032497, 1: 0.6442273806032496}",0.6442273806032496,"[[419 218]
 [270 367]]",[1. 0. 1. ... 0. 1. 0.],[0. 1. 1. ... 1. 0. 0.]
778,AdaBoost,"{'algorithm': 'SAMME', 'learning_rate': 0.8346938775510203, 'n_estimators': 63}",0.6017845110280224,0.10743339363056724,0.2204025116445127,0.1991845191101889,0.6102012558222564,0.09959225955509446,0.6163152658772183,0.23390894819466246,0.6169544740973313,0.6169544740973312,"{0: 0.6442273806032497, 1: 0.6442273806032496}","{0: 0.6442273806032497, 1: 0.6442273806032496}",0.6442273806032496,"[[419 218]
 [270 367]]",[1. 0. 1. ... 0. 1. 0.],[0. 1. 1. ... 1. 0. 0.]
789,AdaBoost,"{'algorithm': 'SAMME', 'learning_rate': 0.8346938775510203, 'n_estimators': 63}",0.6017845110280224,0.10743339363056724,0.2204025116445127,0.1991845191101889,0.6102012558222564,0.09959225955509446,0.6163152658772183,0.23390894819466246,0.6169544740973313,0.6169544740973312,"{0: 0.6443555323349, 1: 0.6443555323349}","{0: 0.6443555323349, 1: 0.6443555323349}",0.6443555323349,"[[419 218]
 [270 367]]",[1. 0. 1. ... 0. 1. 0.],[0. 1. 1. ... 1. 0. 0.]
593,AdaBoost,"{'algorithm': 'SAMME', 'learning_rate': 0.8346938775510203, 'n_estimators': 74}",0.6018238883919915,0.09888488457287267,0.21922702018513376,0.1844788050212325,0.6096135100925669,0.09223940251061626,0.6162650602409638,0.23390894819466246,0.6169544740973313,0.6169544740973312,"{0: 0.643660555636335, 1: 0.6436605556363351}","{0: 0.643660555636335, 1: 0.6436605556363351}",0.6436605556363351,"[[420 217]
 [271 366]]",[1. 0. 1. ... 0. 1. 0.],[0. 1. 1. ... 1. 0. 0.]
573,AdaBoost,"{'algorithm': 'SAMME', 'learning_rate': 0.8346938775510203, 'n_estimators': 74}",0.6018238883919915,0.09888488457287267,0.21922702018513376,0.1844788050212325,0.6096135100925669,0.09223940251061626,0.6162650602409638,0.23390894819466246,0.6169544740973313,0.6169544740973312,"{0: 0.643660555636335, 1: 0.6436605556363351}","{0: 0.643660555636335, 1: 0.6436605556363351}",0.6436605556363351,"[[420 217]
 [271 366]]",[1. 0. 1. ... 0. 1. 0.],[0. 1. 1. ... 1. 0. 0.]
569,AdaBoost,"{'algorithm': 'SAMME', 'learning_rate': 0.8346938775510203, 'n_estimators': 74}",0.6018238883919915,0.09888488457287267,0.21922702018513376,0.1844788050212325,0.6096135100925669,0.09223940251061626,0.6162650602409638,0.23390894819466246,0.6169544740973313,0.6169544740973312,"{0: 0.6441978071267149, 1: 0.6441978071267149}","{0: 0.6441978071267149, 1: 0.6441978071267149}",0.6441978071267149,"[[420 217]
 [271 366]]",[1. 0. 1. ... 0. 1. 0.],[0. 1. 1. ... 1. 0. 0.]
591,AdaBoost,"{'algorithm': 'SAMME', 'learning_rate': 0.8346938775510203, 'n_estimators': 74}",0.6018238883919915,0.09888488457287267,0.21922702018513376,0.1844788050212325,0.6096135100925669,0.09223940251061626,0.6162650602409638,0.23390894819466246,0.6169544740973313,0.6169544740973312,"{0: 0.643660555636335, 1: 0.6436605556363351}","{0: 0.643660555636335, 1: 0.6436605556363351}",0.6436605556363351,"[[420 217]
 [271 366]]",[1. 0. 1. ... 0. 1. 0.],[0. 1. 1. ... 1. 0. 0.]
572,AdaBoost,"{'algorithm': 'SAMME', 'learning_rate': 0.8346938775510203, 'n_estimators': 74}",0.6018238883919915,0.09888488457287267,0.21922702018513376,0.1844788050212325,0.6096135100925669,0.09223940251061626,0.6162650602409638,0.23390894819466246,0.6169544740973313,0.6169544740973312,"{0: 0.6441978071267149, 1: 0.6441978071267149}","{0: 0.6441978071267149, 1: 0.6441978071267149}",0.6441978071267149,"[[420 217]
 [271 366]]",[1. 0. 1. ... 0. 1. 0.],[0. 1. 1. ... 1. 0. 0.]
592,AdaBoost,"{'algorithm': 'SAMME', 'learning_rate': 0.8346938775510203, 'n_estimators': 74}",0.6018238883919915,0.09888488457287267,0.21922702018513376,0.1844788050212325,0.6096135100925669,0.09223940251061626,0.6162650602409638,0.23390894819466246,0.6169544740973313,0.6169544740973312,"{0: 0.643660555636335, 1: 0.6436605556363351}","{0: 0.643660555636335, 1: 0.6436605556363351}",0.6436605556363351,"[[420 217]
 [271 366]]",[1. 0. 1. ... 0. 1. 0.],[0. 1. 1. ... 1. 0. 0.]
594,AdaBoost,"{'algorithm': 'SAMME', 'learning_rate': 0.8346938775510203, 'n_estimators': 74}",0.6018238883919915,0.09888488457287267,0.21922702018513376,0.1844788050212325,0.6096135100925669,0.09223940251061626,0.6162650602409638,0.23390894819466246,0.6169544740973313,0.6169544740973312,"{0: 0.643660555636335, 1: 0.6436605556363351}","{0: 0.643660555636335, 1: 0.6436605556363351}",0.6436605556363351,"[[420 217]
 [271 366]]",[1. 0. 1. ... 0. 1. 0.],[0. 1. 1. ... 1. 0. 0.]
590,AdaBoost,"{'algorithm': 'SAMME', 'learning_rate': 0.8346938775510203, 'n_estimators': 74}",0.6018238883919915,0.09888488457287267,0.21922702018513376,0.1844788050212325,0.6096135100925669,0.09223940251061626,0.6162650602409638,0.23390894819466246,0.6169544740973313,0.6169544740973312,"{0: 0.6441978071267149, 1: 0.6441978071267149}","{0: 0.6441978071267149, 1: 0.6441978071267149}",0.6441978071267149,"[[420 217]
 [271 366]]",[1. 0. 1. ... 0. 1. 0.],[0. 1. 1. ... 1. 0. 0.]
577,AdaBoost,"{'algorithm': 'SAMME', 'learning_rate': 0.8346938775510203, 'n_estimators': 74}",0.6018238883919915,0.09888488457287267,0.21922702018513376,0.1844788050212325,0.6096135100925669,0.09223940251061626,0.6162650602409638,0.23390894819466246,0.6169544740973313,0.6169544740973312,"{0: 0.643660555636335, 1: 0.6436605556363351}","{0: 0.643660555636335, 1: 0.6436605556363351}",0.6436605556363351,"[[420 217]
 [271 366]]",[1. 0. 1. ... 0. 1. 0.],[0. 1. 1. ... 1. 0. 0.]
578,AdaBoost,"{'algorithm': 'SAMME', 'learning_rate': 0.8346938775510203, 'n_estimators': 74}",0.6018238883919915,0.09888488457287267,0.21922702018513376,0.1844788050212325,0.6096135100925669,0.09223940251061626,0.6162650602409638,0.23390894819466246,0.6169544740973313,0.6169544740973312,"{0: 0.643660555636335, 1: 0.6436605556363351}","{0: 0.643660555636335, 1: 0.6436605556363351}",0.6436605556363351,"[[420 217]
 [271 366]]",[1. 0. 1. ... 0. 1. 0.],[0. 1. 1. ... 1. 0. 0.]
579,AdaBoost,"{'algorithm': 'SAMME', 'learning_rate': 0.8346938775510203, 'n_estimators': 74}",0.6018238883919915,0.09888488457287267,0.21922702018513376,0.1844788050212325,0.6096135100925669,0.09223940251061626,0.6162650602409638,0.23390894819466246,0.6169544740973313,0.6169544740973312,"{0: 0.643660555636335, 1: 0.6436605556363351}","{0: 0.643660555636335, 1: 0.6436605556363351}",0.6436605556363351,"[[420 217]
 [271 366]]",[1. 0. 1. ... 0. 1. 0.],[0. 1. 1. ... 1. 0. 0.]
580,AdaBoost,"{'algorithm': 'SAMME', 'learning_rate': 0.8346938775510203, 'n_estimators': 74}",0.6018238883919915,0.09888488457287267,0.21922702018513376,0.1844788050212325,0.6096135100925669,0.09223940251061626,0.6162650602409638,0.23390894819466246,0.6169544740973313,0.6169544740973312,"{0: 0.643660555636335, 1: 0.6436605556363351}","{0: 0.643660555636335, 1: 0.6436605556363351}",0.6436605556363351,"[[420 217]
 [271 366]]",[1. 0. 1. ... 0. 1. 0.],[0. 1. 1. ... 1. 0. 0.]
595,AdaBoost,"{'algorithm': 'SAMME', 'learning_rate': 0.8346938775510203, 'n_estimators': 74}",0.6018238883919915,0.09888488457287267,0.21922702018513376,0.1844788050212325,0.6096135100925669,0.09223940251061626,0.6162650602409638,0.23390894819466246,0.6169544740973313,0.6169544740973312,"{0: 0.6441978071267149, 1: 0.6441978071267149}","{0: 0.6441978071267149, 1: 0.6441978071267149}",0.6441978071267149,"[[420 217]
 [271 366]]",[1. 0. 1. ... 0. 1. 0.],[0. 1. 1. ... 1. 0. 0.]
582,AdaBoost,"{'algorithm': 'SAMME', 'learning_rate': 0.8346938775510203, 'n_estimators': 74}",0.6018238883919915,0.09888488457287267,0.21922702018513376,0.1844788050212325,0.6096135100925669,0.09223940251061626,0.6162650602409638,0.23390894819466246,0.6169544740973313,0.6169544740973312,"{0: 0.643660555636335, 1: 0.6436605556363351}","{0: 0.643660555636335, 1: 0.6436605556363351}",0.6436605556363351,"[[420 217]
 [271 366]]",[1. 0. 1. ... 0. 1. 0.],[0. 1. 1. ... 1. 0. 0.]
583,AdaBoost,"{'algorithm': 'SAMME', 'learning_rate': 0.8346938775510203, 'n_estimators': 74}",0.6018238883919915,0.09888488457287267,0.21922702018513376,0.1844788050212325,0.6096135100925669,0.09223940251061626,0.6162650602409638,0.23390894819466246,0.6169544740973313,0.6169544740973312,"{0: 0.6441978071267149, 1: 0.6441978071267149}","{0: 0.6441978071267149, 1: 0.6441978071267149}",0.6441978071267149,"[[420 217]
 [271 366]]",[1. 0. 1. ... 0. 1. 0.],[0. 1. 1. ... 1. 0. 0.]
584,AdaBoost,"{'algorithm': 'SAMME', 'learning_rate': 0.8346938775510203, 'n_estimators': 74}",0.6018238883919915,0.09888488457287267,0.21922702018513376,0.1844788050212325,0.6096135100925669,0.09223940251061626,0.6162650602409638,0.23390894819466246,0.6169544740973313,0.6169544740973312,"{0: 0.643660555636335, 1: 0.6436605556363351}","{0: 0.643660555636335, 1: 0.6436605556363351}",0.6436605556363351,"[[420 217]
 [271 366]]",[1. 0. 1. ... 0. 1. 0.],[0. 1. 1. ... 1. 0. 0.]
589,AdaBoost,"{'algorithm': 'SAMME', 'learning_rate': 0.8346938775510203, 'n_estimators': 74}",0.6018238883919915,0.09888488457287267,0.21922702018513376,0.1844788050212325,0.6096135100925669,0.09223940251061626,0.6162650602409638,0.23390894819466246,0.6169544740973313,0.6169544740973312,"{0: 0.643660555636335, 1: 0.6436605556363351}","{0: 0.643660555636335, 1: 0.6436605556363351}",0.6436605556363351,"[[420 217]
 [271 366]]",[1. 0. 1. ... 0. 1. 0.],[0. 1. 1. ... 1. 0. 0.]
588,AdaBoost,"{'algorithm': 'SAMME', 'learning_rate': 0.8346938775510203, 'n_estimators': 74}",0.6018238883919915,0.09888488457287267,0.21922702018513376,0.1844788050212325,0.6096135100925669,0.09223940251061626,0.6162650602409638,0.23390894819466246,0.6169544740973313,0.6169544740973312,"{0: 0.643660555636335, 1: 0.6436605556363351}","{0: 0.643660555636335, 1: 0.6436605556363351}",0.6436605556363351,"[[420 217]
 [271 366]]",[1. 0. 1. ... 0. 1. 0.],[0. 1. 1. ... 1. 0. 0.]
585,AdaBoost,"{'algorithm': 'SAMME', 'learning_rate': 0.8346938775510203, 'n_estimators': 74}",0.6018238883919915,0.09888488457287267,0.21922702018513376,0.1844788050212325,0.6096135100925669,0.09223940251061626,0.6162650602409638,0.23390894819466246,0.6169544740973313,0.6169544740973312,"{0: 0.643660555636335, 1: 0.6436605556363351}","{0: 0.643660555636335, 1: 0.6436605556363351}",0.6436605556363351,"[[420 217]
 [271 366]]",[1. 0. 1. ... 0. 1. 0.],[0. 1. 1. ... 1. 0. 0.]
581,AdaBoost,"{'algorithm': 'SAMME', 'learning_rate': 0.8346938775510203, 'n_estimators': 74}",0.6018238883919915,0.09888488457287267,0.21922702018513376,0.1844788050212325,0.6096135100925669,0.09223940251061626,0.6162650602409638,0.23390894819466246,0.6169544740973313,0.6169544740973312,"{0: 0.6441978071267149, 1: 0.6441978071267149}","{0: 0.6441978071267149, 1: 0.6441978071267149}",0.6441978071267149,"[[420 217]
 [271 366]]",[1. 0. 1. ... 0. 1. 0.],[0. 1. 1. ... 1. 0. 0.]
562,AdaBoost,"{'algorithm': 'SAMME', 'learning_rate': 0.8346938775510203, 'n_estimators': 74}",0.6018238883919915,0.09888488457287267,0.21922702018513376,0.1844788050212325,0.6096135100925669,0.09223940251061626,0.6162650602409638,0.23390894819466246,0.6169544740973313,0.6169544740973312,"{0: 0.643660555636335, 1: 0.6436605556363351}","{0: 0.643660555636335, 1: 0.6436605556363351}",0.6436605556363351,"[[420 217]
 [271 366]]",[1. 0. 1. ... 0. 1. 0.],[0. 1. 1. ... 1. 0. 0.]
586,AdaBoost,"{'algorithm': 'SAMME', 'learning_rate': 0.8346938775510203, 'n_estimators': 74}",0.6018238883919915,0.09888488457287267,0.21922702018513376,0.1844788050212325,0.6096135100925669,0.09223940251061626,0.6162650602409638,0.23390894819466246,0.6169544740973313,0.6169544740973312,"{0: 0.643660555636335, 1: 0.6436605556363351}","{0: 0.643660555636335, 1: 0.6436605556363351}",0.6436605556363351,"[[420 217]
 [271 366]]",[1. 0. 1. ... 0. 1. 0.],[0. 1. 1. ... 1. 0. 0.]
622,AdaBoost,"{'algorithm': 'SAMME', 'learning_rate': 0.8346938775510203, 'n_estimators': 74}",0.6018238883919915,0.09888488457287267,0.21922702018513376,0.1844788050212325,0.6096135100925669,0.09223940251061626,0.6162650602409638,0.23390894819466246,0.6169544740973313,0.6169544740973312,"{0: 0.6441978071267149, 1: 0.6441978071267149}","{0: 0.6441978071267149, 1: 0.6441978071267149}",0.6441978071267149,"[[420 217]
 [271 366]]",[1. 0. 1. ... 0. 1. 0.],[0. 1. 1. ... 1. 0. 0.]
612,AdaBoost,"{'algorithm': 'SAMME', 'learning_rate': 0.8346938775510203, 'n_estimators': 74}",0.6018238883919915,0.09888488457287267,0.21922702018513376,0.1844788050212325,0.6096135100925669,0.09223940251061626,0.6162650602409638,0.23390894819466246,0.6169544740973313,0.6169544740973312,"{0: 0.6441978071267149, 1: 0.6441978071267149}","{0: 0.6441978071267149, 1: 0.6441978071267149}",0.6441978071267149,"[[420 217]
 [271 366]]",[1. 0. 1. ... 0. 1. 0.],[0. 1. 1. ... 1. 0. 0.]
718,AdaBoost,"{'algorithm': 'SAMME', 'learning_rate': 0.8346938775510203, 'n_estimators': 74}",0.6018238883919915,0.09888488457287267,0.21922702018513376,0.1844788050212325,0.6096135100925669,0.09223940251061626,0.6162650602409638,0.23390894819466246,0.6169544740973313,0.6169544740973312,"{0: 0.6441978071267149, 1: 0.6441978071267149}","{0: 0.6441978071267149, 1: 0.6441978071267149}",0.6441978071267149,"[[420 217]
 [271 366]]",[1. 0. 1. ... 0. 1. 0.],[0. 1. 1. ... 1. 0. 0.]
554,AdaBoost,"{'algorithm': 'SAMME', 'learning_rate': 0.8346938775510203, 'n_estimators': 74}",0.6018238883919915,0.09888488457287267,0.21922702018513376,0.1844788050212325,0.6096135100925669,0.09223940251061626,0.6162650602409638,0.23390894819466246,0.6169544740973313,0.6169544740973312,"{0: 0.6441978071267149, 1: 0.6441978071267149}","{0: 0.6441978071267149, 1: 0.6441978071267149}",0.6441978071267149,"[[420 217]
 [271 366]]",[1. 0. 1. ... 0. 1. 0.],[0. 1. 1. ... 1. 0. 0.]
645,AdaBoost,"{'algorithm': 'SAMME', 'learning_rate': 0.8346938775510203, 'n_estimators': 74}",0.6018238883919915,0.09888488457287267,0.21922702018513376,0.1844788050212325,0.6096135100925669,0.09223940251061626,0.6162650602409638,0.23390894819466246,0.6169544740973313,0.6169544740973312,"{0: 0.643660555636335, 1: 0.6436605556363351}","{0: 0.643660555636335, 1: 0.6436605556363351}",0.6436605556363351,"[[420 217]
 [271 366]]",[1. 0. 1. ... 0. 1. 0.],[0. 1. 1. ... 1. 0. 0.]
560,AdaBoost,"{'algorithm': 'SAMME', 'learning_rate': 0.8346938775510203, 'n_estimators': 74}",0.6018238883919915,0.09888488457287267,0.21922702018513376,0.1844788050212325,0.6096135100925669,0.09223940251061626,0.6162650602409638,0.23390894819466246,0.6169544740973313,0.6169544740973312,"{0: 0.643660555636335, 1: 0.6436605556363351}","{0: 0.643660555636335, 1: 0.6436605556363351}",0.6436605556363351,"[[420 217]
 [271 366]]",[1. 0. 1. ... 0. 1. 0.],[0. 1. 1. ... 1. 0. 0.]
742,AdaBoost,"{'algorithm': 'SAMME', 'learning_rate': 0.8346938775510203, 'n_estimators': 74}",0.6018238883919915,0.09888488457287267,0.21922702018513376,0.1844788050212325,0.6096135100925669,0.09223940251061626,0.6162650602409638,0.23390894819466246,0.6169544740973313,0.6169544740973312,"{0: 0.643660555636335, 1: 0.6436605556363351}","{0: 0.643660555636335, 1: 0.6436605556363351}",0.6436605556363351,"[[420 217]
 [271 366]]",[1. 0. 1. ... 0. 1. 0.],[0. 1. 1. ... 1. 0. 0.]
726,AdaBoost,"{'algorithm': 'SAMME', 'learning_rate': 0.8346938775510203, 'n_estimators': 74}",0.6018238883919915,0.09888488457287267,0.21922702018513376,0.1844788050212325,0.6096135100925669,0.09223940251061626,0.6162650602409638,0.23390894819466246,0.6169544740973313,0.6169544740973312,"{0: 0.6441978071267149, 1: 0.6441978071267149}","{0: 0.6441978071267149, 1: 0.6441978071267149}",0.6441978071267149,"[[420 217]
 [271 366]]",[1. 0. 1. ... 0. 1. 0.],[0. 1. 1. ... 1. 0. 0.]
541,AdaBoost,"{'algorithm': 'SAMME', 'learning_rate': 0.8346938775510203, 'n_estimators': 74}",0.6018238883919915,0.09888488457287267,0.21922702018513376,0.1844788050212325,0.6096135100925669,0.09223940251061626,0.6162650602409638,0.23390894819466246,0.6169544740973313,0.6169544740973312,"{0: 0.6441978071267149, 1: 0.6441978071267149}","{0: 0.6441978071267149, 1: 0.6441978071267149}",0.6441978071267149,"[[420 217]
 [271 366]]",[1. 0. 1. ... 0. 1. 0.],[0. 1. 1. ... 1. 0. 0.]
670,AdaBoost,"{'algorithm': 'SAMME', 'learning_rate': 0.8346938775510203, 'n_estimators': 74}",0.6018238883919915,0.09888488457287267,0.21922702018513376,0.1844788050212325,0.6096135100925669,0.09223940251061626,0.6162650602409638,0.23390894819466246,0.6169544740973313,0.6169544740973312,"{0: 0.643660555636335, 1: 0.6436605556363351}","{0: 0.643660555636335, 1: 0.6436605556363351}",0.6436605556363351,"[[420 217]
 [271 366]]",[1. 0. 1. ... 0. 1. 0.],[0. 1. 1. ... 1. 0. 0.]
565,AdaBoost,"{'algorithm': 'SAMME', 'learning_rate': 0.8346938775510203, 'n_estimators': 74}",0.6018238883919915,0.09888488457287267,0.21922702018513376,0.1844788050212325,0.6096135100925669,0.09223940251061626,0.6162650602409638,0.23390894819466246,0.6169544740973313,0.6169544740973312,"{0: 0.643660555636335, 1: 0.6436605556363351}","{0: 0.643660555636335, 1: 0.6436605556363351}",0.6436605556363351,"[[420 217]
 [271 366]]",[1. 0. 1. ... 0. 1. 0.],[0. 1. 1. ... 1. 0. 0.]
567,AdaBoost,"{'algorithm': 'SAMME', 'learning_rate': 0.8346938775510203, 'n_estimators': 74}",0.6018238883919915,0.09888488457287267,0.21922702018513376,0.1844788050212325,0.6096135100925669,0.09223940251061626,0.6162650602409638,0.23390894819466246,0.6169544740973313,0.6169544740973312,"{0: 0.643660555636335, 1: 0.6436605556363351}","{0: 0.643660555636335, 1: 0.6436605556363351}",0.6436605556363351,"[[420 217]
 [271 366]]",[1. 0. 1. ... 0. 1. 0.],[0. 1. 1. ... 1. 0. 0.]
568,AdaBoost,"{'algorithm': 'SAMME', 'learning_rate': 0.8346938775510203, 'n_estimators': 74}",0.6018238883919915,0.09888488457287267,0.21922702018513376,0.1844788050212325,0.6096135100925669,0.09223940251061626,0.6162650602409638,0.23390894819466246,0.6169544740973313,0.6169544740973312,"{0: 0.6441978071267149, 1: 0.6441978071267149}","{0: 0.6441978071267149, 1: 0.6441978071267149}",0.6441978071267149,"[[420 217]
 [271 366]]",[1. 0. 1. ... 0. 1. 0.],[0. 1. 1. ... 1. 0. 0.]
698,AdaBoost,"{'algorithm': 'SAMME', 'learning_rate': 0.8346938775510203, 'n_estimators': 74}",0.6018238883919915,0.09888488457287267,0.21922702018513376,0.1844788050212325,0.6096135100925669,0.09223940251061626,0.6162650602409638,0.23390894819466246,0.6169544740973313,0.6169544740973312,"{0: 0.643660555636335, 1: 0.6436605556363351}","{0: 0.643660555636335, 1: 0.6436605556363351}",0.6436605556363351,"[[420 217]
 [271 366]]",[1. 0. 1. ... 0. 1. 0.],[0. 1. 1. ... 1. 0. 0.]
598,AdaBoost,"{'algorithm': 'SAMME', 'learning_rate': 0.8346938775510203, 'n_estimators': 74}",0.6018238883919915,0.09888488457287267,0.21922702018513376,0.1844788050212325,0.6096135100925669,0.09223940251061626,0.6162650602409638,0.23390894819466246,0.6169544740973313,0.6169544740973312,"{0: 0.643660555636335, 1: 0.6436605556363351}","{0: 0.643660555636335, 1: 0.6436605556363351}",0.6436605556363351,"[[420 217]
 [271 366]]",[1. 0. 1. ... 0. 1. 0.],[0. 1. 1. ... 1. 0. 0.]
213,AdaBoost,"{'algorithm': 'SAMME', 'learning_rate': 1.2428571428571429, 'n_estimators': 41}",0.5997359224271667,0.098980808908745,0.218931781409544,0.16825148907220636,0.609465890704772,0.08412574453610318,0.6159970709102307,0.2323390894819466,0.6161695447409733,0.6161695447409733,"{0: 0.6357866175089768, 1: 0.6357866175089768}","{0: 0.6357866175089768, 1: 0.6357866175089768}",0.6357866175089768,"[[406 231]
 [258 379]]",[1. 0. 1. ... 0. 1. 0.],[0. 1. 1. ... 1. 0. 0.]
334,AdaBoost,"{'algorithm': 'SAMME', 'learning_rate': 1.2428571428571429, 'n_estimators': 41}",0.5997359224271667,0.098980808908745,0.218931781409544,0.16825148907220636,0.609465890704772,0.08412574453610318,0.6159970709102307,0.2323390894819466,0.6161695447409733,0.6161695447409733,"{0: 0.6357866175089768, 1: 0.6357866175089768}","{0: 0.6357866175089768, 1: 0.6357866175089768}",0.6357866175089768,"[[406 231]
 [258 379]]",[1. 0. 1. ... 0. 1. 0.],[0. 1. 1. ... 1. 0. 0.]
351,AdaBoost,"{'algorithm': 'SAMME', 'learning_rate': 1.2428571428571429, 'n_estimators': 41}",0.5997359224271667,0.098980808908745,0.218931781409544,0.16825148907220636,0.609465890704772,0.08412574453610318,0.6159970709102307,0.2323390894819466,0.6161695447409733,0.6161695447409733,"{0: 0.6357866175089768, 1: 0.6357866175089768}","{0: 0.6357866175089768, 1: 0.6357866175089768}",0.6357866175089768,"[[406 231]
 [258 379]]",[1. 0. 1. ... 0. 1. 0.],[0. 1. 1. ... 1. 0. 0.]
209,AdaBoost,"{'algorithm': 'SAMME', 'learning_rate': 1.2428571428571429, 'n_estimators': 41}",0.5997359224271667,0.098980808908745,0.218931781409544,0.16825148907220636,0.609465890704772,0.08412574453610318,0.6159970709102307,0.2323390894819466,0.6161695447409733,0.6161695447409733,"{0: 0.6351705034145043, 1: 0.6351705034145043}","{0: 0.6351705034145043, 1: 0.6351705034145043}",0.6351705034145043,"[[406 231]
 [258 379]]",[1. 0. 1. ... 0. 1. 0.],[0. 1. 1. ... 1. 0. 0.]
367,AdaBoost,"{'algorithm': 'SAMME', 'learning_rate': 1.2428571428571429, 'n_estimators': 41}",0.5997359224271667,0.098980808908745,0.218931781409544,0.16825148907220636,0.609465890704772,0.08412574453610318,0.6159970709102307,0.2323390894819466,0.6161695447409733,0.6161695447409733,"{0: 0.6357866175089768, 1: 0.6357866175089768}","{0: 0.6357866175089768, 1: 0.6357866175089768}",0.6357866175089768,"[[406 231]
 [258 379]]",[1. 0. 1. ... 0. 1. 0.],[0. 1. 1. ... 1. 0. 0.]
218,AdaBoost,"{'algorithm': 'SAMME', 'learning_rate': 1.2428571428571429, 'n_estimators': 41}",0.5997359224271667,0.098980808908745,0.218931781409544,0.16825148907220636,0.609465890704772,0.08412574453610318,0.6159970709102307,0.2323390894819466,0.6161695447409733,0.6161695447409733,"{0: 0.6351705034145043, 1: 0.6351705034145043}","{0: 0.6351705034145043, 1: 0.6351705034145043}",0.6351705034145043,"[[406 231]
 [258 379]]",[1. 0. 1. ... 0. 1. 0.],[0. 1. 1. ... 1. 0. 0.]
214,AdaBoost,"{'algorithm': 'SAMME', 'learning_rate': 1.2428571428571429, 'n_estimators': 41}",0.5997359224271667,0.098980808908745,0.218931781409544,0.16825148907220636,0.609465890704772,0.08412574453610318,0.6159970709102307,0.2323390894819466,0.6161695447409733,0.6161695447409733,"{0: 0.6357866175089768, 1: 0.6357866175089768}","{0: 0.6357866175089768, 1: 0.6357866175089768}",0.6357866175089768,"[[406 231]
 [258 379]]",[1. 0. 1. ... 0. 1. 0.],[0. 1. 1. ... 1. 0. 0.]
226,AdaBoost,"{'algorithm': 'SAMME', 'learning_rate': 1.2428571428571429, 'n_estimators': 41}",0.5997359224271667,0.098980808908745,0.218931781409544,0.16825148907220636,0.609465890704772,0.08412574453610318,0.6159970709102307,0.2323390894819466,0.6161695447409733,0.6161695447409733,"{0: 0.6357866175089768, 1: 0.6357866175089768}","{0: 0.6357866175089768, 1: 0.6357866175089768}",0.6357866175089768,"[[406 231]
 [258 379]]",[1. 0. 1. ... 0. 1. 0.],[0. 1. 1. ... 1. 0. 0.]
388,AdaBoost,"{'algorithm': 'SAMME', 'learning_rate': 1.2428571428571429, 'n_estimators': 41}",0.5997359224271667,0.098980808908745,0.218931781409544,0.16825148907220636,0.609465890704772,0.08412574453610318,0.6159970709102307,0.2323390894819466,0.6161695447409733,0.6161695447409733,"{0: 0.6357866175089768, 1: 0.6357866175089768}","{0: 0.6357866175089768, 1: 0.6357866175089768}",0.6357866175089768,"[[406 231]
 [258 379]]",[1. 0. 1. ... 0. 1. 0.],[0. 1. 1. ... 1. 0. 0.]
221,AdaBoost,"{'algorithm': 'SAMME', 'learning_rate': 1.2428571428571429, 'n_estimators': 41}",0.5997359224271667,0.098980808908745,0.218931781409544,0.16825148907220636,0.609465890704772,0.08412574453610318,0.6159970709102307,0.2323390894819466,0.6161695447409733,0.6161695447409733,"{0: 0.6357866175089768, 1: 0.6357866175089768}","{0: 0.6357866175089768, 1: 0.6357866175089768}",0.6357866175089768,"[[406 231]
 [258 379]]",[1. 0. 1. ... 0. 1. 0.],[0. 1. 1. ... 1. 0. 0.]
408,AdaBoost,"{'algorithm': 'SAMME', 'learning_rate': 1.2428571428571429, 'n_estimators': 41}",0.5997359224271667,0.098980808908745,0.218931781409544,0.16825148907220636,0.609465890704772,0.08412574453610318,0.6159970709102307,0.2323390894819466,0.6161695447409733,0.6161695447409733,"{0: 0.6357866175089768, 1: 0.6357866175089768}","{0: 0.6357866175089768, 1: 0.6357866175089768}",0.6357866175089768,"[[406 231]
 [258 379]]",[1. 0. 1. ... 0. 1. 0.],[0. 1. 1. ... 1. 0. 0.]
231,AdaBoost,"{'algorithm': 'SAMME', 'learning_rate': 1.2428571428571429, 'n_estimators': 41}",0.5997359224271667,0.098980808908745,0.218931781409544,0.16825148907220636,0.609465890704772,0.08412574453610318,0.6159970709102307,0.2323390894819466,0.6161695447409733,0.6161695447409733,"{0: 0.6357866175089768, 1: 0.6357866175089768}","{0: 0.6357866175089768, 1: 0.6357866175089768}",0.6357866175089768,"[[406 231]
 [258 379]]",[1. 0. 1. ... 0. 1. 0.],[0. 1. 1. ... 1. 0. 0.]
224,AdaBoost,"{'algorithm': 'SAMME', 'learning_rate': 1.2428571428571429, 'n_estimators': 41}",0.5997359224271667,0.098980808908745,0.218931781409544,0.16825148907220636,0.609465890704772,0.08412574453610318,0.6159970709102307,0.2323390894819466,0.6161695447409733,0.6161695447409733,"{0: 0.6357866175089768, 1: 0.6357866175089768}","{0: 0.6357866175089768, 1: 0.6357866175089768}",0.6357866175089768,"[[406 231]
 [258 379]]",[1. 0. 1. ... 0. 1. 0.],[0. 1. 1. ... 1. 0. 0.]
401,AdaBoost,"{'algorithm': 'SAMME', 'learning_rate': 1.2428571428571429, 'n_estimators': 41}",0.5997359224271667,0.098980808908745,0.218931781409544,0.16825148907220636,0.609465890704772,0.08412574453610318,0.6159970709102307,0.2323390894819466,0.6161695447409733,0.6161695447409733,"{0: 0.6357866175089768, 1: 0.6357866175089768}","{0: 0.6357866175089768, 1: 0.6357866175089768}",0.6357866175089768,"[[406 231]
 [258 379]]",[1. 0. 1. ... 0. 1. 0.],[0. 1. 1. ... 1. 0. 0.]
402,AdaBoost,"{'algorithm': 'SAMME', 'learning_rate': 1.2428571428571429, 'n_estimators': 41}",0.5997359224271667,0.098980808908745,0.218931781409544,0.16825148907220636,0.609465890704772,0.08412574453610318,0.6159970709102307,0.2323390894819466,0.6161695447409733,0.6161695447409733,"{0: 0.6351705034145043, 1: 0.6351705034145043}","{0: 0.6351705034145043, 1: 0.6351705034145043}",0.6351705034145043,"[[406 231]
 [258 379]]",[1. 0. 1. ... 0. 1. 0.],[0. 1. 1. ... 1. 0. 0.]
403,AdaBoost,"{'algorithm': 'SAMME', 'learning_rate': 1.2428571428571429, 'n_estimators': 41}",0.5997359224271667,0.098980808908745,0.218931781409544,0.16825148907220636,0.609465890704772,0.08412574453610318,0.6159970709102307,0.2323390894819466,0.6161695447409733,0.6161695447409733,"{0: 0.6357866175089768, 1: 0.6357866175089768}","{0: 0.6357866175089768, 1: 0.6357866175089768}",0.6357866175089768,"[[406 231]
 [258 379]]",[1. 0. 1. ... 0. 1. 0.],[0. 1. 1. ... 1. 0. 0.]
233,AdaBoost,"{'algorithm': 'SAMME', 'learning_rate': 1.2428571428571429, 'n_estimators': 41}",0.5997359224271667,0.098980808908745,0.218931781409544,0.16825148907220636,0.609465890704772,0.08412574453610318,0.6159970709102307,0.2323390894819466,0.6161695447409733,0.6161695447409733,"{0: 0.6351705034145043, 1: 0.6351705034145043}","{0: 0.6351705034145043, 1: 0.6351705034145043}",0.6351705034145043,"[[406 231]
 [258 379]]",[1. 0. 1. ... 0. 1. 0.],[0. 1. 1. ... 1. 0. 0.]
405,AdaBoost,"{'algorithm': 'SAMME', 'learning_rate': 1.2428571428571429, 'n_estimators': 41}",0.5997359224271667,0.098980808908745,0.218931781409544,0.16825148907220636,0.609465890704772,0.08412574453610318,0.6159970709102307,0.2323390894819466,0.6161695447409733,0.6161695447409733,"{0: 0.6351705034145043, 1: 0.6351705034145043}","{0: 0.6351705034145043, 1: 0.6351705034145043}",0.6351705034145043,"[[406 231]
 [258 379]]",[1. 0. 1. ... 0. 1. 0.],[0. 1. 1. ... 1. 0. 0.]
417,AdaBoost,"{'algorithm': 'SAMME', 'learning_rate': 1.2428571428571429, 'n_estimators': 41}",0.5997359224271667,0.098980808908745,0.218931781409544,0.16825148907220636,0.609465890704772,0.08412574453610318,0.6159970709102307,0.2323390894819466,0.6161695447409733,0.6161695447409733,"{0: 0.6351705034145043, 1: 0.6351705034145043}","{0: 0.6351705034145043, 1: 0.6351705034145043}",0.6351705034145043,"[[406 231]
 [258 379]]",[1. 0. 1. ... 0. 1. 0.],[0. 1. 1. ... 1. 0. 0.]
227,AdaBoost,"{'algorithm': 'SAMME', 'learning_rate': 1.2428571428571429, 'n_estimators': 41}",0.5997359224271667,0.098980808908745,0.218931781409544,0.16825148907220636,0.609465890704772,0.08412574453610318,0.6159970709102307,0.2323390894819466,0.6161695447409733,0.6161695447409733,"{0: 0.6357866175089768, 1: 0.6357866175089768}","{0: 0.6357866175089768, 1: 0.6357866175089768}",0.6357866175089768,"[[406 231]
 [258 379]]",[1. 0. 1. ... 0. 1. 0.],[0. 1. 1. ... 1. 0. 0.]
223,AdaBoost,"{'algorithm': 'SAMME', 'learning_rate': 1.2428571428571429, 'n_estimators': 41}",0.5997359224271667,0.098980808908745,0.218931781409544,0.16825148907220636,0.609465890704772,0.08412574453610318,0.6159970709102307,0.2323390894819466,0.6161695447409733,0.6161695447409733,"{0: 0.6357866175089768, 1: 0.6357866175089768}","{0: 0.6357866175089768, 1: 0.6357866175089768}",0.6357866175089768,"[[406 231]
 [258 379]]",[1. 0. 1. ... 0. 1. 0.],[0. 1. 1. ... 1. 0. 0.]
279,AdaBoost,"{'algorithm': 'SAMME', 'learning_rate': 1.2428571428571429, 'n_estimators': 41}",0.5997359224271667,0.098980808908745,0.218931781409544,0.16825148907220636,0.609465890704772,0.08412574453610318,0.6159970709102307,0.2323390894819466,0.6161695447409733,0.6161695447409733,"{0: 0.6357866175089768, 1: 0.6357866175089768}","{0: 0.6357866175089768, 1: 0.6357866175089768}",0.6357866175089768,"[[406 231]
 [258 379]]",[1. 0. 1. ... 0. 1. 0.],[0. 1. 1. ... 1. 0. 0.]
258,AdaBoost,"{'algorithm': 'SAMME', 'learning_rate': 1.2428571428571429, 'n_estimators': 41}",0.5997359224271667,0.098980808908745,0.218931781409544,0.16825148907220636,0.609465890704772,0.08412574453610318,0.6159970709102307,0.2323390894819466,0.6161695447409733,0.6161695447409733,"{0: 0.6357866175089768, 1: 0.6357866175089768}","{0: 0.6357866175089768, 1: 0.6357866175089768}",0.6357866175089768,"[[406 231]
 [258 379]]",[1. 0. 1. ... 0. 1. 0.],[0. 1. 1. ... 1. 0. 0.]
447,AdaBoost,"{'algorithm': 'SAMME', 'learning_rate': 1.2428571428571429, 'n_estimators': 41}",0.5997359224271667,0.098980808908745,0.218931781409544,0.16825148907220636,0.609465890704772,0.08412574453610318,0.6159970709102307,0.2323390894819466,0.6161695447409733,0.6161695447409733,"{0: 0.6357866175089768, 1: 0.6357866175089768}","{0: 0.6357866175089768, 1: 0.6357866175089768}",0.6357866175089768,"[[406 231]
 [258 379]]",[1. 0. 1. ... 0. 1. 0.],[0. 1. 1. ... 1. 0. 0.]
517,AdaBoost,"{'algorithm': 'SAMME', 'learning_rate': 1.2428571428571429, 'n_estimators': 41}",0.5997359224271667,0.098980808908745,0.218931781409544,0.16825148907220636,0.609465890704772,0.08412574453610318,0.6159970709102307,0.2323390894819466,0.6161695447409733,0.6161695447409733,"{0: 0.6357866175089768, 1: 0.6357866175089768}","{0: 0.6357866175089768, 1: 0.6357866175089768}",0.6357866175089768,"[[406 231]
 [258 379]]",[1. 0. 1. ... 0. 1. 0.],[0. 1. 1. ... 1. 0. 0.]
519,AdaBoost,"{'algorithm': 'SAMME', 'learning_rate': 1.2428571428571429, 'n_estimators': 41}",0.5997359224271667,0.098980808908745,0.218931781409544,0.16825148907220636,0.609465890704772,0.08412574453610318,0.6159970709102307,0.2323390894819466,0.6161695447409733,0.6161695447409733,"{0: 0.6351705034145043, 1: 0.6351705034145043}","{0: 0.6351705034145043, 1: 0.6351705034145043}",0.6351705034145043,"[[406 231]
 [258 379]]",[1. 0. 1. ... 0. 1. 0.],[0. 1. 1. ... 1. 0. 0.]
272,AdaBoost,"{'algorithm': 'SAMME', 'learning_rate': 1.2428571428571429, 'n_estimators': 41}",0.5997359224271667,0.098980808908745,0.218931781409544,0.16825148907220636,0.609465890704772,0.08412574453610318,0.6159970709102307,0.2323390894819466,0.6161695447409733,0.6161695447409733,"{0: 0.6351705034145043, 1: 0.6351705034145043}","{0: 0.6351705034145043, 1: 0.6351705034145043}",0.6351705034145043,"[[406 231]
 [258 379]]",[1. 0. 1. ... 0. 1. 0.],[0. 1. 1. ... 1. 0. 0.]
497,AdaBoost,"{'algorithm': 'SAMME', 'learning_rate': 1.2428571428571429, 'n_estimators': 41}",0.5997359224271667,0.098980808908745,0.218931781409544,0.16825148907220636,0.609465890704772,0.08412574453610318,0.6159970709102307,0.2323390894819466,0.6161695447409733,0.6161695447409733,"{0: 0.6357866175089768, 1: 0.6357866175089768}","{0: 0.6357866175089768, 1: 0.6357866175089768}",0.6357866175089768,"[[406 231]
 [258 379]]",[1. 0. 1. ... 0. 1. 0.],[0. 1. 1. ... 1. 0. 0.]
496,AdaBoost,"{'algorithm': 'SAMME', 'learning_rate': 1.2428571428571429, 'n_estimators': 41}",0.5997359224271667,0.098980808908745,0.218931781409544,0.16825148907220636,0.609465890704772,0.08412574453610318,0.6159970709102307,0.2323390894819466,0.6161695447409733,0.6161695447409733,"{0: 0.6351705034145043, 1: 0.6351705034145043}","{0: 0.6351705034145043, 1: 0.6351705034145043}",0.6351705034145043,"[[406 231]
 [258 379]]",[1. 0. 1. ... 0. 1. 0.],[0. 1. 1. ... 1. 0. 0.]
433,AdaBoost,"{'algorithm': 'SAMME', 'learning_rate': 1.2428571428571429, 'n_estimators': 41}",0.5997359224271667,0.098980808908745,0.218931781409544,0.16825148907220636,0.609465890704772,0.08412574453610318,0.6159970709102307,0.2323390894819466,0.6161695447409733,0.6161695447409733,"{0: 0.6357866175089768, 1: 0.6357866175089768}","{0: 0.6357866175089768, 1: 0.6357866175089768}",0.6357866175089768,"[[406 231]
 [258 379]]",[1. 0. 1. ... 0. 1. 0.],[0. 1. 1. ... 1. 0. 0.]
259,AdaBoost,"{'algorithm': 'SAMME', 'learning_rate': 1.2428571428571429, 'n_estimators': 41}",0.5997359224271667,0.098980808908745,0.218931781409544,0.16825148907220636,0.609465890704772,0.08412574453610318,0.6159970709102307,0.2323390894819466,0.6161695447409733,0.6161695447409733,"{0: 0.6351705034145043, 1: 0.6351705034145043}","{0: 0.6351705034145043, 1: 0.6351705034145043}",0.6351705034145043,"[[406 231]
 [258 379]]",[1. 0. 1. ... 0. 1. 0.],[0. 1. 1. ... 1. 0. 0.]
257,AdaBoost,"{'algorithm': 'SAMME', 'learning_rate': 1.2428571428571429, 'n_estimators': 41}",0.5997359224271667,0.098980808908745,0.218931781409544,0.16825148907220636,0.609465890704772,0.08412574453610318,0.6159970709102307,0.2323390894819466,0.6161695447409733,0.6161695447409733,"{0: 0.6357866175089768, 1: 0.6357866175089768}","{0: 0.6357866175089768, 1: 0.6357866175089768}",0.6357866175089768,"[[406 231]
 [258 379]]",[1. 0. 1. ... 0. 1. 0.],[0. 1. 1. ... 1. 0. 0.]
298,AdaBoost,"{'algorithm': 'SAMME', 'learning_rate': 1.2428571428571429, 'n_estimators': 41}",0.5997359224271667,0.098980808908745,0.218931781409544,0.16825148907220636,0.609465890704772,0.08412574453610318,0.6159970709102307,0.2323390894819466,0.6161695447409733,0.6161695447409733,"{0: 0.6357866175089768, 1: 0.6357866175089768}","{0: 0.6357866175089768, 1: 0.6357866175089768}",0.6357866175089768,"[[406 231]
 [258 379]]",[1. 0. 1. ... 0. 1. 0.],[0. 1. 1. ... 1. 0. 0.]
305,AdaBoost,"{'algorithm': 'SAMME', 'learning_rate': 1.2428571428571429, 'n_estimators': 41}",0.5997359224271667,0.098980808908745,0.218931781409544,0.16825148907220636,0.609465890704772,0.08412574453610318,0.6159970709102307,0.2323390894819466,0.6161695447409733,0.6161695447409733,"{0: 0.6351705034145043, 1: 0.6351705034145043}","{0: 0.6351705034145043, 1: 0.6351705034145043}",0.6351705034145043,"[[406 231]
 [258 379]]",[1. 0. 1. ... 0. 1. 0.],[0. 1. 1. ... 1. 0. 0.]
861,AdaBoost,"{'algorithm': 'SAMME', 'learning_rate': 0.6714285714285714, 'n_estimators': 63}",0.6024384005157772,0.1042833749023311,0.21798690771833462,0.19823392442466778,0.6089934538591674,0.09911696221233389,0.6157271313536379,0.23390894819466246,0.6169544740973313,0.6169544740973312,"{0: 0.6502234029706557, 1: 0.6502234029706557}","{0: 0.6502234029706557, 1: 0.6502234029706557}",0.6502234029706557,"[[429 208]
 [280 357]]",[1. 0. 1. ... 0. 1. 0.],[0. 1. 1. ... 1. 0. 0.]
962,AdaBoost,"{'algorithm': 'SAMME', 'learning_rate': 0.6714285714285714, 'n_estimators': 63}",0.6024384005157772,0.1042833749023311,0.21798690771833462,0.19823392442466778,0.6089934538591674,0.09911696221233389,0.6157271313536379,0.23390894819466246,0.6169544740973313,0.6169544740973312,"{0: 0.6501691849303421, 1: 0.6501691849303421}","{0: 0.6501691849303421, 1: 0.6501691849303421}",0.6501691849303421,"[[429 208]
 [280 357]]",[1. 0. 1. ... 0. 1. 0.],[0. 1. 1. ... 1. 0. 0.]
791,AdaBoost,"{'algorithm': 'SAMME', 'learning_rate': 0.6714285714285714, 'n_estimators': 63}",0.6024384005157772,0.1042833749023311,0.21798690771833462,0.19823392442466778,0.6089934538591674,0.09911696221233389,0.6157271313536379,0.23390894819466246,0.6169544740973313,0.6169544740973312,"{0: 0.6502234029706557, 1: 0.6502234029706557}","{0: 0.6502234029706557, 1: 0.6502234029706557}",0.6502234029706557,"[[429 208]
 [280 357]]",[1. 0. 1. ... 0. 1. 0.],[0. 1. 1. ... 1. 0. 0.]
960,AdaBoost,"{'algorithm': 'SAMME.R', 'learning_rate': 0.8346938775510203, 'n_estimators': 63}",0.6026452438006382,0.08118866575439934,0.21332228539165218,0.16067259175295578,0.606661142695826,0.08033629587647789,0.6192564813405543,0.23861852433281006,0.619309262166405,0.619309262166405,"{0: 0.6397075676061996, 1: 0.6397075676061995}","{0: 0.6397075676061996, 1: 0.6397075676061995}",0.6397075676061995,"[[402 235]
 [250 387]]",[1. 0. 1. ... 0. 1. 0.],[0. 1. 1. ... 1. 0. 0.]
780,AdaBoost,"{'algorithm': 'SAMME.R', 'learning_rate': 0.8346938775510203, 'n_estimators': 63}",0.6026452438006382,0.08118866575439934,0.21332228539165218,0.16067259175295578,0.606661142695826,0.08033629587647789,0.6192564813405543,0.23861852433281006,0.619309262166405,0.619309262166405,"{0: 0.6397075676061996, 1: 0.6397075676061995}","{0: 0.6397075676061996, 1: 0.6397075676061995}",0.6397075676061995,"[[402 235]
 [250 387]]",[1. 0. 1. ... 0. 1. 0.],[0. 1. 1. ... 1. 0. 0.]
688,AdaBoost,"{'algorithm': 'SAMME', 'learning_rate': 0.6714285714285714, 'n_estimators': 74}",0.5980406372116921,0.09351035147537418,0.21206362601184897,0.17544498661420535,0.6060318130059245,0.08772249330710266,0.6130354497174477,0.22919937205651486,0.6145996860282574,0.6145996860282574,"{0: 0.6462987561888661, 1: 0.646298756188866}","{0: 0.6462987561888661, 1: 0.646298756188866}",0.646298756188866,"[[432 205]
 [286 351]]",[1. 0. 1. ... 0. 1. 0.],[0. 1. 1. ... 1. 0. 0.]
602,AdaBoost,"{'algorithm': 'SAMME', 'learning_rate': 0.6714285714285714, 'n_estimators': 74}",0.5980406372116921,0.09351035147537418,0.21206362601184897,0.17544498661420535,0.6060318130059245,0.08772249330710266,0.6130354497174477,0.22919937205651486,0.6145996860282574,0.6145996860282574,"{0: 0.6462987561888661, 1: 0.646298756188866}","{0: 0.6462987561888661, 1: 0.646298756188866}",0.646298756188866,"[[432 205]
 [286 351]]",[1. 0. 1. ... 0. 1. 0.],[0. 1. 1. ... 1. 0. 0.]
229,randomforest,"{'criterion': 'gini', 'max_features': 'sqrt', 'n_estimators': 51}",0.600193344845421,0.07877720082671442,0.21000936247693017,0.1583023799830296,0.6050046812384651,0.07915118999151478,0.6043868296529968,0.20879120879120883,0.6043956043956044,0.6043956043956045,"{0: 0.6237243357673947, 1: 0.6237243357673947}","{0: 0.6237243357673947, 1: 0.6237243357673947}",0.6237243357673947,"[[388 249]
 [255 382]]",[1. 0. 1. ... 0. 1. 0.],[0. 1. 1. ... 1. 0. 0.]
178,AdaBoost,"{'algorithm': 'SAMME', 'learning_rate': 1.3244897959183672, 'n_estimators': 85}",0.5996351369632588,0.0939988588332127,0.2094859286338561,0.18374629063332656,0.6047429643169281,0.09187314531666328,0.6114539838859039,0.2229199372056515,0.6114599686028257,0.6114599686028257,"{0: 0.6411123077415968, 1: 0.6411123077415969}","{0: 0.6411123077415968, 1: 0.6411123077415969}",0.6411123077415969,"[[387 250]
 [245 392]]",[1. 0. 1. ... 0. 1. 0.],[0. 1. 1. ... 1. 0. 0.]
180,AdaBoost,"{'algorithm': 'SAMME', 'learning_rate': 1.3244897959183672, 'n_estimators': 85}",0.5996351369632588,0.0939988588332127,0.2094859286338561,0.18374629063332656,0.6047429643169281,0.09187314531666328,0.6114539838859039,0.2229199372056515,0.6114599686028257,0.6114599686028257,"{0: 0.6411123077415968, 1: 0.6411123077415969}","{0: 0.6411123077415968, 1: 0.6411123077415969}",0.6411123077415969,"[[387 250]
 [245 392]]",[1. 0. 1. ... 0. 1. 0.],[0. 1. 1. ... 1. 0. 0.]
188,AdaBoost,"{'algorithm': 'SAMME', 'learning_rate': 1.3244897959183672, 'n_estimators': 85}",0.5996351369632588,0.0939988588332127,0.2094859286338561,0.18374629063332656,0.6047429643169281,0.09187314531666328,0.6114539838859039,0.2229199372056515,0.6114599686028257,0.6114599686028257,"{0: 0.6411123077415968, 1: 0.6411123077415969}","{0: 0.6411123077415968, 1: 0.6411123077415969}",0.6411123077415969,"[[387 250]
 [245 392]]",[1. 0. 1. ... 0. 1. 0.],[0. 1. 1. ... 1. 0. 0.]
52,AdaBoost,"{'algorithm': 'SAMME.R', 'learning_rate': 0.26326530612244897, 'n_estimators': 30}",0.596446884229026,0.09923023443497855,0.20946420216677297,0.18642462217470204,0.6047321010833865,0.09321231108735102,0.6129569164954303,0.22919937205651486,0.6145996860282574,0.6145996860282574,"{0: 0.6417358152052028, 1: 0.6417358152052031}","{0: 0.6417358152052028, 1: 0.6417358152052031}",0.6417358152052031,"[[433 204]
 [287 350]]",[1. 0. 1. ... 0. 1. 0.],[0. 1. 1. ... 1. 0. 0.]
53,AdaBoost,"{'algorithm': 'SAMME.R', 'learning_rate': 0.26326530612244897, 'n_estimators': 30}",0.596446884229026,0.09923023443497855,0.20946420216677297,0.18642462217470204,0.6047321010833865,0.09321231108735102,0.6129569164954303,0.22919937205651486,0.6145996860282574,0.6145996860282574,"{0: 0.6417358152052028, 1: 0.6417358152052031}","{0: 0.6417358152052028, 1: 0.6417358152052031}",0.6417358152052031,"[[433 204]
 [287 350]]",[1. 0. 1. ... 0. 1. 0.],[0. 1. 1. ... 1. 0. 0.]
54,AdaBoost,"{'algorithm': 'SAMME.R', 'learning_rate': 0.26326530612244897, 'n_estimators': 30}",0.596446884229026,0.09923023443497855,0.20946420216677297,0.18642462217470204,0.6047321010833865,0.09321231108735102,0.6129569164954303,0.22919937205651486,0.6145996860282574,0.6145996860282574,"{0: 0.6417284218360694, 1: 0.6417284218360693}","{0: 0.6417284218360694, 1: 0.6417284218360693}",0.6417284218360693,"[[433 204]
 [287 350]]",[1. 0. 1. ... 0. 1. 0.],[0. 1. 1. ... 1. 0. 0.]
55,AdaBoost,"{'algorithm': 'SAMME.R', 'learning_rate': 0.26326530612244897, 'n_estimators': 30}",0.596446884229026,0.09923023443497855,0.20946420216677297,0.18642462217470204,0.6047321010833865,0.09321231108735102,0.6129569164954303,0.22919937205651486,0.6145996860282574,0.6145996860282574,"{0: 0.6417358152052028, 1: 0.6417358152052031}","{0: 0.6417358152052028, 1: 0.6417358152052031}",0.6417358152052031,"[[433 204]
 [287 350]]",[1. 0. 1. ... 0. 1. 0.],[0. 1. 1. ... 1. 0. 0.]
116,AdaBoost,"{'algorithm': 'SAMME.R', 'learning_rate': 0.26326530612244897, 'n_estimators': 30}",0.596446884229026,0.09923023443497855,0.20946420216677297,0.18642462217470204,0.6047321010833865,0.09321231108735102,0.6129569164954303,0.22919937205651486,0.6145996860282574,0.6145996860282574,"{0: 0.6417358152052028, 1: 0.6417358152052031}","{0: 0.6417358152052028, 1: 0.6417358152052031}",0.6417358152052031,"[[433 204]
 [287 350]]",[1. 0. 1. ... 0. 1. 0.],[0. 1. 1. ... 1. 0. 0.]
154,AdaBoost,"{'algorithm': 'SAMME.R', 'learning_rate': 0.26326530612244897, 'n_estimators': 30}",0.596446884229026,0.09923023443497855,0.20946420216677297,0.18642462217470204,0.6047321010833865,0.09321231108735102,0.6129569164954303,0.22919937205651486,0.6145996860282574,0.6145996860282574,"{0: 0.6417358152052028, 1: 0.6417358152052031}","{0: 0.6417358152052028, 1: 0.6417358152052031}",0.6417358152052031,"[[433 204]
 [287 350]]",[1. 0. 1. ... 0. 1. 0.],[0. 1. 1. ... 1. 0. 0.]
144,AdaBoost,"{'algorithm': 'SAMME.R', 'learning_rate': 0.26326530612244897, 'n_estimators': 30}",0.596446884229026,0.09923023443497855,0.20946420216677297,0.18642462217470204,0.6047321010833865,0.09321231108735102,0.6129569164954303,0.22919937205651486,0.6145996860282574,0.6145996860282574,"{0: 0.6417284218360694, 1: 0.6417284218360693}","{0: 0.6417284218360694, 1: 0.6417284218360693}",0.6417284218360693,"[[433 204]
 [287 350]]",[1. 0. 1. ... 0. 1. 0.],[0. 1. 1. ... 1. 0. 0.]
145,AdaBoost,"{'algorithm': 'SAMME.R', 'learning_rate': 0.26326530612244897, 'n_estimators': 30}",0.596446884229026,0.09923023443497855,0.20946420216677297,0.18642462217470204,0.6047321010833865,0.09321231108735102,0.6129569164954303,0.22919937205651486,0.6145996860282574,0.6145996860282574,"{0: 0.6417284218360694, 1: 0.6417284218360693}","{0: 0.6417284218360694, 1: 0.6417284218360693}",0.6417284218360693,"[[433 204]
 [287 350]]",[1. 0. 1. ... 0. 1. 0.],[0. 1. 1. ... 1. 0. 0.]
147,AdaBoost,"{'algorithm': 'SAMME.R', 'learning_rate': 0.26326530612244897, 'n_estimators': 30}",0.596446884229026,0.09923023443497855,0.20946420216677297,0.18642462217470204,0.6047321010833865,0.09321231108735102,0.6129569164954303,0.22919937205651486,0.6145996860282574,0.6145996860282574,"{0: 0.6417358152052028, 1: 0.6417358152052031}","{0: 0.6417358152052028, 1: 0.6417358152052031}",0.6417358152052031,"[[433 204]
 [287 350]]",[1. 0. 1. ... 0. 1. 0.],[0. 1. 1. ... 1. 0. 0.]
65,AdaBoost,"{'algorithm': 'SAMME.R', 'learning_rate': 0.26326530612244897, 'n_estimators': 30}",0.596446884229026,0.09923023443497855,0.20946420216677297,0.18642462217470204,0.6047321010833865,0.09321231108735102,0.6129569164954303,0.22919937205651486,0.6145996860282574,0.6145996860282574,"{0: 0.6417358152052028, 1: 0.6417358152052031}","{0: 0.6417358152052028, 1: 0.6417358152052031}",0.6417358152052031,"[[433 204]
 [287 350]]",[1. 0. 1. ... 0. 1. 0.],[0. 1. 1. ... 1. 0. 0.]
165,AdaBoost,"{'algorithm': 'SAMME.R', 'learning_rate': 0.26326530612244897, 'n_estimators': 30}",0.596446884229026,0.09923023443497855,0.20946420216677297,0.18642462217470204,0.6047321010833865,0.09321231108735102,0.6129569164954303,0.22919937205651486,0.6145996860282574,0.6145996860282574,"{0: 0.6417358152052028, 1: 0.6417358152052031}","{0: 0.6417358152052028, 1: 0.6417358152052031}",0.6417358152052031,"[[433 204]
 [287 350]]",[1. 0. 1. ... 0. 1. 0.],[0. 1. 1. ... 1. 0. 0.]
360,AdaBoost,"{'algorithm': 'SAMME', 'learning_rate': 0.8346938775510203, 'n_estimators': 96}",0.5965113792672821,0.09864557006198113,0.2086300253924868,0.1826364254521451,0.6043150126962434,0.09131821272607255,0.6108843537414966,0.2229199372056515,0.6114599686028257,0.6114599686028257,"{0: 0.6433734464683109, 1: 0.6433734464683107}","{0: 0.6433734464683109, 1: 0.6433734464683107}",0.6433734464683107,"[[414 223]
 [272 365]]",[1. 0. 1. ... 0. 1. 0.],[0. 1. 1. ... 1. 0. 0.]
195,AdaBoost,"{'algorithm': 'SAMME', 'learning_rate': 1.3244897959183672, 'n_estimators': 85}",0.5989344984794264,0.09314060789777065,0.2080573572052847,0.18202939304939236,0.6040286786026424,0.09101469652469618,0.6098879467082998,0.21978021978021978,0.6098901098901099,0.6098901098901099,"{0: 0.6431947733809138, 1: 0.6431947733809137}","{0: 0.6431947733809138, 1: 0.6431947733809137}",0.6431947733809137,"[[387 250]
 [247 390]]",[1. 0. 1. ... 0. 1. 0.],[0. 1. 1. ... 1. 0. 0.]
196,AdaBoost,"{'algorithm': 'SAMME', 'learning_rate': 1.3244897959183672, 'n_estimators': 85}",0.5989344984794264,0.09314060789777065,0.2080573572052847,0.18202939304939236,0.6040286786026424,0.09101469652469618,0.6098879467082998,0.21978021978021978,0.6098901098901099,0.6098901098901099,"{0: 0.6432095601191811, 1: 0.6432095601191811}","{0: 0.6432095601191811, 1: 0.6432095601191811}",0.6432095601191811,"[[387 250]
 [247 390]]",[1. 0. 1. ... 0. 1. 0.],[0. 1. 1. ... 1. 0. 0.]
179,AdaBoost,"{'algorithm': 'SAMME', 'learning_rate': 1.3244897959183672, 'n_estimators': 85}",0.5989344984794264,0.09314060789777065,0.2080573572052847,0.18202939304939236,0.6040286786026424,0.09101469652469618,0.6098879467082998,0.21978021978021978,0.6098901098901099,0.6098901098901099,"{0: 0.6431947733809138, 1: 0.6431947733809137}","{0: 0.6431947733809138, 1: 0.6431947733809137}",0.6431947733809137,"[[387 250]
 [247 390]]",[1. 0. 1. ... 0. 1. 0.],[0. 1. 1. ... 1. 0. 0.]
185,AdaBoost,"{'algorithm': 'SAMME', 'learning_rate': 1.3244897959183672, 'n_estimators': 85}",0.5989344984794264,0.09314060789777065,0.2080573572052847,0.18202939304939236,0.6040286786026424,0.09101469652469618,0.6098879467082998,0.21978021978021978,0.6098901098901099,0.6098901098901099,"{0: 0.6432095601191811, 1: 0.6432095601191811}","{0: 0.6432095601191811, 1: 0.6432095601191811}",0.6432095601191811,"[[387 250]
 [247 390]]",[1. 0. 1. ... 0. 1. 0.],[0. 1. 1. ... 1. 0. 0.]
190,AdaBoost,"{'algorithm': 'SAMME', 'learning_rate': 1.3244897959183672, 'n_estimators': 85}",0.5989344984794264,0.09314060789777065,0.2080573572052847,0.18202939304939236,0.6040286786026424,0.09101469652469618,0.6098879467082998,0.21978021978021978,0.6098901098901099,0.6098901098901099,"{0: 0.6431454842533559, 1: 0.6431454842533559}","{0: 0.6431454842533559, 1: 0.6431454842533559}",0.6431454842533559,"[[387 250]
 [247 390]]",[1. 0. 1. ... 0. 1. 0.],[0. 1. 1. ... 1. 0. 0.]
711,AdaBoost,"{'algorithm': 'SAMME', 'learning_rate': 0.8346938775510203, 'n_estimators': 96}",0.5961514736106834,0.0981981209666219,0.2079157396782011,0.18173771372853012,0.6039578698391005,0.09086885686426505,0.6101668147270755,0.22135007849293564,0.6106750392464678,0.6106750392464678,"{0: 0.6418380901448855, 1: 0.6418380901448855}","{0: 0.6418380901448855, 1: 0.6418380901448855}",0.6418380901448855,"[[412 225]
 [271 366]]",[1. 0. 1. ... 0. 1. 0.],[0. 1. 1. ... 1. 0. 0.]
413,AdaBoost,"{'algorithm': 'SAMME', 'learning_rate': 0.42653061224489797, 'n_estimators': 41}",0.5913757816427102,0.0821021731571424,0.20684074378192904,0.14919610873719133,0.6034203718909645,0.07459805436859566,0.607907196969697,0.22448979591836737,0.6122448979591837,0.6122448979591837,"{0: 0.639385956048885, 1: 0.6393859560488849}","{0: 0.639385956048885, 1: 0.6393859560488849}",0.6393859560488849,"[[457 180]
 [314 323]]",[1. 0. 1. ... 0. 1. 0.],[0. 1. 1. ... 1. 0. 0.]
324,AdaBoost,"{'algorithm': 'SAMME', 'learning_rate': 0.42653061224489797, 'n_estimators': 41}",0.5913757816427102,0.0821021731571424,0.20684074378192904,0.14919610873719133,0.6034203718909645,0.07459805436859566,0.607907196969697,0.22448979591836737,0.6122448979591837,0.6122448979591837,"{0: 0.639385956048885, 1: 0.6393859560488849}","{0: 0.639385956048885, 1: 0.6393859560488849}",0.6393859560488849,"[[457 180]
 [314 323]]",[1. 0. 1. ... 0. 1. 0.],[0. 1. 1. ... 1. 0. 0.]
533,AdaBoost,"{'algorithm': 'SAMME', 'learning_rate': 1.2428571428571429, 'n_estimators': 30}",0.5942613409020905,0.09821728875080316,0.206449738047961,0.1705676045797179,0.6032248690239805,0.08528380228985896,0.6113332926565456,0.2229199372056515,0.6114599686028257,0.6114599686028257,"{0: 0.6270377973674678, 1: 0.6270377973674677}","{0: 0.6270377973674678, 1: 0.6270377973674677}",0.6270377973674677,"[[401 236]
 [259 378]]",[1. 0. 1. ... 0. 1. 0.],[0. 1. 1. ... 1. 0. 0.]
970,AdaBoost,"{'algorithm': 'SAMME', 'learning_rate': 0.8346938775510203, 'n_estimators': 85}",0.5950196390873277,0.09772868788899869,0.2061355249663566,0.1831030742334607,0.6030677624831783,0.09155153711673035,0.6115978306216103,0.22448979591836737,0.6122448979591837,0.6122448979591837,"{0: 0.6430296548035951, 1: 0.6430296548035952}","{0: 0.6430296548035951, 1: 0.6430296548035952}",0.6430296548035952,"[[416 221]
 [273 364]]",[1. 0. 1. ... 0. 1. 0.],[0. 1. 1. ... 1. 0. 0.]
634,AdaBoost,"{'algorithm': 'SAMME', 'learning_rate': 0.5897959183673469, 'n_estimators': 74}",0.5951257964018434,0.09482100689176055,0.205734559625961,0.17899828066013507,0.6028672798129805,0.08949914033006755,0.6122859496893627,0.2276295133437991,0.6138147566718996,0.6138147566718994,"{0: 0.6496011277352385, 1: 0.6496011277352385}","{0: 0.6496011277352385, 1: 0.6496011277352385}",0.6496011277352385,"[[431 206]
 [286 351]]",[1. 0. 1. ... 0. 1. 0.],[0. 1. 1. ... 1. 0. 0.]
215,AdaBoost,"{'algorithm': 'SAMME', 'learning_rate': 0.42653061224489797, 'n_estimators': 41}",0.5906708496855096,0.08080535082144603,0.20541217235335762,0.14652938469552032,0.6027060861766789,0.07326469234776015,0.6064502146168659,0.22135007849293564,0.6106750392464678,0.6106750392464678,"{0: 0.6397728757002137, 1: 0.6397728757002137}","{0: 0.6397728757002137, 1: 0.6397728757002137}",0.6397728757002137,"[[455 182]
 [314 323]]",[1. 0. 1. ... 0. 1. 0.],[0. 1. 1. ... 1. 0. 0.]
426,AdaBoost,"{'algorithm': 'SAMME', 'learning_rate': 0.5897959183673469, 'n_estimators': 96}",0.59455029218912,0.09706915164958685,0.20479482295834706,0.1837867466158597,0.6023974114791735,0.09189337330792985,0.6111320585330821,0.22605965463108324,0.6130298273155416,0.6130298273155417,"{0: 0.647397903733405, 1: 0.647397903733405}","{0: 0.647397903733405, 1: 0.647397903733405}",0.647397903733405,"[[435 202]
 [291 346]]",[1. 0. 1. ... 0. 1. 0.],[0. 1. 1. ... 1. 0. 0.]
34,randomforest,"{'criterion': 'gini', 'max_features': 'log2', 'n_estimators': 373}",0.5983820356485432,0.06866772062015333,0.2041802997559678,0.1377510418584367,0.6020901498779839,0.06887552092921835,0.6051686139540501,0.2103610675039247,0.6051805337519623,0.6051805337519623,"{0: 0.6305188420012371, 1: 0.6305188420012372}","{0: 0.6305188420012371, 1: 0.6305188420012372}",0.6305188420012372,"[[382 255]
 [248 389]]",[1. 0. 1. ... 0. 1. 0.],[0. 1. 1. ... 1. 0. 0.]
632,AdaBoost,"{'algorithm': 'SAMME.R', 'learning_rate': 0.8346938775510203, 'n_estimators': 74}",0.5980287374236917,0.08066464716985905,0.2033491899723093,0.1590172690560653,0.6016745949861546,0.07950863452803264,0.6145804515725557,0.22919937205651486,0.6145996860282574,0.6145996860282574,"{0: 0.6429347732330464, 1: 0.6429347732330464}","{0: 0.6429347732330464, 1: 0.6429347732330464}",0.6429347732330464,"[[396 241]
 [250 387]]",[1. 0. 1. ... 0. 1. 0.],[0. 1. 1. ... 1. 0. 0.]
571,AdaBoost,"{'algorithm': 'SAMME.R', 'learning_rate': 0.8346938775510203, 'n_estimators': 74}",0.5980287374236917,0.08066464716985905,0.2033491899723093,0.1590172690560653,0.6016745949861546,0.07950863452803264,0.6145804515725557,0.22919937205651486,0.6145996860282574,0.6145996860282574,"{0: 0.6429347732330464, 1: 0.6429347732330464}","{0: 0.6429347732330464, 1: 0.6429347732330464}",0.6429347732330464,"[[396 241]
 [250 387]]",[1. 0. 1. ... 0. 1. 0.],[0. 1. 1. ... 1. 0. 0.]
731,AdaBoost,"{'algorithm': 'SAMME', 'learning_rate': 0.5897959183673469, 'n_estimators': 85}",0.5937644595950564,0.09507272563352684,0.2032620417299137,0.17981289552727384,0.6016310208649568,0.08990644776363692,0.6106318425689453,0.22448979591836737,0.6122448979591837,0.6122448979591837,"{0: 0.6488568619091157, 1: 0.6488568619091157}","{0: 0.6488568619091157, 1: 0.6488568619091157}",0.6488568619091157,"[[431 206]
 [288 349]]",[1. 0. 1. ... 0. 1. 0.],[0. 1. 1. ... 1. 0. 0.]
720,AdaBoost,"{'algorithm': 'SAMME', 'learning_rate': 0.42653061224489797, 'n_estimators': 74}",0.5913787492625652,0.08112207958649045,0.20284283838423975,0.15313215521561674,0.6014214191921199,0.07656607760780837,0.6126006260348067,0.23076923076923073,0.6153846153846154,0.6153846153846154,"{0: 0.6504230239372648, 1: 0.6504230239372648}","{0: 0.6504230239372648, 1: 0.6504230239372648}",0.6504230239372648,"[[446 191]
 [299 338]]",[1. 0. 1. ... 0. 1. 0.],[0. 1. 1. ... 1. 0. 0.]
627,AdaBoost,"{'algorithm': 'SAMME', 'learning_rate': 0.42653061224489797, 'n_estimators': 74}",0.5910239704671715,0.08044450446925372,0.20212855266995405,0.15178007651882136,0.601064276334977,0.07589003825941068,0.611861801769268,0.22919937205651486,0.6145996860282574,0.6145996860282574,"{0: 0.6504378106755321, 1: 0.6504378106755322}","{0: 0.6504378106755321, 1: 0.6504378106755322}",0.6504378106755322,"[[445 192]
 [299 338]]",[1. 0. 1. ... 0. 1. 0.],[0. 1. 1. ... 1. 0. 0.]
420,AdaBoost,"{'algorithm': 'SAMME.R', 'learning_rate': 0.9163265306122448, 'n_estimators': 52}",0.5967730265629965,0.07642486890104896,0.2018231274188766,0.14993810566468332,0.6009115637094383,0.07496905283234165,0.611373531396456,0.2229199372056515,0.6114599686028257,0.6114599686028257,"{0: 0.6362203618314853, 1: 0.6362203618314854}","{0: 0.6362203618314853, 1: 0.6362203618314854}",0.6362203618314854,"[[399 238]
 [257 380]]",[0. 0. 1. ... 0. 1. 0.],[0. 1. 1. ... 1. 0. 0.]
683,AdaBoost,"{'algorithm': 'SAMME', 'learning_rate': 0.8346938775510203, 'n_estimators': 30}",0.5934120240819264,0.10262641093473925,0.20163484895016334,0.1937574796984499,0.6008174244750817,0.09687873984922495,0.6108363288541939,0.2229199372056515,0.6114599686028257,0.6114599686028257,"{0: 0.6410001749764029, 1: 0.6410001749764027}","{0: 0.6410001749764029, 1: 0.6410001749764027}",0.6410001749764027,"[[415 222]
 [273 364]]",[1. 0. 1. ... 0. 1. 0.],[0. 1. 1. ... 1. 0. 0.]
675,AdaBoost,"{'algorithm': 'SAMME.R', 'learning_rate': 0.1, 'n_estimators': 74}",0.5931079855129978,0.09608619160029482,0.20129415240976667,0.18249053913966337,0.6006470762048832,0.09124526956983169,0.6099602000204102,0.2229199372056515,0.6114599686028257,0.6114599686028257,"{0: 0.6427499390047047, 1: 0.6427499390047045}","{0: 0.6427499390047047, 1: 0.6427499390047045}",0.6427499390047045,"[[429 208]
 [287 350]]",[1. 0. 1. ... 0. 1. 0.],[0. 1. 1. ... 1. 0. 0.]
764,AdaBoost,"{'algorithm': 'SAMME.R', 'learning_rate': 0.1, 'n_estimators': 74}",0.5931079855129978,0.09608619160029482,0.20129415240976667,0.18249053913966337,0.6006470762048832,0.09124526956983169,0.6099602000204102,0.2229199372056515,0.6114599686028257,0.6114599686028257,"{0: 0.6427499390047047, 1: 0.6427499390047045}","{0: 0.6427499390047047, 1: 0.6427499390047045}",0.6427499390047045,"[[429 208]
 [287 350]]",[1. 0. 1. ... 0. 1. 0.],[0. 1. 1. ... 1. 0. 0.]
537,randomforest,"{'criterion': 'gini', 'max_features': None, 'n_estimators': 397}",0.5960680285121613,0.07250156789135288,0.201248072871395,0.14597388083353216,0.6006240364356975,0.07298694041676607,0.6075266167192428,0.21507064364207218,0.6075353218210361,0.6075353218210361,"{0: 0.6267593137967662, 1: 0.6267593137967662}","{0: 0.6267593137967662, 1: 0.6267593137967662}",0.6267593137967662,"[[384 253]
 [247 390]]",[1. 0. 1. ... 0. 1. 0.],[0. 1. 1. ... 1. 0. 0.]
316,AdaBoost,"{'algorithm': 'SAMME', 'learning_rate': 1.2428571428571429, 'n_estimators': 63}",0.592075111329123,0.08677385877306668,0.2012187444881113,0.14413965647221808,0.6006093722440556,0.07206982823610904,0.6090435168410545,0.2182103610675039,0.609105180533752,0.609105180533752,"{0: 0.6354305035623717, 1: 0.6354305035623717}","{0: 0.6354305035623717, 1: 0.6354305035623717}",0.6354305035623717,"[[396 241]
 [257 380]]",[1. 0. 1. ... 0. 1. 0.],[0. 1. 1. ... 1. 0. 0.]
423,AdaBoost,"{'algorithm': 'SAMME', 'learning_rate': 1.2428571428571429, 'n_estimators': 63}",0.592075111329123,0.08677385877306668,0.2012187444881113,0.14413965647221808,0.6006093722440556,0.07206982823610904,0.6090435168410545,0.2182103610675039,0.609105180533752,0.609105180533752,"{0: 0.6354305035623717, 1: 0.6354305035623717}","{0: 0.6354305035623717, 1: 0.6354305035623717}",0.6354305035623717,"[[396 241]
 [257 380]]",[1. 0. 1. ... 0. 1. 0.],[0. 1. 1. ... 1. 0. 0.]
542,AdaBoost,"{'algorithm': 'SAMME.R', 'learning_rate': 0.8346938775510203, 'n_estimators': 74}",0.5969651735365984,0.07882511104863639,0.20120633282945213,0.15532332511660096,0.600603166414726,0.07766166255830048,0.6122210063488308,0.22448979591836737,0.6122448979591837,0.6122448979591837,"{0: 0.6411024499160853, 1: 0.6411024499160852}","{0: 0.6411024499160853, 1: 0.6411024499160852}",0.6411024499160852,"[[395 242]
 [252 385]]",[1. 0. 1. ... 0. 1. 0.],[0. 1. 1. ... 1. 0. 0.]
335,AdaBoost,"{'algorithm': 'SAMME', 'learning_rate': 0.9163265306122448, 'n_estimators': 41}",0.59404332823959,0.08835084868677442,0.20117288611053494,0.1684478576532988,0.6005864430552674,0.0842239288266494,0.607873542693281,0.21664050235478804,0.6083202511773941,0.608320251177394,"{0: 0.6413698434330863, 1: 0.6413698434330863}","{0: 0.6413698434330863, 1: 0.6413698434330863}",0.6413698434330863,"[[409 228]
 [271 366]]",[1. 0. 1. ... 0. 1. 0.],[0. 1. 1. ... 1. 0. 0.]
153,AdaBoost,"{'algorithm': 'SAMME.R', 'learning_rate': 0.1, 'n_estimators': 74}",0.5927530358222307,0.09545458714742545,0.20057986669548092,0.18121064738548426,0.6002899333477404,0.09060532369274213,0.6091338029388697,0.22135007849293564,0.6106750392464678,0.6106750392464678,"{0: 0.6427807447094281, 1: 0.6427807447094283}","{0: 0.6427807447094281, 1: 0.6427807447094283}",0.6427807447094283,"[[429 208]
 [288 349]]",[1. 0. 1. ... 0. 1. 0.],[0. 1. 1. ... 1. 0. 0.]
653,randomforest,"{'criterion': 'gini', 'max_features': 'sqrt', 'n_estimators': 109}",0.593240782239966,0.07148003859011934,0.19981057656352655,0.13609443971928467,0.5999052882817634,0.06804721985964232,0.6011929850507143,0.20251177394034536,0.6012558869701727,0.6012558869701727,"{0: 0.6284018739726298, 1: 0.6284018739726298}","{0: 0.6284018739726298, 1: 0.6284018739726298}",0.6284018739726298,"[[375 262]
 [246 391]]",[1. 0. 1. ... 0. 1. 0.],[0. 1. 1. ... 1. 0. 0.]
597,AdaBoost,"{'algorithm': 'SAMME', 'learning_rate': 1.3244897959183672, 'n_estimators': 74}",0.5930585685727034,0.10885040603489712,0.1995902546072755,0.20063103345318678,0.5997951273036377,0.10031551672659339,0.6122296076677191,0.22448979591836737,0.6122448979591837,0.6122448979591837,"{0: 0.6408325919427064, 1: 0.6408325919427063}","{0: 0.6408325919427064, 1: 0.6408325919427063}",0.6408325919427063,"[[394 243]
 [251 386]]",[1. 0. 1. ... 0. 1. 0.],[0. 1. 1. ... 1. 0. 0.]
81,AdaBoost,"{'algorithm': 'SAMME.R', 'learning_rate': 0.1816326530612245, 'n_estimators': 52}",0.5930188399227628,0.09913361449721468,0.19927661354529683,0.19212011228048503,0.5996383067726484,0.09606005614024252,0.6071679493794472,0.21664050235478804,0.6083202511773941,0.608320251177394,"{0: 0.6408646298756189, 1: 0.6408646298756189}","{0: 0.6408646298756189, 1: 0.6408646298756189}",0.6408646298756189,"[[422 215]
 [284 353]]",[1. 0. 1. ... 0. 1. 0.],[0. 1. 1. ... 1. 0. 0.]
32,randomforest,"{'criterion': 'gini', 'max_features': 'log2', 'n_estimators': 249}",0.5953419341234982,0.0648491495542312,0.199239960663371,0.13099638896847282,0.5996199803316855,0.06549819448423641,0.6043605030894702,0.20879120879120883,0.6043956043956044,0.6043956043956045,"{0: 0.6271289822534496, 1: 0.6271289822534497}","{0: 0.6271289822534496, 1: 0.6271289822534497}",0.6271289822534497,"[[379 258]
 [246 391]]",[1. 0. 1. ... 0. 1. 0.],[0. 1. 1. ... 1. 0. 0.]
240,AdaBoost,"{'algorithm': 'SAMME', 'learning_rate': 0.9163265306122448, 'n_estimators': 41}",0.5929727253990758,0.08670990619344396,0.19903002896767777,0.16516878582501213,0.5995150144838388,0.08258439291250605,0.6054948986515662,0.21193092621664045,0.6059654631083202,0.6059654631083202,"{0: 0.6417222606951245, 1: 0.6417222606951246}","{0: 0.6417222606951245, 1: 0.6417222606951246}",0.6417222606951246,"[[408 229]
 [273 364]]",[1. 0. 1. ... 0. 1. 0.],[0. 1. 1. ... 1. 0. 0.]
507,AdaBoost,"{'algorithm': 'SAMME', 'learning_rate': 0.9163265306122448, 'n_estimators': 41}",0.5929727253990758,0.08670990619344396,0.19903002896767777,0.16516878582501213,0.5995150144838388,0.08258439291250605,0.6054948986515662,0.21193092621664045,0.6059654631083202,0.6059654631083202,"{0: 0.6417222606951245, 1: 0.6417222606951246}","{0: 0.6417222606951245, 1: 0.6417222606951246}",0.6417222606951246,"[[408 229]
 [273 364]]",[1. 0. 1. ... 0. 1. 0.],[0. 1. 1. ... 1. 0. 0.]
430,AdaBoost,"{'algorithm': 'SAMME', 'learning_rate': 0.7530612244897958, 'n_estimators': 41}",0.5907576718052023,0.09307487890457943,0.19890878363633013,0.17597183021038637,0.5994543918181651,0.08798591510519319,0.6079883740759688,0.2182103610675039,0.609105180533752,0.609105180533752,"{0: 0.6454214097183373, 1: 0.6454214097183373}","{0: 0.6454214097183373, 1: 0.6454214097183373}",0.6454214097183373,"[[422 215]
 [283 354]]",[1. 0. 1. ... 0. 1. 0.],[0. 1. 1. ... 1. 0. 0.]
356,AdaBoost,"{'algorithm': 'SAMME', 'learning_rate': 0.7530612244897958, 'n_estimators': 41}",0.5907576718052023,0.09307487890457943,0.19890878363633013,0.17597183021038637,0.5994543918181651,0.08798591510519319,0.6079883740759688,0.2182103610675039,0.609105180533752,0.609105180533752,"{0: 0.6454214097183373, 1: 0.6454214097183373}","{0: 0.6454214097183373, 1: 0.6454214097183373}",0.6454214097183373,"[[422 215]
 [283 354]]",[1. 0. 1. ... 0. 1. 0.],[0. 1. 1. ... 1. 0. 0.]
264,AdaBoost,"{'algorithm': 'SAMME', 'learning_rate': 0.7530612244897958, 'n_estimators': 41}",0.5907576718052023,0.09307487890457943,0.19890878363633013,0.17597183021038637,0.5994543918181651,0.08798591510519319,0.6079883740759688,0.2182103610675039,0.609105180533752,0.609105180533752,"{0: 0.6454214097183373, 1: 0.6454214097183373}","{0: 0.6454214097183373, 1: 0.6454214097183373}",0.6454214097183373,"[[422 215]
 [283 354]]",[1. 0. 1. ... 0. 1. 0.],[0. 1. 1. ... 1. 0. 0.]
610,AdaBoost,"{'algorithm': 'SAMME', 'learning_rate': 1.1612244897959183, 'n_estimators': 74}",0.5926057019192981,0.0856038591043545,0.19890208645734264,0.16358576701301436,0.5994510432286713,0.08179288350650718,0.6160216857088442,0.2323390894819466,0.6161695447409733,0.6161695447409733,"{0: 0.6427031143335247, 1: 0.6427031143335247}","{0: 0.6427031143335247, 1: 0.6427031143335247}",0.6427031143335247,"[[405 232]
 [257 380]]",[1. 0. 1. ... 0. 1. 0.],[0. 1. 1. ... 1. 0. 0.]
628,randomforest,"{'criterion': 'gini', 'max_features': 'log2', 'n_estimators': 237}",0.5939982215085344,0.06892726374818157,0.19875375299118572,0.13654321709655948,0.5993768764955929,0.06827160854827972,0.6051686139540501,0.2103610675039247,0.6051805337519623,0.6051805337519623,"{0: 0.6293901209801636, 1: 0.6293901209801637}","{0: 0.6293901209801636, 1: 0.6293901209801637}",0.6293901209801637,"[[382 255]
 [248 389]]",[1. 0. 1. ... 0. 1. 0.],[0. 1. 1. ... 1. 0. 0.]
117,AdaBoost,"{'algorithm': 'SAMME.R', 'learning_rate': 1.4877551020408164, 'n_estimators': 30}",0.5940581621010177,0.07928647299053805,0.19867050805756162,0.1546201550675591,0.5993352540287807,0.07731007753377957,0.6114482383842044,0.2229199372056515,0.6114599686028257,0.6114599686028257,"{0: 0.635468702636229, 1: 0.6354687026362289}","{0: 0.635468702636229, 1: 0.6354687026362289}",0.6354687026362289,"[[393 244]
 [251 386]]",[0. 0. 1. ... 0. 1. 0.],[0. 1. 1. ... 1. 0. 0.]
898,AdaBoost,"{'algorithm': 'SAMME.R', 'learning_rate': 0.9163265306122448, 'n_estimators': 63}",0.5950364241790723,0.08731291844860005,0.19842273365237026,0.17356066613021306,0.5992113668261851,0.08678033306510652,0.6098206357334635,0.21978021978021978,0.6098901098901099,0.6098901098901099,"{0: 0.6342894602594087, 1: 0.6342894602594087}","{0: 0.6342894602594087, 1: 0.6342894602594087}",0.6342894602594087,"[[397 240]
 [257 380]]",[1. 0. 1. ... 0. 1. 0.],[0. 1. 1. ... 1. 0. 0.]
51,randomforest,"{'criterion': 'gini', 'max_features': 'log2', 'n_estimators': 349}",0.5944180768591851,0.06868776462894907,0.19822585492445707,0.13622732985165353,0.5991129274622284,0.06811366492582677,0.609096510252366,0.2182103610675039,0.609105180533752,0.609105180533752,"{0: 0.6281320159992507, 1: 0.6281320159992508}","{0: 0.6281320159992507, 1: 0.6281320159992508}",0.6281320159992508,"[[385 252]
 [246 391]]",[1. 0. 1. ... 0. 1. 0.],[0. 1. 1. ... 1. 0. 0.]
177,randomforest,"{'criterion': 'entropy', 'max_features': 'sqrt', 'n_estimators': 457}",0.5946255320729502,0.06826456013386713,0.19819553528296802,0.1369069603951071,0.5990977676414839,0.06845348019755355,0.6020405711381175,0.20408163265306123,0.6020408163265306,0.6020408163265306,"{0: 0.6301812114774662, 1: 0.6301812114774663}","{0: 0.6301812114774662, 1: 0.6301812114774663}",0.6301812114774663,"[[384 253]
 [254 383]]",[1. 0. 1. ... 0. 1. 0.],[0. 1. 1. ... 1. 0. 0.]
527,AdaBoost,"{'algorithm': 'SAMME', 'learning_rate': 0.7530612244897958, 'n_estimators': 41}",0.5904028930098089,0.09248253292241013,0.1981944979220444,0.17478043259032539,0.5990972489610222,0.08739021629516269,0.6072980156913761,0.21664050235478804,0.6083202511773941,0.608320251177394,"{0: 0.6454448220539273, 1: 0.6454448220539273}","{0: 0.6454448220539273, 1: 0.6454448220539273}",0.6454448220539273,"[[420 217]
 [282 355]]",[1. 0. 1. ... 0. 1. 0.],[0. 1. 1. ... 1. 0. 0.]
990,AdaBoost,"{'algorithm': 'SAMME', 'learning_rate': 0.9163265306122448, 'n_estimators': 63}",0.5917527755180582,0.0908495632191912,0.19809164742584795,0.17223575619641784,0.599045823712924,0.08611787809820891,0.6053079169474664,0.21193092621664045,0.6059654631083202,0.6059654631083202,"{0: 0.6402214067609897, 1: 0.6402214067609896}","{0: 0.6402214067609897, 1: 0.6402214067609896}",0.6402214067609896,"[[412 225]
 [277 360]]",[1. 0. 1. ... 0. 1. 0.],[0. 1. 1. ... 1. 0. 0.]
814,AdaBoost,"{'algorithm': 'SAMME', 'learning_rate': 0.9163265306122448, 'n_estimators': 63}",0.5917527755180582,0.0908495632191912,0.19809164742584795,0.17223575619641784,0.599045823712924,0.08611787809820891,0.6053079169474664,0.21193092621664045,0.6059654631083202,0.6059654631083202,"{0: 0.6402214067609897, 1: 0.6402214067609896}","{0: 0.6402214067609897, 1: 0.6402214067609896}",0.6402214067609896,"[[412 225]
 [277 360]]",[1. 0. 1. ... 0. 1. 0.],[0. 1. 1. ... 1. 0. 0.]
845,randomforest,"{'criterion': 'gini', 'max_features': 'log2', 'n_estimators': 359}",0.594075203758837,0.07008330075997549,0.19779583421774974,0.14077589068953858,0.5988979171088749,0.07038794534476929,0.6043917045580569,0.20879120879120883,0.6043956043956044,0.6043956043956045,"{0: 0.624770497499809, 1: 0.624770497499809}","{0: 0.624770497499809, 1: 0.624770497499809}",0.624770497499809,"[[383 254]
 [250 387]]",[1. 0. 1. ... 0. 1. 0.],[0. 1. 1. ... 1. 0. 0.]
694,AdaBoost,"{'algorithm': 'SAMME', 'learning_rate': 0.9979591836734693, 'n_estimators': 96}",0.5936825304128467,0.08593751296660788,0.1977783776852963,0.16372739266270736,0.5988891888426481,0.08186369633135368,0.6056505814598774,0.21193092621664045,0.6059654631083202,0.6059654631083202,"{0: 0.6385960977797712, 1: 0.6385960977797712}","{0: 0.6385960977797712, 1: 0.6385960977797712}",0.6385960977797712,"[[404 233]
 [269 368]]",[1. 0. 1. ... 0. 1. 0.],[0. 1. 1. ... 1. 0. 0.]
908,AdaBoost,"{'algorithm': 'SAMME', 'learning_rate': 0.5897959183673469, 'n_estimators': 63}",0.5898333768464997,0.09748131177672348,0.19668825041848234,0.18428441919882182,0.5983441252092412,0.09214220959941091,0.6063116370808678,0.21664050235478804,0.6083202511773941,0.608320251177394,"{0: 0.6463295618935897, 1: 0.6463295618935897}","{0: 0.6463295618935897, 1: 0.6463295618935897}",0.6463295618935897,"[[433 204]
 [295 342]]",[1. 0. 1. ... 0. 1. 0.],[0. 1. 1. ... 1. 0. 0.]
817,AdaBoost,"{'algorithm': 'SAMME', 'learning_rate': 0.5897959183673469, 'n_estimators': 63}",0.5898333768464997,0.09748131177672348,0.19668825041848234,0.18428441919882182,0.5983441252092412,0.09214220959941091,0.6063116370808678,0.21664050235478804,0.6083202511773941,0.608320251177394,"{0: 0.646637618940826, 1: 0.6466376189408258}","{0: 0.646637618940826, 1: 0.6466376189408258}",0.6466376189408258,"[[433 204]
 [295 342]]",[1. 0. 1. ... 0. 1. 0.],[0. 1. 1. ... 1. 0. 0.]
354,AdaBoost,"{'algorithm': 'SAMME', 'learning_rate': 0.5081632653061224, 'n_estimators': 63}",0.589238271635471,0.08818565835329369,0.19665560138711213,0.1636170810816528,0.598327800693556,0.0818085405408264,0.6034151663736322,0.2103610675039247,0.6051805337519623,0.6051805337519622,"{0: 0.6443000820663973, 1: 0.6443000820663973}","{0: 0.6443000820663973, 1: 0.6443000820663973}",0.6443000820663973,"[[428 209]
 [294 343]]",[1. 0. 1. ... 0. 1. 0.],[0. 1. 1. ... 1. 0. 0.]
250,randomforest,"{'criterion': 'gini', 'max_features': None, 'n_estimators': 433}",0.5932171067608681,0.08550435841142812,0.19586082252387482,0.1721783002022819,0.5979304112619374,0.08608915010114093,0.5988988747845899,0.19780219780219777,0.5989010989010989,0.598901098901099,"{0: 0.6213646187855653, 1: 0.6213646187855651}","{0: 0.6213646187855653, 1: 0.6213646187855651}",0.6213646187855651,"[[380 257]
 [254 383]]",[1. 0. 1. ... 0. 1. 0.],[0. 1. 1. ... 1. 0. 0.]
267,AdaBoost,"{'algorithm': 'SAMME', 'learning_rate': 0.8346938775510203, 'n_estimators': 41}",0.5916028143106322,0.10281121541546516,0.1957885689423347,0.19433121832064496,0.5978942844711674,0.09716560916032248,0.6093121693121692,0.21978021978021978,0.6098901098901099,0.6098901098901099,"{0: 0.6392220696997554, 1: 0.6392220696997553}","{0: 0.6392220696997554, 1: 0.6392220696997553}",0.6392220696997553,"[[413 224]
 [273 364]]",[1. 0. 1. ... 0. 1. 0.],[0. 1. 1. ... 1. 0. 0.]
506,AdaBoost,"{'algorithm': 'SAMME', 'learning_rate': 0.42653061224489797, 'n_estimators': 30}",0.5826100557602181,0.08478427259673944,0.195712680781148,0.14952729961582462,0.597856340390574,0.0747636498079123,0.6071450060168472,0.2276295133437991,0.6138147566718996,0.6138147566718996,"{0: 0.6378124006516023, 1: 0.6378124006516024}","{0: 0.6378124006516023, 1: 0.6378124006516024}",0.6378124006516024,"[[474 163]
 [329 308]]",[1. 0. 1. ... 0. 1. 0.],[0. 1. 1. ... 1. 0. 0.]
27,randomforest,"{'criterion': 'gini', 'max_features': 'sqrt', 'n_estimators': 365}",0.5937810654512692,0.06909045400094382,0.19548296974768445,0.13857511005071008,0.5977414848738423,0.06928755502535502,0.6020386096199356,0.20408163265306123,0.6020408163265306,0.6020408163265306,"{0: 0.6285374190734137, 1: 0.6285374190734137}","{0: 0.6285374190734137, 1: 0.6285374190734137}",0.6285374190734137,"[[385 252]
 [255 382]]",[1. 0. 1. ... 0. 1. 0.],[0. 1. 1. ... 1. 0. 0.]
132,AdaBoost,"{'algorithm': 'SAMME.R', 'learning_rate': 0.7530612244897958, 'n_estimators': 85}",0.5938638579784378,0.08086377963689687,0.19534821457478213,0.15993548205404254,0.597674107287391,0.07996774102702127,0.614570952367749,0.22919937205651486,0.6145996860282574,0.6145996860282574,"{0: 0.6361710727039276, 1: 0.6361710727039276}","{0: 0.6361710727039276, 1: 0.6361710727039276}",0.6361710727039276,"[[397 240]
 [251 386]]",[1. 0. 1. ... 0. 1. 0.],[0. 1. 1. ... 1. 0. 0.]
471,AdaBoost,"{'algorithm': 'SAMME', 'learning_rate': 0.6714285714285714, 'n_estimators': 41}",0.5879341608316757,0.08991156546094774,0.19493682894046238,0.16924673195540013,0.5974684144702312,0.08462336597770005,0.6063993858174602,0.21664050235478804,0.6083202511773941,0.608320251177394,"{0: 0.6432218824010706, 1: 0.6432218824010706}","{0: 0.6432218824010706, 1: 0.6432218824010706}",0.6432218824010706,"[[432 205]
 [294 343]]",[1. 0. 1. ... 0. 1. 0.],[0. 1. 1. ... 1. 0. 0.]
290,AdaBoost,"{'algorithm': 'SAMME', 'learning_rate': 0.6714285714285714, 'n_estimators': 41}",0.5879341608316757,0.08991156546094774,0.19493682894046238,0.16924673195540013,0.5974684144702312,0.08462336597770005,0.6063993858174602,0.21664050235478804,0.6083202511773941,0.608320251177394,"{0: 0.6432218824010706, 1: 0.6432218824010706}","{0: 0.6432218824010706, 1: 0.6432218824010706}",0.6432218824010706,"[[432 205]
 [294 343]]",[1. 0. 1. ... 0. 1. 0.],[0. 1. 1. ... 1. 0. 0.]
99,AdaBoost,"{'algorithm': 'SAMME', 'learning_rate': 0.9163265306122448, 'n_estimators': 30}",0.5905533309344376,0.09776714222538191,0.19481356717056514,0.18340037059692077,0.5974067835852825,0.09170018529846038,0.6071858473439103,0.21507064364207218,0.6075353218210361,0.6075353218210361,"{0: 0.6400168568816247, 1: 0.6400168568816248}","{0: 0.6400168568816247, 1: 0.6400168568816248}",0.6400168568816248,"[[406 231]
 [269 368]]",[1. 0. 1. ... 0. 1. 0.],[0. 1. 1. ... 1. 0. 0.]
607,AdaBoost,"{'algorithm': 'SAMME', 'learning_rate': 0.3448979591836735, 'n_estimators': 74}",0.5858827147109015,0.08875117534929407,0.19456790514378924,0.16479632252276785,0.5972839525718946,0.08239816126138393,0.6108534568083257,0.22919937205651486,0.6145996860282574,0.6145996860282574,"{0: 0.6426464318368332, 1: 0.6426464318368332}","{0: 0.6426464318368332, 1: 0.6426464318368332}",0.6426464318368332,"[[454 183]
 [308 329]]",[1. 0. 1. ... 0. 1. 0.],[0. 1. 1. ... 1. 0. 0.]
364,randomforest,"{'criterion': 'gini', 'max_features': None, 'n_estimators': 267}",0.592703347720415,0.07061921049188392,0.19441032941753908,0.14278925688611552,0.5972051647087695,0.07139462844305776,0.6020386096199356,0.20408163265306123,0.6020408163265306,0.6020408163265306,"{0: 0.6258068014067116, 1: 0.6258068014067117}","{0: 0.6258068014067116, 1: 0.6258068014067117}",0.6258068014067117,"[[385 252]
 [255 382]]",[1. 0. 1. ... 0. 1. 0.],[0. 1. 1. ... 1. 0. 0.]
76,AdaBoost,"{'algorithm': 'SAMME.R', 'learning_rate': 0.3448979591836735, 'n_estimators': 30}",0.5882719435475259,0.09782553605618936,0.19380285642716633,0.18302907126143034,0.5969014282135832,0.09151453563071517,0.6110707364341086,0.22448979591836737,0.6122448979591837,0.6122448979591837,"{0: 0.640147473069653, 1: 0.6401474730696529}","{0: 0.640147473069653, 1: 0.6401474730696529}",0.6401474730696529,"[[425 212]
 [282 355]]",[1. 0. 1. ... 0. 1. 0.],[0. 1. 1. ... 1. 0. 0.]
914,AdaBoost,"{'algorithm': 'SAMME.R', 'learning_rate': 0.26326530612244897, 'n_estimators': 52}",0.5896071800418148,0.09720679373512786,0.1937914703423787,0.1863195399826322,0.5968957351711893,0.09315976999131607,0.6128979664433509,0.2276295133437991,0.6138147566718996,0.6138147566718996,"{0: 0.6406884212445998, 1: 0.6406884212445998}","{0: 0.6406884212445998, 1: 0.6406884212445998}",0.6406884212445998,"[[422 215]
 [277 360]]",[1. 0. 1. ... 0. 1. 0.],[0. 1. 1. ... 1. 0. 0.]
353,randomforest,"{'criterion': 'entropy', 'max_features': 'log2', 'n_estimators': 209}",0.5916672694365704,0.0723288009537207,0.19374344655599177,0.13978857994160968,0.5968717232779959,0.06989428997080484,0.6043917045580569,0.20879120879120883,0.6043956043956044,0.6043956043956045,"{0: 0.6291658554497757, 1: 0.6291658554497755}","{0: 0.6291658554497757, 1: 0.6291658554497755}",0.6291658554497755,"[[383 254]
 [250 387]]",[1. 0. 1. ... 0. 1. 0.],[0. 1. 1. ... 1. 0. 0.]
421,AdaBoost,"{'algorithm': 'SAMME', 'learning_rate': 1.4061224489795918, 'n_estimators': 85}",0.5906356989566299,0.09739226272545676,0.19371162812634282,0.18612552234102125,0.5968558140631715,0.09306276117051063,0.6082504974466767,0.21664050235478804,0.6083202511773941,0.608320251177394,"{0: 0.6446783761204034, 1: 0.6446783761204035}","{0: 0.6446783761204034, 1: 0.6446783761204035}",0.6446783761204035,"[[379 258]
 [241 396]]",[0. 0. 1. ... 0. 1. 0.],[0. 1. 1. ... 1. 0. 0.]
489,randomforest,"{'criterion': 'gini', 'max_features': 'log2', 'n_estimators': 343}",0.5923336449119342,0.06529389040937425,0.1934611493411652,0.1311041173292809,0.5967305746705827,0.06555205866464044,0.602034686525562,0.20408163265306123,0.6020408163265306,0.6020408163265306,"{0: 0.6207842393085722, 1: 0.6207842393085722}","{0: 0.6207842393085722, 1: 0.6207842393085722}",0.6207842393085722,"[[386 251]
 [256 381]]",[1. 0. 1. ... 0. 1. 0.],[0. 1. 1. ... 1. 0. 0.]
657,AdaBoost,"{'algorithm': 'SAMME', 'learning_rate': 0.7530612244897958, 'n_estimators': 74}",0.589434310086893,0.09189817363998044,0.19308195924629473,0.17430050231747493,0.5965409796231473,0.08715025115873745,0.6058467723260187,0.2135007849293563,0.6067503924646782,0.6067503924646782,"{0: 0.6435114560254727, 1: 0.6435114560254726}","{0: 0.6435114560254727, 1: 0.6435114560254726}",0.6435114560254726,"[[417 220]
 [281 356]]",[1. 0. 1. ... 0. 1. 0.],[0. 1. 1. ... 1. 0. 0.]
94,AdaBoost,"{'algorithm': 'SAMME.R', 'learning_rate': 0.42653061224489797, 'n_estimators': 30}",0.5897657355773963,0.09386006681184653,0.19277000091477117,0.17794349840659432,0.5963850004573856,0.08897174920329716,0.6049685604516424,0.21193092621664045,0.6059654631083202,0.6059654631083202,"{0: 0.6411270944798642, 1: 0.6411270944798642}","{0: 0.6411270944798642, 1: 0.6411270944798642}",0.6411270944798642,"[[418 219]
 [283 354]]",[1. 0. 1. ... 0. 1. 0.],[0. 1. 1. ... 1. 0. 0.]
903,AdaBoost,"{'algorithm': 'SAMME', 'learning_rate': 1.6510204081632653, 'n_estimators': 63}",0.5883898154115852,0.10036124910638437,0.19264371215941462,0.17816491605730883,0.5963218560797072,0.08908245802865444,0.6175676350373872,0.23547880690737832,0.6177394034536892,0.6177394034536892,"{0: 0.6419415973127568, 1: 0.6419415973127568}","{0: 0.6419415973127568, 1: 0.6419415973127568}",0.6419415973127568,"[[407 230]
 [257 380]]",[0. 0. 1. ... 0. 1. 0.],[0. 1. 1. ... 1. 0. 0.]
175,AdaBoost,"{'algorithm': 'SAMME.R', 'learning_rate': 0.3448979591836735, 'n_estimators': 74}",0.5904521795056396,0.09786602512067986,0.19241547560483535,0.18928174936601955,0.5962077378024176,0.09464087468300977,0.6127700160358869,0.22605965463108324,0.6130298273155416,0.6130298273155416,"{0: 0.6359591294554291, 1: 0.6359591294554291}","{0: 0.6359591294554291, 1: 0.6359591294554291}",0.6359591294554291,"[[407 230]
 [263 374]]",[1. 0. 1. ... 0. 1. 0.],[0. 1. 1. ... 1. 0. 0.]
445,AdaBoost,"{'algorithm': 'SAMME.R', 'learning_rate': 0.8346938775510203, 'n_estimators': 52}",0.5913309992457633,0.08510042605941104,0.19222436407079674,0.1638582106560296,0.5961121820353984,0.08192910532801478,0.6138109496876271,0.2276295133437991,0.6138147566718996,0.6138147566718996,"{0: 0.6371174239530374, 1: 0.6371174239530373}","{0: 0.6371174239530374, 1: 0.6371174239530373}",0.6371174239530373,"[[393 244]
 [248 389]]",[1. 0. 1. ... 0. 1. 0.],[0. 1. 1. ... 1. 0. 0.]
943,randomforest,"{'criterion': 'entropy', 'max_features': 'sqrt', 'n_estimators': 271}",0.5907420295084923,0.07955617776463865,0.19165540290894817,0.15630236712613887,0.5958277014544741,0.07815118356306945,0.6051394195724092,0.2103610675039247,0.6051805337519623,0.6051805337519623,"{0: 0.6295367561346481, 1: 0.6295367561346479}","{0: 0.6295367561346481, 1: 0.6295367561346479}",0.6295367561346479,"[[379 258]
 [245 392]]",[1. 0. 1. ... 0. 1. 0.],[0. 1. 1. ... 1. 0. 0.]
64,AdaBoost,"{'algorithm': 'SAMME', 'learning_rate': 0.6714285714285714, 'n_estimators': 52}",0.5860274809681596,0.09026537316959751,0.1914598617047995,0.16819990101331356,0.5957299308523998,0.08409995050665676,0.6030653600317635,0.2103610675039247,0.6051805337519623,0.6051805337519623,"{0: 0.6443863380396235, 1: 0.6443863380396235}","{0: 0.6443863380396235, 1: 0.6443863380396235}",0.6443863380396235,"[[432 205]
 [298 339]]",[1. 0. 1. ... 0. 1. 0.],[0. 1. 1. ... 1. 0. 0.]
668,AdaBoost,"{'algorithm': 'SAMME', 'learning_rate': 0.8346938775510203, 'n_estimators': 52}",0.5869717623756722,0.10213363739806455,0.19115946029404443,0.1885128602660854,0.5955797301470223,0.0942564301330427,0.602974436507814,0.20722135007849296,0.6036106750392465,0.6036106750392465,"{0: 0.6403606485463404, 1: 0.6403606485463403}","{0: 0.6403606485463404, 1: 0.6403606485463403}",0.6403606485463403,"[[410 227]
 [278 359]]",[1. 0. 1. ... 0. 1. 0.],[0. 1. 1. ... 1. 0. 0.]
832,AdaBoost,"{'algorithm': 'SAMME', 'learning_rate': 0.7530612244897958, 'n_estimators': 63}",0.5875384870177855,0.10002800618055566,0.19096626857625623,0.19018780357796966,0.5954831342881282,0.09509390178898483,0.6044960491079556,0.2103610675039247,0.6051805337519623,0.6051805337519623,"{0: 0.6432292757702042, 1: 0.6432292757702042}","{0: 0.6432292757702042, 1: 0.6432292757702042}",0.6432292757702042,"[[412 225]
 [278 359]]",[1. 0. 1. ... 0. 1. 0.],[0. 1. 1. ... 1. 0. 0.]
917,AdaBoost,"{'algorithm': 'SAMME', 'learning_rate': 0.7530612244897958, 'n_estimators': 63}",0.5875384870177855,0.10002800618055566,0.19096626857625623,0.19018780357796966,0.5954831342881282,0.09509390178898483,0.6044960491079556,0.2103610675039247,0.6051805337519623,0.6051805337519623,"{0: 0.6432292757702042, 1: 0.6432292757702042}","{0: 0.6432292757702042, 1: 0.6432292757702042}",0.6432292757702042,"[[412 225]
 [278 359]]",[1. 0. 1. ... 0. 1. 0.],[0. 1. 1. ... 1. 0. 0.]
200,randomforest,"{'criterion': 'entropy', 'max_features': 'sqrt', 'n_estimators': 261}",0.5921596972923092,0.07461020340610565,0.19086236708518214,0.15035182824860407,0.5954311835425911,0.07517591412430202,0.6043917045580569,0.20879120879120883,0.6043956043956044,0.6043956043956045,"{0: 0.6282182719724769, 1: 0.628218271972477}","{0: 0.6282182719724769, 1: 0.628218271972477}",0.628218271972477,"[[383 254]
 [250 387]]",[1. 0. 1. ... 0. 1. 0.],[0. 1. 1. ... 1. 0. 0.]
972,randomforest,"{'criterion': 'entropy', 'max_features': 'log2', 'n_estimators': 449}",0.5914932733683007,0.06975287028494255,0.1908291048174371,0.14004771452199552,0.5954145524087187,0.07002385726099775,0.6012470425867508,0.20251177394034536,0.6012558869701727,0.6012558869701727,"{0: 0.631797894861362, 1: 0.6317978948613621}","{0: 0.631797894861362, 1: 0.6317978948613621}",0.6317978948613621,"[[380 257]
 [251 386]]",[1. 0. 1. ... 0. 1. 0.],[0. 1. 1. ... 1. 0. 0.]
983,AdaBoost,"{'algorithm': 'SAMME', 'learning_rate': 0.42653061224489797, 'n_estimators': 63}",0.5847495777723094,0.08282899274029887,0.1906265150523992,0.1537772670528279,0.5953132575261996,0.07688863352641397,0.6057432493192109,0.21664050235478804,0.6083202511773941,0.608320251177394,"{0: 0.6489948714662777, 1: 0.6489948714662775}","{0: 0.6489948714662777, 1: 0.6489948714662775}",0.6489948714662775,"[[439 198]
 [301 336]]",[1. 0. 1. ... 0. 1. 0.],[0. 1. 1. ... 1. 0. 0.]
810,AdaBoost,"{'algorithm': 'SAMME', 'learning_rate': 0.42653061224489797, 'n_estimators': 63}",0.5847495777723094,0.08282899274029887,0.1906265150523992,0.1537772670528279,0.5953132575261996,0.07688863352641397,0.6057432493192109,0.21664050235478804,0.6083202511773941,0.608320251177394,"{0: 0.6489948714662777, 1: 0.6489948714662775}","{0: 0.6489948714662777, 1: 0.6489948714662775}",0.6489948714662775,"[[439 198]
 [301 336]]",[1. 0. 1. ... 0. 1. 0.],[0. 1. 1. ... 1. 0. 0.]
892,AdaBoost,"{'algorithm': 'SAMME', 'learning_rate': 0.42653061224489797, 'n_estimators': 63}",0.5847495777723094,0.08282899274029887,0.1906265150523992,0.1537772670528279,0.5953132575261996,0.07688863352641397,0.6057432493192109,0.21664050235478804,0.6083202511773941,0.608320251177394,"{0: 0.6489948714662777, 1: 0.6489948714662775}","{0: 0.6489948714662777, 1: 0.6489948714662775}",0.6489948714662775,"[[439 198]
 [301 336]]",[1. 0. 1. ... 0. 1. 0.],[0. 1. 1. ... 1. 0. 0.]
752,AdaBoost,"{'algorithm': 'SAMME', 'learning_rate': 0.8346938775510203, 'n_estimators': 52}",0.5866169835802786,0.10158090066556863,0.19044517457975874,0.1873716697173063,0.5952225872898794,0.09368583485865313,0.6021629601103944,0.2056514913657771,0.6028257456828885,0.6028257456828885,"{0: 0.6420500333933838, 1: 0.6420500333933838}","{0: 0.6420500333933838, 1: 0.6420500333933838}",0.6420500333933838,"[[410 227]
 [279 358]]",[1. 0. 1. ... 0. 1. 0.],[0. 1. 1. ... 1. 0. 0.]
14,randomforest,"{'criterion': 'gini', 'max_features': 'log2', 'n_estimators': 381}",0.5907157982392168,0.06794754894114925,0.1904055203410746,0.13629124408576443,0.5952027601705372,0.06814562204288223,0.5988949207387815,0.19780219780219777,0.5989010989010989,0.5989010989010989,"{0: 0.6299236757859767, 1: 0.6299236757859767}","{0: 0.6299236757859767, 1: 0.6299236757859767}",0.6299236757859767,"[[379 258]
 [253 384]]",[1. 0. 1. ... 0. 1. 0.],[0. 1. 1. ... 1. 0. 0.]
5,randomforest,"{'criterion': 'entropy', 'max_features': 'sqrt', 'n_estimators': 549}",0.5910869555490579,0.07312411887865553,0.19026362641222858,0.14693906377484564,0.5951318132061143,0.07346953188742282,0.6004588956314344,0.2009419152276295,0.6004709576138147,0.6004709576138147,"{0: 0.6295527751011043, 1: 0.6295527751011043}","{0: 0.6295527751011043, 1: 0.6295527751011043}",0.6295527751011043,"[[386 251]
 [258 379]]",[1. 0. 1. ... 0. 1. 0.],[0. 1. 1. ... 1. 0. 0.]
576,randomforest,"{'criterion': 'gini', 'max_features': None, 'n_estimators': 393}",0.589584519323322,0.07766424848183129,0.19025829594654003,0.15220311068488074,0.59512914797327,0.07610155534244037,0.6067501501779031,0.2135007849293563,0.6067503924646782,0.6067503924646782,"{0: 0.6225081265449062, 1: 0.6225081265449061}","{0: 0.6225081265449062, 1: 0.6225081265449061}",0.6225081265449061,"[[386 251]
 [250 387]]",[1. 0. 1. ... 0. 1. 0.],[0. 1. 1. ... 1. 0. 0.]
107,AdaBoost,"{'algorithm': 'SAMME.R', 'learning_rate': 0.5081632653061224, 'n_estimators': 30}",0.5882782955722112,0.09656813340906148,0.1897559500229709,0.18563900791170446,0.5948779750114854,0.09281950395585224,0.6134708737864077,0.2276295133437991,0.6138147566718996,0.6138147566718996,"{0: 0.6435521195557079, 1: 0.6435521195557079}","{0: 0.6435521195557079, 1: 0.6435521195557079}",0.6435521195557079,"[[410 227]
 [265 372]]",[1. 0. 1. ... 0. 1. 0.],[0. 1. 1. ... 1. 0. 0.]
85,AdaBoost,"{'algorithm': 'SAMME.R', 'learning_rate': 1.079591836734694, 'n_estimators': 63}",0.5906282464738891,0.07821644189836764,0.1896050287031238,0.15408939650357434,0.594802514351562,0.07704469825178717,0.6020386096199356,0.20408163265306123,0.6020408163265306,0.6020408163265306,"{0: 0.6287247177581333, 1: 0.6287247177581332}","{0: 0.6287247177581333, 1: 0.6287247177581332}",0.6287247177581332,"[[382 255]
 [252 385]]",[1. 0. 1. ... 0. 1. 0.],[0. 1. 1. ... 1. 0. 0.]
301,AdaBoost,"{'algorithm': 'SAMME', 'learning_rate': 0.3448979591836735, 'n_estimators': 41}",0.5803376882119204,0.08845669690078614,0.18941669371529585,0.15950824423055446,0.594708346857648,0.07975412211527723,0.6049939023129871,0.2229199372056515,0.6114599686028257,0.6114599686028257,"{0: 0.6360244375494432, 1: 0.636024437549443}","{0: 0.6360244375494432, 1: 0.636024437549443}",0.636024437549443,"[[471 166]
 [329 308]]",[1. 0. 1. ... 0. 1. 0.],[0. 1. 1. ... 1. 0. 0.]
618,AdaBoost,"{'algorithm': 'SAMME.R', 'learning_rate': 1.079591836734694, 'n_estimators': 74}",0.590439042291929,0.08788492431140399,0.1890016550652674,0.17274758940932264,0.5945008275326337,0.08637379470466133,0.6051744523123426,0.2103610675039247,0.6051805337519623,0.6051805337519623,"{0: 0.6304116381487991, 1: 0.630411638148799}","{0: 0.6304116381487991, 1: 0.630411638148799}",0.630411638148799,"[[388 249]
 [254 383]]",[1. 0. 1. ... 0. 1. 0.],[0. 1. 1. ... 1. 0. 0.]
42,randomforest,"{'criterion': 'gini', 'max_features': 'log2', 'n_estimators': 305}",0.5898688204217638,0.06432794275646482,0.1884195464532267,0.13009664672038943,0.5942097732266133,0.06504832336019471,0.5949604808836904,0.18995290423861855,0.5949764521193093,0.5949764521193093,"{0: 0.6245376063720984, 1: 0.6245376063720984}","{0: 0.6245376063720984, 1: 0.6245376063720984}",0.6245376063720984,"[[375 262]
 [254 383]]",[1. 0. 1. ... 0. 1. 0.],[0. 1. 1. ... 1. 0. 0.]
309,randomforest,"{'criterion': 'gini', 'max_features': 'sqrt', 'n_estimators': 421}",0.589817524241656,0.06537571262404393,0.18837490832913706,0.13117024457784757,0.5941874541645685,0.0655851222889238,0.6012519561815336,0.20251177394034536,0.6012558869701727,0.6012558869701727,"{0: 0.6291954289263102, 1: 0.6291954289263102}","{0: 0.6291954289263102, 1: 0.6291954289263102}",0.6291954289263102,"[[385 252]
 [256 381]]",[1. 0. 1. ... 0. 1. 0.],[0. 1. 1. ... 1. 0. 0.]
719,randomforest,"{'criterion': 'entropy', 'max_features': 'sqrt', 'n_estimators': 87}",0.5886770414088413,0.0782895372860621,0.18832425466535177,0.15221388353322468,0.5941621273326759,0.07610694176661234,0.5988988747845899,0.19780219780219777,0.5989010989010989,0.598901098901099,"{0: 0.6239042410829808, 1: 0.6239042410829807}","{0: 0.6239042410829808, 1: 0.6239042410829807}",0.6239042410829807,"[[383 254]
 [257 380]]",[1. 0. 1. ... 0. 1. 0.],[0. 1. 1. ... 1. 0. 0.]
342,randomforest,"{'criterion': 'gini', 'max_features': 'sqrt', 'n_estimators': 469}",0.5900352385352944,0.06745579128434934,0.18823466467584996,0.13609012811519947,0.594117332337925,0.06804506405759972,0.598115179117131,0.1962323390894819,0.598116169544741,0.598116169544741,"{0: 0.6274247170187964, 1: 0.6274247170187964}","{0: 0.6274247170187964, 1: 0.6274247170187964}",0.6274247170187964,"[[380 257]
 [255 382]]",[1. 0. 1. ... 0. 1. 0.],[0. 1. 1. ... 1. 0. 0.]
679,randomforest,"{'criterion': 'gini', 'max_features': 'sqrt', 'n_estimators': 361}",0.5899364936117031,0.07223281106363058,0.18817114900138093,0.14541554460502024,0.5940855745006904,0.07270777230251012,0.5996850416987047,0.19937205651491363,0.5996860282574569,0.5996860282574569,"{0: 0.6287937225367142, 1: 0.6287937225367143}","{0: 0.6287937225367142, 1: 0.6287937225367143}",0.6287937225367143,"[[383 254]
 [256 381]]",[1. 0. 1. ... 0. 1. 0.],[0. 1. 1. ... 1. 0. 0.]
126,AdaBoost,"{'algorithm': 'SAMME.R', 'learning_rate': 0.8346938775510203, 'n_estimators': 30}",0.5877298077509324,0.09902045985592663,0.1880556953368268,0.19137455992295602,0.5940278476684133,0.095687279961478,0.6047302444383175,0.2103610675039247,0.6051805337519623,0.6051805337519622,"{0: 0.6356091766497687, 1: 0.6356091766497688}","{0: 0.6356091766497687, 1: 0.6356091766497688}",0.6356091766497688,"[[407 230]
 [273 364]]",[1. 0. 1. ... 0. 1. 0.],[0. 1. 1. ... 1. 0. 0.]
661,AdaBoost,"{'algorithm': 'SAMME.R', 'learning_rate': 0.8346938775510203, 'n_estimators': 30}",0.5877298077509324,0.09902045985592663,0.1880556953368268,0.19137455992295602,0.5940278476684133,0.095687279961478,0.6047302444383175,0.2103610675039247,0.6051805337519623,0.6051805337519622,"{0: 0.6357545795760642, 1: 0.6357545795760642}","{0: 0.6357545795760642, 1: 0.6357545795760642}",0.6357545795760642,"[[407 230]
 [273 364]]",[1. 0. 1. ... 0. 1. 0.],[0. 1. 1. ... 1. 0. 0.]
655,AdaBoost,"{'algorithm': 'SAMME', 'learning_rate': 0.5081632653061224, 'n_estimators': 74}",0.585140952100443,0.10041667632312845,0.1879272690014907,0.1890068004812657,0.5939636345007454,0.09450340024063285,0.6041617151911269,0.21193092621664045,0.6059654631083202,0.6059654631083202,"{0: 0.6445736367243432, 1: 0.6445736367243432}","{0: 0.6445736367243432, 1: 0.6445736367243432}",0.6445736367243432,"[[429 208]
 [294 343]]",[1. 0. 1. ... 0. 1. 0.],[0. 1. 1. ... 1. 0. 0.]
261,AdaBoost,"{'algorithm': 'SAMME', 'learning_rate': 0.5081632653061224, 'n_estimators': 74}",0.585140952100443,0.10041667632312845,0.1879272690014907,0.1890068004812657,0.5939636345007454,0.09450340024063285,0.6041617151911269,0.21193092621664045,0.6059654631083202,0.6059654631083202,"{0: 0.6445736367243432, 1: 0.6445736367243432}","{0: 0.6445736367243432, 1: 0.6445736367243432}",0.6445736367243432,"[[429 208]
 [294 343]]",[1. 0. 1. ... 0. 1. 0.],[0. 1. 1. ... 1. 0. 0.]
544,AdaBoost,"{'algorithm': 'SAMME', 'learning_rate': 0.5081632653061224, 'n_estimators': 74}",0.585140952100443,0.10041667632312845,0.1879272690014907,0.1890068004812657,0.5939636345007454,0.09450340024063285,0.6041617151911269,0.21193092621664045,0.6059654631083202,0.6059654631083202,"{0: 0.6445736367243431, 1: 0.6445736367243431}","{0: 0.6445736367243431, 1: 0.6445736367243431}",0.6445736367243431,"[[429 208]
 [294 343]]",[1. 0. 1. ... 0. 1. 0.],[0. 1. 1. ... 1. 0. 0.]
902,randomforest,"{'criterion': 'gini', 'max_features': 'sqrt', 'n_estimators': 529}",0.5892290467522114,0.0635481661347902,0.18767241215242803,0.1280851337843165,0.593836206076214,0.06404256689215825,0.5973290073669171,0.19466248037676614,0.597331240188383,0.597331240188383,"{0: 0.6280445277978357, 1: 0.6280445277978357}","{0: 0.6280445277978357, 1: 0.6280445277978357}",0.6280445277978357,"[[382 255]
 [258 379]]",[1. 0. 1. ... 0. 1. 0.],[0. 1. 1. ... 1. 0. 0.]
319,knn,{'n_neighbors': 27},0.588815472935469,0.08913531969736205,0.18744128163109555,0.17693827363494216,0.5937206408155478,0.08846913681747107,0.6028156093212423,0.20722135007849296,0.6036106750392465,0.6036106750392465,"{0: 0.6299347658396772, 1: 0.6299347658396772}","{0: 0.6299347658396772, 1: 0.6299347658396772}",0.6299347658396772,"[[413 224]
 [281 356]]",[1. 0. 1. ... 0. 1. 0.],[0. 1. 1. ... 1. 0. 0.]
230,knn,{'n_neighbors': 27},0.588815472935469,0.08913531969736205,0.18744128163109555,0.17693827363494216,0.5937206408155478,0.08846913681747107,0.6028156093212423,0.20722135007849296,0.6036106750392465,0.6036106750392465,"{0: 0.6299347658396772, 1: 0.6299347658396772}","{0: 0.6299347658396772, 1: 0.6299347658396772}",0.6299347658396772,"[[413 224]
 [281 356]]",[1. 0. 1. ... 0. 1. 0.],[0. 1. 1. ... 1. 0. 0.]
871,knn,{'n_neighbors': 27},0.588815472935469,0.08913531969736205,0.18744128163109555,0.17693827363494216,0.5937206408155478,0.08846913681747107,0.6028156093212423,0.20722135007849296,0.6036106750392465,0.6036106750392465,"{0: 0.6299347658396772, 1: 0.6299347658396772}","{0: 0.6299347658396772, 1: 0.6299347658396772}",0.6299347658396772,"[[413 224]
 [281 356]]",[1. 0. 1. ... 0. 1. 0.],[0. 1. 1. ... 1. 0. 0.]
457,AdaBoost,"{'algorithm': 'SAMME', 'learning_rate': 0.5081632653061224, 'n_estimators': 41}",0.5824477615595459,0.08641865443643496,0.18736758200382414,0.15942267584063932,0.5936837910019122,0.07971133792031963,0.6023757358247287,0.2103610675039247,0.6051805337519623,0.6051805337519622,"{0: 0.6412909808289937, 1: 0.6412909808289938}","{0: 0.6412909808289937, 1: 0.6412909808289938}",0.6412909808289938,"[[439 198]
 [305 332]]",[1. 0. 1. ... 0. 1. 0.],[0. 1. 1. ... 1. 0. 0.]
550,randomforest,"{'criterion': 'entropy', 'max_features': 'sqrt', 'n_estimators': 599}",0.588797270494712,0.06558096506600712,0.18734935714923806,0.13235860225870477,0.5936746785746191,0.06617930112935239,0.5988988747845899,0.19780219780219777,0.5989010989010989,0.598901098901099,"{0: 0.6248074643454773, 1: 0.6248074643454774}","{0: 0.6248074643454773, 1: 0.6248074643454774}",0.6248074643454774,"[[383 254]
 [257 380]]",[1. 0. 1. ... 0. 1. 0.],[0. 1. 1. ... 1. 0. 0.]
453,randomforest,"{'criterion': 'gini', 'max_features': 'sqrt', 'n_estimators': 431}",0.5886277137830881,0.06969826807235141,0.18729816276722527,0.13905478602959678,0.5936490813836126,0.06952739301479838,0.6004588956314344,0.2009419152276295,0.6004709576138147,0.6004709576138147,"{0: 0.6254691708829407, 1: 0.6254691708829407}","{0: 0.6254691708829407, 1: 0.6254691708829407}",0.6254691708829407,"[[386 251]
 [258 379]]",[1. 0. 1. ... 0. 1. 0.],[0. 1. 1. ... 1. 0. 0.]
958,AdaBoost,"{'algorithm': 'SAMME', 'learning_rate': 1.3244897959183672, 'n_estimators': 63}",0.5867425144621768,0.10577085081765385,0.18718310487433865,0.19406947610491032,0.5935915524371693,0.09703473805245517,0.6043868296529968,0.20879120879120883,0.6043956043956044,0.6043956043956045,"{0: 0.6370890827046917, 1: 0.6370890827046916}","{0: 0.6370890827046917, 1: 0.6370890827046916}",0.6370890827046916,"[[388 249]
 [255 382]]",[1. 0. 1. ... 0. 1. 0.],[0. 1. 1. ... 1. 0. 0.]
860,AdaBoost,"{'algorithm': 'SAMME', 'learning_rate': 1.3244897959183672, 'n_estimators': 63}",0.5867425144621768,0.10577085081765385,0.18718310487433865,0.19406947610491032,0.5935915524371693,0.09703473805245517,0.6043868296529968,0.20879120879120883,0.6043956043956044,0.6043956043956045,"{0: 0.6370890827046917, 1: 0.6370890827046916}","{0: 0.6370890827046917, 1: 0.6370890827046916}",0.6370890827046916,"[[388 249]
 [255 382]]",[1. 0. 1. ... 0. 1. 0.],[0. 1. 1. ... 1. 0. 0.]
976,AdaBoost,"{'algorithm': 'SAMME.R', 'learning_rate': 1.079591836734694, 'n_estimators': 96}",0.5879115129613379,0.09129780190761104,0.18682661983438947,0.17800403909008694,0.5934133099171948,0.0890020195450435,0.5981122078050103,0.1962323390894819,0.598116169544741,0.598116169544741,"{0: 0.6226190270819111, 1: 0.6226190270819111}","{0: 0.6226190270819111, 1: 0.6226190270819111}",0.6226190270819111,"[[379 258]
 [254 383]]",[1. 0. 1. ... 0. 1. 0.],[0. 1. 1. ... 1. 0. 0.]
210,randomforest,"{'criterion': 'entropy', 'max_features': 'sqrt', 'n_estimators': 555}",0.5881904601500508,0.0777064788216149,0.18676154516014734,0.15181058965935587,0.5933807725800737,0.07590529482967792,0.6004707114581891,0.2009419152276295,0.6004709576138147,0.6004709576138147,"{0: 0.624212298130217, 1: 0.624212298130217}","{0: 0.624212298130217, 1: 0.624212298130217}",0.624212298130217,"[[382 255]
 [254 383]]",[1. 0. 1. ... 0. 1. 0.],[0. 1. 1. ... 1. 0. 0.]
748,AdaBoost,"{'algorithm': 'SAMME', 'learning_rate': 0.5081632653061224, 'n_estimators': 85}",0.5843669299408468,0.09995928622361352,0.18663549592463957,0.18934447187788606,0.5933177479623198,0.09467223593894303,0.6034976150655834,0.2103610675039247,0.6051805337519623,0.6051805337519622,"{0: 0.6455261491143975, 1: 0.6455261491143977}","{0: 0.6455261491143975, 1: 0.6455261491143977}",0.6455261491143977,"[[427 210]
 [293 344]]",[1. 0. 1. ... 0. 1. 0.],[0. 1. 1. ... 1. 0. 0.]
928,AdaBoost,"{'algorithm': 'SAMME', 'learning_rate': 0.5081632653061224, 'n_estimators': 85}",0.5843669299408468,0.09995928622361352,0.18663549592463957,0.18934447187788606,0.5933177479623198,0.09467223593894303,0.6034151663736322,0.2103610675039247,0.6051805337519623,0.6051805337519622,"{0: 0.6466597990482269, 1: 0.6466597990482269}","{0: 0.6466597990482269, 1: 0.6466597990482269}",0.6466597990482269,"[[428 209]
 [294 343]]",[1. 0. 1. ... 0. 1. 0.],[0. 1. 1. ... 1. 0. 0.]
692,randomforest,"{'criterion': 'entropy', 'max_features': 'log2', 'n_estimators': 97}",0.5877830182262929,0.07852822205864303,0.18657487076605603,0.1533036267710493,0.593287435383028,0.07665181338552465,0.6004411705808232,0.2009419152276295,0.6004709576138147,0.6004709576138147,"{0: 0.6215334340474508, 1: 0.6215334340474507}","{0: 0.6215334340474508, 1: 0.6215334340474507}",0.6215334340474507,"[[377 260]
 [249 388]]",[1. 0. 1. ... 0. 1. 0.],[0. 1. 1. ... 1. 0. 0.]
285,knn,{'n_neighbors': 23},0.5870484068692119,0.08639007046086992,0.18651280547427476,0.17069728523349922,0.5932564027371374,0.08534864261674961,0.6019428506504574,0.2056514913657771,0.6028257456828885,0.6028257456828885,"{0: 0.6233078426395314, 1: 0.6233078426395313}","{0: 0.6233078426395314, 1: 0.6233078426395313}",0.6233078426395313,"[[414 223]
 [283 354]]",[1. 0. 1. ... 0. 1. 0.],[0. 1. 1. ... 1. 0. 0.]
561,knn,{'n_neighbors': 23},0.5870484068692119,0.08639007046086992,0.18651280547427476,0.17069728523349922,0.5932564027371374,0.08534864261674961,0.6019428506504574,0.2056514913657771,0.6028257456828885,0.6028257456828885,"{0: 0.6233078426395314, 1: 0.6233078426395313}","{0: 0.6233078426395314, 1: 0.6233078426395313}",0.6233078426395313,"[[414 223]
 [283 354]]",[1. 0. 1. ... 0. 1. 0.],[0. 1. 1. ... 1. 0. 0.]
984,knn,{'n_neighbors': 23},0.5870484068692119,0.08639007046086992,0.18651280547427476,0.17069728523349922,0.5932564027371374,0.08534864261674961,0.6019428506504574,0.2056514913657771,0.6028257456828885,0.6028257456828885,"{0: 0.6233078426395314, 1: 0.6233078426395313}","{0: 0.6233078426395314, 1: 0.6233078426395313}",0.6233078426395313,"[[414 223]
 [283 354]]",[1. 0. 1. ... 0. 1. 0.],[0. 1. 1. ... 1. 0. 0.]
792,AdaBoost,"{'algorithm': 'SAMME', 'learning_rate': 1.3244897959183672, 'n_estimators': 63}",0.5863791242918185,0.10525499529330752,0.18646881916005295,0.193012526481895,0.5932344095800265,0.09650626324094752,0.6036045694189522,0.20722135007849296,0.6036106750392465,0.6036106750392465,"{0: 0.63358709019171, 1: 0.63358709019171}","{0: 0.63358709019171, 1: 0.63358709019171}",0.63358709019171,"[[387 250]
 [255 382]]",[1. 0. 1. ... 0. 1. 0.],[0. 1. 1. ... 1. 0. 0.]
706,randomforest,"{'criterion': 'gini', 'max_features': None, 'n_estimators': 269}",0.5881919660921267,0.07122693350059642,0.18630236046025356,0.14234048083155726,0.5931511802301267,0.07117024041577863,0.6004588956314344,0.2009419152276295,0.6004709576138147,0.6004709576138147,"{0: 0.6211760878726567, 1: 0.6211760878726567}","{0: 0.6211760878726567, 1: 0.6211760878726567}",0.6211760878726567,"[[379 258]
 [251 386]]",[1. 0. 1. ... 0. 1. 0.],[0. 1. 1. ... 1. 0. 0.]
524,randomforest,"{'criterion': 'entropy', 'max_features': 'log2', 'n_estimators': 565}",0.5880934123593137,0.08157823387502611,0.18603399943319687,0.16003638026405648,0.5930169997165984,0.08001819013202822,0.602034686525562,0.20408163265306123,0.6020408163265306,0.6020408163265306,"{0: 0.6289847179060007, 1: 0.6289847179060006}","{0: 0.6289847179060007, 1: 0.6289847179060006}",0.6289847179060006,"[[386 251]
 [256 381]]",[1. 0. 1. ... 0. 1. 0.],[0. 1. 1. ... 1. 0. 0.]
31,randomforest,"{'criterion': 'gini', 'max_features': None, 'n_estimators': 495}",0.5884239217553805,0.07209867576966313,0.18574334800925332,0.14490027040074574,0.5928716740046266,0.07245013520037288,0.5973250378453911,0.19466248037676614,0.597331240188383,0.597331240188383,"{0: 0.6224033871488458, 1: 0.6224033871488458}","{0: 0.6224033871488458, 1: 0.6224033871488458}",0.6224033871488458,"[[378 259]
 [254 383]]",[1. 0. 1. ... 0. 1. 0.],[0. 1. 1. ... 1. 0. 0.]
887,randomforest,"{'criterion': 'entropy', 'max_features': 'log2', 'n_estimators': 435}",0.5874916426758482,0.07511596158093847,0.18546867253317117,0.14666876862902548,0.5927343362665856,0.07333438431451274,0.598115179117131,0.1962323390894819,0.598116169544741,0.598116169544741,"{0: 0.6271289822534496, 1: 0.6271289822534495}","{0: 0.6271289822534496, 1: 0.6271289822534495}",0.6271289822534495,"[[382 255]
 [257 380]]",[1. 0. 1. ... 0. 1. 0.],[0. 1. 1. ... 1. 0. 0.]
677,AdaBoost,"{'algorithm': 'SAMME', 'learning_rate': 1.5693877551020408, 'n_estimators': 74}",0.5826392242392121,0.1062894902578527,0.184631894064688,0.18891069518957293,0.592315947032344,0.09445534759478647,0.6089885812329902,0.2182103610675039,0.609105180533752,0.609105180533752,"{0: 0.6457762914367535, 1: 0.6457762914367534}","{0: 0.6457762914367535, 1: 0.6457762914367534}",0.6457762914367534,"[[377 260]
 [238 399]]",[1. 0. 1. ... 0. 1. 0.],[0. 1. 1. ... 1. 0. 0.]
22,randomforest,"{'criterion': 'gini', 'max_features': 'log2', 'n_estimators': 489}",0.5872353705380842,0.0726635315166491,0.18432450075818096,0.14615125432336096,0.5921622503790904,0.07307562716168046,0.5957551549520009,0.1915227629513344,0.5957613814756672,0.5957613814756673,"{0: 0.6263169438769349, 1: 0.626316943876935}","{0: 0.6263169438769349, 1: 0.626316943876935}",0.626316943876935,"[[377 260]
 [255 382]]",[1. 0. 1. ... 0. 1. 0.],[0. 1. 1. ... 1. 0. 0.]
874,AdaBoost,"{'algorithm': 'SAMME', 'learning_rate': 1.7326530612244897, 'n_estimators': 63}",0.5841889749267514,0.09466864507884618,0.1841393951304173,0.17728597632177823,0.5920696975652087,0.08864298816088909,0.6065989049900429,0.2135007849293563,0.6067503924646782,0.6067503924646782,"{0: 0.6264389344676405, 1: 0.6264389344676404}","{0: 0.6264389344676405, 1: 0.6264389344676404}",0.6264389344676404,"[[374 263]
 [238 399]]",[0. 0. 1. ... 0. 1. 0.],[0. 1. 1. ... 1. 0. 0.]
795,AdaBoost,"{'algorithm': 'SAMME', 'learning_rate': 1.7326530612244897, 'n_estimators': 63}",0.5841889749267514,0.09466864507884618,0.1841393951304173,0.17728597632177823,0.5920696975652087,0.08864298816088909,0.6065989049900429,0.2135007849293563,0.6067503924646782,0.6067503924646782,"{0: 0.6264389344676405, 1: 0.6264389344676404}","{0: 0.6264389344676405, 1: 0.6264389344676404}",0.6264389344676404,"[[374 263]
 [238 399]]",[0. 0. 1. ... 0. 1. 0.],[0. 1. 1. ... 1. 0. 0.]
839,AdaBoost,"{'algorithm': 'SAMME', 'learning_rate': 1.6510204081632653, 'n_estimators': 63}",0.584104101125871,0.09473597664361502,0.18407228358798602,0.16620707803057347,0.592036141793993,0.08310353901528673,0.6081442502744481,0.21664050235478804,0.6083202511773941,0.608320251177394,"{0: 0.6378456708127037, 1: 0.6378456708127038}","{0: 0.6378456708127037, 1: 0.6378456708127038}",0.6378456708127038,"[[401 236]
 [263 374]]",[0. 0. 1. ... 0. 1. 0.],[0. 1. 1. ... 1. 0. 0.]
864,AdaBoost,"{'algorithm': 'SAMME', 'learning_rate': 1.1612244897959183, 'n_estimators': 63}",0.5857506363744878,0.07872861874659229,0.18398783806205976,0.15156803559099674,0.5919939190310298,0.07578401779549837,0.6072875592151177,0.21507064364207218,0.6075353218210361,0.6075353218210362,"{0: 0.6397778046129694, 1: 0.6397778046129695}","{0: 0.6397778046129694, 1: 0.6397778046129695}",0.6397778046129695,"[[403 234]
 [266 371]]",[1. 0. 1. ... 0. 1. 0.],[0. 1. 1. ... 1. 0. 0.]
782,AdaBoost,"{'algorithm': 'SAMME', 'learning_rate': 1.1612244897959183, 'n_estimators': 63}",0.5857506363744878,0.07872861874659229,0.18398783806205976,0.15156803559099674,0.5919939190310298,0.07578401779549837,0.6072875592151177,0.21507064364207218,0.6075353218210361,0.6075353218210362,"{0: 0.6385887044106376, 1: 0.6385887044106375}","{0: 0.6385887044106376, 1: 0.6385887044106375}",0.6385887044106375,"[[403 234]
 [266 371]]",[1. 0. 1. ... 0. 1. 0.],[0. 1. 1. ... 1. 0. 0.]
555,AdaBoost,"{'algorithm': 'SAMME', 'learning_rate': 1.5693877551020408, 'n_estimators': 74}",0.5824056226673292,0.1059734406646816,0.18391760835040225,0.1878829161938581,0.5919588041752011,0.09394145809692905,0.6082910493513375,0.21664050235478804,0.6083202511773941,0.6083202511773941,"{0: 0.6447215041070166, 1: 0.6447215041070167}","{0: 0.6447215041070166, 1: 0.6447215041070167}",0.6447215041070167,"[[382 255]
 [244 393]]",[1. 0. 1. ... 0. 1. 0.],[0. 1. 1. ... 1. 0. 0.]
756,AdaBoost,"{'algorithm': 'SAMME', 'learning_rate': 1.5693877551020408, 'n_estimators': 74}",0.5824056226673292,0.1059734406646816,0.18391760835040225,0.1878829161938581,0.5919588041752011,0.09394145809692905,0.6082910493513375,0.21664050235478804,0.6083202511773941,0.6083202511773941,"{0: 0.6447215041070166, 1: 0.6447215041070167}","{0: 0.6447215041070166, 1: 0.6447215041070167}",0.6447215041070167,"[[382 255]
 [244 393]]",[1. 0. 1. ... 0. 1. 0.],[0. 1. 1. ... 1. 0. 0.]
270,AdaBoost,"{'algorithm': 'SAMME', 'learning_rate': 1.5693877551020408, 'n_estimators': 74}",0.5824056226673292,0.1059734406646816,0.18391760835040225,0.1878829161938581,0.5919588041752011,0.09394145809692905,0.6082910493513375,0.21664050235478804,0.6083202511773941,0.6083202511773941,"{0: 0.6447215041070166, 1: 0.6447215041070167}","{0: 0.6447215041070166, 1: 0.6447215041070167}",0.6447215041070167,"[[382 255]
 [244 393]]",[1. 0. 1. ... 0. 1. 0.],[0. 1. 1. ... 1. 0. 0.]
705,AdaBoost,"{'algorithm': 'SAMME.R', 'learning_rate': 0.1816326530612245, 'n_estimators': 74}",0.5850357069880593,0.0983516904431806,0.1838963009810968,0.19082858915045248,0.5919481504905485,0.09541429457522624,0.6059051799987035,0.2135007849293563,0.6067503924646782,0.6067503924646782,"{0: 0.6387180883704767, 1: 0.6387180883704768}","{0: 0.6387180883704767, 1: 0.6387180883704768}",0.6387180883704768,"[[416 221]
 [280 357]]",[1. 0. 1. ... 0. 1. 0.],[0. 1. 1. ... 1. 0. 0.]
963,AdaBoost,"{'algorithm': 'SAMME', 'learning_rate': 1.7326530612244897, 'n_estimators': 63}",0.5838399308016118,0.09407352389483511,0.18342510941613155,0.17604355388027507,0.5917125547080658,0.08802177694013753,0.6058255778120185,0.21193092621664045,0.6059654631083202,0.6059654631083202,"{0: 0.6260606404136344, 1: 0.6260606404136343}","{0: 0.6260606404136344, 1: 0.6260606404136343}",0.6260606404136343,"[[374 263]
 [239 398]]",[0. 0. 1. ... 0. 1. 0.],[0. 1. 1. ... 1. 0. 0.]
25,randomforest,"{'criterion': 'gini', 'max_features': 'log2', 'n_estimators': 549}",0.587732179225615,0.06838993140453235,0.18342183282171376,0.13665787035481514,0.5917109164108569,0.06832893517740757,0.5973012190726175,0.19466248037676614,0.597331240188383,0.597331240188383,"{0: 0.6221889794439694, 1: 0.6221889794439693}","{0: 0.6221889794439694, 1: 0.6221889794439693}",0.6221889794439693,"[[375 262]
 [251 386]]",[1. 0. 1. ... 0. 1. 0.],[0. 1. 1. ... 1. 0. 0.]
642,AdaBoost,"{'algorithm': 'SAMME', 'learning_rate': 1.4061224489795918, 'n_estimators': 74}",0.5868516763727626,0.09340059283362721,0.18336880166799915,0.18113974363316557,0.5916844008339995,0.0905698718165828,0.6051510978431318,0.2103610675039247,0.6051805337519623,0.6051805337519623,"{0: 0.6432921194078405, 1: 0.6432921194078405}","{0: 0.6432921194078405, 1: 0.6432921194078405}",0.6432921194078405,"[[380 257]
 [246 391]]",[1. 0. 1. ... 0. 1. 0.],[0. 1. 1. ... 1. 0. 0.]
392,AdaBoost,"{'algorithm': 'SAMME', 'learning_rate': 0.3448979591836735, 'n_estimators': 63}",0.5795458692339301,0.08481146749764122,0.18305428281840222,0.15714367010326644,0.5915271414092012,0.07857183505163322,0.6042628553287248,0.21664050235478804,0.6083202511773941,0.608320251177394,"{0: 0.6418713603059869, 1: 0.641871360305987}","{0: 0.6418713603059869, 1: 0.641871360305987}",0.641871360305987,"[[452 185]
 [314 323]]",[1. 0. 1. ... 0. 1. 0.],[0. 1. 1. ... 1. 0. 0.]
485,AdaBoost,"{'algorithm': 'SAMME', 'learning_rate': 0.3448979591836735, 'n_estimators': 63}",0.5795458692339301,0.08481146749764122,0.18305428281840222,0.15714367010326644,0.5915271414092012,0.07857183505163322,0.6042628553287248,0.21664050235478804,0.6083202511773941,0.608320251177394,"{0: 0.6418713603059869, 1: 0.641871360305987}","{0: 0.6418713603059869, 1: 0.641871360305987}",0.641871360305987,"[[452 185]
 [314 323]]",[1. 0. 1. ... 0. 1. 0.],[0. 1. 1. ... 1. 0. 0.]
689,SVC,"{'C': 1, 'gamma': 0.001, 'kernel': 'rbf'}",0.5758955620978982,0.10456731677652402,0.18294637208192635,0.1917702165894723,0.5914731860409631,0.09588510829473615,0.5994297518991434,0.2182103610675039,0.609105180533752,0.609105180533752,"{0: 0.573584970759225, 1: 0.5735849707592251}","{0: 0.573584970759225, 1: 0.5735849707592251}",0.5735849707592251,"[[487 150]
 [348 289]]",[1. 0. 1. ... 0. 1. 0.],[0. 1. 1. ... 1. 0. 0.]
952,AdaBoost,"{'algorithm': 'SAMME', 'learning_rate': 1.1612244897959183, 'n_estimators': 52}",0.5856431681421665,0.07762007400410785,0.1829007630294207,0.14785695232212437,0.5914503815147103,0.07392847616106218,0.5978297326625235,0.1962323390894819,0.598116169544741,0.598116169544741,"{0: 0.6388524012430719, 1: 0.6388524012430719}","{0: 0.6388524012430719, 1: 0.6388524012430719}",0.6388524012430719,"[[398 239]
 [273 364]]",[1. 0. 1. ... 0. 1. 0.],[0. 1. 1. ... 1. 0. 0.]
745,randomforest,"{'criterion': 'entropy', 'max_features': None, 'n_estimators': 447}",0.5869195093491699,0.07732734006903276,0.18284390482473203,0.15384193182459407,0.591421952412366,0.07692096591229701,0.5988949207387815,0.19780219780219777,0.5989010989010989,0.5989010989010989,"{0: 0.6225204488267955, 1: 0.6225204488267955}","{0: 0.6225204488267955, 1: 0.6225204488267955}",0.6225204488267955,"[[384 253]
 [258 379]]",[1. 0. 1. ... 0. 1. 0.],[0. 1. 1. ... 1. 0. 0.]
113,randomforest,"{'criterion': 'entropy', 'max_features': None, 'n_estimators': 73}",0.5863344283895024,0.07137167658025656,0.18277958125988814,0.14310120506862234,0.591389790629944,0.07155060253431117,0.5957611324184033,0.1915227629513344,0.5957613814756672,0.5957613814756673,"{0: 0.6133686900675015, 1: 0.6133686900675014}","{0: 0.6133686900675015, 1: 0.6133686900675014}",0.6133686900675014,"[[380 257]
 [258 379]]",[1. 0. 1. ... 0. 1. 0.],[0. 1. 1. ... 1. 0. 0.]
750,AdaBoost,"{'algorithm': 'SAMME.R', 'learning_rate': 0.7530612244897958, 'n_estimators': 74}",0.5870641668728571,0.09832622117422102,0.18276828878480256,0.19340082707105036,0.5913841443924013,0.09670041353552519,0.6129609123070372,0.22605965463108324,0.6130298273155416,0.6130298273155417,"{0: 0.633047374244952, 1: 0.6330473742449522}","{0: 0.633047374244952, 1: 0.6330473742449522}",0.6330473742449522,"[[399 238]
 [255 382]]",[1. 0. 1. ... 0. 1. 0.],[0. 1. 1. ... 1. 0. 0.]
535,knn,{'n_neighbors': 25},0.5856723547269294,0.0878373481169454,0.18274246470393396,0.17425816177908032,0.591371232351967,0.08712908088954016,0.5996122487411977,0.2009419152276295,0.6004709576138147,0.6004709576138147,"{0: 0.623517321431652, 1: 0.6235173214316518}","{0: 0.623517321431652, 1: 0.6235173214316518}",0.6235173214316518,"[[412 225]
 [284 353]]",[1. 0. 1. ... 0. 1. 0.],[0. 1. 1. ... 1. 0. 0.]
275,knn,{'n_neighbors': 25},0.5856723547269294,0.0878373481169454,0.18274246470393396,0.17425816177908032,0.591371232351967,0.08712908088954016,0.5996122487411977,0.2009419152276295,0.6004709576138147,0.6004709576138147,"{0: 0.623517321431652, 1: 0.6235173214316518}","{0: 0.623517321431652, 1: 0.6235173214316518}",0.6235173214316518,"[[412 225]
 [284 353]]",[1. 0. 1. ... 0. 1. 0.],[0. 1. 1. ... 1. 0. 0.]
955,knn,{'n_neighbors': 25},0.5856723547269294,0.0878373481169454,0.18274246470393396,0.17425816177908032,0.591371232351967,0.08712908088954016,0.5996122487411977,0.2009419152276295,0.6004709576138147,0.6004709576138147,"{0: 0.623517321431652, 1: 0.6235173214316518}","{0: 0.623517321431652, 1: 0.6235173214316518}",0.6235173214316518,"[[412 225]
 [284 353]]",[1. 0. 1. ... 0. 1. 0.],[0. 1. 1. ... 1. 0. 0.]
758,randomforest,"{'criterion': 'gini', 'max_features': 'sqrt', 'n_estimators': 523}",0.5869963642773516,0.06753445831924677,0.18248916705140797,0.13574025505604337,0.591244583525704,0.06787012752802168,0.5957611324184033,0.1915227629513344,0.5957613814756672,0.5957613814756673,"{0: 0.6262085077963078, 1: 0.6262085077963078}","{0: 0.6262085077963078, 1: 0.6262085077963078}",0.6262085077963078,"[[380 257]
 [258 379]]",[1. 0. 1. ... 0. 1. 0.],[0. 1. 1. ... 1. 0. 0.]
881,AdaBoost,"{'algorithm': 'SAMME', 'learning_rate': 0.3448979591836735, 'n_estimators': 63}",0.5791824790635718,0.08413617408901035,0.18233999710411652,0.15581754894616762,0.5911699985520582,0.0779087744730838,0.6034058534058534,0.21507064364207218,0.6075353218210361,0.6075353218210361,"{0: 0.6408128762916833, 1: 0.6408128762916833}","{0: 0.6408128762916833, 1: 0.6408128762916833}",0.6408128762916833,"[[452 185]
 [315 322]]",[1. 0. 1. ... 0. 1. 0.],[0. 1. 1. ... 1. 0. 0.]
796,AdaBoost,"{'algorithm': 'SAMME', 'learning_rate': 0.3448979591836735, 'n_estimators': 63}",0.5791824790635718,0.08413617408901035,0.18233999710411652,0.15581754894616762,0.5911699985520582,0.0779087744730838,0.6034058534058534,0.21507064364207218,0.6075353218210361,0.6075353218210361,"{0: 0.6408128762916833, 1: 0.6408128762916833}","{0: 0.6408128762916833, 1: 0.6408128762916833}",0.6408128762916833,"[[452 185]
 [315 322]]",[1. 0. 1. ... 0. 1. 0.],[0. 1. 1. ... 1. 0. 0.]
915,randomforest,"{'criterion': 'entropy', 'max_features': None, 'n_estimators': 83}",0.5864366074012405,0.09229081788446365,0.1823239574595117,0.1831523528763692,0.591161978729756,0.0915761764381846,0.5917874396135265,0.18367346938775508,0.5918367346938775,0.5918367346938775,"{0: 0.621234002597537, 1: 0.621234002597537}","{0: 0.621234002597537, 1: 0.621234002597537}",0.621234002597537,"[[370 267]
 [253 384]]",[1. 0. 1. ... 0. 1. 0.],[0. 1. 1. ... 1. 0. 0.]
512,knn,{'n_neighbors': 29},0.5850449722069708,0.08833589680315626,0.18219996546211825,0.17377098820025846,0.5910999827310591,0.08688549410012923,0.600427730361941,0.20251177394034536,0.6012558869701727,0.6012558869701727,"{0: 0.6282774189255462, 1: 0.6282774189255463}","{0: 0.6282774189255462, 1: 0.6282774189255463}",0.6282774189255463,"[[412 225]
 [283 354]]",[1. 0. 1. ... 0. 1. 0.],[0. 1. 1. ... 1. 0. 0.]
927,knn,{'n_neighbors': 29},0.5850449722069708,0.08833589680315626,0.18219996546211825,0.17377098820025846,0.5910999827310591,0.08688549410012923,0.600427730361941,0.20251177394034536,0.6012558869701727,0.6012558869701727,"{0: 0.6282774189255462, 1: 0.6282774189255463}","{0: 0.6282774189255462, 1: 0.6282774189255463}",0.6282774189255463,"[[412 225]
 [283 354]]",[1. 0. 1. ... 0. 1. 0.],[0. 1. 1. ... 1. 0. 0.]
251,knn,{'n_neighbors': 29},0.5850449722069708,0.08833589680315626,0.18219996546211825,0.17377098820025846,0.5910999827310591,0.08688549410012923,0.600427730361941,0.20251177394034536,0.6012558869701727,0.6012558869701727,"{0: 0.6282774189255462, 1: 0.6282774189255463}","{0: 0.6282774189255462, 1: 0.6282774189255463}",0.6282774189255463,"[[412 225]
 [283 354]]",[1. 0. 1. ... 0. 1. 0.],[0. 1. 1. ... 1. 0. 0.]
882,AdaBoost,"{'algorithm': 'SAMME.R', 'learning_rate': 0.1816326530612245, 'n_estimators': 63}",0.5839333879743487,0.09854377282927129,0.18206818598252145,0.19181432263993367,0.5910340929912608,0.09590716131996682,0.6055934722226514,0.2135007849293563,0.6067503924646782,0.6067503924646782,"{0: 0.6395128755523463, 1: 0.6395128755523463}","{0: 0.6395128755523463, 1: 0.6395128755523463}",0.6395128755523463,"[[421 216]
 [285 352]]",[1. 0. 1. ... 0. 1. 0.],[0. 1. 1. ... 1. 0. 0.]
467,randomforest,"{'criterion': 'gini', 'max_features': 'log2', 'n_estimators': 513}",0.5869440151375096,0.0711762512924814,0.18205552947459197,0.1422895761445286,0.591027764737296,0.07114478807226429,0.5965453165355573,0.19309262166405028,0.5965463108320251,0.5965463108320251,"{0: 0.6283796938652287, 1: 0.6283796938652286}","{0: 0.6283796938652287, 1: 0.6283796938652286}",0.6283796938652286,"[[381 256]
 [258 379]]",[1. 0. 1. ... 0. 1. 0.],[0. 1. 1. ... 1. 0. 0.]
441,randomforest,"{'criterion': 'entropy', 'max_features': 'log2', 'n_estimators': 377}",0.5865587760025169,0.0714842128852978,0.1820351350967807,0.1438284256467184,0.5910175675483904,0.0719142128233592,0.5973290073669171,0.19466248037676614,0.597331240188383,0.597331240188383,"{0: 0.6280580823079142, 1: 0.6280580823079142}","{0: 0.6280580823079142, 1: 0.6280580823079142}",0.6280580823079142,"[[379 258]
 [255 382]]",[1. 0. 1. ... 0. 1. 0.],[0. 1. 1. ... 1. 0. 0.]
29,knn,{'n_neighbors': 11},0.5863108423799619,0.09084019902592734,0.18179667129668012,0.17847677863145847,0.59089833564834,0.08923838931572924,0.594780717651323,0.18995290423861855,0.5949764521193093,0.5949764521193093,"{0: 0.6140193065512645, 1: 0.6140193065512644}","{0: 0.6140193065512645, 1: 0.6140193065512644}",0.6140193065512644,"[[393 244]
 [272 365]]",[1. 0. 1. ... 0. 1. 0.],[0. 1. 1. ... 1. 0. 0.]
308,knn,{'n_neighbors': 11},0.5863108423799619,0.09084019902592734,0.18179667129668012,0.17847677863145847,0.59089833564834,0.08923838931572924,0.594780717651323,0.18995290423861855,0.5949764521193093,0.5949764521193093,"{0: 0.6140193065512645, 1: 0.6140193065512644}","{0: 0.6140193065512645, 1: 0.6140193065512644}",0.6140193065512644,"[[393 244]
 [272 365]]",[1. 0. 1. ... 0. 1. 0.],[0. 1. 1. ... 1. 0. 0.]
691,knn,{'n_neighbors': 11},0.5863108423799619,0.09084019902592734,0.18179667129668012,0.17847677863145847,0.59089833564834,0.08923838931572924,0.594780717651323,0.18995290423861855,0.5949764521193093,0.5949764521193093,"{0: 0.6140193065512645, 1: 0.6140193065512644}","{0: 0.6140193065512645, 1: 0.6140193065512644}",0.6140193065512644,"[[393 244]
 [272 365]]",[1. 0. 1. ... 0. 1. 0.],[0. 1. 1. ... 1. 0. 0.]
835,AdaBoost,"{'algorithm': 'SAMME.R', 'learning_rate': 0.5081632653061224, 'n_estimators': 63}",0.5858524091874078,0.09991688756702928,0.18171240256152504,0.19388817235961228,0.5908562012807625,0.09694408617980613,0.6073959938366718,0.21507064364207218,0.6075353218210361,0.6075353218210361,"{0: 0.6380785619404143, 1: 0.6380785619404143}","{0: 0.6380785619404143, 1: 0.6380785619404143}",0.6380785619404143,"[[399 238]
 [262 375]]",[1. 0. 1. ... 0. 1. 0.],[0. 1. 1. ... 1. 0. 0.]
397,AdaBoost,"{'algorithm': 'SAMME', 'learning_rate': 0.9979591836734693, 'n_estimators': 30}",0.5836795822033912,0.09359482667207739,0.18151075243100995,0.17666869715116335,0.590755376215505,0.08833434857558167,0.5990180032733224,0.19937205651491363,0.5996860282574569,0.5996860282574568,"{0: 0.6349573279378169, 1: 0.6349573279378169}","{0: 0.6349573279378169, 1: 0.6349573279378169}",0.6349573279378169,"[[408 229]
 [281 356]]",[1. 0. 1. ... 0. 1. 0.],[0. 1. 1. ... 1. 0. 0.]
171,AdaBoost,"{'algorithm': 'SAMME.R', 'learning_rate': 1.1612244897959183, 'n_estimators': 52}",0.5874414169678333,0.0833976600452597,0.1814090302220472,0.16626951158928938,0.5907045151110236,0.0831347557946447,0.5996376811594203,0.19937205651491363,0.5996860282574569,0.5996860282574568,"{0: 0.6292077512081997, 1: 0.6292077512081998}","{0: 0.6292077512081997, 1: 0.6292077512081998}",0.6292077512081998,"[[389 248]
 [262 375]]",[1. 0. 1. ... 0. 1. 0.],[0. 1. 1. ... 1. 0. 0.]
478,randomforest,"{'criterion': 'entropy', 'max_features': None, 'n_estimators': 491}",0.5861732095326639,0.07146000211648791,0.18100488671584888,0.14452357766329166,0.5905024433579245,0.07226178883164583,0.5949724594284869,0.18995290423861855,0.5949764521193093,0.5949764521193093,"{0: 0.6251980806813728, 1: 0.6251980806813728}","{0: 0.6251980806813728, 1: 0.6251980806813728}",0.6251980806813728,"[[381 256]
 [260 377]]",[1. 0. 1. ... 0. 1. 0.],[0. 1. 1. ... 1. 0. 0.]
848,AdaBoost,"{'algorithm': 'SAMME', 'learning_rate': 1.5693877551020408, 'n_estimators': 63}",0.5830604816179159,0.09042128732830845,0.1810015193509329,0.17198182876115464,0.5905007596754664,0.08599091438057732,0.6042044218919898,0.20879120879120883,0.6043956043956044,0.6043956043956045,"{0: 0.6356412145826813, 1: 0.6356412145826813}","{0: 0.6356412145826813, 1: 0.6356412145826813}",0.6356412145826813,"[[371 266]
 [238 399]]",[1. 0. 1. ... 0. 1. 0.],[0. 1. 1. ... 1. 0. 0.]
539,AdaBoost,"{'algorithm': 'SAMME', 'learning_rate': 0.5897959183673469, 'n_estimators': 41}",0.5800135198940527,0.09013378084987676,0.180656356996947,0.17194848504713764,0.5903281784984735,0.08597424252356882,0.6044574252308562,0.2135007849293563,0.6067503924646782,0.6067503924646782,"{0: 0.6437184703612153, 1: 0.6437184703612153}","{0: 0.6437184703612153, 1: 0.6437184703612153}",0.6437184703612153,"[[435 202]
 [299 338]]",[1. 0. 1. ... 0. 1. 0.],[0. 1. 1. ... 1. 0. 0.]
330,AdaBoost,"{'algorithm': 'SAMME', 'learning_rate': 0.5897959183673469, 'n_estimators': 41}",0.5800135198940527,0.09013378084987676,0.180656356996947,0.17194848504713764,0.5903281784984735,0.08597424252356882,0.6044574252308562,0.2135007849293563,0.6067503924646782,0.6067503924646782,"{0: 0.6437184703612153, 1: 0.6437184703612153}","{0: 0.6437184703612153, 1: 0.6437184703612153}",0.6437184703612153,"[[435 202]
 [299 338]]",[1. 0. 1. ... 0. 1. 0.],[0. 1. 1. ... 1. 0. 0.]
247,AdaBoost,"{'algorithm': 'SAMME', 'learning_rate': 0.5897959183673469, 'n_estimators': 41}",0.5800135198940527,0.09013378084987676,0.180656356996947,0.17194848504713764,0.5903281784984735,0.08597424252356882,0.6044574252308562,0.2135007849293563,0.6067503924646782,0.6067503924646782,"{0: 0.6445699400397763, 1: 0.6445699400397763}","{0: 0.6445699400397763, 1: 0.6445699400397763}",0.6445699400397763,"[[435 202]
 [299 338]]",[1. 0. 1. ... 0. 1. 0.],[0. 1. 1. ... 1. 0. 0.]
331,randomforest,"{'criterion': 'gini', 'max_features': 'log2', 'n_estimators': 589}",0.5862918300197623,0.06751028386093055,0.18055191204062357,0.1350346266610356,0.5902759560203118,0.06751731333051782,0.5949674684542586,0.18995290423861855,0.5949764521193093,0.5949764521193093,"{0: 0.627523295273912, 1: 0.627523295273912}","{0: 0.627523295273912, 1: 0.627523295273912}",0.627523295273912,"[[382 255]
 [261 376]]",[1. 0. 1. ... 0. 1. 0.],[0. 1. 1. ... 1. 0. 0.]
827,AdaBoost,"{'algorithm': 'SAMME', 'learning_rate': 1.4877551020408164, 'n_estimators': 63}",0.583161569682392,0.09807617731582924,0.17998560102086425,0.17696427023268327,0.5899928005104321,0.08848213511634166,0.6083007033293386,0.21664050235478804,0.6083202511773941,0.6083202511773941,"{0: 0.6342019720579937, 1: 0.6342019720579937}","{0: 0.6342019720579937, 1: 0.6342019720579937}",0.6342019720579937,"[[383 254]
 [245 392]]",[1. 0. 1. ... 0. 1. 0.],[0. 1. 1. ... 1. 0. 0.]
855,SVC,"{'C': 1, 'gamma': 0.001, 'kernel': 'rbf'}",0.5743966662050022,0.10341671464535632,0.17978134745138447,0.18897295238864573,0.5898906737256923,0.09448647619432286,0.5991202066808043,0.21664050235478804,0.6083202511773941,0.608320251177394,"{0: 0.575063644585959, 1: 0.5750636445859589}","{0: 0.575063644585959, 1: 0.5750636445859589}",0.5750636445859589,"[[484 153]
 [346 291]]",[1. 0. 1. ... 0. 1. 0.],[0. 1. 1. ... 1. 0. 0.]
739,AdaBoost,"{'algorithm': 'SAMME', 'learning_rate': 0.26326530612244897, 'n_estimators': 74}",0.5771840148338926,0.08410388168542257,0.1795111415796088,0.1567876851968163,0.5897555707898043,0.07839384259840813,0.6017326551967488,0.2135007849293563,0.6067503924646782,0.6067503924646782,"{0: 0.6349856691861626, 1: 0.6349856691861625}","{0: 0.6349856691861626, 1: 0.6349856691861625}",0.6349856691861625,"[[458 179]
 [322 315]]",[1. 0. 1. ... 0. 1. 0.],[0. 1. 1. ... 1. 0. 0.]
3,randomforest,"{'criterion': 'entropy', 'max_features': 'sqrt', 'n_estimators': 429}",0.5855588529800508,0.06983346794698056,0.1795083870045154,0.14138191747691667,0.5897541935022577,0.07069095873845832,0.5918327110519636,0.18367346938775508,0.5918367346938775,0.5918367346938775,"{0: 0.6257143842925409, 1: 0.6257143842925409}","{0: 0.6257143842925409, 1: 0.6257143842925409}",0.6257143842925409,"[[379 258]
 [262 375]]",[1. 0. 1. ... 0. 1. 0.],[0. 1. 1. ... 1. 0. 0.]
440,AdaBoost,"{'algorithm': 'SAMME', 'learning_rate': 1.4877551020408164, 'n_estimators': 30}",0.5838387230853238,0.0889818964586115,0.17940791887540722,0.17382992166317687,0.5897039594377036,0.08691496083158844,0.5956295873093352,0.1915227629513344,0.5957613814756672,0.5957613814756673,"{0: 0.6280777979589373, 1: 0.6280777979589371}","{0: 0.6280777979589373, 1: 0.6280777979589371}",0.6280777979589371,"[[391 246]
 [269 368]]",[0. 0. 1. ... 0. 1. 0.],[0. 1. 1. ... 1. 0. 0.]
37,randomforest,"{'criterion': 'gini', 'max_features': 'log2', 'n_estimators': 335}",0.5838319441672541,0.07169947435204094,0.1793176679821666,0.1392301015872297,0.5896588339910833,0.06961505079361485,0.5988711948267204,0.19780219780219777,0.5989010989010989,0.5989010989010989,"{0: 0.6262504035547318, 1: 0.6262504035547318}","{0: 0.6262504035547318, 1: 0.6262504035547318}",0.6262504035547318,"[[376 261]
 [250 387]]",[1. 0. 1. ... 0. 1. 0.],[0. 1. 1. ... 1. 0. 0.]
529,AdaBoost,"{'algorithm': 'SAMME', 'learning_rate': 0.26326530612244897, 'n_estimators': 63}",0.5757198408833597,0.09053996866605987,0.17927074308921032,0.16532706574894723,0.5896353715446052,0.0826635328744736,0.6024354445230327,0.21664050235478804,0.6083202511773941,0.6083202511773941,"{0: 0.6317116388881359, 1: 0.6317116388881359}","{0: 0.6317116388881359, 1: 0.6317116388881359}",0.6317116388881359,"[[465 172]
 [327 310]]",[1. 0. 1. ... 0. 1. 0.],[0. 1. 1. ... 1. 0. 0.]
67,AdaBoost,"{'algorithm': 'SAMME.R', 'learning_rate': 0.26326530612244897, 'n_estimators': 85}",0.5835927277061679,0.09741186836539498,0.1791860154524411,0.18832849657809753,0.5895930077262206,0.09416424828904876,0.6054510907116771,0.21193092621664045,0.6059654631083202,0.6059654631083202,"{0: 0.6397038709216327, 1: 0.6397038709216327}","{0: 0.6397038709216327, 1: 0.6397038709216327}",0.6397038709216327,"[[409 228]
 [274 363]]",[1. 0. 1. ... 0. 1. 0.],[0. 1. 1. ... 1. 0. 0.]
686,AdaBoost,"{'algorithm': 'SAMME', 'learning_rate': 1.3244897959183672, 'n_estimators': 52}",0.5809309036977798,0.10168639768981372,0.17904878039798663,0.17877260893754396,0.5895243901989934,0.08938630446877198,0.5965214519499981,0.19309262166405028,0.5965463108320251,0.596546310832025,"{0: 0.6322439614657601, 1: 0.63224396146576}","{0: 0.6322439614657601, 1: 0.63224396146576}",0.63224396146576,"[[375 262]
 [252 385]]",[1. 0. 1. ... 0. 1. 0.],[0. 1. 1. ... 1. 0. 0.]
650,AdaBoost,"{'algorithm': 'SAMME', 'learning_rate': 0.26326530612244897, 'n_estimators': 74}",0.5768189605210459,0.08337097778812452,0.17879685586532307,0.15536016832193605,0.5893984279326615,0.07768008416096803,0.6008662331340414,0.21193092621664045,0.6059654631083202,0.6059654631083202,"{0: 0.63522225699844, 1: 0.63522225699844}","{0: 0.63522225699844, 1: 0.63522225699844}",0.63522225699844,"[[458 179]
 [323 314]]",[1. 0. 1. ... 0. 1. 0.],[0. 1. 1. ... 1. 0. 0.]
182,AdaBoost,"{'algorithm': 'SAMME', 'learning_rate': 0.9979591836734693, 'n_estimators': 85}",0.5825107178387813,0.08744484429167877,0.17875582479062063,0.16586406999817566,0.5893779123953103,0.08293203499908783,0.6031155096292466,0.20722135007849296,0.6036106750392465,0.6036106750392465,"{0: 0.6360515465696, 1: 0.6360515465696}","{0: 0.6360515465696, 1: 0.6360515465696}",0.6360515465696,"[[407 230]
 [275 362]]",[1. 0. 1. ... 0. 1. 0.],[0. 1. 1. ... 1. 0. 0.]
375,randomforest,"{'criterion': 'gini', 'max_features': 'log2', 'n_estimators': 159}",0.5838479676542421,0.07299885092934702,0.1786009555896671,0.1414780946074201,0.5893004777948335,0.07073904730371006,0.5956893911523817,0.1915227629513344,0.5957613814756672,0.5957613814756673,"{0: 0.6227459465853726, 1: 0.6227459465853724}","{0: 0.6227459465853726, 1: 0.6227459465853724}",0.6227459465853724,"[[371 266]
 [249 388]]",[1. 0. 1. ... 0. 1. 0.],[0. 1. 1. ... 1. 0. 0.]
985,randomforest,"{'criterion': 'gini', 'max_features': 'sqrt', 'n_estimators': 567}",0.5838037839696276,0.07079244815632063,0.17857887336195827,0.14139417162324952,0.5892894366809791,0.07069708581162476,0.5996771490536278,0.19937205651491363,0.5996860282574569,0.5996860282574568,"{0: 0.629200357839066, 1: 0.629200357839066}","{0: 0.629200357839066, 1: 0.629200357839066}",0.629200357839066,"[[379 258]
 [252 385]]",[1. 0. 1. ... 0. 1. 0.],[0. 1. 1. ... 1. 0. 0.]
315,AdaBoost,"{'algorithm': 'SAMME', 'learning_rate': 1.079591836734694, 'n_estimators': 41}",0.5831471069476909,0.08244176283619299,0.17857324899380633,0.1576655575426337,0.5892866244969032,0.07883277877131684,0.5955218957965372,0.1915227629513344,0.5957613814756672,0.5957613814756672,"{0: 0.6331940093994366, 1: 0.6331940093994367}","{0: 0.6331940093994366, 1: 0.6331940093994367}",0.6331940093994367,"[[395 242]
 [273 364]]",[1. 0. 1. ... 0. 1. 0.],[0. 1. 1. ... 1. 0. 0.]
23,randomforest,"{'criterion': 'entropy', 'max_features': None, 'n_estimators': 291}",0.5845346692155534,0.06842181293564095,0.17855330102295885,0.13409462922112844,0.5892766505114794,0.06704731461056422,0.5934055913724099,0.18681318681318682,0.5934065934065934,0.5934065934065934,"{0: 0.6229467997801705, 1: 0.6229467997801704}","{0: 0.6229467997801705, 1: 0.6229467997801704}",0.6229467997801704,"[[379 258]
 [260 377]]",[1. 0. 1. ... 0. 1. 0.],[0. 1. 1. ... 1. 0. 0.]
513,randomforest,"{'criterion': 'gini', 'max_features': 'sqrt', 'n_estimators': 151}",0.5843157273233566,0.06761959196734149,0.17846869923379316,0.1355300757615992,0.5892343496168966,0.06776503788079959,0.6004588956314344,0.2009419152276295,0.6004709576138147,0.6004709576138147,"{0: 0.6244451892579276, 1: 0.6244451892579275}","{0: 0.6244451892579276, 1: 0.6244451892579275}",0.6244451892579275,"[[379 258]
 [251 386]]",[1. 0. 1. ... 0. 1. 0.],[0. 1. 1. ... 1. 0. 0.]
58,AdaBoost,"{'algorithm': 'SAMME.R', 'learning_rate': 1.3244897959183672, 'n_estimators': 30}",0.5825854539245979,0.0857848619663672,0.17813816362730728,0.16363917042987539,0.5890690818136537,0.0818195852149377,0.5981122078050103,0.1962323390894819,0.598116169544741,0.598116169544741,"{0: 0.6355229206765425, 1: 0.6355229206765426}","{0: 0.6355229206765425, 1: 0.6355229206765426}",0.6355229206765426,"[[379 258]
 [254 383]]",[0. 0. 1. ... 0. 1. 0.],[0. 1. 1. ... 1. 0. 0.]
47,randomforest,"{'criterion': 'gini', 'max_features': 'log2', 'n_estimators': 417}",0.5845751499676994,0.06821044667688023,0.1780458442295244,0.1379504243012956,0.5890229221147623,0.0689752121506478,0.5949405150677909,0.18995290423861855,0.5949764521193093,0.5949764521193093,"{0: 0.6243860423048582, 1: 0.6243860423048583}","{0: 0.6243860423048582, 1: 0.6243860423048583}",0.6243860423048583,"[[373 264]
 [252 385]]",[1. 0. 1. ... 0. 1. 0.],[0. 1. 1. ... 1. 0. 0.]
818,randomforest,"{'criterion': 'gini', 'max_features': 'sqrt', 'n_estimators': 217}",0.5851377714193162,0.07147562372865313,0.17802628914969948,0.1435581653215009,0.5890131445748498,0.07177908266075045,0.5965373619873817,0.19309262166405028,0.5965463108320251,0.5965463108320251,"{0: 0.6243909712176139, 1: 0.624390971217614}","{0: 0.6243909712176139, 1: 0.624390971217614}",0.624390971217614,"[[377 260]
 [254 383]]",[1. 0. 1. ... 0. 1. 0.],[0. 1. 1. ... 1. 0. 0.]
500,AdaBoost,"{'algorithm': 'SAMME.R', 'learning_rate': 1.079591836734694, 'n_estimators': 41}",0.5843349844074827,0.07581119239983851,0.17789910351152083,0.15092343530931487,0.5889495517557605,0.07546171765465744,0.5989008517782604,0.19780219780219777,0.5989010989010989,0.598901098901099,"{0: 0.6330264263657401, 1: 0.6330264263657401}","{0: 0.6330264263657401, 1: 0.6330264263657401}",0.6330264263657401,"[[382 255]
 [256 381]]",[1. 0. 1. ... 0. 1. 0.],[0. 1. 1. ... 1. 0. 0.]
511,SVC,"{'C': 10, 'gamma': 0.01, 'kernel': 'rbf'}",0.5783121555929851,0.10116130229240088,0.17751987470692385,0.19146772836784534,0.5887599373534619,0.09573386418392268,0.6038505581261113,0.2135007849293563,0.6067503924646782,0.6067503924646782,"{0: 0.6169199717080408, 1: 0.6169199717080407}","{0: 0.6169199717080408, 1: 0.6169199717080407}",0.6169199717080407,"[[441 196]
 [305 332]]",[1. 0. 1. ... 0. 1. 0.],[0. 1. 1. ... 1. 0. 0.]
930,AdaBoost,"{'algorithm': 'SAMME', 'learning_rate': 1.5693877551020408, 'n_estimators': 63}",0.581244500850363,0.0876776960939278,0.17743009077950428,0.16653186577155168,0.5887150453897522,0.08326593288577584,0.6002638335382975,0.2009419152276295,0.6004709576138147,0.6004709576138147,"{0: 0.634995527011674, 1: 0.6349955270116742}","{0: 0.634995527011674, 1: 0.6349955270116742}",0.6349955270116742,"[[368 269]
 [240 397]]",[1. 0. 1. ... 0. 1. 0.],[0. 1. 1. ... 1. 0. 0.]
273,SVC,"{'C': 100, 'gamma': 0.001, 'kernel': 'rbf'}",0.575236695899855,0.09929051916493327,0.17742999148503158,0.18656124283851638,0.5887149957425158,0.09328062141925819,0.601245965510593,0.21507064364207218,0.6075353218210361,0.6075353218210361,"{0: 0.6099344701049119, 1: 0.6099344701049119}","{0: 0.6099344701049119, 1: 0.6099344701049119}",0.6099344701049119,"[[467 170]
 [330 307]]",[1. 0. 1. ... 0. 1. 0.],[0. 1. 1. ... 1. 0. 0.]
241,randomforest,"{'criterion': 'entropy', 'max_features': 'sqrt', 'n_estimators': 507}",0.5845029999975238,0.06607996944639924,0.17667997306740582,0.13301412713017693,0.5883399865337029,0.06650706356508845,0.5926153891652204,0.18524332810047095,0.5926216640502355,0.5926216640502355,"{0: 0.6203344760196072, 1: 0.6203344760196073}","{0: 0.6203344760196072, 1: 0.6203344760196073}",0.6203344760196073,"[[375 262]
 [257 380]]",[1. 0. 1. ... 0. 1. 0.],[0. 1. 1. ... 1. 0. 0.]
377,AdaBoost,"{'algorithm': 'SAMME', 'learning_rate': 1.8142857142857143, 'n_estimators': 41}",0.5821431238572174,0.10118829064666651,0.17638765222244804,0.19632621877498263,0.588193826111224,0.09816310938749132,0.5917874396135265,0.18367346938775508,0.5918367346938775,0.5918367346938775,"{0: 0.6027875466090312, 1: 0.6027875466090312}","{0: 0.6027875466090312, 1: 0.6027875466090312}",0.6027875466090312,"[[384 253]
 [267 370]]",[1. 0. 1. ... 0. 1. 0.],[0. 1. 1. ... 1. 0. 0.]
129,AdaBoost,"{'algorithm': 'SAMME.R', 'learning_rate': 0.26326530612244897, 'n_estimators': 96}",0.5830212722542116,0.10405349664977888,0.17636007235979012,0.2042442336126489,0.588180036179895,0.10212211680632445,0.607221694681153,0.21507064364207218,0.6075353218210361,0.6075353218210361,"{0: 0.637436571053974, 1: 0.637436571053974}","{0: 0.637436571053974, 1: 0.637436571053974}",0.637436571053974,"[[405 232]
 [268 369]]",[1. 0. 1. ... 0. 1. 0.],[0. 1. 1. ... 1. 0. 0.]
168,randomforest,"{'criterion': 'entropy', 'max_features': 'sqrt', 'n_estimators': 75}",0.5827666318154621,0.07042816247004627,0.17558114610008071,0.14129339324531656,0.5877905730500403,0.07064669662265827,0.5871261410461149,0.17425431711146,0.5871271585557299,0.5871271585557299,"{0: 0.615661866727128, 1: 0.6156618667271281}","{0: 0.615661866727128, 1: 0.6156618667271281}",0.6156618667271281,"[[373 264]
 [262 375]]",[1. 0. 1. ... 0. 1. 0.],[0. 1. 1. ... 1. 0. 0.]
92,SVC,"{'C': 10, 'gamma': 0.01, 'kernel': 'rbf'}",0.5771130051885363,0.10128339141381974,0.1753174937545429,0.19186146513477684,0.5876587468772714,0.09593073256738842,0.6021604775400355,0.2103610675039247,0.6051805337519623,0.6051805337519622,"{0: 0.6153180750624123, 1: 0.6153180750624123}","{0: 0.6153180750624123, 1: 0.6153180750624123}",0.6153180750624123,"[[441 196]
 [307 330]]",[1. 0. 1. ... 0. 1. 0.],[0. 1. 1. ... 1. 0. 0.]
859,randomforest,"{'criterion': 'entropy', 'max_features': 'sqrt', 'n_estimators': 389}",0.5826594468003872,0.07352638055051328,0.17516431947881808,0.14275166276772622,0.5875821597394091,0.07137583138386311,0.5965463108320251,0.19309262166405028,0.5965463108320251,0.5965463108320251,"{0: 0.6270612097030577, 1: 0.6270612097030577}","{0: 0.6270612097030577, 1: 0.6270612097030577}",0.6270612097030577,"[[380 257]
 [257 380]]",[1. 0. 1. ... 0. 1. 0.],[0. 1. 1. ... 1. 0. 0.]
690,AdaBoost,"{'algorithm': 'SAMME.R', 'learning_rate': 1.1612244897959183, 'n_estimators': 74}",0.5821224221827986,0.08580750700927539,0.1749580601332211,0.16458726546660982,0.5874790300666105,0.08229363273330491,0.59810032211715,0.1962323390894819,0.598116169544741,0.598116169544741,"{0: 0.6343042469976761, 1: 0.634304246997676}","{0: 0.6343042469976761, 1: 0.634304246997676}",0.634304246997676,"[[385 252]
 [260 377]]",[1. 0. 1. ... 0. 1. 0.],[0. 1. 1. ... 1. 0. 0.]
635,AdaBoost,"{'algorithm': 'SAMME', 'learning_rate': 0.9163265306122448, 'n_estimators': 74}",0.5798002859066501,0.09163325681739865,0.1749568106438642,0.17423219402138937,0.5874784053219322,0.08711609701069467,0.6006407598286041,0.20251177394034536,0.6012558869701727,0.6012558869701727,"{0: 0.6397679467874577, 1: 0.6397679467874579}","{0: 0.6397679467874577, 1: 0.6397679467874579}",0.6397679467874579,"[[408 229]
 [279 358]]",[1. 0. 1. ... 0. 1. 0.],[0. 1. 1. ... 1. 0. 0.]
736,AdaBoost,"{'algorithm': 'SAMME', 'learning_rate': 0.9163265306122448, 'n_estimators': 74}",0.5798002859066501,0.09163325681739865,0.1749568106438642,0.17423219402138937,0.5874784053219322,0.08711609701069467,0.6006407598286041,0.20251177394034536,0.6012558869701727,0.6012558869701727,"{0: 0.6397679467874577, 1: 0.6397679467874579}","{0: 0.6397679467874577, 1: 0.6397679467874579}",0.6397679467874579,"[[408 229]
 [279 358]]",[1. 0. 1. ... 0. 1. 0.],[0. 1. 1. ... 1. 0. 0.]
38,SVC,"{'C': 10, 'gamma': 0.01, 'kernel': 'rbf'}",0.5769925040414856,0.10146831087823581,0.17489056436209624,0.19225793374594202,0.5874452821810481,0.09612896687297101,0.6022691232284112,0.2103610675039247,0.6051805337519623,0.6051805337519622,"{0: 0.617361109399683, 1: 0.617361109399683}","{0: 0.617361109399683, 1: 0.617361109399683}",0.617361109399683,"[[440 197]
 [306 331]]",[1. 0. 1. ... 0. 1. 0.],[0. 1. 1. ... 1. 0. 0.]
474,AdaBoost,"{'algorithm': 'SAMME', 'learning_rate': 0.9979591836734693, 'n_estimators': 41}",0.5809309972196529,0.08198484344520494,0.17481322672943628,0.15748890517962832,0.5874066133647181,0.07874445258981416,0.5957083728465308,0.19309262166405028,0.5965463108320251,0.596546310832025,"{0: 0.6385591309341029, 1: 0.6385591309341029}","{0: 0.6385591309341029, 1: 0.6385591309341029}",0.6385591309341029,"[[409 228]
 [286 351]]",[1. 0. 1. ... 0. 1. 0.],[0. 1. 1. ... 1. 0. 0.]
368,AdaBoost,"{'algorithm': 'SAMME', 'learning_rate': 1.5693877551020408, 'n_estimators': 41}",0.5819357091824816,0.0780159601096894,0.17469989271294498,0.15024172731176544,0.5873499463564724,0.07512086365588272,0.6012401633506099,0.20251177394034536,0.6012558869701727,0.6012558869701727,"{0: 0.6263995031655942, 1: 0.6263995031655942}","{0: 0.6263995031655942, 1: 0.6263995031655942}",0.6263995031655942,"[[387 250]
 [258 379]]",[1. 0. 1. ... 0. 1. 0.],[0. 1. 1. ... 1. 0. 0.]
201,AdaBoost,"{'algorithm': 'SAMME', 'learning_rate': 0.1816326530612245, 'n_estimators': 85}",0.5743164462369491,0.09363793617510768,0.1745681189822384,0.17445647410822696,0.5872840594911192,0.08722823705411348,0.600528227964163,0.2135007849293563,0.6067503924646782,0.6067503924646782,"{0: 0.6326592223654345, 1: 0.6326592223654346}","{0: 0.6326592223654345, 1: 0.6326592223654346}",0.6326592223654346,"[[466 171]
 [330 307]]",[1. 0. 1. ... 0. 1. 0.],[0. 1. 1. ... 1. 0. 0.]
295,AdaBoost,"{'algorithm': 'SAMME', 'learning_rate': 1.1612244897959183, 'n_estimators': 41}",0.5796985930764772,0.08180182000870705,0.17432035329435894,0.15638121423035953,0.5871601766471795,0.07819060711517975,0.5971503013843523,0.19466248037676614,0.597331240188383,0.597331240188383,"{0: 0.6332198861914045, 1: 0.6332198861914045}","{0: 0.6332198861914045, 1: 0.6332198861914045}",0.6332198861914045,"[[394 243]
 [270 367]]",[1. 0. 1. ... 0. 1. 0.],[0. 1. 1. ... 1. 0. 0.]
993,AdaBoost,"{'algorithm': 'SAMME.R', 'learning_rate': 0.26326530612244897, 'n_estimators': 63}",0.5807068702519086,0.10053031340825747,0.17430876890532945,0.19360480103275413,0.5871543844526648,0.09680240051637705,0.603070455503135,0.20722135007849296,0.6036106750392465,0.6036106750392465,"{0: 0.6395633969080929, 1: 0.639563396908093}","{0: 0.6395633969080929, 1: 0.639563396908093}",0.639563396908093,"[[408 229]
 [276 361]]",[1. 0. 1. ... 0. 1. 0.],[0. 1. 1. ... 1. 0. 0.]
62,AdaBoost,"{'algorithm': 'SAMME.R', 'learning_rate': 0.26326530612244897, 'n_estimators': 63}",0.5807068702519086,0.10053031340825747,0.17430876890532945,0.19360480103275413,0.5871543844526648,0.09680240051637705,0.603070455503135,0.20722135007849296,0.6036106750392465,0.6036106750392465,"{0: 0.6395116433241573, 1: 0.6395116433241573}","{0: 0.6395116433241573, 1: 0.6395116433241573}",0.6395116433241573,"[[408 229]
 [276 361]]",[1. 0. 1. ... 0. 1. 0.],[0. 1. 1. ... 1. 0. 0.]
821,AdaBoost,"{'algorithm': 'SAMME.R', 'learning_rate': 0.26326530612244897, 'n_estimators': 63}",0.5807068702519086,0.10053031340825747,0.17430876890532945,0.19360480103275413,0.5871543844526648,0.09680240051637705,0.603070455503135,0.20722135007849296,0.6036106750392465,0.6036106750392465,"{0: 0.6395362878879363, 1: 0.6395362878879363}","{0: 0.6395362878879363, 1: 0.6395362878879363}",0.6395362878879363,"[[408 229]
 [276 361]]",[1. 0. 1. ... 0. 1. 0.],[0. 1. 1. ... 1. 0. 0.]
667,randomforest,"{'criterion': 'entropy', 'max_features': None, 'n_estimators': 243}",0.5826632171349758,0.07686539710426414,0.17423506366213837,0.15474103183393795,0.5871175318310692,0.07737051591696896,0.5926194051138985,0.18524332810047095,0.5926216640502355,0.5926216640502355,"{0: 0.6266816834208626, 1: 0.6266816834208626}","{0: 0.6266816834208626, 1: 0.6266816834208626}",0.6266816834208626,"[[379 258]
 [261 376]]",[1. 0. 1. ... 0. 1. 0.],[0. 1. 1. ... 1. 0. 0.]
88,AdaBoost,"{'algorithm': 'SAMME', 'learning_rate': 1.2428571428571429, 'n_estimators': 96}",0.578826132307916,0.10049105791356708,0.17421309462504453,0.18266600518601409,0.5871065473125223,0.09133300259300704,0.6027464455443593,0.2056514913657771,0.6028257456828885,0.6028257456828885,"{0: 0.6401425441568972, 1: 0.6401425441568972}","{0: 0.6401425441568972, 1: 0.6401425441568972}",0.6401425441568972,"[[393 244]
 [262 375]]",[1. 0. 1. ... 0. 1. 0.],[0. 1. 1. ... 1. 0. 0.]
450,AdaBoost,"{'algorithm': 'SAMME', 'learning_rate': 1.2428571428571429, 'n_estimators': 96}",0.578826132307916,0.10049105791356708,0.17421309462504453,0.18266600518601409,0.5871065473125223,0.09133300259300704,0.6027464455443593,0.2056514913657771,0.6028257456828885,0.6028257456828885,"{0: 0.6401425441568972, 1: 0.6401425441568972}","{0: 0.6401425441568972, 1: 0.6401425441568972}",0.6401425441568972,"[[393 244]
 [262 375]]",[1. 0. 1. ... 0. 1. 0.],[0. 1. 1. ... 1. 0. 0.]
379,AdaBoost,"{'algorithm': 'SAMME', 'learning_rate': 1.2428571428571429, 'n_estimators': 96}",0.578826132307916,0.10049105791356708,0.17421309462504453,0.18266600518601409,0.5871065473125223,0.09133300259300704,0.6027464455443593,0.2056514913657771,0.6028257456828885,0.6028257456828885,"{0: 0.6401425441568972, 1: 0.6401425441568972}","{0: 0.6401425441568972, 1: 0.6401425441568972}",0.6401425441568972,"[[393 244]
 [262 375]]",[1. 0. 1. ... 0. 1. 0.],[0. 1. 1. ... 1. 0. 0.]
276,randomforest,"{'criterion': 'entropy', 'max_features': 'sqrt', 'n_estimators': 233}",0.5826466921702328,0.08025655865909052,0.1741595194857828,0.15812742401499016,0.5870797597428914,0.07906371200749508,0.5973290073669171,0.19466248037676614,0.597331240188383,0.597331240188383,"{0: 0.6258252848295458, 1: 0.6258252848295458}","{0: 0.6258252848295458, 1: 0.6258252848295458}",0.6258252848295458,"[[382 255]
 [258 379]]",[1. 0. 1. ... 0. 1. 0.],[0. 1. 1. ... 1. 0. 0.]
967,SVC,"{'C': 10, 'gamma': 0.01, 'kernel': 'rbf'}",0.5765902593411633,0.10126079097890085,0.17397606219759407,0.19199732066358005,0.586988031098797,0.09599866033179003,0.6014242297836839,0.20879120879120883,0.6043956043956044,0.6043956043956044,"{0: 0.614836273840535, 1: 0.6148362738405349}","{0: 0.614836273840535, 1: 0.6148362738405349}",0.6148362738405349,"[[440 197]
 [307 330]]",[1. 0. 1. ... 0. 1. 0.],[0. 1. 1. ... 1. 0. 0.]
372,SVC,"{'C': 10, 'gamma': 0.01, 'kernel': 'rbf'}",0.5765385826408995,0.10131316456340356,0.17393818340971529,0.19200128109211206,0.5869690917048576,0.09600064054605603,0.6014242297836839,0.20879120879120883,0.6043956043956044,0.6043956043956044,"{0: 0.6177923892658137, 1: 0.6177923892658138}","{0: 0.6177923892658137, 1: 0.6177923892658138}",0.6177923892658138,"[[440 197]
 [307 330]]",[1. 0. 1. ... 0. 1. 0.],[0. 1. 1. ... 1. 0. 0.]
664,SVC,"{'C': 10, 'gamma': 0.0001, 'kernel': 'rbf'}",0.5712546029898132,0.09923541317725418,0.173758758928796,0.18075541175926618,0.5868793794643979,0.09037770587963309,0.596611666162075,0.21193092621664045,0.6059654631083202,0.6059654631083202,"{0: 0.5749182416596634, 1: 0.5749182416596634}","{0: 0.5749182416596634, 1: 0.5749182416596634}",0.5749182416596634,"[[483 154]
 [348 289]]",[1. 0. 1. ... 0. 1. 0.],[0. 1. 1. ... 1. 0. 0.]
35,randomforest,"{'criterion': 'gini', 'max_features': 'log2', 'n_estimators': 451}",0.58130408047295,0.07729459877963658,0.17364804211688856,0.1513884553681121,0.5868240210584443,0.07569422768405604,0.5941852720586106,0.18838304552590268,0.5941915227629513,0.5941915227629513,"{0: 0.6270242428573893, 1: 0.6270242428573893}","{0: 0.6270242428573893, 1: 0.6270242428573893}",0.6270242428573893,"[[381 256]
 [261 376]]",[1. 0. 1. ... 0. 1. 0.],[0. 1. 1. ... 1. 0. 0.]
127,SVC,"{'C': 10, 'gamma': 0.0001, 'kernel': 'rbf'}",0.570189836903836,0.09718307553669929,0.17320611234166663,0.1765497341745476,0.5866030561708333,0.0882748670872738,0.5971171526011715,0.2135007849293563,0.6067503924646782,0.6067503924646782,"{0: 0.5757290478079892, 1: 0.5757290478079893}","{0: 0.5757290478079892, 1: 0.5757290478079893}",0.5757290478079893,"[[485 152]
 [349 288]]",[1. 0. 1. ... 0. 1. 0.],[0. 1. 1. ... 1. 0. 0.]
828,SVC,"{'C': 10, 'gamma': 0.01, 'kernel': 'rbf'}",0.5761276833900815,0.10098676758652779,0.1730236812452131,0.19149909957494896,0.5865118406226065,0.09574954978747449,0.6006876883307112,0.20722135007849296,0.6036106750392465,0.6036106750392465,"{0: 0.6184799725952451, 1: 0.618479972595245}","{0: 0.6184799725952451, 1: 0.618479972595245}",0.618479972595245,"[[439 198]
 [307 330]]",[1. 0. 1. ... 0. 1. 0.],[0. 1. 1. ... 1. 0. 0.]
343,AdaBoost,"{'algorithm': 'SAMME', 'learning_rate': 1.4877551020408164, 'n_estimators': 41}",0.5798042940861552,0.10363940419436952,0.1727717953513041,0.18989878991395714,0.5863858976756521,0.09494939495697857,0.6003170511775086,0.2009419152276295,0.6004709576138147,0.6004709576138147,"{0: 0.6319494589286022, 1: 0.6319494589286022}","{0: 0.6319494589286022, 1: 0.6319494589286022}",0.6319494589286022,"[[395 242]
 [267 370]]",[1. 0. 1. ... 0. 1. 0.],[0. 1. 1. ... 1. 0. 0.]
472,AdaBoost,"{'algorithm': 'SAMME', 'learning_rate': 1.5693877551020408, 'n_estimators': 41}",0.5806578359802823,0.07652750453637541,0.17255703557008784,0.14773067276644108,0.5862785177850439,0.07386533638322054,0.5988810809645131,0.19780219780219777,0.5989010989010989,0.5989010989010989,"{0: 0.6291978933826882, 1: 0.6291978933826883}","{0: 0.6291978933826882, 1: 0.6291978933826883}",0.6291978933826883,"[[377 260]
 [251 386]]",[1. 0. 1. ... 0. 1. 0.],[0. 1. 1. ... 1. 0. 0.]
482,AdaBoost,"{'algorithm': 'SAMME', 'learning_rate': 1.2428571428571429, 'n_estimators': 85}",0.5811165623973708,0.08087621308460075,0.17252155391423404,0.15613162549063594,0.586260776957117,0.07806581274531797,0.5988988747845899,0.19780219780219777,0.5989010989010989,0.598901098901099,"{0: 0.6397469989082459, 1: 0.6397469989082458}","{0: 0.6397469989082459, 1: 0.6397469989082458}",0.6397469989082458,"[[380 257]
 [254 383]]",[1. 0. 1. ... 0. 1. 0.],[0. 1. 1. ... 1. 0. 0.]
464,AdaBoost,"{'algorithm': 'SAMME', 'learning_rate': 1.2428571428571429, 'n_estimators': 85}",0.5811165623973708,0.08087621308460075,0.17252155391423404,0.15613162549063594,0.586260776957117,0.07806581274531797,0.5988988747845899,0.19780219780219777,0.5989010989010989,0.598901098901099,"{0: 0.6397469989082459, 1: 0.6397469989082458}","{0: 0.6397469989082459, 1: 0.6397469989082458}",0.6397469989082458,"[[380 257]
 [254 383]]",[1. 0. 1. ... 0. 1. 0.],[0. 1. 1. ... 1. 0. 0.]
563,randomforest,"{'criterion': 'entropy', 'max_features': 'log2', 'n_estimators': 129}",0.5810201205268567,0.0690585775173266,0.17212583541386345,0.138215029476576,0.5860629177069316,0.069107514738288,0.5957551549520009,0.1915227629513344,0.5957613814756672,0.5957613814756673,"{0: 0.6182335269574561, 1: 0.6182335269574561}","{0: 0.6182335269574561, 1: 0.6182335269574561}",0.6182335269574561,"[[377 260]
 [255 382]]",[1. 0. 1. ... 0. 1. 0.],[0. 1. 1. ... 1. 0. 0.]
771,randomforest,"{'criterion': 'entropy', 'max_features': 'log2', 'n_estimators': 181}",0.5809006225252795,0.08548285799057442,0.1719306128064969,0.16793685434682698,0.5859653064032484,0.0839684271734135,0.5964826659765101,0.19309262166405028,0.5965463108320251,0.5965463108320251,"{0: 0.6218057564772075, 1: 0.6218057564772076}","{0: 0.6218057564772075, 1: 0.6218057564772076}",0.6218057564772076,"[[372 265]
 [249 388]]",[1. 0. 1. ... 0. 1. 0.],[0. 1. 1. ... 1. 0. 0.]
394,AdaBoost,"{'algorithm': 'SAMME.R', 'learning_rate': 0.6714285714285714, 'n_estimators': 41}",0.5790089065468665,0.0880434883450253,0.17104848841763912,0.1687420273578502,0.5855242442088197,0.0843710136789251,0.6003406989134985,0.2009419152276295,0.6004709576138147,0.6004709576138147,"{0: 0.6336425404602126, 1: 0.6336425404602126}","{0: 0.6336425404602126, 1: 0.6336425404602126}",0.6336425404602126,"[[394 243]
 [266 371]]",[1. 0. 1. ... 0. 1. 0.],[0. 1. 1. ... 1. 0. 0.]
161,AdaBoost,"{'algorithm': 'SAMME.R', 'learning_rate': 0.6714285714285714, 'n_estimators': 41}",0.5790089065468665,0.0880434883450253,0.17104848841763912,0.1687420273578502,0.5855242442088197,0.0843710136789251,0.6003406989134985,0.2009419152276295,0.6004709576138147,0.6004709576138147,"{0: 0.6336400760038349, 1: 0.6336400760038348}","{0: 0.6336400760038349, 1: 0.6336400760038348}",0.6336400760038348,"[[394 243]
 [266 371]]",[1. 0. 1. ... 0. 1. 0.],[0. 1. 1. ... 1. 0. 0.]
384,AdaBoost,"{'algorithm': 'SAMME', 'learning_rate': 1.1612244897959183, 'n_estimators': 41}",0.5779739069697656,0.07843975464907728,0.17074892472293038,0.1493565278184333,0.5853744623614652,0.07467826390921666,0.5931499113468619,0.18681318681318682,0.5934065934065934,0.5934065934065934,"{0: 0.6336462371447795, 1: 0.6336462371447794}","{0: 0.6336462371447795, 1: 0.6336462371447794}",0.6336462371447794,"[[394 243]
 [275 362]]",[1. 0. 1. ... 0. 1. 0.],[0. 1. 1. ... 1. 0. 0.]
398,randomforest,"{'criterion': 'gini', 'max_features': 'log2', 'n_estimators': 407}",0.5805410042632991,0.06358725484586793,0.17056631265374542,0.12834925336149128,0.5852831563268727,0.06417462668074565,0.5949514965101147,0.18995290423861855,0.5949764521193093,0.5949764521193093,"{0: 0.6284585564693213, 1: 0.6284585564693213}","{0: 0.6284585564693213, 1: 0.6284585564693213}",0.6284585564693213,"[[374 263]
 [253 384]]",[1. 0. 1. ... 0. 1. 0.],[0. 1. 1. ... 1. 0. 0.]
701,AdaBoost,"{'algorithm': 'SAMME', 'learning_rate': 0.3448979591836735, 'n_estimators': 30}",0.5676021964152956,0.0874349031854778,0.17055811107410457,0.15502490488110648,0.5852790555370523,0.07751245244055327,0.5932780347923661,0.20408163265306123,0.6020408163265306,0.6020408163265306,"{0: 0.6350522095083656, 1: 0.6350522095083656}","{0: 0.6350522095083656, 1: 0.6350522095083656}",0.6350522095083656,"[[477 160]
 [347 290]]",[1. 0. 1. ... 0. 1. 0.],[0. 1. 1. ... 1. 0. 0.]
966,AdaBoost,"{'algorithm': 'SAMME', 'learning_rate': 0.3448979591836735, 'n_estimators': 30}",0.5676021964152956,0.0874349031854778,0.17055811107410457,0.15502490488110648,0.5852790555370523,0.07751245244055327,0.5932780347923661,0.20408163265306123,0.6020408163265306,0.6020408163265306,"{0: 0.6350522095083656, 1: 0.6350522095083656}","{0: 0.6350522095083656, 1: 0.6350522095083656}",0.6350522095083656,"[[477 160]
 [347 290]]",[1. 0. 1. ... 0. 1. 0.],[0. 1. 1. ... 1. 0. 0.]
452,knn,{'n_neighbors': 19},0.5796655729432211,0.08859172925460973,0.17045846754265487,0.17613022248022023,0.5852292337713273,0.08806511124011011,0.5916855785173726,0.18524332810047095,0.5926216640502355,0.5926216640502355,"{0: 0.6200831014690624, 1: 0.6200831014690625}","{0: 0.6200831014690624, 1: 0.6200831014690625}",0.6200831014690625,"[[408 229]
 [290 347]]",[1. 0. 1. ... 0. 1. 0.],[0. 1. 1. ... 1. 0. 0.]
829,knn,{'n_neighbors': 19},0.5796655729432211,0.08859172925460973,0.17045846754265487,0.17613022248022023,0.5852292337713273,0.08806511124011011,0.5916855785173726,0.18524332810047095,0.5926216640502355,0.5926216640502355,"{0: 0.6200831014690624, 1: 0.6200831014690625}","{0: 0.6200831014690624, 1: 0.6200831014690625}",0.6200831014690625,"[[408 229]
 [290 347]]",[1. 0. 1. ... 0. 1. 0.],[0. 1. 1. ... 1. 0. 0.]
119,knn,{'n_neighbors': 19},0.5796655729432211,0.08859172925460973,0.17045846754265487,0.17613022248022023,0.5852292337713273,0.08806511124011011,0.5916855785173726,0.18524332810047095,0.5926216640502355,0.5926216640502355,"{0: 0.6200831014690624, 1: 0.6200831014690625}","{0: 0.6200831014690624, 1: 0.6200831014690625}",0.6200831014690625,"[[408 229]
 [290 347]]",[1. 0. 1. ... 0. 1. 0.],[0. 1. 1. ... 1. 0. 0.]
404,AdaBoost,"{'algorithm': 'SAMME', 'learning_rate': 1.7326530612244897, 'n_estimators': 41}",0.5771121200397317,0.08385105049915574,0.17039194230299265,0.16017984336567936,0.5851959711514964,0.08008992168283968,0.5965214519499981,0.19309262166405028,0.5965463108320251,0.596546310832025,"{0: 0.6179821524069113, 1: 0.6179821524069113}","{0: 0.6179821524069113, 1: 0.6179821524069113}",0.6179821524069113,"[[375 262]
 [252 385]]",[1. 0. 1. ... 0. 1. 0.],[0. 1. 1. ... 1. 0. 0.]
477,AdaBoost,"{'algorithm': 'SAMME', 'learning_rate': 1.7326530612244897, 'n_estimators': 41}",0.5771121200397317,0.08385105049915574,0.17039194230299265,0.16017984336567936,0.5851959711514964,0.08008992168283968,0.5965214519499981,0.19309262166405028,0.5965463108320251,0.596546310832025,"{0: 0.6179821524069113, 1: 0.6179821524069113}","{0: 0.6179821524069113, 1: 0.6179821524069113}",0.6179821524069113,"[[375 262]
 [252 385]]",[1. 0. 1. ... 0. 1. 0.],[0. 1. 1. ... 1. 0. 0.]
293,AdaBoost,"{'algorithm': 'SAMME', 'learning_rate': 1.7326530612244897, 'n_estimators': 41}",0.5771121200397317,0.08385105049915574,0.17039194230299265,0.16017984336567936,0.5851959711514964,0.08008992168283968,0.5965214519499981,0.19309262166405028,0.5965463108320251,0.596546310832025,"{0: 0.6179821524069113, 1: 0.6179821524069113}","{0: 0.6179821524069113, 1: 0.6179821524069113}",0.6179821524069113,"[[375 262]
 [252 385]]",[1. 0. 1. ... 0. 1. 0.],[0. 1. 1. ... 1. 0. 0.]
220,randomforest,"{'criterion': 'entropy', 'max_features': None, 'n_estimators': 239}",0.5810735503324134,0.08283446363631286,0.1701953060692235,0.1649587510168569,0.5850976530346118,0.08247937550842845,0.5886716747505816,0.17739403453689173,0.5886970172684458,0.5886970172684458,"{0: 0.6231316340085122, 1: 0.6231316340085123}","{0: 0.6231316340085122, 1: 0.6231316340085123}",0.6231316340085123,"[[370 267]
 [257 380]]",[1. 0. 1. ... 0. 1. 0.],[0. 1. 1. ... 1. 0. 0.]
252,AdaBoost,"{'algorithm': 'SAMME', 'learning_rate': 1.4877551020408164, 'n_estimators': 52}",0.5779929815054259,0.09674510198597035,0.17007474745647425,0.1744577251237017,0.5850373737282372,0.08722886256185086,0.5996860282574569,0.19937205651491363,0.5996860282574569,0.5996860282574569,"{0: 0.6298435809536953, 1: 0.6298435809536953}","{0: 0.6298435809536953, 1: 0.6298435809536953}",0.6298435809536953,"[[382 255]
 [255 382]]",[1. 0. 1. ... 0. 1. 0.],[0. 1. 1. ... 1. 0. 0.]
484,AdaBoost,"{'algorithm': 'SAMME', 'learning_rate': 1.1612244897959183, 'n_estimators': 30}",0.578259750478615,0.08094887412396834,0.16999182160142565,0.15546434046855664,0.5849959108007128,0.07773217023427832,0.5931499113468619,0.18681318681318682,0.5934065934065934,0.5934065934065934,"{0: 0.6331681326074687, 1: 0.6331681326074688}","{0: 0.6331681326074687, 1: 0.6331681326074688}",0.6331681326074688,"[[394 243]
 [275 362]]",[1. 0. 1. ... 0. 1. 0.],[0. 1. 1. ... 1. 0. 0.]
217,SVC,"{'C': 0.1, 'gamma': 0.01, 'kernel': 'sigmoid'}",0.5659854297036986,0.12491213211625309,0.1697122334698223,0.22408216456208874,0.5848561167349111,0.11204108228104437,0.5953866788136452,0.21193092621664045,0.6059654631083202,0.6059654631083202,"{0: 0.5677331190899255, 1: 0.5677331190899255}","{0: 0.5677331190899255, 1: 0.5677331190899255}",0.5677331190899255,"[[489 148]
 [354 283]]",[1. 0. 1. ... 0. 1. 0.],[0. 1. 1. ... 1. 0. 0.]
41,randomforest,"{'criterion': 'gini', 'max_features': 'log2', 'n_estimators': 201}",0.5802861497431779,0.06113853947919674,0.16964951628072275,0.1213716642066483,0.5848247581403614,0.060685832103324164,0.5934055913724099,0.18681318681318682,0.5934065934065934,0.5934065934065934,"{0: 0.6250699289497226, 1: 0.6250699289497226}","{0: 0.6250699289497226, 1: 0.6250699289497226}",0.6250699289497226,"[[379 258]
 [260 377]]",[1. 0. 1. ... 0. 1. 0.],[0. 1. 1. ... 1. 0. 0.]
11,randomforest,"{'criterion': 'gini', 'max_features': 'log2', 'n_estimators': 127}",0.5799110780828994,0.0679997872388559,0.1695427929736202,0.13709065100771656,0.5847713964868101,0.06854532550385828,0.5925651831252531,0.18524332810047095,0.5926216640502355,0.5926216640502355,"{0: 0.6237736248949525, 1: 0.6237736248949526}","{0: 0.6237736248949525, 1: 0.6237736248949526}",0.6237736248949526,"[[370 267]
 [252 385]]",[1. 0. 1. ... 0. 1. 0.],[0. 1. 1. ... 1. 0. 0.]
957,randomforest,"{'criterion': 'gini', 'max_features': None, 'n_estimators': 175}",0.5796677932292897,0.07693144732619993,0.1694221882483634,0.15256772084253153,0.5847110941241817,0.07628386042126577,0.5965105130714041,0.19309262166405028,0.5965463108320251,0.596546310832025,"{0: 0.6194386461262442, 1: 0.6194386461262443}","{0: 0.6194386461262442, 1: 0.6194386461262443}",0.6194386461262443,"[[374 263]
 [251 386]]",[1. 0. 1. ... 0. 1. 0.],[0. 1. 1. ... 1. 0. 0.]
614,randomforest,"{'criterion': 'entropy', 'max_features': 'sqrt', 'n_estimators': 585}",0.5797727222850683,0.07685515761955514,0.16933151311587682,0.15052085235641616,0.5846657565579384,0.07526042617820808,0.5902668759811617,0.18053375196232335,0.5902668759811617,0.5902668759811617,"{0: 0.6276736271129633, 1: 0.6276736271129633}","{0: 0.6276736271129633, 1: 0.6276736271129633}",0.6276736271129633,"[[376 261]
 [261 376]]",[1. 0. 1. ... 0. 1. 0.],[0. 1. 1. ... 1. 0. 0.]
26,randomforest,"{'criterion': 'entropy', 'max_features': 'sqrt', 'n_estimators': 391}",0.5791388454548378,0.07810804625128319,0.16920213480636356,0.15241436959039698,0.5846010674031817,0.07620718479519849,0.5926194051138985,0.18524332810047095,0.5926216640502355,0.5926216640502355,"{0: 0.6240213027609305, 1: 0.6240213027609304}","{0: 0.6240213027609305, 1: 0.6240213027609304}",0.6240213027609304,"[[379 258]
 [261 376]]",[1. 0. 1. ... 0. 1. 0.],[0. 1. 1. ... 1. 0. 0.]
603,AdaBoost,"{'algorithm': 'SAMME.R', 'learning_rate': 0.9979591836734693, 'n_estimators': 74}",0.5803963651831294,0.07739107389279554,0.16912136285484025,0.15392686425377544,0.5845606814274201,0.07696343212688772,0.5973012190726175,0.19466248037676614,0.597331240188383,0.597331240188383,"{0: 0.6342709768365745, 1: 0.6342709768365745}","{0: 0.6342709768365745, 1: 0.6342709768365745}",0.6342709768365745,"[[375 262]
 [251 386]]",[1. 0. 1. ... 0. 1. 0.],[0. 1. 1. ... 1. 0. 0.]
521,SVC,"{'C': 1, 'gamma': 0.001, 'kernel': 'sigmoid'}",0.5673020621119046,0.11813505858669003,0.16906393748794313,0.21035981378157284,0.5845319687439716,0.10517990689078639,0.5977082998496781,0.2135007849293563,0.6067503924646782,0.6067503924646782,"{0: 0.566827431371051, 1: 0.5668274313710511}","{0: 0.566827431371051, 1: 0.5668274313710511}",0.5668274313710511,"[[482 155]
 [346 291]]",[1. 0. 1. ... 0. 1. 0.],[0. 1. 1. ... 1. 0. 0.]
46,randomforest,"{'criterion': 'gini', 'max_features': None, 'n_estimators': 385}",0.5799257794699875,0.06985768072902067,0.16898675802252835,0.1400381446341739,0.5844933790112642,0.07001907231708696,0.5957551549520009,0.1915227629513344,0.5957613814756672,0.5957613814756673,"{0: 0.6220916334170428, 1: 0.6220916334170428}","{0: 0.6220916334170428, 1: 0.6220916334170428}",0.6220916334170428,"[[382 255]
 [260 377]]",[1. 0. 1. ... 0. 1. 0.],[0. 1. 1. ... 1. 0. 0.]
746,AdaBoost,"{'algorithm': 'SAMME', 'learning_rate': 1.6510204081632653, 'n_estimators': 74}",0.5756675424548973,0.10839268492316266,0.1688788248303682,0.19470996826731912,0.584439412415184,0.09735498413365956,0.6035987078465115,0.20722135007849296,0.6036106750392465,0.6036106750392465,"{0: 0.6377027323427862, 1: 0.6377027323427862}","{0: 0.6377027323427862, 1: 0.6377027323427862}",0.6377027323427862,"[[388 249]
 [256 381]]",[0. 0. 1. ... 0. 1. 0.],[0. 1. 1. ... 1. 0. 0.]
623,SVC,"{'C': 1, 'gamma': 0.001, 'kernel': 'sigmoid'}",0.5677204552276178,0.11933256276070975,0.16886746729147295,0.2136820496351808,0.5844337336457365,0.1068410248175904,0.595444927577241,0.20722135007849296,0.6036106750392465,0.6036106750392465,"{0: 0.5708173862468547, 1: 0.5708173862468549}","{0: 0.5708173862468547, 1: 0.5708173862468549}",0.5708173862468549,"[[475 162]
 [343 294]]",[1. 0. 1. ... 0. 1. 0.],[0. 1. 1. ... 1. 0. 0.]
498,AdaBoost,"{'algorithm': 'SAMME', 'learning_rate': 1.8959183673469386, 'n_estimators': 41}",0.5777250251401156,0.09121260559328465,0.16882160104351654,0.1746236834963529,0.5844108005217582,0.08731184174817645,0.5846984231448736,0.1695447409733124,0.5847723704866562,0.5847723704866562,"{0: 0.6019483992123598, 1: 0.6019483992123598}","{0: 0.6019483992123598, 1: 0.6019483992123598}",0.6019483992123598,"[[364 273]
 [256 381]]",[1. 1. 1. ... 0. 1. 0.],[0. 1. 1. ... 1. 0. 0.]
312,AdaBoost,"{'algorithm': 'SAMME', 'learning_rate': 1.8959183673469386, 'n_estimators': 41}",0.5777250251401156,0.09121260559328465,0.16882160104351654,0.1746236834963529,0.5844108005217582,0.08731184174817645,0.5846984231448736,0.1695447409733124,0.5847723704866562,0.5847723704866562,"{0: 0.6019829016016502, 1: 0.6019829016016502}","{0: 0.6019829016016502, 1: 0.6019829016016502}",0.6019829016016502,"[[364 273]
 [256 381]]",[1. 1. 1. ... 0. 1. 0.],[0. 1. 1. ... 1. 0. 0.]
409,AdaBoost,"{'algorithm': 'SAMME', 'learning_rate': 1.8959183673469386, 'n_estimators': 41}",0.5777250251401156,0.09121260559328465,0.16882160104351654,0.1746236834963529,0.5844108005217582,0.08731184174817645,0.5846984231448736,0.1695447409733124,0.5847723704866562,0.5847723704866562,"{0: 0.6019483992123598, 1: 0.6019483992123598}","{0: 0.6019483992123598, 1: 0.6019483992123598}",0.6019483992123598,"[[364 273]
 [256 381]]",[1. 1. 1. ... 0. 1. 0.],[0. 1. 1. ... 1. 0. 0.]
538,AdaBoost,"{'algorithm': 'SAMME', 'learning_rate': 1.4877551020408164, 'n_estimators': 96}",0.5783506549288557,0.07398653766123384,0.16879802836154806,0.1415749292421701,0.584399014180774,0.07078746462108505,0.5988296677259554,0.19780219780219777,0.5989010989010989,0.5989010989010989,"{0: 0.6365826369190352, 1: 0.6365826369190353}","{0: 0.6365826369190352, 1: 0.6365826369190353}",0.6365826369190353,"[[373 264]
 [247 390]]",[1. 0. 1. ... 0. 1. 0.],[0. 1. 1. ... 1. 0. 0.]
916,AdaBoost,"{'algorithm': 'SAMME', 'learning_rate': 1.4877551020408164, 'n_estimators': 96}",0.5784105321414722,0.07411733135518069,0.16879802836154806,0.1415749292421701,0.584399014180774,0.07078746462108505,0.5988711948267204,0.19780219780219777,0.5989010989010989,0.5989010989010989,"{0: 0.6382128748130094, 1: 0.6382128748130094}","{0: 0.6382128748130094, 1: 0.6382128748130094}",0.6382128748130094,"[[376 261]
 [250 387]]",[1. 0. 1. ... 0. 1. 0.],[0. 1. 1. ... 1. 0. 0.]
239,knn,{'n_neighbors': 31},0.5772095554199436,0.09345487606154239,0.16798915807027634,0.18195014533607587,0.5839945790351382,0.09097507266803793,0.5996122487411977,0.2009419152276295,0.6004709576138147,0.6004709576138147,"{0: 0.6294850025507124, 1: 0.6294850025507124}","{0: 0.6294850025507124, 1: 0.6294850025507124}",0.6294850025507124,"[[412 225]
 [284 353]]",[1. 0. 1. ... 0. 1. 0.],[0. 1. 1. ... 1. 0. 0.]
704,knn,{'n_neighbors': 31},0.5772095554199436,0.09345487606154239,0.16798915807027634,0.18195014533607587,0.5839945790351382,0.09097507266803793,0.5996122487411977,0.2009419152276295,0.6004709576138147,0.6004709576138147,"{0: 0.6294850025507124, 1: 0.6294850025507124}","{0: 0.6294850025507124, 1: 0.6294850025507124}",0.6294850025507124,"[[412 225]
 [284 353]]",[1. 0. 1. ... 0. 1. 0.],[0. 1. 1. ... 1. 0. 0.]
128,knn,{'n_neighbors': 31},0.5772095554199436,0.09345487606154239,0.16798915807027634,0.18195014533607587,0.5839945790351382,0.09097507266803793,0.5996122487411977,0.2009419152276295,0.6004709576138147,0.6004709576138147,"{0: 0.6294850025507124, 1: 0.6294850025507124}","{0: 0.6294850025507124, 1: 0.6294850025507124}",0.6294850025507124,"[[412 225]
 [284 353]]",[1. 0. 1. ... 0. 1. 0.],[0. 1. 1. ... 1. 0. 0.]
754,SVC,"{'C': 1, 'gamma': 0.001, 'kernel': 'sigmoid'}",0.5651452883573856,0.11703516908460024,0.16779493382238772,0.20859994100231163,0.5838974669111938,0.10429997050115582,0.5944747178728119,0.2103610675039247,0.6051805337519623,0.6051805337519623,"{0: 0.5688581434264324, 1: 0.5688581434264324}","{0: 0.5688581434264324, 1: 0.5688581434264324}",0.5688581434264324,"[[489 148]
 [355 282]]",[1. 0. 1. ... 0. 1. 0.],[0. 1. 1. ... 1. 0. 0.]
640,randomforest,"{'criterion': 'entropy', 'max_features': None, 'n_estimators': 79}",0.5767051081140324,0.07419849514986152,0.16749889933961282,0.14695407930353951,0.5837494496698065,0.07347703965176976,0.5878915215388834,0.17582417582417587,0.5879120879120879,0.5879120879120879,"{0: 0.6191613947837318, 1: 0.6191613947837317}","{0: 0.6191613947837318, 1: 0.6191613947837317}",0.6191613947837317,"[[370 267]
 [258 379]]",[1. 0. 1. ... 0. 1. 0.],[0. 1. 1. ... 1. 0. 0.]
412,AdaBoost,"{'algorithm': 'SAMME', 'learning_rate': 1.079591836734694, 'n_estimators': 74}",0.5776484330920796,0.08500615672319704,0.16743432230053185,0.16388087611738136,0.583717161150266,0.08194043805869068,0.5955218957965372,0.1915227629513344,0.5957613814756672,0.5957613814756672,"{0: 0.6346049106757785, 1: 0.6346049106757787}","{0: 0.6346049106757785, 1: 0.6346049106757787}",0.6346049106757787,"[[395 242]
 [273 364]]",[1. 0. 1. ... 0. 1. 0.],[0. 1. 1. ... 1. 0. 0.]
716,AdaBoost,"{'algorithm': 'SAMME', 'learning_rate': 1.079591836734694, 'n_estimators': 74}",0.5776484330920796,0.08500615672319704,0.16743432230053185,0.16388087611738136,0.583717161150266,0.08194043805869068,0.5955218957965372,0.1915227629513344,0.5957613814756672,0.5957613814756672,"{0: 0.6346049106757785, 1: 0.6346049106757787}","{0: 0.6346049106757785, 1: 0.6346049106757787}",0.6346049106757787,"[[395 242]
 [273 364]]",[1. 0. 1. ... 0. 1. 0.],[0. 1. 1. ... 1. 0. 0.]
374,knn,{'n_neighbors': 21},0.5774888305892217,0.10281097634769486,0.16743196803098911,0.2035324211271361,0.5837159840154946,0.10176621056356805,0.5940761085684505,0.18995290423861855,0.5949764521193093,0.5949764521193093,"{0: 0.6240336250428199, 1: 0.6240336250428199}","{0: 0.6240336250428199, 1: 0.6240336250428199}",0.6240336250428199,"[[409 228]
 [288 349]]",[1. 0. 1. ... 0. 1. 0.],[0. 1. 1. ... 1. 0. 0.]
665,knn,{'n_neighbors': 21},0.5774888305892217,0.10281097634769486,0.16743196803098911,0.2035324211271361,0.5837159840154946,0.10176621056356805,0.5940761085684505,0.18995290423861855,0.5949764521193093,0.5949764521193093,"{0: 0.6240336250428199, 1: 0.6240336250428199}","{0: 0.6240336250428199, 1: 0.6240336250428199}",0.6240336250428199,"[[409 228]
 [288 349]]",[1. 0. 1. ... 0. 1. 0.],[0. 1. 1. ... 1. 0. 0.]
49,knn,{'n_neighbors': 21},0.5774888305892217,0.10281097634769486,0.16743196803098911,0.2035324211271361,0.5837159840154946,0.10176621056356805,0.5940761085684505,0.18995290423861855,0.5949764521193093,0.5949764521193093,"{0: 0.6240336250428199, 1: 0.6240336250428199}","{0: 0.6240336250428199, 1: 0.6240336250428199}",0.6240336250428199,"[[409 228]
 [288 349]]",[1. 0. 1. ... 0. 1. 0.],[0. 1. 1. ... 1. 0. 0.]
61,AdaBoost,"{'algorithm': 'SAMME.R', 'learning_rate': 1.1612244897959183, 'n_estimators': 30}",0.577759949379891,0.06559335319726152,0.16704406844425365,0.1294933483814852,0.5835220342221268,0.06474667419074259,0.5931810111849762,0.18681318681318682,0.5934065934065934,0.5934065934065934,"{0: 0.6317399801364816, 1: 0.6317399801364816}","{0: 0.6317399801364816, 1: 0.6317399801364816}",0.6317399801364816,"[[393 244]
 [274 363]]",[1. 0. 1. ... 0. 1. 0.],[0. 1. 1. ... 1. 0. 0.]
651,SVC,"{'C': 0.1, 'gamma': 0.01, 'kernel': 'sigmoid'}",0.5650711545300554,0.11210903741246904,0.16690736736585576,0.1989186745513174,0.5834536836829278,0.0994593372756587,0.5910709074992705,0.2056514913657771,0.6028257456828885,0.6028257456828885,"{0: 0.5675495170897727, 1: 0.5675495170897729}","{0: 0.5675495170897727, 1: 0.5675495170897729}",0.5675495170897729,"[[492 145]
 [361 276]]",[1. 0. 1. ... 0. 1. 0.],[0. 1. 1. ... 1. 0. 0.]
130,randomforest,"{'criterion': 'entropy', 'max_features': 'sqrt', 'n_estimators': 263}",0.5778538727467191,0.07711021518559039,0.16690344344177574,0.15115790326182493,0.5834517217208879,0.07557895163091248,0.5973190834163572,0.19466248037676614,0.597331240188383,0.597331240188383,"{0: 0.6253225357284563, 1: 0.6253225357284564}","{0: 0.6253225357284563, 1: 0.6253225357284564}",0.6253225357284564,"[[384 253]
 [260 377]]",[1. 0. 1. ... 0. 1. 0.],[0. 1. 1. ... 1. 0. 0.]
159,randomforest,"{'criterion': 'entropy', 'max_features': None, 'n_estimators': 327}",0.5766836389819826,0.08359791853175136,0.16637701121819654,0.16072987332345195,0.5831885056090983,0.08036493666172598,0.5949514965101147,0.18995290423861855,0.5949764521193093,0.5949764521193093,"{0: 0.6212820594969058, 1: 0.621282059496906}","{0: 0.6212820594969058, 1: 0.621282059496906}",0.621282059496906,"[[384 253]
 [263 374]]",[1. 0. 1. ... 0. 1. 0.],[0. 1. 1. ... 1. 0. 0.]
969,knn,{'n_neighbors': 33},0.5773708124211595,0.09415018213662997,0.1659995309567406,0.18637908737421308,0.5829997654783703,0.09318954368710655,0.5972814920183341,0.1962323390894819,0.598116169544741,0.598116169544741,"{0: 0.6283217791403483, 1: 0.6283217791403484}","{0: 0.6283217791403483, 1: 0.6283217791403484}",0.6283217791403484,"[[410 227]
 [285 352]]",[1. 0. 1. ... 0. 1. 0.],[0. 1. 1. ... 1. 0. 0.]
613,knn,{'n_neighbors': 33},0.5773708124211595,0.09415018213662997,0.1659995309567406,0.18637908737421308,0.5829997654783703,0.09318954368710655,0.5972814920183341,0.1962323390894819,0.598116169544741,0.598116169544741,"{0: 0.6283217791403483, 1: 0.6283217791403484}","{0: 0.6283217791403483, 1: 0.6283217791403484}",0.6283217791403484,"[[410 227]
 [285 352]]",[1. 0. 1. ... 0. 1. 0.],[0. 1. 1. ... 1. 0. 0.]
207,knn,{'n_neighbors': 33},0.5773708124211595,0.09415018213662997,0.1659995309567406,0.18637908737421308,0.5829997654783703,0.09318954368710655,0.5972814920183341,0.1962323390894819,0.598116169544741,0.598116169544741,"{0: 0.6283217791403483, 1: 0.6283217791403484}","{0: 0.6283217791403483, 1: 0.6283217791403484}",0.6283217791403484,"[[410 227]
 [285 352]]",[1. 0. 1. ... 0. 1. 0.],[0. 1. 1. ... 1. 0. 0.]
434,AdaBoost,"{'algorithm': 'SAMME', 'learning_rate': 1.6510204081632653, 'n_estimators': 41}",0.5750047511879206,0.09411749774845059,0.1659491502015931,0.16734180148555644,0.5829745751007965,0.08367090074277822,0.5996860282574569,0.19937205651491363,0.5996860282574569,0.5996860282574569,"{0: 0.6336363793192679, 1: 0.6336363793192679}","{0: 0.6336363793192679, 1: 0.6336363793192679}",0.6336363793192679,"[[382 255]
 [255 382]]",[1. 0. 1. ... 0. 1. 0.],[0. 1. 1. ... 1. 0. 0.]
346,AdaBoost,"{'algorithm': 'SAMME', 'learning_rate': 1.6510204081632653, 'n_estimators': 41}",0.5750047511879206,0.09411749774845059,0.1659491502015931,0.16734180148555644,0.5829745751007965,0.08367090074277822,0.5996860282574569,0.19937205651491363,0.5996860282574569,0.5996860282574569,"{0: 0.6336363793192679, 1: 0.6336363793192679}","{0: 0.6336363793192679, 1: 0.6336363793192679}",0.6336363793192679,"[[382 255]
 [255 382]]",[1. 0. 1. ... 0. 1. 0.],[0. 1. 1. ... 1. 0. 0.]
260,AdaBoost,"{'algorithm': 'SAMME', 'learning_rate': 1.6510204081632653, 'n_estimators': 41}",0.5750047511879206,0.09411749774845059,0.1659491502015931,0.16734180148555644,0.5829745751007965,0.08367090074277822,0.5996860282574569,0.19937205651491363,0.5996860282574569,0.5996860282574569,"{0: 0.6336363793192679, 1: 0.6336363793192679}","{0: 0.6336363793192679, 1: 0.6336363793192679}",0.6336363793192679,"[[382 255]
 [255 382]]",[1. 0. 1. ... 0. 1. 0.],[0. 1. 1. ... 1. 0. 0.]
697,AdaBoost,"{'algorithm': 'SAMME', 'learning_rate': 1.7326530612244897, 'n_estimators': 74}",0.5756907069103039,0.09505179204363684,0.16559423007476629,0.1775857896508437,0.5827971150373831,0.08879289482542185,0.5988118677648262,0.19780219780219777,0.5989010989010989,0.598901098901099,"{0: 0.6211218698323431, 1: 0.6211218698323431}","{0: 0.6211218698323431, 1: 0.6211218698323431}",0.6211218698323431,"[[372 265]
 [246 391]]",[1. 0. 1. ... 0. 1. 1.],[0. 1. 1. ... 1. 0. 0.]
621,AdaBoost,"{'algorithm': 'SAMME', 'learning_rate': 0.1816326530612245, 'n_estimators': 74}",0.5684254606194264,0.09444876069880562,0.16557612663342447,0.17361225322568152,0.5827880633167123,0.08680612661284076,0.5940272592235738,0.20251177394034536,0.6012558869701727,0.6012558869701727,"{0: 0.6297178936784229, 1: 0.629717893678423}","{0: 0.6297178936784229, 1: 0.629717893678423}",0.629717893678423,"[[468 169]
 [339 298]]",[1. 0. 1. ... 0. 1. 0.],[0. 1. 1. ... 1. 0. 0.]
284,SVC,"{'C': 1, 'gamma': 0.1, 'kernel': 'rbf'}",0.572343339264754,0.09146676844043282,0.16532058039705538,0.1754415278396997,0.5826602901985276,0.08772076391984987,0.5937287005459445,0.18838304552590268,0.5941915227629513,0.5941915227629513,"{0: 0.6214176045976898, 1: 0.6214176045976898}","{0: 0.6214176045976898, 1: 0.6214176045976898}",0.6214176045976898,"[[400 237]
 [280 357]]",[1. 0. 1. ... 0. 1. 0.],[0. 1. 1. ... 1. 0. 0.]
71,SVC,"{'C': 1000, 'gamma': 0.001, 'kernel': 'rbf'}",0.5731595368666849,0.1014899745774643,0.1652432228147547,0.1949015979799949,0.5826216114073773,0.09745079898999745,0.5993889949488923,0.2056514913657771,0.6028257456828885,0.6028257456828885,"{0: 0.6155250893981551, 1: 0.6155250893981551}","{0: 0.6155250893981551, 1: 0.6155250893981551}",0.6155250893981551,"[[443 194]
 [312 325]]",[1. 0. 1. ... 0. 1. 0.],[0. 1. 1. ... 1. 0. 0.]
599,AdaBoost,"{'algorithm': 'SAMME', 'learning_rate': 1.7326530612244897, 'n_estimators': 74}",0.5753327383222469,0.09440934309634054,0.16487994436048056,0.17627034650050552,0.5824399721802402,0.08813517325025275,0.5980359290883634,0.1962323390894819,0.598116169544741,0.598116169544741,"{0: 0.6227656622363955, 1: 0.6227656622363956}","{0: 0.6227656622363955, 1: 0.6227656622363956}",0.6227656622363956,"[[372 265]
 [247 390]]",[1. 0. 1. ... 0. 1. 1.],[0. 1. 1. ... 1. 0. 0.]
21,randomforest,"{'criterion': 'entropy', 'max_features': 'sqrt', 'n_estimators': 35}",0.5777498805547114,0.07279677042881327,0.16455272717225713,0.14200940034516746,0.5822763635861286,0.07100470017258373,0.5847659746982687,0.1695447409733124,0.5847723704866562,0.5847723704866562,"{0: 0.618166986635253, 1: 0.618166986635253}","{0: 0.618166986635253, 1: 0.618166986635253}",0.618166986635253,"[[375 262]
 [267 370]]",[1. 0. 1. ... 0. 1. 0.],[0. 1. 1. ... 1. 0. 0.]
959,AdaBoost,"{'algorithm': 'SAMME', 'learning_rate': 0.9979591836734693, 'n_estimators': 63}",0.5766528514360003,0.08338831045337292,0.16453901732982343,0.15949458181148685,0.5822695086649117,0.07974729090574341,0.5978932002446097,0.1962323390894819,0.598116169544741,0.598116169544741,"{0: 0.636362068073214, 1: 0.636362068073214}","{0: 0.636362068073214, 1: 0.636362068073214}",0.636362068073214,"[[396 241]
 [271 366]]",[1. 0. 1. ... 0. 1. 0.],[0. 1. 1. ... 1. 0. 0.]
658,AdaBoost,"{'algorithm': 'SAMME', 'learning_rate': 1.4877551020408164, 'n_estimators': 74}",0.5738615017005317,0.09579223343393405,0.16380968048227948,0.17231815818544913,0.5819048402411398,0.08615907909272456,0.5988988747845899,0.19780219780219777,0.5989010989010989,0.598901098901099,"{0: 0.6307628231826482, 1: 0.6307628231826482}","{0: 0.6307628231826482, 1: 0.6307628231826482}",0.6307628231826482,"[[383 254]
 [257 380]]",[1. 0. 1. ... 0. 1. 0.],[0. 1. 1. ... 1. 0. 0.]
753,AdaBoost,"{'algorithm': 'SAMME', 'learning_rate': 1.4877551020408164, 'n_estimators': 74}",0.5738615017005317,0.09579223343393405,0.16380968048227948,0.17231815818544913,0.5819048402411398,0.08615907909272456,0.5988988747845899,0.19780219780219777,0.5989010989010989,0.598901098901099,"{0: 0.6306765672094221, 1: 0.6306765672094221}","{0: 0.6306765672094221, 1: 0.6306765672094221}",0.6306765672094221,"[[383 254]
 [257 380]]",[1. 0. 1. ... 0. 1. 0.],[0. 1. 1. ... 1. 0. 0.]
103,AdaBoost,"{'algorithm': 'SAMME.R', 'learning_rate': 0.5897959183673469, 'n_estimators': 30}",0.5747995313980758,0.09634572895672959,0.16378024755080492,0.18323478992524406,0.5818901237754024,0.09161739496262203,0.6000962039523791,0.2009419152276295,0.6004709576138147,0.6004709576138147,"{0: 0.6371334429194936, 1: 0.6371334429194936}","{0: 0.6371334429194936, 1: 0.6371334429194936}",0.6371334429194936,"[[402 235]
 [274 363]]",[1. 0. 1. ... 0. 1. 0.],[0. 1. 1. ... 1. 0. 0.]
320,randomforest,"{'criterion': 'entropy', 'max_features': None, 'n_estimators': 487}",0.5777267618855577,0.08935747087070144,0.16355830717430064,0.1803172129574268,0.5817791535871504,0.0901586064787134,0.5957591399492442,0.1915227629513344,0.5957613814756672,0.5957613814756673,"{0: 0.6220731499942085, 1: 0.6220731499942085}","{0: 0.6220731499942085, 1: 0.6220731499942085}",0.6220731499942085,"[[378 259]
 [256 381]]",[1. 0. 1. ... 0. 1. 0.],[0. 1. 1. ... 1. 0. 0.]
502,randomforest,"{'criterion': 'entropy', 'max_features': None, 'n_estimators': 277}",0.576734906091551,0.07031344449412555,0.16354102859606867,0.13977136118580294,0.5817705142980344,0.06988568059290147,0.5941492642523569,0.18838304552590268,0.5941915227629513,0.5941915227629513,"{0: 0.6220509698868075, 1: 0.6220509698868075}","{0: 0.6220509698868075, 1: 0.6220509698868075}",0.6220509698868075,"[[372 265]
 [252 385]]",[1. 0. 1. ... 0. 1. 0.],[0. 1. 1. ... 1. 0. 0.]
300,AdaBoost,"{'algorithm': 'SAMME', 'learning_rate': 0.9979591836734693, 'n_estimators': 63}",0.5759486038787582,0.08214005351293671,0.16311044590125198,0.1569429262021647,0.581555222950626,0.07847146310108234,0.596291610873141,0.19309262166405028,0.5965463108320251,0.596546310832025,"{0: 0.6355512619248882, 1: 0.6355512619248883}","{0: 0.6355512619248882, 1: 0.6355512619248883}",0.6355512619248883,"[[396 241]
 [273 364]]",[1. 0. 1. ... 0. 1. 0.],[0. 1. 1. ... 1. 0. 0.]
872,AdaBoost,"{'algorithm': 'SAMME', 'learning_rate': 0.9979591836734693, 'n_estimators': 63}",0.5759486038787582,0.08214005351293671,0.16311044590125198,0.1569429262021647,0.581555222950626,0.07847146310108234,0.596291610873141,0.19309262166405028,0.5965463108320251,0.596546310832025,"{0: 0.6355512619248882, 1: 0.6355512619248883}","{0: 0.6355512619248882, 1: 0.6355512619248883}",0.6355512619248883,"[[396 241]
 [273 364]]",[1. 0. 1. ... 0. 1. 0.],[0. 1. 1. ... 1. 0. 0.]
779,AdaBoost,"{'algorithm': 'SAMME', 'learning_rate': 0.9979591836734693, 'n_estimators': 63}",0.5759486038787582,0.08214005351293671,0.16311044590125198,0.1569429262021647,0.581555222950626,0.07847146310108234,0.596291610873141,0.19309262166405028,0.5965463108320251,0.596546310832025,"{0: 0.6355512619248882, 1: 0.6355512619248883}","{0: 0.6355512619248882, 1: 0.6355512619248883}",0.6355512619248883,"[[396 241]
 [273 364]]",[1. 0. 1. ... 0. 1. 0.],[0. 1. 1. ... 1. 0. 0.]
189,randomforest,"{'criterion': 'entropy', 'max_features': None, 'n_estimators': 95}",0.5774558486349514,0.0780429212715713,0.1623596798644157,0.15343444453883545,0.5811798399322078,0.07671722226941773,0.5926194051138985,0.18524332810047095,0.5926216640502355,0.5926216640502355,"{0: 0.6218747612557883, 1: 0.6218747612557884}","{0: 0.6218747612557883, 1: 0.6218747612557884}",0.6218747612557884,"[[376 261]
 [258 379]]",[1. 0. 1. ... 0. 1. 0.],[0. 1. 1. ... 1. 0. 0.]
873,randomforest,"{'criterion': 'gini', 'max_features': None, 'n_estimators': 41}",0.5765311671878409,0.09045142477055668,0.16184756211474619,0.1816260339530462,0.5809237810573731,0.0908130169765231,0.5839833401106551,0.16797488226059654,0.5839874411302983,0.5839874411302983,"{0: 0.6134845195172622, 1: 0.6134845195172623}","{0: 0.6134845195172622, 1: 0.6134845195172623}",0.6134845195172623,"[[370 267]
 [263 374]]",[1. 0. 1. ... 0. 1. 0.],[0. 1. 1. ... 1. 0. 0.]
884,AdaBoost,"{'algorithm': 'SAMME', 'learning_rate': 1.8959183673469386, 'n_estimators': 63}",0.5727173673910393,0.08549292878019941,0.1611920434862978,0.1612055236842294,0.580596021743149,0.08060276184211469,0.5887154169837863,0.1789638932496075,0.5894819466248038,0.5894819466248038,"{0: 0.6076770280627648, 1: 0.6076770280627648}","{0: 0.6076770280627648, 1: 0.6076770280627648}",0.6076770280627648,"[[348 289]
 [234 403]]",[0. 1. 1. ... 0. 1. 1.],[0. 1. 1. ... 1. 0. 0.]
805,AdaBoost,"{'algorithm': 'SAMME', 'learning_rate': 1.8959183673469386, 'n_estimators': 63}",0.5727173673910393,0.08549292878019941,0.1611920434862978,0.1612055236842294,0.580596021743149,0.08060276184211469,0.5887154169837863,0.1789638932496075,0.5894819466248038,0.5894819466248038,"{0: 0.6076770280627648, 1: 0.6076770280627648}","{0: 0.6076770280627648, 1: 0.6076770280627648}",0.6076770280627648,"[[348 289]
 [234 403]]",[0. 1. 1. ... 0. 1. 1.],[0. 1. 1. ... 1. 0. 0.]
980,AdaBoost,"{'algorithm': 'SAMME', 'learning_rate': 1.8959183673469386, 'n_estimators': 63}",0.5727173673910393,0.08549292878019941,0.1611920434862978,0.1612055236842294,0.580596021743149,0.08060276184211469,0.5887154169837863,0.1789638932496075,0.5894819466248038,0.5894819466248038,"{0: 0.6076770280627648, 1: 0.6076770280627648}","{0: 0.6076770280627648, 1: 0.6076770280627648}",0.6076770280627648,"[[348 289]
 [234 403]]",[0. 1. 1. ... 0. 1. 1.],[0. 1. 1. ... 1. 0. 0.]
148,AdaBoost,"{'algorithm': 'SAMME.R', 'learning_rate': 1.5693877551020408, 'n_estimators': 30}",0.5726666561384041,0.07631963160149056,0.1610782333642683,0.14390040924400893,0.5805391166821342,0.07195020462200447,0.5941912727384747,0.18838304552590268,0.5941915227629513,0.5941915227629513,"{0: 0.6219758039672819, 1: 0.6219758039672818}","{0: 0.6219758039672819, 1: 0.6219758039672818}",0.6219758039672818,"[[379 258]
 [259 378]]",[0. 0. 1. ... 0. 1. 0.],[0. 1. 1. ... 1. 0. 0.]
121,randomforest,"{'criterion': 'entropy', 'max_features': None, 'n_estimators': 551}",0.574326541421693,0.07109086857095928,0.16041108768074547,0.1408618048782118,0.5802055438403727,0.0704309024391059,0.5902668759811617,0.18053375196232335,0.5902668759811617,0.5902668759811617,"{0: 0.6239486012977828, 1: 0.6239486012977827}","{0: 0.6239486012977828, 1: 0.6239486012977827}",0.6239486012977827,"[[376 261]
 [261 376]]",[1. 0. 1. ... 0. 1. 0.],[0. 1. 1. ... 1. 0. 0.]
96,AdaBoost,"{'algorithm': 'SAMME.R', 'learning_rate': 2.5489795918367344, 'n_estimators': 96}",0.5496655849836132,0.10029840667645344,0.1603702887120164,0.17784406856344157,0.5801851443560082,0.0889220342817208,0.5491746286532093,0.15070643642072212,0.5753532182103611,0.5753532182103611,"{0: 0.5564693212147798, 1: 0.5564693212147799}","{0: 0.5564693212147798, 1: 0.5564693212147799}",0.5564693212147799,"[[520 117]
 [424 213]]",[0. 0. 1. ... 0. 0. 0.],[0. 1. 1. ... 1. 0. 0.]
671,AdaBoost,"{'algorithm': 'SAMME', 'learning_rate': 1.8142857142857143, 'n_estimators': 96}",0.573555843386664,0.1074819672018737,0.15998775198239878,0.20735907241419332,0.5799938759911993,0.10367953620709666,0.5933815410702316,0.18681318681318682,0.5934065934065934,0.5934065934065934,"{0: 0.6282749544691684, 1: 0.6282749544691684}","{0: 0.6282749544691684, 1: 0.6282749544691684}",0.6282749544691684,"[[383 254]
 [264 373]]",[1. 0. 1. ... 0. 1. 0.],[0. 1. 1. ... 1. 0. 0.]
10,AdaBoost,"{'algorithm': 'SAMME', 'learning_rate': 1.8142857142857143, 'n_estimators': 96}",0.5734835777852305,0.10740606385070398,0.15998775198239878,0.20735907241419332,0.5799938759911993,0.10367953620709666,0.5933424532603739,0.18681318681318682,0.5934065934065934,0.5934065934065934,"{0: 0.6327356205131491, 1: 0.6327356205131491}","{0: 0.6327356205131491, 1: 0.6327356205131491}",0.6327356205131491,"[[386 251]
 [267 370]]",[1. 0. 1. ... 0. 1. 0.],[0. 1. 1. ... 1. 0. 0.]
463,SVC,"{'C': 1000, 'gamma': 0.001, 'kernel': 'rbf'}",0.5704767766473481,0.10071389650615532,0.1599591505651652,0.1933485282537661,0.5799795752825826,0.09667426412688306,0.596454834542383,0.19937205651491363,0.5996860282574569,0.5996860282574568,"{0: 0.615283572673122, 1: 0.6152835726731218}","{0: 0.615283572673122, 1: 0.6152835726731218}",0.6152835726731218,"[[439 198]
 [312 325]]",[1. 0. 1. ... 0. 1. 0.],[0. 1. 1. ... 1. 0. 0.]
979,AdaBoost,"{'algorithm': 'SAMME', 'learning_rate': 0.1816326530612245, 'n_estimators': 63}",0.5623051173282198,0.09014241005581244,0.1598955088226717,0.15871569055368961,0.5799477544113358,0.07935784527684481,0.5882697947214076,0.19466248037676614,0.597331240188383,0.597331240188383,"{0: 0.6284881299458558, 1: 0.6284881299458558}","{0: 0.6284881299458558, 1: 0.6284881299458558}",0.6284881299458558,"[[475 162]
 [351 286]]",[1. 0. 1. ... 0. 1. 0.],[0. 1. 1. ... 1. 0. 0.]
803,AdaBoost,"{'algorithm': 'SAMME', 'learning_rate': 0.1816326530612245, 'n_estimators': 63}",0.5623051173282198,0.09014241005581244,0.1598955088226717,0.15871569055368961,0.5799477544113358,0.07935784527684481,0.5882697947214076,0.19466248037676614,0.597331240188383,0.597331240188383,"{0: 0.6284881299458558, 1: 0.6284881299458558}","{0: 0.6284881299458558, 1: 0.6284881299458558}",0.6284881299458558,"[[475 162]
 [351 286]]",[1. 0. 1. ... 0. 1. 0.],[0. 1. 1. ... 1. 0. 0.]
100,SVC,"{'C': 1000, 'gamma': 0.001, 'kernel': 'rbf'}",0.5700412152138208,0.10287052794461315,0.15970209727362913,0.1967200049146422,0.5798510486368146,0.0983600024573211,0.5962221095334687,0.19937205651491363,0.5996860282574569,0.5996860282574568,"{0: 0.6158109663379904, 1: 0.6158109663379904}","{0: 0.6158109663379904, 1: 0.6158109663379904}",0.6158109663379904,"[[441 196]
 [314 323]]",[1. 0. 1. ... 0. 1. 0.],[0. 1. 1. ... 1. 0. 0.]
732,randomforest,"{'criterion': 'gini', 'max_features': 'log2', 'n_estimators': 37}",0.5709518262029349,0.09694672056245676,0.15854078436188854,0.17250704829457056,0.5792703921809442,0.08625352414728528,0.5949514965101147,0.18995290423861855,0.5949764521193093,0.5949764521193093,"{0: 0.6107773141861503, 1: 0.6107773141861502}","{0: 0.6107773141861503, 1: 0.6107773141861502}",0.6107773141861502,"[[374 263]
 [253 384]]",[1. 0. 1. ... 0. 1. 0.],[0. 1. 1. ... 1. 0. 0.]
811,AdaBoost,"{'algorithm': 'SAMME', 'learning_rate': 1.4061224489795918, 'n_estimators': 63}",0.572645517462992,0.10699969277688332,0.15821447949965456,0.1969303513180587,0.5791072397498273,0.09846517565902936,0.5973309920983318,0.19466248037676614,0.597331240188383,0.597331240188383,"{0: 0.6366947696842291, 1: 0.6366947696842292}","{0: 0.6366947696842291, 1: 0.6366947696842292}",0.6366947696842292,"[[380 257]
 [256 381]]",[1. 0. 1. ... 0. 1. 0.],[0. 1. 1. ... 1. 0. 0.]
66,AdaBoost,"{'algorithm': 'SAMME.R', 'learning_rate': 0.9979591836734693, 'n_estimators': 30}",0.5734879149192493,0.09354751577186927,0.1580200435858739,0.18209656266458826,0.579010021792937,0.09104828133229413,0.5925651831252531,0.18524332810047095,0.5926216640502355,0.5926216640502355,"{0: 0.6248173221709888, 1: 0.6248173221709888}","{0: 0.6248173221709888, 1: 0.6248173221709888}",0.6248173221709888,"[[385 252]
 [267 370]]",[1. 0. 1. ... 0. 1. 0.],[0. 1. 1. ... 1. 0. 0.]
139,randomforest,"{'criterion': 'entropy', 'max_features': None, 'n_estimators': 303}",0.5736832012656473,0.0763427371345212,0.1579941887219469,0.15053374905933944,0.5789970943609735,0.07526687452966972,0.5902628368637018,0.18053375196232335,0.5902668759811617,0.5902668759811617,"{0: 0.6214311591077682, 1: 0.6214311591077681}","{0: 0.6214311591077682, 1: 0.6214311591077681}",0.6214311591077681,"[[378 259]
 [263 374]]",[1. 0. 1. ... 0. 1. 0.],[0. 1. 1. ... 1. 0. 0.]
248,SVC,"{'C': 10, 'gamma': 0.001, 'kernel': 'sigmoid'}",0.5619730297953669,0.11182372555499741,0.15705121297274485,0.20946797675412243,0.5785256064863724,0.10473398837706123,0.5939853047184248,0.20879120879120883,0.6043956043956044,0.6043956043956045,"{0: 0.599862236888476, 1: 0.599862236888476}","{0: 0.599862236888476, 1: 0.599862236888476}",0.599862236888476,"[[487 150]
 [354 283]]",[1. 0. 1. ... 0. 1. 0.],[0. 1. 1. ... 1. 0. 0.]
193,AdaBoost,"{'algorithm': 'SAMME', 'learning_rate': 1.079591836734694, 'n_estimators': 85}",0.5717276719612745,0.08223605661298493,0.15676547432652468,0.15731538000837175,0.5783827371632624,0.07865769000418586,0.5914732812376667,0.18367346938775508,0.5918367346938775,0.5918367346938775,"{0: 0.6324780848216597, 1: 0.6324780848216597}","{0: 0.6324780848216597, 1: 0.6324780848216597}",0.6324780848216597,"[[396 241]
 [279 358]]",[1. 0. 1. ... 0. 1. 0.],[0. 1. 1. ... 1. 0. 0.]
996,AdaBoost,"{'algorithm': 'SAMME', 'learning_rate': 1.4061224489795918, 'n_estimators': 63}",0.5715384002811085,0.10519953837732998,0.15607162235679742,0.1932626235250447,0.5780358111783986,0.09663131176252235,0.5949724594284869,0.18995290423861855,0.5949764521193093,0.5949764521193093,"{0: 0.6372689880202775, 1: 0.6372689880202775}","{0: 0.6372689880202775, 1: 0.6372689880202775}",0.6372689880202775,"[[377 260]
 [256 381]]",[1. 0. 1. ... 0. 1. 0.],[0. 1. 1. ... 1. 0. 0.]
727,AdaBoost,"{'algorithm': 'SAMME', 'learning_rate': 1.4061224489795918, 'n_estimators': 63}",0.5715384002811085,0.10519953837732998,0.15607162235679742,0.1932626235250447,0.5780358111783986,0.09663131176252235,0.5949724594284869,0.18995290423861855,0.5949764521193093,0.5949764521193093,"{0: 0.6373232060605911, 1: 0.6373232060605911}","{0: 0.6373232060605911, 1: 0.6373232060605911}",0.6373232060605911,"[[377 260]
 [256 381]]",[1. 0. 1. ... 0. 1. 0.],[0. 1. 1. ... 1. 0. 0.]
920,AdaBoost,"{'algorithm': 'SAMME', 'learning_rate': 1.4061224489795918, 'n_estimators': 63}",0.5715384002811085,0.10519953837732998,0.15607162235679742,0.1932626235250447,0.5780358111783986,0.09663131176252235,0.5949724594284869,0.18995290423861855,0.5949764521193093,0.5949764521193093,"{0: 0.6372689880202775, 1: 0.6372689880202775}","{0: 0.6372689880202775, 1: 0.6372689880202775}",0.6372689880202775,"[[377 260]
 [256 381]]",[1. 0. 1. ... 0. 1. 0.],[0. 1. 1. ... 1. 0. 0.]
297,randomforest,"{'criterion': 'entropy', 'max_features': 'log2', 'n_estimators': 235}",0.5731887477097584,0.08003830852081283,0.15507667157586902,0.1601807368920877,0.5775383357879346,0.08009036844604385,0.5862991533094626,0.17268445839874413,0.5863422291993721,0.5863422291993721,"{0: 0.6215063250272939, 1: 0.6215063250272939}","{0: 0.6215063250272939, 1: 0.6215063250272939}",0.6215063250272939,"[[367 270]
 [257 380]]",[1. 0. 1. ... 0. 1. 0.],[0. 1. 1. ... 1. 0. 0.]
935,AdaBoost,"{'algorithm': 'SAMME', 'learning_rate': 0.1, 'n_estimators': 96}",0.5575875427973493,0.09334035385553703,0.15504238976213577,0.1647442571120907,0.5775211948810679,0.08237212855604532,0.5857636745590838,0.1962323390894819,0.598116169544741,0.598116169544741,"{0: 0.6228112546793866, 1: 0.6228112546793866}","{0: 0.6228112546793866, 1: 0.6228112546793866}",0.6228112546793866,"[[491 146]
 [366 271]]",[1. 0. 1. ... 0. 1. 0.],[0. 1. 1. ... 1. 0. 0.]
341,knn,{'n_neighbors': 9},0.5709305807330851,0.11204996957683773,0.15468788224935154,0.21653343383515214,0.5773439411246757,0.10826671691757607,0.5861277805003591,0.17268445839874413,0.5863422291993721,0.5863422291993721,"{0: 0.5991413833979431, 1: 0.5991413833979432}","{0: 0.5991413833979431, 1: 0.5991413833979432}",0.5991413833979432,"[[388 249]
 [278 359]]",[1. 0. 1. ... 0. 1. 0.],[0. 1. 1. ... 1. 0. 0.]
769,knn,{'n_neighbors': 9},0.5709305807330851,0.11204996957683773,0.15468788224935154,0.21653343383515214,0.5773439411246757,0.10826671691757607,0.5861277805003591,0.17268445839874413,0.5863422291993721,0.5863422291993721,"{0: 0.5991413833979431, 1: 0.5991413833979432}","{0: 0.5991413833979431, 1: 0.5991413833979432}",0.5991413833979432,"[[388 249]
 [278 359]]",[1. 0. 1. ... 0. 1. 0.],[0. 1. 1. ... 1. 0. 0.]
110,knn,{'n_neighbors': 9},0.5709305807330851,0.11204996957683773,0.15468788224935154,0.21653343383515214,0.5773439411246757,0.10826671691757607,0.5861277805003591,0.17268445839874413,0.5863422291993721,0.5863422291993721,"{0: 0.5991413833979431, 1: 0.5991413833979432}","{0: 0.5991413833979431, 1: 0.5991413833979432}",0.5991413833979432,"[[388 249]
 [278 359]]",[1. 0. 1. ... 0. 1. 0.],[0. 1. 1. ... 1. 0. 0.]
995,SVC,"{'C': 1000, 'gamma': 0.001, 'kernel': 'rbf'}",0.5680823398060836,0.10370746470533707,0.15430815787968977,0.20043237524179636,0.5771540789398448,0.10021618762089818,0.5942511430974916,0.19466248037676614,0.597331240188383,0.597331240188383,"{0: 0.6153673641899702, 1: 0.6153673641899702}","{0: 0.6153673641899702, 1: 0.6153673641899702}",0.6153673641899702,"[[436 201]
 [312 325]]",[1. 0. 1. ... 0. 1. 0.],[0. 1. 1. ... 1. 0. 0.]
575,knn,{'n_neighbors': 35},0.57132616120473,0.08720744074732618,0.15373167091406795,0.173219900514755,0.576865835457034,0.0866099502573775,0.5901728518549392,0.18210361067503922,0.5910518053375197,0.5910518053375196,"{0: 0.6292139123491445, 1: 0.6292139123491445}","{0: 0.6292139123491445, 1: 0.6292139123491445}",0.6292139123491445,"[[406 231]
 [290 347]]",[1. 0. 1. ... 0. 1. 0.],[0. 1. 1. ... 1. 0. 0.]
198,knn,{'n_neighbors': 35},0.57132616120473,0.08720744074732618,0.15373167091406795,0.173219900514755,0.576865835457034,0.0866099502573775,0.5901728518549392,0.18210361067503922,0.5910518053375197,0.5910518053375196,"{0: 0.6292139123491445, 1: 0.6292139123491445}","{0: 0.6292139123491445, 1: 0.6292139123491445}",0.6292139123491445,"[[406 231]
 [290 347]]",[1. 0. 1. ... 0. 1. 0.],[0. 1. 1. ... 1. 0. 0.]
913,knn,{'n_neighbors': 35},0.57132616120473,0.08720744074732618,0.15373167091406795,0.173219900514755,0.576865835457034,0.0866099502573775,0.5901728518549392,0.18210361067503922,0.5910518053375197,0.5910518053375196,"{0: 0.6292139123491445, 1: 0.6292139123491445}","{0: 0.6292139123491445, 1: 0.6292139123491445}",0.6292139123491445,"[[406 231]
 [290 347]]",[1. 0. 1. ... 0. 1. 0.],[0. 1. 1. ... 1. 0. 0.]
84,SVC,"{'C': 100, 'gamma': 0.0001, 'kernel': 'sigmoid'}",0.5599563824892458,0.1101594104055351,0.15340732063320034,0.20655406016983935,0.5767036603166001,0.10327703008491967,0.5912498647346236,0.20408163265306123,0.6020408163265306,0.6020408163265306,"{0: 0.594983845488443, 1: 0.5949838454884429}","{0: 0.594983845488443, 1: 0.5949838454884429}",0.5949838454884429,"[[487 150]
 [357 280]]",[1. 0. 1. ... 0. 1. 0.],[0. 1. 1. ... 1. 0. 0.]
120,AdaBoost,"{'algorithm': 'SAMME.R', 'learning_rate': 1.6510204081632653, 'n_estimators': 63}",0.5682776281549404,0.05240262648119623,0.1531870460000586,0.09737814464563381,0.5765935230000293,0.0486890723228169,0.5817207406694266,0.1648351648351648,0.5824175824175825,0.5824175824175823,"{0: 0.6069216721829416, 1: 0.6069216721829416}","{0: 0.6069216721829416, 1: 0.6069216721829416}",0.6069216721829416,"[[345 292]
 [240 397]]",[1. 0. 1. ... 0. 1. 0.],[0. 1. 1. ... 1. 0. 0.]
428,randomforest,"{'criterion': 'gini', 'max_features': None, 'n_estimators': 255}",0.5719145191630904,0.06771074648484302,0.15269515977142312,0.13503110566117926,0.5763475798857115,0.06751555283058962,0.5910213160562061,0.18210361067503922,0.5910518053375197,0.5910518053375197,"{0: 0.6175323891179464, 1: 0.6175323891179463}","{0: 0.6175323891179464, 1: 0.6175323891179463}",0.6175323891179463,"[[382 255]
 [266 371]]",[1. 0. 1. ... 0. 1. 0.],[0. 1. 1. ... 1. 0. 0.]
722,AdaBoost,"{'algorithm': 'SAMME.R', 'learning_rate': 2.5489795918367344, 'n_estimators': 74}",0.5452121870198879,0.09113244651639586,0.15165600299773063,0.16054164378032626,0.5758280014988654,0.08027082189016313,0.5478699729616856,0.1475667189952904,0.5737833594976453,0.5737833594976453,"{0: 0.5691144468897329, 1: 0.5691144468897329}","{0: 0.5691144468897329, 1: 0.5691144468897329}",0.5691144468897329,"[[518 119]
 [424 213]]",[0. 0. 1. ... 0. 0. 0.],[0. 1. 1. ... 1. 0. 0.]
310,AdaBoost,"{'algorithm': 'SAMME', 'learning_rate': 0.1816326530612245, 'n_estimators': 41}",0.5531713014101625,0.10118467952515964,0.15096907036123017,0.18710045127283606,0.575484535180615,0.09355022563641803,0.582643179401707,0.19466248037676614,0.597331240188383,0.597331240188383,"{0: 0.6196678405693881, 1: 0.619667840569388}","{0: 0.6196678405693881, 1: 0.619667840569388}",0.619667840569388,"[[500 137]
 [376 261]]",[1. 0. 1. ... 0. 1. 0.],[0. 1. 1. ... 1. 0. 0.]
415,AdaBoost,"{'algorithm': 'SAMME', 'learning_rate': 0.1816326530612245, 'n_estimators': 41}",0.5531713014101625,0.10118467952515964,0.15096907036123017,0.18710045127283606,0.575484535180615,0.09355022563641803,0.582643179401707,0.19466248037676614,0.597331240188383,0.597331240188383,"{0: 0.6196678405693881, 1: 0.619667840569388}","{0: 0.6196678405693881, 1: 0.619667840569388}",0.619667840569388,"[[500 137]
 [376 261]]",[1. 0. 1. ... 0. 1. 0.],[0. 1. 1. ... 1. 0. 0.]
891,AdaBoost,"{'algorithm': 'SAMME', 'learning_rate': 1.079591836734694, 'n_estimators': 63}",0.5697709846942953,0.08098763146829992,0.1509664043059272,0.15555232201702054,0.5754832021529637,0.07777616100851026,0.5884038670218013,0.17739403453689173,0.5886970172684458,0.5886970172684458,"{0: 0.6317227289418363, 1: 0.6317227289418363}","{0: 0.6317227289418363, 1: 0.6317227289418363}",0.6317227289418363,"[[392 245]
 [279 358]]",[1. 0. 1. ... 0. 1. 0.],[0. 1. 1. ... 1. 0. 0.]
800,AdaBoost,"{'algorithm': 'SAMME', 'learning_rate': 1.079591836734694, 'n_estimators': 63}",0.5697709846942953,0.08098763146829992,0.1509664043059272,0.15555232201702054,0.5754832021529637,0.07777616100851026,0.5884038670218013,0.17739403453689173,0.5886970172684458,0.5886970172684458,"{0: 0.6317449090492373, 1: 0.6317449090492374}","{0: 0.6317449090492373, 1: 0.6317449090492374}",0.6317449090492374,"[[392 245]
 [279 358]]",[1. 0. 1. ... 0. 1. 0.],[0. 1. 1. ... 1. 0. 0.]
136,SVC,"{'C': 0.1, 'gamma': 0.1, 'kernel': 'rbf'}",0.5679995523605336,0.10605003290684688,0.15094651927299427,0.20480007629824598,0.5754732596364971,0.10240003814912299,0.5917460846693154,0.18524332810047095,0.5926216640502355,0.5926216640502355,"{0: 0.628776471342069, 1: 0.628776471342069}","{0: 0.628776471342069, 1: 0.628776471342069}",0.628776471342069,"[[407 230]
 [289 348]]",[1. 0. 1. ... 0. 1. 0.],[0. 1. 1. ... 1. 0. 0.]
587,AdaBoost,"{'algorithm': 'SAMME', 'learning_rate': 1.8142857142857143, 'n_estimators': 74}",0.5703002086266052,0.10063745723715221,0.15070381827672152,0.19516548872952386,0.5753519091383608,0.09758274436476193,0.5894391976866203,0.1789638932496075,0.5894819466248038,0.5894819466248038,"{0: 0.6089228107617881, 1: 0.6089228107617881}","{0: 0.6089228107617881, 1: 0.6089228107617881}",0.6089228107617881,"[[369 268]
 [255 382]]",[1. 0. 1. ... 0. 1. 0.],[0. 1. 1. ... 1. 0. 0.]
733,AdaBoost,"{'algorithm': 'SAMME', 'learning_rate': 3.120408163265306, 'n_estimators': 74}",0.5447287378762551,0.09003159204346096,0.15068378077550842,0.15785242232232063,0.5753418903877542,0.0789262111611603,0.5478699729616856,0.1475667189952904,0.5737833594976453,0.5737833594976453,"{0: 0.5537448646890226, 1: 0.5537448646890225}","{0: 0.5537448646890226, 1: 0.5537448646890225}",0.5537448646890225,"[[518 119]
 [424 213]]",[0. 0. 1. ... 0. 0. 0.],[0. 1. 1. ... 1. 0. 0.]
424,AdaBoost,"{'algorithm': 'SAMME', 'learning_rate': 3.120408163265306, 'n_estimators': 74}",0.5447287378762551,0.09003159204346096,0.15068378077550842,0.15785242232232063,0.5753418903877542,0.0789262111611603,0.5478699729616856,0.1475667189952904,0.5737833594976453,0.5737833594976453,"{0: 0.5537448646890226, 1: 0.5537448646890225}","{0: 0.5537448646890226, 1: 0.5537448646890225}",0.5537448646890225,"[[518 119]
 [424 213]]",[0. 0. 1. ... 0. 0. 0.],[0. 1. 1. ... 1. 0. 0.]
345,AdaBoost,"{'algorithm': 'SAMME', 'learning_rate': 3.120408163265306, 'n_estimators': 74}",0.5447287378762551,0.09003159204346096,0.15068378077550842,0.15785242232232063,0.5753418903877542,0.0789262111611603,0.5478699729616856,0.1475667189952904,0.5737833594976453,0.5737833594976453,"{0: 0.5554453395897666, 1: 0.5554453395897666}","{0: 0.5554453395897666, 1: 0.5554453395897666}",0.5554453395897666,"[[518 119]
 [424 213]]",[0. 0. 1. ... 0. 0. 0.],[0. 1. 1. ... 1. 0. 0.]
644,AdaBoost,"{'algorithm': 'SAMME', 'learning_rate': 3.120408163265306, 'n_estimators': 74}",0.5447287378762551,0.09003159204346096,0.15068378077550842,0.15785242232232063,0.5753418903877542,0.0789262111611603,0.5478699729616856,0.1475667189952904,0.5737833594976453,0.5737833594976453,"{0: 0.5537448646890226, 1: 0.5537448646890225}","{0: 0.5537448646890226, 1: 0.5537448646890225}",0.5537448646890225,"[[518 119]
 [424 213]]",[0. 0. 1. ... 0. 0. 0.],[0. 1. 1. ... 1. 0. 0.]
123,AdaBoost,"{'algorithm': 'SAMME', 'learning_rate': 3.120408163265306, 'n_estimators': 74}",0.5447287378762551,0.09003159204346096,0.15068378077550842,0.15785242232232063,0.5753418903877542,0.0789262111611603,0.5478699729616856,0.1475667189952904,0.5737833594976453,0.5737833594976453,"{0: 0.5537448646890226, 1: 0.5537448646890225}","{0: 0.5537448646890226, 1: 0.5537448646890225}",0.5537448646890225,"[[518 119]
 [424 213]]",[0. 0. 1. ... 0. 0. 0.],[0. 1. 1. ... 1. 0. 0.]
647,AdaBoost,"{'algorithm': 'SAMME.R', 'learning_rate': 1.6510204081632653, 'n_estimators': 74}",0.5655577054287537,0.09762723938045419,0.15017528066211813,0.16686973824761436,0.5750876403310591,0.0834348691238072,0.5824799246050187,0.16640502354788067,0.5832025117739403,0.5832025117739403,"{0: 0.6052877376044006, 1: 0.6052877376044006}","{0: 0.6052877376044006, 1: 0.6052877376044006}",0.6052877376044006,"[[345 292]
 [239 398]]",[0. 0. 1. ... 0. 1. 0.],[0. 1. 1. ... 1. 0. 0.]
525,AdaBoost,"{'algorithm': 'SAMME', 'learning_rate': 1.4061224489795918, 'n_estimators': 41}",0.5685591632060529,0.1081087204012397,0.14999534118793315,0.20050945556379524,0.5749976705939666,0.10025472778189763,0.5933705170641776,0.18681318681318682,0.5934065934065934,0.5934065934065934,"{0: 0.6373971397519278, 1: 0.6373971397519278}","{0: 0.6373971397519278, 1: 0.6373971397519278}",0.6373971397519278,"[[384 253]
 [265 372]]",[1. 0. 1. ... 0. 1. 0.],[0. 1. 1. ... 1. 0. 0.]
242,AdaBoost,"{'algorithm': 'SAMME', 'learning_rate': 1.4061224489795918, 'n_estimators': 41}",0.5685591632060529,0.1081087204012397,0.14999534118793315,0.20050945556379524,0.5749976705939666,0.10025472778189763,0.5933705170641776,0.18681318681318682,0.5934065934065934,0.5934065934065934,"{0: 0.6373897463827942, 1: 0.6373897463827942}","{0: 0.6373897463827942, 1: 0.6373897463827942}",0.6373897463827942,"[[384 253]
 [265 372]]",[1. 0. 1. ... 0. 1. 0.],[0. 1. 1. ... 1. 0. 0.]
332,AdaBoost,"{'algorithm': 'SAMME', 'learning_rate': 1.4061224489795918, 'n_estimators': 41}",0.5685591632060529,0.1081087204012397,0.14999534118793315,0.20050945556379524,0.5749976705939666,0.10025472778189763,0.5933705170641776,0.18681318681318682,0.5934065934065934,0.5934065934065934,"{0: 0.6373971397519278, 1: 0.6373971397519278}","{0: 0.6373971397519278, 1: 0.6373971397519278}",0.6373971397519278,"[[384 253]
 [265 372]]",[1. 0. 1. ... 0. 1. 0.],[0. 1. 1. ... 1. 0. 0.]
552,AdaBoost,"{'algorithm': 'SAMME', 'learning_rate': 0.1, 'n_estimators': 74}",0.5520159742518584,0.10246591979197339,0.14806061340367274,0.19097594607480448,0.5740303067018364,0.09548797303740227,0.5821286972667351,0.19466248037676614,0.597331240188383,0.597331240188383,"{0: 0.6178823419236068, 1: 0.6178823419236067}","{0: 0.6178823419236068, 1: 0.6178823419236067}",0.6178823419236067,"[[502 135]
 [378 259]]",[1. 0. 1. ... 0. 1. 0.],[0. 1. 1. ... 1. 0. 0.]
455,AdaBoost,"{'algorithm': 'SAMME', 'learning_rate': 0.1, 'n_estimators': 41}",0.5486710470373282,0.09365927545032003,0.14772323451292055,0.16623464463610477,0.5738616172564602,0.08311732231805237,0.574940971152859,0.18367346938775508,0.5918367346938775,0.5918367346938775,"{0: 0.5979387286855329, 1: 0.5979485865110445}","{0: 0.5979387286855329, 1: 0.5979485865110445}",0.5979485865110445,"[[504 133]
 [387 250]]",[1. 0. 1. ... 0. 1. 0.],[0. 1. 1. ... 1. 0. 0.]
370,AdaBoost,"{'algorithm': 'SAMME', 'learning_rate': 0.1, 'n_estimators': 41}",0.5486710470373282,0.09365927545032003,0.14772323451292055,0.16623464463610477,0.5738616172564602,0.08311732231805237,0.574940971152859,0.18367346938775508,0.5918367346938775,0.5918367346938775,"{0: 0.5979387286855329, 1: 0.5979485865110445}","{0: 0.5979387286855329, 1: 0.5979485865110445}",0.5979485865110445,"[[504 133]
 [387 250]]",[1. 0. 1. ... 0. 1. 0.],[0. 1. 1. ... 1. 0. 0.]
271,AdaBoost,"{'algorithm': 'SAMME', 'learning_rate': 0.1, 'n_estimators': 41}",0.5486710470373282,0.09365927545032003,0.14772323451292055,0.16623464463610477,0.5738616172564602,0.08311732231805237,0.574940971152859,0.18367346938775508,0.5918367346938775,0.5918367346938775,"{0: 0.5979387286855329, 1: 0.5979485865110445}","{0: 0.5979387286855329, 1: 0.5979485865110445}",0.5979485865110445,"[[504 133]
 [387 250]]",[1. 0. 1. ... 0. 1. 0.],[0. 1. 1. ... 1. 0. 0.]
831,randomforest,"{'criterion': 'entropy', 'max_features': None, 'n_estimators': 371}",0.5690221348986438,0.08564061143362442,0.1474485978366259,0.17127122810452952,0.573724298918313,0.08563561405226476,0.5918357287908361,0.18367346938775508,0.5918367346938775,0.5918367346938775,"{0: 0.6214028178594225, 1: 0.6214028178594225}","{0: 0.6214028178594225, 1: 0.6214028178594225}",0.6214028178594225,"[[378 259]
 [261 376]]",[1. 0. 1. ... 0. 1. 0.],[0. 1. 1. ... 1. 0. 0.]
944,AdaBoost,"{'algorithm': 'SAMME', 'learning_rate': 1.8142857142857143, 'n_estimators': 63}",0.5664075632433446,0.08100678348475433,0.14629478986356134,0.15417326379654564,0.5731473949317807,0.07708663189827283,0.5816117732956663,0.16326530612244894,0.5816326530612245,0.5816326530612245,"{0: 0.6100145649371933, 1: 0.6100145649371933}","{0: 0.6100145649371933, 1: 0.6100145649371933}",0.6100145649371933,"[[366 271]
 [262 375]]",[0. 0. 1. ... 0. 1. 0.],[0. 1. 1. ... 1. 0. 0.]
851,AdaBoost,"{'algorithm': 'SAMME', 'learning_rate': 1.8142857142857143, 'n_estimators': 63}",0.5664075632433446,0.08100678348475433,0.14629478986356134,0.15417326379654564,0.5731473949317807,0.07708663189827283,0.5816117732956663,0.16326530612244894,0.5816326530612245,0.5816326530612245,"{0: 0.6100145649371933, 1: 0.6100145649371933}","{0: 0.6100145649371933, 1: 0.6100145649371933}",0.6100145649371933,"[[366 271]
 [262 375]]",[0. 0. 1. ... 0. 1. 0.],[0. 1. 1. ... 1. 0. 0.]
772,AdaBoost,"{'algorithm': 'SAMME', 'learning_rate': 1.8142857142857143, 'n_estimators': 63}",0.5664075632433446,0.08100678348475433,0.14629478986356134,0.15417326379654564,0.5731473949317807,0.07708663189827283,0.5816117732956663,0.16326530612244894,0.5816326530612245,0.5816326530612245,"{0: 0.6100145649371933, 1: 0.6100145649371933}","{0: 0.6100145649371933, 1: 0.6100145649371933}",0.6100145649371933,"[[366 271]
 [262 375]]",[0. 0. 1. ... 0. 1. 0.],[0. 1. 1. ... 1. 0. 0.]
280,AdaBoost,"{'algorithm': 'SAMME', 'learning_rate': 1.8142857142857143, 'n_estimators': 63}",0.5664075632433446,0.08100678348475433,0.14629478986356134,0.15417326379654564,0.5731473949317807,0.07708663189827283,0.5816117732956663,0.16326530612244894,0.5816326530612245,0.5816326530612245,"{0: 0.6100145649371933, 1: 0.6100145649371933}","{0: 0.6100145649371933, 1: 0.6100145649371933}",0.6100145649371933,"[[366 271]
 [262 375]]",[0. 0. 1. ... 0. 1. 0.],[0. 1. 1. ... 1. 0. 0.]
929,randomforest,"{'criterion': 'gini', 'max_features': 'log2', 'n_estimators': 55}",0.5672050869047822,0.0836866570487988,0.14490552316282096,0.16222611830998268,0.5724527615814106,0.08111305915499134,0.5863399354432072,0.17268445839874413,0.5863422291993721,0.5863422291993721,"{0: 0.6141117236654352, 1: 0.6141117236654352}","{0: 0.6141117236654352, 1: 0.6141117236654352}",0.6141117236654352,"[[372 265]
 [262 375]]",[1. 0. 1. ... 0. 1. 0.],[0. 1. 1. ... 1. 0. 0.]
490,AdaBoost,"{'algorithm': 'SAMME', 'learning_rate': 0.1816326530612245, 'n_estimators': 52}",0.5545408784026917,0.10128189651851581,0.14434180620345183,0.18784664763272857,0.5721709031017259,0.0939233238163643,0.5859294575898221,0.19309262166405028,0.5965463108320251,0.5965463108320251,"{0: 0.6219548560880698, 1: 0.6219548560880699}","{0: 0.6219548560880698, 1: 0.6219548560880699}",0.6219548560880699,"[[482 155]
 [359 278]]",[1. 0. 1. ... 0. 1. 0.],[0. 1. 1. ... 1. 0. 0.]
682,naive_bayes,{},0.5464834507268675,0.10824213223366383,0.1442821832520042,0.20222586412083163,0.5721410916260021,0.10111293206041583,0.5689807944002624,0.17582417582417587,0.5879120879120879,0.5879120879120879,"{0: 0.6023722857093567, 1: 0.6023722857093567}","{0: 0.6023722857093567, 1: 0.6023722857093567}",0.6023722857093567,"[[508 129]
 [396 241]]",[1. 0. 1. ... 0. 0. 0.],[0. 1. 1. ... 1. 0. 0.]
656,naive_bayes,{},0.5464834507268675,0.10824213223366383,0.1442821832520042,0.20222586412083163,0.5721410916260021,0.10111293206041583,0.5689807944002624,0.17582417582417587,0.5879120879120879,0.5879120879120879,"{0: 0.6023722857093567, 1: 0.6023722857093567}","{0: 0.6023722857093567, 1: 0.6023722857093567}",0.6023722857093567,"[[508 129]
 [396 241]]",[1. 0. 1. ... 0. 0. 0.],[0. 1. 1. ... 1. 0. 0.]
774,naive_bayes,{},0.5464834507268675,0.10824213223366383,0.1442821832520042,0.20222586412083163,0.5721410916260021,0.10111293206041583,0.5689807944002624,0.17582417582417587,0.5879120879120879,0.5879120879120879,"{0: 0.6023722857093567, 1: 0.6023722857093567}","{0: 0.6023722857093567, 1: 0.6023722857093567}",0.6023722857093567,"[[508 129]
 [396 241]]",[1. 0. 1. ... 0. 0. 0.],[0. 1. 1. ... 1. 0. 0.]
528,naive_bayes,{},0.5464834507268675,0.10824213223366383,0.1442821832520042,0.20222586412083163,0.5721410916260021,0.10111293206041583,0.5689807944002624,0.17582417582417587,0.5879120879120879,0.5879120879120879,"{0: 0.6023722857093567, 1: 0.6023722857093567}","{0: 0.6023722857093567, 1: 0.6023722857093567}",0.6023722857093567,"[[508 129]
 [396 241]]",[1. 0. 1. ... 0. 0. 0.],[0. 1. 1. ... 1. 0. 0.]
833,naive_bayes,{},0.5464834507268675,0.10824213223366383,0.1442821832520042,0.20222586412083163,0.5721410916260021,0.10111293206041583,0.5689807944002624,0.17582417582417587,0.5879120879120879,0.5879120879120879,"{0: 0.6023722857093567, 1: 0.6023722857093567}","{0: 0.6023722857093567, 1: 0.6023722857093567}",0.6023722857093567,"[[508 129]
 [396 241]]",[1. 0. 1. ... 0. 0. 0.],[0. 1. 1. ... 1. 0. 0.]
820,naive_bayes,{},0.5464834507268675,0.10824213223366383,0.1442821832520042,0.20222586412083163,0.5721410916260021,0.10111293206041583,0.5689807944002624,0.17582417582417587,0.5879120879120879,0.5879120879120879,"{0: 0.6023722857093567, 1: 0.6023722857093567}","{0: 0.6023722857093567, 1: 0.6023722857093567}",0.6023722857093567,"[[508 129]
 [396 241]]",[1. 0. 1. ... 0. 0. 0.],[0. 1. 1. ... 1. 0. 0.]
643,naive_bayes,{},0.5464834507268675,0.10824213223366383,0.1442821832520042,0.20222586412083163,0.5721410916260021,0.10111293206041583,0.5689807944002624,0.17582417582417587,0.5879120879120879,0.5879120879120879,"{0: 0.6023722857093567, 1: 0.6023722857093567}","{0: 0.6023722857093567, 1: 0.6023722857093567}",0.6023722857093567,"[[508 129]
 [396 241]]",[1. 0. 1. ... 0. 0. 0.],[0. 1. 1. ... 1. 0. 0.]
515,naive_bayes,{},0.5464834507268675,0.10824213223366383,0.1442821832520042,0.20222586412083163,0.5721410916260021,0.10111293206041583,0.5689807944002624,0.17582417582417587,0.5879120879120879,0.5879120879120879,"{0: 0.6023722857093567, 1: 0.6023722857093567}","{0: 0.6023722857093567, 1: 0.6023722857093567}",0.6023722857093567,"[[508 129]
 [396 241]]",[1. 0. 1. ... 0. 0. 0.],[0. 1. 1. ... 1. 0. 0.]
630,naive_bayes,{},0.5464834507268675,0.10824213223366383,0.1442821832520042,0.20222586412083163,0.5721410916260021,0.10111293206041583,0.5689807944002624,0.17582417582417587,0.5879120879120879,0.5879120879120879,"{0: 0.6023722857093567, 1: 0.6023722857093567}","{0: 0.6023722857093567, 1: 0.6023722857093567}",0.6023722857093567,"[[508 129]
 [396 241]]",[1. 0. 1. ... 0. 0. 0.],[0. 1. 1. ... 1. 0. 0.]
989,naive_bayes,{},0.5464834507268675,0.10824213223366383,0.1442821832520042,0.20222586412083163,0.5721410916260021,0.10111293206041583,0.5689807944002624,0.17582417582417587,0.5879120879120879,0.5879120879120879,"{0: 0.6023722857093567, 1: 0.6023722857093567}","{0: 0.6023722857093567, 1: 0.6023722857093567}",0.6023722857093567,"[[508 129]
 [396 241]]",[1. 0. 1. ... 0. 0. 0.],[0. 1. 1. ... 1. 0. 0.]
566,naive_bayes,{},0.5464834507268675,0.10824213223366383,0.1442821832520042,0.20222586412083163,0.5721410916260021,0.10111293206041583,0.5689807944002624,0.17582417582417587,0.5879120879120879,0.5879120879120879,"{0: 0.6023722857093567, 1: 0.6023722857093567}","{0: 0.6023722857093567, 1: 0.6023722857093567}",0.6023722857093567,"[[508 129]
 [396 241]]",[1. 0. 1. ... 0. 0. 0.],[0. 1. 1. ... 1. 0. 0.]
975,naive_bayes,{},0.5464834507268675,0.10824213223366383,0.1442821832520042,0.20222586412083163,0.5721410916260021,0.10111293206041583,0.5689807944002624,0.17582417582417587,0.5879120879120879,0.5879120879120879,"{0: 0.6023722857093567, 1: 0.6023722857093567}","{0: 0.6023722857093567, 1: 0.6023722857093567}",0.6023722857093567,"[[508 129]
 [396 241]]",[1. 0. 1. ... 0. 0. 0.],[0. 1. 1. ... 1. 0. 0.]
847,naive_bayes,{},0.5464834507268675,0.10824213223366383,0.1442821832520042,0.20222586412083163,0.5721410916260021,0.10111293206041583,0.5689807944002624,0.17582417582417587,0.5879120879120879,0.5879120879120879,"{0: 0.6023722857093567, 1: 0.6023722857093567}","{0: 0.6023722857093567, 1: 0.6023722857093567}",0.6023722857093567,"[[508 129]
 [396 241]]",[1. 0. 1. ... 0. 0. 0.],[0. 1. 1. ... 1. 0. 0.]
617,naive_bayes,{},0.5464834507268675,0.10824213223366383,0.1442821832520042,0.20222586412083163,0.5721410916260021,0.10111293206041583,0.5689807944002624,0.17582417582417587,0.5879120879120879,0.5879120879120879,"{0: 0.6023722857093567, 1: 0.6023722857093567}","{0: 0.6023722857093567, 1: 0.6023722857093567}",0.6023722857093567,"[[508 129]
 [396 241]]",[1. 0. 1. ... 0. 0. 0.],[0. 1. 1. ... 1. 0. 0.]
708,naive_bayes,{},0.5464834507268675,0.10824213223366383,0.1442821832520042,0.20222586412083163,0.5721410916260021,0.10111293206041583,0.5689807944002624,0.17582417582417587,0.5879120879120879,0.5879120879120879,"{0: 0.6023722857093567, 1: 0.6023722857093567}","{0: 0.6023722857093567, 1: 0.6023722857093567}",0.6023722857093567,"[[508 129]
 [396 241]]",[1. 0. 1. ... 0. 0. 0.],[0. 1. 1. ... 1. 0. 0.]
946,naive_bayes,{},0.5464834507268675,0.10824213223366383,0.1442821832520042,0.20222586412083163,0.5721410916260021,0.10111293206041583,0.5689807944002624,0.17582417582417587,0.5879120879120879,0.5879120879120879,"{0: 0.6023722857093567, 1: 0.6023722857093567}","{0: 0.6023722857093567, 1: 0.6023722857093567}",0.6023722857093567,"[[508 129]
 [396 241]]",[1. 0. 1. ... 0. 0. 0.],[0. 1. 1. ... 1. 0. 0.]
961,naive_bayes,{},0.5464834507268675,0.10824213223366383,0.1442821832520042,0.20222586412083163,0.5721410916260021,0.10111293206041583,0.5689807944002624,0.17582417582417587,0.5879120879120879,0.5879120879120879,"{0: 0.6023722857093567, 1: 0.6023722857093567}","{0: 0.6023722857093567, 1: 0.6023722857093567}",0.6023722857093567,"[[508 129]
 [396 241]]",[1. 0. 1. ... 0. 0. 0.],[0. 1. 1. ... 1. 0. 0.]
932,naive_bayes,{},0.5464834507268675,0.10824213223366383,0.1442821832520042,0.20222586412083163,0.5721410916260021,0.10111293206041583,0.5689807944002624,0.17582417582417587,0.5879120879120879,0.5879120879120879,"{0: 0.6023722857093567, 1: 0.6023722857093567}","{0: 0.6023722857093567, 1: 0.6023722857093567}",0.6023722857093567,"[[508 129]
 [396 241]]",[1. 0. 1. ... 0. 0. 0.],[0. 1. 1. ... 1. 0. 0.]
918,naive_bayes,{},0.5464834507268675,0.10824213223366383,0.1442821832520042,0.20222586412083163,0.5721410916260021,0.10111293206041583,0.5689807944002624,0.17582417582417587,0.5879120879120879,0.5879120879120879,"{0: 0.6023722857093567, 1: 0.6023722857093567}","{0: 0.6023722857093567, 1: 0.6023722857093567}",0.6023722857093567,"[[508 129]
 [396 241]]",[1. 0. 1. ... 0. 0. 0.],[0. 1. 1. ... 1. 0. 0.]
761,naive_bayes,{},0.5464834507268675,0.10824213223366383,0.1442821832520042,0.20222586412083163,0.5721410916260021,0.10111293206041583,0.5689807944002624,0.17582417582417587,0.5879120879120879,0.5879120879120879,"{0: 0.6023722857093567, 1: 0.6023722857093567}","{0: 0.6023722857093567, 1: 0.6023722857093567}",0.6023722857093567,"[[508 129]
 [396 241]]",[1. 0. 1. ... 0. 0. 0.],[0. 1. 1. ... 1. 0. 0.]
904,naive_bayes,{},0.5464834507268675,0.10824213223366383,0.1442821832520042,0.20222586412083163,0.5721410916260021,0.10111293206041583,0.5689807944002624,0.17582417582417587,0.5879120879120879,0.5879120879120879,"{0: 0.6023722857093567, 1: 0.6023722857093567}","{0: 0.6023722857093567, 1: 0.6023722857093567}",0.6023722857093567,"[[508 129]
 [396 241]]",[1. 0. 1. ... 0. 0. 0.],[0. 1. 1. ... 1. 0. 0.]
890,naive_bayes,{},0.5464834507268675,0.10824213223366383,0.1442821832520042,0.20222586412083163,0.5721410916260021,0.10111293206041583,0.5689807944002624,0.17582417582417587,0.5879120879120879,0.5879120879120879,"{0: 0.6023722857093567, 1: 0.6023722857093567}","{0: 0.6023722857093567, 1: 0.6023722857093567}",0.6023722857093567,"[[508 129]
 [396 241]]",[1. 0. 1. ... 0. 0. 0.],[0. 1. 1. ... 1. 0. 0.]
553,naive_bayes,{},0.5464834507268675,0.10824213223366383,0.1442821832520042,0.20222586412083163,0.5721410916260021,0.10111293206041583,0.5689807944002624,0.17582417582417587,0.5879120879120879,0.5879120879120879,"{0: 0.6023722857093567, 1: 0.6023722857093567}","{0: 0.6023722857093567, 1: 0.6023722857093567}",0.6023722857093567,"[[508 129]
 [396 241]]",[1. 0. 1. ... 0. 0. 0.],[0. 1. 1. ... 1. 0. 0.]
747,naive_bayes,{},0.5464834507268675,0.10824213223366383,0.1442821832520042,0.20222586412083163,0.5721410916260021,0.10111293206041583,0.5689807944002624,0.17582417582417587,0.5879120879120879,0.5879120879120879,"{0: 0.6023722857093567, 1: 0.6023722857093567}","{0: 0.6023722857093567, 1: 0.6023722857093567}",0.6023722857093567,"[[508 129]
 [396 241]]",[1. 0. 1. ... 0. 0. 0.],[0. 1. 1. ... 1. 0. 0.]
877,naive_bayes,{},0.5464834507268675,0.10824213223366383,0.1442821832520042,0.20222586412083163,0.5721410916260021,0.10111293206041583,0.5689807944002624,0.17582417582417587,0.5879120879120879,0.5879120879120879,"{0: 0.6023722857093567, 1: 0.6023722857093567}","{0: 0.6023722857093567, 1: 0.6023722857093567}",0.6023722857093567,"[[508 129]
 [396 241]]",[1. 0. 1. ... 0. 0. 0.],[0. 1. 1. ... 1. 0. 0.]
604,naive_bayes,{},0.5464834507268675,0.10824213223366383,0.1442821832520042,0.20222586412083163,0.5721410916260021,0.10111293206041583,0.5689807944002624,0.17582417582417587,0.5879120879120879,0.5879120879120879,"{0: 0.6023722857093567, 1: 0.6023722857093567}","{0: 0.6023722857093567, 1: 0.6023722857093567}",0.6023722857093567,"[[508 129]
 [396 241]]",[1. 0. 1. ... 0. 0. 0.],[0. 1. 1. ... 1. 0. 0.]
862,naive_bayes,{},0.5464834507268675,0.10824213223366383,0.1442821832520042,0.20222586412083163,0.5721410916260021,0.10111293206041583,0.5689807944002624,0.17582417582417587,0.5879120879120879,0.5879120879120879,"{0: 0.6023722857093567, 1: 0.6023722857093567}","{0: 0.6023722857093567, 1: 0.6023722857093567}",0.6023722857093567,"[[508 129]
 [396 241]]",[1. 0. 1. ... 0. 0. 0.],[0. 1. 1. ... 1. 0. 0.]
734,naive_bayes,{},0.5464834507268675,0.10824213223366383,0.1442821832520042,0.20222586412083163,0.5721410916260021,0.10111293206041583,0.5689807944002624,0.17582417582417587,0.5879120879120879,0.5879120879120879,"{0: 0.6023722857093567, 1: 0.6023722857093567}","{0: 0.6023722857093567, 1: 0.6023722857093567}",0.6023722857093567,"[[508 129]
 [396 241]]",[1. 0. 1. ... 0. 0. 0.],[0. 1. 1. ... 1. 0. 0.]
721,naive_bayes,{},0.5464834507268675,0.10824213223366383,0.1442821832520042,0.20222586412083163,0.5721410916260021,0.10111293206041583,0.5689807944002624,0.17582417582417587,0.5879120879120879,0.5879120879120879,"{0: 0.6023722857093567, 1: 0.6023722857093567}","{0: 0.6023722857093567, 1: 0.6023722857093567}",0.6023722857093567,"[[508 129]
 [396 241]]",[1. 0. 1. ... 0. 0. 0.],[0. 1. 1. ... 1. 0. 0.]
696,naive_bayes,{},0.5464834507268675,0.10824213223366383,0.1442821832520042,0.20222586412083163,0.5721410916260021,0.10111293206041583,0.5689807944002624,0.17582417582417587,0.5879120879120879,0.5879120879120879,"{0: 0.6023722857093567, 1: 0.6023722857093567}","{0: 0.6023722857093567, 1: 0.6023722857093567}",0.6023722857093567,"[[508 129]
 [396 241]]",[1. 0. 1. ... 0. 0. 0.],[0. 1. 1. ... 1. 0. 0.]
540,naive_bayes,{},0.5464834507268675,0.10824213223366383,0.1442821832520042,0.20222586412083163,0.5721410916260021,0.10111293206041583,0.5689807944002624,0.17582417582417587,0.5879120879120879,0.5879120879120879,"{0: 0.6023722857093567, 1: 0.6023722857093567}","{0: 0.6023722857093567, 1: 0.6023722857093567}",0.6023722857093567,"[[508 129]
 [396 241]]",[1. 0. 1. ... 0. 0. 0.],[0. 1. 1. ... 1. 0. 0.]
669,naive_bayes,{},0.5464834507268675,0.10824213223366383,0.1442821832520042,0.20222586412083163,0.5721410916260021,0.10111293206041583,0.5689807944002624,0.17582417582417587,0.5879120879120879,0.5879120879120879,"{0: 0.6023722857093567, 1: 0.6023722857093567}","{0: 0.6023722857093567, 1: 0.6023722857093567}",0.6023722857093567,"[[508 129]
 [396 241]]",[1. 0. 1. ... 0. 0. 0.],[0. 1. 1. ... 1. 0. 0.]
0,naive_bayes,{},0.5464834507268675,0.10824213223366383,0.1442821832520042,0.20222586412083163,0.5721410916260021,0.10111293206041583,0.5689807944002624,0.17582417582417587,0.5879120879120879,0.5879120879120879,"{0: 0.6023722857093567, 1: 0.6023722857093567}","{0: 0.6023722857093567, 1: 0.6023722857093567}",0.6023722857093567,"[[508 129]
 [396 241]]",[1. 0. 1. ... 0. 0. 0.],[0. 1. 1. ... 1. 0. 0.]
311,naive_bayes,{},0.5464834507268675,0.10824213223366383,0.1442821832520042,0.20222586412083163,0.5721410916260021,0.10111293206041583,0.5689807944002624,0.17582417582417587,0.5879120879120879,0.5879120879120879,"{0: 0.6023722857093567, 1: 0.6023722857093567}","{0: 0.6023722857093567, 1: 0.6023722857093567}",0.6023722857093567,"[[508 129]
 [396 241]]",[1. 0. 1. ... 0. 0. 0.],[0. 1. 1. ... 1. 0. 0.]
479,naive_bayes,{},0.5464834507268675,0.10824213223366383,0.1442821832520042,0.20222586412083163,0.5721410916260021,0.10111293206041583,0.5689807944002624,0.17582417582417587,0.5879120879120879,0.5879120879120879,"{0: 0.6023722857093567, 1: 0.6023722857093567}","{0: 0.6023722857093567, 1: 0.6023722857093567}",0.6023722857093567,"[[508 129]
 [396 241]]",[1. 0. 1. ... 0. 0. 0.],[0. 1. 1. ... 1. 0. 0.]
48,naive_bayes,{},0.5464834507268675,0.10824213223366383,0.1442821832520042,0.20222586412083163,0.5721410916260021,0.10111293206041583,0.5689807944002624,0.17582417582417587,0.5879120879120879,0.5879120879120879,"{0: 0.6023722857093567, 1: 0.6023722857093567}","{0: 0.6023722857093567, 1: 0.6023722857093567}",0.6023722857093567,"[[508 129]
 [396 241]]",[1. 0. 1. ... 0. 0. 0.],[0. 1. 1. ... 1. 0. 0.]
181,naive_bayes,{},0.5464834507268675,0.10824213223366383,0.1442821832520042,0.20222586412083163,0.5721410916260021,0.10111293206041583,0.5689807944002624,0.17582417582417587,0.5879120879120879,0.5879120879120879,"{0: 0.6023722857093567, 1: 0.6023722857093567}","{0: 0.6023722857093567, 1: 0.6023722857093567}",0.6023722857093567,"[[508 129]
 [396 241]]",[1. 0. 1. ... 0. 0. 0.],[0. 1. 1. ... 1. 0. 0.]
355,naive_bayes,{},0.5464834507268675,0.10824213223366383,0.1442821832520042,0.20222586412083163,0.5721410916260021,0.10111293206041583,0.5689807944002624,0.17582417582417587,0.5879120879120879,0.5879120879120879,"{0: 0.6023722857093567, 1: 0.6023722857093567}","{0: 0.6023722857093567, 1: 0.6023722857093567}",0.6023722857093567,"[[508 129]
 [396 241]]",[1. 0. 1. ... 0. 0. 0.],[0. 1. 1. ... 1. 0. 0.]
122,naive_bayes,{},0.5464834507268675,0.10824213223366383,0.1442821832520042,0.20222586412083163,0.5721410916260021,0.10111293206041583,0.5689807944002624,0.17582417582417587,0.5879120879120879,0.5879120879120879,"{0: 0.6023722857093567, 1: 0.6023722857093567}","{0: 0.6023722857093567, 1: 0.6023722857093567}",0.6023722857093567,"[[508 129]
 [396 241]]",[1. 0. 1. ... 0. 0. 0.],[0. 1. 1. ... 1. 0. 0.]
191,naive_bayes,{},0.5464834507268675,0.10824213223366383,0.1442821832520042,0.20222586412083163,0.5721410916260021,0.10111293206041583,0.5689807944002624,0.17582417582417587,0.5879120879120879,0.5879120879120879,"{0: 0.6023722857093567, 1: 0.6023722857093567}","{0: 0.6023722857093567, 1: 0.6023722857093567}",0.6023722857093567,"[[508 129]
 [396 241]]",[1. 0. 1. ... 0. 0. 0.],[0. 1. 1. ... 1. 0. 0.]
278,naive_bayes,{},0.5464834507268675,0.10824213223366383,0.1442821832520042,0.20222586412083163,0.5721410916260021,0.10111293206041583,0.5689807944002624,0.17582417582417587,0.5879120879120879,0.5879120879120879,"{0: 0.6023722857093567, 1: 0.6023722857093567}","{0: 0.6023722857093567, 1: 0.6023722857093567}",0.6023722857093567,"[[508 129]
 [396 241]]",[1. 0. 1. ... 0. 0. 0.],[0. 1. 1. ... 1. 0. 0.]
366,naive_bayes,{},0.5464834507268675,0.10824213223366383,0.1442821832520042,0.20222586412083163,0.5721410916260021,0.10111293206041583,0.5689807944002624,0.17582417582417587,0.5879120879120879,0.5879120879120879,"{0: 0.6023722857093567, 1: 0.6023722857093567}","{0: 0.6023722857093567, 1: 0.6023722857093567}",0.6023722857093567,"[[508 129]
 [396 241]]",[1. 0. 1. ... 0. 0. 0.],[0. 1. 1. ... 1. 0. 0.]
468,naive_bayes,{},0.5464834507268675,0.10824213223366383,0.1442821832520042,0.20222586412083163,0.5721410916260021,0.10111293206041583,0.5689807944002624,0.17582417582417587,0.5879120879120879,0.5879120879120879,"{0: 0.6023722857093567, 1: 0.6023722857093567}","{0: 0.6023722857093567, 1: 0.6023722857093567}",0.6023722857093567,"[[508 129]
 [396 241]]",[1. 0. 1. ... 0. 0. 0.],[0. 1. 1. ... 1. 0. 0.]
80,naive_bayes,{},0.5464834507268675,0.10824213223366383,0.1442821832520042,0.20222586412083163,0.5721410916260021,0.10111293206041583,0.5689807944002624,0.17582417582417587,0.5879120879120879,0.5879120879120879,"{0: 0.6023722857093567, 1: 0.6023722857093567}","{0: 0.6023722857093567, 1: 0.6023722857093567}",0.6023722857093567,"[[508 129]
 [396 241]]",[1. 0. 1. ... 0. 0. 0.],[0. 1. 1. ... 1. 0. 0.]
202,naive_bayes,{},0.5464834507268675,0.10824213223366383,0.1442821832520042,0.20222586412083163,0.5721410916260021,0.10111293206041583,0.5689807944002624,0.17582417582417587,0.5879120879120879,0.5879120879120879,"{0: 0.6023722857093567, 1: 0.6023722857093567}","{0: 0.6023722857093567, 1: 0.6023722857093567}",0.6023722857093567,"[[508 129]
 [396 241]]",[1. 0. 1. ... 0. 0. 0.],[0. 1. 1. ... 1. 0. 0.]
456,naive_bayes,{},0.5464834507268675,0.10824213223366383,0.1442821832520042,0.20222586412083163,0.5721410916260021,0.10111293206041583,0.5689807944002624,0.17582417582417587,0.5879120879120879,0.5879120879120879,"{0: 0.6023722857093567, 1: 0.6023722857093567}","{0: 0.6023722857093567, 1: 0.6023722857093567}",0.6023722857093567,"[[508 129]
 [396 241]]",[1. 0. 1. ... 0. 0. 0.],[0. 1. 1. ... 1. 0. 0.]
12,naive_bayes,{},0.5464834507268675,0.10824213223366383,0.1442821832520042,0.20222586412083163,0.5721410916260021,0.10111293206041583,0.5689807944002624,0.17582417582417587,0.5879120879120879,0.5879120879120879,"{0: 0.6023722857093567, 1: 0.6023722857093567}","{0: 0.6023722857093567, 1: 0.6023722857093567}",0.6023722857093567,"[[508 129]
 [396 241]]",[1. 0. 1. ... 0. 0. 0.],[0. 1. 1. ... 1. 0. 0.]
378,naive_bayes,{},0.5464834507268675,0.10824213223366383,0.1442821832520042,0.20222586412083163,0.5721410916260021,0.10111293206041583,0.5689807944002624,0.17582417582417587,0.5879120879120879,0.5879120879120879,"{0: 0.6023722857093567, 1: 0.6023722857093567}","{0: 0.6023722857093567, 1: 0.6023722857093567}",0.6023722857093567,"[[508 129]
 [396 241]]",[1. 0. 1. ... 0. 0. 0.],[0. 1. 1. ... 1. 0. 0.]
212,naive_bayes,{},0.5464834507268675,0.10824213223366383,0.1442821832520042,0.20222586412083163,0.5721410916260021,0.10111293206041583,0.5689807944002624,0.17582417582417587,0.5879120879120879,0.5879120879120879,"{0: 0.6023722857093567, 1: 0.6023722857093567}","{0: 0.6023722857093567, 1: 0.6023722857093567}",0.6023722857093567,"[[508 129]
 [396 241]]",[1. 0. 1. ... 0. 0. 0.],[0. 1. 1. ... 1. 0. 0.]
253,naive_bayes,{},0.5464834507268675,0.10824213223366383,0.1442821832520042,0.20222586412083163,0.5721410916260021,0.10111293206041583,0.5689807944002624,0.17582417582417587,0.5879120879120879,0.5879120879120879,"{0: 0.6023722857093567, 1: 0.6023722857093567}","{0: 0.6023722857093567, 1: 0.6023722857093567}",0.6023722857093567,"[[508 129]
 [396 241]]",[1. 0. 1. ... 0. 0. 0.],[0. 1. 1. ... 1. 0. 0.]
9,naive_bayes,{},0.5464834507268675,0.10824213223366383,0.1442821832520042,0.20222586412083163,0.5721410916260021,0.10111293206041583,0.5689807944002624,0.17582417582417587,0.5879120879120879,0.5879120879120879,"{0: 0.6023722857093567, 1: 0.6023722857093567}","{0: 0.6023722857093567, 1: 0.6023722857093567}",0.6023722857093567,"[[508 129]
 [396 241]]",[1. 0. 1. ... 0. 0. 0.],[0. 1. 1. ... 1. 0. 0.]
443,naive_bayes,{},0.5464834507268675,0.10824213223366383,0.1442821832520042,0.20222586412083163,0.5721410916260021,0.10111293206041583,0.5689807944002624,0.17582417582417587,0.5879120879120879,0.5879120879120879,"{0: 0.6023722857093567, 1: 0.6023722857093567}","{0: 0.6023722857093567, 1: 0.6023722857093567}",0.6023722857093567,"[[508 129]
 [396 241]]",[1. 0. 1. ... 0. 0. 0.],[0. 1. 1. ... 1. 0. 0.]
222,naive_bayes,{},0.5464834507268675,0.10824213223366383,0.1442821832520042,0.20222586412083163,0.5721410916260021,0.10111293206041583,0.5689807944002624,0.17582417582417587,0.5879120879120879,0.5879120879120879,"{0: 0.6023722857093567, 1: 0.6023722857093567}","{0: 0.6023722857093567, 1: 0.6023722857093567}",0.6023722857093567,"[[508 129]
 [396 241]]",[1. 0. 1. ... 0. 0. 0.],[0. 1. 1. ... 1. 0. 0.]
389,naive_bayes,{},0.5464834507268675,0.10824213223366383,0.1442821832520042,0.20222586412083163,0.5721410916260021,0.10111293206041583,0.5689807944002624,0.17582417582417587,0.5879120879120879,0.5879120879120879,"{0: 0.6023722857093567, 1: 0.6023722857093567}","{0: 0.6023722857093567, 1: 0.6023722857093567}",0.6023722857093567,"[[508 129]
 [396 241]]",[1. 0. 1. ... 0. 0. 0.],[0. 1. 1. ... 1. 0. 0.]
131,naive_bayes,{},0.5464834507268675,0.10824213223366383,0.1442821832520042,0.20222586412083163,0.5721410916260021,0.10111293206041583,0.5689807944002624,0.17582417582417587,0.5879120879120879,0.5879120879120879,"{0: 0.6023722857093567, 1: 0.6023722857093567}","{0: 0.6023722857093567, 1: 0.6023722857093567}",0.6023722857093567,"[[508 129]
 [396 241]]",[1. 0. 1. ... 0. 0. 0.],[0. 1. 1. ... 1. 0. 0.]
73,naive_bayes,{},0.5464834507268675,0.10824213223366383,0.1442821832520042,0.20222586412083163,0.5721410916260021,0.10111293206041583,0.5689807944002624,0.17582417582417587,0.5879120879120879,0.5879120879120879,"{0: 0.6023722857093567, 1: 0.6023722857093567}","{0: 0.6023722857093567, 1: 0.6023722857093567}",0.6023722857093567,"[[508 129]
 [396 241]]",[1. 0. 1. ... 0. 0. 0.],[0. 1. 1. ... 1. 0. 0.]
232,naive_bayes,{},0.5464834507268675,0.10824213223366383,0.1442821832520042,0.20222586412083163,0.5721410916260021,0.10111293206041583,0.5689807944002624,0.17582417582417587,0.5879120879120879,0.5879120879120879,"{0: 0.6023722857093567, 1: 0.6023722857093567}","{0: 0.6023722857093567, 1: 0.6023722857093567}",0.6023722857093567,"[[508 129]
 [396 241]]",[1. 0. 1. ... 0. 0. 0.],[0. 1. 1. ... 1. 0. 0.]
431,naive_bayes,{},0.5464834507268675,0.10824213223366383,0.1442821832520042,0.20222586412083163,0.5721410916260021,0.10111293206041583,0.5689807944002624,0.17582417582417587,0.5879120879120879,0.5879120879120879,"{0: 0.6023722857093567, 1: 0.6023722857093567}","{0: 0.6023722857093567, 1: 0.6023722857093567}",0.6023722857093567,"[[508 129]
 [396 241]]",[1. 0. 1. ... 0. 0. 0.],[0. 1. 1. ... 1. 0. 0.]
400,naive_bayes,{},0.5464834507268675,0.10824213223366383,0.1442821832520042,0.20222586412083163,0.5721410916260021,0.10111293206041583,0.5689807944002624,0.17582417582417587,0.5879120879120879,0.5879120879120879,"{0: 0.6023722857093567, 1: 0.6023722857093567}","{0: 0.6023722857093567, 1: 0.6023722857093567}",0.6023722857093567,"[[508 129]
 [396 241]]",[1. 0. 1. ... 0. 0. 0.],[0. 1. 1. ... 1. 0. 0.]
140,naive_bayes,{},0.5464834507268675,0.10824213223366383,0.1442821832520042,0.20222586412083163,0.5721410916260021,0.10111293206041583,0.5689807944002624,0.17582417582417587,0.5879120879120879,0.5879120879120879,"{0: 0.6023722857093567, 1: 0.6023722857093567}","{0: 0.6023722857093567, 1: 0.6023722857093567}",0.6023722857093567,"[[508 129]
 [396 241]]",[1. 0. 1. ... 0. 0. 0.],[0. 1. 1. ... 1. 0. 0.]
87,naive_bayes,{},0.5464834507268675,0.10824213223366383,0.1442821832520042,0.20222586412083163,0.5721410916260021,0.10111293206041583,0.5689807944002624,0.17582417582417587,0.5879120879120879,0.5879120879120879,"{0: 0.6023722857093567, 1: 0.6023722857093567}","{0: 0.6023722857093567, 1: 0.6023722857093567}",0.6023722857093567,"[[508 129]
 [396 241]]",[1. 0. 1. ... 0. 0. 0.],[0. 1. 1. ... 1. 0. 0.]
243,naive_bayes,{},0.5464834507268675,0.10824213223366383,0.1442821832520042,0.20222586412083163,0.5721410916260021,0.10111293206041583,0.5689807944002624,0.17582417582417587,0.5879120879120879,0.5879120879120879,"{0: 0.6023722857093567, 1: 0.6023722857093567}","{0: 0.6023722857093567, 1: 0.6023722857093567}",0.6023722857093567,"[[508 129]
 [396 241]]",[1. 0. 1. ... 0. 0. 0.],[0. 1. 1. ... 1. 0. 0.]
95,naive_bayes,{},0.5464834507268675,0.10824213223366383,0.1442821832520042,0.20222586412083163,0.5721410916260021,0.10111293206041583,0.5689807944002624,0.17582417582417587,0.5879120879120879,0.5879120879120879,"{0: 0.6023722857093567, 1: 0.6023722857093567}","{0: 0.6023722857093567, 1: 0.6023722857093567}",0.6023722857093567,"[[508 129]
 [396 241]]",[1. 0. 1. ... 0. 0. 0.],[0. 1. 1. ... 1. 0. 0.]
170,naive_bayes,{},0.5464834507268675,0.10824213223366383,0.1442821832520042,0.20222586412083163,0.5721410916260021,0.10111293206041583,0.5689807944002624,0.17582417582417587,0.5879120879120879,0.5879120879120879,"{0: 0.6023722857093567, 1: 0.6023722857093567}","{0: 0.6023722857093567, 1: 0.6023722857093567}",0.6023722857093567,"[[508 129]
 [396 241]]",[1. 0. 1. ... 0. 0. 0.],[0. 1. 1. ... 1. 0. 0.]
322,naive_bayes,{},0.5464834507268675,0.10824213223366383,0.1442821832520042,0.20222586412083163,0.5721410916260021,0.10111293206041583,0.5689807944002624,0.17582417582417587,0.5879120879120879,0.5879120879120879,"{0: 0.6023722857093567, 1: 0.6023722857093567}","{0: 0.6023722857093567, 1: 0.6023722857093567}",0.6023722857093567,"[[508 129]
 [396 241]]",[1. 0. 1. ... 0. 0. 0.],[0. 1. 1. ... 1. 0. 0.]
104,naive_bayes,{},0.5464834507268675,0.10824213223366383,0.1442821832520042,0.20222586412083163,0.5721410916260021,0.10111293206041583,0.5689807944002624,0.17582417582417587,0.5879120879120879,0.5879120879120879,"{0: 0.6023722857093567, 1: 0.6023722857093567}","{0: 0.6023722857093567, 1: 0.6023722857093567}",0.6023722857093567,"[[508 129]
 [396 241]]",[1. 0. 1. ... 0. 0. 0.],[0. 1. 1. ... 1. 0. 0.]
112,naive_bayes,{},0.5464834507268675,0.10824213223366383,0.1442821832520042,0.20222586412083163,0.5721410916260021,0.10111293206041583,0.5689807944002624,0.17582417582417587,0.5879120879120879,0.5879120879120879,"{0: 0.6023722857093567, 1: 0.6023722857093567}","{0: 0.6023722857093567, 1: 0.6023722857093567}",0.6023722857093567,"[[508 129]
 [396 241]]",[1. 0. 1. ... 0. 0. 0.],[0. 1. 1. ... 1. 0. 0.]
504,naive_bayes,{},0.5464834507268675,0.10824213223366383,0.1442821832520042,0.20222586412083163,0.5721410916260021,0.10111293206041583,0.5689807944002624,0.17582417582417587,0.5879120879120879,0.5879120879120879,"{0: 0.6023722857093567, 1: 0.6023722857093567}","{0: 0.6023722857093567, 1: 0.6023722857093567}",0.6023722857093567,"[[508 129]
 [396 241]]",[1. 0. 1. ... 0. 0. 0.],[0. 1. 1. ... 1. 0. 0.]
333,naive_bayes,{},0.5464834507268675,0.10824213223366383,0.1442821832520042,0.20222586412083163,0.5721410916260021,0.10111293206041583,0.5689807944002624,0.17582417582417587,0.5879120879120879,0.5879120879120879,"{0: 0.6023722857093567, 1: 0.6023722857093567}","{0: 0.6023722857093567, 1: 0.6023722857093567}",0.6023722857093567,"[[508 129]
 [396 241]]",[1. 0. 1. ... 0. 0. 0.],[0. 1. 1. ... 1. 0. 0.]
39,naive_bayes,{},0.5464834507268675,0.10824213223366383,0.1442821832520042,0.20222586412083163,0.5721410916260021,0.10111293206041583,0.5689807944002624,0.17582417582417587,0.5879120879120879,0.5879120879120879,"{0: 0.6023722857093567, 1: 0.6023722857093567}","{0: 0.6023722857093567, 1: 0.6023722857093567}",0.6023722857093567,"[[508 129]
 [396 241]]",[1. 0. 1. ... 0. 0. 0.],[0. 1. 1. ... 1. 0. 0.]
43,naive_bayes,{},0.5464834507268675,0.10824213223366383,0.1442821832520042,0.20222586412083163,0.5721410916260021,0.10111293206041583,0.5689807944002624,0.17582417582417587,0.5879120879120879,0.5879120879120879,"{0: 0.6023722857093567, 1: 0.6023722857093567}","{0: 0.6023722857093567, 1: 0.6023722857093567}",0.6023722857093567,"[[508 129]
 [396 241]]",[1. 0. 1. ... 0. 0. 0.],[0. 1. 1. ... 1. 0. 0.]
492,naive_bayes,{},0.5464834507268675,0.10824213223366383,0.1442821832520042,0.20222586412083163,0.5721410916260021,0.10111293206041583,0.5689807944002624,0.17582417582417587,0.5879120879120879,0.5879120879120879,"{0: 0.6023722857093567, 1: 0.6023722857093567}","{0: 0.6023722857093567, 1: 0.6023722857093567}",0.6023722857093567,"[[508 129]
 [396 241]]",[1. 0. 1. ... 0. 0. 0.],[0. 1. 1. ... 1. 0. 0.]
299,naive_bayes,{},0.5464834507268675,0.10824213223366383,0.1442821832520042,0.20222586412083163,0.5721410916260021,0.10111293206041583,0.5689807944002624,0.17582417582417587,0.5879120879120879,0.5879120879120879,"{0: 0.6023722857093567, 1: 0.6023722857093567}","{0: 0.6023722857093567, 1: 0.6023722857093567}",0.6023722857093567,"[[508 129]
 [396 241]]",[1. 0. 1. ... 0. 0. 0.],[0. 1. 1. ... 1. 0. 0.]
344,naive_bayes,{},0.5464834507268675,0.10824213223366383,0.1442821832520042,0.20222586412083163,0.5721410916260021,0.10111293206041583,0.5689807944002624,0.17582417582417587,0.5879120879120879,0.5879120879120879,"{0: 0.6023722857093567, 1: 0.6023722857093567}","{0: 0.6023722857093567, 1: 0.6023722857093567}",0.6023722857093567,"[[508 129]
 [396 241]]",[1. 0. 1. ... 0. 0. 0.],[0. 1. 1. ... 1. 0. 0.]
160,naive_bayes,{},0.5464834507268675,0.10824213223366383,0.1442821832520042,0.20222586412083163,0.5721410916260021,0.10111293206041583,0.5689807944002624,0.17582417582417587,0.5879120879120879,0.5879120879120879,"{0: 0.6023722857093567, 1: 0.6023722857093567}","{0: 0.6023722857093567, 1: 0.6023722857093567}",0.6023722857093567,"[[508 129]
 [396 241]]",[1. 0. 1. ... 0. 0. 0.],[0. 1. 1. ... 1. 0. 0.]
16,naive_bayes,{},0.5464834507268675,0.10824213223366383,0.1442821832520042,0.20222586412083163,0.5721410916260021,0.10111293206041583,0.5689807944002624,0.17582417582417587,0.5879120879120879,0.5879120879120879,"{0: 0.6023722857093567, 1: 0.6023722857093567}","{0: 0.6023722857093567, 1: 0.6023722857093567}",0.6023722857093567,"[[508 129]
 [396 241]]",[1. 0. 1. ... 0. 0. 0.],[0. 1. 1. ... 1. 0. 0.]
289,naive_bayes,{},0.5464834507268675,0.10824213223366383,0.1442821832520042,0.20222586412083163,0.5721410916260021,0.10111293206041583,0.5689807944002624,0.17582417582417587,0.5879120879120879,0.5879120879120879,"{0: 0.6023722857093567, 1: 0.6023722857093567}","{0: 0.6023722857093567, 1: 0.6023722857093567}",0.6023722857093567,"[[508 129]
 [396 241]]",[1. 0. 1. ... 0. 0. 0.],[0. 1. 1. ... 1. 0. 0.]
287,randomforest,"{'criterion': 'gini', 'max_features': None, 'n_estimators': 103}",0.5670027192797746,0.1139313223836857,0.1438287909475492,0.22158930692568976,0.5719143954737745,0.11079465346284488,0.5949514965101147,0.18995290423861855,0.5949764521193093,0.5949764521193093,"{0: 0.6180979818566721, 1: 0.6180979818566722}","{0: 0.6180979818566721, 1: 0.6180979818566722}",0.6180979818566722,"[[374 263]
 [253 384]]",[1. 0. 1. ... 0. 1. 0.],[0. 1. 1. ... 1. 0. 0.]
17,AdaBoost,"{'algorithm': 'SAMME', 'learning_rate': 0.1, 'n_estimators': 63}",0.5498222261838824,0.11028683711617883,0.14359417858633838,0.2119221020044908,0.5717970892931692,0.10596105100224538,0.5803882668963254,0.19309262166405028,0.5965463108320251,0.5965463108320251,"{0: 0.613917031611582, 1: 0.613917031611582}","{0: 0.613917031611582, 1: 0.613917031611582}",0.613917031611582,"[[505 132]
 [382 255]]",[1. 0. 1. ... 0. 1. 0.],[0. 1. 1. ... 1. 0. 0.]
853,AdaBoost,"{'algorithm': 'SAMME', 'learning_rate': 0.1, 'n_estimators': 63}",0.5498222261838824,0.11028683711617883,0.14359417858633838,0.2119221020044908,0.5717970892931692,0.10596105100224538,0.5803882668963254,0.19309262166405028,0.5965463108320251,0.5965463108320251,"{0: 0.613917031611582, 1: 0.613917031611582}","{0: 0.613917031611582, 1: 0.613917031611582}",0.613917031611582,"[[505 132]
 [382 255]]",[1. 0. 1. ... 0. 1. 0.],[0. 1. 1. ... 1. 0. 0.]
296,knn,{'n_neighbors': 3},0.5673597224246624,0.09005778047527625,0.14317001350339825,0.17765695240135432,0.5715850067516992,0.08882847620067715,0.5643574970841951,0.1287284144427001,0.5643642072213501,0.5643642072213501,"{0: 0.5642175720668656, 1: 0.5642175720668656}","{0: 0.5642175720668656, 1: 0.5642175720668656}",0.5642175720668656,"[[362 275]
 [280 357]]",[0. 0. 1. ... 0. 1. 0.],[0. 1. 1. ... 1. 0. 0.]
652,knn,{'n_neighbors': 3},0.5673597224246624,0.09005778047527625,0.14317001350339825,0.17765695240135432,0.5715850067516992,0.08882847620067715,0.5643574970841951,0.1287284144427001,0.5643642072213501,0.5643642072213501,"{0: 0.5642175720668656, 1: 0.5642175720668656}","{0: 0.5642175720668656, 1: 0.5642175720668656}",0.5642175720668656,"[[362 275]
 [280 357]]",[0. 0. 1. ... 0. 1. 0.],[0. 1. 1. ... 1. 0. 0.]
20,knn,{'n_neighbors': 3},0.5673597224246624,0.09005778047527625,0.14317001350339825,0.17765695240135432,0.5715850067516992,0.08882847620067715,0.5643574970841951,0.1287284144427001,0.5643642072213501,0.5643642072213501,"{0: 0.5642175720668656, 1: 0.5642175720668656}","{0: 0.5642175720668656, 1: 0.5642175720668656}",0.5642175720668656,"[[362 275]
 [280 357]]",[0. 0. 1. ... 0. 1. 0.],[0. 1. 1. ... 1. 0. 0.]
998,knn,{'n_neighbors': 3},0.5673597224246624,0.09005778047527625,0.14317001350339825,0.17765695240135432,0.5715850067516992,0.08882847620067715,0.5643574970841951,0.1287284144427001,0.5643642072213501,0.5643642072213501,"{0: 0.5642175720668656, 1: 0.5642175720668656}","{0: 0.5642175720668656, 1: 0.5642175720668656}",0.5642175720668656,"[[362 275]
 [280 357]]",[0. 0. 1. ... 0. 1. 0.],[0. 1. 1. ... 1. 0. 0.]
939,SVC,"{'C': 1, 'gamma': 1, 'kernel': 'rbf'}",0.5593125053160161,0.11737043160955705,0.14169207999622058,0.20902019580951636,0.5708460399981103,0.10451009790475818,0.5862195121951219,0.18053375196232335,0.5902668759811617,0.5902668759811617,"{0: 0.6023599634274673, 1: 0.6023599634274673}","{0: 0.6023599634274673, 1: 0.6023599634274673}",0.6023599634274673,"[[313 324]
 [198 439]]",[1. 0. 1. ... 0. 1. 0.],[0. 1. 1. ... 1. 0. 0.]
925,SVC,"{'C': 100, 'gamma': 0.001, 'kernel': 'sigmoid'}",0.553753678180924,0.11575368626577791,0.14090394936678557,0.22158150852059222,0.5704519746833927,0.11079075426029611,0.5852306167332652,0.1915227629513344,0.5957613814756672,0.5957613814756672,"{0: 0.6033100113611438, 1: 0.6033100113611439}","{0: 0.6033100113611438, 1: 0.6033100113611439}",0.6033100113611439,"[[481 156]
 [359 278]]",[1. 0. 1. ... 0. 1. 0.],[0. 1. 1. ... 1. 0. 0.]
155,AdaBoost,"{'algorithm': 'SAMME', 'learning_rate': 0.26326530612244897, 'n_estimators': 30}",0.5496718398873834,0.10120287302857316,0.13941892067374473,0.1897265170639936,0.5697094603368723,0.0948632585319968,0.5795061340544158,0.18524332810047095,0.5926216640502355,0.5926216640502355,"{0: 0.6263502140380364, 1: 0.6263502140380364}","{0: 0.6263502140380364, 1: 0.6263502140380364}",0.6263502140380364,"[[490 147]
 [372 265]]",[1. 0. 1. ... 0. 1. 0.],[0. 1. 1. ... 1. 0. 0.]
501,knn,{'n_neighbors': 13},0.5602863899736775,0.10798008084526732,0.13776031726436966,0.19650803531207114,0.5688801586321849,0.09825401765603559,0.5851483463214997,0.17111459968602827,0.5855572998430141,0.5855572998430141,"{0: 0.6086677395266764, 1: 0.6086677395266766}","{0: 0.6086677395266764, 1: 0.6086677395266766}",0.6086677395266766,"[[393 244]
 [284 353]]",[1. 0. 1. ... 0. 1. 0.],[0. 1. 1. ... 1. 0. 0.]
885,knn,{'n_neighbors': 13},0.5602863899736775,0.10798008084526732,0.13776031726436966,0.19650803531207114,0.5688801586321849,0.09825401765603559,0.5851483463214997,0.17111459968602827,0.5855572998430141,0.5855572998430141,"{0: 0.6086677395266764, 1: 0.6086677395266766}","{0: 0.6086677395266764, 1: 0.6086677395266766}",0.6086677395266766,"[[393 244]
 [284 353]]",[1. 0. 1. ... 0. 1. 0.],[0. 1. 1. ... 1. 0. 0.]
167,knn,{'n_neighbors': 13},0.5602863899736775,0.10798008084526732,0.13776031726436966,0.19650803531207114,0.5688801586321849,0.09825401765603559,0.5851483463214997,0.17111459968602827,0.5855572998430141,0.5855572998430141,"{0: 0.6086677395266764, 1: 0.6086677395266766}","{0: 0.6086677395266764, 1: 0.6086677395266766}",0.6086677395266766,"[[393 244]
 [284 353]]",[1. 0. 1. ... 0. 1. 0.],[0. 1. 1. ... 1. 0. 0.]
425,SVC,"{'C': 100, 'gamma': 0.001, 'kernel': 'sigmoid'}",0.5512417596125758,0.11608244064283686,0.13687464533748156,0.22200398036612873,0.5684373226687408,0.11100199018306436,0.5824906367041199,0.18681318681318682,0.5934065934065934,0.5934065934065934,"{0: 0.6019964561117286, 1: 0.6019964561117286}","{0: 0.6019964561117286, 1: 0.6019964561117286}",0.6019964561117286,"[[481 156]
 [362 275]]",[1. 0. 1. ... 0. 1. 0.],[0. 1. 1. ... 1. 0. 0.]
685,logistic_regression,"{'penalty': None, 'solver': 'sag'}",0.5564186394618402,0.09983736299580534,0.13623350770077994,0.19497449106006753,0.5681167538503898,0.09748724553003377,0.5775830595107704,0.16169544740973307,0.5808477237048666,0.5808477237048666,"{0: 0.612461770120438, 1: 0.612461770120438}","{0: 0.612461770120438, 1: 0.612461770120438}",0.612461770120438,"[[426 211]
 [323 314]]",[0. 0. 1. ... 0. 1. 0.],[0. 1. 1. ... 1. 0. 0.]
134,logistic_regression,"{'penalty': None, 'solver': 'sag'}",0.5564186394618402,0.09983736299580534,0.13623350770077994,0.19497449106006753,0.5681167538503898,0.09748724553003377,0.5775830595107704,0.16169544740973307,0.5808477237048666,0.5808477237048666,"{0: 0.6124445189257929, 1: 0.6124445189257928}","{0: 0.6124445189257929, 1: 0.6124445189257928}",0.6124445189257928,"[[426 211]
 [323 314]]",[0. 0. 1. ... 0. 1. 0.],[0. 1. 1. ... 1. 0. 0.]
508,logistic_regression,"{'penalty': None, 'solver': 'sag'}",0.5564186394618402,0.09983736299580534,0.13623350770077994,0.19497449106006753,0.5681167538503898,0.09748724553003377,0.5775830595107704,0.16169544740973307,0.5808477237048666,0.5808477237048666,"{0: 0.6124765568587054, 1: 0.6124765568587054}","{0: 0.6124765568587054, 1: 0.6124765568587054}",0.6124765568587054,"[[426 211]
 [323 314]]",[0. 0. 1. ... 0. 1. 0.],[0. 1. 1. ... 1. 0. 0.]
391,logistic_regression,"{'penalty': None, 'solver': 'sag'}",0.5564186394618402,0.09983736299580534,0.13623350770077994,0.19497449106006753,0.5681167538503898,0.09748724553003377,0.5775830595107704,0.16169544740973307,0.5808477237048666,0.5808477237048666,"{0: 0.612439590013037, 1: 0.6124395900130369}","{0: 0.612439590013037, 1: 0.6124395900130369}",0.6124395900130369,"[[426 211]
 [323 314]]",[0. 0. 1. ... 0. 1. 0.],[0. 1. 1. ... 1. 0. 0.]
314,logistic_regression,"{'penalty': None, 'solver': 'sag'}",0.5564186394618402,0.09983736299580534,0.13623350770077994,0.19497449106006753,0.5681167538503898,0.09748724553003377,0.5775830595107704,0.16169544740973307,0.5808477237048666,0.5808477237048666,"{0: 0.6124666990331938, 1: 0.6124666990331937}","{0: 0.6124666990331938, 1: 0.6124666990331937}",0.6124666990331937,"[[426 211]
 [323 314]]",[0. 0. 1. ... 0. 1. 0.],[0. 1. 1. ... 1. 0. 0.]
936,logistic_regression,"{'penalty': None, 'solver': 'sag'}",0.5564186394618402,0.09983736299580534,0.13623350770077994,0.19497449106006753,0.5681167538503898,0.09748724553003377,0.5775830595107704,0.16169544740973307,0.5808477237048666,0.5808477237048666,"{0: 0.6124913435969728, 1: 0.6124913435969727}","{0: 0.6124913435969728, 1: 0.6124913435969727}",0.6124913435969727,"[[426 211]
 [323 314]]",[0. 0. 1. ... 0. 1. 0.],[0. 1. 1. ... 1. 0. 0.]
992,logistic_regression,"{'penalty': None, 'solver': 'sag'}",0.5564186394618402,0.09983736299580534,0.13623350770077994,0.19497449106006753,0.5681167538503898,0.09748724553003377,0.5775830595107704,0.16169544740973307,0.5808477237048666,0.5808477237048666,"{0: 0.612461770120438, 1: 0.612461770120438}","{0: 0.612461770120438, 1: 0.612461770120438}",0.612461770120438,"[[426 211]
 [323 314]]",[0. 0. 1. ... 0. 1. 0.],[0. 1. 1. ... 1. 0. 0.]
90,logistic_regression,"{'penalty': None, 'solver': 'sag'}",0.5564186394618402,0.09983736299580534,0.13623350770077994,0.19497449106006753,0.5681167538503898,0.09748724553003377,0.5775830595107704,0.16169544740973307,0.5808477237048666,0.5808477237048666,"{0: 0.6124987369661062, 1: 0.6124987369661063}","{0: 0.6124987369661062, 1: 0.6124987369661063}",0.6124987369661063,"[[426 211]
 [323 314]]",[0. 0. 1. ... 0. 1. 0.],[0. 1. 1. ... 1. 0. 0.]
204,logistic_regression,"{'penalty': None, 'solver': 'sag'}",0.5564186394618402,0.09983736299580534,0.13623350770077994,0.19497449106006753,0.5681167538503898,0.09748724553003377,0.5775830595107704,0.16169544740973307,0.5808477237048666,0.5808477237048666,"{0: 0.6124593056640601, 1: 0.6124593056640601}","{0: 0.6124593056640601, 1: 0.6124593056640601}",0.6124593056640601,"[[426 211]
 [323 314]]",[0. 0. 1. ... 0. 1. 0.],[0. 1. 1. ... 1. 0. 0.]
75,logistic_regression,"{'penalty': None, 'solver': 'sag'}",0.5564186394618402,0.09983736299580534,0.13623350770077994,0.19497449106006753,0.5681167538503898,0.09748724553003377,0.5775830595107704,0.16169544740973307,0.5808477237048666,0.5808477237048666,"{0: 0.6124913435969728, 1: 0.6124913435969727}","{0: 0.6124913435969728, 1: 0.6124913435969727}",0.6124913435969727,"[[426 211]
 [323 314]]",[0. 0. 1. ... 0. 1. 0.],[0. 1. 1. ... 1. 0. 0.]
738,logistic_regression,"{'penalty': None, 'solver': 'sag'}",0.5564186394618402,0.09983736299580534,0.13623350770077994,0.19497449106006753,0.5681167538503898,0.09748724553003377,0.5775830595107704,0.16169544740973307,0.5808477237048666,0.5808477237048666,"{0: 0.6124716279459496, 1: 0.6124716279459496}","{0: 0.6124716279459496, 1: 0.6124716279459496}",0.6124716279459496,"[[426 211]
 [323 314]]",[0. 0. 1. ... 0. 1. 0.],[0. 1. 1. ... 1. 0. 0.]
50,logistic_regression,"{'penalty': None, 'solver': 'sag'}",0.5564186394618402,0.09983736299580534,0.13623350770077994,0.19497449106006753,0.5681167538503898,0.09748724553003377,0.5775830595107704,0.16169544740973307,0.5808477237048666,0.5808477237048666,"{0: 0.612461770120438, 1: 0.6124617701204379}","{0: 0.612461770120438, 1: 0.6124617701204379}",0.6124617701204379,"[[426 211]
 [323 314]]",[0. 0. 1. ... 0. 1. 0.],[0. 1. 1. ... 1. 0. 0.]
823,logistic_regression,"{'penalty': None, 'solver': 'sag'}",0.5564186394618402,0.09983736299580534,0.13623350770077994,0.19497449106006753,0.5681167538503898,0.09748724553003377,0.5775830595107704,0.16169544740973307,0.5808477237048666,0.5808477237048666,"{0: 0.6124790213150832, 1: 0.6124790213150831}","{0: 0.6124790213150832, 1: 0.6124790213150831}",0.6124790213150831,"[[426 211]
 [323 314]]",[0. 0. 1. ... 0. 1. 0.],[0. 1. 1. ... 1. 0. 0.]
369,logistic_regression,"{'penalty': None, 'solver': 'sag'}",0.5564186394618402,0.09983736299580534,0.13623350770077994,0.19497449106006753,0.5681167538503898,0.09748724553003377,0.5775830595107704,0.16169544740973307,0.5808477237048666,0.5808477237048666,"{0: 0.6124420544694149, 1: 0.6124420544694148}","{0: 0.6124420544694149, 1: 0.6124420544694148}",0.6124420544694148,"[[426 211]
 [323 314]]",[0. 0. 1. ... 0. 1. 0.],[0. 1. 1. ... 1. 0. 0.]
556,logistic_regression,"{'penalty': None, 'solver': 'sag'}",0.5564186394618402,0.09983736299580534,0.13623350770077994,0.19497449106006753,0.5681167538503898,0.09748724553003377,0.5775830595107704,0.16169544740973307,0.5808477237048666,0.5808477237048666,"{0: 0.6124223388183918, 1: 0.6124223388183918}","{0: 0.6124223388183918, 1: 0.6124223388183918}",0.6124223388183918,"[[426 211]
 [323 314]]",[0. 0. 1. ... 0. 1. 0.],[0. 1. 1. ... 1. 0. 0.]
460,logistic_regression,"{'penalty': None, 'solver': 'sag'}",0.5564186394618402,0.09983736299580534,0.13623350770077994,0.19497449106006753,0.5681167538503898,0.09748724553003377,0.5775830595107704,0.16169544740973307,0.5808477237048666,0.5808477237048666,"{0: 0.6124765568587053, 1: 0.6124765568587053}","{0: 0.6124765568587053, 1: 0.6124765568587053}",0.6124765568587053,"[[426 211]
 [323 314]]",[0. 0. 1. ... 0. 1. 0.],[0. 1. 1. ... 1. 0. 0.]
633,logistic_regression,"{'penalty': None, 'solver': 'sag'}",0.5564186394618402,0.09983736299580534,0.13623350770077994,0.19497449106006753,0.5681167538503898,0.09748724553003377,0.5775830595107704,0.16169544740973307,0.5808477237048666,0.5808477237048666,"{0: 0.61250613033524, 1: 0.6125061303352402}","{0: 0.61250613033524, 1: 0.6125061303352402}",0.6125061303352402,"[[426 211]
 [323 314]]",[0. 0. 1. ... 0. 1. 0.],[0. 1. 1. ... 1. 0. 0.]
879,logistic_regression,"{'penalty': None, 'solver': 'sag'}",0.5564186394618402,0.09983736299580534,0.13623350770077994,0.19497449106006753,0.5681167538503898,0.09748724553003377,0.5775830595107704,0.16169544740973307,0.5808477237048666,0.5808477237048666,"{0: 0.6124987369661063, 1: 0.6124987369661063}","{0: 0.6124987369661063, 1: 0.6124987369661063}",0.6124987369661063,"[[426 211]
 [323 314]]",[0. 0. 1. ... 0. 1. 0.],[0. 1. 1. ... 1. 0. 0.]
8,logistic_regression,"{'penalty': None, 'solver': 'newton-cg'}",0.5562284045266469,0.09404005927312431,0.1356803000814598,0.18406192657268705,0.5678401500407299,0.09203096328634353,0.5766129908917036,0.16012558869701732,0.5800627943485086,0.5800627943485086,"{0: 0.6099652758096356, 1: 0.6099652758096357}","{0: 0.6099652758096356, 1: 0.6099652758096357}",0.6099652758096357,"[[427 210]
 [325 312]]",[0. 0. 1. ... 0. 1. 0.],[0. 1. 1. ... 1. 0. 0.]
13,logistic_regression,"{'penalty': None, 'solver': 'newton-cg'}",0.5562284045266469,0.09404005927312431,0.1356803000814598,0.18406192657268705,0.5678401500407299,0.09203096328634353,0.5766129908917036,0.16012558869701732,0.5800627943485086,0.5800627943485086,"{0: 0.6099652758096356, 1: 0.6099652758096357}","{0: 0.6099652758096356, 1: 0.6099652758096357}",0.6099652758096357,"[[427 210]
 [325 312]]",[0. 0. 1. ... 0. 1. 0.],[0. 1. 1. ... 1. 0. 0.]
18,logistic_regression,"{'penalty': None, 'solver': 'newton-cg'}",0.5562284045266469,0.09404005927312431,0.1356803000814598,0.18406192657268705,0.5678401500407299,0.09203096328634353,0.5766129908917036,0.16012558869701732,0.5800627943485086,0.5800627943485086,"{0: 0.6099652758096356, 1: 0.6099652758096357}","{0: 0.6099652758096356, 1: 0.6099652758096357}",0.6099652758096357,"[[427 210]
 [325 312]]",[0. 0. 1. ... 0. 1. 0.],[0. 1. 1. ... 1. 0. 0.]
608,logistic_regression,"{'penalty': None, 'solver': 'newton-cg'}",0.5562284045266469,0.09404005927312431,0.1356803000814598,0.18406192657268705,0.5678401500407299,0.09203096328634353,0.5766129908917036,0.16012558869701732,0.5800627943485086,0.5800627943485086,"{0: 0.6099652758096356, 1: 0.6099652758096357}","{0: 0.6099652758096356, 1: 0.6099652758096357}",0.6099652758096357,"[[427 210]
 [325 312]]",[0. 0. 1. ... 0. 1. 0.],[0. 1. 1. ... 1. 0. 0.]
337,logistic_regression,"{'penalty': None, 'solver': 'newton-cg'}",0.5562284045266469,0.09404005927312431,0.1356803000814598,0.18406192657268705,0.5678401500407299,0.09203096328634353,0.5766129908917036,0.16012558869701732,0.5800627943485086,0.5800627943485086,"{0: 0.6099652758096356, 1: 0.6099652758096357}","{0: 0.6099652758096356, 1: 0.6099652758096357}",0.6099652758096357,"[[427 210]
 [325 312]]",[0. 0. 1. ... 0. 1. 0.],[0. 1. 1. ... 1. 0. 0.]
765,logistic_regression,"{'penalty': None, 'solver': 'newton-cg'}",0.5562284045266469,0.09404005927312431,0.1356803000814598,0.18406192657268705,0.5678401500407299,0.09203096328634353,0.5766129908917036,0.16012558869701732,0.5800627943485086,0.5800627943485086,"{0: 0.6099652758096356, 1: 0.6099652758096357}","{0: 0.6099652758096356, 1: 0.6099652758096357}",0.6099652758096357,"[[427 210]
 [325 312]]",[0. 0. 1. ... 0. 1. 0.],[0. 1. 1. ... 1. 0. 0.]
713,logistic_regression,"{'penalty': None, 'solver': 'newton-cg'}",0.5562284045266469,0.09404005927312431,0.1356803000814598,0.18406192657268705,0.5678401500407299,0.09203096328634353,0.5766129908917036,0.16012558869701732,0.5800627943485086,0.5800627943485086,"{0: 0.6099652758096356, 1: 0.6099652758096357}","{0: 0.6099652758096356, 1: 0.6099652758096357}",0.6099652758096357,"[[427 210]
 [325 312]]",[0. 0. 1. ... 0. 1. 0.],[0. 1. 1. ... 1. 0. 0.]
115,logistic_regression,"{'penalty': None, 'solver': 'newton-cg'}",0.5562284045266469,0.09404005927312431,0.1356803000814598,0.18406192657268705,0.5678401500407299,0.09203096328634353,0.5766129908917036,0.16012558869701732,0.5800627943485086,0.5800627943485086,"{0: 0.6099652758096356, 1: 0.6099652758096357}","{0: 0.6099652758096356, 1: 0.6099652758096357}",0.6099652758096357,"[[427 210]
 [325 312]]",[0. 0. 1. ... 0. 1. 0.],[0. 1. 1. ... 1. 0. 0.]
660,logistic_regression,"{'penalty': None, 'solver': 'newton-cg'}",0.5562284045266469,0.09404005927312431,0.1356803000814598,0.18406192657268705,0.5678401500407299,0.09203096328634353,0.5766129908917036,0.16012558869701732,0.5800627943485086,0.5800627943485086,"{0: 0.6099652758096356, 1: 0.6099652758096357}","{0: 0.6099652758096356, 1: 0.6099652758096357}",0.6099652758096357,"[[427 210]
 [325 312]]",[0. 0. 1. ... 0. 1. 0.],[0. 1. 1. ... 1. 0. 0.]
907,logistic_regression,"{'penalty': None, 'solver': 'newton-cg'}",0.5562284045266469,0.09404005927312431,0.1356803000814598,0.18406192657268705,0.5678401500407299,0.09203096328634353,0.5766129908917036,0.16012558869701732,0.5800627943485086,0.5800627943485086,"{0: 0.6099652758096356, 1: 0.6099652758096357}","{0: 0.6099652758096356, 1: 0.6099652758096357}",0.6099652758096357,"[[427 210]
 [325 312]]",[0. 0. 1. ... 0. 1. 0.],[0. 1. 1. ... 1. 0. 0.]
852,logistic_regression,"{'penalty': None, 'solver': 'newton-cg'}",0.5562284045266469,0.09404005927312431,0.1356803000814598,0.18406192657268705,0.5678401500407299,0.09203096328634353,0.5766129908917036,0.16012558869701732,0.5800627943485086,0.5800627943485086,"{0: 0.6099652758096356, 1: 0.6099652758096357}","{0: 0.6099652758096356, 1: 0.6099652758096357}",0.6099652758096357,"[[427 210]
 [325 312]]",[0. 0. 1. ... 0. 1. 0.],[0. 1. 1. ... 1. 0. 0.]
184,logistic_regression,"{'penalty': None, 'solver': 'newton-cg'}",0.5562284045266469,0.09404005927312431,0.1356803000814598,0.18406192657268705,0.5678401500407299,0.09203096328634353,0.5766129908917036,0.16012558869701732,0.5800627943485086,0.5800627943485086,"{0: 0.6099652758096356, 1: 0.6099652758096357}","{0: 0.6099652758096356, 1: 0.6099652758096357}",0.6099652758096357,"[[427 210]
 [325 312]]",[0. 0. 1. ... 0. 1. 0.],[0. 1. 1. ... 1. 0. 0.]
483,logistic_regression,"{'penalty': None, 'solver': 'newton-cg'}",0.5562284045266469,0.09404005927312431,0.1356803000814598,0.18406192657268705,0.5678401500407299,0.09203096328634353,0.5766129908917036,0.16012558869701732,0.5800627943485086,0.5800627943485086,"{0: 0.6099652758096356, 1: 0.6099652758096357}","{0: 0.6099652758096356, 1: 0.6099652758096357}",0.6099652758096357,"[[427 210]
 [325 312]]",[0. 0. 1. ... 0. 1. 0.],[0. 1. 1. ... 1. 0. 0.]
964,logistic_regression,"{'penalty': None, 'solver': 'newton-cg'}",0.5562284045266469,0.09404005927312431,0.1356803000814598,0.18406192657268705,0.5678401500407299,0.09203096328634353,0.5766129908917036,0.16012558869701732,0.5800627943485086,0.5800627943485086,"{0: 0.6099652758096356, 1: 0.6099652758096357}","{0: 0.6099652758096356, 1: 0.6099652758096357}",0.6099652758096357,"[[427 210]
 [325 312]]",[0. 0. 1. ... 0. 1. 0.],[0. 1. 1. ... 1. 0. 0.]
216,logistic_regression,"{'penalty': None, 'solver': 'newton-cg'}",0.5562284045266469,0.09404005927312431,0.1356803000814598,0.18406192657268705,0.5678401500407299,0.09203096328634353,0.5766129908917036,0.16012558869701732,0.5800627943485086,0.5800627943485086,"{0: 0.6099652758096356, 1: 0.6099652758096357}","{0: 0.6099652758096356, 1: 0.6099652758096357}",0.6099652758096357,"[[427 210]
 [325 312]]",[0. 0. 1. ... 0. 1. 0.],[0. 1. 1. ... 1. 0. 0.]
435,logistic_regression,"{'penalty': None, 'solver': 'newton-cg'}",0.5562284045266469,0.09404005927312431,0.1356803000814598,0.18406192657268705,0.5678401500407299,0.09203096328634353,0.5766129908917036,0.16012558869701732,0.5800627943485086,0.5800627943485086,"{0: 0.6099652758096356, 1: 0.6099652758096357}","{0: 0.6099652758096356, 1: 0.6099652758096357}",0.6099652758096357,"[[427 210]
 [325 312]]",[0. 0. 1. ... 0. 1. 0.],[0. 1. 1. ... 1. 0. 0.]
530,logistic_regression,"{'penalty': None, 'solver': 'newton-cg'}",0.5562284045266469,0.09404005927312431,0.1356803000814598,0.18406192657268705,0.5678401500407299,0.09203096328634353,0.5766129908917036,0.16012558869701732,0.5800627943485086,0.5800627943485086,"{0: 0.6099652758096356, 1: 0.6099652758096357}","{0: 0.6099652758096356, 1: 0.6099652758096357}",0.6099652758096357,"[[427 210]
 [325 312]]",[0. 0. 1. ... 0. 1. 0.],[0. 1. 1. ... 1. 0. 0.]
865,logistic_regression,"{'penalty': 'l2', 'solver': 'saga'}",0.5558447012420844,0.10189981023123541,0.1352528965245166,0.1981239958542339,0.5676264482622583,0.09906199792711695,0.5768506073238947,0.16012558869701732,0.5800627943485086,0.5800627943485086,"{0: 0.6133736189802572, 1: 0.6133736189802572}","{0: 0.6133736189802572, 1: 0.6133736189802572}",0.6133736189802572,"[[425 212]
 [323 314]]",[1. 0. 1. ... 0. 1. 0.],[0. 1. 1. ... 1. 0. 0.]
325,logistic_regression,"{'penalty': 'l2', 'solver': 'saga'}",0.5558447012420844,0.10189981023123541,0.1352528965245166,0.1981239958542339,0.5676264482622583,0.09906199792711695,0.5768506073238947,0.16012558869701732,0.5800627943485086,0.5800627943485086,"{0: 0.6133736189802572, 1: 0.6133736189802572}","{0: 0.6133736189802572, 1: 0.6133736189802572}",0.6133736189802572,"[[425 212]
 [323 314]]",[1. 0. 1. ... 0. 1. 0.],[0. 1. 1. ... 1. 0. 0.]
978,logistic_regression,"{'penalty': 'l2', 'solver': 'saga'}",0.5558447012420844,0.10189981023123541,0.1352528965245166,0.1981239958542339,0.5676264482622583,0.09906199792711695,0.5768506073238947,0.16012558869701732,0.5800627943485086,0.5800627943485086,"{0: 0.6133637611547457, 1: 0.6133637611547457}","{0: 0.6133637611547457, 1: 0.6133637611547457}",0.6133637611547457,"[[425 212]
 [323 314]]",[1. 0. 1. ... 0. 1. 0.],[0. 1. 1. ... 1. 0. 0.]
494,logistic_regression,"{'penalty': 'l2', 'solver': 'saga'}",0.5558447012420844,0.10189981023123541,0.1352528965245166,0.1981239958542339,0.5676264482622583,0.09906199792711695,0.5768506073238947,0.16012558869701732,0.5800627943485086,0.5800627943485086,"{0: 0.6133760834366351, 1: 0.6133760834366352}","{0: 0.6133760834366351, 1: 0.6133760834366352}",0.6133760834366352,"[[425 212]
 [323 314]]",[1. 0. 1. ... 0. 1. 0.],[0. 1. 1. ... 1. 0. 0.]
672,logistic_regression,"{'penalty': 'l2', 'solver': 'saga'}",0.5558447012420844,0.10189981023123541,0.1352528965245166,0.1981239958542339,0.5676264482622583,0.09906199792711695,0.5768506073238947,0.16012558869701732,0.5800627943485086,0.5800627943485086,"{0: 0.6133711545238794, 1: 0.6133711545238794}","{0: 0.6133711545238794, 1: 0.6133711545238794}",0.6133711545238794,"[[425 212]
 [323 314]]",[1. 0. 1. ... 0. 1. 0.],[0. 1. 1. ... 1. 0. 0.]
446,logistic_regression,"{'penalty': 'l2', 'solver': 'saga'}",0.5558447012420844,0.10189981023123541,0.1352528965245166,0.1981239958542339,0.5676264482622583,0.09906199792711695,0.5768506073238947,0.16012558869701732,0.5800627943485086,0.5800627943485086,"{0: 0.6133686900675015, 1: 0.6133686900675014}","{0: 0.6133686900675015, 1: 0.6133686900675014}",0.6133686900675014,"[[425 212]
 [323 314]]",[1. 0. 1. ... 0. 1. 0.],[0. 1. 1. ... 1. 0. 0.]
19,logistic_regression,"{'penalty': 'l2', 'solver': 'sag'}",0.5558447012420844,0.10189981023123541,0.1352528965245166,0.1981239958542339,0.5676264482622583,0.09906199792711695,0.5768506073238947,0.16012558869701732,0.5800627943485086,0.5800627943485086,"{0: 0.613334187678211, 1: 0.613334187678211}","{0: 0.613334187678211, 1: 0.613334187678211}",0.613334187678211,"[[425 212]
 [323 314]]",[1. 0. 1. ... 0. 1. 0.],[0. 1. 1. ... 1. 0. 0.]
922,logistic_regression,"{'penalty': 'l2', 'solver': 'saga'}",0.5558447012420844,0.10189981023123541,0.1352528965245166,0.1981239958542339,0.5676264482622583,0.09906199792711695,0.5768506073238947,0.16012558869701732,0.5800627943485086,0.5800627943485086,"{0: 0.6133760834366351, 1: 0.6133760834366351}","{0: 0.6133760834366351, 1: 0.6133760834366351}",0.6133760834366351,"[[425 212]
 [323 314]]",[1. 0. 1. ... 0. 1. 0.],[0. 1. 1. ... 1. 0. 0.]
4,logistic_regression,"{'penalty': 'l2', 'solver': 'saga'}",0.5558447012420844,0.10189981023123541,0.1352528965245166,0.1981239958542339,0.5676264482622583,0.09906199792711695,0.5768506073238947,0.16012558869701732,0.5800627943485086,0.5800627943485086,"{0: 0.6133736189802572, 1: 0.6133736189802572}","{0: 0.6133736189802572, 1: 0.6133736189802572}",0.6133736189802572,"[[425 212]
 [323 314]]",[1. 0. 1. ... 0. 1. 0.],[0. 1. 1. ... 1. 0. 0.]
282,logistic_regression,"{'penalty': 'l2', 'solver': 'saga'}",0.5558447012420844,0.10189981023123541,0.1352528965245166,0.1981239958542339,0.5676264482622583,0.09906199792711695,0.5768506073238947,0.16012558869701732,0.5800627943485086,0.5800627943485086,"{0: 0.613378547893013, 1: 0.6133785478930129}","{0: 0.613378547893013, 1: 0.6133785478930129}",0.6133785478930129,"[[425 212]
 [323 314]]",[1. 0. 1. ... 0. 1. 0.],[0. 1. 1. ... 1. 0. 0.]
725,logistic_regression,"{'penalty': 'l2', 'solver': 'saga'}",0.5558447012420844,0.10189981023123541,0.1352528965245166,0.1981239958542339,0.5676264482622583,0.09906199792711695,0.5768506073238947,0.16012558869701732,0.5800627943485086,0.5800627943485086,"{0: 0.6133686900675015, 1: 0.6133686900675015}","{0: 0.6133686900675015, 1: 0.6133686900675015}",0.6133686900675015,"[[425 212]
 [323 314]]",[1. 0. 1. ... 0. 1. 0.],[0. 1. 1. ... 1. 0. 0.]
173,logistic_regression,"{'penalty': 'l2', 'solver': 'saga'}",0.5558447012420844,0.10189981023123541,0.1352528965245166,0.1981239958542339,0.5676264482622583,0.09906199792711695,0.5768506073238947,0.16012558869701732,0.5800627943485086,0.5800627943485086,"{0: 0.6133686900675015, 1: 0.6133686900675015}","{0: 0.6133686900675015, 1: 0.6133686900675015}",0.6133686900675015,"[[425 212]
 [323 314]]",[1. 0. 1. ... 0. 1. 0.],[0. 1. 1. ... 1. 0. 0.]
620,logistic_regression,"{'penalty': 'l2', 'solver': 'saga'}",0.5558447012420844,0.10189981023123541,0.1352528965245166,0.1981239958542339,0.5676264482622583,0.09906199792711695,0.5768506073238947,0.16012558869701732,0.5800627943485086,0.5800627943485086,"{0: 0.613356367785612, 1: 0.613356367785612}","{0: 0.613356367785612, 1: 0.613356367785612}",0.613356367785612,"[[425 212]
 [323 314]]",[1. 0. 1. ... 0. 1. 0.],[0. 1. 1. ... 1. 0. 0.]
381,logistic_regression,"{'penalty': 'l2', 'solver': 'saga'}",0.5558447012420844,0.10189981023123541,0.1352528965245166,0.1981239958542339,0.5676264482622583,0.09906199792711695,0.5768506073238947,0.16012558869701732,0.5800627943485086,0.5800627943485086,"{0: 0.6133686900675015, 1: 0.6133686900675015}","{0: 0.6133686900675015, 1: 0.6133686900675015}",0.6133686900675015,"[[425 212]
 [323 314]]",[1. 0. 1. ... 0. 1. 0.],[0. 1. 1. ... 1. 0. 0.]
545,logistic_regression,"{'penalty': 'l2', 'solver': 'saga'}",0.5558447012420844,0.10189981023123541,0.1352528965245166,0.1981239958542339,0.5676264482622583,0.09906199792711695,0.5768506073238947,0.16012558869701732,0.5800627943485086,0.5800627943485086,"{0: 0.6133760834366351, 1: 0.6133760834366352}","{0: 0.6133760834366351, 1: 0.6133760834366352}",0.6133760834366352,"[[425 212]
 [323 314]]",[1. 0. 1. ... 0. 1. 0.],[0. 1. 1. ... 1. 0. 0.]
63,logistic_regression,"{'penalty': 'l2', 'solver': 'saga'}",0.5558447012420844,0.10189981023123541,0.1352528965245166,0.1981239958542339,0.5676264482622583,0.09906199792711695,0.5768506073238947,0.16012558869701732,0.5800627943485086,0.5800627943485086,"{0: 0.6133760834366352, 1: 0.6133760834366352}","{0: 0.6133760834366352, 1: 0.6133760834366352}",0.6133760834366352,"[[425 212]
 [323 314]]",[1. 0. 1. ... 0. 1. 0.],[0. 1. 1. ... 1. 0. 0.]
106,logistic_regression,"{'penalty': 'l2', 'solver': 'saga'}",0.5558447012420844,0.10189981023123541,0.1352528965245166,0.1981239958542339,0.5676264482622583,0.09906199792711695,0.5768506073238947,0.16012558869701732,0.5800627943485086,0.5800627943485086,"{0: 0.6133637611547457, 1: 0.6133637611547457}","{0: 0.6133637611547457, 1: 0.6133637611547457}",0.6133637611547457,"[[425 212]
 [323 314]]",[1. 0. 1. ... 0. 1. 0.],[0. 1. 1. ... 1. 0. 0.]
777,logistic_regression,"{'penalty': 'l2', 'solver': 'saga'}",0.5558447012420844,0.10189981023123541,0.1352528965245166,0.1981239958542339,0.5676264482622583,0.09906199792711695,0.5768506073238947,0.16012558869701732,0.5800627943485086,0.5800627943485086,"{0: 0.6133686900675015, 1: 0.6133686900675015}","{0: 0.6133686900675015, 1: 0.6133686900675015}",0.6133686900675015,"[[425 212]
 [323 314]]",[1. 0. 1. ... 0. 1. 0.],[0. 1. 1. ... 1. 0. 0.]
225,logistic_regression,"{'penalty': 'l2', 'solver': 'sag'}",0.5558447012420844,0.10189981023123541,0.1352528965245166,0.1981239958542339,0.5676264482622583,0.09906199792711695,0.5768506073238947,0.16012558869701732,0.5800627943485086,0.5800627943485086,"{0: 0.6133366521345889, 1: 0.6133366521345889}","{0: 0.6133366521345889, 1: 0.6133366521345889}",0.6133366521345889,"[[425 212]
 [323 314]]",[1. 0. 1. ... 0. 1. 0.],[0. 1. 1. ... 1. 0. 0.]
531,AdaBoost,"{'algorithm': 'SAMME.R', 'learning_rate': 1.6510204081632653, 'n_estimators': 52}",0.5582934884489619,0.0887565017548677,0.13494024248053704,0.15131241736039402,0.5674701212402685,0.07565620868019701,0.5843828917304686,0.1695447409733124,0.5847723704866562,0.5847723704866562,"{0: 0.6054775007454981, 1: 0.6054775007454981}","{0: 0.6054775007454981, 1: 0.6054775007454981}",0.6054775007454981,"[[353 284]
 [245 392]]",[1. 0. 1. ... 0. 1. 0.],[0. 1. 1. ... 1. 0. 0.]
386,randomforest,"{'criterion': 'entropy', 'max_features': 'sqrt', 'n_estimators': 167}",0.5631644539702708,0.08611445322041816,0.13402524237137078,0.174414143002548,0.5670126211856854,0.087207071501274,0.580056326018098,0.16012558869701732,0.5800627943485086,0.5800627943485086,"{0: 0.6220140030411391, 1: 0.6220140030411392}","{0: 0.6220140030411391, 1: 0.6220140030411392}",0.6220140030411392,"[[372 265]
 [270 367]]",[1. 0. 1. ... 0. 1. 0.],[0. 1. 1. ... 1. 0. 0.]
15,logistic_regression,"{'penalty': None, 'solver': 'saga'}",0.5551503128591686,0.10061243340191349,0.13399419146146369,0.19573174123619402,0.5669970957307319,0.09786587061809701,0.5768506073238947,0.16012558869701732,0.5800627943485086,0.5800627943485086,"{0: 0.6130138083490853, 1: 0.6130138083490853}","{0: 0.6130138083490853, 1: 0.6130138083490853}",0.6130138083490853,"[[425 212]
 [323 314]]",[1. 0. 1. ... 0. 1. 0.],[0. 1. 1. ... 1. 0. 0.]
245,logistic_regression,"{'penalty': None, 'solver': 'saga'}",0.5551503128591686,0.10061243340191349,0.13399419146146369,0.19573174123619402,0.5669970957307319,0.09786587061809701,0.5768506073238947,0.16012558869701732,0.5800627943485086,0.5800627943485086,"{0: 0.6130064149799517, 1: 0.6130064149799517}","{0: 0.6130064149799517, 1: 0.6130064149799517}",0.6130064149799517,"[[425 212]
 [323 314]]",[1. 0. 1. ... 0. 1. 0.],[0. 1. 1. ... 1. 0. 0.]
163,logistic_regression,"{'penalty': None, 'solver': 'saga'}",0.5551503128591686,0.10061243340191349,0.13399419146146369,0.19573174123619402,0.5669970957307319,0.09786587061809701,0.5768506073238947,0.16012558869701732,0.5800627943485086,0.5800627943485086,"{0: 0.6130162728054632, 1: 0.6130162728054631}","{0: 0.6130162728054632, 1: 0.6130162728054631}",0.6130162728054631,"[[425 212]
 [323 314]]",[1. 0. 1. ... 0. 1. 0.],[0. 1. 1. ... 1. 0. 0.]
6,logistic_regression,"{'penalty': 'l2', 'solver': 'lbfgs'}",0.5552478244346812,0.10195616572117756,0.1337714150430351,0.19788341291884548,0.5668857075215176,0.09894170645942274,0.5761178316747114,0.15855572998430145,0.5792778649921507,0.5792778649921507,"{0: 0.6133021497452985, 1: 0.6133021497452984}","{0: 0.6133021497452985, 1: 0.6133021497452984}",0.6133021497452984,"[[424 213]
 [323 314]]",[1. 0. 1. ... 0. 1. 0.],[0. 1. 1. ... 1. 0. 0.]
358,logistic_regression,"{'penalty': 'l2', 'solver': 'newton-cg'}",0.5552478244346812,0.10195616572117756,0.1337714150430351,0.19788341291884548,0.5668857075215176,0.09894170645942274,0.5761178316747114,0.15855572998430145,0.5792778649921507,0.5792778649921507,"{0: 0.6132922919197868, 1: 0.613292291919787}","{0: 0.6132922919197868, 1: 0.613292291919787}",0.613292291919787,"[[424 213]
 [323 314]]",[1. 0. 1. ... 0. 1. 0.],[0. 1. 1. ... 1. 0. 0.]
518,logistic_regression,"{'penalty': 'l2', 'solver': 'lbfgs'}",0.5552478244346812,0.10195616572117756,0.1337714150430351,0.19788341291884548,0.5668857075215176,0.09894170645942274,0.5761178316747114,0.15855572998430145,0.5792778649921507,0.5792778649921507,"{0: 0.6133021497452985, 1: 0.6133021497452984}","{0: 0.6133021497452985, 1: 0.6133021497452984}",0.6133021497452984,"[[424 213]
 [323 314]]",[1. 0. 1. ... 0. 1. 0.],[0. 1. 1. ... 1. 0. 0.]
82,logistic_regression,"{'penalty': 'l2', 'solver': 'lbfgs'}",0.5552478244346812,0.10195616572117756,0.1337714150430351,0.19788341291884548,0.5668857075215176,0.09894170645942274,0.5761178316747114,0.15855572998430145,0.5792778649921507,0.5792778649921507,"{0: 0.6133021497452985, 1: 0.6133021497452984}","{0: 0.6133021497452985, 1: 0.6133021497452984}",0.6133021497452984,"[[424 213]
 [323 314]]",[1. 0. 1. ... 0. 1. 0.],[0. 1. 1. ... 1. 0. 0.]
646,logistic_regression,"{'penalty': 'l2', 'solver': 'lbfgs'}",0.5552478244346812,0.10195616572117756,0.1337714150430351,0.19788341291884548,0.5668857075215176,0.09894170645942274,0.5761178316747114,0.15855572998430145,0.5792778649921507,0.5792778649921507,"{0: 0.6133021497452985, 1: 0.6133021497452984}","{0: 0.6133021497452985, 1: 0.6133021497452984}",0.6133021497452984,"[[424 213]
 [323 314]]",[1. 0. 1. ... 0. 1. 0.],[0. 1. 1. ... 1. 0. 0.]
235,logistic_regression,"{'penalty': 'l2', 'solver': 'lbfgs'}",0.5552478244346812,0.10195616572117756,0.1337714150430351,0.19788341291884548,0.5668857075215176,0.09894170645942274,0.5761178316747114,0.15855572998430145,0.5792778649921507,0.5792778649921507,"{0: 0.6133021497452985, 1: 0.6133021497452984}","{0: 0.6133021497452985, 1: 0.6133021497452984}",0.6133021497452984,"[[424 213]
 [323 314]]",[1. 0. 1. ... 0. 1. 0.],[0. 1. 1. ... 1. 0. 0.]
470,logistic_regression,"{'penalty': 'l2', 'solver': 'lbfgs'}",0.5552478244346812,0.10195616572117756,0.1337714150430351,0.19788341291884548,0.5668857075215176,0.09894170645942274,0.5761178316747114,0.15855572998430145,0.5792778649921507,0.5792778649921507,"{0: 0.6133021497452985, 1: 0.6133021497452984}","{0: 0.6133021497452985, 1: 0.6133021497452984}",0.6133021497452984,"[[424 213]
 [323 314]]",[1. 0. 1. ... 0. 1. 0.],[0. 1. 1. ... 1. 0. 0.]
194,logistic_regression,"{'penalty': 'l2', 'solver': 'lbfgs'}",0.5552478244346812,0.10195616572117756,0.1337714150430351,0.19788341291884548,0.5668857075215176,0.09894170645942274,0.5761178316747114,0.15855572998430145,0.5792778649921507,0.5792778649921507,"{0: 0.6133021497452985, 1: 0.6133021497452984}","{0: 0.6133021497452985, 1: 0.6133021497452984}",0.6133021497452984,"[[424 213]
 [323 314]]",[1. 0. 1. ... 0. 1. 0.],[0. 1. 1. ... 1. 0. 0.]
950,logistic_regression,"{'penalty': 'l2', 'solver': 'lbfgs'}",0.5552478244346812,0.10195616572117756,0.1337714150430351,0.19788341291884548,0.5668857075215176,0.09894170645942274,0.5761178316747114,0.15855572998430145,0.5792778649921507,0.5792778649921507,"{0: 0.6133021497452985, 1: 0.6133021497452984}","{0: 0.6133021497452985, 1: 0.6133021497452984}",0.6133021497452984,"[[424 213]
 [323 314]]",[1. 0. 1. ... 0. 1. 0.],[0. 1. 1. ... 1. 0. 0.]
699,logistic_regression,"{'penalty': 'l2', 'solver': 'lbfgs'}",0.5552478244346812,0.10195616572117756,0.1337714150430351,0.19788341291884548,0.5668857075215176,0.09894170645942274,0.5761178316747114,0.15855572998430145,0.5792778649921507,0.5792778649921507,"{0: 0.6133021497452985, 1: 0.6133021497452984}","{0: 0.6133021497452985, 1: 0.6133021497452984}",0.6133021497452984,"[[424 213]
 [323 314]]",[1. 0. 1. ... 0. 1. 0.],[0. 1. 1. ... 1. 0. 0.]
1,logistic_regression,"{'penalty': 'l2', 'solver': 'lbfgs'}",0.5552478244346812,0.10195616572117756,0.1337714150430351,0.19788341291884548,0.5668857075215176,0.09894170645942274,0.5761178316747114,0.15855572998430145,0.5792778649921507,0.5792778649921507,"{0: 0.6133021497452985, 1: 0.6133021497452984}","{0: 0.6133021497452985, 1: 0.6133021497452984}",0.6133021497452984,"[[424 213]
 [323 314]]",[1. 0. 1. ... 0. 1. 0.],[0. 1. 1. ... 1. 0. 0.]
255,logistic_regression,"{'penalty': 'l2', 'solver': 'lbfgs'}",0.5552478244346812,0.10195616572117756,0.1337714150430351,0.19788341291884548,0.5668857075215176,0.09894170645942274,0.5761178316747114,0.15855572998430145,0.5792778649921507,0.5792778649921507,"{0: 0.6133021497452985, 1: 0.6133021497452984}","{0: 0.6133021497452985, 1: 0.6133021497452984}",0.6133021497452984,"[[424 213]
 [323 314]]",[1. 0. 1. ... 0. 1. 0.],[0. 1. 1. ... 1. 0. 0.]
893,logistic_regression,"{'penalty': 'l2', 'solver': 'lbfgs'}",0.5552478244346812,0.10195616572117756,0.1337714150430351,0.19788341291884548,0.5668857075215176,0.09894170645942274,0.5761178316747114,0.15855572998430145,0.5792778649921507,0.5792778649921507,"{0: 0.6133021497452985, 1: 0.6133021497452984}","{0: 0.6133021497452985, 1: 0.6133021497452984}",0.6133021497452984,"[[424 213]
 [323 314]]",[1. 0. 1. ... 0. 1. 0.],[0. 1. 1. ... 1. 0. 0.]
837,logistic_regression,"{'penalty': 'l2', 'solver': 'lbfgs'}",0.5552478244346812,0.10195616572117756,0.1337714150430351,0.19788341291884548,0.5668857075215176,0.09894170645942274,0.5761178316747114,0.15855572998430145,0.5792778649921507,0.5792778649921507,"{0: 0.6133021497452985, 1: 0.6133021497452984}","{0: 0.6133021497452985, 1: 0.6133021497452984}",0.6133021497452984,"[[424 213]
 [323 314]]",[1. 0. 1. ... 0. 1. 0.],[0. 1. 1. ... 1. 0. 0.]
570,logistic_regression,"{'penalty': 'l2', 'solver': 'lbfgs'}",0.5552478244346812,0.10195616572117756,0.1337714150430351,0.19788341291884548,0.5668857075215176,0.09894170645942274,0.5761178316747114,0.15855572998430145,0.5792778649921507,0.5792778649921507,"{0: 0.6133021497452985, 1: 0.6133021497452984}","{0: 0.6133021497452985, 1: 0.6133021497452984}",0.6133021497452984,"[[424 213]
 [323 314]]",[1. 0. 1. ... 0. 1. 0.],[0. 1. 1. ... 1. 0. 0.]
302,logistic_regression,"{'penalty': 'l2', 'solver': 'newton-cg'}",0.5552478244346812,0.10195616572117756,0.1337714150430351,0.19788341291884548,0.5668857075215176,0.09894170645942274,0.5761178316747114,0.15855572998430145,0.5792778649921507,0.5792778649921507,"{0: 0.6132922919197868, 1: 0.613292291919787}","{0: 0.6132922919197868, 1: 0.613292291919787}",0.613292291919787,"[[424 213]
 [323 314]]",[1. 0. 1. ... 0. 1. 0.],[0. 1. 1. ... 1. 0. 0.]
143,logistic_regression,"{'penalty': 'l2', 'solver': 'newton-cg'}",0.5552478244346812,0.10195616572117756,0.1337714150430351,0.19788341291884548,0.5668857075215176,0.09894170645942274,0.5761178316747114,0.15855572998430145,0.5792778649921507,0.5792778649921507,"{0: 0.6132922919197868, 1: 0.613292291919787}","{0: 0.6132922919197868, 1: 0.613292291919787}",0.613292291919787,"[[424 213]
 [323 314]]",[1. 0. 1. ... 0. 1. 0.],[0. 1. 1. ... 1. 0. 0.]
751,logistic_regression,"{'penalty': 'l2', 'solver': 'lbfgs'}",0.5552478244346812,0.10195616572117756,0.1337714150430351,0.19788341291884548,0.5668857075215176,0.09894170645942274,0.5761178316747114,0.15855572998430145,0.5792778649921507,0.5792778649921507,"{0: 0.6133021497452985, 1: 0.6133021497452984}","{0: 0.6133021497452985, 1: 0.6133021497452984}",0.6133021497452984,"[[424 213]
 [323 314]]",[1. 0. 1. ... 0. 1. 0.],[0. 1. 1. ... 1. 0. 0.]
125,logistic_regression,"{'penalty': 'l2', 'solver': 'lbfgs'}",0.5552478244346812,0.10195616572117756,0.1337714150430351,0.19788341291884548,0.5668857075215176,0.09894170645942274,0.5761178316747114,0.15855572998430145,0.5792778649921507,0.5792778649921507,"{0: 0.6133021497452985, 1: 0.6133021497452984}","{0: 0.6133021497452985, 1: 0.6133021497452984}",0.6133021497452984,"[[424 213]
 [323 314]]",[1. 0. 1. ... 0. 1. 0.],[0. 1. 1. ... 1. 0. 0.]
98,logistic_regression,"{'penalty': 'l2', 'solver': 'lbfgs'}",0.5552478244346812,0.10195616572117756,0.1337714150430351,0.19788341291884548,0.5668857075215176,0.09894170645942274,0.5761178316747114,0.15855572998430145,0.5792778649921507,0.5792778649921507,"{0: 0.6133021497452985, 1: 0.6133021497452984}","{0: 0.6133021497452985, 1: 0.6133021497452984}",0.6133021497452984,"[[424 213]
 [323 314]]",[1. 0. 1. ... 0. 1. 0.],[0. 1. 1. ... 1. 0. 0.]
422,logistic_regression,"{'penalty': 'l2', 'solver': 'lbfgs'}",0.5552478244346812,0.10195616572117756,0.1337714150430351,0.19788341291884548,0.5668857075215176,0.09894170645942274,0.5761178316747114,0.15855572998430145,0.5792778649921507,0.5792778649921507,"{0: 0.6133021497452985, 1: 0.6133021497452984}","{0: 0.6133021497452985, 1: 0.6133021497452984}",0.6133021497452984,"[[424 213]
 [323 314]]",[1. 0. 1. ... 0. 1. 0.],[0. 1. 1. ... 1. 0. 0.]
439,knn,{'n_neighbors': 49},0.5590706584190002,0.1050764923094142,0.1314180594436349,0.20779807819000795,0.5657090297218175,0.10389903909500396,0.5840771656464478,0.17111459968602827,0.5855572998430141,0.5855572998430141,"{0: 0.6275048118510779, 1: 0.6275048118510778}","{0: 0.6275048118510779, 1: 0.6275048118510778}",0.6275048118510778,"[[411 226]
 [302 335]]",[1. 0. 1. ... 0. 1. 0.],[0. 1. 1. ... 1. 0. 0.]
717,knn,{'n_neighbors': 49},0.5590706584190002,0.1050764923094142,0.1314180594436349,0.20779807819000795,0.5657090297218175,0.10389903909500396,0.5840771656464478,0.17111459968602827,0.5855572998430141,0.5855572998430141,"{0: 0.6275048118510779, 1: 0.6275048118510778}","{0: 0.6275048118510779, 1: 0.6275048118510778}",0.6275048118510778,"[[411 226]
 [302 335]]",[1. 0. 1. ... 0. 1. 0.],[0. 1. 1. ... 1. 0. 0.]
93,knn,{'n_neighbors': 49},0.5590706584190002,0.1050764923094142,0.1314180594436349,0.20779807819000795,0.5657090297218175,0.10389903909500396,0.5840771656464478,0.17111459968602827,0.5855572998430141,0.5855572998430141,"{0: 0.6275048118510779, 1: 0.6275048118510778}","{0: 0.6275048118510779, 1: 0.6275048118510778}",0.6275048118510778,"[[411 226]
 [302 335]]",[1. 0. 1. ... 0. 1. 0.],[0. 1. 1. ... 1. 0. 0.]
348,logistic_regression,"{'penalty': None, 'solver': 'lbfgs'}",0.5537442755148586,0.09726832891914212,0.13096536795476296,0.19095018965592067,0.5654826839773814,0.09547509482796035,0.5741777562406034,0.15541601255886972,0.5777080062794349,0.5777080062794349,"{0: 0.6097360813664918, 1: 0.6097360813664918}","{0: 0.6097360813664918, 1: 0.6097360813664918}",0.6097360813664918,"[[426 211]
 [327 310]]",[0. 0. 1. ... 0. 1. 0.],[0. 1. 1. ... 1. 0. 0.]
291,logistic_regression,"{'penalty': None, 'solver': 'lbfgs'}",0.5537442755148586,0.09726832891914212,0.13096536795476296,0.19095018965592067,0.5654826839773814,0.09547509482796035,0.5741777562406034,0.15541601255886972,0.5777080062794349,0.5777080062794349,"{0: 0.6097360813664918, 1: 0.6097360813664918}","{0: 0.6097360813664918, 1: 0.6097360813664918}",0.6097360813664918,"[[426 211]
 [327 310]]",[0. 0. 1. ... 0. 1. 0.],[0. 1. 1. ... 1. 0. 0.]
534,SVC,"{'C': 1000, 'gamma': 0.0001, 'kernel': 'rbf'}",0.5487213948396341,0.11759675377031674,0.13082555819274225,0.2252108481626543,0.5654127790963711,0.11260542408132715,0.5817338774850493,0.18367346938775508,0.5918367346938775,0.5918367346938775,"{0: 0.6050955100069251, 1: 0.6050955100069251}","{0: 0.6050955100069251, 1: 0.6050955100069251}",0.6050955100069251,"[[476 161]
 [359 278]]",[1. 0. 1. ... 0. 1. 0.],[0. 1. 1. ... 1. 0. 0.]
102,knn,{'n_neighbors': 37},0.5590759210073337,0.09804565141237927,0.1305295997551752,0.19335422818930018,0.5652647998775876,0.09667711409465009,0.5832932190879626,0.16797488226059654,0.5839874411302983,0.5839874411302983,"{0: 0.6290561871409596, 1: 0.6290561871409593}","{0: 0.6290561871409596, 1: 0.6290561871409593}",0.6290561871409593,"[[398 239]
 [291 346]]",[1. 0. 1. ... 0. 1. 0.],[0. 1. 1. ... 1. 0. 0.]
427,knn,{'n_neighbors': 37},0.5590759210073337,0.09804565141237927,0.1305295997551752,0.19335422818930018,0.5652647998775876,0.09667711409465009,0.5832932190879626,0.16797488226059654,0.5839874411302983,0.5839874411302983,"{0: 0.6290561871409596, 1: 0.6290561871409593}","{0: 0.6290561871409596, 1: 0.6290561871409593}",0.6290561871409593,"[[398 239]
 [291 346]]",[1. 0. 1. ... 0. 1. 0.],[0. 1. 1. ... 1. 0. 0.]
757,knn,{'n_neighbors': 37},0.5590759210073337,0.09804565141237927,0.1305295997551752,0.19335422818930018,0.5652647998775876,0.09667711409465009,0.5832932190879626,0.16797488226059654,0.5839874411302983,0.5839874411302983,"{0: 0.6290561871409596, 1: 0.6290561871409593}","{0: 0.6290561871409596, 1: 0.6290561871409593}",0.6290561871409593,"[[398 239]
 [291 346]]",[1. 0. 1. ... 0. 1. 0.],[0. 1. 1. ... 1. 0. 0.]
730,knn,{'n_neighbors': 47},0.557778487284519,0.09713124754168762,0.12893844827519313,0.19272875940614093,0.5644692241375965,0.09636437970307046,0.5819763148707142,0.16640502354788067,0.5832025117739403,0.5832025117739403,"{0: 0.6286261395030177, 1: 0.6286261395030177}","{0: 0.6286261395030177, 1: 0.6286261395030177}",0.6286261395030177,"[[406 231]
 [300 337]]",[1. 0. 1. ... 0. 1. 0.],[0. 1. 1. ... 1. 0. 0.]
79,knn,{'n_neighbors': 47},0.557778487284519,0.09713124754168762,0.12893844827519313,0.19272875940614093,0.5644692241375965,0.09636437970307046,0.5819763148707142,0.16640502354788067,0.5832025117739403,0.5832025117739403,"{0: 0.6286261395030177, 1: 0.6286261395030177}","{0: 0.6286261395030177, 1: 0.6286261395030177}",0.6286261395030177,"[[406 231]
 [300 337]]",[1. 0. 1. ... 0. 1. 0.],[0. 1. 1. ... 1. 0. 0.]
385,knn,{'n_neighbors': 47},0.557778487284519,0.09713124754168762,0.12893844827519313,0.19272875940614093,0.5644692241375965,0.09636437970307046,0.5819763148707142,0.16640502354788067,0.5832025117739403,0.5832025117739403,"{0: 0.6286261395030177, 1: 0.6286261395030177}","{0: 0.6286261395030177, 1: 0.6286261395030177}",0.6286261395030177,"[[406 231]
 [300 337]]",[1. 0. 1. ... 0. 1. 0.],[0. 1. 1. ... 1. 0. 0.]
205,AdaBoost,"{'algorithm': 'SAMME', 'learning_rate': 1.8959183673469386, 'n_estimators': 85}",0.5569687739254945,0.09071762753867797,0.12847005596925343,0.17198235508424992,0.5642350279846267,0.08599117754212496,0.5694342685306474,0.13971742543171117,0.5698587127158555,0.5698587127158556,"{0: 0.5998449856938307, 1: 0.5998449856938307}","{0: 0.5998449856938307, 1: 0.5998449856938307}",0.5998449856938307,"[[343 294]
 [254 383]]",[1. 1. 1. ... 0. 1. 1.],[0. 1. 1. ... 1. 0. 0.]
83,AdaBoost,"{'algorithm': 'SAMME', 'learning_rate': 1.8959183673469386, 'n_estimators': 85}",0.5569687739254945,0.09071762753867797,0.12847005596925343,0.17198235508424992,0.5642350279846267,0.08599117754212496,0.5694342685306474,0.13971742543171117,0.5698587127158555,0.5698587127158556,"{0: 0.5998449856938307, 1: 0.5998449856938307}","{0: 0.5998449856938307, 1: 0.5998449856938307}",0.5998449856938307,"[[343 294]
 [254 383]]",[1. 1. 1. ... 0. 1. 1.],[0. 1. 1. ... 1. 0. 0.]
857,knn,{'n_neighbors': 45},0.5572140372050806,0.0979758570893283,0.12812037829654904,0.19432132300414892,0.5640601891482746,0.09716066150207446,0.5829349343413754,0.16797488226059654,0.5839874411302983,0.5839874411302983,"{0: 0.6274592194080869, 1: 0.6274592194080868}","{0: 0.6274592194080869, 1: 0.6274592194080868}",0.6274592194080868,"[[404 233]
 [297 340]]",[1. 0. 1. ... 0. 1. 0.],[0. 1. 1. ... 1. 0. 0.]
157,knn,{'n_neighbors': 45},0.5572140372050806,0.0979758570893283,0.12812037829654904,0.19432132300414892,0.5640601891482746,0.09716066150207446,0.5829349343413754,0.16797488226059654,0.5839874411302983,0.5839874411302983,"{0: 0.6274592194080869, 1: 0.6274592194080868}","{0: 0.6274592194080869, 1: 0.6274592194080868}",0.6274592194080868,"[[404 233]
 [297 340]]",[1. 0. 1. ... 0. 1. 0.],[0. 1. 1. ... 1. 0. 0.]
487,knn,{'n_neighbors': 45},0.5572140372050806,0.0979758570893283,0.12812037829654904,0.19432132300414892,0.5640601891482746,0.09716066150207446,0.5829349343413754,0.16797488226059654,0.5839874411302983,0.5839874411302983,"{0: 0.6274592194080869, 1: 0.6274592194080868}","{0: 0.6274592194080869, 1: 0.6274592194080868}",0.6274592194080868,"[[404 233]
 [297 340]]",[1. 0. 1. ... 0. 1. 0.],[0. 1. 1. ... 1. 0. 0.]
743,knn,{'n_neighbors': 43},0.5571347836995583,0.10231029610919244,0.12733348688544474,0.20257832184200042,0.5636667434427224,0.10128916092100021,0.5834787257383184,0.1695447409733124,0.5847723704866562,0.5847723704866562,"{0: 0.6284622531538879, 1: 0.6284622531538882}","{0: 0.6284622531538879, 1: 0.6284622531538882}",0.6284622531538882,"[[408 229]
 [300 337]]",[1. 0. 1. ... 0. 1. 0.],[0. 1. 1. ... 1. 0. 0.]
86,knn,{'n_neighbors': 43},0.5571347836995583,0.10231029610919244,0.12733348688544474,0.20257832184200042,0.5636667434427224,0.10128916092100021,0.5834787257383184,0.1695447409733124,0.5847723704866562,0.5847723704866562,"{0: 0.6284622531538879, 1: 0.6284622531538882}","{0: 0.6284622531538879, 1: 0.6284622531538882}",0.6284622531538882,"[[408 229]
 [300 337]]",[1. 0. 1. ... 0. 1. 0.],[0. 1. 1. ... 1. 0. 0.]
396,knn,{'n_neighbors': 43},0.5571347836995583,0.10231029610919244,0.12733348688544474,0.20257832184200042,0.5636667434427224,0.10128916092100021,0.5834787257383184,0.1695447409733124,0.5847723704866562,0.5847723704866562,"{0: 0.6284622531538879, 1: 0.6284622531538882}","{0: 0.6284622531538879, 1: 0.6284622531538882}",0.6284622531538882,"[[408 229]
 [300 337]]",[1. 0. 1. ... 0. 1. 0.],[0. 1. 1. ... 1. 0. 0.]
176,knn,{'n_neighbors': 39},0.5565329404618643,0.10195161024970704,0.12534689835320403,0.20052491348354815,0.562673449176602,0.10026245674177407,0.5788981376966452,0.16012558869701732,0.5800627943485086,0.5800627943485086,"{0: 0.6294196944566982, 1: 0.6294196944566982}","{0: 0.6294196944566982, 1: 0.6294196944566982}",0.6294196944566982,"[[403 234]
 [301 336]]",[1. 0. 1. ... 0. 1. 0.],[0. 1. 1. ... 1. 0. 0.]
548,knn,{'n_neighbors': 39},0.5565329404618643,0.10195161024970704,0.12534689835320403,0.20052491348354815,0.562673449176602,0.10026245674177407,0.5788981376966452,0.16012558869701732,0.5800627943485086,0.5800627943485086,"{0: 0.6294196944566982, 1: 0.6294196944566982}","{0: 0.6294196944566982, 1: 0.6294196944566982}",0.6294196944566982,"[[403 234]
 [301 336]]",[1. 0. 1. ... 0. 1. 0.],[0. 1. 1. ... 1. 0. 0.]
843,knn,{'n_neighbors': 39},0.5565329404618643,0.10195161024970704,0.12534689835320403,0.20052491348354815,0.562673449176602,0.10026245674177407,0.5788981376966452,0.16012558869701732,0.5800627943485086,0.5800627943485086,"{0: 0.6294196944566982, 1: 0.6294196944566982}","{0: 0.6294196944566982, 1: 0.6294196944566982}",0.6294196944566982,"[[403 234]
 [301 336]]",[1. 0. 1. ... 0. 1. 0.],[0. 1. 1. ... 1. 0. 0.]
105,AdaBoost,"{'algorithm': 'SAMME.R', 'learning_rate': 1.4061224489795918, 'n_estimators': 85}",0.554689429094711,0.09664912496957934,0.12422909746474434,0.17188885050626324,0.5621145487323722,0.08594442525313162,0.5799010262867723,0.16012558869701732,0.5800627943485086,0.5800627943485086,"{0: 0.6192969398845156, 1: 0.6192969398845156}","{0: 0.6192969398845156, 1: 0.6192969398845156}",0.6192969398845156,"[[357 280]
 [255 382]]",[1. 0. 1. ... 0. 1. 0.],[0. 1. 1. ... 1. 0. 0.]
941,knn,{'n_neighbors': 17},0.552275438368893,0.1234857200713403,0.12266973630789224,0.2301180226241692,0.5613348681539462,0.1150590113120846,0.5849179550974468,0.17111459968602827,0.5855572998430141,0.5855572998430141,"{0: 0.6131037610068782, 1: 0.6131037610068782}","{0: 0.6131037610068782, 1: 0.6131037610068782}",0.6131037610068782,"[[398 239]
 [289 348]]",[1. 0. 1. ... 0. 1. 0.],[0. 1. 1. ... 1. 0. 0.]
465,knn,{'n_neighbors': 17},0.552275438368893,0.1234857200713403,0.12266973630789224,0.2301180226241692,0.5613348681539462,0.1150590113120846,0.5849179550974468,0.17111459968602827,0.5855572998430141,0.5855572998430141,"{0: 0.6131037610068782, 1: 0.6131037610068782}","{0: 0.6131037610068782, 1: 0.6131037610068782}",0.6131037610068782,"[[398 239]
 [289 348]]",[1. 0. 1. ... 0. 1. 0.],[0. 1. 1. ... 1. 0. 0.]
219,knn,{'n_neighbors': 17},0.552275438368893,0.1234857200713403,0.12266973630789224,0.2301180226241692,0.5613348681539462,0.1150590113120846,0.5849179550974468,0.17111459968602827,0.5855572998430141,0.5855572998430141,"{0: 0.6131037610068782, 1: 0.6131037610068782}","{0: 0.6131037610068782, 1: 0.6131037610068782}",0.6131037610068782,"[[398 239]
 [289 348]]",[1. 0. 1. ... 0. 1. 0.],[0. 1. 1. ... 1. 0. 0.]
899,knn,{'n_neighbors': 5},0.5568801766517713,0.08810936620828284,0.12238054293715289,0.17041934155391464,0.5611902714685764,0.08520967077695733,0.5626970848238909,0.1255886970172685,0.5627943485086342,0.5627943485086342,"{0: 0.577165825876299, 1: 0.577165825876299}","{0: 0.577165825876299, 1: 0.577165825876299}",0.577165825876299,"[[368 269]
 [288 349]]",[1. 0. 1. ... 0. 1. 0.],[0. 1. 1. ... 1. 0. 0.]
523,knn,{'n_neighbors': 5},0.5568801766517713,0.08810936620828284,0.12238054293715289,0.17041934155391464,0.5611902714685764,0.08520967077695733,0.5626970848238909,0.1255886970172685,0.5627943485086342,0.5627943485086342,"{0: 0.577165825876299, 1: 0.577165825876299}","{0: 0.577165825876299, 1: 0.577165825876299}",0.577165825876299,"[[368 269]
 [288 349]]",[1. 0. 1. ... 0. 1. 0.],[0. 1. 1. ... 1. 0. 0.]
187,knn,{'n_neighbors': 5},0.5568801766517713,0.08810936620828284,0.12238054293715289,0.17041934155391464,0.5611902714685764,0.08520967077695733,0.5626970848238909,0.1255886970172685,0.5627943485086342,0.5627943485086342,"{0: 0.577165825876299, 1: 0.577165825876299}","{0: 0.577165825876299, 1: 0.577165825876299}",0.577165825876299,"[[368 269]
 [288 349]]",[1. 0. 1. ... 0. 1. 0.],[0. 1. 1. ... 1. 0. 0.]
74,AdaBoost,"{'algorithm': 'SAMME.R', 'learning_rate': 1.7326530612244897, 'n_estimators': 30}",0.5553572982770572,0.08610900497469864,0.12141386610241009,0.16868100347746642,0.560706933051205,0.08434050173873321,0.5821199565946532,0.1648351648351648,0.5824175824175825,0.5824175824175823,"{0: 0.6190332430520813, 1: 0.6190332430520813}","{0: 0.6190332430520813, 1: 0.6190332430520813}",0.6190332430520813,"[[388 249]
 [283 354]]",[1. 0. 1. ... 0. 1. 0.],[0. 1. 1. ... 1. 0. 0.]
459,AdaBoost,"{'algorithm': 'SAMME', 'learning_rate': 1.8142857142857143, 'n_estimators': 30}",0.5525387091428751,0.08884851217915038,0.12111593365136004,0.17512135413765584,0.56055796682568,0.0875606770688279,0.5689970402770049,0.1381475667189953,0.5690737833594977,0.5690737833594977,"{0: 0.5992214782302246, 1: 0.5992214782302246}","{0: 0.5992214782302246, 1: 0.5992214782302246}",0.5992214782302246,"[[371 266]
 [283 354]]",[0. 0. 1. ... 0. 1. 0.],[0. 1. 1. ... 1. 0. 0.]
505,AdaBoost,"{'algorithm': 'SAMME', 'learning_rate': 2.5489795918367344, 'n_estimators': 63}",0.5176430779880412,0.10520537160544675,0.11865197823688431,0.18025684745344864,0.5593259891184421,0.09012842372672433,0.532797479845376,0.1381475667189953,0.5690737833594977,0.5690737833594977,"{0: 0.5733496151751366, 1: 0.5733496151751365}","{0: 0.5733496151751366, 1: 0.5733496151751365}",0.5733496151751365,"[[540  97]
 [452 185]]",[0. 0. 1. ... 0. 0. 0.],[0. 1. 1. ... 1. 0. 0.]
416,AdaBoost,"{'algorithm': 'SAMME', 'learning_rate': 2.5489795918367344, 'n_estimators': 41}",0.5176430779880412,0.10520537160544675,0.11865197823688431,0.18025684745344864,0.5593259891184421,0.09012842372672433,0.532797479845376,0.1381475667189953,0.5690737833594977,0.5690737833594977,"{0: 0.5836436494655826, 1: 0.5836436494655827}","{0: 0.5836436494655826, 1: 0.5836436494655827}",0.5836436494655827,"[[540  97]
 [452 185]]",[0. 0. 1. ... 0. 0. 0.],[0. 1. 1. ... 1. 0. 0.]
808,AdaBoost,"{'algorithm': 'SAMME', 'learning_rate': 2.5489795918367344, 'n_estimators': 63}",0.5176430779880412,0.10520537160544675,0.11865197823688431,0.18025684745344864,0.5593259891184421,0.09012842372672433,0.532797479845376,0.1381475667189953,0.5690737833594977,0.5690737833594977,"{0: 0.5733496151751366, 1: 0.5733496151751365}","{0: 0.5733496151751366, 1: 0.5733496151751365}",0.5733496151751365,"[[540  97]
 [452 185]]",[0. 0. 1. ... 0. 0. 0.],[0. 1. 1. ... 1. 0. 0.]
150,AdaBoost,"{'algorithm': 'SAMME.R', 'learning_rate': 3.3653061224489793, 'n_estimators': 63}",0.5253390131760773,0.10764644984901987,0.11836552431932094,0.20469185554592984,0.5591827621596605,0.10234592777296492,0.5554803074585741,0.14913657770800626,0.5745682888540031,0.5745682888540031,"{0: 0.5495010708062963, 1: 0.5495010708062963}","{0: 0.5495010708062963, 1: 0.5495010708062963}",0.5495010708062963,"[[498 139]
 [403 234]]",[0. 0. 1. ... 0. 0. 0.],[0. 1. 1. ... 1. 0. 0.]
934,AdaBoost,"{'algorithm': 'SAMME', 'learning_rate': 2.957142857142857, 'n_estimators': 63}",0.5257216902363336,0.1020805208757735,0.11804521117142158,0.18703574710827495,0.5590226055857108,0.09351787355413747,0.5416604298788094,0.13971742543171117,0.5698587127158555,0.5698587127158556,"{0: 0.5422604979680558, 1: 0.5422604979680556}","{0: 0.5422604979680558, 1: 0.5422604979680556}",0.5422604979680556,"[[521 116]
 [432 205]]",[0. 0. 1. ... 0. 0. 0.],[0. 1. 1. ... 1. 0. 0.]
371,AdaBoost,"{'algorithm': 'SAMME', 'learning_rate': 2.957142857142857, 'n_estimators': 63}",0.5257216902363336,0.1020805208757735,0.11804521117142158,0.18703574710827495,0.5590226055857108,0.09351787355413747,0.5416604298788094,0.13971742543171117,0.5698587127158555,0.5698587127158556,"{0: 0.5422604979680558, 1: 0.5422604979680556}","{0: 0.5422604979680558, 1: 0.5422604979680556}",0.5422604979680556,"[[521 116]
 [432 205]]",[0. 0. 1. ... 0. 0. 0.],[0. 1. 1. ... 1. 0. 0.]
838,AdaBoost,"{'algorithm': 'SAMME', 'learning_rate': 2.957142857142857, 'n_estimators': 63}",0.5257216902363336,0.1020805208757735,0.11804521117142158,0.18703574710827495,0.5590226055857108,0.09351787355413747,0.5416604298788094,0.13971742543171117,0.5698587127158555,0.5698587127158556,"{0: 0.5422604979680558, 1: 0.5422604979680556}","{0: 0.5422604979680558, 1: 0.5422604979680556}",0.5422604979680556,"[[521 116]
 [432 205]]",[0. 0. 1. ... 0. 0. 0.],[0. 1. 1. ... 1. 0. 0.]
681,AdaBoost,"{'algorithm': 'SAMME', 'learning_rate': 2.957142857142857, 'n_estimators': 85}",0.5257216902363336,0.1020805208757735,0.11804521117142158,0.18703574710827495,0.5590226055857108,0.09351787355413747,0.5416604298788094,0.13971742543171117,0.5698587127158555,0.5698587127158556,"{0: 0.5439018259157304, 1: 0.5439018259157303}","{0: 0.5439018259157304, 1: 0.5439018259157303}",0.5439018259157303,"[[521 116]
 [432 205]]",[0. 0. 1. ... 0. 0. 0.],[0. 1. 1. ... 1. 0. 0.]
819,AdaBoost,"{'algorithm': 'SAMME', 'learning_rate': 2.4673469387755103, 'n_estimators': 63}",0.5160432498209105,0.10839609166957286,0.11785004973060799,0.18539500850572344,0.558925024865304,0.09269750425286172,0.5320797409170849,0.13971742543171117,0.5698587127158555,0.5698587127158556,"{0: 0.5909310469750031, 1: 0.590931046975003}","{0: 0.5909310469750031, 1: 0.590931046975003}",0.590931046975003,"[[544  93]
 [455 182]]",[0. 0. 1. ... 0. 0. 0.],[0. 1. 1. ... 1. 0. 0.]
249,AdaBoost,"{'algorithm': 'SAMME', 'learning_rate': 2.4673469387755103, 'n_estimators': 63}",0.5160432498209105,0.10839609166957286,0.11785004973060799,0.18539500850572344,0.558925024865304,0.09269750425286172,0.5320797409170849,0.13971742543171117,0.5698587127158555,0.5698587127158556,"{0: 0.5909310469750031, 1: 0.590931046975003}","{0: 0.5909310469750031, 1: 0.590931046975003}",0.590931046975003,"[[544  93]
 [455 182]]",[0. 0. 1. ... 0. 0. 0.],[0. 1. 1. ... 1. 0. 0.]
910,AdaBoost,"{'algorithm': 'SAMME', 'learning_rate': 2.4673469387755103, 'n_estimators': 63}",0.5160432498209105,0.10839609166957286,0.11785004973060799,0.18539500850572344,0.558925024865304,0.09269750425286172,0.5320797409170849,0.13971742543171117,0.5698587127158555,0.5698587127158556,"{0: 0.5909310469750031, 1: 0.590931046975003}","{0: 0.5909310469750031, 1: 0.590931046975003}",0.590931046975003,"[[544  93]
 [455 182]]",[0. 0. 1. ... 0. 0. 0.],[0. 1. 1. ... 1. 0. 0.]
663,AdaBoost,"{'algorithm': 'SAMME', 'learning_rate': 2.3857142857142857, 'n_estimators': 63}",0.5247763444402505,0.10699604982794944,0.11769303081983652,0.1949557516165966,0.5588465154099183,0.0974778758082983,0.5416604298788094,0.13971742543171117,0.5698587127158555,0.5698587127158556,"{0: 0.5800788133149649, 1: 0.5800788133149649}","{0: 0.5800788133149649, 1: 0.5800788133149649}",0.5800788133149649,"[[521 116]
 [432 205]]",[0. 0. 1. ... 0. 0. 0.],[0. 1. 1. ... 1. 0. 0.]
449,AdaBoost,"{'algorithm': 'SAMME', 'learning_rate': 2.3857142857142857, 'n_estimators': 41}",0.5247763444402505,0.10699604982794944,0.11769303081983652,0.1949557516165966,0.5588465154099183,0.0974778758082983,0.5416604298788094,0.13971742543171117,0.5698587127158555,0.5698587127158556,"{0: 0.5881560690934989, 1: 0.588156069093499}","{0: 0.5881560690934989, 1: 0.588156069093499}",0.588156069093499,"[[521 116]
 [432 205]]",[0. 0. 1. ... 0. 0. 0.],[0. 1. 1. ... 1. 0. 0.]
265,AdaBoost,"{'algorithm': 'SAMME', 'learning_rate': 2.3857142857142857, 'n_estimators': 41}",0.5247763444402505,0.10699604982794944,0.11769303081983652,0.1949557516165966,0.5588465154099183,0.0974778758082983,0.5416604298788094,0.13971742543171117,0.5698587127158555,0.5698587127158556,"{0: 0.5878800499791753, 1: 0.5878800499791753}","{0: 0.5878800499791753, 1: 0.5878800499791753}",0.5878800499791753,"[[521 116]
 [432 205]]",[0. 0. 1. ... 0. 0. 0.],[0. 1. 1. ... 1. 0. 0.]
841,AdaBoost,"{'algorithm': 'SAMME', 'learning_rate': 2.3857142857142857, 'n_estimators': 63}",0.5248933252644039,0.107187249454321,0.11769303081983652,0.1949557516165966,0.5588465154099183,0.0974778758082983,0.542415050611772,0.13971742543171117,0.5698587127158555,0.5698587127158556,"{0: 0.5836337916400711, 1: 0.5836337916400711}","{0: 0.5836337916400711, 1: 0.5836337916400711}",0.5836337916400711,"[[519 118]
 [430 207]]",[0. 0. 1. ... 0. 0. 0.],[0. 1. 1. ... 1. 0. 0.]
244,AdaBoost,"{'algorithm': 'SAMME', 'learning_rate': 3.0387755102040814, 'n_estimators': 41}",0.5252470125601997,0.10113126578324973,0.11644521117142158,0.18615465444650886,0.5582226055857108,0.09307732722325443,0.541014180520274,0.1381475667189953,0.5690737833594977,0.5690737833594977,"{0: 0.5404096912282603, 1: 0.5404096912282604}","{0: 0.5404096912282603, 1: 0.5404096912282604}",0.5404096912282604,"[[520 117]
 [432 205]]",[0. 0. 1. ... 0. 0. 0.],[0. 1. 1. ... 1. 0. 0.]
825,AdaBoost,"{'algorithm': 'SAMME', 'learning_rate': 3.0387755102040814, 'n_estimators': 63}",0.5252470125601997,0.10113126578324973,0.11644521117142158,0.18615465444650886,0.5582226055857108,0.09307732722325443,0.541014180520274,0.1381475667189953,0.5690737833594977,0.5690737833594977,"{0: 0.5417922512562566, 1: 0.5417922512562566}","{0: 0.5417922512562566, 1: 0.5417922512562566}",0.5417922512562566,"[[520 117]
 [432 205]]",[0. 0. 1. ... 0. 0. 0.],[0. 1. 1. ... 1. 0. 0.]
999,AdaBoost,"{'algorithm': 'SAMME', 'learning_rate': 3.0387755102040814, 'n_estimators': 63}",0.5252470125601997,0.10113126578324973,0.11644521117142158,0.18615465444650886,0.5582226055857108,0.09307732722325443,0.541014180520274,0.1381475667189953,0.5690737833594977,0.5690737833594977,"{0: 0.5417922512562566, 1: 0.5417922512562566}","{0: 0.5417922512562566, 1: 0.5417922512562566}",0.5417922512562566,"[[520 117]
 [432 205]]",[0. 0. 1. ... 0. 0. 0.],[0. 1. 1. ... 1. 0. 0.]
338,AdaBoost,"{'algorithm': 'SAMME', 'learning_rate': 3.0387755102040814, 'n_estimators': 63}",0.5252470125601997,0.10113126578324973,0.11644521117142158,0.18615465444650886,0.5582226055857108,0.09307732722325443,0.541014180520274,0.1381475667189953,0.5690737833594977,0.5690737833594977,"{0: 0.5417922512562566, 1: 0.5417922512562566}","{0: 0.5417922512562566, 1: 0.5417922512562566}",0.5417922512562566,"[[520 117]
 [432 205]]",[0. 0. 1. ... 0. 0. 0.],[0. 1. 1. ... 1. 0. 0.]
906,AdaBoost,"{'algorithm': 'SAMME', 'learning_rate': 3.0387755102040814, 'n_estimators': 63}",0.5252470125601997,0.10113126578324973,0.11644521117142158,0.18615465444650886,0.5582226055857108,0.09307732722325443,0.541014180520274,0.1381475667189953,0.5690737833594977,0.5690737833594977,"{0: 0.5417922512562566, 1: 0.5417922512562566}","{0: 0.5417922512562566, 1: 0.5417922512562566}",0.5417922512562566,"[[520 117]
 [432 205]]",[0. 0. 1. ... 0. 0. 0.],[0. 1. 1. ... 1. 0. 0.]
624,AdaBoost,"{'algorithm': 'SAMME', 'learning_rate': 1.8959183673469386, 'n_estimators': 74}",0.5529463411285644,0.1032183674816031,0.11594568621760175,0.1990675564900521,0.5579728431088009,0.09953377824502604,0.5635405549955266,0.12715855572998425,0.5635792778649922,0.5635792778649922,"{0: 0.5931823278762055, 1: 0.5931823278762054}","{0: 0.5931823278762055, 1: 0.5931823278762054}",0.5931823278762054,"[[365 272]
 [284 353]]",[1. 1. 1. ... 0. 1. 1.],[0. 1. 1. ... 1. 0. 0.]
712,AdaBoost,"{'algorithm': 'SAMME', 'learning_rate': 1.8959183673469386, 'n_estimators': 74}",0.5529463411285644,0.1032183674816031,0.11594568621760175,0.1990675564900521,0.5579728431088009,0.09953377824502604,0.5635405549955266,0.12715855572998425,0.5635792778649922,0.5635792778649922,"{0: 0.5931823278762055, 1: 0.5931823278762054}","{0: 0.5931823278762055, 1: 0.5931823278762054}",0.5931823278762054,"[[365 272]
 [284 353]]",[1. 1. 1. ... 0. 1. 1.],[0. 1. 1. ... 1. 0. 0.]
72,knn,{'n_neighbors': 7},0.5524929044315431,0.11160093552618387,0.1158537257541138,0.22078334556384932,0.557926862877057,0.11039167278192467,0.567407708685752,0.13500784929356358,0.5675039246467818,0.5675039246467818,"{0: 0.5933240341179341, 1: 0.5933240341179341}","{0: 0.5933240341179341, 1: 0.5933240341179341}",0.5933240341179341,"[[371 266]
 [285 352]]",[1. 0. 1. ... 0. 1. 0.],[0. 1. 1. ... 1. 0. 0.]
363,knn,{'n_neighbors': 7},0.5524929044315431,0.11160093552618387,0.1158537257541138,0.22078334556384932,0.557926862877057,0.11039167278192467,0.567407708685752,0.13500784929356358,0.5675039246467818,0.5675039246467818,"{0: 0.5933240341179341, 1: 0.5933240341179341}","{0: 0.5933240341179341, 1: 0.5933240341179341}",0.5933240341179341,"[[371 266]
 [285 352]]",[1. 0. 1. ... 0. 1. 0.],[0. 1. 1. ... 1. 0. 0.]
678,knn,{'n_neighbors': 7},0.5524929044315431,0.11160093552618387,0.1158537257541138,0.22078334556384932,0.557926862877057,0.11039167278192467,0.567407708685752,0.13500784929356358,0.5675039246467818,0.5675039246467818,"{0: 0.5933240341179341, 1: 0.5933240341179341}","{0: 0.5933240341179341, 1: 0.5933240341179341}",0.5933240341179341,"[[371 266]
 [285 352]]",[1. 0. 1. ... 0. 1. 0.],[0. 1. 1. ... 1. 0. 0.]
728,SVC,"{'C': 10, 'gamma': 0.01, 'kernel': 'sigmoid'}",0.536446130462239,0.10732791918137609,0.11578451072074848,0.2087910990114862,0.5578922553603742,0.10439554950574312,0.5697762769100886,0.17111459968602827,0.5855572998430141,0.5855572998430141,"{0: 0.5964674482279326, 1: 0.5964674482279326}","{0: 0.5964674482279326, 1: 0.5964674482279326}",0.5964674482279326,"[[495 142]
 [386 251]]",[0. 0. 1. ... 0. 1. 0.],[0. 1. 1. ... 1. 0. 0.]
56,AdaBoost,"{'algorithm': 'SAMME.R', 'learning_rate': 3.3653061224489793, 'n_estimators': 41}",0.522444642524591,0.11172026430435879,0.11560690362966577,0.2058007463656289,0.5578034518148329,0.10290037318281443,0.5541419631093544,0.14599686028257453,0.5729984301412873,0.5729984301412873,"{0: 0.5522193661911088, 1: 0.5522193661911088}","{0: 0.5522193661911088, 1: 0.5522193661911088}",0.5522193661911088,"[[496 141]
 [403 234]]",[0. 0. 1. ... 0. 0. 0.],[0. 1. 1. ... 1. 0. 0.]
574,SVC,"{'C': 10, 'gamma': 0.01, 'kernel': 'sigmoid'}",0.5367386538936497,0.10801700711801566,0.11554576907024212,0.20972822258694762,0.5577728845351211,0.10486411129347381,0.5705705705705706,0.17111459968602827,0.5855572998430141,0.5855572998430141,"{0: 0.596952946134377, 1: 0.596952946134377}","{0: 0.596952946134377, 1: 0.596952946134377}",0.596952946134377,"[[492 145]
 [383 254]]",[0. 0. 1. ... 0. 1. 0.],[0. 1. 1. ... 1. 0. 0.]
850,AdaBoost,"{'algorithm': 'SAMME.R', 'learning_rate': 3.8551020408163263, 'n_estimators': 63}",0.5281036436860311,0.10782589603165633,0.11551494960667727,0.20845704205058477,0.5577574748033386,0.10422852102529238,0.5462046689946936,0.14442700156985866,0.5722135007849294,0.5722135007849294,"{0: 0.544156897150842, 1: 0.544156897150842}","{0: 0.544156897150842, 1: 0.544156897150842}",0.544156897150842,"[[517 120]
 [425 212]]",[0. 0. 1. ... 0. 0. 0.],[0. 1. 1. ... 1. 0. 0.]
448,SVC,"{'C': 10, 'gamma': 0.01, 'kernel': 'sigmoid'}",0.5369169949290299,0.10783330259291471,0.11551220975279534,0.20952657943387415,0.5577561048763977,0.10476328971693707,0.5708303027983004,0.17111459968602827,0.5855572998430141,0.5855572998430142,"{0: 0.5964440358923426, 1: 0.5964440358923426}","{0: 0.5964440358923426, 1: 0.5964440358923426}",0.5964440358923426,"[[491 146]
 [382 255]]",[0. 0. 1. ... 0. 1. 0.],[0. 1. 1. ... 1. 0. 0.]
982,AdaBoost,"{'algorithm': 'SAMME', 'learning_rate': 2.5489795918367344, 'n_estimators': 63}",0.5158295462512359,0.1043157942282685,0.1146519782368843,0.17951531098976187,0.5573259891184422,0.08975765549488095,0.5315385657475273,0.13500784929356358,0.5675039246467818,0.5675039246467818,"{0: 0.5712153959518839, 1: 0.5712153959518839}","{0: 0.5712153959518839, 1: 0.5712153959518839}",0.5712153959518839,"[[538  99]
 [452 185]]",[0. 0. 1. ... 0. 0. 0.],[0. 1. 1. ... 1. 0. 0.]
895,AdaBoost,"{'algorithm': 'SAMME', 'learning_rate': 2.5489795918367344, 'n_estimators': 63}",0.5158295462512359,0.1043157942282685,0.1146519782368843,0.17951531098976187,0.5573259891184422,0.08975765549488095,0.5315385657475273,0.13500784929356358,0.5675039246467818,0.5675039246467818,"{0: 0.5712153959518839, 1: 0.5712153959518839}","{0: 0.5712153959518839, 1: 0.5712153959518839}",0.5712153959518839,"[[538  99]
 [452 185]]",[0. 0. 1. ... 0. 0. 0.],[0. 1. 1. ... 1. 0. 0.]
514,AdaBoost,"{'algorithm': 'SAMME', 'learning_rate': 3.0387755102040814, 'n_estimators': 96}",0.5242907836039707,0.10039015508704292,0.11422298894919937,0.18454007765592836,0.5571114944745997,0.09227003882796418,0.5403678631402183,0.13657770800627944,0.5682888540031397,0.5682888540031397,"{0: 0.5419006873368838, 1: 0.5419006873368838}","{0: 0.5419006873368838, 1: 0.5419006873368838}",0.5419006873368838,"[[519 118]
 [432 205]]",[0. 0. 1. ... 0. 0. 0.],[0. 1. 1. ... 1. 0. 0.]
152,AdaBoost,"{'algorithm': 'SAMME.R', 'learning_rate': 3.2836734693877547, 'n_estimators': 96}",0.5263578237613614,0.10825226256237139,0.11421733055905822,0.21002742011685943,0.5571086652795292,0.10501371005842972,0.5461251519342806,0.14599686028257453,0.5729984301412873,0.5729984301412873,"{0: 0.5479780367647603, 1: 0.5479780367647602}","{0: 0.5479780367647603, 1: 0.5479780367647602}",0.5479780367647602,"[[520 117]
 [427 210]]",[0. 0. 1. ... 0. 0. 0.],[0. 1. 1. ... 1. 0. 0.]
211,AdaBoost,"{'algorithm': 'SAMME', 'learning_rate': 2.5489795918367344, 'n_estimators': 41}",0.5155575928350263,0.10384726199006415,0.1139376925225986,0.17836772584795424,0.5569688462612993,0.08918386292397712,0.5313479623824452,0.1334379905808477,0.5667189952904239,0.5667189952904239,"{0: 0.5770056362117362, 1: 0.5770056362117362}","{0: 0.5770056362117362, 1: 0.5770056362117362}",0.5770056362117362,"[[536 101]
 [451 186]]",[0. 0. 1. ... 0. 0. 0.],[0. 1. 1. ... 1. 0. 0.]
444,AdaBoost,"{'algorithm': 'SAMME', 'learning_rate': 2.4673469387755103, 'n_estimators': 41}",0.5142297180841051,0.10750592877494575,0.11385004973060799,0.1846567344471415,0.556925024865304,0.09232836722357074,0.5308260728662529,0.13657770800627944,0.5682888540031397,0.5682888540031397,"{0: 0.5916753128011257, 1: 0.5916753128011258}","{0: 0.5916753128011257, 1: 0.5916753128011258}",0.5916753128011258,"[[542  95]
 [455 182]]",[0. 0. 1. ... 0. 0. 0.],[0. 1. 1. ... 1. 0. 0.]
526,AdaBoost,"{'algorithm': 'SAMME', 'learning_rate': 2.4673469387755103, 'n_estimators': 41}",0.5142297180841051,0.10750592877494575,0.11385004973060799,0.1846567344471415,0.556925024865304,0.09232836722357074,0.5308260728662529,0.13657770800627944,0.5682888540031397,0.5682888540031397,"{0: 0.5916753128011257, 1: 0.5916753128011258}","{0: 0.5916753128011257, 1: 0.5916753128011258}",0.5916753128011258,"[[542  95]
 [455 182]]",[0. 0. 1. ... 0. 0. 0.],[0. 1. 1. ... 1. 0. 0.]
867,AdaBoost,"{'algorithm': 'SAMME', 'learning_rate': 2.8755102040816327, 'n_estimators': 63}",0.5225142223543388,0.09987196593100704,0.11361456934947542,0.18350064157044157,0.5568072846747377,0.09175032078522077,0.5381856338834303,0.13500784929356358,0.5675039246467818,0.5675039246467818,"{0: 0.5393487427575787, 1: 0.5393487427575788}","{0: 0.5393487427575787, 1: 0.5393487427575788}",0.5393487427575788,"[[522 115]
 [436 201]]",[0. 0. 1. ... 0. 0. 0.],[0. 1. 1. ... 1. 0. 0.]
481,AdaBoost,"{'algorithm': 'SAMME', 'learning_rate': 2.8755102040816327, 'n_estimators': 41}",0.5225142223543388,0.09987196593100704,0.11361456934947542,0.18350064157044157,0.5568072846747377,0.09175032078522077,0.5381856338834303,0.13500784929356358,0.5675039246467818,0.5675039246467818,"{0: 0.5420547158605018, 1: 0.5420547158605019}","{0: 0.5420547158605018, 1: 0.5420547158605019}",0.5420547158605019,"[[522 115]
 [436 201]]",[0. 0. 1. ... 0. 0. 0.],[0. 1. 1. ... 1. 0. 0.]
292,AdaBoost,"{'algorithm': 'SAMME', 'learning_rate': 2.8755102040816327, 'n_estimators': 41}",0.5225142223543388,0.09987196593100704,0.11361456934947542,0.18350064157044157,0.5568072846747377,0.09175032078522077,0.5381856338834303,0.13500784929356358,0.5675039246467818,0.5675039246467818,"{0: 0.5420004978201883, 1: 0.5420004978201883}","{0: 0.5420004978201883, 1: 0.5420004978201883}",0.5420004978201883,"[[522 115]
 [436 201]]",[0. 0. 1. ... 0. 0. 0.],[0. 1. 1. ... 1. 0. 0.]
790,AdaBoost,"{'algorithm': 'SAMME', 'learning_rate': 2.8755102040816327, 'n_estimators': 63}",0.5225142223543388,0.09987196593100704,0.11361456934947542,0.18350064157044157,0.5568072846747377,0.09175032078522077,0.5381856338834303,0.13500784929356358,0.5675039246467818,0.5675039246467818,"{0: 0.5393487427575787, 1: 0.5393487427575788}","{0: 0.5393487427575787, 1: 0.5393487427575788}",0.5393487427575788,"[[522 115]
 [436 201]]",[0. 0. 1. ... 0. 0. 0.],[0. 1. 1. ... 1. 0. 0.]
687,AdaBoost,"{'algorithm': 'SAMME', 'learning_rate': 2.8755102040816327, 'n_estimators': 63}",0.5225142223543388,0.09987196593100704,0.11361456934947542,0.18350064157044157,0.5568072846747377,0.09175032078522077,0.5381856338834303,0.13500784929356358,0.5675039246467818,0.5675039246467818,"{0: 0.5393487427575787, 1: 0.5393487427575788}","{0: 0.5393487427575787, 1: 0.5393487427575788}",0.5393487427575788,"[[522 115]
 [436 201]]",[0. 0. 1. ... 0. 0. 0.],[0. 1. 1. ... 1. 0. 0.]
951,AdaBoost,"{'algorithm': 'SAMME', 'learning_rate': 2.8755102040816327, 'n_estimators': 63}",0.5225142223543388,0.09987196593100704,0.11361456934947542,0.18350064157044157,0.5568072846747377,0.09175032078522077,0.5381856338834303,0.13500784929356358,0.5675039246467818,0.5675039246467818,"{0: 0.5393487427575787, 1: 0.5393487427575788}","{0: 0.5393487427575787, 1: 0.5393487427575788}",0.5393487427575788,"[[522 115]
 [436 201]]",[0. 0. 1. ... 0. 0. 0.],[0. 1. 1. ... 1. 0. 0.]
638,knn,{'n_neighbors': 15},0.5487801670981266,0.11534927926666871,0.11356415944182946,0.2130862316093599,0.5567820797209148,0.10654311580467996,0.5805127699194711,0.16169544740973307,0.5808477237048666,0.5808477237048666,"{0: 0.6109017692332337, 1: 0.6109017692332337}","{0: 0.6109017692332337, 1: 0.6109017692332337}",0.6109017692332337,"[[388 249]
 [285 352]]",[1. 0. 1. ... 0. 1. 0.],[0. 1. 1. ... 1. 0. 0.]
36,knn,{'n_neighbors': 15},0.5487801670981266,0.11534927926666871,0.11356415944182946,0.2130862316093599,0.5567820797209148,0.10654311580467996,0.5805127699194711,0.16169544740973307,0.5808477237048666,0.5808477237048666,"{0: 0.6109017692332337, 1: 0.6109017692332337}","{0: 0.6109017692332337, 1: 0.6109017692332337}",0.6109017692332337,"[[388 249]
 [285 352]]",[1. 0. 1. ... 0. 1. 0.],[0. 1. 1. ... 1. 0. 0.]
329,knn,{'n_neighbors': 15},0.5487801670981266,0.11534927926666871,0.11356415944182946,0.2130862316093599,0.5567820797209148,0.10654311580467996,0.5805127699194711,0.16169544740973307,0.5808477237048666,0.5808477237048666,"{0: 0.6109017692332337, 1: 0.6109017692332337}","{0: 0.6109017692332337, 1: 0.6109017692332337}",0.6109017692332337,"[[388 249]
 [285 352]]",[1. 0. 1. ... 0. 1. 0.],[0. 1. 1. ... 1. 0. 0.]
294,SVC,"{'C': 10, 'gamma': 0.01, 'kernel': 'sigmoid'}",0.5357393393058925,0.10666137598067227,0.11350530844154622,0.2078330463131554,0.5567526542207731,0.10391652315657772,0.5693622024351515,0.1695447409733124,0.5847723704866562,0.5847723704866562,"{0: 0.59594498347582, 1: 0.59594498347582}","{0: 0.59594498347582, 1: 0.59594498347582}",0.59594498347582,"[[493 144]
 [385 252]]",[0. 0. 1. ... 0. 1. 0.],[0. 1. 1. ... 1. 0. 0.]
158,AdaBoost,"{'algorithm': 'SAMME.R', 'learning_rate': 4.018367346938775, 'n_estimators': 85}",0.5259699874801591,0.10815101301715835,0.11326494960667725,0.2097332375594198,0.5566324748033387,0.10486661877970992,0.5454750768364652,0.14442700156985866,0.5722135007849294,0.5722135007849294,"{0: 0.5711550167706256, 1: 0.5711550167706256}","{0: 0.5711550167706256, 1: 0.5711550167706256}",0.5711550167706256,"[[519 118]
 [427 210]]",[0. 0. 1. ... 0. 0. 0.],[0. 1. 1. ... 1. 0. 0.]
931,AdaBoost,"{'algorithm': 'SAMME.R', 'learning_rate': 2.3857142857142857, 'n_estimators': 63}",0.5267382323666743,0.10934879218980496,0.11325940297841257,0.21177471130856393,0.5566297014892063,0.10588735565428195,0.545259792166267,0.14128728414442704,0.5706436420722135,0.5706436420722135,"{0: 0.5453558551786853, 1: 0.5453558551786855}","{0: 0.5453558551786853, 1: 0.5453558551786855}",0.5453558551786855,"[[514 123]
 [424 213]]",[0. 0. 1. ... 0. 0. 0.],[0. 1. 1. ... 1. 0. 0.]
124,AdaBoost,"{'algorithm': 'SAMME.R', 'learning_rate': 3.5285714285714285, 'n_estimators': 52}",0.5257226913050788,0.1072356272638355,0.11284828294001059,0.20778454733621285,0.5564241414700054,0.10389227366810642,0.5448249326664102,0.1428571428571429,0.5714285714285714,0.5714285714285714,"{0: 0.5310533825896014, 1: 0.5310533825896014}","{0: 0.5310533825896014, 1: 0.5310533825896014}",0.5310533825896014,"[[518 119]
 [427 210]]",[0. 0. 1. ... 0. 0. 0.],[0. 1. 1. ... 1. 0. 0.]
557,AdaBoost,"{'algorithm': 'SAMME.R', 'learning_rate': 3.5285714285714285, 'n_estimators': 74}",0.5257226913050788,0.1072356272638355,0.11284828294001059,0.20778454733621285,0.5564241414700054,0.10389227366810642,0.5448249326664102,0.1428571428571429,0.5714285714285714,0.5714285714285714,"{0: 0.5325887389130269, 1: 0.5325887389130268}","{0: 0.5325887389130269, 1: 0.5325887389130268}",0.5325887389130268,"[[518 119]
 [427 210]]",[0. 0. 1. ... 0. 0. 0.],[0. 1. 1. ... 1. 0. 0.]
438,AdaBoost,"{'algorithm': 'SAMME', 'learning_rate': 3.446938775510204, 'n_estimators': 63}",0.521309422841852,0.09963180971969315,0.11280057883113709,0.18230231323924156,0.5564002894155685,0.09115115661962078,0.5373992306835608,0.13500784929356358,0.5675039246467818,0.5675039246467818,"{0: 0.5419031517932618, 1: 0.5419031517932618}","{0: 0.5419031517932618, 1: 0.5419031517932618}",0.5419031517932618,"[[524 113]
 [438 199]]",[0. 0. 1. ... 0. 0. 0.],[0. 1. 1. ... 1. 0. 0.]
842,AdaBoost,"{'algorithm': 'SAMME', 'learning_rate': 3.446938775510204, 'n_estimators': 63}",0.521309422841852,0.09963180971969315,0.11280057883113709,0.18230231323924156,0.5564002894155685,0.09115115661962078,0.5373992306835608,0.13500784929356358,0.5675039246467818,0.5675039246467818,"{0: 0.5419031517932618, 1: 0.5419031517932618}","{0: 0.5419031517932618, 1: 0.5419031517932618}",0.5419031517932618,"[[524 113]
 [438 199]]",[0. 0. 1. ... 0. 0. 0.],[0. 1. 1. ... 1. 0. 0.]
68,AdaBoost,"{'algorithm': 'SAMME.R', 'learning_rate': 3.691836734693877, 'n_estimators': 96}",0.5256665824099364,0.10772293808151694,0.11261018770191536,0.20869270515574745,0.5563050938509577,0.10434635257787372,0.5448249326664102,0.1428571428571429,0.5714285714285714,0.5714285714285714,"{0: 0.531421818818096, 1: 0.5314218188180959}","{0: 0.531421818818096, 1: 0.5314218188180959}",0.5314218188180959,"[[518 119]
 [427 210]]",[0. 0. 1. ... 0. 0. 0.],[0. 1. 1. ... 1. 0. 0.]
866,AdaBoost,"{'algorithm': 'SAMME.R', 'learning_rate': 2.304081632653061, 'n_estimators': 63}",0.5261507698343676,0.11010511519418663,0.11226981373941865,0.21202481675467896,0.5561349068697093,0.10601240837733945,0.545259792166267,0.14128728414442704,0.5706436420722135,0.5706436420722135,"{0: 0.5622460069645537, 1: 0.5622460069645537}","{0: 0.5622460069645537, 1: 0.5622460069645537}",0.5622460069645537,"[[514 123]
 [424 213]]",[0. 0. 1. ... 0. 0. 0.],[0. 1. 1. ... 1. 0. 0.]
172,AdaBoost,"{'algorithm': 'SAMME.R', 'learning_rate': 1.7326530612244897, 'n_estimators': 96}",0.553239436778061,0.09140277320486083,0.11213773274068271,0.1813489562756521,0.5560688663703414,0.09067447813782605,0.5682845982280383,0.13657770800627944,0.5682888540031397,0.5682888540031397,"{0: 0.5878985334020096, 1: 0.5878985334020095}","{0: 0.5878985334020096, 1: 0.5878985334020095}",0.5878985334020095,"[[364 273]
 [277 360]]",[1. 0. 1. ... 0. 1. 0.],[0. 1. 1. ... 1. 0. 0.]
97,AdaBoost,"{'algorithm': 'SAMME.R', 'learning_rate': 3.610204081632653, 'n_estimators': 63}",0.5253343965674231,0.1072012811523112,0.11189590198762964,0.20769936708141987,0.5559479509938149,0.1038496835407099,0.5441747169562025,0.14128728414442704,0.5706436420722135,0.5706436420722135,"{0: 0.5306985008711853, 1: 0.5306985008711853}","{0: 0.5306985008711853, 1: 0.5306985008711853}",0.5306985008711853,"[[517 120]
 [427 210]]",[0. 0. 1. ... 0. 0. 0.],[0. 1. 1. ... 1. 0. 0.]
488,AdaBoost,"{'algorithm': 'SAMME.R', 'learning_rate': 3.7734693877551018, 'n_estimators': 41}",0.5253343965674231,0.1072012811523112,0.11189590198762964,0.20769936708141987,0.5559479509938149,0.1038496835407099,0.5441747169562025,0.14128728414442704,0.5706436420722135,0.5706436420722135,"{0: 0.5355966079222415, 1: 0.5355966079222415}","{0: 0.5355966079222415, 1: 0.5355966079222415}",0.5355966079222415,"[[517 120]
 [427 210]]",[0. 0. 1. ... 0. 0. 0.],[0. 1. 1. ... 1. 0. 0.]
69,AdaBoost,"{'algorithm': 'SAMME.R', 'learning_rate': 3.7734693877551018, 'n_estimators': 41}",0.5253343965674231,0.1072012811523112,0.11189590198762964,0.20769936708141987,0.5559479509938149,0.1038496835407099,0.5441747169562025,0.14128728414442704,0.5706436420722135,0.5706436420722135,"{0: 0.5355966079222415, 1: 0.5355966079222415}","{0: 0.5355966079222415, 1: 0.5355966079222415}",0.5355966079222415,"[[517 120]
 [427 210]]",[0. 0. 1. ... 0. 0. 0.],[0. 1. 1. ... 1. 0. 0.]
676,SVC,"{'C': 1000, 'gamma': 0.1, 'kernel': 'sigmoid'}",0.5309571812863052,0.12718630848954224,0.11188828344539607,0.2191241879802367,0.555944141722698,0.10956209399011836,0.5561981158474023,0.1381475667189953,0.5690737833594977,0.5690737833594977,"{0: 0.5630420263746121, 1: 0.5630420263746121}","{0: 0.5630420263746121, 1: 0.5630420263746121}",0.5630420263746121,"[[471 166]
 [383 254]]",[0. 0. 1. ... 0. 1. 0.],[0. 1. 1. ... 1. 0. 0.]
473,AdaBoost,"{'algorithm': 'SAMME.R', 'learning_rate': 3.2836734693877547, 'n_estimators': 74}",0.5252499114924827,0.1075628956561084,0.11159828294001059,0.20855224481904985,0.5557991414700054,0.10427612240952493,0.5441747169562025,0.14128728414442704,0.5706436420722135,0.5706436420722135,"{0: 0.5542242014545222, 1: 0.5542242014545221}","{0: 0.5542242014545222, 1: 0.5542242014545221}",0.5542242014545221,"[[517 120]
 [427 210]]",[0. 0. 1. ... 0. 0. 0.],[0. 1. 1. ... 1. 0. 0.]
737,AdaBoost,"{'algorithm': 'SAMME.R', 'learning_rate': 3.0387755102040814, 'n_estimators': 74}",0.5251821358399805,0.10793231046741458,0.11139806648979414,0.2092544847691392,0.5556990332448971,0.10462724238456957,0.5441747169562025,0.14128728414442704,0.5706436420722135,0.5706436420722135,"{0: 0.5350803043110735, 1: 0.5350803043110736}","{0: 0.5350803043110735, 1: 0.5350803043110736}",0.5350803043110736,"[[517 120]
 [427 210]]",[0. 0. 1. ... 0. 0. 0.],[0. 1. 1. ... 1. 0. 0.]
137,AdaBoost,"{'algorithm': 'SAMME', 'learning_rate': 3.446938775510204, 'n_estimators': 41}",0.5206853797281363,0.0994235557155503,0.11129264232320057,0.18175511063643818,0.5556463211616003,0.0908775553182191,0.5373992306835608,0.13500784929356358,0.5675039246467818,0.5675039246467818,"{0: 0.5408939569065159, 1: 0.5408939569065158}","{0: 0.5408939569065159, 1: 0.5408939569065158}",0.5408939569065158,"[[524 113]
 [438 199]]",[0. 0. 1. ... 0. 0. 0.],[0. 1. 1. ... 1. 0. 0.]
277,AdaBoost,"{'algorithm': 'SAMME', 'learning_rate': 3.446938775510204, 'n_estimators': 41}",0.5206853797281363,0.0994235557155503,0.11129264232320057,0.18175511063643818,0.5556463211616003,0.0908775553182191,0.5373992306835608,0.13500784929356358,0.5675039246467818,0.5675039246467818,"{0: 0.5408939569065159, 1: 0.5408939569065158}","{0: 0.5408939569065159, 1: 0.5408939569065158}",0.5408939569065158,"[[524 113]
 [438 199]]",[0. 0. 1. ... 0. 0. 0.],[0. 1. 1. ... 1. 0. 0.]
919,AdaBoost,"{'algorithm': 'SAMME', 'learning_rate': 3.120408163265306, 'n_estimators': 63}",0.5214658874420701,0.09994161114765987,0.11100237703293528,0.1839899091684013,0.5555011885164676,0.09199495458420065,0.5379302369588529,0.1334379905808477,0.5667189952904239,0.5667189952904239,"{0: 0.5839418486873073, 1: 0.5839418486873074}","{0: 0.5839418486873073, 1: 0.5839418486873074}",0.5839418486873074,"[[520 117]
 [435 202]]",[0. 0. 1. ... 0. 0. 0.],[0. 1. 1. ... 1. 0. 0.]
254,AdaBoost,"{'algorithm': 'SAMME', 'learning_rate': 3.120408163265306, 'n_estimators': 41}",0.5214658874420701,0.09994161114765987,0.11100237703293528,0.1839899091684013,0.5555011885164676,0.09199495458420065,0.5379302369588529,0.1334379905808477,0.5667189952904239,0.5667189952904239,"{0: 0.5913820424921569, 1: 0.5913820424921568}","{0: 0.5913820424921569, 1: 0.5913820424921568}",0.5913820424921568,"[[520 117]
 [435 202]]",[0. 0. 1. ... 0. 0. 0.],[0. 1. 1. ... 1. 0. 0.]
822,AdaBoost,"{'algorithm': 'SAMME', 'learning_rate': 3.120408163265306, 'n_estimators': 63}",0.5214658874420701,0.09994161114765987,0.11100237703293528,0.1839899091684013,0.5555011885164676,0.09199495458420065,0.5379302369588529,0.1334379905808477,0.5667189952904239,0.5667189952904239,"{0: 0.5839418486873073, 1: 0.5839418486873074}","{0: 0.5839418486873073, 1: 0.5839418486873074}",0.5839418486873074,"[[520 117]
 [435 202]]",[0. 0. 1. ... 0. 0. 0.],[0. 1. 1. ... 1. 0. 0.]
480,AdaBoost,"{'algorithm': 'SAMME', 'learning_rate': 2.793877551020408, 'n_estimators': 41}",0.5210602540276151,0.09851402028498933,0.11099776288701678,0.1810142954891719,0.5554988814435085,0.09050714774458594,0.5375425139872004,0.1334379905808477,0.5667189952904239,0.5667189952904239,"{0: 0.5768010863323714, 1: 0.5768010863323714}","{0: 0.5768010863323714, 1: 0.5768010863323714}",0.5768010863323714,"[[521 116]
 [436 201]]",[0. 0. 1. ... 0. 0. 0.],[0. 1. 1. ... 1. 0. 0.]
870,AdaBoost,"{'algorithm': 'SAMME', 'learning_rate': 2.793877551020408, 'n_estimators': 63}",0.5210602540276151,0.09851402028498933,0.11099776288701678,0.1810142954891719,0.5554988814435085,0.09050714774458594,0.5375425139872004,0.1334379905808477,0.5667189952904239,0.5667189952904239,"{0: 0.5750365355658021, 1: 0.5750365355658023}","{0: 0.5750365355658021, 1: 0.5750365355658023}",0.5750365355658023,"[[521 116]
 [436 201]]",[0. 0. 1. ... 0. 0. 0.],[0. 1. 1. ... 1. 0. 0.]
801,AdaBoost,"{'algorithm': 'SAMME', 'learning_rate': 2.793877551020408, 'n_estimators': 63}",0.5210602540276151,0.09851402028498933,0.11099776288701678,0.1810142954891719,0.5554988814435085,0.09050714774458594,0.5375425139872004,0.1334379905808477,0.5667189952904239,0.5667189952904239,"{0: 0.5737550182492994, 1: 0.5737550182492994}","{0: 0.5737550182492994, 1: 0.5737550182492994}",0.5737550182492994,"[[521 116]
 [436 201]]",[0. 0. 1. ... 0. 0. 0.],[0. 1. 1. ... 1. 0. 0.]
954,AdaBoost,"{'algorithm': 'SAMME', 'learning_rate': 2.793877551020408, 'n_estimators': 63}",0.5210602540276151,0.09851402028498933,0.11099776288701678,0.1810142954891719,0.5554988814435085,0.09050714774458594,0.5375425139872004,0.1334379905808477,0.5667189952904239,0.5667189952904239,"{0: 0.5750365355658021, 1: 0.5750365355658023}","{0: 0.5750365355658021, 1: 0.5750365355658023}",0.5750365355658023,"[[521 116]
 [436 201]]",[0. 0. 1. ... 0. 0. 0.],[0. 1. 1. ... 1. 0. 0.]
114,AdaBoost,"{'algorithm': 'SAMME.R', 'learning_rate': 2.4673469387755103, 'n_estimators': 41}",0.5249729854379293,0.109951153682968,0.1107036220453497,0.2124000684235393,0.5553518110226748,0.10620003421176963,0.5432370710006811,0.1381475667189953,0.5690737833594977,0.5690737833594977,"{0: 0.5462442917029147, 1: 0.5462442917029148}","{0: 0.5462442917029147, 1: 0.5462442917029148}",0.5462442917029148,"[[514 123]
 [426 211]]",[0. 0. 1. ... 0. 0. 0.],[0. 1. 1. ... 1. 0. 0.]
432,AdaBoost,"{'algorithm': 'SAMME.R', 'learning_rate': 3.0387755102040814, 'n_estimators': 41}",0.5248499499974671,0.1074101721534461,0.11068378077550843,0.2082596689113496,0.5553418903877543,0.10412983445567478,0.5435244272413432,0.13971742543171117,0.5698587127158555,0.5698587127158555,"{0: 0.5475763303751642, 1: 0.5475763303751642}","{0: 0.5475763303751642, 1: 0.5475763303751642}",0.5475763303751642,"[[516 121]
 [427 210]]",[0. 0. 1. ... 0. 0. 0.],[0. 1. 1. ... 1. 0. 0.]
516,AdaBoost,"{'algorithm': 'SAMME.R', 'learning_rate': 3.120408163265306, 'n_estimators': 41}",0.5248499499974671,0.1074101721534461,0.11068378077550843,0.2082596689113496,0.5553418903877543,0.10412983445567478,0.5435244272413432,0.13971742543171117,0.5698587127158555,0.5698587127158555,"{0: 0.5730871505708913, 1: 0.5730871505708914}","{0: 0.5730871505708913, 1: 0.5730871505708914}",0.5730871505708914,"[[516 121]
 [427 210]]",[0. 0. 1. ... 0. 0. 0.],[0. 1. 1. ... 1. 0. 0.]
362,AdaBoost,"{'algorithm': 'SAMME', 'learning_rate': 3.446938775510204, 'n_estimators': 41}",0.520353193885623,0.09884137470152116,0.11057835660891488,0.1806084713837606,0.5552891783044575,0.0903042356918803,0.5367577893419405,0.1334379905808477,0.5667189952904239,0.5667189952904239,"{0: 0.5400079848386644, 1: 0.5400079848386643}","{0: 0.5400079848386644, 1: 0.5400079848386643}",0.5400079848386643,"[[523 114]
 [438 199]]",[0. 0. 1. ... 0. 0. 0.],[0. 1. 1. ... 1. 0. 0.]
60,AdaBoost,"{'algorithm': 'SAMME.R', 'learning_rate': 2.8755102040816327, 'n_estimators': 74}",0.5247930943259389,0.10793119993055225,0.1104456855374132,0.20927168352928271,0.5552228427687066,0.10463584176464136,0.5435244272413432,0.13971742543171117,0.5698587127158555,0.5698587127158555,"{0: 0.541803341309957, 1: 0.5418033413099572}","{0: 0.541803341309957, 1: 0.5418033413099572}",0.5418033413099572,"[[516 121]
 [427 210]]",[0. 0. 1. ... 0. 0. 0.],[0. 1. 1. ... 1. 0. 0.]
458,AdaBoost,"{'algorithm': 'SAMME.R', 'learning_rate': 2.957142857142857, 'n_estimators': 41}",0.5247930943259389,0.10793119993055225,0.1104456855374132,0.20927168352928271,0.5552228427687066,0.10463584176464136,0.5435244272413432,0.13971742543171117,0.5698587127158555,0.5698587127158555,"{0: 0.5443503569765064, 1: 0.5443503569765062}","{0: 0.5443503569765064, 1: 0.5443503569765062}",0.5443503569765062,"[[516 121]
 [427 210]]",[0. 0. 1. ... 0. 0. 0.],[0. 1. 1. ... 1. 0. 0.]
40,AdaBoost,"{'algorithm': 'SAMME.R', 'learning_rate': 2.957142857142857, 'n_estimators': 85}",0.5244609084834257,0.10740785301588134,0.10973139982312748,0.20827368360412132,0.5548656999115638,0.10413684180206065,0.5428740610607098,0.1381475667189953,0.5690737833594977,0.5690737833594977,"{0: 0.5333983128331637, 1: 0.5333983128331636}","{0: 0.5333983128331637, 1: 0.5333983128331636}",0.5333983128331636,"[[515 122]
 [427 210]]",[0. 0. 1. ... 0. 0. 0.],[0. 1. 1. ... 1. 0. 0.]
454,AdaBoost,"{'algorithm': 'SAMME', 'learning_rate': 3.3653061224489793, 'n_estimators': 41}",0.5205165878505994,0.09795190645020486,0.10962597565653391,0.17994361683784196,0.5548129878282669,0.08997180841892098,0.5365093566924446,0.13186813186813184,0.5659340659340659,0.5659340659340659,"{0: 0.5901461176186451, 1: 0.5901461176186451}","{0: 0.5901461176186451, 1: 0.5901461176186451}",0.5901461176186451,"[[521 116]
 [437 200]]",[0. 0. 1. ... 0. 0. 0.],[0. 1. 1. ... 1. 0. 0.]
283,AdaBoost,"{'algorithm': 'SAMME', 'learning_rate': 3.3653061224489793, 'n_estimators': 41}",0.5205165878505994,0.09795190645020486,0.10962597565653391,0.17994361683784196,0.5548129878282669,0.08997180841892098,0.5365093566924446,0.13186813186813184,0.5659340659340659,0.5659340659340659,"{0: 0.5901461176186451, 1: 0.5901461176186451}","{0: 0.5901461176186451, 1: 0.5901461176186451}",0.5901461176186451,"[[521 116]
 [437 200]]",[0. 0. 1. ... 0. 0. 0.],[0. 1. 1. ... 1. 0. 0.]
849,AdaBoost,"{'algorithm': 'SAMME', 'learning_rate': 3.3653061224489793, 'n_estimators': 63}",0.5205165878505994,0.09795190645020486,0.10962597565653391,0.17994361683784196,0.5548129878282669,0.08997180841892098,0.5365093566924446,0.13186813186813184,0.5659340659340659,0.5659340659340659,"{0: 0.5858259255882041, 1: 0.5858259255882041}","{0: 0.5858259255882041, 1: 0.5858259255882041}",0.5858259255882041,"[[521 116]
 [437 200]]",[0. 0. 1. ... 0. 0. 0.],[0. 1. 1. ... 1. 0. 0.]
387,AdaBoost,"{'algorithm': 'SAMME', 'learning_rate': 3.3653061224489793, 'n_estimators': 41}",0.5205165878505994,0.09795190645020486,0.10962597565653391,0.17994361683784196,0.5548129878282669,0.08997180841892098,0.5365093566924446,0.13186813186813184,0.5659340659340659,0.5659340659340659,"{0: 0.5901461176186451, 1: 0.5901461176186451}","{0: 0.5901461176186451, 1: 0.5901461176186451}",0.5901461176186451,"[[521 116]
 [437 200]]",[0. 0. 1. ... 0. 0. 0.],[0. 1. 1. ... 1. 0. 0.]
948,AdaBoost,"{'algorithm': 'SAMME', 'learning_rate': 3.3653061224489793, 'n_estimators': 63}",0.5205165878505994,0.09795190645020486,0.10962597565653391,0.17994361683784196,0.5548129878282669,0.08997180841892098,0.5365093566924446,0.13186813186813184,0.5659340659340659,0.5659340659340659,"{0: 0.5858259255882041, 1: 0.5858259255882041}","{0: 0.5858259255882041, 1: 0.5858259255882041}",0.5858259255882041,"[[521 116]
 [437 200]]",[0. 0. 1. ... 0. 0. 0.],[0. 1. 1. ... 1. 0. 0.]
897,SVC,"{'C': 10, 'gamma': 0.01, 'kernel': 'sigmoid'}",0.5330554157533964,0.10639467842019298,0.1094605207011063,0.20734088366835624,0.5547302603505532,0.10367044183417812,0.5674665462936381,0.16640502354788067,0.5832025117739403,0.5832025117739403,"{0: 0.5981765487259992, 1: 0.5981765487259992}","{0: 0.5981765487259992, 1: 0.5981765487259992}",0.5981765487259992,"[[493 144]
 [387 250]]",[0. 0. 1. ... 0. 1. 0.],[0. 1. 1. ... 1. 0. 0.]
921,AdaBoost,"{'algorithm': 'SAMME', 'learning_rate': 2.630612244897959, 'n_estimators': 63}",0.5177157125096281,0.09692945637245974,0.10931657451017623,0.17768918051442073,0.5546582872550881,0.08884459025721037,0.5341039170420061,0.13186813186813184,0.5659340659340659,0.5659340659340659,"{0: 0.5361350916408104, 1: 0.5361350916408105}","{0: 0.5361350916408104, 1: 0.5361350916408105}",0.5361350916408105,"[[527 110]
 [443 194]]",[0. 0. 1. ... 0. 0. 0.],[0. 1. 1. ... 1. 0. 0.]
662,AdaBoost,"{'algorithm': 'SAMME', 'learning_rate': 2.630612244897959, 'n_estimators': 85}",0.5177157125096281,0.09692945637245974,0.10931657451017623,0.17768918051442073,0.5546582872550881,0.08884459025721037,0.5341039170420061,0.13186813186813184,0.5659340659340659,0.5659340659340659,"{0: 0.5336928153703214, 1: 0.5336928153703215}","{0: 0.5336928153703214, 1: 0.5336928153703215}",0.5336928153703215,"[[527 110]
 [443 194]]",[0. 0. 1. ... 0. 0. 0.],[0. 1. 1. ... 1. 0. 0.]
359,AdaBoost,"{'algorithm': 'SAMME', 'learning_rate': 2.630612244897959, 'n_estimators': 41}",0.5177157125096281,0.09692945637245974,0.10931657451017623,0.17768918051442073,0.5546582872550881,0.08884459025721037,0.5341039170420061,0.13186813186813184,0.5659340659340659,0.5659340659340659,"{0: 0.5389531975089275, 1: 0.5389531975089275}","{0: 0.5389531975089275, 1: 0.5389531975089275}",0.5389531975089275,"[[527 110]
 [443 194]]",[0. 0. 1. ... 0. 0. 0.],[0. 1. 1. ... 1. 0. 0.]
536,AdaBoost,"{'algorithm': 'SAMME', 'learning_rate': 2.630612244897959, 'n_estimators': 41}",0.5177157125096281,0.09692945637245974,0.10931657451017623,0.17768918051442073,0.5546582872550881,0.08884459025721037,0.5341039170420061,0.13186813186813184,0.5659340659340659,0.5659340659340659,"{0: 0.5389531975089275, 1: 0.5389531975089275}","{0: 0.5389531975089275, 1: 0.5389531975089275}",0.5389531975089275,"[[527 110]
 [443 194]]",[0. 0. 1. ... 0. 0. 0.],[0. 1. 1. ... 1. 0. 0.]
749,AdaBoost,"{'algorithm': 'SAMME', 'learning_rate': 2.630612244897959, 'n_estimators': 63}",0.5177157125096281,0.09692945637245974,0.10931657451017623,0.17768918051442073,0.5546582872550881,0.08884459025721037,0.5341039170420061,0.13186813186813184,0.5659340659340659,0.5659340659340659,"{0: 0.5404035300873157, 1: 0.5404035300873157}","{0: 0.5404035300873157, 1: 0.5404035300873157}",0.5404035300873157,"[[527 110]
 [443 194]]",[0. 0. 1. ... 0. 0. 0.],[0. 1. 1. ... 1. 0. 0.]
262,AdaBoost,"{'algorithm': 'SAMME', 'learning_rate': 2.630612244897959, 'n_estimators': 41}",0.5177157125096281,0.09692945637245974,0.10931657451017623,0.17768918051442073,0.5546582872550881,0.08884459025721037,0.5341039170420061,0.13186813186813184,0.5659340659340659,0.5659340659340659,"{0: 0.5333712038130068, 1: 0.533371203813007}","{0: 0.5333712038130068, 1: 0.533371203813007}",0.533371203813007,"[[527 110]
 [443 194]]",[0. 0. 1. ... 0. 0. 0.],[0. 1. 1. ... 1. 0. 0.]
834,AdaBoost,"{'algorithm': 'SAMME', 'learning_rate': 2.630612244897959, 'n_estimators': 63}",0.5177157125096281,0.09692945637245974,0.10931657451017623,0.17768918051442073,0.5546582872550881,0.08884459025721037,0.5341039170420061,0.13186813186813184,0.5659340659340659,0.5659340659340659,"{0: 0.5404035300873157, 1: 0.5404035300873157}","{0: 0.5404035300873157, 1: 0.5404035300873157}",0.5404035300873157,"[[527 110]
 [443 194]]",[0. 0. 1. ... 0. 0. 0.],[0. 1. 1. ... 1. 0. 0.]
407,AdaBoost,"{'algorithm': 'SAMME', 'learning_rate': 3.2020408163265306, 'n_estimators': 41}",0.5203179373529436,0.0988540319142795,0.10909761512817338,0.18241105320073006,0.5545488075640866,0.09120552660036504,0.5358669433857048,0.13029827315541598,0.565149136577708,0.565149136577708,"{0: 0.5893513304367756, 1: 0.5893513304367757}","{0: 0.5893513304367756, 1: 0.5893513304367757}",0.5893513304367757,"[[520 117]
 [437 200]]",[0. 0. 1. ... 0. 0. 0.],[0. 1. 1. ... 1. 0. 0.]
888,AdaBoost,"{'algorithm': 'SAMME', 'learning_rate': 3.2020408163265306, 'n_estimators': 63}",0.5203179373529436,0.0988540319142795,0.10909761512817338,0.18241105320073006,0.5545488075640866,0.09120552660036504,0.5358669433857048,0.13029827315541598,0.565149136577708,0.565149136577708,"{0: 0.5838531282577033, 1: 0.5838531282577033}","{0: 0.5838531282577033, 1: 0.5838531282577033}",0.5838531282577033,"[[520 117]
 [437 200]]",[0. 0. 1. ... 0. 0. 0.],[0. 1. 1. ... 1. 0. 0.]
491,AdaBoost,"{'algorithm': 'SAMME', 'learning_rate': 3.2020408163265306, 'n_estimators': 41}",0.5203179373529436,0.0988540319142795,0.10909761512817338,0.18241105320073006,0.5545488075640866,0.09120552660036504,0.5358669433857048,0.13029827315541598,0.565149136577708,0.565149136577708,"{0: 0.5893513304367756, 1: 0.5893513304367757}","{0: 0.5893513304367756, 1: 0.5893513304367757}",0.5893513304367757,"[[520 117]
 [437 200]]",[0. 0. 1. ... 0. 0. 0.],[0. 1. 1. ... 1. 0. 0.]
707,AdaBoost,"{'algorithm': 'SAMME', 'learning_rate': 3.2020408163265306, 'n_estimators': 63}",0.5203179373529436,0.0988540319142795,0.10909761512817338,0.18241105320073006,0.5545488075640866,0.09120552660036504,0.5358669433857048,0.13029827315541598,0.565149136577708,0.565149136577708,"{0: 0.5838531282577033, 1: 0.5838531282577033}","{0: 0.5838531282577033, 1: 0.5838531282577033}",0.5838531282577033,"[[520 117]
 [437 200]]",[0. 0. 1. ... 0. 0. 0.],[0. 1. 1. ... 1. 0. 0.]
973,AdaBoost,"{'algorithm': 'SAMME', 'learning_rate': 3.2020408163265306, 'n_estimators': 63}",0.5203179373529436,0.0988540319142795,0.10909761512817338,0.18241105320073006,0.5545488075640866,0.09120552660036504,0.5358669433857048,0.13029827315541598,0.565149136577708,0.565149136577708,"{0: 0.5854402381650644, 1: 0.5854402381650643}","{0: 0.5854402381650644, 1: 0.5854402381650643}",0.5854402381650643,"[[520 117]
 [437 200]]",[0. 0. 1. ... 0. 0. 0.],[0. 1. 1. ... 1. 0. 0.]
798,AdaBoost,"{'algorithm': 'SAMME', 'learning_rate': 3.2020408163265306, 'n_estimators': 63}",0.5203179373529436,0.0988540319142795,0.10909761512817338,0.18241105320073006,0.5545488075640866,0.09120552660036504,0.5358669433857048,0.13029827315541598,0.565149136577708,0.565149136577708,"{0: 0.5854402381650644, 1: 0.5854402381650643}","{0: 0.5854402381650644, 1: 0.5854402381650643}",0.5854402381650643,"[[520 117]
 [437 200]]",[0. 0. 1. ... 0. 0. 0.],[0. 1. 1. ... 1. 0. 0.]
192,AdaBoost,"{'algorithm': 'SAMME', 'learning_rate': 3.2020408163265306, 'n_estimators': 85}",0.5203179373529436,0.0988540319142795,0.10909761512817338,0.18241105320073006,0.5545488075640866,0.09120552660036504,0.5358669433857048,0.13029827315541598,0.565149136577708,0.565149136577708,"{0: 0.5556338705026752, 1: 0.5556338705026751}","{0: 0.5556338705026752, 1: 0.5556338705026751}",0.5556338705026751,"[[520 117]
 [437 200]]",[0. 0. 1. ... 0. 0. 0.],[0. 1. 1. ... 1. 0. 0.]
880,AdaBoost,"{'algorithm': 'SAMME', 'learning_rate': 2.7122448979591836, 'n_estimators': 63}",0.519596588413006,0.0990050195861389,0.10899776288701679,0.18140056841969737,0.5544988814435085,0.09070028420984867,0.5365093566924446,0.13186813186813184,0.5659340659340659,0.5659340659340659,"{0: 0.5347291192772242, 1: 0.5347291192772242}","{0: 0.5347291192772242, 1: 0.5347291192772242}",0.5347291192772242,"[[521 116]
 [437 200]]",[0. 0. 1. ... 0. 0. 0.],[0. 1. 1. ... 1. 0. 0.]
206,AdaBoost,"{'algorithm': 'SAMME', 'learning_rate': 2.7122448979591836, 'n_estimators': 85}",0.519596588413006,0.0990050195861389,0.10899776288701679,0.18140056841969737,0.5544988814435085,0.09070028420984867,0.5365093566924446,0.13186813186813184,0.5659340659340659,0.5659340659340659,"{0: 0.5343409673977064, 1: 0.5343409673977066}","{0: 0.5343409673977064, 1: 0.5343409673977066}",0.5343409673977066,"[[521 116]
 [437 200]]",[0. 0. 1. ... 0. 0. 0.],[0. 1. 1. ... 1. 0. 0.]
802,AdaBoost,"{'algorithm': 'SAMME', 'learning_rate': 2.7122448979591836, 'n_estimators': 63}",0.519596588413006,0.0990050195861389,0.10899776288701679,0.18140056841969737,0.5544988814435085,0.09070028420984867,0.5365093566924446,0.13186813186813184,0.5659340659340659,0.5659340659340659,"{0: 0.5347291192772242, 1: 0.5347291192772242}","{0: 0.5347291192772242, 1: 0.5347291192772242}",0.5347291192772242,"[[521 116]
 [437 200]]",[0. 0. 1. ... 0. 0. 0.],[0. 1. 1. ... 1. 0. 0.]
410,AdaBoost,"{'algorithm': 'SAMME', 'learning_rate': 2.7122448979591836, 'n_estimators': 41}",0.519596588413006,0.0990050195861389,0.10899776288701679,0.18140056841969737,0.5544988814435085,0.09070028420984867,0.5365093566924446,0.13186813186813184,0.5659340659340659,0.5659340659340659,"{0: 0.5398009705029216, 1: 0.5398009705029216}","{0: 0.5398009705029216, 1: 0.5398009705029216}",0.5398009705029216,"[[521 116]
 [437 200]]",[0. 0. 1. ... 0. 0. 0.],[0. 1. 1. ... 1. 0. 0.]
965,AdaBoost,"{'algorithm': 'SAMME', 'learning_rate': 2.7122448979591836, 'n_estimators': 63}",0.519596588413006,0.0990050195861389,0.10899776288701679,0.18140056841969737,0.5544988814435085,0.09070028420984867,0.5365093566924446,0.13186813186813184,0.5659340659340659,0.5659340659340659,"{0: 0.5347291192772242, 1: 0.5347291192772242}","{0: 0.5347291192772242, 1: 0.5347291192772242}",0.5347291192772242,"[[521 116]
 [437 200]]",[0. 0. 1. ... 0. 0. 0.],[0. 1. 1. ... 1. 0. 0.]
703,AdaBoost,"{'algorithm': 'SAMME', 'learning_rate': 2.7122448979591836, 'n_estimators': 85}",0.519596588413006,0.0990050195861389,0.10899776288701679,0.18140056841969737,0.5544988814435085,0.09070028420984867,0.5365093566924446,0.13186813186813184,0.5659340659340659,0.5659340659340659,"{0: 0.534329877344006, 1: 0.5343298773440062}","{0: 0.534329877344006, 1: 0.5343298773440062}",0.5343298773440062,"[[521 116]
 [437 200]]",[0. 0. 1. ... 0. 0. 0.],[0. 1. 1. ... 1. 0. 0.]
997,AdaBoost,"{'algorithm': 'SAMME', 'learning_rate': 3.120408163265306, 'n_estimators': 96}",0.5205096584858412,0.09915515476069876,0.10878015481071307,0.18228982744795352,0.5543900774053565,0.09114491372397676,0.5372862109028909,0.13186813186813184,0.5659340659340659,0.5659340659340659,"{0: 0.5501270427262801, 1: 0.5501270427262802}","{0: 0.5501270427262801, 1: 0.5501270427262802}",0.5501270427262802,"[[519 118]
 [435 202]]",[0. 0. 1. ... 0. 0. 0.],[0. 1. 1. ... 1. 0. 0.]
783,knn,{'n_neighbors': 41},0.5477916119867948,0.10239617143475539,0.10867931408937227,0.20276499565074957,0.5543396570446862,0.1013824978253748,0.5773239251272869,0.1569858712715856,0.5784929356357927,0.5784929356357928,"{0: 0.6274271814751743, 1: 0.6274271814751742}","{0: 0.6274271814751743, 1: 0.6274271814751742}",0.6274271814751742,"[[402 235]
 [302 335]]",[1. 0. 1. ... 0. 1. 0.],[0. 1. 1. ... 1. 0. 0.]
138,knn,{'n_neighbors': 41},0.5477916119867948,0.10239617143475539,0.10867931408937227,0.20276499565074957,0.5543396570446862,0.1013824978253748,0.5773239251272869,0.1569858712715856,0.5784929356357927,0.5784929356357928,"{0: 0.6274271814751743, 1: 0.6274271814751742}","{0: 0.6274271814751743, 1: 0.6274271814751742}",0.6274271814751742,"[[402 235]
 [302 335]]",[1. 0. 1. ... 0. 1. 0.],[0. 1. 1. ... 1. 0. 0.]
476,knn,{'n_neighbors': 41},0.5477916119867948,0.10239617143475539,0.10867931408937227,0.20276499565074957,0.5543396570446862,0.1013824978253748,0.5773239251272869,0.1569858712715856,0.5784929356357927,0.5784929356357928,"{0: 0.6274271814751743, 1: 0.6274271814751742}","{0: 0.6274271814751743, 1: 0.6274271814751742}",0.6274271814751742,"[[402 235]
 [302 335]]",[1. 0. 1. ... 0. 1. 0.],[0. 1. 1. ... 1. 0. 0.]
807,AdaBoost,"{'algorithm': 'SAMME', 'learning_rate': 3.610204081632653, 'n_estimators': 63}",0.5180051538729284,0.09881002846732723,0.10765404098894708,0.17927659289409958,0.5538270204944735,0.08963829644704979,0.5357200990344994,0.13186813186813184,0.5659340659340659,0.5659340659340659,"{0: 0.5377431494273835, 1: 0.5377431494273835}","{0: 0.5377431494273835, 1: 0.5377431494273835}",0.5377431494273835,"[[523 114]
 [439 198]]",[0. 0. 1. ... 0. 0. 0.],[0. 1. 1. ... 1. 0. 0.]
349,AdaBoost,"{'algorithm': 'SAMME', 'learning_rate': 3.5285714285714285, 'n_estimators': 41}",0.5173324787976491,0.10001657527703116,0.1068868452217513,0.18147600639159997,0.5534434226108756,0.09073800319580001,0.5353207835387993,0.13186813186813184,0.5659340659340659,0.5659340659340659,"{0: 0.5413930093230385, 1: 0.5413930093230385}","{0: 0.5413930093230385, 1: 0.5413930093230385}",0.5413930093230385,"[[524 113]
 [440 197]]",[0. 0. 1. ... 0. 0. 0.],[0. 1. 1. ... 1. 0. 0.]
327,AdaBoost,"{'algorithm': 'SAMME', 'learning_rate': 3.610204081632653, 'n_estimators': 41}",0.5174253628034649,0.09904202640828867,0.10636832670323279,0.1802477405327392,0.5531841633516165,0.0901238702663696,0.5357200990344994,0.13186813186813184,0.5659340659340659,0.5659340659340659,"{0: 0.538762202139641, 1: 0.5387622021396411}","{0: 0.538762202139641, 1: 0.5387622021396411}",0.5387622021396411,"[[523 114]
 [439 198]]",[0. 0. 1. ... 0. 0. 0.],[0. 1. 1. ... 1. 0. 0.]
836,AdaBoost,"{'algorithm': 'SAMME', 'learning_rate': 3.5285714285714285, 'n_estimators': 63}",0.5170002929551358,0.09942666483126396,0.10617255950746561,0.18031014001741447,0.5530862797537328,0.09015507000870723,0.5346809071729958,0.13029827315541598,0.565149136577708,0.565149136577708,"{0: 0.5403148096577117, 1: 0.5403148096577116}","{0: 0.5403148096577117, 1: 0.5403148096577116}",0.5403148096577116,"[[523 114]
 [440 197]]",[0. 0. 1. ... 0. 0. 0.],[0. 1. 1. ... 1. 0. 0.]
263,AdaBoost,"{'algorithm': 'SAMME', 'learning_rate': 3.5285714285714285, 'n_estimators': 41}",0.5170002929551358,0.09942666483126396,0.10617255950746561,0.18031014001741447,0.5530862797537328,0.09015507000870723,0.5346809071729958,0.13029827315541598,0.565149136577708,0.565149136577708,"{0: 0.5402704494429097, 1: 0.5402704494429096}","{0: 0.5402704494429097, 1: 0.5402704494429096}",0.5402704494429096,"[[523 114]
 [440 197]]",[0. 0. 1. ... 0. 0. 0.],[0. 1. 1. ... 1. 0. 0.]
436,AdaBoost,"{'algorithm': 'SAMME', 'learning_rate': 3.5285714285714285, 'n_estimators': 41}",0.5170002929551358,0.09942666483126396,0.10617255950746561,0.18031014001741447,0.5530862797537328,0.09015507000870723,0.5346809071729958,0.13029827315541598,0.565149136577708,0.565149136577708,"{0: 0.5402704494429097, 1: 0.5402704494429096}","{0: 0.5402704494429097, 1: 0.5402704494429096}",0.5402704494429096,"[[523 114]
 [440 197]]",[0. 0. 1. ... 0. 0. 0.],[0. 1. 1. ... 1. 0. 0.]
923,AdaBoost,"{'algorithm': 'SAMME', 'learning_rate': 3.5285714285714285, 'n_estimators': 63}",0.5170002929551358,0.09942666483126396,0.10617255950746561,0.18031014001741447,0.5530862797537328,0.09015507000870723,0.5346809071729958,0.13029827315541598,0.565149136577708,0.565149136577708,"{0: 0.5403148096577117, 1: 0.5403148096577116}","{0: 0.5403148096577117, 1: 0.5403148096577116}",0.5403148096577116,"[[523 114]
 [440 197]]",[0. 0. 1. ... 0. 0. 0.],[0. 1. 1. ... 1. 0. 0.]
905,AdaBoost,"{'algorithm': 'SAMME', 'learning_rate': 3.610204081632653, 'n_estimators': 63}",0.5170931769609516,0.09844658985402222,0.10565404098894707,0.1790718094052565,0.5528270204944735,0.08953590470262825,0.5350793755352086,0.13029827315541598,0.565149136577708,0.565149136577708,"{0: 0.5372724382592067, 1: 0.5372724382592067}","{0: 0.5372724382592067, 1: 0.5372724382592067}",0.5372724382592067,"[[522 115]
 [439 198]]",[0. 0. 1. ... 0. 0. 0.],[0. 1. 1. ... 1. 0. 0.]
411,AdaBoost,"{'algorithm': 'SAMME', 'learning_rate': 3.610204081632653, 'n_estimators': 41}",0.5170931769609516,0.09844658985402222,0.10565404098894707,0.1790718094052565,0.5528270204944735,0.08953590470262825,0.5350793755352086,0.13029827315541598,0.565149136577708,0.565149136577708,"{0: 0.5376421067158901, 1: 0.5376421067158901}","{0: 0.5376421067158901, 1: 0.5376421067158901}",0.5376421067158901,"[[522 115]
 [439 198]]",[0. 0. 1. ... 0. 0. 0.],[0. 1. 1. ... 1. 0. 0.]
234,AdaBoost,"{'algorithm': 'SAMME', 'learning_rate': 3.610204081632653, 'n_estimators': 41}",0.5170931769609516,0.09844658985402222,0.10565404098894707,0.1790718094052565,0.5528270204944735,0.08953590470262825,0.5350793755352086,0.13029827315541598,0.565149136577708,0.565149136577708,"{0: 0.5376421067158901, 1: 0.5376421067158901}","{0: 0.5376421067158901, 1: 0.5376421067158901}",0.5376421067158901,"[[522 115]
 [439 198]]",[0. 0. 1. ... 0. 0. 0.],[0. 1. 1. ... 1. 0. 0.]
776,AdaBoost,"{'algorithm': 'SAMME', 'learning_rate': 3.2836734693877547, 'n_estimators': 63}",0.5175214949948961,0.10155609824121564,0.10534761512817338,0.1855519454041398,0.5526738075640867,0.0927759727020699,0.5327608877581322,0.1255886970172685,0.5627943485086342,0.5627943485086342,"{0: 0.5897555012827496, 1: 0.5897555012827496}","{0: 0.5897555012827496, 1: 0.5897555012827496}",0.5897555012827496,"[[520 117]
 [440 197]]",[0. 0. 1. ... 0. 0. 0.],[0. 1. 1. ... 1. 0. 0.]
382,AdaBoost,"{'algorithm': 'SAMME', 'learning_rate': 3.2836734693877547, 'n_estimators': 41}",0.5175214949948961,0.10155609824121564,0.10534761512817338,0.1855519454041398,0.5526738075640867,0.0927759727020699,0.5327608877581322,0.1255886970172685,0.5627943485086342,0.5627943485086342,"{0: 0.5941422336353935, 1: 0.5941422336353934}","{0: 0.5941422336353935, 1: 0.5941422336353934}",0.5941422336353934,"[[520 117]
 [440 197]]",[0. 0. 1. ... 0. 0. 0.],[0. 1. 1. ... 1. 0. 0.]
949,AdaBoost,"{'algorithm': 'SAMME', 'learning_rate': 3.2836734693877547, 'n_estimators': 85}",0.5175214949948961,0.10155609824121564,0.10534761512817338,0.1855519454041398,0.5526738075640867,0.0927759727020699,0.5327608877581322,0.1255886970172685,0.5627943485086342,0.5627943485086342,"{0: 0.5838802372778601, 1: 0.5838802372778601}","{0: 0.5838802372778601, 1: 0.5838802372778601}",0.5838802372778601,"[[520 117]
 [440 197]]",[0. 0. 1. ... 0. 0. 0.],[0. 1. 1. ... 1. 0. 0.]
858,AdaBoost,"{'algorithm': 'SAMME', 'learning_rate': 3.2836734693877547, 'n_estimators': 63}",0.5175214949948961,0.10155609824121564,0.10534761512817338,0.1855519454041398,0.5526738075640867,0.0927759727020699,0.5327608877581322,0.1255886970172685,0.5627943485086342,0.5627943485086342,"{0: 0.5897555012827496, 1: 0.5897555012827496}","{0: 0.5897555012827496, 1: 0.5897555012827496}",0.5897555012827496,"[[520 117]
 [440 197]]",[0. 0. 1. ... 0. 0. 0.],[0. 1. 1. ... 1. 0. 0.]
625,knn,{'n_neighbors': 1},0.5509616639770823,0.09499356437560846,0.10515216098195637,0.1898927950977311,0.5525760804909782,0.09494639754886555,0.5501731212538921,0.10047095761381475,0.5502354788069074,0.5502354788069074,"{0: 0.5502354788069074, 1: 0.5502354788069074}","{0: 0.5502354788069074, 1: 0.5502354788069074}",0.5502354788069074,"[[343 294]
 [279 358]]",[1. 0. 1. ... 1. 1. 1.],[0. 1. 1. ... 1. 0. 0.]
24,knn,{'n_neighbors': 1},0.5509616639770823,0.09499356437560846,0.10515216098195637,0.1898927950977311,0.5525760804909782,0.09494639754886555,0.5501731212538921,0.10047095761381475,0.5502354788069074,0.5502354788069074,"{0: 0.5502354788069074, 1: 0.5502354788069074}","{0: 0.5502354788069074, 1: 0.5502354788069074}",0.5502354788069074,"[[343 294]
 [279 358]]",[1. 0. 1. ... 1. 1. 1.],[0. 1. 1. ... 1. 0. 0.]
352,knn,{'n_neighbors': 1},0.5509616639770823,0.09499356437560846,0.10515216098195637,0.1898927950977311,0.5525760804909782,0.09494639754886555,0.5501731212538921,0.10047095761381475,0.5502354788069074,0.5502354788069074,"{0: 0.5502354788069074, 1: 0.5502354788069074}","{0: 0.5502354788069074, 1: 0.5502354788069074}",0.5502354788069074,"[[343 294]
 [279 358]]",[1. 0. 1. ... 1. 1. 1.],[0. 1. 1. ... 1. 0. 0.]
390,AdaBoost,"{'algorithm': 'SAMME', 'learning_rate': 2.304081632653061, 'n_estimators': 41}",0.5181453297046374,0.12078945814688029,0.10496896454598631,0.21967142045556537,0.5524844822729932,0.10983571022778266,0.5357349783579292,0.12715855572998425,0.5635792778649922,0.5635792778649922,"{0: 0.5557915957108601, 1: 0.5557915957108601}","{0: 0.5557915957108601, 1: 0.5557915957108601}",0.5557915957108601,"[[515 122]
 [434 203]]",[0. 0. 1. ... 0. 0. 0.],[0. 1. 1. ... 1. 0. 0.]
169,AdaBoost,"{'algorithm': 'SAMME', 'learning_rate': 2.304081632653061, 'n_estimators': 63}",0.5181453297046374,0.12078945814688029,0.10496896454598631,0.21967142045556537,0.5524844822729932,0.10983571022778266,0.5357349783579292,0.12715855572998425,0.5635792778649922,0.5635792778649922,"{0: 0.5498078956253435, 1: 0.5498078956253434}","{0: 0.5498078956253435, 1: 0.5498078956253434}",0.5498078956253434,"[[515 122]
 [434 203]]",[0. 0. 1. ... 0. 0. 0.],[0. 1. 1. ... 1. 0. 0.]
793,AdaBoost,"{'algorithm': 'SAMME', 'learning_rate': 2.304081632653061, 'n_estimators': 63}",0.5181453297046374,0.12078945814688029,0.10496896454598631,0.21967142045556537,0.5524844822729932,0.10983571022778266,0.5357349783579292,0.12715855572998425,0.5635792778649922,0.5635792778649922,"{0: 0.5498078956253435, 1: 0.5498078956253434}","{0: 0.5498078956253435, 1: 0.5498078956253434}",0.5498078956253434,"[[515 122]
 [434 203]]",[0. 0. 1. ... 0. 0. 0.],[0. 1. 1. ... 1. 0. 0.]
304,AdaBoost,"{'algorithm': 'SAMME', 'learning_rate': 3.2020408163265306, 'n_estimators': 96}",0.5166493975973355,0.10727917389034118,0.10035687438743263,0.20478915724234345,0.5501784371937163,0.10239457862117171,0.5356127433112197,0.1287284144427001,0.5643642072213501,0.5643642072213501,"{0: 0.5524929208490544, 1: 0.5524929208490545}","{0: 0.5524929208490544, 1: 0.5524929208490545}",0.5524929208490545,"[[518 119]
 [436 201]]",[0. 0. 1. ... 0. 0. 0.],[0. 1. 1. ... 1. 0. 0.]
968,AdaBoost,"{'algorithm': 'SAMME', 'learning_rate': 3.7734693877551018, 'n_estimators': 63}",0.5137081910862932,0.10867345882028279,0.09836832670323278,0.20524897367443623,0.5491841633516164,0.1026244868372181,0.5350793755352086,0.13029827315541598,0.565149136577708,0.565149136577708,"{0: 0.5327624830876682, 1: 0.532762483087668}","{0: 0.5327624830876682, 1: 0.532762483087668}",0.532762483087668,"[[522 115]
 [439 198]]",[0. 0. 1. ... 0. 0. 0.],[0. 1. 1. ... 1. 0. 0.]
784,AdaBoost,"{'algorithm': 'SAMME', 'learning_rate': 3.7734693877551018, 'n_estimators': 63}",0.5137081910862932,0.10867345882028279,0.09836832670323278,0.20524897367443623,0.5491841633516164,0.1026244868372181,0.5350793755352086,0.13029827315541598,0.565149136577708,0.565149136577708,"{0: 0.5327624830876682, 1: 0.532762483087668}","{0: 0.5327624830876682, 1: 0.532762483087668}",0.532762483087668,"[[522 115]
 [439 198]]",[0. 0. 1. ... 0. 0. 0.],[0. 1. 1. ... 1. 0. 0.]
373,AdaBoost,"{'algorithm': 'SAMME', 'learning_rate': 3.8551020408163263, 'n_estimators': 41}",0.5137081910862932,0.10867345882028279,0.09836832670323278,0.20524897367443623,0.5491841633516164,0.1026244868372181,0.5350793755352086,0.13029827315541598,0.565149136577708,0.565149136577708,"{0: 0.5331876018128541, 1: 0.5331876018128541}","{0: 0.5331876018128541, 1: 0.5331876018128541}",0.5331876018128541,"[[522 115]
 [439 198]]",[0. 0. 1. ... 0. 0. 0.],[0. 1. 1. ... 1. 0. 0.]
183,AdaBoost,"{'algorithm': 'SAMME', 'learning_rate': 3.7734693877551018, 'n_estimators': 85}",0.5137081910862932,0.10867345882028279,0.09836832670323278,0.20524897367443623,0.5491841633516164,0.1026244868372181,0.5350793755352086,0.13029827315541598,0.565149136577708,0.565149136577708,"{0: 0.5313528140395151, 1: 0.5313528140395151}","{0: 0.5313528140395151, 1: 0.5313528140395151}",0.5313528140395151,"[[522 115]
 [439 198]]",[0. 0. 1. ... 0. 0. 0.],[0. 1. 1. ... 1. 0. 0.]
313,AdaBoost,"{'algorithm': 'SAMME', 'learning_rate': 3.7734693877551018, 'n_estimators': 41}",0.5137081910862932,0.10867345882028279,0.09836832670323278,0.20524897367443623,0.5491841633516164,0.1026244868372181,0.5350793755352086,0.13029827315541598,0.565149136577708,0.565149136577708,"{0: 0.5332948056652923, 1: 0.5332948056652923}","{0: 0.5332948056652923, 1: 0.5332948056652923}",0.5332948056652923,"[[522 115]
 [439 198]]",[0. 0. 1. ... 0. 0. 0.],[0. 1. 1. ... 1. 0. 0.]
875,AdaBoost,"{'algorithm': 'SAMME', 'learning_rate': 3.7734693877551018, 'n_estimators': 63}",0.5133760052437799,0.10811965190081008,0.09765404098894706,0.20418907311483558,0.5488270204944735,0.10209453655741778,0.5344385865453563,0.1287284144427001,0.5643642072213501,0.5643642072213501,"{0: 0.5316423876639171, 1: 0.5316423876639171}","{0: 0.5316423876639171, 1: 0.5316423876639171}",0.5316423876639171,"[[521 116]
 [439 198]]",[0. 0. 1. ... 0. 0. 0.],[0. 1. 1. ... 1. 0. 0.]
940,AdaBoost,"{'algorithm': 'SAMME', 'learning_rate': 3.8551020408163263, 'n_estimators': 63}",0.5133760052437799,0.10811965190081008,0.09765404098894706,0.20418907311483558,0.5488270204944735,0.10209453655741778,0.5344385865453563,0.1287284144427001,0.5643642072213501,0.5643642072213501,"{0: 0.5315105392477, 1: 0.5315105392477001}","{0: 0.5315105392477, 1: 0.5315105392477001}",0.5315105392477001,"[[521 116]
 [439 198]]",[0. 0. 1. ... 0. 0. 0.],[0. 1. 1. ... 1. 0. 0.]
399,AdaBoost,"{'algorithm': 'SAMME', 'learning_rate': 3.7734693877551018, 'n_estimators': 96}",0.5133198963486375,0.10859661709082506,0.09741594575085184,0.20509551262690875,0.5487079728754258,0.10254775631345438,0.5344385865453563,0.1287284144427001,0.5643642072213501,0.5643642072213501,"{0: 0.530593761475125, 1: 0.530593761475125}","{0: 0.530593761475125, 1: 0.530593761475125}",0.530593761475125,"[[521 116]
 [439 198]]",[0. 0. 1. ... 0. 0. 0.],[0. 1. 1. ... 1. 0. 0.]
680,AdaBoost,"{'algorithm': 'SAMME', 'learning_rate': 4.1, 'n_estimators': 74}",0.5141873539772827,0.10882679024224766,0.09716484053422937,0.20659971412162892,0.5485824202671147,0.10329985706081446,0.5341913727842091,0.12715855572998425,0.5635792778649922,0.5635792778649922,"{0: 0.5544965238842791, 1: 0.5544965238842788}","{0: 0.5544965238842791, 1: 0.5544965238842788}",0.5544965238842788,"[[519 118]
 [438 199]]",[0. 0. 1. ... 0. 0. 0.],[0. 1. 1. ... 1. 0. 0.]
461,AdaBoost,"{'algorithm': 'SAMME', 'learning_rate': 4.018367346938775, 'n_estimators': 41}",0.5141873539772827,0.10882679024224766,0.09716484053422937,0.20659971412162892,0.5485824202671147,0.10329985706081446,0.5341913727842091,0.12715855572998425,0.5635792778649922,0.5635792778649922,"{0: 0.5643617427649722, 1: 0.5643617427649721}","{0: 0.5643617427649722, 1: 0.5643617427649721}",0.5643617427649721,"[[519 118]
 [438 199]]",[0. 0. 1. ... 0. 0. 0.],[0. 1. 1. ... 1. 0. 0.]
365,AdaBoost,"{'algorithm': 'SAMME', 'learning_rate': 4.1, 'n_estimators': 74}",0.5141873539772827,0.10882679024224766,0.09716484053422937,0.20659971412162892,0.5485824202671147,0.10329985706081446,0.5341913727842091,0.12715855572998425,0.5635792778649922,0.5635792778649922,"{0: 0.5544965238842791, 1: 0.5544965238842788}","{0: 0.5544965238842791, 1: 0.5544965238842788}",0.5544965238842788,"[[519 118]
 [438 199]]",[0. 0. 1. ... 0. 0. 0.],[0. 1. 1. ... 1. 0. 0.]
596,AdaBoost,"{'algorithm': 'SAMME', 'learning_rate': 4.018367346938775, 'n_estimators': 74}",0.5141873539772827,0.10882679024224766,0.09716484053422937,0.20659971412162892,0.5485824202671147,0.10329985706081446,0.5341913727842091,0.12715855572998425,0.5635792778649922,0.5635792778649922,"{0: 0.5380610643001313, 1: 0.5380610643001313}","{0: 0.5380610643001313, 1: 0.5380610643001313}",0.5380610643001313,"[[519 118]
 [438 199]]",[0. 0. 1. ... 0. 0. 0.],[0. 1. 1. ... 1. 0. 0.]
799,AdaBoost,"{'algorithm': 'SAMME', 'learning_rate': 3.691836734693877, 'n_estimators': 63}",0.5127033301685004,0.10919489413786335,0.0968868452217513,0.20608560794067854,0.5484434226108756,0.10304280397033927,0.5340409673854377,0.1287284144427001,0.5643642072213501,0.5643642072213502,"{0: 0.5368842863796889, 1: 0.536884286379689}","{0: 0.5368842863796889, 1: 0.536884286379689}",0.536884286379689,"[[522 115]
 [440 197]]",[0. 0. 1. ... 0. 0. 0.],[0. 1. 1. ... 1. 0. 0.]
269,AdaBoost,"{'algorithm': 'SAMME', 'learning_rate': 3.8551020408163263, 'n_estimators': 96}",0.5129877105061241,0.10804122244185681,0.0967016600365661,0.20403148075863942,0.5483508300182831,0.10201574037931971,0.5337977296181631,0.12715855572998425,0.5635792778649922,0.5635792778649922,"{0: 0.5298149932597118, 1: 0.5298149932597118}","{0: 0.5298149932597118, 1: 0.5298149932597118}",0.5298149932597118,"[[520 117]
 [439 198]]",[0. 0. 1. ... 0. 0. 0.],[0. 1. 1. ... 1. 0. 0.]
395,SVC,"{'C': 1000, 'gamma': 1, 'kernel': 'rbf'}",0.5353242314079408,0.10049682725747479,0.09663996260620744,0.18573120154813513,0.5483199813031037,0.09286560077406755,0.5487900722852966,0.1114599686028257,0.5557299843014128,0.5557299843014128,"{0: 0.5481135818655442, 1: 0.5481135818655442}","{0: 0.5481135818655442, 1: 0.5481135818655442}",0.5481135818655442,"[[275 362]
 [204 433]]",[1. 0. 1. ... 1. 1. 0.],[0. 1. 1. ... 1. 0. 0.]
863,AdaBoost,"{'algorithm': 'SAMME', 'learning_rate': 4.018367346938775, 'n_estimators': 63}",0.5138551681347694,0.1082752376671421,0.09645055481994365,0.2055425965445346,0.5482252774099718,0.10277129827226729,0.5335495936081613,0.1255886970172685,0.5627943485086342,0.5627943485086342,"{0: 0.5394473210126944, 1: 0.5394473210126943}","{0: 0.5394473210126944, 1: 0.5394473210126943}",0.5394473210126943,"[[518 119]
 [438 199]]",[0. 0. 1. ... 0. 0. 0.],[0. 1. 1. ... 1. 0. 0.]
937,AdaBoost,"{'algorithm': 'SAMME', 'learning_rate': 4.1, 'n_estimators': 63}",0.5138551681347694,0.1082752376671421,0.09645055481994365,0.2055425965445346,0.5482252774099718,0.10277129827226729,0.5335495936081613,0.1255886970172685,0.5627943485086342,0.5627943485086342,"{0: 0.5590816449753432, 1: 0.5590816449753431}","{0: 0.5590816449753432, 1: 0.5590816449753431}",0.5590816449753431,"[[518 119]
 [438 199]]",[0. 0. 1. ... 0. 0. 0.],[0. 1. 1. ... 1. 0. 0.]
266,AdaBoost,"{'algorithm': 'SAMME', 'learning_rate': 4.1, 'n_estimators': 63}",0.5138551681347694,0.1082752376671421,0.09645055481994365,0.2055425965445346,0.5482252774099718,0.10277129827226729,0.5335495936081613,0.1255886970172685,0.5627943485086342,0.5627943485086342,"{0: 0.5590816449753432, 1: 0.5590816449753431}","{0: 0.5590816449753432, 1: 0.5590816449753431}",0.5590816449753431,"[[518 119]
 [438 199]]",[0. 0. 1. ... 0. 0. 0.],[0. 1. 1. ... 1. 0. 0.]
684,AdaBoost,"{'algorithm': 'SAMME', 'learning_rate': 4.018367346938775, 'n_estimators': 74}",0.5138551681347694,0.1082752376671421,0.09645055481994365,0.2055425965445346,0.5482252774099718,0.10277129827226729,0.5335495936081613,0.1255886970172685,0.5627943485086342,0.5627943485086342,"{0: 0.5374067511318017, 1: 0.5374067511318015}","{0: 0.5374067511318017, 1: 0.5374067511318015}",0.5374067511318015,"[[518 119]
 [438 199]]",[0. 0. 1. ... 0. 0. 0.],[0. 1. 1. ... 1. 0. 0.]
274,AdaBoost,"{'algorithm': 'SAMME', 'learning_rate': 4.018367346938775, 'n_estimators': 41}",0.5138551681347694,0.1082752376671421,0.09645055481994365,0.2055425965445346,0.5482252774099718,0.10277129827226729,0.5335495936081613,0.1255886970172685,0.5627943485086342,0.5627943485086342,"{0: 0.563244111797599, 1: 0.5632441117975991}","{0: 0.563244111797599, 1: 0.5632441117975991}",0.5632441117975991,"[[518 119]
 [438 199]]",[0. 0. 1. ... 0. 0. 0.],[0. 1. 1. ... 1. 0. 0.]
775,AdaBoost,"{'algorithm': 'SAMME', 'learning_rate': 4.018367346938775, 'n_estimators': 63}",0.5138551681347694,0.1082752376671421,0.09645055481994365,0.2055425965445346,0.5482252774099718,0.10277129827226729,0.5335495936081613,0.1255886970172685,0.5627943485086342,0.5627943485086342,"{0: 0.5394473210126944, 1: 0.5394473210126943}","{0: 0.5394473210126944, 1: 0.5394473210126943}",0.5394473210126943,"[[518 119]
 [438 199]]",[0. 0. 1. ... 0. 0. 0.],[0. 1. 1. ... 1. 0. 0.]
45,AdaBoost,"{'algorithm': 'SAMME', 'learning_rate': 4.018367346938775, 'n_estimators': 74}",0.5138551681347694,0.1082752376671421,0.09645055481994365,0.2055425965445346,0.5482252774099718,0.10277129827226729,0.5335495936081613,0.1255886970172685,0.5627943485086342,0.5627943485086342,"{0: 0.5374067511318016, 1: 0.5374067511318015}","{0: 0.5374067511318016, 1: 0.5374067511318015}",0.5374067511318015,"[[518 119]
 [438 199]]",[0. 0. 1. ... 0. 0. 0.],[0. 1. 1. ... 1. 0. 0.]
462,AdaBoost,"{'algorithm': 'SAMME', 'learning_rate': 4.1, 'n_estimators': 63}",0.5138551681347694,0.1082752376671421,0.09645055481994365,0.2055425965445346,0.5482252774099718,0.10277129827226729,0.5335495936081613,0.1255886970172685,0.5627943485086342,0.5627943485086342,"{0: 0.5590816449753432, 1: 0.5590816449753431}","{0: 0.5590816449753432, 1: 0.5590816449753431}",0.5590816449753431,"[[518 119]
 [438 199]]",[0. 0. 1. ... 0. 0. 0.],[0. 1. 1. ... 1. 0. 0.]
564,AdaBoost,"{'algorithm': 'SAMME', 'learning_rate': 4.1, 'n_estimators': 74}",0.5138551681347694,0.1082752376671421,0.09645055481994365,0.2055425965445346,0.5482252774099718,0.10277129827226729,0.5335495936081613,0.1255886970172685,0.5627943485086342,0.5627943485086342,"{0: 0.5531053382589601, 1: 0.5531053382589601}","{0: 0.5531053382589601, 1: 0.5531053382589601}",0.5531053382589601,"[[518 119]
 [438 199]]",[0. 0. 1. ... 0. 0. 0.],[0. 1. 1. ... 1. 0. 0.]
763,AdaBoost,"{'algorithm': 'SAMME', 'learning_rate': 4.1, 'n_estimators': 74}",0.5138551681347694,0.1082752376671421,0.09645055481994365,0.2055425965445346,0.5482252774099718,0.10277129827226729,0.5335495936081613,0.1255886970172685,0.5627943485086342,0.5627943485086342,"{0: 0.5531053382589601, 1: 0.5531053382589601}","{0: 0.5531053382589601, 1: 0.5531053382589601}",0.5531053382589601,"[[518 119]
 [438 199]]",[0. 0. 1. ... 0. 0. 0.],[0. 1. 1. ... 1. 0. 0.]
846,AdaBoost,"{'algorithm': 'SAMME', 'learning_rate': 4.1, 'n_estimators': 63}",0.5138551681347694,0.1082752376671421,0.09645055481994365,0.2055425965445346,0.5482252774099718,0.10277129827226729,0.5335495936081613,0.1255886970172685,0.5627943485086342,0.5627943485086342,"{0: 0.5590816449753432, 1: 0.5590816449753431}","{0: 0.5590816449753432, 1: 0.5590816449753431}",0.5590816449753431,"[[518 119]
 [438 199]]",[0. 0. 1. ... 0. 0. 0.],[0. 1. 1. ... 1. 0. 0.]
876,AdaBoost,"{'algorithm': 'SAMME', 'learning_rate': 3.691836734693877, 'n_estimators': 63}",0.5123711443259872,0.1086406727695786,0.09617255950746559,0.20502487113335524,0.5480862797537328,0.1025124355666776,0.5334009617284764,0.12715855572998425,0.5635792778649922,0.5635792778649922,"{0: 0.5357617264995601, 1: 0.5357617264995601}","{0: 0.5357617264995601, 1: 0.5357617264995601}",0.5357617264995601,"[[521 116]
 [440 197]]",[0. 0. 1. ... 0. 0. 0.],[0. 1. 1. ... 1. 0. 0.]
971,AdaBoost,"{'algorithm': 'SAMME', 'learning_rate': 3.691836734693877, 'n_estimators': 63}",0.5123711443259872,0.1086406727695786,0.09617255950746559,0.20502487113335524,0.5480862797537328,0.1025124355666776,0.5334009617284764,0.12715855572998425,0.5635792778649922,0.5635792778649922,"{0: 0.5357617264995601, 1: 0.5357617264995601}","{0: 0.5357617264995601, 1: 0.5357617264995601}",0.5357617264995601,"[[521 116]
 [440 197]]",[0. 0. 1. ... 0. 0. 0.],[0. 1. 1. ... 1. 0. 0.]
199,AdaBoost,"{'algorithm': 'SAMME', 'learning_rate': 3.691836734693877, 'n_estimators': 85}",0.5123711443259872,0.1086406727695786,0.09617255950746559,0.20502487113335524,0.5480862797537328,0.1025124355666776,0.5334009617284764,0.12715855572998425,0.5635792778649922,0.5635792778649922,"{0: 0.5351924370762675, 1: 0.5351924370762675}","{0: 0.5351924370762675, 1: 0.5351924370762675}",0.5351924370762675,"[[521 116]
 [440 197]]",[0. 0. 1. ... 0. 0. 0.],[0. 1. 1. ... 1. 0. 0.]
406,AdaBoost,"{'algorithm': 'SAMME', 'learning_rate': 3.691836734693877, 'n_estimators': 41}",0.5123711443259872,0.1086406727695786,0.09617255950746559,0.20502487113335524,0.5480862797537328,0.1025124355666776,0.5334009617284764,0.12715855572998425,0.5635792778649922,0.5635792778649922,"{0: 0.5363334803792305, 1: 0.5363334803792306}","{0: 0.5363334803792305, 1: 0.5363334803792306}",0.5363334803792306,"[[521 116]
 [440 197]]",[0. 0. 1. ... 0. 0. 0.],[0. 1. 1. ... 1. 0. 0.]
228,SVC,"{'C': 100, 'gamma': 1, 'kernel': 'rbf'}",0.5346284384955514,0.09846705173794487,0.09573444063457293,0.18126710758845516,0.5478672203172865,0.09063355379422758,0.5487900722852966,0.1114599686028257,0.5557299843014128,0.5557299843014128,"{0: 0.5481813544159362, 1: 0.5481813544159362}","{0: 0.5481813544159362, 1: 0.5481813544159362}",0.5481813544159362,"[[275 362]
 [204 433]]",[1. 0. 1. ... 1. 1. 0.],[0. 1. 1. ... 1. 0. 0.]
246,AdaBoost,"{'algorithm': 'SAMME', 'learning_rate': 3.936734693877551, 'n_estimators': 41}",0.5126232677625573,0.10915456442060735,0.09545055481994363,0.20671173036136234,0.5477252774099718,0.10335586518068117,0.5337977296181631,0.12715855572998425,0.5635792778649922,0.5635792778649922,"{0: 0.531575847341714, 1: 0.5315758473417141}","{0: 0.531575847341714, 1: 0.5315758473417141}",0.5315758473417141,"[[520 117]
 [439 198]]",[0. 0. 1. ... 0. 0. 0.],[0. 1. 1. ... 1. 0. 0.]
307,SVC,"{'C': 1000, 'gamma': 1, 'kernel': 'rbf'}",0.5344375100855544,0.10097437599643361,0.09524126979574991,0.18589283019658326,0.5476206348978749,0.09294641509829163,0.5479032041031547,0.10989010989010994,0.554945054945055,0.554945054945055,"{0: 0.5502798390217094, 1: 0.5502798390217094}","{0: 0.5502798390217094, 1: 0.5502798390217094}",0.5502798390217094,"[[274 363]
 [204 433]]",[1. 0. 1. ... 1. 1. 0.],[0. 1. 1. ... 1. 0. 0.]
816,AdaBoost,"{'algorithm': 'SAMME', 'learning_rate': 3.936734693877551, 'n_estimators': 63}",0.5122910819200441,0.10859989234204816,0.09473626910565795,0.20564923439810628,0.547368134552829,0.10282461719905314,0.533156802310473,0.1255886970172685,0.5627943485086342,0.5627943485086342,"{0: 0.5302290219311974, 1: 0.5302290219311973}","{0: 0.5302290219311974, 1: 0.5302290219311973}",0.5302290219311973,"[[519 118]
 [439 198]]",[0. 0. 1. ... 0. 0. 0.],[0. 1. 1. ... 1. 0. 0.]
429,AdaBoost,"{'algorithm': 'SAMME', 'learning_rate': 3.936734693877551, 'n_estimators': 41}",0.5122910819200441,0.10859989234204816,0.09473626910565795,0.20564923439810628,0.547368134552829,0.10282461719905314,0.533156802310473,0.1255886970172685,0.5627943485086342,0.5627943485086342,"{0: 0.5304557519179631, 1: 0.5304557519179631}","{0: 0.5304557519179631, 1: 0.5304557519179631}",0.5304557519179631,"[[519 118]
 [439 198]]",[0. 0. 1. ... 0. 0. 0.],[0. 1. 1. ... 1. 0. 0.]
909,AdaBoost,"{'algorithm': 'SAMME', 'learning_rate': 3.936734693877551, 'n_estimators': 63}",0.5122910819200441,0.10859989234204816,0.09473626910565795,0.20564923439810628,0.547368134552829,0.10282461719905314,0.533156802310473,0.1255886970172685,0.5627943485086342,0.5627943485086342,"{0: 0.5302290219311974, 1: 0.5302290219311973}","{0: 0.5302290219311974, 1: 0.5302290219311973}",0.5302290219311973,"[[519 118]
 [439 198]]",[0. 0. 1. ... 0. 0. 0.],[0. 1. 1. ... 1. 0. 0.]
654,AdaBoost,"{'algorithm': 'SAMME', 'learning_rate': 3.936734693877551, 'n_estimators': 74}",0.5122349730249017,0.10907419944893185,0.0944981738675627,0.20654590267914674,0.5472490869337814,0.10327295133957337,0.533156802310473,0.1255886970172685,0.5627943485086342,0.5627943485086342,"{0: 0.5296190689776695, 1: 0.5296190689776696}","{0: 0.5296190689776695, 1: 0.5296190689776696}",0.5296190689776696,"[[519 118]
 [439 198]]",[0. 0. 1. ... 0. 0. 0.],[0. 1. 1. ... 1. 0. 0.]
520,AdaBoost,"{'algorithm': 'SAMME', 'learning_rate': 3.936734693877551, 'n_estimators': 74}",0.5122349730249017,0.10907419944893185,0.0944981738675627,0.20654590267914674,0.5472490869337814,0.10327295133957337,0.533156802310473,0.1255886970172685,0.5627943485086342,0.5627943485086342,"{0: 0.5296190689776695, 1: 0.5296190689776696}","{0: 0.5296190689776695, 1: 0.5296190689776696}",0.5296190689776696,"[[519 118]
 [439 198]]",[0. 0. 1. ... 0. 0. 0.],[0. 1. 1. ... 1. 0. 0.]
108,AdaBoost,"{'algorithm': 'SAMME', 'learning_rate': 3.936734693877551, 'n_estimators': 74}",0.5119027871823885,0.10851792799463209,0.09378388815327698,0.20547923863219023,0.5468919440766384,0.10273961931609511,0.5325158021827135,0.12401883830455263,0.5620094191522763,0.5620094191522763,"{0: 0.5285014380102965, 1: 0.5285014380102965}","{0: 0.5285014380102965, 1: 0.5285014380102965}",0.5285014380102965,"[[518 119]
 [439 198]]",[0. 0. 1. ... 0. 0. 0.],[0. 1. 1. ... 1. 0. 0.]
186,SVC,"{'C': 1000, 'gamma': 1, 'kernel': 'rbf'}",0.5328901661917516,0.1003906942629795,0.09228888884336894,0.1849478930785798,0.5461444444216845,0.0924739465392899,0.5461267065500843,0.10675039246467821,0.5533751962323391,0.5533751962323391,"{0: 0.549752445356841, 1: 0.549752445356841}","{0: 0.549752445356841, 1: 0.549752445356841}",0.549752445356841,"[[272 365]
 [204 433]]",[1. 0. 1. ... 1. 1. 0.],[0. 1. 1. ... 1. 0. 0.]
767,SVC,"{'C': 100, 'gamma': 1, 'kernel': 'rbf'}",0.5324752584833509,0.10040381620668316,0.091336507890988,0.18499155203873183,0.545668253945494,0.09249577601936591,0.545420400682076,0.10518053375196235,0.5525902668759811,0.5525902668759812,"{0: 0.5507850525791769, 1: 0.5507850525791769}","{0: 0.5507850525791769, 1: 0.5507850525791769}",0.5507850525791769,"[[272 365]
 [205 432]]",[1. 0. 1. ... 1. 1. 0.],[0. 1. 1. ... 1. 0. 0.]
636,SVC,"{'C': 100, 'gamma': 1, 'kernel': 'rbf'}",0.5324056607927876,0.09875258543659664,0.09067308797756808,0.18155205320989604,0.5453365439887841,0.09077602660494802,0.5464878909077486,0.10675039246467821,0.5533751962323391,0.5533751962323391,"{0: 0.55180903420419, 1: 0.5518090342041901}","{0: 0.55180903420419, 1: 0.5518090342041901}",0.5518090342041901,"[[274 363]
 [206 431]]",[1. 0. 1. ... 1. 1. 0.],[0. 1. 1. ... 1. 0. 0.]
486,SVC,"{'C': 100, 'gamma': 1, 'kernel': 'rbf'}",0.5325647994110656,0.1001226616008492,0.09047070702518713,0.18428103790628608,0.5452353535125937,0.09214051895314304,0.5461295572672523,0.10518053375196235,0.5525902668759811,0.5525902668759811,"{0: 0.5496797438936932, 1: 0.5496797438936932}","{0: 0.5496797438936932, 1: 0.5496797438936932}",0.5496797438936932,"[[276 361]
 [209 428]]",[1. 0. 1. ... 1. 1. 0.],[0. 1. 1. ... 1. 0. 0.]
559,SVC,"{'C': 0.1, 'gamma': 1, 'kernel': 'rbf'}",0.49858903394184095,0.13622165440950557,0.09041000076754113,0.21415861404275116,0.5452050003837705,0.1070793070213756,0.5368933032971533,0.10832025117739408,0.554160125588697,0.554160125588697,"{0: 0.5680621240163739, 1: 0.5680621240163739}","{0: 0.5680621240163739, 1: 0.5680621240163739}",0.5680621240163739,"[[230 407]
 [161 476]]",[1. 1. 1. ... 0. 1. 0.],[0. 1. 1. ... 1. 0. 0.]
347,AdaBoost,"{'algorithm': 'SAMME', 'learning_rate': 1.9775510204081632, 'n_estimators': 41}",0.5233394023518365,0.0989961529953357,0.08742314600161412,0.18785746052062605,0.5437115730008071,0.09392873026031302,0.5478259469149116,0.10047095761381475,0.5502354788069074,0.5502354788069074,"{0: 0.543147702264096, 1: 0.543147702264096}","{0: 0.543147702264096, 1: 0.543147702264096}",0.543147702264096,"[[397 240]
 [333 304]]",[0. 1. 1. ... 0. 0. 0.],[0. 1. 1. ... 1. 0. 0.]
840,SVC,"{'C': 1000, 'gamma': 0.1, 'kernel': 'sigmoid'}",0.5235192112219463,0.12176547102475821,0.08637806633173069,0.22430365375385847,0.5431890331658654,0.11215182687692925,0.5463384799098828,0.1161695447409733,0.5580847723704867,0.5580847723704867,"{0: 0.54657699331393, 1: 0.54657699331393}","{0: 0.54657699331393, 1: 0.54657699331393}",0.54657699331393,"[[458 179]
 [384 253]]",[0. 0. 1. ... 0. 1. 0.],[0. 1. 1. ... 1. 0. 0.]
649,AdaBoost,"{'algorithm': 'SAMME', 'learning_rate': 1.9775510204081632, 'n_estimators': 74}",0.524246914897212,0.1076783740799607,0.08631181762729077,0.205713979117322,0.5431559088136454,0.102856989558661,0.5511848708018735,0.10675039246467821,0.5533751962323391,0.5533751962323391,"{0: 0.5560750081943174, 1: 0.5560750081943175}","{0: 0.5560750081943174, 1: 0.5560750081943175}",0.5560750081943175,"[[397 240]
 [329 308]]",[0. 1. 1. ... 1. 1. 1.],[0. 1. 1. ... 1. 0. 0.]
926,AdaBoost,"{'algorithm': 'SAMME', 'learning_rate': 1.9775510204081632, 'n_estimators': 30}",0.5156144513223543,0.10430334013980776,0.0805622328907892,0.2053469616129092,0.5402811164453947,0.1026734808064546,0.5411854767476096,0.08791208791208793,0.5439560439560439,0.5439560439560439,"{0: 0.5403714921544032, 1: 0.5403714921544032}","{0: 0.5403714921544032, 1: 0.5403714921544032}",0.5403714921544032,"[[396 241]
 [340 297]]",[0. 1. 1. ... 0. 0. 0.],[0. 1. 1. ... 1. 0. 0.]
376,AdaBoost,"{'algorithm': 'SAMME', 'learning_rate': 4.018367346938775, 'n_estimators': 52}",0.5092927299007565,0.11127350488778903,0.08046733055905822,0.22177630324348646,0.5402336652795292,0.11088815162174324,0.5134359666315766,0.07221350078492939,0.5361067503924647,0.5361067503924647,"{0: 0.5194655087007632, 1: 0.5194655087007632}","{0: 0.5194655087007632, 1: 0.5194655087007632}",0.5194655087007632,"[[479 158]
 [433 204]]",[0. 0. 1. ... 0. 0. 0.],[0. 1. 1. ... 1. 0. 0.]
256,AdaBoost,"{'algorithm': 'SAMME', 'learning_rate': 1.9775510204081632, 'n_estimators': 96}",0.5237323796804942,0.1122356064361393,0.07085232016059251,0.2255998333536621,0.5354261600802963,0.11279991667683105,0.552713529856387,0.10675039246467821,0.5533751962323391,0.5533751962323391,"{0: 0.5636137802542827, 1: 0.5636137802542827}","{0: 0.5636137802542827, 1: 0.5636137802542827}",0.5636137802542827,"[[377 260]
 [309 328]]",[0. 1. 1. ... 0. 1. 1.],[0. 1. 1. ... 1. 0. 0.]
648,AdaBoost,"{'algorithm': 'SAMME', 'learning_rate': 3.0387755102040814, 'n_estimators': 74}",0.5011517399271576,0.10897131738182911,0.06910029987356912,0.2085207591889766,0.5345501499367846,0.10426037959448832,0.5059108130247798,0.04866562009419151,0.5243328100470958,0.5243328100470958,"{0: 0.512465220359367, 1: 0.512465220359367}","{0: 0.512465220359367, 1: 0.512465220359367}",0.512465220359367,"[[457 180]
 [426 211]]",[0. 0. 1. ... 0. 0. 0.],[0. 1. 1. ... 1. 0. 0.]
442,AdaBoost,"{'algorithm': 'SAMME', 'learning_rate': 1.9775510204081632, 'n_estimators': 85}",0.5241239168128952,0.08672205946668778,0.06802326356034798,0.16511549562076186,0.534011631780174,0.08255774781038093,0.5444535686895364,0.0894819466248038,0.5447409733124019,0.5447409733124018,"{0: 0.5519630627278083, 1: 0.5519630627278082}","{0: 0.5519630627278083, 1: 0.5519630627278082}",0.5519630627278082,"[[363 274]
 [306 331]]",[0. 1. 1. ... 0. 0. 0.],[0. 1. 1. ... 1. 0. 0.]
768,AdaBoost,"{'algorithm': 'SAMME', 'learning_rate': 1.9775510204081632, 'n_estimators': 85}",0.5238697557936487,0.08634139729490029,0.06730897784606225,0.1640529311209651,0.5336544889230311,0.08202646556048256,0.5439085542178326,0.08791208791208793,0.5439560439560439,0.543956043956044,"{0: 0.5474149084824125, 1: 0.5474149084824125}","{0: 0.5474149084824125, 1: 0.5474149084824125}",0.5474149084824125,"[[353 284]
 [297 340]]",[0. 1. 1. ... 0. 0. 0.],[0. 1. 1. ... 1. 0. 0.]
532,AdaBoost,"{'algorithm': 'SAMME', 'learning_rate': 1.9775510204081632, 'n_estimators': 85}",0.5238697557936487,0.08634139729490029,0.06730897784606225,0.1640529311209651,0.5336544889230311,0.08202646556048256,0.5439085542178326,0.08791208791208793,0.5439560439560439,0.543956043956044,"{0: 0.5474149084824125, 1: 0.5474149084824125}","{0: 0.5474149084824125, 1: 0.5474149084824125}",0.5474149084824125,"[[353 284]
 [297 340]]",[0. 1. 1. ... 0. 0. 0.],[0. 1. 1. ... 1. 0. 0.]
151,AdaBoost,"{'algorithm': 'SAMME.R', 'learning_rate': 1.8142857142857143, 'n_estimators': 52}",0.5253435738832686,0.10754291719914158,0.06289826383713853,0.2022750410820342,0.5314491319185692,0.10113752054101711,0.5533749210603329,0.10675039246467821,0.5533751962323391,0.553375196232339,"{0: 0.5798594766973328, 1: 0.5798594766973326}","{0: 0.5798594766973328, 1: 0.5798594766973326}",0.5798594766973326,"[[352 285]
 [284 353]]",[1. 0. 1. ... 0. 1. 0.],[0. 1. 1. ... 1. 0. 0.]
237,AdaBoost,"{'algorithm': 'SAMME', 'learning_rate': 2.2224489795918365, 'n_estimators': 41}",0.5007631760714536,0.10706480360431668,0.06158781769621349,0.19866566028814844,0.5307939088481067,0.09933283014407421,0.5083636486275263,0.06593406593406592,0.532967032967033,0.532967032967033,"{0: 0.5302709176896214, 1: 0.5302709176896214}","{0: 0.5302709176896214, 1: 0.5302709176896214}",0.5302709176896214,"[[482 155]
 [440 197]]",[0. 0. 1. ... 0. 0. 0.],[0. 1. 1. ... 1. 0. 0.]
509,AdaBoost,"{'algorithm': 'SAMME', 'learning_rate': 2.2224489795918365, 'n_estimators': 85}",0.5007631760714536,0.10706480360431668,0.06158781769621349,0.19866566028814844,0.5307939088481067,0.09933283014407421,0.5083636486275263,0.06593406593406592,0.532967032967033,0.532967032967033,"{0: 0.5315006814221884, 1: 0.5315006814221884}","{0: 0.5315006814221884, 1: 0.5315006814221884}",0.5315006814221884,"[[482 155]
 [440 197]]",[0. 0. 1. ... 0. 0. 0.],[0. 1. 1. ... 1. 0. 0.]
988,AdaBoost,"{'algorithm': 'SAMME', 'learning_rate': 2.2224489795918365, 'n_estimators': 85}",0.5007631760714536,0.10706480360431668,0.06158781769621349,0.19866566028814844,0.5307939088481067,0.09933283014407421,0.5083636486275263,0.06593406593406592,0.532967032967033,0.532967032967033,"{0: 0.5315006814221884, 1: 0.5315006814221884}","{0: 0.5315006814221884, 1: 0.5315006814221884}",0.5315006814221884,"[[482 155]
 [440 197]]",[0. 0. 1. ... 0. 0. 0.],[0. 1. 1. ... 1. 0. 0.]
900,AdaBoost,"{'algorithm': 'SAMME', 'learning_rate': 2.2224489795918365, 'n_estimators': 63}",0.5007631760714536,0.10706480360431668,0.06158781769621349,0.19866566028814844,0.5307939088481067,0.09933283014407421,0.5083636486275263,0.06593406593406592,0.532967032967033,0.532967032967033,"{0: 0.531017647972122, 1: 0.531017647972122}","{0: 0.531017647972122, 1: 0.531017647972122}",0.531017647972122,"[[482 155]
 [440 197]]",[0. 0. 1. ... 0. 0. 0.],[0. 1. 1. ... 1. 0. 0.]
815,AdaBoost,"{'algorithm': 'SAMME', 'learning_rate': 2.2224489795918365, 'n_estimators': 63}",0.5007631760714536,0.10706480360431668,0.06158781769621349,0.19866566028814844,0.5307939088481067,0.09933283014407421,0.5083636486275263,0.06593406593406592,0.532967032967033,0.532967032967033,"{0: 0.531017647972122, 1: 0.531017647972122}","{0: 0.531017647972122, 1: 0.531017647972122}",0.531017647972122,"[[482 155]
 [440 197]]",[0. 0. 1. ... 0. 0. 0.],[0. 1. 1. ... 1. 0. 0.]
383,SVC,"{'C': 1, 'gamma': 0.1, 'kernel': 'sigmoid'}",0.5232600522503605,0.12534478342422767,0.059287333562362224,0.2480670236795175,0.5296436667811811,0.12403351183975875,0.5419186696721047,0.0894819466248038,0.5447409733124019,0.5447409733124019,"{0: 0.5332713933297023, 1: 0.5332713933297024}","{0: 0.5332713933297023, 1: 0.5332713933297024}",0.5332713933297024,"[[397 240]
 [340 297]]",[1. 0. 1. ... 0. 1. 0.],[0. 1. 1. ... 1. 0. 0.]
419,AdaBoost,"{'algorithm': 'SAMME', 'learning_rate': 2.2224489795918365, 'n_estimators': 41}",0.4994298427381203,0.10768687414247384,0.05908781769621349,0.19981487348595217,0.5295439088481068,0.09990743674297609,0.506711089463249,0.06279434850863419,0.5313971742543171,0.5313971742543171,"{0: 0.5285913906680895, 1: 0.5285913906680895}","{0: 0.5285913906680895, 1: 0.5285913906680895}",0.5285913906680895,"[[481 156]
 [441 196]]",[0. 0. 1. ... 0. 0. 0.],[0. 1. 1. ... 1. 0. 0.]
830,AdaBoost,"{'algorithm': 'SAMME', 'learning_rate': 1.9775510204081632, 'n_estimators': 63}",0.516824086773075,0.09200238674193223,0.05716950431400559,0.1786845228461331,0.5285847521570028,0.08934226142306655,0.5439215879913095,0.0894819466248038,0.5447409733124019,0.5447409733124018,"{0: 0.5438020154324259, 1: 0.5438020154324259}","{0: 0.5438020154324259, 1: 0.5438020154324259}",0.5438020154324259,"[[374 263]
 [317 320]]",[0. 1. 1. ... 0. 0. 0.],[0. 1. 1. ... 1. 0. 0.]
174,SVC,"{'C': 10, 'gamma': 0.1, 'kernel': 'sigmoid'}",0.5207670323767222,0.12231723265239074,0.053959674511173755,0.2419036775227385,0.5269798372555868,0.12095183876136925,0.5385260441864215,0.08320251177394034,0.5416012558869702,0.5416012558869702,"{0: 0.5314600178919533, 1: 0.5314600178919533}","{0: 0.5314600178919533, 1: 0.5314600178919533}",0.5314600178919533,"[[397 240]
 [344 293]]",[1. 0. 1. ... 0. 1. 0.],[0. 1. 1. ... 1. 0. 0.]
77,SVC,"{'C': 0.1, 'gamma': 1, 'kernel': 'sigmoid'}",0.5201720043419266,0.08838568671065977,0.052270286344490435,0.17623320700945008,0.5261351431722452,0.08811660350472506,0.5361188665318829,0.07378335949764525,0.5368916797488226,0.5368916797488226,"{0: 0.5407300705573861, 1: 0.5407300705573861}","{0: 0.5407300705573861, 1: 0.5407300705573861}",0.5407300705573861,"[[368 269]
 [321 316]]",[0. 0. 1. ... 0. 0. 0.],[0. 1. 1. ... 1. 0. 0.]
493,AdaBoost,"{'algorithm': 'SAMME', 'learning_rate': 3.691836734693877, 'n_estimators': 96}",0.49065661863069254,0.11513837933034368,0.05178682221738047,0.2260448608520287,0.5258934111086903,0.11302243042601434,0.49614089066230793,0.031397174254317095,0.5156985871271585,0.5156985871271585,"{0: 0.49598416833222847, 1: 0.4959841683322284}","{0: 0.49598416833222847, 1: 0.4959841683322284}",0.4959841683322284,"[[454 183]
 [434 203]]",[0. 0. 1. ... 0. 0. 0.],[0. 1. 1. ... 1. 0. 0.]
611,SVC,"{'C': 1000, 'gamma': 0.1, 'kernel': 'rbf'}",0.5201159833264106,0.1202794871640092,0.05174661697182204,0.23379950615816641,0.525873308485911,0.11689975307908324,0.5398681047765793,0.0800627943485086,0.5400313971742543,0.5400313971742543,"{0: 0.5536327319238286, 1: 0.5536327319238286}","{0: 0.5536327319238286, 1: 0.5536327319238286}",0.5536327319238286,"[[356 281]
 [305 332]]",[0. 0. 1. ... 1. 1. 0.],[0. 1. 1. ... 1. 0. 0.]
546,SVC,"{'C': 100, 'gamma': 0.1, 'kernel': 'sigmoid'}",0.5194551967858397,0.124415944167609,0.051050226547973254,0.24705648032856356,0.5255251132739867,0.12352824016428177,0.53670197317632,0.0800627943485086,0.5400313971742543,0.5400313971742543,"{0: 0.529296225192166, 1: 0.529296225192166}","{0: 0.529296225192166, 1: 0.529296225192166}",0.529296225192166,"[[398 239]
 [347 290]]",[1. 0. 1. ... 0. 1. 0.],[0. 1. 1. ... 1. 0. 0.]
911,SVC,"{'C': 1000, 'gamma': 0.1, 'kernel': 'rbf'}",0.5191830787564132,0.11981123285204631,0.0505120896643606,0.23193181995458392,0.5252560448321802,0.11596590997729196,0.5382692307692307,0.07692307692307687,0.5384615384615384,0.5384615384615384,"{0: 0.5537485613735894, 1: 0.5537485613735894}","{0: 0.5537485613735894, 1: 0.5537485613735894}",0.5537485613735894,"[[356 281]
 [307 330]]",[0. 0. 1. ... 1. 1. 0.],[0. 1. 1. ... 1. 0. 0.]
981,SVC,"{'C': 1, 'gamma': 0.1, 'kernel': 'sigmoid'}",0.5187562697079732,0.12617347652103955,0.049139739610420445,0.25133502167143035,0.5245698698052103,0.1256675108357152,0.5372934888241011,0.0800627943485086,0.5400313971742543,0.5400313971742543,"{0: 0.5351567024587881, 1: 0.5351567024587882}","{0: 0.5351567024587881, 1: 0.5351567024587882}",0.5351567024587882,"[[393 244]
 [342 295]]",[1. 0. 1. ... 0. 1. 0.],[0. 1. 1. ... 1. 0. 0.]
208,SVC,"{'C': 1000, 'gamma': 0.1, 'kernel': 'rbf'}",0.5183434095169736,0.12287798417009543,0.048078082891523245,0.23953827122050786,0.5240390414457616,0.11976913561025394,0.5374027118915736,0.07535321821036112,0.5376766091051806,0.5376766091051806,"{0: 0.5540775663000377, 1: 0.5540775663000377}","{0: 0.5540775663000377, 1: 0.5540775663000377}",0.5540775663000377,"[[358 279]
 [310 327]]",[0. 0. 1. ... 1. 1. 0.],[0. 1. 1. ... 1. 0. 0.]
741,SVC,"{'C': 1000, 'gamma': 0.1, 'kernel': 'rbf'}",0.5171706189932967,0.12383675500762012,0.04650951735744048,0.2406272576396076,0.5232547586787202,0.1203136288198038,0.5382692307692307,0.07692307692307687,0.5384615384615384,0.5384615384615384,"{0: 0.5512335836399528, 1: 0.5512335836399527}","{0: 0.5512335836399528, 1: 0.5512335836399527}",0.5512335836399527,"[[356 281]
 [307 330]]",[0. 0. 1. ... 1. 1. 0.],[0. 1. 1. ... 1. 0. 0.]
2,SVC,"{'C': 100, 'gamma': 0.1, 'kernel': 'rbf'}",0.5170754753409765,0.10738810541894686,0.046406550741037916,0.20861173273598818,0.5232032753705189,0.10430586636799412,0.5414645209639886,0.08320251177394034,0.5416012558869702,0.5416012558869702,"{0: 0.5661386158134308, 1: 0.5661386158134307}","{0: 0.5661386158134308, 1: 0.5661386158134307}",0.5661386158134307,"[[356 281]
 [303 334]]",[1. 0. 1. ... 0. 1. 0.],[0. 1. 1. ... 1. 0. 0.]
44,SVC,"{'C': 1, 'gamma': 0.1, 'kernel': 'sigmoid'}",0.5174245822846211,0.12382077015506178,0.04604947987016072,0.24604911787834693,0.5230247399350804,0.12302455893917347,0.5361466671950543,0.07692307692307687,0.5384615384615384,0.5384615384615384,"{0: 0.5314945202812438, 1: 0.5314945202812438}","{0: 0.5314945202812438, 1: 0.5314945202812438}",0.5314945202812438,"[[388 249]
 [339 298]]",[1. 0. 1. ... 0. 1. 0.],[0. 1. 1. ... 1. 0. 0.]
328,SVC,"{'C': 100, 'gamma': 0.1, 'kernel': 'rbf'}",0.516676663659248,0.10760917974814464,0.04546503303835079,0.2091120389577523,0.5227325165191755,0.10455601947887616,0.5415289434441282,0.08320251177394034,0.5416012558869702,0.5416012558869702,"{0: 0.5629188035557177, 1: 0.5629188035557178}","{0: 0.5629188035557177, 1: 0.5629188035557178}",0.5629188035557178,"[[353 284]
 [300 337]]",[1. 0. 1. ... 0. 1. 0.],[0. 1. 1. ... 1. 0. 0.]
118,SVC,"{'C': 1, 'gamma': 1, 'kernel': 'sigmoid'}",0.5057544079196701,0.09222908047119961,0.039300073065365426,0.16809560503432328,0.5196500365326827,0.08404780251716165,0.5260990606139078,0.05965463108320246,0.5298273155416012,0.5298273155416013,"{0: 0.5218030455751919, 1: 0.5218030455751919}","{0: 0.5218030455751919, 1: 0.5218030455751919}",0.5218030455751919,"[[394 243]
 [356 281]]",[0. 0. 1. ... 0. 0. 0.],[0. 1. 1. ... 1. 0. 0.]
7,SVC,"{'C': 1000, 'gamma': 1, 'kernel': 'sigmoid'}",0.5098515865438527,0.08495232817516342,0.034750324704447645,0.17023615858809618,0.5173751623522239,0.08511807929404808,0.5280124440651025,0.05965463108320246,0.5298273155416012,0.5298273155416012,"{0: 0.5243525256981189, 1: 0.5243525256981187}","{0: 0.5243525256981189, 1: 0.5243525256981187}",0.5243525256981187,"[[377 260]
 [339 298]]",[0. 0. 1. ... 0. 0. 0.],[0. 1. 1. ... 1. 0. 0.]
339,SVC,"{'C': 1000, 'gamma': 1, 'kernel': 'sigmoid'}",0.5106956854092336,0.0906520809334313,0.03332868631729203,0.18241069451959743,0.516664343158646,0.0912053472597987,0.528444091539657,0.05965463108320246,0.5298273155416012,0.5298273155416013,"{0: 0.5243574546108747, 1: 0.5243574546108746}","{0: 0.5243574546108747, 1: 0.5243574546108746}",0.5243574546108746,"[[372 265]
 [334 303]]",[0. 0. 1. ... 0. 0. 0.],[0. 1. 1. ... 1. 0. 0.]
702,SVC,"{'C': 100, 'gamma': 1, 'kernel': 'sigmoid'}",0.5084575013657495,0.09412087584278266,0.029205774802392677,0.1901807342775271,0.5146028874011963,0.09509036713876355,0.5249180101153786,0.05180533751962324,0.5259026687598116,0.5259026687598116,"{0: 0.5206201065138046, 1: 0.5206201065138046}","{0: 0.5206201065138046, 1: 0.5206201065138046}",0.5206201065138046,"[[364 273]
 [331 306]]",[0. 0. 1. ... 0. 0. 0.],[0. 1. 1. ... 1. 0. 0.]
869,SVC,"{'C': 100, 'gamma': 1, 'kernel': 'sigmoid'}",0.5083802322944693,0.08814210770336928,0.029139814843937784,0.17714499860475685,0.5145699074219688,0.08857249930237843,0.5245245214370183,0.050235478806907374,0.5251177394034537,0.5251177394034536,"{0: 0.5267504417538057, 1: 0.5267504417538058}","{0: 0.5267504417538057, 1: 0.5267504417538058}",0.5267504417538058,"[[357 280]
 [325 312]]",[0. 0. 1. ... 0. 0. 0.],[0. 1. 1. ... 1. 0. 0.]
812,AdaBoost,"{'algorithm': 'SAMME', 'learning_rate': 2.059183673469388, 'n_estimators': 63}",0.4804110360945363,0.09147504724515183,0.027645838743964687,0.16805933021684522,0.5138229193719823,0.08402966510842262,0.4905608407588658,0.031397174254317095,0.5156985871271585,0.5156985871271585,"{0: 0.5340058013303136, 1: 0.5340058013303135}","{0: 0.5340058013303136, 1: 0.5340058013303135}",0.5340058013303135,"[[470 167]
 [450 187]]",[0. 1. 1. ... 1. 0. 0.],[0. 1. 1. ... 1. 0. 0.]
896,AdaBoost,"{'algorithm': 'SAMME', 'learning_rate': 2.059183673469388, 'n_estimators': 63}",0.4804110360945363,0.09147504724515183,0.027645838743964687,0.16805933021684522,0.5138229193719823,0.08402966510842262,0.4905608407588658,0.031397174254317095,0.5156985871271585,0.5156985871271585,"{0: 0.5340008724175579, 1: 0.5340008724175578}","{0: 0.5340008724175579, 1: 0.5340008724175578}",0.5340008724175578,"[[470 167]
 [450 187]]",[0. 1. 1. ... 1. 0. 0.],[0. 1. 1. ... 1. 0. 0.]
475,SVC,"{'C': 1, 'gamma': 0.1, 'kernel': 'sigmoid'}",0.5000366840910396,0.12138923447280353,0.0264921205628014,0.23227711758468023,0.5132460602814006,0.11613855879234011,0.5282712689951665,0.06436420722135006,0.5321821036106751,0.5321821036106751,"{0: 0.5195985893451693, 1: 0.5195985893451693}","{0: 0.5195985893451693, 1: 0.5195985893451693}",0.5195985893451693,"[[397 240]
 [356 281]]",[1. 0. 1. ... 0. 0. 0.],[0. 1. 1. ... 1. 0. 0.]
236,AdaBoost,"{'algorithm': 'SAMME', 'learning_rate': 2.059183673469388, 'n_estimators': 41}",0.4766951393543757,0.0944265438181779,0.02643746595830996,0.16347636919744954,0.513218732979155,0.08173818459872478,0.4898069522628248,0.031397174254317095,0.5156985871271585,0.5156985871271585,"{0: 0.5353760390764203, 1: 0.5353760390764204}","{0: 0.5353760390764203, 1: 0.5353760390764204}",0.5353760390764204,"[[472 165]
 [452 185]]",[0. 1. 1. ... 1. 0. 0.],[0. 1. 1. ... 1. 0. 0.]
522,AdaBoost,"{'algorithm': 'SAMME', 'learning_rate': 2.059183673469388, 'n_estimators': 41}",0.4766951393543757,0.0944265438181779,0.02643746595830996,0.16347636919744954,0.513218732979155,0.08173818459872478,0.4898069522628248,0.031397174254317095,0.5156985871271585,0.5156985871271585,"{0: 0.5353760390764203, 1: 0.5353760390764204}","{0: 0.5353760390764203, 1: 0.5353760390764204}",0.5353760390764204,"[[472 165]
 [452 185]]",[0. 1. 1. ... 1. 0. 0.],[0. 1. 1. ... 1. 0. 0.]
91,AdaBoost,"{'algorithm': 'SAMME', 'learning_rate': 2.059183673469388, 'n_estimators': 41}",0.4766951393543757,0.0944265438181779,0.02643746595830996,0.16347636919744954,0.513218732979155,0.08173818459872478,0.4898069522628248,0.031397174254317095,0.5156985871271585,0.5156985871271585,"{0: 0.5353760390764203, 1: 0.5353760390764204}","{0: 0.5353760390764203, 1: 0.5353760390764204}",0.5353760390764204,"[[472 165]
 [452 185]]",[0. 1. 1. ... 1. 0. 0.],[0. 1. 1. ... 1. 0. 0.]
762,AdaBoost,"{'algorithm': 'SAMME', 'learning_rate': 3.8551020408163263, 'n_estimators': 74}",0.4756714037917687,0.11524362279597448,0.023916980947539194,0.22888589604983395,0.5119584904737696,0.11444294802491697,0.49403537638831757,0.03453689167974883,0.5172684458398744,0.5172684458398744,"{0: 0.5025014232235583, 1: 0.5025014232235583}","{0: 0.5025014232235583, 1: 0.5025014232235583}",0.5025014232235583,"[[466 171]
 [444 193]]",[0. 0. 1. ... 0. 0. 0.],[0. 1. 1. ... 1. 0. 0.]
674,AdaBoost,"{'algorithm': 'SAMME', 'learning_rate': 3.8551020408163263, 'n_estimators': 74}",0.4756714037917687,0.11524362279597448,0.023916980947539194,0.22888589604983395,0.5119584904737696,0.11444294802491697,0.49403537638831757,0.03453689167974883,0.5172684458398744,0.5172684458398744,"{0: 0.5025014232235583, 1: 0.5025014232235583}","{0: 0.5025014232235583, 1: 0.5025014232235583}",0.5025014232235583,"[[466 171]
 [444 193]]",[0. 0. 1. ... 0. 0. 0.],[0. 1. 1. ... 1. 0. 0.]
547,AdaBoost,"{'algorithm': 'SAMME', 'learning_rate': 3.8551020408163263, 'n_estimators': 74}",0.4756714037917687,0.11524362279597448,0.023916980947539194,0.22888589604983395,0.5119584904737696,0.11444294802491697,0.49403537638831757,0.03453689167974883,0.5172684458398744,0.5172684458398744,"{0: 0.5025014232235583, 1: 0.5025014232235583}","{0: 0.5025014232235583, 1: 0.5025014232235583}",0.5025014232235583,"[[466 171]
 [444 193]]",[0. 0. 1. ... 0. 0. 0.],[0. 1. 1. ... 1. 0. 0.]
286,AdaBoost,"{'algorithm': 'SAMME', 'learning_rate': 2.793877551020408, 'n_estimators': 96}",0.4721074399724429,0.11593899133978926,0.021734473286395852,0.20611088890760565,0.5108672366431979,0.10305544445380281,0.5112701865204695,0.02982731554160123,0.5149136577708007,0.5149136577708007,"{0: 0.5253259859673853, 1: 0.5253259859673853}","{0: 0.5253259859673853, 1: 0.5253259859673853}",0.5253259859673853,"[[383 254]
 [364 273]]",[1. 1. 0. ... 0. 0. 0.],[0. 1. 1. ... 1. 0. 0.]
437,SVC,"{'C': 0.1, 'gamma': 0.0001, 'kernel': 'rbf'}",0.3539416398975229,0.09012092620441506,0.021384615384615384,0.11974371053636909,0.5106923076923077,0.059871855268184546,0.48942895166656586,0.0015698587127158659,0.5007849293563579,0.500784929356358,"{0: 0.4988182931668018, 1: 0.4988182931668019}","{0: 0.4988182931668018, 1: 0.4988182931668019}",0.4988182931668019,"[[414 223]
 [413 224]]",[0. 0. 0. ... 0. 0. 0.],[0. 1. 1. ... 1. 0. 0.]
318,AdaBoost,"{'algorithm': 'SAMME', 'learning_rate': 2.1408163265306124, 'n_estimators': 41}",0.4758494288412183,0.09698143728547445,0.019838054574111544,0.17151896627689225,0.5099190272870557,0.08575948313844614,0.4860844269183528,0.020408163265306145,0.5102040816326531,0.5102040816326531,"{0: 0.5409050469602164, 1: 0.5409050469602164}","{0: 0.5409050469602164, 1: 0.5409050469602164}",0.5409050469602164,"[[463 174]
 [450 187]]",[0. 1. 1. ... 1. 0. 0.],[0. 1. 1. ... 1. 0. 0.]
203,AdaBoost,"{'algorithm': 'SAMME', 'learning_rate': 2.1408163265306124, 'n_estimators': 85}",0.4758494288412183,0.09698143728547445,0.019838054574111544,0.17151896627689225,0.5099190272870557,0.08575948313844614,0.4860844269183528,0.020408163265306145,0.5102040816326531,0.5102040816326531,"{0: 0.5208985900845062, 1: 0.5208985900845062}","{0: 0.5208985900845062, 1: 0.5208985900845062}",0.5208985900845062,"[[463 174]
 [450 187]]",[0. 1. 1. ... 1. 0. 0.],[0. 1. 1. ... 1. 0. 0.]
414,AdaBoost,"{'algorithm': 'SAMME', 'learning_rate': 2.1408163265306124, 'n_estimators': 41}",0.4758494288412183,0.09698143728547445,0.019838054574111544,0.17151896627689225,0.5099190272870557,0.08575948313844614,0.4860844269183528,0.020408163265306145,0.5102040816326531,0.5102040816326531,"{0: 0.5409050469602164, 1: 0.5409050469602164}","{0: 0.5409050469602164, 1: 0.5409050469602164}",0.5409050469602164,"[[463 174]
 [450 187]]",[0. 1. 1. ... 1. 0. 0.],[0. 1. 1. ... 1. 0. 0.]
806,AdaBoost,"{'algorithm': 'SAMME', 'learning_rate': 2.1408163265306124, 'n_estimators': 63}",0.4758494288412183,0.09698143728547445,0.019838054574111544,0.17151896627689225,0.5099190272870557,0.08575948313844614,0.4860844269183528,0.020408163265306145,0.5102040816326531,0.5102040816326531,"{0: 0.529317173071378, 1: 0.529317173071378}","{0: 0.529317173071378, 1: 0.529317173071378}",0.529317173071378,"[[463 174]
 [450 187]]",[0. 1. 1. ... 1. 0. 0.],[0. 1. 1. ... 1. 0. 0.]
503,AdaBoost,"{'algorithm': 'SAMME', 'learning_rate': 2.1408163265306124, 'n_estimators': 41}",0.4758494288412183,0.09698143728547445,0.019838054574111544,0.17151896627689225,0.5099190272870557,0.08575948313844614,0.4860844269183528,0.020408163265306145,0.5102040816326531,0.5102040816326531,"{0: 0.5409050469602164, 1: 0.5409050469602164}","{0: 0.5409050469602164, 1: 0.5409050469602164}",0.5409050469602164,"[[463 174]
 [450 187]]",[0. 1. 1. ... 1. 0. 0.],[0. 1. 1. ... 1. 0. 0.]
894,AdaBoost,"{'algorithm': 'SAMME', 'learning_rate': 2.1408163265306124, 'n_estimators': 63}",0.4758494288412183,0.09698143728547445,0.019838054574111544,0.17151896627689225,0.5099190272870557,0.08575948313844614,0.4860844269183528,0.020408163265306145,0.5102040816326531,0.5102040816326531,"{0: 0.5299948985752978, 1: 0.5299948985752978}","{0: 0.5299948985752978, 1: 0.5299948985752978}",0.5299948985752978,"[[463 174]
 [450 187]]",[0. 1. 1. ... 1. 0. 0.],[0. 1. 1. ... 1. 0. 0.]
469,AdaBoost,"{'algorithm': 'SAMME', 'learning_rate': 2.304081632653061, 'n_estimators': 96}",0.4715398922681658,0.11971401459190108,0.015817135698505305,0.24142916865721958,0.5079085678492526,0.12071458432860979,0.4925625372245384,-0.007849293563579218,0.49607535321821034,0.4960753532182104,"{0: 0.483750606872383, 1: 0.4837506068723831}","{0: 0.483750606872383, 1: 0.4837506068723831}",0.4837506068723831,"[[369 268]
 [374 263]]",[0. 0. 1. ... 0. 0. 0.],[0. 1. 1. ... 1. 0. 0.]
135,AdaBoost,"{'algorithm': 'SAMME.R', 'learning_rate': 2.630612244897959, 'n_estimators': 30}",0.3550584848546592,0.03410602639560839,0.015279041251380097,0.034787505124685286,0.5076395206256901,0.01739375256234264,0.3549948606996049,0.012558869701726816,0.5062794348508635,0.5062794348508635,"{0: 0.5166646540272914, 1: 0.5166646540272913}","{0: 0.5166646540272914, 1: 0.5166646540272913}",0.5166646540272913,"[[631   6]
 [623  14]]",[0. 0. 0. ... 0. 0. 0.],[0. 1. 1. ... 1. 0. 0.]
109,SVC,"{'C': 100, 'gamma': 0.01, 'kernel': 'sigmoid'}",0.47267506519841895,0.08960086498266845,0.014710259457318289,0.16058186765159838,0.5073551297286591,0.08029093382579919,0.49881755322630716,0.04709576138147564,0.5235478806907379,0.5235478806907379,"{0: 0.5239212458319882, 1: 0.5239212458319882}","{0: 0.5239212458319882, 1: 0.5239212458319882}",0.5239212458319882,"[[475 162]
 [445 192]]",[0. 0. 1. ... 0. 0. 0.],[0. 1. 1. ... 1. 0. 0.]
956,AdaBoost,"{'algorithm': 'SAMME', 'learning_rate': 2.304081632653061, 'n_estimators': 96}",0.4710642961760038,0.11714610930206222,0.014531421412791023,0.23843884637388316,0.5072657107063955,0.11921942318694156,0.4918626756625787,-0.007849293563579218,0.49607535321821034,0.49607535321821034,"{0: 0.4687322097055221, 1: 0.4687322097055221}","{0: 0.4687322097055221, 1: 0.4687322097055221}",0.4687322097055221,"[[374 263]
 [379 258]]",[0. 0. 1. ... 0. 0. 0.],[0. 1. 1. ... 1. 0. 0.]
883,SVC,"{'C': 0.1, 'gamma': 0.0001, 'kernel': 'rbf'}",0.345,0.05715476066494083,0.013333333333333334,0.06531972647421809,0.5066666666666666,0.03265986323710904,0.34189083820662775,0.0015698587127158659,0.5007849293563579,0.5007849293563579,"{0: 0.48689771766694834, 1: 0.48689771766694845}","{0: 0.48689771766694834, 1: 0.48689771766694845}",0.48689771766694845,"[[632   5]
 [631   6]]",[0. 0. 0. ... 0. 0. 0.],[0. 1. 1. ... 1. 0. 0.]
30,AdaBoost,"{'algorithm': 'SAMME.R', 'learning_rate': 3.2836734693877547, 'n_estimators': 52}",0.43074108704465575,0.09222338564728724,0.012811188392046481,0.1444027914279164,0.5064055941960233,0.07220139571395819,0.4505631620818155,0.02982731554160123,0.5149136577708007,0.5149136577708006,"{0: 0.5592886593110858, 1: 0.559288659311086}","{0: 0.5592886593110858, 1: 0.559288659311086}",0.559288659311086,"[[546  91]
 [527 110]]",[0. 0. 0. ... 0. 0. 0.],[0. 1. 1. ... 1. 0. 0.]
146,AdaBoost,"{'algorithm': 'SAMME.R', 'learning_rate': 2.3857142857142857, 'n_estimators': 30}",0.34551020907807933,0.029603740560234505,0.007775265436434853,0.03028666299999634,0.5038876327182173,0.015143331499998178,0.34565998972778633,0.006279434850863463,0.5031397174254317,0.5031397174254317,"{0: 0.42210839172041237, 1: 0.42210839172041237}","{0: 0.42210839172041237, 1: 0.42210839172041237}",0.42210839172041237,"[[633   4]
 [629   8]]",[0. 0. 0. ... 0. 0. 0.],[0. 1. 1. ... 1. 0. 0.]
197,SVC,"{'C': 100, 'gamma': 0.01, 'kernel': 'sigmoid'}",0.46377884516427575,0.09454436205822297,0.006733633142456687,0.17347257258724946,0.5033668165712284,0.08673628629362473,0.4939490154573844,0.04552590266875978,0.5227629513343799,0.5227629513343799,"{0: 0.522827027200205, 1: 0.522827027200205}","{0: 0.522827027200205, 1: 0.522827027200205}",0.522827027200205,"[[485 152]
 [456 181]]",[0. 0. 1. ... 0. 0. 0.],[0. 1. 1. ... 1. 0. 0.]
78,AdaBoost,"{'algorithm': 'SAMME.R', 'learning_rate': 2.7122448979591836, 'n_estimators': 30}",0.34548219439317257,0.027748115614443503,0.005402344679031343,0.031064954399513615,0.5027011723395156,0.01553247719975681,0.34660958815459086,0.004709576138147598,0.5023547880690737,0.5023547880690739,"{0: 0.42752157015444747, 1: 0.4275215701544475}","{0: 0.42752157015444747, 1: 0.4275215701544475}",0.4275215701544475,"[[631   6]
 [628   9]]",[0. 0. 0. ... 0. 0. 0.],[0. 1. 1. ... 1. 0. 0.]
111,AdaBoost,"{'algorithm': 'SAMME.R', 'learning_rate': 3.0387755102040814, 'n_estimators': 30}",0.34161090628945623,0.022947721042840603,0.0050258896525763146,0.022587696272827723,0.5025129448262882,0.011293848136413853,0.34262125902992774,0.004709576138147598,0.5023547880690737,0.5023547880690737,"{0: 0.4997523221340221, 1: 0.49975232213402204}","{0: 0.4997523221340221, 1: 0.49975232213402204}",0.49975232213402204,"[[634   3]
 [631   6]]",[0. 0. 0. ... 0. 0. 0.],[0. 1. 1. ... 1. 0. 0.]
57,AdaBoost,"{'algorithm': 'SAMME.R', 'learning_rate': 2.304081632653061, 'n_estimators': 30}",0.3423400714055466,0.02737004716786373,0.0040941648102773434,0.03004434554631883,0.5020470824051386,0.015022172773159415,0.34225621103998793,0.0031397174254317317,0.5015698587127159,0.5015698587127159,"{0: 0.45525163331846447, 1: 0.4552516333184644}","{0: 0.45525163331846447, 1: 0.4552516333184644}",0.4552516333184644,"[[633   4]
 [631   6]]",[0. 0. 0. ... 0. 0. 0.],[0. 1. 1. ... 1. 0. 0.]
142,AdaBoost,"{'algorithm': 'SAMME.R', 'learning_rate': 2.957142857142857, 'n_estimators': 30}",0.34139757295612294,0.023048252258858485,0.004073508700195365,0.02327113777932383,0.5020367543500976,0.011635568889661909,0.34225621103998793,0.0031397174254317317,0.5015698587127159,0.5015698587127159,"{0: 0.5143924252468769, 1: 0.5143924252468769}","{0: 0.5143924252468769, 1: 0.5143924252468769}",0.5143924252468769,"[[633   4]
 [631   6]]",[0. 0. 0. ... 0. 0. 0.],[0. 1. 1. ... 1. 0. 0.]
59,AdaBoost,"{'algorithm': 'SAMME.R', 'learning_rate': 2.793877551020408, 'n_estimators': 30}",0.34376106723287825,0.027097055796170322,0.003786471663158326,0.030039027897323774,0.5018932358315792,0.015019513948661887,0.34491925564416936,0.0031397174254317317,0.5015698587127159,0.5015698587127159,"{0: 0.40494222082022036, 1: 0.40494222082022036}","{0: 0.40494222082022036, 1: 0.40494222082022036}",0.40494222082022036,"[[631   6]
 [629   8]]",[0. 0. 0. ... 0. 0. 0.],[0. 1. 1. ... 1. 0. 0.]
162,AdaBoost,"{'algorithm': 'SAMME.R', 'learning_rate': 2.793877551020408, 'n_estimators': 30}",0.34376106723287825,0.027097055796170322,0.003786471663158326,0.030039027897323774,0.5018932358315792,0.015019513948661887,0.34491925564416936,0.0031397174254317317,0.5015698587127159,0.5015698587127159,"{0: 0.40494222082022036, 1: 0.40494222082022036}","{0: 0.40494222082022036, 1: 0.40494222082022036}",0.40494222082022036,"[[631   6]
 [629   8]]",[0. 0. 0. ... 0. 0. 0.],[0. 1. 1. ... 1. 0. 0.]
164,AdaBoost,"{'algorithm': 'SAMME.R', 'learning_rate': 2.8755102040816327, 'n_estimators': 30}",0.3409673768881678,0.0214692601479824,0.002694198355367776,0.020203795307952507,0.5013470991776839,0.010101897653976259,0.34189083820662775,0.0015698587127158659,0.5007849293563579,0.5007849293563579,"{0: 0.5279161296205476, 1: 0.5279161296205477}","{0: 0.5279161296205476, 1: 0.5279161296205477}",0.5279161296205477,"[[632   5]
 [631   6]]",[0. 0. 0. ... 0. 0. 0.],[0. 1. 1. ... 1. 0. 0.]
149,AdaBoost,"{'algorithm': 'SAMME.R', 'learning_rate': 3.8551020408163263, 'n_estimators': 30}",0.3423550915383581,0.022387280194576656,0.0015746282702804447,0.017979002841348672,0.5007873141351402,0.008989501420674334,0.341525139741864,0.0,0.5,0.5,"{0: 0.5597519771101291, 1: 0.5597519771101291}","{0: 0.5597519771101291, 1: 0.5597519771101291}",0.5597519771101291,"[[631   6]
 [631   6]]",[0. 0. 0. ... 0. 0. 0.],[0. 1. 1. ... 1. 0. 0.]
70,AdaBoost,"{'algorithm': 'SAMME.R', 'learning_rate': 3.2020408163265306, 'n_estimators': 30}",0.3385172523914769,0.015638247569887184,0.0003625070581592338,0.02087547420915605,0.5001812535290796,0.01043773710457802,0.3384737590868989,-0.0015698587127157548,0.49921507064364207,0.49921507064364207,"{0: 0.44095162518575837, 1: 0.44095162518575837}","{0: 0.44095162518575837, 1: 0.44095162518575837}",0.44095162518575837,"[[632   5]
 [633   4]]",[0. 0. 0. ... 0. 0. 0.],[0. 1. 1. ... 1. 0. 0.]
141,AdaBoost,"{'algorithm': 'SAMME.R', 'learning_rate': 4.1, 'n_estimators': 30}",0.3385142699722477,0.015519305435200173,0.0003246282702804448,0.01909662571882595,0.5001623141351402,0.009548312859412973,0.3384737590868989,-0.0015698587127157548,0.49921507064364207,0.49921507064364207,"{0: 0.5879749315497241, 1: 0.587974931549724}","{0: 0.5879749315497241, 1: 0.587974931549724}",0.587974931549724,"[[632   5]
 [633   4]]",[0. 0. 0. ... 0. 0. 0.],[0. 1. 1. ... 1. 0. 0.]
945,AdaBoost,"{'algorithm': 'SAMME.R', 'learning_rate': 4.018367346938775, 'n_estimators': 30}",0.3385142699722477,0.015519305435200173,0.0003246282702804448,0.01909662571882595,0.5001623141351402,0.009548312859412973,0.3384737590868989,-0.0015698587127157548,0.49921507064364207,0.49921507064364207,"{0: 0.6012460291446612, 1: 0.6012460291446611}","{0: 0.6012460291446612, 1: 0.6012460291446611}",0.6012460291446611,"[[632   5]
 [633   4]]",[0. 0. 0. ... 0. 0. 0.],[0. 1. 1. ... 1. 0. 0.]
499,SVC,"{'C': 0.1, 'gamma': 0.0001, 'kernel': 'sigmoid'}",0.33333333333333337,5.874748045952207e-17,0.0,0.0,0.5,0.0,0.33747402881016236,0.0,0.5,0.5,"{0: 0.4985102361195656, 1: 0.4985102361195656}","{0: 0.4985102361195656, 1: 0.4985102361195656}",0.4985102361195656,"[[634   3]
 [634   3]]",[0. 0. 0. ... 0. 0. 0.],[0. 1. 1. ... 1. 0. 0.]
317,SVC,"{'C': 0.1, 'gamma': 0.0001, 'kernel': 'sigmoid'}",0.33642857142857147,0.015163507931514901,-0.0036363636363636333,0.017814470856604918,0.4981818181818182,0.00890723542830247,0.45029362968424935,-0.0031397174254317317,0.49843014128728413,0.49843014128728413,"{0: 0.4874546848083515, 1: 0.4874546848083515}","{0: 0.4874546848083515, 1: 0.4874546848083515}",0.4874546848083515,"[[506 131]
 [508 129]]",[0. 0. 0. ... 1. 1. 1.],[0. 1. 1. ... 1. 0. 0.]
953,SVC,"{'C': 0.1, 'gamma': 0.0001, 'kernel': 'sigmoid'}",0.34102146210596923,0.03414131701720121,-0.01003636363636363,0.03540974325458136,0.4949818181818182,0.0177048716272907,0.4911442114829261,-0.009419152276295195,0.49529042386185246,0.4952904238618524,"{0: 0.4907718430929913, 1: 0.4907718430929913}","{0: 0.4907718430929913, 1: 0.4907718430929913}",0.4907718430929913,"[[373 264]
 [379 258]]",[1. 1. 1. ... 1. 1. 1.],[0. 1. 1. ... 1. 0. 0.]
418,AdaBoost,"{'algorithm': 'SAMME', 'learning_rate': 2.059183673469388, 'n_estimators': 30}",0.45490839321648097,0.09272714063268245,-0.010902938612017885,0.16059494938897578,0.4945485306939911,0.0802974746944879,0.46253985484872223,-0.018838304552590168,0.49058084772370486,0.4905808477237049,"{0: 0.5188678780291249, 1: 0.5188678780291249}","{0: 0.5188678780291249, 1: 0.5188678780291249}",0.5188678780291249,"[[167 470]
 [179 458]]",[0. 0. 0. ... 0. 1. 1.],[0. 1. 1. ... 1. 0. 0.]
101,AdaBoost,"{'algorithm': 'SAMME.R', 'learning_rate': 2.2224489795918365, 'n_estimators': 52}",0.3379000592769451,0.028366519765194182,-0.01285616320032053,0.049427905641192545,0.4935719183998397,0.02471395282059627,0.34137904614429215,-0.006279434850863463,0.49686028257456827,0.49686028257456827,"{0: 0.5035734617479403, 1: 0.5035734617479404}","{0: 0.5035734617479403, 1: 0.5035734617479404}",0.5035734617479404,"[[626  11]
 [630   7]]",[0. 0. 0. ... 0. 0. 0.],[0. 1. 1. ... 1. 0. 0.]
781,SVC,"{'C': 0.1, 'gamma': 0.0001, 'kernel': 'sigmoid'}",0.33355570226668696,0.017336592062891044,-0.015075757575757577,0.08703961923632483,0.49246212121212124,0.04351980961816242,0.4528721423067043,-0.007849293563579218,0.49607535321821034,0.49607535321821034,"{0: 0.4871688078685163, 1: 0.48716880786851635}","{0: 0.4871688078685163, 1: 0.48716880786851635}",0.48716880786851635,"[[495 142]
 [500 137]]",[0. 0. 0. ... 0. 0. 0.],[0. 1. 1. ... 1. 0. 0.]
714,AdaBoost,"{'algorithm': 'SAMME', 'learning_rate': 2.1408163265306124, 'n_estimators': 74}",0.45600987904643864,0.09934905887012392,-0.01577586970016197,0.17034037847744093,0.492112065149919,0.08517018923872047,0.4659359085827847,-0.017268445839874413,0.4913657770800628,0.4913657770800628,"{0: 0.49449193999541613, 1: 0.4944919399954161}","{0: 0.49449193999541613, 1: 0.4944919399954161}",0.4944919399954161,"[[174 463]
 [185 452]]",[0. 0. 0. ... 0. 1. 1.],[0. 1. 1. ... 1. 0. 0.]
629,AdaBoost,"{'algorithm': 'SAMME', 'learning_rate': 2.1408163265306124, 'n_estimators': 74}",0.45600987904643864,0.09934905887012392,-0.01577586970016197,0.17034037847744093,0.492112065149919,0.08517018923872047,0.4659359085827847,-0.017268445839874413,0.4913657770800628,0.4913657770800628,"{0: 0.49449193999541613, 1: 0.4944919399954161}","{0: 0.49449193999541613, 1: 0.4944919399954161}",0.4944919399954161,"[[174 463]
 [185 452]]",[0. 0. 0. ... 0. 1. 1.],[0. 1. 1. ... 1. 0. 0.]
974,AdaBoost,"{'algorithm': 'SAMME', 'learning_rate': 2.1408163265306124, 'n_estimators': 52}",0.45600987904643864,0.09934905887012392,-0.01577586970016197,0.17034037847744093,0.492112065149919,0.08517018923872047,0.4659359085827847,-0.017268445839874413,0.4913657770800628,0.4913657770800628,"{0: 0.4969218939840156, 1: 0.4969218939840155}","{0: 0.4969218939840156, 1: 0.4969218939840155}",0.4969218939840155,"[[174 463]
 [185 452]]",[0. 0. 0. ... 0. 1. 1.],[0. 1. 1. ... 1. 0. 0.]
89,AdaBoost,"{'algorithm': 'SAMME.R', 'learning_rate': 2.1408163265306124, 'n_estimators': 74}",0.361250159519592,0.06712623959784561,-0.02628491504608446,0.124621325190492,0.48685754247695784,0.062310662595245994,0.3806429921488805,-0.007849293563579218,0.49607535321821034,0.49607535321821034,"{0: 0.5275427644792974, 1: 0.5275427644792974}","{0: 0.5275427644792974, 1: 0.5275427644792974}",0.5275427644792974,"[[591  46]
 [596  41]]",[1. 0. 0. ... 0. 1. 0.],[0. 1. 1. ... 1. 0. 0.]
361,SVC,"{'C': 0.1, 'gamma': 0.001, 'kernel': 'sigmoid'}",0.35119831115347316,0.053484203929180886,-0.02819180819180819,0.09386145558395352,0.48590409590409595,0.04693072779197676,0.45163990229957385,-0.047095761381475754,0.4764521193092622,0.4764521193092621,"{0: 0.4757830194026651, 1: 0.47578301940266504}","{0: 0.4757830194026651, 1: 0.47578301940266504}",0.47578301940266504,"[[439 198]
 [469 168]]",[0. 0. 0. ... 0. 0. 0.],[0. 1. 1. ... 1. 0. 0.]
33,SVC,"{'C': 0.1, 'gamma': 0.001, 'kernel': 'rbf'}",0.3599785695414375,0.053420979298949255,-0.029346542346542343,0.09439073881729099,0.48532672882672884,0.0471953694086455,0.38336244449588586,-0.047095761381475754,0.4764521193092622,0.4764521193092622,"{0: 0.4420101092000621, 1: 0.4420101092000622}","{0: 0.4420101092000621, 1: 0.4420101092000622}",0.4420101092000622,"[[551  86]
 [581  56]]",[0. 0. 0. ... 0. 0. 0.],[0. 1. 1. ... 1. 0. 0.]
639,AdaBoost,"{'algorithm': 'SAMME', 'learning_rate': 2.059183673469388, 'n_estimators': 74}",0.44658121544555435,0.10337458256563845,-0.031109168007293953,0.17213452814096705,0.484445415996353,0.08606726407048353,0.45485665382969614,-0.03610675039246458,0.48194662480376765,0.4819466248037676,"{0: 0.46755419955689076, 1: 0.4675541995568907}","{0: 0.46755419955689076, 1: 0.4675541995568907}",0.4675541995568907,"[[165 472]
 [188 449]]",[0. 0. 0. ... 0. 1. 1.],[0. 1. 1. ... 1. 0. 0.]
740,AdaBoost,"{'algorithm': 'SAMME', 'learning_rate': 2.059183673469388, 'n_estimators': 74}",0.44658121544555435,0.10337458256563845,-0.031109168007293953,0.17213452814096705,0.484445415996353,0.08606726407048353,0.45485665382969614,-0.03610675039246458,0.48194662480376765,0.4819466248037676,"{0: 0.46755419955689076, 1: 0.4675541995568907}","{0: 0.46755419955689076, 1: 0.4675541995568907}",0.4675541995568907,"[[165 472]
 [188 449]]",[0. 0. 0. ... 0. 1. 1.],[0. 1. 1. ... 1. 0. 0.]
326,AdaBoost,"{'algorithm': 'SAMME', 'learning_rate': 2.059183673469388, 'n_estimators': 74}",0.44658121544555435,0.10337458256563845,-0.031109168007293953,0.17213452814096705,0.484445415996353,0.08606726407048353,0.45485665382969614,-0.03610675039246458,0.48194662480376765,0.4819466248037676,"{0: 0.46755419955689076, 1: 0.4675541995568907}","{0: 0.46755419955689076, 1: 0.4675541995568907}",0.4675541995568907,"[[165 472]
 [188 449]]",[0. 0. 0. ... 0. 1. 1.],[0. 1. 1. ... 1. 0. 0.]
715,SVC,"{'C': 0.1, 'gamma': 0.0001, 'kernel': 'rbf'}",0.33885566571662473,0.02839967000088857,-0.0328985221674877,0.09001053341472671,0.48355073891625616,0.045005266707363344,0.46879069206278556,-0.047095761381475754,0.4764521193092622,0.4764521193092622,"{0: 0.4763707922487918, 1: 0.4763707922487918}","{0: 0.4763707922487918, 1: 0.4763707922487918}",0.4763707922487918,"[[380 257]
 [410 227]]",[0. 0. 0. ... 0. 0. 0.],[0. 1. 1. ... 1. 0. 0.]
133,AdaBoost,"{'algorithm': 'SAMME.R', 'learning_rate': 1.9775510204081632, 'n_estimators': 30}",0.4021670006078936,0.08932541336813551,-0.03616095715976216,0.16718239054391554,0.4819195214201189,0.08359119527195777,0.48022176862698696,-0.03924646781789631,0.4803767660910518,0.4803767660910518,"{0: 0.4556052828086916, 1: 0.4556052828086917}","{0: 0.4556052828086916, 1: 0.4556052828086917}",0.4556052828086917,"[[295 342]
 [320 317]]",[1. 1. 0. ... 1. 1. 1.],[0. 1. 1. ... 1. 0. 0.]
238,SVC,"{'C': 1, 'gamma': 0.0001, 'kernel': 'sigmoid'}",0.3712675302208415,0.10888461686372071,-0.037304457619675005,0.19195606849367802,0.4813477711901626,0.09597803424683903,0.4220935603061494,-0.03610675039246458,0.48194662480376765,0.4819466248037677,"{0: 0.4287069736722125, 1: 0.42870697367221255}","{0: 0.4287069736722125, 1: 0.42870697367221255}",0.42870697367221255,"[[512 125]
 [535 102]]",[0. 0. 0. ... 1. 0. 1.],[0. 1. 1. ... 1. 0. 0.]
350,SVC,"{'C': 1, 'gamma': 0.0001, 'kernel': 'rbf'}",0.3455026352411459,0.04174201456928475,-0.04305947884643536,0.10540888274820069,0.4784702605767823,0.052704441374100346,0.4019289860020485,-0.03610675039246458,0.48194662480376765,0.48194662480376765,"{0: 0.4779517410152082, 1: 0.47795174101520815}","{0: 0.4779517410152082, 1: 0.47795174101520815}",0.47795174101520815,"[[540  97]
 [563  74]]",[0. 0. 0. ... 0. 0. 0.],[0. 1. 1. ... 1. 0. 0.]
615,AdaBoost,"{'algorithm': 'SAMME', 'learning_rate': 2.7122448979591836, 'n_estimators': 74}",0.43917693609342623,0.11159737971098821,-0.04331333894194376,0.2045342833690635,0.4783433305290281,0.10226714168453176,0.45682754677549736,-0.08634222919937207,0.45682888540031397,0.45682888540031397,"{0: 0.4435208209597086, 1: 0.4435208209597086}","{0: 0.4435208209597086, 1: 0.4435208209597086}",0.4435208209597086,"[[290 347]
 [345 292]]",[1. 1. 0. ... 0. 0. 0.],[0. 1. 1. ... 1. 0. 0.]
306,AdaBoost,"{'algorithm': 'SAMME', 'learning_rate': 2.7122448979591836, 'n_estimators': 74}",0.4387347951305539,0.11221145381882562,-0.044027624656229475,0.20578111250200534,0.4779861876718853,0.10289055625100267,0.4560409397763617,-0.08791208791208782,0.45604395604395603,0.45604395604395603,"{0: 0.44200394805911736, 1: 0.4420039480591174}","{0: 0.44200394805911736, 1: 0.4420039480591174}",0.4420039480591174,"[[289 348]
 [345 292]]",[1. 1. 0. ... 0. 0. 0.],[0. 1. 1. ... 1. 0. 0.]
495,AdaBoost,"{'algorithm': 'SAMME', 'learning_rate': 2.7122448979591836, 'n_estimators': 74}",0.4387347951305539,0.11221145381882562,-0.044027624656229475,0.20578111250200534,0.4779861876718853,0.10289055625100267,0.4560409397763617,-0.08791208791208782,0.45604395604395603,0.45604395604395603,"{0: 0.44200394805911736, 1: 0.4420039480591174}","{0: 0.44200394805911736, 1: 0.4420039480591174}",0.4420039480591174,"[[289 348]
 [345 292]]",[1. 1. 0. ... 0. 0. 0.],[0. 1. 1. ... 1. 0. 0.]
166,SVC,"{'C': 0.1, 'gamma': 0.001, 'kernel': 'rbf'}",0.3631146628059028,0.07182359461129822,-0.0553570172642225,0.15234011375300255,0.47232149136788876,0.07617005687650126,0.4297707615072885,-0.10361067503924648,0.44819466248037676,0.44819466248037676,"{0: 0.4319329470708703, 1: 0.43193294707087027}","{0: 0.4319329470708703, 1: 0.43193294707087027}",0.43193294707087027,"[[400 237]
 [466 171]]",[0. 0. 0. ... 0. 0. 0.],[0. 1. 1. ... 1. 0. 0.]
323,AdaBoost,"{'algorithm': 'SAMME', 'learning_rate': 2.2224489795918365, 'n_estimators': 96}",0.43117860098130306,0.09691216605298679,-0.0602886827703919,0.17864208421104857,0.46985565861480405,0.08932104210552429,0.43823789557725773,-0.061224489795918435,0.46938775510204084,0.4693877551020408,"{0: 0.46789059785247267, 1: 0.4678905978524727}","{0: 0.46789059785247267, 1: 0.4678905978524727}",0.4678905978524727,"[[149 488]
 [188 449]]",[1. 1. 0. ... 1. 1. 1.],[0. 1. 1. ... 1. 0. 0.]
28,SVC,"{'C': 1, 'gamma': 0.0001, 'kernel': 'sigmoid'}",0.35828405107239314,0.0921315802464624,-0.06235285629403275,0.1847694547076944,0.4688235718529837,0.0923847273538472,0.4689124996051231,-0.05651491365777073,0.4717425431711146,0.47174254317111464,"{0: 0.46552102304513165, 1: 0.46552102304513154}","{0: 0.46552102304513165, 1: 0.46552102304513154}",0.46552102304513154,"[[254 383]
 [290 347]]",[1. 1. 0. ... 1. 0. 0.],[0. 1. 1. ... 1. 0. 0.]
637,AdaBoost,"{'algorithm': 'SAMME', 'learning_rate': 2.2224489795918365, 'n_estimators': 74}",0.43173626924233427,0.09655409416344135,-0.0635821300638392,0.17712797818705686,0.4682089349680804,0.08856398909352843,0.43892606622183966,-0.06279434850863419,0.4686028257456829,0.4686028257456829,"{0: 0.4667668057441549, 1: 0.4667668057441549}","{0: 0.4667668057441549, 1: 0.4667668057441549}",0.4667668057441549,"[[152 485]
 [192 445]]",[1. 1. 0. ... 1. 1. 1.],[0. 1. 1. ... 1. 0. 0.]
724,AdaBoost,"{'algorithm': 'SAMME', 'learning_rate': 2.2224489795918365, 'n_estimators': 74}",0.43173626924233427,0.09655409416344135,-0.0635821300638392,0.17712797818705686,0.4682089349680804,0.08856398909352843,0.43892606622183966,-0.06279434850863419,0.4686028257456829,0.4686028257456829,"{0: 0.4667668057441549, 1: 0.4667668057441549}","{0: 0.4667668057441549, 1: 0.4667668057441549}",0.4667668057441549,"[[152 485]
 [192 445]]",[1. 1. 0. ... 1. 1. 1.],[0. 1. 1. ... 1. 0. 0.]
156,SVC,"{'C': 1, 'gamma': 0.0001, 'kernel': 'sigmoid'}",0.35025107451830695,0.07675447324292034,-0.06419716753834401,0.1632807664295734,0.467901416230828,0.08164038321478669,0.4226367760300233,-0.12244897959183665,0.4387755102040816,0.4387755102040816,"{0: 0.445033997175733, 1: 0.44503399717573294}","{0: 0.445033997175733, 1: 0.44503399717573294}",0.44503399717573294,"[[386 251]
 [464 173]]",[0. 0. 0. ... 0. 0. 0.],[0. 1. 1. ... 1. 0. 0.]
336,AdaBoost,"{'algorithm': 'SAMME', 'learning_rate': 3.936734693877551, 'n_estimators': 52}",0.4110539022080904,0.10344778081945367,-0.09592451114847272,0.20573027018466647,0.45203774442576367,0.10286513509233323,0.4495851275802797,-0.10047095761381475,0.4497645211930926,0.4497645211930926,"{0: 0.42157360468641025, 1: 0.42157360468641025}","{0: 0.42157360468641025, 1: 0.42157360468641025}",0.42157360468641025,"[[298 339]
 [362 275]]",[1. 1. 0. ... 1. 1. 1.],[0. 1. 1. ... 1. 0. 0.]
729,AdaBoost,"{'algorithm': 'SAMME', 'learning_rate': 3.936734693877551, 'n_estimators': 52}",0.4110539022080904,0.10344778081945367,-0.09592451114847272,0.20573027018466647,0.45203774442576367,0.10286513509233323,0.4495851275802797,-0.10047095761381475,0.4497645211930926,0.4497645211930926,"{0: 0.42157360468641025, 1: 0.42157360468641025}","{0: 0.42157360468641025, 1: 0.42157360468641025}",0.42157360468641025,"[[298 339]
 [362 275]]",[1. 1. 0. ... 1. 1. 1.],[0. 1. 1. ... 1. 0. 0.]
994,AdaBoost,"{'algorithm': 'SAMME', 'learning_rate': 3.936734693877551, 'n_estimators': 52}",0.4110539022080904,0.10344778081945367,-0.09592451114847272,0.20573027018466647,0.45203774442576367,0.10286513509233323,0.4495851275802797,-0.10047095761381475,0.4497645211930926,0.4497645211930926,"{0: 0.42157360468641025, 1: 0.42157360468641025}","{0: 0.42157360468641025, 1: 0.42157360468641025}",0.42157360468641025,"[[298 339]
 [362 275]]",[1. 1. 0. ... 1. 1. 1.],[0. 1. 1. ... 1. 0. 0.]
710,AdaBoost,"{'algorithm': 'SAMME', 'learning_rate': 3.7734693877551018, 'n_estimators': 52}",0.4061812595397484,0.10881652939964054,-0.097096320931227,0.20464720974012995,0.45145183953438656,0.10232360487006499,0.39478234441019744,-0.1287284144427001,0.43563579277864994,0.43563579277864994,"{0: 0.40439511150432883, 1: 0.40439511150432883}","{0: 0.40439511150432883, 1: 0.40439511150432883}",0.40439511150432883,"[[112 525]
 [194 443]]",[1. 1. 0. ... 1. 1. 1.],[0. 1. 1. ... 1. 0. 0.]
695,AdaBoost,"{'algorithm': 'SAMME', 'learning_rate': 2.304081632653061, 'n_estimators': 74}",0.4034393386049833,0.09914333121946031,-0.09861999877843423,0.19055720282159927,0.45069000061078285,0.09527860141079965,0.3987277010573407,-0.1208791208791209,0.43956043956043955,0.43956043956043955,"{0: 0.42692270725462017, 1: 0.42692270725462017}","{0: 0.42692270725462017, 1: 0.42692270725462017}",0.42692270725462017,"[[114 523]
 [191 446]]",[1. 1. 0. ... 1. 1. 1.],[0. 1. 1. ... 1. 0. 0.]
288,AdaBoost,"{'algorithm': 'SAMME', 'learning_rate': 2.304081632653061, 'n_estimators': 74}",0.4038768386049833,0.09866060075588559,-0.09861999877843423,0.19055720282159927,0.45069000061078285,0.09527860141079965,0.40080627099664057,-0.1208791208791209,0.43956043956043955,0.43956043956043955,"{0: 0.4271494372413861, 1: 0.4271494372413861}","{0: 0.4271494372413861, 1: 0.4271494372413861}",0.4271494372413861,"[[118 519]
 [195 442]]",[1. 1. 0. ... 1. 1. 1.],[0. 1. 1. ... 1. 0. 0.]
303,AdaBoost,"{'algorithm': 'SAMME', 'learning_rate': 3.691836734693877, 'n_estimators': 52}",0.40463628599477486,0.10977180775352473,-0.0993185431534492,0.20628890927480353,0.4503407284232754,0.10314445463740177,0.39367499266286454,-0.1302982731554161,0.434850863422292,0.434850863422292,"{0: 0.4056704676798868, 1: 0.40567046767988674}","{0: 0.4056704676798868, 1: 0.40567046767988674}",0.40567046767988674,"[[111 526]
 [194 443]]",[1. 1. 0. ... 1. 1. 1.],[0. 1. 1. ... 1. 0. 0.]
606,AdaBoost,"{'algorithm': 'SAMME', 'learning_rate': 2.304081632653061, 'n_estimators': 74}",0.4022948842870413,0.09939113919575027,-0.10186999877843426,0.1913100038030743,0.4490650006107828,0.09565500190153715,0.39757069191428207,-0.12401883830455263,0.4379905808477237,0.4379905808477237,"{0: 0.426077398717004, 1: 0.42607739871700395}","{0: 0.426077398717004, 1: 0.42607739871700395}",0.42607739871700395,"[[114 523]
 [193 444]]",[1. 1. 0. ... 1. 1. 1.],[0. 1. 1. ... 1. 0. 0.]
659,AdaBoost,"{'algorithm': 'SAMME', 'learning_rate': 3.5285714285714285, 'n_estimators': 74}",0.40320290456139346,0.09521323815281636,-0.10309632093122702,0.17938596545785299,0.44845183953438644,0.08969298272892648,0.39478234441019744,-0.1287284144427001,0.43563579277864994,0.43563579277864994,"{0: 0.40993274498544735, 1: 0.4099327449854474}","{0: 0.40993274498544735, 1: 0.4099327449854474}",0.4099327449854474,"[[112 525]
 [194 443]]",[1. 1. 0. ... 1. 1. 1.],[0. 1. 1. ... 1. 0. 0.]
600,AdaBoost,"{'algorithm': 'SAMME', 'learning_rate': 3.2836734693877547, 'n_estimators': 74}",0.40370481537064734,0.09676074179522659,-0.10329198637689245,0.18236492537652804,0.4483540068115537,0.09118246268826402,0.3969917515769045,-0.12558869701726838,0.43720565149136575,0.4372056514913658,"{0: 0.46276452858646183, 1: 0.46276452858646183}","{0: 0.46276452858646183, 1: 0.46276452858646183}",0.46276452858646183,"[[114 523]
 [194 443]]",[1. 1. 0. ... 1. 1. 1.],[0. 1. 1. ... 1. 0. 0.]
693,AdaBoost,"{'algorithm': 'SAMME', 'learning_rate': 3.2836734693877547, 'n_estimators': 74}",0.40370481537064734,0.09676074179522659,-0.10329198637689245,0.18236492537652804,0.4483540068115537,0.09118246268826402,0.3969917515769045,-0.12558869701726838,0.43720565149136575,0.4372056514913658,"{0: 0.46276452858646183, 1: 0.46276452858646183}","{0: 0.46276452858646183, 1: 0.46276452858646183}",0.46276452858646183,"[[114 523]
 [194 443]]",[1. 1. 0. ... 1. 1. 1.],[0. 1. 1. ... 1. 0. 0.]
281,AdaBoost,"{'algorithm': 'SAMME', 'learning_rate': 3.2836734693877547, 'n_estimators': 52}",0.40370481537064734,0.09676074179522659,-0.10329198637689245,0.18236492537652804,0.4483540068115537,0.09118246268826402,0.3969917515769045,-0.12558869701726838,0.43720565149136575,0.4372056514913658,"{0: 0.4650466151923878, 1: 0.4650466151923878}","{0: 0.4650466151923878, 1: 0.4650466151923878}",0.4650466151923878,"[[114 523]
 [194 443]]",[1. 1. 0. ... 1. 1. 1.],[0. 1. 1. ... 1. 0. 0.]
619,AdaBoost,"{'algorithm': 'SAMME', 'learning_rate': 3.2020408163265306, 'n_estimators': 74}",0.40276905957958525,0.09601058334894834,-0.10579198637689245,0.18006042340198522,0.4471040068115537,0.09003021170099261,0.39583298980903564,-0.1287284144427001,0.43563579277864994,0.43563579277864994,"{0: 0.4470757992848148, 1: 0.4470757992848148}","{0: 0.4470757992848148, 1: 0.4470757992848148}",0.4470757992848148,"[[114 523]
 [196 441]]",[1. 1. 0. ... 1. 1. 1.],[0. 1. 1. ... 1. 0. 0.]
744,AdaBoost,"{'algorithm': 'SAMME', 'learning_rate': 3.5285714285714285, 'n_estimators': 30}",0.40161790645566403,0.09543193751268891,-0.10581060664551273,0.18079344873624678,0.4470946966772436,0.09039672436812338,0.39256586652312175,-0.13186813186813184,0.4340659340659341,0.4340659340659341,"{0: 0.4088915121657889, 1: 0.4088915121657889}","{0: 0.4088915121657889, 1: 0.4088915121657889}",0.4088915121657889,"[[110 527]
 [194 443]]",[1. 1. 0. ... 1. 1. 1.],[0. 1. 1. ... 1. 0. 0.]
673,AdaBoost,"{'algorithm': 'SAMME', 'learning_rate': 3.3653061224489793, 'n_estimators': 74}",0.40210094251014383,0.09616162008920133,-0.10608044791535398,0.18070788947981228,0.44695977604232295,0.09035394473990616,0.3953097202005499,-0.1287284144427001,0.43563579277864994,0.43563579277864994,"{0: 0.4545098319487196, 1: 0.4545098319487195}","{0: 0.4545098319487196, 1: 0.4545098319487195}",0.4545098319487195,"[[113 524]
 [195 442]]",[1. 1. 0. ... 1. 1. 1.],[0. 1. 1. ... 1. 0. 0.]
766,AdaBoost,"{'algorithm': 'SAMME', 'learning_rate': 3.3653061224489793, 'n_estimators': 30}",0.40210094251014383,0.09616162008920133,-0.10608044791535398,0.18070788947981228,0.44695977604232295,0.09035394473990616,0.3953097202005499,-0.1287284144427001,0.43563579277864994,0.43563579277864994,"{0: 0.46470282352767217, 1: 0.4647028235276721}","{0: 0.46470282352767217, 1: 0.4647028235276721}",0.4647028235276721,"[[113 524]
 [195 442]]",[1. 1. 0. ... 1. 1. 1.],[0. 1. 1. ... 1. 0. 0.]
558,AdaBoost,"{'algorithm': 'SAMME', 'learning_rate': 3.3653061224489793, 'n_estimators': 74}",0.40210094251014383,0.09616162008920133,-0.10608044791535398,0.18070788947981228,0.44695977604232295,0.09035394473990616,0.3953097202005499,-0.1287284144427001,0.43563579277864994,0.43563579277864994,"{0: 0.4545098319487196, 1: 0.4545098319487195}","{0: 0.4545098319487196, 1: 0.4545098319487195}",0.4545098319487195,"[[113 524]
 [195 442]]",[1. 1. 0. ... 1. 1. 1.],[0. 1. 1. ... 1. 0. 0.]
987,AdaBoost,"{'algorithm': 'SAMME', 'learning_rate': 3.610204081632653, 'n_estimators': 30}",0.40051507387356283,0.09590995600529624,-0.10731854315344921,0.1813891325282001,0.4463407284232753,0.09069456626410005,0.39256586652312175,-0.13186813186813184,0.4340659340659341,0.4340659340659341,"{0: 0.40737587149338667, 1: 0.4073758714933866}","{0: 0.40737587149338667, 1: 0.4073758714933866}",0.4073758714933866,"[[110 527]
 [194 443]]",[1. 1. 0. ... 1. 1. 1.],[0. 1. 1. ... 1. 0. 0.]
510,AdaBoost,"{'algorithm': 'SAMME', 'learning_rate': 3.610204081632653, 'n_estimators': 52}",0.40051507387356283,0.09590995600529624,-0.10731854315344921,0.1813891325282001,0.4463407284232753,0.09069456626410005,0.39256586652312175,-0.13186813186813184,0.4340659340659341,0.4340659340659341,"{0: 0.40626440166695826, 1: 0.4062644016669583}","{0: 0.40626440166695826, 1: 0.4062644016669583}",0.4062644016669583,"[[110 527]
 [194 443]]",[1. 1. 0. ... 1. 1. 1.],[0. 1. 1. ... 1. 0. 0.]
631,AdaBoost,"{'algorithm': 'SAMME', 'learning_rate': 3.610204081632653, 'n_estimators': 74}",0.40051507387356283,0.09590995600529624,-0.10731854315344921,0.1813891325282001,0.4463407284232753,0.09069456626410005,0.39256586652312175,-0.13186813186813184,0.4340659340659341,0.4340659340659341,"{0: 0.40586269527736224, 1: 0.4058626952773622}","{0: 0.40586269527736224, 1: 0.4058626952773622}",0.4058626952773622,"[[110 527]
 [194 443]]",[1. 1. 0. ... 1. 1. 1.],[0. 1. 1. ... 1. 0. 0.]
723,AdaBoost,"{'algorithm': 'SAMME', 'learning_rate': 3.610204081632653, 'n_estimators': 30}",0.40051507387356283,0.09590995600529624,-0.10731854315344921,0.1813891325282001,0.4463407284232753,0.09069456626410005,0.39256586652312175,-0.13186813186813184,0.4340659340659341,0.4340659340659341,"{0: 0.4073044022584278, 1: 0.4073044022584278}","{0: 0.4073044022584278, 1: 0.4073044022584278}",0.4073044022584278,"[[110 527]
 [194 443]]",[1. 1. 0. ... 1. 1. 1.],[0. 1. 1. ... 1. 0. 0.]
466,AdaBoost,"{'algorithm': 'SAMME', 'learning_rate': 3.8551020408163263, 'n_estimators': 52}",0.40051507387356283,0.09590995600529624,-0.10731854315344921,0.1813891325282001,0.4463407284232753,0.09069456626410005,0.39256586652312175,-0.13186813186813184,0.4340659340659341,0.4340659340659341,"{0: 0.4024346364557174, 1: 0.4024346364557174}","{0: 0.4024346364557174, 1: 0.4024346364557174}",0.4024346364557174,"[[110 527]
 [194 443]]",[1. 1. 0. ... 1. 1. 1.],[0. 1. 1. ... 1. 0. 0.]
616,AdaBoost,"{'algorithm': 'SAMME', 'learning_rate': 3.691836734693877, 'n_estimators': 74}",0.40051507387356283,0.09590995600529624,-0.10731854315344921,0.1813891325282001,0.4463407284232753,0.09069456626410005,0.39256586652312175,-0.13186813186813184,0.4340659340659341,0.4340659340659341,"{0: 0.40564705534429685, 1: 0.40564705534429685}","{0: 0.40564705534429685, 1: 0.40564705534429685}",0.40564705534429685,"[[110 527]
 [194 443]]",[1. 1. 0. ... 1. 1. 1.],[0. 1. 1. ... 1. 0. 0.]
700,AdaBoost,"{'algorithm': 'SAMME', 'learning_rate': 3.691836734693877, 'n_estimators': 74}",0.40051507387356283,0.09590995600529624,-0.10731854315344921,0.1813891325282001,0.4463407284232753,0.09069456626410005,0.39256586652312175,-0.13186813186813184,0.4340659340659341,0.4340659340659341,"{0: 0.40564705534429685, 1: 0.40564705534429685}","{0: 0.40564705534429685, 1: 0.40564705534429685}",0.40564705534429685,"[[110 527]
 [194 443]]",[1. 1. 0. ... 1. 1. 1.],[0. 1. 1. ... 1. 0. 0.]
755,AdaBoost,"{'algorithm': 'SAMME', 'learning_rate': 2.3857142857142857, 'n_estimators': 96}",0.4010140419779026,0.10023876651116581,-0.1093170887255242,0.18831883104562475,0.4453414556372378,0.09415941552281237,0.39467304051333457,-0.13186813186813184,0.4340659340659341,0.4340659340659341,"{0: 0.42479711362869016, 1: 0.4247971136286902}","{0: 0.42479711362869016, 1: 0.4247971136286902}",0.4247971136286902,"[[114 523]
 [198 439]]",[1. 1. 0. ... 1. 1. 1.],[0. 1. 1. ... 1. 0. 0.]
543,AdaBoost,"{'algorithm': 'SAMME', 'learning_rate': 2.3857142857142857, 'n_estimators': 74}",0.4021066769141909,0.10059059600396375,-0.10951285592129142,0.18907668200524677,0.44524357203935433,0.09453834100262337,0.39662835852225026,-0.13343799058084782,0.43328100470957615,0.43328100470957615,"{0: 0.43687294988035064, 1: 0.4368729498803507}","{0: 0.43687294988035064, 1: 0.4368729498803507}",0.4368729498803507,"[[119 518]
 [204 433]]",[1. 1. 0. ... 1. 1. 1.],[0. 1. 1. ... 1. 0. 0.]
357,AdaBoost,"{'algorithm': 'SAMME', 'learning_rate': 2.3857142857142857, 'n_estimators': 52}",0.4021066769141909,0.10059059600396375,-0.10951285592129142,0.18907668200524677,0.44524357203935433,0.09453834100262337,0.39662835852225026,-0.13343799058084782,0.43328100470957615,0.43328100470957615,"{0: 0.44612451912294926, 1: 0.44612451912294926}","{0: 0.44612451912294926, 1: 0.44612451912294926}",0.44612451912294926,"[[119 518]
 [204 433]]",[1. 1. 0. ... 1. 1. 1.],[0. 1. 1. ... 1. 0. 0.]
549,AdaBoost,"{'algorithm': 'SAMME', 'learning_rate': 3.446938775510204, 'n_estimators': 74}",0.3996066489651379,0.09601802503880524,-0.10998520982011588,0.18126189356307104,0.445007395089942,0.09063094678153552,0.39199075653137255,-0.13343799058084782,0.43328100470957615,0.43328100470957615,"{0: 0.40942629919979107, 1: 0.409426299199791}","{0: 0.40942629919979107, 1: 0.409426299199791}",0.409426299199791,"[[110 527]
 [195 442]]",[1. 1. 0. ... 1. 1. 1.],[0. 1. 1. ... 1. 0. 0.]
666,AdaBoost,"{'algorithm': 'SAMME', 'learning_rate': 3.446938775510204, 'n_estimators': 74}",0.3996066489651379,0.09601802503880524,-0.10998520982011588,0.18126189356307104,0.445007395089942,0.09063094678153552,0.39199075653137255,-0.13343799058084782,0.43328100470957615,0.43328100470957615,"{0: 0.40942629919979107, 1: 0.409426299199791}","{0: 0.40942629919979107, 1: 0.409426299199791}",0.409426299199791,"[[110 527]
 [195 442]]",[1. 1. 0. ... 1. 1. 1.],[0. 1. 1. ... 1. 0. 0.]
759,AdaBoost,"{'algorithm': 'SAMME', 'learning_rate': 3.446938775510204, 'n_estimators': 74}",0.3996066489651379,0.09601802503880524,-0.10998520982011588,0.18126189356307104,0.445007395089942,0.09063094678153552,0.39199075653137255,-0.13343799058084782,0.43328100470957615,0.43328100470957615,"{0: 0.40942629919979107, 1: 0.409426299199791}","{0: 0.40942629919979107, 1: 0.409426299199791}",0.409426299199791,"[[110 527]
 [195 442]]",[1. 1. 0. ... 1. 1. 1.],[0. 1. 1. ... 1. 0. 0.]
933,AdaBoost,"{'algorithm': 'SAMME', 'learning_rate': 3.446938775510204, 'n_estimators': 52}",0.39916450800226555,0.09655001321814777,-0.1106994955344016,0.18240674800431797,0.44465025223279914,0.09120337400215897,0.39088088973123036,-0.13500784929356358,0.4324960753532182,0.4324960753532182,"{0: 0.4082544501921044, 1: 0.4082544501921044}","{0: 0.4082544501921044, 1: 0.4082544501921044}",0.4082544501921044,"[[109 528]
 [195 442]]",[1. 1. 0. ... 1. 1. 1.],[0. 1. 1. ... 1. 0. 0.]
626,AdaBoost,"{'algorithm': 'SAMME', 'learning_rate': 2.5489795918367344, 'n_estimators': 74}",0.3928407364899014,0.09688032953750213,-0.11233402738504598,0.18177773856371177,0.443832986307477,0.09088886928185588,0.38469421611439336,-0.13343799058084782,0.43328100470957615,0.43328100470957615,"{0: 0.4277717124768033, 1: 0.4277717124768033}","{0: 0.4277717124768033, 1: 0.4277717124768033}",0.4277717124768033,"[[ 97 540]
 [182 455]]",[1. 1. 0. ... 1. 1. 1.],[0. 1. 1. ... 1. 0. 0.]
380,AdaBoost,"{'algorithm': 'SAMME', 'learning_rate': 2.8755102040816327, 'n_estimators': 74}",0.39964319590636294,0.09724776882448309,-0.11258075103176964,0.18316199858220236,0.44370962448411516,0.09158099929110118,0.39247183815289677,-0.13500784929356358,0.4324960753532182,0.4324960753532182,"{0: 0.40611037314334014, 1: 0.40611037314334014}","{0: 0.40611037314334014, 1: 0.40611037314334014}",0.40611037314334014,"[[112 525]
 [198 439]]",[1. 1. 0. ... 1. 1. 1.],[0. 1. 1. ... 1. 0. 0.]
601,AdaBoost,"{'algorithm': 'SAMME', 'learning_rate': 2.8755102040816327, 'n_estimators': 74}",0.39964319590636294,0.09724776882448309,-0.11258075103176964,0.18316199858220236,0.44370962448411516,0.09158099929110118,0.39247183815289677,-0.13500784929356358,0.4324960753532182,0.4324960753532182,"{0: 0.40611037314334014, 1: 0.40611037314334014}","{0: 0.40611037314334014, 1: 0.40611037314334014}",0.40611037314334014,"[[112 525]
 [198 439]]",[1. 1. 0. ... 1. 1. 1.],[0. 1. 1. ... 1. 0. 0.]
451,AdaBoost,"{'algorithm': 'SAMME', 'learning_rate': 2.630612244897959, 'n_estimators': 74}",0.39636322510494837,0.0958766521837912,-0.11494817330353974,0.17856612903578709,0.4425259133482301,0.08928306451789354,0.3875405580791693,-0.13971742543171106,0.4301412872841444,0.4301412872841444,"{0: 0.3997890425340527, 1: 0.3997890425340526}","{0: 0.3997890425340527, 1: 0.3997890425340526}",0.3997890425340526,"[[106 531]
 [195 442]]",[1. 1. 0. ... 1. 1. 1.],[0. 1. 1. ... 1. 0. 0.]
551,AdaBoost,"{'algorithm': 'SAMME', 'learning_rate': 2.957142857142857, 'n_estimators': 74}",0.3993319541445025,0.09851383961212513,-0.1157613928537158,0.18748877547675868,0.442119303573142,0.09374438773837934,0.39234951826767145,-0.1381475667189953,0.43092621664050235,0.43092621664050235,"{0: 0.4021462950595043, 1: 0.4021462950595043}","{0: 0.4021462950595043, 1: 0.4021462950595043}",0.4021462950595043,"[[114 523]
 [202 435]]",[1. 1. 0. ... 1. 1. 1.],[0. 1. 1. ... 1. 0. 0.]
760,AdaBoost,"{'algorithm': 'SAMME', 'learning_rate': 2.957142857142857, 'n_estimators': 74}",0.3993319541445025,0.09851383961212513,-0.1157613928537158,0.18748877547675868,0.442119303573142,0.09374438773837934,0.39234951826767145,-0.1381475667189953,0.43092621664050235,0.43092621664050235,"{0: 0.4021462950595043, 1: 0.4021462950595043}","{0: 0.4021462950595043, 1: 0.4021462950595043}",0.4021462950595043,"[[114 523]
 [202 435]]",[1. 1. 0. ... 1. 1. 1.],[0. 1. 1. ... 1. 0. 0.]
605,AdaBoost,"{'algorithm': 'SAMME', 'learning_rate': 2.793877551020408, 'n_estimators': 74}",0.39825161540261717,0.09679797422481658,-0.11584847589949451,0.18067122500925004,0.4420757620502527,0.09033561250462503,0.3902136075949367,-0.13971742543171106,0.4301412872841444,0.43014128728414447,"{0: 0.43264517496408056, 1: 0.4326451749640805}","{0: 0.43264517496408056, 1: 0.4326451749640805}",0.4326451749640805,"[[111 526]
 [200 437]]",[1. 1. 0. ... 1. 1. 1.],[0. 1. 1. ... 1. 0. 0.]
709,AdaBoost,"{'algorithm': 'SAMME', 'learning_rate': 2.793877551020408, 'n_estimators': 74}",0.39825161540261717,0.09679797422481658,-0.11584847589949451,0.18067122500925004,0.4420757620502527,0.09033561250462503,0.3902136075949367,-0.13971742543171106,0.4301412872841444,0.43014128728414447,"{0: 0.43264517496408056, 1: 0.4326451749640805}","{0: 0.43264517496408056, 1: 0.4326451749640805}",0.4326451749640805,"[[111 526]
 [200 437]]",[1. 1. 0. ... 1. 1. 1.],[0. 1. 1. ... 1. 0. 0.]
393,AdaBoost,"{'algorithm': 'SAMME', 'learning_rate': 2.793877551020408, 'n_estimators': 52}",0.3982275495895813,0.09629529704955307,-0.11584847589949451,0.1790030489861641,0.4420757620502527,0.08950152449308205,0.3902136075949367,-0.13971742543171106,0.4301412872841444,0.43014128728414447,"{0: 0.4399621459500356, 1: 0.43996214595003563}","{0: 0.4399621459500356, 1: 0.43996214595003563}",0.43996214595003563,"[[111 526]
 [200 437]]",[1. 1. 0. ... 1. 1. 1.],[0. 1. 1. ... 1. 0. 0.]
735,AdaBoost,"{'algorithm': 'SAMME', 'learning_rate': 2.4673469387755103, 'n_estimators': 96}",0.3898466863573971,0.09661725706251616,-0.11672963178065036,0.18138088218562934,0.4416351841096748,0.09069044109281467,0.3800910436237292,-0.13971742543171106,0.4301412872841444,0.43014128728414447,"{0: 0.43567275962431823, 1: 0.4356727596243183}","{0: 0.43567275962431823, 1: 0.4356727596243183}",0.4356727596243183,"[[ 93 544]
 [182 455]]",[1. 1. 0. ... 1. 1. 1.],[0. 1. 1. ... 1. 0. 0.]
340,AdaBoost,"{'algorithm': 'SAMME', 'learning_rate': 2.4673469387755103, 'n_estimators': 96}",0.3894851377405293,0.09653606586692826,-0.11672963178065036,0.18138088218562934,0.4416351841096748,0.09069044109281467,0.3794871794871795,-0.13971742543171106,0.4301412872841444,0.43014128728414447,"{0: 0.43690498781326315, 1: 0.43690498781326326}","{0: 0.43690498781326315, 1: 0.43690498781326326}",0.43690498781326326,"[[ 92 545]
 [181 456]]",[1. 1. 0. ... 1. 1. 1.],[0. 1. 1. ... 1. 0. 0.]
321,AdaBoost,"{'algorithm': 'SAMME', 'learning_rate': 2.5489795918367344, 'n_estimators': 52}",0.39004343458867957,0.09768624640484615,-0.1197915135381843,0.1864697052475299,0.4401042432309078,0.09323485262376494,0.3824832069339112,-0.14128728414442704,0.4293563579277865,0.4293563579277865,"{0: 0.43558527142290315, 1: 0.4355852714229032}","{0: 0.43558527142290315, 1: 0.4355852714229032}",0.4355852714229032,"[[ 98 539]
 [188 449]]",[1. 1. 0. ... 1. 1. 1.],[0. 1. 1. ... 1. 0. 0.]
268,AdaBoost,"{'algorithm': 'SAMME', 'learning_rate': 2.957142857142857, 'n_estimators': 52}",0.39779954168109144,0.0983930566167606,-0.11996377380609675,0.18693291157396494,0.44001811309695155,0.09346645578698246,0.3906036458442842,-0.1428571428571428,0.42857142857142855,0.4285714285714286,"{0: 0.3990164354595842, 1: 0.3990164354595842}","{0: 0.3990164354595842, 1: 0.3990164354595842}",0.3990164354595842,"[[114 523]
 [205 432]]",[1. 1. 0. ... 1. 1. 1.],[0. 1. 1. ... 1. 0. 0.]
641,AdaBoost,"{'algorithm': 'SAMME', 'learning_rate': 2.4673469387755103, 'n_estimators': 74}",0.38778269530827125,0.0979289505291949,-0.12134829009496084,0.18519364907735314,0.4393258549525196,0.09259682453867657,0.3772268218415122,-0.14442700156985877,0.42778649921507067,0.4277864992150706,"{0: 0.44427617683953186, 1: 0.4442761768395318}","{0: 0.44427617683953186, 1: 0.4442761768395318}",0.4442761768395318,"[[ 91 546]
 [183 454]]",[1. 1. 0. ... 1. 1. 1.],[0. 1. 1. ... 1. 0. 0.]
609,AdaBoost,"{'algorithm': 'SAMME', 'learning_rate': 3.7734693877551018, 'n_estimators': 74}",0.3779298526742172,0.07909495386032082,-0.15737502753751983,0.16152984683636845,0.42131248623124007,0.08076492341818423,0.41501565699144893,-0.14913657770800626,0.42543171114599687,0.42543171114599687,"{0: 0.4025837360665797, 1: 0.4025837360665797}","{0: 0.4025837360665797, 1: 0.4025837360665797}",0.4025837360665797,"[[186 451]
 [281 356]]",[1. 1. 0. ... 1. 1. 1.],[0. 1. 1. ... 1. 0. 0.]
