trial_id,model_name,params,avg_f1,std_f1,avg_kappa,std_kappa,avg_accuracy,std_accuracy,f1_overall,kappa_overall,accuracy_overall,balanced_accuracy,roc_auc_overall,weighted_roc,roc_avg,confusion_matrix,y_pred,y_actual
695,logistic_regression,"{'penalty': 'l2', 'solver': 'saga'}",0.6009963436735241,0.08302290145358027,0.22280346081766403,0.1549885125907703,0.6114017304088321,0.07749425629538514,0.6027587143699504,0.20722135007849296,0.6036106750392465,0.6036106750392465,"{0: 0.6362018784086513, 1: 0.6362018784086512}","{0: 0.6362018784086513, 1: 0.6362018784086512}",0.6362018784086512,"[[414 223]
 [282 355]]",[0. 0. 1. ... 0. 1. 0.],[0. 1. 1. ... 1. 0. 0.]
128,logistic_regression,"{'penalty': 'l2', 'solver': 'saga'}",0.6009963436735241,0.08302290145358027,0.22280346081766403,0.1549885125907703,0.6114017304088321,0.07749425629538514,0.6027587143699504,0.20722135007849296,0.6036106750392465,0.6036106750392465,"{0: 0.6362215940596744, 1: 0.6362215940596744}","{0: 0.6362215940596744, 1: 0.6362215940596744}",0.6362215940596744,"[[414 223]
 [282 355]]",[0. 0. 1. ... 0. 1. 0.],[0. 1. 1. ... 1. 0. 0.]
238,logistic_regression,"{'penalty': 'l2', 'solver': 'saga'}",0.6009963436735241,0.08302290145358027,0.22280346081766403,0.1549885125907703,0.6114017304088321,0.07749425629538514,0.6027587143699504,0.20722135007849296,0.6036106750392465,0.6036106750392465,"{0: 0.6361969494958954, 1: 0.6361969494958954}","{0: 0.6361969494958954, 1: 0.6361969494958954}",0.6361969494958954,"[[414 223]
 [282 355]]",[0. 0. 1. ... 0. 1. 0.],[0. 1. 1. ... 1. 0. 0.]
948,logistic_regression,"{'penalty': 'l2', 'solver': 'saga'}",0.6009963436735241,0.08302290145358027,0.22280346081766403,0.1549885125907703,0.6114017304088321,0.07749425629538514,0.6027587143699504,0.20722135007849296,0.6036106750392465,0.6036106750392465,"{0: 0.6361994139522733, 1: 0.6361994139522733}","{0: 0.6361994139522733, 1: 0.6361994139522733}",0.6361994139522733,"[[414 223]
 [282 355]]",[0. 0. 1. ... 0. 1. 0.],[0. 1. 1. ... 1. 0. 0.]
362,logistic_regression,"{'penalty': 'l2', 'solver': 'saga'}",0.6009963436735241,0.08302290145358027,0.22280346081766403,0.1549885125907703,0.6114017304088321,0.07749425629538514,0.6027587143699504,0.20722135007849296,0.6036106750392465,0.6036106750392465,"{0: 0.6361920205831397, 1: 0.6361920205831397}","{0: 0.6361920205831397, 1: 0.6361920205831397}",0.6361920205831397,"[[414 223]
 [282 355]]",[0. 0. 1. ... 0. 1. 0.],[0. 1. 1. ... 1. 0. 0.]
71,logistic_regression,"{'penalty': 'l2', 'solver': 'saga'}",0.6009963436735241,0.08302290145358027,0.22280346081766403,0.1549885125907703,0.6114017304088321,0.07749425629538514,0.6027587143699504,0.20722135007849296,0.6036106750392465,0.6036106750392465,"{0: 0.636184627214006, 1: 0.6361846272140059}","{0: 0.636184627214006, 1: 0.6361846272140059}",0.6361846272140059,"[[414 223]
 [282 355]]",[0. 0. 1. ... 0. 1. 0.],[0. 1. 1. ... 1. 0. 0.]
376,logistic_regression,"{'penalty': 'l2', 'solver': 'saga'}",0.6002409637877093,0.08259869644154093,0.22120346081766398,0.15418122489368113,0.610601730408832,0.07709061244684057,0.6019428506504574,0.2056514913657771,0.6028257456828885,0.6028257456828885,"{0: 0.6361772338448723, 1: 0.6361772338448723}","{0: 0.6361772338448723, 1: 0.6361772338448723}",0.6361772338448723,"[[414 223]
 [283 354]]",[0. 0. 1. ... 0. 1. 0.],[0. 1. 1. ... 1. 0. 0.]
512,logistic_regression,"{'penalty': 'l2', 'solver': 'saga'}",0.6002409637877093,0.08259869644154093,0.22120346081766398,0.15418122489368113,0.610601730408832,0.07709061244684057,0.6019428506504574,0.2056514913657771,0.6028257456828885,0.6028257456828885,"{0: 0.6362018784086513, 1: 0.6362018784086513}","{0: 0.6362018784086513, 1: 0.6362018784086513}",0.6362018784086513,"[[414 223]
 [283 354]]",[0. 0. 1. ... 0. 1. 0.],[0. 1. 1. ... 1. 0. 0.]
233,logistic_regression,"{'penalty': 'l2', 'solver': 'saga'}",0.6002409637877093,0.08259869644154093,0.22120346081766398,0.15418122489368113,0.610601730408832,0.07709061244684057,0.6019428506504574,0.2056514913657771,0.6028257456828885,0.6028257456828885,"{0: 0.636187091670384, 1: 0.636187091670384}","{0: 0.636187091670384, 1: 0.636187091670384}",0.636187091670384,"[[414 223]
 [283 354]]",[0. 0. 1. ... 0. 1. 0.],[0. 1. 1. ... 1. 0. 0.]
971,logistic_regression,"{'penalty': 'l2', 'solver': 'saga'}",0.6002409637877093,0.08259869644154093,0.22120346081766398,0.15418122489368113,0.610601730408832,0.07709061244684057,0.6019428506504574,0.2056514913657771,0.6028257456828885,0.6028257456828885,"{0: 0.6361895561267618, 1: 0.6361895561267618}","{0: 0.6361895561267618, 1: 0.6361895561267618}",0.6361895561267618,"[[414 223]
 [283 354]]",[0. 0. 1. ... 0. 1. 0.],[0. 1. 1. ... 1. 0. 0.]
891,logistic_regression,"{'penalty': 'l2', 'solver': 'saga'}",0.6002409637877093,0.08259869644154093,0.22120346081766398,0.15418122489368113,0.610601730408832,0.07709061244684057,0.6019428506504574,0.2056514913657771,0.6028257456828885,0.6028257456828885,"{0: 0.6361944850395176, 1: 0.6361944850395175}","{0: 0.6361944850395176, 1: 0.6361944850395175}",0.6361944850395175,"[[414 223]
 [283 354]]",[0. 0. 1. ... 0. 1. 0.],[0. 1. 1. ... 1. 0. 0.]
522,logistic_regression,"{'penalty': 'l2', 'solver': 'saga'}",0.6002409637877093,0.08259869644154093,0.22120346081766398,0.15418122489368113,0.610601730408832,0.07709061244684057,0.6019428506504574,0.2056514913657771,0.6028257456828885,0.6028257456828885,"{0: 0.6362117362341628, 1: 0.6362117362341628}","{0: 0.6362117362341628, 1: 0.6362117362341628}",0.6362117362341628,"[[414 223]
 [283 354]]",[0. 0. 1. ... 0. 1. 0.],[0. 1. 1. ... 1. 0. 0.]
676,logistic_regression,"{'penalty': 'l2', 'solver': 'saga'}",0.6002409637877093,0.08259869644154093,0.22120346081766398,0.15418122489368113,0.610601730408832,0.07709061244684057,0.6019428506504574,0.2056514913657771,0.6028257456828885,0.6028257456828885,"{0: 0.6361969494958954, 1: 0.6361969494958954}","{0: 0.6361969494958954, 1: 0.6361969494958954}",0.6361969494958954,"[[414 223]
 [283 354]]",[0. 0. 1. ... 0. 1. 0.],[0. 1. 1. ... 1. 0. 0.]
151,logistic_regression,"{'penalty': 'l2', 'solver': 'saga'}",0.6002409637877093,0.08259869644154093,0.22120346081766398,0.15418122489368113,0.610601730408832,0.07709061244684057,0.6019428506504574,0.2056514913657771,0.6028257456828885,0.6028257456828885,"{0: 0.6361944850395176, 1: 0.6361944850395176}","{0: 0.6361944850395176, 1: 0.6361944850395176}",0.6361944850395176,"[[414 223]
 [283 354]]",[0. 0. 1. ... 0. 1. 0.],[0. 1. 1. ... 1. 0. 0.]
413,logistic_regression,"{'penalty': 'l2', 'solver': 'saga'}",0.6002409637877093,0.08259869644154093,0.22120346081766398,0.15418122489368113,0.610601730408832,0.07709061244684057,0.6019428506504574,0.2056514913657771,0.6028257456828885,0.6028257456828885,"{0: 0.6361920205831397, 1: 0.6361920205831396}","{0: 0.6361920205831397, 1: 0.6361920205831396}",0.6361920205831396,"[[414 223]
 [283 354]]",[0. 0. 1. ... 0. 1. 0.],[0. 1. 1. ... 1. 0. 0.]
121,logistic_regression,"{'penalty': 'l2', 'solver': 'saga'}",0.6002409637877093,0.08259869644154093,0.22120346081766398,0.15418122489368113,0.610601730408832,0.07709061244684057,0.6019428506504574,0.2056514913657771,0.6028257456828885,0.6028257456828885,"{0: 0.6361895561267619, 1: 0.6361895561267616}","{0: 0.6361895561267619, 1: 0.6361895561267616}",0.6361895561267616,"[[414 223]
 [283 354]]",[0. 0. 1. ... 0. 1. 0.],[0. 1. 1. ... 1. 0. 0.]
578,logistic_regression,"{'penalty': 'l2', 'solver': 'saga'}",0.6002409637877093,0.08259869644154093,0.22120346081766398,0.15418122489368113,0.610601730408832,0.07709061244684057,0.6019428506504574,0.2056514913657771,0.6028257456828885,0.6028257456828885,"{0: 0.6362043428650291, 1: 0.6362043428650291}","{0: 0.6362043428650291, 1: 0.6362043428650291}",0.6362043428650291,"[[414 223]
 [283 354]]",[0. 0. 1. ... 0. 1. 0.],[0. 1. 1. ... 1. 0. 0.]
438,logistic_regression,"{'penalty': 'l2', 'solver': 'saga'}",0.6002409637877093,0.08259869644154093,0.22120346081766398,0.15418122489368113,0.610601730408832,0.07709061244684057,0.6019428506504574,0.2056514913657771,0.6028257456828885,0.6028257456828885,"{0: 0.6361969494958954, 1: 0.6361969494958954}","{0: 0.6361969494958954, 1: 0.6361969494958954}",0.6361969494958954,"[[414 223]
 [283 354]]",[0. 0. 1. ... 0. 1. 0.],[0. 1. 1. ... 1. 0. 0.]
264,logistic_regression,"{'penalty': 'l2', 'solver': 'saga'}",0.5999487772216231,0.08340571670094614,0.22098527899948217,0.15572352184642657,0.6104926394997411,0.07786176092321329,0.6019428506504574,0.2056514913657771,0.6028257456828885,0.6028257456828885,"{0: 0.6362314518851859, 1: 0.6362314518851859}","{0: 0.6362314518851859, 1: 0.6362314518851859}",0.6362314518851859,"[[414 223]
 [283 354]]",[0. 0. 1. ... 0. 1. 0.],[0. 1. 1. ... 1. 0. 0.]
174,logistic_regression,"{'penalty': 'l2', 'solver': 'saga'}",0.5999487772216231,0.08340571670094614,0.22098527899948217,0.15572352184642657,0.6104926394997411,0.07786176092321329,0.6019428506504574,0.2056514913657771,0.6028257456828885,0.6028257456828885,"{0: 0.6361994139522733, 1: 0.6361994139522733}","{0: 0.6361994139522733, 1: 0.6361994139522733}",0.6361994139522733,"[[414 223]
 [283 354]]",[0. 0. 1. ... 0. 1. 0.],[0. 1. 1. ... 1. 0. 0.]
406,logistic_regression,"{'penalty': 'l2', 'solver': 'saga'}",0.5999487772216231,0.08340571670094614,0.22098527899948217,0.15572352184642657,0.6104926394997411,0.07786176092321329,0.6019428506504574,0.2056514913657771,0.6028257456828885,0.6028257456828885,"{0: 0.6361944850395176, 1: 0.6361944850395176}","{0: 0.6361944850395176, 1: 0.6361944850395176}",0.6361944850395176,"[[414 223]
 [283 354]]",[0. 0. 1. ... 0. 1. 0.],[0. 1. 1. ... 1. 0. 0.]
160,logistic_regression,"{'penalty': 'l2', 'solver': 'saga'}",0.5999487772216231,0.08340571670094614,0.22098527899948217,0.15572352184642657,0.6104926394997411,0.07786176092321329,0.6019428506504574,0.2056514913657771,0.6028257456828885,0.6028257456828885,"{0: 0.6362339163415638, 1: 0.6362339163415638}","{0: 0.6362339163415638, 1: 0.6362339163415638}",0.6362339163415638,"[[414 223]
 [283 354]]",[0. 0. 1. ... 0. 1. 0.],[0. 1. 1. ... 1. 0. 0.]
403,logistic_regression,"{'penalty': 'l2', 'solver': 'saga'}",0.5999487772216231,0.08340571670094614,0.22098527899948217,0.15572352184642657,0.6104926394997411,0.07786176092321329,0.6019428506504574,0.2056514913657771,0.6028257456828885,0.6028257456828885,"{0: 0.6361353380864483, 1: 0.6361353380864483}","{0: 0.6361353380864483, 1: 0.6361353380864483}",0.6361353380864483,"[[414 223]
 [283 354]]",[0. 0. 1. ... 0. 1. 0.],[0. 1. 1. ... 1. 0. 0.]
401,logistic_regression,"{'penalty': 'l2', 'solver': 'saga'}",0.5999487772216231,0.08340571670094614,0.22098527899948217,0.15572352184642657,0.6104926394997411,0.07786176092321329,0.6019428506504574,0.2056514913657771,0.6028257456828885,0.6028257456828885,"{0: 0.6361895561267618, 1: 0.6361895561267619}","{0: 0.6361895561267618, 1: 0.6361895561267619}",0.6361895561267619,"[[414 223]
 [283 354]]",[0. 0. 1. ... 0. 1. 0.],[0. 1. 1. ... 1. 0. 0.]
283,logistic_regression,"{'penalty': 'l2', 'solver': 'saga'}",0.5999487772216231,0.08340571670094614,0.22098527899948217,0.15572352184642657,0.6104926394997411,0.07786176092321329,0.6019428506504574,0.2056514913657771,0.6028257456828885,0.6028257456828885,"{0: 0.6361920205831397, 1: 0.6361920205831397}","{0: 0.6361920205831397, 1: 0.6361920205831397}",0.6361920205831397,"[[414 223]
 [283 354]]",[0. 0. 1. ... 0. 1. 0.],[0. 1. 1. ... 1. 0. 0.]
300,logistic_regression,"{'penalty': 'l2', 'solver': 'saga'}",0.5999487772216231,0.08340571670094614,0.22098527899948217,0.15572352184642657,0.6104926394997411,0.07786176092321329,0.6019428506504574,0.2056514913657771,0.6028257456828885,0.6028257456828885,"{0: 0.6362166651469185, 1: 0.6362166651469185}","{0: 0.6362166651469185, 1: 0.6362166651469185}",0.6362166651469185,"[[414 223]
 [283 354]]",[0. 0. 1. ... 0. 1. 0.],[0. 1. 1. ... 1. 0. 0.]
165,logistic_regression,"{'penalty': 'l2', 'solver': 'saga'}",0.5999487772216231,0.08340571670094614,0.22098527899948217,0.15572352184642657,0.6104926394997411,0.07786176092321329,0.6019428506504574,0.2056514913657771,0.6028257456828885,0.6028257456828885,"{0: 0.6361994139522734, 1: 0.6361994139522734}","{0: 0.6361994139522734, 1: 0.6361994139522734}",0.6361994139522734,"[[414 223]
 [283 354]]",[0. 0. 1. ... 0. 1. 0.],[0. 1. 1. ... 1. 0. 0.]
914,logistic_regression,"{'penalty': 'l2', 'solver': 'saga'}",0.5999487772216231,0.08340571670094614,0.22098527899948217,0.15572352184642657,0.6104926394997411,0.07786176092321329,0.6019428506504574,0.2056514913657771,0.6028257456828885,0.6028257456828885,"{0: 0.6361870916703839, 1: 0.6361870916703839}","{0: 0.6361870916703839, 1: 0.6361870916703839}",0.6361870916703839,"[[414 223]
 [283 354]]",[0. 0. 1. ... 0. 1. 0.],[0. 1. 1. ... 1. 0. 0.]
813,logistic_regression,"{'penalty': 'l2', 'solver': 'saga'}",0.5999487772216231,0.08340571670094614,0.22098527899948217,0.15572352184642657,0.6104926394997411,0.07786176092321329,0.6019428506504574,0.2056514913657771,0.6028257456828885,0.6028257456828885,"{0: 0.636184627214006, 1: 0.636184627214006}","{0: 0.636184627214006, 1: 0.636184627214006}",0.636184627214006,"[[414 223]
 [283 354]]",[0. 0. 1. ... 0. 1. 0.],[0. 1. 1. ... 1. 0. 0.]
647,logistic_regression,"{'penalty': 'l2', 'solver': 'saga'}",0.5999487772216231,0.08340571670094614,0.22098527899948217,0.15572352184642657,0.6104926394997411,0.07786176092321329,0.6019428506504574,0.2056514913657771,0.6028257456828885,0.6028257456828885,"{0: 0.6361920205831397, 1: 0.6361920205831396}","{0: 0.6361920205831397, 1: 0.6361920205831396}",0.6361920205831396,"[[414 223]
 [283 354]]",[0. 0. 1. ... 0. 1. 0.],[0. 1. 1. ... 1. 0. 0.]
856,logistic_regression,"{'penalty': 'l2', 'solver': 'saga'}",0.5999487772216231,0.08340571670094614,0.22098527899948217,0.15572352184642657,0.6104926394997411,0.07786176092321329,0.6019428506504574,0.2056514913657771,0.6028257456828885,0.6028257456828885,"{0: 0.6361895561267618, 1: 0.6361895561267618}","{0: 0.6361895561267618, 1: 0.6361895561267618}",0.6361895561267618,"[[414 223]
 [283 354]]",[0. 0. 1. ... 0. 1. 0.],[0. 1. 1. ... 1. 0. 0.]
855,logistic_regression,"{'penalty': 'l2', 'solver': 'saga'}",0.5999487772216231,0.08340571670094614,0.22098527899948217,0.15572352184642657,0.6104926394997411,0.07786176092321329,0.6019428506504574,0.2056514913657771,0.6028257456828885,0.6028257456828885,"{0: 0.6362018784086513, 1: 0.6362018784086513}","{0: 0.6362018784086513, 1: 0.6362018784086513}",0.6362018784086513,"[[414 223]
 [283 354]]",[0. 0. 1. ... 0. 1. 0.],[0. 1. 1. ... 1. 0. 0.]
389,logistic_regression,"{'penalty': 'l2', 'solver': 'saga'}",0.5999487772216231,0.08340571670094614,0.22098527899948217,0.15572352184642657,0.6104926394997411,0.07786176092321329,0.6019428506504574,0.2056514913657771,0.6028257456828885,0.6028257456828885,"{0: 0.6362191296032964, 1: 0.6362191296032964}","{0: 0.6362191296032964, 1: 0.6362191296032964}",0.6362191296032964,"[[414 223]
 [283 354]]",[0. 0. 1. ... 0. 1. 0.],[0. 1. 1. ... 1. 0. 0.]
816,logistic_regression,"{'penalty': 'l2', 'solver': 'saga'}",0.5999487772216231,0.08340571670094614,0.22098527899948217,0.15572352184642657,0.6104926394997411,0.07786176092321329,0.6019428506504574,0.2056514913657771,0.6028257456828885,0.6028257456828885,"{0: 0.6361969494958954, 1: 0.6361969494958954}","{0: 0.6361969494958954, 1: 0.6361969494958954}",0.6361969494958954,"[[414 223]
 [283 354]]",[0. 0. 1. ... 0. 1. 0.],[0. 1. 1. ... 1. 0. 0.]
645,logistic_regression,"{'penalty': 'l2', 'solver': 'saga'}",0.5999487772216231,0.08340571670094614,0.22098527899948217,0.15572352184642657,0.6104926394997411,0.07786176092321329,0.6019428506504574,0.2056514913657771,0.6028257456828885,0.6028257456828885,"{0: 0.6361944850395176, 1: 0.6361944850395176}","{0: 0.6361944850395176, 1: 0.6361944850395176}",0.6361944850395176,"[[414 223]
 [283 354]]",[0. 0. 1. ... 0. 1. 0.],[0. 1. 1. ... 1. 0. 0.]
383,logistic_regression,"{'penalty': 'l2', 'solver': 'saga'}",0.5999487772216231,0.08340571670094614,0.22098527899948217,0.15572352184642657,0.6104926394997411,0.07786176092321329,0.6019428506504574,0.2056514913657771,0.6028257456828885,0.6028257456828885,"{0: 0.6361821627576281, 1: 0.6361821627576281}","{0: 0.6361821627576281, 1: 0.6361821627576281}",0.6361821627576281,"[[414 223]
 [283 354]]",[0. 0. 1. ... 0. 1. 0.],[0. 1. 1. ... 1. 0. 0.]
642,logistic_regression,"{'penalty': 'l2', 'solver': 'saga'}",0.5999487772216231,0.08340571670094614,0.22098527899948217,0.15572352184642657,0.6104926394997411,0.07786176092321329,0.6019428506504574,0.2056514913657771,0.6028257456828885,0.6028257456828885,"{0: 0.636187091670384, 1: 0.636187091670384}","{0: 0.636187091670384, 1: 0.636187091670384}",0.636187091670384,"[[414 223]
 [283 354]]",[0. 0. 1. ... 0. 1. 0.],[0. 1. 1. ... 1. 0. 0.]
901,logistic_regression,"{'penalty': 'l2', 'solver': 'saga'}",0.5999487772216231,0.08340571670094614,0.22098527899948217,0.15572352184642657,0.6104926394997411,0.07786176092321329,0.6019428506504574,0.2056514913657771,0.6028257456828885,0.6028257456828885,"{0: 0.6361920205831396, 1: 0.6361920205831396}","{0: 0.6361920205831396, 1: 0.6361920205831396}",0.6361920205831396,"[[414 223]
 [283 354]]",[0. 0. 1. ... 0. 1. 0.],[0. 1. 1. ... 1. 0. 0.]
187,logistic_regression,"{'penalty': 'l2', 'solver': 'saga'}",0.5999487772216231,0.08340571670094614,0.22098527899948217,0.15572352184642657,0.6104926394997411,0.07786176092321329,0.6019428506504574,0.2056514913657771,0.6028257456828885,0.6028257456828885,"{0: 0.636162447106605, 1: 0.6361624471066051}","{0: 0.636162447106605, 1: 0.6361624471066051}",0.6361624471066051,"[[414 223]
 [283 354]]",[0. 0. 1. ... 0. 1. 0.],[0. 1. 1. ... 1. 0. 0.]
189,logistic_regression,"{'penalty': 'l2', 'solver': 'saga'}",0.5999487772216231,0.08340571670094614,0.22098527899948217,0.15572352184642657,0.6104926394997411,0.07786176092321329,0.6019428506504574,0.2056514913657771,0.6028257456828885,0.6028257456828885,"{0: 0.6361772338448723, 1: 0.6361772338448723}","{0: 0.6361772338448723, 1: 0.6361772338448723}",0.6361772338448723,"[[414 223]
 [283 354]]",[0. 0. 1. ... 0. 1. 0.],[0. 1. 1. ... 1. 0. 0.]
378,logistic_regression,"{'penalty': 'l2', 'solver': 'saga'}",0.5999487772216231,0.08340571670094614,0.22098527899948217,0.15572352184642657,0.6104926394997411,0.07786176092321329,0.6019428506504574,0.2056514913657771,0.6028257456828885,0.6028257456828885,"{0: 0.6361969494958954, 1: 0.6361969494958954}","{0: 0.6361969494958954, 1: 0.6361969494958954}",0.6361969494958954,"[[414 223]
 [283 354]]",[0. 0. 1. ... 0. 1. 0.],[0. 1. 1. ... 1. 0. 0.]
305,logistic_regression,"{'penalty': 'l2', 'solver': 'saga'}",0.5999487772216231,0.08340571670094614,0.22098527899948217,0.15572352184642657,0.6104926394997411,0.07786176092321329,0.6019428506504574,0.2056514913657771,0.6028257456828885,0.6028257456828885,"{0: 0.6361994139522734, 1: 0.6361994139522734}","{0: 0.6361994139522734, 1: 0.6361994139522734}",0.6361994139522734,"[[414 223]
 [283 354]]",[0. 0. 1. ... 0. 1. 0.],[0. 1. 1. ... 1. 0. 0.]
156,logistic_regression,"{'penalty': 'l2', 'solver': 'saga'}",0.5999487772216231,0.08340571670094614,0.22098527899948217,0.15572352184642657,0.6104926394997411,0.07786176092321329,0.6019428506504574,0.2056514913657771,0.6028257456828885,0.6028257456828885,"{0: 0.6361772338448723, 1: 0.6361772338448723}","{0: 0.6361772338448723, 1: 0.6361772338448723}",0.6361772338448723,"[[414 223]
 [283 354]]",[0. 0. 1. ... 0. 1. 0.],[0. 1. 1. ... 1. 0. 0.]
411,logistic_regression,"{'penalty': 'l2', 'solver': 'saga'}",0.5999487772216231,0.08340571670094614,0.22098527899948217,0.15572352184642657,0.6104926394997411,0.07786176092321329,0.6019428506504574,0.2056514913657771,0.6028257456828885,0.6028257456828885,"{0: 0.6362043428650291, 1: 0.6362043428650291}","{0: 0.6362043428650291, 1: 0.6362043428650291}",0.6362043428650291,"[[414 223]
 [283 354]]",[0. 0. 1. ... 0. 1. 0.],[0. 1. 1. ... 1. 0. 0.]
296,logistic_regression,"{'penalty': 'l2', 'solver': 'saga'}",0.5999487772216231,0.08340571670094614,0.22098527899948217,0.15572352184642657,0.6104926394997411,0.07786176092321329,0.6019428506504574,0.2056514913657771,0.6028257456828885,0.6028257456828885,"{0: 0.6361772338448723, 1: 0.6361772338448723}","{0: 0.6361772338448723, 1: 0.6361772338448723}",0.6361772338448723,"[[414 223]
 [283 354]]",[0. 0. 1. ... 0. 1. 0.],[0. 1. 1. ... 1. 0. 0.]
412,logistic_regression,"{'penalty': 'l2', 'solver': 'saga'}",0.5999487772216231,0.08340571670094614,0.22098527899948217,0.15572352184642657,0.6104926394997411,0.07786176092321329,0.6019428506504574,0.2056514913657771,0.6028257456828885,0.6028257456828885,"{0: 0.636184627214006, 1: 0.636184627214006}","{0: 0.636184627214006, 1: 0.636184627214006}",0.636184627214006,"[[414 223]
 [283 354]]",[0. 0. 1. ... 0. 1. 0.],[0. 1. 1. ... 1. 0. 0.]
664,logistic_regression,"{'penalty': 'l2', 'solver': 'saga'}",0.5999487772216231,0.08340571670094614,0.22098527899948217,0.15572352184642657,0.6104926394997411,0.07786176092321329,0.6019428506504574,0.2056514913657771,0.6028257456828885,0.6028257456828885,"{0: 0.6361969494958954, 1: 0.6361969494958954}","{0: 0.6361969494958954, 1: 0.6361969494958954}",0.6361969494958954,"[[414 223]
 [283 354]]",[0. 0. 1. ... 0. 1. 0.],[0. 1. 1. ... 1. 0. 0.]
860,logistic_regression,"{'penalty': 'l2', 'solver': 'saga'}",0.5999487772216231,0.08340571670094614,0.22098527899948217,0.15572352184642657,0.6104926394997411,0.07786176092321329,0.6019428506504574,0.2056514913657771,0.6028257456828885,0.6028257456828885,"{0: 0.6361747693884945, 1: 0.6361747693884945}","{0: 0.6361747693884945, 1: 0.6361747693884945}",0.6361747693884945,"[[414 223]
 [283 354]]",[0. 0. 1. ... 0. 1. 0.],[0. 1. 1. ... 1. 0. 0.]
804,logistic_regression,"{'penalty': 'l2', 'solver': 'saga'}",0.5999487772216231,0.08340571670094614,0.22098527899948217,0.15572352184642657,0.6104926394997411,0.07786176092321329,0.6019428506504574,0.2056514913657771,0.6028257456828885,0.6028257456828885,"{0: 0.6361723049321165, 1: 0.6361723049321165}","{0: 0.6361723049321165, 1: 0.6361723049321165}",0.6361723049321165,"[[414 223]
 [283 354]]",[0. 0. 1. ... 0. 1. 0.],[0. 1. 1. ... 1. 0. 0.]
660,logistic_regression,"{'penalty': 'l2', 'solver': 'saga'}",0.5999487772216231,0.08340571670094614,0.22098527899948217,0.15572352184642657,0.6104926394997411,0.07786176092321329,0.6019428506504574,0.2056514913657771,0.6028257456828885,0.6028257456828885,"{0: 0.6362215940596744, 1: 0.6362215940596744}","{0: 0.6362215940596744, 1: 0.6362215940596744}",0.6362215940596744,"[[414 223]
 [283 354]]",[0. 0. 1. ... 0. 1. 0.],[0. 1. 1. ... 1. 0. 0.]
573,logistic_regression,"{'penalty': 'l2', 'solver': 'saga'}",0.5999487772216231,0.08340571670094614,0.22098527899948217,0.15572352184642657,0.6104926394997411,0.07786176092321329,0.6019428506504574,0.2056514913657771,0.6028257456828885,0.6028257456828885,"{0: 0.6362117362341628, 1: 0.6362117362341628}","{0: 0.6362117362341628, 1: 0.6362117362341628}",0.6362117362341628,"[[414 223]
 [283 354]]",[0. 0. 1. ... 0. 1. 0.],[0. 1. 1. ... 1. 0. 0.]
289,logistic_regression,"{'penalty': 'l2', 'solver': 'saga'}",0.5999487772216231,0.08340571670094614,0.22098527899948217,0.15572352184642657,0.6104926394997411,0.07786176092321329,0.6019428506504574,0.2056514913657771,0.6028257456828885,0.6028257456828885,"{0: 0.6362191296032964, 1: 0.6362191296032965}","{0: 0.6362191296032964, 1: 0.6362191296032965}",0.6362191296032965,"[[414 223]
 [283 354]]",[0. 0. 1. ... 0. 1. 0.],[0. 1. 1. ... 1. 0. 0.]
927,logistic_regression,"{'penalty': 'l2', 'solver': 'saga'}",0.5999487772216231,0.08340571670094614,0.22098527899948217,0.15572352184642657,0.6104926394997411,0.07786176092321329,0.6019428506504574,0.2056514913657771,0.6028257456828885,0.6028257456828885,"{0: 0.6361870916703838, 1: 0.6361870916703839}","{0: 0.6361870916703838, 1: 0.6361870916703839}",0.6361870916703839,"[[414 223]
 [283 354]]",[0. 0. 1. ... 0. 1. 0.],[0. 1. 1. ... 1. 0. 0.]
807,logistic_regression,"{'penalty': 'l2', 'solver': 'saga'}",0.5999487772216231,0.08340571670094614,0.22098527899948217,0.15572352184642657,0.6104926394997411,0.07786176092321329,0.6019428506504574,0.2056514913657771,0.6028257456828885,0.6028257456828885,"{0: 0.6361994139522732, 1: 0.6361994139522733}","{0: 0.6361994139522732, 1: 0.6361994139522733}",0.6361994139522733,"[[414 223]
 [283 354]]",[0. 0. 1. ... 0. 1. 0.],[0. 1. 1. ... 1. 0. 0.]
427,logistic_regression,"{'penalty': 'l2', 'solver': 'saga'}",0.5999487772216231,0.08340571670094614,0.22098527899948217,0.15572352184642657,0.6104926394997411,0.07786176092321329,0.6019428506504574,0.2056514913657771,0.6028257456828885,0.6028257456828885,"{0: 0.6362043428650291, 1: 0.6362043428650291}","{0: 0.6362043428650291, 1: 0.6362043428650291}",0.6362043428650291,"[[414 223]
 [283 354]]",[0. 0. 1. ... 0. 1. 0.],[0. 1. 1. ... 1. 0. 0.]
424,logistic_regression,"{'penalty': 'l2', 'solver': 'saga'}",0.5999487772216231,0.08340571670094614,0.22098527899948217,0.15572352184642657,0.6104926394997411,0.07786176092321329,0.6019428506504574,0.2056514913657771,0.6028257456828885,0.6028257456828885,"{0: 0.6361846272140061, 1: 0.636184627214006}","{0: 0.6361846272140061, 1: 0.636184627214006}",0.636184627214006,"[[414 223]
 [283 354]]",[0. 0. 1. ... 0. 1. 0.],[0. 1. 1. ... 1. 0. 0.]
136,logistic_regression,"{'penalty': 'l2', 'solver': 'saga'}",0.5999487772216231,0.08340571670094614,0.22098527899948217,0.15572352184642657,0.6104926394997411,0.07786176092321329,0.6019428506504574,0.2056514913657771,0.6028257456828885,0.6028257456828885,"{0: 0.636204342865029, 1: 0.6362043428650291}","{0: 0.636204342865029, 1: 0.6362043428650291}",0.6362043428650291,"[[414 223]
 [283 354]]",[0. 0. 1. ... 0. 1. 0.],[0. 1. 1. ... 1. 0. 0.]
754,logistic_regression,"{'penalty': 'l2', 'solver': 'saga'}",0.5999487772216231,0.08340571670094614,0.22098527899948217,0.15572352184642657,0.6104926394997411,0.07786176092321329,0.6019428506504574,0.2056514913657771,0.6028257456828885,0.6028257456828885,"{0: 0.636184627214006, 1: 0.636184627214006}","{0: 0.636184627214006, 1: 0.636184627214006}",0.636184627214006,"[[414 223]
 [283 354]]",[0. 0. 1. ... 0. 1. 0.],[0. 1. 1. ... 1. 0. 0.]
653,logistic_regression,"{'penalty': 'l2', 'solver': 'saga'}",0.5999487772216231,0.08340571670094614,0.22098527899948217,0.15572352184642657,0.6104926394997411,0.07786176092321329,0.6019428506504574,0.2056514913657771,0.6028257456828885,0.6028257456828885,"{0: 0.6361747693884945, 1: 0.6361747693884945}","{0: 0.6361747693884945, 1: 0.6361747693884945}",0.6361747693884945,"[[414 223]
 [283 354]]",[0. 0. 1. ... 0. 1. 0.],[0. 1. 1. ... 1. 0. 0.]
140,logistic_regression,"{'penalty': 'l2', 'solver': 'saga'}",0.5999487772216231,0.08340571670094614,0.22098527899948217,0.15572352184642657,0.6104926394997411,0.07786176092321329,0.6019428506504574,0.2056514913657771,0.6028257456828885,0.6028257456828885,"{0: 0.6361723049321165, 1: 0.6361723049321165}","{0: 0.6361723049321165, 1: 0.6361723049321165}",0.6361723049321165,"[[414 223]
 [283 354]]",[0. 0. 1. ... 0. 1. 0.],[0. 1. 1. ... 1. 0. 0.]
415,logistic_regression,"{'penalty': 'l2', 'solver': 'saga'}",0.5999487772216231,0.08340571670094614,0.22098527899948217,0.15572352184642657,0.6104926394997411,0.07786176092321329,0.6019428506504574,0.2056514913657771,0.6028257456828885,0.6028257456828885,"{0: 0.6361525892810934, 1: 0.6361525892810934}","{0: 0.6361525892810934, 1: 0.6361525892810934}",0.6361525892810934,"[[414 223]
 [283 354]]",[0. 0. 1. ... 0. 1. 0.],[0. 1. 1. ... 1. 0. 0.]
414,logistic_regression,"{'penalty': 'l2', 'solver': 'saga'}",0.5999487772216231,0.08340571670094614,0.22098527899948217,0.15572352184642657,0.6104926394997411,0.07786176092321329,0.6019428506504574,0.2056514913657771,0.6028257456828885,0.6028257456828885,"{0: 0.6362092717777849, 1: 0.636209271777785}","{0: 0.6362092717777849, 1: 0.636209271777785}",0.636209271777785,"[[414 223]
 [283 354]]",[0. 0. 1. ... 0. 1. 0.],[0. 1. 1. ... 1. 0. 0.]
145,logistic_regression,"{'penalty': 'l2', 'solver': 'saga'}",0.5999487772216231,0.08340571670094614,0.22098527899948217,0.15572352184642657,0.6104926394997411,0.07786176092321329,0.6019428506504574,0.2056514913657771,0.6028257456828885,0.6028257456828885,"{0: 0.636206807321407, 1: 0.6362068073214071}","{0: 0.636206807321407, 1: 0.6362068073214071}",0.6362068073214071,"[[414 223]
 [283 354]]",[0. 0. 1. ... 0. 1. 0.],[0. 1. 1. ... 1. 0. 0.]
292,logistic_regression,"{'penalty': 'l2', 'solver': 'saga'}",0.5999487772216231,0.08340571670094614,0.22098527899948217,0.15572352184642657,0.6104926394997411,0.07786176092321329,0.6019428506504574,0.2056514913657771,0.6028257456828885,0.6028257456828885,"{0: 0.6361944850395176, 1: 0.6361944850395177}","{0: 0.6361944850395176, 1: 0.6361944850395177}",0.6361944850395177,"[[414 223]
 [283 354]]",[0. 0. 1. ... 0. 1. 0.],[0. 1. 1. ... 1. 0. 0.]
862,logistic_regression,"{'penalty': 'l2', 'solver': 'saga'}",0.5999487772216231,0.08340571670094614,0.22098527899948217,0.15572352184642657,0.6104926394997411,0.07786176092321329,0.6019428506504574,0.2056514913657771,0.6028257456828885,0.6028257456828885,"{0: 0.6362142006905407, 1: 0.6362142006905407}","{0: 0.6362142006905407, 1: 0.6362142006905407}",0.6362142006905407,"[[414 223]
 [283 354]]",[0. 0. 1. ... 0. 1. 0.],[0. 1. 1. ... 1. 0. 0.]
148,logistic_regression,"{'penalty': 'l2', 'solver': 'saga'}",0.5999487772216231,0.08340571670094614,0.22098527899948217,0.15572352184642657,0.6104926394997411,0.07786176092321329,0.6019428506504574,0.2056514913657771,0.6028257456828885,0.6028257456828885,"{0: 0.6361649115629828, 1: 0.6361649115629829}","{0: 0.6361649115629828, 1: 0.6361649115629829}",0.6361649115629829,"[[414 223]
 [283 354]]",[0. 0. 1. ... 0. 1. 0.],[0. 1. 1. ... 1. 0. 0.]
149,logistic_regression,"{'penalty': 'l2', 'solver': 'saga'}",0.5999487772216231,0.08340571670094614,0.22098527899948217,0.15572352184642657,0.6104926394997411,0.07786176092321329,0.6019428506504574,0.2056514913657771,0.6028257456828885,0.6028257456828885,"{0: 0.6361747693884945, 1: 0.6361747693884945}","{0: 0.6361747693884945, 1: 0.6361747693884945}",0.6361747693884945,"[[414 223]
 [283 354]]",[0. 0. 1. ... 0. 1. 0.],[0. 1. 1. ... 1. 0. 0.]
822,logistic_regression,"{'penalty': 'l2', 'solver': 'saga'}",0.5999487772216231,0.08340571670094614,0.22098527899948217,0.15572352184642657,0.6104926394997411,0.07786176092321329,0.6019428506504574,0.2056514913657771,0.6028257456828885,0.6028257456828885,"{0: 0.6362142006905407, 1: 0.6362142006905407}","{0: 0.6362142006905407, 1: 0.6362142006905407}",0.6362142006905407,"[[414 223]
 [283 354]]",[0. 0. 1. ... 0. 1. 0.],[0. 1. 1. ... 1. 0. 0.]
374,logistic_regression,"{'penalty': 'l2', 'solver': 'saga'}",0.5999487772216231,0.08340571670094614,0.22098527899948217,0.15572352184642657,0.6104926394997411,0.07786176092321329,0.6019428506504574,0.2056514913657771,0.6028257456828885,0.6028257456828885,"{0: 0.6361846272140059, 1: 0.636184627214006}","{0: 0.6361846272140059, 1: 0.636184627214006}",0.636184627214006,"[[414 223]
 [283 354]]",[0. 0. 1. ... 0. 1. 0.],[0. 1. 1. ... 1. 0. 0.]
263,logistic_regression,"{'penalty': 'l2', 'solver': 'saga'}",0.5999487772216231,0.08340571670094614,0.22098527899948217,0.15572352184642657,0.6104926394997411,0.07786176092321329,0.6019428506504574,0.2056514913657771,0.6028257456828885,0.6028257456828885,"{0: 0.6362142006905407, 1: 0.6362142006905407}","{0: 0.6362142006905407, 1: 0.6362142006905407}",0.6362142006905407,"[[414 223]
 [283 354]]",[0. 0. 1. ... 0. 1. 0.],[0. 1. 1. ... 1. 0. 0.]
330,logistic_regression,"{'penalty': 'l2', 'solver': 'saga'}",0.5999487772216231,0.08340571670094614,0.22098527899948217,0.15572352184642657,0.6104926394997411,0.07786176092321329,0.6019428506504574,0.2056514913657771,0.6028257456828885,0.6028257456828885,"{0: 0.6361846272140059, 1: 0.636184627214006}","{0: 0.6361846272140059, 1: 0.636184627214006}",0.636184627214006,"[[414 223]
 [283 354]]",[0. 0. 1. ... 0. 1. 0.],[0. 1. 1. ... 1. 0. 0.]
850,logistic_regression,"{'penalty': 'l2', 'solver': 'saga'}",0.5999487772216231,0.08340571670094614,0.22098527899948217,0.15572352184642657,0.6104926394997411,0.07786176092321329,0.6019428506504574,0.2056514913657771,0.6028257456828885,0.6028257456828885,"{0: 0.6362166651469185, 1: 0.6362166651469185}","{0: 0.6362166651469185, 1: 0.6362166651469185}",0.6362166651469185,"[[414 223]
 [283 354]]",[0. 0. 1. ... 0. 1. 0.],[0. 1. 1. ... 1. 0. 0.]
338,logistic_regression,"{'penalty': 'l2', 'solver': 'saga'}",0.5999487772216231,0.08340571670094614,0.22098527899948217,0.15572352184642657,0.6104926394997411,0.07786176092321329,0.6019428506504574,0.2056514913657771,0.6028257456828885,0.6028257456828885,"{0: 0.6362018784086512, 1: 0.6362018784086512}","{0: 0.6362018784086512, 1: 0.6362018784086512}",0.6362018784086512,"[[414 223]
 [283 354]]",[0. 0. 1. ... 0. 1. 0.],[0. 1. 1. ... 1. 0. 0.]
620,logistic_regression,"{'penalty': 'l2', 'solver': 'saga'}",0.5999487772216231,0.08340571670094614,0.22098527899948217,0.15572352184642657,0.6104926394997411,0.07786176092321329,0.6019428506504574,0.2056514913657771,0.6028257456828885,0.6028257456828885,"{0: 0.6361723049321165, 1: 0.6361723049321166}","{0: 0.6361723049321165, 1: 0.6361723049321166}",0.6361723049321166,"[[414 223]
 [283 354]]",[0. 0. 1. ... 0. 1. 0.],[0. 1. 1. ... 1. 0. 0.]
748,logistic_regression,"{'penalty': 'l2', 'solver': 'saga'}",0.5999487772216231,0.08340571670094614,0.22098527899948217,0.15572352184642657,0.6104926394997411,0.07786176092321329,0.6019428506504574,0.2056514913657771,0.6028257456828885,0.6028257456828885,"{0: 0.6361525892810935, 1: 0.6361525892810934}","{0: 0.6361525892810935, 1: 0.6361525892810934}",0.6361525892810934,"[[414 223]
 [283 354]]",[0. 0. 1. ... 0. 1. 0.],[0. 1. 1. ... 1. 0. 0.]
877,logistic_regression,"{'penalty': 'l2', 'solver': 'saga'}",0.5999487772216231,0.08340571670094614,0.22098527899948217,0.15572352184642657,0.6104926394997411,0.07786176092321329,0.6019428506504574,0.2056514913657771,0.6028257456828885,0.6028257456828885,"{0: 0.6362215940596744, 1: 0.6362215940596743}","{0: 0.6362215940596744, 1: 0.6362215940596743}",0.6362215940596743,"[[414 223]
 [283 354]]",[0. 0. 1. ... 0. 1. 0.],[0. 1. 1. ... 1. 0. 0.]
874,logistic_regression,"{'penalty': 'l2', 'solver': 'saga'}",0.5999487772216231,0.08340571670094614,0.22098527899948217,0.15572352184642657,0.6104926394997411,0.07786176092321329,0.6019428506504574,0.2056514913657771,0.6028257456828885,0.6028257456828885,"{0: 0.6362142006905407, 1: 0.6362142006905407}","{0: 0.6362142006905407, 1: 0.6362142006905407}",0.6362142006905407,"[[414 223]
 [283 354]]",[0. 0. 1. ... 0. 1. 0.],[0. 1. 1. ... 1. 0. 0.]
247,logistic_regression,"{'penalty': 'l2', 'solver': 'saga'}",0.5999487772216231,0.08340571670094614,0.22098527899948217,0.15572352184642657,0.6104926394997411,0.07786176092321329,0.6019428506504574,0.2056514913657771,0.6028257456828885,0.6028257456828885,"{0: 0.6361895561267618, 1: 0.6361895561267618}","{0: 0.6361895561267618, 1: 0.6361895561267618}",0.6361895561267618,"[[414 223]
 [283 354]]",[0. 0. 1. ... 0. 1. 0.],[0. 1. 1. ... 1. 0. 0.]
592,logistic_regression,"{'penalty': 'l2', 'solver': 'saga'}",0.5999487772216231,0.08340571670094614,0.22098527899948217,0.15572352184642657,0.6104926394997411,0.07786176092321329,0.6019428506504574,0.2056514913657771,0.6028257456828885,0.6028257456828885,"{0: 0.6362191296032965, 1: 0.6362191296032964}","{0: 0.6362191296032965, 1: 0.6362191296032964}",0.6362191296032964,"[[414 223]
 [283 354]]",[0. 0. 1. ... 0. 1. 0.],[0. 1. 1. ... 1. 0. 0.]
269,logistic_regression,"{'penalty': 'l2', 'solver': 'saga'}",0.5999487772216231,0.08340571670094614,0.22098527899948217,0.15572352184642657,0.6104926394997411,0.07786176092321329,0.6019428506504574,0.2056514913657771,0.6028257456828885,0.6028257456828885,"{0: 0.636204342865029, 1: 0.6362043428650291}","{0: 0.636204342865029, 1: 0.6362043428650291}",0.6362043428650291,"[[414 223]
 [283 354]]",[0. 0. 1. ... 0. 1. 0.],[0. 1. 1. ... 1. 0. 0.]
318,logistic_regression,"{'penalty': 'l2', 'solver': 'saga'}",0.5999487772216231,0.08340571670094614,0.22098527899948217,0.15572352184642657,0.6104926394997411,0.07786176092321329,0.6019428506504574,0.2056514913657771,0.6028257456828885,0.6028257456828885,"{0: 0.6361821627576282, 1: 0.6361821627576281}","{0: 0.6361821627576282, 1: 0.6361821627576281}",0.6361821627576281,"[[414 223]
 [283 354]]",[0. 0. 1. ... 0. 1. 0.],[0. 1. 1. ... 1. 0. 0.]
872,logistic_regression,"{'penalty': 'l2', 'solver': 'saga'}",0.5999487772216231,0.08340571670094614,0.22098527899948217,0.15572352184642657,0.6104926394997411,0.07786176092321329,0.6019428506504574,0.2056514913657771,0.6028257456828885,0.6028257456828885,"{0: 0.636206807321407, 1: 0.636206807321407}","{0: 0.636206807321407, 1: 0.636206807321407}",0.636206807321407,"[[414 223]
 [283 354]]",[0. 0. 1. ... 0. 1. 0.],[0. 1. 1. ... 1. 0. 0.]
896,logistic_regression,"{'penalty': 'l2', 'solver': 'saga'}",0.5999487772216231,0.08340571670094614,0.22098527899948217,0.15572352184642657,0.6104926394997411,0.07786176092321329,0.6019428506504574,0.2056514913657771,0.6028257456828885,0.6028257456828885,"{0: 0.6362191296032964, 1: 0.6362191296032965}","{0: 0.6362191296032964, 1: 0.6362191296032965}",0.6362191296032965,"[[414 223]
 [283 354]]",[0. 0. 1. ... 0. 1. 0.],[0. 1. 1. ... 1. 0. 0.]
329,logistic_regression,"{'penalty': 'l2', 'solver': 'saga'}",0.5999487772216231,0.08340571670094614,0.22098527899948217,0.15572352184642657,0.6104926394997411,0.07786176092321329,0.6019428506504574,0.2056514913657771,0.6028257456828885,0.6028257456828885,"{0: 0.6362043428650291, 1: 0.6362043428650291}","{0: 0.6362043428650291, 1: 0.6362043428650291}",0.6362043428650291,"[[414 223]
 [283 354]]",[0. 0. 1. ... 0. 1. 0.],[0. 1. 1. ... 1. 0. 0.]
593,logistic_regression,"{'penalty': 'l2', 'solver': 'saga'}",0.5999487772216231,0.08340571670094614,0.22098527899948217,0.15572352184642657,0.6104926394997411,0.07786176092321329,0.6019428506504574,0.2056514913657771,0.6028257456828885,0.6028257456828885,"{0: 0.6361772338448723, 1: 0.6361772338448723}","{0: 0.6361772338448723, 1: 0.6361772338448723}",0.6361772338448723,"[[414 223]
 [283 354]]",[0. 0. 1. ... 0. 1. 0.],[0. 1. 1. ... 1. 0. 0.]
616,logistic_regression,"{'penalty': 'l2', 'solver': 'saga'}",0.5999487772216231,0.08340571670094614,0.22098527899948217,0.15572352184642657,0.6104926394997411,0.07786176092321329,0.6019428506504574,0.2056514913657771,0.6028257456828885,0.6028257456828885,"{0: 0.6361870916703839, 1: 0.6361870916703839}","{0: 0.6361870916703839, 1: 0.6361870916703839}",0.6361870916703839,"[[414 223]
 [283 354]]",[0. 0. 1. ... 0. 1. 0.],[0. 1. 1. ... 1. 0. 0.]
847,logistic_regression,"{'penalty': 'l2', 'solver': 'saga'}",0.5999487772216231,0.08340571670094614,0.22098527899948217,0.15572352184642657,0.6104926394997411,0.07786176092321329,0.6019428506504574,0.2056514913657771,0.6028257456828885,0.6028257456828885,"{0: 0.6362166651469187, 1: 0.6362166651469187}","{0: 0.6362166651469187, 1: 0.6362166651469187}",0.6362166651469187,"[[414 223]
 [283 354]]",[0. 0. 1. ... 0. 1. 0.],[0. 1. 1. ... 1. 0. 0.]
594,logistic_regression,"{'penalty': 'l2', 'solver': 'saga'}",0.5999487772216231,0.08340571670094614,0.22098527899948217,0.15572352184642657,0.6104926394997411,0.07786176092321329,0.6019428506504574,0.2056514913657771,0.6028257456828885,0.6028257456828885,"{0: 0.6362240585160522, 1: 0.6362240585160522}","{0: 0.6362240585160522, 1: 0.6362240585160522}",0.6362240585160522,"[[414 223]
 [283 354]]",[0. 0. 1. ... 0. 1. 0.],[0. 1. 1. ... 1. 0. 0.]
256,logistic_regression,"{'penalty': 'l2', 'solver': 'saga'}",0.5999487772216231,0.08340571670094614,0.22098527899948217,0.15572352184642657,0.6104926394997411,0.07786176092321329,0.6019428506504574,0.2056514913657771,0.6028257456828885,0.6028257456828885,"{0: 0.6361994139522733, 1: 0.6361994139522733}","{0: 0.6361994139522733, 1: 0.6361994139522733}",0.6361994139522733,"[[414 223]
 [283 354]]",[0. 0. 1. ... 0. 1. 0.],[0. 1. 1. ... 1. 0. 0.]
257,logistic_regression,"{'penalty': 'l2', 'solver': 'saga'}",0.5999487772216231,0.08340571670094614,0.22098527899948217,0.15572352184642657,0.6104926394997411,0.07786176092321329,0.6019428506504574,0.2056514913657771,0.6028257456828885,0.6028257456828885,"{0: 0.636206807321407, 1: 0.636206807321407}","{0: 0.636206807321407, 1: 0.636206807321407}",0.636206807321407,"[[414 223]
 [283 354]]",[0. 0. 1. ... 0. 1. 0.],[0. 1. 1. ... 1. 0. 0.]
845,logistic_regression,"{'penalty': 'l2', 'solver': 'saga'}",0.5999487772216231,0.08340571670094614,0.22098527899948217,0.15572352184642657,0.6104926394997411,0.07786176092321329,0.6019428506504574,0.2056514913657771,0.6028257456828885,0.6028257456828885,"{0: 0.6361969494958954, 1: 0.6361969494958954}","{0: 0.6361969494958954, 1: 0.6361969494958954}",0.6361969494958954,"[[414 223]
 [283 354]]",[0. 0. 1. ... 0. 1. 0.],[0. 1. 1. ... 1. 0. 0.]
261,logistic_regression,"{'penalty': 'l2', 'solver': 'saga'}",0.5999487772216231,0.08340571670094614,0.22098527899948217,0.15572352184642657,0.6104926394997411,0.07786176092321329,0.6019428506504574,0.2056514913657771,0.6028257456828885,0.6028257456828885,"{0: 0.6361525892810934, 1: 0.6361525892810935}","{0: 0.6361525892810934, 1: 0.6361525892810935}",0.6361525892810935,"[[414 223]
 [283 354]]",[0. 0. 1. ... 0. 1. 0.],[0. 1. 1. ... 1. 0. 0.]
595,logistic_regression,"{'penalty': 'l2', 'solver': 'saga'}",0.5999487772216231,0.08340571670094614,0.22098527899948217,0.15572352184642657,0.6104926394997411,0.07786176092321329,0.6019428506504574,0.2056514913657771,0.6028257456828885,0.6028257456828885,"{0: 0.6361870916703839, 1: 0.636187091670384}","{0: 0.6361870916703839, 1: 0.636187091670384}",0.636187091670384,"[[414 223]
 [283 354]]",[0. 0. 1. ... 0. 1. 0.],[0. 1. 1. ... 1. 0. 0.]
590,logistic_regression,"{'penalty': 'l2', 'solver': 'saga'}",0.5999487772216231,0.08340571670094614,0.22098527899948217,0.15572352184642657,0.6104926394997411,0.07786176092321329,0.6019428506504574,0.2056514913657771,0.6028257456828885,0.6028257456828885,"{0: 0.636184627214006, 1: 0.636184627214006}","{0: 0.636184627214006, 1: 0.636184627214006}",0.636184627214006,"[[414 223]
 [283 354]]",[0. 0. 1. ... 0. 1. 0.],[0. 1. 1. ... 1. 0. 0.]
622,logistic_regression,"{'penalty': 'l2', 'solver': 'saga'}",0.5999487772216231,0.08340571670094614,0.22098527899948217,0.15572352184642657,0.6104926394997411,0.07786176092321329,0.6019428506504574,0.2056514913657771,0.6028257456828885,0.6028257456828885,"{0: 0.6361895561267618, 1: 0.6361895561267618}","{0: 0.6361895561267618, 1: 0.6361895561267618}",0.6361895561267618,"[[414 223]
 [283 354]]",[0. 0. 1. ... 0. 1. 0.],[0. 1. 1. ... 1. 0. 0.]
598,logistic_regression,"{'penalty': 'l2', 'solver': 'saga'}",0.5999487772216231,0.08340571670094614,0.22098527899948217,0.15572352184642657,0.6104926394997411,0.07786176092321329,0.6019428506504574,0.2056514913657771,0.6028257456828885,0.6028257456828885,"{0: 0.6362018784086513, 1: 0.6362018784086513}","{0: 0.6362018784086513, 1: 0.6362018784086513}",0.6362018784086513,"[[414 223]
 [283 354]]",[0. 0. 1. ... 0. 1. 0.],[0. 1. 1. ... 1. 0. 0.]
880,logistic_regression,"{'penalty': 'l2', 'solver': 'saga'}",0.5999487772216231,0.08340571670094614,0.22098527899948217,0.15572352184642657,0.6104926394997411,0.07786176092321329,0.6019428506504574,0.2056514913657771,0.6028257456828885,0.6028257456828885,"{0: 0.6361402669992039, 1: 0.636140266999204}","{0: 0.6361402669992039, 1: 0.636140266999204}",0.636140266999204,"[[414 223]
 [283 354]]",[0. 0. 1. ... 0. 1. 0.],[0. 1. 1. ... 1. 0. 0.]
581,logistic_regression,"{'penalty': 'l2', 'solver': 'saga'}",0.5999487772216231,0.08340571670094614,0.22098527899948217,0.15572352184642657,0.6104926394997411,0.07786176092321329,0.6019428506504574,0.2056514913657771,0.6028257456828885,0.6028257456828885,"{0: 0.6361796983012501, 1: 0.6361796983012502}","{0: 0.6361796983012501, 1: 0.6361796983012502}",0.6361796983012502,"[[414 223]
 [283 354]]",[0. 0. 1. ... 0. 1. 0.],[0. 1. 1. ... 1. 0. 0.]
582,logistic_regression,"{'penalty': 'l2', 'solver': 'saga'}",0.5999487772216231,0.08340571670094614,0.22098527899948217,0.15572352184642657,0.6104926394997411,0.07786176092321329,0.6019428506504574,0.2056514913657771,0.6028257456828885,0.6028257456828885,"{0: 0.6362117362341628, 1: 0.6362117362341628}","{0: 0.6362117362341628, 1: 0.6362117362341628}",0.6362117362341628,"[[414 223]
 [283 354]]",[0. 0. 1. ... 0. 1. 0.],[0. 1. 1. ... 1. 0. 0.]
829,logistic_regression,"{'penalty': 'l2', 'solver': 'saga'}",0.5999487772216231,0.08340571670094614,0.22098527899948217,0.15572352184642657,0.6104926394997411,0.07786176092321329,0.6019428506504574,0.2056514913657771,0.6028257456828885,0.6028257456828885,"{0: 0.6362018784086512, 1: 0.6362018784086513}","{0: 0.6362018784086512, 1: 0.6362018784086513}",0.6362018784086513,"[[414 223]
 [283 354]]",[0. 0. 1. ... 0. 1. 0.],[0. 1. 1. ... 1. 0. 0.]
894,logistic_regression,"{'penalty': 'l2', 'solver': 'saga'}",0.5999487772216231,0.08340571670094614,0.22098527899948217,0.15572352184642657,0.6104926394997411,0.07786176092321329,0.6019428506504574,0.2056514913657771,0.6028257456828885,0.6028257456828885,"{0: 0.6362043428650291, 1: 0.6362043428650292}","{0: 0.6362043428650291, 1: 0.6362043428650292}",0.6362043428650292,"[[414 223]
 [283 354]]",[0. 0. 1. ... 0. 1. 0.],[0. 1. 1. ... 1. 0. 0.]
633,logistic_regression,"{'penalty': 'l2', 'solver': 'saga'}",0.5999487772216231,0.08340571670094614,0.22098527899948217,0.15572352184642657,0.6104926394997411,0.07786176092321329,0.6019428506504574,0.2056514913657771,0.6028257456828885,0.6028257456828885,"{0: 0.6361821627576281, 1: 0.6361821627576281}","{0: 0.6361821627576281, 1: 0.6361821627576281}",0.6361821627576281,"[[414 223]
 [283 354]]",[0. 0. 1. ... 0. 1. 0.],[0. 1. 1. ... 1. 0. 0.]
740,logistic_regression,"{'penalty': 'l2', 'solver': 'saga'}",0.5999487772216231,0.08340571670094614,0.22098527899948217,0.15572352184642657,0.6104926394997411,0.07786176092321329,0.6019428506504574,0.2056514913657771,0.6028257456828885,0.6028257456828885,"{0: 0.6361920205831396, 1: 0.6361920205831397}","{0: 0.6361920205831396, 1: 0.6361920205831397}",0.6361920205831397,"[[414 223]
 [283 354]]",[0. 0. 1. ... 0. 1. 0.],[0. 1. 1. ... 1. 0. 0.]
206,logistic_regression,"{'penalty': 'l2', 'solver': 'saga'}",0.5999487772216231,0.08340571670094614,0.22098527899948217,0.15572352184642657,0.6104926394997411,0.07786176092321329,0.6019428506504574,0.2056514913657771,0.6028257456828885,0.6028257456828885,"{0: 0.6362117362341626, 1: 0.6362117362341628}","{0: 0.6362117362341626, 1: 0.6362117362341628}",0.6362117362341628,"[[414 223]
 [283 354]]",[0. 0. 1. ... 0. 1. 0.],[0. 1. 1. ... 1. 0. 0.]
119,logistic_regression,"{'penalty': 'l2', 'solver': 'saga'}",0.5999487772216231,0.08340571670094614,0.22098527899948217,0.15572352184642657,0.6104926394997411,0.07786176092321329,0.6019428506504574,0.2056514913657771,0.6028257456828885,0.6028257456828885,"{0: 0.6361944850395176, 1: 0.6361944850395176}","{0: 0.6361944850395176, 1: 0.6361944850395176}",0.6361944850395176,"[[414 223]
 [283 354]]",[0. 0. 1. ... 0. 1. 0.],[0. 1. 1. ... 1. 0. 0.]
612,logistic_regression,"{'penalty': 'l2', 'solver': 'saga'}",0.5999487772216231,0.08340571670094614,0.22098527899948217,0.15572352184642657,0.6104926394997411,0.07786176092321329,0.6019428506504574,0.2056514913657771,0.6028257456828885,0.6028257456828885,"{0: 0.6362043428650291, 1: 0.6362043428650291}","{0: 0.6362043428650291, 1: 0.6362043428650291}",0.6362043428650291,"[[414 223]
 [283 354]]",[0. 0. 1. ... 0. 1. 0.],[0. 1. 1. ... 1. 0. 0.]
584,logistic_regression,"{'penalty': 'l2', 'solver': 'saga'}",0.5999487772216231,0.08340571670094614,0.22098527899948217,0.15572352184642657,0.6104926394997411,0.07786176092321329,0.6019428506504574,0.2056514913657771,0.6028257456828885,0.6028257456828885,"{0: 0.6362142006905407, 1: 0.6362142006905407}","{0: 0.6362142006905407, 1: 0.6362142006905407}",0.6362142006905407,"[[414 223]
 [283 354]]",[0. 0. 1. ... 0. 1. 0.],[0. 1. 1. ... 1. 0. 0.]
213,logistic_regression,"{'penalty': 'l2', 'solver': 'saga'}",0.5999487772216231,0.08340571670094614,0.22098527899948217,0.15572352184642657,0.6104926394997411,0.07786176092321329,0.6019428506504574,0.2056514913657771,0.6028257456828885,0.6028257456828885,"{0: 0.6362092717777849, 1: 0.6362092717777849}","{0: 0.6362092717777849, 1: 0.6362092717777849}",0.6362092717777849,"[[414 223]
 [283 354]]",[0. 0. 1. ... 0. 1. 0.],[0. 1. 1. ... 1. 0. 0.]
630,logistic_regression,"{'penalty': 'l2', 'solver': 'saga'}",0.5999487772216231,0.08340571670094614,0.22098527899948217,0.15572352184642657,0.6104926394997411,0.07786176092321329,0.6019428506504574,0.2056514913657771,0.6028257456828885,0.6028257456828885,"{0: 0.6361575181938491, 1: 0.6361575181938492}","{0: 0.6361575181938491, 1: 0.6361575181938492}",0.6361575181938492,"[[414 223]
 [283 354]]",[0. 0. 1. ... 0. 1. 0.],[0. 1. 1. ... 1. 0. 0.]
586,logistic_regression,"{'penalty': 'l2', 'solver': 'saga'}",0.5999487772216231,0.08340571670094614,0.22098527899948217,0.15572352184642657,0.6104926394997411,0.07786176092321329,0.6019428506504574,0.2056514913657771,0.6028257456828885,0.6028257456828885,"{0: 0.6361895561267619, 1: 0.6361895561267618}","{0: 0.6361895561267619, 1: 0.6361895561267618}",0.6361895561267618,"[[414 223]
 [283 354]]",[0. 0. 1. ... 0. 1. 0.],[0. 1. 1. ... 1. 0. 0.]
587,logistic_regression,"{'penalty': 'l2', 'solver': 'saga'}",0.5999487772216231,0.08340571670094614,0.22098527899948217,0.15572352184642657,0.6104926394997411,0.07786176092321329,0.6019428506504574,0.2056514913657771,0.6028257456828885,0.6028257456828885,"{0: 0.6362068073214071, 1: 0.636206807321407}","{0: 0.6362068073214071, 1: 0.636206807321407}",0.636206807321407,"[[414 223]
 [283 354]]",[0. 0. 1. ... 0. 1. 0.],[0. 1. 1. ... 1. 0. 0.]
219,logistic_regression,"{'penalty': 'l2', 'solver': 'saga'}",0.5999487772216231,0.08340571670094614,0.22098527899948217,0.15572352184642657,0.6104926394997411,0.07786176092321329,0.6019428506504574,0.2056514913657771,0.6028257456828885,0.6028257456828885,"{0: 0.6361649115629829, 1: 0.6361649115629828}","{0: 0.6361649115629829, 1: 0.6361649115629828}",0.6361649115629828,"[[414 223]
 [283 354]]",[0. 0. 1. ... 0. 1. 0.],[0. 1. 1. ... 1. 0. 0.]
833,logistic_regression,"{'penalty': 'l2', 'solver': 'saga'}",0.5999487772216231,0.08340571670094614,0.22098527899948217,0.15572352184642657,0.6104926394997411,0.07786176092321329,0.6019428506504574,0.2056514913657771,0.6028257456828885,0.6028257456828885,"{0: 0.6362018784086512, 1: 0.6362018784086512}","{0: 0.6362018784086512, 1: 0.6362018784086512}",0.6362018784086512,"[[414 223]
 [283 354]]",[0. 0. 1. ... 0. 1. 0.],[0. 1. 1. ... 1. 0. 0.]
883,logistic_regression,"{'penalty': 'l2', 'solver': 'saga'}",0.5999487772216231,0.08340571670094614,0.22098527899948217,0.15572352184642657,0.6104926394997411,0.07786176092321329,0.6019428506504574,0.2056514913657771,0.6028257456828885,0.6028257456828885,"{0: 0.6362166651469187, 1: 0.6362166651469185}","{0: 0.6362166651469187, 1: 0.6362166651469185}",0.6362166651469185,"[[414 223]
 [283 354]]",[0. 0. 1. ... 0. 1. 0.],[0. 1. 1. ... 1. 0. 0.]
223,logistic_regression,"{'penalty': 'l2', 'solver': 'saga'}",0.5999487772216231,0.08340571670094614,0.22098527899948217,0.15572352184642657,0.6104926394997411,0.07786176092321329,0.6019428506504574,0.2056514913657771,0.6028257456828885,0.6028257456828885,"{0: 0.6361772338448723, 1: 0.6361772338448723}","{0: 0.6361772338448723, 1: 0.6361772338448723}",0.6361772338448723,"[[414 223]
 [283 354]]",[0. 0. 1. ... 0. 1. 0.],[0. 1. 1. ... 1. 0. 0.]
225,logistic_regression,"{'penalty': 'l2', 'solver': 'saga'}",0.5999487772216231,0.08340571670094614,0.22098527899948217,0.15572352184642657,0.6104926394997411,0.07786176092321329,0.6019428506504574,0.2056514913657771,0.6028257456828885,0.6028257456828885,"{0: 0.636204342865029, 1: 0.6362043428650291}","{0: 0.636204342865029, 1: 0.6362043428650291}",0.6362043428650291,"[[414 223]
 [283 354]]",[0. 0. 1. ... 0. 1. 0.],[0. 1. 1. ... 1. 0. 0.]
623,logistic_regression,"{'penalty': 'l2', 'solver': 'saga'}",0.5999487772216231,0.08340571670094614,0.22098527899948217,0.15572352184642657,0.6104926394997411,0.07786176092321329,0.6019428506504574,0.2056514913657771,0.6028257456828885,0.6028257456828885,"{0: 0.6362191296032965, 1: 0.6362191296032965}","{0: 0.6362191296032965, 1: 0.6362191296032965}",0.6362191296032965,"[[414 223]
 [283 354]]",[0. 0. 1. ... 0. 1. 0.],[0. 1. 1. ... 1. 0. 0.]
275,logistic_regression,"{'penalty': 'l2', 'solver': 'saga'}",0.5999487772216231,0.08340571670094614,0.22098527899948217,0.15572352184642657,0.6104926394997411,0.07786176092321329,0.6019428506504574,0.2056514913657771,0.6028257456828885,0.6028257456828885,"{0: 0.6361944850395176, 1: 0.6361944850395176}","{0: 0.6361944850395176, 1: 0.6361944850395176}",0.6361944850395176,"[[414 223]
 [283 354]]",[0. 0. 1. ... 0. 1. 0.],[0. 1. 1. ... 1. 0. 0.]
542,logistic_regression,"{'penalty': 'l2', 'solver': 'saga'}",0.5999487772216231,0.08340571670094614,0.22098527899948217,0.15572352184642657,0.6104926394997411,0.07786176092321329,0.6019428506504574,0.2056514913657771,0.6028257456828885,0.6028257456828885,"{0: 0.6362240585160522, 1: 0.6362240585160523}","{0: 0.6362240585160522, 1: 0.6362240585160523}",0.6362240585160523,"[[414 223]
 [283 354]]",[0. 0. 1. ... 0. 1. 0.],[0. 1. 1. ... 1. 0. 0.]
146,logistic_regression,"{'penalty': 'l2', 'solver': 'saga'}",0.5999487772216231,0.08340571670094614,0.22098527899948217,0.15572352184642657,0.6104926394997411,0.07786176092321329,0.6019428506504574,0.2056514913657771,0.6028257456828885,0.6028257456828885,"{0: 0.6362265229724301, 1: 0.6362265229724301}","{0: 0.6362265229724301, 1: 0.6362265229724301}",0.6362265229724301,"[[414 223]
 [283 354]]",[0. 0. 1. ... 0. 1. 0.],[0. 1. 1. ... 1. 0. 0.]
960,logistic_regression,"{'penalty': 'l2', 'solver': 'saga'}",0.5999487772216231,0.08340571670094614,0.22098527899948217,0.15572352184642657,0.6104926394997411,0.07786176092321329,0.6019428506504574,0.2056514913657771,0.6028257456828885,0.6028257456828885,"{0: 0.6361821627576281, 1: 0.6361821627576281}","{0: 0.6361821627576281, 1: 0.6361821627576281}",0.6361821627576281,"[[414 223]
 [283 354]]",[0. 0. 1. ... 0. 1. 0.],[0. 1. 1. ... 1. 0. 0.]
798,logistic_regression,"{'penalty': 'l2', 'solver': 'saga'}",0.5999487772216231,0.08340571670094614,0.22098527899948217,0.15572352184642657,0.6104926394997411,0.07786176092321329,0.6019428506504574,0.2056514913657771,0.6028257456828885,0.6028257456828885,"{0: 0.6361944850395176, 1: 0.6361944850395176}","{0: 0.6361944850395176, 1: 0.6361944850395176}",0.6361944850395176,"[[414 223]
 [283 354]]",[0. 0. 1. ... 0. 1. 0.],[0. 1. 1. ... 1. 0. 0.]
720,logistic_regression,"{'penalty': 'l2', 'solver': 'saga'}",0.5999487772216231,0.08340571670094614,0.22098527899948217,0.15572352184642657,0.6104926394997411,0.07786176092321329,0.6019428506504574,0.2056514913657771,0.6028257456828885,0.6028257456828885,"{0: 0.6361895561267618, 1: 0.6361895561267619}","{0: 0.6361895561267618, 1: 0.6361895561267619}",0.6361895561267619,"[[414 223]
 [283 354]]",[0. 0. 1. ... 0. 1. 0.],[0. 1. 1. ... 1. 0. 0.]
29,logistic_regression,"{'penalty': 'l2', 'solver': 'saga'}",0.5999487772216231,0.08340571670094614,0.22098527899948217,0.15572352184642657,0.6104926394997411,0.07786176092321329,0.6019428506504574,0.2056514913657771,0.6028257456828885,0.6028257456828885,"{0: 0.6362018784086513, 1: 0.6362018784086512}","{0: 0.6362018784086513, 1: 0.6362018784086512}",0.6362018784086512,"[[414 223]
 [283 354]]",[0. 0. 1. ... 0. 1. 0.],[0. 1. 1. ... 1. 0. 0.]
518,logistic_regression,"{'penalty': 'l2', 'solver': 'saga'}",0.5999487772216231,0.08340571670094614,0.22098527899948217,0.15572352184642657,0.6104926394997411,0.07786176092321329,0.6019428506504574,0.2056514913657771,0.6028257456828885,0.6028257456828885,"{0: 0.6361870916703838, 1: 0.6361870916703838}","{0: 0.6361870916703838, 1: 0.6361870916703838}",0.6361870916703838,"[[414 223]
 [283 354]]",[0. 0. 1. ... 0. 1. 0.],[0. 1. 1. ... 1. 0. 0.]
476,logistic_regression,"{'penalty': 'l2', 'solver': 'saga'}",0.5999487772216231,0.08340571670094614,0.22098527899948217,0.15572352184642657,0.6104926394997411,0.07786176092321329,0.6019428506504574,0.2056514913657771,0.6028257456828885,0.6028257456828885,"{0: 0.6361870916703839, 1: 0.6361870916703839}","{0: 0.6361870916703839, 1: 0.6361870916703839}",0.6361870916703839,"[[414 223]
 [283 354]]",[0. 0. 1. ... 0. 1. 0.],[0. 1. 1. ... 1. 0. 0.]
521,logistic_regression,"{'penalty': 'l2', 'solver': 'saga'}",0.5999487772216231,0.08340571670094614,0.22098527899948217,0.15572352184642657,0.6104926394997411,0.07786176092321329,0.6019428506504574,0.2056514913657771,0.6028257456828885,0.6028257456828885,"{0: 0.6362018784086512, 1: 0.6362018784086513}","{0: 0.6362018784086512, 1: 0.6362018784086513}",0.6362018784086513,"[[414 223]
 [283 354]]",[0. 0. 1. ... 0. 1. 0.],[0. 1. 1. ... 1. 0. 0.]
523,logistic_regression,"{'penalty': 'l2', 'solver': 'saga'}",0.5999487772216231,0.08340571670094614,0.22098527899948217,0.15572352184642657,0.6104926394997411,0.07786176092321329,0.6019428506504574,0.2056514913657771,0.6028257456828885,0.6028257456828885,"{0: 0.636184627214006, 1: 0.6361846272140059}","{0: 0.636184627214006, 1: 0.6361846272140059}",0.6361846272140059,"[[414 223]
 [283 354]]",[0. 0. 1. ... 0. 1. 0.],[0. 1. 1. ... 1. 0. 0.]
952,logistic_regression,"{'penalty': 'l2', 'solver': 'saga'}",0.5999487772216231,0.08340571670094614,0.22098527899948217,0.15572352184642657,0.6104926394997411,0.07786176092321329,0.6019428506504574,0.2056514913657771,0.6028257456828885,0.6028257456828885,"{0: 0.6361969494958953, 1: 0.6361969494958954}","{0: 0.6361969494958953, 1: 0.6361969494958954}",0.6361969494958954,"[[414 223]
 [283 354]]",[0. 0. 1. ... 0. 1. 0.],[0. 1. 1. ... 1. 0. 0.]
775,logistic_regression,"{'penalty': 'l2', 'solver': 'saga'}",0.5999487772216231,0.08340571670094614,0.22098527899948217,0.15572352184642657,0.6104926394997411,0.07786176092321329,0.6019428506504574,0.2056514913657771,0.6028257456828885,0.6028257456828885,"{0: 0.6362092717777847, 1: 0.6362092717777849}","{0: 0.6362092717777847, 1: 0.6362092717777849}",0.6362092717777849,"[[414 223]
 [283 354]]",[0. 0. 1. ... 0. 1. 0.],[0. 1. 1. ... 1. 0. 0.]
682,logistic_regression,"{'penalty': 'l2', 'solver': 'saga'}",0.5999487772216231,0.08340571670094614,0.22098527899948217,0.15572352184642657,0.6104926394997411,0.07786176092321329,0.6019428506504574,0.2056514913657771,0.6028257456828885,0.6028257456828885,"{0: 0.6362215940596743, 1: 0.6362215940596744}","{0: 0.6362215940596743, 1: 0.6362215940596744}",0.6362215940596744,"[[414 223]
 [283 354]]",[0. 0. 1. ... 0. 1. 0.],[0. 1. 1. ... 1. 0. 0.]
473,logistic_regression,"{'penalty': 'l2', 'solver': 'saga'}",0.5999487772216231,0.08340571670094614,0.22098527899948217,0.15572352184642657,0.6104926394997411,0.07786176092321329,0.6019428506504574,0.2056514913657771,0.6028257456828885,0.6028257456828885,"{0: 0.6362240585160522, 1: 0.6362240585160523}","{0: 0.6362240585160522, 1: 0.6362240585160523}",0.6362240585160523,"[[414 223]
 [283 354]]",[0. 0. 1. ... 0. 1. 0.],[0. 1. 1. ... 1. 0. 0.]
795,logistic_regression,"{'penalty': 'l2', 'solver': 'saga'}",0.5999487772216231,0.08340571670094614,0.22098527899948217,0.15572352184642657,0.6104926394997411,0.07786176092321329,0.6019428506504574,0.2056514913657771,0.6028257456828885,0.6028257456828885,"{0: 0.6361870916703838, 1: 0.6361870916703839}","{0: 0.6361870916703838, 1: 0.6361870916703839}",0.6361870916703839,"[[414 223]
 [283 354]]",[0. 0. 1. ... 0. 1. 0.],[0. 1. 1. ... 1. 0. 0.]
471,logistic_regression,"{'penalty': 'l2', 'solver': 'saga'}",0.5999487772216231,0.08340571670094614,0.22098527899948217,0.15572352184642657,0.6104926394997411,0.07786176092321329,0.6019428506504574,0.2056514913657771,0.6028257456828885,0.6028257456828885,"{0: 0.636206807321407, 1: 0.6362068073214071}","{0: 0.636206807321407, 1: 0.6362068073214071}",0.6362068073214071,"[[414 223]
 [283 354]]",[0. 0. 1. ... 0. 1. 0.],[0. 1. 1. ... 1. 0. 0.]
949,logistic_regression,"{'penalty': 'l2', 'solver': 'saga'}",0.5999487772216231,0.08340571670094614,0.22098527899948217,0.15572352184642657,0.6104926394997411,0.07786176092321329,0.6019428506504574,0.2056514913657771,0.6028257456828885,0.6028257456828885,"{0: 0.6361920205831396, 1: 0.6361920205831397}","{0: 0.6361920205831396, 1: 0.6361920205831397}",0.6361920205831397,"[[414 223]
 [283 354]]",[0. 0. 1. ... 0. 1. 0.],[0. 1. 1. ... 1. 0. 0.]
529,logistic_regression,"{'penalty': 'l2', 'solver': 'saga'}",0.5999487772216231,0.08340571670094614,0.22098527899948217,0.15572352184642657,0.6104926394997411,0.07786176092321329,0.6019428506504574,0.2056514913657771,0.6028257456828885,0.6028257456828885,"{0: 0.6362018784086512, 1: 0.6362018784086512}","{0: 0.6362018784086512, 1: 0.6362018784086512}",0.6362018784086512,"[[414 223]
 [283 354]]",[0. 0. 1. ... 0. 1. 0.],[0. 1. 1. ... 1. 0. 0.]
765,logistic_regression,"{'penalty': 'l2', 'solver': 'saga'}",0.5999487772216231,0.08340571670094614,0.22098527899948217,0.15572352184642657,0.6104926394997411,0.07786176092321329,0.6019428506504574,0.2056514913657771,0.6028257456828885,0.6028257456828885,"{0: 0.6362215940596744, 1: 0.6362215940596744}","{0: 0.6362215940596744, 1: 0.6362215940596744}",0.6362215940596744,"[[414 223]
 [283 354]]",[0. 0. 1. ... 0. 1. 0.],[0. 1. 1. ... 1. 0. 0.]
714,logistic_regression,"{'penalty': 'l2', 'solver': 'saga'}",0.5999487772216231,0.08340571670094614,0.22098527899948217,0.15572352184642657,0.6104926394997411,0.07786176092321329,0.6019428506504574,0.2056514913657771,0.6028257456828885,0.6028257456828885,"{0: 0.6361944850395176, 1: 0.6361944850395175}","{0: 0.6361944850395176, 1: 0.6361944850395175}",0.6361944850395175,"[[414 223]
 [283 354]]",[0. 0. 1. ... 0. 1. 0.],[0. 1. 1. ... 1. 0. 0.]
988,logistic_regression,"{'penalty': 'l2', 'solver': 'saga'}",0.5999487772216231,0.08340571670094614,0.22098527899948217,0.15572352184642657,0.6104926394997411,0.07786176092321329,0.6019428506504574,0.2056514913657771,0.6028257456828885,0.6028257456828885,"{0: 0.6362191296032965, 1: 0.6362191296032964}","{0: 0.6362191296032965, 1: 0.6362191296032964}",0.6362191296032964,"[[414 223]
 [283 354]]",[0. 0. 1. ... 0. 1. 0.],[0. 1. 1. ... 1. 0. 0.]
34,logistic_regression,"{'penalty': 'l2', 'solver': 'saga'}",0.5999487772216231,0.08340571670094614,0.22098527899948217,0.15572352184642657,0.6104926394997411,0.07786176092321329,0.6019428506504574,0.2056514913657771,0.6028257456828885,0.6028257456828885,"{0: 0.6361772338448722, 1: 0.6361772338448722}","{0: 0.6361772338448722, 1: 0.6361772338448722}",0.6361772338448722,"[[414 223]
 [283 354]]",[0. 0. 1. ... 0. 1. 0.],[0. 1. 1. ... 1. 0. 0.]
555,logistic_regression,"{'penalty': 'l2', 'solver': 'saga'}",0.5999487772216231,0.08340571670094614,0.22098527899948217,0.15572352184642657,0.6104926394997411,0.07786176092321329,0.6019428506504574,0.2056514913657771,0.6028257456828885,0.6028257456828885,"{0: 0.6361796983012502, 1: 0.6361796983012502}","{0: 0.6361796983012502, 1: 0.6361796983012502}",0.6361796983012502,"[[414 223]
 [283 354]]",[0. 0. 1. ... 0. 1. 0.],[0. 1. 1. ... 1. 0. 0.]
790,logistic_regression,"{'penalty': 'l2', 'solver': 'saga'}",0.5999487772216231,0.08340571670094614,0.22098527899948217,0.15572352184642657,0.6104926394997411,0.07786176092321329,0.6019428506504574,0.2056514913657771,0.6028257456828885,0.6028257456828885,"{0: 0.6361796983012502, 1: 0.6361796983012502}","{0: 0.6361796983012502, 1: 0.6361796983012502}",0.6361796983012502,"[[414 223]
 [283 354]]",[0. 0. 1. ... 0. 1. 0.],[0. 1. 1. ... 1. 0. 0.]
495,logistic_regression,"{'penalty': 'l2', 'solver': 'saga'}",0.5999487772216231,0.08340571670094614,0.22098527899948217,0.15572352184642657,0.6104926394997411,0.07786176092321329,0.6019428506504574,0.2056514913657771,0.6028257456828885,0.6028257456828885,"{0: 0.6362265229724302, 1: 0.6362265229724301}","{0: 0.6362265229724302, 1: 0.6362265229724301}",0.6362265229724301,"[[414 223]
 [283 354]]",[0. 0. 1. ... 0. 1. 0.],[0. 1. 1. ... 1. 0. 0.]
760,logistic_regression,"{'penalty': 'l2', 'solver': 'saga'}",0.5999487772216231,0.08340571670094614,0.22098527899948217,0.15572352184642657,0.6104926394997411,0.07786176092321329,0.6019428506504574,0.2056514913657771,0.6028257456828885,0.6028257456828885,"{0: 0.6362142006905407, 1: 0.6362142006905407}","{0: 0.6362142006905407, 1: 0.6362142006905407}",0.6362142006905407,"[[414 223]
 [283 354]]",[0. 0. 1. ... 0. 1. 0.],[0. 1. 1. ... 1. 0. 0.]
967,logistic_regression,"{'penalty': 'l2', 'solver': 'saga'}",0.5999487772216231,0.08340571670094614,0.22098527899948217,0.15572352184642657,0.6104926394997411,0.07786176092321329,0.6019428506504574,0.2056514913657771,0.6028257456828885,0.6028257456828885,"{0: 0.6361846272140059, 1: 0.6361846272140059}","{0: 0.6361846272140059, 1: 0.6361846272140059}",0.6361846272140059,"[[414 223]
 [283 354]]",[0. 0. 1. ... 0. 1. 0.],[0. 1. 1. ... 1. 0. 0.]
786,logistic_regression,"{'penalty': 'l2', 'solver': 'saga'}",0.5999487772216231,0.08340571670094614,0.22098527899948217,0.15572352184642657,0.6104926394997411,0.07786176092321329,0.6019428506504574,0.2056514913657771,0.6028257456828885,0.6028257456828885,"{0: 0.6361772338448723, 1: 0.6361772338448722}","{0: 0.6361772338448723, 1: 0.6361772338448722}",0.6361772338448722,"[[414 223]
 [283 354]]",[0. 0. 1. ... 0. 1. 0.],[0. 1. 1. ... 1. 0. 0.]
688,logistic_regression,"{'penalty': 'l2', 'solver': 'saga'}",0.5999487772216231,0.08340571670094614,0.22098527899948217,0.15572352184642657,0.6104926394997411,0.07786176092321329,0.6019428506504574,0.2056514913657771,0.6028257456828885,0.6028257456828885,"{0: 0.6362018784086513, 1: 0.6362018784086513}","{0: 0.6362018784086513, 1: 0.6362018784086513}",0.6362018784086513,"[[414 223]
 [283 354]]",[0. 0. 1. ... 0. 1. 0.],[0. 1. 1. ... 1. 0. 0.]
784,logistic_regression,"{'penalty': 'l2', 'solver': 'saga'}",0.5999487772216231,0.08340571670094614,0.22098527899948217,0.15572352184642657,0.6104926394997411,0.07786176092321329,0.6019428506504574,0.2056514913657771,0.6028257456828885,0.6028257456828885,"{0: 0.6362117362341627, 1: 0.6362117362341628}","{0: 0.6362117362341627, 1: 0.6362117362341628}",0.6362117362341628,"[[414 223]
 [283 354]]",[0. 0. 1. ... 0. 1. 0.],[0. 1. 1. ... 1. 0. 0.]
45,logistic_regression,"{'penalty': 'l2', 'solver': 'saga'}",0.5999487772216231,0.08340571670094614,0.22098527899948217,0.15572352184642657,0.6104926394997411,0.07786176092321329,0.6019428506504574,0.2056514913657771,0.6028257456828885,0.6028257456828885,"{0: 0.6361747693884945, 1: 0.6361747693884945}","{0: 0.6361747693884945, 1: 0.6361747693884945}",0.6361747693884945,"[[414 223]
 [283 354]]",[0. 0. 1. ... 0. 1. 0.],[0. 1. 1. ... 1. 0. 0.]
963,logistic_regression,"{'penalty': 'l2', 'solver': 'saga'}",0.5999487772216231,0.08340571670094614,0.22098527899948217,0.15572352184642657,0.6104926394997411,0.07786176092321329,0.6019428506504574,0.2056514913657771,0.6028257456828885,0.6028257456828885,"{0: 0.6362117362341627, 1: 0.6362117362341627}","{0: 0.6362117362341627, 1: 0.6362117362341627}",0.6362117362341627,"[[414 223]
 [283 354]]",[0. 0. 1. ... 0. 1. 0.],[0. 1. 1. ... 1. 0. 0.]
973,logistic_regression,"{'penalty': 'l2', 'solver': 'saga'}",0.5999487772216231,0.08340571670094614,0.22098527899948217,0.15572352184642657,0.6104926394997411,0.07786176092321329,0.6019428506504574,0.2056514913657771,0.6028257456828885,0.6028257456828885,"{0: 0.6362413097106974, 1: 0.6362413097106974}","{0: 0.6362413097106974, 1: 0.6362413097106974}",0.6362413097106974,"[[414 223]
 [283 354]]",[0. 0. 1. ... 0. 1. 0.],[0. 1. 1. ... 1. 0. 0.]
977,logistic_regression,"{'penalty': 'l2', 'solver': 'saga'}",0.5999487772216231,0.08340571670094614,0.22098527899948217,0.15572352184642657,0.6104926394997411,0.07786176092321329,0.6019428506504574,0.2056514913657771,0.6028257456828885,0.6028257456828885,"{0: 0.6361969494958954, 1: 0.6361969494958954}","{0: 0.6361969494958954, 1: 0.6361969494958954}",0.6361969494958954,"[[414 223]
 [283 354]]",[0. 0. 1. ... 0. 1. 0.],[0. 1. 1. ... 1. 0. 0.]
558,logistic_regression,"{'penalty': 'l2', 'solver': 'saga'}",0.5999487772216231,0.08340571670094614,0.22098527899948217,0.15572352184642657,0.6104926394997411,0.07786176092321329,0.6019428506504574,0.2056514913657771,0.6028257456828885,0.6028257456828885,"{0: 0.6361698404757385, 1: 0.6361698404757388}","{0: 0.6361698404757385, 1: 0.6361698404757388}",0.6361698404757388,"[[414 223]
 [283 354]]",[0. 0. 1. ... 0. 1. 0.],[0. 1. 1. ... 1. 0. 0.]
787,logistic_regression,"{'penalty': 'l2', 'solver': 'saga'}",0.5999487772216231,0.08340571670094614,0.22098527899948217,0.15572352184642657,0.6104926394997411,0.07786176092321329,0.6019428506504574,0.2056514913657771,0.6028257456828885,0.6028257456828885,"{0: 0.6362043428650291, 1: 0.6362043428650291}","{0: 0.6362043428650291, 1: 0.6362043428650291}",0.6362043428650291,"[[414 223]
 [283 354]]",[0. 0. 1. ... 0. 1. 0.],[0. 1. 1. ... 1. 0. 0.]
932,logistic_regression,"{'penalty': 'l2', 'solver': 'saga'}",0.5999487772216231,0.08340571670094614,0.22098527899948217,0.15572352184642657,0.6104926394997411,0.07786176092321329,0.6019428506504574,0.2056514913657771,0.6028257456828885,0.6028257456828885,"{0: 0.6362191296032964, 1: 0.6362191296032965}","{0: 0.6362191296032964, 1: 0.6362191296032965}",0.6362191296032965,"[[414 223]
 [283 354]]",[0. 0. 1. ... 0. 1. 0.],[0. 1. 1. ... 1. 0. 0.]
719,logistic_regression,"{'penalty': 'l2', 'solver': 'saga'}",0.5999487772216231,0.08340571670094614,0.22098527899948217,0.15572352184642657,0.6104926394997411,0.07786176092321329,0.6019428506504574,0.2056514913657771,0.6028257456828885,0.6028257456828885,"{0: 0.6361772338448723, 1: 0.6361772338448723}","{0: 0.6361772338448723, 1: 0.6361772338448723}",0.6361772338448723,"[[414 223]
 [283 354]]",[0. 0. 1. ... 0. 1. 0.],[0. 1. 1. ... 1. 0. 0.]
488,logistic_regression,"{'penalty': 'l2', 'solver': 'saga'}",0.5999487772216231,0.08340571670094614,0.22098527899948217,0.15572352184642657,0.6104926394997411,0.07786176092321329,0.6019428506504574,0.2056514913657771,0.6028257456828885,0.6028257456828885,"{0: 0.6361895561267619, 1: 0.6361895561267618}","{0: 0.6361895561267619, 1: 0.6361895561267618}",0.6361895561267618,"[[414 223]
 [283 354]]",[0. 0. 1. ... 0. 1. 0.],[0. 1. 1. ... 1. 0. 0.]
685,logistic_regression,"{'penalty': 'l2', 'solver': 'saga'}",0.5999487772216231,0.08340571670094614,0.22098527899948217,0.15572352184642657,0.6104926394997411,0.07786176092321329,0.6019428506504574,0.2056514913657771,0.6028257456828885,0.6028257456828885,"{0: 0.6362191296032965, 1: 0.6362191296032965}","{0: 0.6362191296032965, 1: 0.6362191296032965}",0.6362191296032965,"[[414 223]
 [283 354]]",[0. 0. 1. ... 0. 1. 0.],[0. 1. 1. ... 1. 0. 0.]
39,logistic_regression,"{'penalty': 'l2', 'solver': 'saga'}",0.5999487772216231,0.08340571670094614,0.22098527899948217,0.15572352184642657,0.6104926394997411,0.07786176092321329,0.6019428506504574,0.2056514913657771,0.6028257456828885,0.6028257456828885,"{0: 0.6362191296032964, 1: 0.6362191296032964}","{0: 0.6362191296032964, 1: 0.6362191296032964}",0.6362191296032964,"[[414 223]
 [283 354]]",[0. 0. 1. ... 0. 1. 0.],[0. 1. 1. ... 1. 0. 0.]
797,logistic_regression,"{'penalty': 'l2', 'solver': 'saga'}",0.5999487772216231,0.08340571670094614,0.22098527899948217,0.15572352184642657,0.6104926394997411,0.07786176092321329,0.6019428506504574,0.2056514913657771,0.6028257456828885,0.6028257456828885,"{0: 0.6362117362341628, 1: 0.6362117362341628}","{0: 0.6362117362341628, 1: 0.6362117362341628}",0.6362117362341628,"[[414 223]
 [283 354]]",[0. 0. 1. ... 0. 1. 0.],[0. 1. 1. ... 1. 0. 0.]
774,logistic_regression,"{'penalty': 'l2', 'solver': 'saga'}",0.5999487772216231,0.08340571670094614,0.22098527899948217,0.15572352184642657,0.6104926394997411,0.07786176092321329,0.6019428506504574,0.2056514913657771,0.6028257456828885,0.6028257456828885,"{0: 0.6362191296032964, 1: 0.6362191296032964}","{0: 0.6362191296032964, 1: 0.6362191296032964}",0.6362191296032964,"[[414 223]
 [283 354]]",[0. 0. 1. ... 0. 1. 0.],[0. 1. 1. ... 1. 0. 0.]
970,logistic_regression,"{'penalty': 'l2', 'solver': 'saga'}",0.5999487772216231,0.08340571670094614,0.22098527899948217,0.15572352184642657,0.6104926394997411,0.07786176092321329,0.6019428506504574,0.2056514913657771,0.6028257456828885,0.6028257456828885,"{0: 0.6361895561267619, 1: 0.6361895561267618}","{0: 0.6361895561267619, 1: 0.6361895561267618}",0.6361895561267618,"[[414 223]
 [283 354]]",[0. 0. 1. ... 0. 1. 0.],[0. 1. 1. ... 1. 0. 0.]
705,logistic_regression,"{'penalty': 'l2', 'solver': 'saga'}",0.5999487772216231,0.08340571670094614,0.22098527899948217,0.15572352184642657,0.6104926394997411,0.07786176092321329,0.6019428506504574,0.2056514913657771,0.6028257456828885,0.6028257456828885,"{0: 0.6362142006905407, 1: 0.6362142006905408}","{0: 0.6362142006905407, 1: 0.6362142006905408}",0.6362142006905408,"[[414 223]
 [283 354]]",[0. 0. 1. ... 0. 1. 0.],[0. 1. 1. ... 1. 0. 0.]
712,logistic_regression,"{'penalty': 'l2', 'solver': 'saga'}",0.5999487772216231,0.08340571670094614,0.22098527899948217,0.15572352184642657,0.6104926394997411,0.07786176092321329,0.6019428506504574,0.2056514913657771,0.6028257456828885,0.6028257456828885,"{0: 0.6361944850395176, 1: 0.6361944850395176}","{0: 0.6361944850395176, 1: 0.6361944850395176}",0.6361944850395176,"[[414 223]
 [283 354]]",[0. 0. 1. ... 0. 1. 0.],[0. 1. 1. ... 1. 0. 0.]
801,logistic_regression,"{'penalty': 'l2', 'solver': 'saga'}",0.5999487772216231,0.08340571670094614,0.22098527899948217,0.15572352184642657,0.6104926394997411,0.07786176092321329,0.6019428506504574,0.2056514913657771,0.6028257456828885,0.6028257456828885,"{0: 0.6361821627576281, 1: 0.6361821627576281}","{0: 0.6361821627576281, 1: 0.6361821627576281}",0.6361821627576281,"[[414 223]
 [283 354]]",[0. 0. 1. ... 0. 1. 0.],[0. 1. 1. ... 1. 0. 0.]
451,logistic_regression,"{'penalty': 'l2', 'solver': 'saga'}",0.5999487772216231,0.08340571670094614,0.22098527899948217,0.15572352184642657,0.6104926394997411,0.07786176092321329,0.6019428506504574,0.2056514913657771,0.6028257456828885,0.6028257456828885,"{0: 0.6361969494958954, 1: 0.6361969494958954}","{0: 0.6361969494958954, 1: 0.6361969494958954}",0.6361969494958954,"[[414 223]
 [283 354]]",[0. 0. 1. ... 0. 1. 0.],[0. 1. 1. ... 1. 0. 0.]
941,logistic_regression,"{'penalty': 'l2', 'solver': 'saga'}",0.5999487772216231,0.08340571670094614,0.22098527899948217,0.15572352184642657,0.6104926394997411,0.07786176092321329,0.6019428506504574,0.2056514913657771,0.6028257456828885,0.6028257456828885,"{0: 0.6361698404757387, 1: 0.6361698404757385}","{0: 0.6361698404757387, 1: 0.6361698404757385}",0.6361698404757385,"[[414 223]
 [283 354]]",[0. 0. 1. ... 0. 1. 0.],[0. 1. 1. ... 1. 0. 0.]
994,logistic_regression,"{'penalty': 'l2', 'solver': 'saga'}",0.5999487772216231,0.08340571670094614,0.22098527899948217,0.15572352184642657,0.6104926394997411,0.07786176092321329,0.6019428506504574,0.2056514913657771,0.6028257456828885,0.6028257456828885,"{0: 0.6361969494958953, 1: 0.6361969494958954}","{0: 0.6361969494958953, 1: 0.6361969494958954}",0.6361969494958954,"[[414 223]
 [283 354]]",[0. 0. 1. ... 0. 1. 0.],[0. 1. 1. ... 1. 0. 0.]
538,logistic_regression,"{'penalty': 'l2', 'solver': 'saga'}",0.5999487772216231,0.08340571670094614,0.22098527899948217,0.15572352184642657,0.6104926394997411,0.07786176092321329,0.6019428506504574,0.2056514913657771,0.6028257456828885,0.6028257456828885,"{0: 0.636209271777785, 1: 0.636209271777785}","{0: 0.636209271777785, 1: 0.636209271777785}",0.636209271777785,"[[414 223]
 [283 354]]",[0. 0. 1. ... 0. 1. 0.],[0. 1. 1. ... 1. 0. 0.]
800,logistic_regression,"{'penalty': 'l2', 'solver': 'saga'}",0.5999487772216231,0.08340571670094614,0.22098527899948217,0.15572352184642657,0.6104926394997411,0.07786176092321329,0.6019428506504574,0.2056514913657771,0.6028257456828885,0.6028257456828885,"{0: 0.636184627214006, 1: 0.636184627214006}","{0: 0.636184627214006, 1: 0.636184627214006}",0.636184627214006,"[[414 223]
 [283 354]]",[0. 0. 1. ... 0. 1. 0.],[0. 1. 1. ... 1. 0. 0.]
942,logistic_regression,"{'penalty': 'l2', 'solver': 'saga'}",0.5999487772216231,0.08340571670094614,0.22098527899948217,0.15572352184642657,0.6104926394997411,0.07786176092321329,0.6019428506504574,0.2056514913657771,0.6028257456828885,0.6028257456828885,"{0: 0.6361895561267616, 1: 0.6361895561267618}","{0: 0.6361895561267616, 1: 0.6361895561267618}",0.6361895561267618,"[[414 223]
 [283 354]]",[0. 0. 1. ... 0. 1. 0.],[0. 1. 1. ... 1. 0. 0.]
455,logistic_regression,"{'penalty': 'l2', 'solver': 'saga'}",0.5999487772216231,0.08340571670094614,0.22098527899948217,0.15572352184642657,0.6104926394997411,0.07786176092321329,0.6019428506504574,0.2056514913657771,0.6028257456828885,0.6028257456828885,"{0: 0.636184627214006, 1: 0.636184627214006}","{0: 0.636184627214006, 1: 0.636184627214006}",0.636184627214006,"[[414 223]
 [283 354]]",[0. 0. 1. ... 0. 1. 0.],[0. 1. 1. ... 1. 0. 0.]
457,logistic_regression,"{'penalty': 'l2', 'solver': 'saga'}",0.5999487772216231,0.08340571670094614,0.22098527899948217,0.15572352184642657,0.6104926394997411,0.07786176092321329,0.6019428506504574,0.2056514913657771,0.6028257456828885,0.6028257456828885,"{0: 0.6361796983012503, 1: 0.6361796983012502}","{0: 0.6361796983012503, 1: 0.6361796983012502}",0.6361796983012502,"[[414 223]
 [283 354]]",[0. 0. 1. ... 0. 1. 0.],[0. 1. 1. ... 1. 0. 0.]
991,logistic_regression,"{'penalty': 'l2', 'solver': 'saga'}",0.5999487772216231,0.08340571670094614,0.22098527899948217,0.15572352184642657,0.6104926394997411,0.07786176092321329,0.6019428506504574,0.2056514913657771,0.6028257456828885,0.6028257456828885,"{0: 0.6362068073214071, 1: 0.6362068073214069}","{0: 0.6362068073214071, 1: 0.6362068073214069}",0.6362068073214069,"[[414 223]
 [283 354]]",[0. 0. 1. ... 0. 1. 0.],[0. 1. 1. ... 1. 0. 0.]
757,logistic_regression,"{'penalty': 'l2', 'solver': 'saga'}",0.5999487772216231,0.08340571670094614,0.22098527899948217,0.15572352184642657,0.6104926394997411,0.07786176092321329,0.6019428506504574,0.2056514913657771,0.6028257456828885,0.6028257456828885,"{0: 0.6361624471066051, 1: 0.6361624471066051}","{0: 0.6361624471066051, 1: 0.6361624471066051}",0.6361624471066051,"[[414 223]
 [283 354]]",[0. 0. 1. ... 0. 1. 0.],[0. 1. 1. ... 1. 0. 0.]
4,logistic_regression,"{'penalty': 'l2', 'solver': 'saga'}",0.5999487772216231,0.08340571670094614,0.22098527899948217,0.15572352184642657,0.6104926394997411,0.07786176092321329,0.6019428506504574,0.2056514913657771,0.6028257456828885,0.6028257456828885,"{0: 0.6362018784086512, 1: 0.6362018784086512}","{0: 0.6362018784086512, 1: 0.6362018784086512}",0.6362018784086512,"[[414 223]
 [283 354]]",[0. 0. 1. ... 0. 1. 0.],[0. 1. 1. ... 1. 0. 0.]
802,logistic_regression,"{'penalty': 'l2', 'solver': 'saga'}",0.5999487772216231,0.08340571670094614,0.22098527899948217,0.15572352184642657,0.6104926394997411,0.07786176092321329,0.6019428506504574,0.2056514913657771,0.6028257456828885,0.6028257456828885,"{0: 0.6361944850395175, 1: 0.6361944850395176}","{0: 0.6361944850395175, 1: 0.6361944850395176}",0.6361944850395176,"[[414 223]
 [283 354]]",[0. 0. 1. ... 0. 1. 0.],[0. 1. 1. ... 1. 0. 0.]
111,logistic_regression,"{'penalty': 'l2', 'solver': 'saga'}",0.5999487772216231,0.08340571670094614,0.22098527899948217,0.15572352184642657,0.6104926394997411,0.07786176092321329,0.6019428506504574,0.2056514913657771,0.6028257456828885,0.6028257456828885,"{0: 0.6361944850395176, 1: 0.6361944850395176}","{0: 0.6361944850395176, 1: 0.6361944850395176}",0.6361944850395176,"[[414 223]
 [283 354]]",[0. 0. 1. ... 0. 1. 0.],[0. 1. 1. ... 1. 0. 0.]
666,logistic_regression,"{'penalty': 'l2', 'solver': 'saga'}",0.5999487772216231,0.08340571670094614,0.22098527899948217,0.15572352184642657,0.6104926394997411,0.07786176092321329,0.6019428506504574,0.2056514913657771,0.6028257456828885,0.6028257456828885,"{0: 0.636204342865029, 1: 0.6362043428650291}","{0: 0.636204342865029, 1: 0.6362043428650291}",0.6362043428650291,"[[414 223]
 [283 354]]",[0. 0. 1. ... 0. 1. 0.],[0. 1. 1. ... 1. 0. 0.]
701,logistic_regression,"{'penalty': 'l2', 'solver': 'saga'}",0.5999487772216231,0.08340571670094614,0.22098527899948217,0.15572352184642657,0.6104926394997411,0.07786176092321329,0.6019428506504574,0.2056514913657771,0.6028257456828885,0.6028257456828885,"{0: 0.6361969494958956, 1: 0.6361969494958954}","{0: 0.6361969494958956, 1: 0.6361969494958954}",0.6361969494958954,"[[414 223]
 [283 354]]",[0. 0. 1. ... 0. 1. 0.],[0. 1. 1. ... 1. 0. 0.]
442,logistic_regression,"{'penalty': 'l2', 'solver': 'saga'}",0.5999487772216231,0.08340571670094614,0.22098527899948217,0.15572352184642657,0.6104926394997411,0.07786176092321329,0.6019428506504574,0.2056514913657771,0.6028257456828885,0.6028257456828885,"{0: 0.6362117362341628, 1: 0.6362117362341628}","{0: 0.6362117362341628, 1: 0.6362117362341628}",0.6362117362341628,"[[414 223]
 [283 354]]",[0. 0. 1. ... 0. 1. 0.],[0. 1. 1. ... 1. 0. 0.]
565,logistic_regression,"{'penalty': 'l2', 'solver': 'saga'}",0.5999487772216231,0.08340571670094614,0.22098527899948217,0.15572352184642657,0.6104926394997411,0.07786176092321329,0.6019428506504574,0.2056514913657771,0.6028257456828885,0.6028257456828885,"{0: 0.6361944850395176, 1: 0.6361944850395176}","{0: 0.6361944850395176, 1: 0.6361944850395176}",0.6361944850395176,"[[414 223]
 [283 354]]",[0. 0. 1. ... 0. 1. 0.],[0. 1. 1. ... 1. 0. 0.]
708,logistic_regression,"{'penalty': 'l2', 'solver': 'saga'}",0.5999487772216231,0.08340571670094614,0.22098527899948217,0.15572352184642657,0.6104926394997411,0.07786176092321329,0.6019428506504574,0.2056514913657771,0.6028257456828885,0.6028257456828885,"{0: 0.6361994139522734, 1: 0.6361994139522733}","{0: 0.6361994139522734, 1: 0.6361994139522733}",0.6361994139522733,"[[414 223]
 [283 354]]",[0. 0. 1. ... 0. 1. 0.],[0. 1. 1. ... 1. 0. 0.]
441,logistic_regression,"{'penalty': 'l2', 'solver': 'saga'}",0.5999487772216231,0.08340571670094614,0.22098527899948217,0.15572352184642657,0.6104926394997411,0.07786176092321329,0.6019428506504574,0.2056514913657771,0.6028257456828885,0.6028257456828885,"{0: 0.6361920205831397, 1: 0.6361920205831397}","{0: 0.6361920205831397, 1: 0.6361920205831397}",0.6361920205831397,"[[414 223]
 [283 354]]",[0. 0. 1. ... 0. 1. 0.],[0. 1. 1. ... 1. 0. 0.]
998,logistic_regression,"{'penalty': 'l2', 'solver': 'saga'}",0.5999487772216231,0.08340571670094614,0.22098527899948217,0.15572352184642657,0.6104926394997411,0.07786176092321329,0.6019428506504574,0.2056514913657771,0.6028257456828885,0.6028257456828885,"{0: 0.6361895561267616, 1: 0.6361895561267618}","{0: 0.6361895561267616, 1: 0.6361895561267618}",0.6361895561267618,"[[414 223]
 [283 354]]",[0. 0. 1. ... 0. 1. 0.],[0. 1. 1. ... 1. 0. 0.]
115,logistic_regression,"{'penalty': 'l2', 'solver': 'saga'}",0.5999487772216231,0.08340571670094614,0.22098527899948217,0.15572352184642657,0.6104926394997411,0.07786176092321329,0.6019428506504574,0.2056514913657771,0.6028257456828885,0.6028257456828885,"{0: 0.6362043428650291, 1: 0.6362043428650292}","{0: 0.6362043428650291, 1: 0.6362043428650292}",0.6362043428650292,"[[414 223]
 [283 354]]",[0. 0. 1. ... 0. 1. 0.],[0. 1. 1. ... 1. 0. 0.]
939,logistic_regression,"{'penalty': 'l2', 'solver': 'saga'}",0.5999487772216231,0.08340571670094614,0.22098527899948217,0.15572352184642657,0.6104926394997411,0.07786176092321329,0.6019428506504574,0.2056514913657771,0.6028257456828885,0.6028257456828885,"{0: 0.636228987428808, 1: 0.6362289874288081}","{0: 0.636228987428808, 1: 0.6362289874288081}",0.6362289874288081,"[[414 223]
 [283 354]]",[0. 0. 1. ... 0. 1. 0.],[0. 1. 1. ... 1. 0. 0.]
237,logistic_regression,"{'penalty': 'l2', 'solver': 'saga'}",0.5993612515657746,0.08459658961583577,0.22003289804710122,0.15771466070210624,0.6100164490235506,0.07885733035105312,0.601185481555574,0.20408163265306123,0.6020408163265306,0.6020408163265306,"{0: 0.6361920205831397, 1: 0.6361920205831396}","{0: 0.6361920205831397, 1: 0.6361920205831396}",0.6361920205831396,"[[413 224]
 [283 354]]",[0. 0. 1. ... 0. 1. 0.],[0. 1. 1. ... 1. 0. 0.]
240,logistic_regression,"{'penalty': 'l2', 'solver': 'saga'}",0.5993612515657746,0.08459658961583577,0.22003289804710122,0.15771466070210624,0.6100164490235506,0.07885733035105312,0.601185481555574,0.20408163265306123,0.6020408163265306,0.6020408163265306,"{0: 0.6361747693884945, 1: 0.6361747693884945}","{0: 0.6361747693884945, 1: 0.6361747693884945}",0.6361747693884945,"[[413 224]
 [283 354]]",[0. 0. 1. ... 0. 1. 0.],[0. 1. 1. ... 1. 0. 0.]
639,logistic_regression,"{'penalty': 'l2', 'solver': 'saga'}",0.5993612515657746,0.08459658961583577,0.22003289804710122,0.15771466070210624,0.6100164490235506,0.07885733035105312,0.601185481555574,0.20408163265306123,0.6020408163265306,0.6020408163265306,"{0: 0.6361969494958954, 1: 0.6361969494958954}","{0: 0.6361969494958954, 1: 0.6361969494958954}",0.6361969494958954,"[[413 224]
 [283 354]]",[0. 0. 1. ... 0. 1. 0.],[0. 1. 1. ... 1. 0. 0.]
591,logistic_regression,"{'penalty': 'l2', 'solver': 'saga'}",0.5991933973358085,0.08297393232344581,0.2193852789994822,0.15490128517560092,0.6096926394997411,0.07745064258780045,0.6011263743898034,0.20408163265306123,0.6020408163265306,0.6020408163265306,"{0: 0.6361772338448723, 1: 0.6361772338448723}","{0: 0.6361772338448723, 1: 0.6361772338448723}",0.6361772338448723,"[[414 223]
 [284 353]]",[0. 0. 1. ... 0. 1. 0.],[0. 1. 1. ... 1. 0. 0.]
511,logistic_regression,"{'penalty': 'l2', 'solver': 'saga'}",0.5991933973358085,0.08297393232344581,0.2193852789994822,0.15490128517560092,0.6096926394997411,0.07745064258780045,0.6011263743898034,0.20408163265306123,0.6020408163265306,0.6020408163265306,"{0: 0.6361994139522733, 1: 0.6361994139522734}","{0: 0.6361994139522733, 1: 0.6361994139522734}",0.6361994139522734,"[[414 223]
 [284 353]]",[0. 0. 1. ... 0. 1. 0.],[0. 1. 1. ... 1. 0. 0.]
605,logistic_regression,"{'penalty': 'l2', 'solver': 'saga'}",0.5991933973358085,0.08297393232344581,0.2193852789994822,0.15490128517560092,0.6096926394997411,0.07745064258780045,0.6011263743898034,0.20408163265306123,0.6020408163265306,0.6020408163265306,"{0: 0.6362117362341628, 1: 0.6362117362341628}","{0: 0.6362117362341628, 1: 0.6362117362341628}",0.6362117362341628,"[[414 223]
 [284 353]]",[0. 0. 1. ... 0. 1. 0.],[0. 1. 1. ... 1. 0. 0.]
504,logistic_regression,"{'penalty': 'l2', 'solver': 'saga'}",0.5991933973358085,0.08297393232344581,0.2193852789994822,0.15490128517560092,0.6096926394997411,0.07745064258780045,0.6011263743898034,0.20408163265306123,0.6020408163265306,0.6020408163265306,"{0: 0.636206807321407, 1: 0.636206807321407}","{0: 0.636206807321407, 1: 0.636206807321407}",0.636206807321407,"[[414 223]
 [284 353]]",[0. 0. 1. ... 0. 1. 0.],[0. 1. 1. ... 1. 0. 0.]
325,logistic_regression,"{'penalty': 'l2', 'solver': 'saga'}",0.5991933973358085,0.08297393232344581,0.2193852789994822,0.15490128517560092,0.6096926394997411,0.07745064258780045,0.6011263743898034,0.20408163265306123,0.6020408163265306,0.6020408163265306,"{0: 0.6361772338448723, 1: 0.6361772338448723}","{0: 0.6361772338448723, 1: 0.6361772338448723}",0.6361772338448723,"[[414 223]
 [284 353]]",[0. 0. 1. ... 0. 1. 0.],[0. 1. 1. ... 1. 0. 0.]
311,logistic_regression,"{'penalty': 'l2', 'solver': 'saga'}",0.5991933973358085,0.08297393232344581,0.2193852789994822,0.15490128517560092,0.6096926394997411,0.07745064258780045,0.6011263743898034,0.20408163265306123,0.6020408163265306,0.6020408163265306,"{0: 0.6361772338448723, 1: 0.6361772338448723}","{0: 0.6361772338448723, 1: 0.6361772338448723}",0.6361772338448723,"[[414 223]
 [284 353]]",[0. 0. 1. ... 0. 1. 0.],[0. 1. 1. ... 1. 0. 0.]
324,logistic_regression,"{'penalty': 'l2', 'solver': 'saga'}",0.5991933973358085,0.08297393232344581,0.2193852789994822,0.15490128517560092,0.6096926394997411,0.07745064258780045,0.6011263743898034,0.20408163265306123,0.6020408163265306,0.6020408163265306,"{0: 0.6361772338448723, 1: 0.6361772338448723}","{0: 0.6361772338448723, 1: 0.6361772338448723}",0.6361772338448723,"[[414 223]
 [284 353]]",[0. 0. 1. ... 0. 1. 0.],[0. 1. 1. ... 1. 0. 0.]
294,logistic_regression,"{'penalty': 'l2', 'solver': 'saga'}",0.5991933973358085,0.08297393232344581,0.2193852789994822,0.15490128517560092,0.6096926394997411,0.07745064258780045,0.6011263743898034,0.20408163265306123,0.6020408163265306,0.6020408163265306,"{0: 0.6362018784086513, 1: 0.6362018784086513}","{0: 0.6362018784086513, 1: 0.6362018784086513}",0.6362018784086513,"[[414 223]
 [284 353]]",[0. 0. 1. ... 0. 1. 0.],[0. 1. 1. ... 1. 0. 0.]
550,logistic_regression,"{'penalty': 'l2', 'solver': 'saga'}",0.5991933973358085,0.08297393232344581,0.2193852789994822,0.15490128517560092,0.6096926394997411,0.07745064258780045,0.6011263743898034,0.20408163265306123,0.6020408163265306,0.6020408163265306,"{0: 0.6361821627576281, 1: 0.6361821627576281}","{0: 0.6361821627576281, 1: 0.6361821627576281}",0.6361821627576281,"[[414 223]
 [284 353]]",[0. 0. 1. ... 0. 1. 0.],[0. 1. 1. ... 1. 0. 0.]
597,logistic_regression,"{'penalty': 'l2', 'solver': 'saga'}",0.5991933973358085,0.08297393232344581,0.2193852789994822,0.15490128517560092,0.6096926394997411,0.07745064258780045,0.6011263743898034,0.20408163265306123,0.6020408163265306,0.6020408163265306,"{0: 0.6362117362341628, 1: 0.6362117362341628}","{0: 0.6362117362341628, 1: 0.6362117362341628}",0.6362117362341628,"[[414 223]
 [284 353]]",[0. 0. 1. ... 0. 1. 0.],[0. 1. 1. ... 1. 0. 0.]
846,logistic_regression,"{'penalty': 'l2', 'solver': 'saga'}",0.5991933973358085,0.08297393232344581,0.2193852789994822,0.15490128517560092,0.6096926394997411,0.07745064258780045,0.6011263743898034,0.20408163265306123,0.6020408163265306,0.6020408163265306,"{0: 0.6361969494958954, 1: 0.6361969494958954}","{0: 0.6361969494958954, 1: 0.6361969494958954}",0.6361969494958954,"[[414 223]
 [284 353]]",[0. 0. 1. ... 0. 1. 0.],[0. 1. 1. ... 1. 0. 0.]
838,logistic_regression,"{'penalty': 'l2', 'solver': 'saga'}",0.5991933973358085,0.08297393232344581,0.2193852789994822,0.15490128517560092,0.6096926394997411,0.07745064258780045,0.6011263743898034,0.20408163265306123,0.6020408163265306,0.6020408163265306,"{0: 0.6361895561267619, 1: 0.6361895561267618}","{0: 0.6361895561267619, 1: 0.6361895561267618}",0.6361895561267618,"[[414 223]
 [284 353]]",[0. 0. 1. ... 0. 1. 0.],[0. 1. 1. ... 1. 0. 0.]
837,logistic_regression,"{'penalty': 'l2', 'solver': 'saga'}",0.5991933973358085,0.08297393232344581,0.2193852789994822,0.15490128517560092,0.6096926394997411,0.07745064258780045,0.6011263743898034,0.20408163265306123,0.6020408163265306,0.6020408163265306,"{0: 0.6361698404757387, 1: 0.6361698404757385}","{0: 0.6361698404757387, 1: 0.6361698404757385}",0.6361698404757385,"[[414 223]
 [284 353]]",[0. 0. 1. ... 0. 1. 0.],[0. 1. 1. ... 1. 0. 0.]
769,logistic_regression,"{'penalty': 'l2', 'solver': 'saga'}",0.5991933973358085,0.08297393232344581,0.2193852789994822,0.15490128517560092,0.6096926394997411,0.07745064258780045,0.6011263743898034,0.20408163265306123,0.6020408163265306,0.6020408163265306,"{0: 0.6361673760193607, 1: 0.6361673760193608}","{0: 0.6361673760193607, 1: 0.6361673760193608}",0.6361673760193608,"[[414 223]
 [284 353]]",[0. 0. 1. ... 0. 1. 0.],[0. 1. 1. ... 1. 0. 0.]
344,logistic_regression,"{'penalty': 'l2', 'solver': 'saga'}",0.5991933973358085,0.08297393232344581,0.2193852789994822,0.15490128517560092,0.6096926394997411,0.07745064258780045,0.6011263743898034,0.20408163265306123,0.6020408163265306,0.6020408163265306,"{0: 0.6361895561267618, 1: 0.6361895561267618}","{0: 0.6361895561267618, 1: 0.6361895561267618}",0.6361895561267618,"[[414 223]
 [284 353]]",[0. 0. 1. ... 0. 1. 0.],[0. 1. 1. ... 1. 0. 0.]
534,logistic_regression,"{'penalty': 'l2', 'solver': 'saga'}",0.5991933973358085,0.08297393232344581,0.2193852789994822,0.15490128517560092,0.6096926394997411,0.07745064258780045,0.6011263743898034,0.20408163265306123,0.6020408163265306,0.6020408163265306,"{0: 0.6361846272140059, 1: 0.6361846272140059}","{0: 0.6361846272140059, 1: 0.6361846272140059}",0.6361846272140059,"[[414 223]
 [284 353]]",[0. 0. 1. ... 0. 1. 0.],[0. 1. 1. ... 1. 0. 0.]
589,logistic_regression,"{'penalty': 'l2', 'solver': 'saga'}",0.5991933973358085,0.08297393232344581,0.2193852789994822,0.15490128517560092,0.6096926394997411,0.07745064258780045,0.6011263743898034,0.20408163265306123,0.6020408163265306,0.6020408163265306,"{0: 0.6362117362341628, 1: 0.6362117362341628}","{0: 0.6362117362341628, 1: 0.6362117362341628}",0.6362117362341628,"[[414 223]
 [284 353]]",[0. 0. 1. ... 0. 1. 0.],[0. 1. 1. ... 1. 0. 0.]
346,logistic_regression,"{'penalty': 'l2', 'solver': 'saga'}",0.5991933973358085,0.08297393232344581,0.2193852789994822,0.15490128517560092,0.6096926394997411,0.07745064258780045,0.6011263743898034,0.20408163265306123,0.6020408163265306,0.6020408163265306,"{0: 0.6361673760193607, 1: 0.6361673760193607}","{0: 0.6361673760193607, 1: 0.6361673760193607}",0.6361673760193607,"[[414 223]
 [284 353]]",[0. 0. 1. ... 0. 1. 0.],[0. 1. 1. ... 1. 0. 0.]
840,logistic_regression,"{'penalty': 'l2', 'solver': 'saga'}",0.5991933973358085,0.08297393232344581,0.2193852789994822,0.15490128517560092,0.6096926394997411,0.07745064258780045,0.6011263743898034,0.20408163265306123,0.6020408163265306,0.6020408163265306,"{0: 0.636209271777785, 1: 0.636209271777785}","{0: 0.636209271777785, 1: 0.636209271777785}",0.636209271777785,"[[414 223]
 [284 353]]",[0. 0. 1. ... 0. 1. 0.],[0. 1. 1. ... 1. 0. 0.]
854,logistic_regression,"{'penalty': 'l2', 'solver': 'saga'}",0.5991933973358085,0.08297393232344581,0.2193852789994822,0.15490128517560092,0.6096926394997411,0.07745064258780045,0.6011263743898034,0.20408163265306123,0.6020408163265306,0.6020408163265306,"{0: 0.6361895561267619, 1: 0.6361895561267618}","{0: 0.6361895561267619, 1: 0.6361895561267618}",0.6361895561267618,"[[414 223]
 [284 353]]",[0. 0. 1. ... 0. 1. 0.],[0. 1. 1. ... 1. 0. 0.]
782,logistic_regression,"{'penalty': 'l2', 'solver': 'saga'}",0.5991933973358085,0.08297393232344581,0.2193852789994822,0.15490128517560092,0.6096926394997411,0.07745064258780045,0.6011263743898034,0.20408163265306123,0.6020408163265306,0.6020408163265306,"{0: 0.6362043428650291, 1: 0.6362043428650291}","{0: 0.6362043428650291, 1: 0.6362043428650291}",0.6362043428650291,"[[414 223]
 [284 353]]",[0. 0. 1. ... 0. 1. 0.],[0. 1. 1. ... 1. 0. 0.]
600,logistic_regression,"{'penalty': 'l2', 'solver': 'saga'}",0.5991933973358085,0.08297393232344581,0.2193852789994822,0.15490128517560092,0.6096926394997411,0.07745064258780045,0.6011263743898034,0.20408163265306123,0.6020408163265306,0.6020408163265306,"{0: 0.6362142006905407, 1: 0.6362142006905407}","{0: 0.6362142006905407, 1: 0.6362142006905407}",0.6362142006905407,"[[414 223]
 [284 353]]",[0. 0. 1. ... 0. 1. 0.],[0. 1. 1. ... 1. 0. 0.]
771,logistic_regression,"{'penalty': 'l2', 'solver': 'saga'}",0.5991933973358085,0.08297393232344581,0.2193852789994822,0.15490128517560092,0.6096926394997411,0.07745064258780045,0.6011263743898034,0.20408163265306123,0.6020408163265306,0.6020408163265306,"{0: 0.6361944850395176, 1: 0.6361944850395176}","{0: 0.6361944850395176, 1: 0.6361944850395176}",0.6361944850395176,"[[414 223]
 [284 353]]",[0. 0. 1. ... 0. 1. 0.],[0. 1. 1. ... 1. 0. 0.]
778,logistic_regression,"{'penalty': 'l2', 'solver': 'saga'}",0.5991933973358085,0.08297393232344581,0.2193852789994822,0.15490128517560092,0.6096926394997411,0.07745064258780045,0.6011263743898034,0.20408163265306123,0.6020408163265306,0.6020408163265306,"{0: 0.636206807321407, 1: 0.636206807321407}","{0: 0.636206807321407, 1: 0.636206807321407}",0.636206807321407,"[[414 223]
 [284 353]]",[0. 0. 1. ... 0. 1. 0.],[0. 1. 1. ... 1. 0. 0.]
335,logistic_regression,"{'penalty': 'l2', 'solver': 'saga'}",0.5991933973358085,0.08297393232344581,0.2193852789994822,0.15490128517560092,0.6096926394997411,0.07745064258780045,0.6011263743898034,0.20408163265306123,0.6020408163265306,0.6020408163265306,"{0: 0.6362117362341627, 1: 0.6362117362341627}","{0: 0.6362117362341627, 1: 0.6362117362341627}",0.6362117362341627,"[[414 223]
 [284 353]]",[0. 0. 1. ... 0. 1. 0.],[0. 1. 1. ... 1. 0. 0.]
841,logistic_regression,"{'penalty': 'l2', 'solver': 'saga'}",0.5991933973358085,0.08297393232344581,0.2193852789994822,0.15490128517560092,0.6096926394997411,0.07745064258780045,0.6011263743898034,0.20408163265306123,0.6020408163265306,0.6020408163265306,"{0: 0.6361969494958954, 1: 0.6361969494958954}","{0: 0.6361969494958954, 1: 0.6361969494958954}",0.6361969494958954,"[[414 223]
 [284 353]]",[0. 0. 1. ... 0. 1. 0.],[0. 1. 1. ... 1. 0. 0.]
764,logistic_regression,"{'penalty': 'l2', 'solver': 'saga'}",0.5991933973358085,0.08297393232344581,0.2193852789994822,0.15490128517560092,0.6096926394997411,0.07745064258780045,0.6011263743898034,0.20408163265306123,0.6020408163265306,0.6020408163265306,"{0: 0.6361796983012502, 1: 0.6361796983012502}","{0: 0.6361796983012502, 1: 0.6361796983012502}",0.6361796983012502,"[[414 223]
 [284 353]]",[0. 0. 1. ... 0. 1. 0.],[0. 1. 1. ... 1. 0. 0.]
548,logistic_regression,"{'penalty': 'l2', 'solver': 'saga'}",0.5991933973358085,0.08297393232344581,0.2193852789994822,0.15490128517560092,0.6096926394997411,0.07745064258780045,0.6011263743898034,0.20408163265306123,0.6020408163265306,0.6020408163265306,"{0: 0.6362388452543195, 1: 0.6362388452543195}","{0: 0.6362388452543195, 1: 0.6362388452543195}",0.6362388452543195,"[[414 223]
 [284 353]]",[0. 0. 1. ... 0. 1. 0.],[0. 1. 1. ... 1. 0. 0.]
525,logistic_regression,"{'penalty': 'l2', 'solver': 'saga'}",0.5991933973358085,0.08297393232344581,0.2193852789994822,0.15490128517560092,0.6096926394997411,0.07745064258780045,0.6011263743898034,0.20408163265306123,0.6020408163265306,0.6020408163265306,"{0: 0.6361994139522733, 1: 0.6361994139522733}","{0: 0.6361994139522733, 1: 0.6361994139522733}",0.6361994139522733,"[[414 223]
 [284 353]]",[0. 0. 1. ... 0. 1. 0.],[0. 1. 1. ... 1. 0. 0.]
308,logistic_regression,"{'penalty': 'l2', 'solver': 'saga'}",0.5991933973358085,0.08297393232344581,0.2193852789994822,0.15490128517560092,0.6096926394997411,0.07745064258780045,0.6011263743898034,0.20408163265306123,0.6020408163265306,0.6020408163265306,"{0: 0.6362117362341628, 1: 0.6362117362341628}","{0: 0.6362117362341628, 1: 0.6362117362341628}",0.6362117362341628,"[[414 223]
 [284 353]]",[0. 0. 1. ... 0. 1. 0.],[0. 1. 1. ... 1. 0. 0.]
540,logistic_regression,"{'penalty': 'l2', 'solver': 'saga'}",0.5991933973358085,0.08297393232344581,0.2193852789994822,0.15490128517560092,0.6096926394997411,0.07745064258780045,0.6011263743898034,0.20408163265306123,0.6020408163265306,0.6020408163265306,"{0: 0.6361920205831397, 1: 0.6361920205831397}","{0: 0.6361920205831397, 1: 0.6361920205831397}",0.6361920205831397,"[[414 223]
 [284 353]]",[0. 0. 1. ... 0. 1. 0.],[0. 1. 1. ... 1. 0. 0.]
602,logistic_regression,"{'penalty': 'l2', 'solver': 'saga'}",0.5991933973358085,0.08297393232344581,0.2193852789994822,0.15490128517560092,0.6096926394997411,0.07745064258780045,0.6011263743898034,0.20408163265306123,0.6020408163265306,0.6020408163265306,"{0: 0.6361895561267618, 1: 0.6361895561267619}","{0: 0.6361895561267618, 1: 0.6361895561267619}",0.6361895561267619,"[[414 223]
 [284 353]]",[0. 0. 1. ... 0. 1. 0.],[0. 1. 1. ... 1. 0. 0.]
546,logistic_regression,"{'penalty': 'l2', 'solver': 'saga'}",0.5991933973358085,0.08297393232344581,0.2193852789994822,0.15490128517560092,0.6096926394997411,0.07745064258780045,0.6011263743898034,0.20408163265306123,0.6020408163265306,0.6020408163265306,"{0: 0.6361821627576282, 1: 0.6361821627576282}","{0: 0.6361821627576282, 1: 0.6361821627576282}",0.6361821627576282,"[[414 223]
 [284 353]]",[0. 0. 1. ... 0. 1. 0.],[0. 1. 1. ... 1. 0. 0.]
507,logistic_regression,"{'penalty': 'l2', 'solver': 'saga'}",0.5991933973358085,0.08297393232344581,0.2193852789994822,0.15490128517560092,0.6096926394997411,0.07745064258780045,0.6011263743898034,0.20408163265306123,0.6020408163265306,0.6020408163265306,"{0: 0.6361969494958954, 1: 0.6361969494958954}","{0: 0.6361969494958954, 1: 0.6361969494958954}",0.6361969494958954,"[[414 223]
 [284 353]]",[0. 0. 1. ... 0. 1. 0.],[0. 1. 1. ... 1. 0. 0.]
506,logistic_regression,"{'penalty': 'l2', 'solver': 'saga'}",0.5991933973358085,0.08297393232344581,0.2193852789994822,0.15490128517560092,0.6096926394997411,0.07745064258780045,0.6011263743898034,0.20408163265306123,0.6020408163265306,0.6020408163265306,"{0: 0.6362068073214069, 1: 0.6362068073214071}","{0: 0.6362068073214069, 1: 0.6362068073214071}",0.6362068073214071,"[[414 223]
 [284 353]]",[0. 0. 1. ... 0. 1. 0.],[0. 1. 1. ... 1. 0. 0.]
316,logistic_regression,"{'penalty': 'l2', 'solver': 'saga'}",0.5991933973358085,0.08297393232344581,0.2193852789994822,0.15490128517560092,0.6096926394997411,0.07745064258780045,0.6011263743898034,0.20408163265306123,0.6020408163265306,0.6020408163265306,"{0: 0.6361994139522733, 1: 0.6361994139522734}","{0: 0.6361994139522733, 1: 0.6361994139522734}",0.6361994139522734,"[[414 223]
 [284 353]]",[0. 0. 1. ... 0. 1. 0.],[0. 1. 1. ... 1. 0. 0.]
803,logistic_regression,"{'penalty': 'l2', 'solver': 'saga'}",0.5991933973358085,0.08297393232344581,0.2193852789994822,0.15490128517560092,0.6096926394997411,0.07745064258780045,0.6011263743898034,0.20408163265306123,0.6020408163265306,0.6020408163265306,"{0: 0.636184627214006, 1: 0.636184627214006}","{0: 0.636184627214006, 1: 0.636184627214006}",0.636184627214006,"[[414 223]
 [284 353]]",[0. 0. 1. ... 0. 1. 0.],[0. 1. 1. ... 1. 0. 0.]
349,logistic_regression,"{'penalty': 'l2', 'solver': 'saga'}",0.5991933973358085,0.08297393232344581,0.2193852789994822,0.15490128517560092,0.6096926394997411,0.07745064258780045,0.6011263743898034,0.20408163265306123,0.6020408163265306,0.6020408163265306,"{0: 0.6361723049321166, 1: 0.6361723049321166}","{0: 0.6361723049321166, 1: 0.6361723049321166}",0.6361723049321166,"[[414 223]
 [284 353]]",[0. 0. 1. ... 0. 1. 0.],[0. 1. 1. ... 1. 0. 0.]
470,logistic_regression,"{'penalty': 'l2', 'solver': 'saga'}",0.5991933973358085,0.08297393232344581,0.2193852789994822,0.15490128517560092,0.6096926394997411,0.07745064258780045,0.6011263743898034,0.20408163265306123,0.6020408163265306,0.6020408163265306,"{0: 0.6361969494958956, 1: 0.6361969494958954}","{0: 0.6361969494958956, 1: 0.6361969494958954}",0.6361969494958954,"[[414 223]
 [284 353]]",[0. 0. 1. ... 0. 1. 0.],[0. 1. 1. ... 1. 0. 0.]
399,logistic_regression,"{'penalty': 'l2', 'solver': 'saga'}",0.5991933973358085,0.08297393232344581,0.2193852789994822,0.15490128517560092,0.6096926394997411,0.07745064258780045,0.6011263743898034,0.20408163265306123,0.6020408163265306,0.6020408163265306,"{0: 0.6361747693884945, 1: 0.6361747693884945}","{0: 0.6361747693884945, 1: 0.6361747693884945}",0.6361747693884945,"[[414 223]
 [284 353]]",[0. 0. 1. ... 0. 1. 0.],[0. 1. 1. ... 1. 0. 0.]
811,logistic_regression,"{'penalty': 'l2', 'solver': 'saga'}",0.5991933973358085,0.08297393232344581,0.2193852789994822,0.15490128517560092,0.6096926394997411,0.07745064258780045,0.6011263743898034,0.20408163265306123,0.6020408163265306,0.6020408163265306,"{0: 0.6361846272140059, 1: 0.636184627214006}","{0: 0.6361846272140059, 1: 0.636184627214006}",0.636184627214006,"[[414 223]
 [284 353]]",[0. 0. 1. ... 0. 1. 0.],[0. 1. 1. ... 1. 0. 0.]
564,logistic_regression,"{'penalty': 'l2', 'solver': 'saga'}",0.5991933973358085,0.08297393232344581,0.2193852789994822,0.15490128517560092,0.6096926394997411,0.07745064258780045,0.6011263743898034,0.20408163265306123,0.6020408163265306,0.6020408163265306,"{0: 0.6362018784086513, 1: 0.6362018784086512}","{0: 0.6362018784086513, 1: 0.6362018784086512}",0.6362018784086512,"[[414 223]
 [284 353]]",[0. 0. 1. ... 0. 1. 0.],[0. 1. 1. ... 1. 0. 0.]
468,logistic_regression,"{'penalty': 'l2', 'solver': 'saga'}",0.5991933973358085,0.08297393232344581,0.2193852789994822,0.15490128517560092,0.6096926394997411,0.07745064258780045,0.6011263743898034,0.20408163265306123,0.6020408163265306,0.6020408163265306,"{0: 0.6361747693884945, 1: 0.6361747693884945}","{0: 0.6361747693884945, 1: 0.6361747693884945}",0.6361747693884945,"[[414 223]
 [284 353]]",[0. 0. 1. ... 0. 1. 0.],[0. 1. 1. ... 1. 0. 0.]
796,logistic_regression,"{'penalty': 'l2', 'solver': 'saga'}",0.5991933973358085,0.08297393232344581,0.2193852789994822,0.15490128517560092,0.6096926394997411,0.07745064258780045,0.6011263743898034,0.20408163265306123,0.6020408163265306,0.6020408163265306,"{0: 0.6361920205831396, 1: 0.6361920205831396}","{0: 0.6361920205831396, 1: 0.6361920205831396}",0.6361920205831396,"[[414 223]
 [284 353]]",[0. 0. 1. ... 0. 1. 0.],[0. 1. 1. ... 1. 0. 0.]
402,logistic_regression,"{'penalty': 'l2', 'solver': 'saga'}",0.5991933973358085,0.08297393232344581,0.2193852789994822,0.15490128517560092,0.6096926394997411,0.07745064258780045,0.6011263743898034,0.20408163265306123,0.6020408163265306,0.6020408163265306,"{0: 0.6362092717777849, 1: 0.636209271777785}","{0: 0.6362092717777849, 1: 0.636209271777785}",0.636209271777785,"[[414 223]
 [284 353]]",[0. 0. 1. ... 0. 1. 0.],[0. 1. 1. ... 1. 0. 0.]
404,logistic_regression,"{'penalty': 'l2', 'solver': 'saga'}",0.5991933973358085,0.08297393232344581,0.2193852789994822,0.15490128517560092,0.6096926394997411,0.07745064258780045,0.6011263743898034,0.20408163265306123,0.6020408163265306,0.6020408163265306,"{0: 0.6362166651469185, 1: 0.6362166651469187}","{0: 0.6362166651469185, 1: 0.6362166651469187}",0.6362166651469187,"[[414 223]
 [284 353]]",[0. 0. 1. ... 0. 1. 0.],[0. 1. 1. ... 1. 0. 0.]
405,logistic_regression,"{'penalty': 'l2', 'solver': 'saga'}",0.5991933973358085,0.08297393232344581,0.2193852789994822,0.15490128517560092,0.6096926394997411,0.07745064258780045,0.6011263743898034,0.20408163265306123,0.6020408163265306,0.6020408163265306,"{0: 0.6361772338448722, 1: 0.6361772338448723}","{0: 0.6361772338448722, 1: 0.6361772338448723}",0.6361772338448723,"[[414 223]
 [284 353]]",[0. 0. 1. ... 0. 1. 0.],[0. 1. 1. ... 1. 0. 0.]
462,logistic_regression,"{'penalty': 'l2', 'solver': 'saga'}",0.5991933973358085,0.08297393232344581,0.2193852789994822,0.15490128517560092,0.6096926394997411,0.07745064258780045,0.6011263743898034,0.20408163265306123,0.6020408163265306,0.6020408163265306,"{0: 0.6361821627576282, 1: 0.6361821627576282}","{0: 0.6361821627576282, 1: 0.6361821627576282}",0.6361821627576282,"[[414 223]
 [284 353]]",[0. 0. 1. ... 0. 1. 0.],[0. 1. 1. ... 1. 0. 0.]
407,logistic_regression,"{'penalty': 'l2', 'solver': 'saga'}",0.5991933973358085,0.08297393232344581,0.2193852789994822,0.15490128517560092,0.6096926394997411,0.07745064258780045,0.6011263743898034,0.20408163265306123,0.6020408163265306,0.6020408163265306,"{0: 0.636187091670384, 1: 0.6361870916703838}","{0: 0.636187091670384, 1: 0.6361870916703838}",0.6361870916703838,"[[414 223]
 [284 353]]",[0. 0. 1. ... 0. 1. 0.],[0. 1. 1. ... 1. 0. 0.]
408,logistic_regression,"{'penalty': 'l2', 'solver': 'saga'}",0.5991933973358085,0.08297393232344581,0.2193852789994822,0.15490128517560092,0.6096926394997411,0.07745064258780045,0.6011263743898034,0.20408163265306123,0.6020408163265306,0.6020408163265306,"{0: 0.6361772338448722, 1: 0.6361772338448723}","{0: 0.6361772338448722, 1: 0.6361772338448723}",0.6361772338448723,"[[414 223]
 [284 353]]",[0. 0. 1. ... 0. 1. 0.],[0. 1. 1. ... 1. 0. 0.]
409,logistic_regression,"{'penalty': 'l2', 'solver': 'saga'}",0.5991933973358085,0.08297393232344581,0.2193852789994822,0.15490128517560092,0.6096926394997411,0.07745064258780045,0.6011263743898034,0.20408163265306123,0.6020408163265306,0.6020408163265306,"{0: 0.6361944850395176, 1: 0.6361944850395176}","{0: 0.6361944850395176, 1: 0.6361944850395176}",0.6361944850395176,"[[414 223]
 [284 353]]",[0. 0. 1. ... 0. 1. 0.],[0. 1. 1. ... 1. 0. 0.]
410,logistic_regression,"{'penalty': 'l2', 'solver': 'saga'}",0.5991933973358085,0.08297393232344581,0.2193852789994822,0.15490128517560092,0.6096926394997411,0.07745064258780045,0.6011263743898034,0.20408163265306123,0.6020408163265306,0.6020408163265306,"{0: 0.6361920205831396, 1: 0.6361920205831397}","{0: 0.6361920205831396, 1: 0.6361920205831397}",0.6361920205831397,"[[414 223]
 [284 353]]",[0. 0. 1. ... 0. 1. 0.],[0. 1. 1. ... 1. 0. 0.]
799,logistic_regression,"{'penalty': 'l2', 'solver': 'saga'}",0.5991933973358085,0.08297393232344581,0.2193852789994822,0.15490128517560092,0.6096926394997411,0.07745064258780045,0.6011263743898034,0.20408163265306123,0.6020408163265306,0.6020408163265306,"{0: 0.636204342865029, 1: 0.636204342865029}","{0: 0.636204342865029, 1: 0.636204342865029}",0.636204342865029,"[[414 223]
 [284 353]]",[0. 0. 1. ... 0. 1. 0.],[0. 1. 1. ... 1. 0. 0.]
459,logistic_regression,"{'penalty': 'l2', 'solver': 'saga'}",0.5991933973358085,0.08297393232344581,0.2193852789994822,0.15490128517560092,0.6096926394997411,0.07745064258780045,0.6011263743898034,0.20408163265306123,0.6020408163265306,0.6020408163265306,"{0: 0.6361895561267618, 1: 0.6361895561267619}","{0: 0.6361895561267618, 1: 0.6361895561267619}",0.6361895561267619,"[[414 223]
 [284 353]]",[0. 0. 1. ... 0. 1. 0.],[0. 1. 1. ... 1. 0. 0.]
453,logistic_regression,"{'penalty': 'l2', 'solver': 'saga'}",0.5991933973358085,0.08297393232344581,0.2193852789994822,0.15490128517560092,0.6096926394997411,0.07745064258780045,0.6011263743898034,0.20408163265306123,0.6020408163265306,0.6020408163265306,"{0: 0.6361796983012501, 1: 0.6361796983012502}","{0: 0.6361796983012501, 1: 0.6361796983012502}",0.6361796983012502,"[[414 223]
 [284 353]]",[0. 0. 1. ... 0. 1. 0.],[0. 1. 1. ... 1. 0. 0.]
568,logistic_regression,"{'penalty': 'l2', 'solver': 'saga'}",0.5991933973358085,0.08297393232344581,0.2193852789994822,0.15490128517560092,0.6096926394997411,0.07745064258780045,0.6011263743898034,0.20408163265306123,0.6020408163265306,0.6020408163265306,"{0: 0.6361994139522733, 1: 0.6361994139522733}","{0: 0.6361994139522733, 1: 0.6361994139522733}",0.6361994139522733,"[[414 223]
 [284 353]]",[0. 0. 1. ... 0. 1. 0.],[0. 1. 1. ... 1. 0. 0.]
418,logistic_regression,"{'penalty': 'l2', 'solver': 'saga'}",0.5991933973358085,0.08297393232344581,0.2193852789994822,0.15490128517560092,0.6096926394997411,0.07745064258780045,0.6011263743898034,0.20408163265306123,0.6020408163265306,0.6020408163265306,"{0: 0.6362018784086512, 1: 0.6362018784086512}","{0: 0.6362018784086512, 1: 0.6362018784086512}",0.6362018784086512,"[[414 223]
 [284 353]]",[0. 0. 1. ... 0. 1. 0.],[0. 1. 1. ... 1. 0. 0.]
576,logistic_regression,"{'penalty': 'l2', 'solver': 'saga'}",0.5991933973358085,0.08297393232344581,0.2193852789994822,0.15490128517560092,0.6096926394997411,0.07745064258780045,0.6011263743898034,0.20408163265306123,0.6020408163265306,0.6020408163265306,"{0: 0.6362142006905407, 1: 0.6362142006905407}","{0: 0.6362142006905407, 1: 0.6362142006905407}",0.6362142006905407,"[[414 223]
 [284 353]]",[0. 0. 1. ... 0. 1. 0.],[0. 1. 1. ... 1. 0. 0.]
758,logistic_regression,"{'penalty': 'l2', 'solver': 'saga'}",0.5991933973358085,0.08297393232344581,0.2193852789994822,0.15490128517560092,0.6096926394997411,0.07745064258780045,0.6011263743898034,0.20408163265306123,0.6020408163265306,0.6020408163265306,"{0: 0.6362166651469185, 1: 0.6362166651469185}","{0: 0.6362166651469185, 1: 0.6362166651469185}",0.6362166651469185,"[[414 223]
 [284 353]]",[0. 0. 1. ... 0. 1. 0.],[0. 1. 1. ... 1. 0. 0.]
422,logistic_regression,"{'penalty': 'l2', 'solver': 'saga'}",0.5991933973358085,0.08297393232344581,0.2193852789994822,0.15490128517560092,0.6096926394997411,0.07745064258780045,0.6011263743898034,0.20408163265306123,0.6020408163265306,0.6020408163265306,"{0: 0.6362142006905407, 1: 0.6362142006905407}","{0: 0.6362142006905407, 1: 0.6362142006905407}",0.6362142006905407,"[[414 223]
 [284 353]]",[0. 0. 1. ... 0. 1. 0.],[0. 1. 1. ... 1. 0. 0.]
447,logistic_regression,"{'penalty': 'l2', 'solver': 'saga'}",0.5991933973358085,0.08297393232344581,0.2193852789994822,0.15490128517560092,0.6096926394997411,0.07745064258780045,0.6011263743898034,0.20408163265306123,0.6020408163265306,0.6020408163265306,"{0: 0.636206807321407, 1: 0.6362068073214071}","{0: 0.636206807321407, 1: 0.6362068073214071}",0.6362068073214071,"[[414 223]
 [284 353]]",[0. 0. 1. ... 0. 1. 0.],[0. 1. 1. ... 1. 0. 0.]
810,logistic_regression,"{'penalty': 'l2', 'solver': 'saga'}",0.5991933973358085,0.08297393232344581,0.2193852789994822,0.15490128517560092,0.6096926394997411,0.07745064258780045,0.6011263743898034,0.20408163265306123,0.6020408163265306,0.6020408163265306,"{0: 0.6361895561267616, 1: 0.6361895561267619}","{0: 0.6361895561267616, 1: 0.6361895561267619}",0.6361895561267619,"[[414 223]
 [284 353]]",[0. 0. 1. ... 0. 1. 0.],[0. 1. 1. ... 1. 0. 0.]
445,logistic_regression,"{'penalty': 'l2', 'solver': 'saga'}",0.5991933973358085,0.08297393232344581,0.2193852789994822,0.15490128517560092,0.6096926394997411,0.07745064258780045,0.6011263743898034,0.20408163265306123,0.6020408163265306,0.6020408163265306,"{0: 0.636206807321407, 1: 0.636206807321407}","{0: 0.636206807321407, 1: 0.636206807321407}",0.636206807321407,"[[414 223]
 [284 353]]",[0. 0. 1. ... 0. 1. 0.],[0. 1. 1. ... 1. 0. 0.]
808,logistic_regression,"{'penalty': 'l2', 'solver': 'saga'}",0.5991933973358085,0.08297393232344581,0.2193852789994822,0.15490128517560092,0.6096926394997411,0.07745064258780045,0.6011263743898034,0.20408163265306123,0.6020408163265306,0.6020408163265306,"{0: 0.636206807321407, 1: 0.6362068073214071}","{0: 0.636206807321407, 1: 0.6362068073214071}",0.6362068073214071,"[[414 223]
 [284 353]]",[0. 0. 1. ... 0. 1. 0.],[0. 1. 1. ... 1. 0. 0.]
430,logistic_regression,"{'penalty': 'l2', 'solver': 'saga'}",0.5991933973358085,0.08297393232344581,0.2193852789994822,0.15490128517560092,0.6096926394997411,0.07745064258780045,0.6011263743898034,0.20408163265306123,0.6020408163265306,0.6020408163265306,"{0: 0.6361599826502271, 1: 0.6361599826502271}","{0: 0.6361599826502271, 1: 0.6361599826502271}",0.6361599826502271,"[[414 223]
 [284 353]]",[0. 0. 1. ... 0. 1. 0.],[0. 1. 1. ... 1. 0. 0.]
806,logistic_regression,"{'penalty': 'l2', 'solver': 'saga'}",0.5991933973358085,0.08297393232344581,0.2193852789994822,0.15490128517560092,0.6096926394997411,0.07745064258780045,0.6011263743898034,0.20408163265306123,0.6020408163265306,0.6020408163265306,"{0: 0.6361870916703839, 1: 0.6361870916703839}","{0: 0.6361870916703839, 1: 0.6361870916703839}",0.6361870916703839,"[[414 223]
 [284 353]]",[0. 0. 1. ... 0. 1. 0.],[0. 1. 1. ... 1. 0. 0.]
805,logistic_regression,"{'penalty': 'l2', 'solver': 'saga'}",0.5991933973358085,0.08297393232344581,0.2193852789994822,0.15490128517560092,0.6096926394997411,0.07745064258780045,0.6011263743898034,0.20408163265306123,0.6020408163265306,0.6020408163265306,"{0: 0.6361895561267619, 1: 0.6361895561267619}","{0: 0.6361895561267619, 1: 0.6361895561267619}",0.6361895561267619,"[[414 223]
 [284 353]]",[0. 0. 1. ... 0. 1. 0.],[0. 1. 1. ... 1. 0. 0.]
436,logistic_regression,"{'penalty': 'l2', 'solver': 'saga'}",0.5991933973358085,0.08297393232344581,0.2193852789994822,0.15490128517560092,0.6096926394997411,0.07745064258780045,0.6011263743898034,0.20408163265306123,0.6020408163265306,0.6020408163265306,"{0: 0.6361673760193607, 1: 0.6361673760193607}","{0: 0.6361673760193607, 1: 0.6361673760193607}",0.6361673760193607,"[[414 223]
 [284 353]]",[0. 0. 1. ... 0. 1. 0.],[0. 1. 1. ... 1. 0. 0.]
396,logistic_regression,"{'penalty': 'l2', 'solver': 'saga'}",0.5991933973358085,0.08297393232344581,0.2193852789994822,0.15490128517560092,0.6096926394997411,0.07745064258780045,0.6011263743898034,0.20408163265306123,0.6020408163265306,0.6020408163265306,"{0: 0.6361698404757387, 1: 0.6361698404757387}","{0: 0.6361698404757387, 1: 0.6361698404757387}",0.6361698404757387,"[[414 223]
 [284 353]]",[0. 0. 1. ... 0. 1. 0.],[0. 1. 1. ... 1. 0. 0.]
394,logistic_regression,"{'penalty': 'l2', 'solver': 'saga'}",0.5991933973358085,0.08297393232344581,0.2193852789994822,0.15490128517560092,0.6096926394997411,0.07745064258780045,0.6011263743898034,0.20408163265306123,0.6020408163265306,0.6020408163265306,"{0: 0.6361649115629828, 1: 0.6361649115629828}","{0: 0.6361649115629828, 1: 0.6361649115629828}",0.6361649115629828,"[[414 223]
 [284 353]]",[0. 0. 1. ... 0. 1. 0.],[0. 1. 1. ... 1. 0. 0.]
785,logistic_regression,"{'penalty': 'l2', 'solver': 'saga'}",0.5991933973358085,0.08297393232344581,0.2193852789994822,0.15490128517560092,0.6096926394997411,0.07745064258780045,0.6011263743898034,0.20408163265306123,0.6020408163265306,0.6020408163265306,"{0: 0.6361944850395176, 1: 0.6361944850395176}","{0: 0.6361944850395176, 1: 0.6361944850395176}",0.6361944850395176,"[[414 223]
 [284 353]]",[0. 0. 1. ... 0. 1. 0.],[0. 1. 1. ... 1. 0. 0.]
814,logistic_regression,"{'penalty': 'l2', 'solver': 'saga'}",0.5991933973358085,0.08297393232344581,0.2193852789994822,0.15490128517560092,0.6096926394997411,0.07745064258780045,0.6011263743898034,0.20408163265306123,0.6020408163265306,0.6020408163265306,"{0: 0.6362092717777849, 1: 0.6362092717777849}","{0: 0.6362092717777849, 1: 0.6362092717777849}",0.6362092717777849,"[[414 223]
 [284 353]]",[0. 0. 1. ... 0. 1. 0.],[0. 1. 1. ... 1. 0. 0.]
351,logistic_regression,"{'penalty': 'l2', 'solver': 'saga'}",0.5991933973358085,0.08297393232344581,0.2193852789994822,0.15490128517560092,0.6096926394997411,0.07745064258780045,0.6011263743898034,0.20408163265306123,0.6020408163265306,0.6020408163265306,"{0: 0.6361796983012502, 1: 0.6361796983012502}","{0: 0.6361796983012502, 1: 0.6361796983012502}",0.6361796983012502,"[[414 223]
 [284 353]]",[0. 0. 1. ... 0. 1. 0.],[0. 1. 1. ... 1. 0. 0.]
497,logistic_regression,"{'penalty': 'l2', 'solver': 'saga'}",0.5991933973358085,0.08297393232344581,0.2193852789994822,0.15490128517560092,0.6096926394997411,0.07745064258780045,0.6011263743898034,0.20408163265306123,0.6020408163265306,0.6020408163265306,"{0: 0.6361673760193607, 1: 0.6361673760193608}","{0: 0.6361673760193607, 1: 0.6361673760193608}",0.6361673760193608,"[[414 223]
 [284 353]]",[0. 0. 1. ... 0. 1. 0.],[0. 1. 1. ... 1. 0. 0.]
710,logistic_regression,"{'penalty': 'l2', 'solver': 'saga'}",0.5991933973358085,0.08297393232344581,0.2193852789994822,0.15490128517560092,0.6096926394997411,0.07745064258780045,0.6011263743898034,0.20408163265306123,0.6020408163265306,0.6020408163265306,"{0: 0.636206807321407, 1: 0.6362068073214071}","{0: 0.636206807321407, 1: 0.6362068073214071}",0.6362068073214071,"[[414 223]
 [284 353]]",[0. 0. 1. ... 0. 1. 0.],[0. 1. 1. ... 1. 0. 0.]
356,logistic_regression,"{'penalty': 'l2', 'solver': 'saga'}",0.5991933973358085,0.08297393232344581,0.2193852789994822,0.15490128517560092,0.6096926394997411,0.07745064258780045,0.6011263743898034,0.20408163265306123,0.6020408163265306,0.6020408163265306,"{0: 0.6361698404757387, 1: 0.6361698404757387}","{0: 0.6361698404757387, 1: 0.6361698404757387}",0.6361698404757387,"[[414 223]
 [284 353]]",[0. 0. 1. ... 0. 1. 0.],[0. 1. 1. ... 1. 0. 0.]
585,logistic_regression,"{'penalty': 'l2', 'solver': 'saga'}",0.5991933973358085,0.08297393232344581,0.2193852789994822,0.15490128517560092,0.6096926394997411,0.07745064258780045,0.6011263743898034,0.20408163265306123,0.6020408163265306,0.6020408163265306,"{0: 0.6362068073214069, 1: 0.636206807321407}","{0: 0.6362068073214069, 1: 0.636206807321407}",0.636206807321407,"[[414 223]
 [284 353]]",[0. 0. 1. ... 0. 1. 0.],[0. 1. 1. ... 1. 0. 0.]
494,logistic_regression,"{'penalty': 'l2', 'solver': 'saga'}",0.5991933973358085,0.08297393232344581,0.2193852789994822,0.15490128517560092,0.6096926394997411,0.07745064258780045,0.6011263743898034,0.20408163265306123,0.6020408163265306,0.6020408163265306,"{0: 0.6362289874288081, 1: 0.6362289874288081}","{0: 0.6362289874288081, 1: 0.6362289874288081}",0.6362289874288081,"[[414 223]
 [284 353]]",[0. 0. 1. ... 0. 1. 0.],[0. 1. 1. ... 1. 0. 0.]
360,logistic_regression,"{'penalty': 'l2', 'solver': 'saga'}",0.5991933973358085,0.08297393232344581,0.2193852789994822,0.15490128517560092,0.6096926394997411,0.07745064258780045,0.6011263743898034,0.20408163265306123,0.6020408163265306,0.6020408163265306,"{0: 0.6362166651469185, 1: 0.6362166651469184}","{0: 0.6362166651469185, 1: 0.6362166651469184}",0.6362166651469184,"[[414 223]
 [284 353]]",[0. 0. 1. ... 0. 1. 0.],[0. 1. 1. ... 1. 0. 0.]
788,logistic_regression,"{'penalty': 'l2', 'solver': 'saga'}",0.5991933973358085,0.08297393232344581,0.2193852789994822,0.15490128517560092,0.6096926394997411,0.07745064258780045,0.6011263743898034,0.20408163265306123,0.6020408163265306,0.6020408163265306,"{0: 0.6361944850395175, 1: 0.6361944850395176}","{0: 0.6361944850395175, 1: 0.6361944850395176}",0.6361944850395176,"[[414 223]
 [284 353]]",[0. 0. 1. ... 0. 1. 0.],[0. 1. 1. ... 1. 0. 0.]
364,logistic_regression,"{'penalty': 'l2', 'solver': 'saga'}",0.5991933973358085,0.08297393232344581,0.2193852789994822,0.15490128517560092,0.6096926394997411,0.07745064258780045,0.6011263743898034,0.20408163265306123,0.6020408163265306,0.6020408163265306,"{0: 0.6362117362341628, 1: 0.6362117362341628}","{0: 0.6362117362341628, 1: 0.6362117362341628}",0.6362117362341628,"[[414 223]
 [284 353]]",[0. 0. 1. ... 0. 1. 0.],[0. 1. 1. ... 1. 0. 0.]
562,logistic_regression,"{'penalty': 'l2', 'solver': 'saga'}",0.5991933973358085,0.08297393232344581,0.2193852789994822,0.15490128517560092,0.6096926394997411,0.07745064258780045,0.6011263743898034,0.20408163265306123,0.6020408163265306,0.6020408163265306,"{0: 0.6361673760193608, 1: 0.6361673760193607}","{0: 0.6361673760193608, 1: 0.6361673760193607}",0.6361673760193607,"[[414 223]
 [284 353]]",[0. 0. 1. ... 0. 1. 0.],[0. 1. 1. ... 1. 0. 0.]
583,logistic_regression,"{'penalty': 'l2', 'solver': 'saga'}",0.5991933973358085,0.08297393232344581,0.2193852789994822,0.15490128517560092,0.6096926394997411,0.07745064258780045,0.6011263743898034,0.20408163265306123,0.6020408163265306,0.6020408163265306,"{0: 0.6362043428650291, 1: 0.6362043428650291}","{0: 0.6362043428650291, 1: 0.6362043428650291}",0.6362043428650291,"[[414 223]
 [284 353]]",[0. 0. 1. ... 0. 1. 0.],[0. 1. 1. ... 1. 0. 0.]
487,logistic_regression,"{'penalty': 'l2', 'solver': 'saga'}",0.5991933973358085,0.08297393232344581,0.2193852789994822,0.15490128517560092,0.6096926394997411,0.07745064258780045,0.6011263743898034,0.20408163265306123,0.6020408163265306,0.6020408163265306,"{0: 0.6362068073214071, 1: 0.6362068073214071}","{0: 0.6362068073214071, 1: 0.6362068073214071}",0.6362068073214071,"[[414 223]
 [284 353]]",[0. 0. 1. ... 0. 1. 0.],[0. 1. 1. ... 1. 0. 0.]
486,logistic_regression,"{'penalty': 'l2', 'solver': 'saga'}",0.5991933973358085,0.08297393232344581,0.2193852789994822,0.15490128517560092,0.6096926394997411,0.07745064258780045,0.6011263743898034,0.20408163265306123,0.6020408163265306,0.6020408163265306,"{0: 0.6361920205831396, 1: 0.6361920205831397}","{0: 0.6361920205831396, 1: 0.6361920205831397}",0.6361920205831397,"[[414 223]
 [284 353]]",[0. 0. 1. ... 0. 1. 0.],[0. 1. 1. ... 1. 0. 0.]
789,logistic_regression,"{'penalty': 'l2', 'solver': 'saga'}",0.5991933973358085,0.08297393232344581,0.2193852789994822,0.15490128517560092,0.6096926394997411,0.07745064258780045,0.6011263743898034,0.20408163265306123,0.6020408163265306,0.6020408163265306,"{0: 0.6362018784086513, 1: 0.6362018784086512}","{0: 0.6362018784086513, 1: 0.6362018784086512}",0.6362018784086512,"[[414 223]
 [284 353]]",[0. 0. 1. ... 0. 1. 0.],[0. 1. 1. ... 1. 0. 0.]
370,logistic_regression,"{'penalty': 'l2', 'solver': 'saga'}",0.5991933973358085,0.08297393232344581,0.2193852789994822,0.15490128517560092,0.6096926394997411,0.07745064258780045,0.6011263743898034,0.20408163265306123,0.6020408163265306,0.6020408163265306,"{0: 0.6361895561267618, 1: 0.6361895561267619}","{0: 0.6361895561267618, 1: 0.6361895561267619}",0.6361895561267619,"[[414 223]
 [284 353]]",[0. 0. 1. ... 0. 1. 0.],[0. 1. 1. ... 1. 0. 0.]
828,logistic_regression,"{'penalty': 'l2', 'solver': 'saga'}",0.5991933973358085,0.08297393232344581,0.2193852789994822,0.15490128517560092,0.6096926394997411,0.07745064258780045,0.6011263743898034,0.20408163265306123,0.6020408163265306,0.6020408163265306,"{0: 0.6361969494958954, 1: 0.6361969494958954}","{0: 0.6361969494958954, 1: 0.6361969494958954}",0.6361969494958954,"[[414 223]
 [284 353]]",[0. 0. 1. ... 0. 1. 0.],[0. 1. 1. ... 1. 0. 0.]
826,logistic_regression,"{'penalty': 'l2', 'solver': 'saga'}",0.5991933973358085,0.08297393232344581,0.2193852789994822,0.15490128517560092,0.6096926394997411,0.07745064258780045,0.6011263743898034,0.20408163265306123,0.6020408163265306,0.6020408163265306,"{0: 0.6362043428650291, 1: 0.636204342865029}","{0: 0.6362043428650291, 1: 0.636204342865029}",0.636204342865029,"[[414 223]
 [284 353]]",[0. 0. 1. ... 0. 1. 0.],[0. 1. 1. ... 1. 0. 0.]
482,logistic_regression,"{'penalty': 'l2', 'solver': 'saga'}",0.5991933973358085,0.08297393232344581,0.2193852789994822,0.15490128517560092,0.6096926394997411,0.07745064258780045,0.6011263743898034,0.20408163265306123,0.6020408163265306,0.6020408163265306,"{0: 0.636209271777785, 1: 0.6362092717777849}","{0: 0.636209271777785, 1: 0.6362092717777849}",0.6362092717777849,"[[414 223]
 [284 353]]",[0. 0. 1. ... 0. 1. 0.],[0. 1. 1. ... 1. 0. 0.]
791,logistic_regression,"{'penalty': 'l2', 'solver': 'saga'}",0.5991933973358085,0.08297393232344581,0.2193852789994822,0.15490128517560092,0.6096926394997411,0.07745064258780045,0.6011263743898034,0.20408163265306123,0.6020408163265306,0.6020408163265306,"{0: 0.6362043428650291, 1: 0.6362043428650291}","{0: 0.6362043428650291, 1: 0.6362043428650291}",0.6362043428650291,"[[414 223]
 [284 353]]",[0. 0. 1. ... 0. 1. 0.],[0. 1. 1. ... 1. 0. 0.]
792,logistic_regression,"{'penalty': 'l2', 'solver': 'saga'}",0.5991933973358085,0.08297393232344581,0.2193852789994822,0.15490128517560092,0.6096926394997411,0.07745064258780045,0.6011263743898034,0.20408163265306123,0.6020408163265306,0.6020408163265306,"{0: 0.636187091670384, 1: 0.6361870916703839}","{0: 0.636187091670384, 1: 0.6361870916703839}",0.6361870916703839,"[[414 223]
 [284 353]]",[0. 0. 1. ... 0. 1. 0.],[0. 1. 1. ... 1. 0. 0.]
478,logistic_regression,"{'penalty': 'l2', 'solver': 'saga'}",0.5991933973358085,0.08297393232344581,0.2193852789994822,0.15490128517560092,0.6096926394997411,0.07745064258780045,0.6011263743898034,0.20408163265306123,0.6020408163265306,0.6020408163265306,"{0: 0.6362166651469185, 1: 0.6362166651469185}","{0: 0.6362166651469185, 1: 0.6362166651469185}",0.6362166651469185,"[[414 223]
 [284 353]]",[0. 0. 1. ... 0. 1. 0.],[0. 1. 1. ... 1. 0. 0.]
820,logistic_regression,"{'penalty': 'l2', 'solver': 'saga'}",0.5991933973358085,0.08297393232344581,0.2193852789994822,0.15490128517560092,0.6096926394997411,0.07745064258780045,0.6011263743898034,0.20408163265306123,0.6020408163265306,0.6020408163265306,"{0: 0.6361821627576281, 1: 0.6361821627576281}","{0: 0.6361821627576281, 1: 0.6361821627576281}",0.6361821627576281,"[[414 223]
 [284 353]]",[0. 0. 1. ... 0. 1. 0.],[0. 1. 1. ... 1. 0. 0.]
580,logistic_regression,"{'penalty': 'l2', 'solver': 'saga'}",0.5991933973358085,0.08297393232344581,0.2193852789994822,0.15490128517560092,0.6096926394997411,0.07745064258780045,0.6011263743898034,0.20408163265306123,0.6020408163265306,0.6020408163265306,"{0: 0.6361944850395175, 1: 0.6361944850395176}","{0: 0.6361944850395175, 1: 0.6361944850395176}",0.6361944850395176,"[[414 223]
 [284 353]]",[0. 0. 1. ... 0. 1. 0.],[0. 1. 1. ... 1. 0. 0.]
793,logistic_regression,"{'penalty': 'l2', 'solver': 'saga'}",0.5991933973358085,0.08297393232344581,0.2193852789994822,0.15490128517560092,0.6096926394997411,0.07745064258780045,0.6011263743898034,0.20408163265306123,0.6020408163265306,0.6020408163265306,"{0: 0.6361821627576281, 1: 0.6361821627576281}","{0: 0.6361821627576281, 1: 0.6361821627576281}",0.6361821627576281,"[[414 223]
 [284 353]]",[0. 0. 1. ... 0. 1. 0.],[0. 1. 1. ... 1. 0. 0.]
579,logistic_regression,"{'penalty': 'l2', 'solver': 'saga'}",0.5991933973358085,0.08297393232344581,0.2193852789994822,0.15490128517560092,0.6096926394997411,0.07745064258780045,0.6011263743898034,0.20408163265306123,0.6020408163265306,0.6020408163265306,"{0: 0.6362043428650291, 1: 0.6362043428650292}","{0: 0.6362043428650291, 1: 0.6362043428650292}",0.6362043428650292,"[[414 223]
 [284 353]]",[0. 0. 1. ... 0. 1. 0.],[0. 1. 1. ... 1. 0. 0.]
794,logistic_regression,"{'penalty': 'l2', 'solver': 'saga'}",0.5991933973358085,0.08297393232344581,0.2193852789994822,0.15490128517560092,0.6096926394997411,0.07745064258780045,0.6011263743898034,0.20408163265306123,0.6020408163265306,0.6020408163265306,"{0: 0.6361723049321166, 1: 0.6361723049321165}","{0: 0.6361723049321166, 1: 0.6361723049321165}",0.6361723049321165,"[[414 223]
 [284 353]]",[0. 0. 1. ... 0. 1. 0.],[0. 1. 1. ... 1. 0. 0.]
384,logistic_regression,"{'penalty': 'l2', 'solver': 'saga'}",0.5991933973358085,0.08297393232344581,0.2193852789994822,0.15490128517560092,0.6096926394997411,0.07745064258780045,0.6011263743898034,0.20408163265306123,0.6020408163265306,0.6020408163265306,"{0: 0.6362117362341628, 1: 0.6362117362341628}","{0: 0.6362117362341628, 1: 0.6362117362341628}",0.6362117362341628,"[[414 223]
 [284 353]]",[0. 0. 1. ... 0. 1. 0.],[0. 1. 1. ... 1. 0. 0.]
818,logistic_regression,"{'penalty': 'l2', 'solver': 'saga'}",0.5991933973358085,0.08297393232344581,0.2193852789994822,0.15490128517560092,0.6096926394997411,0.07745064258780045,0.6011263743898034,0.20408163265306123,0.6020408163265306,0.6020408163265306,"{0: 0.6361944850395176, 1: 0.6361944850395176}","{0: 0.6361944850395176, 1: 0.6361944850395176}",0.6361944850395176,"[[414 223]
 [284 353]]",[0. 0. 1. ... 0. 1. 0.],[0. 1. 1. ... 1. 0. 0.]
577,logistic_regression,"{'penalty': 'l2', 'solver': 'saga'}",0.5991933973358085,0.08297393232344581,0.2193852789994822,0.15490128517560092,0.6096926394997411,0.07745064258780045,0.6011263743898034,0.20408163265306123,0.6020408163265306,0.6020408163265306,"{0: 0.6361920205831397, 1: 0.6361920205831396}","{0: 0.6361920205831397, 1: 0.6361920205831396}",0.6361920205831396,"[[414 223]
 [284 353]]",[0. 0. 1. ... 0. 1. 0.],[0. 1. 1. ... 1. 0. 0.]
859,logistic_regression,"{'penalty': 'l2', 'solver': 'saga'}",0.5991933973358085,0.08297393232344581,0.2193852789994822,0.15490128517560092,0.6096926394997411,0.07745064258780045,0.6011263743898034,0.20408163265306123,0.6020408163265306,0.6020408163265306,"{0: 0.6362043428650291, 1: 0.6362043428650291}","{0: 0.6362043428650291, 1: 0.6362043428650291}",0.6362043428650291,"[[414 223]
 [284 353]]",[0. 0. 1. ... 0. 1. 0.],[0. 1. 1. ... 1. 0. 0.]
870,logistic_regression,"{'penalty': 'l2', 'solver': 'saga'}",0.5991933973358085,0.08297393232344581,0.2193852789994822,0.15490128517560092,0.6096926394997411,0.07745064258780045,0.6011263743898034,0.20408163265306123,0.6020408163265306,0.6020408163265306,"{0: 0.6361698404757388, 1: 0.6361698404757387}","{0: 0.6361698404757388, 1: 0.6361698404757387}",0.6361698404757387,"[[414 223]
 [284 353]]",[0. 0. 1. ... 0. 1. 0.],[0. 1. 1. ... 1. 0. 0.]
607,logistic_regression,"{'penalty': 'l2', 'solver': 'saga'}",0.5991933973358085,0.08297393232344581,0.2193852789994822,0.15490128517560092,0.6096926394997411,0.07745064258780045,0.6011263743898034,0.20408163265306123,0.6020408163265306,0.6020408163265306,"{0: 0.6361969494958954, 1: 0.6361969494958954}","{0: 0.6361969494958954, 1: 0.6361969494958954}",0.6361969494958954,"[[414 223]
 [284 353]]",[0. 0. 1. ... 0. 1. 0.],[0. 1. 1. ... 1. 0. 0.]
659,logistic_regression,"{'penalty': 'l2', 'solver': 'saga'}",0.5991933973358085,0.08297393232344581,0.2193852789994822,0.15490128517560092,0.6096926394997411,0.07745064258780045,0.6011263743898034,0.20408163265306123,0.6020408163265306,0.6020408163265306,"{0: 0.6361895561267616, 1: 0.6361895561267618}","{0: 0.6361895561267616, 1: 0.6361895561267618}",0.6361895561267618,"[[414 223]
 [284 353]]",[0. 0. 1. ... 0. 1. 0.],[0. 1. 1. ... 1. 0. 0.]
920,logistic_regression,"{'penalty': 'l2', 'solver': 'saga'}",0.5991933973358085,0.08297393232344581,0.2193852789994822,0.15490128517560092,0.6096926394997411,0.07745064258780045,0.6011263743898034,0.20408163265306123,0.6020408163265306,0.6020408163265306,"{0: 0.6361649115629828, 1: 0.6361649115629828}","{0: 0.6361649115629828, 1: 0.6361649115629828}",0.6361649115629828,"[[414 223]
 [284 353]]",[0. 0. 1. ... 0. 1. 0.],[0. 1. 1. ... 1. 0. 0.]
732,logistic_regression,"{'penalty': 'l2', 'solver': 'saga'}",0.5991933973358085,0.08297393232344581,0.2193852789994822,0.15490128517560092,0.6096926394997411,0.07745064258780045,0.6011263743898034,0.20408163265306123,0.6020408163265306,0.6020408163265306,"{0: 0.6361698404757387, 1: 0.6361698404757387}","{0: 0.6361698404757387, 1: 0.6361698404757387}",0.6361698404757387,"[[414 223]
 [284 353]]",[0. 0. 1. ... 0. 1. 0.],[0. 1. 1. ... 1. 0. 0.]
656,logistic_regression,"{'penalty': 'l2', 'solver': 'saga'}",0.5991933973358085,0.08297393232344581,0.2193852789994822,0.15490128517560092,0.6096926394997411,0.07745064258780045,0.6011263743898034,0.20408163265306123,0.6020408163265306,0.6020408163265306,"{0: 0.6361870916703839, 1: 0.6361870916703839}","{0: 0.6361870916703839, 1: 0.6361870916703839}",0.6361870916703839,"[[414 223]
 [284 353]]",[0. 0. 1. ... 0. 1. 0.],[0. 1. 1. ... 1. 0. 0.]
925,logistic_regression,"{'penalty': 'l2', 'solver': 'saga'}",0.5991933973358085,0.08297393232344581,0.2193852789994822,0.15490128517560092,0.6096926394997411,0.07745064258780045,0.6011263743898034,0.20408163265306123,0.6020408163265306,0.6020408163265306,"{0: 0.6361821627576281, 1: 0.6361821627576282}","{0: 0.6361821627576281, 1: 0.6361821627576282}",0.6361821627576282,"[[414 223]
 [284 353]]",[0. 0. 1. ... 0. 1. 0.],[0. 1. 1. ... 1. 0. 0.]
730,logistic_regression,"{'penalty': 'l2', 'solver': 'saga'}",0.5991933973358085,0.08297393232344581,0.2193852789994822,0.15490128517560092,0.6096926394997411,0.07745064258780045,0.6011263743898034,0.20408163265306123,0.6020408163265306,0.6020408163265306,"{0: 0.636204342865029, 1: 0.636204342865029}","{0: 0.636204342865029, 1: 0.636204342865029}",0.636204342865029,"[[414 223]
 [284 353]]",[0. 0. 1. ... 0. 1. 0.],[0. 1. 1. ... 1. 0. 0.]
130,logistic_regression,"{'penalty': 'l2', 'solver': 'saga'}",0.5991933973358085,0.08297393232344581,0.2193852789994822,0.15490128517560092,0.6096926394997411,0.07745064258780045,0.6011263743898034,0.20408163265306123,0.6020408163265306,0.6020408163265306,"{0: 0.6362068073214071, 1: 0.636206807321407}","{0: 0.6362068073214071, 1: 0.636206807321407}",0.636206807321407,"[[414 223]
 [284 353]]",[0. 0. 1. ... 0. 1. 0.],[0. 1. 1. ... 1. 0. 0.]
658,logistic_regression,"{'penalty': 'l2', 'solver': 'saga'}",0.5991933973358085,0.08297393232344581,0.2193852789994822,0.15490128517560092,0.6096926394997411,0.07745064258780045,0.6011263743898034,0.20408163265306123,0.6020408163265306,0.6020408163265306,"{0: 0.6361723049321166, 1: 0.6361723049321166}","{0: 0.6361723049321166, 1: 0.6361723049321166}",0.6361723049321166,"[[414 223]
 [284 353]]",[0. 0. 1. ... 0. 1. 0.],[0. 1. 1. ... 1. 0. 0.]
123,logistic_regression,"{'penalty': 'l2', 'solver': 'saga'}",0.5991933973358085,0.08297393232344581,0.2193852789994822,0.15490128517560092,0.6096926394997411,0.07745064258780045,0.6011263743898034,0.20408163265306123,0.6020408163265306,0.6020408163265306,"{0: 0.6361969494958954, 1: 0.6361969494958954}","{0: 0.6361969494958954, 1: 0.6361969494958954}",0.6361969494958954,"[[414 223]
 [284 353]]",[0. 0. 1. ... 0. 1. 0.],[0. 1. 1. ... 1. 0. 0.]
197,logistic_regression,"{'penalty': 'l2', 'solver': 'saga'}",0.5991933973358085,0.08297393232344581,0.2193852789994822,0.15490128517560092,0.6096926394997411,0.07745064258780045,0.6011263743898034,0.20408163265306123,0.6020408163265306,0.6020408163265306,"{0: 0.6361969494958954, 1: 0.6361969494958954}","{0: 0.6361969494958954, 1: 0.6361969494958954}",0.6361969494958954,"[[414 223]
 [284 353]]",[0. 0. 1. ... 0. 1. 0.],[0. 1. 1. ... 1. 0. 0.]
728,logistic_regression,"{'penalty': 'l2', 'solver': 'saga'}",0.5991933973358085,0.08297393232344581,0.2193852789994822,0.15490128517560092,0.6096926394997411,0.07745064258780045,0.6011263743898034,0.20408163265306123,0.6020408163265306,0.6020408163265306,"{0: 0.6362142006905407, 1: 0.6362142006905407}","{0: 0.6362142006905407, 1: 0.6362142006905407}",0.6362142006905407,"[[414 223]
 [284 353]]",[0. 0. 1. ... 0. 1. 0.],[0. 1. 1. ... 1. 0. 0.]
931,logistic_regression,"{'penalty': 'l2', 'solver': 'saga'}",0.5991933973358085,0.08297393232344581,0.2193852789994822,0.15490128517560092,0.6096926394997411,0.07745064258780045,0.6011263743898034,0.20408163265306123,0.6020408163265306,0.6020408163265306,"{0: 0.6362166651469185, 1: 0.6362166651469185}","{0: 0.6362166651469185, 1: 0.6362166651469185}",0.6362166651469185,"[[414 223]
 [284 353]]",[0. 0. 1. ... 0. 1. 0.],[0. 1. 1. ... 1. 0. 0.]
934,logistic_regression,"{'penalty': 'l2', 'solver': 'saga'}",0.5991933973358085,0.08297393232344581,0.2193852789994822,0.15490128517560092,0.6096926394997411,0.07745064258780045,0.6011263743898034,0.20408163265306123,0.6020408163265306,0.6020408163265306,"{0: 0.6361920205831396, 1: 0.6361920205831397}","{0: 0.6361920205831396, 1: 0.6361920205831397}",0.6361920205831397,"[[414 223]
 [284 353]]",[0. 0. 1. ... 0. 1. 0.],[0. 1. 1. ... 1. 0. 0.]
108,logistic_regression,"{'penalty': 'l2', 'solver': 'saga'}",0.5991933973358085,0.08297393232344581,0.2193852789994822,0.15490128517560092,0.6096926394997411,0.07745064258780045,0.6011263743898034,0.20408163265306123,0.6020408163265306,0.6020408163265306,"{0: 0.6361846272140059, 1: 0.6361846272140059}","{0: 0.6361846272140059, 1: 0.6361846272140059}",0.6361846272140059,"[[414 223]
 [284 353]]",[0. 0. 1. ... 0. 1. 0.],[0. 1. 1. ... 1. 0. 0.]
937,logistic_regression,"{'penalty': 'l2', 'solver': 'saga'}",0.5991933973358085,0.08297393232344581,0.2193852789994822,0.15490128517560092,0.6096926394997411,0.07745064258780045,0.6011263743898034,0.20408163265306123,0.6020408163265306,0.6020408163265306,"{0: 0.6361821627576281, 1: 0.6361821627576282}","{0: 0.6361821627576281, 1: 0.6361821627576282}",0.6361821627576282,"[[414 223]
 [284 353]]",[0. 0. 1. ... 0. 1. 0.],[0. 1. 1. ... 1. 0. 0.]
668,logistic_regression,"{'penalty': 'l2', 'solver': 'saga'}",0.5991933973358085,0.08297393232344581,0.2193852789994822,0.15490128517560092,0.6096926394997411,0.07745064258780045,0.6011263743898034,0.20408163265306123,0.6020408163265306,0.6020408163265306,"{0: 0.6361747693884945, 1: 0.6361747693884945}","{0: 0.6361747693884945, 1: 0.6361747693884945}",0.6361747693884945,"[[414 223]
 [284 353]]",[0. 0. 1. ... 0. 1. 0.],[0. 1. 1. ... 1. 0. 0.]
103,logistic_regression,"{'penalty': 'l2', 'solver': 'saga'}",0.5991933973358085,0.08297393232344581,0.2193852789994822,0.15490128517560092,0.6096926394997411,0.07745064258780045,0.6011263743898034,0.20408163265306123,0.6020408163265306,0.6020408163265306,"{0: 0.6361895561267619, 1: 0.6361895561267618}","{0: 0.6361895561267619, 1: 0.6361895561267618}",0.6361895561267618,"[[414 223]
 [284 353]]",[0. 0. 1. ... 0. 1. 0.],[0. 1. 1. ... 1. 0. 0.]
147,logistic_regression,"{'penalty': 'l2', 'solver': 'saga'}",0.5991933973358085,0.08297393232344581,0.2193852789994822,0.15490128517560092,0.6096926394997411,0.07745064258780045,0.6011263743898034,0.20408163265306123,0.6020408163265306,0.6020408163265306,"{0: 0.6362068073214069, 1: 0.636206807321407}","{0: 0.6362068073214069, 1: 0.636206807321407}",0.636206807321407,"[[414 223]
 [284 353]]",[0. 0. 1. ... 0. 1. 0.],[0. 1. 1. ... 1. 0. 0.]
150,logistic_regression,"{'penalty': 'l2', 'solver': 'saga'}",0.5991933973358085,0.08297393232344581,0.2193852789994822,0.15490128517560092,0.6096926394997411,0.07745064258780045,0.6011263743898034,0.20408163265306123,0.6020408163265306,0.6020408163265306,"{0: 0.6361698404757388, 1: 0.6361698404757388}","{0: 0.6361698404757388, 1: 0.6361698404757388}",0.6361698404757388,"[[414 223]
 [284 353]]",[0. 0. 1. ... 0. 1. 0.],[0. 1. 1. ... 1. 0. 0.]
152,logistic_regression,"{'penalty': 'l2', 'solver': 'saga'}",0.5991933973358085,0.08297393232344581,0.2193852789994822,0.15490128517560092,0.6096926394997411,0.07745064258780045,0.6011263743898034,0.20408163265306123,0.6020408163265306,0.6020408163265306,"{0: 0.636204342865029, 1: 0.6362043428650291}","{0: 0.636204342865029, 1: 0.6362043428650291}",0.6362043428650291,"[[414 223]
 [284 353]]",[0. 0. 1. ... 0. 1. 0.],[0. 1. 1. ... 1. 0. 0.]
153,logistic_regression,"{'penalty': 'l2', 'solver': 'saga'}",0.5991933973358085,0.08297393232344581,0.2193852789994822,0.15490128517560092,0.6096926394997411,0.07745064258780045,0.6011263743898034,0.20408163265306123,0.6020408163265306,0.6020408163265306,"{0: 0.636187091670384, 1: 0.6361870916703839}","{0: 0.636187091670384, 1: 0.6361870916703839}",0.6361870916703839,"[[414 223]
 [284 353]]",[0. 0. 1. ... 0. 1. 0.],[0. 1. 1. ... 1. 0. 0.]
738,logistic_regression,"{'penalty': 'l2', 'solver': 'saga'}",0.5991933973358085,0.08297393232344581,0.2193852789994822,0.15490128517560092,0.6096926394997411,0.07745064258780045,0.6011263743898034,0.20408163265306123,0.6020408163265306,0.6020408163265306,"{0: 0.6361870916703838, 1: 0.6361870916703839}","{0: 0.6361870916703838, 1: 0.6361870916703839}",0.6361870916703839,"[[414 223]
 [284 353]]",[0. 0. 1. ... 0. 1. 0.],[0. 1. 1. ... 1. 0. 0.]
899,logistic_regression,"{'penalty': 'l2', 'solver': 'saga'}",0.5991933973358085,0.08297393232344581,0.2193852789994822,0.15490128517560092,0.6096926394997411,0.07745064258780045,0.6011263743898034,0.20408163265306123,0.6020408163265306,0.6020408163265306,"{0: 0.6361698404757385, 1: 0.6361698404757387}","{0: 0.6361698404757385, 1: 0.6361698404757387}",0.6361698404757387,"[[414 223]
 [284 353]]",[0. 0. 1. ... 0. 1. 0.],[0. 1. 1. ... 1. 0. 0.]
191,logistic_regression,"{'penalty': 'l2', 'solver': 'saga'}",0.5991933973358085,0.08297393232344581,0.2193852789994822,0.15490128517560092,0.6096926394997411,0.07745064258780045,0.6011263743898034,0.20408163265306123,0.6020408163265306,0.6020408163265306,"{0: 0.6361969494958954, 1: 0.6361969494958954}","{0: 0.6361969494958954, 1: 0.6361969494958954}",0.6361969494958954,"[[414 223]
 [284 353]]",[0. 0. 1. ... 0. 1. 0.],[0. 1. 1. ... 1. 0. 0.]
640,logistic_regression,"{'penalty': 'l2', 'solver': 'saga'}",0.5991933973358085,0.08297393232344581,0.2193852789994822,0.15490128517560092,0.6096926394997411,0.07745064258780045,0.6011263743898034,0.20408163265306123,0.6020408163265306,0.6020408163265306,"{0: 0.6361772338448723, 1: 0.6361772338448723}","{0: 0.6361772338448723, 1: 0.6361772338448723}",0.6361772338448723,"[[414 223]
 [284 353]]",[0. 0. 1. ... 0. 1. 0.],[0. 1. 1. ... 1. 0. 0.]
903,logistic_regression,"{'penalty': 'l2', 'solver': 'saga'}",0.5991933973358085,0.08297393232344581,0.2193852789994822,0.15490128517560092,0.6096926394997411,0.07745064258780045,0.6011263743898034,0.20408163265306123,0.6020408163265306,0.6020408163265306,"{0: 0.6361821627576281, 1: 0.6361821627576281}","{0: 0.6361821627576281, 1: 0.6361821627576281}",0.6361821627576281,"[[414 223]
 [284 353]]",[0. 0. 1. ... 0. 1. 0.],[0. 1. 1. ... 1. 0. 0.]
177,logistic_regression,"{'penalty': 'l2', 'solver': 'saga'}",0.5991933973358085,0.08297393232344581,0.2193852789994822,0.15490128517560092,0.6096926394997411,0.07745064258780045,0.6011263743898034,0.20408163265306123,0.6020408163265306,0.6020408163265306,"{0: 0.6361747693884944, 1: 0.6361747693884945}","{0: 0.6361747693884944, 1: 0.6361747693884945}",0.6361747693884945,"[[414 223]
 [284 353]]",[0. 0. 1. ... 0. 1. 0.],[0. 1. 1. ... 1. 0. 0.]
176,logistic_regression,"{'penalty': 'l2', 'solver': 'saga'}",0.5991933973358085,0.08297393232344581,0.2193852789994822,0.15490128517560092,0.6096926394997411,0.07745064258780045,0.6011263743898034,0.20408163265306123,0.6020408163265306,0.6020408163265306,"{0: 0.6362018784086513, 1: 0.6362018784086512}","{0: 0.6362018784086513, 1: 0.6362018784086512}",0.6362018784086512,"[[414 223]
 [284 353]]",[0. 0. 1. ... 0. 1. 0.],[0. 1. 1. ... 1. 0. 0.]
907,logistic_regression,"{'penalty': 'l2', 'solver': 'saga'}",0.5991933973358085,0.08297393232344581,0.2193852789994822,0.15490128517560092,0.6096926394997411,0.07745064258780045,0.6011263743898034,0.20408163265306123,0.6020408163265306,0.6020408163265306,"{0: 0.6361870916703839, 1: 0.6361870916703839}","{0: 0.6361870916703839, 1: 0.6361870916703839}",0.6361870916703839,"[[414 223]
 [284 353]]",[0. 0. 1. ... 0. 1. 0.],[0. 1. 1. ... 1. 0. 0.]
908,logistic_regression,"{'penalty': 'l2', 'solver': 'saga'}",0.5991933973358085,0.08297393232344581,0.2193852789994822,0.15490128517560092,0.6096926394997411,0.07745064258780045,0.6011263743898034,0.20408163265306123,0.6020408163265306,0.6020408163265306,"{0: 0.6362043428650291, 1: 0.6362043428650291}","{0: 0.6362043428650291, 1: 0.6362043428650291}",0.6362043428650291,"[[414 223]
 [284 353]]",[0. 0. 1. ... 0. 1. 0.],[0. 1. 1. ... 1. 0. 0.]
169,logistic_regression,"{'penalty': 'l2', 'solver': 'saga'}",0.5991933973358085,0.08297393232344581,0.2193852789994822,0.15490128517560092,0.6096926394997411,0.07745064258780045,0.6011263743898034,0.20408163265306123,0.6020408163265306,0.6020408163265306,"{0: 0.6361920205831397, 1: 0.6361920205831397}","{0: 0.6361920205831397, 1: 0.6361920205831397}",0.6361920205831397,"[[414 223]
 [284 353]]",[0. 0. 1. ... 0. 1. 0.],[0. 1. 1. ... 1. 0. 0.]
913,logistic_regression,"{'penalty': 'l2', 'solver': 'saga'}",0.5991933973358085,0.08297393232344581,0.2193852789994822,0.15490128517560092,0.6096926394997411,0.07745064258780045,0.6011263743898034,0.20408163265306123,0.6020408163265306,0.6020408163265306,"{0: 0.6362043428650291, 1: 0.6362043428650291}","{0: 0.6362043428650291, 1: 0.6362043428650291}",0.6362043428650291,"[[414 223]
 [284 353]]",[0. 0. 1. ... 0. 1. 0.],[0. 1. 1. ... 1. 0. 0.]
916,logistic_regression,"{'penalty': 'l2', 'solver': 'saga'}",0.5991933973358085,0.08297393232344581,0.2193852789994822,0.15490128517560092,0.6096926394997411,0.07745064258780045,0.6011263743898034,0.20408163265306123,0.6020408163265306,0.6020408163265306,"{0: 0.6362142006905407, 1: 0.6362142006905407}","{0: 0.6362142006905407, 1: 0.6362142006905407}",0.6362142006905407,"[[414 223]
 [284 353]]",[0. 0. 1. ... 0. 1. 0.],[0. 1. 1. ... 1. 0. 0.]
650,logistic_regression,"{'penalty': 'l2', 'solver': 'saga'}",0.5991933973358085,0.08297393232344581,0.2193852789994822,0.15490128517560092,0.6096926394997411,0.07745064258780045,0.6011263743898034,0.20408163265306123,0.6020408163265306,0.6020408163265306,"{0: 0.6361796983012502, 1: 0.6361796983012503}","{0: 0.6361796983012502, 1: 0.6361796983012503}",0.6361796983012503,"[[414 223]
 [284 353]]",[0. 0. 1. ... 0. 1. 0.],[0. 1. 1. ... 1. 0. 0.]
734,logistic_regression,"{'penalty': 'l2', 'solver': 'saga'}",0.5991933973358085,0.08297393232344581,0.2193852789994822,0.15490128517560092,0.6096926394997411,0.07745064258780045,0.6011263743898034,0.20408163265306123,0.6020408163265306,0.6020408163265306,"{0: 0.636206807321407, 1: 0.6362068073214071}","{0: 0.636206807321407, 1: 0.6362068073214071}",0.6362068073214071,"[[414 223]
 [284 353]]",[0. 0. 1. ... 0. 1. 0.],[0. 1. 1. ... 1. 0. 0.]
919,logistic_regression,"{'penalty': 'l2', 'solver': 'saga'}",0.5991933973358085,0.08297393232344581,0.2193852789994822,0.15490128517560092,0.6096926394997411,0.07745064258780045,0.6011263743898034,0.20408163265306123,0.6020408163265306,0.6020408163265306,"{0: 0.636204342865029, 1: 0.636204342865029}","{0: 0.636204342865029, 1: 0.636204342865029}",0.636204342865029,"[[414 223]
 [284 353]]",[0. 0. 1. ... 0. 1. 0.],[0. 1. 1. ... 1. 0. 0.]
101,logistic_regression,"{'penalty': 'l2', 'solver': 'saga'}",0.5991933973358085,0.08297393232344581,0.2193852789994822,0.15490128517560092,0.6096926394997411,0.07745064258780045,0.6011263743898034,0.20408163265306123,0.6020408163265306,0.6020408163265306,"{0: 0.6361698404757385, 1: 0.6361698404757387}","{0: 0.6361698404757385, 1: 0.6361698404757387}",0.6361698404757387,"[[414 223]
 [284 353]]",[0. 0. 1. ... 0. 1. 0.],[0. 1. 1. ... 1. 0. 0.]
100,logistic_regression,"{'penalty': 'l2', 'solver': 'saga'}",0.5991933973358085,0.08297393232344581,0.2193852789994822,0.15490128517560092,0.6096926394997411,0.07745064258780045,0.6011263743898034,0.20408163265306123,0.6020408163265306,0.6020408163265306,"{0: 0.6361994139522733, 1: 0.6361994139522734}","{0: 0.6361994139522733, 1: 0.6361994139522734}",0.6361994139522734,"[[414 223]
 [284 353]]",[0. 0. 1. ... 0. 1. 0.],[0. 1. 1. ... 1. 0. 0.]
670,logistic_regression,"{'penalty': 'l2', 'solver': 'saga'}",0.5991933973358085,0.08297393232344581,0.2193852789994822,0.15490128517560092,0.6096926394997411,0.07745064258780045,0.6011263743898034,0.20408163265306123,0.6020408163265306,0.6020408163265306,"{0: 0.6361920205831396, 1: 0.6361920205831397}","{0: 0.6361920205831396, 1: 0.6361920205831397}",0.6361920205831397,"[[414 223]
 [284 353]]",[0. 0. 1. ... 0. 1. 0.],[0. 1. 1. ... 1. 0. 0.]
52,logistic_regression,"{'penalty': 'l2', 'solver': 'saga'}",0.5991933973358085,0.08297393232344581,0.2193852789994822,0.15490128517560092,0.6096926394997411,0.07745064258780045,0.6011263743898034,0.20408163265306123,0.6020408163265306,0.6020408163265306,"{0: 0.6361969494958954, 1: 0.6361969494958954}","{0: 0.6361969494958954, 1: 0.6361969494958954}",0.6361969494958954,"[[414 223]
 [284 353]]",[0. 0. 1. ... 0. 1. 0.],[0. 1. 1. ... 1. 0. 0.]
38,logistic_regression,"{'penalty': 'l2', 'solver': 'saga'}",0.5991933973358085,0.08297393232344581,0.2193852789994822,0.15490128517560092,0.6096926394997411,0.07745064258780045,0.6011263743898034,0.20408163265306123,0.6020408163265306,0.6020408163265306,"{0: 0.636184627214006, 1: 0.6361846272140059}","{0: 0.636184627214006, 1: 0.6361846272140059}",0.6361846272140059,"[[414 223]
 [284 353]]",[0. 0. 1. ... 0. 1. 0.],[0. 1. 1. ... 1. 0. 0.]
979,logistic_regression,"{'penalty': 'l2', 'solver': 'saga'}",0.5991933973358085,0.08297393232344581,0.2193852789994822,0.15490128517560092,0.6096926394997411,0.07745064258780045,0.6011263743898034,0.20408163265306123,0.6020408163265306,0.6020408163265306,"{0: 0.6361994139522733, 1: 0.6361994139522733}","{0: 0.6361994139522733, 1: 0.6361994139522733}",0.6361994139522733,"[[414 223]
 [284 353]]",[0. 0. 1. ... 0. 1. 0.],[0. 1. 1. ... 1. 0. 0.]
692,logistic_regression,"{'penalty': 'l2', 'solver': 'saga'}",0.5991933973358085,0.08297393232344581,0.2193852789994822,0.15490128517560092,0.6096926394997411,0.07745064258780045,0.6011263743898034,0.20408163265306123,0.6020408163265306,0.6020408163265306,"{0: 0.6361870916703839, 1: 0.6361870916703838}","{0: 0.6361870916703839, 1: 0.6361870916703838}",0.6361870916703838,"[[414 223]
 [284 353]]",[0. 0. 1. ... 0. 1. 0.],[0. 1. 1. ... 1. 0. 0.]
980,logistic_regression,"{'penalty': 'l2', 'solver': 'saga'}",0.5991933973358085,0.08297393232344581,0.2193852789994822,0.15490128517560092,0.6096926394997411,0.07745064258780045,0.6011263743898034,0.20408163265306123,0.6020408163265306,0.6020408163265306,"{0: 0.6361969494958956, 1: 0.6361969494958954}","{0: 0.6361969494958956, 1: 0.6361969494958954}",0.6361969494958954,"[[414 223]
 [284 353]]",[0. 0. 1. ... 0. 1. 0.],[0. 1. 1. ... 1. 0. 0.]
696,logistic_regression,"{'penalty': 'l2', 'solver': 'saga'}",0.5991933973358085,0.08297393232344581,0.2193852789994822,0.15490128517560092,0.6096926394997411,0.07745064258780045,0.6011263743898034,0.20408163265306123,0.6020408163265306,0.6020408163265306,"{0: 0.636204342865029, 1: 0.6362043428650291}","{0: 0.636204342865029, 1: 0.6362043428650291}",0.6362043428650291,"[[414 223]
 [284 353]]",[0. 0. 1. ... 0. 1. 0.],[0. 1. 1. ... 1. 0. 0.]
30,logistic_regression,"{'penalty': 'l2', 'solver': 'saga'}",0.5991933973358085,0.08297393232344581,0.2193852789994822,0.15490128517560092,0.6096926394997411,0.07745064258780045,0.6011263743898034,0.20408163265306123,0.6020408163265306,0.6020408163265306,"{0: 0.6361698404757387, 1: 0.6361698404757387}","{0: 0.6361698404757387, 1: 0.6361698404757387}",0.6361698404757387,"[[414 223]
 [284 353]]",[0. 0. 1. ... 0. 1. 0.],[0. 1. 1. ... 1. 0. 0.]
28,logistic_regression,"{'penalty': 'l2', 'solver': 'saga'}",0.5991933973358085,0.08297393232344581,0.2193852789994822,0.15490128517560092,0.6096926394997411,0.07745064258780045,0.6011263743898034,0.20408163265306123,0.6020408163265306,0.6020408163265306,"{0: 0.6361994139522733, 1: 0.6361994139522733}","{0: 0.6361994139522733, 1: 0.6361994139522733}",0.6361994139522733,"[[414 223]
 [284 353]]",[0. 0. 1. ... 0. 1. 0.],[0. 1. 1. ... 1. 0. 0.]
26,logistic_regression,"{'penalty': 'l2', 'solver': 'saga'}",0.5991933973358085,0.08297393232344581,0.2193852789994822,0.15490128517560092,0.6096926394997411,0.07745064258780045,0.6011263743898034,0.20408163265306123,0.6020408163265306,0.6020408163265306,"{0: 0.636184627214006, 1: 0.6361846272140061}","{0: 0.636184627214006, 1: 0.6361846272140061}",0.6361846272140061,"[[414 223]
 [284 353]]",[0. 0. 1. ... 0. 1. 0.],[0. 1. 1. ... 1. 0. 0.]
984,logistic_regression,"{'penalty': 'l2', 'solver': 'saga'}",0.5991933973358085,0.08297393232344581,0.2193852789994822,0.15490128517560092,0.6096926394997411,0.07745064258780045,0.6011263743898034,0.20408163265306123,0.6020408163265306,0.6020408163265306,"{0: 0.6361772338448723, 1: 0.6361772338448723}","{0: 0.6361772338448723, 1: 0.6361772338448723}",0.6361772338448723,"[[414 223]
 [284 353]]",[0. 0. 1. ... 0. 1. 0.],[0. 1. 1. ... 1. 0. 0.]
23,logistic_regression,"{'penalty': 'l2', 'solver': 'saga'}",0.5991933973358085,0.08297393232344581,0.2193852789994822,0.15490128517560092,0.6096926394997411,0.07745064258780045,0.6011263743898034,0.20408163265306123,0.6020408163265306,0.6020408163265306,"{0: 0.6361525892810935, 1: 0.6361525892810935}","{0: 0.6361525892810935, 1: 0.6361525892810935}",0.6361525892810935,"[[414 223]
 [284 353]]",[0. 0. 1. ... 0. 1. 0.],[0. 1. 1. ... 1. 0. 0.]
697,logistic_regression,"{'penalty': 'l2', 'solver': 'saga'}",0.5991933973358085,0.08297393232344581,0.2193852789994822,0.15490128517560092,0.6096926394997411,0.07745064258780045,0.6011263743898034,0.20408163265306123,0.6020408163265306,0.6020408163265306,"{0: 0.6362191296032965, 1: 0.6362191296032964}","{0: 0.6362191296032965, 1: 0.6362191296032964}",0.6362191296032964,"[[414 223]
 [284 353]]",[0. 0. 1. ... 0. 1. 0.],[0. 1. 1. ... 1. 0. 0.]
987,logistic_regression,"{'penalty': 'l2', 'solver': 'saga'}",0.5991933973358085,0.08297393232344581,0.2193852789994822,0.15490128517560092,0.6096926394997411,0.07745064258780045,0.6011263743898034,0.20408163265306123,0.6020408163265306,0.6020408163265306,"{0: 0.6362117362341627, 1: 0.6362117362341628}","{0: 0.6362117362341627, 1: 0.6362117362341628}",0.6362117362341628,"[[414 223]
 [284 353]]",[0. 0. 1. ... 0. 1. 0.],[0. 1. 1. ... 1. 0. 0.]
713,logistic_regression,"{'penalty': 'l2', 'solver': 'saga'}",0.5991933973358085,0.08297393232344581,0.2193852789994822,0.15490128517560092,0.6096926394997411,0.07745064258780045,0.6011263743898034,0.20408163265306123,0.6020408163265306,0.6020408163265306,"{0: 0.6362018784086513, 1: 0.6362018784086512}","{0: 0.6362018784086513, 1: 0.6362018784086512}",0.6362018784086512,"[[414 223]
 [284 353]]",[0. 0. 1. ... 0. 1. 0.],[0. 1. 1. ... 1. 0. 0.]
702,logistic_regression,"{'penalty': 'l2', 'solver': 'saga'}",0.5991933973358085,0.08297393232344581,0.2193852789994822,0.15490128517560092,0.6096926394997411,0.07745064258780045,0.6011263743898034,0.20408163265306123,0.6020408163265306,0.6020408163265306,"{0: 0.6361895561267618, 1: 0.6361895561267618}","{0: 0.6361895561267618, 1: 0.6361895561267618}",0.6361895561267618,"[[414 223]
 [284 353]]",[0. 0. 1. ... 0. 1. 0.],[0. 1. 1. ... 1. 0. 0.]
996,logistic_regression,"{'penalty': 'l2', 'solver': 'saga'}",0.5991933973358085,0.08297393232344581,0.2193852789994822,0.15490128517560092,0.6096926394997411,0.07745064258780045,0.6011263743898034,0.20408163265306123,0.6020408163265306,0.6020408163265306,"{0: 0.6361895561267618, 1: 0.6361895561267619}","{0: 0.6361895561267618, 1: 0.6361895561267619}",0.6361895561267619,"[[414 223]
 [284 353]]",[0. 0. 1. ... 0. 1. 0.],[0. 1. 1. ... 1. 0. 0.]
968,logistic_regression,"{'penalty': 'l2', 'solver': 'saga'}",0.5991933973358085,0.08297393232344581,0.2193852789994822,0.15490128517560092,0.6096926394997411,0.07745064258780045,0.6011263743898034,0.20408163265306123,0.6020408163265306,0.6020408163265306,"{0: 0.6362117362341628, 1: 0.6362117362341628}","{0: 0.6362117362341628, 1: 0.6362117362341628}",0.6362117362341628,"[[414 223]
 [284 353]]",[0. 0. 1. ... 0. 1. 0.],[0. 1. 1. ... 1. 0. 0.]
59,logistic_regression,"{'penalty': 'l2', 'solver': 'saga'}",0.5991933973358085,0.08297393232344581,0.2193852789994822,0.15490128517560092,0.6096926394997411,0.07745064258780045,0.6011263743898034,0.20408163265306123,0.6020408163265306,0.6020408163265306,"{0: 0.6361994139522733, 1: 0.6361994139522733}","{0: 0.6361994139522733, 1: 0.6361994139522733}",0.6361994139522733,"[[414 223]
 [284 353]]",[0. 0. 1. ... 0. 1. 0.],[0. 1. 1. ... 1. 0. 0.]
725,logistic_regression,"{'penalty': 'l2', 'solver': 'saga'}",0.5991933973358085,0.08297393232344581,0.2193852789994822,0.15490128517560092,0.6096926394997411,0.07745064258780045,0.6011263743898034,0.20408163265306123,0.6020408163265306,0.6020408163265306,"{0: 0.6361920205831397, 1: 0.6361920205831397}","{0: 0.6361920205831397, 1: 0.6361920205831397}",0.6361920205831397,"[[414 223]
 [284 353]]",[0. 0. 1. ... 0. 1. 0.],[0. 1. 1. ... 1. 0. 0.]
958,logistic_regression,"{'penalty': 'l2', 'solver': 'saga'}",0.5991933973358085,0.08297393232344581,0.2193852789994822,0.15490128517560092,0.6096926394997411,0.07745064258780045,0.6011263743898034,0.20408163265306123,0.6020408163265306,0.6020408163265306,"{0: 0.6362191296032964, 1: 0.6362191296032964}","{0: 0.6362191296032964, 1: 0.6362191296032964}",0.6362191296032964,"[[414 223]
 [284 353]]",[0. 0. 1. ... 0. 1. 0.],[0. 1. 1. ... 1. 0. 0.]
672,logistic_regression,"{'penalty': 'l2', 'solver': 'saga'}",0.5991933973358085,0.08297393232344581,0.2193852789994822,0.15490128517560092,0.6096926394997411,0.07745064258780045,0.6011263743898034,0.20408163265306123,0.6020408163265306,0.6020408163265306,"{0: 0.6361747693884945, 1: 0.6361747693884944}","{0: 0.6361747693884945, 1: 0.6361747693884944}",0.6361747693884944,"[[414 223]
 [284 353]]",[0. 0. 1. ... 0. 1. 0.],[0. 1. 1. ... 1. 0. 0.]
91,logistic_regression,"{'penalty': 'l2', 'solver': 'saga'}",0.5991933973358085,0.08297393232344581,0.2193852789994822,0.15490128517560092,0.6096926394997411,0.07745064258780045,0.6011263743898034,0.20408163265306123,0.6020408163265306,0.6020408163265306,"{0: 0.6361944850395176, 1: 0.6361944850395176}","{0: 0.6361944850395176, 1: 0.6361944850395176}",0.6361944850395176,"[[414 223]
 [284 353]]",[0. 0. 1. ... 0. 1. 0.],[0. 1. 1. ... 1. 0. 0.]
675,logistic_regression,"{'penalty': 'l2', 'solver': 'saga'}",0.5991933973358085,0.08297393232344581,0.2193852789994822,0.15490128517560092,0.6096926394997411,0.07745064258780045,0.6011263743898034,0.20408163265306123,0.6020408163265306,0.6020408163265306,"{0: 0.6361994139522734, 1: 0.6361994139522734}","{0: 0.6361994139522734, 1: 0.6361994139522734}",0.6361994139522734,"[[414 223]
 [284 353]]",[0. 0. 1. ... 0. 1. 0.],[0. 1. 1. ... 1. 0. 0.]
947,logistic_regression,"{'penalty': 'l2', 'solver': 'saga'}",0.5991933973358085,0.08297393232344581,0.2193852789994822,0.15490128517560092,0.6096926394997411,0.07745064258780045,0.6011263743898034,0.20408163265306123,0.6020408163265306,0.6020408163265306,"{0: 0.6361747693884945, 1: 0.6361747693884944}","{0: 0.6361747693884945, 1: 0.6361747693884944}",0.6361747693884944,"[[414 223]
 [284 353]]",[0. 0. 1. ... 0. 1. 0.],[0. 1. 1. ... 1. 0. 0.]
86,logistic_regression,"{'penalty': 'l2', 'solver': 'saga'}",0.5991933973358085,0.08297393232344581,0.2193852789994822,0.15490128517560092,0.6096926394997411,0.07745064258780045,0.6011263743898034,0.20408163265306123,0.6020408163265306,0.6020408163265306,"{0: 0.6361920205831397, 1: 0.6361920205831397}","{0: 0.6361920205831397, 1: 0.6361920205831397}",0.6361920205831397,"[[414 223]
 [284 353]]",[0. 0. 1. ... 0. 1. 0.],[0. 1. 1. ... 1. 0. 0.]
722,logistic_regression,"{'penalty': 'l2', 'solver': 'saga'}",0.5991933973358085,0.08297393232344581,0.2193852789994822,0.15490128517560092,0.6096926394997411,0.07745064258780045,0.6011263743898034,0.20408163265306123,0.6020408163265306,0.6020408163265306,"{0: 0.636184627214006, 1: 0.636184627214006}","{0: 0.636184627214006, 1: 0.636184627214006}",0.636184627214006,"[[414 223]
 [284 353]]",[0. 0. 1. ... 0. 1. 0.],[0. 1. 1. ... 1. 0. 0.]
950,logistic_regression,"{'penalty': 'l2', 'solver': 'saga'}",0.5991933973358085,0.08297393232344581,0.2193852789994822,0.15490128517560092,0.6096926394997411,0.07745064258780045,0.6011263743898034,0.20408163265306123,0.6020408163265306,0.6020408163265306,"{0: 0.6361920205831396, 1: 0.6361920205831397}","{0: 0.6361920205831396, 1: 0.6361920205831397}",0.6361920205831397,"[[414 223]
 [284 353]]",[0. 0. 1. ... 0. 1. 0.],[0. 1. 1. ... 1. 0. 0.]
80,logistic_regression,"{'penalty': 'l2', 'solver': 'saga'}",0.5991933973358085,0.08297393232344581,0.2193852789994822,0.15490128517560092,0.6096926394997411,0.07745064258780045,0.6011263743898034,0.20408163265306123,0.6020408163265306,0.6020408163265306,"{0: 0.6361944850395175, 1: 0.6361944850395176}","{0: 0.6361944850395175, 1: 0.6361944850395176}",0.6361944850395176,"[[414 223]
 [284 353]]",[0. 0. 1. ... 0. 1. 0.],[0. 1. 1. ... 1. 0. 0.]
953,logistic_regression,"{'penalty': 'l2', 'solver': 'saga'}",0.5991933973358085,0.08297393232344581,0.2193852789994822,0.15490128517560092,0.6096926394997411,0.07745064258780045,0.6011263743898034,0.20408163265306123,0.6020408163265306,0.6020408163265306,"{0: 0.6361994139522733, 1: 0.6361994139522733}","{0: 0.6361994139522733, 1: 0.6361994139522733}",0.6361994139522733,"[[414 223]
 [284 353]]",[0. 0. 1. ... 0. 1. 0.],[0. 1. 1. ... 1. 0. 0.]
72,logistic_regression,"{'penalty': 'l2', 'solver': 'saga'}",0.5991933973358085,0.08297393232344581,0.2193852789994822,0.15490128517560092,0.6096926394997411,0.07745064258780045,0.6011263743898034,0.20408163265306123,0.6020408163265306,0.6020408163265306,"{0: 0.6361747693884944, 1: 0.6361747693884945}","{0: 0.6361747693884944, 1: 0.6361747693884945}",0.6361747693884945,"[[414 223]
 [284 353]]",[0. 0. 1. ... 0. 1. 0.],[0. 1. 1. ... 1. 0. 0.]
69,logistic_regression,"{'penalty': 'l2', 'solver': 'saga'}",0.5991933973358085,0.08297393232344581,0.2193852789994822,0.15490128517560092,0.6096926394997411,0.07745064258780045,0.6011263743898034,0.20408163265306123,0.6020408163265306,0.6020408163265306,"{0: 0.6361994139522733, 1: 0.6361994139522734}","{0: 0.6361994139522733, 1: 0.6361994139522734}",0.6361994139522734,"[[414 223]
 [284 353]]",[0. 0. 1. ... 0. 1. 0.],[0. 1. 1. ... 1. 0. 0.]
68,logistic_regression,"{'penalty': 'l2', 'solver': 'saga'}",0.5991933973358085,0.08297393232344581,0.2193852789994822,0.15490128517560092,0.6096926394997411,0.07745064258780045,0.6011263743898034,0.20408163265306123,0.6020408163265306,0.6020408163265306,"{0: 0.6361920205831397, 1: 0.6361920205831397}","{0: 0.6361920205831397, 1: 0.6361920205831397}",0.6361920205831397,"[[414 223]
 [284 353]]",[0. 0. 1. ... 0. 1. 0.],[0. 1. 1. ... 1. 0. 0.]
67,logistic_regression,"{'penalty': 'l2', 'solver': 'saga'}",0.5991933973358085,0.08297393232344581,0.2193852789994822,0.15490128517560092,0.6096926394997411,0.07745064258780045,0.6011263743898034,0.20408163265306123,0.6020408163265306,0.6020408163265306,"{0: 0.6361920205831397, 1: 0.6361920205831397}","{0: 0.6361920205831397, 1: 0.6361920205831397}",0.6361920205831397,"[[414 223]
 [284 353]]",[0. 0. 1. ... 0. 1. 0.],[0. 1. 1. ... 1. 0. 0.]
66,logistic_regression,"{'penalty': 'l2', 'solver': 'saga'}",0.5991933973358085,0.08297393232344581,0.2193852789994822,0.15490128517560092,0.6096926394997411,0.07745064258780045,0.6011263743898034,0.20408163265306123,0.6020408163265306,0.6020408163265306,"{0: 0.636187091670384, 1: 0.6361870916703839}","{0: 0.636187091670384, 1: 0.6361870916703839}",0.6361870916703839,"[[414 223]
 [284 353]]",[0. 0. 1. ... 0. 1. 0.],[0. 1. 1. ... 1. 0. 0.]
65,logistic_regression,"{'penalty': 'l2', 'solver': 'saga'}",0.5991933973358085,0.08297393232344581,0.2193852789994822,0.15490128517560092,0.6096926394997411,0.07745064258780045,0.6011263743898034,0.20408163265306123,0.6020408163265306,0.6020408163265306,"{0: 0.6362142006905407, 1: 0.6362142006905407}","{0: 0.6362142006905407, 1: 0.6362142006905407}",0.6362142006905407,"[[414 223]
 [284 353]]",[0. 0. 1. ... 0. 1. 0.],[0. 1. 1. ... 1. 0. 0.]
195,logistic_regression,"{'penalty': 'l2', 'solver': 'saga'}",0.5991933973358085,0.08297393232344581,0.2193852789994822,0.15490128517560092,0.6096926394997411,0.07745064258780045,0.6011263743898034,0.20408163265306123,0.6020408163265306,0.6020408163265306,"{0: 0.6362018784086512, 1: 0.6362018784086513}","{0: 0.6362018784086512, 1: 0.6362018784086513}",0.6362018784086513,"[[414 223]
 [284 353]]",[0. 0. 1. ... 0. 1. 0.],[0. 1. 1. ... 1. 0. 0.]
922,logistic_regression,"{'penalty': 'l2', 'solver': 'saga'}",0.5991933973358085,0.08297393232344581,0.2193852789994822,0.15490128517560092,0.6096926394997411,0.07745064258780045,0.6011263743898034,0.20408163265306123,0.6020408163265306,0.6020408163265306,"{0: 0.6361895561267619, 1: 0.6361895561267619}","{0: 0.6361895561267619, 1: 0.6361895561267619}",0.6361895561267619,"[[414 223]
 [284 353]]",[0. 0. 1. ... 0. 1. 0.],[0. 1. 1. ... 1. 0. 0.]
609,logistic_regression,"{'penalty': 'l2', 'solver': 'saga'}",0.5991933973358085,0.08297393232344581,0.2193852789994822,0.15490128517560092,0.6096926394997411,0.07745064258780045,0.6011263743898034,0.20408163265306123,0.6020408163265306,0.6020408163265306,"{0: 0.6361821627576281, 1: 0.6361821627576282}","{0: 0.6361821627576281, 1: 0.6361821627576282}",0.6361821627576282,"[[414 223]
 [284 353]]",[0. 0. 1. ... 0. 1. 0.],[0. 1. 1. ... 1. 0. 0.]
265,logistic_regression,"{'penalty': 'l2', 'solver': 'saga'}",0.5991933973358085,0.08297393232344581,0.2193852789994822,0.15490128517560092,0.6096926394997411,0.07745064258780045,0.6011263743898034,0.20408163265306123,0.6020408163265306,0.6020408163265306,"{0: 0.6361772338448722, 1: 0.6361772338448723}","{0: 0.6361772338448722, 1: 0.6361772338448723}",0.6361772338448723,"[[414 223]
 [284 353]]",[0. 0. 1. ... 0. 1. 0.],[0. 1. 1. ... 1. 0. 0.]
628,logistic_regression,"{'penalty': 'l2', 'solver': 'saga'}",0.5991933973358085,0.08297393232344581,0.2193852789994822,0.15490128517560092,0.6096926394997411,0.07745064258780045,0.6011263743898034,0.20408163265306123,0.6020408163265306,0.6020408163265306,"{0: 0.6362215940596743, 1: 0.6362215940596744}","{0: 0.6362215940596743, 1: 0.6362215940596744}",0.6362215940596744,"[[414 223]
 [284 353]]",[0. 0. 1. ... 0. 1. 0.],[0. 1. 1. ... 1. 0. 0.]
252,logistic_regression,"{'penalty': 'l2', 'solver': 'saga'}",0.5991933973358085,0.08297393232344581,0.2193852789994822,0.15490128517560092,0.6096926394997411,0.07745064258780045,0.6011263743898034,0.20408163265306123,0.6020408163265306,0.6020408163265306,"{0: 0.6361920205831397, 1: 0.6361920205831396}","{0: 0.6361920205831397, 1: 0.6361920205831396}",0.6361920205831396,"[[414 223]
 [284 353]]",[0. 0. 1. ... 0. 1. 0.],[0. 1. 1. ... 1. 0. 0.]
245,logistic_regression,"{'penalty': 'l2', 'solver': 'saga'}",0.5991933973358085,0.08297393232344581,0.2193852789994822,0.15490128517560092,0.6096926394997411,0.07745064258780045,0.6011263743898034,0.20408163265306123,0.6020408163265306,0.6020408163265306,"{0: 0.6362018784086512, 1: 0.6362018784086513}","{0: 0.6362018784086512, 1: 0.6362018784086513}",0.6362018784086513,"[[414 223]
 [284 353]]",[0. 0. 1. ... 0. 1. 0.],[0. 1. 1. ... 1. 0. 0.]
888,logistic_regression,"{'penalty': 'l2', 'solver': 'saga'}",0.5991933973358085,0.08297393232344581,0.2193852789994822,0.15490128517560092,0.6096926394997411,0.07745064258780045,0.6011263743898034,0.20408163265306123,0.6020408163265306,0.6020408163265306,"{0: 0.6361846272140059, 1: 0.636184627214006}","{0: 0.6361846272140059, 1: 0.636184627214006}",0.636184627214006,"[[414 223]
 [284 353]]",[0. 0. 1. ... 0. 1. 0.],[0. 1. 1. ... 1. 0. 0.]
885,logistic_regression,"{'penalty': 'l2', 'solver': 'saga'}",0.5991933973358085,0.08297393232344581,0.2193852789994822,0.15490128517560092,0.6096926394997411,0.07745064258780045,0.6011263743898034,0.20408163265306123,0.6020408163265306,0.6020408163265306,"{0: 0.6362043428650291, 1: 0.636204342865029}","{0: 0.6362043428650291, 1: 0.636204342865029}",0.636204342865029,"[[414 223]
 [284 353]]",[0. 0. 1. ... 0. 1. 0.],[0. 1. 1. ... 1. 0. 0.]
221,logistic_regression,"{'penalty': 'l2', 'solver': 'saga'}",0.5991933973358085,0.08297393232344581,0.2193852789994822,0.15490128517560092,0.6096926394997411,0.07745064258780045,0.6011263743898034,0.20408163265306123,0.6020408163265306,0.6020408163265306,"{0: 0.6362339163415638, 1: 0.6362339163415639}","{0: 0.6362339163415638, 1: 0.6362339163415639}",0.6362339163415639,"[[414 223]
 [284 353]]",[0. 0. 1. ... 0. 1. 0.],[0. 1. 1. ... 1. 0. 0.]
272,logistic_regression,"{'penalty': 'l2', 'solver': 'saga'}",0.5991933973358085,0.08297393232344581,0.2193852789994822,0.15490128517560092,0.6096926394997411,0.07745064258780045,0.6011263743898034,0.20408163265306123,0.6020408163265306,0.6020408163265306,"{0: 0.6362018784086513, 1: 0.6362018784086513}","{0: 0.6362018784086513, 1: 0.6362018784086513}",0.6362018784086513,"[[414 223]
 [284 353]]",[0. 0. 1. ... 0. 1. 0.],[0. 1. 1. ... 1. 0. 0.]
258,logistic_regression,"{'penalty': 'l2', 'solver': 'saga'}",0.5991933973358085,0.08297393232344581,0.2193852789994822,0.15490128517560092,0.6096926394997411,0.07745064258780045,0.6011263743898034,0.20408163265306123,0.6020408163265306,0.6020408163265306,"{0: 0.636187091670384, 1: 0.6361870916703839}","{0: 0.636187091670384, 1: 0.6361870916703839}",0.6361870916703839,"[[414 223]
 [284 353]]",[0. 0. 1. ... 0. 1. 0.],[0. 1. 1. ... 1. 0. 0.]
211,logistic_regression,"{'penalty': 'l2', 'solver': 'saga'}",0.5991933973358085,0.08297393232344581,0.2193852789994822,0.15490128517560092,0.6096926394997411,0.07745064258780045,0.6011263743898034,0.20408163265306123,0.6020408163265306,0.6020408163265306,"{0: 0.6362018784086512, 1: 0.6362018784086512}","{0: 0.6362018784086512, 1: 0.6362018784086512}",0.6362018784086512,"[[414 223]
 [284 353]]",[0. 0. 1. ... 0. 1. 0.],[0. 1. 1. ... 1. 0. 0.]
259,logistic_regression,"{'penalty': 'l2', 'solver': 'saga'}",0.5991933973358085,0.08297393232344581,0.2193852789994822,0.15490128517560092,0.6096926394997411,0.07745064258780045,0.6011263743898034,0.20408163265306123,0.6020408163265306,0.6020408163265306,"{0: 0.6361649115629829, 1: 0.6361649115629828}","{0: 0.6361649115629829, 1: 0.6361649115629828}",0.6361649115629828,"[[414 223]
 [284 353]]",[0. 0. 1. ... 0. 1. 0.],[0. 1. 1. ... 1. 0. 0.]
260,logistic_regression,"{'penalty': 'l2', 'solver': 'saga'}",0.5991933973358085,0.08297393232344581,0.2193852789994822,0.15490128517560092,0.6096926394997411,0.07745064258780045,0.6011263743898034,0.20408163265306123,0.6020408163265306,0.6020408163265306,"{0: 0.6361944850395176, 1: 0.6361944850395176}","{0: 0.6361944850395176, 1: 0.6361944850395176}",0.6361944850395176,"[[414 223]
 [284 353]]",[0. 0. 1. ... 0. 1. 0.],[0. 1. 1. ... 1. 0. 0.]
741,logistic_regression,"{'penalty': 'l2', 'solver': 'saga'}",0.5991933973358085,0.08297393232344581,0.2193852789994822,0.15490128517560092,0.6096926394997411,0.07745064258780045,0.6011263743898034,0.20408163265306123,0.6020408163265306,0.6020408163265306,"{0: 0.6361944850395176, 1: 0.6361944850395176}","{0: 0.6361944850395176, 1: 0.6361944850395176}",0.6361944850395176,"[[414 223]
 [284 353]]",[0. 0. 1. ... 0. 1. 0.],[0. 1. 1. ... 1. 0. 0.]
746,logistic_regression,"{'penalty': 'l2', 'solver': 'saga'}",0.5991933973358085,0.08297393232344581,0.2193852789994822,0.15490128517560092,0.6096926394997411,0.07745064258780045,0.6011263743898034,0.20408163265306123,0.6020408163265306,0.6020408163265306,"{0: 0.6361821627576281, 1: 0.6361821627576281}","{0: 0.6361821627576281, 1: 0.6361821627576281}",0.6361821627576281,"[[414 223]
 [284 353]]",[0. 0. 1. ... 0. 1. 0.],[0. 1. 1. ... 1. 0. 0.]
875,logistic_regression,"{'penalty': 'l2', 'solver': 'saga'}",0.5991933973358085,0.08297393232344581,0.2193852789994822,0.15490128517560092,0.6096926394997411,0.07745064258780045,0.6011263743898034,0.20408163265306123,0.6020408163265306,0.6020408163265306,"{0: 0.6361994139522734, 1: 0.6361994139522733}","{0: 0.6361994139522734, 1: 0.6361994139522733}",0.6361994139522733,"[[414 223]
 [284 353]]",[0. 0. 1. ... 0. 1. 0.],[0. 1. 1. ... 1. 0. 0.]
893,logistic_regression,"{'penalty': 'l2', 'solver': 'saga'}",0.5991933973358085,0.08297393232344581,0.2193852789994822,0.15490128517560092,0.6096926394997411,0.07745064258780045,0.6011263743898034,0.20408163265306123,0.6020408163265306,0.6020408163265306,"{0: 0.6362117362341627, 1: 0.6362117362341628}","{0: 0.6362117362341627, 1: 0.6362117362341628}",0.6362117362341628,"[[414 223]
 [284 353]]",[0. 0. 1. ... 0. 1. 0.],[0. 1. 1. ... 1. 0. 0.]
280,logistic_regression,"{'penalty': 'l2', 'solver': 'saga'}",0.5991933973358085,0.08297393232344581,0.2193852789994822,0.15490128517560092,0.6096926394997411,0.07745064258780045,0.6011263743898034,0.20408163265306123,0.6020408163265306,0.6020408163265306,"{0: 0.636206807321407, 1: 0.6362068073214071}","{0: 0.636206807321407, 1: 0.6362068073214071}",0.6362068073214071,"[[414 223]
 [284 353]]",[0. 0. 1. ... 0. 1. 0.],[0. 1. 1. ... 1. 0. 0.]
625,logistic_regression,"{'penalty': 'l2', 'solver': 'saga'}",0.5991933973358085,0.08297393232344581,0.2193852789994822,0.15490128517560092,0.6096926394997411,0.07745064258780045,0.6011263743898034,0.20408163265306123,0.6020408163265306,0.6020408163265306,"{0: 0.6361944850395176, 1: 0.6361944850395176}","{0: 0.6361944850395176, 1: 0.6361944850395176}",0.6361944850395176,"[[414 223]
 [284 353]]",[0. 0. 1. ... 0. 1. 0.],[0. 1. 1. ... 1. 0. 0.]
268,logistic_regression,"{'penalty': 'l2', 'solver': 'saga'}",0.5991933973358085,0.08297393232344581,0.2193852789994822,0.15490128517560092,0.6096926394997411,0.07745064258780045,0.6011263743898034,0.20408163265306123,0.6020408163265306,0.6020408163265306,"{0: 0.6361747693884944, 1: 0.6361747693884945}","{0: 0.6361747693884944, 1: 0.6361747693884945}",0.6361747693884945,"[[414 223]
 [284 353]]",[0. 0. 1. ... 0. 1. 0.],[0. 1. 1. ... 1. 0. 0.]
634,logistic_regression,"{'penalty': 'l2', 'solver': 'saga'}",0.5991933973358085,0.08297393232344581,0.2193852789994822,0.15490128517560092,0.6096926394997411,0.07745064258780045,0.6011263743898034,0.20408163265306123,0.6020408163265306,0.6020408163265306,"{0: 0.6361796983012502, 1: 0.6361796983012502}","{0: 0.6361796983012502, 1: 0.6361796983012502}",0.6361796983012502,"[[414 223]
 [284 353]]",[0. 0. 1. ... 0. 1. 0.],[0. 1. 1. ... 1. 0. 0.]
749,logistic_regression,"{'penalty': 'l2', 'solver': 'saga'}",0.5991933973358085,0.08297393232344581,0.2193852789994822,0.15490128517560092,0.6096926394997411,0.07745064258780045,0.6011263743898034,0.20408163265306123,0.6020408163265306,0.6020408163265306,"{0: 0.6361698404757388, 1: 0.6361698404757387}","{0: 0.6361698404757388, 1: 0.6361698404757387}",0.6361698404757387,"[[414 223]
 [284 353]]",[0. 0. 1. ... 0. 1. 0.],[0. 1. 1. ... 1. 0. 0.]
204,logistic_regression,"{'penalty': 'l2', 'solver': 'saga'}",0.5991933973358085,0.08297393232344581,0.2193852789994822,0.15490128517560092,0.6096926394997411,0.07745064258780045,0.6011263743898034,0.20408163265306123,0.6020408163265306,0.6020408163265306,"{0: 0.6361673760193608, 1: 0.6361673760193608}","{0: 0.6361673760193608, 1: 0.6361673760193608}",0.6361673760193608,"[[414 223]
 [284 353]]",[0. 0. 1. ... 0. 1. 0.],[0. 1. 1. ... 1. 0. 0.]
865,logistic_regression,"{'penalty': 'l2', 'solver': 'saga'}",0.5991933973358085,0.08297393232344581,0.2193852789994822,0.15490128517560092,0.6096926394997411,0.07745064258780045,0.6011263743898034,0.20408163265306123,0.6020408163265306,0.6020408163265306,"{0: 0.636187091670384, 1: 0.6361870916703839}","{0: 0.636187091670384, 1: 0.6361870916703839}",0.6361870916703839,"[[414 223]
 [284 353]]",[0. 0. 1. ... 0. 1. 0.],[0. 1. 1. ... 1. 0. 0.]
285,logistic_regression,"{'penalty': 'l2', 'solver': 'saga'}",0.5991933973358085,0.08297393232344581,0.2193852789994822,0.15490128517560092,0.6096926394997411,0.07745064258780045,0.6011263743898034,0.20408163265306123,0.6020408163265306,0.6020408163265306,"{0: 0.6361846272140059, 1: 0.636184627214006}","{0: 0.6361846272140059, 1: 0.636184627214006}",0.636184627214006,"[[414 223]
 [284 353]]",[0. 0. 1. ... 0. 1. 0.],[0. 1. 1. ... 1. 0. 0.]
545,logistic_regression,"{'penalty': 'l2', 'solver': 'saga'}",0.5991933973358085,0.08297393232344581,0.2193852789994822,0.15490128517560092,0.6096926394997411,0.07745064258780045,0.6011263743898034,0.20408163265306123,0.6020408163265306,0.6020408163265306,"{0: 0.6362240585160522, 1: 0.6362240585160522}","{0: 0.6362240585160522, 1: 0.6362240585160522}",0.6362240585160522,"[[414 223]
 [284 353]]",[0. 0. 1. ... 0. 1. 0.],[0. 1. 1. ... 1. 0. 0.]
683,logistic_regression,"{'penalty': 'l2', 'solver': 'saga'}",0.599174568333824,0.08436322562211973,0.2189852789994822,0.1575746057340853,0.6094926394997411,0.07878730286704264,0.601185481555574,0.20408163265306123,0.6020408163265306,0.6020408163265306,"{0: 0.6361599826502271, 1: 0.6361599826502271}","{0: 0.6361599826502271, 1: 0.6361599826502271}",0.6361599826502271,"[[413 224]
 [283 354]]",[0. 0. 1. ... 0. 1. 0.],[0. 1. 1. ... 1. 0. 0.]
990,logistic_regression,"{'penalty': 'l2', 'solver': 'saga'}",0.599174568333824,0.08436322562211973,0.2189852789994822,0.1575746057340853,0.6094926394997411,0.07878730286704264,0.601185481555574,0.20408163265306123,0.6020408163265306,0.6020408163265306,"{0: 0.636184627214006, 1: 0.636184627214006}","{0: 0.636184627214006, 1: 0.636184627214006}",0.636184627214006,"[[413 224]
 [283 354]]",[0. 0. 1. ... 0. 1. 0.],[0. 1. 1. ... 1. 0. 0.]
262,logistic_regression,"{'penalty': 'l2', 'solver': 'saga'}",0.5986058716799598,0.08416564163197332,0.21843289804710125,0.1568931466767469,0.6092164490235507,0.07844657333837346,0.6003695022340559,0.20251177394034536,0.6012558869701727,0.6012558869701727,"{0: 0.6361747693884944, 1: 0.6361747693884945}","{0: 0.6361747693884944, 1: 0.6361747693884945}",0.6361747693884945,"[[413 224]
 [284 353]]",[0. 0. 1. ... 0. 1. 0.],[0. 1. 1. ... 1. 0. 0.]
419,logistic_regression,"{'penalty': 'l2', 'solver': 'saga'}",0.5984191884480093,0.08392939926237668,0.21738527899948218,0.1567416641006812,0.6086926394997411,0.07837083205034058,0.6003695022340559,0.20251177394034536,0.6012558869701727,0.6012558869701727,"{0: 0.6362166651469185, 1: 0.6362166651469185}","{0: 0.6362166651469185, 1: 0.6362166651469185}",0.6362166651469185,"[[413 224]
 [284 353]]",[0. 0. 1. ... 0. 1. 0.],[0. 1. 1. ... 1. 0. 0.]
266,logistic_regression,"{'penalty': 'l2', 'solver': 'saga'}",0.5984191884480093,0.08392939926237668,0.21738527899948218,0.1567416641006812,0.6086926394997411,0.07837083205034058,0.6003695022340559,0.20251177394034536,0.6012558869701727,0.6012558869701727,"{0: 0.636162447106605, 1: 0.636162447106605}","{0: 0.636162447106605, 1: 0.636162447106605}",0.636162447106605,"[[413 224]
 [284 353]]",[0. 0. 1. ... 0. 1. 0.],[0. 1. 1. ... 1. 0. 0.]
588,logistic_regression,"{'penalty': 'l2', 'solver': 'saga'}",0.5984191884480093,0.08392939926237668,0.21738527899948218,0.1567416641006812,0.6086926394997411,0.07837083205034058,0.6003695022340559,0.20251177394034536,0.6012558869701727,0.6012558869701727,"{0: 0.6361796983012502, 1: 0.6361796983012503}","{0: 0.6361796983012502, 1: 0.6361796983012503}",0.6361796983012503,"[[413 224]
 [284 353]]",[0. 0. 1. ... 0. 1. 0.],[0. 1. 1. ... 1. 0. 0.]
109,logistic_regression,"{'penalty': 'l2', 'solver': 'sag'}",0.5973510579773527,0.0847196213349008,0.216266838219872,0.1568532234109435,0.608133419109936,0.07842661170547173,0.5995529084110649,0.2009419152276295,0.6004709576138147,0.6004709576138147,"{0: 0.6359283237507054, 1: 0.6359283237507054}","{0: 0.6359283237507054, 1: 0.6359283237507054}",0.6359283237507054,"[[413 224]
 [285 352]]",[0. 0. 1. ... 0. 1. 0.],[0. 1. 1. ... 1. 0. 0.]
439,logistic_regression,"{'penalty': 'l2', 'solver': 'sag'}",0.5973510579773527,0.0847196213349008,0.216266838219872,0.1568532234109435,0.608133419109936,0.07842661170547173,0.5995529084110649,0.2009419152276295,0.6004709576138147,0.6004709576138147,"{0: 0.6358987502741708, 1: 0.6358987502741708}","{0: 0.6358987502741708, 1: 0.6358987502741708}",0.6358987502741708,"[[413 224]
 [285 352]]",[0. 0. 1. ... 0. 1. 0.],[0. 1. 1. ... 1. 0. 0.]
528,logistic_regression,"{'penalty': 'l2', 'solver': 'sag'}",0.5973510579773527,0.0847196213349008,0.216266838219872,0.1568532234109435,0.608133419109936,0.07842661170547173,0.5995529084110649,0.2009419152276295,0.6004709576138147,0.6004709576138147,"{0: 0.635916001468816, 1: 0.6359160014688161}","{0: 0.635916001468816, 1: 0.6359160014688161}",0.6359160014688161,"[[413 224]
 [285 352]]",[0. 0. 1. ... 0. 1. 0.],[0. 1. 1. ... 1. 0. 0.]
823,logistic_regression,"{'penalty': 'l2', 'solver': 'sag'}",0.5973510579773527,0.0847196213349008,0.216266838219872,0.1568532234109435,0.608133419109936,0.07842661170547173,0.5995529084110649,0.2009419152276295,0.6004709576138147,0.6004709576138147,"{0: 0.635916001468816, 1: 0.635916001468816}","{0: 0.635916001468816, 1: 0.635916001468816}",0.635916001468816,"[[413 224]
 [285 352]]",[0. 0. 1. ... 0. 1. 0.],[0. 1. 1. ... 1. 0. 0.]
227,logistic_regression,"{'penalty': 'l2', 'solver': 'sag'}",0.5973510579773527,0.0847196213349008,0.216266838219872,0.1568532234109435,0.608133419109936,0.07842661170547173,0.5995529084110649,0.2009419152276295,0.6004709576138147,0.6004709576138147,"{0: 0.6359061436433044, 1: 0.6359061436433044}","{0: 0.6359061436433044, 1: 0.6359061436433044}",0.6359061436433044,"[[413 224]
 [285 352]]",[0. 0. 1. ... 0. 1. 0.],[0. 1. 1. ... 1. 0. 0.]
363,logistic_regression,"{'penalty': 'l2', 'solver': 'sag'}",0.5973510579773527,0.0847196213349008,0.216266838219872,0.1568532234109435,0.608133419109936,0.07842661170547173,0.5995529084110649,0.2009419152276295,0.6004709576138147,0.6004709576138147,"{0: 0.6359184659251939, 1: 0.635918465925194}","{0: 0.6359184659251939, 1: 0.635918465925194}",0.635918465925194,"[[413 224]
 [285 352]]",[0. 0. 1. ... 0. 1. 0.],[0. 1. 1. ... 1. 0. 0.]
332,logistic_regression,"{'penalty': 'l2', 'solver': 'sag'}",0.5965908208592495,0.08470733353329586,0.21509036763163672,0.15659558571681823,0.6075451838158183,0.0782977928584091,0.5987356969229857,0.19937205651491363,0.5996860282574569,0.5996860282574568,"{0: 0.6358987502741706, 1: 0.6358987502741708}","{0: 0.6358987502741706, 1: 0.6358987502741708}",0.6358987502741708,"[[413 224]
 [286 351]]",[0. 0. 1. ... 0. 1. 0.],[0. 1. 1. ... 1. 0. 0.]
680,logistic_regression,"{'penalty': 'l2', 'solver': 'sag'}",0.5965908208592495,0.08470733353329586,0.21509036763163672,0.15659558571681823,0.6075451838158183,0.0782977928584091,0.5987356969229857,0.19937205651491363,0.5996860282574569,0.5996860282574568,"{0: 0.6359209303815718, 1: 0.6359209303815718}","{0: 0.6359209303815718, 1: 0.6359209303815718}",0.6359209303815718,"[[413 224]
 [286 351]]",[0. 0. 1. ... 0. 1. 0.],[0. 1. 1. ... 1. 0. 0.]
596,logistic_regression,"{'penalty': 'l2', 'solver': 'sag'}",0.5965908208592495,0.08470733353329586,0.21509036763163672,0.15659558571681823,0.6075451838158183,0.0782977928584091,0.5987356969229857,0.19937205651491363,0.5996860282574569,0.5996860282574568,"{0: 0.6359086080996823, 1: 0.6359086080996823}","{0: 0.6359086080996823, 1: 0.6359086080996823}",0.6359086080996823,"[[413 224]
 [286 351]]",[0. 0. 1. ... 0. 1. 0.],[0. 1. 1. ... 1. 0. 0.]
610,logistic_regression,"{'penalty': 'l2', 'solver': 'sag'}",0.5965908208592495,0.08470733353329586,0.21509036763163672,0.15659558571681823,0.6075451838158183,0.0782977928584091,0.5987356969229857,0.19937205651491363,0.5996860282574569,0.5996860282574568,"{0: 0.6359357171198392, 1: 0.6359357171198392}","{0: 0.6359357171198392, 1: 0.6359357171198392}",0.6359357171198392,"[[413 224]
 [286 351]]",[0. 0. 1. ... 0. 1. 0.],[0. 1. 1. ... 1. 0. 0.]
956,logistic_regression,"{'penalty': 'l2', 'solver': 'sag'}",0.5965908208592495,0.08470733353329586,0.21509036763163672,0.15659558571681823,0.6075451838158183,0.0782977928584091,0.5987356969229857,0.19937205651491363,0.5996860282574569,0.5996860282574568,"{0: 0.6359233948379497, 1: 0.6359233948379497}","{0: 0.6359233948379497, 1: 0.6359233948379497}",0.6359233948379497,"[[413 224]
 [286 351]]",[0. 0. 1. ... 0. 1. 0.],[0. 1. 1. ... 1. 0. 0.]
509,logistic_regression,"{'penalty': 'l2', 'solver': 'sag'}",0.5965908208592495,0.08470733353329586,0.21509036763163672,0.15659558571681823,0.6075451838158183,0.0782977928584091,0.5987356969229857,0.19937205651491363,0.5996860282574569,0.5996860282574568,"{0: 0.6359160014688161, 1: 0.6359160014688161}","{0: 0.6359160014688161, 1: 0.6359160014688161}",0.6359160014688161,"[[413 224]
 [286 351]]",[0. 0. 1. ... 0. 1. 0.],[0. 1. 1. ... 1. 0. 0.]
878,logistic_regression,"{'penalty': 'l2', 'solver': 'sag'}",0.5965908208592495,0.08470733353329586,0.21509036763163672,0.15659558571681823,0.6075451838158183,0.0782977928584091,0.5987356969229857,0.19937205651491363,0.5996860282574569,0.5996860282574568,"{0: 0.635916001468816, 1: 0.6359160014688161}","{0: 0.635916001468816, 1: 0.6359160014688161}",0.6359160014688161,"[[413 224]
 [286 351]]",[0. 0. 1. ... 0. 1. 0.],[0. 1. 1. ... 1. 0. 0.]
313,logistic_regression,"{'penalty': 'l2', 'solver': 'sag'}",0.5965908208592495,0.08470733353329586,0.21509036763163672,0.15659558571681823,0.6075451838158183,0.0782977928584091,0.5987356969229857,0.19937205651491363,0.5996860282574569,0.5996860282574568,"{0: 0.635918465925194, 1: 0.635918465925194}","{0: 0.635918465925194, 1: 0.635918465925194}",0.635918465925194,"[[413 224]
 [286 351]]",[0. 0. 1. ... 0. 1. 0.],[0. 1. 1. ... 1. 0. 0.]
717,logistic_regression,"{'penalty': 'l2', 'solver': 'sag'}",0.5965908208592495,0.08470733353329586,0.21509036763163672,0.15659558571681823,0.6075451838158183,0.0782977928584091,0.5987356969229857,0.19937205651491363,0.5996860282574569,0.5996860282574568,"{0: 0.6359012147305487, 1: 0.6359012147305487}","{0: 0.6359012147305487, 1: 0.6359012147305487}",0.6359012147305487,"[[413 224]
 [286 351]]",[0. 0. 1. ... 0. 1. 0.],[0. 1. 1. ... 1. 0. 0.]
843,logistic_regression,"{'penalty': 'l2', 'solver': 'sag'}",0.5965908208592495,0.08470733353329586,0.21509036763163672,0.15659558571681823,0.6075451838158183,0.0782977928584091,0.5987356969229857,0.19937205651491363,0.5996860282574569,0.5996860282574568,"{0: 0.6359135370124381, 1: 0.635913537012438}","{0: 0.6359135370124381, 1: 0.635913537012438}",0.635913537012438,"[[413 224]
 [286 351]]",[0. 0. 1. ... 0. 1. 0.],[0. 1. 1. ... 1. 0. 0.]
84,logistic_regression,"{'penalty': 'l2', 'solver': 'sag'}",0.5965908208592495,0.08470733353329586,0.21509036763163672,0.15659558571681823,0.6075451838158183,0.0782977928584091,0.5987356969229857,0.19937205651491363,0.5996860282574569,0.5996860282574568,"{0: 0.6359283237507054, 1: 0.6359283237507054}","{0: 0.6359283237507054, 1: 0.6359283237507054}",0.6359283237507054,"[[413 224]
 [286 351]]",[0. 0. 1. ... 0. 1. 0.],[0. 1. 1. ... 1. 0. 0.]
560,logistic_regression,"{'penalty': 'l2', 'solver': 'sag'}",0.5965908208592495,0.08470733353329586,0.21509036763163672,0.15659558571681823,0.6075451838158183,0.0782977928584091,0.5987356969229857,0.19937205651491363,0.5996860282574569,0.5996860282574568,"{0: 0.6359110725560603, 1: 0.6359110725560602}","{0: 0.6359110725560603, 1: 0.6359110725560602}",0.6359110725560602,"[[413 224]
 [286 351]]",[0. 0. 1. ... 0. 1. 0.],[0. 1. 1. ... 1. 0. 0.]
936,logistic_regression,"{'penalty': 'l2', 'solver': 'sag'}",0.5965908208592495,0.08470733353329586,0.21509036763163672,0.15659558571681823,0.6075451838158183,0.0782977928584091,0.5987356969229857,0.19937205651491363,0.5996860282574569,0.5996860282574568,"{0: 0.6359233948379497, 1: 0.6359233948379497}","{0: 0.6359233948379497, 1: 0.6359233948379497}",0.6359233948379497,"[[413 224]
 [286 351]]",[0. 0. 1. ... 0. 1. 0.],[0. 1. 1. ... 1. 0. 0.]
492,logistic_regression,"{'penalty': 'l2', 'solver': 'sag'}",0.5965908208592495,0.08470733353329586,0.21509036763163672,0.15659558571681823,0.6075451838158183,0.0782977928584091,0.5987356969229857,0.19937205651491363,0.5996860282574569,0.5996860282574568,"{0: 0.6359258592943275, 1: 0.6359258592943275}","{0: 0.6359258592943275, 1: 0.6359258592943275}",0.6359258592943275,"[[413 224]
 [286 351]]",[0. 0. 1. ... 0. 1. 0.],[0. 1. 1. ... 1. 0. 0.]
58,logistic_regression,"{'penalty': 'l2', 'solver': 'sag'}",0.5965908208592495,0.08470733353329586,0.21509036763163672,0.15659558571681823,0.6075451838158183,0.0782977928584091,0.5987356969229857,0.19937205651491363,0.5996860282574569,0.5996860282574568,"{0: 0.6359086080996823, 1: 0.6359086080996823}","{0: 0.6359086080996823, 1: 0.6359086080996823}",0.6359086080996823,"[[413 224]
 [286 351]]",[0. 0. 1. ... 0. 1. 0.],[0. 1. 1. ... 1. 0. 0.]
47,logistic_regression,"{'penalty': 'l2', 'solver': 'sag'}",0.5965908208592495,0.08470733353329586,0.21509036763163672,0.15659558571681823,0.6075451838158183,0.0782977928584091,0.5987356969229857,0.19937205651491363,0.5996860282574569,0.5996860282574568,"{0: 0.6359135370124381, 1: 0.635913537012438}","{0: 0.6359135370124381, 1: 0.635913537012438}",0.635913537012438,"[[413 224]
 [286 351]]",[0. 0. 1. ... 0. 1. 0.],[0. 1. 1. ... 1. 0. 0.]
458,logistic_regression,"{'penalty': 'l2', 'solver': 'sag'}",0.5965908208592495,0.08470733353329586,0.21509036763163672,0.15659558571681823,0.6075451838158183,0.0782977928584091,0.5987356969229857,0.19937205651491363,0.5996860282574569,0.5996860282574568,"{0: 0.6359283237507055, 1: 0.6359283237507054}","{0: 0.6359283237507055, 1: 0.6359283237507054}",0.6359283237507054,"[[413 224]
 [286 351]]",[0. 0. 1. ... 0. 1. 0.],[0. 1. 1. ... 1. 0. 0.]
97,logistic_regression,"{'penalty': 'l2', 'solver': 'sag'}",0.5965908208592495,0.08470733353329586,0.21509036763163672,0.15659558571681823,0.6075451838158183,0.0782977928584091,0.5987356969229857,0.19937205651491363,0.5996860282574569,0.5996860282574568,"{0: 0.6359209303815718, 1: 0.6359209303815718}","{0: 0.6359209303815718, 1: 0.6359209303815718}",0.6359209303815718,"[[413 224]
 [286 351]]",[0. 0. 1. ... 0. 1. 0.],[0. 1. 1. ... 1. 0. 0.]
426,logistic_regression,"{'penalty': 'l2', 'solver': 'sag'}",0.5965908208592495,0.08470733353329586,0.21509036763163672,0.15659558571681823,0.6075451838158183,0.0782977928584091,0.5987356969229857,0.19937205651491363,0.5996860282574569,0.5996860282574568,"{0: 0.6359258592943275, 1: 0.6359258592943277}","{0: 0.6359258592943275, 1: 0.6359258592943277}",0.6359258592943277,"[[413 224]
 [286 351]]",[0. 0. 1. ... 0. 1. 0.],[0. 1. 1. ... 1. 0. 0.]
267,logistic_regression,"{'penalty': 'l2', 'solver': 'sag'}",0.5965908208592495,0.08470733353329586,0.21509036763163672,0.15659558571681823,0.6075451838158183,0.0782977928584091,0.5987356969229857,0.19937205651491363,0.5996860282574569,0.5996860282574568,"{0: 0.6359184659251939, 1: 0.635918465925194}","{0: 0.6359184659251939, 1: 0.635918465925194}",0.635918465925194,"[[413 224]
 [286 351]]",[0. 0. 1. ... 0. 1. 0.],[0. 1. 1. ... 1. 0. 0.]
397,logistic_regression,"{'penalty': 'l2', 'solver': 'sag'}",0.5965908208592495,0.08470733353329586,0.21509036763163672,0.15659558571681823,0.6075451838158183,0.0782977928584091,0.5987356969229857,0.19937205651491363,0.5996860282574569,0.5996860282574568,"{0: 0.6359110725560603, 1: 0.6359110725560603}","{0: 0.6359110725560603, 1: 0.6359110725560603}",0.6359110725560603,"[[413 224]
 [286 351]]",[0. 0. 1. ... 0. 1. 0.],[0. 1. 1. ... 1. 0. 0.]
281,logistic_regression,"{'penalty': 'l2', 'solver': 'sag'}",0.5965908208592495,0.08470733353329586,0.21509036763163672,0.15659558571681823,0.6075451838158183,0.0782977928584091,0.5987356969229857,0.19937205651491363,0.5996860282574569,0.5996860282574568,"{0: 0.6359135370124382, 1: 0.6359135370124381}","{0: 0.6359135370124382, 1: 0.6359135370124381}",0.6359135370124381,"[[413 224]
 [286 351]]",[0. 0. 1. ... 0. 1. 0.],[0. 1. 1. ... 1. 0. 0.]
209,logistic_regression,"{'penalty': 'l2', 'solver': 'sag'}",0.5965908208592495,0.08470733353329586,0.21509036763163672,0.15659558571681823,0.6075451838158183,0.0782977928584091,0.5987356969229857,0.19937205651491363,0.5996860282574569,0.5996860282574568,"{0: 0.6359086080996823, 1: 0.6359086080996823}","{0: 0.6359086080996823, 1: 0.6359086080996823}",0.6359086080996823,"[[413 224]
 [286 351]]",[0. 0. 1. ... 0. 1. 0.],[0. 1. 1. ... 1. 0. 0.]
627,logistic_regression,"{'penalty': 'l2', 'solver': 'sag'}",0.5965908208592495,0.08470733353329586,0.21509036763163672,0.15659558571681823,0.6075451838158183,0.0782977928584091,0.5987356969229857,0.19937205651491363,0.5996860282574569,0.5996860282574568,"{0: 0.6359086080996824, 1: 0.6359086080996823}","{0: 0.6359086080996824, 1: 0.6359086080996823}",0.6359086080996823,"[[413 224]
 [286 351]]",[0. 0. 1. ... 0. 1. 0.],[0. 1. 1. ... 1. 0. 0.]
143,logistic_regression,"{'penalty': 'l2', 'solver': 'sag'}",0.5965908208592495,0.08470733353329586,0.21509036763163672,0.15659558571681823,0.6075451838158183,0.0782977928584091,0.5987356969229857,0.19937205651491363,0.5996860282574569,0.5996860282574568,"{0: 0.6359110725560603, 1: 0.6359110725560602}","{0: 0.6359110725560603, 1: 0.6359110725560602}",0.6359110725560602,"[[413 224]
 [286 351]]",[0. 0. 1. ... 0. 1. 0.],[0. 1. 1. ... 1. 0. 0.]
179,logistic_regression,"{'penalty': 'l2', 'solver': 'sag'}",0.5965908208592495,0.08470733353329586,0.21509036763163672,0.15659558571681823,0.6075451838158183,0.0782977928584091,0.5987356969229857,0.19937205651491363,0.5996860282574569,0.5996860282574568,"{0: 0.635918465925194, 1: 0.635918465925194}","{0: 0.635918465925194, 1: 0.635918465925194}",0.635918465925194,"[[413 224]
 [286 351]]",[0. 0. 1. ... 0. 1. 0.],[0. 1. 1. ... 1. 0. 0.]
643,logistic_regression,"{'penalty': 'l2', 'solver': 'sag'}",0.5965908208592495,0.08470733353329586,0.21509036763163672,0.15659558571681823,0.6075451838158183,0.0782977928584091,0.5987356969229857,0.19937205651491363,0.5996860282574569,0.5996860282574568,"{0: 0.6359086080996824, 1: 0.6359086080996823}","{0: 0.6359086080996824, 1: 0.6359086080996823}",0.6359086080996823,"[[413 224]
 [286 351]]",[0. 0. 1. ... 0. 1. 0.],[0. 1. 1. ... 1. 0. 0.]
861,logistic_regression,"{'penalty': 'l2', 'solver': 'sag'}",0.5965908208592495,0.08470733353329586,0.21509036763163672,0.15659558571681823,0.6075451838158183,0.0782977928584091,0.5987356969229857,0.19937205651491363,0.5996860282574569,0.5996860282574568,"{0: 0.6359086080996824, 1: 0.6359086080996824}","{0: 0.6359086080996824, 1: 0.6359086080996824}",0.6359086080996824,"[[413 224]
 [286 351]]",[0. 0. 1. ... 0. 1. 0.],[0. 1. 1. ... 1. 0. 0.]
772,logistic_regression,"{'penalty': 'l2', 'solver': 'sag'}",0.5965908208592495,0.08470733353329586,0.21509036763163672,0.15659558571681823,0.6075451838158183,0.0782977928584091,0.5987356969229857,0.19937205651491363,0.5996860282574569,0.5996860282574568,"{0: 0.6359160014688161, 1: 0.6359160014688161}","{0: 0.6359160014688161, 1: 0.6359160014688161}",0.6359160014688161,"[[413 224]
 [286 351]]",[0. 0. 1. ... 0. 1. 0.],[0. 1. 1. ... 1. 0. 0.]
752,logistic_regression,"{'penalty': 'l2', 'solver': 'sag'}",0.5965908208592495,0.08470733353329586,0.21509036763163672,0.15659558571681823,0.6075451838158183,0.0782977928584091,0.5987356969229857,0.19937205651491363,0.5996860282574569,0.5996860282574568,"{0: 0.6359036791869266, 1: 0.6359036791869266}","{0: 0.6359036791869266, 1: 0.6359036791869266}",0.6359036791869266,"[[413 224]
 [286 351]]",[0. 0. 1. ... 0. 1. 0.],[0. 1. 1. ... 1. 0. 0.]
381,logistic_regression,"{'penalty': 'l2', 'solver': 'sag'}",0.5965908208592495,0.08470733353329586,0.21509036763163672,0.15659558571681823,0.6075451838158183,0.0782977928584091,0.5987356969229857,0.19937205651491363,0.5996860282574569,0.5996860282574568,"{0: 0.6359160014688161, 1: 0.635916001468816}","{0: 0.6359160014688161, 1: 0.635916001468816}",0.635916001468816,"[[413 224]
 [286 351]]",[0. 0. 1. ... 0. 1. 0.],[0. 1. 1. ... 1. 0. 0.]
19,logistic_regression,"{'penalty': 'l2', 'solver': 'sag'}",0.5965908208592495,0.08470733353329586,0.21509036763163672,0.15659558571681823,0.6075451838158183,0.0782977928584091,0.5987356969229857,0.19937205651491363,0.5996860282574569,0.5996860282574568,"{0: 0.6359110725560602, 1: 0.6359110725560602}","{0: 0.6359110725560602, 1: 0.6359110725560602}",0.6359110725560602,"[[413 224]
 [286 351]]",[0. 0. 1. ... 0. 1. 0.],[0. 1. 1. ... 1. 0. 0.]
347,logistic_regression,"{'penalty': 'l2', 'solver': 'sag'}",0.5965908208592495,0.08470733353329586,0.21509036763163672,0.15659558571681823,0.6075451838158183,0.0782977928584091,0.5987356969229857,0.19937205651491363,0.5996860282574569,0.5996860282574568,"{0: 0.6359209303815718, 1: 0.6359209303815718}","{0: 0.6359209303815718, 1: 0.6359209303815718}",0.6359209303815718,"[[413 224]
 [286 351]]",[0. 0. 1. ... 0. 1. 0.],[0. 1. 1. ... 1. 0. 0.]
298,logistic_regression,"{'penalty': 'l2', 'solver': 'sag'}",0.5965908208592495,0.08470733353329586,0.21509036763163672,0.15659558571681823,0.6075451838158183,0.0782977928584091,0.5987356969229857,0.19937205651491363,0.5996860282574569,0.5996860282574568,"{0: 0.6359061436433043, 1: 0.6359061436433044}","{0: 0.6359061436433043, 1: 0.6359061436433044}",0.6359061436433044,"[[413 224]
 [286 351]]",[0. 0. 1. ... 0. 1. 0.],[0. 1. 1. ... 1. 0. 0.]
809,logistic_regression,"{'penalty': 'l2', 'solver': 'sag'}",0.5965908208592495,0.08470733353329586,0.21509036763163672,0.15659558571681823,0.6075451838158183,0.0782977928584091,0.5987356969229857,0.19937205651491363,0.5996860282574569,0.5996860282574568,"{0: 0.6359110725560603, 1: 0.6359110725560603}","{0: 0.6359110725560603, 1: 0.6359110725560603}",0.6359110725560603,"[[413 224]
 [286 351]]",[0. 0. 1. ... 0. 1. 0.],[0. 1. 1. ... 1. 0. 0.]
735,logistic_regression,"{'penalty': 'l2', 'solver': 'sag'}",0.5965908208592495,0.08470733353329586,0.21509036763163672,0.15659558571681823,0.6075451838158183,0.0782977928584091,0.5987356969229857,0.19937205651491363,0.5996860282574569,0.5996860282574568,"{0: 0.6359110725560603, 1: 0.6359110725560602}","{0: 0.6359110725560603, 1: 0.6359110725560602}",0.6359110725560602,"[[413 224]
 [286 351]]",[0. 0. 1. ... 0. 1. 0.],[0. 1. 1. ... 1. 0. 0.]
22,logistic_regression,"{'penalty': 'l2', 'solver': 'sag'}",0.5965908208592495,0.08470733353329586,0.21509036763163672,0.15659558571681823,0.6075451838158183,0.0782977928584091,0.5987356969229857,0.19937205651491363,0.5996860282574569,0.5996860282574568,"{0: 0.6359110725560603, 1: 0.6359110725560602}","{0: 0.6359110725560603, 1: 0.6359110725560602}",0.6359110725560602,"[[413 224]
 [286 351]]",[0. 0. 1. ... 0. 1. 0.],[0. 1. 1. ... 1. 0. 0.]
699,logistic_regression,"{'penalty': 'l2', 'solver': 'sag'}",0.5965908208592495,0.08470733353329586,0.21509036763163672,0.15659558571681823,0.6075451838158183,0.0782977928584091,0.5987356969229857,0.19937205651491363,0.5996860282574569,0.5996860282574568,"{0: 0.6359036791869266, 1: 0.6359036791869266}","{0: 0.6359036791869266, 1: 0.6359036791869266}",0.6359036791869266,"[[413 224]
 [286 351]]",[0. 0. 1. ... 0. 1. 0.],[0. 1. 1. ... 1. 0. 0.]
917,logistic_regression,"{'penalty': 'l2', 'solver': 'sag'}",0.5960032952034009,0.08585718362213177,0.21413798667925577,0.15854036712305777,0.6070689933396278,0.07927018356152889,0.5979794424323264,0.19780219780219777,0.5989010989010989,0.5989010989010989,"{0: 0.6359135370124381, 1: 0.6359135370124381}","{0: 0.6359135370124381, 1: 0.6359135370124381}",0.6359135370124381,"[[412 225]
 [286 351]]",[0. 0. 1. ... 0. 1. 0.],[0. 1. 1. ... 1. 0. 0.]
163,logistic_regression,"{'penalty': 'l2', 'solver': 'sag'}",0.5960032952034009,0.08585718362213177,0.21413798667925577,0.15854036712305777,0.6070689933396278,0.07927018356152889,0.5979794424323264,0.19780219780219777,0.5989010989010989,0.5989010989010989,"{0: 0.635918465925194, 1: 0.635918465925194}","{0: 0.635918465925194, 1: 0.635918465925194}",0.635918465925194,"[[412 225]
 [286 351]]",[0. 0. 1. ... 0. 1. 0.],[0. 1. 1. ... 1. 0. 0.]
975,logistic_regression,"{'penalty': 'l2', 'solver': 'sag'}",0.5960032952034009,0.08585718362213177,0.21413798667925577,0.15854036712305777,0.6070689933396278,0.07927018356152889,0.5979794424323264,0.19780219780219777,0.5989010989010989,0.5989010989010989,"{0: 0.6359233948379496, 1: 0.6359233948379497}","{0: 0.6359233948379496, 1: 0.6359233948379497}",0.6359233948379497,"[[412 225]
 [286 351]]",[0. 0. 1. ... 0. 1. 0.],[0. 1. 1. ... 1. 0. 0.]
900,logistic_regression,"{'penalty': 'l2', 'solver': 'sag'}",0.5960032952034009,0.08585718362213177,0.21413798667925577,0.15854036712305777,0.6070689933396278,0.07927018356152889,0.5979794424323264,0.19780219780219777,0.5989010989010989,0.5989010989010989,"{0: 0.6359160014688161, 1: 0.635916001468816}","{0: 0.6359160014688161, 1: 0.635916001468816}",0.635916001468816,"[[412 225]
 [286 351]]",[0. 0. 1. ... 0. 1. 0.],[0. 1. 1. ... 1. 0. 0.]
41,randomforest,"{'criterion': 'gini', 'max_features': None, 'n_estimators': 207}",0.6009343208375324,0.09129246624293988,0.21288192442664616,0.17637590072048184,0.6064409622133231,0.08818795036024091,0.60038207571878,0.2009419152276295,0.6004709576138147,0.6004709576138147,"{0: 0.6153575063644585, 1: 0.6153575063644585}","{0: 0.6153575063644585, 1: 0.6153575063644585}",0.6153575063644585,"[[373 264]
 [245 392]]",[0. 0. 1. ... 0. 1. 0.],[0. 1. 1. ... 1. 0. 0.]
536,logistic_regression,"{'penalty': 'l2', 'solver': 'lbfgs'}",0.5954529943131973,0.08376500863087745,0.21281445726749104,0.1547404840971487,0.6064072286337455,0.07737024204857433,0.5980390159268212,0.19780219780219777,0.5989010989010989,0.5989010989010989,"{0: 0.6357952431062994, 1: 0.6357952431062994}","{0: 0.6357952431062994, 1: 0.6357952431062994}",0.6357952431062994,"[[411 226]
 [285 352]]",[0. 0. 1. ... 0. 1. 0.],[0. 1. 1. ... 1. 0. 0.]
533,logistic_regression,"{'penalty': 'l2', 'solver': 'newton-cg'}",0.5954529943131973,0.08376500863087745,0.21281445726749104,0.1547404840971487,0.6064072286337455,0.07737024204857433,0.5980390159268212,0.19780219780219777,0.5989010989010989,0.5989010989010989,"{0: 0.6357656696297648, 1: 0.6357656696297648}","{0: 0.6357656696297648, 1: 0.6357656696297648}",0.6357656696297648,"[[411 226]
 [285 352]]",[0. 0. 1. ... 0. 1. 0.],[0. 1. 1. ... 1. 0. 0.]
961,logistic_regression,"{'penalty': 'l2', 'solver': 'newton-cg'}",0.5954529943131973,0.08376500863087745,0.21281445726749104,0.1547404840971487,0.6064072286337455,0.07737024204857433,0.5980390159268212,0.19780219780219777,0.5989010989010989,0.5989010989010989,"{0: 0.6357656696297648, 1: 0.6357656696297648}","{0: 0.6357656696297648, 1: 0.6357656696297648}",0.6357656696297648,"[[411 226]
 [285 352]]",[0. 0. 1. ... 0. 1. 0.],[0. 1. 1. ... 1. 0. 0.]
270,logistic_regression,"{'penalty': 'l2', 'solver': 'newton-cg'}",0.5954529943131973,0.08376500863087745,0.21281445726749104,0.1547404840971487,0.6064072286337455,0.07737024204857433,0.5980390159268212,0.19780219780219777,0.5989010989010989,0.5989010989010989,"{0: 0.6357656696297648, 1: 0.6357656696297648}","{0: 0.6357656696297648, 1: 0.6357656696297648}",0.6357656696297648,"[[411 226]
 [285 352]]",[0. 0. 1. ... 0. 1. 0.],[0. 1. 1. ... 1. 0. 0.]
287,logistic_regression,"{'penalty': 'l2', 'solver': 'newton-cg'}",0.5954529943131973,0.08376500863087745,0.21281445726749104,0.1547404840971487,0.6064072286337455,0.07737024204857433,0.5980390159268212,0.19780219780219777,0.5989010989010989,0.5989010989010989,"{0: 0.6357656696297648, 1: 0.6357656696297648}","{0: 0.6357656696297648, 1: 0.6357656696297648}",0.6357656696297648,"[[411 226]
 [285 352]]",[0. 0. 1. ... 0. 1. 0.],[0. 1. 1. ... 1. 0. 0.]
6,logistic_regression,"{'penalty': 'l2', 'solver': 'lbfgs'}",0.5954529943131973,0.08376500863087745,0.21281445726749104,0.1547404840971487,0.6064072286337455,0.07737024204857433,0.5980390159268212,0.19780219780219777,0.5989010989010989,0.5989010989010989,"{0: 0.6357952431062994, 1: 0.6357952431062994}","{0: 0.6357952431062994, 1: 0.6357952431062994}",0.6357952431062994,"[[411 226]
 [285 352]]",[0. 0. 1. ... 0. 1. 0.],[0. 1. 1. ... 1. 0. 0.]
706,logistic_regression,"{'penalty': 'l2', 'solver': 'newton-cg'}",0.5954529943131973,0.08376500863087745,0.21281445726749104,0.1547404840971487,0.6064072286337455,0.07737024204857433,0.5980390159268212,0.19780219780219777,0.5989010989010989,0.5989010989010989,"{0: 0.6357656696297648, 1: 0.6357656696297648}","{0: 0.6357656696297648, 1: 0.6357656696297648}",0.6357656696297648,"[[411 226]
 [285 352]]",[0. 0. 1. ... 0. 1. 0.],[0. 1. 1. ... 1. 0. 0.]
601,logistic_regression,"{'penalty': 'l2', 'solver': 'lbfgs'}",0.5954529943131973,0.08376500863087745,0.21281445726749104,0.1547404840971487,0.6064072286337455,0.07737024204857433,0.5980390159268212,0.19780219780219777,0.5989010989010989,0.5989010989010989,"{0: 0.6357952431062994, 1: 0.6357952431062994}","{0: 0.6357952431062994, 1: 0.6357952431062994}",0.6357952431062994,"[[411 226]
 [285 352]]",[0. 0. 1. ... 0. 1. 0.],[0. 1. 1. ... 1. 0. 0.]
687,logistic_regression,"{'penalty': 'l2', 'solver': 'newton-cg'}",0.5954529943131973,0.08376500863087745,0.21281445726749104,0.1547404840971487,0.6064072286337455,0.07737024204857433,0.5980390159268212,0.19780219780219777,0.5989010989010989,0.5989010989010989,"{0: 0.6357656696297648, 1: 0.6357656696297648}","{0: 0.6357656696297648, 1: 0.6357656696297648}",0.6357656696297648,"[[411 226]
 [285 352]]",[0. 0. 1. ... 0. 1. 0.],[0. 1. 1. ... 1. 0. 0.]
483,logistic_regression,"{'penalty': 'l2', 'solver': 'lbfgs'}",0.5954529943131973,0.08376500863087745,0.21281445726749104,0.1547404840971487,0.6064072286337455,0.07737024204857433,0.5980390159268212,0.19780219780219777,0.5989010989010989,0.5989010989010989,"{0: 0.6357952431062994, 1: 0.6357952431062994}","{0: 0.6357952431062994, 1: 0.6357952431062994}",0.6357952431062994,"[[411 226]
 [285 352]]",[0. 0. 1. ... 0. 1. 0.],[0. 1. 1. ... 1. 0. 0.]
56,logistic_regression,"{'penalty': 'l2', 'solver': 'lbfgs'}",0.5954529943131973,0.08376500863087745,0.21281445726749104,0.1547404840971487,0.6064072286337455,0.07737024204857433,0.5980390159268212,0.19780219780219777,0.5989010989010989,0.5989010989010989,"{0: 0.6357952431062994, 1: 0.6357952431062994}","{0: 0.6357952431062994, 1: 0.6357952431062994}",0.6357952431062994,"[[411 226]
 [285 352]]",[0. 0. 1. ... 0. 1. 0.],[0. 1. 1. ... 1. 0. 0.]
964,logistic_regression,"{'penalty': 'l2', 'solver': 'lbfgs'}",0.5954529943131973,0.08376500863087745,0.21281445726749104,0.1547404840971487,0.6064072286337455,0.07737024204857433,0.5980390159268212,0.19780219780219777,0.5989010989010989,0.5989010989010989,"{0: 0.6357952431062994, 1: 0.6357952431062994}","{0: 0.6357952431062994, 1: 0.6357952431062994}",0.6357952431062994,"[[411 226]
 [285 352]]",[0. 0. 1. ... 0. 1. 0.],[0. 1. 1. ... 1. 0. 0.]
554,logistic_regression,"{'penalty': 'l2', 'solver': 'lbfgs'}",0.5954529943131973,0.08376500863087745,0.21281445726749104,0.1547404840971487,0.6064072286337455,0.07737024204857433,0.5980390159268212,0.19780219780219777,0.5989010989010989,0.5989010989010989,"{0: 0.6357952431062994, 1: 0.6357952431062994}","{0: 0.6357952431062994, 1: 0.6357952431062994}",0.6357952431062994,"[[411 226]
 [285 352]]",[0. 0. 1. ... 0. 1. 0.],[0. 1. 1. ... 1. 0. 0.]
515,logistic_regression,"{'penalty': 'l2', 'solver': 'newton-cg'}",0.5954529943131973,0.08376500863087745,0.21281445726749104,0.1547404840971487,0.6064072286337455,0.07737024204857433,0.5980390159268212,0.19780219780219777,0.5989010989010989,0.5989010989010989,"{0: 0.6357656696297648, 1: 0.6357656696297648}","{0: 0.6357656696297648, 1: 0.6357656696297648}",0.6357656696297648,"[[411 226]
 [285 352]]",[0. 0. 1. ... 0. 1. 0.],[0. 1. 1. ... 1. 0. 0.]
307,logistic_regression,"{'penalty': 'l2', 'solver': 'lbfgs'}",0.5954529943131973,0.08376500863087745,0.21281445726749104,0.1547404840971487,0.6064072286337455,0.07737024204857433,0.5980390159268212,0.19780219780219777,0.5989010989010989,0.5989010989010989,"{0: 0.6357952431062994, 1: 0.6357952431062994}","{0: 0.6357952431062994, 1: 0.6357952431062994}",0.6357952431062994,"[[411 226]
 [285 352]]",[0. 0. 1. ... 0. 1. 0.],[0. 1. 1. ... 1. 0. 0.]
762,logistic_regression,"{'penalty': 'l2', 'solver': 'lbfgs'}",0.5954529943131973,0.08376500863087745,0.21281445726749104,0.1547404840971487,0.6064072286337455,0.07737024204857433,0.5980390159268212,0.19780219780219777,0.5989010989010989,0.5989010989010989,"{0: 0.6357952431062994, 1: 0.6357952431062994}","{0: 0.6357952431062994, 1: 0.6357952431062994}",0.6357952431062994,"[[411 226]
 [285 352]]",[0. 0. 1. ... 0. 1. 0.],[0. 1. 1. ... 1. 0. 0.]
868,logistic_regression,"{'penalty': 'l2', 'solver': 'newton-cg'}",0.5954529943131973,0.08376500863087745,0.21281445726749104,0.1547404840971487,0.6064072286337455,0.07737024204857433,0.5980390159268212,0.19780219780219777,0.5989010989010989,0.5989010989010989,"{0: 0.6357656696297648, 1: 0.6357656696297648}","{0: 0.6357656696297648, 1: 0.6357656696297648}",0.6357656696297648,"[[411 226]
 [285 352]]",[0. 0. 1. ... 0. 1. 0.],[0. 1. 1. ... 1. 0. 0.]
40,logistic_regression,"{'penalty': 'l2', 'solver': 'lbfgs'}",0.5954529943131973,0.08376500863087745,0.21281445726749104,0.1547404840971487,0.6064072286337455,0.07737024204857433,0.5980390159268212,0.19780219780219777,0.5989010989010989,0.5989010989010989,"{0: 0.6357952431062994, 1: 0.6357952431062994}","{0: 0.6357952431062994, 1: 0.6357952431062994}",0.6357952431062994,"[[411 226]
 [285 352]]",[0. 0. 1. ... 0. 1. 0.],[0. 1. 1. ... 1. 0. 0.]
303,logistic_regression,"{'penalty': 'l2', 'solver': 'newton-cg'}",0.5954529943131973,0.08376500863087745,0.21281445726749104,0.1547404840971487,0.6064072286337455,0.07737024204857433,0.5980390159268212,0.19780219780219777,0.5989010989010989,0.5989010989010989,"{0: 0.6357656696297648, 1: 0.6357656696297648}","{0: 0.6357656696297648, 1: 0.6357656696297648}",0.6357656696297648,"[[411 226]
 [285 352]]",[0. 0. 1. ... 0. 1. 0.],[0. 1. 1. ... 1. 0. 0.]
519,logistic_regression,"{'penalty': 'l2', 'solver': 'lbfgs'}",0.5954529943131973,0.08376500863087745,0.21281445726749104,0.1547404840971487,0.6064072286337455,0.07737024204857433,0.5980390159268212,0.19780219780219777,0.5989010989010989,0.5989010989010989,"{0: 0.6357952431062994, 1: 0.6357952431062994}","{0: 0.6357952431062994, 1: 0.6357952431062994}",0.6357952431062994,"[[411 226]
 [285 352]]",[0. 0. 1. ... 0. 1. 0.],[0. 1. 1. ... 1. 0. 0.]
777,logistic_regression,"{'penalty': 'l2', 'solver': 'newton-cg'}",0.5954529943131973,0.08376500863087745,0.21281445726749104,0.1547404840971487,0.6064072286337455,0.07737024204857433,0.5980390159268212,0.19780219780219777,0.5989010989010989,0.5989010989010989,"{0: 0.6357656696297648, 1: 0.6357656696297648}","{0: 0.6357656696297648, 1: 0.6357656696297648}",0.6357656696297648,"[[411 226]
 [285 352]]",[0. 0. 1. ... 0. 1. 0.],[0. 1. 1. ... 1. 0. 0.]
983,logistic_regression,"{'penalty': 'l2', 'solver': 'newton-cg'}",0.5954529943131973,0.08376500863087745,0.21281445726749104,0.1547404840971487,0.6064072286337455,0.07737024204857433,0.5980390159268212,0.19780219780219777,0.5989010989010989,0.5989010989010989,"{0: 0.6357656696297648, 1: 0.6357656696297648}","{0: 0.6357656696297648, 1: 0.6357656696297648}",0.6357656696297648,"[[411 226]
 [285 352]]",[0. 0. 1. ... 0. 1. 0.],[0. 1. 1. ... 1. 0. 0.]
599,logistic_regression,"{'penalty': 'l2', 'solver': 'newton-cg'}",0.5954529943131973,0.08376500863087745,0.21281445726749104,0.1547404840971487,0.6064072286337455,0.07737024204857433,0.5980390159268212,0.19780219780219777,0.5989010989010989,0.5989010989010989,"{0: 0.6357656696297648, 1: 0.6357656696297648}","{0: 0.6357656696297648, 1: 0.6357656696297648}",0.6357656696297648,"[[411 226]
 [285 352]]",[0. 0. 1. ... 0. 1. 0.],[0. 1. 1. ... 1. 0. 0.]
851,logistic_regression,"{'penalty': 'l2', 'solver': 'lbfgs'}",0.5954529943131973,0.08376500863087745,0.21281445726749104,0.1547404840971487,0.6064072286337455,0.07737024204857433,0.5980390159268212,0.19780219780219777,0.5989010989010989,0.5989010989010989,"{0: 0.6357952431062994, 1: 0.6357952431062994}","{0: 0.6357952431062994, 1: 0.6357952431062994}",0.6357952431062994,"[[411 226]
 [285 352]]",[0. 0. 1. ... 0. 1. 0.],[0. 1. 1. ... 1. 0. 0.]
501,logistic_regression,"{'penalty': 'l2', 'solver': 'lbfgs'}",0.5954529943131973,0.08376500863087745,0.21281445726749104,0.1547404840971487,0.6064072286337455,0.07737024204857433,0.5980390159268212,0.19780219780219777,0.5989010989010989,0.5989010989010989,"{0: 0.6357952431062994, 1: 0.6357952431062994}","{0: 0.6357952431062994, 1: 0.6357952431062994}",0.6357952431062994,"[[411 226]
 [285 352]]",[0. 0. 1. ... 0. 1. 0.],[0. 1. 1. ... 1. 0. 0.]
1,logistic_regression,"{'penalty': 'l2', 'solver': 'lbfgs'}",0.5954529943131973,0.08376500863087745,0.21281445726749104,0.1547404840971487,0.6064072286337455,0.07737024204857433,0.5980390159268212,0.19780219780219777,0.5989010989010989,0.5989010989010989,"{0: 0.6357952431062994, 1: 0.6357952431062994}","{0: 0.6357952431062994, 1: 0.6357952431062994}",0.6357952431062994,"[[411 226]
 [285 352]]",[0. 0. 1. ... 0. 1. 0.],[0. 1. 1. ... 1. 0. 0.]
985,logistic_regression,"{'penalty': 'l2', 'solver': 'lbfgs'}",0.5954529943131973,0.08376500863087745,0.21281445726749104,0.1547404840971487,0.6064072286337455,0.07737024204857433,0.5980390159268212,0.19780219780219777,0.5989010989010989,0.5989010989010989,"{0: 0.6357952431062994, 1: 0.6357952431062994}","{0: 0.6357952431062994, 1: 0.6357952431062994}",0.6357952431062994,"[[411 226]
 [285 352]]",[0. 0. 1. ... 0. 1. 0.],[0. 1. 1. ... 1. 0. 0.]
499,logistic_regression,"{'penalty': 'l2', 'solver': 'newton-cg'}",0.5954529943131973,0.08376500863087745,0.21281445726749104,0.1547404840971487,0.6064072286337455,0.07737024204857433,0.5980390159268212,0.19780219780219777,0.5989010989010989,0.5989010989010989,"{0: 0.6357656696297648, 1: 0.6357656696297648}","{0: 0.6357656696297648, 1: 0.6357656696297648}",0.6357656696297648,"[[411 226]
 [285 352]]",[0. 0. 1. ... 0. 1. 0.],[0. 1. 1. ... 1. 0. 0.]
690,logistic_regression,"{'penalty': 'l2', 'solver': 'lbfgs'}",0.5954529943131973,0.08376500863087745,0.21281445726749104,0.1547404840971487,0.6064072286337455,0.07737024204857433,0.5980390159268212,0.19780219780219777,0.5989010989010989,0.5989010989010989,"{0: 0.6357952431062994, 1: 0.6357952431062994}","{0: 0.6357952431062994, 1: 0.6357952431062994}",0.6357952431062994,"[[411 226]
 [285 352]]",[0. 0. 1. ... 0. 1. 0.],[0. 1. 1. ... 1. 0. 0.]
273,logistic_regression,"{'penalty': 'l2', 'solver': 'lbfgs'}",0.5954529943131973,0.08376500863087745,0.21281445726749104,0.1547404840971487,0.6064072286337455,0.07737024204857433,0.5980390159268212,0.19780219780219777,0.5989010989010989,0.5989010989010989,"{0: 0.6357952431062994, 1: 0.6357952431062994}","{0: 0.6357952431062994, 1: 0.6357952431062994}",0.6357952431062994,"[[411 226]
 [285 352]]",[0. 0. 1. ... 0. 1. 0.],[0. 1. 1. ... 1. 0. 0.]
551,logistic_regression,"{'penalty': 'l2', 'solver': 'newton-cg'}",0.5954529943131973,0.08376500863087745,0.21281445726749104,0.1547404840971487,0.6064072286337455,0.07737024204857433,0.5980390159268212,0.19780219780219777,0.5989010989010989,0.5989010989010989,"{0: 0.6357656696297648, 1: 0.6357656696297648}","{0: 0.6357656696297648, 1: 0.6357656696297648}",0.6357656696297648,"[[411 226]
 [285 352]]",[0. 0. 1. ... 0. 1. 0.],[0. 1. 1. ... 1. 0. 0.]
369,logistic_regression,"{'penalty': 'l2', 'solver': 'newton-cg'}",0.5954529943131973,0.08376500863087745,0.21281445726749104,0.1547404840971487,0.6064072286337455,0.07737024204857433,0.5980390159268212,0.19780219780219777,0.5989010989010989,0.5989010989010989,"{0: 0.6357656696297648, 1: 0.6357656696297648}","{0: 0.6357656696297648, 1: 0.6357656696297648}",0.6357656696297648,"[[411 226]
 [285 352]]",[0. 0. 1. ... 0. 1. 0.],[0. 1. 1. ... 1. 0. 0.]
566,logistic_regression,"{'penalty': 'l2', 'solver': 'newton-cg'}",0.5954529943131973,0.08376500863087745,0.21281445726749104,0.1547404840971487,0.6064072286337455,0.07737024204857433,0.5980390159268212,0.19780219780219777,0.5989010989010989,0.5989010989010989,"{0: 0.6357656696297648, 1: 0.6357656696297648}","{0: 0.6357656696297648, 1: 0.6357656696297648}",0.6357656696297648,"[[411 226]
 [285 352]]",[0. 0. 1. ... 0. 1. 0.],[0. 1. 1. ... 1. 0. 0.]
70,logistic_regression,"{'penalty': 'l2', 'solver': 'lbfgs'}",0.5954529943131973,0.08376500863087745,0.21281445726749104,0.1547404840971487,0.6064072286337455,0.07737024204857433,0.5980390159268212,0.19780219780219777,0.5989010989010989,0.5989010989010989,"{0: 0.6357952431062994, 1: 0.6357952431062994}","{0: 0.6357952431062994, 1: 0.6357952431062994}",0.6357952431062994,"[[411 226]
 [285 352]]",[0. 0. 1. ... 0. 1. 0.],[0. 1. 1. ... 1. 0. 0.]
812,logistic_regression,"{'penalty': 'l2', 'solver': 'newton-cg'}",0.5954529943131973,0.08376500863087745,0.21281445726749104,0.1547404840971487,0.6064072286337455,0.07737024204857433,0.5980390159268212,0.19780219780219777,0.5989010989010989,0.5989010989010989,"{0: 0.6357656696297648, 1: 0.6357656696297648}","{0: 0.6357656696297648, 1: 0.6357656696297648}",0.6357656696297648,"[[411 226]
 [285 352]]",[0. 0. 1. ... 0. 1. 0.],[0. 1. 1. ... 1. 0. 0.]
743,logistic_regression,"{'penalty': 'l2', 'solver': 'newton-cg'}",0.5954529943131973,0.08376500863087745,0.21281445726749104,0.1547404840971487,0.6064072286337455,0.07737024204857433,0.5980390159268212,0.19780219780219777,0.5989010989010989,0.5989010989010989,"{0: 0.6357656696297648, 1: 0.6357656696297648}","{0: 0.6357656696297648, 1: 0.6357656696297648}",0.6357656696297648,"[[411 226]
 [285 352]]",[0. 0. 1. ... 0. 1. 0.],[0. 1. 1. ... 1. 0. 0.]
655,logistic_regression,"{'penalty': 'l2', 'solver': 'lbfgs'}",0.5954529943131973,0.08376500863087745,0.21281445726749104,0.1547404840971487,0.6064072286337455,0.07737024204857433,0.5980390159268212,0.19780219780219777,0.5989010989010989,0.5989010989010989,"{0: 0.6357952431062994, 1: 0.6357952431062994}","{0: 0.6357952431062994, 1: 0.6357952431062994}",0.6357952431062994,"[[411 226]
 [285 352]]",[0. 0. 1. ... 0. 1. 0.],[0. 1. 1. ... 1. 0. 0.]
923,logistic_regression,"{'penalty': 'l2', 'solver': 'newton-cg'}",0.5954529943131973,0.08376500863087745,0.21281445726749104,0.1547404840971487,0.6064072286337455,0.07737024204857433,0.5980390159268212,0.19780219780219777,0.5989010989010989,0.5989010989010989,"{0: 0.6357656696297648, 1: 0.6357656696297648}","{0: 0.6357656696297648, 1: 0.6357656696297648}",0.6357656696297648,"[[411 226]
 [285 352]]",[0. 0. 1. ... 0. 1. 0.],[0. 1. 1. ... 1. 0. 0.]
417,logistic_regression,"{'penalty': 'l2', 'solver': 'lbfgs'}",0.5954529943131973,0.08376500863087745,0.21281445726749104,0.1547404840971487,0.6064072286337455,0.07737024204857433,0.5980390159268212,0.19780219780219777,0.5989010989010989,0.5989010989010989,"{0: 0.6357952431062994, 1: 0.6357952431062994}","{0: 0.6357952431062994, 1: 0.6357952431062994}",0.6357952431062994,"[[411 226]
 [285 352]]",[0. 0. 1. ... 0. 1. 0.],[0. 1. 1. ... 1. 0. 0.]
416,logistic_regression,"{'penalty': 'l2', 'solver': 'newton-cg'}",0.5954529943131973,0.08376500863087745,0.21281445726749104,0.1547404840971487,0.6064072286337455,0.07737024204857433,0.5980390159268212,0.19780219780219777,0.5989010989010989,0.5989010989010989,"{0: 0.6357656696297648, 1: 0.6357656696297648}","{0: 0.6357656696297648, 1: 0.6357656696297648}",0.6357656696297648,"[[411 226]
 [285 352]]",[0. 0. 1. ... 0. 1. 0.],[0. 1. 1. ... 1. 0. 0.]
352,logistic_regression,"{'penalty': 'l2', 'solver': 'newton-cg'}",0.5954529943131973,0.08376500863087745,0.21281445726749104,0.1547404840971487,0.6064072286337455,0.07737024204857433,0.5980390159268212,0.19780219780219777,0.5989010989010989,0.5989010989010989,"{0: 0.6357656696297648, 1: 0.6357656696297648}","{0: 0.6357656696297648, 1: 0.6357656696297648}",0.6357656696297648,"[[411 226]
 [285 352]]",[0. 0. 1. ... 0. 1. 0.],[0. 1. 1. ... 1. 0. 0.]
154,logistic_regression,"{'penalty': 'l2', 'solver': 'newton-cg'}",0.5954529943131973,0.08376500863087745,0.21281445726749104,0.1547404840971487,0.6064072286337455,0.07737024204857433,0.5980390159268212,0.19780219780219777,0.5989010989010989,0.5989010989010989,"{0: 0.6357656696297648, 1: 0.6357656696297648}","{0: 0.6357656696297648, 1: 0.6357656696297648}",0.6357656696297648,"[[411 226]
 [285 352]]",[0. 0. 1. ... 0. 1. 0.],[0. 1. 1. ... 1. 0. 0.]
155,logistic_regression,"{'penalty': 'l2', 'solver': 'lbfgs'}",0.5954529943131973,0.08376500863087745,0.21281445726749104,0.1547404840971487,0.6064072286337455,0.07737024204857433,0.5980390159268212,0.19780219780219777,0.5989010989010989,0.5989010989010989,"{0: 0.6357952431062994, 1: 0.6357952431062994}","{0: 0.6357952431062994, 1: 0.6357952431062994}",0.6357952431062994,"[[411 226]
 [285 352]]",[0. 0. 1. ... 0. 1. 0.],[0. 1. 1. ... 1. 0. 0.]
887,logistic_regression,"{'penalty': 'l2', 'solver': 'newton-cg'}",0.5954529943131973,0.08376500863087745,0.21281445726749104,0.1547404840971487,0.6064072286337455,0.07737024204857433,0.5980390159268212,0.19780219780219777,0.5989010989010989,0.5989010989010989,"{0: 0.6357656696297648, 1: 0.6357656696297648}","{0: 0.6357656696297648, 1: 0.6357656696297648}",0.6357656696297648,"[[411 226]
 [285 352]]",[0. 0. 1. ... 0. 1. 0.],[0. 1. 1. ... 1. 0. 0.]
215,logistic_regression,"{'penalty': 'l2', 'solver': 'newton-cg'}",0.5954529943131973,0.08376500863087745,0.21281445726749104,0.1547404840971487,0.6064072286337455,0.07737024204857433,0.5980390159268212,0.19780219780219777,0.5989010989010989,0.5989010989010989,"{0: 0.6357656696297648, 1: 0.6357656696297648}","{0: 0.6357656696297648, 1: 0.6357656696297648}",0.6357656696297648,"[[411 226]
 [285 352]]",[0. 0. 1. ... 0. 1. 0.],[0. 1. 1. ... 1. 0. 0.]
649,logistic_regression,"{'penalty': 'l2', 'solver': 'newton-cg'}",0.5954529943131973,0.08376500863087745,0.21281445726749104,0.1547404840971487,0.6064072286337455,0.07737024204857433,0.5980390159268212,0.19780219780219777,0.5989010989010989,0.5989010989010989,"{0: 0.6357656696297648, 1: 0.6357656696297648}","{0: 0.6357656696297648, 1: 0.6357656696297648}",0.6357656696297648,"[[411 226]
 [285 352]]",[0. 0. 1. ... 0. 1. 0.],[0. 1. 1. ... 1. 0. 0.]
167,logistic_regression,"{'penalty': 'l2', 'solver': 'newton-cg'}",0.5954529943131973,0.08376500863087745,0.21281445726749104,0.1547404840971487,0.6064072286337455,0.07737024204857433,0.5980390159268212,0.19780219780219777,0.5989010989010989,0.5989010989010989,"{0: 0.6357656696297648, 1: 0.6357656696297648}","{0: 0.6357656696297648, 1: 0.6357656696297648}",0.6357656696297648,"[[411 226]
 [285 352]]",[0. 0. 1. ... 0. 1. 0.],[0. 1. 1. ... 1. 0. 0.]
358,logistic_regression,"{'penalty': 'l2', 'solver': 'lbfgs'}",0.5954529943131973,0.08376500863087745,0.21281445726749104,0.1547404840971487,0.6064072286337455,0.07737024204857433,0.5980390159268212,0.19780219780219777,0.5989010989010989,0.5989010989010989,"{0: 0.6357952431062994, 1: 0.6357952431062994}","{0: 0.6357952431062994, 1: 0.6357952431062994}",0.6357952431062994,"[[411 226]
 [285 352]]",[0. 0. 1. ... 0. 1. 0.],[0. 1. 1. ... 1. 0. 0.]
428,logistic_regression,"{'penalty': 'l2', 'solver': 'newton-cg'}",0.5954529943131973,0.08376500863087745,0.21281445726749104,0.1547404840971487,0.6064072286337455,0.07737024204857433,0.5980390159268212,0.19780219780219777,0.5989010989010989,0.5989010989010989,"{0: 0.6357656696297648, 1: 0.6357656696297648}","{0: 0.6357656696297648, 1: 0.6357656696297648}",0.6357656696297648,"[[411 226]
 [285 352]]",[0. 0. 1. ... 0. 1. 0.],[0. 1. 1. ... 1. 0. 0.]
909,logistic_regression,"{'penalty': 'l2', 'solver': 'lbfgs'}",0.5954529943131973,0.08376500863087745,0.21281445726749104,0.1547404840971487,0.6064072286337455,0.07737024204857433,0.5980390159268212,0.19780219780219777,0.5989010989010989,0.5989010989010989,"{0: 0.6357952431062994, 1: 0.6357952431062994}","{0: 0.6357952431062994, 1: 0.6357952431062994}",0.6357952431062994,"[[411 226]
 [285 352]]",[0. 0. 1. ... 0. 1. 0.],[0. 1. 1. ... 1. 0. 0.]
889,logistic_regression,"{'penalty': 'l2', 'solver': 'lbfgs'}",0.5954529943131973,0.08376500863087745,0.21281445726749104,0.1547404840971487,0.6064072286337455,0.07737024204857433,0.5980390159268212,0.19780219780219777,0.5989010989010989,0.5989010989010989,"{0: 0.6357952431062994, 1: 0.6357952431062994}","{0: 0.6357952431062994, 1: 0.6357952431062994}",0.6357952431062994,"[[411 226]
 [285 352]]",[0. 0. 1. ... 0. 1. 0.],[0. 1. 1. ... 1. 0. 0.]
391,logistic_regression,"{'penalty': 'l2', 'solver': 'lbfgs'}",0.5954529943131973,0.08376500863087745,0.21281445726749104,0.1547404840971487,0.6064072286337455,0.07737024204857433,0.5980390159268212,0.19780219780219777,0.5989010989010989,0.5989010989010989,"{0: 0.6357952431062994, 1: 0.6357952431062994}","{0: 0.6357952431062994, 1: 0.6357952431062994}",0.6357952431062994,"[[411 226]
 [285 352]]",[0. 0. 1. ... 0. 1. 0.],[0. 1. 1. ... 1. 0. 0.]
830,logistic_regression,"{'penalty': 'l2', 'solver': 'newton-cg'}",0.5954529943131973,0.08376500863087745,0.21281445726749104,0.1547404840971487,0.6064072286337455,0.07737024204857433,0.5980390159268212,0.19780219780219777,0.5989010989010989,0.5989010989010989,"{0: 0.6357656696297648, 1: 0.6357656696297648}","{0: 0.6357656696297648, 1: 0.6357656696297648}",0.6357656696297648,"[[411 226]
 [285 352]]",[0. 0. 1. ... 0. 1. 0.],[0. 1. 1. ... 1. 0. 0.]
815,logistic_regression,"{'penalty': 'l2', 'solver': 'lbfgs'}",0.5954529943131973,0.08376500863087745,0.21281445726749104,0.1547404840971487,0.6064072286337455,0.07737024204857433,0.5980390159268212,0.19780219780219777,0.5989010989010989,0.5989010989010989,"{0: 0.6357952431062994, 1: 0.6357952431062994}","{0: 0.6357952431062994, 1: 0.6357952431062994}",0.6357952431062994,"[[411 226]
 [285 352]]",[0. 0. 1. ... 0. 1. 0.],[0. 1. 1. ... 1. 0. 0.]
905,logistic_regression,"{'penalty': 'l2', 'solver': 'newton-cg'}",0.5954529943131973,0.08376500863087745,0.21281445726749104,0.1547404840971487,0.6064072286337455,0.07737024204857433,0.5980390159268212,0.19780219780219777,0.5989010989010989,0.5989010989010989,"{0: 0.6357656696297648, 1: 0.6357656696297648}","{0: 0.6357656696297648, 1: 0.6357656696297648}",0.6357656696297648,"[[411 226]
 [285 352]]",[0. 0. 1. ... 0. 1. 0.],[0. 1. 1. ... 1. 0. 0.]
386,logistic_regression,"{'penalty': 'l2', 'solver': 'newton-cg'}",0.5954529943131973,0.08376500863087745,0.21281445726749104,0.1547404840971487,0.6064072286337455,0.07737024204857433,0.5980390159268212,0.19780219780219777,0.5989010989010989,0.5989010989010989,"{0: 0.6357656696297648, 1: 0.6357656696297648}","{0: 0.6357656696297648, 1: 0.6357656696297648}",0.6357656696297648,"[[411 226]
 [285 352]]",[0. 0. 1. ... 0. 1. 0.],[0. 1. 1. ... 1. 0. 0.]
184,logistic_regression,"{'penalty': 'l2', 'solver': 'newton-cg'}",0.5954529943131973,0.08376500863087745,0.21281445726749104,0.1547404840971487,0.6064072286337455,0.07737024204857433,0.5980390159268212,0.19780219780219777,0.5989010989010989,0.5989010989010989,"{0: 0.6357656696297648, 1: 0.6357656696297648}","{0: 0.6357656696297648, 1: 0.6357656696297648}",0.6357656696297648,"[[411 226]
 [285 352]]",[0. 0. 1. ... 0. 1. 0.],[0. 1. 1. ... 1. 0. 0.]
186,logistic_regression,"{'penalty': 'l2', 'solver': 'lbfgs'}",0.5954529943131973,0.08376500863087745,0.21281445726749104,0.1547404840971487,0.6064072286337455,0.07737024204857433,0.5980390159268212,0.19780219780219777,0.5989010989010989,0.5989010989010989,"{0: 0.6357952431062994, 1: 0.6357952431062994}","{0: 0.6357952431062994, 1: 0.6357952431062994}",0.6357952431062994,"[[411 226]
 [285 352]]",[0. 0. 1. ... 0. 1. 0.],[0. 1. 1. ... 1. 0. 0.]
201,logistic_regression,"{'penalty': 'l2', 'solver': 'lbfgs'}",0.5954529943131973,0.08376500863087745,0.21281445726749104,0.1547404840971487,0.6064072286337455,0.07737024204857433,0.5980390159268212,0.19780219780219777,0.5989010989010989,0.5989010989010989,"{0: 0.6357952431062994, 1: 0.6357952431062994}","{0: 0.6357952431062994, 1: 0.6357952431062994}",0.6357952431062994,"[[411 226]
 [285 352]]",[0. 0. 1. ... 0. 1. 0.],[0. 1. 1. ... 1. 0. 0.]
199,logistic_regression,"{'penalty': 'l2', 'solver': 'newton-cg'}",0.5954529943131973,0.08376500863087745,0.21281445726749104,0.1547404840971487,0.6064072286337455,0.07737024204857433,0.5980390159268212,0.19780219780219777,0.5989010989010989,0.5989010989010989,"{0: 0.6357656696297648, 1: 0.6357656696297648}","{0: 0.6357656696297648, 1: 0.6357656696297648}",0.6357656696297648,"[[411 226]
 [285 352]]",[0. 0. 1. ... 0. 1. 0.],[0. 1. 1. ... 1. 0. 0.]
372,logistic_regression,"{'penalty': 'l2', 'solver': 'lbfgs'}",0.5954529943131973,0.08376500863087745,0.21281445726749104,0.1547404840971487,0.6064072286337455,0.07737024204857433,0.5980390159268212,0.19780219780219777,0.5989010989010989,0.5989010989010989,"{0: 0.6357952431062994, 1: 0.6357952431062994}","{0: 0.6357952431062994, 1: 0.6357952431062994}",0.6357952431062994,"[[411 226]
 [285 352]]",[0. 0. 1. ... 0. 1. 0.],[0. 1. 1. ... 1. 0. 0.]
134,logistic_regression,"{'penalty': 'l2', 'solver': 'lbfgs'}",0.5954529943131973,0.08376500863087745,0.21281445726749104,0.1547404840971487,0.6064072286337455,0.07737024204857433,0.5980390159268212,0.19780219780219777,0.5989010989010989,0.5989010989010989,"{0: 0.6357952431062994, 1: 0.6357952431062994}","{0: 0.6357952431062994, 1: 0.6357952431062994}",0.6357952431062994,"[[411 226]
 [285 352]]",[0. 0. 1. ... 0. 1. 0.],[0. 1. 1. ... 1. 0. 0.]
131,logistic_regression,"{'penalty': 'l2', 'solver': 'newton-cg'}",0.5954529943131973,0.08376500863087745,0.21281445726749104,0.1547404840971487,0.6064072286337455,0.07737024204857433,0.5980390159268212,0.19780219780219777,0.5989010989010989,0.5989010989010989,"{0: 0.6357656696297648, 1: 0.6357656696297648}","{0: 0.6357656696297648, 1: 0.6357656696297648}",0.6357656696297648,"[[411 226]
 [285 352]]",[0. 0. 1. ... 0. 1. 0.],[0. 1. 1. ... 1. 0. 0.]
480,logistic_regression,"{'penalty': 'l2', 'solver': 'newton-cg'}",0.5954529943131973,0.08376500863087745,0.21281445726749104,0.1547404840971487,0.6064072286337455,0.07737024204857433,0.5980390159268212,0.19780219780219777,0.5989010989010989,0.5989010989010989,"{0: 0.6357656696297648, 1: 0.6357656696297648}","{0: 0.6357656696297648, 1: 0.6357656696297648}",0.6357656696297648,"[[411 226]
 [285 352]]",[0. 0. 1. ... 0. 1. 0.],[0. 1. 1. ... 1. 0. 0.]
250,logistic_regression,"{'penalty': 'l2', 'solver': 'lbfgs'}",0.5954529943131973,0.08376500863087745,0.21281445726749104,0.1547404840971487,0.6064072286337455,0.07737024204857433,0.5980390159268212,0.19780219780219777,0.5989010989010989,0.5989010989010989,"{0: 0.6357952431062994, 1: 0.6357952431062994}","{0: 0.6357952431062994, 1: 0.6357952431062994}",0.6357952431062994,"[[411 226]
 [285 352]]",[0. 0. 1. ... 0. 1. 0.],[0. 1. 1. ... 1. 0. 0.]
75,logistic_regression,"{'penalty': 'l2', 'solver': 'newton-cg'}",0.5954529943131973,0.08376500863087745,0.21281445726749104,0.1547404840971487,0.6064072286337455,0.07737024204857433,0.5980390159268212,0.19780219780219777,0.5989010989010989,0.5989010989010989,"{0: 0.6357656696297648, 1: 0.6357656696297648}","{0: 0.6357656696297648, 1: 0.6357656696297648}",0.6357656696297648,"[[411 226]
 [285 352]]",[0. 0. 1. ... 0. 1. 0.],[0. 1. 1. ... 1. 0. 0.]
759,logistic_regression,"{'penalty': 'l2', 'solver': 'newton-cg'}",0.5954529943131973,0.08376500863087745,0.21281445726749104,0.1547404840971487,0.6064072286337455,0.07737024204857433,0.5980390159268212,0.19780219780219777,0.5989010989010989,0.5989010989010989,"{0: 0.6357656696297648, 1: 0.6357656696297648}","{0: 0.6357656696297648, 1: 0.6357656696297648}",0.6357656696297648,"[[411 226]
 [285 352]]",[0. 0. 1. ... 0. 1. 0.],[0. 1. 1. ... 1. 0. 0.]
320,logistic_regression,"{'penalty': 'l2', 'solver': 'newton-cg'}",0.5954529943131973,0.08376500863087745,0.21281445726749104,0.1547404840971487,0.6064072286337455,0.07737024204857433,0.5980390159268212,0.19780219780219777,0.5989010989010989,0.5989010989010989,"{0: 0.6357656696297648, 1: 0.6357656696297648}","{0: 0.6357656696297648, 1: 0.6357656696297648}",0.6357656696297648,"[[411 226]
 [285 352]]",[0. 0. 1. ... 0. 1. 0.],[0. 1. 1. ... 1. 0. 0.]
322,logistic_regression,"{'penalty': 'l2', 'solver': 'lbfgs'}",0.5954529943131973,0.08376500863087745,0.21281445726749104,0.1547404840971487,0.6064072286337455,0.07737024204857433,0.5980390159268212,0.19780219780219777,0.5989010989010989,0.5989010989010989,"{0: 0.6357952431062994, 1: 0.6357952431062994}","{0: 0.6357952431062994, 1: 0.6357952431062994}",0.6357952431062994,"[[411 226]
 [285 352]]",[0. 0. 1. ... 0. 1. 0.],[0. 1. 1. ... 1. 0. 0.]
467,logistic_regression,"{'penalty': 'l2', 'solver': 'lbfgs'}",0.5954529943131973,0.08376500863087745,0.21281445726749104,0.1547404840971487,0.6064072286337455,0.07737024204857433,0.5980390159268212,0.19780219780219777,0.5989010989010989,0.5989010989010989,"{0: 0.6357952431062994, 1: 0.6357952431062994}","{0: 0.6357952431062994, 1: 0.6357952431062994}",0.6357952431062994,"[[411 226]
 [285 352]]",[0. 0. 1. ... 0. 1. 0.],[0. 1. 1. ... 1. 0. 0.]
464,logistic_regression,"{'penalty': 'l2', 'solver': 'newton-cg'}",0.5954529943131973,0.08376500863087745,0.21281445726749104,0.1547404840971487,0.6064072286337455,0.07737024204857433,0.5980390159268212,0.19780219780219777,0.5989010989010989,0.5989010989010989,"{0: 0.6357656696297648, 1: 0.6357656696297648}","{0: 0.6357656696297648, 1: 0.6357656696297648}",0.6357656696297648,"[[411 226]
 [285 352]]",[0. 0. 1. ... 0. 1. 0.],[0. 1. 1. ... 1. 0. 0.]
614,logistic_regression,"{'penalty': 'l2', 'solver': 'newton-cg'}",0.5954529943131973,0.08376500863087745,0.21281445726749104,0.1547404840971487,0.6064072286337455,0.07737024204857433,0.5980390159268212,0.19780219780219777,0.5989010989010989,0.5989010989010989,"{0: 0.6357656696297648, 1: 0.6357656696297648}","{0: 0.6357656696297648, 1: 0.6357656696297648}",0.6357656696297648,"[[411 226]
 [285 352]]",[0. 0. 1. ... 0. 1. 0.],[0. 1. 1. ... 1. 0. 0.]
945,logistic_regression,"{'penalty': 'l2', 'solver': 'lbfgs'}",0.5954529943131973,0.08376500863087745,0.21281445726749104,0.1547404840971487,0.6064072286337455,0.07737024204857433,0.5980390159268212,0.19780219780219777,0.5989010989010989,0.5989010989010989,"{0: 0.6357952431062994, 1: 0.6357952431062994}","{0: 0.6357952431062994, 1: 0.6357952431062994}",0.6357952431062994,"[[411 226]
 [285 352]]",[0. 0. 1. ... 0. 1. 0.],[0. 1. 1. ... 1. 0. 0.]
93,logistic_regression,"{'penalty': 'l2', 'solver': 'newton-cg'}",0.5954529943131973,0.08376500863087745,0.21281445726749104,0.1547404840971487,0.6064072286337455,0.07737024204857433,0.5980390159268212,0.19780219780219777,0.5989010989010989,0.5989010989010989,"{0: 0.6357656696297648, 1: 0.6357656696297648}","{0: 0.6357656696297648, 1: 0.6357656696297648}",0.6357656696297648,"[[411 226]
 [285 352]]",[0. 0. 1. ... 0. 1. 0.],[0. 1. 1. ... 1. 0. 0.]
674,logistic_regression,"{'penalty': 'l2', 'solver': 'lbfgs'}",0.5954529943131973,0.08376500863087745,0.21281445726749104,0.1547404840971487,0.6064072286337455,0.07737024204857433,0.5980390159268212,0.19780219780219777,0.5989010989010989,0.5989010989010989,"{0: 0.6357952431062994, 1: 0.6357952431062994}","{0: 0.6357952431062994, 1: 0.6357952431062994}",0.6357952431062994,"[[411 226]
 [285 352]]",[0. 0. 1. ... 0. 1. 0.],[0. 1. 1. ... 1. 0. 0.]
871,logistic_regression,"{'penalty': 'l2', 'solver': 'lbfgs'}",0.5954529943131973,0.08376500863087745,0.21281445726749104,0.1547404840971487,0.6064072286337455,0.07737024204857433,0.5980390159268212,0.19780219780219777,0.5989010989010989,0.5989010989010989,"{0: 0.6357952431062994, 1: 0.6357952431062994}","{0: 0.6357952431062994, 1: 0.6357952431062994}",0.6357952431062994,"[[411 226]
 [285 352]]",[0. 0. 1. ... 0. 1. 0.],[0. 1. 1. ... 1. 0. 0.]
636,logistic_regression,"{'penalty': 'l2', 'solver': 'lbfgs'}",0.5954529943131973,0.08376500863087745,0.21281445726749104,0.1547404840971487,0.6064072286337455,0.07737024204857433,0.5980390159268212,0.19780219780219777,0.5989010989010989,0.5989010989010989,"{0: 0.6357952431062994, 1: 0.6357952431062994}","{0: 0.6357952431062994, 1: 0.6357952431062994}",0.6357952431062994,"[[411 226]
 [285 352]]",[0. 0. 1. ... 0. 1. 0.],[0. 1. 1. ... 1. 0. 0.]
617,logistic_regression,"{'penalty': 'l2', 'solver': 'lbfgs'}",0.5954529943131973,0.08376500863087745,0.21281445726749104,0.1547404840971487,0.6064072286337455,0.07737024204857433,0.5980390159268212,0.19780219780219777,0.5989010989010989,0.5989010989010989,"{0: 0.6357952431062994, 1: 0.6357952431062994}","{0: 0.6357952431062994, 1: 0.6357952431062994}",0.6357952431062994,"[[411 226]
 [285 352]]",[0. 0. 1. ... 0. 1. 0.],[0. 1. 1. ... 1. 0. 0.]
745,logistic_regression,"{'penalty': 'l2', 'solver': 'lbfgs'}",0.5954529943131973,0.08376500863087745,0.21281445726749104,0.1547404840971487,0.6064072286337455,0.07737024204857433,0.5980390159268212,0.19780219780219777,0.5989010989010989,0.5989010989010989,"{0: 0.6357952431062994, 1: 0.6357952431062994}","{0: 0.6357952431062994, 1: 0.6357952431062994}",0.6357952431062994,"[[411 226]
 [285 352]]",[0. 0. 1. ... 0. 1. 0.],[0. 1. 1. ... 1. 0. 0.]
669,logistic_regression,"{'penalty': 'l2', 'solver': 'newton-cg'}",0.5954529943131973,0.08376500863087745,0.21281445726749104,0.1547404840971487,0.6064072286337455,0.07737024204857433,0.5980390159268212,0.19780219780219777,0.5989010989010989,0.5989010989010989,"{0: 0.6357656696297648, 1: 0.6357656696297648}","{0: 0.6357656696297648, 1: 0.6357656696297648}",0.6357656696297648,"[[411 226]
 [285 352]]",[0. 0. 1. ... 0. 1. 0.],[0. 1. 1. ... 1. 0. 0.]
248,logistic_regression,"{'penalty': 'l2', 'solver': 'newton-cg'}",0.5954529943131973,0.08376500863087745,0.21281445726749104,0.1547404840971487,0.6064072286337455,0.07737024204857433,0.5980390159268212,0.19780219780219777,0.5989010989010989,0.5989010989010989,"{0: 0.6357656696297648, 1: 0.6357656696297648}","{0: 0.6357656696297648, 1: 0.6357656696297648}",0.6357656696297648,"[[411 226]
 [285 352]]",[0. 0. 1. ... 0. 1. 0.],[0. 1. 1. ... 1. 0. 0.]
448,logistic_regression,"{'penalty': 'l2', 'solver': 'lbfgs'}",0.5954529943131973,0.08376500863087745,0.21281445726749104,0.1547404840971487,0.6064072286337455,0.07737024204857433,0.5980390159268212,0.19780219780219777,0.5989010989010989,0.5989010989010989,"{0: 0.6357952431062994, 1: 0.6357952431062994}","{0: 0.6357952431062994, 1: 0.6357952431062994}",0.6357952431062994,"[[411 226]
 [285 352]]",[0. 0. 1. ... 0. 1. 0.],[0. 1. 1. ... 1. 0. 0.]
570,logistic_regression,"{'penalty': 'l2', 'solver': 'lbfgs'}",0.5954529943131973,0.08376500863087745,0.21281445726749104,0.1547404840971487,0.6064072286337455,0.07737024204857433,0.5980390159268212,0.19780219780219777,0.5989010989010989,0.5989010989010989,"{0: 0.6357952431062994, 1: 0.6357952431062994}","{0: 0.6357952431062994, 1: 0.6357952431062994}",0.6357952431062994,"[[411 226]
 [285 352]]",[0. 0. 1. ... 0. 1. 0.],[0. 1. 1. ... 1. 0. 0.]
336,logistic_regression,"{'penalty': 'l2', 'solver': 'newton-cg'}",0.5954529943131973,0.08376500863087745,0.21281445726749104,0.1547404840971487,0.6064072286337455,0.07737024204857433,0.5980390159268212,0.19780219780219777,0.5989010989010989,0.5989010989010989,"{0: 0.6357656696297648, 1: 0.6357656696297648}","{0: 0.6357656696297648, 1: 0.6357656696297648}",0.6357656696297648,"[[411 226]
 [285 352]]",[0. 0. 1. ... 0. 1. 0.],[0. 1. 1. ... 1. 0. 0.]
727,logistic_regression,"{'penalty': 'l2', 'solver': 'lbfgs'}",0.5954529943131973,0.08376500863087745,0.21281445726749104,0.1547404840971487,0.6064072286337455,0.07737024204857433,0.5980390159268212,0.19780219780219777,0.5989010989010989,0.5989010989010989,"{0: 0.6357952431062994, 1: 0.6357952431062994}","{0: 0.6357952431062994, 1: 0.6357952431062994}",0.6357952431062994,"[[411 226]
 [285 352]]",[0. 0. 1. ... 0. 1. 0.],[0. 1. 1. ... 1. 0. 0.]
118,logistic_regression,"{'penalty': 'l2', 'solver': 'lbfgs'}",0.5954529943131973,0.08376500863087745,0.21281445726749104,0.1547404840971487,0.6064072286337455,0.07737024204857433,0.5980390159268212,0.19780219780219777,0.5989010989010989,0.5989010989010989,"{0: 0.6357952431062994, 1: 0.6357952431062994}","{0: 0.6357952431062994, 1: 0.6357952431062994}",0.6357952431062994,"[[411 226]
 [285 352]]",[0. 0. 1. ... 0. 1. 0.],[0. 1. 1. ... 1. 0. 0.]
235,logistic_regression,"{'penalty': 'l2', 'solver': 'lbfgs'}",0.5954529943131973,0.08376500863087745,0.21281445726749104,0.1547404840971487,0.6064072286337455,0.07737024204857433,0.5980390159268212,0.19780219780219777,0.5989010989010989,0.5989010989010989,"{0: 0.6357952431062994, 1: 0.6357952431062994}","{0: 0.6357952431062994, 1: 0.6357952431062994}",0.6357952431062994,"[[411 226]
 [285 352]]",[0. 0. 1. ... 0. 1. 0.],[0. 1. 1. ... 1. 0. 0.]
341,logistic_regression,"{'penalty': 'l2', 'solver': 'lbfgs'}",0.5954529943131973,0.08376500863087745,0.21281445726749104,0.1547404840971487,0.6064072286337455,0.07737024204857433,0.5980390159268212,0.19780219780219777,0.5989010989010989,0.5989010989010989,"{0: 0.6357952431062994, 1: 0.6357952431062994}","{0: 0.6357952431062994, 1: 0.6357952431062994}",0.6357952431062994,"[[411 226]
 [285 352]]",[0. 0. 1. ... 0. 1. 0.],[0. 1. 1. ... 1. 0. 0.]
230,logistic_regression,"{'penalty': 'l2', 'solver': 'newton-cg'}",0.5954529943131973,0.08376500863087745,0.21281445726749104,0.1547404840971487,0.6064072286337455,0.07737024204857433,0.5980390159268212,0.19780219780219777,0.5989010989010989,0.5989010989010989,"{0: 0.6357656696297648, 1: 0.6357656696297648}","{0: 0.6357656696297648, 1: 0.6357656696297648}",0.6357656696297648,"[[411 226]
 [285 352]]",[0. 0. 1. ... 0. 1. 0.],[0. 1. 1. ... 1. 0. 0.]
433,logistic_regression,"{'penalty': 'l2', 'solver': 'lbfgs'}",0.5954529943131973,0.08376500863087745,0.21281445726749104,0.1547404840971487,0.6064072286337455,0.07737024204857433,0.5980390159268212,0.19780219780219777,0.5989010989010989,0.5989010989010989,"{0: 0.6357952431062994, 1: 0.6357952431062994}","{0: 0.6357952431062994, 1: 0.6357952431062994}",0.6357952431062994,"[[411 226]
 [285 352]]",[0. 0. 1. ... 0. 1. 0.],[0. 1. 1. ... 1. 0. 0.]
928,logistic_regression,"{'penalty': 'l2', 'solver': 'lbfgs'}",0.5954529943131973,0.08376500863087745,0.21281445726749104,0.1547404840971487,0.6064072286337455,0.07737024204857433,0.5980390159268212,0.19780219780219777,0.5989010989010989,0.5989010989010989,"{0: 0.6357952431062994, 1: 0.6357952431062994}","{0: 0.6357952431062994, 1: 0.6357952431062994}",0.6357952431062994,"[[411 226]
 [285 352]]",[0. 0. 1. ... 0. 1. 0.],[0. 1. 1. ... 1. 0. 0.]
832,logistic_regression,"{'penalty': 'l2', 'solver': 'lbfgs'}",0.5954529943131973,0.08376500863087745,0.21281445726749104,0.1547404840971487,0.6064072286337455,0.07737024204857433,0.5980390159268212,0.19780219780219777,0.5989010989010989,0.5989010989010989,"{0: 0.6357952431062994, 1: 0.6357952431062994}","{0: 0.6357952431062994, 1: 0.6357952431062994}",0.6357952431062994,"[[411 226]
 [285 352]]",[0. 0. 1. ... 0. 1. 0.],[0. 1. 1. ... 1. 0. 0.]
709,logistic_regression,"{'penalty': None, 'solver': 'lbfgs'}",0.5961654677002847,0.08420971282783604,0.21257783837720778,0.15676744101976828,0.606288919188604,0.07838372050988412,0.5974455248547865,0.1962323390894819,0.598116169544741,0.598116169544741,"{0: 0.6346320196959354, 1: 0.6346320196959354}","{0: 0.6346320196959354, 1: 0.6346320196959354}",0.6346320196959354,"[[407 230]
 [282 355]]",[0. 0. 1. ... 0. 1. 0.],[0. 1. 1. ... 1. 0. 0.]
217,logistic_regression,"{'penalty': None, 'solver': 'lbfgs'}",0.5961654677002847,0.08420971282783604,0.21257783837720778,0.15676744101976828,0.606288919188604,0.07838372050988412,0.5974455248547865,0.1962323390894819,0.598116169544741,0.598116169544741,"{0: 0.6346320196959354, 1: 0.6346320196959354}","{0: 0.6346320196959354, 1: 0.6346320196959354}",0.6346320196959354,"[[407 230]
 [282 355]]",[0. 0. 1. ... 0. 1. 0.],[0. 1. 1. ... 1. 0. 0.]
99,logistic_regression,"{'penalty': None, 'solver': 'lbfgs'}",0.5961654677002847,0.08420971282783604,0.21257783837720778,0.15676744101976828,0.606288919188604,0.07838372050988412,0.5974455248547865,0.1962323390894819,0.598116169544741,0.598116169544741,"{0: 0.6346320196959354, 1: 0.6346320196959354}","{0: 0.6346320196959354, 1: 0.6346320196959354}",0.6346320196959354,"[[407 230]
 [282 355]]",[0. 0. 1. ... 0. 1. 0.],[0. 1. 1. ... 1. 0. 0.]
170,logistic_regression,"{'penalty': None, 'solver': 'lbfgs'}",0.5961654677002847,0.08420971282783604,0.21257783837720778,0.15676744101976828,0.606288919188604,0.07838372050988412,0.5974455248547865,0.1962323390894819,0.598116169544741,0.598116169544741,"{0: 0.6346320196959354, 1: 0.6346320196959354}","{0: 0.6346320196959354, 1: 0.6346320196959354}",0.6346320196959354,"[[407 230]
 [282 355]]",[0. 0. 1. ... 0. 1. 0.],[0. 1. 1. ... 1. 0. 0.]
291,logistic_regression,"{'penalty': None, 'solver': 'lbfgs'}",0.5961654677002847,0.08420971282783604,0.21257783837720778,0.15676744101976828,0.606288919188604,0.07838372050988412,0.5974455248547865,0.1962323390894819,0.598116169544741,0.598116169544741,"{0: 0.6346320196959354, 1: 0.6346320196959354}","{0: 0.6346320196959354, 1: 0.6346320196959354}",0.6346320196959354,"[[407 230]
 [282 355]]",[0. 0. 1. ... 0. 1. 0.],[0. 1. 1. ... 1. 0. 0.]
780,logistic_regression,"{'penalty': None, 'solver': 'lbfgs'}",0.5961654677002847,0.08420971282783604,0.21257783837720778,0.15676744101976828,0.606288919188604,0.07838372050988412,0.5974455248547865,0.1962323390894819,0.598116169544741,0.598116169544741,"{0: 0.6346320196959354, 1: 0.6346320196959354}","{0: 0.6346320196959354, 1: 0.6346320196959354}",0.6346320196959354,"[[407 230]
 [282 355]]",[0. 0. 1. ... 0. 1. 0.],[0. 1. 1. ... 1. 0. 0.]
76,logistic_regression,"{'penalty': None, 'solver': 'lbfgs'}",0.5961654677002847,0.08420971282783604,0.21257783837720778,0.15676744101976828,0.606288919188604,0.07838372050988412,0.5974455248547865,0.1962323390894819,0.598116169544741,0.598116169544741,"{0: 0.6346320196959354, 1: 0.6346320196959354}","{0: 0.6346320196959354, 1: 0.6346320196959354}",0.6346320196959354,"[[407 230]
 [282 355]]",[0. 0. 1. ... 0. 1. 0.],[0. 1. 1. ... 1. 0. 0.]
935,AdaBoost,"{'algorithm': 'SAMME', 'learning_rate': 0.9979591836734693, 'n_estimators': 63}",0.6011159154463602,0.08843173125538305,0.2122377644775387,0.17399454182802454,0.6061188822387693,0.08699727091401226,0.5909184757051722,0.18210361067503922,0.5910518053375197,0.5910518053375196,"{0: 0.6148485961224244, 1: 0.6148485961224244}","{0: 0.6148485961224244, 1: 0.6148485961224244}",0.6148485961224244,"[[388 249]
 [272 365]]",[1. 0. 1. ... 0. 1. 0.],[0. 1. 1. ... 1. 0. 0.]
242,SVC,"{'C': 10, 'gamma': 0.01, 'kernel': 'rbf'}",0.5946168304263884,0.11211097137201205,0.20988898241538245,0.21507570994125244,0.6049444912076912,0.10753785497062622,0.6083067586752984,0.21978021978021978,0.6098901098901099,0.6098901098901099,"{0: 0.6375142014298777, 1: 0.6375142014298776}","{0: 0.6375142014298777, 1: 0.6375142014298776}",0.6375142014298776,"[[429 208]
 [289 348]]",[0. 0. 1. ... 0. 1. 0.],[0. 1. 1. ... 1. 0. 0.]
85,SVC,"{'C': 100, 'gamma': 0.001, 'kernel': 'rbf'}",0.5936949516699979,0.09352887850459872,0.20943046678687388,0.18156419566783502,0.604715233393437,0.09078209783391751,0.5969340403862168,0.19780219780219777,0.5989010989010989,0.598901098901099,"{0: 0.6376238697386936, 1: 0.6376238697386936}","{0: 0.6376238697386936, 1: 0.6376238697386936}",0.6376238697386936,"[[426 211]
 [300 337]]",[0. 0. 1. ... 0. 1. 0.],[0. 1. 1. ... 1. 0. 0.]
61,logistic_regression,"{'penalty': None, 'solver': 'newton-cg'}",0.5943091976894034,0.08403517054958913,0.20910561615498557,0.15598276197740127,0.6045528080774928,0.07799138098870062,0.5958201659095398,0.19309262166405028,0.5965463108320251,0.596546310832025,"{0: 0.6348513563135676, 1: 0.6348513563135676}","{0: 0.6348513563135676, 1: 0.6348513563135676}",0.6348513563135676,"[[407 230]
 [284 353]]",[0. 0. 1. ... 0. 1. 0.],[0. 1. 1. ... 1. 0. 0.]
849,logistic_regression,"{'penalty': None, 'solver': 'newton-cg'}",0.5943091976894034,0.08403517054958913,0.20910561615498557,0.15598276197740127,0.6045528080774928,0.07799138098870062,0.5958201659095398,0.19309262166405028,0.5965463108320251,0.596546310832025,"{0: 0.6348513563135676, 1: 0.6348513563135676}","{0: 0.6348513563135676, 1: 0.6348513563135676}",0.6348513563135676,"[[407 230]
 [284 353]]",[0. 0. 1. ... 0. 1. 0.],[0. 1. 1. ... 1. 0. 0.]
723,logistic_regression,"{'penalty': None, 'solver': 'newton-cg'}",0.5943091976894034,0.08403517054958913,0.20910561615498557,0.15598276197740127,0.6045528080774928,0.07799138098870062,0.5958201659095398,0.19309262166405028,0.5965463108320251,0.596546310832025,"{0: 0.6348513563135676, 1: 0.6348513563135676}","{0: 0.6348513563135676, 1: 0.6348513563135676}",0.6348513563135676,"[[407 230]
 [284 353]]",[0. 0. 1. ... 0. 1. 0.],[0. 1. 1. ... 1. 0. 0.]
944,logistic_regression,"{'penalty': None, 'solver': 'newton-cg'}",0.5943091976894034,0.08403517054958913,0.20910561615498557,0.15598276197740127,0.6045528080774928,0.07799138098870062,0.5958201659095398,0.19309262166405028,0.5965463108320251,0.596546310832025,"{0: 0.6348513563135676, 1: 0.6348513563135676}","{0: 0.6348513563135676, 1: 0.6348513563135676}",0.6348513563135676,"[[407 230]
 [284 353]]",[0. 0. 1. ... 0. 1. 0.],[0. 1. 1. ... 1. 0. 0.]
446,logistic_regression,"{'penalty': None, 'solver': 'newton-cg'}",0.5943091976894034,0.08403517054958913,0.20910561615498557,0.15598276197740127,0.6045528080774928,0.07799138098870062,0.5958201659095398,0.19309262166405028,0.5965463108320251,0.596546310832025,"{0: 0.6348513563135676, 1: 0.6348513563135676}","{0: 0.6348513563135676, 1: 0.6348513563135676}",0.6348513563135676,"[[407 230]
 [284 353]]",[0. 0. 1. ... 0. 1. 0.],[0. 1. 1. ... 1. 0. 0.]
82,logistic_regression,"{'penalty': None, 'solver': 'newton-cg'}",0.5943091976894034,0.08403517054958913,0.20910561615498557,0.15598276197740127,0.6045528080774928,0.07799138098870062,0.5958201659095398,0.19309262166405028,0.5965463108320251,0.596546310832025,"{0: 0.6348513563135676, 1: 0.6348513563135676}","{0: 0.6348513563135676, 1: 0.6348513563135676}",0.6348513563135676,"[[407 230]
 [284 353]]",[0. 0. 1. ... 0. 1. 0.],[0. 1. 1. ... 1. 0. 0.]
114,logistic_regression,"{'penalty': None, 'solver': 'newton-cg'}",0.5943091976894034,0.08403517054958913,0.20910561615498557,0.15598276197740127,0.6045528080774928,0.07799138098870062,0.5958201659095398,0.19309262166405028,0.5965463108320251,0.596546310832025,"{0: 0.6348513563135676, 1: 0.6348513563135676}","{0: 0.6348513563135676, 1: 0.6348513563135676}",0.6348513563135676,"[[407 230]
 [284 353]]",[0. 0. 1. ... 0. 1. 0.],[0. 1. 1. ... 1. 0. 0.]
632,logistic_regression,"{'penalty': None, 'solver': 'newton-cg'}",0.5943091976894034,0.08403517054958913,0.20910561615498557,0.15598276197740127,0.6045528080774928,0.07799138098870062,0.5958201659095398,0.19309262166405028,0.5965463108320251,0.596546310832025,"{0: 0.6348513563135676, 1: 0.6348513563135676}","{0: 0.6348513563135676, 1: 0.6348513563135676}",0.6348513563135676,"[[407 230]
 [284 353]]",[0. 0. 1. ... 0. 1. 0.],[0. 1. 1. ... 1. 0. 0.]
8,logistic_regression,"{'penalty': None, 'solver': 'newton-cg'}",0.5943091976894034,0.08403517054958913,0.20910561615498557,0.15598276197740127,0.6045528080774928,0.07799138098870062,0.5958201659095398,0.19309262166405028,0.5965463108320251,0.596546310832025,"{0: 0.6348513563135676, 1: 0.6348513563135676}","{0: 0.6348513563135676, 1: 0.6348513563135676}",0.6348513563135676,"[[407 230]
 [284 353]]",[0. 0. 1. ... 0. 1. 0.],[0. 1. 1. ... 1. 0. 0.]
13,logistic_regression,"{'penalty': None, 'solver': 'newton-cg'}",0.5943091976894034,0.08403517054958913,0.20910561615498557,0.15598276197740127,0.6045528080774928,0.07799138098870062,0.5958201659095398,0.19309262166405028,0.5965463108320251,0.596546310832025,"{0: 0.6348513563135676, 1: 0.6348513563135676}","{0: 0.6348513563135676, 1: 0.6348513563135676}",0.6348513563135676,"[[407 230]
 [284 353]]",[0. 0. 1. ... 0. 1. 0.],[0. 1. 1. ... 1. 0. 0.]
18,logistic_regression,"{'penalty': None, 'solver': 'newton-cg'}",0.5943091976894034,0.08403517054958913,0.20910561615498557,0.15598276197740127,0.6045528080774928,0.07799138098870062,0.5958201659095398,0.19309262166405028,0.5965463108320251,0.596546310832025,"{0: 0.6348513563135676, 1: 0.6348513563135676}","{0: 0.6348513563135676, 1: 0.6348513563135676}",0.6348513563135676,"[[407 230]
 [284 353]]",[0. 0. 1. ... 0. 1. 0.],[0. 1. 1. ... 1. 0. 0.]
284,AdaBoost,"{'algorithm': 'SAMME', 'learning_rate': 1.4061224489795918, 'n_estimators': 52}",0.598647423742657,0.10446931979724544,0.2090504579504271,0.20662318302911561,0.6045252289752135,0.10331159151455781,0.5973190834163572,0.19466248037676614,0.597331240188383,0.597331240188383,"{0: 0.6042834716304104, 1: 0.6042834716304104}","{0: 0.6042834716304104, 1: 0.6042834716304104}",0.6042834716304104,"[[384 253]
 [260 377]]",[1. 0. 1. ... 0. 1. 0.],[0. 1. 1. ... 1. 0. 0.]
340,logistic_regression,"{'penalty': None, 'solver': 'saga'}",0.5941804857313061,0.08154335858559521,0.208230058290509,0.15256887765464267,0.6041150291452545,0.07628443882732133,0.5988546111901375,0.19937205651491363,0.5996860282574569,0.5996860282574568,"{0: 0.6358469966902351, 1: 0.6358469966902351}","{0: 0.6358469966902351, 1: 0.6358469966902351}",0.6358469966902351,"[[411 226]
 [284 353]]",[0. 0. 1. ... 0. 1. 0.],[0. 1. 1. ... 1. 0. 0.]
138,logistic_regression,"{'penalty': None, 'solver': 'saga'}",0.5941804857313061,0.08154335858559521,0.208230058290509,0.15256887765464267,0.6041150291452545,0.07628443882732133,0.5988546111901375,0.19937205651491363,0.5996860282574569,0.5996860282574568,"{0: 0.6358568545157467, 1: 0.6358568545157467}","{0: 0.6358568545157467, 1: 0.6358568545157467}",0.6358568545157467,"[[411 226]
 [284 353]]",[0. 0. 1. ... 0. 1. 0.],[0. 1. 1. ... 1. 0. 0.]
819,logistic_regression,"{'penalty': None, 'solver': 'saga'}",0.5941804857313061,0.08154335858559521,0.208230058290509,0.15256887765464267,0.6041150291452545,0.07628443882732133,0.5988546111901375,0.19937205651491363,0.5996860282574569,0.5996860282574568,"{0: 0.6358445322338571, 1: 0.6358445322338573}","{0: 0.6358445322338571, 1: 0.6358445322338573}",0.6358445322338573,"[[411 226]
 [284 353]]",[0. 0. 1. ... 0. 1. 0.],[0. 1. 1. ... 1. 0. 0.]
490,logistic_regression,"{'penalty': None, 'solver': 'saga'}",0.5941804857313061,0.08154335858559521,0.208230058290509,0.15256887765464267,0.6041150291452545,0.07628443882732133,0.5988546111901375,0.19937205651491363,0.5996860282574569,0.5996860282574568,"{0: 0.6358667123412582, 1: 0.6358667123412582}","{0: 0.6358667123412582, 1: 0.6358667123412582}",0.6358667123412582,"[[411 226]
 [284 353]]",[0. 0. 1. ... 0. 1. 0.],[0. 1. 1. ... 1. 0. 0.]
943,randomforest,"{'criterion': 'entropy', 'max_features': None, 'n_estimators': 485}",0.5989645596412749,0.09396303548843687,0.20799041839272459,0.18246164587787822,0.6039952091963623,0.09123082293893914,0.6003406989134985,0.2009419152276295,0.6004709576138147,0.6004709576138147,"{0: 0.6152034778408404, 1: 0.6152034778408404}","{0: 0.6152034778408404, 1: 0.6152034778408404}",0.6152034778408404,"[[371 266]
 [243 394]]",[1. 0. 1. ... 0. 1. 0.],[0. 1. 1. ... 1. 0. 0.]
637,SVC,"{'C': 100, 'gamma': 0.001, 'kernel': 'rbf'}",0.5930887822866712,0.09378684761716218,0.2075522059173086,0.18162304236593996,0.6037761029586544,0.09081152118296998,0.5961895139822649,0.1962323390894819,0.598116169544741,0.598116169544741,"{0: 0.6349487023404943, 1: 0.6349487023404943}","{0: 0.6349487023404943, 1: 0.6349487023404943}",0.6349487023404943,"[[425 212]
 [300 337]]",[0. 0. 1. ... 0. 1. 0.],[0. 1. 1. ... 1. 0. 0.]
662,logistic_regression,"{'penalty': None, 'solver': 'sag'}",0.5929760585160923,0.08199633686376558,0.2073144572674911,0.15189948277000775,0.6036572286337455,0.07594974138500389,0.5979794424323264,0.19780219780219777,0.5989010989010989,0.5989010989010989,"{0: 0.6355759064886672, 1: 0.6355759064886672}","{0: 0.6355759064886672, 1: 0.6355759064886672}",0.6355759064886672,"[[412 225]
 [286 351]]",[0. 0. 1. ... 0. 1. 0.],[0. 1. 1. ... 1. 0. 0.]
194,logistic_regression,"{'penalty': None, 'solver': 'sag'}",0.5929760585160923,0.08199633686376558,0.2073144572674911,0.15189948277000775,0.6036572286337455,0.07594974138500389,0.5979794424323264,0.19780219780219777,0.5989010989010989,0.5989010989010989,"{0: 0.635558655294022, 1: 0.635558655294022}","{0: 0.635558655294022, 1: 0.635558655294022}",0.635558655294022,"[[412 225]
 [286 351]]",[0. 0. 1. ... 0. 1. 0.],[0. 1. 1. ... 1. 0. 0.]
241,logistic_regression,"{'penalty': None, 'solver': 'sag'}",0.5929760585160923,0.08199633686376558,0.2073144572674911,0.15189948277000775,0.6036572286337455,0.07594974138500389,0.5979794424323264,0.19780219780219777,0.5989010989010989,0.5989010989010989,"{0: 0.6355906932269346, 1: 0.6355906932269346}","{0: 0.6355906932269346, 1: 0.6355906932269346}",0.6355906932269346,"[[412 225]
 [286 351]]",[0. 0. 1. ... 0. 1. 0.],[0. 1. 1. ... 1. 0. 0.]
126,logistic_regression,"{'penalty': None, 'solver': 'sag'}",0.5929760585160923,0.08199633686376558,0.2073144572674911,0.15189948277000775,0.6036572286337455,0.07594974138500389,0.5979794424323264,0.19780219780219777,0.5989010989010989,0.5989010989010989,"{0: 0.6355611197503999, 1: 0.6355611197503999}","{0: 0.6355611197503999, 1: 0.6355611197503999}",0.6355611197503999,"[[412 225]
 [286 351]]",[0. 0. 1. ... 0. 1. 0.],[0. 1. 1. ... 1. 0. 0.]
475,logistic_regression,"{'penalty': None, 'solver': 'sag'}",0.5929760585160923,0.08199633686376558,0.2073144572674911,0.15189948277000775,0.6036572286337455,0.07594974138500389,0.5979794424323264,0.19780219780219777,0.5989010989010989,0.5989010989010989,"{0: 0.6355783709450451, 1: 0.6355783709450451}","{0: 0.6355783709450451, 1: 0.6355783709450451}",0.6355783709450451,"[[412 225]
 [286 351]]",[0. 0. 1. ... 0. 1. 0.],[0. 1. 1. ... 1. 0. 0.]
993,logistic_regression,"{'penalty': None, 'solver': 'sag'}",0.5929760585160923,0.08199633686376558,0.2073144572674911,0.15189948277000775,0.6036572286337455,0.07594974138500389,0.5979794424323264,0.19780219780219777,0.5989010989010989,0.5989010989010989,"{0: 0.6355857643141788, 1: 0.6355857643141787}","{0: 0.6355857643141788, 1: 0.6355857643141787}",0.6355857643141787,"[[412 225]
 [286 351]]",[0. 0. 1. ... 0. 1. 0.],[0. 1. 1. ... 1. 0. 0.]
543,logistic_regression,"{'penalty': None, 'solver': 'sag'}",0.5929760585160923,0.08199633686376558,0.2073144572674911,0.15189948277000775,0.6036572286337455,0.07594974138500389,0.5979794424323264,0.19780219780219777,0.5989010989010989,0.5989010989010989,"{0: 0.6355832998578009, 1: 0.6355832998578009}","{0: 0.6355832998578009, 1: 0.6355832998578009}",0.6355832998578009,"[[412 225]
 [286 351]]",[0. 0. 1. ... 0. 1. 0.],[0. 1. 1. ... 1. 0. 0.]
278,logistic_regression,"{'penalty': None, 'solver': 'saga'}",0.5929430691930421,0.08312409908027779,0.20649092785572634,0.15418065124248975,0.6032454639278632,0.07709032562124488,0.5980390159268212,0.19780219780219777,0.5989010989010989,0.5989010989010989,"{0: 0.6358371388647236, 1: 0.6358371388647235}","{0: 0.6358371388647236, 1: 0.6358371388647235}",0.6358371388647235,"[[411 226]
 [285 352]]",[0. 0. 1. ... 0. 1. 0.],[0. 1. 1. ... 1. 0. 0.]
314,logistic_regression,"{'penalty': None, 'solver': 'saga'}",0.5929430691930421,0.08312409908027779,0.20649092785572634,0.15418065124248975,0.6032454639278632,0.07709032562124488,0.5980390159268212,0.19780219780219777,0.5989010989010989,0.5989010989010989,"{0: 0.6358322099519678, 1: 0.6358322099519678}","{0: 0.6358322099519678, 1: 0.6358322099519678}",0.6358322099519678,"[[411 226]
 [285 352]]",[0. 0. 1. ... 0. 1. 0.],[0. 1. 1. ... 1. 0. 0.]
205,logistic_regression,"{'penalty': None, 'solver': 'saga'}",0.5929430691930421,0.08312409908027779,0.20649092785572634,0.15418065124248975,0.6032454639278632,0.07709032562124488,0.5980390159268212,0.19780219780219777,0.5989010989010989,0.5989010989010989,"{0: 0.6358371388647236, 1: 0.6358371388647235}","{0: 0.6358371388647236, 1: 0.6358371388647235}",0.6358371388647235,"[[411 226]
 [285 352]]",[0. 0. 1. ... 0. 1. 0.],[0. 1. 1. ... 1. 0. 0.]
327,logistic_regression,"{'penalty': None, 'solver': 'saga'}",0.5929430691930421,0.08312409908027779,0.20649092785572634,0.15418065124248975,0.6032454639278632,0.07709032562124488,0.5980390159268212,0.19780219780219777,0.5989010989010989,0.5989010989010989,"{0: 0.6358469966902351, 1: 0.6358469966902351}","{0: 0.6358469966902351, 1: 0.6358469966902351}",0.6358469966902351,"[[411 226]
 [285 352]]",[0. 0. 1. ... 0. 1. 0.],[0. 1. 1. ... 1. 0. 0.]
255,logistic_regression,"{'penalty': None, 'solver': 'saga'}",0.5929430691930421,0.08312409908027779,0.20649092785572634,0.15418065124248975,0.6032454639278632,0.07709032562124488,0.5980390159268212,0.19780219780219777,0.5989010989010989,0.5989010989010989,"{0: 0.6358272810392118, 1: 0.635827281039212}","{0: 0.6358272810392118, 1: 0.635827281039212}",0.635827281039212,"[[411 226]
 [285 352]]",[0. 0. 1. ... 0. 1. 0.],[0. 1. 1. ... 1. 0. 0.]
302,logistic_regression,"{'penalty': None, 'solver': 'saga'}",0.5929430691930421,0.08312409908027779,0.20649092785572634,0.15418065124248975,0.6032454639278632,0.07709032562124488,0.5980390159268212,0.19780219780219777,0.5989010989010989,0.5989010989010989,"{0: 0.6358420677774794, 1: 0.6358420677774793}","{0: 0.6358420677774794, 1: 0.6358420677774793}",0.6358420677774793,"[[411 226]
 [285 352]]",[0. 0. 1. ... 0. 1. 0.],[0. 1. 1. ... 1. 0. 0.]
881,logistic_regression,"{'penalty': None, 'solver': 'saga'}",0.5929430691930421,0.08312409908027779,0.20649092785572634,0.15418065124248975,0.6032454639278632,0.07709032562124488,0.5980390159268212,0.19780219780219777,0.5989010989010989,0.5989010989010989,"{0: 0.6358691767976361, 1: 0.6358691767976361}","{0: 0.6358691767976361, 1: 0.6358691767976361}",0.6358691767976361,"[[411 226]
 [285 352]]",[0. 0. 1. ... 0. 1. 0.],[0. 1. 1. ... 1. 0. 0.]
736,logistic_regression,"{'penalty': None, 'solver': 'saga'}",0.5929430691930421,0.08312409908027779,0.20649092785572634,0.15418065124248975,0.6032454639278632,0.07709032562124488,0.5980390159268212,0.19780219780219777,0.5989010989010989,0.5989010989010989,"{0: 0.6358346744083456, 1: 0.6358346744083456}","{0: 0.6358346744083456, 1: 0.6358346744083456}",0.6358346744083456,"[[411 226]
 [285 352]]",[0. 0. 1. ... 0. 1. 0.],[0. 1. 1. ... 1. 0. 0.]
159,logistic_regression,"{'penalty': None, 'solver': 'saga'}",0.5929430691930421,0.08312409908027779,0.20649092785572634,0.15418065124248975,0.6032454639278632,0.07709032562124488,0.5980390159268212,0.19780219780219777,0.5989010989010989,0.5989010989010989,"{0: 0.6358396033211015, 1: 0.6358396033211015}","{0: 0.6358396033211015, 1: 0.6358396033211015}",0.6358396033211015,"[[411 226]
 [285 352]]",[0. 0. 1. ... 0. 1. 0.],[0. 1. 1. ... 1. 0. 0.]
182,logistic_regression,"{'penalty': None, 'solver': 'saga'}",0.5929430691930421,0.08312409908027779,0.20649092785572634,0.15418065124248975,0.6032454639278632,0.07709032562124488,0.5980390159268212,0.19780219780219777,0.5989010989010989,0.5989010989010989,"{0: 0.6358346744083456, 1: 0.6358346744083456}","{0: 0.6358346744083456, 1: 0.6358346744083456}",0.6358346744083456,"[[411 226]
 [285 352]]",[0. 0. 1. ... 0. 1. 0.],[0. 1. 1. ... 1. 0. 0.]
912,logistic_regression,"{'penalty': None, 'solver': 'saga'}",0.5929430691930421,0.08312409908027779,0.20649092785572634,0.15418065124248975,0.6032454639278632,0.07709032562124488,0.5980390159268212,0.19780219780219777,0.5989010989010989,0.5989010989010989,"{0: 0.635824816582834, 1: 0.635824816582834}","{0: 0.635824816582834, 1: 0.635824816582834}",0.635824816582834,"[[411 226]
 [285 352]]",[0. 0. 1. ... 0. 1. 0.],[0. 1. 1. ... 1. 0. 0.]
604,logistic_regression,"{'penalty': None, 'solver': 'saga'}",0.5929430691930421,0.08312409908027779,0.20649092785572634,0.15418065124248975,0.6032454639278632,0.07709032562124488,0.5980390159268212,0.19780219780219777,0.5989010989010989,0.5989010989010989,"{0: 0.6358543900593688, 1: 0.6358543900593687}","{0: 0.6358543900593688, 1: 0.6358543900593687}",0.6358543900593687,"[[411 226]
 [285 352]]",[0. 0. 1. ... 0. 1. 0.],[0. 1. 1. ... 1. 0. 0.]
229,logistic_regression,"{'penalty': None, 'solver': 'saga'}",0.5929430691930421,0.08312409908027779,0.20649092785572634,0.15418065124248975,0.6032454639278632,0.07709032562124488,0.5980390159268212,0.19780219780219777,0.5989010989010989,0.5989010989010989,"{0: 0.6358888924486592, 1: 0.6358888924486592}","{0: 0.6358888924486592, 1: 0.6358888924486592}",0.6358888924486592,"[[411 226]
 [285 352]]",[0. 0. 1. ... 0. 1. 0.],[0. 1. 1. ... 1. 0. 0.]
866,logistic_regression,"{'penalty': None, 'solver': 'saga'}",0.5929430691930421,0.08312409908027779,0.20649092785572634,0.15418065124248975,0.6032454639278632,0.07709032562124488,0.5980390159268212,0.19780219780219777,0.5989010989010989,0.5989010989010989,"{0: 0.6358198876700782, 1: 0.6358198876700782}","{0: 0.6358198876700782, 1: 0.6358198876700782}",0.6358198876700782,"[[411 226]
 [285 352]]",[0. 0. 1. ... 0. 1. 0.],[0. 1. 1. ... 1. 0. 0.]
767,logistic_regression,"{'penalty': None, 'solver': 'saga'}",0.5929430691930421,0.08312409908027779,0.20649092785572634,0.15418065124248975,0.6032454639278632,0.07709032562124488,0.5980390159268212,0.19780219780219777,0.5989010989010989,0.5989010989010989,"{0: 0.6358174232137005, 1: 0.6358174232137004}","{0: 0.6358174232137005, 1: 0.6358174232137004}",0.6358174232137004,"[[411 226]
 [285 352]]",[0. 0. 1. ... 0. 1. 0.],[0. 1. 1. ... 1. 0. 0.]
930,logistic_regression,"{'penalty': None, 'solver': 'saga'}",0.5929430691930421,0.08312409908027779,0.20649092785572634,0.15418065124248975,0.6032454639278632,0.07709032562124488,0.5980390159268212,0.19780219780219777,0.5989010989010989,0.5989010989010989,"{0: 0.6358198876700784, 1: 0.6358198876700784}","{0: 0.6358198876700784, 1: 0.6358198876700784}",0.6358198876700784,"[[411 226]
 [285 352]]",[0. 0. 1. ... 0. 1. 0.],[0. 1. 1. ... 1. 0. 0.]
434,logistic_regression,"{'penalty': None, 'solver': 'saga'}",0.5929430691930421,0.08312409908027779,0.20649092785572634,0.15418065124248975,0.6032454639278632,0.07709032562124488,0.5980390159268212,0.19780219780219777,0.5989010989010989,0.5989010989010989,"{0: 0.6358297454955899, 1: 0.6358297454955899}","{0: 0.6358297454955899, 1: 0.6358297454955899}",0.6358297454955899,"[[411 226]
 [285 352]]",[0. 0. 1. ... 0. 1. 0.],[0. 1. 1. ... 1. 0. 0.]
50,logistic_regression,"{'penalty': None, 'solver': 'saga'}",0.5929430691930421,0.08312409908027779,0.20649092785572634,0.15418065124248975,0.6032454639278632,0.07709032562124488,0.5980390159268212,0.19780219780219777,0.5989010989010989,0.5989010989010989,"{0: 0.6358765701667698, 1: 0.6358765701667698}","{0: 0.6358765701667698, 1: 0.6358765701667698}",0.6358765701667698,"[[411 226]
 [285 352]]",[0. 0. 1. ... 0. 1. 0.],[0. 1. 1. ... 1. 0. 0.]
835,logistic_regression,"{'penalty': None, 'solver': 'saga'}",0.5929430691930421,0.08312409908027779,0.20649092785572634,0.15418065124248975,0.6032454639278632,0.07709032562124488,0.5980390159268212,0.19780219780219777,0.5989010989010989,0.5989010989010989,"{0: 0.6358322099519678, 1: 0.6358322099519678}","{0: 0.6358322099519678, 1: 0.6358322099519678}",0.6358322099519678,"[[411 226]
 [285 352]]",[0. 0. 1. ... 0. 1. 0.],[0. 1. 1. ... 1. 0. 0.]
679,logistic_regression,"{'penalty': None, 'solver': 'saga'}",0.5929430691930421,0.08312409908027779,0.20649092785572634,0.15418065124248975,0.6032454639278632,0.07709032562124488,0.5980390159268212,0.19780219780219777,0.5989010989010989,0.5989010989010989,"{0: 0.6358543900593687, 1: 0.6358543900593687}","{0: 0.6358543900593687, 1: 0.6358543900593687}",0.6358543900593687,"[[411 226]
 [285 352]]",[0. 0. 1. ... 0. 1. 0.],[0. 1. 1. ... 1. 0. 0.]
502,logistic_regression,"{'penalty': None, 'solver': 'saga'}",0.5929430691930421,0.08312409908027779,0.20649092785572634,0.15418065124248975,0.6032454639278632,0.07709032562124488,0.5980390159268212,0.19780219780219777,0.5989010989010989,0.5989010989010989,"{0: 0.635824816582834, 1: 0.6358248165828341}","{0: 0.635824816582834, 1: 0.6358248165828341}",0.6358248165828341,"[[411 226]
 [285 352]]",[0. 0. 1. ... 0. 1. 0.],[0. 1. 1. ... 1. 0. 0.]
976,logistic_regression,"{'penalty': None, 'solver': 'saga'}",0.5929430691930421,0.08312409908027779,0.20649092785572634,0.15418065124248975,0.6032454639278632,0.07709032562124488,0.5980390159268212,0.19780219780219777,0.5989010989010989,0.5989010989010989,"{0: 0.635805100931811, 1: 0.635805100931811}","{0: 0.635805100931811, 1: 0.635805100931811}",0.635805100931811,"[[411 226]
 [285 352]]",[0. 0. 1. ... 0. 1. 0.],[0. 1. 1. ... 1. 0. 0.]
572,logistic_regression,"{'penalty': None, 'solver': 'saga'}",0.5929430691930421,0.08312409908027779,0.20649092785572634,0.15418065124248975,0.6032454639278632,0.07709032562124488,0.5980390159268212,0.19780219780219777,0.5989010989010989,0.5989010989010989,"{0: 0.6358420677774793, 1: 0.6358420677774793}","{0: 0.6358420677774793, 1: 0.6358420677774793}",0.6358420677774793,"[[411 226]
 [285 352]]",[0. 0. 1. ... 0. 1. 0.],[0. 1. 1. ... 1. 0. 0.]
693,logistic_regression,"{'penalty': None, 'solver': 'saga'}",0.5929430691930421,0.08312409908027779,0.20649092785572634,0.15418065124248975,0.6032454639278632,0.07709032562124488,0.5980390159268212,0.19780219780219777,0.5989010989010989,0.5989010989010989,"{0: 0.6358322099519678, 1: 0.6358322099519678}","{0: 0.6358322099519678, 1: 0.6358322099519678}",0.6358322099519678,"[[411 226]
 [285 352]]",[0. 0. 1. ... 0. 1. 0.],[0. 1. 1. ... 1. 0. 0.]
421,logistic_regression,"{'penalty': None, 'solver': 'saga'}",0.5929430691930421,0.08312409908027779,0.20649092785572634,0.15418065124248975,0.6032454639278632,0.07709032562124488,0.5980390159268212,0.19780219780219777,0.5989010989010989,0.5989010989010989,"{0: 0.6358420677774793, 1: 0.6358420677774793}","{0: 0.6358420677774793, 1: 0.6358420677774793}",0.6358420677774793,"[[411 226]
 [285 352]]",[0. 0. 1. ... 0. 1. 0.],[0. 1. 1. ... 1. 0. 0.]
90,logistic_regression,"{'penalty': None, 'solver': 'saga'}",0.5929430691930421,0.08312409908027779,0.20649092785572634,0.15418065124248975,0.6032454639278632,0.07709032562124488,0.5980390159268212,0.19780219780219777,0.5989010989010989,0.5989010989010989,"{0: 0.6358691767976361, 1: 0.6358691767976361}","{0: 0.6358691767976361, 1: 0.6358691767976361}",0.6358691767976361,"[[411 226]
 [285 352]]",[0. 0. 1. ... 0. 1. 0.],[0. 1. 1. ... 1. 0. 0.]
392,logistic_regression,"{'penalty': None, 'solver': 'saga'}",0.5929430691930421,0.08312409908027779,0.20649092785572634,0.15418065124248975,0.6032454639278632,0.07709032562124488,0.5980390159268212,0.19780219780219777,0.5989010989010989,0.5989010989010989,"{0: 0.6358322099519678, 1: 0.6358322099519678}","{0: 0.6358322099519678, 1: 0.6358322099519678}",0.6358322099519678,"[[411 226]
 [285 352]]",[0. 0. 1. ... 0. 1. 0.],[0. 1. 1. ... 1. 0. 0.]
380,logistic_regression,"{'penalty': None, 'solver': 'saga'}",0.5929430691930421,0.08312409908027779,0.20649092785572634,0.15418065124248975,0.6032454639278632,0.07709032562124488,0.5980390159268212,0.19780219780219777,0.5989010989010989,0.5989010989010989,"{0: 0.6358469966902351, 1: 0.6358469966902351}","{0: 0.6358469966902351, 1: 0.6358469966902351}",0.6358469966902351,"[[411 226]
 [285 352]]",[0. 0. 1. ... 0. 1. 0.],[0. 1. 1. ... 1. 0. 0.]
516,logistic_regression,"{'penalty': None, 'solver': 'saga'}",0.5929430691930421,0.08312409908027779,0.20649092785572634,0.15418065124248975,0.6032454639278632,0.07709032562124488,0.5980390159268212,0.19780219780219777,0.5989010989010989,0.5989010989010989,"{0: 0.6358297454955898, 1: 0.6358297454955899}","{0: 0.6358297454955898, 1: 0.6358297454955899}",0.6358297454955899,"[[411 226]
 [285 352]]",[0. 0. 1. ... 0. 1. 0.],[0. 1. 1. ... 1. 0. 0.]
15,logistic_regression,"{'penalty': None, 'solver': 'saga'}",0.5929430691930421,0.08312409908027779,0.20649092785572634,0.15418065124248975,0.6032454639278632,0.07709032562124488,0.5980390159268212,0.19780219780219777,0.5989010989010989,0.5989010989010989,"{0: 0.6358371388647236, 1: 0.6358371388647235}","{0: 0.6358371388647236, 1: 0.6358371388647235}",0.6358371388647235,"[[411 226]
 [285 352]]",[0. 0. 1. ... 0. 1. 0.],[0. 1. 1. ... 1. 0. 0.]
531,logistic_regression,"{'penalty': None, 'solver': 'saga'}",0.5929430691930421,0.08312409908027779,0.20649092785572634,0.15418065124248975,0.6032454639278632,0.07709032562124488,0.5980390159268212,0.19780219780219777,0.5989010989010989,0.5989010989010989,"{0: 0.6358568545157466, 1: 0.6358568545157466}","{0: 0.6358568545157466, 1: 0.6358568545157466}",0.6358568545157466,"[[411 226]
 [285 352]]",[0. 0. 1. ... 0. 1. 0.],[0. 1. 1. ... 1. 0. 0.]
461,logistic_regression,"{'penalty': None, 'solver': 'saga'}",0.5929430691930421,0.08312409908027779,0.20649092785572634,0.15418065124248975,0.6032454639278632,0.07709032562124488,0.5980390159268212,0.19780219780219777,0.5989010989010989,0.5989010989010989,"{0: 0.6358371388647236, 1: 0.6358371388647236}","{0: 0.6358371388647236, 1: 0.6358371388647236}",0.6358371388647236,"[[411 226]
 [285 352]]",[0. 0. 1. ... 0. 1. 0.],[0. 1. 1. ... 1. 0. 0.]
959,logistic_regression,"{'penalty': None, 'solver': 'saga'}",0.5922018496282931,0.08290502298690003,0.20531445726749106,0.15361871856927414,0.6026572286337455,0.07680935928463707,0.5972228054012533,0.1962323390894819,0.598116169544741,0.598116169544741,"{0: 0.6358322099519678, 1: 0.6358322099519678}","{0: 0.6358322099519678, 1: 0.6358322099519678}",0.6358322099519678,"[[411 226]
 [286 351]]",[0. 0. 1. ... 0. 1. 0.],[0. 1. 1. ... 1. 0. 0.]
618,logistic_regression,"{'penalty': None, 'solver': 'saga'}",0.5922018496282931,0.08290502298690003,0.20531445726749106,0.15361871856927414,0.6026572286337455,0.07680935928463707,0.5972228054012533,0.1962323390894819,0.598116169544741,0.598116169544741,"{0: 0.6358371388647235, 1: 0.6358371388647235}","{0: 0.6358371388647235, 1: 0.6358371388647235}",0.6358371388647235,"[[411 226]
 [286 351]]",[0. 0. 1. ... 0. 1. 0.],[0. 1. 1. ... 1. 0. 0.]
556,logistic_regression,"{'penalty': None, 'solver': 'saga'}",0.5922018496282931,0.08290502298690003,0.20531445726749106,0.15361871856927414,0.6026572286337455,0.07680935928463707,0.5972228054012533,0.1962323390894819,0.598116169544741,0.598116169544741,"{0: 0.6358593189721244, 1: 0.6358593189721246}","{0: 0.6358593189721244, 1: 0.6358593189721246}",0.6358593189721246,"[[411 226]
 [286 351]]",[0. 0. 1. ... 0. 1. 0.],[0. 1. 1. ... 1. 0. 0.]
897,logistic_regression,"{'penalty': None, 'solver': 'saga'}",0.5922018496282931,0.08290502298690003,0.20531445726749106,0.15361871856927414,0.6026572286337455,0.07680935928463707,0.5972228054012533,0.1962323390894819,0.598116169544741,0.598116169544741,"{0: 0.6358371388647235, 1: 0.6358371388647235}","{0: 0.6358371388647235, 1: 0.6358371388647235}",0.6358371388647235,"[[411 226]
 [286 351]]",[0. 0. 1. ... 0. 1. 0.],[0. 1. 1. ... 1. 0. 0.]
751,logistic_regression,"{'penalty': None, 'solver': 'saga'}",0.5922018496282931,0.08290502298690003,0.20531445726749106,0.15361871856927414,0.6026572286337455,0.07680935928463707,0.5972228054012533,0.1962323390894819,0.598116169544741,0.598116169544741,"{0: 0.6358297454955899, 1: 0.6358297454955899}","{0: 0.6358297454955899, 1: 0.6358297454955899}",0.6358297454955899,"[[411 226]
 [286 351]]",[0. 0. 1. ... 0. 1. 0.],[0. 1. 1. ... 1. 0. 0.]
646,logistic_regression,"{'penalty': None, 'solver': 'saga'}",0.5922018496282931,0.08290502298690003,0.20531445726749106,0.15361871856927414,0.6026572286337455,0.07680935928463707,0.5972228054012533,0.1962323390894819,0.598116169544741,0.598116169544741,"{0: 0.6358124943009446, 1: 0.6358124943009447}","{0: 0.6358124943009446, 1: 0.6358124943009447}",0.6358124943009447,"[[411 226]
 [286 351]]",[0. 0. 1. ... 0. 1. 0.],[0. 1. 1. ... 1. 0. 0.]
367,logistic_regression,"{'penalty': None, 'solver': 'saga'}",0.5922018496282931,0.08290502298690003,0.20531445726749106,0.15361871856927414,0.6026572286337455,0.07680935928463707,0.5972228054012533,0.1962323390894819,0.598116169544741,0.598116169544741,"{0: 0.6358543900593688, 1: 0.6358543900593687}","{0: 0.6358543900593688, 1: 0.6358543900593687}",0.6358543900593687,"[[411 226]
 [286 351]]",[0. 0. 1. ... 0. 1. 0.],[0. 1. 1. ... 1. 0. 0.]
354,logistic_regression,"{'penalty': None, 'solver': 'saga'}",0.5922018496282931,0.08290502298690003,0.20531445726749106,0.15361871856927414,0.6026572286337455,0.07680935928463707,0.5972228054012533,0.1962323390894819,0.598116169544741,0.598116169544741,"{0: 0.6358346744083456, 1: 0.6358346744083457}","{0: 0.6358346744083456, 1: 0.6358346744083457}",0.6358346744083457,"[[411 226]
 [286 351]]",[0. 0. 1. ... 0. 1. 0.],[0. 1. 1. ... 1. 0. 0.]
5,randomforest,"{'criterion': 'entropy', 'max_features': 'sqrt', 'n_estimators': 549}",0.5969163287750755,0.09372499110584588,0.20469437996015735,0.18046980098962856,0.6023471899800786,0.0902349004948143,0.5931810111849762,0.18681318681318682,0.5934065934065934,0.5934065934065934,"{0: 0.6135424342421427, 1: 0.6135424342421427}","{0: 0.6135424342421427, 1: 0.6135424342421427}",0.6135424342421427,"[[363 274]
 [244 393]]",[0. 0. 1. ... 0. 1. 0.],[0. 1. 1. ... 1. 0. 0.]
753,AdaBoost,"{'algorithm': 'SAMME.R', 'learning_rate': 0.1816326530612245, 'n_estimators': 52}",0.5936417939504919,0.08997228743901416,0.20286190157567263,0.17505098031274366,0.6014309507878364,0.08752549015637183,0.5847455058803155,0.17268445839874413,0.5863422291993721,0.5863422291993721,"{0: 0.6150617715991118, 1: 0.6150617715991118}","{0: 0.6150617715991118, 1: 0.6150617715991118}",0.6150617715991118,"[[413 224]
 [303 334]]",[1. 0. 1. ... 0. 1. 0.],[0. 1. 1. ... 1. 0. 0.]
452,SVC,"{'C': 1000, 'gamma': 0.0001, 'kernel': 'sigmoid'}",0.5899180586512144,0.07900093203278548,0.20242487643532708,0.15022098813908458,0.6012124382176636,0.07511049406954229,0.5946402633902287,0.1915227629513344,0.5957613814756672,0.5957613814756673,"{0: 0.6333554312921884, 1: 0.6333554312921884}","{0: 0.6333554312921884, 1: 0.6333554312921884}",0.6333554312921884,"[[413 224]
 [291 346]]",[0. 0. 1. ... 0. 1. 0.],[0. 1. 1. ... 1. 0. 0.]
180,SVC,"{'C': 1000, 'gamma': 0.0001, 'kernel': 'sigmoid'}",0.5900229539153474,0.07957007042069714,0.20211831926700521,0.14997072288703056,0.6010591596335025,0.07498536144351528,0.5947704506249432,0.1915227629513344,0.5957613814756672,0.5957613814756673,"{0: 0.6319851935460816, 1: 0.6319851935460816}","{0: 0.6319851935460816, 1: 0.6319851935460816}",0.6319851935460816,"[[411 226]
 [289 348]]",[0. 0. 1. ... 0. 1. 0.],[0. 1. 1. ... 1. 0. 0.]
635,AdaBoost,"{'algorithm': 'SAMME', 'learning_rate': 0.6714285714285714, 'n_estimators': 85}",0.5926358605715168,0.1016200578896593,0.20079753699541164,0.1963220360976268,0.6003987684977058,0.0981610180488134,0.5827988720085613,0.16797488226059654,0.5839874411302983,0.5839874411302983,"{0: 0.6120748504691093, 1: 0.6120748504691093}","{0: 0.6120748504691093, 1: 0.6120748504691093}",0.6120748504691093,"[[406 231]
 [299 338]]",[1. 0. 1. ... 0. 1. 0.],[0. 1. 1. ... 1. 0. 0.]
135,randomforest,"{'criterion': 'gini', 'max_features': 'log2', 'n_estimators': 451}",0.5946559666031161,0.0954519024306433,0.20079454034352173,0.18369292623537903,0.6003972701717609,0.09184646311768951,0.5905854022909809,0.18210361067503922,0.5910518053375197,0.5910518053375196,"{0: 0.6149582644312404, 1: 0.6149582644312405}","{0: 0.6149582644312404, 1: 0.6149582644312405}",0.6149582644312405,"[[355 282]
 [239 398]]",[0. 0. 1. ... 0. 1. 0.],[0. 1. 1. ... 1. 0. 0.]
444,randomforest,"{'criterion': 'entropy', 'max_features': 'log2', 'n_estimators': 59}",0.5955556269478194,0.10862488964748968,0.20056750864543443,0.21198192839283916,0.6002837543227172,0.1059909641964196,0.5851882547951693,0.17111459968602827,0.5855572998430141,0.5855572998430141,"{0: 0.6170037632248889, 1: 0.617003763224889}","{0: 0.6170037632248889, 1: 0.617003763224889}",0.617003763224889,"[[354 283]
 [245 392]]",[0. 0. 1. ... 0. 1. 0.],[0. 1. 1. ... 1. 0. 0.]
882,SVC,"{'C': 10, 'gamma': 0.001, 'kernel': 'rbf'}",0.5865915224336213,0.08890260059841147,0.2000100569211911,0.16304280685476996,0.6000050284605954,0.081521403427385,0.5966040648314895,0.1962323390894819,0.598116169544741,0.598116169544741,"{0: 0.6257525833663983, 1: 0.6257525833663982}","{0: 0.6257525833663983, 1: 0.6257525833663982}",0.6257525833663982,"[[420 217]
 [295 342]]",[0. 0. 1. ... 0. 1. 0.],[0. 1. 1. ... 1. 0. 0.]
781,SVC,"{'C': 10, 'gamma': 0.001, 'kernel': 'sigmoid'}",0.5853613537529343,0.0963145436100961,0.19988512399481181,0.17530589005870775,0.5999425619974059,0.08765294502935389,0.5971034407492658,0.19937205651491363,0.5996860282574569,0.5996860282574568,"{0: 0.6213855666647773, 1: 0.6213855666647773}","{0: 0.6213855666647773, 1: 0.6213855666647773}",0.6213855666647773,"[[433 204]
 [306 331]]",[0. 0. 1. ... 0. 1. 0.],[0. 1. 1. ... 1. 0. 0.]
214,randomforest,"{'criterion': 'entropy', 'max_features': None, 'n_estimators': 307}",0.594555095324745,0.10513084132305316,0.19913315391333736,0.20493084532389663,0.5995665769566687,0.1024654226619483,0.593262249614792,0.18681318681318682,0.5934065934065934,0.5934065934065934,"{0: 0.6116657507103795, 1: 0.6116657507103795}","{0: 0.6116657507103795, 1: 0.6116657507103795}",0.6116657507103795,"[[366 271]
 [247 390]]",[1. 0. 1. ... 0. 1. 0.],[0. 1. 1. ... 1. 0. 0.]
368,randomforest,"{'criterion': 'gini', 'max_features': None, 'n_estimators': 313}",0.5944407209882153,0.09728600814800294,0.19897705791968956,0.19079848593575716,0.5994885289598448,0.09539924296787859,0.5929642166344294,0.18681318681318682,0.5934065934065934,0.5934065934065934,"{0: 0.6145269845651096, 1: 0.6145269845651098}","{0: 0.6145269845651096, 1: 0.6145269845651098}",0.6145269845651098,"[[357 280]
 [238 399]]",[1. 0. 1. ... 0. 1. 0.],[0. 1. 1. ... 1. 0. 0.]
104,SVC,"{'C': 10, 'gamma': 0.001, 'kernel': 'rbf'}",0.5856260263568065,0.08735118848530733,0.1986120105231447,0.15989769699479447,0.5993060052615723,0.07994884849739727,0.595776934566607,0.19466248037676614,0.597331240188383,0.597331240188383,"{0: 0.6249097392851597, 1: 0.6249097392851598}","{0: 0.6249097392851597, 1: 0.6249097392851598}",0.6249097392851598,"[[420 217]
 [296 341]]",[0. 0. 1. ... 0. 1. 0.],[0. 1. 1. ... 1. 0. 0.]
500,SVC,"{'C': 100, 'gamma': 0.001, 'kernel': 'sigmoid'}",0.587333544857819,0.08603771646152555,0.19860849893672453,0.16210210002847483,0.5993042494683622,0.08105105001423742,0.591279724209039,0.18524332810047095,0.5926216640502355,0.5926216640502355,"{0: 0.6342697446083855, 1: 0.6342697446083856}","{0: 0.6342697446083855, 1: 0.6342697446083856}",0.6342697446083856,"[[414 223]
 [296 341]]",[0. 0. 1. ... 0. 1. 0.],[0. 1. 1. ... 1. 0. 0.]
328,AdaBoost,"{'algorithm': 'SAMME.R', 'learning_rate': 0.3448979591836735, 'n_estimators': 30}",0.5919099245014623,0.08983813360900365,0.19847385282419677,0.17419875365043003,0.5992369264120984,0.087099376825215,0.5824799246050187,0.16640502354788067,0.5832025117739403,0.5832025117739403,"{0: 0.6130902064967999, 1: 0.6130902064967999}","{0: 0.6130902064967999, 1: 0.6130902064967999}",0.6130902064967999,"[[398 239]
 [292 345]]",[1. 0. 1. ... 0. 1. 0.],[0. 1. 1. ... 1. 0. 0.]
365,SVC,"{'C': 10, 'gamma': 0.001, 'kernel': 'sigmoid'}",0.5839027435401186,0.09497500994453485,0.19793809063601372,0.17385544903962652,0.598969045318007,0.08692772451981326,0.5957240038872692,0.1962323390894819,0.598116169544741,0.598116169544741,"{0: 0.624726137285007, 1: 0.6247261372850069}","{0: 0.624726137285007, 1: 0.6247261372850069}",0.6247261372850069,"[[430 207]
 [305 332]]",[0. 0. 1. ... 0. 1. 0.],[0. 1. 1. ... 1. 0. 0.]
132,SVC,"{'C': 100, 'gamma': 0.01, 'kernel': 'rbf'}",0.5905498073370121,0.11087442223455958,0.1978053350757646,0.21264005375867784,0.5989026675378823,0.10632002687933893,0.6005382184475608,0.20251177394034536,0.6012558869701727,0.6012558869701727,"{0: 0.627300261971713, 1: 0.6273002619717131}","{0: 0.627300261971713, 1: 0.6273002619717131}",0.6273002619717131,"[[410 227]
 [281 356]]",[0. 0. 1. ... 0. 1. 0.],[0. 1. 1. ... 1. 0. 0.]
924,SVC,"{'C': 100, 'gamma': 0.0001, 'kernel': 'sigmoid'}",0.5839837737317829,0.09544180388552366,0.19780007860541857,0.17427381601698633,0.5989000393027093,0.08713690800849316,0.5955234542424003,0.1962323390894819,0.598116169544741,0.598116169544741,"{0: 0.6215605430676074, 1: 0.6215605430676074}","{0: 0.6215605430676074, 1: 0.6215605430676074}",0.6215605430676074,"[[432 205]
 [307 330]]",[0. 0. 1. ... 0. 1. 0.],[0. 1. 1. ... 1. 0. 0.]
301,randomforest,"{'criterion': 'entropy', 'max_features': 'log2', 'n_estimators': 553}",0.5934717831628067,0.09685625926400539,0.19770812229158644,0.18753980251777344,0.5988540611457932,0.09376990125888672,0.5892063253281314,0.1789638932496075,0.5894819466248038,0.5894819466248038,"{0: 0.6115905847908539, 1: 0.6115905847908538}","{0: 0.6115905847908539, 1: 0.6115905847908538}",0.6115905847908538,"[[359 278]
 [245 392]]",[1. 0. 1. ... 0. 1. 0.],[0. 1. 1. ... 1. 0. 0.]
3,randomforest,"{'criterion': 'entropy', 'max_features': 'sqrt', 'n_estimators': 429}",0.59380698507889,0.09159091753974545,0.19746105844976994,0.1805763597823967,0.598730529224885,0.09028817989119838,0.5897320106603494,0.18053375196232335,0.5902668759811617,0.5902668759811617,"{0: 0.6102375982393924, 1: 0.6102375982393924}","{0: 0.6102375982393924, 1: 0.6102375982393924}",0.6102375982393924,"[[353 284]
 [238 399]]",[0. 0. 1. ... 0. 1. 0.],[0. 1. 1. ... 1. 0. 0.]
755,SVC,"{'C': 100, 'gamma': 0.0001, 'kernel': 'sigmoid'}",0.5841362932968153,0.0942165333253301,0.19713341193875195,0.17391309051917173,0.598566705969376,0.08695654525958586,0.5956247566760648,0.1962323390894819,0.598116169544741,0.598116169544741,"{0: 0.620631443013143, 1: 0.620631443013143}","{0: 0.620631443013143, 1: 0.620631443013143}",0.620631443013143,"[[431 206]
 [306 331]]",[0. 0. 1. ... 0. 1. 0.],[0. 1. 1. ... 1. 0. 0.]
234,randomforest,"{'criterion': 'gini', 'max_features': 'sqrt', 'n_estimators': 177}",0.5930499447007955,0.08051078361579245,0.19706847297052338,0.15248734984109621,0.5985342364852617,0.0762436749205481,0.5951625094482237,0.1915227629513344,0.5957613814756672,0.5957613814756673,"{0: 0.6118444237977766, 1: 0.6118444237977765}","{0: 0.6118444237977766, 1: 0.6118444237977765}",0.6118444237977765,"[[355 282]
 [233 404]]",[0. 0. 1. ... 0. 1. 0.],[0. 1. 1. ... 1. 0. 0.]
954,SVC,"{'C': 10, 'gamma': 0.001, 'kernel': 'sigmoid'}",0.5840666386161282,0.09691184241043435,0.19706094817063602,0.17674172641404637,0.598530474085318,0.08837086320702318,0.5963642563744865,0.19780219780219777,0.5989010989010989,0.5989010989010989,"{0: 0.6210393105436837, 1: 0.6210393105436837}","{0: 0.6210393105436837, 1: 0.6210393105436837}",0.6210393105436837,"[[432 205]
 [306 331]]",[0. 0. 1. ... 0. 1. 0.],[0. 1. 1. ... 1. 0. 0.]
190,SVC,"{'C': 10, 'gamma': 0.001, 'kernel': 'rbf'}",0.5844441470904078,0.08892204738743555,0.1966536355647697,0.1621062509565522,0.5983268177823848,0.0810531254782761,0.5951054226179435,0.19309262166405028,0.5965463108320251,0.596546310832025,"{0: 0.6274234847906074, 1: 0.6274234847906075}","{0: 0.6274234847906074, 1: 0.6274234847906075}",0.6274234847906075,"[[418 219]
 [295 342]]",[0. 0. 1. ... 0. 1. 0.],[0. 1. 1. ... 1. 0. 0.]
561,SVC,"{'C': 10, 'gamma': 0.001, 'kernel': 'rbf'}",0.584903733442925,0.09164045506961781,0.19628382912599776,0.16828503368538703,0.5981419145629988,0.08414251684269351,0.5960048141025761,0.19466248037676614,0.597331240188383,0.597331240188383,"{0: 0.6269946693808546, 1: 0.6269946693808546}","{0: 0.6269946693808546, 1: 0.6269946693808546}",0.6269946693808546,"[[417 220]
 [293 344]]",[0. 0. 1. ... 0. 1. 0.],[0. 1. 1. ... 1. 0. 0.]
224,randomforest,"{'criterion': 'gini', 'max_features': 'sqrt', 'n_estimators': 403}",0.5910138067275349,0.09797424237176046,0.19598821921367118,0.18797568542189355,0.5979941096068355,0.09398784271094678,0.5874421040360173,0.17582417582417587,0.5879120879120879,0.5879120879120878,"{0: 0.6079801561972452, 1: 0.6079801561972452}","{0: 0.6079801561972452, 1: 0.6079801561972452}",0.6079801561972452,"[[353 284]
 [241 396]]",[1. 0. 1. ... 0. 1. 0.],[0. 1. 1. ... 1. 0. 0.]
716,SVC,"{'C': 10, 'gamma': 0.001, 'kernel': 'rbf'}",0.583473989962556,0.08998796739906731,0.195836100158999,0.1642821150471184,0.5979180500794995,0.0821410575235592,0.5958549222797928,0.19466248037676614,0.597331240188383,0.597331240188383,"{0: 0.6264795979978757, 1: 0.6264795979978757}","{0: 0.6264795979978757, 1: 0.6264795979978757}",0.6264795979978757,"[[419 218]
 [295 342]]",[0. 0. 1. ... 0. 1. 0.],[0. 1. 1. ... 1. 0. 0.]
541,randomforest,"{'criterion': 'entropy', 'max_features': 'sqrt', 'n_estimators': 539}",0.5918933799315202,0.0960767210075631,0.19574613786702597,0.18647817428359417,0.5978730689335129,0.09323908714179709,0.5904459561602419,0.18210361067503922,0.5910518053375197,0.5910518053375196,"{0: 0.6095820528428736, 1: 0.6095820528428737}","{0: 0.6095820528428736, 1: 0.6095820528428737}",0.6095820528428737,"[[352 285]
 [236 401]]",[1. 0. 1. ... 0. 1. 0.],[0. 1. 1. ... 1. 0. 0.]
139,AdaBoost,"{'algorithm': 'SAMME', 'learning_rate': 1.2428571428571429, 'n_estimators': 41}",0.5898048206358157,0.09056996694262039,0.19466842891489688,0.17853292509946603,0.5973342144574484,0.08926646254973301,0.5816303331901888,0.16326530612244894,0.5816326530612245,0.5816326530612246,"{0: 0.6059432830009193, 1: 0.6059432830009193}","{0: 0.6059432830009193, 1: 0.6059432830009193}",0.6059432830009193,"[[372 265]
 [268 369]]",[1. 0. 1. ... 0. 1. 0.],[0. 1. 1. ... 1. 0. 0.]
35,randomforest,"{'criterion': 'entropy', 'max_features': None, 'n_estimators': 471}",0.5920497665105713,0.09989219736114709,0.19465541208994336,0.19464439598793057,0.5973277060449717,0.09732219799396528,0.5916918335901387,0.18367346938775508,0.5918367346938775,0.5918367346938775,"{0: 0.6153427196261912, 1: 0.6153427196261912}","{0: 0.6153427196261912, 1: 0.6153427196261912}",0.6153427196261912,"[[365 272]
 [248 389]]",[0. 0. 1. ... 0. 1. 0.],[0. 1. 1. ... 1. 0. 0.]
276,SVC,"{'C': 100, 'gamma': 0.01, 'kernel': 'rbf'}",0.5882490859509065,0.10946116936249012,0.19396834505429184,0.20952433902161394,0.5969841725271459,0.10476216951080698,0.59844364792839,0.19780219780219777,0.5989010989010989,0.598901098901099,"{0: 0.6276600726028848, 1: 0.6276600726028849}","{0: 0.6276600726028848, 1: 0.6276600726028849}",0.6276600726028849,"[[403 234]
 [277 360]]",[0. 0. 1. ... 0. 1. 0.],[0. 1. 1. ... 1. 0. 0.]
203,randomforest,"{'criterion': 'entropy', 'max_features': 'log2', 'n_estimators': 265}",0.5926117617552167,0.09443832005841092,0.19385536627421274,0.1852092681236416,0.5969276831371064,0.09260463406182082,0.5811100329354228,0.16326530612244894,0.5816326530612245,0.5816326530612246,"{0: 0.6140291643767759, 1: 0.614029164376776}","{0: 0.6140291643767759, 1: 0.614029164376776}",0.614029164376776,"[[348 289]
 [244 393]]",[0. 0. 1. ... 0. 1. 0.],[0. 1. 1. ... 1. 0. 0.]
96,randomforest,"{'criterion': 'entropy', 'max_features': 'log2', 'n_estimators': 421}",0.5906136857641182,0.09916825759318651,0.19283313250542722,0.19166904164236115,0.5964165662527136,0.09583452082118057,0.5851063829787234,0.17111459968602827,0.5855572998430141,0.5855572998430141,"{0: 0.6138886903632362, 1: 0.6138886903632362}","{0: 0.6138886903632362, 1: 0.6138886903632362}",0.6138886903632362,"[[352 285]
 [243 394]]",[1. 0. 1. ... 0. 1. 0.],[0. 1. 1. ... 1. 0. 0.]
200,SVC,"{'C': 1000, 'gamma': 0.001, 'kernel': 'sigmoid'}",0.5841511602404743,0.08096778540126537,0.19106298039921818,0.15392027679334225,0.595531490199609,0.07696013839667112,0.5900493296613504,0.18210361067503922,0.5910518053375197,0.5910518053375196,"{0: 0.6357952431062994, 1: 0.6357952431062994}","{0: 0.6357952431062994, 1: 0.6357952431062994}",0.6357952431062994,"[[408 229]
 [292 345]]",[0. 0. 1. ... 0. 1. 0.],[0. 1. 1. ... 1. 0. 0.]
228,AdaBoost,"{'algorithm': 'SAMME.R', 'learning_rate': 0.5897959183673469, 'n_estimators': 30}",0.5900701331612432,0.08976123341345496,0.19096945678075408,0.17455475367258144,0.595484728390377,0.08727737683629072,0.5791285053929122,0.15855572998430145,0.5792778649921507,0.5792778649921507,"{0: 0.6045816708521351, 1: 0.6045816708521351}","{0: 0.6045816708521351, 1: 0.6045816708521351}",0.6045816708521351,"[[381 256]
 [280 357]]",[1. 0. 1. ... 0. 1. 0.],[0. 1. 1. ... 1. 0. 0.]
125,randomforest,"{'criterion': 'entropy', 'max_features': 'log2', 'n_estimators': 223}",0.5898846208180548,0.10723408827466265,0.19071324929214956,0.207672705875669,0.5953566246460748,0.1038363529378345,0.5867972228045728,0.17425431711146,0.5871271585557299,0.58712715855573,"{0: 0.6119577887911595, 1: 0.6119577887911596}","{0: 0.6119577887911595, 1: 0.6119577887911596}",0.6119577887911596,"[[356 281]
 [245 392]]",[1. 0. 1. ... 0. 1. 0.],[0. 1. 1. ... 1. 0. 0.]
193,randomforest,"{'criterion': 'gini', 'max_features': 'sqrt', 'n_estimators': 387}",0.5891184440916792,0.10295121089319725,0.19047817213000648,0.19929896184520302,0.5952390860650033,0.09964948092260151,0.5865881946500839,0.17425431711146,0.5871271585557299,0.5871271585557299,"{0: 0.61411788480638, 1: 0.61411788480638}","{0: 0.61411788480638, 1: 0.61411788480638}",0.61411788480638,"[[351 286]
 [240 397]]",[0. 0. 1. ... 0. 1. 0.],[0. 1. 1. ... 1. 0. 0.]
323,randomforest,"{'criterion': 'gini', 'max_features': 'log2', 'n_estimators': 213}",0.5887810257052157,0.09436164673142892,0.19025102142046316,0.1822258308596785,0.5951255107102316,0.09111291542983928,0.5827703921623046,0.16640502354788067,0.5832025117739403,0.5832025117739403,"{0: 0.6070547528273476, 1: 0.6070547528273476}","{0: 0.6070547528273476, 1: 0.6070547528273476}",0.6070547528273476,"[[351 286]
 [245 392]]",[1. 0. 1. ... 0. 1. 0.],[0. 1. 1. ... 1. 0. 0.]
254,randomforest,"{'criterion': 'entropy', 'max_features': None, 'n_estimators': 259}",0.5899457964194581,0.10313165070721707,0.1899747824572236,0.20214196880653987,0.5949873912286118,0.10107098440326995,0.589425030394041,0.1789638932496075,0.5894819466248038,0.5894819466248038,"{0: 0.6133354199063998, 1: 0.6133354199064}","{0: 0.6133354199063998, 1: 0.6133354199064}",0.6133354199064,"[[368 269]
 [254 383]]",[1. 0. 1. ... 0. 1. 0.],[0. 1. 1. ... 1. 0. 0.]
297,SVC,"{'C': 10, 'gamma': 0.0001, 'kernel': 'rbf'}",0.5758807135547828,0.10282157503912286,0.1892851272481002,0.18620442529014497,0.5946425636240501,0.09310221264507249,0.5979009106343571,0.2135007849293563,0.6067503924646782,0.6067503924646782,"{0: 0.5885590077112841, 1: 0.588559007711284}","{0: 0.5885590077112841, 1: 0.588559007711284}",0.588559007711284,"[[481 156]
 [345 292]]",[0. 0. 1. ... 0. 1. 0.],[0. 1. 1. ... 1. 0. 0.]
703,SVC,"{'C': 1, 'gamma': 0.01, 'kernel': 'sigmoid'}",0.5809266886753435,0.10120711417140174,0.18905964391933172,0.18853612484782492,0.5945298219596659,0.09426806242391246,0.5921104536489151,0.18838304552590268,0.5941915227629513,0.5941915227629513,"{0: 0.6212882206378507, 1: 0.6212882206378506}","{0: 0.6212882206378507, 1: 0.6212882206378506}",0.6212882206378506,"[[424 213]
 [304 333]]",[0. 0. 1. ... 0. 1. 0.],[0. 1. 1. ... 1. 0. 0.]
858,randomforest,"{'criterion': 'entropy', 'max_features': None, 'n_estimators': 291}",0.5888680556970748,0.09240753203920515,0.18890097952058885,0.17925942244077936,0.5944504897602944,0.08962971122038968,0.5907065826317578,0.18210361067503922,0.5910518053375197,0.5910518053375196,"{0: 0.6161325778953051, 1: 0.6161325778953048}","{0: 0.6161325778953051, 1: 0.6161325778953048}",0.6161325778953048,"[[358 279]
 [242 395]]",[1. 0. 1. ... 0. 1. 0.],[0. 1. 1. ... 1. 0. 0.]
530,randomforest,"{'criterion': 'gini', 'max_features': None, 'n_estimators': 493}",0.5894192392934708,0.08645636936512703,0.18866080062389265,0.165275244100478,0.5943304003119464,0.08263762205023902,0.5940592167746143,0.18838304552590268,0.5941915227629513,0.5941915227629513,"{0: 0.6126194953286229, 1: 0.6126194953286229}","{0: 0.6126194953286229, 1: 0.6126194953286229}",0.6126194953286229,"[[367 270]
 [247 390]]",[1. 0. 1. ... 0. 1. 0.],[0. 1. 1. ... 1. 0. 0.]
761,randomforest,"{'criterion': 'gini', 'max_features': 'sqrt', 'n_estimators': 317}",0.5892334179717801,0.09632156960650848,0.1885868866908994,0.18702550243652158,0.5942934433454496,0.09351275121826079,0.5860971632714079,0.17268445839874413,0.5863422291993721,0.5863422291993721,"{0: 0.6090916260236736, 1: 0.6090916260236736}","{0: 0.6090916260236736, 1: 0.6090916260236736}",0.6090916260236736,"[[358 279]
 [248 389]]",[0. 0. 1. ... 0. 1. 0.],[0. 1. 1. ... 1. 0. 0.]
357,randomforest,"{'criterion': 'entropy', 'max_features': 'log2', 'n_estimators': 595}",0.5873744629755102,0.10037775193829247,0.18757946387784993,0.19462224784743026,0.593789731938925,0.09731112392371512,0.5834906300504583,0.16797488226059654,0.5839874411302983,0.5839874411302983,"{0: 0.612194376603437, 1: 0.612194376603437}","{0: 0.612194376603437, 1: 0.612194376603437}",0.612194376603437,"[[350 287]
 [243 394]]",[0. 0. 1. ... 0. 1. 0.],[0. 1. 1. ... 1. 0. 0.]
54,randomforest,"{'criterion': 'entropy', 'max_features': None, 'n_estimators': 179}",0.5881567826739361,0.09586830318341487,0.18723464710890847,0.18644296992423826,0.5936173235544542,0.09322148496211913,0.5846595198550506,0.1695447409733124,0.5847723704866562,0.5847723704866562,"{0: 0.6075661275257596, 1: 0.6075661275257598}","{0: 0.6075661275257596, 1: 0.6075661275257598}",0.6075661275257598,"[[362 275]
 [254 383]]",[0. 0. 1. ... 0. 1. 0.],[0. 1. 1. ... 1. 0. 0.]
505,randomforest,"{'criterion': 'gini', 'max_features': 'sqrt', 'n_estimators': 463}",0.5874813154192338,0.09938431791586864,0.18695221077391022,0.1932484834266692,0.5934761053869552,0.0966242417133346,0.5828877005347594,0.16640502354788067,0.5832025117739403,0.5832025117739403,"{0: 0.6114562719182589, 1: 0.6114562719182589}","{0: 0.6114562719182589, 1: 0.6114562719182589}",0.6114562719182589,"[[354 283]
 [248 389]]",[1. 0. 1. ... 0. 1. 0.],[0. 1. 1. ... 1. 0. 0.]
615,randomforest,"{'criterion': 'entropy', 'max_features': 'log2', 'n_estimators': 371}",0.5878627554710854,0.09343389680239671,0.18646456219060945,0.1819397357680336,0.5932322810953047,0.0909698678840168,0.5860971632714079,0.17268445839874413,0.5863422291993721,0.5863422291993721,"{0: 0.6141265104037026, 1: 0.6141265104037026}","{0: 0.6141265104037026, 1: 0.6141265104037026}",0.6141265104037026,"[[358 279]
 [248 389]]",[1. 0. 1. ... 0. 1. 0.],[0. 1. 1. ... 1. 0. 0.]
707,randomforest,"{'criterion': 'gini', 'max_features': None, 'n_estimators': 293}",0.5881553740046175,0.09331893946899754,0.18620700965211504,0.18146692576005694,0.5931035048260574,0.09073346288002847,0.5947207611100014,0.18995290423861855,0.5949764521193093,0.5949764521193093,"{0: 0.6134648038662391, 1: 0.6134648038662391}","{0: 0.6134648038662391, 1: 0.6134648038662391}",0.6134648038662391,"[[363 274]
 [242 395]]",[1. 0. 1. ... 0. 1. 0.],[0. 1. 1. ... 1. 0. 0.]
517,randomforest,"{'criterion': 'entropy', 'max_features': 'log2', 'n_estimators': 361}",0.5874395309107208,0.10356626455587518,0.1859765298563297,0.2013801364236596,0.5929882649281648,0.10069006821182978,0.5858254922269565,0.17268445839874413,0.5863422291993721,0.5863422291993721,"{0: 0.6161338101234939, 1: 0.616133810123494}","{0: 0.6161338101234939, 1: 0.616133810123494}",0.616133810123494,"[[351 286]
 [241 396]]",[0. 0. 1. ... 0. 1. 0.],[0. 1. 1. ... 1. 0. 0.]
844,randomforest,"{'criterion': 'gini', 'max_features': 'log2', 'n_estimators': 121}",0.587402277227909,0.08963776569744167,0.18592344160038843,0.17167023104164006,0.5929617208001943,0.08583511552082003,0.5903428262132105,0.18210361067503922,0.5910518053375197,0.5910518053375197,"{0: 0.6162755163652225, 1: 0.6162755163652226}","{0: 0.6162755163652225, 1: 0.6162755163652226}",0.6162755163652226,"[[350 287]
 [234 403]]",[0. 0. 1. ... 0. 1. 0.],[0. 1. 1. ... 1. 0. 0.]
279,randomforest,"{'criterion': 'gini', 'max_features': 'sqrt', 'n_estimators': 243}",0.5875480346207184,0.0967462280978083,0.18506255091588014,0.18703260272632552,0.59253127545794,0.09351630136316277,0.5844218468564297,0.1695447409733124,0.5847723704866562,0.5847723704866562,"{0: 0.6125295426708299, 1: 0.6125295426708298}","{0: 0.6125295426708299, 1: 0.6125295426708298}",0.6125295426708298,"[[354 283]
 [246 391]]",[0. 0. 1. ... 0. 1. 0.],[0. 1. 1. ... 1. 0. 0.]
995,SVC,"{'C': 100, 'gamma': 0.0001, 'kernel': 'rbf'}",0.5802161216715266,0.10138130577856488,0.18499339471629356,0.18773032842842768,0.5924966973581468,0.09386516421421384,0.5920301681503463,0.18681318681318682,0.5934065934065934,0.5934065934065934,"{0: 0.6248049998890994, 1: 0.6248049998890994}","{0: 0.6248049998890994, 1: 0.6248049998890994}",0.6248049998890994,"[[415 222]
 [296 341]]",[0. 0. 1. ... 0. 1. 0.],[0. 1. 1. ... 1. 0. 0.]
721,randomforest,"{'criterion': 'entropy', 'max_features': 'sqrt', 'n_estimators': 257}",0.5877193379627846,0.08961359514183405,0.18416863750338042,0.17734774987869356,0.5920843187516902,0.08867387493934678,0.5780122092711261,0.1569858712715856,0.5784929356357927,0.5784929356357928,"{0: 0.6092062232452454, 1: 0.6092062232452454}","{0: 0.6092062232452454, 1: 0.6092062232452454}",0.6092062232452454,"[[347 290]
 [247 390]]",[1. 0. 1. ... 0. 1. 0.],[0. 1. 1. ... 1. 0. 0.]
489,SVC,"{'C': 0.1, 'gamma': 0.01, 'kernel': 'rbf'}",0.5715786241489796,0.09987804667143262,0.18412821363227486,0.17913657040502418,0.5920641068161374,0.0895682852025121,0.5898999576714749,0.20251177394034536,0.6012558869701727,0.6012558869701727,"{0: 0.5835265877876329, 1: 0.5835265877876329}","{0: 0.5835265877876329, 1: 0.5835265877876329}",0.5835265877876329,"[[489 148]
 [360 277]]",[0. 0. 1. ... 0. 1. 0.],[0. 1. 1. ... 1. 0. 0.]
88,randomforest,"{'criterion': 'gini', 'max_features': None, 'n_estimators': 171}",0.5861992820155194,0.10802298171246968,0.1841139400344489,0.2089397737117661,0.5920569700172245,0.10446988685588306,0.5859930308002617,0.17268445839874413,0.5863422291993721,0.5863422291993721,"{0: 0.6083769336740854, 1: 0.6083769336740855}","{0: 0.6083769336740854, 1: 0.6083769336740855}",0.6083769336740855,"[[355 282]
 [245 392]]",[0. 0. 1. ... 0. 1. 0.],[0. 1. 1. ... 1. 0. 0.]
951,AdaBoost,"{'algorithm': 'SAMME.R', 'learning_rate': 0.42653061224489797, 'n_estimators': 85}",0.5866193777822356,0.09422912365101498,0.18411204848758428,0.18519974289591354,0.5920560242437921,0.09259987144795677,0.5822435897435898,0.1648351648351648,0.5824175824175825,0.5824175824175823,"{0: 0.5911380613107458, 1: 0.5911380613107458}","{0: 0.5911380613107458, 1: 0.5911380613107458}",0.5911380613107458,"[[384 253]
 [279 358]]",[1. 0. 1. ... 0. 1. 0.],[0. 1. 1. ... 1. 0. 0.]
390,randomforest,"{'criterion': 'gini', 'max_features': 'log2', 'n_estimators': 591}",0.5863031353289088,0.0949897511599341,0.1840859946672893,0.18344742589782106,0.5920429973336446,0.09172371294891053,0.5820457415739205,0.1648351648351648,0.5824175824175825,0.5824175824175823,"{0: 0.6055329510140006, 1: 0.6055329510140006}","{0: 0.6055329510140006, 1: 0.6055329510140006}",0.6055329510140006,"[[352 285]
 [247 390]]",[0. 0. 1. ... 0. 1. 0.],[0. 1. 1. ... 1. 0. 0.]
831,randomforest,"{'criterion': 'entropy', 'max_features': 'sqrt', 'n_estimators': 339}",0.5867354929811246,0.0966036889935202,0.18399093207439624,0.18855946847756788,0.5919954660371981,0.09427973423878394,0.5852619118082273,0.17111459968602827,0.5855572998430141,0.5855572998430141,"{0: 0.6108882147231554, 1: 0.6108882147231552}","{0: 0.6108882147231554, 1: 0.6108882147231552}",0.6108882147231552,"[[356 281]
 [247 390]]",[0. 0. 1. ... 0. 1. 0.],[0. 1. 1. ... 1. 0. 0.]
334,randomforest,"{'criterion': 'entropy', 'max_features': 'sqrt', 'n_estimators': 365}",0.5863896742279714,0.10222555686428134,0.1835835229021533,0.19825302723746163,0.5917917614510767,0.0991265136187308,0.5844218468564297,0.1695447409733124,0.5847723704866562,0.5847723704866562,"{0: 0.6118025280393524, 1: 0.6118025280393524}","{0: 0.6118025280393524, 1: 0.6118025280393524}",0.6118025280393524,"[[354 283]
 [246 391]]",[0. 0. 1. ... 0. 1. 0.],[0. 1. 1. ... 1. 0. 0.]
122,SVC,"{'C': 0.1, 'gamma': 0.1, 'kernel': 'rbf'}",0.5851932957066595,0.11142128613719263,0.18302636997743713,0.21685899884065218,0.5915131849887185,0.10842949942032613,0.5878915215388834,0.17582417582417587,0.5879120879120879,0.5879120879120879,"{0: 0.6258117303194675, 1: 0.6258117303194675}","{0: 0.6258117303194675, 1: 0.6258117303194675}",0.6258117303194675,"[[379 258]
 [267 370]]",[0. 0. 1. ... 0. 1. 0.],[0. 1. 1. ... 1. 0. 0.]
567,randomforest,"{'criterion': 'entropy', 'max_features': None, 'n_estimators': 495}",0.5858987593426727,0.09874429835379535,0.18302290658944684,0.19246252357950766,0.5915114532947234,0.09623126178975383,0.5845263745172198,0.1695447409733124,0.5847723704866562,0.5847723704866562,"{0: 0.6115067932740057, 1: 0.6115067932740057}","{0: 0.6115067932740057, 1: 0.6115067932740057}",0.6115067932740057,"[[357 280]
 [249 388]]",[1. 0. 1. ... 0. 1. 0.],[0. 1. 1. ... 1. 0. 0.]
661,AdaBoost,"{'algorithm': 'SAMME', 'learning_rate': 0.8346938775510203, 'n_estimators': 52}",0.5814113877719475,0.07515128362941503,0.18272736637890533,0.1486283869637665,0.5913636831894526,0.07431419348188324,0.5806713166662035,0.16326530612244894,0.5816326530612245,0.5816326530612246,"{0: 0.6125270782144521, 1: 0.6125270782144521}","{0: 0.6125270782144521, 1: 0.6125270782144521}",0.6125270782144521,"[[401 236]
 [297 340]]",[1. 0. 1. ... 0. 1. 0.],[0. 1. 1. ... 1. 0. 0.]
733,randomforest,"{'criterion': 'gini', 'max_features': 'log2', 'n_estimators': 113}",0.5839127849714856,0.0974016852126886,0.18066267321847623,0.18797046877903806,0.5903313366092381,0.09398523438951903,0.5826818526992672,0.16640502354788067,0.5832025117739403,0.5832025117739403,"{0: 0.6133699222956904, 1: 0.6133699222956903}","{0: 0.6133699222956904, 1: 0.6133699222956903}",0.6133699222956903,"[[349 288]
 [243 394]]",[0. 0. 1. ... 0. 1. 0.],[0. 1. 1. ... 1. 0. 0.]
161,SVC,"{'C': 1, 'gamma': 0.01, 'kernel': 'sigmoid'}",0.575608839978579,0.09662906511272973,0.1792560930428467,0.17760543554673053,0.5896280465214233,0.08880271777336526,0.5872826705698059,0.1789638932496075,0.5894819466248038,0.5894819466248038,"{0: 0.617366038312439, 1: 0.6173660383124389}","{0: 0.617366038312439, 1: 0.6173660383124389}",0.6173660383124389,"[[422 215]
 [308 329]]",[0. 0. 1. ... 0. 1. 0.],[0. 1. 1. ... 1. 0. 0.]
689,SVC,"{'C': 100, 'gamma': 0.0001, 'kernel': 'rbf'}",0.5768189594569025,0.09971817785832876,0.1789159536388525,0.1844968100088207,0.5894579768194262,0.09224840500441035,0.5904549950544016,0.18367346938775508,0.5918367346938775,0.5918367346938775,"{0: 0.6251672749766493, 1: 0.6251672749766493}","{0: 0.6251672749766493, 1: 0.6251672749766493}",0.6251672749766493,"[[414 223]
 [297 340]]",[0. 0. 1. ... 0. 1. 0.],[0. 1. 1. ... 1. 0. 0.]
312,randomforest,"{'criterion': 'gini', 'max_features': None, 'n_estimators': 597}",0.5841625481606938,0.09001433503688364,0.1788734985123776,0.17431854351337184,0.5894367492561887,0.08715927175668592,0.5852956625311643,0.17111459968602827,0.5855572998430141,0.5855572998430141,"{0: 0.6148288804714012, 1: 0.6148288804714012}","{0: 0.6148288804714012, 1: 0.6148288804714012}",0.6148288804714012,"[[357 280]
 [248 389]]",[1. 0. 1. ... 0. 1. 0.],[0. 1. 1. ... 1. 0. 0.]
773,randomforest,"{'criterion': 'entropy', 'max_features': 'log2', 'n_estimators': 399}",0.5835825001984024,0.10240814328034048,0.17874738774142604,0.1986472043227358,0.589373693870713,0.09932360216136792,0.5828506629125976,0.16640502354788067,0.5832025117739403,0.5832025117739403,"{0: 0.6111026224280317, 1: 0.6111026224280317}","{0: 0.6111026224280317, 1: 0.6111026224280317}",0.6111026224280317,"[[353 284]
 [247 390]]",[0. 0. 1. ... 0. 1. 0.],[0. 1. 1. ... 1. 0. 0.]
353,SVC,"{'C': 0.1, 'gamma': 0.01, 'kernel': 'rbf'}",0.5709317388461287,0.09911510338334788,0.17804249934656055,0.17938388792014262,0.5890212496732803,0.08969194396007131,0.5889742503982416,0.1962323390894819,0.598116169544741,0.598116169544741,"{0: 0.5873859264754084, 1: 0.5873859264754084}","{0: 0.5873859264754084, 1: 0.5873859264754084}",0.5873859264754084,"[[476 161]
 [351 286]]",[0. 0. 1. ... 0. 1. 0.],[0. 1. 1. ... 1. 0. 0.]
938,SVC,"{'C': 0.1, 'gamma': 0.01, 'kernel': 'rbf'}",0.5709145892404682,0.09832882497153128,0.17804249934656055,0.17773297410539374,0.5890212496732803,0.08886648705269685,0.5887762795893614,0.1962323390894819,0.598116169544741,0.598116169544741,"{0: 0.5826788147936388, 1: 0.5826788147936388}","{0: 0.5826788147936388, 1: 0.5826788147936388}",0.5826788147936388,"[[477 160]
 [352 285]]",[0. 0. 1. ... 0. 1. 0.],[0. 1. 1. ... 1. 0. 0.]
873,randomforest,"{'criterion': 'gini', 'max_features': 'sqrt', 'n_estimators': 447}",0.5829135749116058,0.10230807245135598,0.1771886776176661,0.1986101896830279,0.588594338808833,0.09930509484151395,0.5789416566981959,0.15855572998430145,0.5792778649921507,0.5792778649921506,"{0: 0.6104421481187573, 1: 0.6104421481187573}","{0: 0.6104421481187573, 1: 0.6104421481187573}",0.6104421481187573,"[[351 286]
 [250 387]]",[0. 0. 1. ... 0. 1. 0.],[0. 1. 1. ... 1. 0. 0.]
603,randomforest,"{'criterion': 'gini', 'max_features': 'sqrt', 'n_estimators': 577}",0.5827428799485215,0.09792632580266003,0.17713219673096206,0.19029349502189688,0.5885660983654811,0.09514674751094843,0.5792786770293035,0.16012558869701732,0.5800627943485086,0.5800627943485086,"{0: 0.6103719111119874, 1: 0.6103719111119874}","{0: 0.6103719111119874, 1: 0.6103719111119874}",0.6103719111119874,"[[342 295]
 [240 397]]",[1. 0. 1. ... 0. 1. 0.],[0. 1. 1. ... 1. 0. 0.]
450,AdaBoost,"{'algorithm': 'SAMME.R', 'learning_rate': 0.26326530612244897, 'n_estimators': 85}",0.5825659211322114,0.09307812884368512,0.17682154695735255,0.18480697821574535,0.5884107734786762,0.09240348910787269,0.581963249516441,0.1648351648351648,0.5824175824175825,0.5824175824175825,"{0: 0.6008837540571114, 1: 0.6008837540571113}","{0: 0.6008837540571114, 1: 0.6008837540571113}",0.6008837540571113,"[[392 245]
 [287 350]]",[1. 0. 1. ... 0. 1. 0.],[0. 1. 1. ... 1. 0. 0.]
766,AdaBoost,"{'algorithm': 'SAMME', 'learning_rate': 1.3244897959183672, 'n_estimators': 74}",0.5803763472445254,0.08376564929990081,0.17672142940400282,0.1644245447818335,0.5883607147020014,0.08221227239091675,0.582367149758454,0.1648351648351648,0.5824175824175825,0.5824175824175823,"{0: 0.6019508636687376, 1: 0.6019508636687376}","{0: 0.6019508636687376, 1: 0.6019508636687376}",0.6019508636687376,"[[364 273]
 [259 378]]",[0. 0. 1. ... 0. 1. 0.],[0. 1. 1. ... 1. 0. 0.]
31,SVC,"{'C': 1, 'gamma': 0.001, 'kernel': 'rbf'}",0.5687267678974779,0.10351914515519907,0.17648106174838246,0.18754480579325564,0.5882405308741913,0.09377240289662783,0.5897774567641829,0.19937205651491363,0.5996860282574569,0.5996860282574568,"{0: 0.5814330320946155, 1: 0.5814330320946154}","{0: 0.5814330320946155, 1: 0.5814330320946154}",0.5814330320946154,"[[481 156]
 [354 283]]",[0. 0. 1. ... 0. 1. 0.],[0. 1. 1. ... 1. 0. 0.]
295,AdaBoost,"{'algorithm': 'SAMME.R', 'learning_rate': 0.5081632653061224, 'n_estimators': 74}",0.5821914104668834,0.09792564979317929,0.1763075085016306,0.1914894851023754,0.5881537542508153,0.0957447425511877,0.5845857883671003,0.1695447409733124,0.5847723704866562,0.5847723704866562,"{0: 0.5871776799114767, 1: 0.5871776799114766}","{0: 0.5871776799114767, 1: 0.5871776799114766}",0.5871776799114766,"[[386 251]
 [278 359]]",[1. 0. 1. ... 0. 1. 0.],[0. 1. 1. ... 1. 0. 0.]
641,randomforest,"{'criterion': 'entropy', 'max_features': 'sqrt', 'n_estimators': 435}",0.582745156096721,0.09750306483766073,0.17625218881519264,0.19113923353701764,0.5881260944075963,0.09556961676850882,0.5820055307633292,0.1648351648351648,0.5824175824175825,0.5824175824175823,"{0: 0.6070646106528592, 1: 0.6070646106528591}","{0: 0.6070646106528592, 1: 0.6070646106528591}",0.6070646106528591,"[[351 286]
 [246 391]]",[0. 0. 1. ... 0. 1. 0.],[0. 1. 1. ... 1. 0. 0.]
469,randomforest,"{'criterion': 'entropy', 'max_features': 'sqrt', 'n_estimators': 279}",0.5831423121726237,0.10139607799364829,0.17617355485185984,0.19758123162146207,0.58808677742593,0.09879061581073102,0.5826344789547816,0.16640502354788067,0.5832025117739403,0.5832025117739403,"{0: 0.6084336161707771, 1: 0.608433616170777}","{0: 0.6084336161707771, 1: 0.608433616170777}",0.608433616170777,"[[348 289]
 [242 395]]",[1. 0. 1. ... 0. 1. 0.],[0. 1. 1. ... 1. 0. 0.]
345,randomforest,"{'criterion': 'gini', 'max_features': None, 'n_estimators': 101}",0.5836190601209758,0.09568301599086171,0.1760755537053579,0.18632618393703576,0.588037776852679,0.09316309196851785,0.5901446574369896,0.18053375196232335,0.5902668759811617,0.5902668759811617,"{0: 0.6094637589367349, 1: 0.609463758936735}","{0: 0.6094637589367349, 1: 0.609463758936735}",0.609463758936735,"[[365 272]
 [250 387]]",[1. 0. 1. ... 0. 1. 0.],[0. 1. 1. ... 1. 0. 0.]
164,randomforest,"{'criterion': 'entropy', 'max_features': 'sqrt', 'n_estimators': 145}",0.5825856954204776,0.10123295417915658,0.1759064543544568,0.1950906033136091,0.5879532271772284,0.09754530165680454,0.5819188965789506,0.1648351648351648,0.5824175824175825,0.5824175824175825,"{0: 0.6086369338219528, 1: 0.6086369338219529}","{0: 0.6086369338219528, 1: 0.6086369338219529}",0.6086369338219529,"[[349 288]
 [244 393]]",[1. 0. 1. ... 0. 1. 0.],[0. 1. 1. ... 1. 0. 0.]
32,AdaBoost,"{'algorithm': 'SAMME.R', 'learning_rate': 0.7530612244897958, 'n_estimators': 41}",0.5820590962073308,0.1042170916532032,0.1756018695759105,0.20217597749107968,0.5878009347879553,0.10108798874553984,0.5792685331230284,0.15855572998430145,0.5792778649921507,0.5792778649921507,"{0: 0.5871197651865963, 1: 0.5871197651865964}","{0: 0.5871197651865963, 1: 0.5871197651865964}",0.5871197651865964,"[[372 265]
 [271 366]]",[1. 0. 1. ... 0. 1. 0.],[0. 1. 1. ... 1. 0. 0.]
886,randomforest,"{'criterion': 'entropy', 'max_features': 'log2', 'n_estimators': 251}",0.5822140432321666,0.09124386528456312,0.17553034648780744,0.17525543510834754,0.5877651732439036,0.08762771755417377,0.5774070237742922,0.15541601255886972,0.5777080062794349,0.5777080062794349,"{0: 0.6118197792339977, 1: 0.6118197792339977}","{0: 0.6118197792339977, 1: 0.6118197792339977}",0.6118197792339977,"[[351 286]
 [252 385]]",[0. 0. 1. ... 0. 1. 0.],[0. 1. 1. ... 1. 0. 0.]
681,randomforest,"{'criterion': 'gini', 'max_features': 'sqrt', 'n_estimators': 235}",0.581922539559096,0.0978267093408366,0.1753204211890516,0.18931060390685836,0.5876602105945259,0.09465530195342917,0.5780122092711261,0.1569858712715856,0.5784929356357927,0.5784929356357928,"{0: 0.604093708489313, 1: 0.6040937084893129}","{0: 0.604093708489313, 1: 0.6040937084893129}",0.6040937084893129,"[[347 290]
 [247 390]]",[0. 0. 1. ... 0. 1. 0.],[0. 1. 1. ... 1. 0. 0.]
14,randomforest,"{'criterion': 'gini', 'max_features': 'log2', 'n_estimators': 381}",0.5819773345003513,0.10351553473563399,0.17465709880902136,0.20162573474993611,0.5873285494045106,0.10081286737496806,0.5749947431934376,0.15070643642072212,0.5753532182103611,0.5753532182103611,"{0: 0.6091532374331208, 1: 0.6091532374331208}","{0: 0.6091532374331208, 1: 0.6091532374331208}",0.6091532374331208,"[[348 289]
 [252 385]]",[0. 0. 1. ... 0. 1. 0.],[0. 1. 1. ... 1. 0. 0.]
420,randomforest,"{'criterion': 'entropy', 'max_features': None, 'n_estimators': 35}",0.5831053193667499,0.08381982228911865,0.17460975090732564,0.16074512825292675,0.5873048754536628,0.08037256412646338,0.5813517617588797,0.16326530612244894,0.5816326530612245,0.5816326530612245,"{0: 0.6041824289189169, 1: 0.6041824289189169}","{0: 0.6041824289189169, 1: 0.6041824289189169}",0.6041824289189169,"[[354 283]
 [250 387]]",[0. 0. 1. ... 0. 1. 0.],[0. 1. 1. ... 1. 0. 0.]
929,randomforest,"{'criterion': 'gini', 'max_features': 'log2', 'n_estimators': 187}",0.5827827898487296,0.0949878555379811,0.1745777266088052,0.18611165784101938,0.5872888633044027,0.0930558289205097,0.5733414744710574,0.1475667189952904,0.5737833594976453,0.5737833594976451,"{0: 0.6101932380245904, 1: 0.6101932380245904}","{0: 0.6101932380245904, 1: 0.6101932380245904}",0.6101932380245904,"[[345 292]
 [251 386]]",[0. 0. 1. ... 0. 1. 0.],[0. 1. 1. ... 1. 0. 0.]
456,randomforest,"{'criterion': 'gini', 'max_features': None, 'n_estimators': 149}",0.5819544974609119,0.1167043168834802,0.17397682239156356,0.22892628200728804,0.5869884111957818,0.11446314100364402,0.5830666230315671,0.16640502354788067,0.5832025117739403,0.5832025117739403,"{0: 0.6067848948539687, 1: 0.6067848948539686}","{0: 0.6067848948539687, 1: 0.6067848948539686}",0.6067848948539686,"[[360 277]
 [254 383]]",[0. 0. 1. ... 0. 1. 0.],[0. 1. 1. ... 1. 0. 0.]
986,randomforest,"{'criterion': 'gini', 'max_features': None, 'n_estimators': 383}",0.5819664013310666,0.095880720940791,0.17387947739563842,0.1862018086706226,0.5869397386978192,0.09310090433531129,0.5859930308002617,0.17268445839874413,0.5863422291993721,0.5863422291993721,"{0: 0.6121278362812339, 1: 0.6121278362812339}","{0: 0.6121278362812339, 1: 0.6121278362812339}",0.6121278362812339,"[[355 282]
 [245 392]]",[1. 0. 1. ... 0. 1. 0.],[0. 1. 1. ... 1. 0. 0.]
239,AdaBoost,"{'algorithm': 'SAMME', 'learning_rate': 0.42653061224489797, 'n_estimators': 85}",0.5718293036742302,0.09306229910460374,0.17375578211592851,0.1717822353249107,0.5868778910579642,0.08589111766245534,0.5799145674736818,0.1695447409733124,0.5847723704866562,0.5847723704866562,"{0: 0.614520823424165, 1: 0.6145208234241649}","{0: 0.614520823424165, 1: 0.6145208234241649}",0.6145208234241649,"[[441 196]
 [333 304]]",[0. 0. 1. ... 0. 1. 0.],[0. 1. 1. ... 1. 0. 0.]
183,randomforest,"{'criterion': 'entropy', 'max_features': 'log2', 'n_estimators': 131}",0.5816435812782569,0.0940776021661186,0.1735650444457438,0.186722760239593,0.586782522222872,0.0933613801197965,0.5753752715781157,0.152276295133438,0.576138147566719,0.5761381475667191,"{0: 0.6119540921065927, 1: 0.6119540921065927}","{0: 0.6119540921065927, 1: 0.6119540921065927}",0.6119540921065927,"[[340 297]
 [243 394]]",[1. 0. 1. ... 0. 1. 0.],[0. 1. 1. ... 1. 0. 0.]
667,randomforest,"{'criterion': 'entropy', 'max_features': None, 'n_estimators': 165}",0.5827541272068347,0.10108446683281706,0.17355725316352355,0.19931238984538072,0.5867786265817618,0.09965619492269036,0.5829864353808173,0.16640502354788067,0.5832025117739403,0.5832025117739403,"{0: 0.6094933324132696, 1: 0.6094933324132696}","{0: 0.6094933324132696, 1: 0.6094933324132696}",0.6094933324132696,"[[357 280]
 [251 386]]",[0. 0. 1. ... 0. 1. 0.],[0. 1. 1. ... 1. 0. 0.]
768,SVC,"{'C': 0.1, 'gamma': 0.01, 'kernel': 'rbf'}",0.5672026557055319,0.10133121704023437,0.17282973172202823,0.18155089068751892,0.5864148658610141,0.09077544534375946,0.5856518101012014,0.1915227629513344,0.5957613814756672,0.5957613814756673,"{0: 0.5832148340558299, 1: 0.5832148340558299}","{0: 0.5832148340558299, 1: 0.5832148340558299}",0.5832148340558299,"[[479 158]
 [357 280]]",[0. 0. 1. ... 0. 1. 0.],[0. 1. 1. ... 1. 0. 0.]
957,randomforest,"{'criterion': 'gini', 'max_features': 'sqrt', 'n_estimators': 115}",0.5795640840329249,0.09830807352280002,0.17219319109225623,0.18967403743339512,0.5860965955461281,0.09483701871669756,0.5766390236173285,0.15384615384615385,0.5769230769230769,0.5769230769230769,"{0: 0.6107083094075694, 1: 0.6107083094075694}","{0: 0.6107083094075694, 1: 0.6107083094075694}",0.6107083094075694,"[[351 286]
 [253 384]]",[1. 0. 1. ... 0. 1. 0.],[0. 1. 1. ... 1. 0. 0.]
999,randomforest,"{'criterion': 'entropy', 'max_features': 'sqrt', 'n_estimators': 347}",0.5807424207003394,0.09814324620836679,0.1718680786041003,0.1907860080867792,0.5859340393020501,0.0953930040433896,0.5753176043557169,0.152276295133438,0.576138147566719,0.576138147566719,"{0: 0.6119405375965143, 1: 0.6119405375965143}","{0: 0.6119405375965143, 1: 0.6119405375965143}",0.6119405375965143,"[[339 298]
 [242 395]]",[0. 0. 1. ... 0. 1. 0.],[0. 1. 1. ... 1. 0. 0.]
244,randomforest,"{'criterion': 'entropy', 'max_features': 'log2', 'n_estimators': 349}",0.5808626567232921,0.09809027497235812,0.1717818422998774,0.19128084653207358,0.5858909211499387,0.0956404232660368,0.5788627152051588,0.15855572998430145,0.5792778649921507,0.5792778649921507,"{0: 0.6065211980215345, 1: 0.6065211980215343}","{0: 0.6065211980215345, 1: 0.6065211980215343}",0.6065211980215343,"[[349 288]
 [248 389]]",[1. 0. 1. ... 0. 1. 0.],[0. 1. 1. ... 1. 0. 0.]
106,randomforest,"{'criterion': 'entropy', 'max_features': 'sqrt', 'n_estimators': 315}",0.5795022115679006,0.09452351829030425,0.1717016357886364,0.18325273102379772,0.5858508178943181,0.09162636551189884,0.5777621836401038,0.1569858712715856,0.5784929356357927,0.5784929356357927,"{0: 0.6086739006676212, 1: 0.6086739006676212}","{0: 0.6086739006676212, 1: 0.6086739006676212}",0.6086739006676212,"[[342 295]
 [242 395]]",[0. 0. 1. ... 0. 1. 0.],[0. 1. 1. ... 1. 0. 0.]
64,randomforest,"{'criterion': 'gini', 'max_features': 'sqrt', 'n_estimators': 311}",0.5793365990790739,0.10424019297643788,0.17157624197147084,0.20116833302320644,0.5857881209857354,0.10058416651160322,0.5758859667705717,0.15384615384615385,0.5769230769230769,0.5769230769230769,"{0: 0.6072802505859245, 1: 0.6072802505859245}","{0: 0.6072802505859245, 1: 0.6072802505859245}",0.6072802505859245,"[[336 301]
 [238 399]]",[0. 0. 1. ... 0. 1. 0.],[0. 1. 1. ... 1. 0. 0.]
46,randomforest,"{'criterion': 'gini', 'max_features': 'log2', 'n_estimators': 509}",0.5797735506708096,0.10332731823285778,0.17139787706275492,0.2002140312254756,0.5856989385313774,0.1001070156127378,0.5755848386141545,0.152276295133438,0.576138147566719,0.576138147566719,"{0: 0.6105789254477301, 1: 0.6105789254477301}","{0: 0.6105789254477301, 1: 0.6105789254477301}",0.6105789254477301,"[[344 293]
 [247 390]]",[1. 0. 1. ... 0. 1. 0.],[0. 1. 1. ... 1. 0. 0.]
915,randomforest,"{'criterion': 'entropy', 'max_features': 'sqrt', 'n_estimators': 27}",0.5810731086385857,0.1014192365507162,0.17121894809844362,0.1998038528617625,0.5856094740492218,0.09990192643088125,0.5684353741496598,0.1381475667189953,0.5690737833594977,0.5690737833594977,"{0: 0.5905157860753286, 1: 0.5905157860753286}","{0: 0.5905157860753286, 1: 0.5905157860753286}",0.5905157860753286,"[[338 299]
 [250 387]]",[1. 0. 1. ... 0. 1. 0.],[0. 1. 1. ... 1. 0. 0.]
74,AdaBoost,"{'algorithm': 'SAMME.R', 'learning_rate': 0.8346938775510203, 'n_estimators': 30}",0.5797257601890426,0.0927852806045557,0.17093769417763155,0.18312638549527707,0.5854688470888157,0.09156319274763854,0.5690140376411637,0.1381475667189953,0.5690737833594977,0.5690737833594977,"{0: 0.5872269690390345, 1: 0.5872269690390346}","{0: 0.5872269690390345, 1: 0.5872269690390346}",0.5872269690390346,"[[370 267]
 [282 355]]",[1. 0. 1. ... 0. 1. 0.],[0. 1. 1. ... 1. 0. 0.]
24,AdaBoost,"{'algorithm': 'SAMME.R', 'learning_rate': 0.6714285714285714, 'n_estimators': 30}",0.5794262051028101,0.09779787999839568,0.17033272072722197,0.18927984927205382,0.585166360363611,0.09463992463602691,0.5721816070069718,0.14442700156985866,0.5722135007849294,0.5722135007849294,"{0: 0.5928422328960566, 1: 0.5928422328960566}","{0: 0.5928422328960566, 1: 0.5928422328960566}",0.5928422328960566,"[[370 267]
 [278 359]]",[1. 0. 1. ... 0. 1. 0.],[0. 1. 1. ... 1. 0. 0.]
79,randomforest,"{'criterion': 'entropy', 'max_features': 'sqrt', 'n_estimators': 443}",0.5796138081480248,0.10323644000703497,0.16958116181440988,0.2024368897471071,0.5847905809072049,0.10121844487355355,0.5763945736438891,0.15384615384615385,0.5769230769230769,0.5769230769230769,"{0: 0.6043364574425351, 1: 0.604336457442535}","{0: 0.6043364574425351, 1: 0.604336457442535}",0.604336457442535,"[[345 292]
 [247 390]]",[1. 0. 1. ... 0. 1. 0.],[0. 1. 1. ... 1. 0. 0.]
493,randomforest,"{'criterion': 'entropy', 'max_features': None, 'n_estimators': 523}",0.5787513498816391,0.09585274702166927,0.1687575850793727,0.18733588057654224,0.5843787925396864,0.09366794028827112,0.578243219500467,0.1569858712715856,0.5784929356357927,0.5784929356357927,"{0: 0.6113835704551112, 1: 0.6113835704551112}","{0: 0.6113835704551112, 1: 0.6113835704551112}",0.6113835704551112,"[[353 284]
 [253 384]]",[1. 0. 1. ... 0. 1. 0.],[0. 1. 1. ... 1. 0. 0.]
290,randomforest,"{'criterion': 'entropy', 'max_features': 'sqrt', 'n_estimators': 219}",0.5792070112078616,0.09819467960371238,0.16866991268735249,0.1925823203730342,0.5843349563436763,0.09629116018651708,0.5764844470348064,0.15384615384615385,0.5769230769230769,0.5769230769230769,"{0: 0.6108241388573301, 1: 0.6108241388573301}","{0: 0.6108241388573301, 1: 0.6108241388573301}",0.6108241388573301,"[[347 290]
 [249 388]]",[1. 0. 1. ... 0. 1. 0.],[0. 1. 1. ... 1. 0. 0.]
274,AdaBoost,"{'algorithm': 'SAMME.R', 'learning_rate': 2.957142857142857, 'n_estimators': 41}",0.5519157198955417,0.09326549032861281,0.16860677954706088,0.16262090659389133,0.5843033897735305,0.08131045329694567,0.563111309567132,0.1789638932496075,0.5894819466248038,0.5894819466248038,"{0: 0.5632773819587006, 1: 0.5632773819587006}","{0: 0.5632773819587006, 1: 0.5632773819587006}",0.5632773819587006,"[[532 105]
 [418 219]]",[0. 0. 1. ... 0. 1. 0.],[0. 1. 1. ... 1. 0. 0.]
864,AdaBoost,"{'algorithm': 'SAMME.R', 'learning_rate': 3.0387755102040814, 'n_estimators': 41}",0.5515202648522795,0.09200745263463274,0.16775593921092644,0.16075701655169444,0.5838779696054632,0.08037850827584722,0.5634685246879002,0.1789638932496075,0.5894819466248038,0.5894819466248038,"{0: 0.5813036481347762, 1: 0.5813036481347762}","{0: 0.5813036481347762, 1: 0.5813036481347762}",0.5813036481347762,"[[531 106]
 [417 220]]",[0. 0. 1. ... 0. 1. 0.],[0. 1. 1. ... 1. 0. 0.]
116,randomforest,"{'criterion': 'gini', 'max_features': None, 'n_estimators': 173}",0.5782917600438638,0.08977143971620515,0.16758674962532447,0.17311698638161824,0.5837933748126622,0.08655849319080912,0.5836909342014404,0.16797488226059654,0.5839874411302983,0.5839874411302983,"{0: 0.6107366506559151, 1: 0.6107366506559151}","{0: 0.6107366506559151, 1: 0.6107366506559151}",0.6107366506559151,"[[355 282]
 [248 389]]",[1. 0. 1. ... 0. 1. 0.],[0. 1. 1. ... 1. 0. 0.]
553,randomforest,"{'criterion': 'gini', 'max_features': 'log2', 'n_estimators': 329}",0.5775432863636132,0.10648880361038177,0.16690674215529142,0.2058405102789613,0.5834533710776457,0.10292025513948065,0.5742283170343696,0.14913657770800626,0.5745682888540031,0.5745682888540031,"{0: 0.6094563655676013, 1: 0.6094563655676013}","{0: 0.6094563655676013, 1: 0.6094563655676013}",0.6094563655676013,"[[348 289]
 [253 384]]",[0. 0. 1. ... 0. 1. 0.],[0. 1. 1. ... 1. 0. 0.]
173,randomforest,"{'criterion': 'gini', 'max_features': None, 'n_estimators': 47}",0.5773956226467769,0.09748442568939936,0.16610425470796755,0.18821140393165475,0.5830521273539837,0.09410570196582738,0.5838141025641026,0.16797488226059654,0.5839874411302983,0.5839874411302983,"{0: 0.6013741808763113, 1: 0.6013741808763114}","{0: 0.6013741808763113, 1: 0.6013741808763114}",0.6013741808763114,"[[359 278]
 [252 385]]",[1. 0. 1. ... 0. 1. 0.],[0. 1. 1. ... 1. 0. 0.]
429,SVC,"{'C': 10, 'gamma': 0.01, 'kernel': 'sigmoid'}",0.5691052066288996,0.09293068326129332,0.16594662589650241,0.17496727385020552,0.5829733129482513,0.08748363692510276,0.5785533749628309,0.16169544740973307,0.5808477237048666,0.5808477237048666,"{0: 0.6271203566561271, 1: 0.627120356656127}","{0: 0.6271203566561271, 1: 0.627120356656127}",0.627120356656127,"[[417 220]
 [314 323]]",[0. 0. 1. ... 0. 1. 0.],[0. 1. 1. ... 1. 0. 0.]
902,randomforest,"{'criterion': 'gini', 'max_features': None, 'n_estimators': 61}",0.5780325693976587,0.10043825506294139,0.16567205589630404,0.1967944045914408,0.582836027948152,0.0983972022957204,0.5852956625311643,0.17111459968602827,0.5855572998430141,0.5855572998430141,"{0: 0.6103300153535632, 1: 0.6103300153535633}","{0: 0.6103300153535632, 1: 0.6103300153535633}",0.6103300153535633,"[[357 280]
 [248 389]]",[1. 0. 1. ... 0. 1. 0.],[0. 1. 1. ... 1. 0. 0.]
172,knn,{'n_neighbors': 21},0.5756546815531124,0.1071067611018261,0.1651249876607536,0.20751590617928858,0.5825624938303767,0.10375795308964429,0.5858704549085353,0.17268445839874413,0.5863422291993721,0.5863422291993721,"{0: 0.6130298273155416, 1: 0.6130298273155417}","{0: 0.6130298273155416, 1: 0.6130298273155417}",0.6130298273155417,"[[395 242]
 [285 352]]",[1. 0. 1. ... 0. 1. 0.],[0. 1. 1. ... 1. 0. 0.]
514,knn,{'n_neighbors': 21},0.5756546815531124,0.1071067611018261,0.1651249876607536,0.20751590617928858,0.5825624938303767,0.10375795308964429,0.5858704549085353,0.17268445839874413,0.5863422291993721,0.5863422291993721,"{0: 0.6130298273155416, 1: 0.6130298273155417}","{0: 0.6130298273155416, 1: 0.6130298273155417}",0.6130298273155417,"[[395 242]
 [285 352]]",[1. 0. 1. ... 0. 1. 0.],[0. 1. 1. ... 1. 0. 0.]
842,knn,{'n_neighbors': 21},0.5756546815531124,0.1071067611018261,0.1651249876607536,0.20751590617928858,0.5825624938303767,0.10375795308964429,0.5858704549085353,0.17268445839874413,0.5863422291993721,0.5863422291993721,"{0: 0.6130298273155416, 1: 0.6130298273155417}","{0: 0.6130298273155416, 1: 0.6130298273155417}",0.6130298273155417,"[[395 242]
 [285 352]]",[1. 0. 1. ... 0. 1. 0.],[0. 1. 1. ... 1. 0. 0.]
648,AdaBoost,"{'algorithm': 'SAMME.R', 'learning_rate': 1.8142857142857143, 'n_estimators': 41}",0.5766686107475661,0.08534349027768602,0.16510124580517915,0.16933354839016937,0.5825506229025895,0.08466677419508468,0.5791285053929122,0.15855572998430145,0.5792778649921507,0.5792778649921507,"{0: 0.5975012876784574, 1: 0.5975012876784574}","{0: 0.5975012876784574, 1: 0.5975012876784574}",0.5975012876784574,"[[357 280]
 [256 381]]",[1. 0. 1. ... 0. 1. 0.],[0. 1. 1. ... 1. 0. 0.]
651,SVC,"{'C': 10, 'gamma': 0.01, 'kernel': 'sigmoid'}",0.5688726760010042,0.08922888052185193,0.1651010270509036,0.16804493104679455,0.5825505135254518,0.08402246552339727,0.5792933432710614,0.16326530612244894,0.5816326530612245,0.5816326530612245,"{0: 0.6268024417833793, 1: 0.6268024417833793}","{0: 0.6268024417833793, 1: 0.6268024417833793}",0.6268024417833793,"[[418 219]
 [314 323]]",[0. 0. 1. ... 0. 1. 0.],[0. 1. 1. ... 1. 0. 0.]
432,randomforest,"{'criterion': 'gini', 'max_features': 'sqrt', 'n_estimators': 397}",0.5764519678621447,0.09539724334600667,0.16504970833078692,0.18484048208770065,0.5825248541653935,0.09242024104385033,0.5741894585207988,0.14913657770800626,0.5745682888540031,0.5745682888540031,"{0: 0.6093109626413057, 1: 0.6093109626413058}","{0: 0.6093109626413057, 1: 0.6093109626413058}",0.6093109626413058,"[[347 290]
 [252 385]]",[1. 0. 1. ... 0. 1. 0.],[0. 1. 1. ... 1. 0. 0.]
37,SVC,"{'C': 10, 'gamma': 0.01, 'kernel': 'sigmoid'}",0.5682136655789788,0.0909204520232548,0.16425147949700822,0.17098908736208734,0.5821257397485041,0.08549454368104367,0.5785533749628309,0.16169544740973307,0.5808477237048666,0.5808477237048666,"{0: 0.625419881755383, 1: 0.625419881755383}","{0: 0.625419881755383, 1: 0.625419881755383}",0.625419881755383,"[[417 220]
 [314 323]]",[0. 0. 1. ... 0. 1. 0.],[0. 1. 1. ... 1. 0. 0.]
129,AdaBoost,"{'algorithm': 'SAMME.R', 'learning_rate': 2.7122448979591836, 'n_estimators': 74}",0.5493648464879297,0.09045798137038707,0.16388455732483867,0.15771270123227513,0.5819422786624193,0.07885635061613756,0.561440607118058,0.17582417582417587,0.5879120879120879,0.5879120879120879,"{0: 0.5527085607821198, 1: 0.5527085607821198}","{0: 0.5527085607821198, 1: 0.5527085607821198}",0.5527085607821198,"[[531 106]
 [419 218]]",[0. 0. 1. ... 0. 1. 0.],[0. 1. 1. ... 1. 0. 0.]
731,knn,{'n_neighbors': 27},0.5767211069269749,0.11562230594145814,0.16329884648933948,0.22954737774937506,0.5816494232446697,0.11477368887468752,0.5858704549085353,0.17268445839874413,0.5863422291993721,0.5863422291993721,"{0: 0.6150593071427339, 1: 0.6150593071427339}","{0: 0.6150593071427339, 1: 0.6150593071427339}",0.6150593071427339,"[[395 242]
 [285 352]]",[0. 0. 1. ... 0. 1. 0.],[0. 1. 1. ... 1. 0. 0.]
105,knn,{'n_neighbors': 27},0.5767211069269749,0.11562230594145814,0.16329884648933948,0.22954737774937506,0.5816494232446697,0.11477368887468752,0.5858704549085353,0.17268445839874413,0.5863422291993721,0.5863422291993721,"{0: 0.6150593071427339, 1: 0.6150593071427339}","{0: 0.6150593071427339, 1: 0.6150593071427339}",0.6150593071427339,"[[395 242]
 [285 352]]",[0. 0. 1. ... 0. 1. 0.],[0. 1. 1. ... 1. 0. 0.]
366,knn,{'n_neighbors': 27},0.5767211069269749,0.11562230594145814,0.16329884648933948,0.22954737774937506,0.5816494232446697,0.11477368887468752,0.5858704549085353,0.17268445839874413,0.5863422291993721,0.5863422291993721,"{0: 0.6150593071427339, 1: 0.6150593071427339}","{0: 0.6150593071427339, 1: 0.6150593071427339}",0.6150593071427339,"[[395 242]
 [285 352]]",[0. 0. 1. ... 0. 1. 0.],[0. 1. 1. ... 1. 0. 0.]
120,AdaBoost,"{'algorithm': 'SAMME', 'learning_rate': 3.2020408163265306, 'n_estimators': 41}",0.5485751494023668,0.09115354998976374,0.16263455732483867,0.15936948429135667,0.5813172786624193,0.07968474214567832,0.5604245382031906,0.17425431711146,0.5871271585557299,0.58712715855573,"{0: 0.6241457578080138, 1: 0.6241457578080138}","{0: 0.6241457578080138, 1: 0.6241457578080138}",0.6241457578080138,"[[531 106]
 [420 217]]",[0. 0. 1. ... 0. 1. 0.],[0. 1. 1. ... 1. 0. 0.]
306,AdaBoost,"{'algorithm': 'SAMME', 'learning_rate': 3.120408163265306, 'n_estimators': 63}",0.5485751494023668,0.09115354998976374,0.16263455732483867,0.15936948429135667,0.5813172786624193,0.07968474214567832,0.5604245382031906,0.17425431711146,0.5871271585557299,0.58712715855573,"{0: 0.5777006129103012, 1: 0.5777006129103012}","{0: 0.5777006129103012, 1: 0.5777006129103012}",0.5777006129103012,"[[531 106]
 [420 217]]",[0. 0. 1. ... 0. 1. 0.],[0. 1. 1. ... 1. 0. 0.]
992,AdaBoost,"{'algorithm': 'SAMME', 'learning_rate': 3.120408163265306, 'n_estimators': 74}",0.5485751494023668,0.09115354998976374,0.16263455732483867,0.15936948429135667,0.5813172786624193,0.07968474214567832,0.5604245382031906,0.17425431711146,0.5871271585557299,0.58712715855573,"{0: 0.5571963358462573, 1: 0.5571963358462574}","{0: 0.5571963358462573, 1: 0.5571963358462574}",0.5571963358462574,"[[531 106]
 [420 217]]",[0. 0. 1. ... 0. 1. 0.],[0. 1. 1. ... 1. 0. 0.]
168,AdaBoost,"{'algorithm': 'SAMME', 'learning_rate': 3.0387755102040814, 'n_estimators': 96}",0.5485751494023668,0.09115354998976374,0.16263455732483867,0.15936948429135667,0.5813172786624193,0.07968474214567832,0.5604245382031906,0.17425431711146,0.5871271585557299,0.58712715855573,"{0: 0.5475787948315421, 1: 0.547578794831542}","{0: 0.5475787948315421, 1: 0.547578794831542}",0.547578794831542,"[[531 106]
 [420 217]]",[0. 0. 1. ... 0. 1. 0.],[0. 1. 1. ... 1. 0. 0.]
694,randomforest,"{'criterion': 'entropy', 'max_features': 'log2', 'n_estimators': 405}",0.5751672056242634,0.09559928882239703,0.1618947505310765,0.1854516086242192,0.5809473752655383,0.09272580431210961,0.575032478322608,0.15070643642072212,0.5753532182103611,0.5753532182103611,"{0: 0.6117372199453384, 1: 0.6117372199453384}","{0: 0.6117372199453384, 1: 0.6117372199453384}",0.6117372199453384,"[[349 288]
 [253 384]]",[0. 0. 1. ... 0. 1. 0.],[0. 1. 1. ... 1. 0. 0.]
44,AdaBoost,"{'algorithm': 'SAMME.R', 'learning_rate': 1.7326530612244897, 'n_estimators': 52}",0.5755603287318379,0.08720808466284871,0.16187983766257424,0.1730018470172737,0.580939918831287,0.08650092350863685,0.5610997510668563,0.12401883830455263,0.5620094191522763,0.5620094191522763,"{0: 0.5710367228644869, 1: 0.571036722864487}","{0: 0.5710367228644869, 1: 0.571036722864487}",0.571036722864487,"[[329 308]
 [250 387]]",[0. 0. 1. ... 0. 1. 1.],[0. 1. 1. ... 1. 0. 0.]
535,AdaBoost,"{'algorithm': 'SAMME', 'learning_rate': 3.446938775510204, 'n_estimators': 63}",0.5467937323606687,0.09347355232414704,0.16186570661033578,0.15867053437829456,0.5809328533051679,0.07933526718914727,0.5596943924644141,0.17425431711146,0.5871271585557299,0.58712715855573,"{0: 0.5482306435434939, 1: 0.5482306435434939}","{0: 0.5482306435434939, 1: 0.5482306435434939}",0.5482306435434939,"[[533 104]
 [422 215]]",[0. 0. 1. ... 0. 1. 0.],[0. 1. 1. ... 1. 0. 0.]
379,randomforest,"{'criterion': 'entropy', 'max_features': 'sqrt', 'n_estimators': 393}",0.5751497094228012,0.10078540579031728,0.1613010299049544,0.19626115591847468,0.5806505149524771,0.09813057795923734,0.5748227538800446,0.15070643642072212,0.5753532182103611,0.5753532182103611,"{0: 0.6129337135168038, 1: 0.6129337135168039}","{0: 0.6129337135168038, 1: 0.6129337135168039}",0.6129337135168039,"[[344 293]
 [248 389]]",[1. 0. 1. ... 0. 1. 0.],[0. 1. 1. ... 1. 0. 0.]
481,randomforest,"{'criterion': 'gini', 'max_features': 'log2', 'n_estimators': 55}",0.5765141370887581,0.08533848598649987,0.1612006780118915,0.16915570292097445,0.5806003390059458,0.08457785146048725,0.5719600644837142,0.14442700156985866,0.5722135007849294,0.5722135007849294,"{0: 0.6020223329036964, 1: 0.6020223329036964}","{0: 0.6020223329036964, 1: 0.6020223329036964}",0.6020223329036964,"[[349 288]
 [257 380]]",[0. 0. 1. ... 0. 1. 0.],[0. 1. 1. ... 1. 0. 0.]
361,AdaBoost,"{'algorithm': 'SAMME.R', 'learning_rate': 3.5285714285714285, 'n_estimators': 74}",0.5470684015192085,0.09128353528140351,0.16111601512535018,0.15954289002308564,0.5805580075626751,0.07977144501154282,0.558020226656294,0.17111459968602827,0.5855572998430141,0.5855572998430141,"{0: 0.5482454302817613, 1: 0.5482454302817613}","{0: 0.5482454302817613, 1: 0.5482454302817613}",0.5482454302817613,"[[532 105]
 [423 214]]",[0. 0. 1. ... 0. 1. 0.],[0. 1. 1. ... 1. 0. 0.]
198,AdaBoost,"{'algorithm': 'SAMME.R', 'learning_rate': 3.936734693877551, 'n_estimators': 74}",0.5470684015192085,0.09128353528140351,0.16111601512535018,0.15954289002308564,0.5805580075626751,0.07977144501154282,0.558020226656294,0.17111459968602827,0.5855572998430141,0.5855572998430141,"{0: 0.5836880096803846, 1: 0.5836880096803848}","{0: 0.5836880096803846, 1: 0.5836880096803848}",0.5836880096803848,"[[532 105]
 [423 214]]",[0. 0. 1. ... 0. 1. 0.],[0. 1. 1. ... 1. 0. 0.]
524,AdaBoost,"{'algorithm': 'SAMME.R', 'learning_rate': 3.8551020408163263, 'n_estimators': 41}",0.5470684015192085,0.09128353528140351,0.16111601512535018,0.15954289002308564,0.5805580075626751,0.07977144501154282,0.558020226656294,0.17111459968602827,0.5855572998430141,0.5855572998430141,"{0: 0.5900093402896722, 1: 0.5900093402896722}","{0: 0.5900093402896722, 1: 0.5900093402896722}",0.5900093402896722,"[[532 105]
 [423 214]]",[0. 0. 1. ... 0. 1. 0.],[0. 1. 1. ... 1. 0. 0.]
836,AdaBoost,"{'algorithm': 'SAMME.R', 'learning_rate': 3.936734693877551, 'n_estimators': 63}",0.5470684015192085,0.09128353528140351,0.16111601512535018,0.15954289002308564,0.5805580075626751,0.07977144501154282,0.558020226656294,0.17111459968602827,0.5855572998430141,0.5855572998430141,"{0: 0.5865295278840916, 1: 0.5865295278840917}","{0: 0.5865295278840916, 1: 0.5865295278840917}",0.5865295278840917,"[[532 105]
 [423 214]]",[0. 0. 1. ... 0. 1. 0.],[0. 1. 1. ... 1. 0. 0.]
425,AdaBoost,"{'algorithm': 'SAMME.R', 'learning_rate': 3.3653061224489793, 'n_estimators': 63}",0.5470684015192085,0.09128353528140351,0.16111601512535018,0.15954289002308564,0.5805580075626751,0.07977144501154282,0.558020226656294,0.17111459968602827,0.5855572998430141,0.5855572998430141,"{0: 0.5494431560814158, 1: 0.5494431560814158}","{0: 0.5494431560814158, 1: 0.5494431560814158}",0.5494431560814158,"[[532 105]
 [423 214]]",[0. 0. 1. ... 0. 1. 0.],[0. 1. 1. ... 1. 0. 0.]
102,AdaBoost,"{'algorithm': 'SAMME.R', 'learning_rate': 3.610204081632653, 'n_estimators': 52}",0.5470684015192085,0.09128353528140351,0.16111601512535018,0.15954289002308564,0.5805580075626751,0.07977144501154282,0.558020226656294,0.17111459968602827,0.5855572998430141,0.5855572998430141,"{0: 0.5481369942011342, 1: 0.5481369942011342}","{0: 0.5481369942011342, 1: 0.5481369942011342}",0.5481369942011342,"[[532 105]
 [423 214]]",[0. 0. 1. ... 0. 1. 0.],[0. 1. 1. ... 1. 0. 0.]
739,AdaBoost,"{'algorithm': 'SAMME', 'learning_rate': 3.610204081632653, 'n_estimators': 41}",0.5456819465805259,0.09387712256277805,0.16083629484562992,0.15989829072753128,0.5804181474228148,0.07994914536376564,0.5572755417956657,0.17111459968602827,0.5855572998430141,0.5855572998430142,"{0: 0.5463391732734636, 1: 0.5463391732734635}","{0: 0.5463391732734636, 1: 0.5463391732734635}",0.5463391732734635,"[[534 103]
 [425 212]]",[0. 0. 1. ... 0. 1. 0.],[0. 1. 1. ... 1. 0. 0.]
17,AdaBoost,"{'algorithm': 'SAMME', 'learning_rate': 0.1, 'n_estimators': 63}",0.5501457546808858,0.08354172489704546,0.16070447400946122,0.14420272495757672,0.5803522370047306,0.07210136247878834,0.5526371233934967,0.152276295133438,0.576138147566719,0.576138147566719,"{0: 0.5990255539481824, 1: 0.5990255539481822}","{0: 0.5990255539481824, 1: 0.5990255539481822}",0.5990255539481822,"[[513 124]
 [416 221]]",[0. 0. 1. ... 0. 1. 0.],[0. 1. 1. ... 1. 0. 0.]
747,randomforest,"{'criterion': 'entropy', 'max_features': None, 'n_estimators': 65}",0.5744133233965657,0.10909127255698814,0.1604964355868007,0.21249927585895015,0.5802482177934004,0.10624963792947506,0.5751624036041612,0.15070643642072212,0.5753532182103611,0.5753532182103611,"{0: 0.6074404402504874, 1: 0.6074404402504874}","{0: 0.6074404402504874, 1: 0.6074404402504874}",0.6074404402504874,"[[353 284]
 [257 380]]",[1. 0. 1. ... 0. 1. 0.],[0. 1. 1. ... 1. 0. 0.]
232,knn,{'n_neighbors': 19},0.5738934216861538,0.10418628338254066,0.15975986683011553,0.20318530841952304,0.5798799334150577,0.10159265420976152,0.5835769385424144,0.16797488226059654,0.5839874411302983,0.5839874411302983,"{0: 0.6115129544149503, 1: 0.6115129544149502}","{0: 0.6115129544149503, 1: 0.6115129544149502}",0.6115129544149502,"[[392 245]
 [285 352]]",[1. 0. 1. ... 0. 1. 0.],[0. 1. 1. ... 1. 0. 0.]
388,knn,{'n_neighbors': 19},0.5738934216861538,0.10418628338254066,0.15975986683011553,0.20318530841952304,0.5798799334150577,0.10159265420976152,0.5835769385424144,0.16797488226059654,0.5839874411302983,0.5839874411302983,"{0: 0.6115129544149503, 1: 0.6115129544149502}","{0: 0.6115129544149503, 1: 0.6115129544149502}",0.6115129544149502,"[[392 245]
 [285 352]]",[1. 0. 1. ... 0. 1. 0.],[0. 1. 1. ... 1. 0. 0.]
869,knn,{'n_neighbors': 19},0.5738934216861538,0.10418628338254066,0.15975986683011553,0.20318530841952304,0.5798799334150577,0.10159265420976152,0.5835769385424144,0.16797488226059654,0.5839874411302983,0.5839874411302983,"{0: 0.6115129544149503, 1: 0.6115129544149502}","{0: 0.6115129544149503, 1: 0.6115129544149502}",0.6115129544149502,"[[392 245]
 [285 352]]",[1. 0. 1. ... 0. 1. 0.],[0. 1. 1. ... 1. 0. 0.]
503,knn,{'n_neighbors': 29},0.5734527784170284,0.10794169341328218,0.15932966514969776,0.20994423057552308,0.5796648325748489,0.10497211528776154,0.5802011136780996,0.16169544740973307,0.5808477237048666,0.5808477237048666,"{0: 0.6130926709531779, 1: 0.6130926709531777}","{0: 0.6130926709531779, 1: 0.6130926709531777}",0.6130926709531777,"[[395 242]
 [292 345]]",[1. 0. 1. ... 0. 1. 0.],[0. 1. 1. ... 1. 0. 0.]
898,knn,{'n_neighbors': 29},0.5734527784170284,0.10794169341328218,0.15932966514969776,0.20994423057552308,0.5796648325748489,0.10497211528776154,0.5802011136780996,0.16169544740973307,0.5808477237048666,0.5808477237048666,"{0: 0.6130926709531779, 1: 0.6130926709531777}","{0: 0.6130926709531779, 1: 0.6130926709531777}",0.6130926709531777,"[[395 242]
 [292 345]]",[1. 0. 1. ... 0. 1. 0.],[0. 1. 1. ... 1. 0. 0.]
162,knn,{'n_neighbors': 29},0.5734527784170284,0.10794169341328218,0.15932966514969776,0.20994423057552308,0.5796648325748489,0.10497211528776154,0.5802011136780996,0.16169544740973307,0.5808477237048666,0.5808477237048666,"{0: 0.6130926709531779, 1: 0.6130926709531777}","{0: 0.6130926709531779, 1: 0.6130926709531777}",0.6130926709531777,"[[395 242]
 [292 345]]",[1. 0. 1. ... 0. 1. 0.],[0. 1. 1. ... 1. 0. 0.]
965,AdaBoost,"{'algorithm': 'SAMME', 'learning_rate': 1.9775510204081632, 'n_estimators': 41}",0.5673041997428511,0.11366379225378867,0.15922887687759812,0.21699290536939317,0.579614438438799,0.10849645268469658,0.5557026105130328,0.1114599686028257,0.5557299843014128,0.555729984301413,"{0: 0.5346280765657307, 1: 0.5346280765657307}","{0: 0.5346280765657307, 1: 0.5346280765657307}",0.5346280765657307,"[[349 288]
 [278 359]]",[1. 0. 1. ... 0. 1. 0.],[0. 1. 1. ... 1. 0. 0.]
373,AdaBoost,"{'algorithm': 'SAMME', 'learning_rate': 4.1, 'n_estimators': 85}",0.5443562075460446,0.09379141386701634,0.1588147415197287,0.1605823803961555,0.5794073707598644,0.08029119019807775,0.5562486707792674,0.1695447409733124,0.5847723704866562,0.5847723704866562,"{0: 0.5511448632103487, 1: 0.5511448632103487}","{0: 0.5511448632103487, 1: 0.5511448632103487}",0.5511448632103487,"[[534 103]
 [426 211]]",[0. 0. 1. ... 0. 1. 0.],[0. 1. 1. ... 1. 0. 0.]
654,randomforest,"{'criterion': 'gini', 'max_features': 'log2', 'n_estimators': 197}",0.5729407506899481,0.07657810667746999,0.15751629082277727,0.14737500858531935,0.5787581454113887,0.07368750429265968,0.5757607151314231,0.152276295133438,0.576138147566719,0.576138147566719,"{0: 0.6067380701827887, 1: 0.6067380701827887}","{0: 0.6067380701827887, 1: 0.6067380701827887}",0.6067380701827887,"[[348 289]
 [251 386]]",[0. 0. 1. ... 0. 1. 0.],[0. 1. 1. ... 1. 0. 0.]
188,AdaBoost,"{'algorithm': 'SAMME', 'learning_rate': 0.1816326530612245, 'n_estimators': 63}",0.5520953493059727,0.08080936641995451,0.15715136097680854,0.14162662534872886,0.5785756804884042,0.07081331267436443,0.559553245627032,0.15384615384615385,0.5769230769230769,0.5769230769230769,"{0: 0.6067885915385355, 1: 0.6067885915385355}","{0: 0.6067885915385355, 1: 0.6067885915385355}",0.6067885915385355,"[[494 143]
 [396 241]]",[0. 0. 1. ... 0. 1. 0.],[0. 1. 1. ... 1. 0. 0.]
817,randomforest,"{'criterion': 'gini', 'max_features': None, 'n_estimators': 69}",0.5726227703761646,0.09323018488559934,0.15598513240001027,0.18127511300586957,0.5779925662000052,0.09063755650293481,0.573619172474238,0.1475667189952904,0.5737833594976453,0.5737833594976451,"{0: 0.6015848918966209, 1: 0.601584891896621}","{0: 0.6015848918966209, 1: 0.601584891896621}",0.601584891896621,"[[353 284]
 [259 378]]",[1. 0. 1. ... 0. 1. 0.],[0. 1. 1. ... 1. 0. 0.]
892,AdaBoost,"{'algorithm': 'SAMME.R', 'learning_rate': 0.5897959183673469, 'n_estimators': 74}",0.5719272843908921,0.10574568813082916,0.15445747754073444,0.20940820291919685,0.5772287387703673,0.10470410145959844,0.5695521357403571,0.13971742543171117,0.5698587127158555,0.5698587127158556,"{0: 0.5842486735063546, 1: 0.5842486735063546}","{0: 0.5842486735063546, 1: 0.5842486735063546}",0.5842486735063546,"[[380 257]
 [291 346]]",[1. 0. 1. ... 0. 1. 0.],[0. 1. 1. ... 1. 0. 0.]
210,SVC,"{'C': 100, 'gamma': 0.1, 'kernel': 'rbf'}",0.5706074154009751,0.10829567149798175,0.15408694467236222,0.20241457413198038,0.5770434723361811,0.10120728706599019,0.571918121286242,0.14599686028257453,0.5729984301412873,0.5729984301412873,"{0: 0.5826936015319061, 1: 0.582693601531906}","{0: 0.5826936015319061, 1: 0.582693601531906}",0.582693601531906,"[[333 304]
 [240 397]]",[1. 0. 1. ... 0. 1. 0.],[0. 1. 1. ... 1. 0. 0.]
11,randomforest,"{'criterion': 'gini', 'max_features': 'log2', 'n_estimators': 127}",0.5710411211291977,0.1018525049980457,0.153895953068336,0.19772618723682225,0.576947976534168,0.09886309361841113,0.5701985019073083,0.14128728414442704,0.5706436420722135,0.5706436420722134,"{0: 0.6050634720740125, 1: 0.6050634720740126}","{0: 0.6050634720740125, 1: 0.6050634720740126}",0.6050634720740126,"[[343 294]
 [253 384]]",[1. 0. 1. ... 0. 1. 0.],[0. 1. 1. ... 1. 0. 0.]
972,randomforest,"{'criterion': 'entropy', 'max_features': 'log2', 'n_estimators': 107}",0.570731658217638,0.1000952848674583,0.1537284151710424,0.19497721875137522,0.5768642075855213,0.09748860937568762,0.5668097317144664,0.13500784929356358,0.5675039246467818,0.5675039246467818,"{0: 0.6004684931574369, 1: 0.6004684931574369}","{0: 0.6004684931574369, 1: 0.6004684931574369}",0.6004684931574369,"[[336 301]
 [250 387]]",[1. 0. 1. ... 0. 1. 0.],[0. 1. 1. ... 1. 0. 0.]
309,SVC,"{'C': 1, 'gamma': 0.001, 'kernel': 'sigmoid'}",0.5480134761383098,0.09207022507577624,0.1530136011481765,0.16538634925475584,0.5765068005740883,0.08269317462737792,0.5661967270409737,0.16797488226059654,0.5839874411302983,0.5839874411302983,"{0: 0.5637443964423108, 1: 0.5637443964423108}","{0: 0.5637443964423108, 1: 0.5637443964423108}",0.5637443964423108,"[[501 136]
 [394 243]]",[0. 0. 1. ... 0. 1. 0.],[0. 1. 1. ... 1. 0. 0.]
783,knn,{'n_neighbors': 37},0.5705939358848078,0.11412601330979606,0.15219272241641937,0.2264461116557734,0.5760963612082096,0.1132230558278867,0.5801482622508906,0.16169544740973307,0.5808477237048666,0.5808477237048666,"{0: 0.6073073596060814, 1: 0.6073073596060814}","{0: 0.6073073596060814, 1: 0.6073073596060814}",0.6073073596060814,"[[396 241]
 [293 344]]",[0. 0. 1. ... 0. 1. 0.],[0. 1. 1. ... 1. 0. 0.]
113,knn,{'n_neighbors': 37},0.5705939358848078,0.11412601330979606,0.15219272241641937,0.2264461116557734,0.5760963612082096,0.1132230558278867,0.5801482622508906,0.16169544740973307,0.5808477237048666,0.5808477237048666,"{0: 0.6073073596060814, 1: 0.6073073596060814}","{0: 0.6073073596060814, 1: 0.6073073596060814}",0.6073073596060814,"[[396 241]
 [293 344]]",[0. 0. 1. ... 0. 1. 0.],[0. 1. 1. ... 1. 0. 0.]
431,knn,{'n_neighbors': 37},0.5705939358848078,0.11412601330979606,0.15219272241641937,0.2264461116557734,0.5760963612082096,0.1132230558278867,0.5801482622508906,0.16169544740973307,0.5808477237048666,0.5808477237048666,"{0: 0.6073073596060814, 1: 0.6073073596060814}","{0: 0.6073073596060814, 1: 0.6073073596060814}",0.6073073596060814,"[[396 241]
 [293 344]]",[0. 0. 1. ... 0. 1. 0.],[0. 1. 1. ... 1. 0. 0.]
319,SVC,"{'C': 100, 'gamma': 0.1, 'kernel': 'rbf'}",0.5693787020989071,0.10820076815258232,0.15170770434746975,0.20214157010952558,0.575853852173735,0.10107078505476279,0.5705384660976767,0.1428571428571429,0.5714285714285714,0.5714285714285714,"{0: 0.5804829841609388, 1: 0.5804829841609388}","{0: 0.5804829841609388, 1: 0.5804829841609388}",0.5804829841609388,"[[335 302]
 [244 393]]",[1. 0. 1. ... 0. 1. 0.],[0. 1. 1. ... 1. 0. 0.]
299,knn,{'n_neighbors': 11},0.5714208166494228,0.0981258183667983,0.15108031064028948,0.19183860325627813,0.5755401553201448,0.09591930162813908,0.5776986395899054,0.15541601255886972,0.5777080062794349,0.5777080062794349,"{0: 0.6038990164354596, 1: 0.6038990164354596}","{0: 0.6038990164354596, 1: 0.6038990164354596}",0.6038990164354596,"[[371 266]
 [272 365]]",[0. 0. 0. ... 0. 1. 0.],[0. 1. 1. ... 1. 0. 0.]
613,knn,{'n_neighbors': 11},0.5714208166494228,0.0981258183667983,0.15108031064028948,0.19183860325627813,0.5755401553201448,0.09591930162813908,0.5776986395899054,0.15541601255886972,0.5777080062794349,0.5777080062794349,"{0: 0.6038990164354596, 1: 0.6038990164354596}","{0: 0.6038990164354596, 1: 0.6038990164354596}",0.6038990164354596,"[[371 266]
 [272 365]]",[0. 0. 0. ... 0. 1. 0.],[0. 1. 1. ... 1. 0. 0.]
982,knn,{'n_neighbors': 11},0.5714208166494228,0.0981258183667983,0.15108031064028948,0.19183860325627813,0.5755401553201448,0.09591930162813908,0.5776986395899054,0.15541601255886972,0.5777080062794349,0.5777080062794349,"{0: 0.6038990164354596, 1: 0.6038990164354596}","{0: 0.6038990164354596, 1: 0.6038990164354596}",0.6038990164354596,"[[371 266]
 [272 365]]",[0. 0. 0. ... 0. 1. 0.],[0. 1. 1. ... 1. 0. 0.]
629,randomforest,"{'criterion': 'gini', 'max_features': None, 'n_estimators': 161}",0.5696520746461977,0.09449675844012127,0.14920739243885467,0.18499994251756724,0.5746036962194272,0.09249997125878362,0.5744172573189523,0.14913657770800626,0.5745682888540031,0.5745682888540031,"{0: 0.6093158915540615, 1: 0.6093158915540615}","{0: 0.6093158915540615, 1: 0.6093158915540615}",0.6093158915540615,"[[354 283]
 [259 378]]",[1. 0. 1. ... 0. 1. 0.],[0. 1. 1. ... 1. 0. 0.]
181,knn,{'n_neighbors': 31},0.5681976503555566,0.11620122239611833,0.14808073493337626,0.22932451385092312,0.5740403674666881,0.11466225692546157,0.5779663934077337,0.1569858712715856,0.5784929356357927,0.5784929356357928,"{0: 0.6113946605088116, 1: 0.6113946605088116}","{0: 0.6113946605088116, 1: 0.6113946605088116}",0.6113946605088116,"[[391 246]
 [291 346]]",[1. 0. 1. ... 0. 1. 0.],[0. 1. 1. ... 1. 0. 0.]
926,knn,{'n_neighbors': 31},0.5681976503555566,0.11620122239611833,0.14808073493337626,0.22932451385092312,0.5740403674666881,0.11466225692546157,0.5779663934077337,0.1569858712715856,0.5784929356357927,0.5784929356357928,"{0: 0.6113946605088116, 1: 0.6113946605088116}","{0: 0.6113946605088116, 1: 0.6113946605088116}",0.6113946605088116,"[[391 246]
 [291 346]]",[1. 0. 1. ... 0. 1. 0.],[0. 1. 1. ... 1. 0. 0.]
552,knn,{'n_neighbors': 31},0.5681976503555566,0.11620122239611833,0.14808073493337626,0.22932451385092312,0.5740403674666881,0.11466225692546157,0.5779663934077337,0.1569858712715856,0.5784929356357927,0.5784929356357928,"{0: 0.6113946605088116, 1: 0.6113946605088116}","{0: 0.6113946605088116, 1: 0.6113946605088116}",0.6113946605088116,"[[391 246]
 [291 346]]",[1. 0. 1. ... 0. 1. 0.],[0. 1. 1. ... 1. 0. 0.]
62,knn,{'n_neighbors': 43},0.5655688719946907,0.12540773596330865,0.14804591680657034,0.2458784767296442,0.5740229584032851,0.1229392383648221,0.5812497253184294,0.16640502354788067,0.5832025117739403,0.5832025117739403,"{0: 0.6086233793118745, 1: 0.6086233793118745}","{0: 0.6086233793118745, 1: 0.6086233793118745}",0.6086233793118745,"[[415 222]
 [309 328]]",[0. 0. 1. ... 0. 1. 0.],[0. 1. 1. ... 1. 0. 0.]
343,knn,{'n_neighbors': 43},0.5655688719946907,0.12540773596330865,0.14804591680657034,0.2458784767296442,0.5740229584032851,0.1229392383648221,0.5812497253184294,0.16640502354788067,0.5832025117739403,0.5832025117739403,"{0: 0.6086233793118745, 1: 0.6086233793118745}","{0: 0.6086233793118745, 1: 0.6086233793118745}",0.6086233793118745,"[[415 222]
 [309 328]]",[0. 0. 1. ... 0. 1. 0.],[0. 1. 1. ... 1. 0. 0.]
677,knn,{'n_neighbors': 43},0.5655688719946907,0.12540773596330865,0.14804591680657034,0.2458784767296442,0.5740229584032851,0.1229392383648221,0.5812497253184294,0.16640502354788067,0.5832025117739403,0.5832025117739403,"{0: 0.6086233793118745, 1: 0.6086233793118745}","{0: 0.6086233793118745, 1: 0.6086233793118745}",0.6086233793118745,"[[415 222]
 [309 328]]",[0. 0. 1. ... 0. 1. 0.],[0. 1. 1. ... 1. 0. 0.]
621,AdaBoost,"{'algorithm': 'SAMME.R', 'learning_rate': 0.7530612244897958, 'n_estimators': 63}",0.5690987686229514,0.11185220028481814,0.1480070551348486,0.21989025660397973,0.5740035275674242,0.10994512830198988,0.5667019097825525,0.1334379905808477,0.5667189952904239,0.5667189952904239,"{0: 0.5778238357291957, 1: 0.5778238357291956}","{0: 0.5778238357291957, 1: 0.5778238357291956}",0.5778238357291956,"[[365 272]
 [280 357]]",[1. 0. 1. ... 0. 1. 0.],[0. 1. 1. ... 1. 0. 0.]
686,AdaBoost,"{'algorithm': 'SAMME', 'learning_rate': 0.1, 'n_estimators': 96}",0.5456849331093137,0.08047335932111814,0.14766394207762495,0.13876447201061193,0.5738319710388126,0.06938223600530596,0.5505594252533185,0.13971742543171117,0.5698587127158555,0.5698587127158555,"{0: 0.6029575940991057, 1: 0.6029575940991057}","{0: 0.6029575940991057, 1: 0.6029575940991057}",0.6029575940991057,"[[495 142]
 [406 231]]",[0. 0. 1. ... 0. 1. 0.],[0. 1. 1. ... 1. 0. 0.]
192,knn,{'n_neighbors': 15},0.5673327428387469,0.09482308525013892,0.1471519008432096,0.17965387833745344,0.5735759504216048,0.08982693916872674,0.5814157628210462,0.16326530612244894,0.5816326530612245,0.5816326530612245,"{0: 0.6097607259302706, 1: 0.6097607259302706}","{0: 0.6097607259302706, 1: 0.6097607259302706}",0.6097607259302706,"[[385 252]
 [281 356]]",[1. 0. 1. ... 0. 1. 0.],[0. 1. 1. ... 1. 0. 0.]
884,knn,{'n_neighbors': 15},0.5673327428387469,0.09482308525013892,0.1471519008432096,0.17965387833745344,0.5735759504216048,0.08982693916872674,0.5814157628210462,0.16326530612244894,0.5816326530612245,0.5816326530612245,"{0: 0.6097607259302706, 1: 0.6097607259302706}","{0: 0.6097607259302706, 1: 0.6097607259302706}",0.6097607259302706,"[[385 252]
 [281 356]]",[1. 0. 1. ... 0. 1. 0.],[0. 1. 1. ... 1. 0. 0.]
443,knn,{'n_neighbors': 15},0.5673327428387469,0.09482308525013892,0.1471519008432096,0.17965387833745344,0.5735759504216048,0.08982693916872674,0.5814157628210462,0.16326530612244894,0.5816326530612245,0.5816326530612245,"{0: 0.6097607259302706, 1: 0.6097607259302706}","{0: 0.6097607259302706, 1: 0.6097607259302706}",0.6097607259302706,"[[385 252]
 [281 356]]",[1. 0. 1. ... 0. 1. 0.],[0. 1. 1. ... 1. 0. 0.]
955,knn,{'n_neighbors': 25},0.5679493936375691,0.11744081489911024,0.14711621370760625,0.23094227635061873,0.5735581068538032,0.11547113817530937,0.5789032283526719,0.15855572998430145,0.5792778649921507,0.5792778649921507,"{0: 0.6132048037183719, 1: 0.6132048037183718}","{0: 0.6132048037183719, 1: 0.6132048037183718}",0.6132048037183718,"[[388 249]
 [287 350]]",[0. 0. 1. ... 0. 1. 0.],[0. 1. 1. ... 1. 0. 0.]
527,knn,{'n_neighbors': 25},0.5679493936375691,0.11744081489911024,0.14711621370760625,0.23094227635061873,0.5735581068538032,0.11547113817530937,0.5789032283526719,0.15855572998430145,0.5792778649921507,0.5792778649921507,"{0: 0.6132048037183719, 1: 0.6132048037183718}","{0: 0.6132048037183719, 1: 0.6132048037183718}",0.6132048037183718,"[[388 249]
 [287 350]]",[0. 0. 1. ... 0. 1. 0.],[0. 1. 1. ... 1. 0. 0.]
222,knn,{'n_neighbors': 25},0.5679493936375691,0.11744081489911024,0.14711621370760625,0.23094227635061873,0.5735581068538032,0.11547113817530937,0.5789032283526719,0.15855572998430145,0.5792778649921507,0.5792778649921507,"{0: 0.6132048037183719, 1: 0.6132048037183718}","{0: 0.6132048037183719, 1: 0.6132048037183718}",0.6132048037183718,"[[388 249]
 [287 350]]",[0. 0. 1. ... 0. 1. 0.],[0. 1. 1. ... 1. 0. 0.]
144,randomforest,"{'criterion': 'gini', 'max_features': None, 'n_estimators': 75}",0.5678787014626733,0.09269845204309744,0.1469079853640397,0.1790542012579964,0.5734539926820198,0.08952710062899819,0.5752378076400423,0.15070643642072212,0.5753532182103611,0.5753532182103611,"{0: 0.6042711493485209, 1: 0.604271149348521}","{0: 0.6042711493485209, 1: 0.604271149348521}",0.604271149348521,"[[356 281]
 [260 377]]",[1. 0. 1. ... 0. 1. 0.],[0. 1. 1. ... 1. 0. 0.]
2,SVC,"{'C': 100, 'gamma': 0.1, 'kernel': 'rbf'}",0.5672518803156136,0.10656248398923551,0.14684142807002407,0.1987083394866,0.573420714035012,0.0993541697433,0.5682094445888357,0.1381475667189953,0.5690737833594977,0.5690737833594977,"{0: 0.5818285773432668, 1: 0.5818285773432668}","{0: 0.5818285773432668, 1: 0.5818285773432668}",0.5818285773432668,"[[334 303]
 [246 391]]",[1. 0. 1. ... 0. 1. 0.],[0. 1. 1. ... 1. 0. 0.]
377,knn,{'n_neighbors': 23},0.5649668672765431,0.10599391860902085,0.14593428155236077,0.20394566992072136,0.5729671407761804,0.10197283496036066,0.5764405601436443,0.15384615384615385,0.5769230769230769,0.5769230769230769,"{0: 0.6124925758251616, 1: 0.6124925758251617}","{0: 0.6124925758251616, 1: 0.6124925758251617}",0.6124925758251617,"[[389 248]
 [291 346]]",[1. 0. 0. ... 0. 1. 0.],[0. 1. 1. ... 1. 0. 0.]
691,knn,{'n_neighbors': 23},0.5649668672765431,0.10599391860902085,0.14593428155236077,0.20394566992072136,0.5729671407761804,0.10197283496036066,0.5764405601436443,0.15384615384615385,0.5769230769230769,0.5769230769230769,"{0: 0.6124925758251616, 1: 0.6124925758251617}","{0: 0.6124925758251616, 1: 0.6124925758251617}",0.6124925758251617,"[[389 248]
 [291 346]]",[1. 0. 0. ... 0. 1. 0.],[0. 1. 1. ... 1. 0. 0.]
49,knn,{'n_neighbors': 23},0.5649668672765431,0.10599391860902085,0.14593428155236077,0.20394566992072136,0.5729671407761804,0.10197283496036066,0.5764405601436443,0.15384615384615385,0.5769230769230769,0.5769230769230769,"{0: 0.6124925758251616, 1: 0.6124925758251617}","{0: 0.6124925758251616, 1: 0.6124925758251617}",0.6124925758251617,"[[389 248]
 [291 346]]",[1. 0. 0. ... 0. 1. 0.],[0. 1. 1. ... 1. 0. 0.]
178,AdaBoost,"{'algorithm': 'SAMME.R', 'learning_rate': 0.9979591836734693, 'n_estimators': 30}",0.5665510119712632,0.09648295021726111,0.144513741573253,0.19003992847402418,0.5722568707866265,0.09501996423701209,0.5627940791399042,0.1255886970172685,0.5627943485086342,0.5627943485086342,"{0: 0.5775009919436921, 1: 0.5775009919436922}","{0: 0.5775009919436921, 1: 0.5775009919436922}",0.5775009919436922,"[[359 278]
 [279 358]]",[1. 0. 1. ... 0. 1. 0.],[0. 1. 1. ... 1. 0. 0.]
867,SVC,"{'C': 0.1, 'gamma': 0.01, 'kernel': 'sigmoid'}",0.5482811922611718,0.11413691860737461,0.1439566733265428,0.21535161150611873,0.5719783366632715,0.10767580575305936,0.5757072311755923,0.18053375196232335,0.5902668759811617,0.5902668759811617,"{0: 0.5633155810325579, 1: 0.5633155810325579}","{0: 0.5633155810325579, 1: 0.5633155810325579}",0.5633155810325579,"[[494 143]
 [379 258]]",[0. 0. 1. ... 0. 1. 0.],[0. 1. 1. ... 1. 0. 0.]
33,knn,{'n_neighbors': 49},0.5634089702395944,0.1293581197675451,0.14325427338141863,0.253603114430045,0.5716271366907093,0.12680155721502248,0.5781436026668783,0.16169544740973307,0.5808477237048666,0.5808477237048666,"{0: 0.609710204574524, 1: 0.609710204574524}","{0: 0.609710204574524, 1: 0.609710204574524}",0.609710204574524,"[[421 216]
 [318 319]]",[0. 0. 1. ... 0. 1. 0.],[0. 1. 1. ... 1. 0. 0.]
355,knn,{'n_neighbors': 49},0.5634089702395944,0.1293581197675451,0.14325427338141863,0.253603114430045,0.5716271366907093,0.12680155721502248,0.5781436026668783,0.16169544740973307,0.5808477237048666,0.5808477237048666,"{0: 0.609710204574524, 1: 0.609710204574524}","{0: 0.609710204574524, 1: 0.609710204574524}",0.609710204574524,"[[421 216]
 [318 319]]",[0. 0. 1. ... 0. 1. 0.],[0. 1. 1. ... 1. 0. 0.]
638,knn,{'n_neighbors': 49},0.5634089702395944,0.1293581197675451,0.14325427338141863,0.253603114430045,0.5716271366907093,0.12680155721502248,0.5781436026668783,0.16169544740973307,0.5808477237048666,0.5808477237048666,"{0: 0.609710204574524, 1: 0.609710204574524}","{0: 0.609710204574524, 1: 0.609710204574524}",0.609710204574524,"[[421 216]
 [318 319]]",[0. 0. 1. ... 0. 1. 0.],[0. 1. 1. ... 1. 0. 0.]
53,SVC,"{'C': 1000, 'gamma': 0.01, 'kernel': 'rbf'}",0.5640040194184149,0.10515988235449716,0.14312174765163566,0.1968674121963917,0.5715608738258178,0.09843370609819585,0.5792768281382465,0.15855572998430145,0.5792778649921507,0.5792778649921507,"{0: 0.5971032779734282, 1: 0.5971032779734282}","{0: 0.5971032779734282, 1: 0.5971032779734282}",0.5971032779734282,"[[370 267]
 [269 368]]",[1. 0. 1. ... 0. 1. 0.],[0. 1. 1. ... 1. 0. 0.]
704,knn,{'n_neighbors': 47},0.5635472333848062,0.12104575840747496,0.14292517176783426,0.23637581010791997,0.5714625858839171,0.11818790505396,0.5777147066604463,0.16012558869701732,0.5800627943485086,0.5800627943485086,"{0: 0.6096843277825562, 1: 0.609684327782556}","{0: 0.6096843277825562, 1: 0.609684327782556}",0.609684327782556,"[[417 220]
 [315 322]]",[0. 0. 1. ... 0. 1. 0.],[0. 1. 1. ... 1. 0. 0.]
400,knn,{'n_neighbors': 47},0.5635472333848062,0.12104575840747496,0.14292517176783426,0.23637581010791997,0.5714625858839171,0.11818790505396,0.5777147066604463,0.16012558869701732,0.5800627943485086,0.5800627943485086,"{0: 0.6096843277825562, 1: 0.609684327782556}","{0: 0.6096843277825562, 1: 0.609684327782556}",0.609684327782556,"[[417 220]
 [315 322]]",[0. 0. 1. ... 0. 1. 0.],[0. 1. 1. ... 1. 0. 0.]
57,knn,{'n_neighbors': 47},0.5635472333848062,0.12104575840747496,0.14292517176783426,0.23637581010791997,0.5714625858839171,0.11818790505396,0.5777147066604463,0.16012558869701732,0.5800627943485086,0.5800627943485086,"{0: 0.6096843277825562, 1: 0.609684327782556}","{0: 0.6096843277825562, 1: 0.609684327782556}",0.609684327782556,"[[417 220]
 [315 322]]",[0. 0. 1. ... 0. 1. 0.],[0. 1. 1. ... 1. 0. 0.]
756,knn,{'n_neighbors': 35},0.5653961244108063,0.12370365762660018,0.140609398415488,0.24639021289135152,0.570304699207744,0.12319510644567576,0.5785757838323545,0.15855572998430145,0.5792778649921507,0.5792778649921506,"{0: 0.6070103926125455, 1: 0.6070103926125455}","{0: 0.6070103926125455, 1: 0.6070103926125455}",0.6070103926125455,"[[395 242]
 [294 343]]",[0. 0. 1. ... 0. 1. 0.],[0. 1. 1. ... 1. 0. 0.]
133,knn,{'n_neighbors': 35},0.5653961244108063,0.12370365762660018,0.140609398415488,0.24639021289135152,0.570304699207744,0.12319510644567576,0.5785757838323545,0.15855572998430145,0.5792778649921507,0.5792778649921506,"{0: 0.6070103926125455, 1: 0.6070103926125455}","{0: 0.6070103926125455, 1: 0.6070103926125455}",0.6070103926125455,"[[395 242]
 [294 343]]",[0. 0. 1. ... 0. 1. 0.],[0. 1. 1. ... 1. 0. 0.]
479,knn,{'n_neighbors': 35},0.5653961244108063,0.12370365762660018,0.140609398415488,0.24639021289135152,0.570304699207744,0.12319510644567576,0.5785757838323545,0.15855572998430145,0.5792778649921507,0.5792778649921506,"{0: 0.6070103926125455, 1: 0.6070103926125455}","{0: 0.6070103926125455, 1: 0.6070103926125455}",0.6070103926125455,"[[395 242]
 [294 343]]",[0. 0. 1. ... 0. 1. 0.],[0. 1. 1. ... 1. 0. 0.]
563,knn,{'n_neighbors': 13},0.5635107950402849,0.10336445669292657,0.1403327899229037,0.19850046302926144,0.5701663949614518,0.09925023151463071,0.5727920744231002,0.14599686028257453,0.5729984301412873,0.5729984301412873,"{0: 0.6004561708755475, 1: 0.6004561708755475}","{0: 0.6004561708755475, 1: 0.6004561708755475}",0.6004561708755475,"[[379 258]
 [286 351]]",[0. 0. 0. ... 0. 1. 0.],[0. 1. 1. ... 1. 0. 0.]
969,knn,{'n_neighbors': 13},0.5635107950402849,0.10336445669292657,0.1403327899229037,0.19850046302926144,0.5701663949614518,0.09925023151463071,0.5727920744231002,0.14599686028257453,0.5729984301412873,0.5729984301412873,"{0: 0.6004561708755475, 1: 0.6004561708755475}","{0: 0.6004561708755475, 1: 0.6004561708755475}",0.6004561708755475,"[[379 258]
 [286 351]]",[0. 0. 0. ... 0. 1. 0.],[0. 1. 1. ... 1. 0. 0.]
20,knn,{'n_neighbors': 13},0.5635107950402849,0.10336445669292657,0.1403327899229037,0.19850046302926144,0.5701663949614518,0.09925023151463071,0.5727920744231002,0.14599686028257453,0.5729984301412873,0.5729984301412873,"{0: 0.6004561708755475, 1: 0.6004561708755475}","{0: 0.6004561708755475, 1: 0.6004561708755475}",0.6004561708755475,"[[379 258]
 [286 351]]",[0. 0. 0. ... 0. 1. 0.],[0. 1. 1. ... 1. 0. 0.]
288,knn,{'n_neighbors': 13},0.5635107950402849,0.10336445669292657,0.1403327899229037,0.19850046302926144,0.5701663949614518,0.09925023151463071,0.5727920744231002,0.14599686028257453,0.5729984301412873,0.5729984301412873,"{0: 0.6004561708755475, 1: 0.6004561708755475}","{0: 0.6004561708755475, 1: 0.6004561708755475}",0.6004561708755475,"[[379 258]
 [286 351]]",[0. 0. 0. ... 0. 1. 0.],[0. 1. 1. ... 1. 0. 0.]
277,knn,{'n_neighbors': 45},0.5609421330060534,0.12595357568229754,0.1382293823757974,0.24860302325996067,0.5691146911878987,0.12430151162998034,0.5748750201580389,0.15541601255886972,0.5777080062794349,0.5777080062794349,"{0: 0.6083116255800713, 1: 0.6083116255800715}","{0: 0.6083116255800713, 1: 0.6083116255800715}",0.6083116255800715,"[[420 217]
 [321 316]]",[0. 0. 1. ... 0. 1. 0.],[0. 1. 1. ... 1. 0. 0.]
25,knn,{'n_neighbors': 45},0.5609421330060534,0.12595357568229754,0.1382293823757974,0.24860302325996067,0.5691146911878987,0.12430151162998034,0.5748750201580389,0.15541601255886972,0.5777080062794349,0.5777080062794349,"{0: 0.6083116255800713, 1: 0.6083116255800715}","{0: 0.6083116255800713, 1: 0.6083116255800715}",0.6083116255800715,"[[420 217]
 [321 316]]",[0. 0. 1. ... 0. 1. 0.],[0. 1. 1. ... 1. 0. 0.]
626,knn,{'n_neighbors': 45},0.5609421330060534,0.12595357568229754,0.1382293823757974,0.24860302325996067,0.5691146911878987,0.12430151162998034,0.5748750201580389,0.15541601255886972,0.5777080062794349,0.5777080062794349,"{0: 0.6083116255800713, 1: 0.6083116255800715}","{0: 0.6083116255800713, 1: 0.6083116255800715}",0.6083116255800715,"[[420 217]
 [321 316]]",[0. 0. 1. ... 0. 1. 0.],[0. 1. 1. ... 1. 0. 0.]
997,knn,{'n_neighbors': 45},0.5609421330060534,0.12595357568229754,0.1382293823757974,0.24860302325996067,0.5691146911878987,0.12430151162998034,0.5748750201580389,0.15541601255886972,0.5777080062794349,0.5777080062794349,"{0: 0.6083116255800713, 1: 0.6083116255800715}","{0: 0.6083116255800713, 1: 0.6083116255800715}",0.6083116255800715,"[[420 217]
 [321 316]]",[0. 0. 1. ... 0. 1. 0.],[0. 1. 1. ... 1. 0. 0.]
665,knn,{'n_neighbors': 33},0.5624163590568991,0.12197126131797942,0.13643343199476898,0.2427700002509426,0.5682167159973845,0.1213850001254713,0.5777621836401038,0.1569858712715856,0.5784929356357927,0.5784929356357927,"{0: 0.6079739950563006, 1: 0.6079739950563006}","{0: 0.6079739950563006, 1: 0.6079739950563006}",0.6079739950563006,"[[395 242]
 [295 342]]",[1. 0. 1. ... 0. 1. 0.],[0. 1. 1. ... 1. 0. 0.]
253,knn,{'n_neighbors': 33},0.5624163590568991,0.12197126131797942,0.13643343199476898,0.2427700002509426,0.5682167159973845,0.1213850001254713,0.5777621836401038,0.1569858712715856,0.5784929356357927,0.5784929356357927,"{0: 0.6079739950563006, 1: 0.6079739950563006}","{0: 0.6079739950563006, 1: 0.6079739950563006}",0.6079739950563006,"[[395 242]
 [295 342]]",[1. 0. 1. ... 0. 1. 0.],[0. 1. 1. ... 1. 0. 0.]
87,knn,{'n_neighbors': 33},0.5624163590568991,0.12197126131797942,0.13643343199476898,0.2427700002509426,0.5682167159973845,0.1213850001254713,0.5777621836401038,0.1569858712715856,0.5784929356357927,0.5784929356357927,"{0: 0.6079739950563006, 1: 0.6079739950563006}","{0: 0.6079739950563006, 1: 0.6079739950563006}",0.6079739950563006,"[[395 242]
 [295 342]]",[1. 0. 1. ... 0. 1. 0.],[0. 1. 1. ... 1. 0. 0.]
317,AdaBoost,"{'algorithm': 'SAMME', 'learning_rate': 1.4877551020408164, 'n_estimators': 96}",0.5550761924151342,0.09511240324929641,0.13472671208485656,0.16487846598495925,0.5673633560424283,0.08243923299247964,0.5670555293435592,0.13500784929356358,0.5675039246467818,0.5675039246467818,"{0: 0.5828710423911142, 1: 0.5828710423911141}","{0: 0.5828710423911142, 1: 0.5828710423911141}",0.5828710423911141,"[[341 296]
 [255 382]]",[1. 0. 1. ... 0. 1. 0.],[0. 1. 1. ... 1. 0. 0.]
249,AdaBoost,"{'algorithm': 'SAMME', 'learning_rate': 3.7734693877551018, 'n_estimators': 96}",0.5313516186005923,0.10138544947272372,0.13400399670898394,0.18120808385295128,0.5670019983544919,0.09060404192647563,0.5325254734716726,0.10989010989010994,0.554945054945055,0.554945054945055,"{0: 0.5450379403059376, 1: 0.5450379403059377}","{0: 0.5450379403059376, 1: 0.5450379403059377}",0.5450379403059377,"[[493 144]
 [423 214]]",[0. 0. 1. ... 0. 1. 0.],[0. 1. 1. ... 1. 0. 0.]
940,knn,{'n_neighbors': 39},0.5607139361112994,0.12446895786407455,0.13337925890730373,0.24888274234340685,0.5666896294536518,0.1244413711717034,0.5767692759880356,0.15541601255886972,0.5777080062794349,0.5777080062794349,"{0: 0.608949919781945, 1: 0.6089499197819449}","{0: 0.608949919781945, 1: 0.6089499197819449}",0.6089499197819449,"[[398 239]
 [299 338]]",[0. 0. 1. ... 0. 1. 0.],[0. 1. 1. ... 1. 0. 0.]
243,knn,{'n_neighbors': 39},0.5607139361112994,0.12446895786407455,0.13337925890730373,0.24888274234340685,0.5666896294536518,0.1244413711717034,0.5767692759880356,0.15541601255886972,0.5777080062794349,0.5777080062794349,"{0: 0.608949919781945, 1: 0.6089499197819449}","{0: 0.608949919781945, 1: 0.6089499197819449}",0.6089499197819449,"[[398 239]
 [299 338]]",[0. 0. 1. ... 0. 1. 0.],[0. 1. 1. ... 1. 0. 0.]
575,knn,{'n_neighbors': 39},0.5607139361112994,0.12446895786407455,0.13337925890730373,0.24888274234340685,0.5666896294536518,0.1244413711717034,0.5767692759880356,0.15541601255886972,0.5777080062794349,0.5777080062794349,"{0: 0.608949919781945, 1: 0.6089499197819449}","{0: 0.608949919781945, 1: 0.6089499197819449}",0.6089499197819449,"[[398 239]
 [299 338]]",[0. 0. 1. ... 0. 1. 0.],[0. 1. 1. ... 1. 0. 0.]
124,knn,{'n_neighbors': 41},0.5586815105512162,0.12814154153764482,0.1322934024127516,0.2543786407407579,0.5661467012063758,0.12718932037037894,0.5761191149987137,0.15541601255886972,0.5777080062794349,0.5777080062794349,"{0: 0.6073073596060813, 1: 0.6073073596060813}","{0: 0.6073073596060813, 1: 0.6073073596060813}",0.6073073596060813,"[[407 230]
 [308 329]]",[0. 0. 1. ... 0. 1. 0.],[0. 1. 1. ... 1. 0. 0.]
857,knn,{'n_neighbors': 41},0.5586815105512162,0.12814154153764482,0.1322934024127516,0.2543786407407579,0.5661467012063758,0.12718932037037894,0.5761191149987137,0.15541601255886972,0.5777080062794349,0.5777080062794349,"{0: 0.6073073596060813, 1: 0.6073073596060813}","{0: 0.6073073596060813, 1: 0.6073073596060813}",0.6073073596060813,"[[407 230]
 [308 329]]",[0. 0. 1. ... 0. 1. 0.],[0. 1. 1. ... 1. 0. 0.]
466,knn,{'n_neighbors': 41},0.5586815105512162,0.12814154153764482,0.1322934024127516,0.2543786407407579,0.5661467012063758,0.12718932037037894,0.5761191149987137,0.15541601255886972,0.5777080062794349,0.5777080062794349,"{0: 0.6073073596060813, 1: 0.6073073596060813}","{0: 0.6073073596060813, 1: 0.6073073596060813}",0.6073073596060813,"[[407 230]
 [308 329]]",[0. 0. 1. ... 0. 1. 0.],[0. 1. 1. ... 1. 0. 0.]
310,knn,{'n_neighbors': 9},0.5616529765295761,0.09872685960640726,0.1308034358622991,0.19463158475308628,0.5654017179311496,0.09731579237654316,0.5596218009741489,0.11930926216640503,0.5596546310832025,0.5596546310832025,"{0: 0.5969800551545338, 1: 0.5969800551545337}","{0: 0.5969800551545338, 1: 0.5969800551545337}",0.5969800551545337,"[[362 275]
 [286 351]]",[1. 0. 0. ... 0. 1. 0.],[0. 1. 1. ... 1. 0. 0.]
827,knn,{'n_neighbors': 9},0.5616529765295761,0.09872685960640726,0.1308034358622991,0.19463158475308628,0.5654017179311496,0.09731579237654316,0.5596218009741489,0.11930926216640503,0.5596546310832025,0.5596546310832025,"{0: 0.5969800551545338, 1: 0.5969800551545337}","{0: 0.5969800551545338, 1: 0.5969800551545337}",0.5969800551545337,"[[362 275]
 [286 351]]",[1. 0. 0. ... 0. 1. 0.],[0. 1. 1. ... 1. 0. 0.]
212,knn,{'n_neighbors': 9},0.5616529765295761,0.09872685960640726,0.1308034358622991,0.19463158475308628,0.5654017179311496,0.09731579237654316,0.5596218009741489,0.11930926216640503,0.5596546310832025,0.5596546310832025,"{0: 0.5969800551545338, 1: 0.5969800551545337}","{0: 0.5969800551545338, 1: 0.5969800551545337}",0.5969800551545337,"[[362 275]
 [286 351]]",[1. 0. 0. ... 0. 1. 0.],[0. 1. 1. ... 1. 0. 0.]
142,knn,{'n_neighbors': 17},0.5598346357208209,0.087565567496271,0.13021357770002712,0.167548204198734,0.5651067888500135,0.08377410209936702,0.5752943431035875,0.15070643642072212,0.5753532182103611,0.5753532182103611,"{0: 0.610426129152301, 1: 0.610426129152301}","{0: 0.610426129152301, 1: 0.610426129152301}",0.610426129152301,"[[374 263]
 [278 359]]",[1. 0. 1. ... 0. 1. 0.],[0. 1. 1. ... 1. 0. 0.]
770,knn,{'n_neighbors': 17},0.5598346357208209,0.087565567496271,0.13021357770002712,0.167548204198734,0.5651067888500135,0.08377410209936702,0.5752943431035875,0.15070643642072212,0.5753532182103611,0.5753532182103611,"{0: 0.610426129152301, 1: 0.610426129152301}","{0: 0.610426129152301, 1: 0.610426129152301}",0.610426129152301,"[[374 263]
 [278 359]]",[1. 0. 1. ... 0. 1. 0.],[0. 1. 1. ... 1. 0. 0.]
491,knn,{'n_neighbors': 17},0.5598346357208209,0.087565567496271,0.13021357770002712,0.167548204198734,0.5651067888500135,0.08377410209936702,0.5752943431035875,0.15070643642072212,0.5753532182103611,0.5753532182103611,"{0: 0.610426129152301, 1: 0.610426129152301}","{0: 0.610426129152301, 1: 0.610426129152301}",0.610426129152301,"[[374 263]
 [278 359]]",[1. 0. 1. ... 0. 1. 0.],[0. 1. 1. ... 1. 0. 0.]
611,SVC,"{'C': 1, 'gamma': 1, 'kernel': 'rbf'}",0.5398567150638343,0.1038210335700736,0.12911043501562505,0.16872388229862897,0.5645552175078126,0.0843619411493145,0.5412027354002625,0.11773940345368916,0.5588697017268446,0.5588697017268446,"{0: 0.5861364470918182, 1: 0.5861364470918182}","{0: 0.5861364470918182, 1: 0.5861364470918182}",0.5861364470918182,"[[231 406]
 [156 481]]",[1. 0. 1. ... 0. 1. 0.],[0. 1. 1. ... 1. 0. 0.]
978,AdaBoost,"{'algorithm': 'SAMME.R', 'learning_rate': 1.4061224489795918, 'n_estimators': 52}",0.5585072870291379,0.07729071920838593,0.12620738536433923,0.1504543768038415,0.5631036926821696,0.07522718840192073,0.5627940791399042,0.1255886970172685,0.5627943485086342,0.5627943485086342,"{0: 0.5664220282968881, 1: 0.5664220282968881}","{0: 0.5664220282968881, 1: 0.5664220282968881}",0.5664220282968881,"[[358 279]
 [278 359]]",[1. 0. 1. ... 0. 1. 1.],[0. 1. 1. ... 1. 0. 0.]
465,SVC,"{'C': 1, 'gamma': 1, 'kernel': 'rbf'}",0.5376697485849375,0.10343020218003268,0.12571360961879968,0.1677175722040319,0.5628568048093999,0.08385878610201596,0.5392735955762221,0.11459968602825743,0.5572998430141287,0.5572998430141287,"{0: 0.5870088646495912, 1: 0.5870088646495913}","{0: 0.5870088646495912, 1: 0.5870088646495913}",0.5870088646495913,"[[229 408]
 [156 481]]",[1. 0. 1. ... 0. 1. 0.],[0. 1. 1. ... 1. 0. 0.]
547,AdaBoost,"{'algorithm': 'SAMME.R', 'learning_rate': 3.2836734693877547, 'n_estimators': 52}",0.5090587923560026,0.10610333892185426,0.12532926564294852,0.15478160275053154,0.5626646328214743,0.07739080137526576,0.5037157682072642,0.10675039246467821,0.5533751962323391,0.5533751962323391,"{0: 0.5660425020146931, 1: 0.5660425020146931}","{0: 0.5660425020146931, 1: 0.5660425020146931}",0.5660425020146931,"[[554  83]
 [486 151]]",[0. 0. 1. ... 0. 1. 0.],[0. 1. 1. ... 1. 0. 0.]
742,SVC,"{'C': 1, 'gamma': 1, 'kernel': 'rbf'}",0.5368711901488106,0.10396963488296833,0.12442789533308538,0.1690316919980638,0.5622139476665428,0.0845158459990319,0.5392735955762221,0.11459968602825743,0.5572998430141287,0.5572998430141287,"{0: 0.5835635546333012, 1: 0.5835635546333012}","{0: 0.5835635546333012, 1: 0.5835635546333012}",0.5835635546333012,"[[229 408]
 [156 481]]",[1. 0. 1. ... 0. 1. 0.],[0. 1. 1. ... 1. 0. 0.]
218,AdaBoost,"{'algorithm': 'SAMME.R', 'learning_rate': 1.9775510204081632, 'n_estimators': 63}",0.5350379274122402,0.08783711177472384,0.12400456840115981,0.1626997816103776,0.5620022842005798,0.0813498908051888,0.5463041850119554,0.13186813186813184,0.5659340659340659,0.5659340659340659,"{0: 0.559175294317703, 1: 0.559175294317703}","{0: 0.559175294317703, 1: 0.559175294317703}",0.559175294317703,"[[493 144]
 [409 228]]",[0. 0. 1. ... 0. 0. 0.],[0. 1. 1. ... 1. 0. 0.]
474,AdaBoost,"{'algorithm': 'SAMME.R', 'learning_rate': 1.5693877551020408, 'n_estimators': 74}",0.5550279364791004,0.08927699191249559,0.12395837096192067,0.1739778502880062,0.5619791854809604,0.0869889251440031,0.5565015246203545,0.11302982731554156,0.5565149136577708,0.5565149136577707,"{0: 0.5658601322427292, 1: 0.5658601322427292}","{0: 0.5658601322427292, 1: 0.5658601322427292}",0.5658601322427292,"[[351 286]
 [279 358]]",[1. 0. 1. ... 1. 1. 1.],[0. 1. 1. ... 1. 0. 0.]
652,knn,{'n_neighbors': 5},0.5570585302327085,0.09664833256545353,0.12258684484796575,0.19132195010440237,0.5612934224239828,0.09566097505220118,0.554160125588697,0.10832025117739408,0.554160125588697,0.554160125588697,"{0: 0.5740667719811026, 1: 0.5740667719811026}","{0: 0.5740667719811026, 1: 0.5740667719811026}",0.5740667719811026,"[[353 284]
 [284 353]]",[0. 0. 0. ... 0. 1. 0.],[0. 1. 1. ... 1. 0. 0.]
321,knn,{'n_neighbors': 5},0.5570585302327085,0.09664833256545353,0.12258684484796575,0.19132195010440237,0.5612934224239828,0.09566097505220118,0.554160125588697,0.10832025117739408,0.554160125588697,0.554160125588697,"{0: 0.5740667719811026, 1: 0.5740667719811026}","{0: 0.5740667719811026, 1: 0.5740667719811026}",0.5740667719811026,"[[353 284]
 [284 353]]",[0. 0. 0. ... 0. 1. 0.],[0. 1. 1. ... 1. 0. 0.]
21,knn,{'n_neighbors': 5},0.5570585302327085,0.09664833256545353,0.12258684484796575,0.19132195010440237,0.5612934224239828,0.09566097505220118,0.554160125588697,0.10832025117739408,0.554160125588697,0.554160125588697,"{0: 0.5740667719811026, 1: 0.5740667719811026}","{0: 0.5740667719811026, 1: 0.5740667719811026}",0.5740667719811026,"[[353 284]
 [284 353]]",[0. 0. 0. ... 0. 1. 0.],[0. 1. 1. ... 1. 0. 0.]
513,SVC,"{'C': 1000, 'gamma': 0.1, 'kernel': 'rbf'}",0.5536186487683143,0.10712517070246809,0.1222019030170719,0.20653751491326786,0.561100951508536,0.10326875745663393,0.551595701325614,0.10518053375196235,0.5525902668759811,0.5525902668759812,"{0: 0.5896310462356661, 1: 0.5896310462356661}","{0: 0.5896310462356661, 1: 0.5896310462356661}",0.5896310462356661,"[[322 315]
 [255 382]]",[1. 0. 1. ... 0. 1. 0.],[0. 1. 1. ... 1. 0. 0.]
825,SVC,"{'C': 1000, 'gamma': 0.1, 'kernel': 'rbf'}",0.5532355873918263,0.10648936844987127,0.1209186233337922,0.20519685124100911,0.5604593116668961,0.10259842562050456,0.5507066549647429,0.10361067503924648,0.5518053375196232,0.5518053375196232,"{0: 0.5898158804640078, 1: 0.5898158804640078}","{0: 0.5898158804640078, 1: 0.5898158804640078}",0.5898158804640078,"[[320 317]
 [254 383]]",[1. 0. 1. ... 0. 1. 0.],[0. 1. 1. ... 1. 0. 0.]
910,SVC,"{'C': 1, 'gamma': 1, 'kernel': 'rbf'}",0.5343283743830425,0.10315184437188224,0.11982472072991078,0.16744611674874235,0.5599123603649554,0.08372305837437119,0.5357047531054306,0.10832025117739408,0.554160125588697,0.554160125588697,"{0: 0.5865307601122807, 1: 0.5865307601122807}","{0: 0.5865307601122807, 1: 0.5865307601122807}",0.5865307601122807,"[[226 411]
 [157 480]]",[1. 0. 1. ... 0. 1. 0.],[0. 1. 1. ... 1. 0. 0.]
83,AdaBoost,"{'algorithm': 'SAMME.R', 'learning_rate': 1.1612244897959183, 'n_estimators': 85}",0.553161615396216,0.09402366949475739,0.11950540316346825,0.18734217918182883,0.5597527015817342,0.0936710895909144,0.5643317282364576,0.1287284144427001,0.5643642072213501,0.5643642072213501,"{0: 0.5600501763318538, 1: 0.5600501763318538}","{0: 0.5600501763318538, 1: 0.5600501763318538}",0.5600501763318538,"[[365 272]
 [283 354]]",[1. 0. 1. ... 0. 1. 0.],[0. 1. 1. ... 1. 0. 0.]
726,AdaBoost,"{'algorithm': 'SAMME.R', 'learning_rate': 1.1612244897959183, 'n_estimators': 85}",0.553161615396216,0.09402366949475739,0.11950540316346825,0.18734217918182883,0.5597527015817342,0.0936710895909144,0.5643317282364576,0.1287284144427001,0.5643642072213501,0.5643642072213501,"{0: 0.5599195601438256, 1: 0.5599195601438256}","{0: 0.5599195601438256, 1: 0.5599195601438256}",0.5599195601438256,"[[365 272]
 [283 354]]",[1. 0. 1. ... 0. 1. 0.],[0. 1. 1. ... 1. 0. 0.]
95,knn,{'n_neighbors': 3},0.5555252713176553,0.07473479825858906,0.11811578081582053,0.14543507103028752,0.5590578904079102,0.07271753551514376,0.5577880710511243,0.1161695447409733,0.5580847723704867,0.5580847723704867,"{0: 0.5677146356670913, 1: 0.5677146356670913}","{0: 0.5677146356670913, 1: 0.5677146356670913}",0.5677146356670913,"[[339 298]
 [265 372]]",[0. 0. 0. ... 0. 1. 1.],[0. 1. 1. ... 1. 0. 0.]
454,knn,{'n_neighbors': 3},0.5555252713176553,0.07473479825858906,0.11811578081582053,0.14543507103028752,0.5590578904079102,0.07271753551514376,0.5577880710511243,0.1161695447409733,0.5580847723704867,0.5580847723704867,"{0: 0.5677146356670913, 1: 0.5677146356670913}","{0: 0.5677146356670913, 1: 0.5677146356670913}",0.5677146356670913,"[[339 298]
 [265 372]]",[0. 0. 0. ... 0. 1. 1.],[0. 1. 1. ... 1. 0. 0.]
744,knn,{'n_neighbors': 3},0.5555252713176553,0.07473479825858906,0.11811578081582053,0.14543507103028752,0.5590578904079102,0.07271753551514376,0.5577880710511243,0.1161695447409733,0.5580847723704867,0.5580847723704867,"{0: 0.5677146356670913, 1: 0.5677146356670913}","{0: 0.5677146356670913, 1: 0.5677146356670913}",0.5677146356670913,"[[339 298]
 [265 372]]",[0. 0. 0. ... 0. 1. 1.],[0. 1. 1. ... 1. 0. 0.]
663,SVC,"{'C': 1000, 'gamma': 0.1, 'kernel': 'rbf'}",0.55167885658115,0.10773810863267003,0.11685317766834656,0.2086329064162258,0.5584265888341732,0.1043164532081129,0.5485147976924293,0.09890109890109888,0.5494505494505495,0.5494505494505495,"{0: 0.5888695292148981, 1: 0.5888695292148981}","{0: 0.5888695292148981, 1: 0.5888695292148981}",0.5888695292148981,"[[321 316]
 [258 379]]",[1. 0. 1. ... 0. 1. 0.],[0. 1. 1. ... 1. 0. 0.]
375,SVC,"{'C': 1000, 'gamma': 0.1, 'kernel': 'rbf'}",0.5504224358210918,0.10982696094238947,0.11578968560485448,0.21191315048242143,0.5578948428024273,0.10595657524121072,0.5485147976924293,0.09890109890109888,0.5494505494505495,0.5494505494505495,"{0: 0.5904024210819456, 1: 0.5904024210819456}","{0: 0.5904024210819456, 1: 0.5904024210819456}",0.5904024210819456,"[[321 316]
 [258 379]]",[1. 0. 1. ... 0. 1. 0.],[0. 1. 1. ... 1. 0. 0.]
78,knn,{'n_neighbors': 1},0.5513234457514059,0.09722570503481248,0.11037392570046684,0.18992084952087204,0.5551869628502335,0.09496042476043601,0.5596484297847126,0.1208791208791209,0.5604395604395604,0.5604395604395604,"{0: 0.5604395604395604, 1: 0.5604395604395604}","{0: 0.5604395604395604, 1: 0.5604395604395604}",0.5604395604395604,"[[330 307]
 [253 384]]",[0. 0. 1. ... 0. 1. 1.],[0. 1. 1. ... 1. 0. 0.]
333,knn,{'n_neighbors': 1},0.5513234457514059,0.09722570503481248,0.11037392570046684,0.18992084952087204,0.5551869628502335,0.09496042476043601,0.5596484297847126,0.1208791208791209,0.5604395604395604,0.5604395604395604,"{0: 0.5604395604395604, 1: 0.5604395604395604}","{0: 0.5604395604395604, 1: 0.5604395604395604}",0.5604395604395604,"[[330 307]
 [253 384]]",[0. 0. 1. ... 0. 1. 1.],[0. 1. 1. ... 1. 0. 0.]
718,knn,{'n_neighbors': 1},0.5513234457514059,0.09722570503481248,0.11037392570046684,0.18992084952087204,0.5551869628502335,0.09496042476043601,0.5596484297847126,0.1208791208791209,0.5604395604395604,0.5604395604395604,"{0: 0.5604395604395604, 1: 0.5604395604395604}","{0: 0.5604395604395604, 1: 0.5604395604395604}",0.5604395604395604,"[[330 307]
 [253 384]]",[0. 0. 1. ... 0. 1. 1.],[0. 1. 1. ... 1. 0. 0.]
966,SVC,"{'C': 1000, 'gamma': 0.1, 'kernel': 'rbf'}",0.547318757674236,0.10863010912553703,0.10857566552531718,0.21036189935619884,0.5542878327626586,0.10518094967809943,0.5462500871886132,0.09419152276295129,0.5470957613814756,0.5470957613814756,"{0: 0.5896606197122009, 1: 0.5896606197122009}","{0: 0.5896606197122009, 1: 0.5896606197122009}",0.5896606197122009,"[[321 316]
 [261 376]]",[1. 0. 1. ... 0. 1. 0.],[0. 1. 1. ... 1. 0. 0.]
158,AdaBoost,"{'algorithm': 'SAMME.R', 'learning_rate': 1.3244897959183672, 'n_estimators': 85}",0.5458811184593886,0.10036581670492686,0.10400173143417257,0.19911215431904025,0.5520008657170863,0.09955607715952014,0.5375258775246572,0.07535321821036112,0.5376766091051806,0.5376766091051806,"{0: 0.5483082739193974, 1: 0.5483082739193974}","{0: 0.5483082739193974, 1: 0.5483082739193974}",0.5483082739193974,"[[331 306]
 [283 354]]",[1. 0. 1. ... 0. 1. 0.],[0. 1. 1. ... 1. 0. 0.]
559,AdaBoost,"{'algorithm': 'SAMME', 'learning_rate': 1.7326530612244897, 'n_estimators': 74}",0.5467489036363111,0.07189542459966694,0.1037512293086903,0.14182440538378624,0.5518756146543451,0.0709122026918931,0.5509927441933831,0.10204081632653061,0.5510204081632653,0.5510204081632653,"{0: 0.570790277226698, 1: 0.570790277226698}","{0: 0.570790277226698, 1: 0.570790277226698}",0.570790277226698,"[[346 291]
 [281 356]]",[0. 0. 1. ... 0. 1. 1.],[0. 1. 1. ... 1. 0. 0.]
904,naive_bayes,{},0.5229323801075241,0.11595806657746983,0.10007263478878702,0.22144488439645263,0.5500363173943934,0.11072244219822629,0.5444681963582677,0.12401883830455263,0.5620094191522763,0.5620094191522763,"{0: 0.5654695159068337, 1: 0.5654695159068337}","{0: 0.5654695159068337, 1: 0.5654695159068337}",0.5654695159068337,"[[483 154]
 [404 233]]",[0. 0. 1. ... 0. 1. 0.],[0. 1. 1. ... 1. 0. 0.]
185,naive_bayes,{},0.5229323801075241,0.11595806657746983,0.10007263478878702,0.22144488439645263,0.5500363173943934,0.11072244219822629,0.5444681963582677,0.12401883830455263,0.5620094191522763,0.5620094191522763,"{0: 0.5654695159068337, 1: 0.5654695159068337}","{0: 0.5654695159068337, 1: 0.5654695159068337}",0.5654695159068337,"[[483 154]
 [404 233]]",[0. 0. 1. ... 0. 1. 0.],[0. 1. 1. ... 1. 0. 0.]
196,naive_bayes,{},0.5229323801075241,0.11595806657746983,0.10007263478878702,0.22144488439645263,0.5500363173943934,0.11072244219822629,0.5444681963582677,0.12401883830455263,0.5620094191522763,0.5620094191522763,"{0: 0.5654695159068337, 1: 0.5654695159068337}","{0: 0.5654695159068337, 1: 0.5654695159068337}",0.5654695159068337,"[[483 154]
 [404 233]]",[0. 0. 1. ... 0. 1. 0.],[0. 1. 1. ... 1. 0. 0.]
89,naive_bayes,{},0.5229323801075241,0.11595806657746983,0.10007263478878702,0.22144488439645263,0.5500363173943934,0.11072244219822629,0.5444681963582677,0.12401883830455263,0.5620094191522763,0.5620094191522763,"{0: 0.5654695159068337, 1: 0.5654695159068337}","{0: 0.5654695159068337, 1: 0.5654695159068337}",0.5654695159068337,"[[483 154]
 [404 233]]",[0. 0. 1. ... 0. 1. 0.],[0. 1. 1. ... 1. 0. 0.]
175,naive_bayes,{},0.5229323801075241,0.11595806657746983,0.10007263478878702,0.22144488439645263,0.5500363173943934,0.11072244219822629,0.5444681963582677,0.12401883830455263,0.5620094191522763,0.5620094191522763,"{0: 0.5654695159068337, 1: 0.5654695159068337}","{0: 0.5654695159068337, 1: 0.5654695159068337}",0.5654695159068337,"[[483 154]
 [404 233]]",[0. 0. 1. ... 0. 1. 0.],[0. 1. 1. ... 1. 0. 0.]
166,naive_bayes,{},0.5229323801075241,0.11595806657746983,0.10007263478878702,0.22144488439645263,0.5500363173943934,0.11072244219822629,0.5444681963582677,0.12401883830455263,0.5620094191522763,0.5620094191522763,"{0: 0.5654695159068337, 1: 0.5654695159068337}","{0: 0.5654695159068337, 1: 0.5654695159068337}",0.5654695159068337,"[[483 154]
 [404 233]]",[0. 0. 1. ... 0. 1. 0.],[0. 1. 1. ... 1. 0. 0.]
9,naive_bayes,{},0.5229323801075241,0.11595806657746983,0.10007263478878702,0.22144488439645263,0.5500363173943934,0.11072244219822629,0.5444681963582677,0.12401883830455263,0.5620094191522763,0.5620094191522763,"{0: 0.5654695159068337, 1: 0.5654695159068337}","{0: 0.5654695159068337, 1: 0.5654695159068337}",0.5654695159068337,"[[483 154]
 [404 233]]",[0. 0. 1. ... 0. 1. 0.],[0. 1. 1. ... 1. 0. 0.]
12,naive_bayes,{},0.5229323801075241,0.11595806657746983,0.10007263478878702,0.22144488439645263,0.5500363173943934,0.11072244219822629,0.5444681963582677,0.12401883830455263,0.5620094191522763,0.5620094191522763,"{0: 0.5654695159068337, 1: 0.5654695159068337}","{0: 0.5654695159068337, 1: 0.5654695159068337}",0.5654695159068337,"[[483 154]
 [404 233]]",[0. 0. 1. ... 0. 1. 0.],[0. 1. 1. ... 1. 0. 0.]
16,naive_bayes,{},0.5229323801075241,0.11595806657746983,0.10007263478878702,0.22144488439645263,0.5500363173943934,0.11072244219822629,0.5444681963582677,0.12401883830455263,0.5620094191522763,0.5620094191522763,"{0: 0.5654695159068337, 1: 0.5654695159068337}","{0: 0.5654695159068337, 1: 0.5654695159068337}",0.5654695159068337,"[[483 154]
 [404 233]]",[0. 0. 1. ... 0. 1. 0.],[0. 1. 1. ... 1. 0. 0.]
989,naive_bayes,{},0.5229323801075241,0.11595806657746983,0.10007263478878702,0.22144488439645263,0.5500363173943934,0.11072244219822629,0.5444681963582677,0.12401883830455263,0.5620094191522763,0.5620094191522763,"{0: 0.5654695159068337, 1: 0.5654695159068337}","{0: 0.5654695159068337, 1: 0.5654695159068337}",0.5654695159068337,"[[483 154]
 [404 233]]",[0. 0. 1. ... 0. 1. 0.],[0. 1. 1. ... 1. 0. 0.]
36,naive_bayes,{},0.5229323801075241,0.11595806657746983,0.10007263478878702,0.22144488439645263,0.5500363173943934,0.11072244219822629,0.5444681963582677,0.12401883830455263,0.5620094191522763,0.5620094191522763,"{0: 0.5654695159068337, 1: 0.5654695159068337}","{0: 0.5654695159068337, 1: 0.5654695159068337}",0.5654695159068337,"[[483 154]
 [404 233]]",[0. 0. 1. ... 0. 1. 0.],[0. 1. 1. ... 1. 0. 0.]
42,naive_bayes,{},0.5229323801075241,0.11595806657746983,0.10007263478878702,0.22144488439645263,0.5500363173943934,0.11072244219822629,0.5444681963582677,0.12401883830455263,0.5620094191522763,0.5620094191522763,"{0: 0.5654695159068337, 1: 0.5654695159068337}","{0: 0.5654695159068337, 1: 0.5654695159068337}",0.5654695159068337,"[[483 154]
 [404 233]]",[0. 0. 1. ... 0. 1. 0.],[0. 1. 1. ... 1. 0. 0.]
974,naive_bayes,{},0.5229323801075241,0.11595806657746983,0.10007263478878702,0.22144488439645263,0.5500363173943934,0.11072244219822629,0.5444681963582677,0.12401883830455263,0.5620094191522763,0.5620094191522763,"{0: 0.5654695159068337, 1: 0.5654695159068337}","{0: 0.5654695159068337, 1: 0.5654695159068337}",0.5654695159068337,"[[483 154]
 [404 233]]",[0. 0. 1. ... 0. 1. 0.],[0. 1. 1. ... 1. 0. 0.]
48,naive_bayes,{},0.5229323801075241,0.11595806657746983,0.10007263478878702,0.22144488439645263,0.5500363173943934,0.11072244219822629,0.5444681963582677,0.12401883830455263,0.5620094191522763,0.5620094191522763,"{0: 0.5654695159068337, 1: 0.5654695159068337}","{0: 0.5654695159068337, 1: 0.5654695159068337}",0.5654695159068337,"[[483 154]
 [404 233]]",[0. 0. 1. ... 0. 1. 0.],[0. 1. 1. ... 1. 0. 0.]
55,naive_bayes,{},0.5229323801075241,0.11595806657746983,0.10007263478878702,0.22144488439645263,0.5500363173943934,0.11072244219822629,0.5444681963582677,0.12401883830455263,0.5620094191522763,0.5620094191522763,"{0: 0.5654695159068337, 1: 0.5654695159068337}","{0: 0.5654695159068337, 1: 0.5654695159068337}",0.5654695159068337,"[[483 154]
 [404 233]]",[0. 0. 1. ... 0. 1. 0.],[0. 1. 1. ... 1. 0. 0.]
962,naive_bayes,{},0.5229323801075241,0.11595806657746983,0.10007263478878702,0.22144488439645263,0.5500363173943934,0.11072244219822629,0.5444681963582677,0.12401883830455263,0.5620094191522763,0.5620094191522763,"{0: 0.5654695159068337, 1: 0.5654695159068337}","{0: 0.5654695159068337, 1: 0.5654695159068337}",0.5654695159068337,"[[483 154]
 [404 233]]",[0. 0. 1. ... 0. 1. 0.],[0. 1. 1. ... 1. 0. 0.]
73,naive_bayes,{},0.5229323801075241,0.11595806657746983,0.10007263478878702,0.22144488439645263,0.5500363173943934,0.11072244219822629,0.5444681963582677,0.12401883830455263,0.5620094191522763,0.5620094191522763,"{0: 0.5654695159068337, 1: 0.5654695159068337}","{0: 0.5654695159068337, 1: 0.5654695159068337}",0.5654695159068337,"[[483 154]
 [404 233]]",[0. 0. 1. ... 0. 1. 0.],[0. 1. 1. ... 1. 0. 0.]
81,naive_bayes,{},0.5229323801075241,0.11595806657746983,0.10007263478878702,0.22144488439645263,0.5500363173943934,0.11072244219822629,0.5444681963582677,0.12401883830455263,0.5620094191522763,0.5620094191522763,"{0: 0.5654695159068337, 1: 0.5654695159068337}","{0: 0.5654695159068337, 1: 0.5654695159068337}",0.5654695159068337,"[[483 154]
 [404 233]]",[0. 0. 1. ... 0. 1. 0.],[0. 1. 1. ... 1. 0. 0.]
946,naive_bayes,{},0.5229323801075241,0.11595806657746983,0.10007263478878702,0.22144488439645263,0.5500363173943934,0.11072244219822629,0.5444681963582677,0.12401883830455263,0.5620094191522763,0.5620094191522763,"{0: 0.5654695159068337, 1: 0.5654695159068337}","{0: 0.5654695159068337, 1: 0.5654695159068337}",0.5654695159068337,"[[483 154]
 [404 233]]",[0. 0. 1. ... 0. 1. 0.],[0. 1. 1. ... 1. 0. 0.]
98,naive_bayes,{},0.5229323801075241,0.11595806657746983,0.10007263478878702,0.22144488439645263,0.5500363173943934,0.11072244219822629,0.5444681963582677,0.12401883830455263,0.5620094191522763,0.5620094191522763,"{0: 0.5654695159068337, 1: 0.5654695159068337}","{0: 0.5654695159068337, 1: 0.5654695159068337}",0.5654695159068337,"[[483 154]
 [404 233]]",[0. 0. 1. ... 0. 1. 0.],[0. 1. 1. ... 1. 0. 0.]
107,naive_bayes,{},0.5229323801075241,0.11595806657746983,0.10007263478878702,0.22144488439645263,0.5500363173943934,0.11072244219822629,0.5444681963582677,0.12401883830455263,0.5620094191522763,0.5620094191522763,"{0: 0.5654695159068337, 1: 0.5654695159068337}","{0: 0.5654695159068337, 1: 0.5654695159068337}",0.5654695159068337,"[[483 154]
 [404 233]]",[0. 0. 1. ... 0. 1. 0.],[0. 1. 1. ... 1. 0. 0.]
933,naive_bayes,{},0.5229323801075241,0.11595806657746983,0.10007263478878702,0.22144488439645263,0.5500363173943934,0.11072244219822629,0.5444681963582677,0.12401883830455263,0.5620094191522763,0.5620094191522763,"{0: 0.5654695159068337, 1: 0.5654695159068337}","{0: 0.5654695159068337, 1: 0.5654695159068337}",0.5654695159068337,"[[483 154]
 [404 233]]",[0. 0. 1. ... 0. 1. 0.],[0. 1. 1. ... 1. 0. 0.]
117,naive_bayes,{},0.5229323801075241,0.11595806657746983,0.10007263478878702,0.22144488439645263,0.5500363173943934,0.11072244219822629,0.5444681963582677,0.12401883830455263,0.5620094191522763,0.5620094191522763,"{0: 0.5654695159068337, 1: 0.5654695159068337}","{0: 0.5654695159068337, 1: 0.5654695159068337}",0.5654695159068337,"[[483 154]
 [404 233]]",[0. 0. 1. ... 0. 1. 0.],[0. 1. 1. ... 1. 0. 0.]
127,naive_bayes,{},0.5229323801075241,0.11595806657746983,0.10007263478878702,0.22144488439645263,0.5500363173943934,0.11072244219822629,0.5444681963582677,0.12401883830455263,0.5620094191522763,0.5620094191522763,"{0: 0.5654695159068337, 1: 0.5654695159068337}","{0: 0.5654695159068337, 1: 0.5654695159068337}",0.5654695159068337,"[[483 154]
 [404 233]]",[0. 0. 1. ... 0. 1. 0.],[0. 1. 1. ... 1. 0. 0.]
137,naive_bayes,{},0.5229323801075241,0.11595806657746983,0.10007263478878702,0.22144488439645263,0.5500363173943934,0.11072244219822629,0.5444681963582677,0.12401883830455263,0.5620094191522763,0.5620094191522763,"{0: 0.5654695159068337, 1: 0.5654695159068337}","{0: 0.5654695159068337, 1: 0.5654695159068337}",0.5654695159068337,"[[483 154]
 [404 233]]",[0. 0. 1. ... 0. 1. 0.],[0. 1. 1. ... 1. 0. 0.]
157,naive_bayes,{},0.5229323801075241,0.11595806657746983,0.10007263478878702,0.22144488439645263,0.5500363173943934,0.11072244219822629,0.5444681963582677,0.12401883830455263,0.5620094191522763,0.5620094191522763,"{0: 0.5654695159068337, 1: 0.5654695159068337}","{0: 0.5654695159068337, 1: 0.5654695159068337}",0.5654695159068337,"[[483 154]
 [404 233]]",[0. 0. 1. ... 0. 1. 0.],[0. 1. 1. ... 1. 0. 0.]
918,naive_bayes,{},0.5229323801075241,0.11595806657746983,0.10007263478878702,0.22144488439645263,0.5500363173943934,0.11072244219822629,0.5444681963582677,0.12401883830455263,0.5620094191522763,0.5620094191522763,"{0: 0.5654695159068337, 1: 0.5654695159068337}","{0: 0.5654695159068337, 1: 0.5654695159068337}",0.5654695159068337,"[[483 154]
 [404 233]]",[0. 0. 1. ... 0. 1. 0.],[0. 1. 1. ... 1. 0. 0.]
207,naive_bayes,{},0.5229323801075241,0.11595806657746983,0.10007263478878702,0.22144488439645263,0.5500363173943934,0.11072244219822629,0.5444681963582677,0.12401883830455263,0.5620094191522763,0.5620094191522763,"{0: 0.5654695159068337, 1: 0.5654695159068337}","{0: 0.5654695159068337, 1: 0.5654695159068337}",0.5654695159068337,"[[483 154]
 [404 233]]",[0. 0. 1. ... 0. 1. 0.],[0. 1. 1. ... 1. 0. 0.]
711,naive_bayes,{},0.5229323801075241,0.11595806657746983,0.10007263478878702,0.22144488439645263,0.5500363173943934,0.11072244219822629,0.5444681963582677,0.12401883830455263,0.5620094191522763,0.5620094191522763,"{0: 0.5654695159068337, 1: 0.5654695159068337}","{0: 0.5654695159068337, 1: 0.5654695159068337}",0.5654695159068337,"[[483 154]
 [404 233]]",[0. 0. 1. ... 0. 1. 0.],[0. 1. 1. ... 1. 0. 0.]
0,naive_bayes,{},0.5229323801075241,0.11595806657746983,0.10007263478878702,0.22144488439645263,0.5500363173943934,0.11072244219822629,0.5444681963582677,0.12401883830455263,0.5620094191522763,0.5620094191522763,"{0: 0.5654695159068337, 1: 0.5654695159068337}","{0: 0.5654695159068337, 1: 0.5654695159068337}",0.5654695159068337,"[[483 154]
 [404 233]]",[0. 0. 1. ... 0. 1. 0.],[0. 1. 1. ... 1. 0. 0.]
520,naive_bayes,{},0.5229323801075241,0.11595806657746983,0.10007263478878702,0.22144488439645263,0.5500363173943934,0.11072244219822629,0.5444681963582677,0.12401883830455263,0.5620094191522763,0.5620094191522763,"{0: 0.5654695159068337, 1: 0.5654695159068337}","{0: 0.5654695159068337, 1: 0.5654695159068337}",0.5654695159068337,"[[483 154]
 [404 233]]",[0. 0. 1. ... 0. 1. 0.],[0. 1. 1. ... 1. 0. 0.]
698,naive_bayes,{},0.5229323801075241,0.11595806657746983,0.10007263478878702,0.22144488439645263,0.5500363173943934,0.11072244219822629,0.5444681963582677,0.12401883830455263,0.5620094191522763,0.5620094191522763,"{0: 0.5654695159068337, 1: 0.5654695159068337}","{0: 0.5654695159068337, 1: 0.5654695159068337}",0.5654695159068337,"[[483 154]
 [404 233]]",[0. 0. 1. ... 0. 1. 0.],[0. 1. 1. ... 1. 0. 0.]
359,naive_bayes,{},0.5229323801075241,0.11595806657746983,0.10007263478878702,0.22144488439645263,0.5500363173943934,0.11072244219822629,0.5444681963582677,0.12401883830455263,0.5620094191522763,0.5620094191522763,"{0: 0.5654695159068337, 1: 0.5654695159068337}","{0: 0.5654695159068337, 1: 0.5654695159068337}",0.5654695159068337,"[[483 154]
 [404 233]]",[0. 0. 1. ... 0. 1. 0.],[0. 1. 1. ... 1. 0. 0.]
371,naive_bayes,{},0.5229323801075241,0.11595806657746983,0.10007263478878702,0.22144488439645263,0.5500363173943934,0.11072244219822629,0.5444681963582677,0.12401883830455263,0.5620094191522763,0.5620094191522763,"{0: 0.5654695159068337, 1: 0.5654695159068337}","{0: 0.5654695159068337, 1: 0.5654695159068337}",0.5654695159068337,"[[483 154]
 [404 233]]",[0. 0. 1. ... 0. 1. 0.],[0. 1. 1. ... 1. 0. 0.]
821,naive_bayes,{},0.5229323801075241,0.11595806657746983,0.10007263478878702,0.22144488439645263,0.5500363173943934,0.11072244219822629,0.5444681963582677,0.12401883830455263,0.5620094191522763,0.5620094191522763,"{0: 0.5654695159068337, 1: 0.5654695159068337}","{0: 0.5654695159068337, 1: 0.5654695159068337}",0.5654695159068337,"[[483 154]
 [404 233]]",[0. 0. 1. ... 0. 1. 0.],[0. 1. 1. ... 1. 0. 0.]
382,naive_bayes,{},0.5229323801075241,0.11595806657746983,0.10007263478878702,0.22144488439645263,0.5500363173943934,0.11072244219822629,0.5444681963582677,0.12401883830455263,0.5620094191522763,0.5620094191522763,"{0: 0.5654695159068337, 1: 0.5654695159068337}","{0: 0.5654695159068337, 1: 0.5654695159068337}",0.5654695159068337,"[[483 154]
 [404 233]]",[0. 0. 1. ... 0. 1. 0.],[0. 1. 1. ... 1. 0. 0.]
393,naive_bayes,{},0.5229323801075241,0.11595806657746983,0.10007263478878702,0.22144488439645263,0.5500363173943934,0.11072244219822629,0.5444681963582677,0.12401883830455263,0.5620094191522763,0.5620094191522763,"{0: 0.5654695159068337, 1: 0.5654695159068337}","{0: 0.5654695159068337, 1: 0.5654695159068337}",0.5654695159068337,"[[483 154]
 [404 233]]",[0. 0. 1. ... 0. 1. 0.],[0. 1. 1. ... 1. 0. 0.]
435,naive_bayes,{},0.5229323801075241,0.11595806657746983,0.10007263478878702,0.22144488439645263,0.5500363173943934,0.11072244219822629,0.5444681963582677,0.12401883830455263,0.5620094191522763,0.5620094191522763,"{0: 0.5654695159068337, 1: 0.5654695159068337}","{0: 0.5654695159068337, 1: 0.5654695159068337}",0.5654695159068337,"[[483 154]
 [404 233]]",[0. 0. 1. ... 0. 1. 0.],[0. 1. 1. ... 1. 0. 0.]
890,naive_bayes,{},0.5229323801075241,0.11595806657746983,0.10007263478878702,0.22144488439645263,0.5500363173943934,0.11072244219822629,0.5444681963582677,0.12401883830455263,0.5620094191522763,0.5620094191522763,"{0: 0.5654695159068337, 1: 0.5654695159068337}","{0: 0.5654695159068337, 1: 0.5654695159068337}",0.5654695159068337,"[[483 154]
 [404 233]]",[0. 0. 1. ... 0. 1. 0.],[0. 1. 1. ... 1. 0. 0.]
449,naive_bayes,{},0.5229323801075241,0.11595806657746983,0.10007263478878702,0.22144488439645263,0.5500363173943934,0.11072244219822629,0.5444681963582677,0.12401883830455263,0.5620094191522763,0.5620094191522763,"{0: 0.5654695159068337, 1: 0.5654695159068337}","{0: 0.5654695159068337, 1: 0.5654695159068337}",0.5654695159068337,"[[483 154]
 [404 233]]",[0. 0. 1. ... 0. 1. 0.],[0. 1. 1. ... 1. 0. 0.]
460,naive_bayes,{},0.5229323801075241,0.11595806657746983,0.10007263478878702,0.22144488439645263,0.5500363173943934,0.11072244219822629,0.5444681963582677,0.12401883830455263,0.5620094191522763,0.5620094191522763,"{0: 0.5654695159068337, 1: 0.5654695159068337}","{0: 0.5654695159068337, 1: 0.5654695159068337}",0.5654695159068337,"[[483 154]
 [404 233]]",[0. 0. 1. ... 0. 1. 0.],[0. 1. 1. ... 1. 0. 0.]
472,naive_bayes,{},0.5229323801075241,0.11595806657746983,0.10007263478878702,0.22144488439645263,0.5500363173943934,0.11072244219822629,0.5444681963582677,0.12401883830455263,0.5620094191522763,0.5620094191522763,"{0: 0.5654695159068337, 1: 0.5654695159068337}","{0: 0.5654695159068337, 1: 0.5654695159068337}",0.5654695159068337,"[[483 154]
 [404 233]]",[0. 0. 1. ... 0. 1. 0.],[0. 1. 1. ... 1. 0. 0.]
484,naive_bayes,{},0.5229323801075241,0.11595806657746983,0.10007263478878702,0.22144488439645263,0.5500363173943934,0.11072244219822629,0.5444681963582677,0.12401883830455263,0.5620094191522763,0.5620094191522763,"{0: 0.5654695159068337, 1: 0.5654695159068337}","{0: 0.5654695159068337, 1: 0.5654695159068337}",0.5654695159068337,"[[483 154]
 [404 233]]",[0. 0. 1. ... 0. 1. 0.],[0. 1. 1. ... 1. 0. 0.]
496,naive_bayes,{},0.5229323801075241,0.11595806657746983,0.10007263478878702,0.22144488439645263,0.5500363173943934,0.11072244219822629,0.5444681963582677,0.12401883830455263,0.5620094191522763,0.5620094191522763,"{0: 0.5654695159068337, 1: 0.5654695159068337}","{0: 0.5654695159068337, 1: 0.5654695159068337}",0.5654695159068337,"[[483 154]
 [404 233]]",[0. 0. 1. ... 0. 1. 0.],[0. 1. 1. ... 1. 0. 0.]
508,naive_bayes,{},0.5229323801075241,0.11595806657746983,0.10007263478878702,0.22144488439645263,0.5500363173943934,0.11072244219822629,0.5444681963582677,0.12401883830455263,0.5620094191522763,0.5620094191522763,"{0: 0.5654695159068337, 1: 0.5654695159068337}","{0: 0.5654695159068337, 1: 0.5654695159068337}",0.5654695159068337,"[[483 154]
 [404 233]]",[0. 0. 1. ... 0. 1. 0.],[0. 1. 1. ... 1. 0. 0.]
776,naive_bayes,{},0.5229323801075241,0.11595806657746983,0.10007263478878702,0.22144488439645263,0.5500363173943934,0.11072244219822629,0.5444681963582677,0.12401883830455263,0.5620094191522763,0.5620094191522763,"{0: 0.5654695159068337, 1: 0.5654695159068337}","{0: 0.5654695159068337, 1: 0.5654695159068337}",0.5654695159068337,"[[483 154]
 [404 233]]",[0. 0. 1. ... 0. 1. 0.],[0. 1. 1. ... 1. 0. 0.]
348,naive_bayes,{},0.5229323801075241,0.11595806657746983,0.10007263478878702,0.22144488439645263,0.5500363173943934,0.11072244219822629,0.5444681963582677,0.12401883830455263,0.5620094191522763,0.5620094191522763,"{0: 0.5654695159068337, 1: 0.5654695159068337}","{0: 0.5654695159068337, 1: 0.5654695159068337}",0.5654695159068337,"[[483 154]
 [404 233]]",[0. 0. 1. ... 0. 1. 0.],[0. 1. 1. ... 1. 0. 0.]
532,naive_bayes,{},0.5229323801075241,0.11595806657746983,0.10007263478878702,0.22144488439645263,0.5500363173943934,0.11072244219822629,0.5444681963582677,0.12401883830455263,0.5620094191522763,0.5620094191522763,"{0: 0.5654695159068337, 1: 0.5654695159068337}","{0: 0.5654695159068337, 1: 0.5654695159068337}",0.5654695159068337,"[[483 154]
 [404 233]]",[0. 0. 1. ... 0. 1. 0.],[0. 1. 1. ... 1. 0. 0.]
684,naive_bayes,{},0.5229323801075241,0.11595806657746983,0.10007263478878702,0.22144488439645263,0.5500363173943934,0.11072244219822629,0.5444681963582677,0.12401883830455263,0.5620094191522763,0.5620094191522763,"{0: 0.5654695159068337, 1: 0.5654695159068337}","{0: 0.5654695159068337, 1: 0.5654695159068337}",0.5654695159068337,"[[483 154]
 [404 233]]",[0. 0. 1. ... 0. 1. 0.],[0. 1. 1. ... 1. 0. 0.]
544,naive_bayes,{},0.5229323801075241,0.11595806657746983,0.10007263478878702,0.22144488439645263,0.5500363173943934,0.11072244219822629,0.5444681963582677,0.12401883830455263,0.5620094191522763,0.5620094191522763,"{0: 0.5654695159068337, 1: 0.5654695159068337}","{0: 0.5654695159068337, 1: 0.5654695159068337}",0.5654695159068337,"[[483 154]
 [404 233]]",[0. 0. 1. ... 0. 1. 0.],[0. 1. 1. ... 1. 0. 0.]
763,naive_bayes,{},0.5229323801075241,0.11595806657746983,0.10007263478878702,0.22144488439645263,0.5500363173943934,0.11072244219822629,0.5444681963582677,0.12401883830455263,0.5620094191522763,0.5620094191522763,"{0: 0.5654695159068337, 1: 0.5654695159068337}","{0: 0.5654695159068337, 1: 0.5654695159068337}",0.5654695159068337,"[[483 154]
 [404 233]]",[0. 0. 1. ... 0. 1. 0.],[0. 1. 1. ... 1. 0. 0.]
557,naive_bayes,{},0.5229323801075241,0.11595806657746983,0.10007263478878702,0.22144488439645263,0.5500363173943934,0.11072244219822629,0.5444681963582677,0.12401883830455263,0.5620094191522763,0.5620094191522763,"{0: 0.5654695159068337, 1: 0.5654695159068337}","{0: 0.5654695159068337, 1: 0.5654695159068337}",0.5654695159068337,"[[483 154]
 [404 233]]",[0. 0. 1. ... 0. 1. 0.],[0. 1. 1. ... 1. 0. 0.]
569,naive_bayes,{},0.5229323801075241,0.11595806657746983,0.10007263478878702,0.22144488439645263,0.5500363173943934,0.11072244219822629,0.5444681963582677,0.12401883830455263,0.5620094191522763,0.5620094191522763,"{0: 0.5654695159068337, 1: 0.5654695159068337}","{0: 0.5654695159068337, 1: 0.5654695159068337}",0.5654695159068337,"[[483 154]
 [404 233]]",[0. 0. 1. ... 0. 1. 0.],[0. 1. 1. ... 1. 0. 0.]
606,naive_bayes,{},0.5229323801075241,0.11595806657746983,0.10007263478878702,0.22144488439645263,0.5500363173943934,0.11072244219822629,0.5444681963582677,0.12401883830455263,0.5620094191522763,0.5620094191522763,"{0: 0.5654695159068337, 1: 0.5654695159068337}","{0: 0.5654695159068337, 1: 0.5654695159068337}",0.5654695159068337,"[[483 154]
 [404 233]]",[0. 0. 1. ... 0. 1. 0.],[0. 1. 1. ... 1. 0. 0.]
750,naive_bayes,{},0.5229323801075241,0.11595806657746983,0.10007263478878702,0.22144488439645263,0.5500363173943934,0.11072244219822629,0.5444681963582677,0.12401883830455263,0.5620094191522763,0.5620094191522763,"{0: 0.5654695159068337, 1: 0.5654695159068337}","{0: 0.5654695159068337, 1: 0.5654695159068337}",0.5654695159068337,"[[483 154]
 [404 233]]",[0. 0. 1. ... 0. 1. 0.],[0. 1. 1. ... 1. 0. 0.]
619,naive_bayes,{},0.5229323801075241,0.11595806657746983,0.10007263478878702,0.22144488439645263,0.5500363173943934,0.11072244219822629,0.5444681963582677,0.12401883830455263,0.5620094191522763,0.5620094191522763,"{0: 0.5654695159068337, 1: 0.5654695159068337}","{0: 0.5654695159068337, 1: 0.5654695159068337}",0.5654695159068337,"[[483 154]
 [404 233]]",[0. 0. 1. ... 0. 1. 0.],[0. 1. 1. ... 1. 0. 0.]
631,naive_bayes,{},0.5229323801075241,0.11595806657746983,0.10007263478878702,0.22144488439645263,0.5500363173943934,0.11072244219822629,0.5444681963582677,0.12401883830455263,0.5620094191522763,0.5620094191522763,"{0: 0.5654695159068337, 1: 0.5654695159068337}","{0: 0.5654695159068337, 1: 0.5654695159068337}",0.5654695159068337,"[[483 154]
 [404 233]]",[0. 0. 1. ... 0. 1. 0.],[0. 1. 1. ... 1. 0. 0.]
737,naive_bayes,{},0.5229323801075241,0.11595806657746983,0.10007263478878702,0.22144488439645263,0.5500363173943934,0.11072244219822629,0.5444681963582677,0.12401883830455263,0.5620094191522763,0.5620094191522763,"{0: 0.5654695159068337, 1: 0.5654695159068337}","{0: 0.5654695159068337, 1: 0.5654695159068337}",0.5654695159068337,"[[483 154]
 [404 233]]",[0. 0. 1. ... 0. 1. 0.],[0. 1. 1. ... 1. 0. 0.]
644,naive_bayes,{},0.5229323801075241,0.11595806657746983,0.10007263478878702,0.22144488439645263,0.5500363173943934,0.11072244219822629,0.5444681963582677,0.12401883830455263,0.5620094191522763,0.5620094191522763,"{0: 0.5654695159068337, 1: 0.5654695159068337}","{0: 0.5654695159068337, 1: 0.5654695159068337}",0.5654695159068337,"[[483 154]
 [404 233]]",[0. 0. 1. ... 0. 1. 0.],[0. 1. 1. ... 1. 0. 0.]
657,naive_bayes,{},0.5229323801075241,0.11595806657746983,0.10007263478878702,0.22144488439645263,0.5500363173943934,0.11072244219822629,0.5444681963582677,0.12401883830455263,0.5620094191522763,0.5620094191522763,"{0: 0.5654695159068337, 1: 0.5654695159068337}","{0: 0.5654695159068337, 1: 0.5654695159068337}",0.5654695159068337,"[[483 154]
 [404 233]]",[0. 0. 1. ... 0. 1. 0.],[0. 1. 1. ... 1. 0. 0.]
671,naive_bayes,{},0.5229323801075241,0.11595806657746983,0.10007263478878702,0.22144488439645263,0.5500363173943934,0.11072244219822629,0.5444681963582677,0.12401883830455263,0.5620094191522763,0.5620094191522763,"{0: 0.5654695159068337, 1: 0.5654695159068337}","{0: 0.5654695159068337, 1: 0.5654695159068337}",0.5654695159068337,"[[483 154]
 [404 233]]",[0. 0. 1. ... 0. 1. 0.],[0. 1. 1. ... 1. 0. 0.]
834,naive_bayes,{},0.5229323801075241,0.11595806657746983,0.10007263478878702,0.22144488439645263,0.5500363173943934,0.11072244219822629,0.5444681963582677,0.12401883830455263,0.5620094191522763,0.5620094191522763,"{0: 0.5654695159068337, 1: 0.5654695159068337}","{0: 0.5654695159068337, 1: 0.5654695159068337}",0.5654695159068337,"[[483 154]
 [404 233]]",[0. 0. 1. ... 0. 1. 0.],[0. 1. 1. ... 1. 0. 0.]
423,naive_bayes,{},0.5229323801075241,0.11595806657746983,0.10007263478878702,0.22144488439645263,0.5500363173943934,0.11072244219822629,0.5444681963582677,0.12401883830455263,0.5620094191522763,0.5620094191522763,"{0: 0.5654695159068337, 1: 0.5654695159068337}","{0: 0.5654695159068337, 1: 0.5654695159068337}",0.5654695159068337,"[[483 154]
 [404 233]]",[0. 0. 1. ... 0. 1. 0.],[0. 1. 1. ... 1. 0. 0.]
724,naive_bayes,{},0.5229323801075241,0.11595806657746983,0.10007263478878702,0.22144488439645263,0.5500363173943934,0.11072244219822629,0.5444681963582677,0.12401883830455263,0.5620094191522763,0.5620094191522763,"{0: 0.5654695159068337, 1: 0.5654695159068337}","{0: 0.5654695159068337, 1: 0.5654695159068337}",0.5654695159068337,"[[483 154]
 [404 233]]",[0. 0. 1. ... 0. 1. 0.],[0. 1. 1. ... 1. 0. 0.]
326,naive_bayes,{},0.5229323801075241,0.11595806657746983,0.10007263478878702,0.22144488439645263,0.5500363173943934,0.11072244219822629,0.5444681963582677,0.12401883830455263,0.5620094191522763,0.5620094191522763,"{0: 0.5654695159068337, 1: 0.5654695159068337}","{0: 0.5654695159068337, 1: 0.5654695159068337}",0.5654695159068337,"[[483 154]
 [404 233]]",[0. 0. 1. ... 0. 1. 0.],[0. 1. 1. ... 1. 0. 0.]
282,naive_bayes,{},0.5229323801075241,0.11595806657746983,0.10007263478878702,0.22144488439645263,0.5500363173943934,0.11072244219822629,0.5444681963582677,0.12401883830455263,0.5620094191522763,0.5620094191522763,"{0: 0.5654695159068337, 1: 0.5654695159068337}","{0: 0.5654695159068337, 1: 0.5654695159068337}",0.5654695159068337,"[[483 154]
 [404 233]]",[0. 0. 1. ... 0. 1. 0.],[0. 1. 1. ... 1. 0. 0.]
271,naive_bayes,{},0.5229323801075241,0.11595806657746983,0.10007263478878702,0.22144488439645263,0.5500363173943934,0.11072244219822629,0.5444681963582677,0.12401883830455263,0.5620094191522763,0.5620094191522763,"{0: 0.5654695159068337, 1: 0.5654695159068337}","{0: 0.5654695159068337, 1: 0.5654695159068337}",0.5654695159068337,"[[483 154]
 [404 233]]",[0. 0. 1. ... 0. 1. 0.],[0. 1. 1. ... 1. 0. 0.]
304,naive_bayes,{},0.5229323801075241,0.11595806657746983,0.10007263478878702,0.22144488439645263,0.5500363173943934,0.11072244219822629,0.5444681963582677,0.12401883830455263,0.5620094191522763,0.5620094191522763,"{0: 0.5654695159068337, 1: 0.5654695159068337}","{0: 0.5654695159068337, 1: 0.5654695159068337}",0.5654695159068337,"[[483 154]
 [404 233]]",[0. 0. 1. ... 0. 1. 0.],[0. 1. 1. ... 1. 0. 0.]
246,naive_bayes,{},0.5229323801075241,0.11595806657746983,0.10007263478878702,0.22144488439645263,0.5500363173943934,0.11072244219822629,0.5444681963582677,0.12401883830455263,0.5620094191522763,0.5620094191522763,"{0: 0.5654695159068337, 1: 0.5654695159068337}","{0: 0.5654695159068337, 1: 0.5654695159068337}",0.5654695159068337,"[[483 154]
 [404 233]]",[0. 0. 1. ... 0. 1. 0.],[0. 1. 1. ... 1. 0. 0.]
315,naive_bayes,{},0.5229323801075241,0.11595806657746983,0.10007263478878702,0.22144488439645263,0.5500363173943934,0.11072244219822629,0.5444681963582677,0.12401883830455263,0.5620094191522763,0.5620094191522763,"{0: 0.5654695159068337, 1: 0.5654695159068337}","{0: 0.5654695159068337, 1: 0.5654695159068337}",0.5654695159068337,"[[483 154]
 [404 233]]",[0. 0. 1. ... 0. 1. 0.],[0. 1. 1. ... 1. 0. 0.]
876,naive_bayes,{},0.5229323801075241,0.11595806657746983,0.10007263478878702,0.22144488439645263,0.5500363173943934,0.11072244219822629,0.5444681963582677,0.12401883830455263,0.5620094191522763,0.5620094191522763,"{0: 0.5654695159068337, 1: 0.5654695159068337}","{0: 0.5654695159068337, 1: 0.5654695159068337}",0.5654695159068337,"[[483 154]
 [404 233]]",[0. 0. 1. ... 0. 1. 0.],[0. 1. 1. ... 1. 0. 0.]
848,naive_bayes,{},0.5229323801075241,0.11595806657746983,0.10007263478878702,0.22144488439645263,0.5500363173943934,0.11072244219822629,0.5444681963582677,0.12401883830455263,0.5620094191522763,0.5620094191522763,"{0: 0.5654695159068337, 1: 0.5654695159068337}","{0: 0.5654695159068337, 1: 0.5654695159068337}",0.5654695159068337,"[[483 154]
 [404 233]]",[0. 0. 1. ... 0. 1. 0.],[0. 1. 1. ... 1. 0. 0.]
293,naive_bayes,{},0.5229323801075241,0.11595806657746983,0.10007263478878702,0.22144488439645263,0.5500363173943934,0.11072244219822629,0.5444681963582677,0.12401883830455263,0.5620094191522763,0.5620094191522763,"{0: 0.5654695159068337, 1: 0.5654695159068337}","{0: 0.5654695159068337, 1: 0.5654695159068337}",0.5654695159068337,"[[483 154]
 [404 233]]",[0. 0. 1. ... 0. 1. 0.],[0. 1. 1. ... 1. 0. 0.]
236,naive_bayes,{},0.5229323801075241,0.11595806657746983,0.10007263478878702,0.22144488439645263,0.5500363173943934,0.11072244219822629,0.5444681963582677,0.12401883830455263,0.5620094191522763,0.5620094191522763,"{0: 0.5654695159068337, 1: 0.5654695159068337}","{0: 0.5654695159068337, 1: 0.5654695159068337}",0.5654695159068337,"[[483 154]
 [404 233]]",[0. 0. 1. ... 0. 1. 0.],[0. 1. 1. ... 1. 0. 0.]
863,naive_bayes,{},0.5229323801075241,0.11595806657746983,0.10007263478878702,0.22144488439645263,0.5500363173943934,0.11072244219822629,0.5444681963582677,0.12401883830455263,0.5620094191522763,0.5620094191522763,"{0: 0.5654695159068337, 1: 0.5654695159068337}","{0: 0.5654695159068337, 1: 0.5654695159068337}",0.5654695159068337,"[[483 154]
 [404 233]]",[0. 0. 1. ... 0. 1. 0.],[0. 1. 1. ... 1. 0. 0.]
337,naive_bayes,{},0.5229323801075241,0.11595806657746983,0.10007263478878702,0.22144488439645263,0.5500363173943934,0.11072244219822629,0.5444681963582677,0.12401883830455263,0.5620094191522763,0.5620094191522763,"{0: 0.5654695159068337, 1: 0.5654695159068337}","{0: 0.5654695159068337, 1: 0.5654695159068337}",0.5654695159068337,"[[483 154]
 [404 233]]",[0. 0. 1. ... 0. 1. 0.],[0. 1. 1. ... 1. 0. 0.]
216,naive_bayes,{},0.5229323801075241,0.11595806657746983,0.10007263478878702,0.22144488439645263,0.5500363173943934,0.11072244219822629,0.5444681963582677,0.12401883830455263,0.5620094191522763,0.5620094191522763,"{0: 0.5654695159068337, 1: 0.5654695159068337}","{0: 0.5654695159068337, 1: 0.5654695159068337}",0.5654695159068337,"[[483 154]
 [404 233]]",[0. 0. 1. ... 0. 1. 0.],[0. 1. 1. ... 1. 0. 0.]
226,naive_bayes,{},0.5229323801075241,0.11595806657746983,0.10007263478878702,0.22144488439645263,0.5500363173943934,0.11072244219822629,0.5444681963582677,0.12401883830455263,0.5620094191522763,0.5620094191522763,"{0: 0.5654695159068337, 1: 0.5654695159068337}","{0: 0.5654695159068337, 1: 0.5654695159068337}",0.5654695159068337,"[[483 154]
 [404 233]]",[0. 0. 1. ... 0. 1. 0.],[0. 1. 1. ... 1. 0. 0.]
729,SVC,"{'C': 1000, 'gamma': 0.1, 'kernel': 'sigmoid'}",0.5214975050100121,0.10585941058130376,0.09589254749229173,0.18438858246447767,0.5479462737461459,0.09219429123223882,0.520329786981573,0.07849293563579274,0.5392464678178964,0.5392464678178963,"{0: 0.5332701611015135, 1: 0.5332701611015134}","{0: 0.5332701611015135, 1: 0.5332701611015134}",0.5332701611015134,"[[470 167]
 [420 217]]",[1. 0. 1. ... 0. 1. 0.],[0. 1. 1. ... 1. 0. 0.]
608,AdaBoost,"{'algorithm': 'SAMME', 'learning_rate': 1.8959183673469386, 'n_estimators': 30}",0.5390474576841178,0.08816987024038112,0.0934161881777765,0.17646007599885752,0.5467080940888882,0.08823003799942873,0.5425217118755753,0.08634222919937207,0.543171114599686,0.543171114599686,"{0: 0.5783758739578431, 1: 0.578375873957843}","{0: 0.5783758739578431, 1: 0.578375873957843}",0.578375873957843,"[[370 267]
 [315 322]]",[1. 0. 1. ... 0. 1. 0.],[0. 1. 1. ... 1. 0. 0.]
574,SVC,"{'C': 1000, 'gamma': 0.1, 'kernel': 'sigmoid'}",0.5234234468462149,0.10068745798140714,0.09315531633378886,0.18143259252600039,0.5465776581668945,0.09071629626300019,0.515467457468394,0.06279434850863419,0.5313971742543171,0.5313971742543171,"{0: 0.5273517691100109, 1: 0.5273517691100109}","{0: 0.5273517691100109, 1: 0.5273517691100109}",0.5273517691100109,"[[454 183]
 [414 223]]",[1. 0. 1. ... 0. 1. 0.],[0. 1. 1. ... 1. 0. 0.]
895,SVC,"{'C': 1000, 'gamma': 0.1, 'kernel': 'sigmoid'}",0.527814709698107,0.10540030248856061,0.09295420591728908,0.19681464149611652,0.5464771029586445,0.09840732074805825,0.5265035029235878,0.07849293563579274,0.5392464678178964,0.5392464678178964,"{0: 0.54223215671971, 1: 0.54223215671971}","{0: 0.54223215671971, 1: 0.54223215671971}",0.54223215671971,"[[448 189]
 [398 239]]",[1. 0. 1. ... 0. 1. 0.],[0. 1. 1. ... 1. 0. 0.]
398,SVC,"{'C': 100, 'gamma': 1, 'kernel': 'rbf'}",0.5156213246516909,0.1054396615173827,0.09026659608482962,0.17483738767241755,0.5451332980424148,0.08741869383620877,0.5216878599591273,0.08634222919937207,0.543171114599686,0.543171114599686,"{0: 0.5675963417609526, 1: 0.5675963417609527}","{0: 0.5675963417609526, 1: 0.5675963417609527}",0.5675963417609527,"[[211 426]
 [156 481]]",[1. 0. 1. ... 0. 1. 1.],[0. 1. 1. ... 1. 0. 0.]
141,SVC,"{'C': 0.1, 'gamma': 0.1, 'kernel': 'sigmoid'}",0.5336132653543187,0.10280819481860985,0.08981444173507848,0.20514699021633176,0.5449072208675393,0.10257349510816588,0.5491661179789551,0.09890109890109888,0.5494505494505495,0.5494505494505495,"{0: 0.5780234566958048, 1: 0.5780234566958047}","{0: 0.5780234566958048, 1: 0.5780234566958047}",0.5780234566958047,"[[366 271]
 [303 334]]",[1. 0. 1. ... 0. 1. 0.],[0. 1. 1. ... 1. 0. 0.]
571,AdaBoost,"{'algorithm': 'SAMME.R', 'learning_rate': 1.079591836734694, 'n_estimators': 96}",0.5367000805362366,0.1110031342553769,0.08932515881178463,0.22346809987052263,0.5446625794058924,0.11173404993526131,0.55415023659306,0.10832025117739408,0.554160125588697,0.554160125588697,"{0: 0.5589189908544023, 1: 0.5589189908544023}","{0: 0.5589189908544023, 1: 0.5589189908544023}",0.5589189908544023,"[[350 287]
 [281 356]]",[1. 0. 1. ... 0. 1. 1.],[0. 1. 1. ... 1. 0. 0.]
171,SVC,"{'C': 100, 'gamma': 1, 'kernel': 'rbf'}",0.5127494192357241,0.10676440247848323,0.08544199291022643,0.1784853154895204,0.5427209964551132,0.0892426577447602,0.5183757030109516,0.08163265306122447,0.5408163265306123,0.5408163265306123,"{0: 0.5702123622060827, 1: 0.5702123622060827}","{0: 0.5702123622060827, 1: 0.5702123622060827}",0.5702123622060827,"[[207 430]
 [155 482]]",[1. 0. 1. ... 0. 1. 1.],[0. 1. 1. ... 1. 0. 0.]
385,AdaBoost,"{'algorithm': 'SAMME.R', 'learning_rate': 0.9163265306122448, 'n_estimators': 96}",0.5373894375633769,0.10295087111798175,0.08541576273102863,0.20456780429490268,0.5427078813655143,0.10228390214745131,0.5557256047219451,0.1114599686028257,0.5557299843014128,0.5557299843014128,"{0: 0.5572739662221609, 1: 0.5572739662221609}","{0: 0.5572739662221609, 1: 0.5572739662221609}",0.5572739662221609,"[[356 281]
 [285 352]]",[1. 0. 1. ... 0. 1. 0.],[0. 1. 1. ... 1. 0. 0.]
202,knn,{'n_neighbors': 7},0.537766577112725,0.09657781359675735,0.08474069192999435,0.18578560364280466,0.5423703459649972,0.09289280182140235,0.5510027036152535,0.10204081632653061,0.5510204081632653,0.5510204081632653,"{0: 0.5829585305925292, 1: 0.5829585305925292}","{0: 0.5829585305925292, 1: 0.5829585305925292}",0.5829585305925292,"[[347 290]
 [282 355]]",[1. 0. 0. ... 0. 1. 0.],[0. 1. 1. ... 1. 0. 0.]
539,knn,{'n_neighbors': 7},0.537766577112725,0.09657781359675735,0.08474069192999435,0.18578560364280466,0.5423703459649972,0.09289280182140235,0.5510027036152535,0.10204081632653061,0.5510204081632653,0.5510204081632653,"{0: 0.5829585305925292, 1: 0.5829585305925292}","{0: 0.5829585305925292, 1: 0.5829585305925292}",0.5829585305925292,"[[347 290]
 [282 355]]",[1. 0. 0. ... 0. 1. 0.],[0. 1. 1. ... 1. 0. 0.]
911,knn,{'n_neighbors': 7},0.537766577112725,0.09657781359675735,0.08474069192999435,0.18578560364280466,0.5423703459649972,0.09289280182140235,0.5510027036152535,0.10204081632653061,0.5510204081632653,0.5510204081632653,"{0: 0.5829585305925292, 1: 0.5829585305925292}","{0: 0.5829585305925292, 1: 0.5829585305925292}",0.5829585305925292,"[[347 290]
 [282 355]]",[1. 0. 0. ... 0. 1. 0.],[0. 1. 1. ... 1. 0. 0.]
852,AdaBoost,"{'algorithm': 'SAMME', 'learning_rate': 2.7122448979591836, 'n_estimators': 85}",0.4615450373112162,0.10782741256510164,0.07621762987692524,0.10338788120212526,0.5381088149384625,0.05169394060106262,0.49382070638422454,0.07535321821036112,0.5376766091051806,0.5376766091051806,"{0: 0.5460877987229187, 1: 0.5460877987229187}","{0: 0.5460877987229187, 1: 0.5460877987229187}",0.5460877987229187,"[[530 107]
 [482 155]]",[0. 0. 0. ... 0. 1. 0.],[0. 1. 1. ... 1. 0. 0.]
339,AdaBoost,"{'algorithm': 'SAMME.R', 'learning_rate': 1.6510204081632653, 'n_estimators': 41}",0.5298697085415349,0.09450269290614084,0.07443940128914994,0.17180378183721556,0.5372197006445749,0.0859018909186078,0.5461989947469489,0.09262166405023553,0.5463108320251178,0.5463108320251178,"{0: 0.5609792763863184, 1: 0.5609792763863184}","{0: 0.5609792763863184, 1: 0.5609792763863184}",0.5609792763863184,"[[338 299]
 [279 358]]",[1. 0. 1. ... 0. 1. 1.],[0. 1. 1. ... 1. 0. 0.]
251,SVC,"{'C': 0.1, 'gamma': 0.1, 'kernel': 'sigmoid'}",0.5219006587793418,0.0971225759306214,0.06920505112568787,0.19446476502624274,0.5346025255628439,0.09723238251312137,0.5436115894740021,0.08791208791208793,0.5439560439560439,0.543956043956044,"{0: 0.5757598535127129, 1: 0.5757598535127129}","{0: 0.5757598535127129, 1: 0.5757598535127129}",0.5757598535127129,"[[364 273]
 [308 329]]",[1. 0. 1. ... 0. 1. 0.],[0. 1. 1. ... 1. 0. 0.]
10,AdaBoost,"{'algorithm': 'SAMME', 'learning_rate': 1.8142857142857143, 'n_estimators': 96}",0.5236244773245011,0.08129184926746792,0.06074050533889585,0.1574188557264513,0.5303702526694479,0.07870942786322564,0.534410388041673,0.06907378335949765,0.5345368916797488,0.5345368916797488,"{0: 0.5528786082721943, 1: 0.5528786082721944}","{0: 0.5528786082721943, 1: 0.5528786082721944}",0.5528786082721944,"[[330 307]
 [286 351]]",[1. 0. 1. ... 1. 1. 1.],[0. 1. 1. ... 1. 0. 0.]
63,SVC,"{'C': 10, 'gamma': 0.1, 'kernel': 'sigmoid'}",0.4996797695911655,0.10899764200763577,0.05449648397465225,0.210999038789302,0.5272482419873261,0.105499519394651,0.5107919063934321,0.06750392464678179,0.533751962323391,0.533751962323391,"{0: 0.5352281716937469, 1: 0.535228171693747}","{0: 0.5352281716937469, 1: 0.535228171693747}",0.535228171693747,"[[478 159]
 [435 202]]",[0. 0. 1. ... 0. 0. 0.],[0. 1. 1. ... 1. 0. 0.]
779,AdaBoost,"{'algorithm': 'SAMME.R', 'learning_rate': 1.2428571428571429, 'n_estimators': 96}",0.5200078834568731,0.08254792444594161,0.05356036177503237,0.1659472693770339,0.5267801808875161,0.08297363468851696,0.5412349393875864,0.08320251177394034,0.5416012558869702,0.5416012558869702,"{0: 0.5513580386870363, 1: 0.5513580386870363}","{0: 0.5513580386870363, 1: 0.5513580386870363}",0.5513580386870363,"[[327 310]
 [274 363]]",[1. 0. 1. ... 0. 1. 1.],[0. 1. 1. ... 1. 0. 0.]
477,SVC,"{'C': 10, 'gamma': 0.1, 'kernel': 'sigmoid'}",0.4932007910734275,0.10300582278341668,0.04909608976420423,0.19433901083776267,0.524548044882102,0.09716950541888132,0.5031278505680404,0.05494505494505497,0.5274725274725275,0.5274725274725275,"{0: 0.5288624808696574, 1: 0.5288624808696574}","{0: 0.5288624808696574, 1: 0.5288624808696574}",0.5288624808696574,"[[477 160]
 [442 195]]",[0. 0. 1. ... 0. 0. 0.],[0. 1. 1. ... 1. 0. 0.]
60,AdaBoost,"{'algorithm': 'SAMME', 'learning_rate': 2.059183673469388, 'n_estimators': 85}",0.438908888292562,0.10496448508702996,0.0471578879887461,0.12244850654925842,0.5235789439943731,0.061224253274629215,0.4845456044862279,0.05651491365777084,0.5282574568288854,0.5282574568288854,"{0: 0.5466891260791238, 1: 0.5466891260791239}","{0: 0.5466891260791238, 1: 0.5466891260791239}",0.5466891260791239,"[[522 115]
 [486 151]]",[0. 0. 0. ... 0. 0. 0.],[0. 1. 1. ... 1. 0. 0.]
510,AdaBoost,"{'algorithm': 'SAMME', 'learning_rate': 2.2224489795918365, 'n_estimators': 85}",0.4122375057957422,0.1046311051566957,0.044989920451813034,0.1012728835584839,0.5224949602259065,0.05063644177924195,0.46066951943226436,0.05651491365777084,0.5282574568288854,0.5282574568288854,"{0: 0.5283683573658904, 1: 0.5283683573658905}","{0: 0.5283683573658904, 1: 0.5283683573658905}",0.5283683573658905,"[[562  75]
 [526 111]]",[0. 0. 0. ... 0. 0. 0.],[0. 1. 1. ... 1. 0. 0.]
463,AdaBoost,"{'algorithm': 'SAMME', 'learning_rate': 2.1408163265306124, 'n_estimators': 41}",0.41656042635470014,0.10901942157144592,0.04172190356393109,0.11100305107399253,0.5208609517819656,0.05550152553699626,0.46842232480511453,0.05965463108320246,0.5298273155416012,0.5298273155416012,"{0: 0.5396839088249719, 1: 0.5396839088249719}","{0: 0.5396839088249719, 1: 0.5396839088249719}",0.5396839088249719,"[[554  83]
 [516 121]]",[0. 0. 0. ... 0. 0. 0.],[0. 1. 1. ... 1. 0. 0.]
906,AdaBoost,"{'algorithm': 'SAMME', 'learning_rate': 2.957142857142857, 'n_estimators': 96}",0.477931921881917,0.11049818421129695,0.03830565909888161,0.20955304135689265,0.5191528295494408,0.10477652067844632,0.5070186482561683,0.028257456828885363,0.5141287284144427,0.5141287284144427,"{0: 0.5152093925361474, 1: 0.5152093925361475}","{0: 0.5152093925361474, 1: 0.5152093925361475}",0.5152093925361475,"[[404 233]
 [386 251]]",[0. 0. 1. ... 0. 1. 0.],[0. 1. 1. ... 1. 0. 0.]
715,AdaBoost,"{'algorithm': 'SAMME', 'learning_rate': 2.304081632653061, 'n_estimators': 63}",0.39763835948602055,0.10614952737628977,0.03503680689869949,0.09669095185586427,0.5175184034493497,0.04834547592793213,0.4493957962481172,0.04866562009419151,0.5243328100470958,0.5243328100470958,"{0: 0.5386143347569677, 1: 0.5386143347569676}","{0: 0.5386143347569677, 1: 0.5386143347569676}",0.5386143347569676,"[[569  68]
 [538  99]]",[0. 0. 0. ... 0. 0. 0.],[0. 1. 1. ... 1. 0. 0.]
286,SVC,"{'C': 1000, 'gamma': 1, 'kernel': 'sigmoid'}",0.5048991471109704,0.08399795834993401,0.03230894078990031,0.16867936146895965,0.5161544703949502,0.08433968073447982,0.5154665314401622,0.039246467817896424,0.5196232339089482,0.5196232339089482,"{0: 0.507563416623744, 1: 0.507563416623744}","{0: 0.507563416623744, 1: 0.507563416623744}",0.507563416623744,"[[390 247]
 [365 272]]",[1. 0. 1. ... 0. 0. 0.],[0. 1. 1. ... 1. 0. 0.]
220,SVC,"{'C': 1, 'gamma': 1, 'kernel': 'sigmoid'}",0.4968718020228293,0.08889558499477483,0.03078523747796171,0.16947487445135223,0.5153926187389808,0.08473743722567614,0.5243267030562105,0.05965463108320246,0.5298273155416012,0.5298273155416012,"{0: 0.5187656030894425, 1: 0.5187656030894425}","{0: 0.5187656030894425, 1: 0.5187656030894425}",0.5187656030894425,"[[406 231]
 [368 269]]",[1. 0. 1. ... 0. 0. 1.],[0. 1. 1. ... 1. 0. 0.]
526,SVC,"{'C': 1, 'gamma': 1, 'kernel': 'sigmoid'}",0.5001381248403419,0.09230158205298823,0.024609607793636364,0.17804509482695965,0.5123048038968182,0.08902254741347983,0.5234505608073193,0.053375196232339106,0.5266875981161695,0.5266875981161696,"{0: 0.522940392193588, 1: 0.522940392193588}","{0: 0.522940392193588, 1: 0.522940392193588}",0.522940392193588,"[[388 249]
 [354 283]]",[1. 0. 1. ... 0. 0. 1.],[0. 1. 1. ... 1. 0. 0.]
77,SVC,"{'C': 0.1, 'gamma': 1, 'kernel': 'sigmoid'}",0.49953454673581005,0.09736289404391735,0.023621837351518106,0.18914059423348464,0.511810918675759,0.09457029711674232,0.5224709757653536,0.05180533751962324,0.5259026687598116,0.5259026687598116,"{0: 0.5224733777099778, 1: 0.5224733777099779}","{0: 0.5224733777099778, 1: 0.5224733777099779}",0.5224733777099779,"[[389 248]
 [356 281]]",[1. 0. 1. ... 0. 0. 1.],[0. 1. 1. ... 1. 0. 0.]
678,SVC,"{'C': 0.1, 'gamma': 1, 'kernel': 'sigmoid'}",0.5012913911238471,0.0940262834258516,0.023034603969227834,0.1872402843340407,0.511517301984614,0.09362014216702037,0.5235248077990012,0.05180533751962324,0.5259026687598116,0.5259026687598116,"{0: 0.5224548942871436, 1: 0.5224548942871436}","{0: 0.5224548942871436, 1: 0.5224548942871436}",0.5224548942871436,"[[380 257]
 [347 290]]",[1. 0. 1. ... 0. 0. 1.],[0. 1. 1. ... 1. 0. 0.]
110,AdaBoost,"{'algorithm': 'SAMME', 'learning_rate': 2.4673469387755103, 'n_estimators': 63}",0.38222700110480645,0.0954796726682736,0.020690042551935142,0.08291739654034433,0.5103450212759676,0.04145869827017217,0.43545092376631206,0.03453689167974883,0.5172684458398744,0.5172684458398744,"{0: 0.5290448506416212, 1: 0.5290448506416213}","{0: 0.5290448506416212, 1: 0.5290448506416213}",0.5290448506416213,"[[572  65]
 [550  87]]",[0. 0. 0. ... 0. 0. 0.],[0. 1. 1. ... 1. 0. 0.]
981,SVC,"{'C': 1, 'gamma': 1, 'kernel': 'sigmoid'}",0.4970810727290828,0.09834353087903222,0.02002266064867705,0.19033028763512888,0.5100113303243385,0.09516514381756444,0.5217441752961449,0.050235478806907374,0.5251177394034537,0.5251177394034536,"{0: 0.5222503444077788, 1: 0.5222503444077788}","{0: 0.5222503444077788, 1: 0.5222503444077788}",0.5222503444077788,"[[388 249]
 [356 281]]",[1. 0. 1. ... 0. 0. 1.],[0. 1. 1. ... 1. 0. 0.]
94,SVC,"{'C': 1000, 'gamma': 1, 'kernel': 'sigmoid'}",0.4961060906037217,0.09336031273060315,0.01926934021056959,0.18269334899037845,0.5096346701052847,0.09134667449518923,0.5163288879554762,0.04081632653061229,0.5204081632653061,0.5204081632653061,"{0: 0.505480950984427, 1: 0.5054809509844271}","{0: 0.505480950984427, 1: 0.5054809509844271}",0.5054809509844271,"[[390 247]
 [364 273]]",[1. 0. 1. ... 0. 0. 0.],[0. 1. 1. ... 1. 0. 0.]
331,SVC,"{'C': 1000, 'gamma': 1, 'kernel': 'sigmoid'}",0.4970067969382772,0.09609608258829258,0.01841337809740668,0.18976029486969084,0.5092066890487034,0.09488014743484542,0.516524128899119,0.039246467817896424,0.5196232339089482,0.5196232339089482,"{0: 0.5090926118062247, 1: 0.5090926118062247}","{0: 0.5090926118062247, 1: 0.5090926118062247}",0.5090926118062247,"[[382 255]
 [357 280]]",[1. 0. 1. ... 0. 0. 0.],[0. 1. 1. ... 1. 0. 0.]
231,SVC,"{'C': 0.1, 'gamma': 0.0001, 'kernel': 'rbf'}",0.34735683548493873,0.057835853955469176,0.015555555555555559,0.06577177149754998,0.5077777777777778,0.032885885748774976,0.3683964801526485,0.0031397174254317317,0.5015698587127159,0.5015698587127159,"{0: 0.5008440763094273, 1: 0.5008440763094272}","{0: 0.5008440763094273, 1: 0.5008440763094272}",0.5008440763094272,"[[612  25]
 [610  27]]",[0. 0. 0. ... 0. 0. 0.],[0. 1. 1. ... 1. 0. 0.]
7,SVC,"{'C': 1000, 'gamma': 1, 'kernel': 'sigmoid'}",0.4894398614628339,0.10536530948735878,0.014982763982905092,0.19844278816756472,0.5074913819914525,0.09922139408378236,0.5144103454546813,0.039246467817896424,0.5196232339089482,0.5196232339089482,"{0: 0.5016918493034215, 1: 0.5016918493034215}","{0: 0.5016918493034215, 1: 0.5016918493034215}",0.5016918493034215,"[[397 240]
 [372 265]]",[1. 0. 1. ... 0. 0. 0.],[0. 1. 1. ... 1. 0. 0.]
921,AdaBoost,"{'algorithm': 'SAMME.R', 'learning_rate': 2.630612244897959, 'n_estimators': 30}",0.34801074753012257,0.03953344858282803,0.013389924085576257,0.040875438811086844,0.5066949620427882,0.02043771940554343,0.3433503836317135,0.00784929356357933,0.5039246467817896,0.5039246467817896,"{0: 0.5213865524473285, 1: 0.5213865524473283}","{0: 0.5213865524473285, 1: 0.5213865524473283}",0.5213865524473283,"[[636   1]
 [631   6]]",[0. 0. 0. ... 0. 0. 0.],[0. 1. 1. ... 1. 0. 0.]
549,SVC,"{'C': 100, 'gamma': 0.01, 'kernel': 'sigmoid'}",0.4904257030079139,0.11282920623617795,0.011691896124081507,0.20892897724326812,0.5058459480620408,0.10446448862163407,0.521528318460402,0.05494505494505497,0.5274725274725275,0.5274725274725275,"{0: 0.5586725452166134, 1: 0.5586725452166135}","{0: 0.5586725452166134, 1: 0.5586725452166135}",0.5586725452166135,"[[407 230]
 [372 265]]",[0. 0. 1. ... 1. 0. 0.],[0. 1. 1. ... 1. 0. 0.]
839,SVC,"{'C': 100, 'gamma': 1, 'kernel': 'sigmoid'}",0.493977952847809,0.09500116819374807,0.007707566795043648,0.188615679382378,0.5038537833975218,0.094307839691189,0.5134295301722617,0.031397174254317095,0.5156985871271585,0.5156985871271585,"{0: 0.5165796302822542, 1: 0.5165796302822542}","{0: 0.5165796302822542, 1: 0.5165796302822542}",0.5165796302822542,"[[372 265]
 [352 285]]",[1. 0. 1. ... 0. 0. 0.],[0. 1. 1. ... 1. 0. 0.]
43,SVC,"{'C': 1, 'gamma': 0.0001, 'kernel': 'rbf'}",0.36610766835205344,0.0701763718232395,0.005619047619047617,0.06828272557715383,0.5028095238095238,0.03414136278857692,0.384049785310307,-0.0031397174254317317,0.49843014128728413,0.49843014128728413,"{0: 0.46247495496205965, 1: 0.4624749549620596}","{0: 0.46247495496205965, 1: 0.4624749549620596}",0.4624749549620596,"[[592  45]
 [594  43]]",[1. 0. 0. ... 0. 0. 0.],[0. 1. 1. ... 1. 0. 0.]
537,SVC,"{'C': 0.1, 'gamma': 0.0001, 'kernel': 'rbf'}",0.3373998044965787,0.013790074647996623,0.003809523809523814,0.012918723777381479,0.5019047619047619,0.0064593618886907385,0.34027276140862095,0.006279434850863463,0.5031397174254317,0.5031397174254317,"{0: 0.4963895714063914, 1: 0.4963895714063913}","{0: 0.4963895714063914, 1: 0.4963895714063913}",0.4963895714063913,"[[637   0]
 [633   4]]",[0. 0. 0. ... 0. 0. 0.],[0. 1. 1. ... 1. 0. 0.]
498,AdaBoost,"{'algorithm': 'SAMME.R', 'learning_rate': 2.793877551020408, 'n_estimators': 30}",0.33993972250994503,0.01698633539489288,0.003389924085576257,0.01840108637310392,0.5016949620427882,0.009200543186551967,0.341272378516624,0.004709576138147598,0.5023547880690737,0.5023547880690737,"{0: 0.4018604181196691, 1: 0.4018604181196691}","{0: 0.4018604181196691, 1: 0.4018604181196691}",0.4018604181196691,"[[635   2]
 [632   5]]",[0. 0. 0. ... 0. 0. 0.],[0. 1. 1. ... 1. 0. 0.]
624,SVC,"{'C': 0.1, 'gamma': 0.0001, 'kernel': 'sigmoid'}",0.33333333333333337,5.874748045952207e-17,0.0,0.0,0.5,0.0,0.4628603350032531,0.0,0.5,0.5,"{0: 0.4933385744105636, 1: 0.49333857441056367}","{0: 0.4933385744105636, 1: 0.49333857441056367}",0.49333857441056367,"[[486 151]
 [486 151]]",[0. 0. 0. ... 0. 0. 0.],[0. 1. 1. ... 1. 0. 0.]
700,AdaBoost,"{'algorithm': 'SAMME.R', 'learning_rate': 3.691836734693877, 'n_estimators': 30}",0.3345129258880817,0.007819298284152733,-0.00017142857142857349,0.010723386610962197,0.4999142857142857,0.005361693305481106,0.3364583333333333,0.0015698587127158659,0.5007849293563579,0.5007849293563579,"{0: 0.566983924351047, 1: 0.5669839243510469}","{0: 0.566983924351047, 1: 0.5669839243510469}",0.5669839243510469,"[[636   1]
 [635   2]]",[0. 0. 0. ... 0. 0. 0.],[0. 1. 1. ... 1. 0. 0.]
112,SVC,"{'C': 1, 'gamma': 0.0001, 'kernel': 'sigmoid'}",0.33831354484065124,0.01487085307581936,-0.0017391304347826075,0.008519964322724092,0.49913043478260866,0.004259982161362046,0.3398213125406108,-0.0015698587127157548,0.49921507064364207,0.4992150706436421,"{0: 0.46740879663059537, 1: 0.4674087966305953}","{0: 0.46740879663059537, 1: 0.4674087966305953}",0.4674087966305953,"[[631   6]
 [632   5]]",[0. 0. 0. ... 0. 0. 0.],[0. 1. 1. ... 1. 0. 0.]
387,SVC,"{'C': 1, 'gamma': 0.0001, 'kernel': 'sigmoid'}",0.3481078586539298,0.06078854636375161,-0.008666666666666658,0.09310925482106132,0.49566666666666664,0.046554627410530666,0.4393410397940409,-0.01569858712715866,0.4921507064364207,0.4921507064364207,"{0: 0.473345672044932, 1: 0.4733456720449319}","{0: 0.473345672044932, 1: 0.4733456720449319}",0.4733456720449319,"[[509 128]
 [519 118]]",[1. 1. 0. ... 0. 0. 0.],[0. 1. 1. ... 1. 0. 0.]
27,SVC,"{'C': 0.1, 'gamma': 0.0001, 'kernel': 'sigmoid'}",0.3316750700280112,0.008123797914440572,-0.01642857142857143,0.080483234405733,0.4917857142857143,0.040241617202866495,0.4575841710876701,-0.03610675039246458,0.48194662480376765,0.48194662480376765,"{0: 0.48815951933242807, 1: 0.488159519332428}","{0: 0.48815951933242807, 1: 0.488159519332428}",0.488159519332428,"[[442 195]
 [465 172]]",[0. 0. 0. ... 0. 0. 0.],[0. 1. 1. ... 1. 0. 0.]
853,SVC,"{'C': 1, 'gamma': 0.0001, 'kernel': 'rbf'}",0.34369538832838736,0.04649923083493276,-0.02209313725490196,0.09913586118792604,0.488953431372549,0.04956793059396302,0.35963396096425154,-0.03767660910518056,0.4811616954474097,0.4811616954474097,"{0: 0.46614576273692665, 1: 0.46614576273692665}","{0: 0.46614576273692665, 1: 0.46614576273692665}",0.46614576273692665,"[[584  53]
 [608  29]]",[0. 0. 0. ... 0. 0. 0.],[0. 1. 1. ... 1. 0. 0.]
879,AdaBoost,"{'algorithm': 'SAMME', 'learning_rate': 2.4673469387755103, 'n_estimators': 52}",0.3544205673162238,0.04435005995165212,-0.02637258223447482,0.07060030188315064,0.48681370888276254,0.03530015094157531,0.39200680272108845,-0.03610675039246458,0.48194662480376765,0.48194662480376765,"{0: 0.4958215142112877, 1: 0.4958215142112877}","{0: 0.4958215142112877, 1: 0.4958215142112877}",0.4958215142112877,"[[ 62 575]
 [ 85 552]]",[1. 1. 1. ... 1. 1. 1.],[0. 1. 1. ... 1. 0. 0.]
485,AdaBoost,"{'algorithm': 'SAMME', 'learning_rate': 2.5489795918367344, 'n_estimators': 96}",0.35277458411456786,0.04568723806919127,-0.027420201282093867,0.06964713934051454,0.48628989935895306,0.03482356967025726,0.39200680272108845,-0.03610675039246458,0.48194662480376765,0.48194662480376765,"{0: 0.491606061576907, 1: 0.491606061576907}","{0: 0.491606061576907, 1: 0.491606061576907}",0.491606061576907,"[[ 62 575]
 [ 85 552]]",[1. 1. 1. ... 1. 1. 1.],[0. 1. 1. ... 1. 0. 0.]
92,AdaBoost,"{'algorithm': 'SAMME', 'learning_rate': 2.304081632653061, 'n_estimators': 96}",0.363110689881988,0.05570673086439022,-0.03206977393166652,0.09653865758005414,0.4839651130341667,0.04826932879002707,0.3945676090347855,-0.04395604395604402,0.47802197802197804,0.47802197802197804,"{0: 0.48309506147586434, 1: 0.48309506147586434}","{0: 0.48309506147586434, 1: 0.48309506147586434}",0.48309506147586434,"[[ 68 569]
 [ 96 541]]",[1. 1. 1. ... 1. 1. 1.],[0. 1. 1. ... 1. 0. 0.]
208,AdaBoost,"{'algorithm': 'SAMME', 'learning_rate': 2.630612244897959, 'n_estimators': 52}",0.36221927808587373,0.05052947275602678,-0.03815815535700447,0.07630186823871465,0.4809209223214978,0.03815093411935732,0.4004239863193748,-0.04552590266875978,0.4772370486656201,0.4772370486656201,"{0: 0.48752738627149933, 1: 0.4875273862714993}","{0: 0.48752738627149933, 1: 0.4875273862714993}",0.4875273862714993,"[[ 76 561]
 [105 532]]",[1. 1. 1. ... 1. 1. 1.],[0. 1. 1. ... 1. 0. 0.]
437,AdaBoost,"{'algorithm': 'SAMME', 'learning_rate': 2.3857142857142857, 'n_estimators': 52}",0.35370698504696885,0.04551850785834092,-0.038531312393204974,0.08487843763295397,0.48073434380339747,0.042439218816476984,0.39374618501829406,-0.04395604395604402,0.47802197802197804,0.47802197802197804,"{0: 0.4942528877267608, 1: 0.49425288772676074}","{0: 0.4942528877267608, 1: 0.49425288772676074}",0.49425288772676074,"[[ 67 570]
 [ 95 542]]",[1. 1. 1. ... 1. 1. 1.],[0. 1. 1. ... 1. 0. 0.]
342,SVC,"{'C': 1, 'gamma': 0.0001, 'kernel': 'sigmoid'}",0.36133240390172494,0.07205684395293308,-0.04313772893772894,0.1277693452578654,0.47843113553113553,0.06388467262893269,0.4478041030099781,-0.05180533751962324,0.4740973312401884,0.4740973312401884,"{0: 0.4763646311078471, 1: 0.4763646311078471}","{0: 0.4763646311078471, 1: 0.4763646311078471}",0.4763646311078471,"[[441 196]
 [474 163]]",[0. 0. 0. ... 0. 0. 0.],[0. 1. 1. ... 1. 0. 0.]
440,SVC,"{'C': 0.1, 'gamma': 0.001, 'kernel': 'rbf'}",0.3769407955929565,0.08001324876057134,-0.04728047138047137,0.13708579256489956,0.47635976430976434,0.06854289628244978,0.435533894550288,-0.061224489795918435,0.46938775510204084,0.46938775510204084,"{0: 0.4583371327035826, 1: 0.45833713270358256}","{0: 0.4583371327035826, 1: 0.45833713270358256}",0.45833713270358256,"[[455 182]
 [494 143]]",[1. 1. 0. ... 0. 0. 0.],[0. 1. 1. ... 1. 0. 0.]
673,AdaBoost,"{'algorithm': 'SAMME.R', 'learning_rate': 2.059183673469388, 'n_estimators': 74}",0.40978317937404557,0.06983683305521206,-0.11541727394123552,0.10999789446756894,0.4422913630293822,0.05499894723378448,0.42908303631361505,-0.11616954474097341,0.44191522762951335,0.44191522762951335,"{0: 0.4567685062190556, 1: 0.4567685062190556}","{0: 0.4567685062190556, 1: 0.4567685062190556}",0.4567685062190556,"[[186 451]
 [260 377]]",[1. 1. 0. ... 1. 0. 1.],[0. 1. 1. ... 1. 0. 0.]
350,AdaBoost,"{'algorithm': 'SAMME', 'learning_rate': 2.8755102040816327, 'n_estimators': 52}",0.37577055935664705,0.08074561466739572,-0.15026386766966623,0.15354079835071832,0.42486806616516687,0.07677039917535917,0.38193491971275073,-0.14442700156985877,0.42778649921507067,0.42778649921507067,"{0: 0.40594771902239946, 1: 0.40594771902239946}","{0: 0.40594771902239946, 1: 0.40594771902239946}",0.40594771902239946,"[[ 99 538]
 [191 446]]",[1. 1. 0. ... 1. 0. 1.],[0. 1. 1. ... 1. 0. 0.]
51,AdaBoost,"{'algorithm': 'SAMME', 'learning_rate': 3.691836734693877, 'n_estimators': 74}",0.37409908934183944,0.08293311917144011,-0.16124532547017775,0.15992810580536063,0.41937733726491117,0.07996405290268033,0.37448400412796706,-0.17111459968602816,0.41444270015698587,0.4144427001569859,"{0: 0.3752171802183015, 1: 0.3752171802183015}","{0: 0.3752171802183015, 1: 0.3752171802183015}",0.3752171802183015,"[[103 534]
 [212 425]]",[1. 1. 0. ... 1. 0. 1.],[0. 1. 1. ... 1. 0. 0.]
824,AdaBoost,"{'algorithm': 'SAMME', 'learning_rate': 3.2020408163265306, 'n_estimators': 30}",0.37508524830229073,0.0831954950093512,-0.16227473723488361,0.15869792691438658,0.4188626313825582,0.0793489634571933,0.37490029387069684,-0.1742543171114599,0.41287284144427,0.41287284144427,"{0: 0.4518063233021744, 1: 0.4518063233021744}","{0: 0.4518063233021744, 1: 0.4518063233021744}",0.4518063233021744,"[[106 531]
 [217 420]]",[1. 1. 0. ... 1. 0. 1.],[0. 1. 1. ... 1. 0. 0.]
395,AdaBoost,"{'algorithm': 'SAMME', 'learning_rate': 4.018367346938775, 'n_estimators': 30}",0.3719996592998695,0.08139037643038048,-0.16423445590496036,0.15768634005431223,0.4178827720475198,0.07884317002715613,0.3722732362821949,-0.1742543171114599,0.41287284144427,0.41287284144427006,"{0: 0.4313969278086793, 1: 0.43139692780867933}","{0: 0.4313969278086793, 1: 0.43139692780867933}",0.43139692780867933,"[[101 536]
 [212 425]]",[1. 1. 0. ... 1. 0. 1.],[0. 1. 1. ... 1. 0. 0.]
