trial_id,model_name,params,avg_f1,std_f1,avg_kappa,std_kappa,avg_accuracy,std_accuracy,f1_overall,kappa_overall,accuracy_overall,balanced_accuracy,roc_auc_overall,weighted_roc,roc_avg,confusion_matrix,y_pred,y_actual
409,SVC,"{'C': 100, 'gamma': 0.0001, 'kernel': 'rbf'}",0.5560281223004642,0.12561010736158157,0.14033842456949208,0.24987320603315935,0.570169212284746,0.12493660301657968,0.5423028470647518,0.09984639016897079,0.5499231950844854,0.5499231950844854,"{0: 0.5536867539246014, 1: 0.5536867539246013}","{0: 0.5536867539246014, 1: 0.5536867539246013}",0.5536867539246013,"[[442 209]
 [377 274]]",[0. 1. 1. ... 0. 0. 0.],[0. 1. 1. ... 1. 0. 0.]
887,SVC,"{'C': 100, 'gamma': 0.0001, 'kernel': 'rbf'}",0.5514752972222567,0.12938770074912595,0.1346758270327401,0.2561139835339028,0.5673379135163701,0.1280569917669514,0.538991684590567,0.09370199692780334,0.5468509984639017,0.5468509984639016,"{0: 0.5517353663629865, 1: 0.5517353663629865}","{0: 0.5517353663629865, 1: 0.5517353663629865}",0.5517353663629865,"[[441 210]
 [380 271]]",[0. 1. 1. ... 0. 0. 0.],[0. 1. 1. ... 1. 0. 0.]
403,SVC,"{'C': 100, 'gamma': 0.0001, 'kernel': 'rbf'}",0.5514647412525826,0.13063938485667417,0.1344715905209985,0.25987110438501815,0.5672357952604993,0.12993555219250907,0.5415459900927037,0.09984639016897079,0.5499231950844854,0.5499231950844854,"{0: 0.5512209739948702, 1: 0.5512209739948702}","{0: 0.5512209739948702, 1: 0.5512209739948702}",0.5512209739948702,"[[446 205]
 [381 270]]",[0. 1. 1. ... 0. 0. 0.],[0. 1. 1. ... 1. 0. 0.]
877,SVC,"{'C': 100, 'gamma': 0.0001, 'kernel': 'rbf'}",0.5526987406202241,0.12453551138252174,0.13420223780977591,0.2470818004700099,0.5671011189048879,0.12354090023500496,0.5400521197254268,0.09523809523809523,0.5476190476190477,0.5476190476190477,"{0: 0.5558245497297081, 1: 0.5558245497297081}","{0: 0.5558245497297081, 1: 0.5558245497297081}",0.5558245497297081,"[[440 211]
 [378 273]]",[0. 1. 1. ... 0. 0. 0.],[0. 1. 1. ... 1. 0. 0.]
290,SVC,"{'C': 100, 'gamma': 0.0001, 'kernel': 'rbf'}",0.5507912308123522,0.12999414833414016,0.1333671447982123,0.25722108189346593,0.5666835723991062,0.12861054094673297,0.5392961223228215,0.09523809523809523,0.5476190476190477,0.5476190476190477,"{0: 0.5539946814660655, 1: 0.5539946814660655}","{0: 0.5539946814660655, 1: 0.5539946814660655}",0.5539946814660655,"[[444 207]
 [382 269]]",[0. 1. 1. ... 0. 0. 0.],[0. 1. 1. ... 1. 0. 0.]
939,SVC,"{'C': 100, 'gamma': 0.0001, 'kernel': 'rbf'}",0.5517044744317838,0.12631833329222683,0.1332800664714623,0.2516392341368625,0.5666400332357311,0.12581961706843126,0.5396788524114882,0.09523809523809523,0.5476190476190477,0.5476190476190477,"{0: 0.5545385688094177, 1: 0.5545385688094175}","{0: 0.5545385688094177, 1: 0.5545385688094175}",0.5545385688094175,"[[442 209]
 [380 271]]",[0. 1. 1. ... 0. 0. 0.],[0. 1. 1. ... 1. 0. 0.]
776,SVC,"{'C': 100, 'gamma': 0.0001, 'kernel': 'rbf'}",0.5509456780008803,0.12702984212978652,0.132915064922603,0.2514418941490272,0.5664575324613016,0.1257209470745136,0.5383042439202637,0.09216589861751157,0.5460829493087558,0.5460829493087558,"{0: 0.552141217222234, 1: 0.552141217222234}","{0: 0.552141217222234, 1: 0.552141217222234}",0.552141217222234,"[[440 211]
 [380 271]]",[0. 0. 1. ... 0. 0. 0.],[0. 1. 1. ... 1. 0. 0.]
798,SVC,"{'C': 100, 'gamma': 0.0001, 'kernel': 'rbf'}",0.5508439453154778,0.12950422480350904,0.13290262354026683,0.25617441674054386,0.5664513117701334,0.12808720837027196,0.5383042439202637,0.09216589861751157,0.5460829493087558,0.5460829493087558,"{0: 0.5547131790628148, 1: 0.5547131790628149}","{0: 0.5547131790628148, 1: 0.5547131790628149}",0.5547131790628149,"[[440 211]
 [380 271]]",[0. 1. 1. ... 0. 0. 0.],[0. 1. 1. ... 1. 0. 0.]
628,SVC,"{'C': 100, 'gamma': 0.0001, 'kernel': 'rbf'}",0.5503074154860702,0.12229267340646856,0.13288895370825649,0.2404195559784803,0.5664444768541282,0.12020977798924015,0.5381157924875882,0.09216589861751157,0.5460829493087558,0.5460829493087558,"{0: 0.5560038791791431, 1: 0.5560038791791431}","{0: 0.5560038791791431, 1: 0.5560038791791431}",0.5560038791791431,"[[441 210]
 [381 270]]",[0. 1. 1. ... 0. 0. 0.],[0. 1. 1. ... 1. 0. 0.]
791,SVC,"{'C': 100, 'gamma': 0.0001, 'kernel': 'rbf'}",0.5516346453616131,0.12936904154926324,0.13273195130062906,0.2572266765430246,0.5663659756503145,0.1286133382715123,0.5384903272626949,0.09216589861751157,0.5460829493087558,0.5460829493087558,"{0: 0.5528939289902572, 1: 0.5528939289902572}","{0: 0.5528939289902572, 1: 0.5528939289902572}",0.5528939289902572,"[[439 212]
 [379 272]]",[0. 1. 1. ... 0. 0. 0.],[0. 1. 1. ... 1. 0. 0.]
790,SVC,"{'C': 100, 'gamma': 0.0001, 'kernel': 'rbf'}",0.5512407594010761,0.12574076916001223,0.13242031061170642,0.2493696668204952,0.5662101553058532,0.12468483341024761,0.5393632229343363,0.09370199692780334,0.5468509984639017,0.5468509984639017,"{0: 0.5549090256983821, 1: 0.554909025698382}","{0: 0.5549090256983821, 1: 0.554909025698382}",0.554909025698382,"[[439 212]
 [378 273]]",[0. 1. 1. ... 0. 0. 0.],[0. 1. 1. ... 1. 0. 0.]
901,SVC,"{'C': 100, 'gamma': 0.0001, 'kernel': 'rbf'}",0.5498502341025016,0.12724736688147725,0.13195504056257867,0.25425495171035584,0.5659775202812893,0.12712747585517792,0.5408604818395522,0.09831029185867901,0.5491551459293394,0.5491551459293394,"{0: 0.5482054077267398, 1: 0.5482054077267396}","{0: 0.5482054077267398, 1: 0.5482054077267396}",0.5482054077267396,"[[445 206]
 [381 270]]",[0. 1. 1. ... 0. 0. 0.],[0. 1. 1. ... 1. 0. 0.]
622,SVC,"{'C': 100, 'gamma': 0.0001, 'kernel': 'rbf'}",0.5498342794542954,0.12087812285969687,0.13153597596704347,0.2397341150372509,0.5657679879835217,0.11986705751862545,0.5391011945007887,0.09523809523809523,0.5476190476190477,0.5476190476190476,"{0: 0.5561501742563136, 1: 0.5561501742563137}","{0: 0.5561501742563136, 1: 0.5561501742563137}",0.5561501742563137,"[[445 206]
 [383 268]]",[0. 1. 1. ... 0. 0. 0.],[0. 1. 1. ... 1. 0. 0.]
438,SVC,"{'C': 100, 'gamma': 0.0001, 'kernel': 'rbf'}",0.5501511036281174,0.126603569293539,0.13096853094816208,0.25238427948545844,0.565484265474081,0.12619213974272922,0.5384166111854866,0.09370199692780334,0.5468509984639017,0.5468509984639017,"{0: 0.5522733547112914, 1: 0.5522733547112914}","{0: 0.5522733547112914, 1: 0.5522733547112914}",0.5522733547112914,"[[444 207]
 [383 268]]",[0. 1. 1. ... 0. 0. 0.],[0. 1. 1. ... 1. 0. 0.]
576,SVC,"{'C': 100, 'gamma': 0.0001, 'kernel': 'rbf'}",0.5503686950589303,0.12698786629536984,0.13085898305037888,0.2530119467136985,0.5654294915251894,0.12650597335684924,0.541241912335388,0.09831029185867901,0.5491551459293394,0.5491551459293394,"{0: 0.5560168569682469, 1: 0.5560168569682469}","{0: 0.5560168569682469, 1: 0.5560168569682469}",0.5560168569682469,"[[443 208]
 [379 272]]",[0. 1. 1. ... 0. 0. 0.],[0. 1. 1. ... 1. 0. 0.]
636,SVC,"{'C': 100, 'gamma': 0.0001, 'kernel': 'rbf'}",0.5493641764536531,0.1261180642569014,0.13032962676069426,0.24963927128566504,0.5651648133803472,0.12481963564283252,0.5370466470622154,0.09062980030721968,0.5453149001536098,0.5453149001536098,"{0: 0.5527747692903037, 1: 0.5527747692903038}","{0: 0.5527747692903037, 1: 0.5527747692903038}",0.5527747692903038,"[[442 209]
 [383 268]]",[0. 1. 1. ... 0. 0. 0.],[0. 1. 1. ... 1. 0. 0.]
209,SVC,"{'C': 100, 'gamma': 0.0001, 'kernel': 'rbf'}",0.5506315574212972,0.12857609130539457,0.13007371726511308,0.2557903709982404,0.5650368586325566,0.1278951854991202,0.5371128773203979,0.08909370199692779,0.5445468509984639,0.5445468509984639,"{0: 0.5550541409765433, 1: 0.5550541409765432}","{0: 0.5550541409765433, 1: 0.5550541409765432}",0.5550541409765432,"[[437 214]
 [379 272]]",[0. 1. 1. ... 0. 0. 0.],[0. 1. 1. ... 1. 0. 0.]
541,SVC,"{'C': 100, 'gamma': 0.0001, 'kernel': 'rbf'}",0.5508144967450307,0.12986233115545148,0.12991882048230935,0.25963042099767664,0.5649594102411547,0.12981521049883832,0.5379249673477354,0.09216589861751157,0.5460829493087558,0.5460829493087558,"{0: 0.5543887343352187, 1: 0.5543887343352186}","{0: 0.5543887343352187, 1: 0.5543887343352186}",0.5543887343352186,"[[442 209]
 [382 269]]",[0. 1. 1. ... 0. 0. 0.],[0. 1. 1. ... 1. 0. 0.]
583,SVC,"{'C': 100, 'gamma': 0.0001, 'kernel': 'rbf'}",0.5465876695322257,0.12671375011997002,0.1288534362845038,0.25315501188055295,0.564426718142252,0.1265775059402765,0.5396591446391625,0.09831029185867901,0.5491551459293394,0.5491551459293396,"{0: 0.5453290577417231, 1: 0.5453290577417231}","{0: 0.5453290577417231, 1: 0.5453290577417231}",0.5453290577417231,"[[451 200]
 [387 264]]",[0. 1. 1. ... 0. 0. 0.],[0. 1. 1. ... 1. 0. 0.]
788,SVC,"{'C': 100, 'gamma': 0.0001, 'kernel': 'rbf'}",0.5450167498602698,0.12892125953314368,0.12853843714159768,0.2538851825999387,0.5642692185707989,0.12694259129996932,0.5370213136524938,0.09677419354838712,0.5483870967741935,0.5483870967741935,"{0: 0.5515678349036458, 1: 0.5515678349036458}","{0: 0.5515678349036458, 1: 0.5515678349036458}",0.5515678349036458,"[[459 192]
 [396 255]]",[0. 1. 1. ... 0. 0. 0.],[0. 1. 1. ... 1. 0. 0.]
816,SVC,"{'C': 100, 'gamma': 0.0001, 'kernel': 'rbf'}",0.550249713536328,0.128719580367734,0.12834146074899883,0.25706501490107236,0.5641707303744994,0.12853250745053618,0.5379992209093102,0.08909370199692779,0.5445468509984639,0.5445468509984639,"{0: 0.5539628268928105, 1: 0.5539628268928105}","{0: 0.5539628268928105, 1: 0.5539628268928105}",0.5539628268928105,"[[432 219]
 [374 277]]",[0. 1. 1. ... 0. 0. 0.],[0. 1. 1. ... 1. 0. 0.]
596,SVC,"{'C': 100, 'gamma': 0.0001, 'kernel': 'rbf'}",0.5497031055659095,0.13081390915904328,0.12826217724180836,0.2599617624113149,0.5641310886209042,0.12998088120565746,0.5357342977943048,0.08602150537634412,0.543010752688172,0.543010752688172,"{0: 0.552341783053839, 1: 0.552341783053839}","{0: 0.552341783053839, 1: 0.552341783053839}",0.552341783053839,"[[435 216]
 [379 272]]",[0. 1. 1. ... 0. 0. 0.],[0. 1. 1. ... 1. 0. 0.]
490,SVC,"{'C': 100, 'gamma': 0.0001, 'kernel': 'rbf'}",0.5494497343410216,0.12571651831282224,0.12807543326682908,0.2505962289782004,0.5640377166334146,0.1252981144891002,0.5386740480545619,0.09216589861751157,0.5460829493087558,0.5460829493087558,"{0: 0.5481770925505131, 1: 0.5481770925505132}","{0: 0.5481770925505131, 1: 0.5481770925505132}",0.5481770925505132,"[[438 213]
 [378 273]]",[0. 1. 1. ... 0. 0. 0.],[0. 1. 1. ... 1. 0. 0.]
607,SVC,"{'C': 100, 'gamma': 0.0001, 'kernel': 'rbf'}",0.548559191009446,0.12846158391142082,0.12793028553344604,0.25633314500400184,0.563965142766723,0.12816657250200092,0.5376165280927185,0.09062980030721968,0.5453149001536098,0.5453149001536098,"{0: 0.553155844370353, 1: 0.553155844370353}","{0: 0.553155844370353, 1: 0.553155844370353}",0.553155844370353,"[[439 212]
 [380 271]]",[0. 1. 1. ... 0. 0. 0.],[0. 1. 1. ... 1. 0. 0.]
743,SVC,"{'C': 100, 'gamma': 0.0001, 'kernel': 'rbf'}",0.5478104526804044,0.1317672429511227,0.12788120527260108,0.2621573197172448,0.5639406026363005,0.13107865985862244,0.5380213182070768,0.09370199692780334,0.5468509984639017,0.5468509984639017,"{0: 0.5471577462063563, 1: 0.5471577462063564}","{0: 0.5471577462063563, 1: 0.5471577462063564}",0.5471577462063564,"[[446 205]
 [385 266]]",[0. 1. 1. ... 0. 0. 0.],[0. 1. 1. ... 1. 0. 0.]
712,SVC,"{'C': 100, 'gamma': 0.0001, 'kernel': 'rbf'}",0.5475170812765782,0.11319851438063991,0.12771532594120455,0.22602030812943305,0.5638576629706022,0.11301015406471654,0.5416362011536274,0.10138248847926268,0.5506912442396313,0.5506912442396313,"{0: 0.5516457016382689, 1: 0.5516457016382689}","{0: 0.5516457016382689, 1: 0.5516457016382689}",0.5516457016382689,"[[450 201]
 [384 267]]",[0. 1. 1. ... 0. 0. 0.],[0. 1. 1. ... 1. 0. 0.]
995,SVC,"{'C': 100, 'gamma': 0.0001, 'kernel': 'rbf'}",0.5477165733651473,0.12621007367510284,0.1276898475436331,0.24933545335728302,0.5638449237718166,0.12466772667864151,0.5381157924875882,0.09216589861751157,0.5460829493087558,0.5460829493087558,"{0: 0.5527759490893132, 1: 0.5527759490893132}","{0: 0.5527759490893132, 1: 0.5527759490893132}",0.5527759490893132,"[[441 210]
 [381 270]]",[0. 1. 1. ... 0. 0. 0.],[0. 1. 1. ... 1. 0. 0.]
597,SVC,"{'C': 100, 'gamma': 0.0001, 'kernel': 'rbf'}",0.5472174076976732,0.12524145461812597,0.12753761814077869,0.2491226291865881,0.5637688090703894,0.12456131459329405,0.5388023678870331,0.09370199692780334,0.5468509984639017,0.5468509984639016,"{0: 0.5509142262524157, 1: 0.5509142262524156}","{0: 0.5509142262524157, 1: 0.5509142262524156}",0.5509142262524156,"[[442 209]
 [381 270]]",[0. 1. 1. ... 0. 0. 0.],[0. 1. 1. ... 1. 0. 0.]
794,SVC,"{'C': 100, 'gamma': 0.0001, 'kernel': 'rbf'}",0.548673467875492,0.13043267536801362,0.12715422375738428,0.26006168884650516,0.5635771118786921,0.13003084442325258,0.538610678659978,0.09370199692780334,0.5468509984639017,0.5468509984639017,"{0: 0.5537292266889413, 1: 0.5537292266889413}","{0: 0.5537292266889413, 1: 0.5537292266889413}",0.5537292266889413,"[[443 208]
 [382 269]]",[0. 1. 1. ... 0. 0. 0.],[0. 1. 1. ... 1. 0. 0.]
830,SVC,"{'C': 100, 'gamma': 0.0001, 'kernel': 'rbf'}",0.5473855401644351,0.12967080862726513,0.12680199160515213,0.2567112806880215,0.5634009958025762,0.12835564034401076,0.5354826154644525,0.0875576036866359,0.543778801843318,0.543778801843318,"{0: 0.5558481457098968, 1: 0.5558481457098968}","{0: 0.5558481457098968, 1: 0.5558481457098968}",0.5558481457098968,"[[441 210]
 [384 267]]",[0. 1. 1. ... 0. 0. 0.],[0. 1. 1. ... 1. 0. 0.]
206,SVC,"{'C': 100, 'gamma': 0.0001, 'kernel': 'rbf'}",0.5479984141708442,0.1295224877045608,0.12666664205803788,0.25730122337050526,0.5633333210290189,0.12865061168525263,0.5359711516790625,0.08909370199692779,0.5445468509984639,0.5445468509984639,"{0: 0.5523771770241221, 1: 0.5523771770241221}","{0: 0.5523771770241221, 1: 0.5523771770241221}",0.5523771770241221,"[[443 208]
 [385 266]]",[0. 1. 1. ... 0. 0. 0.],[0. 1. 1. ... 1. 0. 0.]
262,SVC,"{'C': 100, 'gamma': 0.0001, 'kernel': 'rbf'}",0.5474671545892048,0.12685066936223136,0.12665205526698048,0.2529364444632939,0.5633260276334903,0.12646822223164694,0.5374289445383316,0.09062980030721968,0.5453149001536098,0.5453149001536098,"{0: 0.5550647591676282, 1: 0.5550647591676282}","{0: 0.5550647591676282, 1: 0.5550647591676282}",0.5550647591676282,"[[440 211]
 [381 270]]",[0. 1. 1. ... 0. 0. 0.],[0. 1. 1. ... 1. 0. 0.]
582,SVC,"{'C': 100, 'gamma': 0.0001, 'kernel': 'rbf'}",0.5480852671690841,0.12843413042685925,0.12660329879469462,0.25607964530156413,0.5633016493973474,0.12803982265078206,0.5360544217687075,0.0875576036866359,0.543778801843318,0.543778801843318,"{0: 0.5521943081776588, 1: 0.5521943081776588}","{0: 0.5521943081776588, 1: 0.5521943081776588}",0.5521943081776588,"[[438 213]
 [381 270]]",[0. 1. 1. ... 0. 0. 0.],[0. 1. 1. ... 1. 0. 0.]
651,SVC,"{'C': 100, 'gamma': 0.0001, 'kernel': 'rbf'}",0.548861343973662,0.12918009784091075,0.12656195512544394,0.25807763594464067,0.563280977562722,0.12903881797232034,0.535551706586234,0.08602150537634412,0.543010752688172,0.543010752688172,"{0: 0.5528490966278985, 1: 0.5528490966278985}","{0: 0.5528490966278985, 1: 0.5528490966278985}",0.5528490966278985,"[[436 215]
 [380 271]]",[0. 1. 1. ... 0. 0. 0.],[0. 1. 1. ... 1. 0. 0.]
355,SVC,"{'C': 100, 'gamma': 0.0001, 'kernel': 'rbf'}",0.5450228127351057,0.12525214522056652,0.12652557836322167,0.2440447997672803,0.5632627891816108,0.12202239988364014,0.5343142606403671,0.08909370199692779,0.5445468509984639,0.5445468509984639,"{0: 0.5528750522061062, 1: 0.5528750522061061}","{0: 0.5528750522061062, 1: 0.5528750522061061}",0.5528750522061061,"[[451 200]
 [393 258]]",[0. 1. 1. ... 0. 0. 0.],[0. 1. 1. ... 1. 0. 0.]
266,SVC,"{'C': 100, 'gamma': 0.0001, 'kernel': 'rbf'}",0.548359855259952,0.12835740822374853,0.12636614318544598,0.25613300607499534,0.5631830715927231,0.12806650303749767,0.5376165280927185,0.09062980030721968,0.5453149001536098,0.5453149001536098,"{0: 0.552928143161531, 1: 0.552928143161531}","{0: 0.552928143161531, 1: 0.552928143161531}",0.552928143161531,"[[439 212]
 [380 271]]",[0. 1. 1. ... 0. 0. 0.],[0. 1. 1. ... 1. 0. 0.]
584,SVC,"{'C': 100, 'gamma': 0.0001, 'kernel': 'rbf'}",0.5465897027218332,0.1273262047606474,0.12612295844538873,0.2541358051558242,0.5630614792226943,0.12706790257791212,0.5380213182070768,0.09370199692780334,0.5468509984639017,0.5468509984639017,"{0: 0.5481074844089561, 1: 0.5481074844089562}","{0: 0.5481074844089561, 1: 0.5481074844089562}",0.5481074844089562,"[[446 205]
 [385 266]]",[0. 1. 1. ... 0. 0. 0.],[0. 1. 1. ... 1. 0. 0.]
589,SVC,"{'C': 100, 'gamma': 0.0001, 'kernel': 'rbf'}",0.542028300813771,0.12661731048743405,0.12606852190616522,0.25139659843140755,0.5630342609530826,0.12569829921570377,0.5360283819691448,0.09831029185867901,0.5491551459293394,0.5491551459293394,"{0: 0.5436159895800151, 1: 0.5436159895800152}","{0: 0.5436159895800151, 1: 0.5436159895800152}",0.5436159895800152,"[[467 184]
 [403 248]]",[0. 1. 1. ... 0. 0. 0.],[0. 1. 1. ... 1. 0. 0.]
860,SVC,"{'C': 100, 'gamma': 0.0001, 'kernel': 'rbf'}",0.5468267759949392,0.12613154886428365,0.12575001734798896,0.250039964124363,0.5628750086739945,0.1250199820621815,0.5359711516790625,0.08909370199692779,0.5445468509984639,0.5445468509984639,"{0: 0.5539321521185651, 1: 0.5539321521185651}","{0: 0.5539321521185651, 1: 0.5539321521185651}",0.5539321521185651,"[[443 208]
 [385 266]]",[0. 1. 1. ... 0. 0. 0.],[0. 1. 1. ... 1. 0. 0.]
912,SVC,"{'C': 100, 'gamma': 0.0001, 'kernel': 'rbf'}",0.547344656569447,0.12948641598335536,0.12571786149749264,0.25775446928876933,0.5628589307487463,0.12887723464438466,0.5361674032893603,0.08909370199692779,0.5445468509984639,0.5445468509984639,"{0: 0.5515064853551548, 1: 0.5515064853551549}","{0: 0.5515064853551548, 1: 0.5515064853551549}",0.5515064853551549,"[[442 209]
 [384 267]]",[0. 1. 1. ... 0. 0. 0.],[0. 1. 1. ... 1. 0. 0.]
600,SVC,"{'C': 100, 'gamma': 0.0001, 'kernel': 'rbf'}",0.5476767625654378,0.13004681412494254,0.12534903394700556,0.257554975902669,0.5626745169735028,0.1287774879513345,0.5356756042794876,0.0875576036866359,0.543778801843318,0.543778801843318,"{0: 0.5522591971231781, 1: 0.5522591971231781}","{0: 0.5522591971231781, 1: 0.5522591971231781}",0.5522591971231781,"[[440 211]
 [383 268]]",[0. 1. 1. ... 0. 0. 0.],[0. 1. 1. ... 1. 0. 0.]
803,SVC,"{'C': 100, 'gamma': 0.0001, 'kernel': 'rbf'}",0.5481643827023774,0.12826361992557528,0.125327460141574,0.2555636765195319,0.562663730070787,0.12778183825976594,0.5371128773203979,0.08909370199692779,0.5445468509984639,0.5445468509984639,"{0: 0.5506641088624142, 1: 0.5506641088624142}","{0: 0.5506641088624142, 1: 0.5506641088624142}",0.5506641088624142,"[[437 214]
 [379 272]]",[0. 1. 1. ... 0. 0. 0.],[0. 1. 1. ... 1. 0. 0.]
236,SVC,"{'C': 100, 'gamma': 0.0001, 'kernel': 'rbf'}",0.546260809937896,0.1320478325028779,0.1252705426619385,0.26257436305428006,0.5626352713309692,0.13128718152714,0.5360490396954762,0.09062980030721968,0.5453149001536098,0.5453149001536098,"{0: 0.5477971972694732, 1: 0.5477971972694732}","{0: 0.5477971972694732, 1: 0.5477971972694732}",0.5477971972694732,"[[447 204]
 [388 263]]",[0. 1. 1. ... 0. 0. 0.],[0. 1. 1. ... 1. 0. 0.]
800,SVC,"{'C': 100, 'gamma': 0.0001, 'kernel': 'rbf'}",0.5466272662142938,0.1273615031224239,0.12526981666121248,0.2532697842373045,0.5626349083306061,0.12663489211865225,0.5364552887772702,0.09062980030721968,0.5453149001536098,0.5453149001536098,"{0: 0.5498052151835413, 1: 0.5498052151835413}","{0: 0.5498052151835413, 1: 0.5498052151835413}",0.5498052151835413,"[[445 206]
 [386 265]]",[0. 1. 1. ... 0. 0. 0.],[0. 1. 1. ... 1. 0. 0.]
795,SVC,"{'C': 100, 'gamma': 0.0001, 'kernel': 'rbf'}",0.5477401374904229,0.1284926571110368,0.12519117758257342,0.2559284476543532,0.5625955887912868,0.12796422382717662,0.5369285347999628,0.08909370199692779,0.5445468509984639,0.5445468509984639,"{0: 0.5521742515944983, 1: 0.5521742515944984}","{0: 0.5521742515944983, 1: 0.5521742515944984}",0.5521742515944984,"[[438 213]
 [380 271]]",[0. 1. 1. ... 0. 0. 0.],[0. 1. 1. ... 1. 0. 0.]
950,SVC,"{'C': 100, 'gamma': 0.0001, 'kernel': 'rbf'}",0.5477986437728007,0.1282409265313859,0.12500857141610955,0.2545718180391522,0.5625042857080548,0.1272859090195761,0.5360544217687075,0.0875576036866359,0.543778801843318,0.543778801843318,"{0: 0.5543757565461148, 1: 0.5543757565461147}","{0: 0.5543757565461148, 1: 0.5543757565461147}",0.5543757565461147,"[[438 213]
 [381 270]]",[0. 1. 1. ... 0. 0. 0.],[0. 1. 1. ... 1. 0. 0.]
472,SVC,"{'C': 100, 'gamma': 0.0001, 'kernel': 'rbf'}",0.5478041378939966,0.12840977295331266,0.12496651074614189,0.25674823693386783,0.562483255373071,0.12837411846693392,0.537294854776509,0.08909370199692779,0.5445468509984639,0.5445468509984639,"{0: 0.5527287571289355, 1: 0.5527287571289354}","{0: 0.5527287571289355, 1: 0.5527287571289354}",0.5527287571289354,"[[436 215]
 [378 273]]",[0. 1. 1. ... 0. 0. 0.],[0. 1. 1. ... 1. 0. 0.]
965,SVC,"{'C': 100, 'gamma': 0.0001, 'kernel': 'rbf'}",0.5477357564702651,0.12735185163431986,0.12488495707635291,0.25377698142826177,0.5624424785381765,0.12688849071413089,0.537294854776509,0.08909370199692779,0.5445468509984639,0.5445468509984639,"{0: 0.555447014046687, 1: 0.5554470140466871}","{0: 0.555447014046687, 1: 0.5554470140466871}",0.5554470140466871,"[[436 215]
 [378 273]]",[0. 1. 1. ... 0. 0. 0.],[0. 1. 1. ... 1. 0. 0.]
233,SVC,"{'C': 100, 'gamma': 0.0001, 'kernel': 'rbf'}",0.5476994736614393,0.1278124407276007,0.12468098250686108,0.25347426029739356,0.5623404912534304,0.12673713014869678,0.537294854776509,0.08909370199692779,0.5445468509984639,0.5445468509984639,"{0: 0.5543498009679071, 1: 0.5543498009679071}","{0: 0.5543498009679071, 1: 0.5543498009679071}",0.5543498009679071,"[[436 215]
 [378 273]]",[0. 1. 1. ... 0. 0. 0.],[0. 1. 1. ... 1. 0. 0.]
988,SVC,"{'C': 100, 'gamma': 0.0001, 'kernel': 'rbf'}",0.5454687283198004,0.12848649626204137,0.12451191697746726,0.25264400624073297,0.5622559584887337,0.12632200312036648,0.5366548042704625,0.09062980030721968,0.5453149001536098,0.5453149001536098,"{0: 0.5533953435692696, 1: 0.5533953435692696}","{0: 0.5533953435692696, 1: 0.5533953435692696}",0.5533953435692696,"[[444 207]
 [385 266]]",[0. 1. 1. ... 0. 0. 0.],[0. 1. 1. ... 1. 0. 0.]
793,SVC,"{'C': 100, 'gamma': 0.0001, 'kernel': 'rbf'}",0.5479044891708137,0.1257635565552451,0.12436953256092838,0.25110423147717575,0.5621847662804642,0.12555211573858788,0.53660483175151,0.0875576036866359,0.543778801843318,0.543778801843318,"{0: 0.5548618337380045, 1: 0.5548618337380044}","{0: 0.5548618337380045, 1: 0.5548618337380044}",0.5548618337380044,"[[435 216]
 [378 273]]",[0. 1. 1. ... 0. 0. 0.],[0. 1. 1. ... 1. 0. 0.]
558,SVC,"{'C': 100, 'gamma': 0.0001, 'kernel': 'rbf'}",0.5458644838569005,0.11106698119473828,0.12427921141340643,0.22350719875628877,0.5621396057067032,0.11175359937814439,0.5415459900927037,0.09984639016897079,0.5499231950844854,0.5499231950844854,"{0: 0.5505744441376967, 1: 0.5505744441376967}","{0: 0.5505744441376967, 1: 0.5505744441376967}",0.5505744441376967,"[[446 205]
 [381 270]]",[0. 1. 1. ... 0. 0. 0.],[0. 1. 1. ... 1. 0. 0.]
203,SVC,"{'C': 100, 'gamma': 0.0001, 'kernel': 'rbf'}",0.5464585280067563,0.11151798420193124,0.12415797294936876,0.22206805379901565,0.5620789864746844,0.11103402689950782,0.5379249673477354,0.09216589861751157,0.5460829493087558,0.5460829493087558,"{0: 0.5518545260629399, 1: 0.5518545260629399}","{0: 0.5518545260629399, 1: 0.5518545260629399}",0.5518545260629399,"[[442 209]
 [382 269]]",[0. 1. 1. ... 0. 0. 0.],[0. 1. 1. ... 1. 0. 0.]
242,SVC,"{'C': 100, 'gamma': 0.0001, 'kernel': 'rbf'}",0.5469333314226841,0.12688299037448353,0.12384774323913905,0.2527007065150921,0.5619238716195696,0.12635035325754604,0.5367418217338686,0.08909370199692779,0.5445468509984639,0.5445468509984639,"{0: 0.5563507400879186, 1: 0.5563507400879186}","{0: 0.5563507400879186, 1: 0.5563507400879186}",0.5563507400879186,"[[439 212]
 [381 270]]",[0. 1. 1. ... 0. 0. 0.],[0. 1. 1. ... 1. 0. 0.]
404,SVC,"{'C': 100, 'gamma': 0.0001, 'kernel': 'rbf'}",0.5462431563609527,0.1308730403658388,0.12377971138724948,0.26007870133204936,0.5618898556936248,0.13003935066602468,0.5356756042794876,0.0875576036866359,0.543778801843318,0.543778801843318,"{0: 0.5518321098817606, 1: 0.5518321098817606}","{0: 0.5518321098817606, 1: 0.5518321098817606}",0.5518321098817606,"[[440 211]
 [383 268]]",[0. 1. 1. ... 0. 0. 0.],[0. 1. 1. ... 1. 0. 0.]
857,SVC,"{'C': 100, 'gamma': 0.0001, 'kernel': 'rbf'}",0.54761467145518,0.12875726644253166,0.1236786078700037,0.25687771070143867,0.5618393039350019,0.12843885535071933,0.5379845927730371,0.09062980030721968,0.5453149001536098,0.5453149001536098,"{0: 0.5552157734408367, 1: 0.5552157734408366}","{0: 0.5552157734408367, 1: 0.5552157734408366}",0.5552157734408366,"[[437 214]
 [378 273]]",[0. 1. 1. ... 0. 0. 0.],[0. 1. 1. ... 1. 0. 0.]
741,SVC,"{'C': 100, 'gamma': 0.0001, 'kernel': 'rbf'}",0.5466586040119232,0.12731475870811704,0.1236080535876847,0.25351633484975855,0.5618040267938423,0.1267581674248793,0.5359145213843309,0.08602150537634412,0.543010752688172,0.543010752688172,"{0: 0.5531464059782776, 1: 0.5531464059782776}","{0: 0.5531464059782776, 1: 0.5531464059782776}",0.5531464059782776,"[[434 217]
 [378 273]]",[0. 1. 1. ... 0. 0. 0.],[0. 1. 1. ... 1. 0. 0.]
260,SVC,"{'C': 100, 'gamma': 0.0001, 'kernel': 'rbf'}",0.5449962274183264,0.13159232069646076,0.12348890622310123,0.2603255931613836,0.5617444531115506,0.1301627965806918,0.5348892593474637,0.0875576036866359,0.543778801843318,0.5437788018433181,"{0: 0.550508375393168, 1: 0.550508375393168}","{0: 0.550508375393168, 1: 0.550508375393168}",0.550508375393168,"[[444 207]
 [387 264]]",[0. 1. 1. ... 0. 0. 0.],[0. 1. 1. ... 1. 0. 0.]
614,SVC,"{'C': 100, 'gamma': 0.0001, 'kernel': 'rbf'}",0.5453009027666051,0.13029767321163482,0.12336895934859048,0.25823305946670866,0.5616844796742952,0.12911652973335433,0.5350894488794844,0.0875576036866359,0.543778801843318,0.543778801843318,"{0: 0.5494052633193409, 1: 0.5494052633193409}","{0: 0.5494052633193409, 1: 0.5494052633193409}",0.5494052633193409,"[[443 208]
 [386 265]]",[0. 1. 1. ... 0. 0. 0.],[0. 1. 1. ... 1. 0. 0.]
787,SVC,"{'C': 100, 'gamma': 0.0001, 'kernel': 'rbf'}",0.5465037280551218,0.12797618473971412,0.12308331490261772,0.25541031396910807,0.5615416574513089,0.12770515698455404,0.5371128773203979,0.08909370199692779,0.5445468509984639,0.5445468509984639,"{0: 0.552797185471483, 1: 0.552797185471483}","{0: 0.552797185471483, 1: 0.552797185471483}",0.552797185471483,"[[437 214]
 [379 272]]",[0. 1. 1. ... 0. 0. 0.],[0. 1. 1. ... 1. 0. 0.]
855,SVC,"{'C': 100, 'gamma': 0.0001, 'kernel': 'rbf'}",0.5476312767749267,0.13160569789972185,0.12304032919724227,0.2634529287498101,0.5615201645986211,0.13172646437490504,0.5357477887965693,0.08448540706605223,0.5422427035330261,0.5422427035330261,"{0: 0.5509248444435006, 1: 0.5509248444435006}","{0: 0.5509248444435006, 1: 0.5509248444435006}",0.5509248444435006,"[[430 221]
 [375 276]]",[0. 1. 1. ... 0. 0. 0.],[0. 1. 1. ... 1. 0. 0.]
330,SVC,"{'C': 100, 'gamma': 0.0001, 'kernel': 'rbf'}",0.5458156971843636,0.12854047613639696,0.12300343460659516,0.25646524050941594,0.5615017173032976,0.12823262025470797,0.5375361730899256,0.09216589861751157,0.5460829493087558,0.5460829493087558,"{0: 0.5502181448368456, 1: 0.5502181448368455}","{0: 0.5502181448368456, 1: 0.5502181448368455}",0.5502181448368455,"[[444 207]
 [384 267]]",[0. 1. 1. ... 0. 0. 0.],[0. 1. 1. ... 1. 0. 0.]
883,SVC,"{'C': 100, 'gamma': 0.0001, 'kernel': 'rbf'}",0.5452929977520871,0.11111238931645649,0.12277108003663027,0.21981273808594712,0.5613855400183152,0.10990636904297356,0.5419765257231209,0.09831029185867901,0.5491551459293394,0.5491551459293394,"{0: 0.5522356011429893, 1: 0.5522356011429893}","{0: 0.5522356011429893, 1: 0.5522356011429893}",0.5522356011429893,"[[439 212]
 [375 276]]",[0. 1. 1. ... 0. 0. 0.],[0. 1. 1. ... 1. 0. 0.]
271,SVC,"{'C': 100, 'gamma': 0.0001, 'kernel': 'rbf'}",0.5454814010180005,0.1274410438638688,0.12259966720282774,0.2545409343799911,0.5612998336014139,0.12727046718999555,0.5379249673477354,0.09216589861751157,0.5460829493087558,0.5460829493087558,"{0: 0.5517448047550619, 1: 0.5517448047550619}","{0: 0.5517448047550619, 1: 0.5517448047550619}",0.5517448047550619,"[[442 209]
 [382 269]]",[0. 1. 1. ... 0. 0. 0.],[0. 1. 1. ... 1. 0. 0.]
168,SVC,"{'C': 10, 'gamma': 0.01, 'kernel': 'rbf'}",0.5464057460104614,0.11777521197746726,0.12257056937388087,0.23585625628094686,0.5612852846869404,0.11792812814047343,0.5462853324231935,0.10445468509984634,0.5522273425499232,0.5522273425499231,"{0: 0.542365402630008, 1: 0.542365402630008}","{0: 0.542365402630008, 1: 0.542365402630008}",0.542365402630008,"[[434 217]
 [366 285]]",[0. 1. 1. ... 0. 0. 0.],[0. 1. 1. ... 1. 0. 0.]
919,SVC,"{'C': 100, 'gamma': 0.0001, 'kernel': 'rbf'}",0.5463370564375445,0.1112154671385898,0.12255177515493568,0.222456906930273,0.5612758875774678,0.11122845346513652,0.5379845927730371,0.09062980030721968,0.5453149001536098,0.5453149001536098,"{0: 0.5530284260773334, 1: 0.5530284260773335}","{0: 0.5530284260773334, 1: 0.5530284260773335}",0.5530284260773335,"[[437 214]
 [378 273]]",[0. 1. 1. ... 0. 0. 0.],[0. 1. 1. ... 1. 0. 0.]
973,SVC,"{'C': 100, 'gamma': 0.0001, 'kernel': 'rbf'}",0.5458215223074648,0.12870024706530353,0.12253851651814764,0.2572027122092056,0.5612692582590738,0.12860135610460283,0.5351793995474736,0.08602150537634412,0.543010752688172,0.543010752688172,"{0: 0.5528868501962005, 1: 0.5528868501962005}","{0: 0.5528868501962005, 1: 0.5528868501962005}",0.5528868501962005,"[[438 213]
 [382 269]]",[0. 1. 1. ... 0. 0. 0.],[0. 1. 1. ... 1. 0. 0.]
240,SVC,"{'C': 100, 'gamma': 0.0001, 'kernel': 'rbf'}",0.5449221812135009,0.1278017730500503,0.12250863790003372,0.2540156878970578,0.5612543189500169,0.1270078439485289,0.5346030437726296,0.08602150537634412,0.543010752688172,0.543010752688172,"{0: 0.5515654753056269, 1: 0.5515654753056269}","{0: 0.5515654753056269, 1: 0.5515654753056269}",0.5515654753056269,"[[441 210]
 [385 266]]",[0. 1. 1. ... 0. 0. 0.],[0. 1. 1. ... 1. 0. 0.]
633,SVC,"{'C': 100, 'gamma': 0.0001, 'kernel': 'rbf'}",0.5457937763530477,0.1274175466025543,0.1223676481708087,0.25430223453650114,0.5611838240854043,0.12715111726825057,0.5364237299107838,0.0875576036866359,0.543778801843318,0.543778801843318,"{0: 0.5504541046387338, 1: 0.5504541046387337}","{0: 0.5504541046387338, 1: 0.5504541046387337}",0.5504541046387337,"[[436 215]
 [379 272]]",[0. 1. 1. ... 0. 0. 0.],[0. 1. 1. ... 1. 0. 0.]
782,SVC,"{'C': 100, 'gamma': 0.0001, 'kernel': 'rbf'}",0.5442118517014127,0.126946982565612,0.12227312446452028,0.25238760259155624,0.5611365622322602,0.12619380129577812,0.53584229390681,0.09062980030721968,0.5453149001536098,0.5453149001536098,"{0: 0.5538590045799798, 1: 0.5538590045799798}","{0: 0.5538590045799798, 1: 0.5538590045799798}",0.5538590045799798,"[[448 203]
 [389 262]]",[0. 1. 1. ... 0. 0. 0.],[0. 1. 1. ... 1. 0. 0.]
192,SVC,"{'C': 100, 'gamma': 0.0001, 'kernel': 'rbf'}",0.5449137177118086,0.12855462481893123,0.12212491972808025,0.2565915303521013,0.5610624598640402,0.12829576517605065,0.5384903272626949,0.09216589861751157,0.5460829493087558,0.5460829493087558,"{0: 0.5547226174548904, 1: 0.5547226174548904}","{0: 0.5547226174548904, 1: 0.5547226174548904}",0.5547226174548904,"[[439 212]
 [379 272]]",[0. 1. 1. ... 0. 0. 0.],[0. 1. 1. ... 1. 0. 0.]
812,SVC,"{'C': 100, 'gamma': 0.0001, 'kernel': 'rbf'}",0.5458695746762136,0.1291977812332516,0.1220545958180847,0.2578341671450757,0.5610272979090424,0.12891708357253784,0.5351793995474736,0.08602150537634412,0.543010752688172,0.543010752688172,"{0: 0.5522757143093102, 1: 0.5522757143093103}","{0: 0.5522757143093102, 1: 0.5522757143093103}",0.5522757143093103,"[[438 213]
 [382 269]]",[0. 1. 1. ... 0. 0. 0.],[0. 1. 1. ... 1. 0. 0.]
585,SVC,"{'C': 100, 'gamma': 0.0001, 'kernel': 'rbf'}",0.5461353135370778,0.12776002539274847,0.12185620221311527,0.2550063355765744,0.5609281011065577,0.1275031677882872,0.5357342977943048,0.08602150537634412,0.543010752688172,0.543010752688172,"{0: 0.5512115356027947, 1: 0.5512115356027947}","{0: 0.5512115356027947, 1: 0.5512115356027947}",0.5512115356027947,"[[435 216]
 [379 272]]",[0. 1. 1. ... 0. 0. 0.],[0. 1. 1. ... 1. 0. 0.]
588,SVC,"{'C': 100, 'gamma': 0.0001, 'kernel': 'rbf'}",0.5453005258537927,0.12782338541187976,0.12179437177400289,0.25449751282019817,0.5608971858870015,0.12724875641009908,0.534173740812101,0.08294930875576034,0.5414746543778802,0.5414746543778801,"{0: 0.5531605635663908, 1: 0.5531605635663908}","{0: 0.5531605635663908, 1: 0.5531605635663908}",0.5531605635663908,"[[434 217]
 [380 271]]",[0. 1. 1. ... 0. 0. 0.],[0. 1. 1. ... 1. 0. 0.]
769,SVC,"{'C': 100, 'gamma': 0.0001, 'kernel': 'rbf'}",0.546672218088129,0.11172027029504213,0.12179409116714651,0.22455159998970117,0.5608970455835732,0.11227579999485059,0.5385190152313439,0.09062980030721968,0.5453149001536098,0.5453149001536098,"{0: 0.5549762742419202, 1: 0.5549762742419201}","{0: 0.5549762742419202, 1: 0.5549762742419201}",0.5549762742419201,"[[434 217]
 [375 276]]",[0. 1. 1. ... 0. 0. 0.],[0. 1. 1. ... 1. 0. 0.]
802,SVC,"{'C': 100, 'gamma': 0.0001, 'kernel': 'rbf'}",0.5453793411089005,0.1311888032941051,0.1217790433822039,0.2620696062758767,0.560889521691102,0.13103480313793836,0.5342068095550467,0.08602150537634412,0.543010752688172,0.543010752688172,"{0: 0.5536348427681861, 1: 0.553634842768186}","{0: 0.5536348427681861, 1: 0.553634842768186}",0.553634842768186,"[[443 208]
 [387 264]]",[0. 1. 1. ... 0. 0. 0.],[0. 1. 1. ... 1. 0. 0.]
714,SVC,"{'C': 100, 'gamma': 0.0001, 'kernel': 'rbf'}",0.5453874383333335,0.1079122949144811,0.12160647339786919,0.2163372937538692,0.5608032366989346,0.10816864687693462,0.5372389860832603,0.09062980030721968,0.5453149001536098,0.5453149001536098,"{0: 0.5552440886170632, 1: 0.5552440886170632}","{0: 0.5552440886170632, 1: 0.5552440886170632}",0.5552440886170632,"[[441 210]
 [382 269]]",[0. 1. 1. ... 0. 0. 0.],[0. 1. 1. ... 1. 0. 0.]
917,SVC,"{'C': 100, 'gamma': 0.0001, 'kernel': 'rbf'}",0.5460509564049745,0.1268426346695572,0.12153078629427512,0.25277235189353536,0.5607653931471376,0.1263861759467677,0.5346787811336684,0.08448540706605223,0.5422427035330261,0.5422427035330262,"{0: 0.5524220093864809, 1: 0.5524220093864809}","{0: 0.5524220093864809, 1: 0.5524220093864809}",0.5524220093864809,"[[436 215]
 [381 270]]",[0. 1. 1. ... 0. 0. 0.],[0. 1. 1. ... 1. 0. 0.]
461,SVC,"{'C': 100, 'gamma': 0.0001, 'kernel': 'rbf'}",0.545241696899062,0.12690859316462297,0.12152264350227462,0.2527783110198892,0.5607613217511374,0.1263891555099446,0.5369285347999628,0.08909370199692779,0.5445468509984639,0.5445468509984639,"{0: 0.5507950665524621, 1: 0.5507950665524621}","{0: 0.5507950665524621, 1: 0.5507950665524621}",0.5507950665524621,"[[438 213]
 [380 271]]",[0. 1. 1. ... 0. 0. 0.],[0. 1. 1. ... 1. 0. 0.]
315,SVC,"{'C': 100, 'gamma': 0.0001, 'kernel': 'rbf'}",0.5462760188757004,0.122431755027917,0.12149780827743939,0.24355174969577137,0.5607489041387197,0.12177587484788568,0.5346787811336684,0.08448540706605223,0.5422427035330261,0.5422427035330262,"{0: 0.5555154423892346, 1: 0.5555154423892346}","{0: 0.5555154423892346, 1: 0.5555154423892346}",0.5555154423892346,"[[436 215]
 [381 270]]",[0. 1. 1. ... 0. 0. 0.],[0. 1. 1. ... 1. 0. 0.]
373,SVC,"{'C': 100, 'gamma': 0.0001, 'kernel': 'rbf'}",0.5453084280698378,0.1147391837121099,0.12140841725124947,0.2290437678057448,0.5607042086256248,0.11452188390287242,0.5374289445383316,0.09062980030721968,0.5453149001536098,0.5453149001536098,"{0: 0.5537764186493188, 1: 0.5537764186493189}","{0: 0.5537764186493188, 1: 0.5537764186493189}",0.5537764186493189,"[[440 211]
 [381 270]]",[0. 1. 1. ... 0. 0. 0.],[0. 1. 1. ... 1. 0. 0.]
263,SVC,"{'C': 100, 'gamma': 0.0001, 'kernel': 'rbf'}",0.5448258609595796,0.13037800526130192,0.12117937699349085,0.2581631971094884,0.5605896884967454,0.1290815985547442,0.5346030437726296,0.08602150537634412,0.543010752688172,0.543010752688172,"{0: 0.5547332356459753, 1: 0.5547332356459753}","{0: 0.5547332356459753, 1: 0.5547332356459753}",0.5547332356459753,"[[441 210]
 [385 266]]",[0. 1. 1. ... 0. 0. 0.],[0. 1. 1. ... 1. 0. 0.]
908,SVC,"{'C': 100, 'gamma': 0.0001, 'kernel': 'rbf'}",0.5464734597668864,0.11304875999308937,0.12107184985148095,0.22735580461262608,0.5605359249257404,0.11367790230631304,0.5395574022890426,0.09216589861751157,0.5460829493087558,0.5460829493087558,"{0: 0.5552063350487612, 1: 0.555206335048761}","{0: 0.5552063350487612, 1: 0.555206335048761}",0.555206335048761,"[[433 218]
 [373 278]]",[0. 1. 1. ... 0. 0. 0.],[0. 1. 1. ... 1. 0. 0.]
851,SVC,"{'C': 100, 'gamma': 0.0001, 'kernel': 'rbf'}",0.5450067237387085,0.11157842829649017,0.12101129264893597,0.22189756434443955,0.560505646324468,0.11094878217221978,0.5372389860832603,0.09062980030721968,0.5453149001536098,0.5453149001536098,"{0: 0.5540701886026697, 1: 0.5540701886026697}","{0: 0.5540701886026697, 1: 0.5540701886026697}",0.5540701886026697,"[[441 210]
 [382 269]]",[0. 1. 1. ... 0. 0. 0.],[0. 1. 1. ... 1. 0. 0.]
687,SVC,"{'C': 100, 'gamma': 0.0001, 'kernel': 'rbf'}",0.5452444223160157,0.1267911016741852,0.120847590450751,0.2531598657138554,0.5604237952253756,0.1265799328569277,0.5346787811336684,0.08448540706605223,0.5422427035330261,0.5422427035330262,"{0: 0.5537245074929035, 1: 0.5537245074929036}","{0: 0.5537245074929035, 1: 0.5537245074929036}",0.5537245074929036,"[[436 215]
 [381 270]]",[0. 1. 1. ... 0. 0. 0.],[0. 1. 1. ... 1. 0. 0.]
693,SVC,"{'C': 100, 'gamma': 0.0001, 'kernel': 'rbf'}",0.5455275934396814,0.1306839208904655,0.12084411288613374,0.25926730374593465,0.5604220564430669,0.12963365187296733,0.534173740812101,0.08294930875576034,0.5414746543778802,0.5414746543778801,"{0: 0.5507679311752449, 1: 0.550767931175245}","{0: 0.5507679311752449, 1: 0.550767931175245}",0.550767931175245,"[[434 217]
 [380 271]]",[0. 1. 1. ... 0. 0. 0.],[0. 1. 1. ... 1. 0. 0.]
228,SVC,"{'C': 100, 'gamma': 0.0001, 'kernel': 'rbf'}",0.545391815261398,0.1095518967299028,0.12051196790336373,0.21943082707359596,0.5602559839516819,0.10971541353679798,0.5381157924875882,0.09216589861751157,0.5460829493087558,0.5460829493087558,"{0: 0.5555343191733856, 1: 0.5555343191733856}","{0: 0.5555343191733856, 1: 0.5555343191733856}",0.5555343191733856,"[[441 210]
 [381 270]]",[0. 1. 1. ... 0. 0. 0.],[0. 1. 1. ... 1. 0. 0.]
654,SVC,"{'C': 100, 'gamma': 0.0001, 'kernel': 'rbf'}",0.5428388429396511,0.12711998537749913,0.12036052396806206,0.25262604854377924,0.560180261984031,0.12631302427188962,0.5349537866627314,0.08909370199692779,0.5445468509984639,0.5445468509984639,"{0: 0.5505366905693946, 1: 0.5505366905693946}","{0: 0.5505366905693946, 1: 0.5505366905693946}",0.5505366905693946,"[[448 203]
 [390 261]]",[0. 1. 1. ... 0. 0. 0.],[0. 1. 1. ... 1. 0. 0.]
253,SVC,"{'C': 100, 'gamma': 0.0001, 'kernel': 'rbf'}",0.5439357251765825,0.1300290416723627,0.12035754716070772,0.25897377849423475,0.5601787735803538,0.1294868892471174,0.5350894488794844,0.0875576036866359,0.543778801843318,0.543778801843318,"{0: 0.5509224848454817, 1: 0.5509224848454818}","{0: 0.5509224848454817, 1: 0.5509224848454818}",0.5509224848454818,"[[443 208]
 [386 265]]",[0. 1. 1. ... 0. 0. 0.],[0. 1. 1. ... 1. 0. 0.]
819,SVC,"{'C': 100, 'gamma': 0.0001, 'kernel': 'rbf'}",0.5451340930947627,0.12777445050939862,0.12028881404572711,0.25566605864621245,0.5601444070228636,0.12783302932310625,0.5360923827026756,0.08602150537634412,0.543010752688172,0.543010752688172,"{0: 0.5485428302434396, 1: 0.5485428302434397}","{0: 0.5485428302434396, 1: 0.5485428302434397}",0.5485428302434397,"[[433 218]
 [377 274]]",[0. 1. 1. ... 0. 0. 0.],[0. 1. 1. ... 1. 0. 0.]
764,SVC,"{'C': 100, 'gamma': 0.0001, 'kernel': 'rbf'}",0.5447328619762528,0.1108589296493529,0.12028314651421403,0.2226391944785386,0.560141573257107,0.1113195972392693,0.5388023678870331,0.09370199692780334,0.5468509984639017,0.5468509984639016,"{0: 0.5522143647608193, 1: 0.5522143647608194}","{0: 0.5522143647608193, 1: 0.5522143647608194}",0.5522143647608194,"[[442 209]
 [381 270]]",[0. 1. 1. ... 0. 0. 0.],[0. 1. 1. ... 1. 0. 0.]
133,SVC,"{'C': 100, 'gamma': 0.001, 'kernel': 'rbf'}",0.543013928445797,0.12337397693441848,0.120244388713675,0.2461364991117242,0.5601221943568375,0.1230682495558621,0.5384166111854866,0.09370199692780334,0.5468509984639017,0.5468509984639017,"{0: 0.5407844719573573, 1: 0.5407844719573573}","{0: 0.5407844719573573, 1: 0.5407844719573573}",0.5407844719573573,"[[444 207]
 [383 268]]",[0. 1. 1. ... 0. 0. 0.],[0. 1. 1. ... 1. 0. 0.]
156,SVC,"{'C': 100, 'gamma': 0.001, 'kernel': 'rbf'}",0.5438181511553472,0.12430035858163982,0.12005227048707404,0.24973201305899126,0.5600261352435371,0.12486600652949563,0.5382201596614408,0.09370199692780334,0.5468509984639017,0.5468509984639016,"{0: 0.5390832017857438, 1: 0.5390832017857439}","{0: 0.5390832017857438, 1: 0.5390832017857439}",0.5390832017857439,"[[445 206]
 [384 267]]",[0. 1. 1. ... 0. 0. 1.],[0. 1. 1. ... 1. 0. 0.]
578,SVC,"{'C': 100, 'gamma': 0.0001, 'kernel': 'rbf'}",0.5450242302804077,0.11222910333166265,0.12004220046150327,0.22363053841214495,0.5600211002307517,0.11181526920607247,0.5360544217687075,0.0875576036866359,0.543778801843318,0.543778801843318,"{0: 0.5559118548564067, 1: 0.5559118548564066}","{0: 0.5559118548564067, 1: 0.5559118548564066}",0.5559118548564066,"[[438 213]
 [381 270]]",[0. 1. 1. ... 0. 0. 0.],[0. 1. 1. ... 1. 0. 0.]
197,SVC,"{'C': 100, 'gamma': 0.0001, 'kernel': 'rbf'}",0.5441585950677679,0.11098746337572996,0.1199821441573977,0.22147626271589127,0.5599910720786988,0.11073813135794564,0.5369350339859723,0.09216589861751157,0.5460829493087558,0.5460829493087558,"{0: 0.5553384725378184, 1: 0.5553384725378184}","{0: 0.5553384725378184, 1: 0.5553384725378184}",0.5553384725378184,"[[447 204]
 [387 264]]",[0. 1. 1. ... 0. 0. 0.],[0. 1. 1. ... 1. 0. 0.]
933,SVC,"{'C': 100, 'gamma': 0.0001, 'kernel': 'rbf'}",0.5443897453298878,0.12923653271302424,0.11994000576588433,0.25615876942403015,0.5599700028829422,0.12807938471201508,0.5327407243816255,0.08141321044546856,0.5407066052227343,0.5407066052227343,"{0: 0.5519217746064781, 1: 0.5519217746064781}","{0: 0.5519217746064781, 1: 0.5519217746064781}",0.5519217746064781,"[[437 214]
 [384 267]]",[0. 1. 1. ... 0. 0. 0.],[0. 1. 1. ... 1. 0. 0.]
96,SVC,"{'C': 100, 'gamma': 0.001, 'kernel': 'rbf'}",0.5438594406654833,0.12283393286331883,0.11993436378612095,0.24797506776064612,0.5599671818930605,0.12398753388032306,0.5387707397009386,0.09677419354838712,0.5483870967741935,0.5483870967741935,"{0: 0.5432797468623245, 1: 0.5432797468623245}","{0: 0.5432797468623245, 1: 0.5432797468623245}",0.5432797468623245,"[[451 200]
 [388 263]]",[0. 1. 1. ... 0. 0. 0.],[0. 1. 1. ... 1. 0. 0.]
213,SVC,"{'C': 100, 'gamma': 0.0001, 'kernel': 'rbf'}",0.5445512719776239,0.1307361271092657,0.11984743903883485,0.26082235042578816,0.5599237195194174,0.13041117521289408,0.5351793995474736,0.08602150537634412,0.543010752688172,0.543010752688172,"{0: 0.5559684852088598, 1: 0.5559684852088598}","{0: 0.5559684852088598, 1: 0.5559684852088598}",0.5559684852088598,"[[438 213]
 [382 269]]",[0. 1. 1. ... 0. 0. 0.],[0. 1. 1. ... 1. 0. 0.]
407,SVC,"{'C': 100, 'gamma': 0.0001, 'kernel': 'rbf'}",0.5454848191483669,0.10863963385038726,0.11982553561035565,0.21796406951671718,0.5599127678051778,0.10898203475835862,0.5381650848432556,0.09062980030721968,0.5453149001536098,0.5453149001536098,"{0: 0.5507443351950563, 1: 0.5507443351950562}","{0: 0.5507443351950563, 1: 0.5507443351950562}",0.5507443351950562,"[[436 215]
 [377 274]]",[0. 1. 1. ... 0. 0. 0.],[0. 1. 1. ... 1. 0. 0.]
699,SVC,"{'C': 100, 'gamma': 0.0001, 'kernel': 'rbf'}",0.5452631341478754,0.1130464174939923,0.11976398717152527,0.22717749359203113,0.5598819935857626,0.11358874679601558,0.53660483175151,0.0875576036866359,0.543778801843318,0.543778801843318,"{0: 0.5529340421565782, 1: 0.5529340421565783}","{0: 0.5529340421565782, 1: 0.5529340421565783}",0.5529340421565783,"[[435 216]
 [378 273]]",[0. 1. 1. ... 0. 0. 0.],[0. 1. 1. ... 1. 0. 0.]
996,SVC,"{'C': 100, 'gamma': 0.0001, 'kernel': 'rbf'}",0.5446713019990748,0.11085840553219513,0.11973070871033982,0.22151767087276214,0.5598653543551699,0.11075883543638107,0.536783572631594,0.0875576036866359,0.543778801843318,0.543778801843318,"{0: 0.5509401818306234, 1: 0.5509401818306233}","{0: 0.5509401818306234, 1: 0.5509401818306233}",0.5509401818306233,"[[434 217]
 [377 274]]",[0. 1. 1. ... 0. 0. 0.],[0. 1. 1. ... 1. 0. 0.]
734,SVC,"{'C': 100, 'gamma': 0.0001, 'kernel': 'rbf'}",0.5437354388328837,0.11228365290549287,0.11963121406228158,0.2237164545634063,0.5598156070311409,0.11185822728170315,0.5358662044860961,0.0875576036866359,0.543778801843318,0.543778801843318,"{0: 0.552679205570539, 1: 0.552679205570539}","{0: 0.552679205570539, 1: 0.552679205570539}",0.552679205570539,"[[439 212]
 [382 269]]",[0. 1. 1. ... 0. 0. 0.],[0. 1. 1. ... 1. 0. 0.]
261,SVC,"{'C': 100, 'gamma': 0.0001, 'kernel': 'rbf'}",0.5442692850865734,0.12943307968109513,0.11955154977742836,0.25722784729075954,0.5597757748887142,0.12861392364537974,0.5334266127158886,0.08294930875576034,0.5414746543778802,0.5414746543778801,"{0: 0.5549868924330051, 1: 0.5549868924330051}","{0: 0.5549868924330051, 1: 0.5549868924330051}",0.5549868924330051,"[[438 213]
 [384 267]]",[0. 1. 1. ... 0. 0. 0.],[0. 1. 1. ... 1. 0. 0.]
871,SVC,"{'C': 100, 'gamma': 0.0001, 'kernel': 'rbf'}",0.5447776180857286,0.12732934386836037,0.11945850302199186,0.2540276957961957,0.559729251510996,0.12701384789809786,0.5329302091206853,0.08141321044546856,0.5407066052227343,0.5407066052227343,"{0: 0.5528066238635586, 1: 0.5528066238635586}","{0: 0.5528066238635586, 1: 0.5528066238635586}",0.5528066238635586,"[[436 215]
 [383 268]]",[0. 1. 1. ... 0. 0. 0.],[0. 1. 1. ... 1. 0. 0.]
879,SVC,"{'C': 100, 'gamma': 0.0001, 'kernel': 'rbf'}",0.5447510746902378,0.1294267590379516,0.11944297422260534,0.25725610787735953,0.5597214871113028,0.12862805393867977,0.5371339926313748,0.0875576036866359,0.543778801843318,0.543778801843318,"{0: 0.5531239897970981, 1: 0.5531239897970982}","{0: 0.5531239897970981, 1: 0.5531239897970982}",0.5531239897970982,"[[432 219]
 [375 276]]",[0. 1. 1. ... 0. 0. 0.],[0. 1. 1. ... 1. 0. 0.]
239,SVC,"{'C': 100, 'gamma': 0.0001, 'kernel': 'rbf'}",0.5425857045683583,0.12703363427725947,0.11927357345978035,0.2524523672136361,0.5596367867298901,0.1262261836068181,0.532959993923036,0.08602150537634412,0.543010752688172,0.543010752688172,"{0: 0.5503762379041106, 1: 0.5503762379041106}","{0: 0.5503762379041106, 1: 0.5503762379041106}",0.5503762379041106,"[[449 202]
 [393 258]]",[0. 1. 1. ... 0. 0. 0.],[0. 1. 1. ... 1. 0. 0.]
493,SVC,"{'C': 100, 'gamma': 0.0001, 'kernel': 'rbf'}",0.5441225534359518,0.1147518631450461,0.11913892533032115,0.22908410781313962,0.5595694626651606,0.11454205390656981,0.5396788524114882,0.09523809523809523,0.5476190476190477,0.5476190476190477,"{0: 0.5542589564441802, 1: 0.5542589564441802}","{0: 0.5542589564441802, 1: 0.5542589564441802}",0.5542589564441802,"[[442 209]
 [380 271]]",[0. 1. 1. ... 0. 0. 0.],[0. 1. 1. ... 1. 0. 0.]
591,SVC,"{'C': 100, 'gamma': 0.0001, 'kernel': 'rbf'}",0.5446477601876555,0.12971522087817472,0.11911108389071501,0.25857418887848527,0.5595555419453575,0.12928709443924266,0.5346787811336684,0.08448540706605223,0.5422427035330261,0.5422427035330262,"{0: 0.5521258798351113, 1: 0.5521258798351112}","{0: 0.5521258798351113, 1: 0.5521258798351112}",0.5521258798351112,"[[436 215]
 [381 270]]",[0. 1. 1. ... 0. 0. 0.],[0. 1. 1. ... 1. 0. 0.]
557,SVC,"{'C': 100, 'gamma': 0.0001, 'kernel': 'rbf'}",0.5435895718364656,0.12911383661168993,0.11904557024873079,0.2578290368131067,0.5595227851243654,0.12891451840655335,0.5352239213609934,0.08448540706605223,0.5422427035330261,0.5422427035330262,"{0: 0.5550565005745621, 1: 0.5550565005745621}","{0: 0.5550565005745621, 1: 0.5550565005745621}",0.5550565005745621,"[[433 218]
 [378 273]]",[0. 1. 1. ... 0. 0. 0.],[0. 1. 1. ... 1. 0. 0.]
363,SVC,"{'C': 100, 'gamma': 0.0001, 'kernel': 'rbf'}",0.5425153480612525,0.11166700434227828,0.11904540309918865,0.22337903554714258,0.5595227015495944,0.11168951777357129,0.5373381923479539,0.09216589861751157,0.5460829493087558,0.5460829493087558,"{0: 0.551683455206571, 1: 0.551683455206571}","{0: 0.551683455206571, 1: 0.551683455206571}",0.551683455206571,"[[445 206]
 [385 266]]",[0. 1. 1. ... 0. 0. 0.],[0. 1. 1. ... 1. 0. 0.]
731,SVC,"{'C': 100, 'gamma': 0.0001, 'kernel': 'rbf'}",0.5424426250512269,0.12892028621831583,0.11899306197269309,0.25342087731426555,0.5594965309863466,0.12671043865713277,0.5321578533710525,0.08141321044546856,0.5407066052227343,0.5407066052227343,"{0: 0.550848157507887, 1: 0.550848157507887}","{0: 0.550848157507887, 1: 0.550848157507887}",0.550848157507887,"[[440 211]
 [387 264]]",[0. 1. 1. ... 0. 0. 0.],[0. 1. 1. ... 1. 0. 0.]
323,SVC,"{'C': 100, 'gamma': 0.0001, 'kernel': 'rbf'}",0.5418223596198366,0.12500980863867076,0.11848480428796482,0.24621028585810933,0.5592424021439824,0.12310514292905467,0.5333232299176571,0.08448540706605223,0.5422427035330261,0.5422427035330262,"{0: 0.5537457438750735, 1: 0.5537457438750735}","{0: 0.5537457438750735, 1: 0.5537457438750735}",0.5537457438750735,"[[443 208]
 [388 263]]",[0. 1. 1. ... 0. 0. 0.],[0. 1. 1. ... 1. 0. 0.]
786,SVC,"{'C': 100, 'gamma': 0.0001, 'kernel': 'rbf'}",0.5400752365920933,0.12807263244547384,0.11842260381399963,0.2512533092312801,0.5592113019069999,0.12562665461564007,0.5331738860837983,0.08602150537634412,0.543010752688172,0.543010752688172,"{0: 0.5532584868841744, 1: 0.5532584868841743}","{0: 0.5532584868841744, 1: 0.5532584868841743}",0.5532584868841743,"[[448 203]
 [392 259]]",[0. 0. 1. ... 0. 0. 0.],[0. 1. 1. ... 1. 0. 0.]
145,SVC,"{'C': 100, 'gamma': 0.001, 'kernel': 'rbf'}",0.5438950758575425,0.12501091981464207,0.11841247429352528,0.2507414178009703,0.5592062371467627,0.12537070890048516,0.5407704427090352,0.09523809523809523,0.5476190476190477,0.5476190476190477,"{0: 0.5455650175436113, 1: 0.5455650175436113}","{0: 0.5455650175436113, 1: 0.5455650175436113}",0.5455650175436113,"[[436 215]
 [374 277]]",[0. 1. 1. ... 0. 0. 1.],[0. 1. 1. ... 1. 0. 0.]
962,SVC,"{'C': 100, 'gamma': 0.0001, 'kernel': 'rbf'}",0.543780336138619,0.12858525272242743,0.11840329879469463,0.2558373076368054,0.5592016493973473,0.1279186538184027,0.5343034644338608,0.08448540706605223,0.5422427035330261,0.5422427035330261,"{0: 0.5521565546093568, 1: 0.5521565546093568}","{0: 0.5521565546093568, 1: 0.5521565546093568}",0.5521565546093568,"[[438 213]
 [383 268]]",[0. 1. 1. ... 0. 0. 0.],[0. 1. 1. ... 1. 0. 0.]
268,SVC,"{'C': 100, 'gamma': 0.0001, 'kernel': 'rbf'}",0.5426641024052253,0.13133610385092984,0.11835767374388066,0.26142739509459745,0.5591788368719404,0.13071369754729872,0.5350894488794844,0.0875576036866359,0.543778801843318,0.543778801843318,"{0: 0.5519784049589312, 1: 0.5519784049589312}","{0: 0.5519784049589312, 1: 0.5519784049589312}",0.5519784049589312,"[[443 208]
 [386 265]]",[0. 1. 1. ... 0. 0. 0.],[0. 1. 1. ... 1. 0. 0.]
153,SVC,"{'C': 100, 'gamma': 0.001, 'kernel': 'rbf'}",0.5430567561461549,0.12457728373746613,0.11815850603955702,0.250029017683503,0.5590792530197786,0.1250145088417515,0.5402352187887257,0.09523809523809523,0.5476190476190477,0.5476190476190477,"{0: 0.546607959867957, 1: 0.5466079598679568}","{0: 0.546607959867957, 1: 0.5466079598679568}",0.5466079598679568,"[[439 212]
 [377 274]]",[0. 1. 1. ... 0. 0. 1.],[0. 1. 1. ... 1. 0. 0.]
385,SVC,"{'C': 100, 'gamma': 0.0001, 'kernel': 'rbf'}",0.5435668736185411,0.1314402557995519,0.11804587843727425,0.26188755924740353,0.5590229392186371,0.13094377962370177,0.5334266127158886,0.08294930875576034,0.5414746543778802,0.5414746543778801,"{0: 0.5508705736890663, 1: 0.5508705736890663}","{0: 0.5508705736890663, 1: 0.5508705736890663}",0.5508705736890663,"[[438 213]
 [384 267]]",[0. 1. 1. ... 0. 0. 0.],[0. 1. 1. ... 1. 0. 0.]
957,SVC,"{'C': 100, 'gamma': 0.0001, 'kernel': 'rbf'}",0.5405468869814498,0.12884348040608584,0.11800883243471101,0.25573698554444774,0.5590044162173555,0.1278684927722239,0.5316286694495614,0.08448540706605223,0.5422427035330261,0.5422427035330262,"{0: 0.552379536622141, 1: 0.5523795366221411}","{0: 0.552379536622141, 1: 0.5523795366221411}",0.5523795366221411,"[[451 200]
 [396 255]]",[0. 1. 1. ... 0. 0. 0.],[0. 1. 1. ... 1. 0. 0.]
723,SVC,"{'C': 100, 'gamma': 0.0001, 'kernel': 'rbf'}",0.5434660301523597,0.12850591070595918,0.1179779835414724,0.2558189261429302,0.5589889917707361,0.12790946307146514,0.533038684255899,0.08294930875576034,0.5414746543778802,0.5414746543778802,"{0: 0.5527098803447845, 1: 0.5527098803447845}","{0: 0.5527098803447845, 1: 0.5527098803447845}",0.5527098803447845,"[[440 211]
 [386 265]]",[0. 1. 1. ... 0. 0. 0.],[0. 1. 1. ... 1. 0. 0.]
219,SVC,"{'C': 100, 'gamma': 0.0001, 'kernel': 'rbf'}",0.5409232612905149,0.11237980354210962,0.11792601590126944,0.2235405378494262,0.5589630079506347,0.1117702689247131,0.5316286694495614,0.08448540706605223,0.5422427035330261,0.5422427035330262,"{0: 0.5423889986101967, 1: 0.5423889986101967}","{0: 0.5423889986101967, 1: 0.5423889986101967}",0.5423889986101967,"[[451 200]
 [396 255]]",[0. 1. 1. ... 0. 0. 0.],[0. 1. 1. ... 1. 0. 0.]
664,SVC,"{'C': 100, 'gamma': 0.0001, 'kernel': 'rbf'}",0.5428517390630259,0.11198556600218529,0.11792240114827973,0.22316576295703355,0.55896120057414,0.11158288147851678,0.5368519217318781,0.09062980030721968,0.5453149001536098,0.5453149001536098,"{0: 0.5510534425355297, 1: 0.5510534425355297}","{0: 0.5510534425355297, 1: 0.5510534425355297}",0.5510534425355297,"[[443 208]
 [384 267]]",[0. 1. 1. ... 0. 0. 0.],[0. 1. 1. ... 1. 0. 0.]
586,SVC,"{'C': 100, 'gamma': 0.0001, 'kernel': 'rbf'}",0.5432586857000576,0.12929088021911309,0.11782980377495214,0.25654302088090747,0.5589149018874761,0.12827151044045376,0.5339905358520701,0.08294930875576034,0.5414746543778802,0.5414746543778801,"{0: 0.5501851104645812, 1: 0.5501851104645812}","{0: 0.5501851104645812, 1: 0.5501851104645812}",0.5501851104645812,"[[435 216]
 [381 270]]",[0. 1. 1. ... 0. 0. 0.],[0. 1. 1. ... 1. 0. 0.]
813,SVC,"{'C': 100, 'gamma': 0.0001, 'kernel': 'rbf'}",0.5443713527732827,0.10819637435109004,0.11753353135283415,0.21880200251382861,0.5587667656764171,0.10940100125691431,0.5379845927730371,0.09062980030721968,0.5453149001536098,0.5453149001536098,"{0: 0.5558174709356514, 1: 0.5558174709356514}","{0: 0.5558174709356514, 1: 0.5558174709356514}",0.5558174709356514,"[[437 214]
 [378 273]]",[0. 1. 1. ... 0. 0. 0.],[0. 1. 1. ... 1. 0. 0.]
809,SVC,"{'C': 100, 'gamma': 0.0001, 'kernel': 'rbf'}",0.5440815418974703,0.11065028047939496,0.11748758068416543,0.22144634532775104,0.5587437903420828,0.1107231726638755,0.5369599578503689,0.0875576036866359,0.543778801843318,0.5437788018433181,"{0: 0.5511383880642093, 1: 0.5511383880642095}","{0: 0.5511383880642093, 1: 0.5511383880642095}",0.5511383880642095,"[[433 218]
 [376 275]]",[0. 1. 1. ... 0. 0. 0.],[0. 1. 1. ... 1. 0. 0.]
801,SVC,"{'C': 100, 'gamma': 0.0001, 'kernel': 'rbf'}",0.5420341188929114,0.1280205705614105,0.11748704050115437,0.2528343940223164,0.5587435202505772,0.1264171970111582,0.5342068095550467,0.08602150537634412,0.543010752688172,0.543010752688172,"{0: 0.5471270714321108, 1: 0.5471270714321108}","{0: 0.5471270714321108, 1: 0.5471270714321108}",0.5471270714321108,"[[443 208]
 [387 264]]",[0. 1. 1. ... 0. 0. 0.],[0. 1. 1. ... 1. 0. 0.]
738,SVC,"{'C': 100, 'gamma': 0.0001, 'kernel': 'rbf'}",0.5433961658639198,0.11312253155387524,0.11739045158184741,0.22696611512163095,0.5586952257909238,0.11348305756081548,0.5365527325636884,0.08909370199692779,0.5445468509984639,0.5445468509984639,"{0: 0.5550718379616849, 1: 0.5550718379616848}","{0: 0.5550718379616849, 1: 0.5550718379616848}",0.5550718379616848,"[[440 211]
 [382 269]]",[0. 1. 1. ... 0. 0. 0.],[0. 1. 1. ... 1. 0. 0.]
411,SVC,"{'C': 100, 'gamma': 0.0001, 'kernel': 'rbf'}",0.5432122925438201,0.10646072108161268,0.11731816170955753,0.213762902866285,0.5586590808547788,0.1068814514331425,0.5386740480545619,0.09216589861751157,0.5460829493087558,0.5460829493087558,"{0: 0.5544795788589456, 1: 0.5544795788589456}","{0: 0.5544795788589456, 1: 0.5544795788589456}",0.5544795788589456,"[[438 213]
 [378 273]]",[0. 1. 1. ... 0. 0. 0.],[0. 1. 1. ... 1. 0. 0.]
430,SVC,"{'C': 100, 'gamma': 0.0001, 'kernel': 'rbf'}",0.5422873773390207,0.11355114976233997,0.11719881700197753,0.22648766384148838,0.5585994085009888,0.11324383192074419,0.5384166111854866,0.09370199692780334,0.5468509984639017,0.5468509984639017,"{0: 0.5554375756546114, 1: 0.5554375756546115}","{0: 0.5554375756546114, 1: 0.5554375756546115}",0.5554375756546115,"[[444 207]
 [383 268]]",[0. 1. 1. ... 0. 0. 0.],[0. 1. 1. ... 1. 0. 0.]
351,SVC,"{'C': 100, 'gamma': 0.0001, 'kernel': 'rbf'}",0.5436099187781553,0.12685441708137882,0.11713924911888021,0.2543827565556803,0.5585696245594401,0.1271913782778402,0.534173740812101,0.08294930875576034,0.5414746543778802,0.5414746543778801,"{0: 0.5485003574790999, 1: 0.5485003574790999}","{0: 0.5485003574790999, 1: 0.5485003574790999}",0.5485003574790999,"[[434 217]
 [380 271]]",[0. 1. 1. ... 0. 0. 0.],[0. 1. 1. ... 1. 0. 0.]
587,SVC,"{'C': 100, 'gamma': 0.0001, 'kernel': 'rbf'}",0.5439349696808314,0.10914800422577882,0.11705956025095605,0.21934111320718822,0.558529780125478,0.1096705566035941,0.5385190152313439,0.09062980030721968,0.5453149001536098,0.5453149001536098,"{0: 0.5539109157363952, 1: 0.5539109157363951}","{0: 0.5539109157363952, 1: 0.5539109157363951}",0.5539109157363951,"[[434 217]
 [375 276]]",[0. 1. 1. ... 0. 0. 0.],[0. 1. 1. ... 1. 0. 0.]
369,SVC,"{'C': 100, 'gamma': 0.0001, 'kernel': 'rbf'}",0.5436525668348872,0.11106262210697194,0.11704197123336706,0.22353461964463614,0.5585209856166835,0.1117673098223181,0.537294854776509,0.08909370199692779,0.5445468509984639,0.5445468509984639,"{0: 0.5543698575510676, 1: 0.5543698575510676}","{0: 0.5543698575510676, 1: 0.5543698575510676}",0.5543698575510676,"[[436 215]
 [378 273]]",[0. 1. 1. ... 0. 0. 0.],[0. 1. 1. ... 1. 0. 0.]
945,SVC,"{'C': 100, 'gamma': 0.0001, 'kernel': 'rbf'}",0.5434396725682072,0.1144904511181972,0.11700850558156091,0.22870747288454357,0.5585042527907804,0.11435373644227179,0.5359145213843309,0.08602150537634412,0.543010752688172,0.543010752688172,"{0: 0.5533823657801658, 1: 0.5533823657801658}","{0: 0.5533823657801658, 1: 0.5533823657801658}",0.5533823657801658,"[[434 217]
 [378 273]]",[0. 1. 1. ... 0. 0. 0.],[0. 1. 1. ... 1. 0. 0.]
872,SVC,"{'C': 100, 'gamma': 0.0001, 'kernel': 'rbf'}",0.543634173349031,0.128211072132512,0.11694608210957096,0.2561409952471496,0.5584730410547855,0.1280704976235748,0.534173740812101,0.08294930875576034,0.5414746543778802,0.5414746543778801,"{0: 0.5567058595897603, 1: 0.5567058595897603}","{0: 0.5567058595897603, 1: 0.5567058595897603}",0.5567058595897603,"[[434 217]
 [380 271]]",[0. 1. 1. ... 0. 0. 0.],[0. 1. 1. ... 1. 0. 0.]
397,SVC,"{'C': 100, 'gamma': 0.0001, 'kernel': 'rbf'}",0.541810673877454,0.1303911533538923,0.11686794525934108,0.2594849863165954,0.5584339726296705,0.1297424931582977,0.5327407243816255,0.08141321044546856,0.5407066052227343,0.5407066052227343,"{0: 0.5487563738641486, 1: 0.5487563738641486}","{0: 0.5487563738641486, 1: 0.5487563738641486}",0.5487563738641486,"[[437 214]
 [384 267]]",[0. 1. 1. ... 0. 0. 0.],[0. 1. 1. ... 1. 0. 0.]
382,SVC,"{'C': 100, 'gamma': 0.0001, 'kernel': 'rbf'}",0.5440217825217215,0.11132268716174067,0.11670791189930771,0.2244998893038128,0.5583539559496539,0.1122499446519064,0.5371128773203979,0.08909370199692779,0.5445468509984639,0.5445468509984639,"{0: 0.5530142684892202, 1: 0.5530142684892202}","{0: 0.5530142684892202, 1: 0.5530142684892202}",0.5530142684892202,"[[437 214]
 [379 272]]",[0. 1. 1. ... 0. 0. 0.],[0. 1. 1. ... 1. 0. 0.]
665,SVC,"{'C': 100, 'gamma': 0.001, 'kernel': 'rbf'}",0.541023327204007,0.12660709966506914,0.11670555207139008,0.2525215782464465,0.5583527760356951,0.12626078912322325,0.5407407407407406,0.09677419354838712,0.5483870967741935,0.5483870967741935,"{0: 0.5418982022222694, 1: 0.5418982022222695}","{0: 0.5418982022222694, 1: 0.5418982022222695}",0.5418982022222695,"[[441 210]
 [378 273]]",[0. 1. 1. ... 0. 0. 1.],[0. 1. 1. ... 1. 0. 0.]
484,SVC,"{'C': 100, 'gamma': 0.001, 'kernel': 'rbf'}",0.5418564107441471,0.12472271758376795,0.11667895752552575,0.2494406520412679,0.5583394787627628,0.12472032602063393,0.5407407407407406,0.09677419354838712,0.5483870967741935,0.5483870967741935,"{0: 0.5463814384581442, 1: 0.5463814384581442}","{0: 0.5463814384581442, 1: 0.5463814384581442}",0.5463814384581442,"[[441 210]
 [378 273]]",[0. 1. 1. ... 0. 0. 0.],[0. 1. 1. ... 1. 0. 0.]
274,SVC,"{'C': 100, 'gamma': 0.0001, 'kernel': 'rbf'}",0.5428999964559121,0.11445849964323462,0.11665808660323496,0.22761547692581277,0.5583290433016175,0.11380773846290639,0.5350445786597642,0.08448540706605223,0.5422427035330261,0.5422427035330261,"{0: 0.5556334222901786, 1: 0.5556334222901786}","{0: 0.5556334222901786, 1: 0.5556334222901786}",0.5556334222901786,"[[434 217]
 [379 272]]",[0. 1. 1. ... 0. 0. 0.],[0. 1. 1. ... 1. 0. 0.]
394,SVC,"{'C': 100, 'gamma': 0.0001, 'kernel': 'rbf'}",0.542071361284364,0.11011922050148595,0.11657724580831332,0.2214088342686495,0.5582886229041567,0.11070441713432476,0.537731762806091,0.09216589861751157,0.5460829493087558,0.5460829493087558,"{0: 0.5515206429432682, 1: 0.5515206429432682}","{0: 0.5515206429432682, 1: 0.5515206429432682}",0.5515206429432682,"[[443 208]
 [383 268]]",[0. 1. 1. ... 0. 0. 0.],[0. 1. 1. ... 1. 0. 0.]
245,SVC,"{'C': 100, 'gamma': 0.0001, 'kernel': 'rbf'}",0.5420337022888879,0.12911885715678728,0.11651222131538183,0.25625966200611094,0.5582561106576909,0.12812983100305547,0.533038684255899,0.08294930875576034,0.5414746543778802,0.5414746543778802,"{0: 0.5502724155912799, 1: 0.5502724155912798}","{0: 0.5502724155912799, 1: 0.5502724155912798}",0.5502724155912798,"[[440 211]
 [386 265]]",[0. 1. 1. ... 0. 0. 0.],[0. 1. 1. ... 1. 0. 0.]
841,SVC,"{'C': 100, 'gamma': 0.0001, 'kernel': 'rbf'}",0.5434163558468752,0.11075039293007331,0.11650236252166532,0.22133104162716602,0.5582511812608327,0.11066552081358301,0.5390344237615791,0.09216589861751157,0.5460829493087558,0.5460829493087558,"{0: 0.5530968544198811, 1: 0.553096854419881}","{0: 0.5530968544198811, 1: 0.553096854419881}",0.553096854419881,"[[436 215]
 [376 275]]",[0. 1. 1. ... 0. 0. 0.],[0. 1. 1. ... 1. 0. 0.]
893,SVC,"{'C': 100, 'gamma': 0.0001, 'kernel': 'rbf'}",0.5422569134119963,0.10849614920497822,0.11645799964939547,0.2172954392062019,0.5582289998246978,0.10864771960310095,0.5360544217687075,0.0875576036866359,0.543778801843318,0.543778801843318,"{0: 0.5526579691883691, 1: 0.5526579691883691}","{0: 0.5526579691883691, 1: 0.5526579691883691}",0.5526579691883691,"[[438 213]
 [381 270]]",[0. 1. 1. ... 0. 0. 0.],[0. 1. 1. ... 1. 0. 0.]
981,SVC,"{'C': 100, 'gamma': 0.001, 'kernel': 'rbf'}",0.5422754875374793,0.12190577369967397,0.11635923465205035,0.24508908685396155,0.5581796173260252,0.12254454342698078,0.5370466470622154,0.09062980030721968,0.5453149001536098,0.5453149001536098,"{0: 0.5469902147470156, 1: 0.5469902147470157}","{0: 0.5469902147470156, 1: 0.5469902147470157}",0.5469902147470157,"[[442 209]
 [383 268]]",[0. 1. 1. ... 0. 0. 0.],[0. 1. 1. ... 1. 0. 0.]
529,SVC,"{'C': 100, 'gamma': 0.0001, 'kernel': 'rbf'}",0.5429832330617536,0.1109413068523974,0.11631064250203832,0.22234259075295007,0.5581553212510193,0.11117129537647505,0.5363612616534806,0.08909370199692779,0.5445468509984639,0.5445468509984639,"{0: 0.5526284742131331, 1: 0.552628474213133}","{0: 0.5526284742131331, 1: 0.552628474213133}",0.552628474213133,"[[441 210]
 [383 268]]",[0. 1. 1. ... 0. 0. 0.],[0. 1. 1. ... 1. 0. 0.]
513,SVC,"{'C': 100, 'gamma': 0.0001, 'kernel': 'rbf'}",0.5415352306404898,0.1285986444575606,0.11625358907289186,0.25609924457947514,0.5581267945364459,0.12804962228973757,0.533038684255899,0.08294930875576034,0.5414746543778802,0.5414746543778802,"{0: 0.5536277639741294, 1: 0.5536277639741294}","{0: 0.5536277639741294, 1: 0.5536277639741294}",0.5536277639741294,"[[440 211]
 [386 265]]",[0. 1. 1. ... 0. 0. 0.],[0. 1. 1. ... 1. 0. 0.]
221,SVC,"{'C': 100, 'gamma': 0.0001, 'kernel': 'rbf'}",0.5430620251390441,0.1295306959431769,0.11624231806162086,0.25916370447045833,0.5581211590308105,0.12958185223522917,0.5345330293672224,0.08294930875576034,0.5414746543778802,0.5414746543778802,"{0: 0.547042125903431, 1: 0.547042125903431}","{0: 0.547042125903431, 1: 0.547042125903431}",0.547042125903431,"[[432 219]
 [378 273]]",[0. 1. 1. ... 0. 0. 0.],[0. 1. 1. ... 1. 0. 0.]
840,SVC,"{'C': 100, 'gamma': 0.0001, 'kernel': 'rbf'}",0.5433090576444232,0.1097306592128619,0.11618482837622421,0.22175514563504203,0.5580924141881121,0.11087757281752102,0.5391786344167298,0.09370199692780334,0.5468509984639017,0.5468509984639017,"{0: 0.5508410787138304, 1: 0.5508410787138303}","{0: 0.5508410787138304, 1: 0.5508410787138303}",0.5508410787138303,"[[440 211]
 [379 272]]",[0. 1. 1. ... 0. 0. 0.],[0. 1. 1. ... 1. 0. 0.]
463,SVC,"{'C': 100, 'gamma': 0.001, 'kernel': 'rbf'}",0.5409032597276202,0.12362303131542185,0.11592018542395448,0.24619723379222905,0.5579600927119772,0.12309861689611451,0.53948867304199,0.09523809523809523,0.5476190476190477,0.5476190476190477,"{0: 0.5495999301558987, 1: 0.5495999301558987}","{0: 0.5495999301558987, 1: 0.5495999301558987}",0.5495999301558987,"[[443 208]
 [381 270]]",[0. 1. 1. ... 0. 0. 0.],[0. 1. 1. ... 1. 0. 0.]
379,SVC,"{'C': 100, 'gamma': 0.0001, 'kernel': 'rbf'}",0.5435554752145425,0.12825691086390226,0.11585609704749288,0.2564611601639578,0.5579280485237464,0.1282305800819789,0.5338418430884185,0.08141321044546856,0.5407066052227343,0.5407066052227343,"{0: 0.5527688702952565, 1: 0.5527688702952565}","{0: 0.5527688702952565, 1: 0.5527688702952565}",0.5527688702952565,"[[431 220]
 [378 273]]",[0. 1. 1. ... 0. 0. 0.],[0. 1. 1. ... 1. 0. 0.]
86,SVC,"{'C': 100, 'gamma': 0.001, 'kernel': 'rbf'}",0.5413873500943398,0.12329398434982866,0.11580166027094656,0.24739709088611814,0.5579008301354733,0.12369854544305907,0.5355714451563152,0.08909370199692779,0.5445468509984639,0.5445468509984639,"{0: 0.5473370756557913, 1: 0.5473370756557913}","{0: 0.5473370756557913, 1: 0.5473370756557913}",0.5473370756557913,"[[445 206]
 [387 264]]",[0. 1. 1. ... 0. 0. 0.],[0. 1. 1. ... 1. 0. 0.]
319,SVC,"{'C': 100, 'gamma': 0.0001, 'kernel': 'rbf'}",0.542134722038184,0.12832925778007018,0.1157795440054226,0.2556486955891517,0.5578897720027113,0.12782434779457585,0.5329302091206853,0.08141321044546856,0.5407066052227343,0.5407066052227343,"{0: 0.5533776465841279, 1: 0.5533776465841279}","{0: 0.5533776465841279, 1: 0.5533776465841279}",0.5533776465841279,"[[436 215]
 [383 268]]",[0. 1. 1. ... 0. 0. 0.],[0. 1. 1. ... 1. 0. 0.]
679,SVC,"{'C': 100, 'gamma': 0.0001, 'kernel': 'rbf'}",0.5426240109264681,0.11089452533874883,0.11575315617245899,0.2219477185707111,0.5578765780862295,0.11097385928535555,0.5367418217338686,0.08909370199692779,0.5445468509984639,0.5445468509984639,"{0: 0.5533233758296937, 1: 0.5533233758296936}","{0: 0.5533233758296937, 1: 0.5533233758296936}",0.5533233758296936,"[[439 212]
 [381 270]]",[0. 1. 1. ... 0. 0. 0.],[0. 1. 1. ... 1. 0. 0.]
580,SVC,"{'C': 100, 'gamma': 0.0001, 'kernel': 'rbf'}",0.5423192765306721,0.1301626097161385,0.11574109818311903,0.2584180068494763,0.5578705490915595,0.12920900342473815,0.533117300533446,0.08141321044546856,0.5407066052227343,0.5407066052227343,"{0: 0.5532042161297401, 1: 0.5532042161297401}","{0: 0.5532042161297401, 1: 0.5532042161297401}",0.5532042161297401,"[[435 216]
 [382 269]]",[0. 1. 1. ... 0. 0. 0.],[0. 1. 1. ... 1. 0. 0.]
718,SVC,"{'C': 100, 'gamma': 0.0001, 'kernel': 'rbf'}",0.5430235801472645,0.11184501513747096,0.11566542168472449,0.22318109888821397,0.5578327108423622,0.11159054944410698,0.535551706586234,0.08602150537634412,0.543010752688172,0.543010752688172,"{0: 0.5507986059494905, 1: 0.5507986059494905}","{0: 0.5507986059494905, 1: 0.5507986059494905}",0.5507986059494905,"[[436 215]
 [380 271]]",[0. 1. 1. ... 0. 0. 0.],[0. 1. 1. ... 1. 0. 0.]
188,SVC,"{'C': 10, 'gamma': 0.01, 'kernel': 'rbf'}",0.543088354215154,0.11768342233114287,0.11563050880591332,0.2361485214581201,0.5578152544029567,0.11807426072906005,0.5422506585297282,0.09523809523809523,0.5476190476190477,0.5476190476190477,"{0: 0.543031989070342, 1: 0.543031989070342}","{0: 0.543031989070342, 1: 0.543031989070342}",0.543031989070342,"[[427 224]
 [365 286]]",[0. 1. 1. ... 0. 0. 0.],[0. 1. 1. ... 1. 0. 0.]
928,SVC,"{'C': 100, 'gamma': 0.0001, 'kernel': 'rbf'}",0.5423570829805948,0.13127525317964436,0.11552543993955382,0.2601472855147986,0.5577627199697769,0.1300736427573993,0.5326131838298969,0.07987711213517668,0.5399385560675883,0.5399385560675883,"{0: 0.5509130464534061, 1: 0.5509130464534062}","{0: 0.5509130464534061, 1: 0.5509130464534062}",0.5509130464534062,"[[433 218]
 [381 270]]",[0. 1. 1. ... 0. 0. 0.],[0. 1. 1. ... 1. 0. 0.]
921,SVC,"{'C': 100, 'gamma': 0.001, 'kernel': 'rbf'}",0.5417780190299686,0.12558576072192476,0.11551609739714841,0.25221307280746597,0.5577580486985743,0.12610653640373296,0.5372389860832603,0.09062980030721968,0.5453149001536098,0.5453149001536098,"{0: 0.54134841588387, 1: 0.5413484158838701}","{0: 0.54134841588387, 1: 0.5413484158838701}",0.5413484158838701,"[[441 210]
 [382 269]]",[0. 1. 1. ... 0. 0. 0.],[0. 1. 1. ... 1. 0. 0.]
325,SVC,"{'C': 100, 'gamma': 0.0001, 'kernel': 'rbf'}",0.5432255494440781,0.11276664055722845,0.11531181250320835,0.2262043736415865,0.5576559062516041,0.11310218682079327,0.5348628670485306,0.08448540706605223,0.5422427035330261,0.5422427035330262,"{0: 0.5513566508809559, 1: 0.5513566508809559}","{0: 0.5513566508809559, 1: 0.5513566508809559}",0.5513566508809559,"[[435 216]
 [380 271]]",[0. 1. 1. ... 0. 0. 0.],[0. 1. 1. ... 1. 0. 0.]
417,SVC,"{'C': 100, 'gamma': 0.0001, 'kernel': 'rbf'}",0.5421441945946595,0.11008922868699772,0.11526044165183746,0.22070702193282588,0.5576302208259187,0.11035351096641294,0.5381157924875882,0.09216589861751157,0.5460829493087558,0.5460829493087558,"{0: 0.5521884091826117, 1: 0.5521884091826117}","{0: 0.5521884091826117, 1: 0.5521884091826117}",0.5521884091826117,"[[441 210]
 [381 270]]",[0. 1. 1. ... 0. 0. 0.],[0. 1. 1. ... 1. 0. 0.]
97,SVC,"{'C': 100, 'gamma': 0.001, 'kernel': 'rbf'}",0.5404660659683043,0.12571981120710396,0.11521348857932658,0.2517722183117501,0.5576067442896633,0.12588610915587506,0.5375361730899256,0.09216589861751157,0.5460829493087558,0.5460829493087558,"{0: 0.5423925380072252, 1: 0.5423925380072251}","{0: 0.5423925380072252, 1: 0.5423925380072251}",0.5423925380072251,"[[444 207]
 [384 267]]",[0. 1. 1. ... 0. 0. 1.],[0. 1. 1. ... 1. 0. 0.]
500,SVC,"{'C': 100, 'gamma': 0.0001, 'kernel': 'rbf'}",0.5414317495421348,0.11370592617226141,0.115151986171289,0.22799863863330314,0.5575759930856445,0.11399931931665157,0.537731762806091,0.09216589861751157,0.5460829493087558,0.5460829493087558,"{0: 0.554890148914231, 1: 0.5548901489142309}","{0: 0.554890148914231, 1: 0.5548901489142309}",0.5548901489142309,"[[443 208]
 [383 268]]",[0. 1. 1. ... 0. 0. 0.],[0. 1. 1. ... 1. 0. 0.]
581,SVC,"{'C': 100, 'gamma': 0.0001, 'kernel': 'rbf'}",0.5414702997073932,0.12808457767251022,0.11491872331011913,0.2557246177218481,0.5574593616550595,0.12786230886092406,0.5327407243816255,0.08141321044546856,0.5407066052227343,0.5407066052227343,"{0: 0.5531074726109659, 1: 0.5531074726109659}","{0: 0.5531074726109659, 1: 0.5531074726109659}",0.5531074726109659,"[[437 214]
 [384 267]]",[0. 1. 1. ... 0. 0. 0.],[0. 1. 1. ... 1. 0. 0.]
95,SVC,"{'C': 100, 'gamma': 0.001, 'kernel': 'rbf'}",0.5406529413394431,0.12775852465292933,0.11490963872172422,0.2562318638525605,0.557454819360862,0.12811593192628026,0.538610678659978,0.09370199692780334,0.5468509984639017,0.5468509984639017,"{0: 0.5381605989603612, 1: 0.5381605989603611}","{0: 0.5381605989603612, 1: 0.5381605989603611}",0.5381605989603611,"[[443 208]
 [382 269]]",[0. 1. 1. ... 0. 0. 1.],[0. 1. 1. ... 1. 0. 0.]
804,SVC,"{'C': 100, 'gamma': 0.0001, 'kernel': 'rbf'}",0.542126005257844,0.11180871123851076,0.11487723070310928,0.22242053189223665,0.5574386153515546,0.11121026594611833,0.5360544217687075,0.0875576036866359,0.543778801843318,0.543778801843318,"{0: 0.5506877048426031, 1: 0.5506877048426031}","{0: 0.5506877048426031, 1: 0.5506877048426031}",0.5506877048426031,"[[438 213]
 [381 270]]",[0. 1. 1. ... 0. 0. 0.],[0. 1. 1. ... 1. 0. 0.]
104,SVC,"{'C': 100, 'gamma': 0.001, 'kernel': 'rbf'}",0.5411074208036634,0.12275050785399541,0.1148492793185656,0.24523888011861808,0.5574246396592828,0.12261944005930904,0.5372389860832603,0.09062980030721968,0.5453149001536098,0.5453149001536098,"{0: 0.5438543089799223, 1: 0.5438543089799222}","{0: 0.5438543089799223, 1: 0.5438543089799222}",0.5438543089799222,"[[441 210]
 [382 269]]",[0. 1. 1. ... 0. 0. 0.],[0. 1. 1. ... 1. 0. 0.]
773,SVC,"{'C': 100, 'gamma': 0.0001, 'kernel': 'rbf'}",0.5396894571703249,0.11044368587116184,0.11483367826474578,0.2182079984850144,0.5574168391323728,0.10910399924250722,0.5333232299176571,0.08448540706605223,0.5422427035330261,0.5422427035330262,"{0: 0.5488708143680643, 1: 0.5488708143680643}","{0: 0.5488708143680643, 1: 0.5488708143680643}",0.5488708143680643,"[[443 208]
 [388 263]]",[0. 1. 1. ... 0. 0. 0.],[0. 1. 1. ... 1. 0. 0.]
703,SVC,"{'C': 100, 'gamma': 0.0001, 'kernel': 'rbf'}",0.5427367790062152,0.11220462393850643,0.11482701164112552,0.22393235244986215,0.5574135058205628,0.11196617622493107,0.536240261733891,0.0875576036866359,0.543778801843318,0.5437788018433181,"{0: 0.5543108676005956, 1: 0.5543108676005957}","{0: 0.5543108676005956, 1: 0.5543108676005957}",0.5543108676005957,"[[437 214]
 [380 271]]",[0. 1. 1. ... 0. 0. 0.],[0. 1. 1. ... 1. 0. 0.]
402,SVC,"{'C': 100, 'gamma': 0.0001, 'kernel': 'rbf'}",0.5420777607633994,0.106881828782832,0.11480337262267543,0.21498648735701267,0.5574016863113377,0.10749324367850634,0.5369285347999628,0.08909370199692779,0.5445468509984639,0.5445468509984639,"{0: 0.5553809453021583, 1: 0.5553809453021583}","{0: 0.5553809453021583, 1: 0.5553809453021583}",0.5553809453021583,"[[438 213]
 [380 271]]",[0. 1. 1. ... 0. 0. 0.],[0. 1. 1. ... 1. 0. 0.]
297,SVC,"{'C': 100, 'gamma': 0.0001, 'kernel': 'rbf'}",0.5388125639527076,0.1264319686906417,0.11472426856191185,0.24956197842115804,0.5573621342809559,0.12478098921057902,0.5313468340167141,0.08141321044546856,0.5407066052227343,0.5407066052227343,"{0: 0.5479954035030592, 1: 0.5479954035030592}","{0: 0.5479954035030592, 1: 0.5479954035030592}",0.5479954035030592,"[[444 207]
 [391 260]]",[0. 1. 1. ... 0. 0. 0.],[0. 1. 1. ... 1. 0. 0.]
258,SVC,"{'C': 100, 'gamma': 0.0001, 'kernel': 'rbf'}",0.5413147953478716,0.1098402825139173,0.1147099450895762,0.21871421007615263,0.557354972544788,0.10935710503807632,0.5351793995474736,0.08602150537634412,0.543010752688172,0.543010752688172,"{0: 0.5519902029490256, 1: 0.5519902029490256}","{0: 0.5519902029490256, 1: 0.5519902029490256}",0.5519902029490256,"[[438 213]
 [382 269]]",[0. 1. 1. ... 0. 0. 0.],[0. 1. 1. ... 1. 0. 0.]
560,SVC,"{'C': 100, 'gamma': 0.001, 'kernel': 'rbf'}",0.5392218383772814,0.1263849907576728,0.11463387403419482,0.25167540281336814,0.5573169370170974,0.12583770140668407,0.5380213182070768,0.09370199692780334,0.5468509984639017,0.5468509984639017,"{0: 0.5433068822395416, 1: 0.5433068822395417}","{0: 0.5433068822395416, 1: 0.5433068822395417}",0.5433068822395417,"[[446 205]
 [385 266]]",[0. 1. 1. ... 0. 0. 0.],[0. 1. 1. ... 1. 0. 0.]
491,SVC,"{'C': 100, 'gamma': 0.0001, 'kernel': 'rbf'}",0.5420807612421558,0.1118236879575618,0.11463285623601678,0.22434230596373206,0.5573164281180084,0.11217115298186603,0.5365527325636884,0.08909370199692779,0.5445468509984639,0.5445468509984639,"{0: 0.5533021394475237, 1: 0.5533021394475237}","{0: 0.5533021394475237, 1: 0.5533021394475237}",0.5533021394475237,"[[440 211]
 [382 269]]",[0. 1. 1. ... 0. 0. 0.],[0. 1. 1. ... 1. 0. 0.]
171,SVC,"{'C': 10, 'gamma': 0.01, 'kernel': 'rbf'}",0.5420238915620643,0.11743077182170107,0.11459607580596307,0.2359663212774694,0.5572980379029816,0.1179831606387347,0.5419793621013134,0.09677419354838712,0.5483870967741935,0.5483870967741935,"{0: 0.5435263248552976, 1: 0.5435263248552977}","{0: 0.5435263248552976, 1: 0.5435263248552977}",0.5435263248552977,"[[434 217]
 [371 280]]",[0. 1. 1. ... 0. 0. 0.],[0. 1. 1. ... 1. 0. 0.]
247,SVC,"{'C': 100, 'gamma': 0.0001, 'kernel': 'rbf'}",0.5412933707599475,0.11396428209066796,0.11457131040895369,0.22701438797300852,0.5572856552044768,0.11350719398650426,0.5363612616534806,0.08909370199692779,0.5445468509984639,0.5445468509984639,"{0: 0.5527311167269544, 1: 0.5527311167269544}","{0: 0.5527311167269544, 1: 0.5527311167269544}",0.5527311167269544,"[[441 210]
 [383 268]]",[0. 1. 1. ... 0. 0. 0.],[0. 1. 1. ... 1. 0. 0.]
880,SVC,"{'C': 100, 'gamma': 0.001, 'kernel': 'rbf'}",0.5406446561535432,0.12559869885782468,0.11442272671554242,0.252260180577124,0.5572113633577712,0.126130090288562,0.5388023678870331,0.09370199692780334,0.5468509984639017,0.5468509984639016,"{0: 0.5428561990179352, 1: 0.5428561990179354}","{0: 0.5428561990179352, 1: 0.5428561990179354}",0.5428561990179354,"[[442 209]
 [381 270]]",[0. 1. 1. ... 0. 0. 1.],[0. 1. 1. ... 1. 0. 0.]
847,SVC,"{'C': 100, 'gamma': 0.0001, 'kernel': 'rbf'}",0.5413333265552953,0.11600925679502117,0.11441635164223023,0.23132058056689306,0.557208175821115,0.11566029028344653,0.5340050756627445,0.08602150537634412,0.543010752688172,0.543010752688172,"{0: 0.5485994605958928, 1: 0.5485994605958929}","{0: 0.5485994605958928, 1: 0.5485994605958929}",0.5485994605958929,"[[444 207]
 [388 263]]",[0. 1. 1. ... 0. 0. 0.],[0. 1. 1. ... 1. 0. 0.]
897,SVC,"{'C': 100, 'gamma': 0.0001, 'kernel': 'rbf'}",0.5415105869724264,0.112570750526135,0.11435950551641859,0.22608492542032985,0.5571797527582093,0.11304246271016492,0.5360544217687075,0.0875576036866359,0.543778801843318,0.543778801843318,"{0: 0.5545550859955498, 1: 0.5545550859955498}","{0: 0.5545550859955498, 1: 0.5545550859955498}",0.5545550859955498,"[[438 213]
 [381 270]]",[0. 1. 1. ... 0. 0. 0.],[0. 1. 1. ... 1. 0. 0.]
982,SVC,"{'C': 100, 'gamma': 0.0001, 'kernel': 'rbf'}",0.5413522048793298,0.10947933215521818,0.11425409244548827,0.22064236757928865,0.5571270462227441,0.11032118378964434,0.5375361730899256,0.09216589861751157,0.5460829493087558,0.5460829493087558,"{0: 0.5484555251167411, 1: 0.5484555251167411}","{0: 0.5484555251167411, 1: 0.5484555251167411}",0.5484555251167411,"[[444 207]
 [384 267]]",[0. 1. 1. ... 0. 0. 0.],[0. 1. 1. ... 1. 0. 0.]
406,SVC,"{'C': 100, 'gamma': 0.0001, 'kernel': 'rbf'}",0.5398652812535696,0.12843741525533894,0.11412280996045325,0.254561158654006,0.5570614049802266,0.127280579327003,0.5314743247391682,0.07987711213517668,0.5399385560675883,0.5399385560675883,"{0: 0.5511584446473698, 1: 0.5511584446473698}","{0: 0.5511584446473698, 1: 0.5511584446473698}",0.5511584446473698,"[[439 212]
 [387 264]]",[0. 1. 1. ... 0. 0. 0.],[0. 1. 1. ... 1. 0. 0.]
726,SVC,"{'C': 100, 'gamma': 0.0001, 'kernel': 'rbf'}",0.5403682180728602,0.12614597773338404,0.113906925886557,0.2514878307532847,0.5569534629432785,0.12574391537664234,0.530300492868089,0.0768049155145929,0.5384024577572964,0.5384024577572964,"{0: 0.550310169159582, 1: 0.550310169159582}","{0: 0.550310169159582, 1: 0.550310169159582}",0.550310169159582,"[[436 215]
 [386 265]]",[0. 1. 1. ... 0. 0. 0.],[0. 1. 1. ... 1. 0. 0.]
674,SVC,"{'C': 100, 'gamma': 0.0001, 'kernel': 'rbf'}",0.5420226118525449,0.10940046493061154,0.11386902968314355,0.21817094318941058,0.5569345148415717,0.10908547159470529,0.5351793995474736,0.08602150537634412,0.543010752688172,0.543010752688172,"{0: 0.5506664684604331, 1: 0.5506664684604331}","{0: 0.5506664684604331, 1: 0.5506664684604331}",0.5506664684604331,"[[438 213]
 [382 269]]",[0. 1. 1. ... 0. 0. 0.],[0. 1. 1. ... 1. 0. 0.]
174,SVC,"{'C': 10, 'gamma': 0.01, 'kernel': 'rbf'}",0.5409906552131344,0.11931203595998296,0.11380597764377191,0.2385023710353284,0.5569029888218859,0.1192511855176642,0.5419793621013134,0.09677419354838712,0.5483870967741935,0.5483870967741935,"{0: 0.5396542245063131, 1: 0.5396542245063132}","{0: 0.5396542245063131, 1: 0.5396542245063132}",0.5396542245063132,"[[434 217]
 [371 280]]",[0. 1. 1. ... 0. 0. 0.],[0. 1. 1. ... 1. 0. 0.]
799,SVC,"{'C': 100, 'gamma': 0.0001, 'kernel': 'rbf'}",0.540980318689576,0.11622480417172083,0.11372786895374754,0.23038531939732457,0.5568639344768738,0.1151926596986623,0.5378017423341137,0.09062980030721968,0.5453149001536098,0.5453149001536098,"{0: 0.5562622551622105, 1: 0.5562622551622105}","{0: 0.5562622551622105, 1: 0.5562622551622105}",0.5562622551622105,"[[438 213]
 [379 272]]",[0. 1. 1. ... 0. 0. 0.],[0. 1. 1. ... 1. 0. 0.]
259,SVC,"{'C': 100, 'gamma': 0.0001, 'kernel': 'rbf'}",0.5388435030972125,0.10862000049247311,0.11370675350991405,0.21577865065431948,0.556853376754957,0.10788932532715972,0.5335943440585342,0.08602150537634412,0.543010752688172,0.543010752688172,"{0: 0.5539852430739899, 1: 0.5539852430739899}","{0: 0.5539852430739899, 1: 0.5539852430739899}",0.5539852430739899,"[[446 205]
 [390 261]]",[0. 1. 1. ... 0. 0. 0.],[0. 1. 1. ... 1. 0. 0.]
667,SVC,"{'C': 100, 'gamma': 0.0001, 'kernel': 'rbf'}",0.5413538378057621,0.11319215788726257,0.1136125816266955,0.22482626208447737,0.5568062908133478,0.1124131310422387,0.5339905358520701,0.08294930875576034,0.5414746543778802,0.5414746543778801,"{0: 0.5495786937737287, 1: 0.5495786937737288}","{0: 0.5495786937737287, 1: 0.5495786937737288}",0.5495786937737288,"[[435 216]
 [381 270]]",[0. 1. 1. ... 0. 0. 0.],[0. 1. 1. ... 1. 0. 0.]
593,SVC,"{'C': 100, 'gamma': 0.0001, 'kernel': 'rbf'}",0.5422266504321108,0.11068419690675663,0.11358150236113346,0.22326587303006395,0.5567907511805668,0.11163293651503198,0.5362678870195834,0.08602150537634412,0.543010752688172,0.543010752688172,"{0: 0.5553384725378184, 1: 0.5553384725378184}","{0: 0.5553384725378184, 1: 0.5553384725378184}",0.5553384725378184,"[[432 219]
 [376 275]]",[0. 1. 1. ... 0. 0. 0.],[0. 1. 1. ... 1. 0. 0.]
345,SVC,"{'C': 100, 'gamma': 0.0001, 'kernel': 'rbf'}",0.5412720124668545,0.11083351904882766,0.11352282693694081,0.22101039990837168,0.5567614134684704,0.11050519995418584,0.5344923154446963,0.08448540706605223,0.5422427035330261,0.5422427035330262,"{0: 0.5526178560220482, 1: 0.552617856022048}","{0: 0.5526178560220482, 1: 0.552617856022048}",0.552617856022048,"[[437 214]
 [382 269]]",[0. 1. 1. ... 0. 0. 0.],[0. 1. 1. ... 1. 0. 0.]
146,SVC,"{'C': 100, 'gamma': 0.001, 'kernel': 'rbf'}",0.5380786384255576,0.12687480825435188,0.11351101987685791,0.2530756108057268,0.5567555099384289,0.1265378054028634,0.5360997586697719,0.09216589861751157,0.5460829493087558,0.5460829493087558,"{0: 0.5435758764136942, 1: 0.5435758764136942}","{0: 0.5435758764136942, 1: 0.5435758764136942}",0.5435758764136942,"[[451 200]
 [391 260]]",[0. 1. 1. ... 0. 0. 0.],[0. 1. 1. ... 1. 0. 0.]
605,SVC,"{'C': 100, 'gamma': 0.0001, 'kernel': 'rbf'}",0.5410302631635876,0.1308471759080377,0.11342327543738932,0.26030903109142184,0.5567116377186947,0.13015451554571092,0.5321046188197919,0.07834101382488479,0.5391705069124424,0.5391705069124424,"{0: 0.549314418795614, 1: 0.5493144187956139}","{0: 0.549314418795614, 1: 0.5493144187956139}",0.5493144187956139,"[[431 220]
 [380 271]]",[0. 1. 1. ... 0. 0. 0.],[0. 1. 1. ... 1. 0. 0.]
706,SVC,"{'C': 100, 'gamma': 0.0001, 'kernel': 'rbf'}",0.5423665797800264,0.11066035993717598,0.11318238637378221,0.22263245823919914,0.5565911931868911,0.11131622911959957,0.5352239213609934,0.08448540706605223,0.5422427035330261,0.5422427035330262,"{0: 0.5518474472688834, 1: 0.5518474472688834}","{0: 0.5518474472688834, 1: 0.5518474472688834}",0.5518474472688834,"[[433 218]
 [378 273]]",[0. 1. 1. ... 0. 0. 0.],[0. 1. 1. ... 1. 0. 0.]
304,SVC,"{'C': 100, 'gamma': 0.0001, 'kernel': 'rbf'}",0.5420536109238516,0.11427654958880343,0.11315128875882685,0.22936224368357758,0.5565756443794134,0.11468112184178879,0.5352239213609934,0.08448540706605223,0.5422427035330261,0.5422427035330262,"{0: 0.5550175672072506, 1: 0.5550175672072506}","{0: 0.5550175672072506, 1: 0.5550175672072506}",0.5550175672072506,"[[433 218]
 [378 273]]",[0. 1. 1. ... 0. 0. 0.],[0. 1. 1. ... 1. 0. 0.]
796,SVC,"{'C': 100, 'gamma': 0.0001, 'kernel': 'rbf'}",0.5407558571635482,0.11120672961710798,0.11306832342523648,0.2232928852511094,0.5565341617126183,0.1116464426255547,0.5348628670485306,0.08448540706605223,0.5422427035330261,0.5422427035330262,"{0: 0.5525718438606799, 1: 0.5525718438606799}","{0: 0.5525718438606799, 1: 0.5525718438606799}",0.5525718438606799,"[[435 216]
 [380 271]]",[0. 1. 1. ... 0. 0. 0.],[0. 1. 1. ... 1. 0. 0.]
307,SVC,"{'C': 100, 'gamma': 0.0001, 'kernel': 'rbf'}",0.5395048078745392,0.12693432851133996,0.11295191234330815,0.2525117844769768,0.5564759561716541,0.1262558922384884,0.5307905206711642,0.07834101382488479,0.5391705069124424,0.5391705069124424,"{0: 0.5495975705578798, 1: 0.5495975705578798}","{0: 0.5495975705578798, 1: 0.5495975705578798}",0.5495975705578798,"[[438 213]
 [387 264]]",[0. 1. 1. ... 0. 0. 0.],[0. 1. 1. ... 1. 0. 0.]
926,SVC,"{'C': 100, 'gamma': 0.0001, 'kernel': 'rbf'}",0.5422081235558098,0.11306274572362726,0.11293600868115704,0.22765104938495748,0.5564680043405785,0.11382552469247874,0.5340170498208118,0.08141321044546856,0.5407066052227343,0.5407066052227343,"{0: 0.5502606176011855, 1: 0.5502606176011855}","{0: 0.5502606176011855, 1: 0.5502606176011855}",0.5502606176011855,"[[430 221]
 [377 274]]",[0. 1. 1. ... 0. 0. 0.],[0. 1. 1. ... 1. 0. 0.]
110,SVC,"{'C': 100, 'gamma': 0.001, 'kernel': 'rbf'}",0.5405294183074164,0.12262050021472592,0.11289876577981678,0.2464094234597701,0.5564493828899084,0.12320471172988505,0.5376165280927185,0.09062980030721968,0.5453149001536098,0.5453149001536098,"{0: 0.5495834129697664, 1: 0.5495834129697665}","{0: 0.5495834129697664, 1: 0.5495834129697665}",0.5495834129697665,"[[439 212]
 [380 271]]",[0. 1. 1. ... 0. 0. 1.],[0. 1. 1. ... 1. 0. 0.]
789,SVC,"{'C': 100, 'gamma': 0.0001, 'kernel': 'rbf'}",0.5406650586924323,0.11151040541090985,0.11289130628270211,0.2241761399372342,0.5564456531413511,0.1120880699686171,0.5368519217318781,0.09062980030721968,0.5453149001536098,0.5453149001536098,"{0: 0.5492955420114629, 1: 0.5492955420114629}","{0: 0.5492955420114629, 1: 0.5492955420114629}",0.5492955420114629,"[[443 208]
 [384 267]]",[0. 1. 1. ... 0. 0. 0.],[0. 1. 1. ... 1. 0. 0.]
940,SVC,"{'C': 100, 'gamma': 0.001, 'kernel': 'rbf'}",0.5400509354066975,0.12553012646203668,0.11286530374635476,0.25175011388252566,0.5564326518731774,0.12587505694126283,0.5369285347999628,0.08909370199692779,0.5445468509984639,0.5445468509984639,"{0: 0.5482467006920702, 1: 0.5482467006920702}","{0: 0.5482467006920702, 1: 0.5482467006920702}",0.5482467006920702,"[[438 213]
 [380 271]]",[0. 1. 1. ... 0. 0. 1.],[0. 1. 1. ... 1. 0. 0.]
592,SVC,"{'C': 100, 'gamma': 0.001, 'kernel': 'rbf'}",0.5396908300529701,0.12333357087026692,0.11273645220573851,0.246314378059023,0.5563682261028692,0.1231571890295115,0.5354826154644525,0.0875576036866359,0.543778801843318,0.543778801843318,"{0: 0.5485192342632509, 1: 0.5485192342632509}","{0: 0.5485192342632509, 1: 0.5485192342632509}",0.5485192342632509,"[[441 210]
 [384 267]]",[0. 1. 1. ... 0. 0. 1.],[0. 1. 1. ... 1. 0. 0.]
414,SVC,"{'C': 100, 'gamma': 0.0001, 'kernel': 'rbf'}",0.538317830651252,0.10661379003023559,0.11265746608334468,0.20854879041515065,0.5563287330416723,0.10427439520757531,0.5313468340167141,0.08141321044546856,0.5407066052227343,0.5407066052227343,"{0: 0.5514333378165696, 1: 0.5514333378165694}","{0: 0.5514333378165696, 1: 0.5514333378165694}",0.5514333378165694,"[[444 207]
 [391 260]]",[0. 1. 1. ... 0. 0. 0.],[0. 1. 1. ... 1. 0. 0.]
688,SVC,"{'C': 1000, 'gamma': 0.0001, 'kernel': 'rbf'}",0.5390866678514974,0.12987236876304653,0.11260567577460828,0.2560681302808568,0.5563028378873041,0.1280340651404284,0.5327060931899641,0.08448540706605223,0.5422427035330261,0.5422427035330262,"{0: 0.5516905340006276, 1: 0.5516905340006276}","{0: 0.5516905340006276, 1: 0.5516905340006276}",0.5516905340006276,"[[446 205]
 [391 260]]",[0. 1. 1. ... 0. 0. 0.],[0. 1. 1. ... 1. 0. 0.]
176,SVC,"{'C': 10, 'gamma': 0.01, 'kernel': 'rbf'}",0.5413002641016602,0.11699673533204379,0.11258164579153307,0.23534203674879717,0.5562908228957665,0.11767101837439858,0.5410804068133591,0.09370199692780334,0.5468509984639017,0.5468509984639017,"{0: 0.5368227068836553, 1: 0.5368227068836553}","{0: 0.5368227068836553, 1: 0.5368227068836553}",0.5368227068836553,"[[429 222]
 [368 283]]",[0. 1. 1. ... 0. 0. 0.],[0. 1. 1. ... 1. 0. 0.]
725,SVC,"{'C': 100, 'gamma': 0.001, 'kernel': 'rbf'}",0.5386172324953501,0.12403496319502909,0.11255346402275031,0.24725160557113146,0.5562767320113752,0.12362580278556572,0.5359711516790625,0.08909370199692779,0.5445468509984639,0.5445468509984639,"{0: 0.5463318868997478, 1: 0.5463318868997478}","{0: 0.5463318868997478, 1: 0.5463318868997478}",0.5463318868997478,"[[443 208]
 [385 266]]",[0. 1. 1. ... 0. 0. 0.],[0. 1. 1. ... 1. 0. 0.]
149,SVC,"{'C': 100, 'gamma': 0.001, 'kernel': 'rbf'}",0.5398907886563454,0.1257051812988596,0.1125319704130214,0.25217178775832244,0.5562659852065107,0.12608589387916122,0.5374289445383316,0.09062980030721968,0.5453149001536098,0.5453149001536098,"{0: 0.5452016394487035, 1: 0.5452016394487036}","{0: 0.5452016394487035, 1: 0.5452016394487036}",0.5452016394487036,"[[440 211]
 [381 270]]",[0. 1. 1. ... 0. 0. 1.],[0. 1. 1. ... 1. 0. 0.]
501,SVC,"{'C': 100, 'gamma': 0.001, 'kernel': 'rbf'}",0.5392945277421358,0.12386787998397143,0.11249664096592728,0.24794199076727746,0.5562483204829636,0.12397099538363873,0.5365527325636884,0.08909370199692779,0.5445468509984639,0.5445468509984639,"{0: 0.5477228699318784, 1: 0.5477228699318784}","{0: 0.5477228699318784, 1: 0.5477228699318784}",0.5477228699318784,"[[440 211]
 [382 269]]",[0. 1. 1. ... 0. 0. 0.],[0. 1. 1. ... 1. 0. 0.]
833,SVC,"{'C': 100, 'gamma': 0.0001, 'kernel': 'rbf'}",0.5412248423830597,0.1108340967157585,0.1124864156778115,0.22367046956317949,0.5562432078389058,0.11183523478158976,0.5353667423372308,0.08602150537634412,0.543010752688172,0.543010752688172,"{0: 0.5558776406851329, 1: 0.5558776406851329}","{0: 0.5558776406851329, 1: 0.5558776406851329}",0.5558776406851329,"[[437 214]
 [381 270]]",[0. 1. 1. ... 0. 0. 0.],[0. 1. 1. ... 1. 0. 0.]
93,SVC,"{'C': 100, 'gamma': 0.001, 'kernel': 'rbf'}",0.5393737926961217,0.1241148341899252,0.11246855231512055,0.24941426437209066,0.5562342761575603,0.12470713218604533,0.5375361730899256,0.09216589861751157,0.5460829493087558,0.5460829493087558,"{0: 0.5435546400315242, 1: 0.5435546400315243}","{0: 0.5435546400315242, 1: 0.5435546400315243}",0.5435546400315243,"[[444 207]
 [384 267]]",[0. 1. 1. ... 0. 0. 1.],[0. 1. 1. ... 1. 0. 0.]
805,SVC,"{'C': 100, 'gamma': 0.0001, 'kernel': 'rbf'}",0.5408824290942438,0.11232811091034102,0.11233899915830196,0.22556588645436101,0.5561694995791511,0.11278294322718051,0.5349896726397885,0.08602150537634412,0.543010752688172,0.543010752688172,"{0: 0.5519182352094497, 1: 0.5519182352094496}","{0: 0.5519182352094497, 1: 0.5519182352094496}",0.5519182352094496,"[[439 212]
 [383 268]]",[0. 1. 1. ... 0. 0. 0.],[0. 1. 1. ... 1. 0. 0.]
152,SVC,"{'C': 100, 'gamma': 0.001, 'kernel': 'rbf'}",0.539191832705936,0.12413461646607038,0.11232975117631941,0.24926857819873174,0.5561648755881597,0.12463428909936589,0.5363612616534806,0.08909370199692779,0.5445468509984639,0.5445468509984639,"{0: 0.543398906562278, 1: 0.543398906562278}","{0: 0.543398906562278, 1: 0.543398906562278}",0.543398906562278,"[[441 210]
 [383 268]]",[0. 1. 1. ... 0. 0. 0.],[0. 1. 1. ... 1. 0. 0.]
405,SVC,"{'C': 100, 'gamma': 0.0001, 'kernel': 'rbf'}",0.5405202846989858,0.11001413300599705,0.11224016580365465,0.22096563096472052,0.5561200829018272,0.11048281548236026,0.5320545551746836,0.07987711213517668,0.5399385560675883,0.5399385560675883,"{0: 0.5579127939764182, 1: 0.5579127939764181}","{0: 0.5579127939764182, 1: 0.5579127939764181}",0.5579127939764181,"[[436 215]
 [384 267]]",[0. 1. 1. ... 0. 0. 0.],[0. 1. 1. ... 1. 0. 0.]
151,SVC,"{'C': 100, 'gamma': 0.001, 'kernel': 'rbf'}",0.53910406913913,0.12607841070435483,0.11217266305371407,0.2522348992655212,0.556086331526857,0.1261174496327606,0.5381157924875882,0.09216589861751157,0.5460829493087558,0.5460829493087558,"{0: 0.5456027711119134, 1: 0.5456027711119134}","{0: 0.5456027711119134, 1: 0.5456027711119134}",0.5456027711119134,"[[441 210]
 [381 270]]",[0. 1. 1. ... 0. 0. 1.],[0. 1. 1. ... 1. 0. 0.]
754,SVC,"{'C': 100, 'gamma': 0.0001, 'kernel': 'rbf'}",0.5393106001420135,0.10858873555097134,0.11217047218977498,0.21893011708202473,0.5560852360948875,0.10946505854101238,0.5360490396954762,0.09062980030721968,0.5453149001536098,0.5453149001536098,"{0: 0.5516173864620424, 1: 0.5516173864620423}","{0: 0.5516173864620424, 1: 0.5516173864620423}",0.5516173864620423,"[[447 204]
 [388 263]]",[0. 1. 1. ... 0. 0. 0.],[0. 1. 1. ... 1. 0. 0.]
705,SVC,"{'C': 100, 'gamma': 0.001, 'kernel': 'rbf'}",0.539489434365915,0.12484525416109,0.11203413491518592,0.2507552091871179,0.5560170674575929,0.12537760459355896,0.5366548042704625,0.09062980030721968,0.5453149001536098,0.5453149001536098,"{0: 0.5431192941970406, 1: 0.5431192941970406}","{0: 0.5431192941970406, 1: 0.5431192941970406}",0.5431192941970406,"[[444 207]
 [385 266]]",[0. 1. 1. ... 0. 0. 1.],[0. 1. 1. ... 1. 0. 0.]
161,SVC,"{'C': 1000, 'gamma': 0.0001, 'kernel': 'rbf'}",0.5399787651363666,0.1273837697894201,0.11200413170384398,0.25372832511104465,0.556002065851922,0.12686416255552235,0.5327060931899641,0.08448540706605223,0.5422427035330261,0.5422427035330262,"{0: 0.5511501860543038, 1: 0.5511501860543038}","{0: 0.5511501860543038, 1: 0.5511501860543038}",0.5511501860543038,"[[446 205]
 [391 260]]",[0. 1. 1. ... 0. 0. 1.],[0. 1. 1. ... 1. 0. 0.]
505,SVC,"{'C': 100, 'gamma': 0.0001, 'kernel': 'rbf'}",0.5408098461859645,0.11012371788607958,0.11190641866333173,0.22200707003716852,0.5559532093316659,0.11100353501858429,0.5353667423372308,0.08602150537634412,0.543010752688172,0.543010752688172,"{0: 0.5509000686643023, 1: 0.5509000686643024}","{0: 0.5509000686643023, 1: 0.5509000686643024}",0.5509000686643024,"[[437 214]
 [381 270]]",[0. 1. 1. ... 0. 0. 0.],[0. 1. 1. ... 1. 0. 0.]
647,SVC,"{'C': 100, 'gamma': 0.001, 'kernel': 'rbf'}",0.5384328088414303,0.12578041324122852,0.11187443378996755,0.24998412604163217,0.5559372168949838,0.12499206302081609,0.5384903272626949,0.09216589861751157,0.5460829493087558,0.5460829493087558,"{0: 0.5465395315254094, 1: 0.5465395315254094}","{0: 0.5465395315254094, 1: 0.5465395315254094}",0.5465395315254094,"[[439 212]
 [379 272]]",[0. 1. 1. ... 0. 0. 0.],[0. 1. 1. ... 1. 0. 0.]
148,SVC,"{'C': 100, 'gamma': 0.001, 'kernel': 'rbf'}",0.537875145704235,0.1218617326451372,0.11181566587318749,0.2422178419387119,0.5559078329365937,0.12110892096935594,0.5357725009515002,0.08909370199692779,0.5445468509984639,0.5445468509984639,"{0: 0.548198328932683, 1: 0.548198328932683}","{0: 0.548198328932683, 1: 0.548198328932683}",0.548198328932683,"[[444 207]
 [386 265]]",[0. 1. 1. ... 0. 0. 0.],[0. 1. 1. ... 1. 0. 0.]
147,SVC,"{'C': 100, 'gamma': 0.001, 'kernel': 'rbf'}",0.5390473665450738,0.12448272744901775,0.11159740385573681,0.25066795713261614,0.5557987019278684,0.12533397856630807,0.5366548042704625,0.09062980030721968,0.5453149001536098,0.5453149001536098,"{0: 0.5461808726265394, 1: 0.5461808726265394}","{0: 0.5461808726265394, 1: 0.5461808726265394}",0.5461808726265394,"[[444 207]
 [385 266]]",[0. 1. 1. ... 0. 0. 1.],[0. 1. 1. ... 1. 0. 0.]
159,SVC,"{'C': 100, 'gamma': 0.001, 'kernel': 'rbf'}",0.5391929002664942,0.12293816204448668,0.11150194038299137,0.24648981815435883,0.5557509701914958,0.12324490907717942,0.5370466470622154,0.09062980030721968,0.5453149001536098,0.5453149001536098,"{0: 0.5451898414586092, 1: 0.5451898414586092}","{0: 0.5451898414586092, 1: 0.5451898414586092}",0.5451898414586092,"[[442 209]
 [383 268]]",[0. 1. 1. ... 0. 0. 1.],[0. 1. 1. ... 1. 0. 0.]
177,SVC,"{'C': 10, 'gamma': 0.01, 'kernel': 'rbf'}",0.5398600349350499,0.11830982687164256,0.11148496469485196,0.2364621158068802,0.5557424823474261,0.1182310579034401,0.5402509354419379,0.09370199692780334,0.5468509984639017,0.5468509984639016,"{0: 0.5391020785698948, 1: 0.5391020785698948}","{0: 0.5391020785698948, 1: 0.5391020785698948}",0.5391020785698948,"[[434 217]
 [373 278]]",[0. 1. 1. ... 0. 0. 1.],[0. 1. 1. ... 1. 0. 0.]
179,SVC,"{'C': 10, 'gamma': 0.01, 'kernel': 'rbf'}",0.5407555593230164,0.11789644800772214,0.11130170351159079,0.2366145791619923,0.5556508517557954,0.11830728958099615,0.5402220967438359,0.09216589861751157,0.5460829493087558,0.5460829493087558,"{0: 0.5387717348472515, 1: 0.5387717348472514}","{0: 0.5387717348472515, 1: 0.5387717348472514}",0.5387717348472514,"[[429 222]
 [369 282]]",[0. 1. 1. ... 0. 0. 0.],[0. 1. 1. ... 1. 0. 0.]
650,SVC,"{'C': 100, 'gamma': 0.0001, 'kernel': 'rbf'}",0.5417839476157209,0.11188232847006711,0.11126404204367316,0.2254180363399376,0.5556320210218365,0.11270901816996881,0.5374750313976436,0.0875576036866359,0.543778801843318,0.543778801843318,"{0: 0.5537103499047902, 1: 0.5537103499047903}","{0: 0.5537103499047902, 1: 0.5537103499047903}",0.5537103499047903,"[[430 221]
 [373 278]]",[0. 1. 1. ... 0. 0. 0.],[0. 1. 1. ... 1. 0. 0.]
452,SVC,"{'C': 100, 'gamma': 0.0001, 'kernel': 'rbf'}",0.5403345466778786,0.10961401776734418,0.11107312446452028,0.2197775150080464,0.5555365622322601,0.1098887575040232,0.5343545701957069,0.08294930875576034,0.5414746543778802,0.5414746543778802,"{0: 0.5517306471669486, 1: 0.5517306471669486}","{0: 0.5517306471669486, 1: 0.5517306471669486}",0.5517306471669486,"[[433 218]
 [379 272]]",[0. 1. 1. ... 0. 0. 0.],[0. 1. 1. ... 1. 0. 0.]
750,SVC,"{'C': 100, 'gamma': 0.0001, 'kernel': 'rbf'}",0.5399090641652211,0.11108793213082478,0.1110590568783597,0.22424896661296356,0.5555295284391799,0.11212448330648178,0.5361674032893603,0.08909370199692779,0.5445468509984639,0.5445468509984639,"{0: 0.5480378762673991, 1: 0.5480378762673991}","{0: 0.5480378762673991, 1: 0.5480378762673991}",0.5480378762673991,"[[442 209]
 [384 267]]",[0. 1. 1. ... 0. 0. 0.],[0. 1. 1. ... 1. 0. 0.]
682,SVC,"{'C': 100, 'gamma': 0.0001, 'kernel': 'rbf'}",0.5388665337918944,0.11280056751841519,0.11092009234597093,0.22454844556409925,0.5554600461729855,0.11227422278204963,0.5339185838666897,0.08448540706605223,0.5422427035330261,0.5422427035330262,"{0: 0.5511147920840206, 1: 0.5511147920840206}","{0: 0.5511147920840206, 1: 0.5511147920840206}",0.5511147920840206,"[[440 211]
 [385 266]]",[0. 1. 1. ... 0. 0. 0.],[0. 1. 1. ... 1. 0. 0.]
401,SVC,"{'C': 100, 'gamma': 0.0001, 'kernel': 'rbf'}",0.5387720736628342,0.10898300575524111,0.11087563230151087,0.2160274591584018,0.5554378161507555,0.1080137295792009,0.5352872322782696,0.0875576036866359,0.543778801843318,0.543778801843318,"{0: 0.5572025549727349, 1: 0.5572025549727349}","{0: 0.5572025549727349, 1: 0.5572025549727349}",0.5572025549727349,"[[442 209]
 [385 266]]",[0. 1. 1. ... 0. 0. 0.],[0. 1. 1. ... 1. 0. 0.]
91,SVC,"{'C': 100, 'gamma': 0.001, 'kernel': 'rbf'}",0.5390655059044797,0.12577401500203075,0.11079553630449429,0.2520118462569735,0.5553977681522472,0.1260059231284867,0.5376165280927185,0.09062980030721968,0.5453149001536098,0.5453149001536098,"{0: 0.547633205207161, 1: 0.5476332052071609}","{0: 0.547633205207161, 1: 0.5476332052071609}",0.5476332052071609,"[[439 212]
 [380 271]]",[0. 1. 1. ... 0. 0. 1.],[0. 1. 1. ... 1. 0. 0.]
412,SVC,"{'C': 100, 'gamma': 0.001, 'kernel': 'rbf'}",0.5388548083609563,0.12460531317381313,0.11075755067308442,0.24856062385408312,0.5553787753365422,0.12428031192704156,0.5378017423341137,0.09062980030721968,0.5453149001536098,0.5453149001536098,"{0: 0.545548500357479, 1: 0.5455485003574791}","{0: 0.545548500357479, 1: 0.5455485003574791}",0.5455485003574791,"[[438 213]
 [379 272]]",[0. 1. 1. ... 0. 0. 1.],[0. 1. 1. ... 1. 0. 0.]
102,SVC,"{'C': 10, 'gamma': 0.01, 'kernel': 'rbf'}",0.5397110032607301,0.12164352952313627,0.11075410355741505,0.24219546081449916,0.5553770517787074,0.1210977304072496,0.54145143245976,0.09523809523809523,0.5476190476190477,0.5476190476190477,"{0: 0.5388849955521577, 1: 0.5388849955521577}","{0: 0.5388849955521577, 1: 0.5388849955521577}",0.5388849955521577,"[[432 219]
 [370 281]]",[0. 1. 1. ... 0. 0. 0.],[0. 1. 1. ... 1. 0. 0.]
521,SVC,"{'C': 100, 'gamma': 0.0001, 'kernel': 'rbf'}",0.5398944146177049,0.11073585731651969,0.1107148356944668,0.22182762866968184,0.5553574178472335,0.11091381433484092,0.5332338502649712,0.08294930875576034,0.5414746543778802,0.5414746543778802,"{0: 0.551246929573078, 1: 0.551246929573078}","{0: 0.551246929573078, 1: 0.551246929573078}",0.551246929573078,"[[439 212]
 [385 266]]",[0. 1. 1. ... 0. 0. 0.],[0. 1. 1. ... 1. 0. 0.]
954,SVC,"{'C': 100, 'gamma': 0.0001, 'kernel': 'rbf'}",0.5395541855877017,0.11366223509703327,0.11070269750585805,0.22768508685278385,0.555351348752929,0.11384254342639193,0.5371128773203979,0.08909370199692779,0.5445468509984639,0.5445468509984639,"{0: 0.5528019046675209, 1: 0.5528019046675208}","{0: 0.5528019046675209, 1: 0.5528019046675208}",0.5528019046675208,"[[437 214]
 [379 272]]",[0. 1. 1. ... 0. 0. 0.],[0. 1. 1. ... 1. 0. 0.]
823,SVC,"{'C': 100, 'gamma': 0.0001, 'kernel': 'rbf'}",0.5395608693643459,0.11080241343888204,0.11069080666606024,0.22348733484993152,0.5553454033330302,0.11174366742496576,0.5341122224757147,0.08448540706605223,0.5422427035330261,0.5422427035330262,"{0: 0.5499149364914193, 1: 0.5499149364914193}","{0: 0.5499149364914193, 1: 0.5499149364914193}",0.5499149364914193,"[[439 212]
 [384 267]]",[0. 1. 1. ... 0. 0. 0.],[0. 1. 1. ... 1. 0. 0.]
118,SVC,"{'C': 10, 'gamma': 0.01, 'kernel': 'rbf'}",0.5401801227784836,0.11836864913720477,0.1106366788810489,0.2363081368570531,0.5553183394405244,0.11815406842852655,0.5403824800096046,0.09216589861751157,0.5460829493087558,0.5460829493087558,"{0: 0.5406676718554226, 1: 0.5406676718554226}","{0: 0.5406676718554226, 1: 0.5406676718554226}",0.5406676718554226,"[[428 223]
 [368 283]]",[0. 1. 1. ... 0. 0. 0.],[0. 1. 1. ... 1. 0. 0.]
533,SVC,"{'C': 100, 'gamma': 0.0001, 'kernel': 'rbf'}",0.5408499640943265,0.11140720566933458,0.11055135074274659,0.22436339694122048,0.5552756753713733,0.11218169847061024,0.5348628670485306,0.08448540706605223,0.5422427035330261,0.5422427035330262,"{0: 0.5544347464965869, 1: 0.5544347464965869}","{0: 0.5544347464965869, 1: 0.5544347464965869}",0.5544347464965869,"[[435 216]
 [380 271]]",[0. 1. 1. ... 0. 0. 0.],[0. 1. 1. ... 1. 0. 0.]
408,SVC,"{'C': 100, 'gamma': 0.0001, 'kernel': 'rbf'}",0.5389060435138777,0.12627479113006979,0.11049722970039025,0.2519101638928661,0.555248614850195,0.12595508194643304,0.5324293651179062,0.07987711213517668,0.5399385560675883,0.5399385560675883,"{0: 0.5482219249128719, 1: 0.5482219249128718}","{0: 0.5482219249128719, 1: 0.5482219249128718}",0.5482219249128718,"[[434 217]
 [382 269]]",[0. 1. 1. ... 0. 0. 0.],[0. 1. 1. ... 1. 0. 0.]
444,SVC,"{'C': 100, 'gamma': 0.001, 'kernel': 'rbf'}",0.5385687455929307,0.12302800358313577,0.11018505465434096,0.2464292954727397,0.5550925273271705,0.12321464773636984,0.5351793995474736,0.08602150537634412,0.543010752688172,0.543010752688172,"{0: 0.5472143765588094, 1: 0.5472143765588093}","{0: 0.5472143765588094, 1: 0.5472143765588093}",0.5472143765588093,"[[438 213]
 [382 269]]",[0. 1. 1. ... 0. 0. 1.],[0. 1. 1. ... 1. 0. 0.]
87,SVC,"{'C': 100, 'gamma': 0.001, 'kernel': 'rbf'}",0.537881643990061,0.12618720219645013,0.10999400387505487,0.25304008263684225,0.5549970019375274,0.12652004131842112,0.5359711516790625,0.08909370199692779,0.5445468509984639,0.5445468509984639,"{0: 0.5409767791958962, 1: 0.5409767791958962}","{0: 0.5409767791958962, 1: 0.5409767791958962}",0.5409767791958962,"[[443 208]
 [385 266]]",[0. 1. 1. ... 0. 0. 1.],[0. 1. 1. ... 1. 0. 0.]
98,SVC,"{'C': 100, 'gamma': 0.001, 'kernel': 'rbf'}",0.5393573230085255,0.12323493020515895,0.10983691575244951,0.24787343628375086,0.5549184578762247,0.12393671814187543,0.5371128773203979,0.08909370199692779,0.5445468509984639,0.5445468509984639,"{0: 0.5452653485952134, 1: 0.5452653485952133}","{0: 0.5452653485952134, 1: 0.5452653485952133}",0.5452653485952133,"[[437 214]
 [379 272]]",[0. 1. 1. ... 0. 0. 1.],[0. 1. 1. ... 1. 0. 0.]
967,SVC,"{'C': 100, 'gamma': 0.0001, 'kernel': 'rbf'}",0.5387402613983572,0.12626090001135443,0.10980430178393288,0.25185016543216,0.5549021508919664,0.12592508271608,0.5304921329882885,0.0768049155145929,0.5384024577572964,0.5384024577572964,"{0: 0.5493002612075006, 1: 0.5493002612075008}","{0: 0.5493002612075006, 1: 0.5493002612075008}",0.5493002612075008,"[[435 216]
 [385 266]]",[0. 1. 1. ... 0. 0. 0.],[0. 1. 1. ... 1. 0. 0.]
817,SVC,"{'C': 100, 'gamma': 0.001, 'kernel': 'rbf'}",0.5374090762462057,0.1259138266257675,0.109641775711062,0.2516549138911285,0.5548208878555311,0.12582745694556424,0.5357725009515002,0.08909370199692779,0.5445468509984639,0.5445468509984639,"{0: 0.5412398743750014, 1: 0.5412398743750015}","{0: 0.5412398743750014, 1: 0.5412398743750015}",0.5412398743750015,"[[444 207]
 [386 265]]",[0. 1. 1. ... 0. 0. 1.],[0. 1. 1. ... 1. 0. 0.]
781,SVC,"{'C': 100, 'gamma': 0.0001, 'kernel': 'rbf'}",0.5389243029756439,0.11196098394323947,0.10955525533488647,0.22630209742910773,0.5547776276674432,0.11315104871455386,0.5339185838666897,0.08448540706605223,0.5422427035330261,0.5422427035330262,"{0: 0.5467507155480992, 1: 0.5467507155480992}","{0: 0.5467507155480992, 1: 0.5467507155480992}",0.5467507155480992,"[[440 211]
 [385 266]]",[0. 1. 1. ... 0. 0. 0.],[0. 1. 1. ... 1. 0. 0.]
101,SVC,"{'C': 100, 'gamma': 0.0001, 'kernel': 'rbf'}",0.5382321737164086,0.10862710090366487,0.10954714593854177,0.21684476574992578,0.5547735729692709,0.10842238287496289,0.532841108857336,0.08294930875576034,0.5414746543778802,0.5414746543778801,"{0: 0.5494147017114165, 1: 0.5494147017114165}","{0: 0.5494147017114165, 1: 0.5494147017114165}",0.5494147017114165,"[[441 210]
 [387 264]]",[0. 1. 1. ... 0. 0. 0.],[0. 1. 1. ... 1. 0. 0.]
624,SVC,"{'C': 100, 'gamma': 0.0001, 'kernel': 'rbf'}",0.536717008150492,0.11191793524662383,0.1094014462897146,0.219410115919661,0.5547007231448573,0.1097050579598305,0.5339185838666897,0.08448540706605223,0.5422427035330261,0.5422427035330262,"{0: 0.549632964528163, 1: 0.549632964528163}","{0: 0.549632964528163, 1: 0.549632964528163}",0.549632964528163,"[[440 211]
 [385 266]]",[0. 1. 1. ... 0. 0. 0.],[0. 1. 1. ... 1. 0. 0.]
792,SVC,"{'C': 100, 'gamma': 0.0001, 'kernel': 'rbf'}",0.5393994353467673,0.11405349774194523,0.1092062506321292,0.22713583256000008,0.5546031253160646,0.11356791628000004,0.5327407243816255,0.08141321044546856,0.5407066052227343,0.5407066052227343,"{0: 0.5521388576242151, 1: 0.5521388576242151}","{0: 0.5521388576242151, 1: 0.5521388576242151}",0.5521388576242151,"[[437 214]
 [384 267]]",[0. 1. 1. ... 0. 0. 0.],[0. 1. 1. ... 1. 0. 0.]
329,SVC,"{'C': 1000, 'gamma': 0.0001, 'kernel': 'rbf'}",0.5383314167120211,0.12995048265483256,0.10914372981034616,0.25853252798091153,0.5545718649051731,0.12926626399045577,0.5304588438505243,0.07987711213517668,0.5399385560675883,0.5399385560675883,"{0: 0.5518533462639305, 1: 0.5518533462639306}","{0: 0.5518533462639305, 1: 0.5518533462639306}",0.5518533462639306,"[[444 207]
 [392 259]]",[0. 1. 1. ... 0. 0. 0.],[0. 1. 1. ... 1. 0. 0.]
979,SVC,"{'C': 100, 'gamma': 0.0001, 'kernel': 'rbf'}",0.5388035084324605,0.11385277795198444,0.10911758450898035,0.22810401088950105,0.5545587922544902,0.11405200544475054,0.5344923154446963,0.08448540706605223,0.5422427035330261,0.5422427035330262,"{0: 0.5526119570270008, 1: 0.5526119570270008}","{0: 0.5526119570270008, 1: 0.5526119570270008}",0.5526119570270008,"[[437 214]
 [382 269]]",[0. 1. 1. ... 0. 0. 0.],[0. 1. 1. ... 1. 0. 0.]
425,SVC,"{'C': 100, 'gamma': 0.001, 'kernel': 'rbf'}",0.5373296570545618,0.12459559835908089,0.10911725317477478,0.24788999696116712,0.5545586265873874,0.12394499848058356,0.5365527325636884,0.08909370199692779,0.5445468509984639,0.5445468509984639,"{0: 0.5497497646300976, 1: 0.5497497646300976}","{0: 0.5497497646300976, 1: 0.5497497646300976}",0.5497497646300976,"[[440 211]
 [382 269]]",[0. 1. 1. ... 0. 0. 1.],[0. 1. 1. ... 1. 0. 0.]
89,SVC,"{'C': 100, 'gamma': 0.001, 'kernel': 'rbf'}",0.5375063605515508,0.12623508519920987,0.10907727354655984,0.25189836524646375,0.55453863677328,0.12594918262323188,0.5369285347999628,0.08909370199692779,0.5445468509984639,0.5445468509984639,"{0: 0.5449857362299758, 1: 0.5449857362299759}","{0: 0.5449857362299758, 1: 0.5449857362299759}",0.5449857362299759,"[[438 213]
 [380 271]]",[0. 1. 1. ... 0. 0. 1.],[0. 1. 1. ... 1. 0. 0.]
590,SVC,"{'C': 100, 'gamma': 0.0001, 'kernel': 'rbf'}",0.5381060391515705,0.10646958479743675,0.1090679452593411,0.21531129182585151,0.5545339726296706,0.10765564591292577,0.5363612616534806,0.08909370199692779,0.5445468509984639,0.5445468509984639,"{0: 0.5502535388071288, 1: 0.5502535388071288}","{0: 0.5502535388071288, 1: 0.5502535388071288}",0.5502535388071288,"[[441 210]
 [383 268]]",[0. 1. 1. ... 0. 0. 0.],[0. 1. 1. ... 1. 0. 0.]
577,SVC,"{'C': 100, 'gamma': 0.0001, 'kernel': 'rbf'}",0.5384647012687592,0.11548583228274176,0.10898402840990702,0.2303840868688375,0.5544920142049535,0.11519204343441874,0.5323545522689269,0.08141321044546856,0.5407066052227343,0.5407066052227343,"{0: 0.5529694361268614, 1: 0.5529694361268614}","{0: 0.5529694361268614, 1: 0.5529694361268614}",0.5529694361268614,"[[439 212]
 [386 265]]",[0. 1. 1. ... 0. 0. 0.],[0. 1. 1. ... 1. 0. 0.]
518,SVC,"{'C': 100, 'gamma': 0.0001, 'kernel': 'rbf'}",0.5385588634155166,0.11323840885926273,0.10896895536035119,0.22880121557729344,0.5544844776801756,0.11440060778864673,0.5339905358520701,0.08294930875576034,0.5414746543778802,0.5414746543778801,"{0: 0.5525329104933684, 1: 0.5525329104933684}","{0: 0.5525329104933684, 1: 0.5525329104933684}",0.5525329104933684,"[[435 216]
 [381 270]]",[0. 1. 1. ... 0. 0. 0.],[0. 1. 1. ... 1. 0. 0.]
910,SVC,"{'C': 100, 'gamma': 0.0001, 'kernel': 'rbf'}",0.5388877852771854,0.10948811270256069,0.10893611828784242,0.2203191768951549,0.5544680591439213,0.11015958844757746,0.5332338502649712,0.08294930875576034,0.5414746543778802,0.5414746543778802,"{0: 0.5517046915887409, 1: 0.5517046915887409}","{0: 0.5517046915887409, 1: 0.5517046915887409}",0.5517046915887409,"[[439 212]
 [385 266]]",[0. 1. 1. ... 0. 0. 0.],[0. 1. 1. ... 1. 0. 0.]
618,SVC,"{'C': 100, 'gamma': 0.0001, 'kernel': 'rbf'}",0.5372195545799832,0.10663721791748235,0.10893368675298955,0.2148345882975742,0.5544668433764948,0.10741729414878712,0.5335240934885063,0.08448540706605223,0.5422427035330261,0.5422427035330262,"{0: 0.5517589623431752, 1: 0.5517589623431752}","{0: 0.5517589623431752, 1: 0.5517589623431752}",0.5517589623431752,"[[442 209]
 [387 264]]",[0. 1. 1. ... 0. 0. 0.],[0. 1. 1. ... 1. 0. 0.]
339,SVC,"{'C': 100, 'gamma': 0.0001, 'kernel': 'rbf'}",0.5385844567292457,0.10654920327744456,0.10890546329685911,0.2142388481779613,0.5544527316484296,0.10711942408898066,0.5341122224757147,0.08448540706605223,0.5422427035330261,0.5422427035330262,"{0: 0.5509566990167556, 1: 0.5509566990167555}","{0: 0.5509566990167556, 1: 0.5509566990167555}",0.5509566990167555,"[[439 212]
 [384 267]]",[0. 1. 1. ... 0. 0. 0.],[0. 1. 1. ... 1. 0. 0.]
410,SVC,"{'C': 100, 'gamma': 0.0001, 'kernel': 'rbf'}",0.5391630885122134,0.1296305679707659,0.10866101885241468,0.2594200994027498,0.5543305094262073,0.1297100497013749,0.5299943393330007,0.07526881720430112,0.5376344086021505,0.5376344086021505,"{0: 0.5479210761654645, 1: 0.5479210761654645}","{0: 0.5479210761654645, 1: 0.5479210761654645}",0.5479210761654645,"[[433 218]
 [384 267]]",[0. 1. 1. ... 0. 0. 0.],[0. 1. 1. ... 1. 0. 0.]
574,SVC,"{'C': 100, 'gamma': 0.0001, 'kernel': 'rbf'}",0.5395623652829628,0.11044473388928845,0.10852081734012015,0.2218707950140159,0.5542604086700601,0.11093539750700795,0.5345330293672224,0.08294930875576034,0.5414746543778802,0.5414746543778802,"{0: 0.5521695323984606, 1: 0.5521695323984606}","{0: 0.5521695323984606, 1: 0.5521695323984606}",0.5521695323984606,"[[432 219]
 [378 273]]",[0. 1. 1. ... 0. 0. 0.],[0. 1. 1. ... 1. 0. 0.]
202,SVC,"{'C': 100, 'gamma': 0.0001, 'kernel': 'rbf'}",0.5389253224704487,0.11434495907032882,0.10850860225893955,0.22911413673118813,0.5542543011294697,0.11455706836559407,0.5352239213609934,0.08448540706605223,0.5422427035330261,0.5422427035330262,"{0: 0.550270055993261, 1: 0.550270055993261}","{0: 0.550270055993261, 1: 0.550270055993261}",0.550270055993261,"[[433 218]
 [378 273]]",[0. 1. 1. ... 0. 0. 0.],[0. 1. 1. ... 1. 0. 0.]
835,SVC,"{'C': 100, 'gamma': 0.0001, 'kernel': 'rbf'}",0.5374274061035161,0.10854401150899667,0.10850667968193324,0.21645709219740653,0.5542533398409666,0.10822854609870328,0.5344923154446963,0.08448540706605223,0.5422427035330261,0.5422427035330262,"{0: 0.5538236106096965, 1: 0.5538236106096965}","{0: 0.5538236106096965, 1: 0.5538236106096965}",0.5538236106096965,"[[437 214]
 [382 269]]",[0. 1. 1. ... 0. 0. 0.],[0. 1. 1. ... 1. 0. 0.]
94,SVC,"{'C': 100, 'gamma': 0.001, 'kernel': 'rbf'}",0.5379671609495497,0.12797425578551055,0.10848248395177024,0.25602518118828527,0.5542412419758851,0.12801259059414263,0.535551706586234,0.08602150537634412,0.543010752688172,0.543010752688172,"{0: 0.546287054537389, 1: 0.546287054537389}","{0: 0.546287054537389, 1: 0.546287054537389}",0.546287054537389,"[[436 215]
 [380 271]]",[0. 1. 1. ... 0. 0. 0.],[0. 1. 1. ... 1. 0. 0.]
105,SVC,"{'C': 100, 'gamma': 0.001, 'kernel': 'rbf'}",0.5371460586911447,0.12657756742187842,0.10847919987952068,0.2536914650774514,0.5542395999397604,0.1268457325387257,0.5350894488794844,0.0875576036866359,0.543778801843318,0.543778801843318,"{0: 0.546554868912532, 1: 0.5465548689125321}","{0: 0.546554868912532, 1: 0.5465548689125321}",0.5465548689125321,"[[443 208]
 [386 265]]",[0. 1. 1. ... 0. 0. 0.],[0. 1. 1. ... 1. 0. 0.]
824,SVC,"{'C': 100, 'gamma': 0.01, 'kernel': 'rbf'}",0.5415196215405035,0.10453542233767063,0.10844673074091445,0.20811759716280828,0.5542233653704572,0.10405879858140414,0.5406963313940057,0.09216589861751157,0.5460829493087558,0.5460829493087558,"{0: 0.5387552176611192, 1: 0.5387552176611192}","{0: 0.5387552176611192, 1: 0.5387552176611192}",0.5387552176611192,"[[426 225]
 [366 285]]",[0. 1. 0. ... 0. 0. 1.],[0. 1. 1. ... 1. 0. 0.]
424,SVC,"{'C': 100, 'gamma': 0.0001, 'kernel': 'rbf'}",0.5360829338872509,0.11039153434247483,0.10842584026348355,0.22103261386802592,0.5542129201317418,0.11051630693401296,0.5327060931899641,0.08448540706605223,0.5422427035330261,0.5422427035330262,"{0: 0.5521848697855833, 1: 0.5521848697855833}","{0: 0.5521848697855833, 1: 0.5521848697855833}",0.5521848697855833,"[[446 205]
 [391 260]]",[0. 1. 1. ... 0. 0. 0.],[0. 1. 1. ... 1. 0. 0.]
155,SVC,"{'C': 100, 'gamma': 0.001, 'kernel': 'rbf'}",0.5369539122017324,0.12317728878702947,0.10842070788999418,0.24574619202067904,0.5542103539449971,0.12287309601033952,0.5356756042794876,0.0875576036866359,0.543778801843318,0.543778801843318,"{0: 0.5448535987409184, 1: 0.5448535987409184}","{0: 0.5448535987409184, 1: 0.5448535987409184}",0.5448535987409184,"[[440 211]
 [383 268]]",[0. 1. 1. ... 0. 0. 0.],[0. 1. 1. ... 1. 0. 0.]
539,SVC,"{'C': 100, 'gamma': 0.001, 'kernel': 'rbf'}",0.5367410274795633,0.12479361869374765,0.10838747123403948,0.25030939888015413,0.5541937356170198,0.12515469944007707,0.5348892593474637,0.0875576036866359,0.543778801843318,0.5437788018433181,"{0: 0.5442247658688866, 1: 0.5442247658688866}","{0: 0.5442247658688866, 1: 0.5442247658688866}",0.5442247658688866,"[[444 207]
 [387 264]]",[0. 1. 1. ... 0. 0. 1.],[0. 1. 1. ... 1. 0. 0.]
548,SVC,"{'C': 100, 'gamma': 0.0001, 'kernel': 'rbf'}",0.5381861593609192,0.11556211822155488,0.10835185411534297,0.2317122976997764,0.5541759270576715,0.1158561488498882,0.533038684255899,0.08294930875576034,0.5414746543778802,0.5414746543778802,"{0: 0.5540690088036603, 1: 0.5540690088036602}","{0: 0.5540690088036603, 1: 0.5540690088036602}",0.5540690088036602,"[[440 211]
 [386 265]]",[0. 1. 1. ... 0. 0. 0.],[0. 1. 1. ... 1. 0. 0.]
480,SVC,"{'C': 100, 'gamma': 0.0001, 'kernel': 'rbf'}",0.5392246805271138,0.11014312584206876,0.10834752511101396,0.22043328075638208,0.5541737625555071,0.11021664037819104,0.533117300533446,0.08141321044546856,0.5407066052227343,0.5407066052227343,"{0: 0.5535003456811098, 1: 0.5535003456811098}","{0: 0.5535003456811098, 1: 0.5535003456811098}",0.5535003456811098,"[[435 216]
 [382 269]]",[0. 1. 1. ... 0. 0. 0.],[0. 1. 1. ... 1. 0. 0.]
90,SVC,"{'C': 100, 'gamma': 0.001, 'kernel': 'rbf'}",0.5359103858646097,0.12335744999247027,0.10825351875728781,0.24599662415283025,0.554126759378644,0.12299831207641512,0.5340050756627445,0.08602150537634412,0.543010752688172,0.543010752688172,"{0: 0.5456358054841778, 1: 0.5456358054841777}","{0: 0.5456358054841778, 1: 0.5456358054841777}",0.5456358054841777,"[[444 207]
 [388 263]]",[0. 1. 1. ... 0. 0. 0.],[0. 1. 1. ... 1. 0. 0.]
150,SVC,"{'C': 100, 'gamma': 0.001, 'kernel': 'rbf'}",0.5377115549310125,0.12379788851265813,0.1081371032342965,0.24744675696748297,0.5540685516171482,0.12372337848374149,0.5346787811336684,0.08448540706605223,0.5422427035330261,0.5422427035330262,"{0: 0.5468309418807412, 1: 0.5468309418807412}","{0: 0.5468309418807412, 1: 0.5468309418807412}",0.5468309418807412,"[[436 215]
 [381 270]]",[0. 1. 1. ... 0. 0. 0.],[0. 1. 1. ... 1. 0. 0.]
264,SVC,"{'C': 100, 'gamma': 0.0001, 'kernel': 'rbf'}",0.5382944457359585,0.11296393062416456,0.10811222131538184,0.2276556760880728,0.5540561106576909,0.1138278380440364,0.5339905358520701,0.08294930875576034,0.5414746543778802,0.5414746543778801,"{0: 0.552689823761624, 1: 0.552689823761624}","{0: 0.552689823761624, 1: 0.552689823761624}",0.552689823761624,"[[435 216]
 [381 270]]",[0. 1. 1. ... 0. 0. 0.],[0. 1. 1. ... 1. 0. 0.]
643,SVC,"{'C': 100, 'gamma': 0.0001, 'kernel': 'rbf'}",0.5383943137704267,0.11080003995086282,0.1081053117473326,0.22074166599908512,0.5540526558736663,0.11037083299954256,0.5333020041862774,0.08141321044546856,0.5407066052227343,0.5407066052227343,"{0: 0.5513578306799654, 1: 0.5513578306799654}","{0: 0.5513578306799654, 1: 0.5513578306799654}",0.5513578306799654,"[[434 217]
 [381 270]]",[0. 1. 1. ... 0. 0. 0.],[0. 1. 1. ... 1. 0. 0.]
898,SVC,"{'C': 100, 'gamma': 0.001, 'kernel': 'rbf'}",0.5373872198998989,0.12357093965705256,0.10807306961132142,0.24716288739198852,0.5540365348056607,0.12358144369599428,0.5329302091206853,0.08141321044546856,0.5407066052227343,0.5407066052227343,"{0: 0.548029617674333, 1: 0.548029617674333}","{0: 0.548029617674333, 1: 0.548029617674333}",0.548029617674333,"[[436 215]
 [383 268]]",[0. 1. 1. ... 0. 0. 1.],[0. 1. 1. ... 1. 0. 0.]
959,SVC,"{'C': 100, 'gamma': 0.0001, 'kernel': 'rbf'}",0.5387127216539827,0.11647939852834774,0.10799642001053389,0.23241234661949936,0.5539982100052669,0.11620617330974971,0.5310526268476928,0.0768049155145929,0.5384024577572964,0.5384024577572964,"{0: 0.5519595281747801, 1: 0.5519595281747802}","{0: 0.5519595281747801, 1: 0.5519595281747802}",0.5519595281747802,"[[432 219]
 [382 269]]",[0. 1. 1. ... 0. 0. 0.],[0. 1. 1. ... 1. 0. 0.]
364,SVC,"{'C': 1000, 'gamma': 0.001, 'kernel': 'rbf'}",0.5374029760520963,0.12020663702204692,0.1079565244870684,0.24037695305210194,0.5539782622435342,0.12018847652605097,0.5393632229343363,0.09370199692780334,0.5468509984639017,0.5468509984639017,"{0: 0.538840163189799, 1: 0.538840163189799}","{0: 0.538840163189799, 1: 0.538840163189799}",0.538840163189799,"[[439 212]
 [378 273]]",[0. 1. 1. ... 0. 0. 1.],[0. 1. 1. ... 1. 0. 0.]
92,SVC,"{'C': 100, 'gamma': 0.001, 'kernel': 'rbf'}",0.5369458542705715,0.12553644325101962,0.1079167484257064,0.2509415621915637,0.5539583742128532,0.12547078109578186,0.5356756042794876,0.0875576036866359,0.543778801843318,0.543778801843318,"{0: 0.5448889927112017, 1: 0.5448889927112017}","{0: 0.5448889927112017, 1: 0.5448889927112017}",0.5448889927112017,"[[440 211]
 [383 268]]",[0. 1. 1. ... 0. 0. 1.],[0. 1. 1. ... 1. 0. 0.]
960,SVC,"{'C': 100, 'gamma': 0.001, 'kernel': 'rbf'}",0.5370369874488443,0.12338673617901706,0.10781917532294438,0.24740665604679263,0.5539095876614722,0.12370332802339631,0.5349896726397885,0.08602150537634412,0.543010752688172,0.543010752688172,"{0: 0.5478656256120208, 1: 0.5478656256120208}","{0: 0.5478656256120208, 1: 0.5478656256120208}",0.5478656256120208,"[[439 212]
 [383 268]]",[0. 1. 1. ... 0. 0. 1.],[0. 1. 1. ... 1. 0. 0.]
503,SVC,"{'C': 1000, 'gamma': 0.0001, 'kernel': 'rbf'}",0.5374643546371144,0.12829929416012095,0.10781604840851033,0.25510559738001115,0.5539080242042551,0.12755279869000558,0.5290997553732139,0.0768049155145929,0.5384024577572964,0.5384024577572964,"{0: 0.5494253199025014, 1: 0.5494253199025014}","{0: 0.5494253199025014, 1: 0.5494253199025014}",0.5494253199025014,"[[442 209]
 [392 259]]",[0. 1. 1. ... 0. 0. 0.],[0. 1. 1. ... 1. 0. 0.]
827,SVC,"{'C': 100, 'gamma': 0.0001, 'kernel': 'sigmoid'}",0.5410017737528479,0.11322221045450145,0.10778585248118716,0.22693560066424673,0.5538929262405935,0.11346780033212338,0.5415828896502544,0.09216589861751157,0.5460829493087558,0.5460829493087558,"{0: 0.5520090797331766, 1: 0.5520090797331767}","{0: 0.5520090797331766, 1: 0.5520090797331767}",0.5520090797331767,"[[420 231]
 [360 291]]",[0. 1. 1. ... 0. 0. 0.],[0. 1. 1. ... 1. 0. 0.]
663,SVC,"{'C': 100, 'gamma': 0.0001, 'kernel': 'rbf'}",0.5383878020412317,0.1115921192038598,0.10768676750088137,0.2245551842032427,0.5538433837504406,0.11227759210162133,0.5344923154446963,0.08448540706605223,0.5422427035330261,0.5422427035330262,"{0: 0.5475246636982923, 1: 0.5475246636982923}","{0: 0.5475246636982923, 1: 0.5475246636982923}",0.5475246636982923,"[[437 214]
 [382 269]]",[0. 1. 1. ... 0. 0. 0.],[0. 1. 1. ... 1. 0. 0.]
561,SVC,"{'C': 1000, 'gamma': 0.0001, 'kernel': 'rbf'}",0.5367765090924601,0.13044343118333157,0.10760572215851241,0.25734482262751046,0.5538028610792562,0.12867241131375523,0.5295698924731183,0.07834101382488479,0.5391705069124424,0.5391705069124424,"{0: 0.5499137566924098, 1: 0.5499137566924099}","{0: 0.5499137566924098, 1: 0.5499137566924099}",0.5499137566924099,"[[444 207]
 [393 258]]",[0. 1. 1. ... 0. 0. 0.],[0. 1. 1. ... 1. 0. 0.]
765,SVC,"{'C': 100, 'gamma': 0.001, 'kernel': 'rbf'}",0.535997723521888,0.12435432142180336,0.10749648955401117,0.24774920684268167,0.5537482447770056,0.12387460342134084,0.533722542824661,0.08448540706605223,0.5422427035330261,0.5422427035330261,"{0: 0.5444040953183216, 1: 0.5444040953183216}","{0: 0.5444040953183216, 1: 0.5444040953183216}",0.5444040953183216,"[[441 210]
 [386 265]]",[0. 1. 1. ... 0. 0. 0.],[0. 1. 1. ... 1. 0. 0.]
626,SVC,"{'C': 100, 'gamma': 0.001, 'kernel': 'sigmoid'}",0.5385837037438264,0.12728757508178598,0.10749056010328711,0.25330914624923984,0.5537452800516436,0.12665457312461992,0.5293059671820326,0.0768049155145929,0.5384024577572964,0.5384024577572964,"{0: 0.5441138647619992, 1: 0.5441138647619992}","{0: 0.5441138647619992, 1: 0.5441138647619992}",0.5441138647619992,"[[441 210]
 [391 260]]",[0. 0. 1. ... 0. 0. 0.],[0. 1. 1. ... 1. 0. 0.]
132,SVC,"{'C': 100, 'gamma': 0.001, 'kernel': 'rbf'}",0.5369770578029273,0.1241139606131985,0.10738911327016426,0.24866897495999274,0.5536945566350822,0.12433448747999638,0.5360544217687075,0.0875576036866359,0.543778801843318,0.543778801843318,"{0: 0.5480827086297578, 1: 0.5480827086297578}","{0: 0.5480827086297578, 1: 0.5480827086297578}",0.5480827086297578,"[[438 213]
 [381 270]]",[0. 1. 1. ... 0. 0. 1.],[0. 1. 1. ... 1. 0. 0.]
88,SVC,"{'C': 100, 'gamma': 0.001, 'kernel': 'rbf'}",0.5372622328003404,0.12578071292784285,0.10736532283979805,0.2526528866409428,0.5536826614198991,0.1263264433204714,0.5365527325636884,0.08909370199692779,0.5445468509984639,0.5445468509984639,"{0: 0.5430897992218046, 1: 0.5430897992218047}","{0: 0.5430897992218046, 1: 0.5430897992218047}",0.5430897992218047,"[[440 211]
 [382 269]]",[0. 1. 1. ... 0. 0. 1.],[0. 1. 1. ... 1. 0. 0.]
295,SVC,"{'C': 1000, 'gamma': 0.0001, 'kernel': 'rbf'}",0.5370848766812688,0.1277441215775715,0.10728483461902964,0.25394318490018536,0.5536424173095148,0.12697159245009268,0.5327060931899641,0.08448540706605223,0.5422427035330261,0.5422427035330262,"{0: 0.5538802409621497, 1: 0.5538802409621497}","{0: 0.5538802409621497, 1: 0.5538802409621497}",0.5538802409621497,"[[446 205]
 [391 260]]",[0. 0. 1. ... 0. 0. 0.],[0. 1. 1. ... 1. 0. 0.]
448,SVC,"{'C': 100, 'gamma': 0.0001, 'kernel': 'rbf'}",0.5351081865972808,0.12600308479480796,0.10726122576890067,0.2503492888237736,0.5536306128844504,0.1251746444118868,0.5287071178980289,0.07834101382488479,0.5391705069124424,0.5391705069124424,"{0: 0.5472308937449416, 1: 0.5472308937449417}","{0: 0.5472308937449416, 1: 0.5472308937449417}",0.5472308937449417,"[[448 203]
 [397 254]]",[0. 1. 1. ... 0. 0. 0.],[0. 1. 1. ... 1. 0. 0.]
288,SVC,"{'C': 100, 'gamma': 0.0001, 'kernel': 'rbf'}",0.5373094400576337,0.11054481944859738,0.10704130446718306,0.22053066838910756,0.5535206522335916,0.11026533419455377,0.5322431574117668,0.07987711213517668,0.5399385560675883,0.5399385560675883,"{0: 0.549314418795614, 1: 0.5493144187956139}","{0: 0.549314418795614, 1: 0.5493144187956139}",0.5493144187956139,"[[435 216]
 [383 268]]",[0. 1. 1. ... 0. 0. 0.],[0. 1. 1. ... 1. 0. 0.]
784,SVC,"{'C': 100, 'gamma': 0.001, 'kernel': 'rbf'}",0.5365792670064982,0.12394191455883943,0.10700816088921189,0.2489037598189398,0.553504080444606,0.1244518799094699,0.5346030437726296,0.08602150537634412,0.543010752688172,0.543010752688172,"{0: 0.5457986177474805, 1: 0.5457986177474805}","{0: 0.5457986177474805, 1: 0.5457986177474805}",0.5457986177474805,"[[441 210]
 [385 266]]",[0. 1. 1. ... 0. 0. 1.],[0. 1. 1. ... 1. 0. 0.]
779,AdaBoost,"{'algorithm': 'SAMME', 'learning_rate': 0.5897959183673469, 'n_estimators': 85}",0.5365864029369923,0.0823635879007302,0.10695990754619934,0.15687564251490388,0.5534799537730997,0.07843782125745193,0.5444863918668018,0.08909370199692779,0.5445468509984639,0.5445468509984639,"{0: 0.5558257295287174, 1: 0.5558257295287176}","{0: 0.5558257295287174, 1: 0.5558257295287176}",0.5558257295287176,"[[362 289]
 [304 347]]",[1. 1. 1. ... 0. 1. 1.],[0. 1. 1. ... 1. 0. 0.]
275,SVC,"{'C': 100, 'gamma': 0.0001, 'kernel': 'rbf'}",0.5375484686524901,0.12629205264693105,0.10690629776008333,0.2523874283214014,0.5534531488800417,0.1261937141607007,0.5304921329882885,0.0768049155145929,0.5384024577572964,0.5384024577572964,"{0: 0.5512917619354367, 1: 0.5512917619354367}","{0: 0.5512917619354367, 1: 0.5512917619354367}",0.5512917619354367,"[[435 216]
 [385 266]]",[0. 1. 1. ... 0. 0. 0.],[0. 1. 1. ... 1. 0. 0.]
842,SVC,"{'C': 1000, 'gamma': 0.0001, 'kernel': 'sigmoid'}",0.536871540241484,0.12464419856231967,0.10677648258728499,0.24730562021711838,0.5533882412936425,0.12365281010855919,0.527739597688462,0.07373271889400923,0.5368663594470046,0.5368663594470047,"{0: 0.5448465199468618, 1: 0.5448465199468618}","{0: 0.5448465199468618, 1: 0.5448465199468618}",0.5448465199468618,"[[440 211]
 [392 259]]",[0. 0. 1. ... 0. 0. 1.],[0. 1. 1. ... 1. 0. 0.]
522,SVC,"{'C': 100, 'gamma': 0.001, 'kernel': 'rbf'}",0.5363302075766816,0.12431934075215752,0.10668868174620333,0.24810747403634936,0.5533443408731017,0.12405373701817468,0.5341122224757147,0.08448540706605223,0.5422427035330261,0.5422427035330262,"{0: 0.5463389656938044, 1: 0.5463389656938044}","{0: 0.5463389656938044, 1: 0.5463389656938044}",0.5463389656938044,"[[439 212]
 [384 267]]",[0. 1. 1. ... 0. 0. 0.],[0. 1. 1. ... 1. 0. 0.]
610,SVC,"{'C': 100, 'gamma': 0.0001, 'kernel': 'rbf'}",0.5377190959138994,0.11267980235797352,0.1065721299635258,0.22639937580403885,0.5532860649817629,0.11319968790201942,0.533117300533446,0.08141321044546856,0.5407066052227343,0.5407066052227343,"{0: 0.5479954035030592, 1: 0.5479954035030592}","{0: 0.5479954035030592, 1: 0.5479954035030592}",0.5479954035030592,"[[435 216]
 [382 269]]",[0. 1. 1. ... 0. 0. 0.],[0. 1. 1. ... 1. 0. 0.]
943,SVC,"{'C': 1000, 'gamma': 0.0001, 'kernel': 'rbf'}",0.5333895212733498,0.12779199160566648,0.1065115674545176,0.2497189701514639,0.5532557837272588,0.12485948507573197,0.5275301193505961,0.07987711213517668,0.5399385560675883,0.5399385560675883,"{0: 0.5519123362144025, 1: 0.5519123362144026}","{0: 0.5519123362144025, 1: 0.5519123362144026}",0.5519123362144026,"[[457 194]
 [405 246]]",[0. 0. 1. ... 0. 0. 0.],[0. 1. 1. ... 1. 0. 0.]
837,SVC,"{'C': 100, 'gamma': 0.001, 'kernel': 'rbf'}",0.5356705584481564,0.12414727294770117,0.10646832693761325,0.24806489003056564,0.5532341634688066,0.12403244501528282,0.5344061302681993,0.08602150537634412,0.543010752688172,0.543010752688172,"{0: 0.5438495897838844, 1: 0.5438495897838844}","{0: 0.5438495897838844, 1: 0.5438495897838844}",0.5438495897838844,"[[442 209]
 [386 265]]",[0. 1. 1. ... 0. 0. 0.],[0. 1. 1. ... 1. 0. 0.]
282,SVC,"{'C': 100, 'gamma': 0.0001, 'kernel': 'rbf'}",0.538687299895394,0.11496731646981158,0.10637920915884028,0.23196754571447872,0.5531896045794201,0.11598377285723936,0.5331503602096309,0.07987711213517668,0.5399385560675883,0.5399385560675883,"{0: 0.5545173324272477, 1: 0.5545173324272477}","{0: 0.5545173324272477, 1: 0.5545173324272477}",0.5545173324272477,"[[430 221]
 [378 273]]",[0. 1. 1. ... 0. 0. 0.],[0. 1. 1. ... 1. 0. 0.]
974,SVC,"{'C': 100, 'gamma': 0.0001, 'kernel': 'rbf'}",0.5364189374688253,0.11043024266826035,0.1063517751549357,0.22194215919085505,0.5531758875774679,0.11097107959542753,0.531958738097528,0.08141321044546856,0.5407066052227343,0.5407066052227343,"{0: 0.5525163933072362, 1: 0.5525163933072361}","{0: 0.5525163933072362, 1: 0.5525163933072361}",0.5525163933072361,"[[441 210]
 [388 263]]",[0. 1. 1. ... 0. 0. 0.],[0. 1. 1. ... 1. 0. 0.]
645,SVC,"{'C': 100, 'gamma': 0.0001, 'kernel': 'rbf'}",0.5384390856327597,0.11413550178481553,0.10633537256125113,0.22976666765032291,0.5531676862806256,0.11488333382516146,0.5333246767701126,0.07987711213517668,0.5399385560675883,0.5399385560675883,"{0: 0.5521718919964795, 1: 0.5521718919964795}","{0: 0.5521718919964795, 1: 0.5521718919964795}",0.5521718919964795,"[[429 222]
 [377 274]]",[0. 1. 1. ... 0. 0. 0.],[0. 1. 1. ... 1. 0. 0.]
953,SVC,"{'C': 100, 'gamma': 0.0001, 'kernel': 'sigmoid'}",0.5394035274260641,0.1185240492836552,0.1062328522477775,0.2378760051745467,0.5531164261238887,0.11893800258727337,0.5395574022890426,0.09216589861751157,0.5460829493087558,0.5460829493087558,"{0: 0.5552039754507422, 1: 0.5552039754507423}","{0: 0.5552039754507422, 1: 0.5552039754507423}",0.5552039754507423,"[[433 218]
 [373 278]]",[0. 1. 1. ... 0. 0. 0.],[0. 1. 1. ... 1. 0. 0.]
797,SVC,"{'C': 100, 'gamma': 0.0001, 'kernel': 'rbf'}",0.5391031429256867,0.11130487874019734,0.10621657440797025,0.22551580354056533,0.5531082872039852,0.11275790177028266,0.5336662275779223,0.07987711213517668,0.5399385560675883,0.5399385560675883,"{0: 0.5542990696105011, 1: 0.5542990696105012}","{0: 0.5542990696105011, 1: 0.5542990696105012}",0.5542990696105012,"[[427 224]
 [375 276]]",[0. 1. 1. ... 0. 0. 0.],[0. 1. 1. ... 1. 0. 0.]
310,SVC,"{'C': 1000, 'gamma': 0.0001, 'kernel': 'rbf'}",0.5376420204138092,0.11403257047767378,0.10619178511421545,0.22740507331013324,0.5530958925571077,0.11370253665506663,0.5364552887772702,0.09062980030721968,0.5453149001536098,0.5453149001536098,"{0: 0.5529930321070502, 1: 0.5529930321070502}","{0: 0.5529930321070502, 1: 0.5529930321070502}",0.5529930321070502,"[[445 206]
 [386 265]]",[0. 1. 1. ... 0. 0. 1.],[0. 1. 1. ... 1. 0. 0.]
211,SVC,"{'C': 1000, 'gamma': 0.0001, 'kernel': 'sigmoid'}",0.5368519247715929,0.12907562715489276,0.10595477031168339,0.25498779491526136,0.5529773851558417,0.12749389745763068,0.5295097353656858,0.0768049155145929,0.5384024577572964,0.5384024577572964,"{0: 0.545312540555591, 1: 0.545312540555591}","{0: 0.545312540555591, 1: 0.545312540555591}",0.545312540555591,"[[440 211]
 [390 261]]",[0. 0. 1. ... 0. 0. 1.],[0. 1. 1. ... 1. 0. 0.]
924,SVC,"{'C': 1000, 'gamma': 0.0001, 'kernel': 'rbf'}",0.5357357224422494,0.12829689822704538,0.10583676564536983,0.2544820717941046,0.5529183828226849,0.1272410358970523,0.5295698924731183,0.07834101382488479,0.5391705069124424,0.5391705069124424,"{0: 0.5510322061533598, 1: 0.5510322061533597}","{0: 0.5510322061533598, 1: 0.5510322061533597}",0.5510322061533597,"[[444 207]
 [393 258]]",[0. 0. 1. ... 0. 0. 0.],[0. 1. 1. ... 1. 0. 0.]
806,SVC,"{'C': 100, 'gamma': 0.0001, 'kernel': 'rbf'}",0.5364757962206695,0.10830855637256641,0.10568748051335909,0.21756405394528158,0.5528437402566796,0.10878202697264082,0.5327407243816255,0.08141321044546856,0.5407066052227343,0.5407066052227343,"{0: 0.5498937001092494, 1: 0.5498937001092494}","{0: 0.5498937001092494, 1: 0.5498937001092494}",0.5498937001092494,"[[437 214]
 [384 267]]",[0. 1. 1. ... 0. 0. 0.],[0. 1. 1. ... 1. 0. 0.]
885,SVC,"{'C': 100, 'gamma': 0.01, 'kernel': 'rbf'}",0.5399263032799059,0.1036538898573453,0.10558316484944158,0.20626641557678368,0.5527915824247208,0.10313320778839184,0.539296000973815,0.08909370199692779,0.5445468509984639,0.5445468509984639,"{0: 0.5370964202538456, 1: 0.5370964202538455}","{0: 0.5370964202538456, 1: 0.5370964202538455}",0.5370964202538455,"[[424 227]
 [366 285]]",[0. 1. 0. ... 0. 0. 1.],[0. 1. 1. ... 1. 0. 0.]
745,SVC,"{'C': 100, 'gamma': 0.001, 'kernel': 'sigmoid'}",0.5367287051605325,0.1279175968281899,0.10553123714396417,0.25302411907842665,0.5527656185719821,0.12651205953921332,0.5288910937465193,0.0768049155145929,0.5384024577572964,0.5384024577572964,"{0: 0.5447273602469084, 1: 0.5447273602469083}","{0: 0.5447273602469084, 1: 0.5447273602469083}",0.5447273602469083,"[[443 208]
 [393 258]]",[0. 0. 1. ... 0. 0. 1.],[0. 1. 1. ... 1. 0. 0.]
124,SVC,"{'C': 1000, 'gamma': 0.0001, 'kernel': 'sigmoid'}",0.5377375041949157,0.12545547575446242,0.10544334828863343,0.2500507539507529,0.5527216741443168,0.12502537697537644,0.5285427331822071,0.07373271889400923,0.5368663594470046,0.5368663594470047,"{0: 0.5440926283798292, 1: 0.5440926283798292}","{0: 0.5440926283798292, 1: 0.5440926283798292}",0.5440926283798292,"[[436 215]
 [388 263]]",[0. 0. 1. ... 0. 0. 1.],[0. 1. 1. ... 1. 0. 0.]
985,SVC,"{'C': 100, 'gamma': 0.0001, 'kernel': 'rbf'}",0.5374035607867628,0.11055616454845348,0.10535798854938438,0.22308470901268687,0.5526789942746921,0.11154235450634344,0.5317411413240241,0.07834101382488479,0.5391705069124424,0.5391705069124424,"{0: 0.5560133175712185, 1: 0.5560133175712186}","{0: 0.5560133175712185, 1: 0.5560133175712186}",0.5560133175712186,"[[433 218]
 [382 269]]",[0. 1. 1. ... 0. 0. 0.],[0. 1. 1. ... 1. 0. 0.]
708,SVC,"{'C': 1000, 'gamma': 0.0001, 'kernel': 'rbf'}",0.5348122009216929,0.12865830769738437,0.10525095468227691,0.25387525988619825,0.5526254773411385,0.12693762994309915,0.5282503468029321,0.0768049155145929,0.5384024577572964,0.5384024577572964,"{0: 0.5493238571876895, 1: 0.5493238571876895}","{0: 0.5493238571876895, 1: 0.5493238571876895}",0.5493238571876895,"[[446 205]
 [396 255]]",[0. 1. 1. ... 0. 0. 1.],[0. 1. 1. ... 1. 0. 0.]
905,SVC,"{'C': 100, 'gamma': 0.01, 'kernel': 'rbf'}",0.5404570146931246,0.1064000894134558,0.10516769702739798,0.21141470904797657,0.552583848513699,0.10570735452398831,0.5421449772914209,0.09370199692780334,0.5468509984639017,0.5468509984639017,"{0: 0.539924398479475, 1: 0.539924398479475}","{0: 0.539924398479475, 1: 0.539924398479475}",0.539924398479475,"[[422 229]
 [361 290]]",[0. 1. 0. ... 0. 0. 1.],[0. 1. 1. ... 1. 0. 0.]
257,SVC,"{'C': 100, 'gamma': 0.0001, 'kernel': 'rbf'}",0.5380368745922912,0.11489770359233328,0.10509068269822076,0.23007782711009447,0.5525453413491104,0.11503891355504725,0.5322769893419199,0.0768049155145929,0.5384024577572964,0.5384024577572964,"{0: 0.5531747211545042, 1: 0.5531747211545042}","{0: 0.5531747211545042, 1: 0.5531747211545042}",0.5531747211545042,"[[425 226]
 [375 276]]",[0. 1. 1. ... 0. 0. 0.],[0. 1. 1. ... 1. 0. 0.]
638,SVC,"{'C': 100, 'gamma': 0.0001, 'kernel': 'rbf'}",0.536726671451817,0.11376668634351993,0.10496895536035118,0.22878950321511432,0.5524844776801756,0.11439475160755717,0.5320545551746836,0.07987711213517668,0.5399385560675883,0.5399385560675883,"{0: 0.5498724637270794, 1: 0.5498724637270795}","{0: 0.5498724637270794, 1: 0.5498724637270795}",0.5498724637270795,"[[436 215]
 [384 267]]",[0. 1. 1. ... 0. 0. 0.],[0. 1. 1. ... 1. 0. 0.]
766,SVC,"{'C': 1000, 'gamma': 0.0001, 'kernel': 'rbf'}",0.534950575201306,0.12926504838064384,0.10494324730780225,0.2574758198687339,0.5524716236539011,0.12873790993436696,0.5277890906461992,0.07526881720430112,0.5376344086021505,0.5376344086021505,"{0: 0.5496600999053801, 1: 0.5496600999053801}","{0: 0.5496600999053801, 1: 0.5496600999053801}",0.5496600999053801,"[[444 207]
 [395 256]]",[0. 0. 1. ... 0. 0. 0.],[0. 1. 1. ... 1. 0. 0.]
858,SVC,"{'C': 100, 'gamma': 0.001, 'kernel': 'sigmoid'}",0.5364892126105782,0.12680429155312262,0.10487154826294408,0.2517968264089679,0.552435774131472,0.12589841320448394,0.5264336917562724,0.07219662058371734,0.5360983102918587,0.5360983102918586,"{0: 0.5393698929450379, 1: 0.5393698929450379}","{0: 0.5393698929450379, 1: 0.5393698929450379}",0.5393698929450379,"[[442 209]
 [395 256]]",[0. 0. 1. ... 0. 0. 1.],[0. 1. 1. ... 1. 0. 0.]
903,SVC,"{'C': 1000, 'gamma': 0.0001, 'kernel': 'rbf'}",0.5346062955785402,0.12770855064405268,0.10481978323577457,0.2540419963065942,0.5524098916178872,0.12702099815329707,0.5282503468029321,0.0768049155145929,0.5384024577572964,0.5384024577572964,"{0: 0.5501013447349109, 1: 0.550101344734911}","{0: 0.5501013447349109, 1: 0.550101344734911}",0.550101344734911,"[[446 205]
 [396 255]]",[0. 0. 1. ... 0. 0. 0.],[0. 1. 1. ... 1. 0. 0.]
464,SVC,"{'C': 100, 'gamma': 0.0001, 'kernel': 'rbf'}",0.5362343557319742,0.1132488693181582,0.10451995153925435,0.22768143407341537,0.5522599757696272,0.11384071703670769,0.5324293651179062,0.07987711213517668,0.5399385560675883,0.5399385560675883,"{0: 0.5507986059494905, 1: 0.5507986059494905}","{0: 0.5507986059494905, 1: 0.5507986059494905}",0.5507986059494905,"[[434 217]
 [382 269]]",[0. 1. 1. ... 0. 0. 0.],[0. 1. 1. ... 1. 0. 0.]
866,SVC,"{'C': 100, 'gamma': 0.0001, 'kernel': 'rbf'}",0.5368777984485785,0.1111828883720856,0.10405605066358876,0.2245084100114944,0.5520280253317944,0.1122542050057472,0.5327946190070827,0.07987711213517668,0.5399385560675883,0.5399385560675883,"{0: 0.5497013928707105, 1: 0.5497013928707106}","{0: 0.5497013928707105, 1: 0.5497013928707106}",0.5497013928707106,"[[432 219]
 [380 271]]",[0. 1. 1. ... 0. 0. 0.],[0. 1. 1. ... 1. 0. 0.]
137,SVC,"{'C': 1000, 'gamma': 0.0001, 'kernel': 'rbf'}",0.5358285189869645,0.12686243857086615,0.10397508583213572,0.2532326744815857,0.5519875429160678,0.12661633724079285,0.5280017921146953,0.07526881720430112,0.5376344086021505,0.5376344086021505,"{0: 0.5490855377877825, 1: 0.5490855377877825}","{0: 0.5490855377877825, 1: 0.5490855377877825}",0.5490855377877825,"[[443 208]
 [394 257]]",[0. 1. 1. ... 0. 0. 1.],[0. 1. 1. ... 1. 0. 0.]
579,SVC,"{'C': 100, 'gamma': 0.0001, 'kernel': 'rbf'}",0.5316832009465995,0.11275358113088514,0.10374014157778486,0.2217170744435328,0.5518700707888925,0.1108585372217664,0.5305070116446998,0.08294930875576034,0.5414746543778802,0.5414746543778801,"{0: 0.54702324911928, 1: 0.54702324911928}","{0: 0.54702324911928, 1: 0.54702324911928}",0.54702324911928,"[[452 199]
 [398 253]]",[0. 1. 1. ... 0. 0. 0.],[0. 1. 1. ... 1. 0. 0.]
445,SVC,"{'C': 1000, 'gamma': 0.0001, 'kernel': 'rbf'}",0.5350616239807013,0.12629504552891344,0.103677975190839,0.2520814712320215,0.5518389875954195,0.12604073561601079,0.5290997553732139,0.0768049155145929,0.5384024577572964,0.5384024577572964,"{0: 0.5489817154749517, 1: 0.5489817154749517}","{0: 0.5489817154749517, 1: 0.5489817154749517}",0.5489817154749517,"[[442 209]
 [392 259]]",[0. 0. 1. ... 0. 0. 0.],[0. 1. 1. ... 1. 0. 0.]
630,SVC,"{'C': 100, 'gamma': 0.01, 'kernel': 'rbf'}",0.5391746581134964,0.10356234417377064,0.10365173095249042,0.2060857853450976,0.5518258654762452,0.1030428926725488,0.5387461621224447,0.0875576036866359,0.543778801843318,0.5437788018433181,"{0: 0.5395020304340952, 1: 0.5395020304340952}","{0: 0.5395020304340952, 1: 0.5395020304340952}",0.5395020304340952,"[[422 229]
 [365 286]]",[0. 1. 0. ... 0. 0. 1.],[0. 1. 1. ... 1. 0. 0.]
384,SVC,"{'C': 1000, 'gamma': 0.001, 'kernel': 'rbf'}",0.5354602598177673,0.11900532804445071,0.10349964306466973,0.23819178832546925,0.5517498215323349,0.11909589416273463,0.5369599578503689,0.0875576036866359,0.543778801843318,0.5437788018433181,"{0: 0.5402110896387692, 1: 0.5402110896387692}","{0: 0.5402110896387692, 1: 0.5402110896387692}",0.5402110896387692,"[[433 218]
 [376 275]]",[0. 1. 1. ... 0. 0. 1.],[0. 1. 1. ... 1. 0. 0.]
475,SVC,"{'C': 100, 'gamma': 0.0001, 'kernel': 'rbf'}",0.5329816006585022,0.12626279094862317,0.10327989808305858,0.25204127830112943,0.5516399490415292,0.12602063915056472,0.5264612127590917,0.07373271889400923,0.5368663594470046,0.5368663594470047,"{0: 0.5492861036193875, 1: 0.5492861036193873}","{0: 0.5492861036193875, 1: 0.5492861036193873}",0.5492861036193873,"[[446 205]
 [398 253]]",[0. 1. 1. ... 0. 0. 0.],[0. 1. 1. ... 1. 0. 0.]
497,SVC,"{'C': 100, 'gamma': 0.0001, 'kernel': 'sigmoid'}",0.5376645237543759,0.13182380700341007,0.10315780043511541,0.2633551938638555,0.5515789002175576,0.13167759693192774,0.5329246957153934,0.0768049155145929,0.5384024577572964,0.5384024577572964,"{0: 0.5547650902192303, 1: 0.5547650902192303}","{0: 0.5547650902192303, 1: 0.5547650902192303}",0.5547650902192303,"[[421 230]
 [371 280]]",[0. 1. 1. ... 0. 0. 0.],[0. 1. 1. ... 1. 0. 0.]
594,SVC,"{'C': 1000, 'gamma': 0.0001, 'kernel': 'rbf'}",0.534739626245121,0.11057930084581821,0.10303718492513247,0.22141685460986574,0.5515185924625663,0.11070842730493287,0.5316047226756768,0.08294930875576034,0.5414746543778802,0.5414746543778802,"{0: 0.5519099766163836, 1: 0.5519099766163835}","{0: 0.5519099766163836, 1: 0.5519099766163835}",0.5519099766163835,"[[447 204]
 [393 258]]",[0. 1. 1. ... 0. 0. 0.],[0. 1. 1. ... 1. 0. 0.]
658,SVC,"{'C': 100, 'gamma': 0.0001, 'kernel': 'rbf'}",0.5370237055579695,0.10816200538543304,0.10295006314145898,0.2194006331874933,0.5514750315707295,0.10970031659374667,0.5322827857074433,0.07834101382488479,0.5391705069124424,0.5391705069124424,"{0: 0.5540725482006885, 1: 0.5540725482006885}","{0: 0.5540725482006885, 1: 0.5540725482006885}",0.5540725482006885,"[[430 221]
 [379 272]]",[0. 1. 1. ... 0. 0. 0.],[0. 1. 1. ... 1. 0. 0.]
562,SVC,"{'C': 100, 'gamma': 0.01, 'kernel': 'rbf'}",0.5394603201570042,0.10627184518840686,0.10290982917610587,0.2120567074607922,0.551454914588053,0.1060283537303961,0.541296501074506,0.09216589861751157,0.5460829493087558,0.5460829493087558,"{0: 0.5337410718709961, 1: 0.5337410718709961}","{0: 0.5337410718709961, 1: 0.5337410718709961}",0.5337410718709961,"[[422 229]
 [362 289]]",[0. 1. 0. ... 0. 0. 1.],[0. 1. 1. ... 1. 0. 0.]
189,SVC,"{'C': 100, 'gamma': 0.001, 'kernel': 'sigmoid'}",0.5353048851971012,0.1272005860672725,0.10278714492272678,0.2522100568649094,0.5513935724613633,0.1261050284324547,0.5248126611763249,0.06758832565284179,0.5337941628264209,0.5337941628264209,"{0: 0.542145960014252, 1: 0.542145960014252}","{0: 0.542145960014252, 1: 0.542145960014252}",0.542145960014252,"[[437 214]
 [393 258]]",[0. 0. 1. ... 0. 0. 0.],[0. 1. 1. ... 1. 0. 0.]
767,SVC,"{'C': 100, 'gamma': 0.01, 'kernel': 'rbf'}",0.53792100006634,0.104075785351868,0.10253255449570371,0.20789828221367235,0.5512662772478518,0.10394914110683617,0.5372717015325124,0.08602150537634412,0.543010752688172,0.543010752688172,"{0: 0.5328515034178778, 1: 0.5328515034178778}","{0: 0.5328515034178778, 1: 0.5328515034178778}",0.5328515034178778,"[[426 225]
 [370 281]]",[0. 1. 0. ... 0. 0. 1.],[0. 1. 1. ... 1. 0. 0.]
415,SVC,"{'C': 100, 'gamma': 0.01, 'kernel': 'rbf'}",0.5387764373144391,0.1044273678482734,0.10221980148607819,0.20825775275637157,0.5511099007430391,0.10412887637818578,0.5377421932199324,0.08602150537634412,0.543010752688172,0.543010752688172,"{0: 0.5394418606846137, 1: 0.5394418606846139}","{0: 0.5394418606846137, 1: 0.5394418606846139}",0.5394418606846139,"[[423 228]
 [367 284]]",[0. 1. 0. ... 0. 0. 1.],[0. 1. 1. ... 1. 0. 0.]
506,SVC,"{'C': 100, 'gamma': 0.0001, 'kernel': 'rbf'}",0.5363418934311599,0.11051064223913822,0.10217357695320807,0.22336104833120074,0.551086788476604,0.11168052416560038,0.5310526268476928,0.0768049155145929,0.5384024577572964,0.5384024577572964,"{0: 0.5500529729755239, 1: 0.5500529729755239}","{0: 0.5500529729755239, 1: 0.5500529729755239}",0.5500529729755239,"[[432 219]
 [382 269]]",[0. 1. 1. ... 0. 0. 0.],[0. 1. 1. ... 1. 0. 0.]
60,logistic_regression,"{'penalty': None, 'solver': 'sag'}",0.5398167034912197,0.10742934724720725,0.1020510529173674,0.22019416724086696,0.5510255264586837,0.11009708362043348,0.5404601389848706,0.08602150537634412,0.543010752688172,0.543010752688172,"{0: 0.545789179355405, 1: 0.545789179355405}","{0: 0.545789179355405, 1: 0.545789179355405}",0.545789179355405,"[[402 249]
 [346 305]]",[0. 1. 1. ... 0. 0. 0.],[0. 1. 1. ... 1. 0. 0.]
690,SVC,"{'C': 100, 'gamma': 0.01, 'kernel': 'rbf'}",0.539010427783671,0.10723010790950278,0.10176908166326537,0.2131503941469705,0.5508845408316327,0.10657519707348526,0.539841436622409,0.09062980030721968,0.5453149001536098,0.5453149001536098,"{0: 0.5353573965139299, 1: 0.5353573965139299}","{0: 0.5353573965139299, 1: 0.5353573965139299}",0.5353573965139299,"[[426 225]
 [367 284]]",[0. 1. 0. ... 0. 0. 1.],[0. 1. 1. ... 1. 0. 0.]
508,SVC,"{'C': 100, 'gamma': 0.01, 'kernel': 'rbf'}",0.5393586370466567,0.1059194405132069,0.10147615237033605,0.21142813202554794,0.5507380761851681,0.10571406601277399,0.5405929263669849,0.09062980030721968,0.5453149001536098,0.5453149001536098,"{0: 0.5352677317892124, 1: 0.5352677317892124}","{0: 0.5352677317892124, 1: 0.5352677317892124}",0.5352677317892124,"[[421 230]
 [362 289]]",[0. 1. 0. ... 0. 0. 1.],[0. 1. 1. ... 1. 0. 0.]
608,SVC,"{'C': 1000, 'gamma': 0.001, 'kernel': 'rbf'}",0.533942817488401,0.12062021948999585,0.10111736427581515,0.24179474931231465,0.5505586821379076,0.12089737465615732,0.5356756042794876,0.0875576036866359,0.543778801843318,0.543778801843318,"{0: 0.5388826359541389, 1: 0.5388826359541388}","{0: 0.5388826359541389, 1: 0.5388826359541388}",0.5388826359541388,"[[440 211]
 [383 268]]",[0. 0. 1. ... 0. 0. 1.],[0. 1. 1. ... 1. 0. 0.]
449,SVC,"{'C': 100, 'gamma': 0.01, 'kernel': 'rbf'}",0.5393128439214417,0.1062579448646096,0.1011127890069727,0.21176276920637313,0.5505563945034864,0.10588138460318657,0.5408775211160219,0.09062980030721968,0.5453149001536098,0.5453149001536098,"{0: 0.535911902048367, 1: 0.535911902048367}","{0: 0.535911902048367, 1: 0.535911902048367}",0.535911902048367,"[[419 232]
 [360 291]]",[0. 1. 0. ... 0. 0. 1.],[0. 1. 1. ... 1. 0. 0.]
942,SVC,"{'C': 100, 'gamma': 0.0001, 'kernel': 'rbf'}",0.533446622936141,0.11001191026748641,0.10093740836328696,0.22042374411341453,0.5504687041816435,0.11021187205670727,0.5296152442771547,0.07526881720430112,0.5376344086021505,0.5376344086021505,"{0: 0.5501638740824114, 1: 0.5501638740824113}","{0: 0.5501638740824114, 1: 0.5501638740824113}",0.5501638740824113,"[[435 216]
 [386 265]]",[0. 1. 1. ... 0. 0. 0.],[0. 1. 1. ... 1. 0. 0.]
99,SVC,"{'C': 1000, 'gamma': 0.001, 'kernel': 'rbf'}",0.5338089353402247,0.12108047227498427,0.10090826240432356,0.24199113679597106,0.5504541312021618,0.12099556839798555,0.5381650848432556,0.09062980030721968,0.5453149001536098,0.5453149001536098,"{0: 0.5348689597240215, 1: 0.5348689597240214}","{0: 0.5348689597240215, 1: 0.5348689597240214}",0.5348689597240214,"[[436 215]
 [377 274]]",[0. 1. 1. ... 0. 0. 1.],[0. 1. 1. ... 1. 0. 0.]
710,SVC,"{'C': 100, 'gamma': 0.01, 'kernel': 'rbf'}",0.5384830379213225,0.10515651211565366,0.10084049114125061,0.2086160454267736,0.5504202455706253,0.10430802271338677,0.5383372178186138,0.08602150537634412,0.543010752688172,0.543010752688172,"{0: 0.5383647041889944, 1: 0.5383647041889943}","{0: 0.5383647041889944, 1: 0.5383647041889943}",0.5383647041889943,"[[419 232]
 [363 288]]",[0. 1. 0. ... 0. 0. 1.],[0. 1. 1. ... 1. 0. 0.]
863,SVC,"{'C': 100, 'gamma': 0.01, 'kernel': 'rbf'}",0.5388932934004539,0.1058608089229364,0.10069610170656448,0.2110582416261442,0.5503480508532822,0.1055291208130721,0.5400315627116766,0.08909370199692779,0.5445468509984639,0.5445468509984639,"{0: 0.5333540977958995, 1: 0.5333540977958995}","{0: 0.5333540977958995, 1: 0.5333540977958995}",0.5333540977958995,"[[419 232]
 [361 290]]",[0. 1. 0. ... 0. 0. 1.],[0. 1. 1. ... 1. 0. 0.]
564,SVC,"{'C': 100, 'gamma': 0.0001, 'kernel': 'sigmoid'}",0.5361631210690294,0.09960432571420669,0.10069419890254835,0.2026965735166259,0.5503470994512741,0.10134828675831296,0.5406963313940057,0.09216589861751157,0.5460829493087558,0.5460829493087558,"{0: 0.5533729273880902, 1: 0.5533729273880902}","{0: 0.5533729273880902, 1: 0.5533729273880902}",0.5533729273880902,"[[426 225]
 [366 285]]",[0. 1. 1. ... 0. 0. 0.],[0. 1. 1. ... 1. 0. 0.]
758,SVC,"{'C': 100, 'gamma': 0.0001, 'kernel': 'sigmoid'}",0.536757015653211,0.09782829610600907,0.10067399340161262,0.19969034094209034,0.5503369967008063,0.09984517047104517,0.5426360664512798,0.09677419354838712,0.5483870967741935,0.5483870967741935,"{0: 0.5551744804755062, 1: 0.5551744804755062}","{0: 0.5551744804755062, 1: 0.5551744804755062}",0.5551744804755062,"[[430 221]
 [367 284]]",[0. 1. 1. ... 0. 0. 0.],[0. 1. 1. ... 1. 0. 0.]
427,SVC,"{'C': 1000, 'gamma': 0.0001, 'kernel': 'sigmoid'}",0.5347257335043287,0.12797226004161794,0.10057675531233717,0.25408340953745473,0.5502883776561686,0.1270417047687274,0.5254153217936978,0.06758832565284179,0.5337941628264209,0.5337941628264209,"{0: 0.5412209975908504, 1: 0.5412209975908504}","{0: 0.5412209975908504, 1: 0.5412209975908504}",0.5412209975908504,"[[434 217]
 [390 261]]",[0. 0. 1. ... 0. 0. 1.],[0. 1. 1. ... 1. 0. 0.]
311,SVC,"{'C': 100, 'gamma': 0.0001, 'kernel': 'rbf'}",0.5339873917525683,0.10765375940206612,0.10042814906579235,0.21650476815383168,0.5502140745328962,0.10825238407691584,0.5315558199332233,0.07834101382488479,0.5391705069124424,0.5391705069124424,"{0: 0.5509425414286422, 1: 0.5509425414286422}","{0: 0.5509425414286422, 1: 0.5509425414286422}",0.5509425414286422,"[[434 217]
 [383 268]]",[0. 1. 1. ... 0. 0. 0.],[0. 1. 1. ... 1. 0. 0.]
29,logistic_regression,"{'penalty': None, 'solver': 'sag'}",0.5390130239627281,0.10786933586466564,0.10023287109918556,0.2212146126903814,0.5501164355495928,0.11060730634519068,0.5397404963736397,0.08448540706605223,0.5422427035330261,0.5422427035330261,"{0: 0.5457986177474805, 1: 0.5457986177474806}","{0: 0.5457986177474805, 1: 0.5457986177474806}",0.5457986177474806,"[[401 250]
 [346 305]]",[0. 1. 1. ... 0. 0. 0.],[0. 1. 1. ... 1. 0. 0.]
40,logistic_regression,"{'penalty': None, 'solver': 'sag'}",0.5390130239627281,0.10786933586466564,0.10023287109918556,0.2212146126903814,0.5501164355495928,0.11060730634519068,0.5397404963736397,0.08448540706605223,0.5422427035330261,0.5422427035330261,"{0: 0.5457254702088952, 1: 0.5457254702088952}","{0: 0.5457254702088952, 1: 0.5457254702088952}",0.5457254702088952,"[[401 250]
 [346 305]]",[0. 1. 1. ... 0. 0. 0.],[0. 1. 1. ... 1. 0. 0.]
989,logistic_regression,"{'penalty': None, 'solver': 'sag'}",0.5390130239627281,0.10786933586466564,0.10023287109918556,0.2212146126903814,0.5501164355495928,0.11060730634519068,0.5397404963736397,0.08448540706605223,0.5422427035330261,0.5422427035330261,"{0: 0.5457561449831407, 1: 0.5457561449831407}","{0: 0.5457561449831407, 1: 0.5457561449831407}",0.5457561449831407,"[[401 250]
 [346 305]]",[0. 1. 1. ... 0. 0. 0.],[0. 1. 1. ... 1. 0. 0.]
82,logistic_regression,"{'penalty': None, 'solver': 'sag'}",0.5390130239627281,0.10786933586466564,0.10023287109918556,0.2212146126903814,0.5501164355495928,0.11060730634519068,0.5397404963736397,0.08448540706605223,0.5422427035330261,0.5422427035330261,"{0: 0.5457797409633295, 1: 0.5457797409633295}","{0: 0.5457797409633295, 1: 0.5457797409633295}",0.5457797409633295,"[[401 250]
 [346 305]]",[0. 1. 1. ... 0. 0. 0.],[0. 1. 1. ... 1. 0. 0.]
30,logistic_regression,"{'penalty': None, 'solver': 'sag'}",0.5390130239627281,0.10786933586466564,0.10023287109918556,0.2212146126903814,0.5501164355495928,0.11060730634519068,0.5397404963736397,0.08448540706605223,0.5422427035330261,0.5422427035330261,"{0: 0.5457585045811596, 1: 0.5457585045811596}","{0: 0.5457585045811596, 1: 0.5457585045811596}",0.5457585045811596,"[[401 250]
 [346 305]]",[0. 1. 1. ... 0. 0. 0.],[0. 1. 1. ... 1. 0. 0.]
79,logistic_regression,"{'penalty': None, 'solver': 'sag'}",0.5390130239627281,0.10786933586466564,0.10023287109918556,0.2212146126903814,0.5501164355495928,0.11060730634519068,0.5397404963736397,0.08448540706605223,0.5422427035330261,0.5422427035330261,"{0: 0.5458528885019148, 1: 0.5458528885019148}","{0: 0.5458528885019148, 1: 0.5458528885019148}",0.5458528885019148,"[[401 250]
 [346 305]]",[0. 1. 1. ... 0. 0. 0.],[0. 1. 1. ... 1. 0. 0.]
34,logistic_regression,"{'penalty': None, 'solver': 'sag'}",0.5390130239627281,0.10786933586466564,0.10023287109918556,0.2212146126903814,0.5501164355495928,0.11060730634519068,0.5397404963736397,0.08448540706605223,0.5422427035330261,0.5422427035330261,"{0: 0.5458316521197448, 1: 0.5458316521197448}","{0: 0.5458316521197448, 1: 0.5458316521197448}",0.5458316521197448,"[[401 250]
 [346 305]]",[0. 1. 1. ... 0. 0. 0.],[0. 1. 1. ... 1. 0. 0.]
38,logistic_regression,"{'penalty': None, 'solver': 'sag'}",0.5390130239627281,0.10786933586466564,0.10023287109918556,0.2212146126903814,0.5501164355495928,0.11060730634519068,0.5397404963736397,0.08448540706605223,0.5422427035330261,0.5422427035330261,"{0: 0.5457207510128574, 1: 0.5457207510128574}","{0: 0.5457207510128574, 1: 0.5457207510128574}",0.5457207510128574,"[[401 250]
 [346 305]]",[0. 1. 1. ... 0. 0. 0.],[0. 1. 1. ... 1. 0. 0.]
39,logistic_regression,"{'penalty': None, 'solver': 'sag'}",0.5390130239627281,0.10786933586466564,0.10023287109918556,0.2212146126903814,0.5501164355495928,0.11060730634519068,0.5397404963736397,0.08448540706605223,0.5422427035330261,0.5422427035330261,"{0: 0.5457207510128574, 1: 0.5457207510128574}","{0: 0.5457207510128574, 1: 0.5457207510128574}",0.5457207510128574,"[[401 250]
 [346 305]]",[0. 1. 1. ... 0. 0. 0.],[0. 1. 1. ... 1. 0. 0.]
74,logistic_regression,"{'penalty': None, 'solver': 'sag'}",0.5390130239627281,0.10786933586466564,0.10023287109918556,0.2212146126903814,0.5501164355495928,0.11060730634519068,0.5397404963736397,0.08448540706605223,0.5422427035330261,0.5422427035330261,"{0: 0.5457750217672916, 1: 0.5457750217672918}","{0: 0.5457750217672916, 1: 0.5457750217672918}",0.5457750217672918,"[[401 250]
 [346 305]]",[0. 1. 1. ... 0. 0. 0.],[0. 1. 1. ... 1. 0. 0.]
876,logistic_regression,"{'penalty': None, 'solver': 'sag'}",0.5390130239627281,0.10786933586466564,0.10023287109918556,0.2212146126903814,0.5501164355495928,0.11060730634519068,0.5397404963736397,0.08448540706605223,0.5422427035330261,0.5422427035330261,"{0: 0.5457183914148386, 1: 0.5457183914148386}","{0: 0.5457183914148386, 1: 0.5457183914148386}",0.5457183914148386,"[[401 250]
 [346 305]]",[0. 1. 1. ... 0. 0. 0.],[0. 1. 1. ... 1. 0. 0.]
45,logistic_regression,"{'penalty': None, 'solver': 'sag'}",0.5390130239627281,0.10786933586466564,0.10023287109918556,0.2212146126903814,0.5501164355495928,0.11060730634519068,0.5397404963736397,0.08448540706605223,0.5422427035330261,0.5422427035330261,"{0: 0.5457844601593672, 1: 0.5457844601593673}","{0: 0.5457844601593672, 1: 0.5457844601593673}",0.5457844601593673,"[[401 250]
 [346 305]]",[0. 1. 1. ... 0. 0. 0.],[0. 1. 1. ... 1. 0. 0.]
47,logistic_regression,"{'penalty': None, 'solver': 'sag'}",0.5390130239627281,0.10786933586466564,0.10023287109918556,0.2212146126903814,0.5501164355495928,0.11060730634519068,0.5397404963736397,0.08448540706605223,0.5422427035330261,0.5422427035330261,"{0: 0.5457750217672918, 1: 0.5457750217672918}","{0: 0.5457750217672918, 1: 0.5457750217672918}",0.5457750217672918,"[[401 250]
 [346 305]]",[0. 1. 1. ... 0. 0. 0.],[0. 1. 1. ... 1. 0. 0.]
69,logistic_regression,"{'penalty': None, 'solver': 'sag'}",0.5390130239627281,0.10786933586466564,0.10023287109918556,0.2212146126903814,0.5501164355495928,0.11060730634519068,0.5397404963736397,0.08448540706605223,0.5422427035330261,0.5422427035330261,"{0: 0.5457278298069141, 1: 0.5457278298069141}","{0: 0.5457278298069141, 1: 0.5457278298069141}",0.5457278298069141,"[[401 250]
 [346 305]]",[0. 1. 1. ... 0. 0. 0.],[0. 1. 1. ... 1. 0. 0.]
67,logistic_regression,"{'penalty': None, 'solver': 'sag'}",0.5390130239627281,0.10786933586466564,0.10023287109918556,0.2212146126903814,0.5501164355495928,0.11060730634519068,0.5397404963736397,0.08448540706605223,0.5422427035330261,0.5422427035330261,"{0: 0.5457160318168196, 1: 0.5457160318168197}","{0: 0.5457160318168196, 1: 0.5457160318168197}",0.5457160318168197,"[[401 250]
 [346 305]]",[0. 1. 1. ... 0. 0. 0.],[0. 1. 1. ... 1. 0. 0.]
698,logistic_regression,"{'penalty': None, 'solver': 'sag'}",0.5390130239627281,0.10786933586466564,0.10023287109918556,0.2212146126903814,0.5501164355495928,0.11060730634519068,0.5397404963736397,0.08448540706605223,0.5422427035330261,0.5422427035330261,"{0: 0.5458104157375749, 1: 0.5458104157375749}","{0: 0.5458104157375749, 1: 0.5458104157375749}",0.5458104157375749,"[[401 250]
 [346 305]]",[0. 1. 1. ... 0. 0. 0.],[0. 1. 1. ... 1. 0. 0.]
66,logistic_regression,"{'penalty': None, 'solver': 'sag'}",0.5390130239627281,0.10786933586466564,0.10023287109918556,0.2212146126903814,0.5501164355495928,0.11060730634519068,0.5397404963736397,0.08448540706605223,0.5422427035330261,0.5422427035330261,"{0: 0.5457396277970086, 1: 0.5457396277970086}","{0: 0.5457396277970086, 1: 0.5457396277970086}",0.5457396277970086,"[[401 250]
 [346 305]]",[0. 1. 1. ... 0. 0. 0.],[0. 1. 1. ... 1. 0. 0.]
932,logistic_regression,"{'penalty': None, 'solver': 'sag'}",0.5390130239627281,0.10786933586466564,0.10023287109918556,0.2212146126903814,0.5501164355495928,0.11060730634519068,0.5397404963736397,0.08448540706605223,0.5422427035330261,0.5422427035330261,"{0: 0.5457797409633295, 1: 0.5457797409633295}","{0: 0.5457797409633295, 1: 0.5457797409633295}",0.5457797409633295,"[[401 250]
 [346 305]]",[0. 1. 1. ... 0. 0. 0.],[0. 1. 1. ... 1. 0. 0.]
65,logistic_regression,"{'penalty': None, 'solver': 'sag'}",0.5390130239627281,0.10786933586466564,0.10023287109918556,0.2212146126903814,0.5501164355495928,0.11060730634519068,0.5397404963736397,0.08448540706605223,0.5422427035330261,0.5422427035330261,"{0: 0.5457986177474806, 1: 0.5457986177474805}","{0: 0.5457986177474806, 1: 0.5457986177474805}",0.5457986177474805,"[[401 250]
 [346 305]]",[0. 1. 1. ... 0. 0. 0.],[0. 1. 1. ... 1. 0. 0.]
55,logistic_regression,"{'penalty': None, 'solver': 'sag'}",0.5390130239627281,0.10786933586466564,0.10023287109918556,0.2212146126903814,0.5501164355495928,0.11060730634519068,0.5397404963736397,0.08448540706605223,0.5422427035330261,0.5422427035330261,"{0: 0.5456947954346497, 1: 0.5456947954346498}","{0: 0.5456947954346497, 1: 0.5456947954346498}",0.5456947954346498,"[[401 250]
 [346 305]]",[0. 1. 1. ... 0. 0. 0.],[0. 1. 1. ... 1. 0. 0.]
617,logistic_regression,"{'penalty': None, 'solver': 'sag'}",0.5390130239627281,0.10786933586466564,0.10023287109918556,0.2212146126903814,0.5501164355495928,0.11060730634519068,0.5397404963736397,0.08448540706605223,0.5422427035330261,0.5422427035330261,"{0: 0.5457868197573862, 1: 0.5457868197573862}","{0: 0.5457868197573862, 1: 0.5457868197573862}",0.5457868197573862,"[[401 250]
 [346 305]]",[0. 1. 1. ... 0. 0. 0.],[0. 1. 1. ... 1. 0. 0.]
808,SVC,"{'C': 100, 'gamma': 0.01, 'kernel': 'rbf'}",0.538148000597993,0.10782775364290648,0.09988865174835268,0.2146415237103787,0.5499443258741763,0.10732076185518936,0.5390408754425491,0.0875576036866359,0.543778801843318,0.543778801843318,"{0: 0.5399008024992862, 1: 0.5399008024992862}","{0: 0.5399008024992862, 1: 0.5399008024992862}",0.5399008024992862,"[[420 231]
 [363 288]]",[0. 1. 0. ... 0. 0. 1.],[0. 1. 1. ... 1. 0. 0.]
537,SVC,"{'C': 100, 'gamma': 0.0001, 'kernel': 'sigmoid'}",0.5362518560838352,0.09728424109664609,0.09959339857902999,0.20077127768781516,0.5497966992895149,0.10038563884390758,0.5413960263635494,0.09370199692780334,0.5468509984639017,0.5468509984639016,"{0: 0.557539977489435, 1: 0.557539977489435}","{0: 0.557539977489435, 1: 0.557539977489435}",0.557539977489435,"[[427 224]
 [366 285]]",[0. 1. 1. ... 0. 0. 0.],[0. 1. 1. ... 1. 0. 0.]
865,SVC,"{'C': 100, 'gamma': 0.0001, 'kernel': 'rbf'}",0.5314194795218922,0.1114243341630311,0.09955942094562782,0.2226772652942634,0.5497797104728139,0.1113386326471317,0.5295698924731183,0.07834101382488479,0.5391705069124424,0.5391705069124424,"{0: 0.547422021184471, 1: 0.547422021184471}","{0: 0.547422021184471, 1: 0.547422021184471}",0.547422021184471,"[[444 207]
 [393 258]]",[0. 1. 1. ... 0. 0. 0.],[0. 1. 1. ... 1. 0. 0.]
964,SVC,"{'C': 1000, 'gamma': 0.0001, 'kernel': 'rbf'}",0.532746023792254,0.12918288786629284,0.0994732375119469,0.25617097103626757,0.5497366187559735,0.12808548551813378,0.5271115233686797,0.07373271889400923,0.5368663594470046,0.5368663594470047,"{0: 0.5541669321214439, 1: 0.5541669321214437}","{0: 0.5541669321214439, 1: 0.5541669321214437}",0.5541669321214437,"[[443 208]
 [395 256]]",[0. 0. 1. ... 0. 0. 1.],[0. 1. 1. ... 1. 0. 0.]
367,SVC,"{'C': 100, 'gamma': 0.01, 'kernel': 'rbf'}",0.5374660292080721,0.10536006746708863,0.09920728650804599,0.21091417289554093,0.549603643254023,0.10545708644777047,0.5385953608247422,0.0875576036866359,0.543778801843318,0.543778801843318,"{0: 0.5308694410820173, 1: 0.5308694410820173}","{0: 0.5308694410820173, 1: 0.5308694410820173}",0.5308694410820173,"[[423 228]
 [366 285]]",[0. 1. 0. ... 0. 0. 1.],[0. 1. 1. ... 1. 0. 0.]
861,SVC,"{'C': 1000, 'gamma': 0.0001, 'kernel': 'rbf'}",0.5331540237028726,0.13264988097545,0.0991253659339701,0.263560618636276,0.5495626829669851,0.131780309318138,0.5257555935385095,0.07066052227342545,0.5353302611367128,0.5353302611367128,"{0: 0.5496612797043896, 1: 0.5496612797043896}","{0: 0.5496612797043896, 1: 0.5496612797043896}",0.5496612797043896,"[[441 210]
 [395 256]]",[0. 1. 1. ... 0. 0. 1.],[0. 1. 1. ... 1. 0. 0.]
348,SVC,"{'C': 1000, 'gamma': 0.0001, 'kernel': 'rbf'}",0.532883388674157,0.1281194798705564,0.09900469829922162,0.2555806546377798,0.5495023491496108,0.12779032731888987,0.5268972324513116,0.07373271889400923,0.5368663594470046,0.5368663594470047,"{0: 0.5484803008959394, 1: 0.5484803008959394}","{0: 0.5484803008959394, 1: 0.5484803008959394}",0.5484803008959394,"[[444 207]
 [396 255]]",[0. 0. 1. ... 0. 0. 1.],[0. 1. 1. ... 1. 0. 0.]
26,logistic_regression,"{'penalty': None, 'solver': 'newton-cg'}",0.5383726199763534,0.10335189132227475,0.0989755134697349,0.213028167783624,0.5494877567348674,0.106514083891812,0.5399456940607326,0.08448540706605223,0.5422427035330261,0.5422427035330262,"{0: 0.5449774776369097, 1: 0.5449774776369098}","{0: 0.5449774776369097, 1: 0.5449774776369098}",0.5449774776369098,"[[399 252]
 [344 307]]",[0. 1. 1. ... 0. 0. 0.],[0. 1. 1. ... 1. 0. 0.]
670,logistic_regression,"{'penalty': None, 'solver': 'lbfgs'}",0.5383726199763534,0.10335189132227475,0.0989755134697349,0.213028167783624,0.5494877567348674,0.106514083891812,0.5399456940607326,0.08448540706605223,0.5422427035330261,0.5422427035330262,"{0: 0.5449963544210609, 1: 0.5449963544210609}","{0: 0.5449963544210609, 1: 0.5449963544210609}",0.5449963544210609,"[[399 252]
 [344 307]]",[0. 1. 1. ... 0. 0. 0.],[0. 1. 1. ... 1. 0. 0.]
604,logistic_regression,"{'penalty': None, 'solver': 'lbfgs'}",0.5383726199763534,0.10335189132227475,0.0989755134697349,0.213028167783624,0.5494877567348674,0.106514083891812,0.5399456940607326,0.08448540706605223,0.5422427035330261,0.5422427035330262,"{0: 0.5449963544210609, 1: 0.5449963544210609}","{0: 0.5449963544210609, 1: 0.5449963544210609}",0.5449963544210609,"[[399 252]
 [344 307]]",[0. 1. 1. ... 0. 0. 0.],[0. 1. 1. ... 1. 0. 0.]
28,logistic_regression,"{'penalty': None, 'solver': 'newton-cg'}",0.5383726199763534,0.10335189132227475,0.0989755134697349,0.213028167783624,0.5494877567348674,0.106514083891812,0.5399456940607326,0.08448540706605223,0.5422427035330261,0.5422427035330262,"{0: 0.5449774776369097, 1: 0.5449774776369098}","{0: 0.5449774776369097, 1: 0.5449774776369098}",0.5449774776369098,"[[399 252]
 [344 307]]",[0. 1. 1. ... 0. 0. 0.],[0. 1. 1. ... 1. 0. 0.]
13,logistic_regression,"{'penalty': None, 'solver': 'newton-cg'}",0.5383726199763534,0.10335189132227475,0.0989755134697349,0.213028167783624,0.5494877567348674,0.106514083891812,0.5399456940607326,0.08448540706605223,0.5422427035330261,0.5422427035330262,"{0: 0.5449774776369097, 1: 0.5449774776369098}","{0: 0.5449774776369097, 1: 0.5449774776369098}",0.5449774776369098,"[[399 252]
 [344 307]]",[0. 1. 1. ... 0. 0. 0.],[0. 1. 1. ... 1. 0. 0.]
23,logistic_regression,"{'penalty': None, 'solver': 'newton-cg'}",0.5383726199763534,0.10335189132227475,0.0989755134697349,0.213028167783624,0.5494877567348674,0.106514083891812,0.5399456940607326,0.08448540706605223,0.5422427035330261,0.5422427035330262,"{0: 0.5449774776369097, 1: 0.5449774776369098}","{0: 0.5449774776369097, 1: 0.5449774776369098}",0.5449774776369098,"[[399 252]
 [344 307]]",[0. 1. 1. ... 0. 0. 0.],[0. 1. 1. ... 1. 0. 0.]
22,logistic_regression,"{'penalty': None, 'solver': 'newton-cg'}",0.5383726199763534,0.10335189132227475,0.0989755134697349,0.213028167783624,0.5494877567348674,0.106514083891812,0.5399456940607326,0.08448540706605223,0.5422427035330261,0.5422427035330262,"{0: 0.5449774776369097, 1: 0.5449774776369098}","{0: 0.5449774776369097, 1: 0.5449774776369098}",0.5449774776369098,"[[399 252]
 [344 307]]",[0. 1. 1. ... 0. 0. 0.],[0. 1. 1. ... 1. 0. 0.]
52,logistic_regression,"{'penalty': None, 'solver': 'lbfgs'}",0.5383726199763534,0.10335189132227475,0.0989755134697349,0.213028167783624,0.5494877567348674,0.106514083891812,0.5399456940607326,0.08448540706605223,0.5422427035330261,0.5422427035330262,"{0: 0.5449963544210609, 1: 0.5449963544210609}","{0: 0.5449963544210609, 1: 0.5449963544210609}",0.5449963544210609,"[[399 252]
 [344 307]]",[0. 1. 1. ... 0. 0. 0.],[0. 1. 1. ... 1. 0. 0.]
8,logistic_regression,"{'penalty': None, 'solver': 'newton-cg'}",0.5383726199763534,0.10335189132227475,0.0989755134697349,0.213028167783624,0.5494877567348674,0.106514083891812,0.5399456940607326,0.08448540706605223,0.5422427035330261,0.5422427035330262,"{0: 0.5449774776369097, 1: 0.5449774776369098}","{0: 0.5449774776369097, 1: 0.5449774776369098}",0.5449774776369098,"[[399 252]
 [344 307]]",[0. 1. 1. ... 0. 0. 0.],[0. 1. 1. ... 1. 0. 0.]
644,logistic_regression,"{'penalty': None, 'solver': 'newton-cg'}",0.5383726199763534,0.10335189132227475,0.0989755134697349,0.213028167783624,0.5494877567348674,0.106514083891812,0.5399456940607326,0.08448540706605223,0.5422427035330261,0.5422427035330262,"{0: 0.5449774776369097, 1: 0.5449774776369098}","{0: 0.5449774776369097, 1: 0.5449774776369098}",0.5449774776369098,"[[399 252]
 [344 307]]",[0. 1. 1. ... 0. 0. 0.],[0. 1. 1. ... 1. 0. 0.]
722,logistic_regression,"{'penalty': None, 'solver': 'lbfgs'}",0.5383726199763534,0.10335189132227475,0.0989755134697349,0.213028167783624,0.5494877567348674,0.106514083891812,0.5399456940607326,0.08448540706605223,0.5422427035330261,0.5422427035330262,"{0: 0.5449963544210609, 1: 0.5449963544210609}","{0: 0.5449963544210609, 1: 0.5449963544210609}",0.5449963544210609,"[[399 252]
 [344 307]]",[0. 1. 1. ... 0. 0. 0.],[0. 1. 1. ... 1. 0. 0.]
775,logistic_regression,"{'penalty': None, 'solver': 'lbfgs'}",0.5383726199763534,0.10335189132227475,0.0989755134697349,0.213028167783624,0.5494877567348674,0.106514083891812,0.5399456940607326,0.08448540706605223,0.5422427035330261,0.5422427035330262,"{0: 0.5449963544210609, 1: 0.5449963544210609}","{0: 0.5449963544210609, 1: 0.5449963544210609}",0.5449963544210609,"[[399 252]
 [344 307]]",[0. 1. 1. ... 0. 0. 0.],[0. 1. 1. ... 1. 0. 0.]
68,logistic_regression,"{'penalty': None, 'solver': 'lbfgs'}",0.5383726199763534,0.10335189132227475,0.0989755134697349,0.213028167783624,0.5494877567348674,0.106514083891812,0.5399456940607326,0.08448540706605223,0.5422427035330261,0.5422427035330262,"{0: 0.5449963544210609, 1: 0.5449963544210609}","{0: 0.5449963544210609, 1: 0.5449963544210609}",0.5449963544210609,"[[399 252]
 [344 307]]",[0. 1. 1. ... 0. 0. 0.],[0. 1. 1. ... 1. 0. 0.]
18,logistic_regression,"{'penalty': None, 'solver': 'newton-cg'}",0.5383726199763534,0.10335189132227475,0.0989755134697349,0.213028167783624,0.5494877567348674,0.106514083891812,0.5399456940607326,0.08448540706605223,0.5422427035330261,0.5422427035330262,"{0: 0.5449774776369097, 1: 0.5449774776369098}","{0: 0.5449774776369097, 1: 0.5449774776369098}",0.5449774776369098,"[[399 252]
 [344 307]]",[0. 1. 1. ... 0. 0. 0.],[0. 1. 1. ... 1. 0. 0.]
494,logistic_regression,"{'penalty': None, 'solver': 'lbfgs'}",0.5383726199763534,0.10335189132227475,0.0989755134697349,0.213028167783624,0.5494877567348674,0.106514083891812,0.5399456940607326,0.08448540706605223,0.5422427035330261,0.5422427035330262,"{0: 0.5449963544210609, 1: 0.5449963544210609}","{0: 0.5449963544210609, 1: 0.5449963544210609}",0.5449963544210609,"[[399 252]
 [344 307]]",[0. 1. 1. ... 0. 0. 0.],[0. 1. 1. ... 1. 0. 0.]
458,logistic_regression,"{'penalty': None, 'solver': 'lbfgs'}",0.5383726199763534,0.10335189132227475,0.0989755134697349,0.213028167783624,0.5494877567348674,0.106514083891812,0.5399456940607326,0.08448540706605223,0.5422427035330261,0.5422427035330262,"{0: 0.5449963544210609, 1: 0.5449963544210609}","{0: 0.5449963544210609, 1: 0.5449963544210609}",0.5449963544210609,"[[399 252]
 [344 307]]",[0. 1. 1. ... 0. 0. 0.],[0. 1. 1. ... 1. 0. 0.]
904,logistic_regression,"{'penalty': None, 'solver': 'newton-cg'}",0.5383726199763534,0.10335189132227475,0.0989755134697349,0.213028167783624,0.5494877567348674,0.106514083891812,0.5399456940607326,0.08448540706605223,0.5422427035330261,0.5422427035330262,"{0: 0.5449774776369097, 1: 0.5449774776369098}","{0: 0.5449774776369097, 1: 0.5449774776369098}",0.5449774776369098,"[[399 252]
 [344 307]]",[0. 1. 1. ... 0. 0. 0.],[0. 1. 1. ... 1. 0. 0.]
422,logistic_regression,"{'penalty': None, 'solver': 'lbfgs'}",0.5383726199763534,0.10335189132227475,0.0989755134697349,0.213028167783624,0.5494877567348674,0.106514083891812,0.5399456940607326,0.08448540706605223,0.5422427035330261,0.5422427035330262,"{0: 0.5449963544210609, 1: 0.5449963544210609}","{0: 0.5449963544210609, 1: 0.5449963544210609}",0.5449963544210609,"[[399 252]
 [344 307]]",[0. 1. 1. ... 0. 0. 0.],[0. 1. 1. ... 1. 0. 0.]
848,logistic_regression,"{'penalty': None, 'solver': 'newton-cg'}",0.5383726199763534,0.10335189132227475,0.0989755134697349,0.213028167783624,0.5494877567348674,0.106514083891812,0.5399456940607326,0.08448540706605223,0.5422427035330261,0.5422427035330262,"{0: 0.5449774776369097, 1: 0.5449774776369098}","{0: 0.5449774776369097, 1: 0.5449774776369098}",0.5449774776369098,"[[399 252]
 [344 307]]",[0. 1. 1. ... 0. 0. 0.],[0. 1. 1. ... 1. 0. 0.]
71,logistic_regression,"{'penalty': None, 'solver': 'lbfgs'}",0.5383726199763534,0.10335189132227475,0.0989755134697349,0.213028167783624,0.5494877567348674,0.106514083891812,0.5399456940607326,0.08448540706605223,0.5422427035330261,0.5422427035330262,"{0: 0.5449963544210609, 1: 0.5449963544210609}","{0: 0.5449963544210609, 1: 0.5449963544210609}",0.5449963544210609,"[[399 252]
 [344 307]]",[0. 1. 1. ... 0. 0. 0.],[0. 1. 1. ... 1. 0. 0.]
531,logistic_regression,"{'penalty': None, 'solver': 'lbfgs'}",0.5383726199763534,0.10335189132227475,0.0989755134697349,0.213028167783624,0.5494877567348674,0.106514083891812,0.5399456940607326,0.08448540706605223,0.5422427035330261,0.5422427035330262,"{0: 0.5449963544210609, 1: 0.5449963544210609}","{0: 0.5449963544210609, 1: 0.5449963544210609}",0.5449963544210609,"[[399 252]
 [344 307]]",[0. 1. 1. ... 0. 0. 0.],[0. 1. 1. ... 1. 0. 0.]
220,knn,{'n_neighbors': 7},0.5447937751615541,0.08429521365335342,0.09853258868260518,0.16488033803023075,0.5492662943413026,0.08244016901511537,0.5413964712094707,0.08294930875576034,0.5414746543778802,0.5414746543778801,"{0: 0.545917777447434, 1: 0.5459177774474341}","{0: 0.545917777447434, 1: 0.5459177774474341}",0.5459177774474341,"[[361 290]
 [307 344]]",[0. 1. 1. ... 0. 1. 1.],[0. 1. 1. ... 1. 0. 0.]
913,knn,{'n_neighbors': 7},0.5447937751615541,0.08429521365335342,0.09853258868260518,0.16488033803023075,0.5492662943413026,0.08244016901511537,0.5413964712094707,0.08294930875576034,0.5414746543778802,0.5414746543778801,"{0: 0.545917777447434, 1: 0.5459177774474341}","{0: 0.545917777447434, 1: 0.5459177774474341}",0.5459177774474341,"[[361 290]
 [307 344]]",[0. 1. 1. ... 0. 1. 1.],[0. 1. 1. ... 1. 0. 0.]
442,knn,{'n_neighbors': 7},0.5447937751615541,0.08429521365335342,0.09853258868260518,0.16488033803023075,0.5492662943413026,0.08244016901511537,0.5413964712094707,0.08294930875576034,0.5414746543778802,0.5414746543778801,"{0: 0.545917777447434, 1: 0.5459177774474341}","{0: 0.545917777447434, 1: 0.5459177774474341}",0.5459177774474341,"[[361 290]
 [307 344]]",[0. 1. 1. ... 0. 1. 1.],[0. 1. 1. ... 1. 0. 0.]
844,SVC,"{'C': 100, 'gamma': 0.01, 'kernel': 'rbf'}",0.5376480510171325,0.10732485819860212,0.09838812928231298,0.21337494364755602,0.5491940646411564,0.10668747182377801,0.5390408754425491,0.0875576036866359,0.543778801843318,0.543778801843318,"{0: 0.5406617728603755, 1: 0.5406617728603755}","{0: 0.5406617728603755, 1: 0.5406617728603755}",0.5406617728603755,"[[420 231]
 [363 288]]",[0. 1. 0. ... 0. 0. 1.],[0. 1. 1. ... 1. 0. 0.]
525,SVC,"{'C': 100, 'gamma': 0.01, 'kernel': 'rbf'}",0.5365557048858086,0.1052365253249593,0.09805953876029823,0.2101979404757315,0.5490297693801491,0.10509897023786575,0.5375876771225608,0.08602150537634412,0.543010752688172,0.543010752688172,"{0: 0.5358033605394985, 1: 0.5358033605394985}","{0: 0.5358033605394985, 1: 0.5358033605394985}",0.5358033605394985,"[[424 227]
 [368 283]]",[0. 1. 0. ... 0. 0. 1.],[0. 1. 1. ... 1. 0. 0.]
542,SVC,"{'C': 1000, 'gamma': 0.0001, 'kernel': 'rbf'}",0.531409565890199,0.10690512429319264,0.09791600858262495,0.21456648999508462,0.5489580042913125,0.10728324499754231,0.5293578976540191,0.07834101382488479,0.5391705069124424,0.5391705069124424,"{0: 0.5508198423316604, 1: 0.5508198423316604}","{0: 0.5508198423316604, 1: 0.5508198423316604}",0.5508198423316604,"[[445 206]
 [394 257]]",[0. 0. 1. ... 0. 0. 1.],[0. 1. 1. ... 1. 0. 0.]
946,SVC,"{'C': 100, 'gamma': 0.01, 'kernel': 'rbf'}",0.53697367741653,0.1058294644752346,0.09748493544808465,0.2118571142049306,0.5487424677240423,0.1059285571024653,0.5377421932199324,0.08602150537634412,0.543010752688172,0.543010752688172,"{0: 0.5322828402953272, 1: 0.5322828402953272}","{0: 0.5322828402953272, 1: 0.5322828402953272}",0.5322828402953272,"[[423 228]
 [367 284]]",[0. 1. 0. ... 0. 0. 1.],[0. 1. 1. ... 1. 0. 0.]
428,SVC,"{'C': 100, 'gamma': 0.01, 'kernel': 'rbf'}",0.5373677840337857,0.10812584620395434,0.09747898014525688,0.21688801215043585,0.5487394900726283,0.10844400607521792,0.5377421932199324,0.08602150537634412,0.543010752688172,0.543010752688172,"{0: 0.5372320971399313, 1: 0.5372320971399313}","{0: 0.5372320971399313, 1: 0.5372320971399313}",0.5372320971399313,"[[423 228]
 [367 284]]",[0. 1. 0. ... 0. 0. 1.],[0. 1. 1. ... 1. 0. 0.]
900,SVC,"{'C': 100, 'gamma': 0.0001, 'kernel': 'rbf'}",0.5326964656003862,0.11285723186337628,0.09725466964606547,0.2279097545513946,0.5486273348230327,0.1139548772756973,0.5289297108018934,0.07373271889400923,0.5368663594470046,0.5368663594470046,"{0: 0.5542282816699347, 1: 0.5542282816699348}","{0: 0.5542282816699347, 1: 0.5542282816699348}",0.5542282816699348,"[[434 217]
 [386 265]]",[0. 1. 1. ... 0. 0. 0.],[0. 1. 1. ... 1. 0. 0.]
748,SVC,"{'C': 100, 'gamma': 0.01, 'kernel': 'rbf'}",0.5369216918354879,0.10622633204683299,0.09719765309183678,0.21201996705710996,0.5485988265459184,0.106009983528555,0.5385953608247422,0.0875576036866359,0.543778801843318,0.543778801843318,"{0: 0.5359319586315275, 1: 0.5359319586315274}","{0: 0.5359319586315275, 1: 0.5359319586315274}",0.5359319586315274,"[[423 228]
 [366 285]]",[0. 1. 0. ... 0. 0. 1.],[0. 1. 1. ... 1. 0. 0.]
627,SVC,"{'C': 1000, 'gamma': 0.0001, 'kernel': 'rbf'}",0.5310937946346173,0.12772296430458463,0.09700060617611447,0.253348072392869,0.5485003030880572,0.12667403619643453,0.5241878434345046,0.06758832565284179,0.5337941628264209,0.5337941628264209,"{0: 0.5499444314666554, 1: 0.5499444314666554}","{0: 0.5499444314666554, 1: 0.5499444314666554}",0.5499444314666554,"[[440 211]
 [396 255]]",[0. 0. 1. ... 0. 0. 1.],[0. 1. 1. ... 1. 0. 0.]
555,logistic_regression,"{'penalty': None, 'solver': 'saga'}",0.5372766374716698,0.10910290228946619,0.09688844561057403,0.22341554540700237,0.548444222805287,0.11170777270350118,0.5385870194319703,0.08294930875576034,0.5414746543778802,0.5414746543778802,"{0: 0.546704703386731, 1: 0.546704703386731}","{0: 0.546704703386731, 1: 0.546704703386731}",0.546704703386731,"[[404 247]
 [350 301]]",[0. 1. 1. ... 0. 0. 0.],[0. 1. 1. ... 1. 0. 0.]
747,SVC,"{'C': 1000, 'gamma': 0.0001, 'kernel': 'rbf'}",0.5318519566300636,0.12899671331207152,0.09682065540792839,0.2567157579610705,0.5484103277039643,0.12835787898053527,0.5246068587013208,0.06758832565284179,0.5337941628264209,0.5337941628264209,"{0: 0.552430267979547, 1: 0.552430267979547}","{0: 0.552430267979547, 1: 0.552430267979547}",0.552430267979547,"[[438 213]
 [394 257]]",[0. 0. 1. ... 0. 0. 1.],[0. 1. 1. ... 1. 0. 0.]
485,SVC,"{'C': 1000, 'gamma': 0.0001, 'kernel': 'rbf'}",0.531128602883246,0.11356082380849893,0.09656445217963215,0.22695683208320627,0.548282226089816,0.11347841604160315,0.5277890906461992,0.07526881720430112,0.5376344086021505,0.5376344086021505,"{0: 0.5512209739948702, 1: 0.5512209739948702}","{0: 0.5512209739948702, 1: 0.5512209739948702}",0.5512209739948702,"[[444 207]
 [395 256]]",[0. 1. 1. ... 0. 0. 1.],[0. 1. 1. ... 1. 0. 0.]
882,SVC,"{'C': 1000, 'gamma': 0.0001, 'kernel': 'rbf'}",0.5320749676705749,0.11647579837662311,0.09648560231692455,0.23050746523343785,0.5482428011584622,0.11525373261671894,0.5284198113207548,0.07526881720430112,0.5376344086021505,0.5376344086021505,"{0: 0.5510605213295863, 1: 0.5510605213295863}","{0: 0.5510605213295863, 1: 0.5510605213295863}",0.5510605213295863,"[[441 210]
 [392 259]]",[0. 1. 1. ... 0. 0. 0.],[0. 1. 1. ... 1. 0. 0.]
567,logistic_regression,"{'penalty': 'l2', 'solver': 'sag'}",0.536484907405313,0.10868567130503666,0.09567632439845282,0.2235268732005936,0.5478381621992264,0.1117634366002968,0.5377573338209486,0.08141321044546856,0.5407066052227343,0.5407066052227343,"{0: 0.5472969624894704, 1: 0.5472969624894704}","{0: 0.5472969624894704, 1: 0.5472969624894704}",0.5472969624894704,"[[404 247]
 [351 300]]",[0. 1. 1. ... 0. 0. 0.],[0. 1. 1. ... 1. 0. 0.]
61,logistic_regression,"{'penalty': 'l2', 'solver': 'sag'}",0.536484907405313,0.10868567130503666,0.09567632439845282,0.2235268732005936,0.5478381621992264,0.1117634366002968,0.5377573338209486,0.08141321044546856,0.5407066052227343,0.5407066052227343,"{0: 0.5472922432934325, 1: 0.5472922432934325}","{0: 0.5472922432934325, 1: 0.5472922432934325}",0.5472922432934325,"[[404 247]
 [351 300]]",[0. 1. 1. ... 0. 0. 0.],[0. 1. 1. ... 1. 0. 0.]
72,logistic_regression,"{'penalty': 'l2', 'solver': 'sag'}",0.536484907405313,0.10868567130503666,0.09567632439845282,0.2235268732005936,0.5478381621992264,0.1117634366002968,0.5377573338209486,0.08141321044546856,0.5407066052227343,0.5407066052227343,"{0: 0.5473040412835269, 1: 0.5473040412835269}","{0: 0.5473040412835269, 1: 0.5473040412835269}",0.5473040412835269,"[[404 247]
 [351 300]]",[0. 1. 1. ... 0. 0. 0.],[0. 1. 1. ... 1. 0. 0.]
821,logistic_regression,"{'penalty': 'l2', 'solver': 'sag'}",0.536484907405313,0.10868567130503666,0.09567632439845282,0.2235268732005936,0.5478381621992264,0.1117634366002968,0.5377573338209486,0.08141321044546856,0.5407066052227343,0.5407066052227343,"{0: 0.5473064008815458, 1: 0.5473064008815458}","{0: 0.5473064008815458, 1: 0.5473064008815458}",0.5473064008815458,"[[404 247]
 [351 300]]",[0. 1. 1. ... 0. 0. 0.],[0. 1. 1. ... 1. 0. 0.]
736,logistic_regression,"{'penalty': 'l2', 'solver': 'sag'}",0.536484907405313,0.10868567130503666,0.09567632439845282,0.2235268732005936,0.5478381621992264,0.1117634366002968,0.5377573338209486,0.08141321044546856,0.5407066052227343,0.5407066052227343,"{0: 0.547301681685508, 1: 0.5473016816855081}","{0: 0.547301681685508, 1: 0.5473016816855081}",0.5473016816855081,"[[404 247]
 [351 300]]",[0. 1. 1. ... 0. 0. 0.],[0. 1. 1. ... 1. 0. 0.]
50,logistic_regression,"{'penalty': 'l2', 'solver': 'sag'}",0.536484907405313,0.10868567130503666,0.09567632439845282,0.2235268732005936,0.5478381621992264,0.1117634366002968,0.5377573338209486,0.08141321044546856,0.5407066052227343,0.5407066052227343,"{0: 0.5472946028914514, 1: 0.5472946028914515}","{0: 0.5472946028914514, 1: 0.5472946028914515}",0.5472946028914515,"[[404 247]
 [351 300]]",[0. 1. 1. ... 0. 0. 0.],[0. 1. 1. ... 1. 0. 0.]
657,logistic_regression,"{'penalty': 'l2', 'solver': 'sag'}",0.536484907405313,0.10868567130503666,0.09567632439845282,0.2235268732005936,0.5478381621992264,0.1117634366002968,0.5377573338209486,0.08141321044546856,0.5407066052227343,0.5407066052227343,"{0: 0.5472969624894702, 1: 0.5472969624894704}","{0: 0.5472969624894702, 1: 0.5472969624894704}",0.5472969624894704,"[[404 247]
 [351 300]]",[0. 1. 1. ... 0. 0. 0.],[0. 1. 1. ... 1. 0. 0.]
19,logistic_regression,"{'penalty': 'l2', 'solver': 'sag'}",0.536484907405313,0.10868567130503666,0.09567632439845282,0.2235268732005936,0.5478381621992264,0.1117634366002968,0.5377573338209486,0.08141321044546856,0.5407066052227343,0.5407066052227343,"{0: 0.5472969624894702, 1: 0.5472969624894704}","{0: 0.5472969624894702, 1: 0.5472969624894704}",0.5472969624894704,"[[404 247]
 [351 300]]",[0. 1. 1. ... 0. 0. 0.],[0. 1. 1. ... 1. 0. 0.]
987,SVC,"{'C': 100, 'gamma': 0.01, 'kernel': 'rbf'}",0.5361667201945105,0.1081166645863002,0.09556094248960896,0.21521623209375315,0.5477804712448044,0.10760811604687659,0.5370418098510882,0.08448540706605223,0.5422427035330261,0.5422427035330262,"{0: 0.5339239407174593, 1: 0.5339239407174594}","{0: 0.5339239407174593, 1: 0.5339239407174594}",0.5339239407174594,"[[422 229]
 [367 284]]",[0. 1. 0. ... 0. 0. 1.],[0. 1. 1. ... 1. 0. 0.]
15,logistic_regression,"{'penalty': None, 'solver': 'saga'}",0.5365032908520827,0.10983863402423616,0.0955551122772407,0.22468246137857875,0.5477775561386203,0.11234123068928938,0.5377573338209486,0.08141321044546856,0.5407066052227343,0.5407066052227343,"{0: 0.5467188609748442, 1: 0.5467188609748443}","{0: 0.5467188609748442, 1: 0.5467188609748443}",0.5467188609748443,"[[404 247]
 [351 300]]",[0. 1. 1. ... 0. 0. 0.],[0. 1. 1. ... 1. 0. 0.]
749,logistic_regression,"{'penalty': None, 'solver': 'saga'}",0.5365032908520827,0.10983863402423616,0.0955551122772407,0.22468246137857875,0.5477775561386203,0.11234123068928938,0.5377573338209486,0.08141321044546856,0.5407066052227343,0.5407066052227343,"{0: 0.5466693094164479, 1: 0.5466693094164479}","{0: 0.5466693094164479, 1: 0.5466693094164479}",0.5466693094164479,"[[404 247]
 [351 300]]",[0. 1. 1. ... 0. 0. 0.],[0. 1. 1. ... 1. 0. 0.]
482,logistic_regression,"{'penalty': None, 'solver': 'saga'}",0.5365032908520827,0.10983863402423616,0.0955551122772407,0.22468246137857875,0.5477775561386203,0.11234123068928938,0.5377573338209486,0.08141321044546856,0.5407066052227343,0.5407066052227343,"{0: 0.5467188609748443, 1: 0.5467188609748443}","{0: 0.5467188609748443, 1: 0.5467188609748443}",0.5467188609748443,"[[404 247]
 [351 300]]",[0. 1. 1. ... 0. 0. 0.],[0. 1. 1. ... 1. 0. 0.]
961,logistic_regression,"{'penalty': None, 'solver': 'saga'}",0.5365032908520827,0.10983863402423616,0.0955551122772407,0.22468246137857875,0.5477775561386203,0.11234123068928938,0.5377573338209486,0.08141321044546856,0.5407066052227343,0.5407066052227343,"{0: 0.5466693094164479, 1: 0.5466693094164479}","{0: 0.5466693094164479, 1: 0.5466693094164479}",0.5466693094164479,"[[404 247]
 [351 300]]",[0. 1. 1. ... 0. 0. 0.],[0. 1. 1. ... 1. 0. 0.]
446,logistic_regression,"{'penalty': None, 'solver': 'saga'}",0.5365032908520827,0.10983863402423616,0.0955551122772407,0.22468246137857875,0.5477775561386203,0.11234123068928938,0.5377573338209486,0.08141321044546856,0.5407066052227343,0.5407066052227343,"{0: 0.546683467004561, 1: 0.546683467004561}","{0: 0.546683467004561, 1: 0.546683467004561}",0.546683467004561,"[[404 247]
 [351 300]]",[0. 1. 1. ... 0. 0. 0.],[0. 1. 1. ... 1. 0. 0.]
84,logistic_regression,"{'penalty': None, 'solver': 'saga'}",0.5365032908520827,0.10983863402423616,0.0955551122772407,0.22468246137857875,0.5477775561386203,0.11234123068928938,0.5377573338209486,0.08141321044546856,0.5407066052227343,0.5407066052227343,"{0: 0.5467023437887122, 1: 0.5467023437887122}","{0: 0.5467023437887122, 1: 0.5467023437887122}",0.5467023437887122,"[[404 247]
 [351 300]]",[0. 1. 1. ... 0. 0. 0.],[0. 1. 1. ... 1. 0. 0.]
391,logistic_regression,"{'penalty': None, 'solver': 'saga'}",0.5365032908520827,0.10983863402423616,0.0955551122772407,0.22468246137857875,0.5477775561386203,0.11234123068928938,0.5377573338209486,0.08141321044546856,0.5407066052227343,0.5407066052227343,"{0: 0.5466905457986178, 1: 0.5466905457986178}","{0: 0.5466905457986178, 1: 0.5466905457986178}",0.5466905457986178,"[[404 247]
 [351 300]]",[0. 1. 1. ... 0. 0. 0.],[0. 1. 1. ... 1. 0. 0.]
76,logistic_regression,"{'penalty': None, 'solver': 'saga'}",0.5365032908520827,0.10983863402423616,0.0955551122772407,0.22468246137857875,0.5477775561386203,0.11234123068928938,0.5377573338209486,0.08141321044546856,0.5407066052227343,0.5407066052227343,"{0: 0.5466598710243723, 1: 0.5466598710243723}","{0: 0.5466598710243723, 1: 0.5466598710243723}",0.5466598710243723,"[[404 247]
 [351 300]]",[0. 1. 1. ... 0. 0. 0.],[0. 1. 1. ... 1. 0. 0.]
807,SVC,"{'C': 1000, 'gamma': 0.0001, 'kernel': 'rbf'}",0.5302262258501185,0.12960253762519305,0.09547000605727905,0.2574732674302088,0.5477350030286395,0.1287366337151044,0.5232974910394266,0.0660522273425499,0.533026113671275,0.533026113671275,"{0: 0.5502110660427889, 1: 0.550211066042789}","{0: 0.5502110660427889, 1: 0.550211066042789}",0.550211066042789,"[[440 211]
 [397 254]]",[0. 0. 1. ... 0. 0. 1.],[0. 1. 1. ... 1. 0. 0.]
595,SVC,"{'C': 100, 'gamma': 0.01, 'kernel': 'rbf'}",0.5353740033917762,0.10768271173007916,0.09505289651259745,0.21504897003772966,0.5475264482562987,0.10752448501886482,0.5367322571401281,0.08448540706605223,0.5422427035330261,0.5422427035330262,"{0: 0.5372438951300256, 1: 0.5372438951300256}","{0: 0.5372438951300256, 1: 0.5372438951300256}",0.5372438951300256,"[[424 227]
 [369 282]]",[0. 1. 0. ... 0. 0. 1.],[0. 1. 1. ... 1. 0. 0.]
58,logistic_regression,"{'penalty': None, 'solver': 'saga'}",0.5361785982559835,0.10704561461516215,0.09498368370581213,0.21994366266672435,0.547491841852906,0.10997183133336218,0.5377573338209486,0.08141321044546856,0.5407066052227343,0.5407066052227343,"{0: 0.5466905457986178, 1: 0.5466905457986178}","{0: 0.5466905457986178, 1: 0.5466905457986178}",0.5466905457986178,"[[404 247]
 [351 300]]",[0. 1. 1. ... 0. 0. 0.],[0. 1. 1. ... 1. 0. 0.]
975,logistic_regression,"{'penalty': 'l2', 'solver': 'lbfgs'}",0.5361317695730731,0.10706954235584502,0.09498368370581212,0.2201106009234847,0.547491841852906,0.11005530046174236,0.5378703703703703,0.08141321044546856,0.5407066052227343,0.5407066052227343,"{0: 0.5469925743450346, 1: 0.5469925743450346}","{0: 0.5469925743450346, 1: 0.5469925743450346}",0.5469925743450346,"[[403 248]
 [350 301]]",[0. 1. 1. ... 0. 0. 0.],[0. 1. 1. ... 1. 0. 0.]
255,logistic_regression,"{'penalty': 'l2', 'solver': 'lbfgs'}",0.5361317695730731,0.10706954235584502,0.09498368370581212,0.2201106009234847,0.547491841852906,0.11005530046174236,0.5378703703703703,0.08141321044546856,0.5407066052227343,0.5407066052227343,"{0: 0.5469925743450346, 1: 0.5469925743450346}","{0: 0.5469925743450346, 1: 0.5469925743450346}",0.5469925743450346,"[[403 248]
 [350 301]]",[0. 1. 1. ... 0. 0. 0.],[0. 1. 1. ... 1. 0. 0.]
215,logistic_regression,"{'penalty': 'l2', 'solver': 'lbfgs'}",0.5361317695730731,0.10706954235584502,0.09498368370581212,0.2201106009234847,0.547491841852906,0.11005530046174236,0.5378703703703703,0.08141321044546856,0.5407066052227343,0.5407066052227343,"{0: 0.5469925743450346, 1: 0.5469925743450346}","{0: 0.5469925743450346, 1: 0.5469925743450346}",0.5469925743450346,"[[403 248]
 [350 301]]",[0. 1. 1. ... 0. 0. 0.],[0. 1. 1. ... 1. 0. 0.]
6,logistic_regression,"{'penalty': 'l2', 'solver': 'lbfgs'}",0.5361317695730731,0.10706954235584502,0.09498368370581212,0.2201106009234847,0.547491841852906,0.11005530046174236,0.5378703703703703,0.08141321044546856,0.5407066052227343,0.5407066052227343,"{0: 0.5469925743450346, 1: 0.5469925743450346}","{0: 0.5469925743450346, 1: 0.5469925743450346}",0.5469925743450346,"[[403 248]
 [350 301]]",[0. 1. 1. ... 0. 0. 0.],[0. 1. 1. ... 1. 0. 0.]
1,logistic_regression,"{'penalty': 'l2', 'solver': 'lbfgs'}",0.5361317695730731,0.10706954235584502,0.09498368370581212,0.2201106009234847,0.547491841852906,0.11005530046174236,0.5378703703703703,0.08141321044546856,0.5407066052227343,0.5407066052227343,"{0: 0.5469925743450346, 1: 0.5469925743450346}","{0: 0.5469925743450346, 1: 0.5469925743450346}",0.5469925743450346,"[[403 248]
 [350 301]]",[0. 1. 1. ... 0. 0. 0.],[0. 1. 1. ... 1. 0. 0.]
83,logistic_regression,"{'penalty': 'l2', 'solver': 'lbfgs'}",0.5361317695730731,0.10706954235584502,0.09498368370581212,0.2201106009234847,0.547491841852906,0.11005530046174236,0.5378703703703703,0.08141321044546856,0.5407066052227343,0.5407066052227343,"{0: 0.5469925743450346, 1: 0.5469925743450346}","{0: 0.5469925743450346, 1: 0.5469925743450346}",0.5469925743450346,"[[403 248]
 [350 301]]",[0. 1. 1. ... 0. 0. 0.],[0. 1. 1. ... 1. 0. 0.]
335,logistic_regression,"{'penalty': 'l2', 'solver': 'lbfgs'}",0.5361317695730731,0.10706954235584502,0.09498368370581212,0.2201106009234847,0.547491841852906,0.11005530046174236,0.5378703703703703,0.08141321044546856,0.5407066052227343,0.5407066052227343,"{0: 0.5469925743450346, 1: 0.5469925743450346}","{0: 0.5469925743450346, 1: 0.5469925743450346}",0.5469925743450346,"[[403 248]
 [350 301]]",[0. 1. 1. ... 0. 0. 0.],[0. 1. 1. ... 1. 0. 0.]
862,logistic_regression,"{'penalty': 'l2', 'solver': 'lbfgs'}",0.5361317695730731,0.10706954235584502,0.09498368370581212,0.2201106009234847,0.547491841852906,0.11005530046174236,0.5378703703703703,0.08141321044546856,0.5407066052227343,0.5407066052227343,"{0: 0.5469925743450346, 1: 0.5469925743450346}","{0: 0.5469925743450346, 1: 0.5469925743450346}",0.5469925743450346,"[[403 248]
 [350 301]]",[0. 1. 1. ... 0. 0. 0.],[0. 1. 1. ... 1. 0. 0.]
918,logistic_regression,"{'penalty': 'l2', 'solver': 'lbfgs'}",0.5361317695730731,0.10706954235584502,0.09498368370581212,0.2201106009234847,0.547491841852906,0.11005530046174236,0.5378703703703703,0.08141321044546856,0.5407066052227343,0.5407066052227343,"{0: 0.5469925743450346, 1: 0.5469925743450346}","{0: 0.5469925743450346, 1: 0.5469925743450346}",0.5469925743450346,"[[403 248]
 [350 301]]",[0. 1. 1. ... 0. 0. 0.],[0. 1. 1. ... 1. 0. 0.]
368,logistic_regression,"{'penalty': 'l2', 'solver': 'lbfgs'}",0.5361317695730731,0.10706954235584502,0.09498368370581212,0.2201106009234847,0.547491841852906,0.11005530046174236,0.5378703703703703,0.08141321044546856,0.5407066052227343,0.5407066052227343,"{0: 0.5469925743450346, 1: 0.5469925743450346}","{0: 0.5469925743450346, 1: 0.5469925743450346}",0.5469925743450346,"[[403 248]
 [350 301]]",[0. 1. 1. ... 0. 0. 0.],[0. 1. 1. ... 1. 0. 0.]
302,logistic_regression,"{'penalty': 'l2', 'solver': 'lbfgs'}",0.5361317695730731,0.10706954235584502,0.09498368370581212,0.2201106009234847,0.547491841852906,0.11005530046174236,0.5378703703703703,0.08141321044546856,0.5407066052227343,0.5407066052227343,"{0: 0.5469925743450346, 1: 0.5469925743450346}","{0: 0.5469925743450346, 1: 0.5469925743450346}",0.5469925743450346,"[[403 248]
 [350 301]]",[0. 1. 1. ... 0. 0. 0.],[0. 1. 1. ... 1. 0. 0.]
545,SVC,"{'C': 100, 'gamma': 0.01, 'kernel': 'rbf'}",0.5357625958145805,0.10726866338081045,0.09488019277437648,0.21476115437370186,0.5474400963871883,0.10738057718685093,0.5373421223337277,0.08448540706605223,0.5422427035330261,0.5422427035330262,"{0: 0.5380591362455491, 1: 0.5380591362455491}","{0: 0.5380591362455491, 1: 0.5380591362455491}",0.5380591362455491,"[[420 231]
 [365 286]]",[0. 1. 0. ... 0. 0. 1.],[0. 1. 1. ... 1. 0. 0.]
466,SVC,"{'C': 1000, 'gamma': 0.0001, 'kernel': 'rbf'}",0.5306111251348219,0.11114740719580239,0.09482871923952164,0.22364137441199233,0.5474143596197609,0.11182068720599618,0.5290997553732139,0.0768049155145929,0.5384024577572964,0.5384024577572964,"{0: 0.5543899141342281, 1: 0.554389914134228}","{0: 0.5543899141342281, 1: 0.554389914134228}",0.554389914134228,"[[442 209]
 [392 259]]",[0. 0. 1. ... 0. 0. 0.],[0. 1. 1. ... 1. 0. 0.]
337,SVC,"{'C': 100, 'gamma': 0.0001, 'kernel': 'sigmoid'}",0.5327281933521295,0.09932559013446109,0.09442110906394127,0.20331726907072298,0.5472105545319706,0.10165863453536149,0.5371102327624067,0.08602150537634412,0.543010752688172,0.543010752688172,"{0: 0.557427896583538, 1: 0.557427896583538}","{0: 0.557427896583538, 1: 0.557427896583538}",0.557427896583538,"[[427 224]
 [371 280]]",[0. 1. 1. ... 0. 0. 0.],[0. 1. 1. ... 1. 0. 0.]
487,SVC,"{'C': 100, 'gamma': 0.01, 'kernel': 'rbf'}",0.5347933124623206,0.10942353794849195,0.09396940160119557,0.21897574652857837,0.5469847008005978,0.1094878732642892,0.5348577682616759,0.08141321044546856,0.5407066052227343,0.5407066052227343,"{0: 0.5334933140790135, 1: 0.5334933140790135}","{0: 0.5334933140790135, 1: 0.5334933140790135}",0.5334933140790135,"[[425 226]
 [372 279]]",[0. 1. 0. ... 0. 0. 1.],[0. 1. 1. ... 1. 0. 0.]
669,SVC,"{'C': 1000, 'gamma': 0.0001, 'kernel': 'rbf'}",0.5303064504411075,0.11269493415495488,0.09391097032177273,0.2264955961217209,0.5469554851608863,0.11324779806086047,0.5293059671820326,0.0768049155145929,0.5384024577572964,0.5384024577572964,"{0: 0.5502523590081194, 1: 0.5502523590081194}","{0: 0.5502523590081194, 1: 0.5502523590081194}",0.5502523590081194,"[[441 210]
 [391 260]]",[0. 1. 1. ... 0. 0. 1.],[0. 1. 1. ... 1. 0. 0.]
683,logistic_regression,"{'penalty': 'l2', 'solver': 'saga'}",0.535719062879077,0.10974748170738792,0.09382783954996796,0.22518195751551348,0.5469139197749839,0.11259097875775674,0.5370412473027641,0.07987711213517668,0.5399385560675883,0.5399385560675883,"{0: 0.5474290999785276, 1: 0.5474290999785276}","{0: 0.5474290999785276, 1: 0.5474290999785276}",0.5474290999785276,"[[403 248]
 [351 300]]",[0. 1. 1. ... 0. 0. 0.],[0. 1. 1. ... 1. 0. 0.]
280,logistic_regression,"{'penalty': 'l2', 'solver': 'saga'}",0.535719062879077,0.10974748170738792,0.09382783954996796,0.22518195751551348,0.5469139197749839,0.11259097875775674,0.5370412473027641,0.07987711213517668,0.5399385560675883,0.5399385560675883,"{0: 0.5474456171646598, 1: 0.5474456171646599}","{0: 0.5474456171646598, 1: 0.5474456171646599}",0.5474456171646599,"[[403 248]
 [351 300]]",[0. 1. 1. ... 0. 0. 0.],[0. 1. 1. ... 1. 0. 0.]
234,logistic_regression,"{'penalty': 'l2', 'solver': 'saga'}",0.535719062879077,0.10974748170738792,0.09382783954996796,0.22518195751551348,0.5469139197749839,0.11259097875775674,0.5370412473027641,0.07987711213517668,0.5399385560675883,0.5399385560675883,"{0: 0.547400784802301, 1: 0.547400784802301}","{0: 0.547400784802301, 1: 0.547400784802301}",0.547400784802301,"[[403 248]
 [351 300]]",[0. 1. 1. ... 0. 0. 0.],[0. 1. 1. ... 1. 0. 0.]
70,logistic_regression,"{'penalty': 'l2', 'solver': 'saga'}",0.535719062879077,0.10974748170738792,0.09382783954996796,0.22518195751551348,0.5469139197749839,0.11259097875775674,0.5370412473027641,0.07987711213517668,0.5399385560675883,0.5399385560675883,"{0: 0.5474102231943767, 1: 0.5474102231943766}","{0: 0.5474102231943767, 1: 0.5474102231943766}",0.5474102231943766,"[[403 248]
 [351 300]]",[0. 1. 1. ... 0. 0. 0.],[0. 1. 1. ... 1. 0. 0.]
357,logistic_regression,"{'penalty': 'l2', 'solver': 'saga'}",0.535719062879077,0.10974748170738792,0.09382783954996796,0.22518195751551348,0.5469139197749839,0.11259097875775674,0.5370412473027641,0.07987711213517668,0.5399385560675883,0.5399385560675883,"{0: 0.5474479767626788, 1: 0.5474479767626788}","{0: 0.5474479767626788, 1: 0.5474479767626788}",0.5474479767626788,"[[403 248]
 [351 300]]",[0. 1. 1. ... 0. 0. 0.],[0. 1. 1. ... 1. 0. 0.]
4,logistic_regression,"{'penalty': 'l2', 'solver': 'saga'}",0.535719062879077,0.10974748170738792,0.09382783954996796,0.22518195751551348,0.5469139197749839,0.11259097875775674,0.5370412473027641,0.07987711213517668,0.5399385560675883,0.5399385560675883,"{0: 0.5474503363606975, 1: 0.5474503363606975}","{0: 0.5474503363606975, 1: 0.5474503363606975}",0.5474503363606975,"[[403 248]
 [351 300]]",[0. 1. 1. ... 0. 0. 0.],[0. 1. 1. ... 1. 0. 0.]
313,logistic_regression,"{'penalty': 'l2', 'solver': 'saga'}",0.535719062879077,0.10974748170738792,0.09382783954996796,0.22518195751551348,0.5469139197749839,0.11259097875775674,0.5370412473027641,0.07987711213517668,0.5399385560675883,0.5399385560675883,"{0: 0.5474385383706031, 1: 0.5474385383706032}","{0: 0.5474385383706031, 1: 0.5474385383706032}",0.5474385383706032,"[[403 248]
 [351 300]]",[0. 1. 1. ... 0. 0. 0.],[0. 1. 1. ... 1. 0. 0.]
631,logistic_regression,"{'penalty': 'l2', 'solver': 'saga'}",0.535719062879077,0.10974748170738792,0.09382783954996796,0.22518195751551348,0.5469139197749839,0.11259097875775674,0.5370412473027641,0.07987711213517668,0.5399385560675883,0.5399385560675883,"{0: 0.5474196615864522, 1: 0.5474196615864522}","{0: 0.5474196615864522, 1: 0.5474196615864522}",0.5474196615864522,"[[403 248]
 [351 300]]",[0. 1. 1. ... 0. 0. 0.],[0. 1. 1. ... 1. 0. 0.]
890,logistic_regression,"{'penalty': 'l2', 'solver': 'saga'}",0.535719062879077,0.10974748170738792,0.09382783954996796,0.22518195751551348,0.5469139197749839,0.11259097875775674,0.5370412473027641,0.07987711213517668,0.5399385560675883,0.5399385560675883,"{0: 0.5474361787725842, 1: 0.5474361787725843}","{0: 0.5474361787725842, 1: 0.5474361787725843}",0.5474361787725843,"[[403 248]
 [351 300]]",[0. 1. 1. ... 0. 0. 0.],[0. 1. 1. ... 1. 0. 0.]
834,logistic_regression,"{'penalty': 'l2', 'solver': 'saga'}",0.535719062879077,0.10974748170738792,0.09382783954996796,0.22518195751551348,0.5469139197749839,0.11259097875775674,0.5370412473027641,0.07987711213517668,0.5399385560675883,0.5399385560675883,"{0: 0.5474385383706032, 1: 0.5474385383706032}","{0: 0.5474385383706032, 1: 0.5474385383706032}",0.5474385383706032,"[[403 248]
 [351 300]]",[0. 1. 1. ... 0. 0. 0.],[0. 1. 1. ... 1. 0. 0.]
380,logistic_regression,"{'penalty': 'l2', 'solver': 'newton-cg'}",0.5356006690946041,0.10704202399310506,0.0937715624936909,0.2200462548101243,0.5468857812468454,0.11002312740506215,0.5370412473027641,0.07987711213517668,0.5399385560675883,0.5399385560675883,"{0: 0.5472167361568283, 1: 0.5472167361568283}","{0: 0.5472167361568283, 1: 0.5472167361568283}",0.5472167361568283,"[[403 248]
 [351 300]]",[0. 1. 1. ... 0. 0. 0.],[0. 1. 1. ... 1. 0. 0.]
947,logistic_regression,"{'penalty': 'l2', 'solver': 'newton-cg'}",0.5356006690946041,0.10704202399310506,0.0937715624936909,0.2200462548101243,0.5468857812468454,0.11002312740506215,0.5370412473027641,0.07987711213517668,0.5399385560675883,0.5399385560675883,"{0: 0.5472167361568283, 1: 0.5472167361568283}","{0: 0.5472167361568283, 1: 0.5472167361568283}",0.5472167361568283,"[[403 248]
 [351 300]]",[0. 1. 1. ... 0. 0. 0.],[0. 1. 1. ... 1. 0. 0.]
291,logistic_regression,"{'penalty': 'l2', 'solver': 'newton-cg'}",0.5356006690946041,0.10704202399310506,0.0937715624936909,0.2200462548101243,0.5468857812468454,0.11002312740506215,0.5370412473027641,0.07987711213517668,0.5399385560675883,0.5399385560675883,"{0: 0.5472167361568283, 1: 0.5472167361568283}","{0: 0.5472167361568283, 1: 0.5472167361568283}",0.5472167361568283,"[[403 248]
 [351 300]]",[0. 1. 1. ... 0. 0. 0.],[0. 1. 1. ... 1. 0. 0.]
244,logistic_regression,"{'penalty': 'l2', 'solver': 'newton-cg'}",0.5356006690946041,0.10704202399310506,0.0937715624936909,0.2200462548101243,0.5468857812468454,0.11002312740506215,0.5370412473027641,0.07987711213517668,0.5399385560675883,0.5399385560675883,"{0: 0.5472167361568283, 1: 0.5472167361568283}","{0: 0.5472167361568283, 1: 0.5472167361568283}",0.5472167361568283,"[[403 248]
 [351 300]]",[0. 1. 1. ... 0. 0. 0.],[0. 1. 1. ... 1. 0. 0.]
709,logistic_regression,"{'penalty': 'l2', 'solver': 'newton-cg'}",0.5356006690946041,0.10704202399310506,0.0937715624936909,0.2200462548101243,0.5468857812468454,0.11002312740506215,0.5370412473027641,0.07987711213517668,0.5399385560675883,0.5399385560675883,"{0: 0.5472167361568283, 1: 0.5472167361568283}","{0: 0.5472167361568283, 1: 0.5472167361568283}",0.5472167361568283,"[[403 248]
 [351 300]]",[0. 1. 1. ... 0. 0. 0.],[0. 1. 1. ... 1. 0. 0.]
507,logistic_regression,"{'penalty': 'l2', 'solver': 'newton-cg'}",0.5356006690946041,0.10704202399310506,0.0937715624936909,0.2200462548101243,0.5468857812468454,0.11002312740506215,0.5370412473027641,0.07987711213517668,0.5399385560675883,0.5399385560675883,"{0: 0.5472167361568283, 1: 0.5472167361568283}","{0: 0.5472167361568283, 1: 0.5472167361568283}",0.5472167361568283,"[[403 248]
 [351 300]]",[0. 1. 1. ... 0. 0. 0.],[0. 1. 1. ... 1. 0. 0.]
205,logistic_regression,"{'penalty': 'l2', 'solver': 'newton-cg'}",0.5356006690946041,0.10704202399310506,0.0937715624936909,0.2200462548101243,0.5468857812468454,0.11002312740506215,0.5370412473027641,0.07987711213517668,0.5399385560675883,0.5399385560675883,"{0: 0.5472167361568283, 1: 0.5472167361568283}","{0: 0.5472167361568283, 1: 0.5472167361568283}",0.5472167361568283,"[[403 248]
 [351 300]]",[0. 1. 1. ... 0. 0. 0.],[0. 1. 1. ... 1. 0. 0.]
324,logistic_regression,"{'penalty': 'l2', 'solver': 'newton-cg'}",0.5356006690946041,0.10704202399310506,0.0937715624936909,0.2200462548101243,0.5468857812468454,0.11002312740506215,0.5370412473027641,0.07987711213517668,0.5399385560675883,0.5399385560675883,"{0: 0.5472167361568283, 1: 0.5472167361568283}","{0: 0.5472167361568283, 1: 0.5472167361568283}",0.5472167361568283,"[[403 248]
 [351 300]]",[0. 1. 1. ... 0. 0. 0.],[0. 1. 1. ... 1. 0. 0.]
762,logistic_regression,"{'penalty': 'l2', 'solver': 'newton-cg'}",0.5356006690946041,0.10704202399310506,0.0937715624936909,0.2200462548101243,0.5468857812468454,0.11002312740506215,0.5370412473027641,0.07987711213517668,0.5399385560675883,0.5399385560675883,"{0: 0.5472167361568283, 1: 0.5472167361568283}","{0: 0.5472167361568283, 1: 0.5472167361568283}",0.5472167361568283,"[[403 248]
 [351 300]]",[0. 1. 1. ... 0. 0. 0.],[0. 1. 1. ... 1. 0. 0.]
544,logistic_regression,"{'penalty': 'l2', 'solver': 'newton-cg'}",0.5356006690946041,0.10704202399310506,0.0937715624936909,0.2200462548101243,0.5468857812468454,0.11002312740506215,0.5370412473027641,0.07987711213517668,0.5399385560675883,0.5399385560675883,"{0: 0.5472167361568283, 1: 0.5472167361568283}","{0: 0.5472167361568283, 1: 0.5472167361568283}",0.5472167361568283,"[[403 248]
 [351 300]]",[0. 1. 1. ... 0. 0. 0.],[0. 1. 1. ... 1. 0. 0.]
470,logistic_regression,"{'penalty': 'l2', 'solver': 'newton-cg'}",0.5356006690946041,0.10704202399310506,0.0937715624936909,0.2200462548101243,0.5468857812468454,0.11002312740506215,0.5370412473027641,0.07987711213517668,0.5399385560675883,0.5399385560675883,"{0: 0.5472167361568283, 1: 0.5472167361568283}","{0: 0.5472167361568283, 1: 0.5472167361568283}",0.5472167361568283,"[[403 248]
 [351 300]]",[0. 1. 1. ... 0. 0. 0.],[0. 1. 1. ... 1. 0. 0.]
224,logistic_regression,"{'penalty': 'l2', 'solver': 'newton-cg'}",0.5356006690946041,0.10704202399310506,0.0937715624936909,0.2200462548101243,0.5468857812468454,0.11002312740506215,0.5370412473027641,0.07987711213517668,0.5399385560675883,0.5399385560675883,"{0: 0.5472167361568283, 1: 0.5472167361568283}","{0: 0.5472167361568283, 1: 0.5472167361568283}",0.5472167361568283,"[[403 248]
 [351 300]]",[0. 1. 1. ... 0. 0. 0.],[0. 1. 1. ... 1. 0. 0.]
433,logistic_regression,"{'penalty': 'l2', 'solver': 'newton-cg'}",0.5356006690946041,0.10704202399310506,0.0937715624936909,0.2200462548101243,0.5468857812468454,0.11002312740506215,0.5370412473027641,0.07987711213517668,0.5399385560675883,0.5399385560675883,"{0: 0.5472167361568283, 1: 0.5472167361568283}","{0: 0.5472167361568283, 1: 0.5472167361568283}",0.5472167361568283,"[[403 248]
 [351 300]]",[0. 1. 1. ... 0. 0. 0.],[0. 1. 1. ... 1. 0. 0.]
346,logistic_regression,"{'penalty': 'l2', 'solver': 'newton-cg'}",0.5356006690946041,0.10704202399310506,0.0937715624936909,0.2200462548101243,0.5468857812468454,0.11002312740506215,0.5370412473027641,0.07987711213517668,0.5399385560675883,0.5399385560675883,"{0: 0.5472167361568283, 1: 0.5472167361568283}","{0: 0.5472167361568283, 1: 0.5472167361568283}",0.5472167361568283,"[[403 248]
 [351 300]]",[0. 1. 1. ... 0. 0. 0.],[0. 1. 1. ... 1. 0. 0.]
519,logistic_regression,"{'penalty': None, 'solver': 'saga'}",0.5354052516363964,0.10778751094088708,0.0936503503724788,0.2212189817890921,0.5468251751862394,0.11060949089454605,0.5369268943503036,0.07987711213517668,0.5399385560675883,0.5399385560675883,"{0: 0.5466669498184289, 1: 0.5466669498184289}","{0: 0.5466669498184289, 1: 0.5466669498184289}",0.5466669498184289,"[[404 247]
 [352 299]]",[0. 1. 1. ... 0. 0. 0.],[0. 1. 1. ... 1. 0. 0.]
938,SVC,"{'C': 100, 'gamma': 0.0001, 'kernel': 'sigmoid'}",0.5310582355850607,0.09942463855608305,0.09338091480102896,0.2021881340368789,0.5466904574005145,0.10109406701843948,0.5355543007716921,0.08294930875576034,0.5414746543778802,0.5414746543778802,"{0: 0.5506924240386408, 1: 0.5506924240386408}","{0: 0.5506924240386408, 1: 0.5506924240386408}",0.5506924240386408,"[[426 225]
 [372 279]]",[0. 1. 1. ... 0. 0. 0.],[0. 1. 1. ... 1. 0. 0.]
399,SVC,"{'C': 100, 'gamma': 0.0001, 'kernel': 'sigmoid'}",0.532331044511045,0.09711604823050526,0.09332120212297579,0.19791445166318475,0.546660601061488,0.09895722583159236,0.5368881907658372,0.08448540706605223,0.5422427035330261,0.5422427035330261,"{0: 0.5534012425643168, 1: 0.5534012425643168}","{0: 0.5534012425643168, 1: 0.5534012425643168}",0.5534012425643168,"[[423 228]
 [368 283]]",[0. 1. 1. ... 0. 0. 0.],[0. 1. 1. ... 1. 0. 0.]
984,SVC,"{'C': 1000, 'gamma': 0.0001, 'kernel': 'sigmoid'}",0.5299451598627678,0.10998778671454172,0.09330338899272342,0.22034369882274976,0.5466516944963618,0.11017184941137488,0.5239746180510592,0.06758832565284179,0.5337941628264209,0.5337941628264209,"{0: 0.5396471457122564, 1: 0.5396471457122565}","{0: 0.5396471457122564, 1: 0.5396471457122565}",0.5396471457122565,"[[441 210]
 [397 254]]",[0. 0. 1. ... 0. 0. 0.],[0. 1. 1. ... 1. 0. 0.]
623,AdaBoost,"{'algorithm': 'SAMME', 'learning_rate': 0.6714285714285714, 'n_estimators': 41}",0.5141430275748005,0.1325158016088616,0.09302180428355246,0.23798471336219162,0.5465109021417762,0.1189923566810958,0.5101773023651421,0.04608294930875578,0.5230414746543779,0.5230414746543779,"{0: 0.5272038055596848, 1: 0.5272038055596848}","{0: 0.5272038055596848, 1: 0.5272038055596848}",0.5272038055596848,"[[446 205]
 [416 235]]",[0. 0. 1. ... 0. 1. 1.],[0. 1. 1. ... 1. 0. 0.]
441,SVC,"{'C': 100, 'gamma': 0.0001, 'kernel': 'sigmoid'}",0.5325344872137131,0.10086141293664894,0.09267597083807282,0.20754142038007603,0.5463379854190363,0.10377071019003802,0.5384422572397775,0.0875576036866359,0.543778801843318,0.543778801843318,"{0: 0.5557773577693305, 1: 0.5557773577693303}","{0: 0.5557773577693305, 1: 0.5557773577693303}",0.5557773577693303,"[[424 227]
 [367 284]]",[0. 1. 1. ... 0. 0. 0.],[0. 1. 1. ... 1. 0. 0.]
362,SVC,"{'C': 100, 'gamma': 0.0001, 'kernel': 'sigmoid'}",0.531713597513388,0.09665899381347572,0.09177988254198453,0.19863783215318567,0.5458899412709922,0.09931891607659282,0.5348577682616759,0.08141321044546856,0.5407066052227343,0.5407066052227343,"{0: 0.554759191224183, 1: 0.554759191224183}","{0: 0.554759191224183, 1: 0.554759191224183}",0.554759191224183,"[[425 226]
 [372 279]]",[0. 1. 1. ... 0. 0. 0.],[0. 1. 1. ... 1. 0. 0.]
820,SVC,"{'C': 1000, 'gamma': 0.0001, 'kernel': 'rbf'}",0.5288145703640004,0.1146643965463888,0.09170306988376709,0.22678563037446944,0.5458515349418835,0.11339281518723472,0.527739597688462,0.07373271889400923,0.5368663594470046,0.5368663594470047,"{0: 0.5513873256552013, 1: 0.5513873256552013}","{0: 0.5513873256552013, 1: 0.5513873256552013}",0.5513873256552013,"[[440 211]
 [392 259]]",[0. 1. 1. ... 0. 0. 1.],[0. 1. 1. ... 1. 0. 0.]
785,SVC,"{'C': 100, 'gamma': 0.0001, 'kernel': 'rbf'}",0.5296250618599028,0.10854299399298063,0.09164818462781575,0.21947532255559546,0.5458240923139079,0.10973766127779773,0.5261846821812506,0.06758832565284179,0.5337941628264209,0.5337941628264209,"{0: 0.5498476879478813, 1: 0.5498476879478813}","{0: 0.5498476879478813, 1: 0.5498476879478813}",0.5498476879478813,"[[430 221]
 [386 265]]",[0. 1. 1. ... 0. 0. 0.],[0. 1. 1. ... 1. 0. 0.]
648,SVC,"{'C': 1000, 'gamma': 0.0001, 'kernel': 'rbf'}",0.527946471293041,0.1101707937244986,0.09149878213091572,0.2217377773885663,0.5457493910654578,0.11086888869428314,0.5271361416243556,0.07526881720430112,0.5376344086021505,0.5376344086021505,"{0: 0.543489751086005, 1: 0.5434897510860048}","{0: 0.543489751086005, 1: 0.5434897510860048}",0.5434897510860048,"[[447 204]
 [398 253]]",[0. 0. 1. ... 0. 0. 1.],[0. 1. 1. ... 1. 0. 0.]
925,SVC,"{'C': 100, 'gamma': 0.01, 'kernel': 'rbf'}",0.5332597904673028,0.10858801365931077,0.09078316471183118,0.21694285304791672,0.5453915823559156,0.10847142652395836,0.5344790228511158,0.07987711213517668,0.5399385560675883,0.5399385560675883,"{0: 0.5316233326490499, 1: 0.5316233326490498}","{0: 0.5316233326490499, 1: 0.5316233326490498}",0.5316233326490498,"[[422 229]
 [370 281]]",[0. 1. 0. ... 0. 0. 1.],[0. 1. 1. ... 1. 0. 0.]
237,SVC,"{'C': 100, 'gamma': 0.0001, 'kernel': 'sigmoid'}",0.5309509168947989,0.09232267152096447,0.09061256834018756,0.19171891618915254,0.5453062841700936,0.09585945809457626,0.5341898954703833,0.08141321044546856,0.5407066052227343,0.5407066052227343,"{0: 0.5485546282335342, 1: 0.5485546282335341}","{0: 0.5485546282335342, 1: 0.5485546282335341}",0.5485546282335341,"[[429 222]
 [376 275]]",[0. 1. 1. ... 0. 0. 0.],[0. 1. 1. ... 1. 0. 0.]
279,SVC,"{'C': 1000, 'gamma': 0.0001, 'kernel': 'rbf'}",0.5275182888149065,0.11111273267178447,0.09026826385034793,0.22121119313689777,0.545134131925174,0.11060559656844889,0.5257555935385095,0.07066052227342545,0.5353302611367128,0.5353302611367128,"{0: 0.5510440041434541, 1: 0.5510440041434541}","{0: 0.5510440041434541, 1: 0.5510440041434541}",0.5510440041434541,"[[441 210]
 [395 256]]",[0. 0. 1. ... 0. 0. 1.],[0. 1. 1. ... 1. 0. 0.]
115,SVC,"{'C': 1000, 'gamma': 0.0001, 'kernel': 'rbf'}",0.5273348603055367,0.11181658455114221,0.09025440466520708,0.22480760864149793,0.5451272023326035,0.11240380432074897,0.5255430707098694,0.07066052227342545,0.5353302611367128,0.5353302611367128,"{0: 0.5510499031385012, 1: 0.5510499031385013}","{0: 0.5510499031385012, 1: 0.5510499031385013}",0.5510499031385013,"[[442 209]
 [396 255]]",[0. 0. 1. ... 0. 0. 1.],[0. 1. 1. ... 1. 0. 0.]
413,SVC,"{'C': 1000, 'gamma': 0.0001, 'kernel': 'rbf'}",0.5281135943958418,0.1127279990825671,0.08866894122173147,0.22566548743926856,0.5443344706108657,0.11283274371963428,0.5269790274879524,0.07066052227342545,0.5353302611367128,0.5353302611367128,"{0: 0.551405022640343, 1: 0.5514050226403431}","{0: 0.551405022640343, 1: 0.5514050226403431}",0.5514050226403431,"[[435 216]
 [389 262]]",[0. 0. 1. ... 0. 0. 1.],[0. 1. 1. ... 1. 0. 0.]
226,SVC,"{'C': 100, 'gamma': 0.0001, 'kernel': 'sigmoid'}",0.5297779667817136,0.09942698018258747,0.08864170636413668,0.2035030093015139,0.5443208531820684,0.10175150465075697,0.5326055338168738,0.0768049155145929,0.5384024577572964,0.5384024577572964,"{0: 0.5524290881805376, 1: 0.5524290881805376}","{0: 0.5524290881805376, 1: 0.5524290881805376}",0.5524290881805376,"[[423 228]
 [373 278]]",[0. 1. 1. ... 0. 0. 0.],[0. 1. 1. ... 1. 0. 0.]
640,SVC,"{'C': 100, 'gamma': 0.0001, 'kernel': 'sigmoid'}",0.5300461409518756,0.09896240402638795,0.08858750760023462,0.20330164196599862,0.5442937538001172,0.10165082098299932,0.5326055338168738,0.0768049155145929,0.5384024577572964,0.5384024577572964,"{0: 0.5499137566924099, 1: 0.5499137566924099}","{0: 0.5499137566924099, 1: 0.5499137566924099}",0.5499137566924099,"[[423 228]
 [373 278]]",[0. 1. 1. ... 0. 0. 0.],[0. 1. 1. ... 1. 0. 0.]
354,SVC,"{'C': 0.1, 'gamma': 0.1, 'kernel': 'rbf'}",0.5313953254833126,0.10869813440544554,0.08637556889409335,0.22071594698655134,0.5431877844470467,0.11035797349327567,0.541723678349403,0.08602150537634412,0.543010752688172,0.543010752688172,"{0: 0.5502676963952421, 1: 0.5502676963952421}","{0: 0.5502676963952421, 1: 0.5502676963952421}",0.5502676963952421,"[[388 263]
 [332 319]]",[0. 1. 1. ... 0. 1. 0.],[0. 1. 1. ... 1. 0. 0.]
686,SVC,"{'C': 100, 'gamma': 0.001, 'kernel': 'sigmoid'}",0.5249369164041261,0.11090826442290432,0.08605426106617674,0.2179113715201684,0.5430271305330884,0.1089556857600842,0.5221897422269465,0.06451612903225812,0.532258064516129,0.532258064516129,"{0: 0.5423960774042533, 1: 0.5423960774042534}","{0: 0.5423960774042533, 1: 0.5423960774042534}",0.5423960774042534,"[[441 210]
 [399 252]]",[0. 0. 1. ... 0. 0. 1.],[0. 1. 1. ... 1. 0. 0.]
296,SVC,"{'C': 100, 'gamma': 0.0001, 'kernel': 'sigmoid'}",0.5279929495740702,0.09734332339489635,0.08488736650229174,0.19893854613119677,0.5424436832511458,0.09946927306559837,0.5322259913440168,0.07526881720430112,0.5376344086021505,0.5376344086021505,"{0: 0.5561997258147102, 1: 0.5561997258147102}","{0: 0.5561997258147102, 1: 0.5561997258147102}",0.5561997258147102,"[[420 231]
 [371 280]]",[0. 1. 1. ... 0. 0. 0.],[0. 1. 1. ... 1. 0. 0.]
911,SVC,"{'C': 0.1, 'gamma': 0.1, 'kernel': 'rbf'}",0.5301801516468488,0.10726567431804658,0.08485095165977281,0.21764114362777945,0.5424254758298863,0.1088205718138897,0.5426737972973932,0.0875576036866359,0.543778801843318,0.543778801843318,"{0: 0.5481676541584375, 1: 0.5481676541584375}","{0: 0.5481676541584375, 1: 0.5481676541584375}",0.5481676541584375,"[[386 265]
 [329 322]]",[0. 1. 1. ... 0. 1. 1.],[0. 1. 1. ... 1. 0. 0.]
922,SVC,"{'C': 100, 'gamma': 0.0001, 'kernel': 'sigmoid'}",0.529941051989224,0.09866851915060952,0.08465780892335918,0.20156898768404394,0.5423289044616796,0.10078449384202197,0.5314159126209146,0.07066052227342545,0.5353302611367128,0.5353302611367128,"{0: 0.5503927550902429, 1: 0.5503927550902428}","{0: 0.5503927550902429, 1: 0.5503927550902428}",0.5503927550902428,"[[408 243]
 [362 289]]",[0. 1. 1. ... 0. 0. 0.],[0. 1. 1. ... 1. 0. 0.]
331,SVC,"{'C': 1, 'gamma': 0.01, 'kernel': 'rbf'}",0.52691951466528,0.13120731456627296,0.08440670040734194,0.2637165516313118,0.542203350203671,0.1318582758156559,0.528468805470509,0.0660522273425499,0.533026113671275,0.533026113671275,"{0: 0.5376686227734243, 1: 0.5376686227734243}","{0: 0.5376686227734243, 1: 0.5376686227734243}",0.5376686227734243,"[[411 240]
 [368 283]]",[0. 1. 1. ... 0. 0. 0.],[0. 1. 1. ... 1. 0. 0.]
599,SVC,"{'C': 0.1, 'gamma': 0.1, 'kernel': 'rbf'}",0.5293476094286202,0.10611625286165383,0.08409068893399287,0.21407205478971722,0.5420453444669964,0.10703602739485862,0.5426737972973932,0.0875576036866359,0.543778801843318,0.543778801843318,"{0: 0.5522556577261498, 1: 0.5522556577261498}","{0: 0.5522556577261498, 1: 0.5522556577261498}",0.5522556577261498,"[[386 265]
 [329 322]]",[0. 1. 1. ... 0. 1. 1.],[0. 1. 1. ... 1. 0. 0.]
971,SVC,"{'C': 0.1, 'gamma': 0.1, 'kernel': 'rbf'}",0.5295033882965651,0.10623530344127825,0.08395753917293611,0.21445022768651015,0.5419787695864681,0.10722511384325506,0.5420054472909275,0.08602150537634412,0.543010752688172,0.543010752688172,"{0: 0.5472143765588094, 1: 0.5472143765588094}","{0: 0.5472143765588094, 1: 0.5472143765588094}",0.5472143765588094,"[[384 267]
 [328 323]]",[0. 1. 1. ... 0. 1. 0.],[0. 1. 1. ... 1. 0. 0.]
523,SVC,"{'C': 1000, 'gamma': 0.0001, 'kernel': 'sigmoid'}",0.5250917791007939,0.09471929246533688,0.08394053933193518,0.1934626315665264,0.5419702696659675,0.0967313157832632,0.5246068587013208,0.06758832565284179,0.5337941628264209,0.5337941628264209,"{0: 0.5420032043341096, 1: 0.5420032043341096}","{0: 0.5420032043341096, 1: 0.5420032043341096}",0.5420032043341096,"[[438 213]
 [394 257]]",[0. 0. 1. ... 0. 0. 1.],[0. 1. 1. ... 1. 0. 0.]
735,SVC,"{'C': 0.1, 'gamma': 0.1, 'kernel': 'rbf'}",0.5291548936733591,0.11000926748455592,0.08356523737405855,0.2225453853098336,0.5417826186870294,0.1112726926549168,0.5426737972973932,0.0875576036866359,0.543778801843318,0.543778801843318,"{0: 0.5512599073621818, 1: 0.5512599073621818}","{0: 0.5512599073621818, 1: 0.5512599073621818}",0.5512599073621818,"[[386 265]
 [329 322]]",[0. 1. 1. ... 0. 1. 0.],[0. 1. 1. ... 1. 0. 0.]
728,SVC,"{'C': 1000, 'gamma': 0.0001, 'kernel': 'rbf'}",0.5235074490666066,0.11572051116913842,0.08339792995072019,0.22878613394437608,0.5416989649753601,0.11439306697218805,0.5246514766305592,0.06912442396313367,0.5345622119815668,0.5345622119815668,"{0: 0.5495291422153321, 1: 0.5495291422153321}","{0: 0.5495291422153321, 1: 0.5495291422153321}",0.5495291422153321,"[[442 209]
 [397 254]]",[0. 0. 1. ... 0. 0. 1.],[0. 1. 1. ... 1. 0. 0.]
481,SVC,"{'C': 100, 'gamma': 0.0001, 'kernel': 'sigmoid'}",0.5282905597688824,0.09912956232569972,0.08335371653772522,0.20359166539539172,0.5416768582688626,0.10179583269769588,0.5312806208203698,0.07219662058371734,0.5360983102918587,0.5360983102918587,"{0: 0.5515902510848252, 1: 0.5515902510848252}","{0: 0.5515902510848252, 1: 0.5515902510848252}",0.5515902510848252,"[[415 236]
 [368 283]]",[0. 1. 1. ... 0. 0. 0.],[0. 1. 1. ... 1. 0. 0.]
616,SVC,"{'C': 0.1, 'gamma': 0.1, 'kernel': 'rbf'}",0.5292621983184913,0.11148864477328253,0.08316045637585333,0.2244628625964319,0.5415802281879266,0.11223143129821594,0.5412351811484133,0.08602150537634412,0.543010752688172,0.543010752688172,"{0: 0.5522709951132725, 1: 0.5522709951132725}","{0: 0.5522709951132725, 1: 0.5522709951132725}",0.5522709951132725,"[[394 257]
 [338 313]]",[0. 1. 1. ... 0. 1. 0.],[0. 1. 1. ... 1. 0. 0.]
869,SVC,"{'C': 0.1, 'gamma': 0.1, 'kernel': 'rbf'}",0.528882570592448,0.10929086942004738,0.08310159765460487,0.2208692772339351,0.5415507988273024,0.11043463861696755,0.5385663986254581,0.07987711213517668,0.5399385560675883,0.5399385560675883,"{0: 0.5478632660140018, 1: 0.5478632660140019}","{0: 0.5478632660140018, 1: 0.5478632660140019}",0.5478632660140019,"[[387 264]
 [335 316]]",[0. 1. 1. ... 0. 1. 1.],[0. 1. 1. ... 1. 0. 0.]
849,SVC,"{'C': 0.1, 'gamma': 0.1, 'kernel': 'rbf'}",0.5291059030964456,0.10707345606106668,0.08285681323115163,0.21727247564063154,0.5414284066155759,0.10863623782031577,0.5414893295903891,0.08602150537634412,0.543010752688172,0.543010752688172,"{0: 0.5512481093720873, 1: 0.5512481093720873}","{0: 0.5512481093720873, 1: 0.5512481093720873}",0.5512481093720873,"[[391 260]
 [335 316]]",[0. 1. 1. ... 0. 1. 0.],[0. 1. 1. ... 1. 0. 0.]
217,AdaBoost,"{'algorithm': 'SAMME', 'learning_rate': 0.9979591836734693, 'n_estimators': 85}",0.5312637096482752,0.0715754468581792,0.08276593927555766,0.13774268255393074,0.5413829696377789,0.06887134127696536,0.5345226717638314,0.06912442396313367,0.5345622119815668,0.5345622119815667,"{0: 0.547700453750699, 1: 0.547700453750699}","{0: 0.547700453750699, 1: 0.547700453750699}",0.547700453750699,"[[354 297]
 [309 342]]",[1. 1. 0. ... 0. 1. 1.],[0. 1. 1. ... 1. 0. 0.]
524,AdaBoost,"{'algorithm': 'SAMME', 'learning_rate': 1.1612244897959183, 'n_estimators': 74}",0.5234881756680532,0.054179089982154045,0.08231937466458905,0.10449488475992123,0.5411596873322945,0.0522474423799606,0.5432243358195887,0.09216589861751157,0.5460829493087558,0.5460829493087558,"{0: 0.5605378467724239, 1: 0.5605378467724238}","{0: 0.5605378467724239, 1: 0.5605378467724238}",0.5605378467724238,"[[407 244]
 [347 304]]",[1. 1. 0. ... 0. 1. 1.],[0. 1. 1. ... 1. 0. 0.]
931,SVC,"{'C': 0.1, 'gamma': 0.1, 'kernel': 'rbf'}",0.5276543423762615,0.1119340998907884,0.08086003115363934,0.22692576145262894,0.5404300155768197,0.11346288072631447,0.5409906659253036,0.08448540706605223,0.5422427035330261,0.5422427035330262,"{0: 0.5467920085134297, 1: 0.5467920085134297}","{0: 0.5467920085134297, 1: 0.5467920085134297}",0.5467920085134297,"[[387 264]
 [332 319]]",[0. 1. 1. ... 0. 1. 1.],[0. 1. 1. ... 1. 0. 0.]
637,SVC,"{'C': 0.1, 'gamma': 0.1, 'kernel': 'rbf'}",0.5275920570559856,0.105452739343383,0.08032082857070827,0.21370747928280273,0.5401604142853542,0.10685373964140137,0.5404659698028299,0.08294930875576034,0.5414746543778802,0.5414746543778801,"{0: 0.5412351551789637, 1: 0.5412351551789637}","{0: 0.5412351551789637, 1: 0.5412351551789637}",0.5412351551789637,"[[383 268]
 [329 322]]",[0. 1. 1. ... 0. 1. 1.],[0. 1. 1. ... 1. 0. 0.]
829,SVC,"{'C': 0.1, 'gamma': 0.1, 'kernel': 'rbf'}",0.5281985938704368,0.11067322164348686,0.07989662932816854,0.22345863089085344,0.5399483146640843,0.11172931544542672,0.5397291564692446,0.08141321044546856,0.5407066052227343,0.5407066052227343,"{0: 0.5502275832289212, 1: 0.5502275832289212}","{0: 0.5502275832289212, 1: 0.5502275832289212}",0.5502275832289212,"[[382 269]
 [329 322]]",[0. 1. 1. ... 0. 1. 1.],[0. 1. 1. ... 1. 0. 0.]
287,knn,{'n_neighbors': 5},0.5366312441890774,0.06066706195441271,0.07912292274961269,0.12295928367457046,0.5395614613748063,0.061479641837285236,0.5391433209997735,0.07834101382488479,0.5391705069124424,0.5391705069124424,"{0: 0.5496530211113234, 1: 0.5496530211113235}","{0: 0.5496530211113234, 1: 0.5496530211113235}",0.5496530211113235,"[[356 295]
 [305 346]]",[0. 1. 0. ... 0. 1. 1.],[0. 1. 1. ... 1. 0. 0.]
997,knn,{'n_neighbors': 5},0.5366312441890774,0.06066706195441271,0.07912292274961269,0.12295928367457046,0.5395614613748063,0.061479641837285236,0.5391433209997735,0.07834101382488479,0.5391705069124424,0.5391705069124424,"{0: 0.5496530211113234, 1: 0.5496530211113235}","{0: 0.5496530211113234, 1: 0.5496530211113235}",0.5496530211113235,"[[356 295]
 [305 346]]",[0. 1. 0. ... 0. 1. 1.],[0. 1. 1. ... 1. 0. 0.]
652,knn,{'n_neighbors': 5},0.5366312441890774,0.06066706195441271,0.07912292274961269,0.12295928367457046,0.5395614613748063,0.061479641837285236,0.5391433209997735,0.07834101382488479,0.5391705069124424,0.5391705069124424,"{0: 0.5496530211113234, 1: 0.5496530211113235}","{0: 0.5496530211113234, 1: 0.5496530211113235}",0.5496530211113235,"[[356 295]
 [305 346]]",[0. 1. 0. ... 0. 1. 1.],[0. 1. 1. ... 1. 0. 0.]
21,knn,{'n_neighbors': 5},0.5366312441890774,0.06066706195441271,0.07912292274961269,0.12295928367457046,0.5395614613748063,0.061479641837285236,0.5391433209997735,0.07834101382488479,0.5391705069124424,0.5391705069124424,"{0: 0.5496530211113234, 1: 0.5496530211113235}","{0: 0.5496530211113234, 1: 0.5496530211113235}",0.5496530211113235,"[[356 295]
 [305 346]]",[0. 1. 0. ... 0. 1. 1.],[0. 1. 1. ... 1. 0. 0.]
499,AdaBoost,"{'algorithm': 'SAMME', 'learning_rate': 0.9163265306122448, 'n_estimators': 41}",0.5181574743994924,0.07270143565084493,0.07869583828213007,0.14318768304346427,0.5393479191410651,0.07159384152173214,0.5284623742247886,0.05837173579109067,0.5291858678955453,0.5291858678955453,"{0: 0.5362717407462465, 1: 0.5362717407462466}","{0: 0.5362717407462465, 1: 0.5362717407462466}",0.5362717407462466,"[[370 281]
 [332 319]]",[1. 1. 1. ... 0. 1. 1.],[0. 1. 1. ... 1. 0. 0.]
495,SVC,"{'C': 0.1, 'gamma': 0.1, 'kernel': 'rbf'}",0.5274061140265972,0.11091330274029226,0.07862869125066398,0.22358454606107275,0.539314345625332,0.11179227303053638,0.5396627565982404,0.08141321044546856,0.5407066052227343,0.5407066052227343,"{0: 0.5547945851944662, 1: 0.5547945851944662}","{0: 0.5547945851944662, 1: 0.5547945851944662}",0.5547945851944662,"[[383 268]
 [330 321]]",[0. 1. 1. ... 0. 1. 1.],[0. 1. 1. ... 1. 0. 0.]
951,SVC,"{'C': 0.1, 'gamma': 0.1, 'kernel': 'rbf'}",0.5266601775806476,0.10979299485309603,0.07810323969072966,0.22188971751700073,0.5390516198453648,0.11094485875850035,0.5395233634247432,0.08141321044546856,0.5407066052227343,0.5407066052227343,"{0: 0.5480355166693802, 1: 0.5480355166693801}","{0: 0.5480355166693802, 1: 0.5480355166693801}",0.5480355166693801,"[[385 266]
 [332 319]]",[0. 1. 1. ... 0. 1. 1.],[0. 1. 1. ... 1. 0. 0.]
656,randomforest,"{'criterion': 'entropy', 'max_features': 'log2', 'n_estimators': 317}",0.5329129757230261,0.10817310765400341,0.07793392007906844,0.2168702968391697,0.5389669600395343,0.10843514841958485,0.5353299870281022,0.07066052227342545,0.5353302611367128,0.5353302611367128,"{0: 0.5339321993105254, 1: 0.5339321993105255}","{0: 0.5339321993105254, 1: 0.5339321993105255}",0.5339321993105255,"[[349 302]
 [303 348]]",[0. 1. 1. ... 0. 1. 1.],[0. 1. 1. ... 1. 0. 0.]
811,SVC,"{'C': 0.1, 'gamma': 0.1, 'kernel': 'rbf'}",0.5263282403394826,0.10543743065428668,0.07732523653544457,0.21374455768629608,0.5386626182677223,0.10687227884314804,0.5380543407044376,0.07834101382488479,0.5391705069124424,0.5391705069124424,"{0: 0.5468911116302227, 1: 0.5468911116302226}","{0: 0.5468911116302227, 1: 0.5468911116302226}",0.5468911116302226,"[[383 268]
 [332 319]]",[0. 1. 1. ... 0. 1. 1.],[0. 1. 1. ... 1. 0. 0.]
895,AdaBoost,"{'algorithm': 'SAMME', 'learning_rate': 1.079591836734694, 'n_estimators': 74}",0.5226349438590343,0.05702730844936169,0.07683559204784733,0.11012962753937632,0.5384177960239237,0.055064813769688165,0.5361546682831119,0.07373271889400923,0.5368663594470046,0.5368663594470046,"{0: 0.5463177293116346, 1: 0.5463177293116345}","{0: 0.5463177293116346, 1: 0.5463177293116345}",0.5463177293116345,"[[375 276]
 [327 324]]",[1. 1. 0. ... 0. 1. 1.],[0. 1. 1. ... 1. 0. 0.]
473,SVC,"{'C': 0.1, 'gamma': 0.1, 'kernel': 'rbf'}",0.5265745852830284,0.11140025544283359,0.07622062228664428,0.22414282702537275,0.5381103111433222,0.11207141351268637,0.5381897890995765,0.07834101382488479,0.5391705069124424,0.5391705069124424,"{0: 0.5537976550314888, 1: 0.5537976550314888}","{0: 0.5537976550314888, 1: 0.5537976550314888}",0.5537976550314888,"[[381 270]
 [330 321]]",[0. 1. 1. ... 0. 1. 0.],[0. 1. 1. ... 1. 0. 0.]
181,knn,{'n_neighbors': 9},0.5347330860612923,0.09274411842827444,0.07611588213576043,0.1858693416551307,0.5380579410678803,0.09293467082756533,0.5251842882331698,0.05069124423963134,0.5253456221198156,0.5253456221198156,"{0: 0.5395916951588128, 1: 0.5395916951588127}","{0: 0.5395916951588128, 1: 0.5395916951588127}",0.5395916951588127,"[[354 297]
 [321 330]]",[0. 1. 0. ... 0. 1. 1.],[0. 1. 1. ... 1. 0. 0.]
514,knn,{'n_neighbors': 9},0.5347330860612923,0.09274411842827444,0.07611588213576043,0.1858693416551307,0.5380579410678803,0.09293467082756533,0.5251842882331698,0.05069124423963134,0.5253456221198156,0.5253456221198156,"{0: 0.5395916951588128, 1: 0.5395916951588127}","{0: 0.5395916951588128, 1: 0.5395916951588127}",0.5395916951588127,"[[354 297]
 [321 330]]",[0. 1. 0. ... 0. 1. 1.],[0. 1. 1. ... 1. 0. 0.]
870,knn,{'n_neighbors': 9},0.5347330860612923,0.09274411842827444,0.07611588213576043,0.1858693416551307,0.5380579410678803,0.09293467082756533,0.5251842882331698,0.05069124423963134,0.5253456221198156,0.5253456221198156,"{0: 0.5395916951588128, 1: 0.5395916951588127}","{0: 0.5395916951588128, 1: 0.5395916951588127}",0.5395916951588127,"[[354 297]
 [321 330]]",[0. 1. 0. ... 0. 1. 1.],[0. 1. 1. ... 1. 0. 0.]
160,AdaBoost,"{'algorithm': 'SAMME', 'learning_rate': 1.9775510204081632, 'n_estimators': 41}",0.4866295581273089,0.08756861191853274,0.07548451705789314,0.15808331429427813,0.5377422585289465,0.07904165714713905,0.4906960977068194,0.06144393241167434,0.5307219662058372,0.5307219662058372,"{0: 0.5251710118664183, 1: 0.5251710118664185}","{0: 0.5251710118664183, 1: 0.5251710118664185}",0.5251710118664185,"[[528 123]
 [488 163]]",[0. 0. 1. ... 0. 0. 0.],[0. 1. 1. ... 1. 0. 0.]
530,SVC,"{'C': 0.1, 'gamma': 0.1, 'kernel': 'rbf'}",0.5180359722257397,0.11131785479116174,0.0743311981400193,0.21367839658733073,0.5371655990700097,0.10683919829366537,0.5288897352885165,0.0660522273425499,0.533026113671275,0.533026113671275,"{0: 0.5382762192632863, 1: 0.5382762192632864}","{0: 0.5382762192632863, 1: 0.5382762192632864}",0.5382762192632864,"[[408 243]
 [365 286]]",[0. 1. 1. ... 0. 1. 0.],[0. 1. 1. ... 1. 0. 0.]
899,knn,{'n_neighbors': 3},0.530480472666471,0.09256384524528674,0.07146850852829434,0.18089207695314535,0.5357342542641471,0.09044603847657266,0.5251260018177312,0.05069124423963134,0.5253456221198156,0.5253456221198156,"{0: 0.5362245487858688, 1: 0.5362245487858688}","{0: 0.5362245487858688, 1: 0.5362245487858688}",0.5362245487858688,"[[356 295]
 [323 328]]",[0. 1. 0. ... 0. 1. 1.],[0. 1. 1. ... 1. 0. 0.]
538,knn,{'n_neighbors': 3},0.530480472666471,0.09256384524528674,0.07146850852829434,0.18089207695314535,0.5357342542641471,0.09044603847657266,0.5251260018177312,0.05069124423963134,0.5253456221198156,0.5253456221198156,"{0: 0.5362245487858688, 1: 0.5362245487858688}","{0: 0.5362245487858688, 1: 0.5362245487858688}",0.5362245487858688,"[[356 295]
 [323 328]]",[0. 1. 0. ... 0. 1. 1.],[0. 1. 1. ... 1. 0. 0.]
190,knn,{'n_neighbors': 3},0.530480472666471,0.09256384524528674,0.07146850852829434,0.18089207695314535,0.5357342542641471,0.09044603847657266,0.5251260018177312,0.05069124423963134,0.5253456221198156,0.5253456221198156,"{0: 0.5362245487858688, 1: 0.5362245487858688}","{0: 0.5362245487858688, 1: 0.5362245487858688}",0.5362245487858688,"[[356 295]
 [323 328]]",[0. 1. 0. ... 0. 1. 1.],[0. 1. 1. ... 1. 0. 0.]
154,knn,{'n_neighbors': 33},0.5265065234009211,0.09813472643493336,0.07137543923797991,0.18931355614112186,0.53568771961899,0.09465677807056093,0.5305200725888549,0.06144393241167434,0.5307219662058372,0.5307219662058371,"{0: 0.5316610862173521, 1: 0.5316610862173521}","{0: 0.5316610862173521, 1: 0.5316610862173521}",0.5316610862173521,"[[359 292]
 [319 332]]",[0. 1. 0. ... 0. 1. 1.],[0. 1. 1. ... 1. 0. 0.]
489,knn,{'n_neighbors': 33},0.5265065234009211,0.09813472643493336,0.07137543923797991,0.18931355614112186,0.53568771961899,0.09465677807056093,0.5305200725888549,0.06144393241167434,0.5307219662058372,0.5307219662058371,"{0: 0.5316610862173521, 1: 0.5316610862173521}","{0: 0.5316610862173521, 1: 0.5316610862173521}",0.5316610862173521,"[[359 292]
 [319 332]]",[0. 1. 0. ... 0. 1. 1.],[0. 1. 1. ... 1. 0. 0.]
770,knn,{'n_neighbors': 33},0.5265065234009211,0.09813472643493336,0.07137543923797991,0.18931355614112186,0.53568771961899,0.09465677807056093,0.5305200725888549,0.06144393241167434,0.5307219662058372,0.5307219662058371,"{0: 0.5316610862173521, 1: 0.5316610862173521}","{0: 0.5316610862173521, 1: 0.5316610862173521}",0.5316610862173521,"[[359 292]
 [319 332]]",[0. 1. 0. ... 0. 1. 1.],[0. 1. 1. ... 1. 0. 0.]
653,SVC,"{'C': 1, 'gamma': 0.01, 'kernel': 'rbf'}",0.5197624172269033,0.13219531007334664,0.07105172608353891,0.26580961150337973,0.5355258630417695,0.13290480575168984,0.5218823051729954,0.055299539170506895,0.5276497695852534,0.5276497695852534,"{0: 0.5361903346145951, 1: 0.5361903346145951}","{0: 0.5361903346145951, 1: 0.5361903346145951}",0.5361903346145951,"[[415 236]
 [379 272]]",[0. 1. 1. ... 0. 0. 0.],[0. 1. 1. ... 1. 0. 0.]
212,randomforest,"{'criterion': 'entropy', 'max_features': 'log2', 'n_estimators': 89}",0.5303151939128666,0.09455913111144608,0.07063567775458902,0.1893563707652979,0.5353178388772946,0.09467818538264892,0.5291633704456844,0.05837173579109067,0.5291858678955453,0.5291858678955453,"{0: 0.5380296412703132, 1: 0.5380296412703132}","{0: 0.5380296412703132, 1: 0.5380296412703132}",0.5380296412703132,"[[340 311]
 [302 349]]",[0. 1. 1. ... 0. 1. 1.],[0. 1. 1. ... 1. 0. 0.]
309,knn,{'n_neighbors': 11},0.5296628123249622,0.08070056729832524,0.07030514606050244,0.16253588638560865,0.5351525730302512,0.08126794319280432,0.5270848504499523,0.055299539170506895,0.5276497695852534,0.5276497695852534,"{0: 0.5368875958291746, 1: 0.5368875958291746}","{0: 0.5368875958291746, 1: 0.5368875958291746}",0.5368875958291746,"[[366 285]
 [330 321]]",[0. 1. 0. ... 0. 1. 1.],[0. 1. 1. ... 1. 0. 0.]
136,knn,{'n_neighbors': 11},0.5296628123249622,0.08070056729832524,0.07030514606050244,0.16253588638560865,0.5351525730302512,0.08126794319280432,0.5270848504499523,0.055299539170506895,0.5276497695852534,0.5276497695852534,"{0: 0.5368875958291746, 1: 0.5368875958291746}","{0: 0.5368875958291746, 1: 0.5368875958291746}",0.5368875958291746,"[[366 285]
 [330 321]]",[0. 1. 0. ... 0. 1. 1.],[0. 1. 1. ... 1. 0. 0.]
717,knn,{'n_neighbors': 11},0.5296628123249622,0.08070056729832524,0.07030514606050244,0.16253588638560865,0.5351525730302512,0.08126794319280432,0.5270848504499523,0.055299539170506895,0.5276497695852534,0.5276497695852534,"{0: 0.5368875958291746, 1: 0.5368875958291746}","{0: 0.5368875958291746, 1: 0.5368875958291746}",0.5368875958291746,"[[366 285]
 [330 321]]",[0. 1. 0. ... 0. 1. 1.],[0. 1. 1. ... 1. 0. 0.]
856,knn,{'n_neighbors': 35},0.5263085060253644,0.09361357675078139,0.06932106933629648,0.1802517869923291,0.5346605346681482,0.09012589349616457,0.5291055893658384,0.05837173579109067,0.5291858678955453,0.5291858678955452,"{0: 0.5295940783528118, 1: 0.5295940783528118}","{0: 0.5295940783528118, 1: 0.5295940783528118}",0.5295940783528118,"[[353 298]
 [315 336]]",[0. 1. 0. ... 0. 0. 1.],[0. 1. 1. ... 1. 0. 0.]
210,knn,{'n_neighbors': 35},0.5263085060253644,0.09361357675078139,0.06932106933629648,0.1802517869923291,0.5346605346681482,0.09012589349616457,0.5291055893658384,0.05837173579109067,0.5291858678955453,0.5291858678955452,"{0: 0.5295940783528118, 1: 0.5295940783528118}","{0: 0.5295940783528118, 1: 0.5295940783528118}",0.5295940783528118,"[[353 298]
 [315 336]]",[0. 1. 0. ... 0. 0. 1.],[0. 1. 1. ... 1. 0. 0.]
343,knn,{'n_neighbors': 35},0.5263085060253644,0.09361357675078139,0.06932106933629648,0.1802517869923291,0.5346605346681482,0.09012589349616457,0.5291055893658384,0.05837173579109067,0.5291858678955453,0.5291858678955452,"{0: 0.5295940783528118, 1: 0.5295940783528118}","{0: 0.5295940783528118, 1: 0.5295940783528118}",0.5295940783528118,"[[353 298]
 [315 336]]",[0. 1. 0. ... 0. 0. 1.],[0. 1. 1. ... 1. 0. 0.]
573,SVC,"{'C': 100, 'gamma': 1, 'kernel': 'rbf'}",0.526519943044902,0.07827355090139318,0.06930034592980959,0.1527163396186591,0.5346501729649048,0.07635816980932955,0.5259844811151266,0.05837173579109067,0.5291858678955453,0.5291858678955453,"{0: 0.5352995863624673, 1: 0.5352995863624673}","{0: 0.5352995863624673, 1: 0.5352995863624673}",0.5352995863624673,"[[291 360]
 [253 398]]",[0. 1. 0. ... 0. 1. 1.],[0. 1. 1. ... 1. 0. 0.]
316,SVC,"{'C': 1, 'gamma': 0.01, 'kernel': 'rbf'}",0.518857976546306,0.13075437867272366,0.06924790031419589,0.2640712956520916,0.534623950157098,0.1320356478260458,0.5197934595524957,0.05069124423963134,0.5253456221198156,0.5253456221198156,"{0: 0.534169338911423, 1: 0.534169338911423}","{0: 0.534169338911423, 1: 0.534169338911423}",0.534169338911423,"[[412 239]
 [379 272]]",[0. 1. 1. ... 0. 0. 0.],[0. 1. 1. ... 1. 0. 0.]
429,knn,{'n_neighbors': 17},0.52908863312077,0.0910951595718218,0.06783098683365679,0.1825810930542727,0.5339154934168284,0.09129054652713635,0.5249409597581711,0.05069124423963134,0.5253456221198156,0.5253456221198156,"{0: 0.5374362023685644, 1: 0.5374362023685645}","{0: 0.5374362023685644, 1: 0.5374362023685645}",0.5374362023685645,"[[361 290]
 [328 323]]",[0. 1. 0. ... 0. 0. 1.],[0. 1. 1. ... 1. 0. 0.]
941,knn,{'n_neighbors': 17},0.52908863312077,0.0910951595718218,0.06783098683365679,0.1825810930542727,0.5339154934168284,0.09129054652713635,0.5249409597581711,0.05069124423963134,0.5253456221198156,0.5253456221198156,"{0: 0.5374362023685644, 1: 0.5374362023685645}","{0: 0.5374362023685644, 1: 0.5374362023685645}",0.5374362023685645,"[[361 290]
 [328 323]]",[0. 1. 0. ... 0. 0. 1.],[0. 1. 1. ... 1. 0. 0.]
277,knn,{'n_neighbors': 17},0.52908863312077,0.0910951595718218,0.06783098683365679,0.1825810930542727,0.5339154934168284,0.09129054652713635,0.5249409597581711,0.05069124423963134,0.5253456221198156,0.5253456221198156,"{0: 0.5374362023685644, 1: 0.5374362023685645}","{0: 0.5374362023685644, 1: 0.5374362023685645}",0.5374362023685645,"[[361 290]
 [328 323]]",[0. 1. 0. ... 0. 0. 1.],[0. 1. 1. ... 1. 0. 0.]
400,randomforest,"{'criterion': 'gini', 'max_features': 'log2', 'n_estimators': 565}",0.5282021115562278,0.09943216435812756,0.06695412645089517,0.19877976427762747,0.5334770632254475,0.09938988213881375,0.5322246757238436,0.06451612903225812,0.532258064516129,0.532258064516129,"{0: 0.5383670637870133, 1: 0.5383670637870133}","{0: 0.5383670637870133, 1: 0.5383670637870133}",0.5383670637870133,"[[352 299]
 [310 341]]",[0. 1. 1. ... 0. 1. 1.],[0. 1. 1. ... 1. 0. 0.]
383,AdaBoost,"{'algorithm': 'SAMME', 'learning_rate': 0.5081632653061224, 'n_estimators': 85}",0.5128624244126978,0.06134773290055008,0.06634728283012634,0.11755579043947448,0.5331736414150631,0.058777895219737246,0.5250711949218526,0.05222734254992323,0.5261136712749616,0.5261136712749616,"{0: 0.5421896125776013, 1: 0.5421896125776012}","{0: 0.5421896125776013, 1: 0.5421896125776012}",0.5421896125776012,"[[373 278]
 [339 312]]",[1. 1. 1. ... 0. 1. 1.],[0. 1. 1. ... 1. 0. 0.]
112,SVC,"{'C': 0.1, 'gamma': 1, 'kernel': 'sigmoid'}",0.5033298519999376,0.08661908223227559,0.06546510643831274,0.1358172548991715,0.5327325532191565,0.06790862744958576,0.5003413593974503,0.03379416282642089,0.5168970814132104,0.5168970814132104,"{0: 0.5177949084593948, 1: 0.5177949084593949}","{0: 0.5177949084593948, 1: 0.5177949084593949}",0.5177949084593949,"[[455 196]
 [433 218]]",[0. 0. 0. ... 1. 1. 0.],[0. 1. 1. ... 1. 0. 0.]
768,AdaBoost,"{'algorithm': 'SAMME.R', 'learning_rate': 1.9775510204081632, 'n_estimators': 74}",0.4672502409291778,0.12297276975652063,0.06535362984693614,0.19268636134942124,0.5326768149234681,0.09634318067471062,0.5133926871072176,0.03533026113671278,0.5176651305683564,0.5176651305683564,"{0: 0.5260629399175556, 1: 0.5260629399175556}","{0: 0.5260629399175556, 1: 0.5260629399175556}",0.5260629399175556,"[[276 375]
 [253 398]]",[0. 0. 1. ... 0. 0. 0.],[0. 1. 1. ... 1. 0. 0.]
276,SVC,"{'C': 100, 'gamma': 1, 'kernel': 'rbf'}",0.5244902192650863,0.07794127154170508,0.06507081913476555,0.15187085778894968,0.5325354095673827,0.07593542889447483,0.5236038347767205,0.053763440860215006,0.5268817204301075,0.5268817204301075,"{0: 0.5357184150108187, 1: 0.5357184150108188}","{0: 0.5357184150108187, 1: 0.5357184150108188}",0.5357184150108188,"[[289 362]
 [254 397]]",[0. 1. 0. ... 0. 1. 1.],[0. 1. 1. ... 1. 0. 0.]
103,SVC,"{'C': 1, 'gamma': 0.1, 'kernel': 'rbf'}",0.5221110480305285,0.11452202205884465,0.06476166149722451,0.23073265968123252,0.5323808307486123,0.11536632984061626,0.5259468870377046,0.056835637480798784,0.5284178187403994,0.5284178187403994,"{0: 0.5206311452780905, 1: 0.5206311452780905}","{0: 0.5206311452780905, 1: 0.5206311452780905}",0.5206311452780905,"[[391 260]
 [354 297]]",[0. 1. 1. ... 0. 1. 1.],[0. 1. 1. ... 1. 0. 0.]
936,SVC,"{'C': 100, 'gamma': 1, 'kernel': 'rbf'}",0.524227825505342,0.07946322606616579,0.064629214309303,0.1549183261420092,0.5323146071546515,0.0774591630710046,0.5225170660382125,0.05222734254992323,0.5261136712749616,0.5261136712749617,"{0: 0.5372403557329973, 1: 0.5372403557329973}","{0: 0.5372403557329973, 1: 0.5372403557329973}",0.5372403557329973,"[[286 365]
 [252 399]]",[0. 1. 0. ... 0. 1. 1.],[0. 1. 1. ... 1. 0. 0.]
621,SVC,"{'C': 100, 'gamma': 1, 'kernel': 'rbf'}",0.5231887447310644,0.08312145702366983,0.06263957647561591,0.16168311514273623,0.5313197882378079,0.08084155757136811,0.521678650915939,0.05069124423963134,0.5253456221198156,0.5253456221198156,"{0: 0.5395374244043785, 1: 0.5395374244043785}","{0: 0.5395374244043785, 1: 0.5395374244043785}",0.5395374244043785,"[[285 366]
 [252 399]]",[0. 1. 0. ... 0. 1. 1.],[0. 1. 1. ... 1. 0. 0.]
421,SVC,"{'C': 100, 'gamma': 1, 'kernel': 'rbf'}",0.5235222357191469,0.08097660747368923,0.0625447335227608,0.1576081617760236,0.5312723667613803,0.07880408088801179,0.521807138697063,0.05069124423963134,0.5253456221198156,0.5253456221198156,"{0: 0.5367401209529945, 1: 0.5367401209529944}","{0: 0.5367401209529945, 1: 0.5367401209529944}",0.5367401209529944,"[[286 365]
 [253 398]]",[0. 1. 0. ... 0. 1. 1.],[0. 1. 1. ... 1. 0. 0.]
77,SVC,"{'C': 0.1, 'gamma': 1, 'kernel': 'sigmoid'}",0.5000833579829783,0.08820528344597646,0.062125703237331145,0.15255106961960213,0.5310628516186656,0.07627553480980105,0.5097180203563183,0.055299539170506895,0.5276497695852534,0.5276497695852534,"{0: 0.5245126840191505, 1: 0.5245126840191505}","{0: 0.5245126840191505, 1: 0.5245126840191505}",0.5245126840191505,"[[468 183]
 [432 219]]",[0. 0. 0. ... 1. 0. 0.],[0. 1. 1. ... 1. 0. 0.]
11,randomforest,"{'criterion': 'gini', 'max_features': 'log2', 'n_estimators': 127}",0.5258814066782368,0.11364551855831403,0.06173597187048765,0.2286362093681188,0.5308679859352438,0.11431810468405941,0.5238050292946859,0.04761904761904767,0.5238095238095238,0.5238095238095237,"{0: 0.5300683575546069, 1: 0.530068357554607}","{0: 0.5300683575546069, 1: 0.530068357554607}",0.530068357554607,"[[343 308]
 [312 339]]",[0. 1. 1. ... 0. 1. 1.],[0. 1. 1. ... 1. 0. 0.]
661,SVC,"{'C': 100, 'gamma': 1, 'kernel': 'rbf'}",0.5229644546970388,0.0789306694006627,0.06167212632430804,0.1541495440312945,0.530836063162154,0.07707477201564723,0.5219332851683556,0.05069124423963134,0.5253456221198156,0.5253456221198156,"{0: 0.5374975519170554, 1: 0.5374975519170554}","{0: 0.5374975519170554, 1: 0.5374975519170554}",0.5374975519170554,"[[287 364]
 [254 397]]",[0. 1. 0. ... 0. 1. 1.],[0. 1. 1. ... 1. 0. 0.]
955,knn,{'n_neighbors': 37},0.5234658019614327,0.0952962009612499,0.06144293637963149,0.18368626379259403,0.5307214681898157,0.091843131896297,0.528167318261658,0.056835637480798784,0.5284178187403994,0.5284178187403994,"{0: 0.5274857775229412, 1: 0.5274857775229411}","{0: 0.5274857775229412, 1: 0.5274857775229411}",0.5274857775229411,"[[359 292]
 [322 329]]",[0. 1. 0. ... 0. 1. 1.],[0. 1. 1. ... 1. 0. 0.]
230,knn,{'n_neighbors': 37},0.5234658019614327,0.0952962009612499,0.06144293637963149,0.18368626379259403,0.5307214681898157,0.091843131896297,0.528167318261658,0.056835637480798784,0.5284178187403994,0.5284178187403994,"{0: 0.5274857775229412, 1: 0.5274857775229411}","{0: 0.5274857775229412, 1: 0.5274857775229411}",0.5274857775229411,"[[359 292]
 [322 329]]",[0. 1. 0. ... 0. 1. 1.],[0. 1. 1. ... 1. 0. 0.]
612,knn,{'n_neighbors': 37},0.5234658019614327,0.0952962009612499,0.06144293637963149,0.18368626379259403,0.5307214681898157,0.091843131896297,0.528167318261658,0.056835637480798784,0.5284178187403994,0.5284178187403994,"{0: 0.5274857775229412, 1: 0.5274857775229411}","{0: 0.5274857775229412, 1: 0.5274857775229411}",0.5274857775229411,"[[359 292]
 [322 329]]",[0. 1. 0. ... 0. 1. 1.],[0. 1. 1. ... 1. 0. 0.]
377,SVC,"{'C': 100, 'gamma': 1, 'kernel': 'rbf'}",0.5228080108152618,0.0839377756506013,0.06106000511218683,0.16405570134948774,0.5305300025560934,0.08202785067474387,0.521807138697063,0.05069124423963134,0.5253456221198156,0.5253456221198156,"{0: 0.5385522922314955, 1: 0.5385522922314954}","{0: 0.5385522922314955, 1: 0.5385522922314954}",0.5385522922314954,"[[286 365]
 [253 398]]",[0. 1. 0. ... 0. 1. 1.],[0. 1. 1. ... 1. 0. 0.]
854,SVC,"{'C': 100, 'gamma': 1, 'kernel': 'rbf'}",0.522134278933412,0.079435678134177,0.061048035449592135,0.1540564468423696,0.530524017724796,0.0770282234211848,0.5202595889841085,0.04761904761904767,0.5238095238095238,0.5238095238095237,"{0: 0.5354211056604398, 1: 0.5354211056604397}","{0: 0.5354211056604398, 1: 0.5354211056604397}",0.5354211056604397,"[[285 366]
 [254 397]]",[0. 1. 0. ... 0. 1. 1.],[0. 1. 1. ... 1. 0. 0.]
113,knn,{'n_neighbors': 19},0.5253155589211045,0.08486577508235071,0.06103203105133384,0.1674611685786551,0.530516015525667,0.08373058428932754,0.5259097950692693,0.05222734254992323,0.5261136712749616,0.5261136712749617,"{0: 0.5340289428292996, 1: 0.5340289428292996}","{0: 0.5340289428292996, 1: 0.5340289428292996}",0.5340289428292996,"[[356 295]
 [322 329]]",[0. 1. 0. ... 0. 1. 1.],[0. 1. 1. ... 1. 0. 0.]
453,knn,{'n_neighbors': 19},0.5253155589211045,0.08486577508235071,0.06103203105133384,0.1674611685786551,0.530516015525667,0.08373058428932754,0.5259097950692693,0.05222734254992323,0.5261136712749616,0.5261136712749617,"{0: 0.5340289428292996, 1: 0.5340289428292996}","{0: 0.5340289428292996, 1: 0.5340289428292996}",0.5340289428292996,"[[356 295]
 [322 329]]",[0. 1. 0. ... 0. 1. 1.],[0. 1. 1. ... 1. 0. 0.]
843,knn,{'n_neighbors': 19},0.5253155589211045,0.08486577508235071,0.06103203105133384,0.1674611685786551,0.530516015525667,0.08373058428932754,0.5259097950692693,0.05222734254992323,0.5261136712749616,0.5261136712749617,"{0: 0.5340289428292996, 1: 0.5340289428292996}","{0: 0.5340289428292996, 1: 0.5340289428292996}",0.5340289428292996,"[[356 295]
 [322 329]]",[0. 1. 0. ... 0. 1. 1.],[0. 1. 1. ... 1. 0. 0.]
603,SVC,"{'C': 100, 'gamma': 1, 'kernel': 'rbf'}",0.5223187959277513,0.07747045667536213,0.06101042770885689,0.15151332289389335,0.5305052138544284,0.07575666144694668,0.5212220114618525,0.04915514592933945,0.5245775729646698,0.5245775729646698,"{0: 0.5393639939499907, 1: 0.5393639939499907}","{0: 0.5393639939499907, 1: 0.5393639939499907}",0.5393639939499907,"[[287 364]
 [255 396]]",[0. 1. 0. ... 0. 1. 1.],[0. 1. 1. ... 1. 0. 0.]
983,knn,{'n_neighbors': 13},0.5247995217972278,0.09948182260970377,0.06065523077198158,0.19998271506562762,0.5303276153859907,0.09999135753281384,0.5224191447700672,0.04608294930875578,0.5230414746543779,0.5230414746543779,"{0: 0.5346082241429351, 1: 0.5346082241429351}","{0: 0.5346082241429351, 1: 0.5346082241429351}",0.5346082241429351,"[[364 287]
 [334 317]]",[0. 1. 1. ... 0. 1. 1.],[0. 1. 1. ... 1. 0. 0.]
625,knn,{'n_neighbors': 13},0.5247995217972278,0.09948182260970377,0.06065523077198158,0.19998271506562762,0.5303276153859907,0.09999135753281384,0.5224191447700672,0.04608294930875578,0.5230414746543779,0.5230414746543779,"{0: 0.5346082241429351, 1: 0.5346082241429351}","{0: 0.5346082241429351, 1: 0.5346082241429351}",0.5346082241429351,"[[364 287]
 [334 317]]",[0. 1. 1. ... 0. 1. 1.],[0. 1. 1. ... 1. 0. 0.]
20,knn,{'n_neighbors': 13},0.5247995217972278,0.09948182260970377,0.06065523077198158,0.19998271506562762,0.5303276153859907,0.09999135753281384,0.5224191447700672,0.04608294930875578,0.5230414746543779,0.5230414746543779,"{0: 0.5346082241429351, 1: 0.5346082241429351}","{0: 0.5346082241429351, 1: 0.5346082241429351}",0.5346082241429351,"[[364 287]
 [334 317]]",[0. 1. 1. ... 0. 1. 1.],[0. 1. 1. ... 1. 0. 0.]
298,knn,{'n_neighbors': 13},0.5247995217972278,0.09948182260970377,0.06065523077198158,0.19998271506562762,0.5303276153859907,0.09999135753281384,0.5224191447700672,0.04608294930875578,0.5230414746543779,0.5230414746543779,"{0: 0.5346082241429351, 1: 0.5346082241429351}","{0: 0.5346082241429351, 1: 0.5346082241429351}",0.5346082241429351,"[[364 287]
 [334 317]]",[0. 1. 1. ... 0. 1. 1.],[0. 1. 1. ... 1. 0. 0.]
684,SVC,"{'C': 100, 'gamma': 1, 'kernel': 'rbf'}",0.5223344077024588,0.07918245090747321,0.06062068164495638,0.15488093738126432,0.5303103408224782,0.07744046869063216,0.5210968320435824,0.04915514592933945,0.5245775729646698,0.5245775729646698,"{0: 0.5372144001547896, 1: 0.5372144001547896}","{0: 0.5372144001547896, 1: 0.5372144001547896}",0.5372144001547896,"[[286 365]
 [254 397]]",[0. 1. 0. ... 0. 1. 1.],[0. 1. 1. ... 1. 0. 0.]
896,SVC,"{'C': 100, 'gamma': 1, 'kernel': 'rbf'}",0.5223217067186543,0.07893276225189279,0.0606165936181503,0.15492454846164735,0.5303082968090751,0.07746227423082368,0.5215835260107029,0.04915514592933945,0.5245775729646698,0.5245775729646698,"{0: 0.5385039204721083, 1: 0.5385039204721084}","{0: 0.5385039204721083, 1: 0.5385039204721084}",0.5385039204721084,"[[290 361]
 [258 393]]",[0. 1. 0. ... 0. 1. 1.],[0. 1. 1. ... 1. 0. 0.]
875,SVC,"{'C': 100, 'gamma': 1, 'kernel': 'rbf'}",0.5226128143468106,0.08366274511992082,0.06004012302991501,0.16395029084885943,0.5300200615149575,0.08197514542442971,0.5213448512402339,0.04915514592933945,0.5245775729646698,0.5245775729646698,"{0: 0.5403762615000909, 1: 0.5403762615000909}","{0: 0.5403762615000909, 1: 0.5403762615000909}",0.5403762615000909,"[[288 363]
 [256 395]]",[0. 1. 0. ... 0. 1. 1.],[0. 1. 1. ... 1. 0. 0.]
915,SVC,"{'C': 100, 'gamma': 1, 'kernel': 'rbf'}",0.5218674337288697,0.0797378461650203,0.05987018508269511,0.15501240529233878,0.5299350925413475,0.07750620264616938,0.5201306853849226,0.04761904761904767,0.5238095238095238,0.5238095238095238,"{0: 0.537335919452762, 1: 0.537335919452762}","{0: 0.537335919452762, 1: 0.537335919452762}",0.537335919452762,"[[284 367]
 [253 398]]",[0. 1. 0. ... 0. 1. 1.],[0. 1. 1. ... 1. 0. 0.]
232,randomforest,"{'criterion': 'entropy', 'max_features': 'sqrt', 'n_estimators': 69}",0.5235847154152738,0.08827748875434069,0.05981451014684658,0.18114130818921126,0.5299072550734233,0.09057065409460563,0.5237376013895412,0.04761904761904767,0.5238095238095238,0.5238095238095238,"{0: 0.5233541213918796, 1: 0.5233541213918798}","{0: 0.5233541213918796, 1: 0.5233541213918798}",0.5233541213918798,"[[349 302]
 [318 333]]",[0. 1. 1. ... 0. 1. 1.],[0. 1. 1. ... 1. 0. 0.]
78,knn,{'n_neighbors': 1},0.5236761209250915,0.062364984143653386,0.05975200607283253,0.11749865669925609,0.5298760030364162,0.05874932834962803,0.5260910270228178,0.05222734254992323,0.5261136712749616,0.5261136712749617,"{0: 0.5261136712749617, 1: 0.5261136712749617}","{0: 0.5261136712749617, 1: 0.5261136712749617}",0.5261136712749617,"[[338 313]
 [304 347]]",[0. 1. 0. ... 1. 1. 1.],[0. 1. 1. ... 1. 0. 0.]
387,knn,{'n_neighbors': 1},0.5236761209250915,0.062364984143653386,0.05975200607283253,0.11749865669925609,0.5298760030364162,0.05874932834962803,0.5260910270228178,0.05222734254992323,0.5261136712749616,0.5261136712749617,"{0: 0.5261136712749617, 1: 0.5261136712749617}","{0: 0.5261136712749617, 1: 0.5261136712749617}",0.5261136712749617,"[[338 313]
 [304 347]]",[0. 1. 0. ... 1. 1. 1.],[0. 1. 1. ... 1. 0. 0.]
730,knn,{'n_neighbors': 1},0.5236761209250915,0.062364984143653386,0.05975200607283253,0.11749865669925609,0.5298760030364162,0.05874932834962803,0.5260910270228178,0.05222734254992323,0.5261136712749616,0.5261136712749617,"{0: 0.5261136712749617, 1: 0.5261136712749617}","{0: 0.5261136712749617, 1: 0.5261136712749617}",0.5261136712749617,"[[338 313]
 [304 347]]",[0. 1. 0. ... 1. 1. 1.],[0. 1. 1. ... 1. 0. 0.]
308,SVC,"{'C': 100, 'gamma': 1, 'kernel': 'sigmoid'}",0.4869611582362702,0.10223919836208327,0.059747417605901514,0.1450614492160687,0.5298737088029507,0.07253072460803434,0.49170963581112526,0.03993855606758834,0.5199692780337941,0.5199692780337941,"{0: 0.5166575822142939, 1: 0.5166575822142939}","{0: 0.5166575822142939, 1: 0.5166575822142939}",0.5166575822142939,"[[492 159]
 [466 185]]",[0. 0. 0. ... 0. 0. 0.],[0. 1. 1. ... 1. 0. 0.]
267,SVC,"{'C': 1000, 'gamma': 1, 'kernel': 'rbf'}",0.5217378467865842,0.07980508324351662,0.05970678969658168,0.1562055346732524,0.5298533948482907,0.07810276733662619,0.5205103531843615,0.04761904761904767,0.5238095238095238,0.5238095238095238,"{0: 0.5385499326334765, 1: 0.5385499326334765}","{0: 0.5385499326334765, 1: 0.5385499326334765}",0.5385499326334765,"[[287 364]
 [256 395]]",[0. 1. 0. ... 0. 1. 1.],[0. 1. 1. ... 1. 0. 0.]
293,SVC,"{'C': 100, 'gamma': 1, 'kernel': 'rbf'}",0.5223046036841865,0.08417228898779311,0.05956434136589805,0.16575888279464468,0.5297821706829491,0.08287944139732234,0.5224145299145299,0.05069124423963134,0.5253456221198156,0.5253456221198157,"{0: 0.5391374725401781, 1: 0.5391374725401781}","{0: 0.5391374725401781, 1: 0.5391374725401781}",0.5391374725401781,"[[291 360]
 [258 393]]",[0. 1. 0. ... 0. 1. 1.],[0. 1. 1. ... 1. 0. 0.]
780,SVC,"{'C': 100, 'gamma': 1, 'kernel': 'rbf'}",0.5218245715506932,0.08028482168896746,0.059440123029915,0.1573679645496332,0.5297200615149575,0.07868398227481659,0.5205103531843615,0.04761904761904767,0.5238095238095238,0.5238095238095238,"{0: 0.5374786751329044, 1: 0.5374786751329044}","{0: 0.5374786751329044, 1: 0.5374786751329044}",0.5374786751329044,"[[287 364]
 [256 395]]",[0. 1. 0. ... 0. 1. 1.],[0. 1. 1. ... 1. 0. 0.]
360,SVC,"{'C': 100, 'gamma': 1, 'kernel': 'rbf'}",0.5216948368883358,0.07874045806439976,0.05935237294216491,0.1539905257778046,0.5296761864710825,0.07699526288890227,0.5205103531843615,0.04761904761904767,0.5238095238095238,0.5238095238095238,"{0: 0.5366209612530409, 1: 0.5366209612530409}","{0: 0.5366209612530409, 1: 0.5366209612530409}",0.5366209612530409,"[[287 364]
 [256 395]]",[0. 1. 0. ... 0. 1. 1.],[0. 1. 1. ... 1. 0. 0.]
502,knn,{'n_neighbors': 39},0.5230030677628866,0.10048469866535224,0.059274669076272914,0.1953486687249838,0.5296373345381364,0.09767433436249189,0.5234035518609484,0.04761904761904767,0.5238095238095238,0.5238095238095238,"{0: 0.5283399520057762, 1: 0.5283399520057763}","{0: 0.5283399520057762, 1: 0.5283399520057763}",0.5283399520057763,"[[360 291]
 [329 322]]",[0. 1. 0. ... 0. 0. 1.],[0. 1. 1. ... 1. 0. 0.]
828,knn,{'n_neighbors': 39},0.5230030677628866,0.10048469866535224,0.059274669076272914,0.1953486687249838,0.5296373345381364,0.09767433436249189,0.5234035518609484,0.04761904761904767,0.5238095238095238,0.5238095238095238,"{0: 0.5283399520057762, 1: 0.5283399520057763}","{0: 0.5283399520057762, 1: 0.5283399520057763}",0.5283399520057763,"[[360 291]
 [329 322]]",[0. 1. 0. ... 0. 0. 1.],[0. 1. 1. ... 1. 0. 0.]
172,knn,{'n_neighbors': 39},0.5230030677628866,0.10048469866535224,0.059274669076272914,0.1953486687249838,0.5296373345381364,0.09767433436249189,0.5234035518609484,0.04761904761904767,0.5238095238095238,0.5238095238095238,"{0: 0.5283399520057762, 1: 0.5283399520057763}","{0: 0.5283399520057762, 1: 0.5283399520057763}",0.5283399520057763,"[[360 291]
 [329 322]]",[0. 1. 0. ... 0. 0. 1.],[0. 1. 1. ... 1. 0. 0.]
516,SVC,"{'C': 100, 'gamma': 1, 'kernel': 'rbf'}",0.5216578324943008,0.07812769876619387,0.058985031021070465,0.1527299169457718,0.5294925155105352,0.0763649584728859,0.5205103531843615,0.04761904761904767,0.5238095238095238,0.5238095238095238,"{0: 0.5378326148357365, 1: 0.5378326148357365}","{0: 0.5378326148357365, 1: 0.5378326148357365}",0.5378326148357365,"[[287 364]
 [256 395]]",[0. 1. 0. ... 0. 1. 1.],[0. 1. 1. ... 1. 0. 0.]
327,SVC,"{'C': 100, 'gamma': 1, 'kernel': 'rbf'}",0.5210442682000198,0.07895232371008874,0.0588243544883009,0.15379193223675047,0.5294121772441505,0.07689596611837522,0.5203861436964085,0.04761904761904767,0.5238095238095238,0.5238095238095238,"{0: 0.5377559279001229, 1: 0.5377559279001229}","{0: 0.5377559279001229, 1: 0.5377559279001229}",0.5377559279001229,"[[286 365]
 [255 396]]",[0. 1. 0. ... 0. 1. 1.],[0. 1. 1. ... 1. 0. 0.]
642,SVC,"{'C': 10, 'gamma': 1, 'kernel': 'rbf'}",0.5215024316093045,0.07782465579642928,0.05830215649194847,0.15214774539540613,0.5291510782459742,0.07607387269770305,0.5209838096752677,0.04761904761904767,0.5238095238095238,0.5238095238095238,"{0: 0.5363743832600678, 1: 0.5363743832600678}","{0: 0.5363743832600678, 1: 0.5363743832600678}",0.5363743832600678,"[[291 360]
 [260 391]]",[0. 1. 0. ... 0. 1. 1.],[0. 1. 1. ... 1. 0. 0.]
815,SVC,"{'C': 100, 'gamma': 1, 'kernel': 'rbf'}",0.5213937702518879,0.08182300402719435,0.05829591675467425,0.16062885527749624,0.5291479583773371,0.08031442763874812,0.5205103531843615,0.04761904761904767,0.5238095238095238,0.5238095238095238,"{0: 0.5394890526449914, 1: 0.5394890526449914}","{0: 0.5394890526449914, 1: 0.5394890526449914}",0.5394890526449914,"[[287 364]
 [256 395]]",[0. 1. 0. ... 0. 1. 1.],[0. 1. 1. ... 1. 0. 0.]
342,SVC,"{'C': 100, 'gamma': 1, 'kernel': 'rbf'}",0.5215649854230122,0.08496234608146097,0.05828734831162304,0.16741996811278725,0.5291436741558114,0.08370998405639363,0.5210968320435824,0.04915514592933945,0.5245775729646698,0.5245775729646698,"{0: 0.539359274753953, 1: 0.539359274753953}","{0: 0.539359274753953, 1: 0.539359274753953}",0.539359274753953,"[[286 365]
 [254 397]]",[0. 1. 0. ... 0. 1. 1.],[0. 1. 1. ... 1. 0. 0.]
141,SVC,"{'C': 100, 'gamma': 1, 'kernel': 'rbf'}",0.5212501205415748,0.0788768217552578,0.05796542317793321,0.15368270539405193,0.5289827115889666,0.07684135269702595,0.5195494873975197,0.04608294930875578,0.5230414746543779,0.5230414746543779,"{0: 0.5367507391440793, 1: 0.5367507391440794}","{0: 0.5367507391440793, 1: 0.5367507391440794}",0.5367507391440794,"[[285 366]
 [255 396]]",[0. 1. 0. ... 0. 1. 1.],[0. 1. 1. ... 1. 0. 0.]
183,randomforest,"{'criterion': 'entropy', 'max_features': 'log2', 'n_estimators': 97}",0.5225716390059035,0.08253912515851464,0.05787783265827514,0.16550075226944283,0.5289389163291376,0.08275037613472142,0.5321783098267464,0.06451612903225812,0.532258064516129,0.532258064516129,"{0: 0.5388602197729594, 1: 0.5388602197729594}","{0: 0.5388602197729594, 1: 0.5388602197729594}",0.5388602197729594,"[[338 313]
 [296 355]]",[0. 1. 1. ... 0. 1. 1.],[0. 1. 1. ... 1. 0. 0.]
477,SVC,"{'C': 100, 'gamma': 1, 'kernel': 'rbf'}",0.5213775292024154,0.08700250969391066,0.0574231262591657,0.17240536843383963,0.5287115631295829,0.08620268421691982,0.5213448512402339,0.04915514592933945,0.5245775729646698,0.5245775729646698,"{0: 0.5386160013780052, 1: 0.5386160013780052}","{0: 0.5386160013780052, 1: 0.5386160013780052}",0.5386160013780052,"[[288 363]
 [256 395]]",[0. 1. 0. ... 0. 1. 1.],[0. 1. 1. ... 1. 0. 0.]
460,SVC,"{'C': 100, 'gamma': 1, 'kernel': 'rbf'}",0.5209007737517469,0.0826694513133961,0.056889792925832364,0.16324392164806623,0.5284448964629161,0.08162196082403311,0.5207517507842611,0.04761904761904767,0.5238095238095238,0.5238095238095238,"{0: 0.5383953789632399, 1: 0.5383953789632399}","{0: 0.5383953789632399, 1: 0.5383953789632399}",0.5383953789632399,"[[289 362]
 [258 393]]",[0. 1. 0. ... 0. 1. 1.],[0. 1. 1. ... 1. 0. 0.]
440,SVC,"{'C': 100, 'gamma': 1, 'kernel': 'rbf'}",0.5209155431533441,0.08389784536209846,0.05680572067624288,0.16529187466205822,0.5284028603381214,0.08264593733102911,0.5205103531843615,0.04761904761904767,0.5238095238095238,0.5238095238095238,"{0: 0.5382101505187575, 1: 0.5382101505187576}","{0: 0.5382101505187575, 1: 0.5382101505187576}",0.5382101505187576,"[[287 364]
 [256 395]]",[0. 1. 0. ... 0. 1. 1.],[0. 1. 1. ... 1. 0. 0.]
229,SVC,"{'C': 1000, 'gamma': 1, 'kernel': 'rbf'}",0.5210616909053741,0.08662003103854232,0.05673048556652502,0.17153680213704206,0.5283652427832625,0.08576840106852103,0.5213448512402339,0.04915514592933945,0.5245775729646698,0.5245775729646698,"{0: 0.5375659802596029, 1: 0.537565980259603}","{0: 0.5375659802596029, 1: 0.537565980259603}",0.537565980259603,"[[288 363]
 [256 395]]",[0. 1. 0. ... 0. 1. 1.],[0. 1. 1. ... 1. 0. 0.]
760,SVC,"{'C': 100, 'gamma': 1, 'kernel': 'rbf'}",0.5198211710329212,0.08012866521605111,0.05665098467525941,0.15635287871617207,0.5283254923376297,0.07817643935808603,0.5185827198539064,0.044546850998463894,0.522273425499232,0.522273425499232,"{0: 0.5368958544222406, 1: 0.5368958544222406}","{0: 0.5368958544222406, 1: 0.5368958544222406}",0.5368958544222406,"[[283 368]
 [254 397]]",[0. 1. 0. ... 0. 1. 1.],[0. 1. 1. ... 1. 0. 0.]
742,SVC,"{'C': 100, 'gamma': 1, 'kernel': 'rbf'}",0.5208267312546289,0.08316763999923737,0.05662068164495638,0.16401681213126665,0.5283103408224782,0.08200840606563332,0.5205103531843615,0.04761904761904767,0.5238095238095238,0.5238095238095238,"{0: 0.5375919358378106, 1: 0.5375919358378106}","{0: 0.5375919358378106, 1: 0.5375919358378106}",0.5375919358378106,"[[287 364]
 [256 395]]",[0. 1. 0. ... 0. 1. 1.],[0. 1. 1. ... 1. 0. 0.]
720,SVC,"{'C': 100, 'gamma': 1, 'kernel': 'rbf'}",0.5203440711162817,0.08229537704099647,0.05626675321687351,0.1617381217971988,0.5281333766084367,0.0808690608985994,0.5190858733657646,0.044546850998463894,0.522273425499232,0.522273425499232,"{0: 0.5364652277837947, 1: 0.5364652277837947}","{0: 0.5364652277837947, 1: 0.5364652277837947}",0.5364652277837947,"[[287 364]
 [258 393]]",[0. 1. 0. ... 0. 1. 1.],[0. 1. 1. ... 1. 0. 0.]
978,SVC,"{'C': 100, 'gamma': 1, 'kernel': 'rbf'}",0.5203703478563202,0.08434070366516878,0.05589434854653026,0.166746267886089,0.527947174273265,0.0833731339430445,0.5206322210398298,0.04761904761904767,0.5238095238095238,0.5238095238095238,"{0: 0.5371506910082798, 1: 0.5371506910082798}","{0: 0.5371506910082798, 1: 0.5371506910082798}",0.5371506910082798,"[[288 363]
 [257 394]]",[0. 1. 0. ... 0. 1. 1.],[0. 1. 1. ... 1. 0. 0.]
3,randomforest,"{'criterion': 'entropy', 'max_features': 'sqrt', 'n_estimators': 429}",0.5210029327511289,0.08514770060776605,0.055782012806825286,0.17296015650530344,0.5278910064034127,0.08648007825265173,0.5283777565395915,0.056835637480798784,0.5284178187403994,0.5284178187403994,"{0: 0.5349999174140694, 1: 0.5349999174140693}","{0: 0.5349999174140694, 1: 0.5349999174140693}",0.5349999174140693,"[[350 301]
 [313 338]]",[0. 1. 1. ... 0. 1. 1.],[0. 1. 1. ... 1. 0. 0.]
956,SVC,"{'C': 10, 'gamma': 1, 'kernel': 'rbf'}",0.5196373674458172,0.08219370179569005,0.05534009894165562,0.1604998570372761,0.5276700494708279,0.08024992851863805,0.518712039271154,0.044546850998463894,0.522273425499232,0.522273425499232,"{0: 0.5387575772591382, 1: 0.5387575772591382}","{0: 0.5387575772591382, 1: 0.5387575772591382}",0.5387575772591382,"[[284 367]
 [255 396]]",[0. 1. 0. ... 0. 1. 1.],[0. 1. 1. ... 1. 0. 0.]
396,SVC,"{'C': 10, 'gamma': 1, 'kernel': 'rbf'}",0.5195464072387985,0.08267898292410433,0.05505388128334495,0.16265732342575995,0.5275269406416725,0.08132866171287997,0.5195494873975197,0.04608294930875578,0.5230414746543779,0.5230414746543779,"{0: 0.5368061896975231, 1: 0.5368061896975231}","{0: 0.5368061896975231, 1: 0.5368061896975231}",0.5368061896975231,"[[285 366]
 [255 396]]",[0. 1. 0. ... 0. 1. 1.],[0. 1. 1. ... 1. 0. 0.]
930,randomforest,"{'criterion': 'entropy', 'max_features': 'log2', 'n_estimators': 283}",0.5220387258237604,0.10987969286687058,0.05429636723361899,0.2205351078323148,0.5271481836168096,0.11026755391615742,0.5314723267694703,0.06298003072196623,0.5314900153609831,0.5314900153609831,"{0: 0.5358942050632254, 1: 0.5358942050632254}","{0: 0.5358942050632254, 1: 0.5358942050632254}",0.5358942050632254,"[[350 301]
 [309 342]]",[0. 1. 1. ... 0. 1. 1.],[0. 1. 1. ... 1. 0. 0.]
702,SVC,"{'C': 100, 'gamma': 1, 'kernel': 'rbf'}",0.5198373077653491,0.08529289343654609,0.05402554036470731,0.1692418426488005,0.5270127701823537,0.08462092132440024,0.5201539700522788,0.04608294930875578,0.5230414746543779,0.5230414746543779,"{0: 0.5375093499071498, 1: 0.5375093499071498}","{0: 0.5375093499071498, 1: 0.5375093499071498}",0.5375093499071498,"[[290 361]
 [260 391]]",[0. 1. 0. ... 0. 1. 1.],[0. 1. 1. ... 1. 0. 0.]
251,knn,{'n_neighbors': 15},0.5228082770639405,0.09181649126143454,0.054002843963643986,0.1834298694500654,0.527001421981822,0.0917149347250327,0.5220523837065191,0.044546850998463894,0.522273425499232,0.522273425499232,"{0: 0.5336490475482598, 1: 0.5336490475482596}","{0: 0.5336490475482598, 1: 0.5336490475482596}",0.5336490475482596,"[[354 297]
 [325 326]]",[0. 1. 1. ... 0. 0. 1.],[0. 1. 1. ... 1. 0. 0.]
563,knn,{'n_neighbors': 15},0.5228082770639405,0.09181649126143454,0.054002843963643986,0.1834298694500654,0.527001421981822,0.0917149347250327,0.5220523837065191,0.044546850998463894,0.522273425499232,0.522273425499232,"{0: 0.5336490475482598, 1: 0.5336490475482596}","{0: 0.5336490475482598, 1: 0.5336490475482596}",0.5336490475482596,"[[354 297]
 [325 326]]",[0. 1. 1. ... 0. 0. 1.],[0. 1. 1. ... 1. 0. 0.]
165,randomforest,"{'criterion': 'entropy', 'max_features': 'log2', 'n_estimators': 243}",0.5205540554591829,0.0890004726446136,0.05370024605284761,0.17633554732575338,0.5268501230264238,0.08816777366287668,0.5299528079282682,0.05990783410138245,0.5299539170506913,0.5299539170506913,"{0: 0.5380390796623887, 1: 0.5380390796623887}","{0: 0.5380390796623887, 1: 0.5380390796623887}",0.5380390796623887,"[[346 305]
 [307 344]]",[0. 1. 1. ... 0. 1. 1.],[0. 1. 1. ... 1. 0. 0.]
14,randomforest,"{'criterion': 'gini', 'max_features': 'log2', 'n_estimators': 381}",0.5210749342831117,0.09871363709152427,0.05368662349170865,0.19907992112268497,0.5268433117458543,0.09953996056134248,0.5299261874197689,0.05990783410138245,0.5299539170506913,0.5299539170506913,"{0: 0.5412917855314169, 1: 0.5412917855314169}","{0: 0.5412917855314169, 1: 0.5412917855314169}",0.5412917855314169,"[[350 301]
 [311 340]]",[0. 1. 1. ... 0. 1. 1.],[0. 1. 1. ... 1. 0. 0.]
526,knn,{'n_neighbors': 31},0.5164805724416186,0.09023167764837273,0.05312349231241632,0.1782176198536765,0.5265617461562081,0.08910880992683826,0.5273818454613654,0.055299539170506895,0.5276497695852534,0.5276497695852534,"{0: 0.5330485298524544, 1: 0.5330485298524544}","{0: 0.5330485298524544, 1: 0.5330485298524544}",0.5330485298524544,"[[359 292]
 [323 328]]",[0. 0. 0. ... 0. 1. 1.],[0. 1. 1. ... 1. 0. 0.]
884,knn,{'n_neighbors': 31},0.5164805724416186,0.09023167764837273,0.05312349231241632,0.1782176198536765,0.5265617461562081,0.08910880992683826,0.5273818454613654,0.055299539170506895,0.5276497695852534,0.5276497695852534,"{0: 0.5330485298524544, 1: 0.5330485298524544}","{0: 0.5330485298524544, 1: 0.5330485298524544}",0.5330485298524544,"[[359 292]
 [323 328]]",[0. 0. 0. ... 0. 1. 1.],[0. 1. 1. ... 1. 0. 0.]
163,knn,{'n_neighbors': 31},0.5164805724416186,0.09023167764837273,0.05312349231241632,0.1782176198536765,0.5265617461562081,0.08910880992683826,0.5273818454613654,0.055299539170506895,0.5276497695852534,0.5276497695852534,"{0: 0.5330485298524544, 1: 0.5330485298524544}","{0: 0.5330485298524544, 1: 0.5330485298524544}",0.5330485298524544,"[[359 292]
 [323 328]]",[0. 0. 0. ... 0. 1. 1.],[0. 1. 1. ... 1. 0. 0.]
536,SVC,"{'C': 100, 'gamma': 1, 'kernel': 'rbf'}",0.518948624583523,0.08577143848710954,0.05283020545448019,0.16954428761204027,0.5264151027272401,0.08477214380602013,0.5180021427514568,0.043010752688172005,0.521505376344086,0.521505376344086,"{0: 0.5379600331287562, 1: 0.5379600331287562}","{0: 0.5379600331287562, 1: 0.5379600331287562}",0.5379600331287562,"[[284 367]
 [256 395]]",[0. 1. 0. ... 0. 1. 1.],[0. 1. 1. ... 1. 0. 0.]
498,SVC,"{'C': 10, 'gamma': 1, 'kernel': 'rbf'}",0.5190987071871073,0.0835114228018078,0.052788131796264265,0.16459207809553636,0.5263940658981321,0.08229603904776818,0.5182517646569721,0.043010752688172005,0.521505376344086,0.521505376344086,"{0: 0.5374621579467722, 1: 0.5374621579467722}","{0: 0.5374621579467722, 1: 0.5374621579467722}",0.5374621579467722,"[[286 365]
 [258 393]]",[0. 1. 0. ... 0. 1. 1.],[0. 1. 1. ... 1. 0. 0.]
838,SVC,"{'C': 100, 'gamma': 1, 'kernel': 'rbf'}",0.5181664035819625,0.08591627222359383,0.052470331499795166,0.16947908946244933,0.5262351657498976,0.08473954473122466,0.518712039271154,0.044546850998463894,0.522273425499232,0.522273425499232,"{0: 0.5370799030677134, 1: 0.5370799030677134}","{0: 0.5370799030677134, 1: 0.5370799030677134}",0.5370799030677134,"[[284 367]
 [255 396]]",[0. 1. 0. ... 0. 1. 1.],[0. 1. 1. ... 1. 0. 0.]
554,SVC,"{'C': 100, 'gamma': 1, 'kernel': 'rbf'}",0.5184572696904937,0.08550095702509011,0.0524145734161301,0.16863744061675268,0.526207286708065,0.08431872030837634,0.5183730470454744,0.043010752688172005,0.521505376344086,0.521505376344086,"{0: 0.5372214789488463, 1: 0.5372214789488462}","{0: 0.5372214789488463, 1: 0.5372214789488462}",0.5372214789488462,"[[287 364]
 [259 392]]",[0. 1. 0. ... 0. 1. 1.],[0. 1. 1. ... 1. 0. 0.]
138,randomforest,"{'criterion': 'gini', 'max_features': 'sqrt', 'n_estimators': 441}",0.5205801388321393,0.09717180752339151,0.05212254027732116,0.19315796646585884,0.5260612701386606,0.09657898323292942,0.5291789244675636,0.05837173579109067,0.5291858678955453,0.5291858678955452,"{0: 0.5378349744337555, 1: 0.5378349744337554}","{0: 0.5378349744337555, 1: 0.5378349744337554}",0.5378349744337554,"[[342 309]
 [304 347]]",[0. 1. 1. ... 0. 1. 1.],[0. 1. 1. ... 1. 0. 0.]
127,SVC,"{'C': 10, 'gamma': 1, 'kernel': 'rbf'}",0.5179715124857727,0.0843556950859968,0.0517132433771898,0.1658006496167669,0.5258566216885948,0.08290032480838345,0.5177430871610168,0.043010752688172005,0.521505376344086,0.521505376344086,"{0: 0.5377795238803117, 1: 0.5377795238803118}","{0: 0.5377795238803117, 1: 0.5377795238803118}",0.5377795238803118,"[[282 369]
 [254 397]]",[0. 1. 0. ... 0. 1. 1.],[0. 1. 1. ... 1. 0. 0.]
389,randomforest,"{'criterion': 'entropy', 'max_features': 'sqrt', 'n_estimators': 401}",0.5193309780992992,0.09456187006198988,0.05132310256924625,0.1895225034431281,0.5256615512846231,0.09476125172156405,0.5306884677623457,0.06144393241167434,0.5307219662058372,0.5307219662058371,"{0: 0.5314475425966432, 1: 0.5314475425966433}","{0: 0.5314475425966432, 1: 0.5314475425966433}",0.5314475425966433,"[[351 300]
 [311 340]]",[0. 1. 1. ... 0. 1. 1.],[0. 1. 1. ... 1. 0. 0.]
289,randomforest,"{'criterion': 'gini', 'max_features': 'sqrt', 'n_estimators': 327}",0.519967992315594,0.09702833670246716,0.04992840770622742,0.19317967626813426,0.5249642038531137,0.09658983813406713,0.5260999731587968,0.05222734254992323,0.5261136712749616,0.5261136712749616,"{0: 0.5386277993680997, 1: 0.5386277993680997}","{0: 0.5386277993680997, 1: 0.5386277993680997}",0.5386277993680997,"[[346 305]
 [312 339]]",[0. 1. 1. ... 0. 1. 1.],[0. 1. 1. ... 1. 0. 0.]
668,randomforest,"{'criterion': 'gini', 'max_features': 'sqrt', 'n_estimators': 157}",0.5180263877030663,0.09419346449889292,0.04950087749671692,0.1906918224999264,0.5247504387483585,0.0953459112499632,0.5284167059933931,0.056835637480798784,0.5284178187403994,0.5284178187403994,"{0: 0.533443762520617, 1: 0.5334437625206169}","{0: 0.533443762520617, 1: 0.5334437625206169}",0.5334437625206169,"[[343 308]
 [306 345]]",[0. 1. 1. ... 0. 1. 1.],[0. 1. 1. ... 1. 0. 0.]
241,knn,{'n_neighbors': 27},0.5170708403338247,0.08968452332433277,0.048748430183063886,0.17954185785555934,0.5243742150915319,0.08977092892777967,0.521197793538219,0.043010752688172005,0.521505376344086,0.521505376344086,"{0: 0.5322214907468364, 1: 0.5322214907468364}","{0: 0.5322214907468364, 1: 0.5322214907468364}",0.5322214907468364,"[[356 295]
 [328 323]]",[0. 1. 0. ... 0. 0. 1.],[0. 1. 1. ... 1. 0. 0.]
575,knn,{'n_neighbors': 27},0.5170708403338247,0.08968452332433277,0.048748430183063886,0.17954185785555934,0.5243742150915319,0.08977092892777967,0.521197793538219,0.043010752688172005,0.521505376344086,0.521505376344086,"{0: 0.5322214907468364, 1: 0.5322214907468364}","{0: 0.5322214907468364, 1: 0.5322214907468364}",0.5322214907468364,"[[356 295]
 [328 323]]",[0. 1. 0. ... 0. 0. 1.],[0. 1. 1. ... 1. 0. 0.]
970,knn,{'n_neighbors': 27},0.5170708403338247,0.08968452332433277,0.048748430183063886,0.17954185785555934,0.5243742150915319,0.08977092892777967,0.521197793538219,0.043010752688172005,0.521505376344086,0.521505376344086,"{0: 0.5322214907468364, 1: 0.5322214907468364}","{0: 0.5322214907468364, 1: 0.5322214907468364}",0.5322214907468364,"[[356 295]
 [328 323]]",[0. 1. 0. ... 0. 0. 1.],[0. 1. 1. ... 1. 0. 0.]
927,knn,{'n_neighbors': 25},0.5169912847507262,0.0703014205658745,0.04861849966628494,0.1391908820777843,0.5243092498331425,0.06959544103889215,0.5219079194383638,0.044546850998463894,0.522273425499232,0.522273425499232,"{0: 0.5343581067529336, 1: 0.5343581067529335}","{0: 0.5343581067529336, 1: 0.5343581067529335}",0.5343581067529335,"[[358 293]
 [329 322]]",[0. 1. 0. ... 0. 0. 1.],[0. 1. 1. ... 1. 0. 0.]
550,knn,{'n_neighbors': 25},0.5169912847507262,0.0703014205658745,0.04861849966628494,0.1391908820777843,0.5243092498331425,0.06959544103889215,0.5219079194383638,0.044546850998463894,0.522273425499232,0.522273425499232,"{0: 0.5343581067529336, 1: 0.5343581067529335}","{0: 0.5343581067529336, 1: 0.5343581067529335}",0.5343581067529335,"[[358 293]
 [329 322]]",[0. 1. 0. ... 0. 0. 1.],[0. 1. 1. ... 1. 0. 0.]
200,knn,{'n_neighbors': 25},0.5169912847507262,0.0703014205658745,0.04861849966628494,0.1391908820777843,0.5243092498331425,0.06959544103889215,0.5219079194383638,0.044546850998463894,0.522273425499232,0.522273425499232,"{0: 0.5343581067529336, 1: 0.5343581067529335}","{0: 0.5343581067529336, 1: 0.5343581067529335}",0.5343581067529335,"[[358 293]
 [329 322]]",[0. 1. 0. ... 0. 0. 1.],[0. 1. 1. ... 1. 0. 0.]
694,randomforest,"{'criterion': 'gini', 'max_features': 'log2', 'n_estimators': 387}",0.5183675056898506,0.09619782111979812,0.048473399310787854,0.19005003962110112,0.524236699655394,0.09502501981055056,0.52610668253913,0.05222734254992323,0.5261136712749616,0.5261136712749617,"{0: 0.5380839120247475, 1: 0.5380839120247475}","{0: 0.5380839120247475, 1: 0.5380839120247475}",0.5380839120247475,"[[340 311]
 [306 345]]",[0. 1. 1. ... 0. 1. 1.],[0. 1. 1. ... 1. 0. 0.]
552,randomforest,"{'criterion': 'entropy', 'max_features': 'log2', 'n_estimators': 227}",0.5183507089503747,0.10366247145349873,0.0481007925411718,0.2063449633606577,0.5240503962705858,0.10317248168032886,0.5284133677208663,0.056835637480798784,0.5284178187403994,0.5284178187403994,"{0: 0.5394630970667837, 1: 0.5394630970667837}","{0: 0.5394630970667837, 1: 0.5394630970667837}",0.5394630970667837,"[[342 309]
 [305 346]]",[0. 1. 1. ... 0. 1. 1.],[0. 1. 1. ... 1. 0. 0.]
53,SVC,"{'C': 1000, 'gamma': 0.01, 'kernel': 'rbf'}",0.5084455165851405,0.07814296031762501,0.047757663308302487,0.1503090699776144,0.5238788316541513,0.0751545349888072,0.5188712522045856,0.053763440860215006,0.5268817204301075,0.5268817204301075,"{0: 0.516357913265896, 1: 0.516357913265896}","{0: 0.516357913265896, 1: 0.516357913265896}",0.516357913265896,"[[427 224]
 [392 259]]",[0. 1. 1. ... 0. 1. 1.],[0. 1. 1. ... 1. 0. 0.]
818,randomforest,"{'criterion': 'entropy', 'max_features': 'log2', 'n_estimators': 125}",0.5183545620322046,0.09494014887760914,0.047494182273285064,0.19256909180658233,0.5237470911366425,0.09628454590329116,0.5221606746266825,0.044546850998463894,0.522273425499232,0.522273425499232,"{0: 0.5322781210992896, 1: 0.5322781210992896}","{0: 0.5322781210992896, 1: 0.5322781210992896}",0.5322781210992896,"[[350 301]
 [321 330]]",[0. 1. 1. ... 0. 1. 1.],[0. 1. 1. ... 1. 0. 0.]
757,knn,{'n_neighbors': 29},0.5125917699950314,0.09964716157836621,0.04731622157737539,0.19536446998440746,0.5236581107886876,0.09768223499220373,0.5201383507531799,0.04147465437788023,0.5207373271889401,0.5207373271889401,"{0: 0.533893265943214, 1: 0.5338932659432137}","{0: 0.533893265943214, 1: 0.5338932659432137}",0.5338932659432137,"[[362 289]
 [335 316]]",[0. 0. 0. ... 0. 0. 1.],[0. 1. 1. ... 1. 0. 0.]
106,knn,{'n_neighbors': 29},0.5125917699950314,0.09964716157836621,0.04731622157737539,0.19536446998440746,0.5236581107886876,0.09768223499220373,0.5201383507531799,0.04147465437788023,0.5207373271889401,0.5207373271889401,"{0: 0.533893265943214, 1: 0.5338932659432137}","{0: 0.533893265943214, 1: 0.5338932659432137}",0.5338932659432137,"[[362 289]
 [335 316]]",[0. 0. 0. ... 0. 0. 1.],[0. 1. 1. ... 1. 0. 0.]
398,knn,{'n_neighbors': 29},0.5125917699950314,0.09964716157836621,0.04731622157737539,0.19536446998440746,0.5236581107886876,0.09768223499220373,0.5201383507531799,0.04147465437788023,0.5207373271889401,0.5207373271889401,"{0: 0.533893265943214, 1: 0.5338932659432137}","{0: 0.533893265943214, 1: 0.5338932659432137}",0.5338932659432137,"[[362 289]
 [335 316]]",[0. 0. 0. ... 0. 0. 1.],[0. 1. 1. ... 1. 0. 0.]
457,SVC,"{'C': 10, 'gamma': 0.0001, 'kernel': 'rbf'}",0.4642753712106543,0.09341944418470365,0.04675085513486382,0.14874023935211472,0.5233754275674319,0.07437011967605736,0.494830500174535,0.05069124423963134,0.5253456221198156,0.5253456221198156,"{0: 0.5341681591124137, 1: 0.5341681591124137}","{0: 0.5341681591124137, 1: 0.5341681591124137}",0.5341681591124137,"[[502 149]
 [469 182]]",[0. 0. 1. ... 0. 0. 0.],[0. 1. 1. ... 1. 0. 0.]
517,randomforest,"{'criterion': 'gini', 'max_features': 'log2', 'n_estimators': 341}",0.5174677118260781,0.09813748614349058,0.04615989709714887,0.19436344054477625,0.5230799485485744,0.09718172027238814,0.5268638578524488,0.053763440860215006,0.5268817204301075,0.5268817204301075,"{0: 0.536500621754078, 1: 0.536500621754078}","{0: 0.536500621754078, 1: 0.536500621754078}",0.536500621754078,"[[347 304]
 [312 339]]",[0. 1. 1. ... 0. 1. 1.],[0. 1. 1. ... 1. 0. 0.]
144,SVC,"{'C': 10, 'gamma': 0.01, 'kernel': 'sigmoid'}",0.417065741991444,0.09925774715892276,0.04552212671501318,0.11641061577199285,0.5227610633575066,0.05820530788599642,0.42629754161036565,0.030721966205837226,0.5153609831029186,0.5153609831029186,"{0: 0.5085641610095304, 1: 0.5085641610095303}","{0: 0.5085641610095304, 1: 0.5085641610095303}",0.5085641610095303,"[[592  59]
 [572  79]]",[0. 0. 0. ... 0. 0. 0.],[0. 1. 1. ... 1. 0. 0.]
243,randomforest,"{'criterion': 'entropy', 'max_features': 'log2', 'n_estimators': 421}",0.5155719099718602,0.08795579585334783,0.04539769923946536,0.17379282070803942,0.5226988496197328,0.08689641035401971,0.5268638578524488,0.053763440860215006,0.5268817204301075,0.5268817204301075,"{0: 0.5409862175879717, 1: 0.5409862175879718}","{0: 0.5409862175879717, 1: 0.5409862175879718}",0.5409862175879718,"[[347 304]
 [312 339]]",[0. 1. 1. ... 0. 1. 1.],[0. 1. 1. ... 1. 0. 0.]
46,randomforest,"{'criterion': 'gini', 'max_features': 'log2', 'n_estimators': 509}",0.5184475517725355,0.10528175800268716,0.04515781264063731,0.20804208492914206,0.5225789063203187,0.10402104246457101,0.5192000943841434,0.03840245775729645,0.5192012288786483,0.5192012288786483,"{0: 0.5305379175603644, 1: 0.5305379175603644}","{0: 0.5305379175603644, 1: 0.5305379175603644}",0.5305379175603644,"[[337 314]
 [312 339]]",[0. 1. 1. ... 0. 1. 1.],[0. 1. 1. ... 1. 0. 0.]
300,randomforest,"{'criterion': 'entropy', 'max_features': 'sqrt', 'n_estimators': 481}",0.5160944403833336,0.08460328377467821,0.044565338841266955,0.1687241825400969,0.5222826694206335,0.08436209127004846,0.5275491594206662,0.055299539170506895,0.5276497695852534,0.5276497695852534,"{0: 0.5356157724969973, 1: 0.5356157724969974}","{0: 0.5356157724969973, 1: 0.5356157724969974}",0.5356157724969974,"[[353 298]
 [317 334]]",[0. 1. 1. ... 0. 1. 1.],[0. 1. 1. ... 1. 0. 0.]
465,knn,{'n_neighbors': 41},0.5149358042438265,0.0958421923788404,0.04422124490244684,0.1858438296745856,0.5221106224512234,0.09292191483729281,0.5149692856742244,0.030721966205837226,0.5153609831029186,0.5153609831029186,"{0: 0.524144586728205, 1: 0.524144586728205}","{0: 0.524144586728205, 1: 0.524144586728205}",0.524144586728205,"[[354 297]
 [334 317]]",[0. 1. 0. ... 0. 0. 1.],[0. 1. 1. ... 1. 0. 0.]
783,knn,{'n_neighbors': 41},0.5149358042438265,0.0958421923788404,0.04422124490244684,0.1858438296745856,0.5221106224512234,0.09292191483729281,0.5149692856742244,0.030721966205837226,0.5153609831029186,0.5153609831029186,"{0: 0.524144586728205, 1: 0.524144586728205}","{0: 0.524144586728205, 1: 0.524144586728205}",0.524144586728205,"[[354 297]
 [334 317]]",[0. 1. 0. ... 0. 0. 1.],[0. 1. 1. ... 1. 0. 0.]
120,knn,{'n_neighbors': 41},0.5149358042438265,0.0958421923788404,0.04422124490244684,0.1858438296745856,0.5221106224512234,0.09292191483729281,0.5149692856742244,0.030721966205837226,0.5153609831029186,0.5153609831029186,"{0: 0.524144586728205, 1: 0.524144586728205}","{0: 0.524144586728205, 1: 0.524144586728205}",0.524144586728205,"[[354 297]
 [334 317]]",[0. 1. 0. ... 0. 0. 1.],[0. 1. 1. ... 1. 0. 0.]
609,AdaBoost,"{'algorithm': 'SAMME.R', 'learning_rate': 0.1, 'n_estimators': 96}",0.5124956342130372,0.07074309457882574,0.04420634623580991,0.14896993607635506,0.5221031731179049,0.07448496803817753,0.5207517507842611,0.04761904761904767,0.5238095238095238,0.5238095238095238,"{0: 0.5216729078034266, 1: 0.5216729078034266}","{0: 0.5216729078034266, 1: 0.5216729078034266}",0.5216729078034266,"[[393 258]
 [362 289]]",[0. 0. 1. ... 0. 1. 0.],[0. 1. 1. ... 1. 0. 0.]
704,knn,{'n_neighbors': 43},0.5138009476380954,0.09829933178226362,0.0437668285221849,0.19000365057142285,0.5218834142610924,0.09500182528571144,0.5195813051448339,0.03993855606758834,0.5199692780337941,0.5199692780337941,"{0: 0.523368278979993, 1: 0.5233682789799929}","{0: 0.523368278979993, 1: 0.5233682789799929}",0.5233682789799929,"[[357 294]
 [331 320]]",[0. 0. 1. ... 0. 0. 1.],[0. 1. 1. ... 1. 0. 0.]
320,knn,{'n_neighbors': 43},0.5138009476380954,0.09829933178226362,0.0437668285221849,0.19000365057142285,0.5218834142610924,0.09500182528571144,0.5195813051448339,0.03993855606758834,0.5199692780337941,0.5199692780337941,"{0: 0.523368278979993, 1: 0.5233682789799929}","{0: 0.523368278979993, 1: 0.5233682789799929}",0.5233682789799929,"[[357 294]
 [331 320]]",[0. 0. 1. ... 0. 0. 1.],[0. 1. 1. ... 1. 0. 0.]
62,knn,{'n_neighbors': 43},0.5138009476380954,0.09829933178226362,0.0437668285221849,0.19000365057142285,0.5218834142610924,0.09500182528571144,0.5195813051448339,0.03993855606758834,0.5199692780337941,0.5199692780337941,"{0: 0.523368278979993, 1: 0.5233682789799929}","{0: 0.523368278979993, 1: 0.5233682789799929}",0.5233682789799929,"[[357 294]
 [331 320]]",[0. 0. 1. ... 0. 0. 1.],[0. 1. 1. ... 1. 0. 0.]
332,knn,{'n_neighbors': 45},0.513557624340279,0.10249077446354647,0.04275562595722981,0.1993731635751425,0.521377812978615,0.09968658178757125,0.5194451252100121,0.03993855606758834,0.5199692780337941,0.5199692780337942,"{0: 0.5241646433113656, 1: 0.5241646433113656}","{0: 0.5241646433113656, 1: 0.5241646433113656}",0.5241646433113656,"[[360 291]
 [334 317]]",[0. 1. 1. ... 0. 0. 1.],[0. 1. 1. ... 1. 0. 0.]
678,knn,{'n_neighbors': 45},0.513557624340279,0.10249077446354647,0.04275562595722981,0.1993731635751425,0.521377812978615,0.09968658178757125,0.5194451252100121,0.03993855606758834,0.5199692780337941,0.5199692780337942,"{0: 0.5241646433113656, 1: 0.5241646433113656}","{0: 0.5241646433113656, 1: 0.5241646433113656}",0.5241646433113656,"[[360 291]
 [334 317]]",[0. 1. 1. ... 0. 0. 1.],[0. 1. 1. ... 1. 0. 0.]
25,knn,{'n_neighbors': 45},0.513557624340279,0.10249077446354647,0.04275562595722981,0.1993731635751425,0.521377812978615,0.09968658178757125,0.5194451252100121,0.03993855606758834,0.5199692780337941,0.5199692780337942,"{0: 0.5241646433113656, 1: 0.5241646433113656}","{0: 0.5241646433113656, 1: 0.5241646433113656}",0.5241646433113656,"[[360 291]
 [334 317]]",[0. 1. 1. ... 0. 0. 1.],[0. 1. 1. ... 1. 0. 0.]
691,knn,{'n_neighbors': 47},0.5122022263249107,0.08559735788855666,0.04221679992014442,0.16728054741755288,0.5211083999600723,0.08364027370877646,0.5234451930093016,0.04761904761904767,0.5238095238095238,0.5238095238095238,"{0: 0.5291669911113942, 1: 0.5291669911113943}","{0: 0.5291669911113942, 1: 0.5291669911113943}",0.5291669911113943,"[[359 292]
 [328 323]]",[0. 1. 1. ... 0. 0. 1.],[0. 1. 1. ... 1. 0. 0.]
57,knn,{'n_neighbors': 47},0.5122022263249107,0.08559735788855666,0.04221679992014442,0.16728054741755288,0.5211083999600723,0.08364027370877646,0.5234451930093016,0.04761904761904767,0.5238095238095238,0.5238095238095238,"{0: 0.5291669911113942, 1: 0.5291669911113943}","{0: 0.5291669911113942, 1: 0.5291669911113943}",0.5291669911113943,"[[359 292]
 [328 323]]",[0. 1. 1. ... 0. 0. 1.],[0. 1. 1. ... 1. 0. 0.]
376,knn,{'n_neighbors': 47},0.5122022263249107,0.08559735788855666,0.04221679992014442,0.16728054741755288,0.5211083999600723,0.08364027370877646,0.5234451930093016,0.04761904761904767,0.5238095238095238,0.5238095238095238,"{0: 0.5291669911113942, 1: 0.5291669911113943}","{0: 0.5291669911113942, 1: 0.5291669911113943}",0.5291669911113943,"[[359 292]
 [328 323]]",[0. 1. 1. ... 0. 0. 1.],[0. 1. 1. ... 1. 0. 0.]
193,randomforest,"{'criterion': 'gini', 'max_features': 'sqrt', 'n_estimators': 355}",0.5143830445084564,0.10811506246071736,0.04163337829705111,0.21509026319729074,0.5208166891485255,0.10754513159864537,0.5222722982538933,0.044546850998463894,0.522273425499232,0.522273425499232,"{0: 0.538759936857157, 1: 0.538759936857157}","{0: 0.538759936857157, 1: 0.538759936857157}",0.538759936857157,"[[341 310]
 [312 339]]",[0. 1. 1. ... 0. 1. 1.],[0. 1. 1. ... 1. 0. 0.]
846,randomforest,"{'criterion': 'entropy', 'max_features': 'sqrt', 'n_estimators': 247}",0.51400857559454,0.090261630832222,0.04160712220125399,0.18150526303353362,0.520803561100627,0.09075263151676682,0.5276361158714099,0.055299539170506895,0.5276497695852534,0.5276497695852534,"{0: 0.536567870297616, 1: 0.5365678702976161}","{0: 0.536567870297616, 1: 0.5365678702976161}",0.5365678702976161,"[[347 304]
 [311 340]]",[0. 1. 1. ... 0. 1. 1.],[0. 1. 1. ... 1. 0. 0.]
201,randomforest,"{'criterion': 'gini', 'max_features': None, 'n_estimators': 597}",0.515954406112828,0.10379366682767278,0.04128440639951561,0.20651352372330709,0.5206422031997578,0.10325676186165354,0.5176548873032053,0.03533026113671278,0.5176651305683564,0.5176651305683564,"{0: 0.5288295685946942, 1: 0.5288295685946942}","{0: 0.5288295685946942, 1: 0.5288295685946942}",0.5288295685946942,"[[340 311]
 [317 334]]",[0. 1. 1. ... 0. 1. 1.],[0. 1. 1. ... 1. 0. 0.]
986,randomforest,"{'criterion': 'entropy', 'max_features': 'sqrt', 'n_estimators': 407}",0.512951047342478,0.09593046078798037,0.03989921012434339,0.1943015618618914,0.5199496050621717,0.09715078093094572,0.5244763084250282,0.04915514592933945,0.5245775729646698,0.5245775729646698,"{0: 0.5323701454220259, 1: 0.532370145422026}","{0: 0.5323701454220259, 1: 0.532370145422026}",0.532370145422026,"[[351 300]
 [319 332]]",[0. 1. 1. ... 0. 1. 1.],[0. 1. 1. ... 1. 0. 0.]
222,randomforest,"{'criterion': 'gini', 'max_features': None, 'n_estimators': 49}",0.5137653941479675,0.0896980388735466,0.03895993663458166,0.17296729949238482,0.5194799683172908,0.08648364974619242,0.5230186835999511,0.04608294930875578,0.5230414746543779,0.5230414746543779,"{0: 0.5282113539137472, 1: 0.5282113539137473}","{0: 0.5282113539137472, 1: 0.5282113539137473}",0.5282113539137473,"[[345 306]
 [315 336]]",[0. 0. 1. ... 0. 1. 0.],[0. 1. 1. ... 1. 0. 0.]
719,SVC,"{'C': 10, 'gamma': 0.0001, 'kernel': 'rbf'}",0.4367935683594094,0.09434439039914425,0.03895935498416748,0.10084217459208675,0.5194796774920838,0.050421087296043374,0.47584506973552854,0.04915514592933945,0.5245775729646698,0.5245775729646698,"{0: 0.5424149541884045, 1: 0.5424149541884045}","{0: 0.5424149541884045, 1: 0.5424149541884045}",0.5424149541884045,"[[540 111]
 [508 143]]",[0. 0. 0. ... 0. 0. 0.],[0. 1. 1. ... 1. 0. 0.]
372,AdaBoost,"{'algorithm': 'SAMME.R', 'learning_rate': 2.4673469387755103, 'n_estimators': 74}",0.3823977605974793,0.05379236658990645,0.03867246839003054,0.05691333253136457,0.5193362341950152,0.028456666265682277,0.394327731092437,0.04761904761904767,0.5238095238095238,0.5238095238095238,"{0: 0.5203798480890794, 1: 0.5203798480890796}","{0: 0.5203798480890794, 1: 0.5203798480890796}",0.5203798480890796,"[[642   9]
 [611  40]]",[0. 0. 0. ... 0. 0. 0.],[0. 1. 1. ... 1. 0. 0.]
49,knn,{'n_neighbors': 23},0.5127112459820032,0.060159320767235167,0.03863429083476257,0.11851150235758244,0.5193171454173813,0.05925575117879123,0.5222012710714429,0.044546850998463894,0.522273425499232,0.522273425499232,"{0: 0.5388944339442332, 1: 0.5388944339442332}","{0: 0.5388944339442332, 1: 0.5388944339442332}",0.5388944339442332,"[[348 303]
 [319 332]]",[0. 1. 0. ... 0. 0. 1.],[0. 1. 1. ... 1. 0. 0.]
666,knn,{'n_neighbors': 23},0.5127112459820032,0.060159320767235167,0.03863429083476257,0.11851150235758244,0.5193171454173813,0.05925575117879123,0.5222012710714429,0.044546850998463894,0.522273425499232,0.522273425499232,"{0: 0.5388944339442332, 1: 0.5388944339442332}","{0: 0.5388944339442332, 1: 0.5388944339442332}",0.5388944339442332,"[[348 303]
 [319 332]]",[0. 1. 0. ... 0. 0. 1.],[0. 1. 1. ... 1. 0. 0.]
353,knn,{'n_neighbors': 23},0.5127112459820032,0.060159320767235167,0.03863429083476257,0.11851150235758244,0.5193171454173813,0.05925575117879123,0.5222012710714429,0.044546850998463894,0.522273425499232,0.522273425499232,"{0: 0.5388944339442332, 1: 0.5388944339442332}","{0: 0.5388944339442332, 1: 0.5388944339442332}",0.5388944339442332,"[[348 303]
 [319 332]]",[0. 1. 0. ... 0. 0. 1.],[0. 1. 1. ... 1. 0. 0.]
80,randomforest,"{'criterion': 'entropy', 'max_features': 'log2', 'n_estimators': 225}",0.5129385352362776,0.10726542886114963,0.03847184340934991,0.21216166479930787,0.5192359217046749,0.10608083239965395,0.5276494909459221,0.055299539170506895,0.5276497695852534,0.5276497695852534,"{0: 0.5387174640928172, 1: 0.5387174640928172}","{0: 0.5387174640928172, 1: 0.5387174640928172}",0.5387174640928172,"[[344 307]
 [308 343]]",[0. 1. 1. ... 0. 1. 0.],[0. 1. 1. ... 1. 0. 0.]
443,randomforest,"{'criterion': 'entropy', 'max_features': 'log2', 'n_estimators': 211}",0.5131653153269787,0.10118494716428963,0.0384103323908409,0.1991994389903045,0.5192051661954205,0.09959971949515223,0.5238084001887683,0.04761904761904767,0.5238095238095238,0.5238095238095237,"{0: 0.5389168501254127, 1: 0.5389168501254126}","{0: 0.5389168501254127, 1: 0.5389168501254126}",0.5389168501254126,"[[342 309]
 [311 340]]",[0. 1. 1. ... 0. 1. 1.],[0. 1. 1. ... 1. 0. 0.]
528,randomforest,"{'criterion': 'entropy', 'max_features': 'sqrt', 'n_estimators': 137}",0.5127181458312395,0.09420918760554109,0.038105958417756144,0.18905515406691628,0.519052979208878,0.09452757703345814,0.5222181842209593,0.044546850998463894,0.522273425499232,0.522273425499232,"{0: 0.5392589918381505, 1: 0.5392589918381504}","{0: 0.5392589918381505, 1: 0.5392589918381504}",0.5392589918381504,"[[347 304]
 [318 333]]",[0. 1. 1. ... 0. 1. 1.],[0. 1. 1. ... 1. 0. 0.]
534,SVC,"{'C': 10, 'gamma': 0.0001, 'kernel': 'rbf'}",0.45936527918471026,0.07723159079046232,0.037817244534485914,0.1279819727820311,0.518908622267243,0.06399098639101557,0.48197527568433374,0.04761904761904767,0.5238095238095238,0.5238095238095238,"{0: 0.5407585163791496, 1: 0.5407585163791496}","{0: 0.5407585163791496, 1: 0.5407585163791496}",0.5407585163791496,"[[526 125]
 [495 156]]",[0. 0. 1. ... 0. 0. 0.],[0. 1. 1. ... 1. 0. 0.]
761,SVC,"{'C': 10, 'gamma': 0.0001, 'kernel': 'rbf'}",0.4851717487352044,0.09083979142368924,0.03778089294491955,0.17259058435855357,0.5188904464724599,0.08629529217927678,0.5057286880232367,0.03993855606758834,0.5199692780337941,0.5199692780337941,"{0: 0.5333517381978806, 1: 0.5333517381978805}","{0: 0.5333517381978806, 1: 0.5333517381978805}",0.5333517381978805,"[[449 202]
 [423 228]]",[0. 0. 1. ... 0. 1. 1.],[0. 1. 1. ... 1. 0. 0.]
312,randomforest,"{'criterion': 'entropy', 'max_features': 'log2', 'n_estimators': 579}",0.5139947816581423,0.0976015296070401,0.037687009524973586,0.1940215460323127,0.5188435047624868,0.09701077301615635,0.519968994863742,0.03993855606758834,0.5199692780337941,0.5199692780337941,"{0: 0.5313708556610296, 1: 0.5313708556610296}","{0: 0.5313708556610296, 1: 0.5313708556610296}",0.5313708556610296,"[[339 312]
 [313 338]]",[0. 1. 1. ... 0. 1. 1.],[0. 1. 1. ... 1. 0. 0.]
114,randomforest,"{'criterion': 'entropy', 'max_features': 'sqrt', 'n_estimators': 503}",0.512712286443024,0.09903516100477448,0.03757061674341735,0.19910876505139108,0.5187853083717087,0.09955438252569554,0.5252907360909211,0.05069124423963134,0.5253456221198156,0.5253456221198156,"{0: 0.5363496074808696, 1: 0.5363496074808696}","{0: 0.5363496074808696, 1: 0.5363496074808696}",0.5363496074808696,"[[349 302]
 [316 335]]",[0. 1. 1. ... 0. 1. 1.],[0. 1. 1. ... 1. 0. 0.]
602,randomforest,"{'criterion': 'entropy', 'max_features': None, 'n_estimators': 425}",0.5134643092172467,0.10684174836092726,0.03749299323846239,0.2127411431148129,0.5187464966192311,0.10637057155740645,0.5160365335598981,0.032258064516129004,0.5161290322580645,0.5161290322580645,"{0: 0.5198689951179917, 1: 0.5198689951179917}","{0: 0.5198689951179917, 1: 0.5198689951179917}",0.5198689951179917,"[[345 306]
 [324 327]]",[0. 1. 1. ... 0. 1. 1.],[0. 1. 1. ... 1. 0. 0.]
366,knn,{'n_neighbors': 49},0.509224630870079,0.08751738303955799,0.037216525094141965,0.17057045042756874,0.518608262547071,0.08528522521378437,0.5186003326466196,0.03840245775729645,0.5192012288786483,0.5192012288786483,"{0: 0.5327099275367448, 1: 0.5327099275367448}","{0: 0.5327099275367448, 1: 0.5327099275367448}",0.5327099275367448,"[[361 290]
 [336 315]]",[0. 1. 1. ... 0. 0. 1.],[0. 1. 1. ... 1. 0. 0.]
639,knn,{'n_neighbors': 49},0.509224630870079,0.08751738303955799,0.037216525094141965,0.17057045042756874,0.518608262547071,0.08528522521378437,0.5186003326466196,0.03840245775729645,0.5192012288786483,0.5192012288786483,"{0: 0.5327099275367448, 1: 0.5327099275367448}","{0: 0.5327099275367448, 1: 0.5327099275367448}",0.5327099275367448,"[[361 290]
 [336 315]]",[0. 1. 1. ... 0. 0. 1.],[0. 1. 1. ... 1. 0. 0.]
33,knn,{'n_neighbors': 49},0.509224630870079,0.08751738303955799,0.037216525094141965,0.17057045042756874,0.518608262547071,0.08528522521378437,0.5186003326466196,0.03840245775729645,0.5192012288786483,0.5192012288786483,"{0: 0.5327099275367448, 1: 0.5327099275367448}","{0: 0.5327099275367448, 1: 0.5327099275367448}",0.5327099275367448,"[[361 290]
 [336 315]]",[0. 1. 1. ... 0. 0. 1.],[0. 1. 1. ... 1. 0. 0.]
5,randomforest,"{'criterion': 'entropy', 'max_features': 'sqrt', 'n_estimators': 549}",0.5124864185118063,0.09665605856483582,0.036999068496903306,0.19575522175398313,0.5184995342484516,0.09787761087699158,0.5229398829272092,0.04608294930875578,0.5230414746543779,0.5230414746543779,"{0: 0.5308375865087623, 1: 0.5308375865087623}","{0: 0.5308375865087623, 1: 0.5308375865087623}",0.5308375865087623,"[[350 301]
 [320 331]]",[0. 1. 1. ... 0. 1. 1.],[0. 1. 1. ... 1. 0. 0.]
437,AdaBoost,"{'algorithm': 'SAMME.R', 'learning_rate': 3.610204081632653, 'n_estimators': 52}",0.3795604715917185,0.05854856860207185,0.036951166703211615,0.06097310091630144,0.5184755833516058,0.03048655045815071,0.3958499343704624,0.04915514592933945,0.5245775729646698,0.5245775729646697,"{0: 0.5077418410999502, 1: 0.5077418410999502}","{0: 0.5077418410999502, 1: 0.5077418410999502}",0.5077418410999502,"[[642   9]
 [610  41]]",[0. 0. 0. ... 0. 0. 0.],[0. 1. 1. ... 1. 0. 0.]
24,AdaBoost,"{'algorithm': 'SAMME.R', 'learning_rate': 0.6714285714285714, 'n_estimators': 30}",0.5095082105687958,0.081712832915693,0.03694633649148485,0.1706805879974679,0.5184731682457424,0.08534029399873395,0.5220329514244929,0.04915514592933945,0.5245775729646698,0.5245775729646698,"{0: 0.520889521261158, 1: 0.520889521261158}","{0: 0.520889521261158, 1: 0.520889521261158}",0.520889521261158,"[[389 262]
 [357 294]]",[0. 0. 0. ... 0. 1. 0.],[0. 1. 1. ... 1. 0. 0.]
629,randomforest,"{'criterion': 'entropy', 'max_features': 'sqrt', 'n_estimators': 121}",0.5128150606811873,0.09587461463453537,0.036869557393931184,0.1904405997532352,0.5184347786969655,0.09522029987661759,0.5207271491675162,0.04147465437788023,0.5207373271889401,0.5207373271889401,"{0: 0.5238460975788165, 1: 0.5238460975788165}","{0: 0.5238460975788165, 1: 0.5238460975788165}",0.5238460975788165,"[[336 315]
 [309 342]]",[0. 1. 1. ... 0. 1. 1.],[0. 1. 1. ... 1. 0. 0.]
333,randomforest,"{'criterion': 'gini', 'max_features': 'log2', 'n_estimators': 359}",0.5125095028342715,0.09075581338485757,0.036712587701039995,0.18217005963207783,0.5183562938505201,0.09108502981603894,0.5245750488881811,0.04915514592933945,0.5245775729646698,0.5245775729646698,"{0: 0.5277642100891692, 1: 0.5277642100891692}","{0: 0.5277642100891692, 1: 0.5277642100891692}",0.5277642100891692,"[[343 308]
 [311 340]]",[0. 1. 1. ... 0. 1. 1.],[0. 1. 1. ... 1. 0. 0.]
759,randomforest,"{'criterion': 'entropy', 'max_features': None, 'n_estimators': 399}",0.5127219865613261,0.10668924449072127,0.036598483356528544,0.21165279560872996,0.5182992416782644,0.105826397804365,0.5229939204795182,0.04608294930875578,0.5230414746543779,0.5230414746543779,"{0: 0.5267212677648236, 1: 0.5267212677648235}","{0: 0.5267212677648236, 1: 0.5267212677648235}",0.5267212677648235,"[[347 304]
 [317 334]]",[0. 1. 1. ... 0. 1. 1.],[0. 1. 1. ... 1. 0. 0.]
157,randomforest,"{'criterion': 'entropy', 'max_features': 'sqrt', 'n_estimators': 497}",0.5132738846252226,0.09677379551715558,0.03598309745682735,0.1929495826107396,0.5179915487284137,0.09647479130536979,0.5260999731587968,0.05222734254992323,0.5261136712749616,0.5261136712749616,"{0: 0.5344536704726983, 1: 0.5344536704726983}","{0: 0.5344536704726983, 1: 0.5344536704726983}",0.5344536704726983,"[[346 305]
 [312 339]]",[0. 1. 1. ... 0. 1. 1.],[0. 1. 1. ... 1. 0. 0.]
707,randomforest,"{'criterion': 'entropy', 'max_features': 'sqrt', 'n_estimators': 287}",0.5104426094305177,0.09184446763354401,0.035556157848549014,0.18574921753258147,0.5177780789242745,0.09287460876629075,0.5199667294912974,0.03993855606758834,0.5199692780337941,0.5199692780337941,"{0: 0.5274149895823748, 1: 0.5274149895823748}","{0: 0.5274149895823748, 1: 0.5274149895823748}",0.5274149895823748,"[[337 314]
 [311 340]]",[0. 1. 1. ... 0. 1. 1.],[0. 1. 1. ... 1. 0. 0.]
966,AdaBoost,"{'algorithm': 'SAMME.R', 'learning_rate': 3.7734693877551018, 'n_estimators': 74}",0.37845528438126813,0.055508202549182796,0.03552259527464019,0.05709665919505454,0.51776129763732,0.02854832959752727,0.39280186543205703,0.04608294930875578,0.5230414746543779,0.5230414746543779,"{0: 0.5193251077746396, 1: 0.5193251077746395}","{0: 0.5193251077746396, 1: 0.5193251077746395}",0.5193251077746395,"[[642   9]
 [612  39]]",[0. 0. 0. ... 0. 0. 0.],[0. 1. 1. ... 1. 0. 0.]
344,randomforest,"{'criterion': 'entropy', 'max_features': 'sqrt', 'n_estimators': 251}",0.5119567008418432,0.08542857456537918,0.03543142692819563,0.1723958459047031,0.5177157134640978,0.08619792295235155,0.5244965086744763,0.04915514592933945,0.5245775729646698,0.5245775729646698,"{0: 0.5342295086609046, 1: 0.5342295086609046}","{0: 0.5342295086609046, 1: 0.5342295086609046}",0.5342295086609046,"[[350 301]
 [318 333]]",[0. 1. 1. ... 0. 1. 1.],[0. 1. 1. ... 1. 0. 0.]
349,SVC,"{'C': 100, 'gamma': 0.01, 'kernel': 'sigmoid'}",0.4005952289039248,0.07394906444864832,0.035310314381949835,0.08013406039401387,0.517655157190975,0.04006703019700694,0.41242915964451216,0.03379416282642089,0.5168970814132104,0.5168970814132104,"{0: 0.49248939950590015, 1: 0.49248939950590026}","{0: 0.49248939950590015, 1: 0.49248939950590026}",0.49248939950590026,"[[611  40]
 [589  62]]",[0. 0. 0. ... 0. 0. 0.],[0. 1. 1. ... 1. 0. 0.]
916,randomforest,"{'criterion': 'gini', 'max_features': None, 'n_estimators': 569}",0.512358950687855,0.1134237826426766,0.03516060896985469,0.2251136617552434,0.5175803044849273,0.1125568308776217,0.5130384511013838,0.02611367127496156,0.5130568356374808,0.5130568356374808,"{0: 0.5294725590548395, 1: 0.5294725590548394}","{0: 0.5294725590548395, 1: 0.5294725590548394}",0.5294725590548394,"[[330 321]
 [313 338]]",[0. 1. 1. ... 0. 1. 1.],[0. 1. 1. ... 1. 0. 0.]
85,AdaBoost,"{'algorithm': 'SAMME.R', 'learning_rate': 2.5489795918367344, 'n_estimators': 52}",0.3798899236068838,0.05560118990686842,0.034672468390030534,0.06270970552431199,0.5173362341950153,0.03135485276215599,0.39237394957983196,0.044546850998463894,0.522273425499232,0.522273425499232,"{0: 0.5110181429491671, 1: 0.5110181429491671}","{0: 0.5110181429491671, 1: 0.5110181429491671}",0.5110181429491671,"[[641  10]
 [612  39]]",[0. 0. 0. ... 0. 0. 0.],[0. 1. 1. ... 1. 0. 0.]
511,AdaBoost,"{'algorithm': 'SAMME.R', 'learning_rate': 2.793877551020408, 'n_estimators': 96}",0.3798899236068838,0.05560118990686842,0.034672468390030534,0.06270970552431199,0.5173362341950153,0.03135485276215599,0.39237394957983196,0.044546850998463894,0.522273425499232,0.522273425499232,"{0: 0.5096507558972253, 1: 0.5096507558972254}","{0: 0.5096507558972253, 1: 0.5096507558972254}",0.5096507558972254,"[[641  10]
 [612  39]]",[0. 0. 0. ... 0. 0. 0.],[0. 1. 1. ... 1. 0. 0.]
859,randomforest,"{'criterion': 'gini', 'max_features': 'log2', 'n_estimators': 299}",0.5102403832169169,0.09845847791903968,0.03439230872575841,0.20160912757341728,0.5171961543628791,0.10080456378670866,0.519968994863742,0.03993855606758834,0.5199692780337941,0.5199692780337941,"{0: 0.5305674125356005, 1: 0.5305674125356004}","{0: 0.5305674125356005, 1: 0.5305674125356004}",0.5305674125356004,"[[338 313]
 [312 339]]",[0. 1. 1. ... 0. 1. 1.],[0. 1. 1. ... 1. 0. 0.]
733,randomforest,"{'criterion': 'entropy', 'max_features': 'sqrt', 'n_estimators': 87}",0.5075039670145568,0.09535353321428498,0.033487531155006044,0.1801924598534381,0.5167437655775031,0.09009622992671906,0.5199350120318592,0.03993855606758834,0.5199692780337941,0.5199692780337941,"{0: 0.5349196910814273, 1: 0.5349196910814273}","{0: 0.5349196910814273, 1: 0.5349196910814273}",0.5349196910814273,"[[333 318]
 [307 344]]",[0. 1. 1. ... 0. 1. 1.],[0. 1. 1. ... 1. 0. 0.]
122,randomforest,"{'criterion': 'entropy', 'max_features': 'log2', 'n_estimators': 165}",0.5086740838374333,0.09401029975972218,0.03336500691541023,0.1890935957773325,0.5166825034577052,0.09454679788866625,0.5219079194383638,0.044546850998463894,0.522273425499232,0.522273425499232,"{0: 0.5293569387519143, 1: 0.5293569387519141}","{0: 0.5293569387519143, 1: 0.5293569387519141}",0.5293569387519141,"[[358 293]
 [329 322]]",[0. 1. 1. ... 0. 1. 1.],[0. 1. 1. ... 1. 0. 0.]
944,randomforest,"{'criterion': 'gini', 'max_features': 'sqrt', 'n_estimators': 175}",0.511046720228653,0.09755532211238353,0.03332812052534682,0.19278873660873358,0.5166640602626734,0.09639436830436679,0.5207192326297533,0.04147465437788023,0.5207373271889401,0.5207373271889401,"{0: 0.5318144600885792, 1: 0.5318144600885792}","{0: 0.5318144600885792, 1: 0.5318144600885792}",0.5318144600885792,"[[335 316]
 [308 343]]",[0. 1. 1. ... 0. 1. 1.],[0. 1. 1. ... 1. 0. 0.]
888,randomforest,"{'criterion': 'gini', 'max_features': 'log2', 'n_estimators': 479}",0.5106974563423078,0.09554769569112745,0.03304497877323954,0.19031973571487848,0.5165224893866198,0.09515986785743924,0.5222722982538933,0.044546850998463894,0.522273425499232,0.522273425499232,"{0: 0.5351273357070889, 1: 0.5351273357070889}","{0: 0.5351273357070889, 1: 0.5351273357070889}",0.5351273357070889,"[[341 310]
 [312 339]]",[0. 1. 1. ... 0. 1. 1.],[0. 1. 1. ... 1. 0. 0.]
468,SVC,"{'C': 100, 'gamma': 0.01, 'kernel': 'sigmoid'}",0.4066820007255138,0.08488394944908594,0.03300441516961163,0.10421035514551719,0.5165022075848058,0.05210517757275859,0.412405707709814,0.030721966205837226,0.5153609831029186,0.5153609831029186,"{0: 0.5022475171129847, 1: 0.5022475171129847}","{0: 0.5022475171129847, 1: 0.5022475171129847}",0.5022475171129847,"[[608  43]
 [588  63]]",[0. 0. 1. ... 0. 0. 0.],[0. 1. 1. ... 1. 0. 0.]
565,randomforest,"{'criterion': 'gini', 'max_features': 'sqrt', 'n_estimators': 357}",0.5104789251010293,0.09275855858381794,0.03257662082137766,0.1843483989938877,0.5162883104106888,0.09217419949694386,0.5245638304461835,0.04915514592933945,0.5245775729646698,0.5245775729646698,"{0: 0.532798412462453, 1: 0.5327984124624529}","{0: 0.532798412462453, 1: 0.5327984124624529}",0.5327984124624529,"[[338 313]
 [306 345]]",[0. 1. 1. ... 0. 1. 1.],[0. 1. 1. ... 1. 0. 0.]
611,SVC,"{'C': 100, 'gamma': 0.01, 'kernel': 'sigmoid'}",0.39741147992859,0.04804350274797312,0.03248422004316151,0.05553479153269771,0.5162421100215808,0.027767395766348853,0.40533290801531147,0.032258064516129004,0.5161290322580645,0.5161290322580645,"{0: 0.5107538679710525, 1: 0.5107538679710525}","{0: 0.5107538679710525, 1: 0.5107538679710525}",0.5107538679710525,"[[617  34]
 [596  55]]",[0. 0. 0. ... 0. 0. 0.],[0. 1. 1. ... 1. 0. 0.]
746,randomforest,"{'criterion': 'gini', 'max_features': 'log2', 'n_estimators': 543}",0.5104254087832343,0.09341696050599009,0.03242826723367316,0.18525722888575313,0.5162141336168365,0.09262861444287658,0.5260507652307197,0.05222734254992323,0.5261136712749616,0.5261136712749616,"{0: 0.5323725050200447, 1: 0.5323725050200447}","{0: 0.5323725050200447, 1: 0.5323725050200447}",0.5323725050200447,"[[350 301]
 [316 335]]",[0. 1. 1. ... 0. 1. 1.],[0. 1. 1. ... 1. 0. 0.]
850,naive_bayes,{},0.4736934178204774,0.08367197388898319,0.032111179167634646,0.15657076961673833,0.5160555895838174,0.07828538480836916,0.4891151470678163,0.053763440860215006,0.5268817204301075,0.5268817204301075,"{0: 0.5311667504323963, 1: 0.5311667504323964}","{0: 0.5311667504323963, 1: 0.5311667504323964}",0.5311667504323964,"[[520 131]
 [485 166]]",[0. 0. 1. ... 0. 0. 0.],[0. 1. 1. ... 1. 0. 0.]
949,naive_bayes,{},0.4736934178204774,0.08367197388898319,0.032111179167634646,0.15657076961673833,0.5160555895838174,0.07828538480836916,0.4891151470678163,0.053763440860215006,0.5268817204301075,0.5268817204301075,"{0: 0.5311667504323963, 1: 0.5311667504323964}","{0: 0.5311667504323963, 1: 0.5311667504323964}",0.5311667504323964,"[[520 131]
 [485 166]]",[0. 0. 1. ... 0. 0. 0.],[0. 1. 1. ... 1. 0. 0.]
892,naive_bayes,{},0.4736934178204774,0.08367197388898319,0.032111179167634646,0.15657076961673833,0.5160555895838174,0.07828538480836916,0.4891151470678163,0.053763440860215006,0.5268817204301075,0.5268817204301075,"{0: 0.5311667504323963, 1: 0.5311667504323964}","{0: 0.5311667504323963, 1: 0.5311667504323964}",0.5311667504323964,"[[520 131]
 [485 166]]",[0. 0. 1. ... 0. 0. 0.],[0. 1. 1. ... 1. 0. 0.]
751,naive_bayes,{},0.4736934178204774,0.08367197388898319,0.032111179167634646,0.15657076961673833,0.5160555895838174,0.07828538480836916,0.4891151470678163,0.053763440860215006,0.5268817204301075,0.5268817204301075,"{0: 0.5311667504323963, 1: 0.5311667504323964}","{0: 0.5311667504323963, 1: 0.5311667504323964}",0.5311667504323964,"[[520 131]
 [485 166]]",[0. 0. 1. ... 0. 0. 0.],[0. 1. 1. ... 1. 0. 0.]
991,naive_bayes,{},0.4736934178204774,0.08367197388898319,0.032111179167634646,0.15657076961673833,0.5160555895838174,0.07828538480836916,0.4891151470678163,0.053763440860215006,0.5268817204301075,0.5268817204301075,"{0: 0.5311667504323963, 1: 0.5311667504323964}","{0: 0.5311667504323963, 1: 0.5311667504323964}",0.5311667504323964,"[[520 131]
 [485 166]]",[0. 0. 1. ... 0. 0. 0.],[0. 1. 1. ... 1. 0. 0.]
777,naive_bayes,{},0.4736934178204774,0.08367197388898319,0.032111179167634646,0.15657076961673833,0.5160555895838174,0.07828538480836916,0.4891151470678163,0.053763440860215006,0.5268817204301075,0.5268817204301075,"{0: 0.5311667504323963, 1: 0.5311667504323964}","{0: 0.5311667504323963, 1: 0.5311667504323964}",0.5311667504323964,"[[520 131]
 [485 166]]",[0. 0. 1. ... 0. 0. 0.],[0. 1. 1. ... 1. 0. 0.]
724,naive_bayes,{},0.4736934178204774,0.08367197388898319,0.032111179167634646,0.15657076961673833,0.5160555895838174,0.07828538480836916,0.4891151470678163,0.053763440860215006,0.5268817204301075,0.5268817204301075,"{0: 0.5311667504323963, 1: 0.5311667504323964}","{0: 0.5311667504323963, 1: 0.5311667504323964}",0.5311667504323964,"[[520 131]
 [485 166]]",[0. 0. 1. ... 0. 0. 0.],[0. 1. 1. ... 1. 0. 0.]
711,naive_bayes,{},0.4736934178204774,0.08367197388898319,0.032111179167634646,0.15657076961673833,0.5160555895838174,0.07828538480836916,0.4891151470678163,0.053763440860215006,0.5268817204301075,0.5268817204301075,"{0: 0.5311667504323963, 1: 0.5311667504323964}","{0: 0.5311667504323963, 1: 0.5311667504323964}",0.5311667504323964,"[[520 131]
 [485 166]]",[0. 0. 1. ... 0. 0. 0.],[0. 1. 1. ... 1. 0. 0.]
878,naive_bayes,{},0.4736934178204774,0.08367197388898319,0.032111179167634646,0.15657076961673833,0.5160555895838174,0.07828538480836916,0.4891151470678163,0.053763440860215006,0.5268817204301075,0.5268817204301075,"{0: 0.5311667504323963, 1: 0.5311667504323964}","{0: 0.5311667504323963, 1: 0.5311667504323964}",0.5311667504323964,"[[520 131]
 [485 166]]",[0. 0. 1. ... 0. 0. 0.],[0. 1. 1. ... 1. 0. 0.]
934,naive_bayes,{},0.4736934178204774,0.08367197388898319,0.032111179167634646,0.15657076961673833,0.5160555895838174,0.07828538480836916,0.4891151470678163,0.053763440860215006,0.5268817204301075,0.5268817204301075,"{0: 0.5311667504323963, 1: 0.5311667504323964}","{0: 0.5311667504323963, 1: 0.5311667504323964}",0.5311667504323964,"[[520 131]
 [485 166]]",[0. 0. 1. ... 0. 0. 0.],[0. 1. 1. ... 1. 0. 0.]
836,naive_bayes,{},0.4736934178204774,0.08367197388898319,0.032111179167634646,0.15657076961673833,0.5160555895838174,0.07828538480836916,0.4891151470678163,0.053763440860215006,0.5268817204301075,0.5268817204301075,"{0: 0.5311667504323963, 1: 0.5311667504323964}","{0: 0.5311667504323963, 1: 0.5311667504323964}",0.5311667504323964,"[[520 131]
 [485 166]]",[0. 0. 1. ... 0. 0. 0.],[0. 1. 1. ... 1. 0. 0.]
737,naive_bayes,{},0.4736934178204774,0.08367197388898319,0.032111179167634646,0.15657076961673833,0.5160555895838174,0.07828538480836916,0.4891151470678163,0.053763440860215006,0.5268817204301075,0.5268817204301075,"{0: 0.5311667504323963, 1: 0.5311667504323964}","{0: 0.5311667504323963, 1: 0.5311667504323964}",0.5311667504323964,"[[520 131]
 [485 166]]",[0. 0. 1. ... 0. 0. 0.],[0. 1. 1. ... 1. 0. 0.]
920,naive_bayes,{},0.4736934178204774,0.08367197388898319,0.032111179167634646,0.15657076961673833,0.5160555895838174,0.07828538480836916,0.4891151470678163,0.053763440860215006,0.5268817204301075,0.5268817204301075,"{0: 0.5311667504323963, 1: 0.5311667504323964}","{0: 0.5311667504323963, 1: 0.5311667504323964}",0.5311667504323964,"[[520 131]
 [485 166]]",[0. 0. 1. ... 0. 0. 0.],[0. 1. 1. ... 1. 0. 0.]
763,naive_bayes,{},0.4736934178204774,0.08367197388898319,0.032111179167634646,0.15657076961673833,0.5160555895838174,0.07828538480836916,0.4891151470678163,0.053763440860215006,0.5268817204301075,0.5268817204301075,"{0: 0.5311667504323963, 1: 0.5311667504323964}","{0: 0.5311667504323963, 1: 0.5311667504323964}",0.5311667504323964,"[[520 131]
 [485 166]]",[0. 0. 1. ... 0. 0. 0.],[0. 1. 1. ... 1. 0. 0.]
977,naive_bayes,{},0.4736934178204774,0.08367197388898319,0.032111179167634646,0.15657076961673833,0.5160555895838174,0.07828538480836916,0.4891151470678163,0.053763440860215006,0.5268817204301075,0.5268817204301075,"{0: 0.5311667504323963, 1: 0.5311667504323964}","{0: 0.5311667504323963, 1: 0.5311667504323964}",0.5311667504323964,"[[520 131]
 [485 166]]",[0. 0. 1. ... 0. 0. 0.],[0. 1. 1. ... 1. 0. 0.]
963,naive_bayes,{},0.4736934178204774,0.08367197388898319,0.032111179167634646,0.15657076961673833,0.5160555895838174,0.07828538480836916,0.4891151470678163,0.053763440860215006,0.5268817204301075,0.5268817204301075,"{0: 0.5311667504323963, 1: 0.5311667504323964}","{0: 0.5311667504323963, 1: 0.5311667504323964}",0.5311667504323964,"[[520 131]
 [485 166]]",[0. 0. 1. ... 0. 0. 0.],[0. 1. 1. ... 1. 0. 0.]
822,naive_bayes,{},0.4736934178204774,0.08367197388898319,0.032111179167634646,0.15657076961673833,0.5160555895838174,0.07828538480836916,0.4891151470678163,0.053763440860215006,0.5268817204301075,0.5268817204301075,"{0: 0.5311667504323963, 1: 0.5311667504323964}","{0: 0.5311667504323963, 1: 0.5311667504323964}",0.5311667504323964,"[[520 131]
 [485 166]]",[0. 0. 1. ... 0. 0. 0.],[0. 1. 1. ... 1. 0. 0.]
906,naive_bayes,{},0.4736934178204774,0.08367197388898319,0.032111179167634646,0.15657076961673833,0.5160555895838174,0.07828538480836916,0.4891151470678163,0.053763440860215006,0.5268817204301075,0.5268817204301075,"{0: 0.5311667504323963, 1: 0.5311667504323964}","{0: 0.5311667504323963, 1: 0.5311667504323964}",0.5311667504323964,"[[520 131]
 [485 166]]",[0. 0. 1. ... 0. 0. 0.],[0. 1. 1. ... 1. 0. 0.]
864,naive_bayes,{},0.4736934178204774,0.08367197388898319,0.032111179167634646,0.15657076961673833,0.5160555895838174,0.07828538480836916,0.4891151470678163,0.053763440860215006,0.5268817204301075,0.5268817204301075,"{0: 0.5311667504323963, 1: 0.5311667504323964}","{0: 0.5311667504323963, 1: 0.5311667504323964}",0.5311667504323964,"[[520 131]
 [485 166]]",[0. 0. 1. ... 0. 0. 0.],[0. 1. 1. ... 1. 0. 0.]
0,naive_bayes,{},0.4736934178204774,0.08367197388898319,0.032111179167634646,0.15657076961673833,0.5160555895838174,0.07828538480836916,0.4891151470678163,0.053763440860215006,0.5268817204301075,0.5268817204301075,"{0: 0.5311667504323963, 1: 0.5311667504323964}","{0: 0.5311667504323963, 1: 0.5311667504323964}",0.5311667504323964,"[[520 131]
 [485 166]]",[0. 0. 1. ... 0. 0. 0.],[0. 1. 1. ... 1. 0. 0.]
175,naive_bayes,{},0.4736934178204774,0.08367197388898319,0.032111179167634646,0.15657076961673833,0.5160555895838174,0.07828538480836916,0.4891151470678163,0.053763440860215006,0.5268817204301075,0.5268817204301075,"{0: 0.5311667504323963, 1: 0.5311667504323964}","{0: 0.5311667504323963, 1: 0.5311667504323964}",0.5311667504323964,"[[520 131]
 [485 166]]",[0. 0. 1. ... 0. 0. 0.],[0. 1. 1. ... 1. 0. 0.]
225,naive_bayes,{},0.4736934178204774,0.08367197388898319,0.032111179167634646,0.15657076961673833,0.5160555895838174,0.07828538480836916,0.4891151470678163,0.053763440860215006,0.5268817204301075,0.5268817204301075,"{0: 0.5311667504323963, 1: 0.5311667504323964}","{0: 0.5311667504323963, 1: 0.5311667504323964}",0.5311667504323964,"[[520 131]
 [485 166]]",[0. 0. 1. ... 0. 0. 0.],[0. 1. 1. ... 1. 0. 0.]
483,naive_bayes,{},0.4736934178204774,0.08367197388898319,0.032111179167634646,0.15657076961673833,0.5160555895838174,0.07828538480836916,0.4891151470678163,0.053763440860215006,0.5268817204301075,0.5268817204301075,"{0: 0.5311667504323963, 1: 0.5311667504323964}","{0: 0.5311667504323963, 1: 0.5311667504323964}",0.5311667504323964,"[[520 131]
 [485 166]]",[0. 0. 1. ... 0. 0. 0.],[0. 1. 1. ... 1. 0. 0.]
632,naive_bayes,{},0.4736934178204774,0.08367197388898319,0.032111179167634646,0.15657076961673833,0.5160555895838174,0.07828538480836916,0.4891151470678163,0.053763440860215006,0.5268817204301075,0.5268817204301075,"{0: 0.5311667504323963, 1: 0.5311667504323964}","{0: 0.5311667504323963, 1: 0.5311667504323964}",0.5311667504323964,"[[520 131]
 [485 166]]",[0. 0. 1. ... 0. 0. 0.],[0. 1. 1. ... 1. 0. 0.]
435,naive_bayes,{},0.4736934178204774,0.08367197388898319,0.032111179167634646,0.15657076961673833,0.5160555895838174,0.07828538480836916,0.4891151470678163,0.053763440860215006,0.5268817204301075,0.5268817204301075,"{0: 0.5311667504323963, 1: 0.5311667504323964}","{0: 0.5311667504323963, 1: 0.5311667504323964}",0.5311667504323964,"[[520 131]
 [485 166]]",[0. 0. 1. ... 0. 0. 0.],[0. 1. 1. ... 1. 0. 0.]
619,naive_bayes,{},0.4736934178204774,0.08367197388898319,0.032111179167634646,0.15657076961673833,0.5160555895838174,0.07828538480836916,0.4891151470678163,0.053763440860215006,0.5268817204301075,0.5268817204301075,"{0: 0.5311667504323963, 1: 0.5311667504323964}","{0: 0.5311667504323963, 1: 0.5311667504323964}",0.5311667504323964,"[[520 131]
 [485 166]]",[0. 0. 1. ... 0. 0. 0.],[0. 1. 1. ... 1. 0. 0.]
116,naive_bayes,{},0.4736934178204774,0.08367197388898319,0.032111179167634646,0.15657076961673833,0.5160555895838174,0.07828538480836916,0.4891151470678163,0.053763440860215006,0.5268817204301075,0.5268817204301075,"{0: 0.5311667504323963, 1: 0.5311667504323964}","{0: 0.5311667504323963, 1: 0.5311667504323964}",0.5311667504323964,"[[520 131]
 [485 166]]",[0. 0. 1. ... 0. 0. 0.],[0. 1. 1. ... 1. 0. 0.]
246,naive_bayes,{},0.4736934178204774,0.08367197388898319,0.032111179167634646,0.15657076961673833,0.5160555895838174,0.07828538480836916,0.4891151470678163,0.053763440860215006,0.5268817204301075,0.5268817204301075,"{0: 0.5311667504323963, 1: 0.5311667504323964}","{0: 0.5311667504323963, 1: 0.5311667504323964}",0.5311667504323964,"[[520 131]
 [485 166]]",[0. 0. 1. ... 0. 0. 0.],[0. 1. 1. ... 1. 0. 0.]
326,naive_bayes,{},0.4736934178204774,0.08367197388898319,0.032111179167634646,0.15657076961673833,0.5160555895838174,0.07828538480836916,0.4891151470678163,0.053763440860215006,0.5268817204301075,0.5268817204301075,"{0: 0.5311667504323963, 1: 0.5311667504323964}","{0: 0.5311667504323963, 1: 0.5311667504323964}",0.5311667504323964,"[[520 131]
 [485 166]]",[0. 0. 1. ... 0. 0. 0.],[0. 1. 1. ... 1. 0. 0.]
606,naive_bayes,{},0.4736934178204774,0.08367197388898319,0.032111179167634646,0.15657076961673833,0.5160555895838174,0.07828538480836916,0.4891151470678163,0.053763440860215006,0.5268817204301075,0.5268817204301075,"{0: 0.5311667504323963, 1: 0.5311667504323964}","{0: 0.5311667504323963, 1: 0.5311667504323964}",0.5311667504323964,"[[520 131]
 [485 166]]",[0. 0. 1. ... 0. 0. 0.],[0. 1. 1. ... 1. 0. 0.]
235,naive_bayes,{},0.4736934178204774,0.08367197388898319,0.032111179167634646,0.15657076961673833,0.5160555895838174,0.07828538480836916,0.4891151470678163,0.053763440860215006,0.5268817204301075,0.5268817204301075,"{0: 0.5311667504323963, 1: 0.5311667504323964}","{0: 0.5311667504323963, 1: 0.5311667504323964}",0.5311667504323964,"[[520 131]
 [485 166]]",[0. 0. 1. ... 0. 0. 0.],[0. 1. 1. ... 1. 0. 0.]
42,naive_bayes,{},0.4736934178204774,0.08367197388898319,0.032111179167634646,0.15657076961673833,0.5160555895838174,0.07828538480836916,0.4891151470678163,0.053763440860215006,0.5268817204301075,0.5268817204301075,"{0: 0.5311667504323963, 1: 0.5311667504323964}","{0: 0.5311667504323963, 1: 0.5311667504323964}",0.5311667504323964,"[[520 131]
 [485 166]]",[0. 0. 1. ... 0. 0. 0.],[0. 1. 1. ... 1. 0. 0.]
496,naive_bayes,{},0.4736934178204774,0.08367197388898319,0.032111179167634646,0.15657076961673833,0.5160555895838174,0.07828538480836916,0.4891151470678163,0.053763440860215006,0.5268817204301075,0.5268817204301075,"{0: 0.5311667504323963, 1: 0.5311667504323964}","{0: 0.5311667504323963, 1: 0.5311667504323964}",0.5311667504323964,"[[520 131]
 [485 166]]",[0. 0. 1. ... 0. 0. 0.],[0. 1. 1. ... 1. 0. 0.]
48,naive_bayes,{},0.4736934178204774,0.08367197388898319,0.032111179167634646,0.15657076961673833,0.5160555895838174,0.07828538480836916,0.4891151470678163,0.053763440860215006,0.5268817204301075,0.5268817204301075,"{0: 0.5311667504323963, 1: 0.5311667504323964}","{0: 0.5311667504323963, 1: 0.5311667504323964}",0.5311667504323964,"[[520 131]
 [485 166]]",[0. 0. 1. ... 0. 0. 0.],[0. 1. 1. ... 1. 0. 0.]
109,naive_bayes,{},0.4736934178204774,0.08367197388898319,0.032111179167634646,0.15657076961673833,0.5160555895838174,0.07828538480836916,0.4891151470678163,0.053763440860215006,0.5268817204301075,0.5268817204301075,"{0: 0.5311667504323963, 1: 0.5311667504323964}","{0: 0.5311667504323963, 1: 0.5311667504323964}",0.5311667504323964,"[[520 131]
 [485 166]]",[0. 0. 1. ... 0. 0. 0.],[0. 1. 1. ... 1. 0. 0.]
509,naive_bayes,{},0.4736934178204774,0.08367197388898319,0.032111179167634646,0.15657076961673833,0.5160555895838174,0.07828538480836916,0.4891151470678163,0.053763440860215006,0.5268817204301075,0.5268817204301075,"{0: 0.5311667504323963, 1: 0.5311667504323964}","{0: 0.5311667504323963, 1: 0.5311667504323964}",0.5311667504323964,"[[520 131]
 [485 166]]",[0. 0. 1. ... 0. 0. 0.],[0. 1. 1. ... 1. 0. 0.]
314,naive_bayes,{},0.4736934178204774,0.08367197388898319,0.032111179167634646,0.15657076961673833,0.5160555895838174,0.07828538480836916,0.4891151470678163,0.053763440860215006,0.5268817204301075,0.5268817204301075,"{0: 0.5311667504323963, 1: 0.5311667504323964}","{0: 0.5311667504323963, 1: 0.5311667504323964}",0.5311667504323964,"[[520 131]
 [485 166]]",[0. 0. 1. ... 0. 0. 0.],[0. 1. 1. ... 1. 0. 0.]
569,naive_bayes,{},0.4736934178204774,0.08367197388898319,0.032111179167634646,0.15657076961673833,0.5160555895838174,0.07828538480836916,0.4891151470678163,0.053763440860215006,0.5268817204301075,0.5268817204301075,"{0: 0.5311667504323963, 1: 0.5311667504323964}","{0: 0.5311667504323963, 1: 0.5311667504323964}",0.5311667504323964,"[[520 131]
 [485 166]]",[0. 0. 1. ... 0. 0. 0.],[0. 1. 1. ... 1. 0. 0.]
347,naive_bayes,{},0.4736934178204774,0.08367197388898319,0.032111179167634646,0.15657076961673833,0.5160555895838174,0.07828538480836916,0.4891151470678163,0.053763440860215006,0.5268817204301075,0.5268817204301075,"{0: 0.5311667504323963, 1: 0.5311667504323964}","{0: 0.5311667504323963, 1: 0.5311667504323964}",0.5311667504323964,"[[520 131]
 [485 166]]",[0. 0. 1. ... 0. 0. 0.],[0. 1. 1. ... 1. 0. 0.]
158,naive_bayes,{},0.4736934178204774,0.08367197388898319,0.032111179167634646,0.15657076961673833,0.5160555895838174,0.07828538480836916,0.4891151470678163,0.053763440860215006,0.5268817204301075,0.5268817204301075,"{0: 0.5311667504323963, 1: 0.5311667504323964}","{0: 0.5311667504323963, 1: 0.5311667504323964}",0.5311667504323964,"[[520 131]
 [485 166]]",[0. 0. 1. ... 0. 0. 0.],[0. 1. 1. ... 1. 0. 0.]
556,naive_bayes,{},0.4736934178204774,0.08367197388898319,0.032111179167634646,0.15657076961673833,0.5160555895838174,0.07828538480836916,0.4891151470678163,0.053763440860215006,0.5268817204301075,0.5268817204301075,"{0: 0.5311667504323963, 1: 0.5311667504323964}","{0: 0.5311667504323963, 1: 0.5311667504323964}",0.5311667504323964,"[[520 131]
 [485 166]]",[0. 0. 1. ... 0. 0. 0.],[0. 1. 1. ... 1. 0. 0.]
56,naive_bayes,{},0.4736934178204774,0.08367197388898319,0.032111179167634646,0.15657076961673833,0.5160555895838174,0.07828538480836916,0.4891151470678163,0.053763440860215006,0.5268817204301075,0.5268817204301075,"{0: 0.5311667504323963, 1: 0.5311667504323964}","{0: 0.5311667504323963, 1: 0.5311667504323964}",0.5311667504323964,"[[520 131]
 [485 166]]",[0. 0. 1. ... 0. 0. 0.],[0. 1. 1. ... 1. 0. 0.]
336,naive_bayes,{},0.4736934178204774,0.08367197388898319,0.032111179167634646,0.15657076961673833,0.5160555895838174,0.07828538480836916,0.4891151470678163,0.053763440860215006,0.5268817204301075,0.5268817204301075,"{0: 0.5311667504323963, 1: 0.5311667504323964}","{0: 0.5311667504323963, 1: 0.5311667504323964}",0.5311667504323964,"[[520 131]
 [485 166]]",[0. 0. 1. ... 0. 0. 0.],[0. 1. 1. ... 1. 0. 0.]
167,naive_bayes,{},0.4736934178204774,0.08367197388898319,0.032111179167634646,0.15657076961673833,0.5160555895838174,0.07828538480836916,0.4891151470678163,0.053763440860215006,0.5268817204301075,0.5268817204301075,"{0: 0.5311667504323963, 1: 0.5311667504323964}","{0: 0.5311667504323963, 1: 0.5311667504323964}",0.5311667504323964,"[[520 131]
 [485 166]]",[0. 0. 1. ... 0. 0. 0.],[0. 1. 1. ... 1. 0. 0.]
520,naive_bayes,{},0.4736934178204774,0.08367197388898319,0.032111179167634646,0.15657076961673833,0.5160555895838174,0.07828538480836916,0.4891151470678163,0.053763440860215006,0.5268817204301075,0.5268817204301075,"{0: 0.5311667504323963, 1: 0.5311667504323964}","{0: 0.5311667504323963, 1: 0.5311667504323964}",0.5311667504323964,"[[520 131]
 [485 166]]",[0. 0. 1. ... 0. 0. 0.],[0. 1. 1. ... 1. 0. 0.]
359,naive_bayes,{},0.4736934178204774,0.08367197388898319,0.032111179167634646,0.15657076961673833,0.5160555895838174,0.07828538480836916,0.4891151470678163,0.053763440860215006,0.5268817204301075,0.5268817204301075,"{0: 0.5311667504323963, 1: 0.5311667504323964}","{0: 0.5311667504323963, 1: 0.5311667504323964}",0.5311667504323964,"[[520 131]
 [485 166]]",[0. 0. 1. ... 0. 0. 0.],[0. 1. 1. ... 1. 0. 0.]
73,naive_bayes,{},0.4736934178204774,0.08367197388898319,0.032111179167634646,0.15657076961673833,0.5160555895838174,0.07828538480836916,0.4891151470678163,0.053763440860215006,0.5268817204301075,0.5268817204301075,"{0: 0.5311667504323963, 1: 0.5311667504323964}","{0: 0.5311667504323963, 1: 0.5311667504323964}",0.5311667504323964,"[[520 131]
 [485 166]]",[0. 0. 1. ... 0. 0. 0.],[0. 1. 1. ... 1. 0. 0.]
214,naive_bayes,{},0.4736934178204774,0.08367197388898319,0.032111179167634646,0.15657076961673833,0.5160555895838174,0.07828538480836916,0.4891151470678163,0.053763440860215006,0.5268817204301075,0.5268817204301075,"{0: 0.5311667504323963, 1: 0.5311667504323964}","{0: 0.5311667504323963, 1: 0.5311667504323964}",0.5311667504323964,"[[520 131]
 [485 166]]",[0. 0. 1. ... 0. 0. 0.],[0. 1. 1. ... 1. 0. 0.]
543,naive_bayes,{},0.4736934178204774,0.08367197388898319,0.032111179167634646,0.15657076961673833,0.5160555895838174,0.07828538480836916,0.4891151470678163,0.053763440860215006,0.5268817204301075,0.5268817204301075,"{0: 0.5311667504323963, 1: 0.5311667504323964}","{0: 0.5311667504323963, 1: 0.5311667504323964}",0.5311667504323964,"[[520 131]
 [485 166]]",[0. 0. 1. ... 0. 0. 0.],[0. 1. 1. ... 1. 0. 0.]
423,naive_bayes,{},0.4736934178204774,0.08367197388898319,0.032111179167634646,0.15657076961673833,0.5160555895838174,0.07828538480836916,0.4891151470678163,0.053763440860215006,0.5268817204301075,0.5268817204301075,"{0: 0.5311667504323963, 1: 0.5311667504323964}","{0: 0.5311667504323963, 1: 0.5311667504323964}",0.5311667504323964,"[[520 131]
 [485 166]]",[0. 0. 1. ... 0. 0. 0.],[0. 1. 1. ... 1. 0. 0.]
81,naive_bayes,{},0.4736934178204774,0.08367197388898319,0.032111179167634646,0.15657076961673833,0.5160555895838174,0.07828538480836916,0.4891151470678163,0.053763440860215006,0.5268817204301075,0.5268817204301075,"{0: 0.5311667504323963, 1: 0.5311667504323964}","{0: 0.5311667504323963, 1: 0.5311667504323964}",0.5311667504323964,"[[520 131]
 [485 166]]",[0. 0. 1. ... 0. 0. 0.],[0. 1. 1. ... 1. 0. 0.]
35,naive_bayes,{},0.4736934178204774,0.08367197388898319,0.032111179167634646,0.15657076961673833,0.5160555895838174,0.07828538480836916,0.4891151470678163,0.053763440860215006,0.5268817204301075,0.5268817204301075,"{0: 0.5311667504323963, 1: 0.5311667504323964}","{0: 0.5311667504323963, 1: 0.5311667504323964}",0.5311667504323964,"[[520 131]
 [485 166]]",[0. 0. 1. ... 0. 0. 0.],[0. 1. 1. ... 1. 0. 0.]
447,naive_bayes,{},0.4736934178204774,0.08367197388898319,0.032111179167634646,0.15657076961673833,0.5160555895838174,0.07828538480836916,0.4891151470678163,0.053763440860215006,0.5268817204301075,0.5268817204301075,"{0: 0.5311667504323963, 1: 0.5311667504323964}","{0: 0.5311667504323963, 1: 0.5311667504323964}",0.5311667504323964,"[[520 131]
 [485 166]]",[0. 0. 1. ... 0. 0. 0.],[0. 1. 1. ... 1. 0. 0.]
194,naive_bayes,{},0.4736934178204774,0.08367197388898319,0.032111179167634646,0.15657076961673833,0.5160555895838174,0.07828538480836916,0.4891151470678163,0.053763440860215006,0.5268817204301075,0.5268817204301075,"{0: 0.5311667504323963, 1: 0.5311667504323964}","{0: 0.5311667504323963, 1: 0.5311667504323964}",0.5311667504323964,"[[520 131]
 [485 166]]",[0. 0. 1. ... 0. 0. 0.],[0. 1. 1. ... 1. 0. 0.]
281,naive_bayes,{},0.4736934178204774,0.08367197388898319,0.032111179167634646,0.15657076961673833,0.5160555895838174,0.07828538480836916,0.4891151470678163,0.053763440860215006,0.5268817204301075,0.5268817204301075,"{0: 0.5311667504323963, 1: 0.5311667504323964}","{0: 0.5311667504323963, 1: 0.5311667504323964}",0.5311667504323964,"[[520 131]
 [485 166]]",[0. 0. 1. ... 0. 0. 0.],[0. 1. 1. ... 1. 0. 0.]
381,naive_bayes,{},0.4736934178204774,0.08367197388898319,0.032111179167634646,0.15657076961673833,0.5160555895838174,0.07828538480836916,0.4891151470678163,0.053763440860215006,0.5268817204301075,0.5268817204301075,"{0: 0.5311667504323963, 1: 0.5311667504323964}","{0: 0.5311667504323963, 1: 0.5311667504323964}",0.5311667504323964,"[[520 131]
 [485 166]]",[0. 0. 1. ... 0. 0. 0.],[0. 1. 1. ... 1. 0. 0.]
697,naive_bayes,{},0.4736934178204774,0.08367197388898319,0.032111179167634646,0.15657076961673833,0.5160555895838174,0.07828538480836916,0.4891151470678163,0.053763440860215006,0.5268817204301075,0.5268817204301075,"{0: 0.5311667504323963, 1: 0.5311667504323964}","{0: 0.5311667504323963, 1: 0.5311667504323964}",0.5311667504323964,"[[520 131]
 [485 166]]",[0. 0. 1. ... 0. 0. 0.],[0. 1. 1. ... 1. 0. 0.]
9,naive_bayes,{},0.4736934178204774,0.08367197388898319,0.032111179167634646,0.15657076961673833,0.5160555895838174,0.07828538480836916,0.4891151470678163,0.053763440860215006,0.5268817204301075,0.5268817204301075,"{0: 0.5311667504323963, 1: 0.5311667504323964}","{0: 0.5311667504323963, 1: 0.5311667504323964}",0.5311667504323964,"[[520 131]
 [485 166]]",[0. 0. 1. ... 0. 0. 0.],[0. 1. 1. ... 1. 0. 0.]
131,naive_bayes,{},0.4736934178204774,0.08367197388898319,0.032111179167634646,0.15657076961673833,0.5160555895838174,0.07828538480836916,0.4891151470678163,0.053763440860215006,0.5268817204301075,0.5268817204301075,"{0: 0.5311667504323963, 1: 0.5311667504323964}","{0: 0.5311667504323963, 1: 0.5311667504323964}",0.5311667504323964,"[[520 131]
 [485 166]]",[0. 0. 1. ... 0. 0. 0.],[0. 1. 1. ... 1. 0. 0.]
256,naive_bayes,{},0.4736934178204774,0.08367197388898319,0.032111179167634646,0.15657076961673833,0.5160555895838174,0.07828538480836916,0.4891151470678163,0.053763440860215006,0.5268817204301075,0.5268817204301075,"{0: 0.5311667504323963, 1: 0.5311667504323964}","{0: 0.5311667504323963, 1: 0.5311667504323964}",0.5311667504323964,"[[520 131]
 [485 166]]",[0. 0. 1. ... 0. 0. 0.],[0. 1. 1. ... 1. 0. 0.]
685,naive_bayes,{},0.4736934178204774,0.08367197388898319,0.032111179167634646,0.15657076961673833,0.5160555895838174,0.07828538480836916,0.4891151470678163,0.053763440860215006,0.5268817204301075,0.5268817204301075,"{0: 0.5311667504323963, 1: 0.5311667504323964}","{0: 0.5311667504323963, 1: 0.5311667504323964}",0.5311667504323964,"[[520 131]
 [485 166]]",[0. 0. 1. ... 0. 0. 0.],[0. 1. 1. ... 1. 0. 0.]
292,naive_bayes,{},0.4736934178204774,0.08367197388898319,0.032111179167634646,0.15657076961673833,0.5160555895838174,0.07828538480836916,0.4891151470678163,0.053763440860215006,0.5268817204301075,0.5268817204301075,"{0: 0.5311667504323963, 1: 0.5311667504323964}","{0: 0.5311667504323963, 1: 0.5311667504323964}",0.5311667504323964,"[[520 131]
 [485 166]]",[0. 0. 1. ... 0. 0. 0.],[0. 1. 1. ... 1. 0. 0.]
184,naive_bayes,{},0.4736934178204774,0.08367197388898319,0.032111179167634646,0.15657076961673833,0.5160555895838174,0.07828538480836916,0.4891151470678163,0.053763440860215006,0.5268817204301075,0.5268817204301075,"{0: 0.5311667504323963, 1: 0.5311667504323964}","{0: 0.5311667504323963, 1: 0.5311667504323964}",0.5311667504323964,"[[520 131]
 [485 166]]",[0. 0. 1. ... 0. 0. 0.],[0. 1. 1. ... 1. 0. 0.]
459,naive_bayes,{},0.4736934178204774,0.08367197388898319,0.032111179167634646,0.15657076961673833,0.5160555895838174,0.07828538480836916,0.4891151470678163,0.053763440860215006,0.5268817204301075,0.5268817204301075,"{0: 0.5311667504323963, 1: 0.5311667504323964}","{0: 0.5311667504323963, 1: 0.5311667504323964}",0.5311667504323964,"[[520 131]
 [485 166]]",[0. 0. 1. ... 0. 0. 0.],[0. 1. 1. ... 1. 0. 0.]
646,naive_bayes,{},0.4736934178204774,0.08367197388898319,0.032111179167634646,0.15657076961673833,0.5160555895838174,0.07828538480836916,0.4891151470678163,0.053763440860215006,0.5268817204301075,0.5268817204301075,"{0: 0.5311667504323963, 1: 0.5311667504323964}","{0: 0.5311667504323963, 1: 0.5311667504323964}",0.5311667504323964,"[[520 131]
 [485 166]]",[0. 0. 1. ... 0. 0. 0.],[0. 1. 1. ... 1. 0. 0.]
204,naive_bayes,{},0.4736934178204774,0.08367197388898319,0.032111179167634646,0.15657076961673833,0.5160555895838174,0.07828538480836916,0.4891151470678163,0.053763440860215006,0.5268817204301075,0.5268817204301075,"{0: 0.5311667504323963, 1: 0.5311667504323964}","{0: 0.5311667504323963, 1: 0.5311667504323964}",0.5311667504323964,"[[520 131]
 [485 166]]",[0. 0. 1. ... 0. 0. 0.],[0. 1. 1. ... 1. 0. 0.]
532,naive_bayes,{},0.4736934178204774,0.08367197388898319,0.032111179167634646,0.15657076961673833,0.5160555895838174,0.07828538480836916,0.4891151470678163,0.053763440860215006,0.5268817204301075,0.5268817204301075,"{0: 0.5311667504323963, 1: 0.5311667504323964}","{0: 0.5311667504323963, 1: 0.5311667504323964}",0.5311667504323964,"[[520 131]
 [485 166]]",[0. 0. 1. ... 0. 0. 0.],[0. 1. 1. ... 1. 0. 0.]
12,naive_bayes,{},0.4736934178204774,0.08367197388898319,0.032111179167634646,0.15657076961673833,0.5160555895838174,0.07828538480836916,0.4891151470678163,0.053763440860215006,0.5268817204301075,0.5268817204301075,"{0: 0.5311667504323963, 1: 0.5311667504323964}","{0: 0.5311667504323963, 1: 0.5311667504323964}",0.5311667504323964,"[[520 131]
 [485 166]]",[0. 0. 1. ... 0. 0. 0.],[0. 1. 1. ... 1. 0. 0.]
16,naive_bayes,{},0.4736934178204774,0.08367197388898319,0.032111179167634646,0.15657076961673833,0.5160555895838174,0.07828538480836916,0.4891151470678163,0.053763440860215006,0.5268817204301075,0.5268817204301075,"{0: 0.5311667504323963, 1: 0.5311667504323964}","{0: 0.5311667504323963, 1: 0.5311667504323964}",0.5311667504323964,"[[520 131]
 [485 166]]",[0. 0. 1. ... 0. 0. 0.],[0. 1. 1. ... 1. 0. 0.]
672,naive_bayes,{},0.4736934178204774,0.08367197388898319,0.032111179167634646,0.15657076961673833,0.5160555895838174,0.07828538480836916,0.4891151470678163,0.053763440860215006,0.5268817204301075,0.5268817204301075,"{0: 0.5311667504323963, 1: 0.5311667504323964}","{0: 0.5311667504323963, 1: 0.5311667504323964}",0.5311667504323964,"[[520 131]
 [485 166]]",[0. 0. 1. ... 0. 0. 0.],[0. 1. 1. ... 1. 0. 0.]
471,naive_bayes,{},0.4736934178204774,0.08367197388898319,0.032111179167634646,0.15657076961673833,0.5160555895838174,0.07828538480836916,0.4891151470678163,0.053763440860215006,0.5268817204301075,0.5268817204301075,"{0: 0.5311667504323963, 1: 0.5311667504323964}","{0: 0.5311667504323963, 1: 0.5311667504323964}",0.5311667504323964,"[[520 131]
 [485 166]]",[0. 0. 1. ... 0. 0. 0.],[0. 1. 1. ... 1. 0. 0.]
140,naive_bayes,{},0.4736934178204774,0.08367197388898319,0.032111179167634646,0.15657076961673833,0.5160555895838174,0.07828538480836916,0.4891151470678163,0.053763440860215006,0.5268817204301075,0.5268817204301075,"{0: 0.5311667504323963, 1: 0.5311667504323964}","{0: 0.5311667504323963, 1: 0.5311667504323964}",0.5311667504323964,"[[520 131]
 [485 166]]",[0. 0. 1. ... 0. 0. 0.],[0. 1. 1. ... 1. 0. 0.]
123,naive_bayes,{},0.4736934178204774,0.08367197388898319,0.032111179167634646,0.15657076961673833,0.5160555895838174,0.07828538480836916,0.4891151470678163,0.053763440860215006,0.5268817204301075,0.5268817204301075,"{0: 0.5311667504323963, 1: 0.5311667504323964}","{0: 0.5311667504323963, 1: 0.5311667504323964}",0.5311667504323964,"[[520 131]
 [485 166]]",[0. 0. 1. ... 0. 0. 0.],[0. 1. 1. ... 1. 0. 0.]
660,naive_bayes,{},0.4736934178204774,0.08367197388898319,0.032111179167634646,0.15657076961673833,0.5160555895838174,0.07828538480836916,0.4891151470678163,0.053763440860215006,0.5268817204301075,0.5268817204301075,"{0: 0.5311667504323963, 1: 0.5311667504323964}","{0: 0.5311667504323963, 1: 0.5311667504323964}",0.5311667504323964,"[[520 131]
 [485 166]]",[0. 0. 1. ... 0. 0. 0.],[0. 1. 1. ... 1. 0. 0.]
303,naive_bayes,{},0.4736934178204774,0.08367197388898319,0.032111179167634646,0.15657076961673833,0.5160555895838174,0.07828538480836916,0.4891151470678163,0.053763440860215006,0.5268817204301075,0.5268817204301075,"{0: 0.5311667504323963, 1: 0.5311667504323964}","{0: 0.5311667504323963, 1: 0.5311667504323964}",0.5311667504323964,"[[520 131]
 [485 166]]",[0. 0. 1. ... 0. 0. 0.],[0. 1. 1. ... 1. 0. 0.]
370,naive_bayes,{},0.4736934178204774,0.08367197388898319,0.032111179167634646,0.15657076961673833,0.5160555895838174,0.07828538480836916,0.4891151470678163,0.053763440860215006,0.5268817204301075,0.5268817204301075,"{0: 0.5311667504323963, 1: 0.5311667504323964}","{0: 0.5311667504323963, 1: 0.5311667504323964}",0.5311667504323964,"[[520 131]
 [485 166]]",[0. 0. 1. ... 0. 0. 0.],[0. 1. 1. ... 1. 0. 0.]
392,naive_bayes,{},0.4736934178204774,0.08367197388898319,0.032111179167634646,0.15657076961673833,0.5160555895838174,0.07828538480836916,0.4891151470678163,0.053763440860215006,0.5268817204301075,0.5268817204301075,"{0: 0.5311667504323963, 1: 0.5311667504323964}","{0: 0.5311667504323963, 1: 0.5311667504323964}",0.5311667504323964,"[[520 131]
 [485 166]]",[0. 0. 1. ... 0. 0. 0.],[0. 1. 1. ... 1. 0. 0.]
340,AdaBoost,"{'algorithm': 'SAMME.R', 'learning_rate': 2.304081632653061, 'n_estimators': 63}",0.37902660696070745,0.05395285101440419,0.03205190380394871,0.0586183161949759,0.5160259519019744,0.029309158097487943,0.4339503326526579,0.03686635944700456,0.5184331797235023,0.5184331797235023,"{0: 0.5157078440116942, 1: 0.5157078440116941}","{0: 0.5157078440116942, 1: 0.5157078440116941}",0.5157078440116941,"[[589  62]
 [565  86]]",[0. 0. 0. ... 0. 0. 0.],[0. 1. 1. ... 1. 0. 0.]
283,AdaBoost,"{'algorithm': 'SAMME', 'learning_rate': 4.018367346938775, 'n_estimators': 85}",0.3691537009394929,0.03885599895401211,0.031541225396718574,0.03970751498862064,0.5157706126983593,0.019853757494310325,0.3702474131501427,0.030721966205837226,0.5153609831029186,0.5153609831029186,"{0: 0.5252205634248149, 1: 0.5252205634248149}","{0: 0.5252205634248149, 1: 0.5252205634248149}",0.5252205634248149,"[[648   3]
 [628  23]]",[0. 0. 0. ... 0. 0. 0.],[0. 1. 1. ... 1. 0. 0.]
839,AdaBoost,"{'algorithm': 'SAMME', 'learning_rate': 3.8551020408163263, 'n_estimators': 41}",0.3691537009394929,0.03885599895401211,0.031541225396718574,0.03970751498862064,0.5157706126983593,0.019853757494310325,0.3702474131501427,0.030721966205837226,0.5153609831029186,0.5153609831029186,"{0: 0.5247569024141048, 1: 0.5247569024141047}","{0: 0.5247569024141048, 1: 0.5247569024141047}",0.5247569024141047,"[[648   3]
 [628  23]]",[0. 0. 0. ... 0. 0. 0.],[0. 1. 1. ... 1. 0. 0.]
365,randomforest,"{'criterion': 'entropy', 'max_features': 'log2', 'n_estimators': 559}",0.5088515405044222,0.09899629760939982,0.031189385846482884,0.20137382877195717,0.5155946929232416,0.1006869143859786,0.5176241548971717,0.03533026113671278,0.5176651305683564,0.5176651305683564,"{0: 0.5337505102630715, 1: 0.5337505102630715}","{0: 0.5337505102630715, 1: 0.5337505102630715}",0.5337505102630715,"[[343 308]
 [320 331]]",[0. 1. 1. ... 0. 1. 1.],[0. 1. 1. ... 1. 0. 0.]
721,randomforest,"{'criterion': 'gini', 'max_features': None, 'n_estimators': 257}",0.5086698925435593,0.08635787215658776,0.031013860173292235,0.1659003637711839,0.515506930086646,0.08295018188559196,0.5184260777180463,0.03686635944700456,0.5184331797235023,0.5184331797235022,"{0: 0.5234980568710315, 1: 0.5234980568710315}","{0: 0.5234980568710315, 1: 0.5234980568710315}",0.5234980568710315,"[[335 316]
 [311 340]]",[0. 1. 1. ... 0. 1. 1.],[0. 1. 1. ... 1. 0. 0.]
41,randomforest,"{'criterion': 'entropy', 'max_features': None, 'n_estimators': 207}",0.5099069511304077,0.10462700744014627,0.030961466294915998,0.21323895520205075,0.515480733147458,0.10661947760102537,0.5145196194809516,0.029185867895545337,0.5145929339477726,0.5145929339477726,"{0: 0.5336171929750048, 1: 0.5336171929750048}","{0: 0.5336171929750048, 1: 0.5336171929750048}",0.5336171929750048,"[[343 308]
 [324 327]]",[0. 1. 1. ... 0. 1. 1.],[0. 1. 1. ... 1. 0. 0.]
182,SVC,"{'C': 1000, 'gamma': 0.1, 'kernel': 'rbf'}",0.49449455385595764,0.07740857802432663,0.03095871765469387,0.12352601150311963,0.515479358827347,0.06176300575155982,0.5132477367141307,0.03993855606758834,0.5199692780337941,0.5199692780337942,"{0: 0.5071165476249466, 1: 0.5071165476249466}","{0: 0.5071165476249466, 1: 0.5071165476249466}",0.5071165476249466,"[[415 236]
 [389 262]]",[0. 1. 0. ... 0. 0. 1.],[0. 1. 1. ... 1. 0. 0.]
7,SVC,"{'C': 1000, 'gamma': 1, 'kernel': 'sigmoid'}",0.4730290351759588,0.08843202683057066,0.03062311405070025,0.11705074650176163,0.5153115570253501,0.05852537325088081,0.4943389609275003,0.03379416282642089,0.5168970814132104,0.5168970814132104,"{0: 0.5194890998369518, 1: 0.5194890998369518}","{0: 0.5194890998369518, 1: 0.5194890998369518}",0.5194890998369518,"[[474 177]
 [452 199]]",[0. 0. 0. ... 0. 0. 0.],[0. 1. 1. ... 1. 0. 0.]
740,AdaBoost,"{'algorithm': 'SAMME.R', 'learning_rate': 2.059183673469388, 'n_estimators': 63}",0.434136328362518,0.08440994105008591,0.030047111141379743,0.1275136453089026,0.5150235555706899,0.06375682265445129,0.49553624480095065,0.03840245775729645,0.5192012288786483,0.5192012288786483,"{0: 0.5255096141821279, 1: 0.5255096141821279}","{0: 0.5255096141821279, 1: 0.5255096141821279}",0.5255096141821279,"[[479 172]
 [454 197]]",[0. 1. 0. ... 0. 0. 0.],[0. 1. 1. ... 1. 0. 0.]
831,randomforest,"{'criterion': 'gini', 'max_features': None, 'n_estimators': 325}",0.510580920818962,0.08045180050346017,0.030043487870498584,0.1628063654908535,0.5150217439352494,0.08140318274542675,0.5176605780597786,0.03533026113671278,0.5176651305683564,0.5176651305683564,"{0: 0.5290419324163935, 1: 0.5290419324163935}","{0: 0.5290419324163935, 1: 0.5290419324163935}",0.5290419324163935,"[[339 312]
 [316 335]]",[0. 1. 1. ... 0. 1. 1.],[0. 1. 1. ... 1. 0. 0.]
994,AdaBoost,"{'algorithm': 'SAMME.R', 'learning_rate': 2.7122448979591836, 'n_estimators': 63}",0.3747803217480912,0.049950250004847915,0.029672468390030536,0.05720217647697834,0.5148362341950152,0.028601088238489152,0.38046105442009615,0.03379416282642089,0.5168970814132104,0.5168970814132104,"{0: 0.4966234152349805, 1: 0.49662341523498055}","{0: 0.4966234152349805, 1: 0.49662341523498055}",0.49662341523498055,"[[642   9]
 [620  31]]",[0. 0. 0. ... 0. 0. 0.],[0. 1. 1. ... 1. 0. 0.]
305,AdaBoost,"{'algorithm': 'SAMME.R', 'learning_rate': 2.7122448979591836, 'n_estimators': 63}",0.3747803217480912,0.049950250004847915,0.029672468390030536,0.05720217647697834,0.5148362341950152,0.028601088238489152,0.38046105442009615,0.03379416282642089,0.5168970814132104,0.5168970814132104,"{0: 0.4966234152349805, 1: 0.49662341523498055}","{0: 0.4966234152349805, 1: 0.49662341523498055}",0.49662341523498055,"[[642   9]
 [620  31]]",[0. 0. 0. ... 0. 0. 0.],[0. 1. 1. ... 1. 0. 0.]
972,randomforest,"{'criterion': 'gini', 'max_features': 'log2', 'n_estimators': 55}",0.5094011281046977,0.09148867613813368,0.029318241129043535,0.18182565642457546,0.5146591205645218,0.09091282821228773,0.5097579112616707,0.019969278033794113,0.5099846390168971,0.5099846390168971,"{0: 0.5244867284409428, 1: 0.5244867284409428}","{0: 0.5244867284409428, 1: 0.5244867284409428}",0.5244867284409428,"[[318 333]
 [305 346]]",[0. 1. 1. ... 0. 1. 0.],[0. 1. 1. ... 1. 0. 0.]
958,randomforest,"{'criterion': 'entropy', 'max_features': None, 'n_estimators': 367}",0.5085281162053095,0.11431716015980631,0.02922033735955148,0.22592945462398112,0.5146101686797758,0.11296472731199057,0.5183692541323521,0.03686635944700456,0.5184331797235023,0.5184331797235023,"{0: 0.5270445326934103, 1: 0.5270445326934103}","{0: 0.5270445326934103, 1: 0.5270445326934103}",0.5270445326934103,"[[345 306]
 [321 330]]",[0. 1. 1. ... 0. 1. 1.],[0. 1. 1. ... 1. 0. 0.]
169,AdaBoost,"{'algorithm': 'SAMME.R', 'learning_rate': 3.5285714285714285, 'n_estimators': 74}",0.37090550083148455,0.04775460663527276,0.028379738131783044,0.049406108182813616,0.5141898690658915,0.024703054091406804,0.429541744463709,0.030721966205837226,0.5153609831029186,0.5153609831029186,"{0: 0.5080037564800461, 1: 0.508003756480046}","{0: 0.5080037564800461, 1: 0.508003756480046}",0.508003756480046,"[[588  63]
 [568  83]]",[0. 0. 0. ... 0. 0. 0.],[0. 1. 1. ... 1. 0. 0.]
36,randomforest,"{'criterion': 'gini', 'max_features': None, 'n_estimators': 117}",0.5068378016583289,0.10945290985773141,0.028005070183635218,0.21517458297392666,0.5140025350918176,0.10758729148696333,0.5222632800996715,0.044546850998463894,0.522273425499232,0.522273425499232,"{0: 0.5275117331011488, 1: 0.5275117331011488}","{0: 0.5275117331011488, 1: 0.5275117331011488}",0.5275117331011488,"[[343 308]
 [314 337]]",[0. 1. 1. ... 0. 1. 1.],[0. 1. 1. ... 1. 0. 0.]
254,randomforest,"{'criterion': 'gini', 'max_features': None, 'n_estimators': 499}",0.506594130383977,0.1141558896887489,0.02763824375441905,0.22237727372459093,0.5138191218772095,0.11118863686229546,0.5191286104352464,0.03840245775729645,0.5192012288786483,0.5192012288786483,"{0: 0.5241622837133466, 1: 0.5241622837133466}","{0: 0.5241622837133466, 1: 0.5241622837133466}",0.5241622837133466,"[[346 305]
 [321 330]]",[0. 1. 1. ... 0. 1. 1.],[0. 1. 1. ... 1. 0. 0.]
64,randomforest,"{'criterion': 'gini', 'max_features': 'sqrt', 'n_estimators': 311}",0.5085427188871192,0.09765238996847667,0.027512292881763153,0.19744097770319102,0.5137561464408816,0.09872048885159551,0.5191830763240795,0.03840245775729645,0.5192012288786483,0.5192012288786483,"{0: 0.5369843393479486, 1: 0.5369843393479488}","{0: 0.5369843393479486, 1: 0.5369843393479488}",0.5369843393479488,"[[342 309]
 [317 334]]",[0. 1. 1. ... 0. 1. 1.],[0. 1. 1. ... 1. 0. 0.]
479,randomforest,"{'criterion': 'entropy', 'max_features': 'log2', 'n_estimators': 337}",0.5078766487384235,0.08005408607308594,0.027336815619640287,0.1622634441553611,0.5136684078098201,0.08113172207768055,0.5176093564160169,0.03533026113671278,0.5176651305683564,0.5176651305683564,"{0: 0.5358847666711499, 1: 0.5358847666711499}","{0: 0.5358847666711499, 1: 0.5358847666711499}",0.5358847666711499,"[[344 307]
 [321 330]]",[0. 1. 1. ... 0. 1. 1.],[0. 1. 1. ... 1. 0. 0.]
634,SVC,"{'C': 1, 'gamma': 0.0001, 'kernel': 'rbf'}",0.36373284726427074,0.08429287419426562,0.027176470588235295,0.09053199170730394,0.5135882352941177,0.045265995853651965,0.44896766692262347,0.015360983102918557,0.5076804915514593,0.5076804915514593,"{0: 0.4874846921078526, 1: 0.4874846921078524}","{0: 0.4874846921078526, 1: 0.4874846921078524}",0.4874846921078524,"[[543 108]
 [533 118]]",[1. 1. 1. ... 0. 0. 0.],[0. 1. 1. ... 1. 0. 0.]
208,SVC,"{'C': 10, 'gamma': 0.0001, 'kernel': 'rbf'}",0.4332892513773491,0.10449722942199761,0.027012660256605724,0.1421684561031227,0.5135063301283028,0.07108422805156137,0.4674082313681868,0.03686635944700456,0.5184331797235023,0.5184331797235023,"{0: 0.5146790592754619, 1: 0.5146790592754619}","{0: 0.5146790592754619, 1: 0.5146790592754619}",0.5146790592754619,"[[539 112]
 [515 136]]",[0. 0. 0. ... 0. 0. 0.],[0. 1. 1. ... 1. 0. 0.]
294,AdaBoost,"{'algorithm': 'SAMME', 'learning_rate': 3.7734693877551018, 'n_estimators': 41}",0.3644628273154939,0.035893727937023806,0.02694848417607038,0.03562290451727191,0.5134742420880353,0.01781145225863596,0.3670364610333506,0.027649769585253448,0.5138248847926268,0.5138248847926268,"{0: 0.5246778558804722, 1: 0.5246778558804721}","{0: 0.5246778558804722, 1: 0.5246778558804721}",0.5246778558804721,"[[648   3]
 [630  21]]",[0. 0. 0. ... 0. 0. 0.],[0. 1. 1. ... 1. 0. 0.]
129,randomforest,"{'criterion': 'gini', 'max_features': None, 'n_estimators': 563}",0.5066006621655719,0.11129449965328997,0.026935367007813828,0.22214754646950038,0.5134676835039069,0.1110737732347502,0.5107523995651259,0.021505376344086002,0.510752688172043,0.510752688172043,"{0: 0.5291787891014886, 1: 0.5291787891014886}","{0: 0.5291787891014886, 1: 0.5291787891014886}",0.5291787891014886,"[[333 318]
 [319 332]]",[0. 1. 1. ... 0. 1. 1.],[0. 1. 1. ... 1. 0. 0.]
250,SVC,"{'C': 1, 'gamma': 1, 'kernel': 'sigmoid'}",0.48407599402401336,0.09780390199392458,0.026556980127365532,0.16573815273503498,0.5132784900636829,0.08286907636751749,0.4972680738834718,0.030721966205837226,0.5153609831029186,0.5153609831029186,"{0: 0.5153385669217392, 1: 0.5153385669217393}","{0: 0.5153385669217392, 1: 0.5153385669217393}",0.5153385669217393,"[[459 192]
 [439 212]]",[0. 0. 0. ... 0. 1. 0.],[0. 1. 1. ... 1. 0. 0.]
902,randomforest,"{'criterion': 'entropy', 'max_features': 'sqrt', 'n_estimators': 529}",0.5080128956800324,0.1027515309136273,0.026529744381077004,0.20288875489441474,0.5132648721905384,0.10144437744720737,0.5199350120318592,0.03993855606758834,0.5199692780337941,0.5199692780337941,"{0: 0.5347191252498225, 1: 0.5347191252498225}","{0: 0.5347191252498225, 1: 0.5347191252498225}",0.5347191252498225,"[[344 307]
 [318 333]]",[0. 1. 1. ... 0. 1. 1.],[0. 1. 1. ... 1. 0. 0.]
426,AdaBoost,"{'algorithm': 'SAMME', 'learning_rate': 3.3653061224489793, 'n_estimators': 41}",0.3632656379179208,0.03626268610531442,0.02583737306495926,0.035873409901986786,0.5129186865324796,0.017936704950993396,0.3670364610333506,0.027649769585253448,0.5138248847926268,0.5138248847926268,"{0: 0.517233324130901, 1: 0.5172333241309011}","{0: 0.517233324130901, 1: 0.5172333241309011}",0.5172333241309011,"[[648   3]
 [630  21]]",[0. 0. 0. ... 0. 0. 0.],[0. 1. 1. ... 1. 0. 0.]
454,SVC,"{'C': 100, 'gamma': 0.1, 'kernel': 'sigmoid'}",0.44948246245388296,0.08204436767729004,0.025801207253115365,0.11161078339545473,0.5129006036265578,0.05580539169772738,0.4738505623039477,0.03686635944700456,0.5184331797235023,0.5184331797235023,"{0: 0.5203574319079002, 1: 0.5203574319079002}","{0: 0.5203574319079002, 1: 0.5203574319079002}",0.5203574319079002,"[[527 124]
 [503 148]]",[0. 1. 1. ... 0. 0. 0.],[0. 1. 1. ... 1. 0. 0.]
615,randomforest,"{'criterion': 'gini', 'max_features': 'log2', 'n_estimators': 99}",0.5038246431770509,0.08454868769331605,0.025735045489826382,0.1740936467723707,0.5128675227449131,0.08704682338618537,0.5199667294912974,0.03993855606758834,0.5199692780337941,0.5199692780337941,"{0: 0.5386053831869204, 1: 0.5386053831869202}","{0: 0.5386053831869204, 1: 0.5386053831869202}",0.5386053831869202,"[[340 311]
 [314 337]]",[0. 1. 1. ... 0. 1. 1.],[0. 1. 1. ... 1. 0. 0.]
166,SVC,"{'C': 1, 'gamma': 0.001, 'kernel': 'rbf'}",0.43512584301612833,0.09361418653374627,0.025569078886688204,0.10447053293377492,0.5127845394433441,0.05223526646688746,0.4680302933876408,0.01382488479262678,0.5069124423963134,0.5069124423963134,"{0: 0.5033600675788873, 1: 0.5033600675788872}","{0: 0.5033600675788873, 1: 0.5033600675788872}",0.5033600675788872,"[[506 145]
 [497 154]]",[0. 0. 0. ... 0. 0. 0.],[0. 1. 1. ... 1. 0. 0.]
54,randomforest,"{'criterion': 'entropy', 'max_features': None, 'n_estimators': 179}",0.5064882565982529,0.09077285566888214,0.02555309830952078,0.17946778951451878,0.5127765491547603,0.0897338947572594,0.512274688745277,0.02457757296466978,0.5122887864823349,0.5122887864823349,"{0: 0.5258812508701017, 1: 0.5258812508701018}","{0: 0.5258812508701017, 1: 0.5258812508701018}",0.5258812508701018,"[[337 314]
 [321 330]]",[0. 1. 1. ... 0. 1. 1.],[0. 1. 1. ... 1. 0. 0.]
662,AdaBoost,"{'algorithm': 'SAMME.R', 'learning_rate': 3.2020408163265306, 'n_estimators': 74}",0.37009180425142335,0.04838389079043464,0.025046404798449707,0.05443799328885208,0.5125232023992248,0.02721899664442603,0.4285335894244537,0.027649769585253448,0.5138248847926268,0.5138248847926268,"{0: 0.5061243366580069, 1: 0.5061243366580069}","{0: 0.5061243366580069, 1: 0.5061243366580069}",0.5061243366580069,"[[586  65]
 [568  83]]",[0. 0. 0. ... 0. 0. 0.],[0. 1. 1. ... 1. 0. 0.]
273,AdaBoost,"{'algorithm': 'SAMME.R', 'learning_rate': 2.8755102040816327, 'n_estimators': 74}",0.37009180425142335,0.04838389079043464,0.025046404798449707,0.05443799328885208,0.5125232023992248,0.02721899664442603,0.4285335894244537,0.027649769585253448,0.5138248847926268,0.5138248847926268,"{0: 0.5052701621751718, 1: 0.5052701621751718}","{0: 0.5052701621751718, 1: 0.5052701621751718}",0.5052701621751718,"[[586  65]
 [568  83]]",[0. 0. 0. ... 0. 0. 0.],[0. 1. 1. ... 1. 0. 0.]
462,AdaBoost,"{'algorithm': 'SAMME.R', 'learning_rate': 2.957142857142857, 'n_estimators': 74}",0.37009180425142335,0.04838389079043464,0.025046404798449707,0.05443799328885208,0.5125232023992248,0.02721899664442603,0.4285335894244537,0.027649769585253448,0.5138248847926268,0.5138248847926268,"{0: 0.5057161262007404, 1: 0.5057161262007404}","{0: 0.5057161262007404, 1: 0.5057161262007404}",0.5057161262007404,"[[586  65]
 [568  83]]",[0. 0. 0. ... 0. 0. 0.],[0. 1. 1. ... 1. 0. 0.]
677,SVC,"{'C': 100, 'gamma': 0.1, 'kernel': 'rbf'}",0.5009149062921727,0.08377751994831313,0.025039665955350666,0.15500852811058816,0.5125198329776753,0.07750426405529406,0.5120283866490859,0.027649769585253448,0.5138248847926268,0.5138248847926268,"{0: 0.5144773136448475, 1: 0.5144773136448475}","{0: 0.5144773136448475, 1: 0.5144773136448475}",0.5144773136448475,"[[374 277]
 [356 295]]",[0. 1. 1. ... 0. 1. 1.],[0. 1. 1. ... 1. 0. 0.]
278,randomforest,"{'criterion': 'entropy', 'max_features': 'sqrt', 'n_estimators': 583}",0.5059119857445648,0.10163103547790253,0.025012242120775546,0.2022183294620133,0.5125061210603878,0.10110916473100666,0.5192000943841434,0.03840245775729645,0.5192012288786483,0.5192012288786483,"{0: 0.5302748223812591, 1: 0.5302748223812591}","{0: 0.5302748223812591, 1: 0.5302748223812591}",0.5302748223812591,"[[339 312]
 [314 337]]",[0. 1. 1. ... 0. 1. 1.],[0. 1. 1. ... 1. 0. 0.]
108,randomforest,"{'criterion': 'gini', 'max_features': None, 'n_estimators': 463}",0.5067854797130263,0.0927685231901259,0.02484226070262205,0.182518446010848,0.5124211303513111,0.09125922300542401,0.5130464945067391,0.02611367127496156,0.5130568356374808,0.5130568356374807,"{0: 0.5323194140646199, 1: 0.5323194140646199}","{0: 0.5323194140646199, 1: 0.5323194140646199}",0.5323194140646199,"[[337 314]
 [320 331]]",[0. 1. 1. ... 0. 1. 1.],[0. 1. 1. ... 1. 0. 0.]
231,SVC,"{'C': 10, 'gamma': 0.0001, 'kernel': 'rbf'}",0.45526758735426726,0.08396584417018606,0.024824781334060075,0.14577758948853975,0.51241239066703,0.07288879474426986,0.4698461770035488,0.027649769585253448,0.5138248847926268,0.5138248847926267,"{0: 0.5317118175747579, 1: 0.5317118175747579}","{0: 0.5317118175747579, 1: 0.5317118175747579}",0.5317118175747579,"[[522 129]
 [504 147]]",[0. 0. 1. ... 0. 0. 0.],[0. 1. 1. ... 1. 0. 0.]
993,SVC,"{'C': 100, 'gamma': 0.1, 'kernel': 'rbf'}",0.5000950855930631,0.083608874892901,0.024628011098259694,0.15503533017764481,0.5123140055491299,0.07751766508882241,0.5123653301411589,0.029185867895545337,0.5145929339477726,0.5145929339477726,"{0: 0.5131063871958773, 1: 0.5131063871958773}","{0: 0.5131063871958773, 1: 0.5131063871958773}",0.5131063871958773,"[[379 272]
 [360 291]]",[0. 1. 1. ... 0. 1. 1.],[0. 1. 1. ... 1. 0. 0.]
467,randomforest,"{'criterion': 'gini', 'max_features': None, 'n_estimators': 427}",0.5072290570296184,0.08921197371691288,0.024464594730465757,0.17468742743945798,0.5122322973652328,0.087343713719729,0.5145883524423249,0.029185867895545337,0.5145929339477726,0.5145929339477726,"{0: 0.5304435336396092, 1: 0.5304435336396092}","{0: 0.5304435336396092, 1: 0.5304435336396092}",0.5304435336396092,"[[333 318]
 [314 337]]",[0. 1. 1. ... 0. 1. 1.],[0. 1. 1. ... 1. 0. 0.]
810,SVC,"{'C': 1, 'gamma': 0.0001, 'kernel': 'rbf'}",0.38539531284979495,0.08756432133135832,0.024189790601555305,0.08168701115020426,0.5120948953007777,0.04084350557510213,0.44803282303282305,0.007680491551459334,0.5038402457757296,0.5038402457757296,"{0: 0.4934344185124623, 1: 0.49343441851246217}","{0: 0.4934344185124623, 1: 0.49343441851246217}",0.49343441851246217,"[[535 116]
 [530 121]]",[0. 0. 0. ... 0. 0. 0.],[0. 1. 1. ... 1. 0. 0.]
431,randomforest,"{'criterion': 'gini', 'max_features': None, 'n_estimators': 103}",0.506516499407039,0.08662043673088267,0.02354110291966795,0.17354391000929095,0.5117705514598341,0.08677195500464548,0.5191910182353607,0.03840245775729645,0.5192012288786483,0.5192012288786483,"{0: 0.5358493727008669, 1: 0.5358493727008667}","{0: 0.5358493727008669, 1: 0.5358493727008667}",0.5358493727008667,"[[341 310]
 [316 335]]",[0. 1. 1. ... 0. 1. 1.],[0. 1. 1. ... 1. 0. 0.]
535,AdaBoost,"{'algorithm': 'SAMME.R', 'learning_rate': 3.446938775510204, 'n_estimators': 63}",0.37026302381164905,0.04835997936930892,0.023379738131783047,0.05766073973762141,0.5116898690658914,0.028830369868810705,0.41951687202307747,0.019969278033794113,0.5099846390168971,0.5099846390168971,"{0: 0.5125176674901664, 1: 0.5125176674901664}","{0: 0.5125176674901664, 1: 0.5125176674901664}",0.5125176674901664,"[[589  62]
 [576  75]]",[0. 0. 0. ... 0. 0. 0.],[0. 1. 1. ... 1. 0. 0.]
909,AdaBoost,"{'algorithm': 'SAMME.R', 'learning_rate': 2.630612244897959, 'n_estimators': 85}",0.37259789181314706,0.05120749764528432,0.023243896961459107,0.06470119952475797,0.5116219484807296,0.03235059976237898,0.4211736571008094,0.019969278033794113,0.5099846390168971,0.5099846390168971,"{0: 0.4954707516027569, 1: 0.49547075160275694}","{0: 0.4954707516027569, 1: 0.49547075160275694}",0.49547075160275694,"[[587  64]
 [574  77]]",[0. 0. 0. ... 0. 0. 0.],[0. 1. 1. ... 1. 0. 0.]
832,SVC,"{'C': 10, 'gamma': 0.0001, 'kernel': 'rbf'}",0.43425509167359033,0.09289165369475205,0.022971312868675948,0.12563626152867996,0.511485656434338,0.06281813076434,0.4471739791801696,0.01382488479262678,0.5069124423963134,0.5069124423963134,"{0: 0.5162328545708953, 1: 0.5162328545708953}","{0: 0.5162328545708953, 1: 0.5162328545708953}",0.5162328545708953,"[[544 107]
 [535 116]]",[0. 0. 0. ... 0. 0. 0.],[0. 1. 1. ... 1. 0. 0.]
128,knn,{'n_neighbors': 21},0.5050831186826874,0.07615245407299215,0.022892443960767936,0.15010791135901883,0.511446221980384,0.0750539556795094,0.509088881454221,0.018433179723502335,0.5092165898617511,0.5092165898617511,"{0: 0.5304895458009773, 1: 0.5304895458009774}","{0: 0.5304895458009773, 1: 0.5304895458009774}",0.5304895458009774,"[[342 309]
 [330 321]]",[0. 1. 0. ... 0. 1. 1.],[0. 1. 1. ... 1. 0. 0.]
478,knn,{'n_neighbors': 21},0.5050831186826874,0.07615245407299215,0.022892443960767936,0.15010791135901883,0.511446221980384,0.0750539556795094,0.509088881454221,0.018433179723502335,0.5092165898617511,0.5092165898617511,"{0: 0.5304895458009773, 1: 0.5304895458009774}","{0: 0.5304895458009773, 1: 0.5304895458009774}",0.5304895458009774,"[[342 309]
 [330 321]]",[0. 1. 0. ... 0. 1. 1.],[0. 1. 1. ... 1. 0. 0.]
744,knn,{'n_neighbors': 21},0.5050831186826874,0.07615245407299215,0.022892443960767936,0.15010791135901883,0.511446221980384,0.0750539556795094,0.509088881454221,0.018433179723502335,0.5092165898617511,0.5092165898617511,"{0: 0.5304895458009773, 1: 0.5304895458009774}","{0: 0.5304895458009773, 1: 0.5304895458009774}",0.5304895458009774,"[[342 309]
 [330 321]]",[0. 1. 0. ... 0. 1. 1.],[0. 1. 1. ... 1. 0. 0.]
338,SVC,"{'C': 100, 'gamma': 0.1, 'kernel': 'rbf'}",0.5002797174218467,0.08194373346931486,0.022614710518630513,0.15106690163994896,0.5113073552593153,0.07553345081997447,0.5101046912271402,0.02304147465437789,0.511520737327189,0.511520737327189,"{0: 0.5163060021094806, 1: 0.5163060021094806}","{0: 0.5163060021094806, 1: 0.5163060021094806}",0.5163060021094806,"[[368 283]
 [353 298]]",[0. 1. 1. ... 0. 1. 1.],[0. 1. 1. ... 1. 0. 0.]
121,SVC,"{'C': 100, 'gamma': 0.1, 'kernel': 'rbf'}",0.500098957125185,0.0802765222024912,0.022503795826867668,0.14791424934459654,0.5112518979134338,0.07395712467229827,0.5112114845772512,0.02611367127496156,0.5130568356374808,0.5130568356374808,"{0: 0.5145280450022535, 1: 0.5145280450022534}","{0: 0.5145280450022535, 1: 0.5145280450022534}",0.5145280450022534,"[[374 277]
 [357 294]]",[0. 1. 1. ... 0. 1. 1.],[0. 1. 1. ... 1. 0. 0.]
676,SVC,"{'C': 0.1, 'gamma': 0.0001, 'kernel': 'rbf'}",0.36789593961114003,0.0926844563366611,0.021714285714285707,0.1115898710444989,0.5108571428571429,0.05579493552224944,0.46726677577741416,0.016897081413210446,0.5084485407066052,0.5084485407066053,"{0: 0.5048006021694144, 1: 0.5048006021694145}","{0: 0.5048006021694144, 1: 0.5048006021694145}",0.5048006021694145,"[[512 139]
 [501 150]]",[1. 1. 1. ... 0. 0. 0.],[0. 1. 1. ... 1. 0. 0.]
655,SVC,"{'C': 0.1, 'gamma': 0.1, 'kernel': 'sigmoid'}",0.48455388281598827,0.1026594693422815,0.02156340586290111,0.1828867479956481,0.5107817029314505,0.09144337399782405,0.5029020691152656,0.027649769585253448,0.5138248847926268,0.5138248847926268,"{0: 0.5164121840203303, 1: 0.5164121840203303}","{0: 0.5164121840203303, 1: 0.5164121840203303}",0.5164121840203303,"[[431 220]
 [413 238]]",[0. 1. 0. ... 0. 0. 0.],[0. 1. 1. ... 1. 0. 0.]
386,SVC,"{'C': 100, 'gamma': 0.01, 'kernel': 'sigmoid'}",0.3944196083285484,0.06963627695802323,0.021047183717111548,0.10532641648679433,0.5105235918585558,0.05266320824339717,0.408675372124004,0.03379416282642089,0.5168970814132104,0.5168970814132104,"{0: 0.5137104442887109, 1: 0.5137104442887112}","{0: 0.5137104442887109, 1: 0.5137104442887112}",0.5137104442887112,"[[615  36]
 [593  58]]",[0. 0. 0. ... 0. 0. 0.],[0. 1. 1. ... 1. 0. 0.]
436,SVC,"{'C': 100, 'gamma': 0.1, 'kernel': 'rbf'}",0.49886876747012043,0.0803535216271955,0.020672441319160503,0.14809335557738315,0.5103362206595802,0.07404667778869159,0.5092098527997633,0.021505376344086002,0.510752688172043,0.510752688172043,"{0: 0.5153951972741924, 1: 0.5153951972741924}","{0: 0.5153951972741924, 1: 0.5153951972741924}",0.5153951972741924,"[[369 282]
 [355 296]]",[0. 1. 1. ... 0. 1. 1.],[0. 1. 1. ... 1. 0. 0.]
559,AdaBoost,"{'algorithm': 'SAMME.R', 'learning_rate': 3.936734693877551, 'n_estimators': 30}",0.3630389233851849,0.04931556236451965,0.02028778410879454,0.048434120051038775,0.5101438920543973,0.024217060025519384,0.3789014583617282,0.032258064516129004,0.5161290322580645,0.5161290322580645,"{0: 0.5105474031444003, 1: 0.5105474031444004}","{0: 0.5105474031444003, 1: 0.5105474031444004}",0.5105474031444004,"[[642   9]
 [621  30]]",[0. 0. 0. ... 0. 0. 0.],[0. 1. 1. ... 1. 0. 0.]
659,SVC,"{'C': 10, 'gamma': 0.0001, 'kernel': 'rbf'}",0.4327586907440042,0.0831853552167037,0.02017906871383921,0.1028735756100678,0.5100895343569196,0.05143678780503391,0.4696875198879909,0.016897081413210446,0.5084485407066052,0.5084485407066052,"{0: 0.5246117871359435, 1: 0.5246117871359435}","{0: 0.5246117871359435, 1: 0.5246117871359435}",0.5246117871359435,"[[507 144]
 [496 155]]",[0. 0. 0. ... 0. 0. 0.],[0. 1. 1. ... 1. 0. 0.]
716,SVC,"{'C': 0.1, 'gamma': 0.1, 'kernel': 'sigmoid'}",0.4879477382188317,0.11029230537598919,0.01993188805271452,0.2140932465630011,0.5099659440263572,0.10704662328150058,0.5040310914807029,0.029185867895545337,0.5145929339477726,0.5145929339477726,"{0: 0.5101061583148695, 1: 0.5101061583148694}","{0: 0.5101061583148695, 1: 0.5101061583148694}",0.5101061583148694,"[[430 221]
 [411 240]]",[0. 0. 0. ... 0. 0. 0.],[0. 1. 1. ... 1. 0. 0.]
675,AdaBoost,"{'algorithm': 'SAMME', 'learning_rate': 1.5693877551020408, 'n_estimators': 63}",0.5033218512432872,0.10616593518551475,0.019417011765471604,0.2028633431667583,0.5097085058827358,0.10143167158337918,0.5185468722310826,0.03840245775729645,0.5192012288786483,0.5192012288786483,"{0: 0.5115266363222362, 1: 0.5115266363222362}","{0: 0.5115266363222362, 1: 0.5115266363222362}",0.5115266363222362,"[[362 289]
 [337 314]]",[1. 0. 0. ... 0. 1. 0.],[0. 1. 1. ... 1. 0. 0.]
772,randomforest,"{'criterion': 'gini', 'max_features': 'sqrt', 'n_estimators': 449}",0.503790916511543,0.09399329782348012,0.019353239909407644,0.1872267515272577,0.5096766199547038,0.09361337576362885,0.5183988040703611,0.03686635944700456,0.5184331797235023,0.5184331797235022,"{0: 0.529848914938851, 1: 0.529848914938851}","{0: 0.529848914938851, 1: 0.529848914938851}",0.529848914938851,"[[343 308]
 [319 332]]",[0. 1. 1. ... 0. 1. 1.],[0. 1. 1. ... 1. 0. 0.]
450,AdaBoost,"{'algorithm': 'SAMME', 'learning_rate': 0.26326530612244897, 'n_estimators': 63}",0.40734456541350594,0.07593729250437838,0.019130906592654782,0.08593084830135829,0.5095654532963274,0.04296542415067914,0.4326797385620915,0.021505376344086002,0.510752688172043,0.510752688172043,"{0: 0.5068782282250396, 1: 0.5068782282250396}","{0: 0.5068782282250396, 1: 0.5068782282250396}",0.5068782282250396,"[[574  77]
 [560  91]]",[0. 0. 0. ... 0. 0. 0.],[0. 1. 1. ... 1. 0. 0.]
540,randomforest,"{'criterion': 'gini', 'max_features': None, 'n_estimators': 93}",0.5020644540676461,0.11724133108231395,0.01853213350331138,0.2307135349359028,0.5092660667516558,0.1153567674679514,0.5122884987815619,0.02457757296466978,0.5122887864823349,0.5122887864823349,"{0: 0.5283505701968613, 1: 0.5283505701968613}","{0: 0.5283505701968613, 1: 0.5283505701968613}",0.5283505701968613,"[[334 317]
 [318 333]]",[0. 1. 1. ... 0. 1. 0.],[0. 1. 1. ... 1. 0. 0.]
107,SVC,"{'C': 100, 'gamma': 0.1, 'kernel': 'rbf'}",0.4980396814791642,0.08401384225773469,0.01837825177434593,0.15568465587185948,0.509189125887173,0.07784232793592975,0.5074940433026003,0.018433179723502335,0.5092165898617511,0.5092165898617511,"{0: 0.5177618740871305, 1: 0.5177618740871305}","{0: 0.5177618740871305, 1: 0.5177618740871305}",0.5177618740871305,"[[370 281]
 [358 293]]",[0. 1. 1. ... 0. 1. 1.],[0. 1. 1. ... 1. 0. 0.]
601,SVC,"{'C': 10, 'gamma': 0.0001, 'kernel': 'rbf'}",0.4569258716538057,0.08389326650277164,0.018311766239536422,0.13686695836913443,0.5091558831197682,0.06843347918456721,0.48675771561019626,0.027649769585253448,0.5138248847926268,0.5138248847926268,"{0: 0.53282554783967, 1: 0.5328255478396701}","{0: 0.53282554783967, 1: 0.5328255478396701}",0.5328255478396701,"[[484 167]
 [466 185]]",[0. 0. 1. ... 0. 1. 0.],[0. 1. 1. ... 1. 0. 0.]
378,randomforest,"{'criterion': 'gini', 'max_features': None, 'n_estimators': 301}",0.5027963822052487,0.08851742781649337,0.01824774511468222,0.17133363049498165,0.509123872557341,0.08566681524749084,0.5159908421450151,0.032258064516129004,0.5161290322580645,0.5161290322580645,"{0: 0.5257774285572709, 1: 0.5257774285572709}","{0: 0.5257774285572709, 1: 0.5257774285572709}",0.5257774285572709,"[[347 304]
 [326 325]]",[0. 1. 1. ... 0. 1. 1.],[0. 1. 1. ... 1. 0. 0.]
474,AdaBoost,"{'algorithm': 'SAMME', 'learning_rate': 1.8959183673469386, 'n_estimators': 30}",0.4964851927025821,0.09652632944831216,0.018128918270113602,0.1810152766492235,0.5090644591350568,0.09050763832461174,0.4962714006834042,-0.006144393241167334,0.4969278033794163,0.4969278033794163,"{0: 0.528116969992992, 1: 0.528116969992992}","{0: 0.528116969992992, 1: 0.528116969992992}",0.528116969992992,"[[300 351]
 [304 347]]",[1. 0. 1. ... 0. 1. 0.],[0. 1. 1. ... 1. 0. 0.]
17,AdaBoost,"{'algorithm': 'SAMME', 'learning_rate': 0.1, 'n_estimators': 63}",0.3690896245363262,0.04590282373534847,0.01812576987781479,0.07610737101021806,0.5090628849389074,0.038053685505109014,0.3768480239381046,0.02457757296466978,0.5122887864823349,0.5122887864823349,"{0: 0.5086361287491064, 1: 0.5086550055332573}","{0: 0.5086361287491064, 1: 0.5086550055332573}",0.5086550055332573,"[[637  14]
 [621  30]]",[0. 0. 0. ... 0. 0. 0.],[0. 1. 1. ... 1. 0. 0.]
671,SVC,"{'C': 100, 'gamma': 0.01, 'kernel': 'sigmoid'}",0.40263125254736076,0.07738577214169719,0.017974229739426195,0.08669371512842657,0.508987114869713,0.04334685756421327,0.41803786810107924,0.015360983102918557,0.5076804915514593,0.5076804915514593,"{0: 0.49277845026321315, 1: 0.4927784502632132}","{0: 0.49277845026321315, 1: 0.4927784502632132}",0.4927784502632132,"[[586  65]
 [576  75]]",[0. 0. 0. ... 0. 0. 0.],[0. 1. 1. ... 1. 0. 0.]
393,SVC,"{'C': 100, 'gamma': 0.1, 'kernel': 'rbf'}",0.497822442883937,0.08259559511964855,0.016930341675320214,0.15329380785934238,0.5084651708376601,0.0766469039296712,0.50659746506468,0.015360983102918557,0.5076804915514593,0.5076804915514592,"{0: 0.5168321924676912, 1: 0.5168321924676912}","{0: 0.5168321924676912, 1: 0.5168321924676912}",0.5168321924676912,"[[361 290]
 [351 300]]",[0. 1. 1. ... 0. 1. 1.],[0. 1. 1. ... 1. 0. 0.]
265,SVC,"{'C': 100, 'gamma': 0.1, 'kernel': 'rbf'}",0.4971369123880902,0.08182529753537501,0.016699331010638155,0.15098943576133297,0.508349665505319,0.07549471788066649,0.5060414458276292,0.015360983102918557,0.5076804915514593,0.5076804915514592,"{0: 0.514925637268435, 1: 0.514925637268435}","{0: 0.514925637268435, 1: 0.514925637268435}",0.514925637268435,"[[368 283]
 [358 293]]",[0. 1. 1. ... 0. 1. 1.],[0. 1. 1. ... 1. 0. 0.]
681,randomforest,"{'criterion': 'entropy', 'max_features': None, 'n_estimators': 235}",0.5027265930652027,0.09201179354464771,0.016382410785080733,0.18251183021746548,0.5081912053925404,0.09125591510873274,0.5059319258177312,0.01228878648233489,0.5061443932411674,0.5061443932411674,"{0: 0.5256216950880249, 1: 0.5256216950880248}","{0: 0.5256216950880249, 1: 0.5256216950880248}",0.5256216950880248,"[[343 308]
 [335 316]]",[0. 1. 1. ... 0. 1. 1.],[0. 1. 1. ... 1. 0. 0.]
572,SVC,"{'C': 10, 'gamma': 0.0001, 'kernel': 'rbf'}",0.4519904510144691,0.09956145878304808,0.016344034919014875,0.1495724812808097,0.5081720174595074,0.07478624064040484,0.49000095279433403,0.03379416282642089,0.5168970814132104,0.5168970814132104,"{0: 0.5285759118076645, 1: 0.5285759118076645}","{0: 0.5285759118076645, 1: 0.5285759118076645}",0.5285759118076645,"[[486 165]
 [464 187]]",[0. 0. 0. ... 0. 1. 0.],[0. 1. 1. ... 1. 0. 0.]
306,SVC,"{'C': 100, 'gamma': 0.1, 'kernel': 'rbf'}",0.4964430965169534,0.08035507214253103,0.015759098298312405,0.14794728899475632,0.5078795491491561,0.07397364449737814,0.5074940433026003,0.018433179723502335,0.5092165898617511,0.5092165898617511,"{0: 0.5164169032163681, 1: 0.5164169032163681}","{0: 0.5164169032163681, 1: 0.5164169032163681}",0.5164169032163681,"[[370 281]
 [358 293]]",[0. 1. 1. ... 0. 1. 1.],[0. 1. 1. ... 1. 0. 0.]
207,AdaBoost,"{'algorithm': 'SAMME', 'learning_rate': 3.0387755102040814, 'n_estimators': 52}",0.3515017191852065,0.04730112653438576,0.015309378132907545,0.05248475284678678,0.5076546890664538,0.026242376423393384,0.3453996983408748,0.006144393241167445,0.5030721966205837,0.5030721966205837,"{0: 0.5256417516711853, 1: 0.5256417516711853}","{0: 0.5256417516711853, 1: 0.5256417516711853}",0.5256417516711853,"[[  8 643]
 [  4 647]]",[1. 1. 1. ... 1. 1. 1.],[0. 1. 1. ... 1. 0. 0.]
968,SVC,"{'C': 100, 'gamma': 0.01, 'kernel': 'sigmoid'}",0.3956759863020751,0.07334724127422663,0.015242542470449432,0.0839801686349366,0.5076212712352247,0.04199008431746829,0.40676625190587384,0.015360983102918557,0.5076804915514593,0.5076804915514592,"{0: 0.49659981925479174, 1: 0.49659981925479163}","{0: 0.49659981925479174, 1: 0.49659981925479163}",0.49659981925479163,"[[599  52]
 [589  62]]",[0. 0. 1. ... 0. 0. 0.],[0. 1. 1. ... 1. 0. 0.]
727,AdaBoost,"{'algorithm': 'SAMME', 'learning_rate': 0.3448979591836735, 'n_estimators': 30}",0.3839079313326358,0.06844522363049899,0.015227824910904299,0.07992071408830373,0.5076139124554522,0.03996035704415185,0.4099926983865423,0.019969278033794113,0.5099846390168971,0.5099846390168971,"{0: 0.5132963348363973, 1: 0.5132963348363973}","{0: 0.5132963348363973, 1: 0.5132963348363973}",0.5132963348363973,"[[600  51]
 [587  64]]",[0. 0. 0. ... 0. 0. 0.],[0. 1. 1. ... 1. 0. 0.]
547,AdaBoost,"{'algorithm': 'SAMME', 'learning_rate': 0.1816326530612245, 'n_estimators': 52}",0.3839079313326358,0.06844522363049899,0.015227824910904299,0.07992071408830373,0.5076139124554522,0.03996035704415185,0.4099926983865423,0.019969278033794113,0.5099846390168971,0.5099846390168971,"{0: 0.508014374671131, 1: 0.5080120150731121}","{0: 0.508014374671131, 1: 0.5080120150731121}",0.5080120150731121,"[[600  51]
 [587  64]]",[0. 0. 0. ... 0. 0. 0.],[0. 1. 1. ... 1. 0. 0.]
143,AdaBoost,"{'algorithm': 'SAMME', 'learning_rate': 0.3448979591836735, 'n_estimators': 30}",0.3839079313326358,0.06844522363049899,0.015227824910904299,0.07992071408830373,0.5076139124554522,0.03996035704415185,0.4099926983865423,0.019969278033794113,0.5099846390168971,0.5099846390168971,"{0: 0.5132963348363973, 1: 0.5132963348363973}","{0: 0.5132963348363973, 1: 0.5132963348363973}",0.5132963348363973,"[[600  51]
 [587  64]]",[0. 0. 0. ... 0. 0. 0.],[0. 1. 1. ... 1. 0. 0.]
2,SVC,"{'C': 100, 'gamma': 0.1, 'kernel': 'rbf'}",0.495775554775212,0.07856869670270594,0.01492533829822381,0.1449677842097463,0.5074626691491119,0.07248389210487315,0.5076689104223685,0.018433179723502335,0.5092165898617511,0.5092165898617511,"{0: 0.5191799924964783, 1: 0.5191799924964783}","{0: 0.5191799924964783, 1: 0.5191799924964783}",0.5191799924964783,"[[368 283]
 [356 295]]",[0. 1. 1. ... 0. 1. 1.],[0. 1. 1. ... 1. 0. 0.]
689,AdaBoost,"{'algorithm': 'SAMME.R', 'learning_rate': 1.7326530612244897, 'n_estimators': 85}",0.5041042813544719,0.07691136448844546,0.01481715176370586,0.15372836257286676,0.507408575881853,0.0768641812864334,0.5096502578439336,0.019969278033794113,0.5099846390168971,0.5099846390168972,"{0: 0.5162824061292919, 1: 0.5162824061292919}","{0: 0.5162824061292919, 1: 0.5162824061292919}",0.5162824061292919,"[[349 302]
 [336 315]]",[0. 1. 1. ... 0. 1. 1.],[0. 1. 1. ... 1. 0. 0.]
948,SVC,"{'C': 1, 'gamma': 0.0001, 'kernel': 'rbf'}",0.365182966600624,0.07006954630276005,0.014793012732821218,0.056075417353131596,0.5073965063664105,0.02803770867656581,0.5032729609252641,0.007680491551459334,0.5038402457757296,0.5038402457757296,"{0: 0.49519939783058564, 1: 0.49519939783058553}","{0: 0.49519939783058564, 1: 0.49519939783058553}",0.49519939783058553,"[[350 301]
 [345 306]]",[0. 0. 0. ... 0. 0. 0.],[0. 1. 1. ... 1. 0. 0.]
418,SVC,"{'C': 100, 'gamma': 0.1, 'kernel': 'rbf'}",0.4956200135236849,0.07919830446108689,0.014523847674015138,0.14593085899639854,0.5072619238370075,0.07296542949819927,0.5062121227360911,0.015360983102918557,0.5076804915514593,0.5076804915514593,"{0: 0.5149964252090014, 1: 0.5149964252090014}","{0: 0.5149964252090014, 1: 0.5149964252090014}",0.5149964252090014,"[[366 285]
 [356 295]]",[0. 1. 1. ... 0. 1. 1.],[0. 1. 1. ... 1. 0. 0.]
874,randomforest,"{'criterion': 'entropy', 'max_features': None, 'n_estimators': 507}",0.5026178998579024,0.09653956566580969,0.014398050360473121,0.19158055158522352,0.5071990251802366,0.09579027579261176,0.51294190950694,0.02611367127496156,0.5130568356374808,0.5130568356374808,"{0: 0.5269961609340232, 1: 0.5269961609340232}","{0: 0.5269961609340232, 1: 0.5269961609340232}",0.5269961609340232,"[[344 307]
 [327 324]]",[0. 1. 1. ... 0. 1. 1.],[0. 1. 1. ... 1. 0. 0.]
891,SVC,"{'C': 100, 'gamma': 0.1, 'kernel': 'rbf'}",0.49547144469531856,0.07905264370381392,0.014276183108146885,0.14559436757623465,0.5071380915540734,0.07279718378811734,0.5066780335322535,0.016897081413210446,0.5084485407066052,0.5084485407066053,"{0: 0.5154164336563622, 1: 0.5154164336563622}","{0: 0.5154164336563622, 1: 0.5154164336563622}",0.5154164336563622,"[[370 281]
 [359 292]]",[0. 1. 1. ... 0. 1. 1.],[0. 1. 1. ... 1. 0. 0.]
999,SVC,"{'C': 100, 'gamma': 1, 'kernel': 'sigmoid'}",0.4702809726431811,0.07589568472530277,0.014057710006273623,0.11455538446481799,0.5070288550031369,0.05727769223240898,0.4948518220073418,0.021505376344086002,0.510752688172043,0.510752688172043,"{0: 0.5124810937208737, 1: 0.5124810937208738}","{0: 0.5124810937208737, 1: 0.5124810937208738}",0.5124810937208738,"[[448 203]
 [434 217]]",[0. 0. 0. ... 0. 1. 0.],[0. 1. 1. ... 1. 0. 0.]
249,SVC,"{'C': 100, 'gamma': 0.1, 'kernel': 'rbf'}",0.4947980312085841,0.07663313229493052,0.013818902609807835,0.14215245935054616,0.506909451304904,0.07107622967527308,0.5056716311825696,0.015360983102918557,0.5076804915514593,0.5076804915514592,"{0: 0.5143180407785729, 1: 0.5143180407785729}","{0: 0.5143180407785729, 1: 0.5143180407785729}",0.5143180407785729,"[[372 279]
 [362 289]]",[0. 1. 1. ... 0. 1. 1.],[0. 1. 1. ... 1. 0. 0.]
238,AdaBoost,"{'algorithm': 'SAMME.R', 'learning_rate': 2.2224489795918365, 'n_estimators': 96}",0.3736116748567771,0.04907371276265214,0.012934821652383804,0.06522027859538734,0.5064674108261918,0.03261013929769368,0.43239254913652486,0.018433179723502335,0.5092165898617511,0.5092165898617511,"{0: 0.5095953053437816, 1: 0.5095953053437816}","{0: 0.5095953053437816, 1: 0.5095953053437816}",0.5095953053437816,"[[571  80]
 [559  92]]",[0. 0. 0. ... 0. 0. 0.],[0. 1. 1. ... 1. 0. 0.]
755,SVC,"{'C': 100, 'gamma': 0.1, 'kernel': 'rbf'}",0.4949102439556188,0.07679571331254578,0.012769247484932179,0.14181567812181414,0.5063846237424661,0.07090783906090709,0.5054830373707924,0.01382488479262678,0.5069124423963134,0.5069124423963134,"{0: 0.5124327219614866, 1: 0.5124327219614866}","{0: 0.5124327219614866, 1: 0.5124327219614866}",0.5124327219614866,"[[365 286]
 [356 295]]",[0. 1. 1. ... 0. 1. 1.],[0. 1. 1. ... 1. 0. 0.]
641,randomforest,"{'criterion': 'gini', 'max_features': None, 'n_estimators': 555}",0.5018457468375149,0.0947516372981092,0.012473551578282938,0.18930827561238994,0.5062367757891415,0.09465413780619499,0.5099742326424284,0.019969278033794113,0.5099846390168971,0.5099846390168971,"{0: 0.5277370747119521, 1: 0.5277370747119521}","{0: 0.5277370747119521, 1: 0.5277370747119521}",0.5277370747119521,"[[335 316]
 [322 329]]",[0. 1. 1. ... 0. 1. 1.],[0. 1. 1. ... 1. 0. 0.]
162,SVC,"{'C': 100, 'gamma': 0.1, 'kernel': 'rbf'}",0.4946466051341193,0.07822113965996846,0.012384259969976283,0.14545839283133827,0.5061921299849882,0.07272919641566913,0.5046495916940253,0.01382488479262678,0.5069124423963134,0.5069124423963134,"{0: 0.511499500945019, 1: 0.511499500945019}","{0: 0.511499500945019, 1: 0.511499500945019}",0.511499500945019,"[[374 277]
 [365 286]]",[0. 1. 1. ... 0. 1. 1.],[0. 1. 1. ... 1. 0. 0.]
63,SVC,"{'C': 10, 'gamma': 0.1, 'kernel': 'sigmoid'}",0.47063653305218656,0.0849887293820365,0.012240820665463347,0.14383685941454907,0.5061204103327317,0.07191842970727454,0.47779569167130115,-0.009216589861751112,0.49539170506912444,0.49539170506912444,"{0: 0.48991153867027215, 1: 0.48991153867027215}","{0: 0.48991153867027215, 1: 0.48991153867027215}",0.48991153867027215,"[[442 209]
 [448 203]]",[0. 1. 1. ... 0. 0. 0.],[0. 1. 1. ... 1. 0. 0.]
375,SVC,"{'C': 10, 'gamma': 0.1, 'kernel': 'rbf'}",0.49967269008324083,0.06548194805286324,0.012153073641426872,0.13708300109419996,0.5060765368207134,0.06854150054709997,0.5006328089663843,0.006144393241167445,0.5030721966205837,0.5030721966205838,"{0: 0.501761439921095, 1: 0.5017614399210951}","{0: 0.501761439921095, 1: 0.5017614399210951}",0.5017614399210951,"[[373 278]
 [369 282]]",[0. 1. 0. ... 0. 1. 1.],[0. 1. 1. ... 1. 0. 0.]
512,SVC,"{'C': 0.1, 'gamma': 0.1, 'kernel': 'sigmoid'}",0.4767402807839284,0.11266025345061491,0.012045269504026974,0.20865100023218933,0.5060226347520136,0.10432550011609468,0.49953680350768276,0.02611367127496156,0.5130568356374808,0.5130568356374807,"{0: 0.5120705236655883, 1: 0.5120705236655883}","{0: 0.5120705236655883, 1: 0.5120705236655883}",0.5120705236655883,"[[441 210]
 [424 227]]",[0. 0. 0. ... 0. 0. 0.],[0. 1. 1. ... 1. 0. 0.]
729,SVC,"{'C': 100, 'gamma': 0.01, 'kernel': 'sigmoid'}",0.39694611071907837,0.07359821601418932,0.011750642418475801,0.10145922989204013,0.505875321209238,0.05072961494602006,0.4044886326279169,0.016897081413210446,0.5084485407066052,0.5084485407066052,"{0: 0.4948065247604418, 1: 0.4948065247604418}","{0: 0.4948065247604418, 1: 0.4948065247604418}",0.4948065247604418,"[[603  48]
 [592  59]]",[0. 0. 1. ... 0. 0. 0.],[0. 1. 1. ... 1. 0. 0.]
75,AdaBoost,"{'algorithm': 'SAMME.R', 'learning_rate': 0.5897959183673469, 'n_estimators': 41}",0.4972794416731173,0.0798054525725177,0.011452972909211417,0.16355433174475367,0.5057264864546057,0.08177716587237682,0.5046714429318356,0.01228878648233489,0.5061443932411674,0.5061443932411674,"{0: 0.5024539819396369, 1: 0.5024539819396368}","{0: 0.5024539819396369, 1: 0.5024539819396368}",0.5024539819396368,"[[365 286]
 [357 294]]",[0. 0. 1. ... 0. 1. 1.],[0. 1. 1. ... 1. 0. 0.]
492,randomforest,"{'criterion': 'gini', 'max_features': 'sqrt', 'n_estimators': 33}",0.4991278194030784,0.06626229431046106,0.011155501154925656,0.13790090519476603,0.5055777505774628,0.06895045259738301,0.5061301178948239,0.01228878648233489,0.5061443932411674,0.5061443932411674,"{0: 0.5295527853874814, 1: 0.5295527853874815}","{0: 0.5295527853874814, 1: 0.5295527853874815}",0.5295527853874815,"[[326 325]
 [318 333]]",[0. 1. 1. ... 0. 1. 1.],[0. 1. 1. ... 1. 0. 0.]
284,SVC,"{'C': 1, 'gamma': 0.0001, 'kernel': 'rbf'}",0.3611593822449337,0.06221839844421933,0.010984126984126976,0.048197377007631055,0.5054920634920634,0.024098688503815534,0.4576804228567369,0.009216589861751112,0.5046082949308756,0.5046082949308756,"{0: 0.49431454857350504, 1: 0.4943145485735051}","{0: 0.49431454857350504, 1: 0.4943145485735051}",0.4943145485735051,"[[520 131]
 [514 137]]",[0. 0. 0. ... 1. 1. 1.],[0. 1. 1. ... 1. 0. 0.]
272,SVC,"{'C': 100, 'gamma': 0.1, 'kernel': 'sigmoid'}",0.4493019920348021,0.07065925075678037,0.010112746155342517,0.1152455833248496,0.5050563730776713,0.05762279166242481,0.4624704914685278,0.003072196620583667,0.5015360983102919,0.5015360983102919,"{0: 0.486578606468602, 1: 0.486578606468602}","{0: 0.486578606468602, 1: 0.486578606468602}",0.486578606468602,"[[502 149]
 [500 151]]",[0. 0. 0. ... 0. 0. 0.],[0. 1. 1. ... 1. 0. 0.]
570,SVC,"{'C': 100, 'gamma': 0.1, 'kernel': 'rbf'}",0.49345478524480496,0.08076947175399786,0.010009744293144439,0.1496297259758308,0.5050048721465722,0.07481486298791541,0.5046714429318356,0.01228878648233489,0.5061443932411674,0.5061443932411674,"{0: 0.5203692298979946, 1: 0.5203692298979945}","{0: 0.5203692298979946, 1: 0.5203692298979945}",0.5203692298979945,"[[365 286]
 [357 294]]",[0. 1. 1. ... 0. 1. 1.],[0. 1. 1. ... 1. 0. 0.]
317,SVC,"{'C': 0.1, 'gamma': 0.0001, 'kernel': 'rbf'}",0.3425454545454546,0.04512999283673251,0.01,0.04898979485566357,0.505,0.024494897427831785,0.4879499119053612,0.001536098310291889,0.500768049155146,0.500768049155146,"{0: 0.49471686003572435, 1: 0.49471686003572435}","{0: 0.49471686003572435, 1: 0.49471686003572435}",0.49471686003572435,"[[429 222]
 [428 223]]",[0. 0. 0. ... 0. 0. 0.],[0. 1. 1. ... 1. 0. 0.]
299,SVC,"{'C': 1, 'gamma': 0.0001, 'kernel': 'rbf'}",0.38671095393757055,0.08226977960451475,0.00943896103896103,0.07739234437259036,0.5047194805194806,0.03869617218629519,0.4916897307270945,0.001536098310291889,0.500768049155146,0.500768049155146,"{0: 0.4980403538453189, 1: 0.4980403538453189}","{0: 0.4980403538453189, 1: 0.4980403538453189}",0.4980403538453189,"[[413 238]
 [412 239]]",[1. 1. 1. ... 1. 1. 1.],[0. 1. 1. ... 1. 0. 0.]
32,AdaBoost,"{'algorithm': 'SAMME.R', 'learning_rate': 0.7530612244897958, 'n_estimators': 41}",0.4957195891370693,0.09723169737667783,0.009376979304938162,0.19655865086674493,0.504688489652469,0.09827932543337245,0.4971388764492213,-0.001536098310291889,0.49923195084485406,0.49923195084485406,"{0: 0.5008010835274103, 1: 0.5008010835274103}","{0: 0.5008010835274103, 1: 0.5008010835274103}",0.5008010835274103,"[[367 284]
 [368 283]]",[0. 0. 1. ... 0. 1. 1.],[0. 1. 1. ... 1. 0. 0.]
191,SVC,"{'C': 1000, 'gamma': 0.1, 'kernel': 'rbf'}",0.49332790484089756,0.073477767465134,0.009297877741030707,0.1286329422008459,0.5046489388705154,0.06431647110042293,0.5090240768937953,0.02611367127496156,0.5130568356374808,0.5130568356374808,"{0: 0.5126651423663464, 1: 0.5126651423663464}","{0: 0.5126651423663464, 1: 0.5126651423663464}",0.5126651423663464,"[[393 258]
 [376 275]]",[0. 1. 0. ... 0. 0. 1.],[0. 1. 1. ... 1. 0. 0.]
37,SVC,"{'C': 10, 'gamma': 0.01, 'kernel': 'sigmoid'}",0.38849218609905867,0.08847357206030279,0.008741920014149836,0.11294914220424801,0.5043709600070749,0.056474571102124026,0.41418759811616956,0.01382488479262678,0.5069124423963134,0.5069124423963134,"{0: 0.48803565824526135, 1: 0.4880356582452613}","{0: 0.48803565824526135, 1: 0.4880356582452613}",0.4880356582452613,"[[589  62]
 [580  71]]",[0. 0. 0. ... 0. 0. 0.],[0. 1. 1. ... 1. 0. 0.]
696,SVC,"{'C': 100, 'gamma': 0.1, 'kernel': 'rbf'}",0.49271145266423294,0.07873931342111269,0.008078447863098076,0.14578811439863767,0.5040392239315491,0.07289405719931885,0.50248317145595,0.007680491551459334,0.5038402457757296,0.5038402457757296,"{0: 0.5118038890894547, 1: 0.5118038890894547}","{0: 0.5118038890894547, 1: 0.5118038890894547}",0.5118038890894547,"[[362 289]
 [357 294]]",[0. 1. 1. ... 0. 1. 1.],[0. 1. 1. ... 1. 0. 0.]
180,SVC,"{'C': 10, 'gamma': 0.01, 'kernel': 'sigmoid'}",0.40871926565754374,0.08178369540885226,0.007515273545633469,0.10249695204109241,0.5037576367728167,0.051248476020546205,0.4318752045380168,0.016897081413210446,0.5084485407066052,0.5084485407066052,"{0: 0.4999044362802353, 1: 0.4999044362802353}","{0: 0.4999044362802353, 1: 0.4999044362802353}",0.4999044362802353,"[[570  81]
 [559  92]]",[0. 0. 0. ... 0. 0. 0.],[0. 1. 1. ... 1. 0. 0.]
361,AdaBoost,"{'algorithm': 'SAMME', 'learning_rate': 4.1, 'n_estimators': 52}",0.3408469523050096,0.016164472322964005,0.00699176640353111,0.01510313083812736,0.5034958832017655,0.007551565419063679,0.34181086292382434,0.007680491551459334,0.5038402457757296,0.5038402457757296,"{0: 0.5150825505366906, 1: 0.5150825505366906}","{0: 0.5150825505366906, 1: 0.5150825505366906}",0.5150825505366906,"[[  5 646]
 [  0 651]]",[1. 1. 1. ... 1. 1. 1.],[0. 1. 1. ... 1. 0. 0.]
980,AdaBoost,"{'algorithm': 'SAMME', 'learning_rate': 4.018367346938775, 'n_estimators': 30}",0.3408469523050096,0.016164472322964005,0.00699176640353111,0.01510313083812736,0.5034958832017655,0.007551565419063679,0.34181086292382434,0.007680491551459334,0.5038402457757296,0.5038402457757296,"{0: 0.525458882824722, 1: 0.5254588828247221}","{0: 0.525458882824722, 1: 0.5254588828247221}",0.5254588828247221,"[[  5 646]
 [  0 651]]",[1. 1. 1. ... 1. 1. 1.],[0. 1. 1. ... 1. 0. 0.]
914,SVC,"{'C': 10, 'gamma': 0.0001, 'kernel': 'rbf'}",0.42842829725035336,0.09214169288583865,0.006292206600994743,0.14679162412760027,0.5031461033004974,0.07339581206380012,0.453746256325519,0.001536098310291889,0.500768049155146,0.500768049155146,"{0: 0.49881666159353094, 1: 0.49881666159353094}","{0: 0.49881666159353094, 1: 0.49881666159353094}",0.49881666159353094,"[[517 134]
 [516 135]]",[1. 0. 0. ... 0. 0. 0.],[0. 1. 1. ... 1. 0. 0.]
178,AdaBoost,"{'algorithm': 'SAMME', 'learning_rate': 3.8551020408163263, 'n_estimators': 96}",0.3443302305339909,0.018812749373619837,0.006244018655783363,0.020896517452020567,0.5031220093278916,0.010448258726010276,0.3453996983408748,0.006144393241167445,0.5030721966205837,0.5030721966205837,"{0: 0.5225601166585262, 1: 0.522560116658526}","{0: 0.5225601166585262, 1: 0.522560116658526}",0.522560116658526,"[[  8 643]
 [  4 647]]",[1. 1. 1. ... 1. 1. 1.],[0. 1. 1. ... 1. 0. 0.]
51,AdaBoost,"{'algorithm': 'SAMME', 'learning_rate': 3.691836734693877, 'n_estimators': 74}",0.3425750667831241,0.016504925301129958,0.005910685322450031,0.0164703237724976,0.502955342661225,0.0082351618862488,0.3440949044749646,0.006144393241167445,0.5030721966205837,0.5030721966205838,"{0: 0.5227642218871595, 1: 0.5227642218871592}","{0: 0.5227642218871595, 1: 0.5227642218871592}",0.5227642218871592,"[[  7 644]
 [  3 648]]",[1. 1. 1. ... 1. 1. 1.],[0. 1. 1. ... 1. 0. 0.]
701,AdaBoost,"{'algorithm': 'SAMME', 'learning_rate': 3.691836734693877, 'n_estimators': 96}",0.3425750667831241,0.016504925301129958,0.005910685322450031,0.0164703237724976,0.502955342661225,0.0082351618862488,0.3440949044749646,0.006144393241167445,0.5030721966205837,0.5030721966205838,"{0: 0.5224810701248938, 1: 0.5224810701248935}","{0: 0.5224810701248938, 1: 0.5224810701248935}",0.5224810701248935,"[[  7 644]
 [  3 648]]",[1. 1. 1. ... 1. 1. 1.],[0. 1. 1. ... 1. 0. 0.]
923,AdaBoost,"{'algorithm': 'SAMME', 'learning_rate': 3.2836734693877547, 'n_estimators': 96}",0.34338808282157013,0.019364300193958617,0.005309378132907545,0.021467110752181908,0.5026546890664538,0.01073355537609095,0.34503788349273384,0.004608294930875556,0.5023041474654378,0.5023041474654377,"{0: 0.5135016198640401, 1: 0.5135016198640399}","{0: 0.5135016198640401, 1: 0.5135016198640399}",0.5135016198640399,"[[  8 643]
 [  5 646]]",[1. 1. 1. ... 1. 1. 1.],[0. 1. 1. ... 1. 0. 0.]
248,AdaBoost,"{'algorithm': 'SAMME', 'learning_rate': 3.2836734693877547, 'n_estimators': 52}",0.34338808282157013,0.019364300193958617,0.005309378132907545,0.021467110752181908,0.5026546890664538,0.01073355537609095,0.34503788349273384,0.004608294930875556,0.5023041474654378,0.5023041474654377,"{0: 0.5138083676064946, 1: 0.5138083676064945}","{0: 0.5138083676064946, 1: 0.5138083676064945}",0.5138083676064945,"[[  8 643]
 [  5 646]]",[1. 1. 1. ... 1. 1. 1.],[0. 1. 1. ... 1. 0. 0.]
196,AdaBoost,"{'algorithm': 'SAMME.R', 'learning_rate': 2.630612244897959, 'n_estimators': 30}",0.3401174364585903,0.022323213761129293,0.004466089466089467,0.02384940906920248,0.5022330447330448,0.011924704534601245,0.3394216133942161,0.003072196620583667,0.5015360983102919,0.5015360983102919,"{0: 0.5092696808171762, 1: 0.5092696808171759}","{0: 0.5092696808171762, 1: 0.5092696808171759}",0.5092696808171759,"[[  4 647]
 [  2 649]]",[1. 1. 1. ... 1. 1. 1.],[0. 1. 1. ... 1. 0. 0.]
318,AdaBoost,"{'algorithm': 'SAMME', 'learning_rate': 3.120408163265306, 'n_estimators': 96}",0.3410755794283736,0.016484331134404857,0.004132907544672251,0.019186953563766436,0.5020664537723362,0.009593476781883213,0.3420673771317651,0.003072196620583667,0.5015360983102919,0.5015360983102919,"{0: 0.518927515508458, 1: 0.518927515508458}","{0: 0.518927515508458, 1: 0.518927515508458}",0.518927515508458,"[[  6 645]
 [  4 647]]",[1. 1. 1. ... 1. 1. 1.],[0. 1. 1. ... 1. 0. 0.]
976,SVC,"{'C': 10, 'gamma': 0.0001, 'kernel': 'rbf'}",0.43323933549730576,0.08818795354786362,0.004058810829771713,0.1398073591193835,0.5020294054148858,0.06990367955969175,0.4699349561166814,0.009216589861751112,0.5046082949308756,0.5046082949308756,"{0: 0.50801673426915, 1: 0.50801673426915}","{0: 0.50801673426915, 1: 0.50801673426915}",0.50801673426915,"[[495 156]
 [489 162]]",[0. 0. 1. ... 1. 1. 1.],[0. 1. 1. ... 1. 0. 0.]
992,SVC,"{'C': 0.1, 'gamma': 0.0001, 'kernel': 'rbf'}",0.3394871794871795,0.030147566065023723,0.003999999999999999,0.01959591794226542,0.502,0.009797958971132722,0.3394216133942161,0.003072196620583667,0.5015360983102919,0.5015360983102919,"{0: 0.5011892374015163, 1: 0.5011892374015163}","{0: 0.5011892374015163, 1: 0.5011892374015163}",0.5011892374015163,"[[649   2]
 [647   4]]",[0. 0. 0. ... 0. 0. 0.],[0. 1. 1. ... 1. 0. 0.]
286,SVC,"{'C': 100, 'gamma': 0.1, 'kernel': 'rbf'}",0.49068421538608353,0.07799554044022922,0.0038084776019018164,0.1439757294810263,0.5019042388009509,0.07198786474051316,0.5011730205278592,0.004608294930875556,0.5023041474654378,0.5023041474654377,"{0: 0.5172911342823637, 1: 0.5172911342823636}","{0: 0.5172911342823637, 1: 0.5172911342823636}",0.5172911342823636,"[[358 293]
 [355 296]]",[0. 1. 1. ... 0. 1. 1.],[0. 1. 1. ... 1. 0. 0.]
907,SVC,"{'C': 1, 'gamma': 0.0001, 'kernel': 'sigmoid'}",0.3619734103674079,0.0802270029675945,0.0037853870267663316,0.08817063420964778,0.5018926935133831,0.04408531710482389,0.4405225437816645,-0.003072196620583778,0.49846390168970817,0.4984639016897081,"{0: 0.49554035974431393, 1: 0.49554035974431393}","{0: 0.49554035974431393, 1: 0.49554035974431393}",0.49554035974431393,"[[534 117]
 [536 115]]",[0. 0. 0. ... 0. 0. 0.],[0. 1. 1. ... 1. 0. 0.]
322,randomforest,"{'criterion': 'gini', 'max_features': None, 'n_estimators': 183}",0.4945980157794475,0.08862696865565063,0.0037688556859272458,0.17622431814604456,0.5018844278429636,0.08811215907302228,0.5092163003486898,0.018433179723502335,0.5092165898617511,0.5092165898617511,"{0: 0.5233612001859363, 1: 0.5233612001859363}","{0: 0.5233612001859363, 1: 0.5233612001859363}",0.5233612001859363,"[[332 319]
 [320 331]]",[0. 1. 1. ... 0. 1. 1.],[0. 1. 1. ... 1. 0. 0.]
527,SVC,"{'C': 1, 'gamma': 0.0001, 'kernel': 'rbf'}",0.3536375710605062,0.07010050425994292,0.0032373036463984083,0.0779881242165245,0.5016186518231991,0.038994062108262256,0.49892927551972044,-0.001536098310291889,0.49923195084485406,0.49923195084485406,"{0: 0.48691012999025485, 1: 0.48691012999025474}","{0: 0.48691012999025485, 1: 0.48691012999025474}",0.48691012999025474,"[[341 310]
 [342 309]]",[0. 0. 0. ... 0. 0. 0.],[0. 1. 1. ... 1. 0. 0.]
566,SVC,"{'C': 1, 'gamma': 0.0001, 'kernel': 'rbf'}",0.35745978471740963,0.05892861279576193,0.0018412698412698437,0.0440885524089274,0.500920634920635,0.022044276204463715,0.3795172957839432,0.006144393241167445,0.5030721966205837,0.5030721966205837,"{0: 0.5033305726036512, 1: 0.5033305726036512}","{0: 0.5033305726036512, 1: 0.5033305726036512}",0.5033305726036512,"[[618  33]
 [614  37]]",[0. 0. 0. ... 0. 0. 0.],[0. 1. 1. ... 1. 0. 0.]
420,SVC,"{'C': 10, 'gamma': 0.0001, 'kernel': 'rbf'}",0.4381313385146825,0.10239626600385933,0.0016370039937472346,0.1519962668457401,0.5008185019968736,0.07599813342287005,0.46806882957219054,0.0,0.5,0.5,"{0: 0.5002312406058504, 1: 0.5002312406058503}","{0: 0.5002312406058504, 1: 0.5002312406058503}",0.5002312406058503,"[[485 166]
 [485 166]]",[0. 1. 1. ... 0. 0. 0.],[0. 1. 1. ... 1. 0. 0.]
598,SVC,"{'C': 1, 'gamma': 0.0001, 'kernel': 'sigmoid'}",0.355819929220852,0.057566670466257575,0.001549953314659196,0.049656126183084424,0.5007749766573296,0.024828063091542226,0.4784333289915729,-0.001536098310291889,0.49923195084485406,0.49923195084485406,"{0: 0.49351228524708535, 1: 0.49351228524708524}","{0: 0.49351228524708535, 1: 0.49351228524708524}",0.49351228524708524,"[[455 196]
 [456 195]]",[1. 1. 1. ... 1. 1. 1.],[0. 1. 1. ... 1. 0. 0.]
356,randomforest,"{'criterion': 'gini', 'max_features': None, 'n_estimators': 417}",0.4946704636272748,0.08802933474293848,0.0014804495515095039,0.1741899881726421,0.5007402247757546,0.08709499408632103,0.5060951543773432,0.01228878648233489,0.5061443932411674,0.5061443932411674,"{0: 0.5268463264598243, 1: 0.5268463264598243}","{0: 0.5268463264598243, 1: 0.5268463264598243}",0.5268463264598243,"[[336 315]
 [328 323]]",[0. 1. 1. ... 0. 1. 1.],[0. 1. 1. ... 1. 0. 0.]
515,SVC,"{'C': 10, 'gamma': 0.0001, 'kernel': 'rbf'}",0.43440118664128013,0.08875677542809014,0.0007101101488667094,0.1404215089788803,0.5003550550744333,0.07021075448944017,0.4651483781918564,0.001536098310291889,0.500768049155146,0.500768049155146,"{0: 0.5063614762589045, 1: 0.5063614762589046}","{0: 0.5063614762589045, 1: 0.5063614762589046}",0.5063614762589046,"[[494 157]
 [493 158]]",[0. 0. 0. ... 0. 0. 0.],[0. 1. 1. ... 1. 0. 0.]
739,SVC,"{'C': 10, 'gamma': 0.0001, 'kernel': 'rbf'}",0.44243416014931064,0.10171208907614385,0.00046718739903323314,0.17099755771712472,0.5002335936995166,0.08549877885856236,0.47547216301790085,-0.004608294930875667,0.4976958525345622,0.4976958525345622,"{0: 0.49091790722532513, 1: 0.4909179072253251}","{0: 0.49091790722532513, 1: 0.4909179072253251}",0.4909179072253251,"[[458 193]
 [461 190]]",[0. 1. 1. ... 0. 0. 0.],[0. 1. 1. ... 1. 0. 0.]
868,AdaBoost,"{'algorithm': 'SAMME', 'learning_rate': 3.5285714285714285, 'n_estimators': 52}",0.34132516298877325,0.017792983027780044,0.0004344948462595477,0.027171220366560004,0.5002172474231298,0.013585610183279992,0.34301639547882246,0.001536098310291889,0.500768049155146,0.500768049155146,"{0: 0.5197757909962459, 1: 0.5197757909962458}","{0: 0.5197757909962459, 1: 0.5197757909962458}",0.5197757909962458,"[[  7 644]
 [  6 645]]",[1. 1. 1. ... 1. 1. 1.],[0. 1. 1. ... 1. 0. 0.]
218,SVC,"{'C': 0.1, 'gamma': 0.0001, 'kernel': 'rbf'}",0.33333333333333337,5.874748045952207e-17,0.0,0.0,0.5,0.0,0.42097479032929075,0.0,0.5,0.5,"{0: 0.4910559437094297, 1: 0.4910559437094297}","{0: 0.4910559437094297, 1: 0.4910559437094297}",0.4910559437094297,"[[566  85]
 [566  85]]",[0. 0. 0. ... 0. 0. 0.],[0. 1. 1. ... 1. 0. 0.]
252,SVC,"{'C': 0.1, 'gamma': 0.0001, 'kernel': 'rbf'}",0.33333333333333337,5.874748045952207e-17,0.0,0.0,0.5,0.0,0.43453806151618957,0.0,0.5,0.5,"{0: 0.49656088588748015, 1: 0.49656088588748004}","{0: 0.49656088588748015, 1: 0.49656088588748004}",0.49656088588748004,"[[547 104]
 [547 104]]",[0. 0. 0. ... 0. 0. 0.],[0. 1. 1. ... 1. 0. 0.]
549,SVC,"{'C': 0.1, 'gamma': 0.0001, 'kernel': 'rbf'}",0.33333333333333337,5.874748045952207e-17,0.0,0.0,0.5,0.0,0.4995509785479336,0.0,0.5,0.5,"{0: 0.49549434758294575, 1: 0.4954943475829457}","{0: 0.49549434758294575, 1: 0.4954943475829457}",0.4954943475829457,"[[345 306]
 [345 306]]",[1. 1. 1. ... 0. 0. 0.],[0. 1. 1. ... 1. 0. 0.]
889,SVC,"{'C': 0.1, 'gamma': 0.0001, 'kernel': 'sigmoid'}",0.33333333333333337,5.874748045952207e-17,0.0,0.0,0.5,0.0,0.47665288324928895,0.0,0.5,0.5,"{0: 0.4969301629774351, 1: 0.4969301629774352}","{0: 0.4969301629774351, 1: 0.4969301629774352}",0.4969301629774352,"[[463 188]
 [463 188]]",[0. 0. 0. ... 1. 1. 1.],[0. 1. 1. ... 1. 0. 0.]
756,SVC,"{'C': 0.1, 'gamma': 0.0001, 'kernel': 'rbf'}",0.33333333333333337,5.874748045952207e-17,0.0,0.0,0.5,0.0,0.48488916574241486,0.0,0.5,0.5,"{0: 0.4978515860038084, 1: 0.49785158600380836}","{0: 0.4978515860038084, 1: 0.49785158600380836}",0.49785158600380836,"[[437 214]
 [437 214]]",[1. 1. 1. ... 0. 0. 0.],[0. 1. 1. ... 1. 0. 0.]
270,SVC,"{'C': 0.1, 'gamma': 0.0001, 'kernel': 'rbf'}",0.33333333333333337,5.874748045952207e-17,0.0,0.0,0.5,0.0,0.4622425498626742,0.0,0.5,0.5,"{0: 0.49759203022173143, 1: 0.4975920302217314}","{0: 0.49759203022173143, 1: 0.4975920302217314}",0.4975920302217314,"[[498 153]
 [498 153]]",[0. 0. 0. ... 0. 0. 0.],[0. 1. 1. ... 1. 0. 0.]
27,SVC,"{'C': 0.1, 'gamma': 0.0001, 'kernel': 'sigmoid'}",0.33333333333333337,5.874748045952207e-17,0.0,0.0,0.5,0.0,0.46849311632486057,0.0,0.5,0.5,"{0: 0.4975389392663066, 1: 0.49753893926630655}","{0: 0.4975389392663066, 1: 0.49753893926630655}",0.49753893926630655,"[[484 167]
 [484 167]]",[0. 0. 0. ... 0. 0. 0.],[0. 1. 1. ... 1. 0. 0.]
374,SVC,"{'C': 0.1, 'gamma': 0.0001, 'kernel': 'sigmoid'}",0.33333333333333337,5.874748045952207e-17,0.0,0.0,0.5,0.0,0.3502869508094182,0.0,0.5,0.5,"{0: 0.4955132243670969, 1: 0.49551322436709677}","{0: 0.4955132243670969, 1: 0.49551322436709677}",0.49551322436709677,"[[638  13]
 [638  13]]",[0. 0. 0. ... 0. 0. 0.],[0. 1. 1. ... 1. 0. 0.]
998,SVC,"{'C': 10, 'gamma': 0.0001, 'kernel': 'rbf'}",0.41884778141216444,0.07302628356618138,-0.00034054018021185685,0.12653252908726814,0.4998297299098941,0.06326626454363407,0.4592872644029769,-0.007680491551459223,0.49615975422427033,0.49615975422427033,"{0: 0.5012989587093942, 1: 0.5012989587093943}","{0: 0.5012989587093942, 1: 0.5012989587093943}",0.5012989587093943,"[[493 158]
 [498 153]]",[0. 0. 1. ... 0. 0. 0.],[0. 1. 1. ... 1. 0. 0.]
186,SVC,"{'C': 0.1, 'gamma': 1, 'kernel': 'rbf'}",0.35456673456071064,0.042654473267893664,-0.0006137000254647341,0.038871319586717946,0.4996931499872676,0.01943565979335896,0.3645405779753252,-0.004608294930875667,0.4976958525345622,0.4976958525345622,"{0: 0.4874221627603521, 1: 0.48742216276035216}","{0: 0.4874221627603521, 1: 0.48742216276035216}",0.48742216276035216,"[[622  29]
 [625  26]]",[0. 0. 0. ... 0. 0. 0.],[0. 1. 1. ... 1. 0. 0.]
713,SVC,"{'C': 1, 'gamma': 0.0001, 'kernel': 'rbf'}",0.36592302205439375,0.06416823992209175,-0.0006639135487005854,0.07551330742519437,0.4996680432256497,0.03775665371259718,0.44311989828106646,-0.015360983102918668,0.4923195084485407,0.49231950844854067,"{0: 0.48005549774540407, 1: 0.4800554977454041}","{0: 0.48005549774540407, 1: 0.4800554977454041}",0.4800554977454041,"[[127 524]
 [137 514]]",[0. 0. 0. ... 1. 1. 1.],[0. 1. 1. ... 1. 0. 0.]
432,SVC,"{'C': 1, 'gamma': 0.0001, 'kernel': 'rbf'}",0.3338504236371569,0.005321373160716316,-0.0011111111111111115,0.010886621079036358,0.4994444444444444,0.005443310539518174,0.3346938743472347,0.0,0.5,0.5,"{0: 0.4992248720507974, 1: 0.4992248720507974}","{0: 0.4992248720507974, 1: 0.4992248720507974}",0.4992248720507974,"[[650   1]
 [650   1]]",[0. 0. 0. ... 0. 0. 0.],[0. 1. 1. ... 1. 0. 0.]
504,randomforest,"{'criterion': 'entropy', 'max_features': None, 'n_estimators': 363}",0.4936809510286055,0.10282654970306761,-0.0011796847893550356,0.20317840952297764,0.4994101576053225,0.10158920476148883,0.5015005164938826,0.003072196620583667,0.5015360983102919,0.5015360983102919,"{0: 0.5258364185077431, 1: 0.525836418507743}","{0: 0.5258364185077431, 1: 0.525836418507743}",0.525836418507743,"[[332 319]
 [330 321]]",[0. 1. 1. ... 0. 1. 1.],[0. 1. 1. ... 1. 0. 0.]
952,AdaBoost,"{'algorithm': 'SAMME', 'learning_rate': 2.8755102040816327, 'n_estimators': 52}",0.3468966466797137,0.07236351767606385,-0.0018815601091463207,0.09254957964063033,0.4990592199454268,0.04627478982031517,0.34878276188316254,-0.006144393241167334,0.4969278033794163,0.4969278033794163,"{0: 0.49120813778164746, 1: 0.4912081377816475}","{0: 0.49120813778164746, 1: 0.4912081377816475}",0.4912081377816475,"[[ 13 638]
 [ 17 634]]",[1. 1. 1. ... 1. 1. 1.],[0. 1. 1. ... 1. 0. 0.]
825,AdaBoost,"{'algorithm': 'SAMME.R', 'learning_rate': 0.42653061224489797, 'n_estimators': 96}",0.4900884216299442,0.058052674729700285,-0.001992196351779345,0.12283175978086422,0.49900390182411036,0.0614158798904321,0.49682770001138044,-0.001536098310291889,0.49923195084485406,0.49923195084485406,"{0: 0.4978303496216385, 1: 0.4978303496216384}","{0: 0.4978303496216385, 1: 0.4978303496216384}",0.4978303496216384,"[[370 281]
 [371 280]]",[0. 0. 1. ... 0. 1. 0.],[0. 1. 1. ... 1. 0. 0.]
853,AdaBoost,"{'algorithm': 'SAMME.R', 'learning_rate': 0.9979591836734693, 'n_estimators': 30}",0.4908920393243202,0.05920998179921177,-0.002486833050812489,0.11773381221118592,0.4987565834745938,0.058866906105592955,0.5047517253147277,0.01382488479262678,0.5069124423963134,0.5069124423963134,"{0: 0.4967697103121512, 1: 0.4967697103121512}","{0: 0.4967697103121512, 1: 0.4967697103121512}",0.4967697103121512,"[[373 278]
 [364 287]]",[0. 0. 0. ... 0. 1. 1.],[0. 1. 1. ... 1. 0. 0.]
715,AdaBoost,"{'algorithm': 'SAMME.R', 'learning_rate': 1.6510204081632653, 'n_estimators': 41}",0.49245595399536335,0.07031176781529608,-0.0027223459390825822,0.13995118755168406,0.4986388270304587,0.06997559377584205,0.5092609221694993,0.019969278033794113,0.5099846390168971,0.5099846390168971,"{0: 0.507966002911744, 1: 0.5079660029117439}","{0: 0.507966002911744, 1: 0.5079660029117439}",0.5079660029117439,"[[357 294]
 [344 307]]",[0. 0. 1. ... 0. 1. 1.],[0. 1. 1. ... 1. 0. 0.]
198,SVC,"{'C': 0.1, 'gamma': 0.0001, 'kernel': 'rbf'}",0.3337970653377631,0.004142243813097529,-0.002758620689655178,0.00935493790775901,0.49862068965517237,0.00467746895387949,0.49843993621701793,-0.003072196620583778,0.49846390168970817,0.4984639016897081,"{0: 0.4969785347368222, 1: 0.49697853473682224}","{0: 0.4969785347368222, 1: 0.49697853473682224}",0.49697853473682224,"[[320 331]
 [322 329]]",[1. 1. 1. ... 1. 1. 1.],[0. 1. 1. ... 1. 0. 0.]
753,AdaBoost,"{'algorithm': 'SAMME', 'learning_rate': 2.5489795918367344, 'n_estimators': 52}",0.3525167252635917,0.07245414338684883,-0.0028714590990453147,0.09492017278741967,0.49856427045047735,0.047460086393709834,0.35604078461221317,-0.006144393241167334,0.4969278033794163,0.4969278033794163,"{0: 0.5010913140837328, 1: 0.5010913140837328}","{0: 0.5010913140837328, 1: 0.5010913140837328}",0.5010913140837328,"[[ 19 632]
 [ 23 628]]",[1. 1. 1. ... 1. 1. 1.],[0. 1. 1. ... 1. 0. 0.]
419,SVC,"{'C': 0.1, 'gamma': 0.0001, 'kernel': 'rbf'}",0.33999443323075973,0.030610580126056008,-0.002879291251384277,0.019394710324686298,0.4985603543743079,0.009697355162343142,0.42565870661845895,-0.001536098310291889,0.49923195084485406,0.49923195084485406,"{0: 0.49736314921389985, 1: 0.4973631492138999}","{0: 0.49736314921389985, 1: 0.4973631492138999}",0.4973631492138999,"[[558  93]
 [559  92]]",[1. 1. 1. ... 0. 0. 0.],[0. 1. 1. ... 1. 0. 0.]
990,SVC,"{'C': 1, 'gamma': 0.0001, 'kernel': 'rbf'}",0.3576853396545985,0.07295637817206178,-0.0030212668095021124,0.0835921910596609,0.49848936659524895,0.04179609552983043,0.4150963454238067,-0.006144393241167334,0.4969278033794163,0.4969278033794163,"{0: 0.4824174553623044, 1: 0.48241745536230446}","{0: 0.4824174553623044, 1: 0.48241745536230446}",0.48241745536230446,"[[567  84]
 [571  80]]",[1. 1. 1. ... 0. 0. 0.],[0. 1. 1. ... 1. 0. 0.]
771,SVC,"{'C': 1, 'gamma': 0.0001, 'kernel': 'rbf'}",0.3854955651186918,0.07188240521008586,-0.003086179090235883,0.07291318677222357,0.4984569104548821,0.03645659338611178,0.49774857902118547,0.004608294930875556,0.5023041474654378,0.5023041474654378,"{0: 0.49393819268949346, 1: 0.49393819268949335}","{0: 0.49393819268949346, 1: 0.49393819268949335}",0.49393819268949335,"[[389 262]
 [386 265]]",[0. 0. 0. ... 0. 0. 0.],[0. 1. 1. ... 1. 0. 0.]
301,SVC,"{'C': 0.1, 'gamma': 0.01, 'kernel': 'rbf'}",0.4218710751769295,0.07292366529114523,-0.003222117024362414,0.11831127866232073,0.4983889414878188,0.05915563933116036,0.4322134673757893,-0.01228878648233489,0.49385560675883255,0.49385560675883255,"{0: 0.5062682721371587, 1: 0.5062682721371586}","{0: 0.5062682721371587, 1: 0.5062682721371586}",0.5062682721371586,"[[536 115]
 [544 107]]",[0. 0. 1. ... 1. 0. 0.],[0. 1. 1. ... 1. 0. 0.]
135,SVC,"{'C': 100, 'gamma': 0.1, 'kernel': 'sigmoid'}",0.4414134845446337,0.08924875084772387,-0.003507576590505024,0.14826274943566367,0.4982462117047476,0.07413137471783184,0.47063083666857247,0.016897081413210446,0.5084485407066052,0.5084485407066053,"{0: 0.5046826222684704, 1: 0.5046826222684703}","{0: 0.5046826222684704, 1: 0.5046826222684703}",0.5046826222684703,"[[505 146]
 [494 157]]",[0. 0. 0. ... 0. 0. 0.],[0. 1. 1. ... 1. 0. 0.]
867,SVC,"{'C': 1, 'gamma': 0.0001, 'kernel': 'rbf'}",0.3552839500059051,0.06069655444736106,-0.0035838383838383914,0.07390134871505315,0.49820808080808077,0.036950674357526574,0.43440032934836076,0.001536098310291889,0.500768049155146,0.500768049155146,"{0: 0.49981831095254614, 1: 0.49981831095254603}","{0: 0.49981831095254614, 1: 0.49981831095254603}",0.49981831095254603,"[[549 102]
 [548 103]]",[0. 0. 0. ... 0. 0. 0.],[0. 1. 1. ... 1. 0. 0.]
352,SVC,"{'C': 1, 'gamma': 0.0001, 'kernel': 'rbf'}",0.366893504617868,0.0713761889084325,-0.0037245421245421183,0.0803274438028087,0.4981377289377289,0.04016372190140437,0.4711748753389905,0.001536098310291889,0.500768049155146,0.500768049155146,"{0: 0.4920316374902371, 1: 0.49203163749023715}","{0: 0.4920316374902371, 1: 0.49203163749023715}",0.49203163749023715,"[[480 171]
 [479 172]]",[1. 1. 1. ... 0. 0. 1.],[0. 1. 1. ... 1. 0. 0.]
732,SVC,"{'C': 1, 'gamma': 0.0001, 'kernel': 'rbf'}",0.34750064439917383,0.06489757781861527,-0.004003492631399604,0.08096997198598427,0.49799825368430023,0.040484985992992134,0.46015302441175293,-0.016897081413210335,0.4915514592933948,0.49155145929339483,"{0: 0.4786208621499241, 1: 0.4786208621499241}","{0: 0.4786208621499241, 1: 0.4786208621499241}",0.4786208621499241,"[[477 174]
 [488 163]]",[0. 0. 0. ... 0. 0. 0.],[0. 1. 1. ... 1. 0. 0.]
170,SVC,"{'C': 10, 'gamma': 0.01, 'kernel': 'sigmoid'}",0.40086390359474644,0.09838527226356641,-0.0041044393514981705,0.14325033314368638,0.4979477803242509,0.07162516657184319,0.41611185627768965,-0.016897081413210335,0.4915514592933948,0.49155145929339483,"{0: 0.48272420310475916, 1: 0.48272420310475905}","{0: 0.48272420310475916, 1: 0.48272420310475905}",0.48272420310475905,"[[554  97]
 [565  86]]",[0. 0. 1. ... 0. 0. 0.],[0. 1. 1. ... 1. 0. 0.]
635,AdaBoost,"{'algorithm': 'SAMME.R', 'learning_rate': 0.7530612244897958, 'n_estimators': 52}",0.4891685521545807,0.0816894953374147,-0.004320495379639681,0.16515571392939699,0.4978397523101802,0.08257785696469852,0.49685117194340483,0.0,0.5,0.5,"{0: 0.4938992593221818, 1: 0.4938992593221819}","{0: 0.4938992593221818, 1: 0.4938992593221819}",0.4938992593221819,"[[377 274]
 [377 274]]",[0. 0. 1. ... 0. 1. 1.],[0. 1. 1. ... 1. 0. 0.]
695,SVC,"{'C': 0.1, 'gamma': 0.0001, 'kernel': 'rbf'}",0.33230769230769236,0.005024594344170614,-0.004444444444444446,0.021773242158072706,0.49777777777777776,0.010886621079036351,0.48274080946659165,-0.003072196620583778,0.49846390168970817,0.4984639016897081,"{0: 0.49977583818820615, 1: 0.4997758381882062}","{0: 0.49977583818820615, 1: 0.4997758381882062}",0.4997758381882062,"[[438 213]
 [440 211]]",[1. 1. 1. ... 1. 1. 1.],[0. 1. 1. ... 1. 0. 0.]
125,AdaBoost,"{'algorithm': 'SAMME.R', 'learning_rate': 0.42653061224489797, 'n_estimators': 85}",0.489033714659076,0.07676933727228422,-0.005368343151455565,0.16067858319529515,0.4973158284242723,0.08033929159764758,0.49610942562688065,-0.003072196620583778,0.49846390168970817,0.4984639016897081,"{0: 0.498645590737162, 1: 0.498645590737162}","{0: 0.498645590737162, 1: 0.498645590737162}",0.498645590737162,"[[369 282]
 [371 280]]",[0. 0. 1. ... 0. 1. 1.],[0. 1. 1. ... 1. 0. 0.]
416,SVC,"{'C': 1, 'gamma': 0.0001, 'kernel': 'rbf'}",0.3952033868558186,0.08519775795953713,-0.005583587422938319,0.09011754787463175,0.49720820628853085,0.045058773937315895,0.4903891006771864,-0.009216589861751112,0.49539170506912444,0.49539170506912444,"{0: 0.48652315591515827, 1: 0.4865231559151582}","{0: 0.48652315591515827, 1: 0.4865231559151582}",0.4865231559151582,"[[258 393]
 [264 387]]",[1. 1. 1. ... 1. 1. 1.],[0. 1. 1. ... 1. 0. 0.]
455,randomforest,"{'criterion': 'entropy', 'max_features': 'sqrt', 'n_estimators': 139}",0.4901430930668176,0.10631728356205893,-0.00610080526877546,0.2114993273333362,0.4969495973656123,0.10574966366666812,0.4953056642958496,-0.009216589861751112,0.49539170506912444,0.4953917050691244,"{0: 0.5277347151139332, 1: 0.5277347151139331}","{0: 0.5277347151139332, 1: 0.5277347151139331}",0.5277347151139331,"[[314 337]
 [320 331]]",[0. 1. 1. ... 0. 1. 1.],[0. 1. 1. ... 1. 0. 0.]
439,SVC,"{'C': 10, 'gamma': 0.0001, 'kernel': 'rbf'}",0.4091354684202425,0.09515808826047056,-0.00633525791157755,0.14292353226887586,0.4968323710442112,0.0714617661344379,0.44987216821842146,0.003072196620583667,0.5015360983102919,0.5015360983102919,"{0: 0.5093782223260445, 1: 0.5093782223260446}","{0: 0.5093782223260445, 1: 0.5093782223260446}",0.5093782223260446,"[[526 125]
 [524 127]]",[0. 0. 0. ... 0. 0. 0.],[0. 1. 1. ... 1. 0. 0.]
395,AdaBoost,"{'algorithm': 'SAMME.R', 'learning_rate': 1.4061224489795918, 'n_estimators': 96}",0.49408594797770256,0.08891100767669974,-0.006476308640589972,0.17627021767276846,0.496761845679705,0.08813510883638424,0.5041165664711964,0.009216589861751112,0.5046082949308756,0.5046082949308757,"{0: 0.5109473550086008, 1: 0.5109473550086008}","{0: 0.5109473550086008, 1: 0.5109473550086008}",0.5109473550086008,"[[349 302]
 [343 308]]",[0. 1. 1. ... 0. 1. 1.],[0. 1. 1. ... 1. 0. 0.]
886,SVC,"{'C': 1, 'gamma': 0.0001, 'kernel': 'rbf'}",0.37241663782338585,0.06250975548695524,-0.006863599912517322,0.06443821207836123,0.4965682000437413,0.032219106039180614,0.4921654136146732,-0.003072196620583778,0.49846390168970817,0.4984639016897081,"{0: 0.4954683920047381, 1: 0.49546839200473813}","{0: 0.4954683920047381, 1: 0.49546839200473813}",0.49546839200473813,"[[397 254]
 [399 252]]",[1. 0. 0. ... 1. 1. 1.],[0. 1. 1. ... 1. 0. 0.]
285,SVC,"{'C': 0.1, 'gamma': 0.0001, 'kernel': 'sigmoid'}",0.3457471593786773,0.03469990410915034,-0.00727272727272728,0.0626701092011403,0.4963636363636364,0.031335054600570136,0.4943809600271184,-0.003072196620583778,0.49846390168970817,0.4984639016897081,"{0: 0.49768405454446774, 1: 0.4976840545444679}","{0: 0.49768405454446774, 1: 0.4976840545444679}",0.4976840545444679,"[[383 268]
 [385 266]]",[1. 0. 0. ... 1. 1. 1.],[0. 1. 1. ... 1. 0. 0.]
845,SVC,"{'C': 1, 'gamma': 0.0001, 'kernel': 'rbf'}",0.3530625576541194,0.05130303674992439,-0.0074622174504527594,0.07191033573638858,0.49626889127477364,0.03595516786819428,0.37614251261577125,-0.016897081413210335,0.4915514592933948,0.4915514592933948,"{0: 0.4848879544880734, 1: 0.4848879544880734}","{0: 0.4848879544880734, 1: 0.4848879544880734}",0.4848879544880734,"[[ 40 611]
 [ 51 600]]",[1. 1. 1. ... 1. 1. 1.],[0. 1. 1. ... 1. 0. 0.]
334,SVC,"{'C': 0.1, 'gamma': 0.0001, 'kernel': 'rbf'}",0.33300703899231265,0.007007950775071028,-0.007714285714285722,0.022226212793622607,0.49614285714285716,0.011113106396811297,0.4219189652145443,-0.006144393241167334,0.4969278033794163,0.4969278033794163,"{0: 0.4942307828438347, 1: 0.49423078284383476}","{0: 0.4942307828438347, 1: 0.49423078284383476}",0.49423078284383476,"[[558  93]
 [562  89]]",[1. 1. 1. ... 0. 0. 0.],[0. 1. 1. ... 1. 0. 0.]
44,AdaBoost,"{'algorithm': 'SAMME.R', 'learning_rate': 1.7326530612244897, 'n_estimators': 52}",0.49165510277306573,0.07249134335264464,-0.007768078767908966,0.14042042838326443,0.4961159606160455,0.0702102141916322,0.5052596052404881,0.010752688172043001,0.5053763440860215,0.5053763440860215,"{0: 0.5139947758499861, 1: 0.5139947758499862}","{0: 0.5139947758499861, 1: 0.5139947758499862}",0.5139947758499862,"[[339 312]
 [332 319]]",[0. 1. 1. ... 0. 0. 1.],[0. 1. 1. ... 1. 0. 0.]
434,SVC,"{'C': 0.1, 'gamma': 0.0001, 'kernel': 'rbf'}",0.35557860380202366,0.06157097744705867,-0.008126436781609195,0.06686541519727937,0.49593678160919535,0.033432707598639685,0.46588778054862845,-0.010752688172043001,0.4946236559139785,0.4946236559139785,"{0: 0.49378127942123773, 1: 0.4937812794212378}","{0: 0.49378127942123773, 1: 0.4937812794212378}",0.4937812794212378,"[[473 178]
 [480 171]]",[0. 0. 0. ... 0. 0. 0.],[0. 1. 1. ... 1. 0. 0.]
469,SVC,"{'C': 1, 'gamma': 0.0001, 'kernel': 'rbf'}",0.34216220758355526,0.04013207041847512,-0.008144061302681993,0.03634712423161422,0.495927969348659,0.01817356211580712,0.4644407366480199,-0.009216589861751112,0.49539170506912444,0.49539170506912444,"{0: 0.48488677468906405, 1: 0.48488677468906394}","{0: 0.48488677468906405, 1: 0.48488677468906394}",0.48488677468906394,"[[479 172]
 [485 166]]",[0. 0. 0. ... 0. 0. 0.],[0. 1. 1. ... 1. 0. 0.]
371,SVC,"{'C': 1, 'gamma': 0.0001, 'kernel': 'rbf'}",0.3635965114783587,0.06200677759070944,-0.008380308064028993,0.033639197794014974,0.4958098459679855,0.016819598897007494,0.47622598559626367,-0.007680491551459223,0.49615975422427033,0.4961597542242704,"{0: 0.4907373979768806, 1: 0.49073739797688054}","{0: 0.4907373979768806, 1: 0.49073739797688054}",0.49073739797688054,"[[450 201]
 [455 196]]",[1. 1. 1. ... 0. 0. 0.],[0. 1. 1. ... 1. 0. 0.]
852,SVC,"{'C': 10, 'gamma': 0.0001, 'kernel': 'rbf'}",0.4246212325261812,0.09626606936674133,-0.009922221787130519,0.15741235843692797,0.49503888910643473,0.07870617921846398,0.4234737302628962,-0.02611367127496167,0.4869431643625192,0.48694316436251917,"{0: 0.4832338762768374, 1: 0.48323387627683745}","{0: 0.4832338762768374, 1: 0.48323387627683745}",0.48323387627683745,"[[533 118]
 [550 101]]",[0. 0. 0. ... 0. 0. 0.],[0. 1. 1. ... 1. 0. 0.]
130,SVC,"{'C': 0.1, 'gamma': 0.01, 'kernel': 'sigmoid'}",0.4501234314112644,0.08806498134118954,-0.01009420987302963,0.13118605480649145,0.4949528950634852,0.06559302740324574,0.48959187837550855,-0.01228878648233489,0.49385560675883255,0.49385560675883255,"{0: 0.4774835359048233, 1: 0.47748353590482323}","{0: 0.4774835359048233, 1: 0.47748353590482323}",0.47748353590482323,"[[262 389]
 [270 381]]",[1. 1. 1. ... 0. 0. 0.],[0. 1. 1. ... 1. 0. 0.]
774,SVC,"{'C': 0.1, 'gamma': 0.1, 'kernel': 'sigmoid'}",0.4612582427789691,0.09638961835293527,-0.010523556217164432,0.181122169108697,0.4947382218914178,0.0905610845543485,0.4883615999313387,0.015360983102918557,0.5076804915514593,0.5076804915514592,"{0: 0.5099303682624627, 1: 0.5099303682624627}","{0: 0.5099303682624627, 1: 0.5099303682624627}",0.5099303682624627,"[[457 194]
 [447 204]]",[0. 1. 1. ... 0. 0. 0.],[0. 1. 1. ... 1. 0. 0.]
328,AdaBoost,"{'algorithm': 'SAMME', 'learning_rate': 2.3857142857142857, 'n_estimators': 30}",0.35082623287317505,0.051297057541514195,-0.011363112772358495,0.06483859719564095,0.49431844361382077,0.03241929859782047,0.3521082092510664,-0.01228878648233489,0.49385560675883255,0.49385560675883255,"{0: 0.5097734549942071, 1: 0.5097734549942071}","{0: 0.5097734549942071, 1: 0.5097734549942071}",0.5097734549942071,"[[ 17 634]
 [ 25 626]]",[1. 1. 1. ... 1. 1. 1.],[0. 1. 1. ... 1. 0. 0.]
571,AdaBoost,"{'algorithm': 'SAMME', 'learning_rate': 1.8142857142857143, 'n_estimators': 85}",0.48908332962919937,0.07498142037669611,-0.012141873252199224,0.14599741792024423,0.49392906337390047,0.07299870896012212,0.500672613990371,0.001536098310291889,0.500768049155146,0.500768049155146,"{0: 0.505704328210646, 1: 0.505704328210646}","{0: 0.505704328210646, 1: 0.505704328210646}",0.505704328210646,"[[335 316]
 [334 317]]",[0. 1. 1. ... 1. 1. 0.],[0. 1. 1. ... 1. 0. 0.]
164,SVC,"{'C': 0.1, 'gamma': 1, 'kernel': 'rbf'}",0.37709661973500297,0.0630536244753934,-0.012319282907518204,0.08981053360615066,0.49384035854624087,0.044905266803075335,0.42202444825711694,-0.01228878648233489,0.49385560675883255,0.49385560675883255,"{0: 0.4873207000455402, 1: 0.4873207000455403}","{0: 0.4873207000455402, 1: 0.4873207000455403}",0.4873207000455403,"[[551 100]
 [559  92]]",[0. 0. 0. ... 0. 0. 0.],[0. 1. 1. ... 1. 0. 0.]
613,SVC,"{'C': 1, 'gamma': 0.0001, 'kernel': 'rbf'}",0.3509579408296704,0.0331617805407706,-0.01246675681766959,0.06824798181232661,0.4937666215911652,0.034123990906163304,0.432855986119144,-0.01228878648233489,0.49385560675883255,0.49385560675883255,"{0: 0.5003468609087756, 1: 0.5003468609087756}","{0: 0.5003468609087756, 1: 0.5003468609087756}",0.5003468609087756,"[[535 116]
 [543 108]]",[0. 0. 0. ... 0. 0. 0.],[0. 1. 1. ... 1. 0. 0.]
673,SVC,"{'C': 1, 'gamma': 0.0001, 'kernel': 'rbf'}",0.34536965045422213,0.039637506039232356,-0.012646464646464644,0.05124716988460447,0.4936767676767677,0.025623584942302238,0.39976845333083016,-0.018433179723502224,0.49078341013824883,0.49078341013824883,"{0: 0.49099695375895763, 1: 0.49099695375895763}","{0: 0.49099695375895763, 1: 0.49099695375895763}",0.49099695375895763,"[[573  78]
 [585  66]]",[0. 0. 0. ... 0. 0. 0.],[0. 1. 1. ... 1. 0. 0.]
488,SVC,"{'C': 1, 'gamma': 0.0001, 'kernel': 'rbf'}",0.3550232635914848,0.046584635375073666,-0.012989126539294005,0.050930173376352535,0.493505436730353,0.025465086688176257,0.4862377711208858,-0.02304147465437789,0.48847926267281105,0.48847926267281105,"{0: 0.47997055221672436, 1: 0.47997055221672447}","{0: 0.47997055221672436, 1: 0.47997055221672447}",0.47997055221672447,"[[361 290]
 [376 275]]",[0. 0. 0. ... 0. 0. 0.],[0. 1. 1. ... 1. 0. 0.]
59,AdaBoost,"{'algorithm': 'SAMME', 'learning_rate': 1.5693877551020408, 'n_estimators': 85}",0.48720928135332897,0.05979731547787096,-0.013521106166863053,0.12095446283672015,0.49323944691656846,0.06047723141836007,0.4963219723408534,-0.004608294930875667,0.4976958525345622,0.49769585253456217,"{0: 0.5103456575137859, 1: 0.5103456575137859}","{0: 0.5103456575137859, 1: 0.5103456575137859}",0.5103456575137859,"[[358 293]
 [361 290]]",[1. 0. 0. ... 0. 1. 0.],[0. 1. 1. ... 1. 0. 0.]
568,SVC,"{'C': 0.1, 'gamma': 0.0001, 'kernel': 'rbf'}",0.3424028420274981,0.025660556536426345,-0.013793103448275864,0.05067909812654852,0.49310344827586206,0.02533954906327426,0.40894715479818117,-0.015360983102918668,0.4923195084485407,0.4923195084485407,"{0: 0.49530086054539757, 1: 0.49530086054539746}","{0: 0.49530086054539757, 1: 0.49530086054539746}",0.49530086054539746,"[[565  86]
 [575  76]]",[0. 0. 0. ... 0. 0. 0.],[0. 1. 1. ... 1. 0. 0.]
826,SVC,"{'C': 1, 'gamma': 0.0001, 'kernel': 'rbf'}",0.37001275967533764,0.07161043595110862,-0.014159969578461018,0.0956728455064121,0.4929200152107695,0.047836422753206057,0.4832562073941384,-0.029185867895545226,0.48540706605222733,0.48540706605222733,"{0: 0.4878893631680907, 1: 0.48788936316809073}","{0: 0.4878893631680907, 1: 0.48788936316809073}",0.48788936316809073,"[[274 377]
 [293 358]]",[1. 1. 1. ... 1. 1. 1.],[0. 1. 1. ... 1. 0. 0.]
227,AdaBoost,"{'algorithm': 'SAMME.R', 'learning_rate': 1.2428571428571429, 'n_estimators': 30}",0.4808708626384519,0.0855345317817179,-0.014704765648206388,0.15879302693193803,0.4926476171758968,0.07939651346596902,0.49270844929310914,-0.010752688172043001,0.4946236559139785,0.4946236559139785,"{0: 0.5013131162975075, 1: 0.5013131162975075}","{0: 0.5013131162975075, 1: 0.5013131162975075}",0.5013131162975075,"[[362 289]
 [369 282]]",[1. 0. 1. ... 0. 1. 0.],[0. 1. 1. ... 1. 0. 0.]
553,SVC,"{'C': 10, 'gamma': 0.0001, 'kernel': 'rbf'}",0.430377294507162,0.10019803849031525,-0.015132172424752253,0.15966305458237953,0.4924339137876239,0.07983152729118977,0.4583699948824105,-0.02764976958525356,0.4861751152073733,0.4861751152073733,"{0: 0.48714137059610524, 1: 0.48714137059610524}","{0: 0.48714137059610524, 1: 0.48714137059610524}",0.48714137059610524,"[[464 187]
 [482 169]]",[0. 0. 0. ... 0. 1. 0.],[0. 1. 1. ... 1. 0. 0.]
185,SVC,"{'C': 1, 'gamma': 0.0001, 'kernel': 'rbf'}",0.34259143003897163,0.029968577271768635,-0.01587119308562774,0.04483994731874459,0.4920644034571861,0.022419973659372285,0.43917900281536654,-0.019969278033794113,0.49001536098310294,0.4900153609831029,"{0: 0.48655147109138486, 1: 0.4865514710913849}","{0: 0.48655147109138486, 1: 0.4865514710913849}",0.4865514710913849,"[[515 136]
 [528 123]]",[0. 0. 0. ... 1. 1. 1.],[0. 1. 1. ... 1. 0. 0.]
269,SVC,"{'C': 1, 'gamma': 0.0001, 'kernel': 'rbf'}",0.36290288705145085,0.05522763575368913,-0.016164502164502173,0.05436838506885127,0.4919177489177489,0.027184192534425635,0.4148584334919739,-0.018433179723502224,0.49078341013824883,0.4907834101382489,"{0: 0.4877501468849767, 1: 0.4877501468849767}","{0: 0.4877501468849767, 1: 0.4877501468849767}",0.4877501468849767,"[[ 85 566]
 [ 97 554]]",[1. 1. 1. ... 1. 1. 1.],[0. 1. 1. ... 1. 0. 0.]
510,SVC,"{'C': 1, 'gamma': 0.0001, 'kernel': 'rbf'}",0.36119778808857494,0.058928225337850665,-0.016420855244384653,0.06931842103693976,0.4917895723778076,0.034659210518469895,0.430258987675127,-0.01228878648233489,0.49385560675883255,0.49385560675883255,"{0: 0.47841203772525315, 1: 0.47841203772525315}","{0: 0.47841203772525315, 1: 0.47841203772525315}",0.47841203772525315,"[[539 112]
 [547 104]]",[0. 0. 0. ... 1. 1. 1.],[0. 1. 1. ... 1. 0. 0.]
111,AdaBoost,"{'algorithm': 'SAMME', 'learning_rate': 2.059183673469388, 'n_estimators': 96}",0.3895445719977325,0.06911644086580014,-0.01662833714510679,0.11514842807434969,0.4916858314274466,0.057574214037174845,0.39127461515916995,-0.029185867895545226,0.48540706605222733,0.4854070660522274,"{0: 0.5020469512813797, 1: 0.5020469512813798}","{0: 0.5020469512813797, 1: 0.5020469512813798}",0.5020469512813798,"[[ 60 591]
 [ 79 572]]",[1. 0. 1. ... 1. 1. 1.],[0. 1. 1. ... 1. 0. 0.]
937,AdaBoost,"{'algorithm': 'SAMME.R', 'learning_rate': 1.2428571428571429, 'n_estimators': 41}",0.48350165362845343,0.07669768766893166,-0.016638158592231896,0.1353355100446766,0.49168092070388403,0.0676677550223383,0.49637849122009264,-0.006144393241167334,0.4969278033794163,0.49692780337941633,"{0: 0.49382139258755886, 1: 0.49382139258755875}","{0: 0.49382139258755886, 1: 0.49382139258755875}",0.49382139258755875,"[[345 306]
 [349 302]]",[0. 0. 1. ... 0. 1. 0.],[0. 1. 1. ... 1. 0. 0.]
929,SVC,"{'C': 1, 'gamma': 0.0001, 'kernel': 'rbf'}",0.3576880098459438,0.05690411583060542,-0.017052145466580113,0.07770308688145112,0.4914739272667099,0.03885154344072556,0.48139149361578265,-0.015360983102918668,0.4923195084485407,0.4923195084485407,"{0: 0.4861621374182694, 1: 0.48616213741826936}","{0: 0.4861621374182694, 1: 0.48616213741826936}",0.48616213741826936,"[[415 236]
 [425 226]]",[1. 1. 1. ... 0. 0. 0.],[0. 1. 1. ... 1. 0. 0.]
223,SVC,"{'C': 10, 'gamma': 0.0001, 'kernel': 'rbf'}",0.4321905668918204,0.09189955523740981,-0.018341765173408173,0.16616986184029006,0.49082911741329593,0.08308493092014503,0.4477106577516413,-0.03533026113671278,0.4823348694316436,0.48233486943164366,"{0: 0.4867779925011976, 1: 0.4867779925011975}","{0: 0.4867779925011976, 1: 0.4867779925011975}",0.4867779925011975,"[[477 174]
 [500 151]]",[0. 0. 1. ... 0. 0. 0.],[0. 1. 1. ... 1. 0. 0.]
692,SVC,"{'C': 1, 'gamma': 0.0001, 'kernel': 'rbf'}",0.37218583602280086,0.08479107942232182,-0.01841396957664706,0.13096071900968753,0.4907930152116765,0.06548035950484377,0.4851337186242846,-0.029185867895545226,0.48540706605222733,0.4854070660522273,"{0: 0.47907744436657773, 1: 0.4790774443665777}","{0: 0.47907744436657773, 1: 0.4790774443665777}",0.4790774443665777,"[[331 320]
 [350 301]]",[1. 1. 1. ... 1. 1. 1.],[0. 1. 1. ... 1. 0. 0.]
546,SVC,"{'C': 1, 'gamma': 0.0001, 'kernel': 'rbf'}",0.3607151075578745,0.055269541572638956,-0.018714285714285715,0.07103114125839911,0.4906428571428571,0.03551557062919956,0.40179960684737326,-0.009216589861751112,0.49539170506912444,0.4953917050691244,"{0: 0.48567606022637977, 1: 0.48567606022637977}","{0: 0.48567606022637977, 1: 0.48567606022637977}",0.48567606022637977,"[[580  71]
 [586  65]]",[0. 0. 0. ... 0. 0. 0.],[0. 1. 1. ... 1. 0. 0.]
119,AdaBoost,"{'algorithm': 'SAMME', 'learning_rate': 1.6510204081632653, 'n_estimators': 74}",0.4816491333059157,0.07058494810576982,-0.018895346761944237,0.14129549318951842,0.49055232661902787,0.0706477465947592,0.49608365566377255,-0.007680491551459223,0.49615975422427033,0.49615975422427033,"{0: 0.5049409982515378, 1: 0.5049409982515378}","{0: 0.5049409982515378, 1: 0.5049409982515378}",0.5049409982515378,"[[331 320]
 [336 315]]",[0. 1. 1. ... 0. 1. 0.],[0. 1. 1. ... 1. 0. 0.]
31,SVC,"{'C': 1, 'gamma': 0.001, 'kernel': 'rbf'}",0.40554050792395857,0.09538795185782295,-0.01891078883097373,0.14033617178232619,0.4905446055845132,0.0701680858911631,0.43332877376674084,-0.021505376344086002,0.489247311827957,0.489247311827957,"{0: 0.48428035799821145, 1: 0.4842803579982115}","{0: 0.48428035799821145, 1: 0.4842803579982115}",0.4842803579982115,"[[523 128]
 [537 114]]",[0. 0. 0. ... 0. 1. 0.],[0. 1. 1. ... 1. 0. 0.]
752,SVC,"{'C': 1, 'gamma': 0.0001, 'kernel': 'rbf'}",0.3660191782594923,0.058107786559187205,-0.019157609916230597,0.07067687587621602,0.4904211950418847,0.035338437938108015,0.4736237260089646,-0.02457757296466978,0.4877112135176651,0.4877112135176651,"{0: 0.48087427825795603, 1: 0.48087427825795587}","{0: 0.48087427825795603, 1: 0.48087427825795587}",0.48087427825795587,"[[424 227]
 [440 211]]",[0. 0. 0. ... 0. 0. 0.],[0. 1. 1. ... 1. 0. 0.]
10,AdaBoost,"{'algorithm': 'SAMME', 'learning_rate': 1.8142857142857143, 'n_estimators': 96}",0.4851868418110776,0.09001199874816712,-0.01948486842562035,0.1761794983526939,0.4902575657871898,0.08808974917634695,0.4992272243550567,-0.001536098310291889,0.49923195084485406,0.49923195084485406,"{0: 0.4994336964754684, 1: 0.4994336964754684}","{0: 0.4994336964754684, 1: 0.4994336964754684}",0.4994336964754684,"[[323 328]
 [324 327]]",[0. 1. 1. ... 1. 1. 0.],[0. 1. 1. ... 1. 0. 0.]
216,SVC,"{'C': 1, 'gamma': 0.0001, 'kernel': 'rbf'}",0.3684155370169244,0.07850733360855153,-0.021930158730158734,0.11308826538238072,0.4890349206349206,0.05654413269119035,0.43862597594292596,-0.02304147465437789,0.48847926267281105,0.48847926267281105,"{0: 0.47855597320440496, 1: 0.478555973204405}","{0: 0.47855597320440496, 1: 0.478555973204405}",0.478555973204405,"[[512 139]
 [527 124]]",[1. 0. 0. ... 1. 0. 1.],[0. 1. 1. ... 1. 0. 0.]
451,SVC,"{'C': 1, 'gamma': 0.0001, 'kernel': 'rbf'}",0.33792118407627464,0.035780484246883765,-0.021974921630094048,0.06401069696672745,0.489012539184953,0.032005348483363734,0.4136154121314324,-0.015360983102918668,0.4923195084485407,0.49231950844854067,"{0: 0.4852702093671322, 1: 0.4852702093671322}","{0: 0.4852702093671322, 1: 0.4852702093671322}",0.4852702093671322,"[[559  92]
 [569  82]]",[0. 0. 0. ... 0. 0. 0.],[0. 1. 1. ... 1. 0. 0.]
873,SVC,"{'C': 10, 'gamma': 0.0001, 'kernel': 'sigmoid'}",0.4035668322111865,0.10410530673593762,-0.022591686032320025,0.16895197959090633,0.48870415698384,0.08447598979545316,0.4510464066760153,-0.03686635944700467,0.4815668202764977,0.48156682027649766,"{0: 0.4659710571707004, 1: 0.46597105717070036}","{0: 0.4659710571707004, 1: 0.46597105717070036}",0.46597105717070036,"[[467 184]
 [491 160]]",[1. 0. 0. ... 0. 0. 0.],[0. 1. 1. ... 1. 0. 0.]
486,AdaBoost,"{'algorithm': 'SAMME.R', 'learning_rate': 0.8346938775510203, 'n_estimators': 85}",0.48103292873262765,0.07306079441240043,-0.023078807549207093,0.14836215419769513,0.4884605962253964,0.07418107709884757,0.4892646448892799,-0.018433179723502224,0.49078341013824883,0.4907834101382489,"{0: 0.4947675913931302, 1: 0.4947675913931303}","{0: 0.4947675913931302, 1: 0.4947675913931303}",0.4947675913931303,"[[355 296]
 [367 284]]",[0. 1. 1. ... 0. 1. 0.],[0. 1. 1. ... 1. 0. 0.]
117,SVC,"{'C': 1, 'gamma': 0.001, 'kernel': 'sigmoid'}",0.4131765809327485,0.0990264027167845,-0.024190716563130366,0.14536154811430974,0.48790464171843484,0.07268077405715487,0.4559245661192048,-0.03379416282642089,0.48310291858678955,0.48310291858678955,"{0: 0.4709710453727104, 1: 0.4709710453727104}","{0: 0.4709710453727104, 1: 0.4709710453727104}",0.4709710453727104,"[[460 191]
 [482 169]]",[1. 0. 0. ... 0. 0. 0.],[0. 1. 1. ... 1. 0. 0.]
551,SVC,"{'C': 100, 'gamma': 0.1, 'kernel': 'sigmoid'}",0.4553755782186027,0.06611386547520127,-0.024651049120825993,0.11682574926089367,0.48767447543958703,0.05841287463044683,0.4683485276520152,-0.016897081413210335,0.4915514592933948,0.4915514592933947,"{0: 0.47824214666789366, 1: 0.47824214666789366}","{0: 0.47824214666789366, 1: 0.47824214666789366}",0.47824214666789366,"[[456 195]
 [467 184]]",[0. 1. 1. ... 0. 0. 0.],[0. 1. 1. ... 1. 0. 0.]
100,SVC,"{'C': 0.1, 'gamma': 1, 'kernel': 'rbf'}",0.35369407936353137,0.05029590580002913,-0.02486291486291487,0.07387835589027703,0.48756854256854254,0.03693917794513851,0.440864311937566,-0.021505376344086002,0.489247311827957,0.489247311827957,"{0: 0.4881194239749317, 1: 0.48811942397493163}","{0: 0.4881194239749317, 1: 0.48811942397493163}",0.48811942397493163,"[[510 141]
 [524 127]]",[0. 0. 0. ... 0. 0. 0.],[0. 1. 1. ... 1. 0. 0.]
142,SVC,"{'C': 0.1, 'gamma': 0.001, 'kernel': 'rbf'}",0.3513811232310484,0.051176043695454726,-0.024914962908066367,0.050795002486487745,0.48754251854596686,0.025397501243243876,0.4867274838869828,-0.02457757296466978,0.4877112135176651,0.4877112135176651,"{0: 0.4812258583627693, 1: 0.4812258583627693}","{0: 0.4812258583627693, 1: 0.4812258583627693}",0.4812258583627693,"[[289 362]
 [305 346]]",[1. 1. 1. ... 0. 0. 0.],[0. 1. 1. ... 1. 0. 0.]
388,SVC,"{'C': 1, 'gamma': 0.0001, 'kernel': 'rbf'}",0.3667707966893498,0.05770902918580543,-0.026007230812910315,0.07179113097932525,0.48699638459354483,0.035895565489662634,0.477753114232706,-0.041474654377880116,0.4792626728110599,0.47926267281105994,"{0: 0.4841116467398614, 1: 0.48411164673986135}","{0: 0.4841116467398614, 1: 0.48411164673986135}",0.48411164673986135,"[[347 304]
 [374 277]]",[0. 0. 0. ... 0. 0. 0.],[0. 1. 1. ... 1. 0. 0.]
126,SVC,"{'C': 1, 'gamma': 0.001, 'kernel': 'rbf'}",0.42086848811346195,0.09851842764088464,-0.027563136234082967,0.18484085063539277,0.48621843188295855,0.09242042531769637,0.47381781499167686,0.006144393241167445,0.5030721966205837,0.5030721966205837,"{0: 0.5055132007711165, 1: 0.5055132007711167}","{0: 0.5055132007711165, 1: 0.5055132007711167}",0.5055132007711167,"[[481 170]
 [477 174]]",[0. 0. 1. ... 0. 1. 1.],[0. 1. 1. ... 1. 0. 0.]
814,SVC,"{'C': 10, 'gamma': 0.0001, 'kernel': 'sigmoid'}",0.41054800277289283,0.07299260252194237,-0.028504449096335503,0.11722697202549538,0.48574777545183223,0.0586134860127477,0.4431085259486623,-0.04608294930875578,0.4769585253456221,0.4769585253456221,"{0: 0.4613143904804377, 1: 0.46131439048043776}","{0: 0.4613143904804377, 1: 0.46131439048043776}",0.46131439048043776,"[[471 180]
 [501 150]]",[0. 0. 0. ... 0. 0. 0.],[0. 1. 1. ... 1. 0. 0.]
476,SVC,"{'C': 10, 'gamma': 0.0001, 'kernel': 'rbf'}",0.40102488002468556,0.08332716502760476,-0.028858327970550247,0.1449767578380874,0.48557083601472484,0.07248837891904367,0.43630969470762754,-0.021505376344086002,0.489247311827957,0.489247311827957,"{0: 0.49056514732150225, 1: 0.49056514732150225}","{0: 0.49056514732150225, 1: 0.49056514732150225}",0.49056514732150225,"[[518 133]
 [532 119]]",[0. 0. 1. ... 0. 0. 0.],[0. 1. 1. ... 1. 0. 0.]
43,SVC,"{'C': 1, 'gamma': 0.0001, 'kernel': 'rbf'}",0.33819519572991175,0.022557190671688758,-0.029038379740610985,0.05288172306725302,0.48548081012969446,0.02644086153362651,0.4707390600282797,-0.03379416282642089,0.48310291858678955,0.48310291858678955,"{0: 0.47943728306445715, 1: 0.4794372830644571}","{0: 0.47943728306445715, 1: 0.4794372830644571}",0.4794372830644571,"[[414 237]
 [436 215]]",[0. 0. 0. ... 0. 0. 0.],[0. 1. 1. ... 1. 0. 0.]
390,SVC,"{'C': 0.1, 'gamma': 0.0001, 'kernel': 'rbf'}",0.34462146038077046,0.029644629186594093,-0.02950888192267503,0.077413194893918,0.4852455590386625,0.03870659744695899,0.48306602095590595,-0.03379416282642089,0.48310291858678955,0.48310291858678955,"{0: 0.49575036396799443, 1: 0.49575036396799443}","{0: 0.49575036396799443, 1: 0.49575036396799443}",0.49575036396799443,"[[320 331]
 [342 309]]",[0. 0. 0. ... 0. 0. 0.],[0. 1. 1. ... 1. 0. 0.]
134,AdaBoost,"{'algorithm': 'SAMME.R', 'learning_rate': 1.079591836734694, 'n_estimators': 63}",0.478787580976963,0.08190032601468972,-0.03337694060378149,0.16151115452938186,0.48331152969810914,0.08075557726469094,0.4866570945716291,-0.02457757296466978,0.4877112135176651,0.4877112135176651,"{0: 0.4909816163718349, 1: 0.4909816163718349}","{0: 0.4909816163718349, 1: 0.4909816163718349}",0.4909816163718349,"[[347 304]
 [363 288]]",[0. 1. 1. ... 0. 1. 1.],[0. 1. 1. ... 1. 0. 0.]
173,randomforest,"{'criterion': 'gini', 'max_features': None, 'n_estimators': 25}",0.4788763981153998,0.06926861223817317,-0.034795904688163744,0.13490593610386994,0.4826020476559181,0.067452968051935,0.4907158141782287,-0.018433179723502224,0.49078341013824883,0.4907834101382489,"{0: 0.49970151085061143, 1: 0.49970151085061154}","{0: 0.49970151085061143, 1: 0.49970151085061154}",0.49970151085061154,"[[312 339]
 [324 327]]",[0. 1. 1. ... 0. 1. 1.],[0. 1. 1. ... 1. 0. 0.]
649,AdaBoost,"{'algorithm': 'SAMME', 'learning_rate': 2.1408163265306124, 'n_estimators': 30}",0.38341339486241915,0.08235844682148116,-0.034939877408522155,0.1365162687818345,0.4825300612957389,0.06825813439091725,0.3951125840121411,-0.01382488479262678,0.4930875576036866,0.49308755760368667,"{0: 0.49675083352800015, 1: 0.4967508335280001}","{0: 0.49675083352800015, 1: 0.4967508335280001}",0.4967508335280001,"[[ 59 592]
 [ 68 583]]",[1. 1. 1. ... 1. 1. 1.],[0. 1. 1. ... 1. 0. 0.]
139,SVC,"{'C': 1, 'gamma': 0.001, 'kernel': 'rbf'}",0.4079278099807512,0.06833588429143679,-0.03792413304218578,0.10282720600727428,0.48103793347890705,0.05141360300363714,0.45462780039882617,-0.03993855606758823,0.48003072196620583,0.48003072196620583,"{0: 0.47741510756227556, 1: 0.47741510756227573}","{0: 0.47741510756227556, 1: 0.47741510756227573}",0.47741510756227573,"[[453 198]
 [479 172]]",[1. 0. 0. ... 0. 0. 0.],[0. 1. 1. ... 1. 0. 0.]
456,SVC,"{'C': 0.1, 'gamma': 0.0001, 'kernel': 'rbf'}",0.3447119049602865,0.0379955418139268,-0.03794813448890528,0.10270748657679703,0.4810259327555474,0.05135374328839852,0.44593132709986644,-0.03993855606758823,0.48003072196620583,0.48003072196620583,"{0: 0.48350994924504664, 1: 0.4835099492450466}","{0: 0.48350994924504664, 1: 0.4835099492450466}",0.4835099492450466,"[[474 177]
 [500 151]]",[0. 0. 0. ... 0. 0. 0.],[0. 1. 1. ... 1. 0. 0.]
881,AdaBoost,"{'algorithm': 'SAMME.R', 'learning_rate': 1.3244897959183672, 'n_estimators': 63}",0.47130756736487905,0.09323363059157956,-0.040874042330714816,0.17110117935326252,0.4795629788346426,0.08555058967663126,0.4890275749125836,-0.021505376344086002,0.489247311827957,0.489247311827957,"{0: 0.5005686631225504, 1: 0.5005686631225504}","{0: 0.5005686631225504, 1: 0.5005686631225504}",0.5005686631225504,"[[332 319]
 [346 305]]",[0. 1. 1. ... 0. 1. 0.],[0. 1. 1. ... 1. 0. 0.]
187,AdaBoost,"{'algorithm': 'SAMME.R', 'learning_rate': 1.3244897959183672, 'n_estimators': 63}",0.47130756736487905,0.09323363059157956,-0.040874042330714816,0.17110117935326252,0.4795629788346426,0.08555058967663126,0.4890275749125836,-0.021505376344086002,0.489247311827957,0.489247311827957,"{0: 0.5005686631225504, 1: 0.5005686631225504}","{0: 0.5005686631225504, 1: 0.5005686631225504}",0.5005686631225504,"[[332 319]
 [346 305]]",[0. 1. 1. ... 0. 1. 0.],[0. 1. 1. ... 1. 0. 0.]
680,SVC,"{'C': 10, 'gamma': 0.0001, 'kernel': 'rbf'}",0.4150646077057385,0.06979099016868359,-0.04354880399821199,0.11683348133919468,0.47822559800089404,0.05841674066959736,0.4347351423812812,-0.05069124423963123,0.47465437788018433,0.47465437788018433,"{0: 0.4492981375692837, 1: 0.4492981375692837}","{0: 0.4492981375692837, 1: 0.4492981375692837}",0.4492981375692837,"[[482 169]
 [515 136]]",[1. 0. 0. ... 0. 0. 0.],[0. 1. 1. ... 1. 0. 0.]
350,AdaBoost,"{'algorithm': 'SAMME.R', 'learning_rate': 1.4877551020408164, 'n_estimators': 41}",0.4731640013393845,0.09843503026747273,-0.043827738536205925,0.1939734689274537,0.47808613073189704,0.09698673446372683,0.49427879257258356,-0.010752688172043001,0.4946236559139785,0.4946236559139785,"{0: 0.5056547766522494, 1: 0.5056547766522494}","{0: 0.5056547766522494, 1: 0.5056547766522494}",0.5056547766522494,"[[339 312]
 [346 305]]",[1. 1. 1. ... 0. 1. 0.],[0. 1. 1. ... 1. 0. 0.]
195,SVC,"{'C': 1, 'gamma': 0.0001, 'kernel': 'rbf'}",0.3565943426369075,0.05514178526275827,-0.04412850381531925,0.10729718046043987,0.47793574809234035,0.053648590230219936,0.46188114466292135,-0.041474654377880116,0.4792626728110599,0.47926267281105994,"{0: 0.47888749672605774, 1: 0.4788874967260577}","{0: 0.47888749672605774, 1: 0.4788874967260577}",0.4788874967260577,"[[429 222]
 [456 195]]",[0. 0. 0. ... 0. 0. 0.],[0. 1. 1. ... 1. 0. 0.]
321,SVC,"{'C': 100, 'gamma': 0.1, 'kernel': 'sigmoid'}",0.4312272119447669,0.08193369659289182,-0.046252435532354405,0.1377116222294864,0.4768737822338228,0.06885581111474322,0.4597995021193568,-0.02304147465437789,0.48847926267281105,0.48847926267281105,"{0: 0.4776203925899184, 1: 0.47762039258991834}","{0: 0.4776203925899184, 1: 0.47762039258991834}",0.47762039258991834,"[[468 183]
 [483 168]]",[0. 0. 0. ... 0. 0. 0.],[0. 1. 1. ... 1. 0. 0.]
894,SVC,"{'C': 10, 'gamma': 0.0001, 'kernel': 'rbf'}",0.40536079484270765,0.07690057995949395,-0.04758316328806447,0.11104989813560333,0.4762084183559678,0.05552494906780166,0.4481645172670612,-0.06298003072196612,0.4685099846390169,0.4685099846390169,"{0: 0.45397958003874456, 1: 0.45397958003874456}","{0: 0.45397958003874456, 1: 0.45397958003874456}",0.45397958003874456,"[[430 221]
 [471 180]]",[0. 0. 0. ... 0. 0. 0.],[0. 1. 1. ... 1. 0. 0.]
969,SVC,"{'C': 1, 'gamma': 0.0001, 'kernel': 'rbf'}",0.3562355520105569,0.04286793504578165,-0.0477023466236448,0.09406040919787004,0.47614882668817754,0.047030204598935026,0.4640448868533572,-0.04761904761904767,0.47619047619047616,0.47619047619047616,"{0: 0.4712801527131838, 1: 0.4712801527131838}","{0: 0.4712801527131838, 1: 0.4712801527131838}",0.4712801527131838,"[[408 243]
 [439 212]]",[0. 0. 0. ... 0. 0. 0.],[0. 1. 1. ... 1. 0. 0.]
620,SVC,"{'C': 10, 'gamma': 0.0001, 'kernel': 'rbf'}",0.39588258597096543,0.08708167435396631,-0.05144836287857185,0.15385298400153247,0.4742758185607141,0.07692649200076623,0.4335768873283073,-0.03533026113671278,0.4823348694316436,0.4823348694316436,"{0: 0.48537403167996307, 1: 0.48537403167996296}","{0: 0.48537403167996307, 1: 0.48537403167996296}",0.48537403167996296,"[[505 146]
 [528 123]]",[0. 0. 0. ... 0. 0. 0.],[0. 1. 1. ... 1. 0. 0.]
778,SVC,"{'C': 10, 'gamma': 0.0001, 'kernel': 'rbf'}",0.38417194299257656,0.06571954342316634,-0.05420083025948398,0.13290523532489698,0.472899584870258,0.06645261766244848,0.4282568573792401,-0.05990783410138256,0.4700460829493088,0.4700460829493087,"{0: 0.4458625628537921, 1: 0.44586256285379217}","{0: 0.4458625628537921, 1: 0.44586256285379217}",0.44586256285379217,"[[482 169]
 [521 130]]",[0. 0. 0. ... 0. 0. 0.],[0. 1. 1. ... 1. 0. 0.]
700,SVC,"{'C': 10, 'gamma': 0.0001, 'kernel': 'sigmoid'}",0.400717763415887,0.07503093260420327,-0.056964616567456335,0.11459097424846922,0.4715176917162719,0.057295487124234615,0.4659736347238746,-0.05069124423963123,0.47465437788018433,0.47465437788018433,"{0: 0.4574824032977742, 1: 0.45748240329777423}","{0: 0.4574824032977742, 1: 0.45748240329777423}",0.45748240329777423,"[[392 259]
 [425 226]]",[0. 0. 0. ... 0. 0. 0.],[0. 1. 1. ... 1. 0. 0.]
199,SVC,"{'C': 10, 'gamma': 0.0001, 'kernel': 'sigmoid'}",0.42050816758465304,0.06572816624951527,-0.0575579513628195,0.10253505681451901,0.47122102431859025,0.051267528407259504,0.46839715314687175,-0.06144393241167445,0.46927803379416283,0.4692780337941628,"{0: 0.454210820644595, 1: 0.454210820644595}","{0: 0.454210820644595, 1: 0.454210820644595}",0.454210820644595,"[[332 319]
 [372 279]]",[1. 0. 0. ... 0. 0. 0.],[0. 1. 1. ... 1. 0. 0.]
358,SVC,"{'C': 10, 'gamma': 0.0001, 'kernel': 'rbf'}",0.4147394465475724,0.06903549882555421,-0.060616883413147395,0.1393668650580326,0.46969155829342635,0.0696834325290163,0.4452444654366884,-0.06144393241167445,0.46927803379416283,0.4692780337941628,"{0: 0.44451995158104857, 1: 0.4445199515810486}","{0: 0.44451995158104857, 1: 0.4445199515810486}",0.4445199515810486,"[[441 210]
 [481 170]]",[1. 0. 0. ... 0. 0. 0.],[0. 1. 1. ... 1. 0. 0.]
935,SVC,"{'C': 10, 'gamma': 0.0001, 'kernel': 'rbf'}",0.3832114391943864,0.06577316895321927,-0.07608291794814744,0.13220439801535766,0.46195854102592626,0.06610219900767882,0.4231653938335297,-0.07219662058371745,0.46390168970814133,0.46390168970814133,"{0: 0.44611975903785034, 1: 0.4461197590378502}","{0: 0.44611975903785034, 1: 0.4461197590378502}",0.4461197590378502,"[[475 176]
 [522 129]]",[0. 0. 0. ... 0. 0. 0.],[0. 1. 1. ... 1. 0. 0.]
341,SVC,"{'C': 10, 'gamma': 0.0001, 'kernel': 'rbf'}",0.3859789264063618,0.07311589817277776,-0.08572406240720784,0.1361139509817699,0.4571379687963961,0.06805697549088495,0.44633581723455235,-0.07987711213517668,0.46006144393241166,0.46006144393241166,"{0: 0.4516884103624107, 1: 0.4516884103624107}","{0: 0.4516884103624107, 1: 0.4516884103624107}",0.4516884103624107,"[[402 249]
 [454 197]]",[0. 0. 0. ... 0. 0. 0.],[0. 1. 1. ... 1. 0. 0.]
